section,row,seat,price_usd,selection_type,scraped_at
100AW,1,10,48.35,standard,2026-07-04T00:44:58Z
100AW,1,42,48.35,standard,2026-07-04T00:44:58Z
100AW,1,7,48.35,standard,2026-07-04T00:44:58Z
100AW,1,17,48.35,standard,2026-07-04T00:44:58Z
100AW,1,18,48.35,standard,2026-07-04T00:44:58Z
100AW,1,20,48.35,standard,2026-07-04T00:44:58Z
100AW,1,21,48.35,standard,2026-07-04T00:44:58Z
100AW,1,4,48.35,standard,2026-07-04T00:44:58Z
101,27,13,62.35,standard,2026-07-04T00:44:58Z
101,27,14,62.35,standard,2026-07-04T00:44:58Z
101,27,15,62.35,standard,2026-07-04T00:44:58Z
101,27,16,62.35,standard,2026-07-04T00:44:58Z
101,27,17,62.35,standard,2026-07-04T00:44:58Z
101,27,18,62.35,standard,2026-07-04T00:44:58Z
101,27,19,62.35,standard,2026-07-04T00:44:58Z
101,27,20,62.35,standard,2026-07-04T00:44:58Z
101,27,21,62.35,standard,2026-07-04T00:44:58Z
101,27,22,62.35,standard,2026-07-04T00:44:58Z
101,23,10,62.35,standard,2026-07-04T00:44:58Z
101,23,15,62.35,standard,2026-07-04T00:44:58Z
101,23,16,62.35,standard,2026-07-04T00:44:58Z
101,23,9,62.35,standard,2026-07-04T00:44:58Z
101,24,10,62.35,standard,2026-07-04T00:44:58Z
101,24,11,62.35,standard,2026-07-04T00:44:58Z
101,24,12,62.35,standard,2026-07-04T00:44:58Z
101,24,13,62.35,standard,2026-07-04T00:44:58Z
101,24,9,62.35,standard,2026-07-04T00:44:58Z
101,26,11,62.35,standard,2026-07-04T00:44:58Z
101,26,12,62.35,standard,2026-07-04T00:44:58Z
101,26,13,62.35,standard,2026-07-04T00:44:58Z
101,26,14,62.35,standard,2026-07-04T00:44:58Z
101,26,15,62.35,standard,2026-07-04T00:44:58Z
101,26,16,62.35,standard,2026-07-04T00:44:58Z
101,26,17,62.35,standard,2026-07-04T00:44:58Z
101,26,18,62.35,standard,2026-07-04T00:44:58Z
101,26,19,62.35,standard,2026-07-04T00:44:58Z
101,26,20,62.35,standard,2026-07-04T00:44:58Z
101,26,21,62.35,standard,2026-07-04T00:44:58Z
101,26,22,62.35,standard,2026-07-04T00:44:58Z
101,28,15,62.35,standard,2026-07-04T00:44:58Z
101,28,16,62.35,standard,2026-07-04T00:44:58Z
101,28,17,62.35,standard,2026-07-04T00:44:58Z
101,28,18,62.35,standard,2026-07-04T00:44:58Z
101,28,19,62.35,standard,2026-07-04T00:44:58Z
101,28,20,62.35,standard,2026-07-04T00:44:58Z
101,28,21,62.35,standard,2026-07-04T00:44:58Z
101,28,22,62.35,standard,2026-07-04T00:44:58Z
101,29,17,62.35,standard,2026-07-04T00:44:58Z
101,29,18,62.35,standard,2026-07-04T00:44:58Z
101,29,19,62.35,standard,2026-07-04T00:44:58Z
101,29,20,62.35,standard,2026-07-04T00:44:58Z
101,29,21,62.35,standard,2026-07-04T00:44:58Z
101,29,22,62.35,standard,2026-07-04T00:44:58Z
101,30,19,62.35,standard,2026-07-04T00:44:58Z
101,30,20,62.35,standard,2026-07-04T00:44:58Z
102,17,10,62.35,standard,2026-07-04T00:44:58Z
102,17,11,62.35,standard,2026-07-04T00:44:58Z
102,17,12,62.35,standard,2026-07-04T00:44:58Z
102,17,3,62.35,standard,2026-07-04T00:44:58Z
102,17,4,62.35,standard,2026-07-04T00:44:58Z
102,17,9,62.35,standard,2026-07-04T00:44:58Z
102,19,10,62.35,standard,2026-07-04T00:44:58Z
102,19,6,62.35,standard,2026-07-04T00:44:58Z
102,19,7,62.35,standard,2026-07-04T00:44:58Z
102,19,8,62.35,standard,2026-07-04T00:44:58Z
102,19,9,62.35,standard,2026-07-04T00:44:58Z
102,20,13,62.35,standard,2026-07-04T00:44:58Z
102,20,14,62.35,standard,2026-07-04T00:44:58Z
102,20,15,62.35,standard,2026-07-04T00:44:58Z
102,20,16,62.35,standard,2026-07-04T00:44:58Z
102,20,3,62.35,standard,2026-07-04T00:44:58Z
102,20,4,62.35,standard,2026-07-04T00:44:58Z
102,20,5,62.35,standard,2026-07-04T00:44:58Z
102,20,6,62.35,standard,2026-07-04T00:44:58Z
102,20,7,62.35,standard,2026-07-04T00:44:58Z
102,20,8,62.35,standard,2026-07-04T00:44:58Z
102,21,11,62.35,standard,2026-07-04T00:44:58Z
102,21,12,62.35,standard,2026-07-04T00:44:58Z
102,21,13,62.35,standard,2026-07-04T00:44:58Z
102,21,14,62.35,standard,2026-07-04T00:44:58Z
102,21,15,62.35,standard,2026-07-04T00:44:58Z
102,21,16,62.35,standard,2026-07-04T00:44:58Z
102,21,3,62.35,standard,2026-07-04T00:44:58Z
102,21,4,62.35,standard,2026-07-04T00:44:58Z
102,21,5,62.35,standard,2026-07-04T00:44:58Z
102,21,6,62.35,standard,2026-07-04T00:44:58Z
102,21,7,62.35,standard,2026-07-04T00:44:58Z
102,21,8,62.35,standard,2026-07-04T00:44:58Z
102,22,10,62.35,standard,2026-07-04T00:44:58Z
102,22,11,62.35,standard,2026-07-04T00:44:58Z
102,22,12,62.35,standard,2026-07-04T00:44:58Z
102,22,13,62.35,standard,2026-07-04T00:44:58Z
102,22,14,62.35,standard,2026-07-04T00:44:58Z
102,22,5,62.35,standard,2026-07-04T00:44:58Z
102,22,6,62.35,standard,2026-07-04T00:44:58Z
102,22,7,62.35,standard,2026-07-04T00:44:58Z
102,22,8,62.35,standard,2026-07-04T00:44:58Z
102,22,9,62.35,standard,2026-07-04T00:44:58Z
102,23,10,62.35,standard,2026-07-04T00:44:58Z
102,23,11,62.35,standard,2026-07-04T00:44:58Z
102,23,12,62.35,standard,2026-07-04T00:44:58Z
102,23,13,62.35,standard,2026-07-04T00:44:58Z
102,23,14,62.35,standard,2026-07-04T00:44:58Z
102,23,15,62.35,standard,2026-07-04T00:44:58Z
102,23,3,62.35,standard,2026-07-04T00:44:58Z
102,23,4,62.35,standard,2026-07-04T00:44:58Z
102,23,6,62.35,standard,2026-07-04T00:44:58Z
102,23,7,62.35,standard,2026-07-04T00:44:58Z
102,23,8,62.35,standard,2026-07-04T00:44:58Z
102,23,9,62.35,standard,2026-07-04T00:44:58Z
102,24,10,62.35,standard,2026-07-04T00:44:58Z
102,24,11,62.35,standard,2026-07-04T00:44:58Z
102,24,12,62.35,standard,2026-07-04T00:44:58Z
102,24,13,62.35,standard,2026-07-04T00:44:58Z
102,24,14,62.35,standard,2026-07-04T00:44:58Z
102,24,15,62.35,standard,2026-07-04T00:44:58Z
102,24,5,62.35,standard,2026-07-04T00:44:58Z
102,24,6,62.35,standard,2026-07-04T00:44:58Z
102,24,7,62.35,standard,2026-07-04T00:44:58Z
102,24,8,62.35,standard,2026-07-04T00:44:58Z
102,24,9,62.35,standard,2026-07-04T00:44:58Z
102,25,10,62.35,standard,2026-07-04T00:44:58Z
102,25,11,62.35,standard,2026-07-04T00:44:58Z
102,25,12,62.35,standard,2026-07-04T00:44:58Z
102,25,13,62.35,standard,2026-07-04T00:44:58Z
102,25,14,62.35,standard,2026-07-04T00:44:58Z
102,25,15,62.35,standard,2026-07-04T00:44:58Z
102,25,16,62.35,standard,2026-07-04T00:44:58Z
102,25,17,62.35,standard,2026-07-04T00:44:58Z
102,25,18,62.35,standard,2026-07-04T00:44:58Z
102,25,5,62.35,standard,2026-07-04T00:44:58Z
102,25,6,62.35,standard,2026-07-04T00:44:58Z
102,25,7,62.35,standard,2026-07-04T00:44:58Z
102,25,8,62.35,standard,2026-07-04T00:44:58Z
102,25,9,62.35,standard,2026-07-04T00:44:58Z
102,28,10,62.35,standard,2026-07-04T00:44:58Z
102,28,11,62.35,standard,2026-07-04T00:44:58Z
102,28,12,62.35,standard,2026-07-04T00:44:58Z
102,28,13,62.35,standard,2026-07-04T00:44:58Z
102,28,14,62.35,standard,2026-07-04T00:44:58Z
102,28,15,62.35,standard,2026-07-04T00:44:58Z
102,28,16,62.35,standard,2026-07-04T00:44:58Z
102,28,2,62.35,standard,2026-07-04T00:44:58Z
102,28,3,62.35,standard,2026-07-04T00:44:58Z
102,28,4,62.35,standard,2026-07-04T00:44:58Z
102,28,5,62.35,standard,2026-07-04T00:44:58Z
102,28,6,62.35,standard,2026-07-04T00:44:58Z
102,28,7,62.35,standard,2026-07-04T00:44:58Z
102,28,8,62.35,standard,2026-07-04T00:44:58Z
102,28,9,62.35,standard,2026-07-04T00:44:58Z
102,29,10,62.35,standard,2026-07-04T00:44:58Z
102,29,11,62.35,standard,2026-07-04T00:44:58Z
102,29,12,62.35,standard,2026-07-04T00:44:58Z
102,29,13,62.35,standard,2026-07-04T00:44:58Z
102,29,14,62.35,standard,2026-07-04T00:44:58Z
102,29,15,62.35,standard,2026-07-04T00:44:58Z
102,29,7,62.35,standard,2026-07-04T00:44:58Z
102,29,8,62.35,standard,2026-07-04T00:44:58Z
102,29,9,62.35,standard,2026-07-04T00:44:58Z
102,37,10,62.35,standard,2026-07-04T00:44:58Z
102,37,11,62.35,standard,2026-07-04T00:44:58Z
102,37,12,62.35,standard,2026-07-04T00:44:58Z
102,37,13,62.35,standard,2026-07-04T00:44:58Z
102,37,14,62.35,standard,2026-07-04T00:44:58Z
102,37,15,62.35,standard,2026-07-04T00:44:58Z
102,37,16,62.35,standard,2026-07-04T00:44:58Z
102,37,17,62.35,standard,2026-07-04T00:44:58Z
102,37,18,62.35,standard,2026-07-04T00:44:58Z
102,37,19,62.35,standard,2026-07-04T00:44:58Z
102,37,20,62.35,standard,2026-07-04T00:44:58Z
102,37,9,62.35,standard,2026-07-04T00:44:58Z
102,36,10,62.35,standard,2026-07-04T00:44:58Z
102,36,11,62.35,standard,2026-07-04T00:44:58Z
102,36,12,62.35,standard,2026-07-04T00:44:58Z
102,36,13,62.35,standard,2026-07-04T00:44:58Z
102,36,14,62.35,standard,2026-07-04T00:44:58Z
102,36,15,62.35,standard,2026-07-04T00:44:58Z
102,36,16,62.35,standard,2026-07-04T00:44:58Z
102,36,17,62.35,standard,2026-07-04T00:44:58Z
102,36,18,62.35,standard,2026-07-04T00:44:58Z
102,36,19,62.35,standard,2026-07-04T00:44:58Z
102,36,20,62.35,standard,2026-07-04T00:44:58Z
102,36,7,62.35,standard,2026-07-04T00:44:58Z
102,36,8,62.35,standard,2026-07-04T00:44:58Z
102,36,9,62.35,standard,2026-07-04T00:44:58Z
102,38,11,62.35,standard,2026-07-04T00:44:58Z
102,38,12,62.35,standard,2026-07-04T00:44:58Z
102,38,13,62.35,standard,2026-07-04T00:44:58Z
102,38,14,62.35,standard,2026-07-04T00:44:58Z
102,38,15,62.35,standard,2026-07-04T00:44:58Z
102,38,16,62.35,standard,2026-07-04T00:44:58Z
102,38,17,62.35,standard,2026-07-04T00:44:58Z
102,38,18,62.35,standard,2026-07-04T00:44:58Z
102,38,19,62.35,standard,2026-07-04T00:44:58Z
102,38,20,62.35,standard,2026-07-04T00:44:58Z
102,39,13,62.35,standard,2026-07-04T00:44:58Z
102,39,14,62.35,standard,2026-07-04T00:44:58Z
102,39,15,62.35,standard,2026-07-04T00:44:58Z
102,39,16,62.35,standard,2026-07-04T00:44:58Z
102,39,17,62.35,standard,2026-07-04T00:44:58Z
102,39,18,62.35,standard,2026-07-04T00:44:58Z
102,39,19,62.35,standard,2026-07-04T00:44:58Z
102,39,20,62.35,standard,2026-07-04T00:44:58Z
103,17,7,62.35,standard,2026-07-04T00:44:58Z
103,17,8,62.35,standard,2026-07-04T00:44:58Z
103,18,10,62.35,standard,2026-07-04T00:44:58Z
103,18,11,62.35,standard,2026-07-04T00:44:58Z
103,18,12,62.35,standard,2026-07-04T00:44:58Z
103,18,19,62.35,standard,2026-07-04T00:44:58Z
103,18,20,62.35,standard,2026-07-04T00:44:58Z
103,18,7,62.35,standard,2026-07-04T00:44:58Z
103,18,8,62.35,standard,2026-07-04T00:44:58Z
103,18,9,62.35,standard,2026-07-04T00:44:58Z
103,19,10,62.35,standard,2026-07-04T00:44:58Z
103,19,11,62.35,standard,2026-07-04T00:44:58Z
103,19,12,62.35,standard,2026-07-04T00:44:58Z
103,19,13,62.35,standard,2026-07-04T00:44:58Z
103,19,14,62.35,standard,2026-07-04T00:44:58Z
103,19,7,62.35,standard,2026-07-04T00:44:58Z
103,19,8,62.35,standard,2026-07-04T00:44:58Z
103,19,9,62.35,standard,2026-07-04T00:44:58Z
103,27,10,62.35,standard,2026-07-04T00:44:58Z
103,27,11,62.35,standard,2026-07-04T00:44:58Z
103,27,12,62.35,standard,2026-07-04T00:44:58Z
103,27,13,62.35,standard,2026-07-04T00:44:58Z
103,27,14,62.35,standard,2026-07-04T00:44:58Z
103,27,15,62.35,standard,2026-07-04T00:44:58Z
103,27,16,62.35,standard,2026-07-04T00:44:58Z
103,27,17,62.35,standard,2026-07-04T00:44:58Z
103,27,18,62.35,standard,2026-07-04T00:44:58Z
103,27,19,62.35,standard,2026-07-04T00:44:58Z
103,27,20,62.35,standard,2026-07-04T00:44:58Z
103,27,21,62.35,standard,2026-07-04T00:44:58Z
103,27,22,62.35,standard,2026-07-04T00:44:58Z
103,27,6,62.35,standard,2026-07-04T00:44:58Z
103,27,7,62.35,standard,2026-07-04T00:44:58Z
103,27,8,62.35,standard,2026-07-04T00:44:58Z
103,27,9,62.35,standard,2026-07-04T00:44:58Z
103,22,10,62.35,standard,2026-07-04T00:44:58Z
103,22,6,62.35,standard,2026-07-04T00:44:58Z
103,22,7,62.35,standard,2026-07-04T00:44:58Z
103,22,8,62.35,standard,2026-07-04T00:44:58Z
103,22,9,62.35,standard,2026-07-04T00:44:58Z
103,23,10,62.35,standard,2026-07-04T00:44:58Z
103,23,11,62.35,standard,2026-07-04T00:44:58Z
103,23,12,62.35,standard,2026-07-04T00:44:58Z
103,23,13,62.35,standard,2026-07-04T00:44:58Z
103,23,14,62.35,standard,2026-07-04T00:44:58Z
103,23,15,62.35,standard,2026-07-04T00:44:58Z
103,23,16,62.35,standard,2026-07-04T00:44:58Z
103,23,4,62.35,standard,2026-07-04T00:44:58Z
103,23,5,62.35,standard,2026-07-04T00:44:58Z
103,23,6,62.35,standard,2026-07-04T00:44:58Z
103,23,7,62.35,standard,2026-07-04T00:44:58Z
103,23,8,62.35,standard,2026-07-04T00:44:58Z
103,23,9,62.35,standard,2026-07-04T00:44:58Z
103,26,10,62.35,standard,2026-07-04T00:44:58Z
103,26,11,62.35,standard,2026-07-04T00:44:58Z
103,26,12,62.35,standard,2026-07-04T00:44:58Z
103,26,13,62.35,standard,2026-07-04T00:44:58Z
103,26,14,62.35,standard,2026-07-04T00:44:58Z
103,26,15,62.35,standard,2026-07-04T00:44:58Z
103,26,16,62.35,standard,2026-07-04T00:44:58Z
103,26,3,62.35,standard,2026-07-04T00:44:58Z
103,26,4,62.35,standard,2026-07-04T00:44:58Z
103,26,5,62.35,standard,2026-07-04T00:44:58Z
103,26,6,62.35,standard,2026-07-04T00:44:58Z
103,26,7,62.35,standard,2026-07-04T00:44:58Z
103,26,8,62.35,standard,2026-07-04T00:44:58Z
103,26,9,62.35,standard,2026-07-04T00:44:58Z
103,28,10,62.35,standard,2026-07-04T00:44:58Z
103,28,11,62.35,standard,2026-07-04T00:44:58Z
103,28,12,62.35,standard,2026-07-04T00:44:58Z
103,28,13,62.35,standard,2026-07-04T00:44:58Z
103,28,14,62.35,standard,2026-07-04T00:44:58Z
103,28,15,62.35,standard,2026-07-04T00:44:58Z
103,28,16,62.35,standard,2026-07-04T00:44:58Z
103,28,17,62.35,standard,2026-07-04T00:44:58Z
103,28,18,62.35,standard,2026-07-04T00:44:58Z
103,28,19,62.35,standard,2026-07-04T00:44:58Z
103,28,20,62.35,standard,2026-07-04T00:44:58Z
103,28,21,62.35,standard,2026-07-04T00:44:58Z
103,28,3,62.35,standard,2026-07-04T00:44:58Z
103,28,5,62.35,standard,2026-07-04T00:44:58Z
103,28,6,62.35,standard,2026-07-04T00:44:58Z
103,28,7,62.35,standard,2026-07-04T00:44:58Z
103,28,8,62.35,standard,2026-07-04T00:44:58Z
103,28,9,62.35,standard,2026-07-04T00:44:58Z
103,29,10,62.35,standard,2026-07-04T00:44:58Z
103,29,11,62.35,standard,2026-07-04T00:44:58Z
103,29,12,62.35,standard,2026-07-04T00:44:58Z
103,29,13,62.35,standard,2026-07-04T00:44:58Z
103,29,14,62.35,standard,2026-07-04T00:44:58Z
103,29,15,62.35,standard,2026-07-04T00:44:58Z
103,29,16,62.35,standard,2026-07-04T00:44:58Z
103,29,17,62.35,standard,2026-07-04T00:44:58Z
103,29,18,62.35,standard,2026-07-04T00:44:58Z
103,29,19,62.35,standard,2026-07-04T00:44:58Z
103,29,20,62.35,standard,2026-07-04T00:44:58Z
103,29,3,62.35,standard,2026-07-04T00:44:58Z
103,29,5,62.35,standard,2026-07-04T00:44:58Z
103,29,6,62.35,standard,2026-07-04T00:44:58Z
103,29,7,62.35,standard,2026-07-04T00:44:58Z
103,29,8,62.35,standard,2026-07-04T00:44:58Z
103,29,9,62.35,standard,2026-07-04T00:44:58Z
103,37,10,62.35,standard,2026-07-04T00:44:58Z
103,37,11,62.35,standard,2026-07-04T00:44:58Z
103,37,12,62.35,standard,2026-07-04T00:44:58Z
103,37,13,62.35,standard,2026-07-04T00:44:58Z
103,37,14,62.35,standard,2026-07-04T00:44:58Z
103,37,15,62.35,standard,2026-07-04T00:44:58Z
103,37,16,62.35,standard,2026-07-04T00:44:58Z
103,37,17,62.35,standard,2026-07-04T00:44:58Z
103,37,18,62.35,standard,2026-07-04T00:44:58Z
103,37,19,62.35,standard,2026-07-04T00:44:58Z
103,37,20,62.35,standard,2026-07-04T00:44:58Z
103,37,21,62.35,standard,2026-07-04T00:44:58Z
103,37,22,62.35,standard,2026-07-04T00:44:58Z
103,37,3,62.35,standard,2026-07-04T00:44:58Z
103,37,4,62.35,standard,2026-07-04T00:44:58Z
103,37,5,62.35,standard,2026-07-04T00:44:58Z
103,37,6,62.35,standard,2026-07-04T00:44:58Z
103,37,7,62.35,standard,2026-07-04T00:44:58Z
103,37,8,62.35,standard,2026-07-04T00:44:58Z
103,37,9,62.35,standard,2026-07-04T00:44:58Z
103,36,10,62.35,standard,2026-07-04T00:44:58Z
103,36,11,62.35,standard,2026-07-04T00:44:58Z
103,36,12,62.35,standard,2026-07-04T00:44:58Z
103,36,13,62.35,standard,2026-07-04T00:44:58Z
103,36,14,62.35,standard,2026-07-04T00:44:58Z
103,36,15,62.35,standard,2026-07-04T00:44:58Z
103,36,16,62.35,standard,2026-07-04T00:44:58Z
103,36,17,62.35,standard,2026-07-04T00:44:58Z
103,36,18,62.35,standard,2026-07-04T00:44:58Z
103,36,19,62.35,standard,2026-07-04T00:44:58Z
103,36,20,62.35,standard,2026-07-04T00:44:58Z
103,36,3,62.35,standard,2026-07-04T00:44:58Z
103,36,4,62.35,standard,2026-07-04T00:44:58Z
103,36,5,62.35,standard,2026-07-04T00:44:58Z
103,36,6,62.35,standard,2026-07-04T00:44:58Z
103,36,7,62.35,standard,2026-07-04T00:44:58Z
103,36,8,62.35,standard,2026-07-04T00:44:58Z
103,36,9,62.35,standard,2026-07-04T00:44:58Z
103,38,10,62.35,standard,2026-07-04T00:44:58Z
103,38,11,62.35,standard,2026-07-04T00:44:58Z
103,38,12,62.35,standard,2026-07-04T00:44:58Z
103,38,13,62.35,standard,2026-07-04T00:44:58Z
103,38,14,62.35,standard,2026-07-04T00:44:58Z
103,38,15,62.35,standard,2026-07-04T00:44:58Z
103,38,16,62.35,standard,2026-07-04T00:44:58Z
103,38,17,62.35,standard,2026-07-04T00:44:58Z
103,38,18,62.35,standard,2026-07-04T00:44:58Z
103,38,19,62.35,standard,2026-07-04T00:44:58Z
103,38,20,62.35,standard,2026-07-04T00:44:58Z
103,38,21,62.35,standard,2026-07-04T00:44:58Z
103,38,22,62.35,standard,2026-07-04T00:44:58Z
103,38,3,62.35,standard,2026-07-04T00:44:58Z
103,38,4,62.35,standard,2026-07-04T00:44:58Z
103,38,5,62.35,standard,2026-07-04T00:44:58Z
103,38,6,62.35,standard,2026-07-04T00:44:58Z
103,38,7,62.35,standard,2026-07-04T00:44:58Z
103,38,8,62.35,standard,2026-07-04T00:44:58Z
103,38,9,62.35,standard,2026-07-04T00:44:58Z
103,39,10,62.35,standard,2026-07-04T00:44:58Z
103,39,11,62.35,standard,2026-07-04T00:44:58Z
103,39,12,62.35,standard,2026-07-04T00:44:58Z
103,39,13,62.35,standard,2026-07-04T00:44:58Z
103,39,14,62.35,standard,2026-07-04T00:44:58Z
103,39,15,62.35,standard,2026-07-04T00:44:58Z
103,39,16,62.35,standard,2026-07-04T00:44:58Z
103,39,17,62.35,standard,2026-07-04T00:44:58Z
103,39,18,62.35,standard,2026-07-04T00:44:58Z
103,39,19,62.35,standard,2026-07-04T00:44:58Z
103,39,20,62.35,standard,2026-07-04T00:44:58Z
103,39,21,62.35,standard,2026-07-04T00:44:58Z
103,39,22,62.35,standard,2026-07-04T00:44:58Z
103,39,4,62.35,standard,2026-07-04T00:44:58Z
103,39,5,62.35,standard,2026-07-04T00:44:58Z
103,39,6,62.35,standard,2026-07-04T00:44:58Z
103,39,7,62.35,standard,2026-07-04T00:44:58Z
103,39,8,62.35,standard,2026-07-04T00:44:58Z
103,39,9,62.35,standard,2026-07-04T00:44:58Z
103W,40,10,62.35,standard,2026-07-04T00:44:58Z
103W,40,11,62.35,standard,2026-07-04T00:44:58Z
103W,40,12,62.35,standard,2026-07-04T00:44:58Z
103W,40,3,62.35,standard,2026-07-04T00:44:58Z
103W,40,4,62.35,standard,2026-07-04T00:44:58Z
103W,40,5,62.35,standard,2026-07-04T00:44:58Z
103W,40,6,62.35,standard,2026-07-04T00:44:58Z
103W,40,7,62.35,standard,2026-07-04T00:44:58Z
103W,40,8,62.35,standard,2026-07-04T00:44:58Z
103W,40,9,62.35,standard,2026-07-04T00:44:58Z
104,17,15,62.35,standard,2026-07-04T00:44:58Z
104,17,3,62.35,standard,2026-07-04T00:44:58Z
104,17,4,62.35,standard,2026-07-04T00:44:58Z
104,17,5,62.35,standard,2026-07-04T00:44:58Z
104,17,6,62.35,standard,2026-07-04T00:44:58Z
104,17,7,62.35,standard,2026-07-04T00:44:58Z
104,17,8,62.35,standard,2026-07-04T00:44:58Z
104,17,9,62.35,standard,2026-07-04T00:44:58Z
104,18,10,62.35,standard,2026-07-04T00:44:58Z
104,18,11,62.35,standard,2026-07-04T00:44:58Z
104,18,12,62.35,standard,2026-07-04T00:44:58Z
104,18,13,62.35,standard,2026-07-04T00:44:58Z
104,18,14,62.35,standard,2026-07-04T00:44:58Z
104,18,15,62.35,standard,2026-07-04T00:44:58Z
104,18,16,62.35,standard,2026-07-04T00:44:58Z
104,18,17,62.35,standard,2026-07-04T00:44:58Z
104,18,18,62.35,standard,2026-07-04T00:44:58Z
104,18,9,62.35,standard,2026-07-04T00:44:58Z
104,19,10,62.35,standard,2026-07-04T00:44:58Z
104,19,11,62.35,standard,2026-07-04T00:44:58Z
104,19,2,62.35,standard,2026-07-04T00:44:58Z
104,19,3,62.35,standard,2026-07-04T00:44:58Z
104,19,8,62.35,standard,2026-07-04T00:44:58Z
104,19,9,62.35,standard,2026-07-04T00:44:58Z
104,27,10,62.35,standard,2026-07-04T00:44:58Z
104,27,11,62.35,standard,2026-07-04T00:44:58Z
104,27,12,62.35,standard,2026-07-04T00:44:58Z
104,27,13,62.35,standard,2026-07-04T00:44:58Z
104,27,14,62.35,standard,2026-07-04T00:44:58Z
104,27,15,62.35,standard,2026-07-04T00:44:58Z
104,27,16,62.35,standard,2026-07-04T00:44:58Z
104,27,17,62.35,standard,2026-07-04T00:44:58Z
104,27,18,62.35,standard,2026-07-04T00:44:58Z
104,27,19,62.35,standard,2026-07-04T00:44:58Z
104,27,20,62.35,standard,2026-07-04T00:44:58Z
104,27,21,62.35,standard,2026-07-04T00:44:58Z
104,27,22,62.35,standard,2026-07-04T00:44:58Z
104,27,6,62.35,standard,2026-07-04T00:44:58Z
104,27,7,62.35,standard,2026-07-04T00:44:58Z
104,27,8,62.35,standard,2026-07-04T00:44:58Z
104,27,9,62.35,standard,2026-07-04T00:44:58Z
104,20,14,62.35,standard,2026-07-04T00:44:58Z
104,20,15,62.35,standard,2026-07-04T00:44:58Z
104,20,16,62.35,standard,2026-07-04T00:44:58Z
104,20,17,62.35,standard,2026-07-04T00:44:58Z
104,20,18,62.35,standard,2026-07-04T00:44:58Z
104,22,11,62.35,standard,2026-07-04T00:44:58Z
104,22,12,62.35,standard,2026-07-04T00:44:58Z
104,22,13,62.35,standard,2026-07-04T00:44:58Z
104,22,14,62.35,standard,2026-07-04T00:44:58Z
104,22,15,62.35,standard,2026-07-04T00:44:58Z
104,22,16,62.35,standard,2026-07-04T00:44:58Z
104,22,17,62.35,standard,2026-07-04T00:44:58Z
104,22,18,62.35,standard,2026-07-04T00:44:58Z
104,24,15,62.35,standard,2026-07-04T00:44:58Z
104,24,16,62.35,standard,2026-07-04T00:44:58Z
104,24,17,62.35,standard,2026-07-04T00:44:58Z
104,24,18,62.35,standard,2026-07-04T00:44:58Z
104,24,19,62.35,standard,2026-07-04T00:44:58Z
104,24,20,62.35,standard,2026-07-04T00:44:58Z
104,24,21,62.35,standard,2026-07-04T00:44:58Z
104,24,22,62.35,standard,2026-07-04T00:44:58Z
104,25,11,62.35,standard,2026-07-04T00:44:58Z
104,25,12,62.35,standard,2026-07-04T00:44:58Z
104,25,13,62.35,standard,2026-07-04T00:44:58Z
104,25,14,62.35,standard,2026-07-04T00:44:58Z
104,25,15,62.35,standard,2026-07-04T00:44:58Z
104,25,16,62.35,standard,2026-07-04T00:44:58Z
104,25,17,62.35,standard,2026-07-04T00:44:58Z
104,25,18,62.35,standard,2026-07-04T00:44:58Z
104,25,19,62.35,standard,2026-07-04T00:44:58Z
104,25,20,62.35,standard,2026-07-04T00:44:58Z
104,25,21,62.35,standard,2026-07-04T00:44:58Z
104,25,22,62.35,standard,2026-07-04T00:44:58Z
104,26,11,62.35,standard,2026-07-04T00:44:58Z
104,26,12,62.35,standard,2026-07-04T00:44:58Z
104,26,13,62.35,standard,2026-07-04T00:44:58Z
104,26,14,62.35,standard,2026-07-04T00:44:58Z
104,26,15,62.35,standard,2026-07-04T00:44:58Z
104,26,16,62.35,standard,2026-07-04T00:44:58Z
104,26,17,62.35,standard,2026-07-04T00:44:58Z
104,26,18,62.35,standard,2026-07-04T00:44:58Z
104,26,19,62.35,standard,2026-07-04T00:44:58Z
104,26,20,62.35,standard,2026-07-04T00:44:58Z
104,26,21,62.35,standard,2026-07-04T00:44:58Z
104,26,22,62.35,standard,2026-07-04T00:44:58Z
104,28,10,62.35,standard,2026-07-04T00:44:58Z
104,28,11,62.35,standard,2026-07-04T00:44:58Z
104,28,12,62.35,standard,2026-07-04T00:44:58Z
104,28,13,62.35,standard,2026-07-04T00:44:58Z
104,28,14,62.35,standard,2026-07-04T00:44:58Z
104,28,15,62.35,standard,2026-07-04T00:44:58Z
104,28,16,62.35,standard,2026-07-04T00:44:58Z
104,28,17,62.35,standard,2026-07-04T00:44:58Z
104,28,18,62.35,standard,2026-07-04T00:44:58Z
104,28,19,62.35,standard,2026-07-04T00:44:58Z
104,28,20,62.35,standard,2026-07-04T00:44:58Z
104,28,21,62.35,standard,2026-07-04T00:44:58Z
104,28,22,62.35,standard,2026-07-04T00:44:58Z
104,28,5,62.35,standard,2026-07-04T00:44:58Z
104,28,6,62.35,standard,2026-07-04T00:44:58Z
104,28,7,62.35,standard,2026-07-04T00:44:58Z
104,28,8,62.35,standard,2026-07-04T00:44:58Z
104,28,9,62.35,standard,2026-07-04T00:44:58Z
104,29,10,62.35,standard,2026-07-04T00:44:58Z
104,29,11,62.35,standard,2026-07-04T00:44:58Z
104,29,12,62.35,standard,2026-07-04T00:44:58Z
104,29,13,62.35,standard,2026-07-04T00:44:58Z
104,29,14,62.35,standard,2026-07-04T00:44:58Z
104,29,15,62.35,standard,2026-07-04T00:44:58Z
104,29,16,62.35,standard,2026-07-04T00:44:58Z
104,29,17,62.35,standard,2026-07-04T00:44:58Z
104,29,18,62.35,standard,2026-07-04T00:44:58Z
104,29,19,62.35,standard,2026-07-04T00:44:58Z
104,29,20,62.35,standard,2026-07-04T00:44:58Z
104,29,21,62.35,standard,2026-07-04T00:44:58Z
104,29,3,62.35,standard,2026-07-04T00:44:58Z
104,29,4,62.35,standard,2026-07-04T00:44:58Z
104,29,5,62.35,standard,2026-07-04T00:44:58Z
104,29,6,62.35,standard,2026-07-04T00:44:58Z
104,29,7,62.35,standard,2026-07-04T00:44:58Z
104,29,8,62.35,standard,2026-07-04T00:44:58Z
104,29,9,62.35,standard,2026-07-04T00:44:58Z
104,37,10,62.35,standard,2026-07-04T00:44:58Z
104,37,11,62.35,standard,2026-07-04T00:44:58Z
104,37,12,62.35,standard,2026-07-04T00:44:58Z
104,37,13,62.35,standard,2026-07-04T00:44:58Z
104,37,14,62.35,standard,2026-07-04T00:44:58Z
104,37,15,62.35,standard,2026-07-04T00:44:58Z
104,37,16,62.35,standard,2026-07-04T00:44:58Z
104,37,17,62.35,standard,2026-07-04T00:44:58Z
104,37,18,62.35,standard,2026-07-04T00:44:58Z
104,37,19,62.35,standard,2026-07-04T00:44:58Z
104,37,20,62.35,standard,2026-07-04T00:44:58Z
104,37,21,62.35,standard,2026-07-04T00:44:58Z
104,37,22,62.35,standard,2026-07-04T00:44:58Z
104,37,3,62.35,standard,2026-07-04T00:44:58Z
104,37,4,62.35,standard,2026-07-04T00:44:58Z
104,37,5,62.35,standard,2026-07-04T00:44:58Z
104,37,6,62.35,standard,2026-07-04T00:44:58Z
104,37,7,62.35,standard,2026-07-04T00:44:58Z
104,37,8,62.35,standard,2026-07-04T00:44:58Z
104,37,9,62.35,standard,2026-07-04T00:44:58Z
104,36,10,62.35,standard,2026-07-04T00:44:58Z
104,36,11,62.35,standard,2026-07-04T00:44:58Z
104,36,12,62.35,standard,2026-07-04T00:44:58Z
104,36,13,62.35,standard,2026-07-04T00:44:58Z
104,36,14,62.35,standard,2026-07-04T00:44:58Z
104,36,15,62.35,standard,2026-07-04T00:44:58Z
104,36,16,62.35,standard,2026-07-04T00:44:58Z
104,36,17,62.35,standard,2026-07-04T00:44:58Z
104,36,18,62.35,standard,2026-07-04T00:44:58Z
104,36,19,62.35,standard,2026-07-04T00:44:58Z
104,36,20,62.35,standard,2026-07-04T00:44:58Z
104,36,21,62.35,standard,2026-07-04T00:44:58Z
104,36,22,62.35,standard,2026-07-04T00:44:58Z
104,36,3,62.35,standard,2026-07-04T00:44:58Z
104,36,4,62.35,standard,2026-07-04T00:44:58Z
104,36,5,62.35,standard,2026-07-04T00:44:58Z
104,36,6,62.35,standard,2026-07-04T00:44:58Z
104,36,7,62.35,standard,2026-07-04T00:44:58Z
104,36,8,62.35,standard,2026-07-04T00:44:58Z
104,36,9,62.35,standard,2026-07-04T00:44:58Z
105,19,1,62.35,standard,2026-07-04T00:44:58Z
105,19,2,62.35,standard,2026-07-04T00:44:58Z
105,19,3,62.35,standard,2026-07-04T00:44:58Z
105,19,4,62.35,standard,2026-07-04T00:44:58Z
105,19,5,62.35,standard,2026-07-04T00:44:58Z
105,19,6,62.35,standard,2026-07-04T00:44:58Z
105,19,7,62.35,standard,2026-07-04T00:44:58Z
105,19,8,62.35,standard,2026-07-04T00:44:58Z
105,20,10,62.35,standard,2026-07-04T00:44:58Z
105,20,11,62.35,standard,2026-07-04T00:44:58Z
105,20,12,62.35,standard,2026-07-04T00:44:58Z
105,20,3,62.35,standard,2026-07-04T00:44:58Z
105,20,4,62.35,standard,2026-07-04T00:44:58Z
105,20,5,62.35,standard,2026-07-04T00:44:58Z
105,20,6,62.35,standard,2026-07-04T00:44:58Z
105,20,7,62.35,standard,2026-07-04T00:44:58Z
105,20,8,62.35,standard,2026-07-04T00:44:58Z
105,20,9,62.35,standard,2026-07-04T00:44:58Z
105,21,4,62.35,standard,2026-07-04T00:44:58Z
105,21,5,62.35,standard,2026-07-04T00:44:58Z
105,21,6,62.35,standard,2026-07-04T00:44:58Z
105,21,7,62.35,standard,2026-07-04T00:44:58Z
105,21,8,62.35,standard,2026-07-04T00:44:58Z
105,24,10,62.35,standard,2026-07-04T00:44:58Z
105,24,11,62.35,standard,2026-07-04T00:44:58Z
105,24,6,62.35,standard,2026-07-04T00:44:58Z
105,24,7,62.35,standard,2026-07-04T00:44:58Z
105,24,8,62.35,standard,2026-07-04T00:44:58Z
105,24,9,62.35,standard,2026-07-04T00:44:58Z
105,25,10,62.35,standard,2026-07-04T00:44:58Z
105,25,11,62.35,standard,2026-07-04T00:44:58Z
105,25,12,62.35,standard,2026-07-04T00:44:58Z
105,25,13,62.35,standard,2026-07-04T00:44:58Z
105,25,14,62.35,standard,2026-07-04T00:44:58Z
105,25,2,62.35,standard,2026-07-04T00:44:58Z
105,25,3,62.35,standard,2026-07-04T00:44:58Z
105,25,4,62.35,standard,2026-07-04T00:44:58Z
105,25,5,62.35,standard,2026-07-04T00:44:58Z
105,25,6,62.35,standard,2026-07-04T00:44:58Z
105,25,7,62.35,standard,2026-07-04T00:44:58Z
105,25,8,62.35,standard,2026-07-04T00:44:58Z
105,25,9,62.35,standard,2026-07-04T00:44:58Z
105,29,10,62.35,standard,2026-07-04T00:44:58Z
105,29,11,62.35,standard,2026-07-04T00:44:58Z
105,29,12,62.35,standard,2026-07-04T00:44:58Z
105,29,13,62.35,standard,2026-07-04T00:44:58Z
105,29,14,62.35,standard,2026-07-04T00:44:58Z
105,29,15,62.35,standard,2026-07-04T00:44:58Z
105,29,16,62.35,standard,2026-07-04T00:44:58Z
105,29,17,62.35,standard,2026-07-04T00:44:58Z
105,29,3,62.35,standard,2026-07-04T00:44:58Z
105,29,4,62.35,standard,2026-07-04T00:44:58Z
105,29,5,62.35,standard,2026-07-04T00:44:58Z
105,29,6,62.35,standard,2026-07-04T00:44:58Z
105,29,7,62.35,standard,2026-07-04T00:44:58Z
105,29,8,62.35,standard,2026-07-04T00:44:58Z
105,29,9,62.35,standard,2026-07-04T00:44:58Z
105,37,10,62.35,standard,2026-07-04T00:44:58Z
105,37,11,62.35,standard,2026-07-04T00:44:58Z
105,37,12,62.35,standard,2026-07-04T00:44:58Z
105,37,13,62.35,standard,2026-07-04T00:44:58Z
105,37,14,62.35,standard,2026-07-04T00:44:58Z
105,37,15,62.35,standard,2026-07-04T00:44:58Z
105,37,16,62.35,standard,2026-07-04T00:44:58Z
105,37,17,62.35,standard,2026-07-04T00:44:58Z
105,37,18,62.35,standard,2026-07-04T00:44:58Z
105,37,19,62.35,standard,2026-07-04T00:44:58Z
105,37,20,62.35,standard,2026-07-04T00:44:58Z
105,37,21,62.35,standard,2026-07-04T00:44:58Z
105,37,22,62.35,standard,2026-07-04T00:44:58Z
105,37,23,62.35,standard,2026-07-04T00:44:58Z
105,37,7,62.35,standard,2026-07-04T00:44:58Z
105,37,8,62.35,standard,2026-07-04T00:44:58Z
105,37,9,62.35,standard,2026-07-04T00:44:58Z
105,36,21,62.35,standard,2026-07-04T00:44:58Z
105,36,22,62.35,standard,2026-07-04T00:44:58Z
105,38,10,62.35,standard,2026-07-04T00:44:58Z
105,38,11,62.35,standard,2026-07-04T00:44:58Z
105,38,12,62.35,standard,2026-07-04T00:44:58Z
105,38,13,62.35,standard,2026-07-04T00:44:58Z
105,38,14,62.35,standard,2026-07-04T00:44:58Z
105,38,15,62.35,standard,2026-07-04T00:44:58Z
105,38,16,62.35,standard,2026-07-04T00:44:58Z
105,38,17,62.35,standard,2026-07-04T00:44:58Z
105,38,18,62.35,standard,2026-07-04T00:44:58Z
105,38,19,62.35,standard,2026-07-04T00:44:58Z
105,38,20,62.35,standard,2026-07-04T00:44:58Z
105,38,21,62.35,standard,2026-07-04T00:44:58Z
105,38,22,62.35,standard,2026-07-04T00:44:58Z
105,38,23,62.35,standard,2026-07-04T00:44:58Z
105,38,24,62.35,standard,2026-07-04T00:44:58Z
105,38,3,62.35,standard,2026-07-04T00:44:58Z
105,38,4,62.35,standard,2026-07-04T00:44:58Z
105,38,5,62.35,standard,2026-07-04T00:44:58Z
105,38,6,62.35,standard,2026-07-04T00:44:58Z
105,38,7,62.35,standard,2026-07-04T00:44:58Z
105,38,8,62.35,standard,2026-07-04T00:44:58Z
105,38,9,62.35,standard,2026-07-04T00:44:58Z
105,39,10,62.35,standard,2026-07-04T00:44:58Z
105,39,11,62.35,standard,2026-07-04T00:44:58Z
105,39,12,62.35,standard,2026-07-04T00:44:58Z
105,39,13,62.35,standard,2026-07-04T00:44:58Z
105,39,14,62.35,standard,2026-07-04T00:44:58Z
105,39,15,62.35,standard,2026-07-04T00:44:58Z
105,39,16,62.35,standard,2026-07-04T00:44:58Z
105,39,17,62.35,standard,2026-07-04T00:44:58Z
105,39,18,62.35,standard,2026-07-04T00:44:58Z
105,39,19,62.35,standard,2026-07-04T00:44:58Z
105,39,20,62.35,standard,2026-07-04T00:44:58Z
105,39,21,62.35,standard,2026-07-04T00:44:58Z
105,39,22,62.35,standard,2026-07-04T00:44:58Z
105,39,23,62.35,standard,2026-07-04T00:44:58Z
105,39,24,62.35,standard,2026-07-04T00:44:58Z
105,39,3,62.35,standard,2026-07-04T00:44:58Z
105,39,4,62.35,standard,2026-07-04T00:44:58Z
105,39,5,62.35,standard,2026-07-04T00:44:58Z
105,39,6,62.35,standard,2026-07-04T00:44:58Z
105,39,7,62.35,standard,2026-07-04T00:44:58Z
105,39,8,62.35,standard,2026-07-04T00:44:58Z
105,39,9,62.35,standard,2026-07-04T00:44:58Z
106,27,10,60.35,standard,2026-07-04T00:44:58Z
106,27,11,60.35,standard,2026-07-04T00:44:58Z
106,27,12,60.35,standard,2026-07-04T00:44:58Z
106,27,2,60.35,standard,2026-07-04T00:44:58Z
106,27,3,60.35,standard,2026-07-04T00:44:58Z
106,27,4,60.35,standard,2026-07-04T00:44:58Z
106,27,5,60.35,standard,2026-07-04T00:44:58Z
106,27,6,60.35,standard,2026-07-04T00:44:58Z
106,27,7,60.35,standard,2026-07-04T00:44:58Z
106,27,8,60.35,standard,2026-07-04T00:44:58Z
106,27,9,60.35,standard,2026-07-04T00:44:58Z
106,26,1,60.35,standard,2026-07-04T00:44:58Z
106,26,2,60.35,standard,2026-07-04T00:44:58Z
106,28,1,60.35,standard,2026-07-04T00:44:58Z
106,28,2,60.35,standard,2026-07-04T00:44:58Z
106,29,3,60.35,standard,2026-07-04T00:44:58Z
106,29,4,60.35,standard,2026-07-04T00:44:58Z
106,37,10,60.35,standard,2026-07-04T00:44:58Z
106,37,11,60.35,standard,2026-07-04T00:44:58Z
106,37,12,60.35,standard,2026-07-04T00:44:58Z
106,37,13,60.35,standard,2026-07-04T00:44:58Z
106,37,14,60.35,standard,2026-07-04T00:44:58Z
106,37,15,60.35,standard,2026-07-04T00:44:58Z
106,37,16,60.35,standard,2026-07-04T00:44:58Z
106,37,17,60.35,standard,2026-07-04T00:44:58Z
106,37,18,60.35,standard,2026-07-04T00:44:58Z
106,37,19,60.35,standard,2026-07-04T00:44:58Z
106,37,20,60.35,standard,2026-07-04T00:44:58Z
106,37,21,60.35,standard,2026-07-04T00:44:58Z
106,37,22,60.35,standard,2026-07-04T00:44:58Z
106,37,7,60.35,standard,2026-07-04T00:44:58Z
106,37,8,60.35,standard,2026-07-04T00:44:58Z
106,37,9,60.35,standard,2026-07-04T00:44:58Z
106,34,10,60.35,standard,2026-07-04T00:44:58Z
106,34,11,60.35,standard,2026-07-04T00:44:58Z
106,34,12,60.35,standard,2026-07-04T00:44:58Z
106,34,13,60.35,standard,2026-07-04T00:44:58Z
106,34,14,60.35,standard,2026-07-04T00:44:58Z
106,34,15,60.35,standard,2026-07-04T00:44:58Z
106,34,16,60.35,standard,2026-07-04T00:44:58Z
106,34,17,60.35,standard,2026-07-04T00:44:58Z
106,34,18,60.35,standard,2026-07-04T00:44:58Z
106,34,19,60.35,standard,2026-07-04T00:44:58Z
106,34,20,60.35,standard,2026-07-04T00:44:58Z
106,34,3,60.35,standard,2026-07-04T00:44:58Z
106,34,4,60.35,standard,2026-07-04T00:44:58Z
106,34,5,60.35,standard,2026-07-04T00:44:58Z
106,35,10,60.35,standard,2026-07-04T00:44:58Z
106,35,11,60.35,standard,2026-07-04T00:44:58Z
106,35,12,60.35,standard,2026-07-04T00:44:58Z
106,35,13,60.35,standard,2026-07-04T00:44:58Z
106,35,14,60.35,standard,2026-07-04T00:44:58Z
106,35,15,60.35,standard,2026-07-04T00:44:58Z
106,35,16,60.35,standard,2026-07-04T00:44:58Z
106,35,17,60.35,standard,2026-07-04T00:44:58Z
106,35,18,60.35,standard,2026-07-04T00:44:58Z
106,35,19,60.35,standard,2026-07-04T00:44:58Z
106,35,2,60.35,standard,2026-07-04T00:44:58Z
106,35,3,60.35,standard,2026-07-04T00:44:58Z
106,35,4,60.35,standard,2026-07-04T00:44:58Z
106,35,9,60.35,standard,2026-07-04T00:44:58Z
106,36,10,60.35,standard,2026-07-04T00:44:58Z
106,36,11,60.35,standard,2026-07-04T00:44:58Z
106,36,12,60.35,standard,2026-07-04T00:44:58Z
106,36,13,60.35,standard,2026-07-04T00:44:58Z
106,36,14,60.35,standard,2026-07-04T00:44:58Z
106,36,15,60.35,standard,2026-07-04T00:44:58Z
106,36,16,60.35,standard,2026-07-04T00:44:58Z
106,36,17,60.35,standard,2026-07-04T00:44:58Z
106,36,18,60.35,standard,2026-07-04T00:44:58Z
106,36,19,60.35,standard,2026-07-04T00:44:58Z
106,36,20,60.35,standard,2026-07-04T00:44:58Z
106,36,21,60.35,standard,2026-07-04T00:44:58Z
106,36,22,60.35,standard,2026-07-04T00:44:58Z
106,36,8,60.35,standard,2026-07-04T00:44:58Z
106,36,9,60.35,standard,2026-07-04T00:44:58Z
106,38,10,60.35,standard,2026-07-04T00:44:58Z
106,38,11,60.35,standard,2026-07-04T00:44:58Z
106,38,12,60.35,standard,2026-07-04T00:44:58Z
106,38,13,60.35,standard,2026-07-04T00:44:58Z
106,38,14,60.35,standard,2026-07-04T00:44:58Z
106,38,15,60.35,standard,2026-07-04T00:44:58Z
106,38,16,60.35,standard,2026-07-04T00:44:58Z
106,38,17,60.35,standard,2026-07-04T00:44:58Z
106,38,18,60.35,standard,2026-07-04T00:44:58Z
106,38,19,60.35,standard,2026-07-04T00:44:58Z
106,38,20,60.35,standard,2026-07-04T00:44:58Z
106,38,21,60.35,standard,2026-07-04T00:44:58Z
106,38,22,60.35,standard,2026-07-04T00:44:58Z
106,38,23,60.35,standard,2026-07-04T00:44:58Z
106,38,8,60.35,standard,2026-07-04T00:44:58Z
106,38,9,60.35,standard,2026-07-04T00:44:58Z
106,39,13,60.35,standard,2026-07-04T00:44:58Z
106,39,14,60.35,standard,2026-07-04T00:44:58Z
106,39,15,60.35,standard,2026-07-04T00:44:58Z
106,39,16,60.35,standard,2026-07-04T00:44:58Z
106,39,17,60.35,standard,2026-07-04T00:44:58Z
106,39,18,60.35,standard,2026-07-04T00:44:58Z
106,39,19,60.35,standard,2026-07-04T00:44:58Z
106,39,20,60.35,standard,2026-07-04T00:44:58Z
106,39,21,60.35,standard,2026-07-04T00:44:58Z
106W,40,1,60.35,standard,2026-07-04T00:44:58Z
106W,40,2,60.35,standard,2026-07-04T00:44:58Z
106W,40,3,60.35,standard,2026-07-04T00:44:58Z
107,27,11,60.35,standard,2026-07-04T00:44:58Z
107,27,12,60.35,standard,2026-07-04T00:44:58Z
107,27,13,60.35,standard,2026-07-04T00:44:58Z
107,25,8,60.35,standard,2026-07-04T00:44:58Z
107,25,9,60.35,standard,2026-07-04T00:44:58Z
107,28,3,60.35,standard,2026-07-04T00:44:58Z
107,28,4,60.35,standard,2026-07-04T00:44:58Z
107,28,5,60.35,standard,2026-07-04T00:44:58Z
107,28,6,60.35,standard,2026-07-04T00:44:58Z
107,28,7,60.35,standard,2026-07-04T00:44:58Z
107,28,8,60.35,standard,2026-07-04T00:44:58Z
107,28,9,60.35,standard,2026-07-04T00:44:58Z
107,29,1,60.35,standard,2026-07-04T00:44:58Z
107,29,2,60.35,standard,2026-07-04T00:44:58Z
107,29,3,60.35,standard,2026-07-04T00:44:58Z
107,29,4,60.35,standard,2026-07-04T00:44:58Z
107,29,5,60.35,standard,2026-07-04T00:44:58Z
107,29,6,60.35,standard,2026-07-04T00:44:58Z
107,29,7,60.35,standard,2026-07-04T00:44:58Z
107,29,8,60.35,standard,2026-07-04T00:44:58Z
107,29,9,60.35,standard,2026-07-04T00:44:58Z
107,37,10,60.35,standard,2026-07-04T00:44:58Z
107,37,11,60.35,standard,2026-07-04T00:44:58Z
107,37,12,60.35,standard,2026-07-04T00:44:58Z
107,37,13,60.35,standard,2026-07-04T00:44:58Z
107,37,14,60.35,standard,2026-07-04T00:44:58Z
107,37,15,60.35,standard,2026-07-04T00:44:58Z
107,37,16,60.35,standard,2026-07-04T00:44:58Z
107,37,17,60.35,standard,2026-07-04T00:44:58Z
107,37,18,60.35,standard,2026-07-04T00:44:58Z
107,37,19,60.35,standard,2026-07-04T00:44:58Z
107,37,20,60.35,standard,2026-07-04T00:44:58Z
107,37,3,60.35,standard,2026-07-04T00:44:58Z
107,37,4,60.35,standard,2026-07-04T00:44:58Z
107,37,5,60.35,standard,2026-07-04T00:44:58Z
107,37,6,60.35,standard,2026-07-04T00:44:58Z
107,37,7,60.35,standard,2026-07-04T00:44:58Z
107,37,8,60.35,standard,2026-07-04T00:44:58Z
107,37,9,60.35,standard,2026-07-04T00:44:58Z
107,30,13,60.35,standard,2026-07-04T00:44:58Z
107,30,14,60.35,standard,2026-07-04T00:44:58Z
107,30,2,60.35,standard,2026-07-04T00:44:58Z
107,31,4,60.35,standard,2026-07-04T00:44:58Z
107,32,10,60.35,standard,2026-07-04T00:44:58Z
107,32,11,60.35,standard,2026-07-04T00:44:58Z
107,32,9,60.35,standard,2026-07-04T00:44:58Z
107,35,10,60.35,standard,2026-07-04T00:44:58Z
107,35,11,60.35,standard,2026-07-04T00:44:58Z
107,35,12,60.35,standard,2026-07-04T00:44:58Z
107,35,13,60.35,standard,2026-07-04T00:44:58Z
107,35,14,60.35,standard,2026-07-04T00:44:58Z
107,35,15,60.35,standard,2026-07-04T00:44:58Z
107,35,16,60.35,standard,2026-07-04T00:44:58Z
107,35,17,60.35,standard,2026-07-04T00:44:58Z
107,35,18,60.35,standard,2026-07-04T00:44:58Z
107,35,19,60.35,standard,2026-07-04T00:44:58Z
107,35,20,60.35,standard,2026-07-04T00:44:58Z
107,35,3,60.35,standard,2026-07-04T00:44:58Z
107,35,4,60.35,standard,2026-07-04T00:44:58Z
107,35,5,60.35,standard,2026-07-04T00:44:58Z
107,35,6,60.35,standard,2026-07-04T00:44:58Z
107,35,7,60.35,standard,2026-07-04T00:44:58Z
107,35,8,60.35,standard,2026-07-04T00:44:58Z
107,35,9,60.35,standard,2026-07-04T00:44:58Z
107,36,10,60.35,standard,2026-07-04T00:44:58Z
107,36,11,60.35,standard,2026-07-04T00:44:58Z
107,36,12,60.35,standard,2026-07-04T00:44:58Z
107,36,13,60.35,standard,2026-07-04T00:44:58Z
107,36,18,60.35,standard,2026-07-04T00:44:58Z
107,36,19,60.35,standard,2026-07-04T00:44:58Z
107,36,20,60.35,standard,2026-07-04T00:44:58Z
107,36,3,60.35,standard,2026-07-04T00:44:58Z
107,36,4,60.35,standard,2026-07-04T00:44:58Z
107,36,5,60.35,standard,2026-07-04T00:44:58Z
107,36,6,60.35,standard,2026-07-04T00:44:58Z
107,36,7,60.35,standard,2026-07-04T00:44:58Z
107,36,8,60.35,standard,2026-07-04T00:44:58Z
107,36,9,60.35,standard,2026-07-04T00:44:58Z
107,38,10,60.35,standard,2026-07-04T00:44:58Z
107,38,11,60.35,standard,2026-07-04T00:44:58Z
107,38,12,60.35,standard,2026-07-04T00:44:58Z
107,38,13,60.35,standard,2026-07-04T00:44:58Z
107,38,14,60.35,standard,2026-07-04T00:44:58Z
107,38,15,60.35,standard,2026-07-04T00:44:58Z
107,38,16,60.35,standard,2026-07-04T00:44:58Z
107,38,17,60.35,standard,2026-07-04T00:44:58Z
107,38,18,60.35,standard,2026-07-04T00:44:58Z
107,38,19,60.35,standard,2026-07-04T00:44:58Z
107,38,20,60.35,standard,2026-07-04T00:44:58Z
107,38,3,60.35,standard,2026-07-04T00:44:58Z
107,38,4,60.35,standard,2026-07-04T00:44:58Z
107,38,5,60.35,standard,2026-07-04T00:44:58Z
107,38,6,60.35,standard,2026-07-04T00:44:58Z
107,38,7,60.35,standard,2026-07-04T00:44:58Z
107,38,8,60.35,standard,2026-07-04T00:44:58Z
107,38,9,60.35,standard,2026-07-04T00:44:58Z
107,39,10,60.35,standard,2026-07-04T00:44:58Z
107,39,11,60.35,standard,2026-07-04T00:44:58Z
107,39,12,60.35,standard,2026-07-04T00:44:58Z
107,39,13,60.35,standard,2026-07-04T00:44:58Z
107,39,14,60.35,standard,2026-07-04T00:44:58Z
107,39,15,60.35,standard,2026-07-04T00:44:58Z
107,39,16,60.35,standard,2026-07-04T00:44:58Z
107,39,17,60.35,standard,2026-07-04T00:44:58Z
107,39,18,60.35,standard,2026-07-04T00:44:58Z
107,39,19,60.35,standard,2026-07-04T00:44:58Z
107,39,20,60.35,standard,2026-07-04T00:44:58Z
107,39,3,60.35,standard,2026-07-04T00:44:58Z
107,39,4,60.35,standard,2026-07-04T00:44:58Z
107,39,5,60.35,standard,2026-07-04T00:44:58Z
107,39,6,60.35,standard,2026-07-04T00:44:58Z
107,39,7,60.35,standard,2026-07-04T00:44:58Z
107,39,8,60.35,standard,2026-07-04T00:44:58Z
107,39,9,60.35,standard,2026-07-04T00:44:58Z
108,18,17,60.35,standard,2026-07-04T00:44:58Z
108,18,18,60.35,standard,2026-07-04T00:44:58Z
108,27,17,60.35,standard,2026-07-04T00:44:58Z
108,27,18,60.35,standard,2026-07-04T00:44:58Z
108,24,15,60.35,standard,2026-07-04T00:44:58Z
108,24,17,60.35,standard,2026-07-04T00:44:58Z
108,24,18,60.35,standard,2026-07-04T00:44:58Z
108,26,1,60.35,standard,2026-07-04T00:44:58Z
108,26,2,60.35,standard,2026-07-04T00:44:58Z
108,26,3,60.35,standard,2026-07-04T00:44:58Z
108,26,4,60.35,standard,2026-07-04T00:44:58Z
108,28,1,60.35,standard,2026-07-04T00:44:58Z
108,28,2,60.35,standard,2026-07-04T00:44:58Z
108,28,4,60.35,standard,2026-07-04T00:44:58Z
108,28,5,60.35,standard,2026-07-04T00:44:58Z
108,28,6,60.35,standard,2026-07-04T00:44:58Z
108,28,7,60.35,standard,2026-07-04T00:44:58Z
108,29,11,60.35,standard,2026-07-04T00:44:58Z
108,29,12,60.35,standard,2026-07-04T00:44:58Z
108,29,13,60.35,standard,2026-07-04T00:44:58Z
108,29,14,60.35,standard,2026-07-04T00:44:58Z
108,29,5,60.35,standard,2026-07-04T00:44:58Z
108,29,6,60.35,standard,2026-07-04T00:44:58Z
108,29,7,60.35,standard,2026-07-04T00:44:58Z
108,37,10,60.35,standard,2026-07-04T00:44:58Z
108,37,11,60.35,standard,2026-07-04T00:44:58Z
108,37,12,60.35,standard,2026-07-04T00:44:58Z
108,37,13,60.35,standard,2026-07-04T00:44:58Z
108,37,17,60.35,standard,2026-07-04T00:44:58Z
108,37,18,60.35,standard,2026-07-04T00:44:58Z
108,37,19,60.35,standard,2026-07-04T00:44:58Z
108,37,20,60.35,standard,2026-07-04T00:44:58Z
108,37,3,60.35,standard,2026-07-04T00:44:58Z
108,37,4,60.35,standard,2026-07-04T00:44:58Z
108,37,5,60.35,standard,2026-07-04T00:44:58Z
108,37,6,60.35,standard,2026-07-04T00:44:58Z
108,37,7,60.35,standard,2026-07-04T00:44:58Z
108,37,8,60.35,standard,2026-07-04T00:44:58Z
108,37,9,60.35,standard,2026-07-04T00:44:58Z
108,30,10,60.35,standard,2026-07-04T00:44:58Z
108,30,17,60.35,standard,2026-07-04T00:44:58Z
108,30,18,60.35,standard,2026-07-04T00:44:58Z
108,30,19,60.35,standard,2026-07-04T00:44:58Z
108,30,9,60.35,standard,2026-07-04T00:44:58Z
108,31,10,60.35,standard,2026-07-04T00:44:58Z
108,31,11,60.35,standard,2026-07-04T00:44:58Z
108,31,18,60.35,standard,2026-07-04T00:44:58Z
108,31,6,60.35,standard,2026-07-04T00:44:58Z
108,31,7,60.35,standard,2026-07-04T00:44:58Z
108,31,9,60.35,standard,2026-07-04T00:44:58Z
108,32,1,60.35,standard,2026-07-04T00:44:58Z
108,32,2,60.35,standard,2026-07-04T00:44:58Z
108,32,3,60.35,standard,2026-07-04T00:44:58Z
108,32,4,60.35,standard,2026-07-04T00:44:58Z
108,32,5,60.35,standard,2026-07-04T00:44:58Z
108,32,6,60.35,standard,2026-07-04T00:44:58Z
108,32,7,60.35,standard,2026-07-04T00:44:58Z
108,32,8,60.35,standard,2026-07-04T00:44:58Z
108,32,9,60.35,standard,2026-07-04T00:44:58Z
108,34,10,60.35,standard,2026-07-04T00:44:58Z
108,34,11,60.35,standard,2026-07-04T00:44:58Z
108,34,12,60.35,standard,2026-07-04T00:44:58Z
108,34,13,60.35,standard,2026-07-04T00:44:58Z
108,34,14,60.35,standard,2026-07-04T00:44:58Z
108,34,15,60.35,standard,2026-07-04T00:44:58Z
108,34,16,60.35,standard,2026-07-04T00:44:58Z
108,34,17,60.35,standard,2026-07-04T00:44:58Z
108,34,2,60.35,standard,2026-07-04T00:44:58Z
108,34,3,60.35,standard,2026-07-04T00:44:58Z
108,34,4,60.35,standard,2026-07-04T00:44:58Z
108,34,5,60.35,standard,2026-07-04T00:44:58Z
108,34,6,60.35,standard,2026-07-04T00:44:58Z
108,34,7,60.35,standard,2026-07-04T00:44:58Z
108,34,8,60.35,standard,2026-07-04T00:44:58Z
108,34,9,60.35,standard,2026-07-04T00:44:58Z
108,35,10,60.35,standard,2026-07-04T00:44:58Z
108,35,11,60.35,standard,2026-07-04T00:44:58Z
108,35,12,60.35,standard,2026-07-04T00:44:58Z
108,35,13,60.35,standard,2026-07-04T00:44:58Z
108,35,14,60.35,standard,2026-07-04T00:44:58Z
108,35,3,60.35,standard,2026-07-04T00:44:58Z
108,35,4,60.35,standard,2026-07-04T00:44:58Z
108,35,5,60.35,standard,2026-07-04T00:44:58Z
108,35,8,60.35,standard,2026-07-04T00:44:58Z
108,35,9,60.35,standard,2026-07-04T00:44:58Z
108,36,10,60.35,standard,2026-07-04T00:44:58Z
108,36,11,60.35,standard,2026-07-04T00:44:58Z
108,36,12,60.35,standard,2026-07-04T00:44:58Z
108,36,13,60.35,standard,2026-07-04T00:44:58Z
108,36,14,60.35,standard,2026-07-04T00:44:58Z
108,36,15,60.35,standard,2026-07-04T00:44:58Z
108,36,16,60.35,standard,2026-07-04T00:44:58Z
108,36,17,60.35,standard,2026-07-04T00:44:58Z
108,36,18,60.35,standard,2026-07-04T00:44:58Z
108,36,2,60.35,standard,2026-07-04T00:44:58Z
108,36,3,60.35,standard,2026-07-04T00:44:58Z
108,36,4,60.35,standard,2026-07-04T00:44:58Z
108,36,5,60.35,standard,2026-07-04T00:44:58Z
108,36,6,60.35,standard,2026-07-04T00:44:58Z
108,36,7,60.35,standard,2026-07-04T00:44:58Z
108,36,8,60.35,standard,2026-07-04T00:44:58Z
108,36,9,60.35,standard,2026-07-04T00:44:58Z
108,38,10,60.35,standard,2026-07-04T00:44:58Z
108,38,11,60.35,standard,2026-07-04T00:44:58Z
108,38,12,60.35,standard,2026-07-04T00:44:58Z
108,38,13,60.35,standard,2026-07-04T00:44:58Z
108,38,14,60.35,standard,2026-07-04T00:44:58Z
108,38,15,60.35,standard,2026-07-04T00:44:58Z
108,38,16,60.35,standard,2026-07-04T00:44:58Z
108,38,17,60.35,standard,2026-07-04T00:44:58Z
108,38,18,60.35,standard,2026-07-04T00:44:58Z
108,38,19,60.35,standard,2026-07-04T00:44:58Z
108,38,20,60.35,standard,2026-07-04T00:44:58Z
108,38,3,60.35,standard,2026-07-04T00:44:58Z
108,38,4,60.35,standard,2026-07-04T00:44:58Z
108,38,5,60.35,standard,2026-07-04T00:44:58Z
108,38,6,60.35,standard,2026-07-04T00:44:58Z
108,38,7,60.35,standard,2026-07-04T00:44:58Z
108,38,8,60.35,standard,2026-07-04T00:44:58Z
108,38,9,60.35,standard,2026-07-04T00:44:58Z
108,39,10,60.35,standard,2026-07-04T00:44:58Z
108,39,11,60.35,standard,2026-07-04T00:44:58Z
108,39,12,60.35,standard,2026-07-04T00:44:58Z
108,39,13,60.35,standard,2026-07-04T00:44:58Z
108,39,14,60.35,standard,2026-07-04T00:44:58Z
108,39,15,60.35,standard,2026-07-04T00:44:58Z
108,39,16,60.35,standard,2026-07-04T00:44:58Z
108,39,17,60.35,standard,2026-07-04T00:44:58Z
108,39,18,60.35,standard,2026-07-04T00:44:58Z
108,39,2,60.35,standard,2026-07-04T00:44:58Z
108,39,3,60.35,standard,2026-07-04T00:44:58Z
108,39,4,60.35,standard,2026-07-04T00:44:58Z
108,39,5,60.35,standard,2026-07-04T00:44:58Z
108,39,6,60.35,standard,2026-07-04T00:44:58Z
108,39,7,60.35,standard,2026-07-04T00:44:58Z
108,39,8,60.35,standard,2026-07-04T00:44:58Z
108,39,9,60.35,standard,2026-07-04T00:44:58Z
108W,40,11,60.35,standard,2026-07-04T00:44:58Z
108W,40,2,60.35,standard,2026-07-04T00:44:58Z
109,17,5,62.5,standard,2026-07-04T00:44:58Z
109,17,6,62.5,standard,2026-07-04T00:44:58Z
109,17,7,62.5,standard,2026-07-04T00:44:58Z
109,11,3,62.5,standard,2026-07-04T00:44:58Z
109,11,4,62.5,standard,2026-07-04T00:44:58Z
109,11,5,62.5,standard,2026-07-04T00:44:58Z
109,11,6,62.5,standard,2026-07-04T00:44:58Z
109,11,7,62.5,standard,2026-07-04T00:44:58Z
109,11,8,62.5,standard,2026-07-04T00:44:58Z
109,12,5,62.5,standard,2026-07-04T00:44:58Z
109,12,6,62.5,standard,2026-07-04T00:44:58Z
109,12,7,62.5,standard,2026-07-04T00:44:58Z
109,12,8,62.5,standard,2026-07-04T00:44:58Z
109,12,9,62.5,standard,2026-07-04T00:44:58Z
109,14,7,62.5,standard,2026-07-04T00:44:58Z
109,14,8,62.5,standard,2026-07-04T00:44:58Z
109,16,7,62.5,standard,2026-07-04T00:44:58Z
109,16,8,62.5,standard,2026-07-04T00:44:58Z
109,27,10,62.5,standard,2026-07-04T00:44:58Z
109,27,11,62.5,standard,2026-07-04T00:44:58Z
109,27,12,62.5,standard,2026-07-04T00:44:58Z
109,27,13,62.5,standard,2026-07-04T00:44:58Z
109,27,14,62.5,standard,2026-07-04T00:44:58Z
109,27,15,62.5,standard,2026-07-04T00:44:58Z
109,27,16,62.5,standard,2026-07-04T00:44:58Z
109,27,17,62.5,standard,2026-07-04T00:44:58Z
109,27,18,62.5,standard,2026-07-04T00:44:58Z
109,27,2,62.5,standard,2026-07-04T00:44:58Z
109,27,3,62.5,standard,2026-07-04T00:44:58Z
109,27,4,62.5,standard,2026-07-04T00:44:58Z
109,27,5,62.5,standard,2026-07-04T00:44:58Z
109,27,6,62.5,standard,2026-07-04T00:44:58Z
109,27,7,62.5,standard,2026-07-04T00:44:58Z
109,27,8,62.5,standard,2026-07-04T00:44:58Z
109,27,9,62.5,standard,2026-07-04T00:44:58Z
109,23,10,62.5,standard,2026-07-04T00:44:58Z
109,23,11,62.5,standard,2026-07-04T00:44:58Z
109,23,12,62.5,standard,2026-07-04T00:44:58Z
109,23,13,62.5,standard,2026-07-04T00:44:58Z
109,23,14,62.5,standard,2026-07-04T00:44:58Z
109,23,15,62.5,standard,2026-07-04T00:44:58Z
109,23,16,62.5,standard,2026-07-04T00:44:58Z
109,24,10,62.5,standard,2026-07-04T00:44:58Z
109,24,11,62.5,standard,2026-07-04T00:44:58Z
109,24,12,62.5,standard,2026-07-04T00:44:58Z
109,24,5,62.5,standard,2026-07-04T00:44:58Z
109,24,6,62.5,standard,2026-07-04T00:44:58Z
109,24,7,62.5,standard,2026-07-04T00:44:58Z
109,24,8,62.5,standard,2026-07-04T00:44:58Z
109,24,9,62.5,standard,2026-07-04T00:44:58Z
109,25,10,62.5,standard,2026-07-04T00:44:58Z
109,25,11,62.5,standard,2026-07-04T00:44:58Z
109,25,12,62.5,standard,2026-07-04T00:44:58Z
109,25,13,62.5,standard,2026-07-04T00:44:58Z
109,25,14,62.5,standard,2026-07-04T00:44:58Z
109,25,15,62.5,standard,2026-07-04T00:44:58Z
109,25,16,62.5,standard,2026-07-04T00:44:58Z
109,25,17,62.5,standard,2026-07-04T00:44:58Z
109,25,2,62.5,standard,2026-07-04T00:44:58Z
109,25,3,62.5,standard,2026-07-04T00:44:58Z
109,25,4,62.5,standard,2026-07-04T00:44:58Z
109,25,5,62.5,standard,2026-07-04T00:44:58Z
109,25,6,62.5,standard,2026-07-04T00:44:58Z
109,25,7,62.5,standard,2026-07-04T00:44:58Z
109,25,8,62.5,standard,2026-07-04T00:44:58Z
109,25,9,62.5,standard,2026-07-04T00:44:58Z
109,26,10,62.5,standard,2026-07-04T00:44:58Z
109,26,11,62.5,standard,2026-07-04T00:44:58Z
109,26,12,62.5,standard,2026-07-04T00:44:58Z
109,26,13,62.5,standard,2026-07-04T00:44:58Z
109,26,14,62.5,standard,2026-07-04T00:44:58Z
109,26,15,62.5,standard,2026-07-04T00:44:58Z
109,26,16,62.5,standard,2026-07-04T00:44:58Z
109,26,17,62.5,standard,2026-07-04T00:44:58Z
109,26,9,62.5,standard,2026-07-04T00:44:58Z
109,28,10,62.5,standard,2026-07-04T00:44:58Z
109,28,11,62.5,standard,2026-07-04T00:44:58Z
109,28,12,62.5,standard,2026-07-04T00:44:58Z
109,28,13,62.5,standard,2026-07-04T00:44:58Z
109,28,14,62.5,standard,2026-07-04T00:44:58Z
109,28,15,62.5,standard,2026-07-04T00:44:58Z
109,28,16,62.5,standard,2026-07-04T00:44:58Z
109,28,17,62.5,standard,2026-07-04T00:44:58Z
109,28,18,62.5,standard,2026-07-04T00:44:58Z
109,28,2,62.5,standard,2026-07-04T00:44:58Z
109,28,3,62.5,standard,2026-07-04T00:44:58Z
109,28,4,62.5,standard,2026-07-04T00:44:58Z
109,28,5,62.5,standard,2026-07-04T00:44:58Z
109,28,6,62.5,standard,2026-07-04T00:44:58Z
109,28,7,62.5,standard,2026-07-04T00:44:58Z
109,28,8,62.5,standard,2026-07-04T00:44:58Z
109,28,9,62.5,standard,2026-07-04T00:44:58Z
109,29,10,62.5,standard,2026-07-04T00:44:58Z
109,29,13,62.5,standard,2026-07-04T00:44:58Z
109,29,14,62.5,standard,2026-07-04T00:44:58Z
109,29,15,62.5,standard,2026-07-04T00:44:58Z
109,29,16,62.5,standard,2026-07-04T00:44:58Z
109,29,17,62.5,standard,2026-07-04T00:44:58Z
109,29,18,62.5,standard,2026-07-04T00:44:58Z
109,29,19,62.5,standard,2026-07-04T00:44:58Z
109,29,2,62.5,standard,2026-07-04T00:44:58Z
109,29,3,62.5,standard,2026-07-04T00:44:58Z
109,29,4,62.5,standard,2026-07-04T00:44:58Z
109,29,5,62.5,standard,2026-07-04T00:44:58Z
109,29,6,62.5,standard,2026-07-04T00:44:58Z
109,29,7,62.5,standard,2026-07-04T00:44:58Z
109,29,8,62.5,standard,2026-07-04T00:44:58Z
109,29,9,62.5,standard,2026-07-04T00:44:58Z
109,37,10,62.5,standard,2026-07-04T00:44:58Z
109,37,11,62.5,standard,2026-07-04T00:44:58Z
109,37,12,62.5,standard,2026-07-04T00:44:58Z
109,37,13,62.5,standard,2026-07-04T00:44:58Z
109,37,14,62.5,standard,2026-07-04T00:44:58Z
109,37,15,62.5,standard,2026-07-04T00:44:58Z
109,37,16,62.5,standard,2026-07-04T00:44:58Z
109,37,17,62.5,standard,2026-07-04T00:44:58Z
109,37,18,62.5,standard,2026-07-04T00:44:58Z
109,37,19,62.5,standard,2026-07-04T00:44:58Z
109,37,20,62.5,standard,2026-07-04T00:44:58Z
109,37,21,62.5,standard,2026-07-04T00:44:58Z
109,37,22,62.5,standard,2026-07-04T00:44:58Z
109,37,3,62.5,standard,2026-07-04T00:44:58Z
109,37,4,62.5,standard,2026-07-04T00:44:58Z
109,37,5,62.5,standard,2026-07-04T00:44:58Z
109,37,6,62.5,standard,2026-07-04T00:44:58Z
109,37,7,62.5,standard,2026-07-04T00:44:58Z
109,37,8,62.5,standard,2026-07-04T00:44:58Z
109,37,9,62.5,standard,2026-07-04T00:44:58Z
109,30,10,62.5,standard,2026-07-04T00:44:58Z
109,30,11,62.5,standard,2026-07-04T00:44:58Z
109,30,12,62.5,standard,2026-07-04T00:44:58Z
109,30,13,62.5,standard,2026-07-04T00:44:58Z
109,30,14,62.5,standard,2026-07-04T00:44:58Z
109,30,15,62.5,standard,2026-07-04T00:44:58Z
109,30,16,62.5,standard,2026-07-04T00:44:58Z
109,30,17,62.5,standard,2026-07-04T00:44:58Z
109,30,18,62.5,standard,2026-07-04T00:44:58Z
109,30,19,62.5,standard,2026-07-04T00:44:58Z
109,30,2,62.5,standard,2026-07-04T00:44:58Z
109,30,3,62.5,standard,2026-07-04T00:44:58Z
109,30,4,62.5,standard,2026-07-04T00:44:58Z
109,30,5,62.5,standard,2026-07-04T00:44:58Z
109,30,6,62.5,standard,2026-07-04T00:44:58Z
109,30,7,62.5,standard,2026-07-04T00:44:58Z
109,30,8,62.5,standard,2026-07-04T00:44:58Z
109,30,9,62.5,standard,2026-07-04T00:44:58Z
109,31,10,62.5,standard,2026-07-04T00:44:58Z
109,31,11,62.5,standard,2026-07-04T00:44:58Z
109,31,12,62.5,standard,2026-07-04T00:44:58Z
109,31,13,62.5,standard,2026-07-04T00:44:58Z
109,31,14,62.5,standard,2026-07-04T00:44:58Z
109,31,15,62.5,standard,2026-07-04T00:44:58Z
109,31,16,62.5,standard,2026-07-04T00:44:58Z
109,31,17,62.5,standard,2026-07-04T00:44:58Z
109,31,18,62.5,standard,2026-07-04T00:44:58Z
109,31,19,62.5,standard,2026-07-04T00:44:58Z
109,31,20,62.5,standard,2026-07-04T00:44:58Z
109,31,6,62.5,standard,2026-07-04T00:44:58Z
109,31,7,62.5,standard,2026-07-04T00:44:58Z
109,31,8,62.5,standard,2026-07-04T00:44:58Z
109,31,9,62.5,standard,2026-07-04T00:44:58Z
109,32,10,62.5,standard,2026-07-04T00:44:58Z
109,32,11,62.5,standard,2026-07-04T00:44:58Z
109,32,12,62.5,standard,2026-07-04T00:44:58Z
109,32,13,62.5,standard,2026-07-04T00:44:58Z
109,32,14,62.5,standard,2026-07-04T00:44:58Z
109,32,15,62.5,standard,2026-07-04T00:44:58Z
109,32,16,62.5,standard,2026-07-04T00:44:58Z
109,32,17,62.5,standard,2026-07-04T00:44:58Z
109,32,18,62.5,standard,2026-07-04T00:44:58Z
109,32,19,62.5,standard,2026-07-04T00:44:58Z
109,32,20,62.5,standard,2026-07-04T00:44:58Z
109,32,5,62.5,standard,2026-07-04T00:44:58Z
109,32,6,62.5,standard,2026-07-04T00:44:58Z
109,32,7,62.5,standard,2026-07-04T00:44:58Z
109,32,8,62.5,standard,2026-07-04T00:44:58Z
109,32,9,62.5,standard,2026-07-04T00:44:58Z
109,33,10,62.5,standard,2026-07-04T00:44:58Z
109,33,11,62.5,standard,2026-07-04T00:44:58Z
109,33,12,62.5,standard,2026-07-04T00:44:58Z
109,33,13,62.5,standard,2026-07-04T00:44:58Z
109,33,14,62.5,standard,2026-07-04T00:44:58Z
109,33,15,62.5,standard,2026-07-04T00:44:58Z
109,33,16,62.5,standard,2026-07-04T00:44:58Z
109,33,17,62.5,standard,2026-07-04T00:44:58Z
109,33,18,62.5,standard,2026-07-04T00:44:58Z
109,33,19,62.5,standard,2026-07-04T00:44:58Z
109,33,20,62.5,standard,2026-07-04T00:44:58Z
109,33,21,62.5,standard,2026-07-04T00:44:58Z
109,33,3,62.5,standard,2026-07-04T00:44:58Z
109,33,4,62.5,standard,2026-07-04T00:44:58Z
109,33,5,62.5,standard,2026-07-04T00:44:58Z
109,33,6,62.5,standard,2026-07-04T00:44:58Z
109,33,7,62.5,standard,2026-07-04T00:44:58Z
109,33,8,62.5,standard,2026-07-04T00:44:58Z
109,33,9,62.5,standard,2026-07-04T00:44:58Z
109,34,10,62.5,standard,2026-07-04T00:44:58Z
109,34,11,62.5,standard,2026-07-04T00:44:58Z
109,34,12,62.5,standard,2026-07-04T00:44:58Z
109,34,13,62.5,standard,2026-07-04T00:44:58Z
109,34,14,62.5,standard,2026-07-04T00:44:58Z
109,34,15,62.5,standard,2026-07-04T00:44:58Z
109,34,16,62.5,standard,2026-07-04T00:44:58Z
109,34,17,62.5,standard,2026-07-04T00:44:58Z
109,34,18,62.5,standard,2026-07-04T00:44:58Z
109,34,19,62.5,standard,2026-07-04T00:44:58Z
109,34,20,62.5,standard,2026-07-04T00:44:58Z
109,34,21,62.5,standard,2026-07-04T00:44:58Z
109,34,3,62.5,standard,2026-07-04T00:44:58Z
109,34,4,62.5,standard,2026-07-04T00:44:58Z
109,34,5,62.5,standard,2026-07-04T00:44:58Z
109,34,6,62.5,standard,2026-07-04T00:44:58Z
109,34,7,62.5,standard,2026-07-04T00:44:58Z
109,34,8,62.5,standard,2026-07-04T00:44:58Z
109,34,9,62.5,standard,2026-07-04T00:44:58Z
109,35,10,62.5,standard,2026-07-04T00:44:58Z
109,35,11,62.5,standard,2026-07-04T00:44:58Z
109,35,12,62.5,standard,2026-07-04T00:44:58Z
109,35,13,62.5,standard,2026-07-04T00:44:58Z
109,35,14,62.5,standard,2026-07-04T00:44:58Z
109,35,15,62.5,standard,2026-07-04T00:44:58Z
109,35,16,62.5,standard,2026-07-04T00:44:58Z
109,35,17,62.5,standard,2026-07-04T00:44:58Z
109,35,18,62.5,standard,2026-07-04T00:44:58Z
109,35,19,62.5,standard,2026-07-04T00:44:58Z
109,35,20,62.5,standard,2026-07-04T00:44:58Z
109,35,21,62.5,standard,2026-07-04T00:44:58Z
109,35,22,62.5,standard,2026-07-04T00:44:58Z
109,35,3,62.5,standard,2026-07-04T00:44:58Z
109,35,4,62.5,standard,2026-07-04T00:44:58Z
109,35,5,62.5,standard,2026-07-04T00:44:58Z
109,35,6,62.5,standard,2026-07-04T00:44:58Z
109,35,7,62.5,standard,2026-07-04T00:44:58Z
109,35,8,62.5,standard,2026-07-04T00:44:58Z
109,35,9,62.5,standard,2026-07-04T00:44:58Z
109,36,10,62.5,standard,2026-07-04T00:44:58Z
109,36,11,62.5,standard,2026-07-04T00:44:58Z
109,36,12,62.5,standard,2026-07-04T00:44:58Z
109,36,13,62.5,standard,2026-07-04T00:44:58Z
109,36,14,62.5,standard,2026-07-04T00:44:58Z
109,36,15,62.5,standard,2026-07-04T00:44:58Z
109,36,16,62.5,standard,2026-07-04T00:44:58Z
109,36,17,62.5,standard,2026-07-04T00:44:58Z
109,36,18,62.5,standard,2026-07-04T00:44:58Z
109,36,19,62.5,standard,2026-07-04T00:44:58Z
109,36,20,62.5,standard,2026-07-04T00:44:58Z
109,36,21,62.5,standard,2026-07-04T00:44:58Z
109,36,22,62.5,standard,2026-07-04T00:44:58Z
109,36,3,62.5,standard,2026-07-04T00:44:58Z
109,36,4,62.5,standard,2026-07-04T00:44:58Z
109,36,5,62.5,standard,2026-07-04T00:44:58Z
109,36,6,62.5,standard,2026-07-04T00:44:58Z
109,36,7,62.5,standard,2026-07-04T00:44:58Z
109,36,8,62.5,standard,2026-07-04T00:44:58Z
109,36,9,62.5,standard,2026-07-04T00:44:58Z
109,38,10,62.5,standard,2026-07-04T00:44:58Z
109,38,11,62.5,standard,2026-07-04T00:44:58Z
109,38,12,62.5,standard,2026-07-04T00:44:58Z
109,38,13,62.5,standard,2026-07-04T00:44:58Z
109,38,14,62.5,standard,2026-07-04T00:44:58Z
109,38,15,62.5,standard,2026-07-04T00:44:58Z
109,38,16,62.5,standard,2026-07-04T00:44:58Z
109,38,17,62.5,standard,2026-07-04T00:44:58Z
109,38,18,62.5,standard,2026-07-04T00:44:58Z
109,38,19,62.5,standard,2026-07-04T00:44:58Z
109,38,20,62.5,standard,2026-07-04T00:44:58Z
109,38,21,62.5,standard,2026-07-04T00:44:58Z
109,38,22,62.5,standard,2026-07-04T00:44:58Z
109,38,23,62.5,standard,2026-07-04T00:44:58Z
109,38,3,62.5,standard,2026-07-04T00:44:58Z
109,38,4,62.5,standard,2026-07-04T00:44:58Z
109,38,5,62.5,standard,2026-07-04T00:44:58Z
109,38,6,62.5,standard,2026-07-04T00:44:58Z
109,38,7,62.5,standard,2026-07-04T00:44:58Z
109,38,8,62.5,standard,2026-07-04T00:44:58Z
109,38,9,62.5,standard,2026-07-04T00:44:58Z
109,39,10,62.5,standard,2026-07-04T00:44:58Z
109,39,11,62.5,standard,2026-07-04T00:44:58Z
109,39,12,62.5,standard,2026-07-04T00:44:58Z
109,39,13,62.5,standard,2026-07-04T00:44:58Z
109,39,14,62.5,standard,2026-07-04T00:44:58Z
109,39,15,62.5,standard,2026-07-04T00:44:58Z
109,39,16,62.5,standard,2026-07-04T00:44:58Z
109,39,17,62.5,standard,2026-07-04T00:44:58Z
109,39,18,62.5,standard,2026-07-04T00:44:58Z
109,39,19,62.5,standard,2026-07-04T00:44:58Z
109,39,20,62.5,standard,2026-07-04T00:44:58Z
109,39,21,62.5,standard,2026-07-04T00:44:58Z
109,39,22,62.5,standard,2026-07-04T00:44:58Z
109,39,23,62.5,standard,2026-07-04T00:44:58Z
109,39,3,62.5,standard,2026-07-04T00:44:58Z
109,39,4,62.5,standard,2026-07-04T00:44:58Z
109,39,5,62.5,standard,2026-07-04T00:44:58Z
109,39,6,62.5,standard,2026-07-04T00:44:58Z
109,39,7,62.5,standard,2026-07-04T00:44:58Z
109,39,8,62.5,standard,2026-07-04T00:44:58Z
109,39,9,62.5,standard,2026-07-04T00:44:58Z
109W,40,2,62.5,standard,2026-07-04T00:44:58Z
109W,40,3,62.5,standard,2026-07-04T00:44:58Z
109W,40,4,62.5,standard,2026-07-04T00:44:58Z
109W,40,5,62.5,standard,2026-07-04T00:44:58Z
109W,40,6,62.5,standard,2026-07-04T00:44:58Z
109W,40,7,62.5,standard,2026-07-04T00:44:58Z
109W,40,8,62.5,standard,2026-07-04T00:44:58Z
110,17,1,62.5,standard,2026-07-04T00:44:58Z
110,17,2,62.5,standard,2026-07-04T00:44:58Z
110,10,1,62.5,standard,2026-07-04T00:44:58Z
110,10,2,62.5,standard,2026-07-04T00:44:58Z
110,11,3,62.5,standard,2026-07-04T00:44:58Z
110,11,4,62.5,standard,2026-07-04T00:44:58Z
110,13,3,62.5,standard,2026-07-04T00:44:58Z
110,13,4,62.5,standard,2026-07-04T00:44:58Z
110,14,1,62.5,standard,2026-07-04T00:44:58Z
110,14,2,62.5,standard,2026-07-04T00:44:58Z
110,14,3,62.5,standard,2026-07-04T00:44:58Z
110,14,4,62.5,standard,2026-07-04T00:44:58Z
110,14,5,62.5,standard,2026-07-04T00:44:58Z
110,14,6,62.5,standard,2026-07-04T00:44:58Z
110,14,7,62.5,standard,2026-07-04T00:44:58Z
110,14,8,62.5,standard,2026-07-04T00:44:58Z
110,14,9,62.5,standard,2026-07-04T00:44:58Z
110,16,7,62.5,standard,2026-07-04T00:44:58Z
110,16,8,62.5,standard,2026-07-04T00:44:58Z
110,27,10,62.5,standard,2026-07-04T00:44:58Z
110,27,11,62.5,standard,2026-07-04T00:44:58Z
110,27,12,62.5,standard,2026-07-04T00:44:58Z
110,27,13,62.5,standard,2026-07-04T00:44:58Z
110,27,14,62.5,standard,2026-07-04T00:44:58Z
110,27,15,62.5,standard,2026-07-04T00:44:58Z
110,27,16,62.5,standard,2026-07-04T00:44:58Z
110,27,2,62.5,standard,2026-07-04T00:44:58Z
110,27,3,62.5,standard,2026-07-04T00:44:58Z
110,27,4,62.5,standard,2026-07-04T00:44:58Z
110,27,5,62.5,standard,2026-07-04T00:44:58Z
110,27,6,62.5,standard,2026-07-04T00:44:58Z
110,27,7,62.5,standard,2026-07-04T00:44:58Z
110,27,8,62.5,standard,2026-07-04T00:44:58Z
110,27,9,62.5,standard,2026-07-04T00:44:58Z
110,22,10,62.5,standard,2026-07-04T00:44:58Z
110,22,11,62.5,standard,2026-07-04T00:44:58Z
110,22,2,62.5,standard,2026-07-04T00:44:58Z
110,22,3,62.5,standard,2026-07-04T00:44:58Z
110,22,4,62.5,standard,2026-07-04T00:44:58Z
110,22,5,62.5,standard,2026-07-04T00:44:58Z
110,22,6,62.5,standard,2026-07-04T00:44:58Z
110,22,7,62.5,standard,2026-07-04T00:44:58Z
110,22,8,62.5,standard,2026-07-04T00:44:58Z
110,22,9,62.5,standard,2026-07-04T00:44:58Z
110,23,1,62.5,standard,2026-07-04T00:44:58Z
110,23,2,62.5,standard,2026-07-04T00:44:58Z
110,23,3,62.5,standard,2026-07-04T00:44:58Z
110,23,4,62.5,standard,2026-07-04T00:44:58Z
110,23,5,62.5,standard,2026-07-04T00:44:58Z
110,23,6,62.5,standard,2026-07-04T00:44:58Z
110,23,7,62.5,standard,2026-07-04T00:44:58Z
110,23,8,62.5,standard,2026-07-04T00:44:58Z
110,23,9,62.5,standard,2026-07-04T00:44:58Z
110,24,10,62.5,standard,2026-07-04T00:44:58Z
110,24,11,62.5,standard,2026-07-04T00:44:58Z
110,24,12,62.5,standard,2026-07-04T00:44:58Z
110,24,13,62.5,standard,2026-07-04T00:44:58Z
110,24,14,62.5,standard,2026-07-04T00:44:58Z
110,24,2,62.5,standard,2026-07-04T00:44:58Z
110,24,3,62.5,standard,2026-07-04T00:44:58Z
110,24,4,62.5,standard,2026-07-04T00:44:58Z
110,24,5,62.5,standard,2026-07-04T00:44:58Z
110,24,6,62.5,standard,2026-07-04T00:44:58Z
110,24,7,62.5,standard,2026-07-04T00:44:58Z
110,24,8,62.5,standard,2026-07-04T00:44:58Z
110,24,9,62.5,standard,2026-07-04T00:44:58Z
110,25,10,62.5,standard,2026-07-04T00:44:58Z
110,25,11,62.5,standard,2026-07-04T00:44:58Z
110,25,12,62.5,standard,2026-07-04T00:44:58Z
110,25,13,62.5,standard,2026-07-04T00:44:58Z
110,25,14,62.5,standard,2026-07-04T00:44:58Z
110,25,15,62.5,standard,2026-07-04T00:44:58Z
110,25,4,62.5,standard,2026-07-04T00:44:58Z
110,25,5,62.5,standard,2026-07-04T00:44:58Z
110,25,6,62.5,standard,2026-07-04T00:44:58Z
110,25,7,62.5,standard,2026-07-04T00:44:58Z
110,25,8,62.5,standard,2026-07-04T00:44:58Z
110,25,9,62.5,standard,2026-07-04T00:44:58Z
110,26,10,62.5,standard,2026-07-04T00:44:58Z
110,26,11,62.5,standard,2026-07-04T00:44:58Z
110,26,12,62.5,standard,2026-07-04T00:44:58Z
110,26,13,62.5,standard,2026-07-04T00:44:58Z
110,26,14,62.5,standard,2026-07-04T00:44:58Z
110,26,15,62.5,standard,2026-07-04T00:44:58Z
110,26,2,62.5,standard,2026-07-04T00:44:58Z
110,26,3,62.5,standard,2026-07-04T00:44:58Z
110,26,4,62.5,standard,2026-07-04T00:44:58Z
110,26,5,62.5,standard,2026-07-04T00:44:58Z
110,26,6,62.5,standard,2026-07-04T00:44:58Z
110,26,7,62.5,standard,2026-07-04T00:44:58Z
110,26,8,62.5,standard,2026-07-04T00:44:58Z
110,26,9,62.5,standard,2026-07-04T00:44:58Z
110,28,10,62.5,standard,2026-07-04T00:44:58Z
110,28,11,62.5,standard,2026-07-04T00:44:58Z
110,28,12,62.5,standard,2026-07-04T00:44:58Z
110,28,13,62.5,standard,2026-07-04T00:44:58Z
110,28,14,62.5,standard,2026-07-04T00:44:58Z
110,28,15,62.5,standard,2026-07-04T00:44:58Z
110,28,16,62.5,standard,2026-07-04T00:44:58Z
110,28,2,62.5,standard,2026-07-04T00:44:58Z
110,28,3,62.5,standard,2026-07-04T00:44:58Z
110,28,4,62.5,standard,2026-07-04T00:44:58Z
110,28,5,62.5,standard,2026-07-04T00:44:58Z
110,28,6,62.5,standard,2026-07-04T00:44:58Z
110,28,7,62.5,standard,2026-07-04T00:44:58Z
110,28,8,62.5,standard,2026-07-04T00:44:58Z
110,28,9,62.5,standard,2026-07-04T00:44:58Z
110,29,10,62.5,standard,2026-07-04T00:44:58Z
110,29,11,62.5,standard,2026-07-04T00:44:58Z
110,29,12,62.5,standard,2026-07-04T00:44:58Z
110,29,13,62.5,standard,2026-07-04T00:44:58Z
110,29,14,62.5,standard,2026-07-04T00:44:58Z
110,29,15,62.5,standard,2026-07-04T00:44:58Z
110,29,16,62.5,standard,2026-07-04T00:44:58Z
110,29,2,62.5,standard,2026-07-04T00:44:58Z
110,29,3,62.5,standard,2026-07-04T00:44:58Z
110,29,4,62.5,standard,2026-07-04T00:44:58Z
110,29,5,62.5,standard,2026-07-04T00:44:58Z
110,29,6,62.5,standard,2026-07-04T00:44:58Z
110,29,7,62.5,standard,2026-07-04T00:44:58Z
110,29,8,62.5,standard,2026-07-04T00:44:58Z
110,29,9,62.5,standard,2026-07-04T00:44:58Z
110,37,10,62.5,standard,2026-07-04T00:44:58Z
110,37,11,62.5,standard,2026-07-04T00:44:58Z
110,37,12,62.5,standard,2026-07-04T00:44:58Z
110,37,13,62.5,standard,2026-07-04T00:44:58Z
110,37,14,62.5,standard,2026-07-04T00:44:58Z
110,37,15,62.5,standard,2026-07-04T00:44:58Z
110,37,16,62.5,standard,2026-07-04T00:44:58Z
110,37,17,62.5,standard,2026-07-04T00:44:58Z
110,37,18,62.5,standard,2026-07-04T00:44:58Z
110,37,19,62.5,standard,2026-07-04T00:44:58Z
110,37,20,62.5,standard,2026-07-04T00:44:58Z
110,37,3,62.5,standard,2026-07-04T00:44:58Z
110,37,4,62.5,standard,2026-07-04T00:44:58Z
110,37,5,62.5,standard,2026-07-04T00:44:58Z
110,37,6,62.5,standard,2026-07-04T00:44:58Z
110,37,7,62.5,standard,2026-07-04T00:44:58Z
110,37,8,62.5,standard,2026-07-04T00:44:58Z
110,37,9,62.5,standard,2026-07-04T00:44:58Z
110,30,10,62.5,standard,2026-07-04T00:44:58Z
110,30,11,62.5,standard,2026-07-04T00:44:58Z
110,30,12,62.5,standard,2026-07-04T00:44:58Z
110,30,13,62.5,standard,2026-07-04T00:44:58Z
110,30,14,62.5,standard,2026-07-04T00:44:58Z
110,30,15,62.5,standard,2026-07-04T00:44:58Z
110,30,16,62.5,standard,2026-07-04T00:44:58Z
110,30,17,62.5,standard,2026-07-04T00:44:58Z
110,30,2,62.5,standard,2026-07-04T00:44:58Z
110,30,3,62.5,standard,2026-07-04T00:44:58Z
110,30,4,62.5,standard,2026-07-04T00:44:58Z
110,30,5,62.5,standard,2026-07-04T00:44:58Z
110,30,6,62.5,standard,2026-07-04T00:44:58Z
110,30,7,62.5,standard,2026-07-04T00:44:58Z
110,30,8,62.5,standard,2026-07-04T00:44:58Z
110,30,9,62.5,standard,2026-07-04T00:44:58Z
110,31,10,62.5,standard,2026-07-04T00:44:58Z
110,31,11,62.5,standard,2026-07-04T00:44:58Z
110,31,12,62.5,standard,2026-07-04T00:44:58Z
110,31,13,62.5,standard,2026-07-04T00:44:58Z
110,31,14,62.5,standard,2026-07-04T00:44:58Z
110,31,15,62.5,standard,2026-07-04T00:44:58Z
110,31,16,62.5,standard,2026-07-04T00:44:58Z
110,31,17,62.5,standard,2026-07-04T00:44:58Z
110,31,2,62.5,standard,2026-07-04T00:44:58Z
110,31,3,62.5,standard,2026-07-04T00:44:58Z
110,31,4,62.5,standard,2026-07-04T00:44:58Z
110,31,5,62.5,standard,2026-07-04T00:44:58Z
110,31,6,62.5,standard,2026-07-04T00:44:58Z
110,31,7,62.5,standard,2026-07-04T00:44:58Z
110,31,8,62.5,standard,2026-07-04T00:44:58Z
110,31,9,62.5,standard,2026-07-04T00:44:58Z
110,32,10,62.5,standard,2026-07-04T00:44:58Z
110,32,11,62.5,standard,2026-07-04T00:44:58Z
110,32,12,62.5,standard,2026-07-04T00:44:58Z
110,32,13,62.5,standard,2026-07-04T00:44:58Z
110,32,14,62.5,standard,2026-07-04T00:44:58Z
110,32,15,62.5,standard,2026-07-04T00:44:58Z
110,32,16,62.5,standard,2026-07-04T00:44:58Z
110,32,17,62.5,standard,2026-07-04T00:44:58Z
110,32,18,62.5,standard,2026-07-04T00:44:58Z
110,32,2,62.5,standard,2026-07-04T00:44:58Z
110,32,3,62.5,standard,2026-07-04T00:44:58Z
110,32,4,62.5,standard,2026-07-04T00:44:58Z
110,32,5,62.5,standard,2026-07-04T00:44:58Z
110,32,6,62.5,standard,2026-07-04T00:44:58Z
110,32,7,62.5,standard,2026-07-04T00:44:58Z
110,32,8,62.5,standard,2026-07-04T00:44:58Z
110,32,9,62.5,standard,2026-07-04T00:44:58Z
110,33,10,62.5,standard,2026-07-04T00:44:58Z
110,33,11,62.5,standard,2026-07-04T00:44:58Z
110,33,12,62.5,standard,2026-07-04T00:44:58Z
110,33,13,62.5,standard,2026-07-04T00:44:58Z
110,33,14,62.5,standard,2026-07-04T00:44:58Z
110,33,15,62.5,standard,2026-07-04T00:44:58Z
110,33,16,62.5,standard,2026-07-04T00:44:58Z
110,33,17,62.5,standard,2026-07-04T00:44:58Z
110,33,18,62.5,standard,2026-07-04T00:44:58Z
110,33,6,62.5,standard,2026-07-04T00:44:58Z
110,33,7,62.5,standard,2026-07-04T00:44:58Z
110,33,8,62.5,standard,2026-07-04T00:44:58Z
110,33,9,62.5,standard,2026-07-04T00:44:58Z
110,34,10,62.5,standard,2026-07-04T00:44:58Z
110,34,11,62.5,standard,2026-07-04T00:44:58Z
110,34,12,62.5,standard,2026-07-04T00:44:58Z
110,34,13,62.5,standard,2026-07-04T00:44:58Z
110,34,14,62.5,standard,2026-07-04T00:44:58Z
110,34,15,62.5,standard,2026-07-04T00:44:58Z
110,34,16,62.5,standard,2026-07-04T00:44:58Z
110,34,17,62.5,standard,2026-07-04T00:44:58Z
110,34,18,62.5,standard,2026-07-04T00:44:58Z
110,34,19,62.5,standard,2026-07-04T00:44:58Z
110,34,2,62.5,standard,2026-07-04T00:44:58Z
110,34,3,62.5,standard,2026-07-04T00:44:58Z
110,34,4,62.5,standard,2026-07-04T00:44:58Z
110,34,5,62.5,standard,2026-07-04T00:44:58Z
110,34,6,62.5,standard,2026-07-04T00:44:58Z
110,34,7,62.5,standard,2026-07-04T00:44:58Z
110,34,8,62.5,standard,2026-07-04T00:44:58Z
110,34,9,62.5,standard,2026-07-04T00:44:58Z
110,35,10,62.5,standard,2026-07-04T00:44:58Z
110,35,11,62.5,standard,2026-07-04T00:44:58Z
110,35,12,62.5,standard,2026-07-04T00:44:58Z
110,35,13,62.5,standard,2026-07-04T00:44:58Z
110,35,14,62.5,standard,2026-07-04T00:44:58Z
110,35,15,62.5,standard,2026-07-04T00:44:58Z
110,35,16,62.5,standard,2026-07-04T00:44:58Z
110,35,17,62.5,standard,2026-07-04T00:44:58Z
110,35,18,62.5,standard,2026-07-04T00:44:58Z
110,35,19,62.5,standard,2026-07-04T00:44:58Z
110,35,2,62.5,standard,2026-07-04T00:44:58Z
110,35,3,62.5,standard,2026-07-04T00:44:58Z
110,35,4,62.5,standard,2026-07-04T00:44:58Z
110,35,5,62.5,standard,2026-07-04T00:44:58Z
110,35,6,62.5,standard,2026-07-04T00:44:58Z
110,35,7,62.5,standard,2026-07-04T00:44:58Z
110,35,8,62.5,standard,2026-07-04T00:44:58Z
110,35,9,62.5,standard,2026-07-04T00:44:58Z
110,36,10,62.5,standard,2026-07-04T00:44:58Z
110,36,11,62.5,standard,2026-07-04T00:44:58Z
110,36,12,62.5,standard,2026-07-04T00:44:58Z
110,36,13,62.5,standard,2026-07-04T00:44:58Z
110,36,14,62.5,standard,2026-07-04T00:44:58Z
110,36,15,62.5,standard,2026-07-04T00:44:58Z
110,36,16,62.5,standard,2026-07-04T00:44:58Z
110,36,17,62.5,standard,2026-07-04T00:44:58Z
110,36,18,62.5,standard,2026-07-04T00:44:58Z
110,36,19,62.5,standard,2026-07-04T00:44:58Z
110,36,20,62.5,standard,2026-07-04T00:44:58Z
110,36,3,62.5,standard,2026-07-04T00:44:58Z
110,36,4,62.5,standard,2026-07-04T00:44:58Z
110,36,5,62.5,standard,2026-07-04T00:44:58Z
110,36,6,62.5,standard,2026-07-04T00:44:58Z
110,36,7,62.5,standard,2026-07-04T00:44:58Z
110,36,8,62.5,standard,2026-07-04T00:44:58Z
110,36,9,62.5,standard,2026-07-04T00:44:58Z
110,38,10,62.5,standard,2026-07-04T00:44:58Z
110,38,11,62.5,standard,2026-07-04T00:44:58Z
110,38,12,62.5,standard,2026-07-04T00:44:58Z
110,38,13,62.5,standard,2026-07-04T00:44:58Z
110,38,14,62.5,standard,2026-07-04T00:44:58Z
110,38,15,62.5,standard,2026-07-04T00:44:58Z
110,38,16,62.5,standard,2026-07-04T00:44:58Z
110,38,17,62.5,standard,2026-07-04T00:44:58Z
110,38,18,62.5,standard,2026-07-04T00:44:58Z
110,38,19,62.5,standard,2026-07-04T00:44:58Z
110,38,20,62.5,standard,2026-07-04T00:44:58Z
110,38,21,62.5,standard,2026-07-04T00:44:58Z
110,38,3,62.5,standard,2026-07-04T00:44:58Z
110,38,4,62.5,standard,2026-07-04T00:44:58Z
110,38,5,62.5,standard,2026-07-04T00:44:58Z
110,38,6,62.5,standard,2026-07-04T00:44:58Z
110,38,7,62.5,standard,2026-07-04T00:44:58Z
110,38,8,62.5,standard,2026-07-04T00:44:58Z
110,38,9,62.5,standard,2026-07-04T00:44:58Z
110,39,10,62.5,standard,2026-07-04T00:44:58Z
110,39,11,62.5,standard,2026-07-04T00:44:58Z
110,39,12,62.5,standard,2026-07-04T00:44:58Z
110,39,13,62.5,standard,2026-07-04T00:44:58Z
110,39,14,62.5,standard,2026-07-04T00:44:58Z
110,39,15,62.5,standard,2026-07-04T00:44:58Z
110,39,16,62.5,standard,2026-07-04T00:44:58Z
110,39,17,62.5,standard,2026-07-04T00:44:58Z
110,39,2,62.5,standard,2026-07-04T00:44:58Z
110,39,3,62.5,standard,2026-07-04T00:44:58Z
110,39,4,62.5,standard,2026-07-04T00:44:58Z
110,39,5,62.5,standard,2026-07-04T00:44:58Z
110,39,6,62.5,standard,2026-07-04T00:44:58Z
110,39,7,62.5,standard,2026-07-04T00:44:58Z
110,39,8,62.5,standard,2026-07-04T00:44:58Z
110,39,9,62.5,standard,2026-07-04T00:44:58Z
110,9,4,62.5,standard,2026-07-04T00:44:58Z
110,9,5,62.5,standard,2026-07-04T00:44:58Z
110,9,6,62.5,standard,2026-07-04T00:44:58Z
110,9,3,62.5,standard,2026-07-04T00:44:58Z
110W,40,10,62.5,standard,2026-07-04T00:44:58Z
110W,40,11,62.5,standard,2026-07-04T00:44:58Z
110W,40,12,62.5,standard,2026-07-04T00:44:58Z
110W,40,5,62.5,standard,2026-07-04T00:44:58Z
110W,40,6,62.5,standard,2026-07-04T00:44:58Z
110W,40,7,62.5,standard,2026-07-04T00:44:58Z
110W,40,8,62.5,standard,2026-07-04T00:44:58Z
110W,40,9,62.5,standard,2026-07-04T00:44:58Z
111,17,14,62.5,standard,2026-07-04T00:44:58Z
111,17,15,62.5,standard,2026-07-04T00:44:58Z
111,17,16,62.5,standard,2026-07-04T00:44:58Z
111,17,17,62.5,standard,2026-07-04T00:44:58Z
111,12,3,62.5,standard,2026-07-04T00:44:58Z
111,12,4,62.5,standard,2026-07-04T00:44:58Z
111,12,5,62.5,standard,2026-07-04T00:44:58Z
111,12,6,62.5,standard,2026-07-04T00:44:58Z
111,13,5,62.5,standard,2026-07-04T00:44:58Z
111,13,6,62.5,standard,2026-07-04T00:44:58Z
111,13,7,62.5,standard,2026-07-04T00:44:58Z
111,13,8,62.5,standard,2026-07-04T00:44:58Z
111,14,14,62.5,standard,2026-07-04T00:44:58Z
111,18,17,62.5,standard,2026-07-04T00:44:58Z
111,18,18,62.5,standard,2026-07-04T00:44:58Z
111,19,10,62.5,standard,2026-07-04T00:44:58Z
111,19,11,62.5,standard,2026-07-04T00:44:58Z
111,19,12,62.5,standard,2026-07-04T00:44:58Z
111,19,13,62.5,standard,2026-07-04T00:44:58Z
111,19,7,62.5,standard,2026-07-04T00:44:58Z
111,19,8,62.5,standard,2026-07-04T00:44:58Z
111,19,9,62.5,standard,2026-07-04T00:44:58Z
111,27,10,62.5,standard,2026-07-04T00:44:58Z
111,27,11,62.5,standard,2026-07-04T00:44:58Z
111,27,12,62.5,standard,2026-07-04T00:44:58Z
111,27,13,62.5,standard,2026-07-04T00:44:58Z
111,27,14,62.5,standard,2026-07-04T00:44:58Z
111,27,15,62.5,standard,2026-07-04T00:44:58Z
111,27,16,62.5,standard,2026-07-04T00:44:58Z
111,27,17,62.5,standard,2026-07-04T00:44:58Z
111,27,18,62.5,standard,2026-07-04T00:44:58Z
111,27,19,62.5,standard,2026-07-04T00:44:58Z
111,27,20,62.5,standard,2026-07-04T00:44:58Z
111,27,4,62.5,standard,2026-07-04T00:44:58Z
111,27,5,62.5,standard,2026-07-04T00:44:58Z
111,27,6,62.5,standard,2026-07-04T00:44:58Z
111,27,7,62.5,standard,2026-07-04T00:44:58Z
111,27,8,62.5,standard,2026-07-04T00:44:58Z
111,27,9,62.5,standard,2026-07-04T00:44:58Z
111,20,10,62.5,standard,2026-07-04T00:44:58Z
111,20,11,62.5,standard,2026-07-04T00:44:58Z
111,20,12,62.5,standard,2026-07-04T00:44:58Z
111,20,13,62.5,standard,2026-07-04T00:44:58Z
111,20,8,62.5,standard,2026-07-04T00:44:58Z
111,20,9,62.5,standard,2026-07-04T00:44:58Z
111,21,10,62.5,standard,2026-07-04T00:44:58Z
111,21,11,62.5,standard,2026-07-04T00:44:58Z
111,21,12,62.5,standard,2026-07-04T00:44:58Z
111,21,13,62.5,standard,2026-07-04T00:44:58Z
111,21,14,62.5,standard,2026-07-04T00:44:58Z
111,21,15,62.5,standard,2026-07-04T00:44:58Z
111,21,16,62.5,standard,2026-07-04T00:44:58Z
111,21,7,62.5,standard,2026-07-04T00:44:58Z
111,21,8,62.5,standard,2026-07-04T00:44:58Z
111,21,9,62.5,standard,2026-07-04T00:44:58Z
111,22,10,62.5,standard,2026-07-04T00:44:58Z
111,22,11,62.5,standard,2026-07-04T00:44:58Z
111,22,12,62.5,standard,2026-07-04T00:44:58Z
111,22,13,62.5,standard,2026-07-04T00:44:58Z
111,22,14,62.5,standard,2026-07-04T00:44:58Z
111,22,8,62.5,standard,2026-07-04T00:44:58Z
111,22,9,62.5,standard,2026-07-04T00:44:58Z
111,23,10,62.5,standard,2026-07-04T00:44:58Z
111,23,11,62.5,standard,2026-07-04T00:44:58Z
111,23,12,62.5,standard,2026-07-04T00:44:58Z
111,23,13,62.5,standard,2026-07-04T00:44:58Z
111,23,14,62.5,standard,2026-07-04T00:44:58Z
111,23,7,62.5,standard,2026-07-04T00:44:58Z
111,23,8,62.5,standard,2026-07-04T00:44:58Z
111,23,9,62.5,standard,2026-07-04T00:44:58Z
111,24,10,62.5,standard,2026-07-04T00:44:58Z
111,24,11,62.5,standard,2026-07-04T00:44:58Z
111,24,12,62.5,standard,2026-07-04T00:44:58Z
111,24,13,62.5,standard,2026-07-04T00:44:58Z
111,24,14,62.5,standard,2026-07-04T00:44:58Z
111,24,15,62.5,standard,2026-07-04T00:44:58Z
111,24,16,62.5,standard,2026-07-04T00:44:58Z
111,24,17,62.5,standard,2026-07-04T00:44:58Z
111,24,18,62.5,standard,2026-07-04T00:44:58Z
111,24,19,62.5,standard,2026-07-04T00:44:58Z
111,24,20,62.5,standard,2026-07-04T00:44:58Z
111,24,7,62.5,standard,2026-07-04T00:44:58Z
111,24,8,62.5,standard,2026-07-04T00:44:58Z
111,24,9,62.5,standard,2026-07-04T00:44:58Z
111,25,14,62.5,standard,2026-07-04T00:44:58Z
111,25,15,62.5,standard,2026-07-04T00:44:58Z
111,25,16,62.5,standard,2026-07-04T00:44:58Z
111,26,10,62.5,standard,2026-07-04T00:44:58Z
111,26,11,62.5,standard,2026-07-04T00:44:58Z
111,26,12,62.5,standard,2026-07-04T00:44:58Z
111,26,13,62.5,standard,2026-07-04T00:44:58Z
111,26,14,62.5,standard,2026-07-04T00:44:58Z
111,26,15,62.5,standard,2026-07-04T00:44:58Z
111,26,16,62.5,standard,2026-07-04T00:44:58Z
111,26,17,62.5,standard,2026-07-04T00:44:58Z
111,26,18,62.5,standard,2026-07-04T00:44:58Z
111,26,19,62.5,standard,2026-07-04T00:44:58Z
111,26,20,62.5,standard,2026-07-04T00:44:58Z
111,26,3,62.5,standard,2026-07-04T00:44:58Z
111,26,4,62.5,standard,2026-07-04T00:44:58Z
111,26,5,62.5,standard,2026-07-04T00:44:58Z
111,26,6,62.5,standard,2026-07-04T00:44:58Z
111,26,7,62.5,standard,2026-07-04T00:44:58Z
111,26,8,62.5,standard,2026-07-04T00:44:58Z
111,26,9,62.5,standard,2026-07-04T00:44:58Z
111,28,10,62.5,standard,2026-07-04T00:44:58Z
111,28,11,62.5,standard,2026-07-04T00:44:58Z
111,28,12,62.5,standard,2026-07-04T00:44:58Z
111,28,13,62.5,standard,2026-07-04T00:44:58Z
111,28,14,62.5,standard,2026-07-04T00:44:58Z
111,28,15,62.5,standard,2026-07-04T00:44:58Z
111,28,16,62.5,standard,2026-07-04T00:44:58Z
111,28,17,62.5,standard,2026-07-04T00:44:58Z
111,28,18,62.5,standard,2026-07-04T00:44:58Z
111,28,19,62.5,standard,2026-07-04T00:44:58Z
111,28,20,62.5,standard,2026-07-04T00:44:58Z
111,28,3,62.5,standard,2026-07-04T00:44:58Z
111,28,4,62.5,standard,2026-07-04T00:44:58Z
111,28,5,62.5,standard,2026-07-04T00:44:58Z
111,28,6,62.5,standard,2026-07-04T00:44:58Z
111,28,7,62.5,standard,2026-07-04T00:44:58Z
111,28,8,62.5,standard,2026-07-04T00:44:58Z
111,28,9,62.5,standard,2026-07-04T00:44:58Z
111,29,10,62.5,standard,2026-07-04T00:44:58Z
111,29,11,62.5,standard,2026-07-04T00:44:58Z
111,29,12,62.5,standard,2026-07-04T00:44:58Z
111,29,13,62.5,standard,2026-07-04T00:44:58Z
111,29,14,62.5,standard,2026-07-04T00:44:58Z
111,29,15,62.5,standard,2026-07-04T00:44:58Z
111,29,16,62.5,standard,2026-07-04T00:44:58Z
111,29,17,62.5,standard,2026-07-04T00:44:58Z
111,29,18,62.5,standard,2026-07-04T00:44:58Z
111,29,19,62.5,standard,2026-07-04T00:44:58Z
111,29,20,62.5,standard,2026-07-04T00:44:58Z
111,29,3,62.5,standard,2026-07-04T00:44:58Z
111,29,4,62.5,standard,2026-07-04T00:44:58Z
111,29,5,62.5,standard,2026-07-04T00:44:58Z
111,29,6,62.5,standard,2026-07-04T00:44:58Z
111,29,7,62.5,standard,2026-07-04T00:44:58Z
111,29,8,62.5,standard,2026-07-04T00:44:58Z
111,29,9,62.5,standard,2026-07-04T00:44:58Z
111,37,10,62.5,standard,2026-07-04T00:44:58Z
111,37,11,62.5,standard,2026-07-04T00:44:58Z
111,37,12,62.5,standard,2026-07-04T00:44:58Z
111,37,13,62.5,standard,2026-07-04T00:44:58Z
111,37,14,62.5,standard,2026-07-04T00:44:58Z
111,37,15,62.5,standard,2026-07-04T00:44:58Z
111,37,16,62.5,standard,2026-07-04T00:44:58Z
111,37,17,62.5,standard,2026-07-04T00:44:58Z
111,37,18,62.5,standard,2026-07-04T00:44:58Z
111,37,19,62.5,standard,2026-07-04T00:44:58Z
111,37,20,62.5,standard,2026-07-04T00:44:58Z
111,37,3,62.5,standard,2026-07-04T00:44:58Z
111,37,4,62.5,standard,2026-07-04T00:44:58Z
111,37,5,62.5,standard,2026-07-04T00:44:58Z
111,37,6,62.5,standard,2026-07-04T00:44:58Z
111,37,7,62.5,standard,2026-07-04T00:44:58Z
111,37,8,62.5,standard,2026-07-04T00:44:58Z
111,37,9,62.5,standard,2026-07-04T00:44:58Z
111,30,10,62.5,standard,2026-07-04T00:44:58Z
111,30,11,62.5,standard,2026-07-04T00:44:58Z
111,30,12,62.5,standard,2026-07-04T00:44:58Z
111,30,13,62.5,standard,2026-07-04T00:44:58Z
111,30,14,62.5,standard,2026-07-04T00:44:58Z
111,30,15,62.5,standard,2026-07-04T00:44:58Z
111,30,16,62.5,standard,2026-07-04T00:44:58Z
111,30,17,62.5,standard,2026-07-04T00:44:58Z
111,30,18,62.5,standard,2026-07-04T00:44:58Z
111,30,19,62.5,standard,2026-07-04T00:44:58Z
111,30,5,62.5,standard,2026-07-04T00:44:58Z
111,30,6,62.5,standard,2026-07-04T00:44:58Z
111,30,7,62.5,standard,2026-07-04T00:44:58Z
111,30,8,62.5,standard,2026-07-04T00:44:58Z
111,30,9,62.5,standard,2026-07-04T00:44:58Z
111,31,10,62.5,standard,2026-07-04T00:44:58Z
111,31,11,62.5,standard,2026-07-04T00:44:58Z
111,31,12,62.5,standard,2026-07-04T00:44:58Z
111,31,13,62.5,standard,2026-07-04T00:44:58Z
111,31,14,62.5,standard,2026-07-04T00:44:58Z
111,31,15,62.5,standard,2026-07-04T00:44:58Z
111,31,16,62.5,standard,2026-07-04T00:44:58Z
111,31,17,62.5,standard,2026-07-04T00:44:58Z
111,31,18,62.5,standard,2026-07-04T00:44:58Z
111,31,19,62.5,standard,2026-07-04T00:44:58Z
111,31,20,62.5,standard,2026-07-04T00:44:58Z
111,31,3,62.5,standard,2026-07-04T00:44:58Z
111,31,4,62.5,standard,2026-07-04T00:44:58Z
111,31,5,62.5,standard,2026-07-04T00:44:58Z
111,31,6,62.5,standard,2026-07-04T00:44:58Z
111,31,7,62.5,standard,2026-07-04T00:44:58Z
111,31,8,62.5,standard,2026-07-04T00:44:58Z
111,31,9,62.5,standard,2026-07-04T00:44:58Z
111,32,10,62.5,standard,2026-07-04T00:44:58Z
111,32,11,62.5,standard,2026-07-04T00:44:58Z
111,32,12,62.5,standard,2026-07-04T00:44:58Z
111,32,13,62.5,standard,2026-07-04T00:44:58Z
111,32,16,62.5,standard,2026-07-04T00:44:58Z
111,32,17,62.5,standard,2026-07-04T00:44:58Z
111,32,18,62.5,standard,2026-07-04T00:44:58Z
111,32,19,62.5,standard,2026-07-04T00:44:58Z
111,32,20,62.5,standard,2026-07-04T00:44:58Z
111,32,3,62.5,standard,2026-07-04T00:44:58Z
111,32,4,62.5,standard,2026-07-04T00:44:58Z
111,32,5,62.5,standard,2026-07-04T00:44:58Z
111,32,6,62.5,standard,2026-07-04T00:44:58Z
111,32,7,62.5,standard,2026-07-04T00:44:58Z
111,32,8,62.5,standard,2026-07-04T00:44:58Z
111,32,9,62.5,standard,2026-07-04T00:44:58Z
111,33,10,62.5,standard,2026-07-04T00:44:58Z
111,33,11,62.5,standard,2026-07-04T00:44:58Z
111,33,12,62.5,standard,2026-07-04T00:44:58Z
111,33,13,62.5,standard,2026-07-04T00:44:58Z
111,33,14,62.5,standard,2026-07-04T00:44:58Z
111,33,15,62.5,standard,2026-07-04T00:44:58Z
111,33,16,62.5,standard,2026-07-04T00:44:58Z
111,33,17,62.5,standard,2026-07-04T00:44:58Z
111,33,18,62.5,standard,2026-07-04T00:44:58Z
111,33,19,62.5,standard,2026-07-04T00:44:58Z
111,33,20,62.5,standard,2026-07-04T00:44:58Z
111,33,3,62.5,standard,2026-07-04T00:44:58Z
111,33,4,62.5,standard,2026-07-04T00:44:58Z
111,33,5,62.5,standard,2026-07-04T00:44:58Z
111,33,6,62.5,standard,2026-07-04T00:44:58Z
111,33,7,62.5,standard,2026-07-04T00:44:58Z
111,33,8,62.5,standard,2026-07-04T00:44:58Z
111,33,9,62.5,standard,2026-07-04T00:44:58Z
111,34,10,62.5,standard,2026-07-04T00:44:58Z
111,34,11,62.5,standard,2026-07-04T00:44:58Z
111,34,12,62.5,standard,2026-07-04T00:44:58Z
111,34,13,62.5,standard,2026-07-04T00:44:58Z
111,34,14,62.5,standard,2026-07-04T00:44:58Z
111,34,15,62.5,standard,2026-07-04T00:44:58Z
111,34,16,62.5,standard,2026-07-04T00:44:58Z
111,34,17,62.5,standard,2026-07-04T00:44:58Z
111,34,18,62.5,standard,2026-07-04T00:44:58Z
111,34,19,62.5,standard,2026-07-04T00:44:58Z
111,34,20,62.5,standard,2026-07-04T00:44:58Z
111,34,3,62.5,standard,2026-07-04T00:44:58Z
111,34,4,62.5,standard,2026-07-04T00:44:58Z
111,34,5,62.5,standard,2026-07-04T00:44:58Z
111,34,6,62.5,standard,2026-07-04T00:44:58Z
111,34,7,62.5,standard,2026-07-04T00:44:58Z
111,34,8,62.5,standard,2026-07-04T00:44:58Z
111,34,9,62.5,standard,2026-07-04T00:44:58Z
111,35,10,62.5,standard,2026-07-04T00:44:58Z
111,35,11,62.5,standard,2026-07-04T00:44:58Z
111,35,12,62.5,standard,2026-07-04T00:44:58Z
111,35,13,62.5,standard,2026-07-04T00:44:58Z
111,35,14,62.5,standard,2026-07-04T00:44:58Z
111,35,15,62.5,standard,2026-07-04T00:44:58Z
111,35,16,62.5,standard,2026-07-04T00:44:58Z
111,35,17,62.5,standard,2026-07-04T00:44:58Z
111,35,18,62.5,standard,2026-07-04T00:44:58Z
111,35,19,62.5,standard,2026-07-04T00:44:58Z
111,35,20,62.5,standard,2026-07-04T00:44:58Z
111,35,3,62.5,standard,2026-07-04T00:44:58Z
111,35,4,62.5,standard,2026-07-04T00:44:58Z
111,35,5,62.5,standard,2026-07-04T00:44:58Z
111,35,6,62.5,standard,2026-07-04T00:44:58Z
111,35,7,62.5,standard,2026-07-04T00:44:58Z
111,35,8,62.5,standard,2026-07-04T00:44:58Z
111,35,9,62.5,standard,2026-07-04T00:44:58Z
111,36,10,62.5,standard,2026-07-04T00:44:58Z
111,36,11,62.5,standard,2026-07-04T00:44:58Z
111,36,12,62.5,standard,2026-07-04T00:44:58Z
111,36,13,62.5,standard,2026-07-04T00:44:58Z
111,36,14,62.5,standard,2026-07-04T00:44:58Z
111,36,15,62.5,standard,2026-07-04T00:44:58Z
111,36,16,62.5,standard,2026-07-04T00:44:58Z
111,36,17,62.5,standard,2026-07-04T00:44:58Z
111,36,18,62.5,standard,2026-07-04T00:44:58Z
111,36,19,62.5,standard,2026-07-04T00:44:58Z
111,36,20,62.5,standard,2026-07-04T00:44:58Z
111,36,3,62.5,standard,2026-07-04T00:44:58Z
111,36,4,62.5,standard,2026-07-04T00:44:58Z
111,36,5,62.5,standard,2026-07-04T00:44:58Z
111,36,6,62.5,standard,2026-07-04T00:44:58Z
111,36,7,62.5,standard,2026-07-04T00:44:58Z
111,36,8,62.5,standard,2026-07-04T00:44:58Z
111,36,9,62.5,standard,2026-07-04T00:44:58Z
111,38,10,62.5,standard,2026-07-04T00:44:58Z
111,38,11,62.5,standard,2026-07-04T00:44:58Z
111,38,12,62.5,standard,2026-07-04T00:44:58Z
111,38,13,62.5,standard,2026-07-04T00:44:58Z
111,38,14,62.5,standard,2026-07-04T00:44:58Z
111,38,15,62.5,standard,2026-07-04T00:44:58Z
111,38,16,62.5,standard,2026-07-04T00:44:58Z
111,38,17,62.5,standard,2026-07-04T00:44:58Z
111,38,18,62.5,standard,2026-07-04T00:44:58Z
111,38,19,62.5,standard,2026-07-04T00:44:58Z
111,38,20,62.5,standard,2026-07-04T00:44:58Z
111,38,3,62.5,standard,2026-07-04T00:44:58Z
111,38,4,62.5,standard,2026-07-04T00:44:58Z
111,38,5,62.5,standard,2026-07-04T00:44:58Z
111,38,6,62.5,standard,2026-07-04T00:44:58Z
111,38,7,62.5,standard,2026-07-04T00:44:58Z
111,38,8,62.5,standard,2026-07-04T00:44:58Z
111,38,9,62.5,standard,2026-07-04T00:44:58Z
111,39,10,62.5,standard,2026-07-04T00:44:58Z
111,39,11,62.5,standard,2026-07-04T00:44:58Z
111,39,12,62.5,standard,2026-07-04T00:44:58Z
111,39,13,62.5,standard,2026-07-04T00:44:58Z
111,39,14,62.5,standard,2026-07-04T00:44:58Z
111,39,15,62.5,standard,2026-07-04T00:44:58Z
111,39,16,62.5,standard,2026-07-04T00:44:58Z
111,39,17,62.5,standard,2026-07-04T00:44:58Z
111,39,18,62.5,standard,2026-07-04T00:44:58Z
111,39,19,62.5,standard,2026-07-04T00:44:58Z
111,39,20,62.5,standard,2026-07-04T00:44:58Z
111,39,3,62.5,standard,2026-07-04T00:44:58Z
111,39,4,62.5,standard,2026-07-04T00:44:58Z
111,39,5,62.5,standard,2026-07-04T00:44:58Z
111,39,6,62.5,standard,2026-07-04T00:44:58Z
111,39,7,62.5,standard,2026-07-04T00:44:58Z
111,39,8,62.5,standard,2026-07-04T00:44:58Z
111,39,9,62.5,standard,2026-07-04T00:44:58Z
111,8,1,62.5,standard,2026-07-04T00:44:58Z
111,8,2,62.5,standard,2026-07-04T00:44:58Z
111W,40,8,62.5,standard,2026-07-04T00:44:58Z
112,10,15,62.5,standard,2026-07-04T00:44:58Z
112,10,16,62.5,standard,2026-07-04T00:44:58Z
112,11,10,62.5,standard,2026-07-04T00:44:58Z
112,11,11,62.5,standard,2026-07-04T00:44:58Z
112,11,9,62.5,standard,2026-07-04T00:44:58Z
112,12,9,62.5,standard,2026-07-04T00:44:58Z
112,13,7,62.5,standard,2026-07-04T00:44:58Z
112,13,8,62.5,standard,2026-07-04T00:44:58Z
112,16,11,62.5,standard,2026-07-04T00:44:58Z
112,16,12,62.5,standard,2026-07-04T00:44:58Z
112,16,13,62.5,standard,2026-07-04T00:44:58Z
112,19,14,62.5,standard,2026-07-04T00:44:58Z
112,19,15,62.5,standard,2026-07-04T00:44:58Z
112,27,10,62.5,standard,2026-07-04T00:44:58Z
112,27,11,62.5,standard,2026-07-04T00:44:58Z
112,27,12,62.5,standard,2026-07-04T00:44:58Z
112,27,13,62.5,standard,2026-07-04T00:44:58Z
112,27,14,62.5,standard,2026-07-04T00:44:58Z
112,27,15,62.5,standard,2026-07-04T00:44:58Z
112,27,16,62.5,standard,2026-07-04T00:44:58Z
112,27,17,62.5,standard,2026-07-04T00:44:58Z
112,27,2,62.5,standard,2026-07-04T00:44:58Z
112,27,3,62.5,standard,2026-07-04T00:44:58Z
112,27,4,62.5,standard,2026-07-04T00:44:58Z
112,27,5,62.5,standard,2026-07-04T00:44:58Z
112,27,6,62.5,standard,2026-07-04T00:44:58Z
112,27,7,62.5,standard,2026-07-04T00:44:58Z
112,27,8,62.5,standard,2026-07-04T00:44:58Z
112,27,9,62.5,standard,2026-07-04T00:44:58Z
112,23,10,62.5,standard,2026-07-04T00:44:58Z
112,23,11,62.5,standard,2026-07-04T00:44:58Z
112,23,12,62.5,standard,2026-07-04T00:44:58Z
112,23,4,62.5,standard,2026-07-04T00:44:58Z
112,23,5,62.5,standard,2026-07-04T00:44:58Z
112,23,6,62.5,standard,2026-07-04T00:44:58Z
112,23,7,62.5,standard,2026-07-04T00:44:58Z
112,23,8,62.5,standard,2026-07-04T00:44:58Z
112,23,9,62.5,standard,2026-07-04T00:44:58Z
112,24,10,62.5,standard,2026-07-04T00:44:58Z
112,24,11,62.5,standard,2026-07-04T00:44:58Z
112,24,12,62.5,standard,2026-07-04T00:44:58Z
112,24,13,62.5,standard,2026-07-04T00:44:58Z
112,24,4,62.5,standard,2026-07-04T00:44:58Z
112,24,5,62.5,standard,2026-07-04T00:44:58Z
112,24,6,62.5,standard,2026-07-04T00:44:58Z
112,24,7,62.5,standard,2026-07-04T00:44:58Z
112,24,8,62.5,standard,2026-07-04T00:44:58Z
112,24,9,62.5,standard,2026-07-04T00:44:58Z
112,25,10,62.5,standard,2026-07-04T00:44:58Z
112,25,11,62.5,standard,2026-07-04T00:44:58Z
112,25,12,62.5,standard,2026-07-04T00:44:58Z
112,25,13,62.5,standard,2026-07-04T00:44:58Z
112,25,14,62.5,standard,2026-07-04T00:44:58Z
112,25,15,62.5,standard,2026-07-04T00:44:58Z
112,25,16,62.5,standard,2026-07-04T00:44:58Z
112,25,17,62.5,standard,2026-07-04T00:44:58Z
112,25,2,62.5,standard,2026-07-04T00:44:58Z
112,25,3,62.5,standard,2026-07-04T00:44:58Z
112,25,4,62.5,standard,2026-07-04T00:44:58Z
112,25,5,62.5,standard,2026-07-04T00:44:58Z
112,25,6,62.5,standard,2026-07-04T00:44:58Z
112,25,7,62.5,standard,2026-07-04T00:44:58Z
112,25,8,62.5,standard,2026-07-04T00:44:58Z
112,25,9,62.5,standard,2026-07-04T00:44:58Z
112,26,10,62.5,standard,2026-07-04T00:44:58Z
112,26,11,62.5,standard,2026-07-04T00:44:58Z
112,26,12,62.5,standard,2026-07-04T00:44:58Z
112,26,13,62.5,standard,2026-07-04T00:44:58Z
112,26,14,62.5,standard,2026-07-04T00:44:58Z
112,26,15,62.5,standard,2026-07-04T00:44:58Z
112,26,16,62.5,standard,2026-07-04T00:44:58Z
112,26,5,62.5,standard,2026-07-04T00:44:58Z
112,26,6,62.5,standard,2026-07-04T00:44:58Z
112,26,7,62.5,standard,2026-07-04T00:44:58Z
112,26,8,62.5,standard,2026-07-04T00:44:58Z
112,26,9,62.5,standard,2026-07-04T00:44:58Z
112,28,10,62.5,standard,2026-07-04T00:44:58Z
112,28,11,62.5,standard,2026-07-04T00:44:58Z
112,28,12,62.5,standard,2026-07-04T00:44:58Z
112,28,13,62.5,standard,2026-07-04T00:44:58Z
112,28,14,62.5,standard,2026-07-04T00:44:58Z
112,28,15,62.5,standard,2026-07-04T00:44:58Z
112,28,16,62.5,standard,2026-07-04T00:44:58Z
112,28,17,62.5,standard,2026-07-04T00:44:58Z
112,28,2,62.5,standard,2026-07-04T00:44:58Z
112,28,3,62.5,standard,2026-07-04T00:44:58Z
112,28,4,62.5,standard,2026-07-04T00:44:58Z
112,28,5,62.5,standard,2026-07-04T00:44:58Z
112,28,6,62.5,standard,2026-07-04T00:44:58Z
112,28,7,62.5,standard,2026-07-04T00:44:58Z
112,28,8,62.5,standard,2026-07-04T00:44:58Z
112,28,9,62.5,standard,2026-07-04T00:44:58Z
112,29,10,62.5,standard,2026-07-04T00:44:58Z
112,29,11,62.5,standard,2026-07-04T00:44:58Z
112,29,12,62.5,standard,2026-07-04T00:44:58Z
112,29,13,62.5,standard,2026-07-04T00:44:58Z
112,29,14,62.5,standard,2026-07-04T00:44:58Z
112,29,15,62.5,standard,2026-07-04T00:44:58Z
112,29,16,62.5,standard,2026-07-04T00:44:58Z
112,29,17,62.5,standard,2026-07-04T00:44:58Z
112,29,18,62.5,standard,2026-07-04T00:44:58Z
112,29,2,62.5,standard,2026-07-04T00:44:58Z
112,29,3,62.5,standard,2026-07-04T00:44:58Z
112,29,4,62.5,standard,2026-07-04T00:44:58Z
112,29,5,62.5,standard,2026-07-04T00:44:58Z
112,29,6,62.5,standard,2026-07-04T00:44:58Z
112,29,7,62.5,standard,2026-07-04T00:44:58Z
112,29,8,62.5,standard,2026-07-04T00:44:58Z
112,29,9,62.5,standard,2026-07-04T00:44:58Z
112,37,10,62.5,standard,2026-07-04T00:44:58Z
112,37,11,62.5,standard,2026-07-04T00:44:58Z
112,37,12,62.5,standard,2026-07-04T00:44:58Z
112,37,13,62.5,standard,2026-07-04T00:44:58Z
112,37,14,62.5,standard,2026-07-04T00:44:58Z
112,37,15,62.5,standard,2026-07-04T00:44:58Z
112,37,16,62.5,standard,2026-07-04T00:44:58Z
112,37,17,62.5,standard,2026-07-04T00:44:58Z
112,37,18,62.5,standard,2026-07-04T00:44:58Z
112,37,19,62.5,standard,2026-07-04T00:44:58Z
112,37,20,62.5,standard,2026-07-04T00:44:58Z
112,37,4,62.5,standard,2026-07-04T00:44:58Z
112,37,5,62.5,standard,2026-07-04T00:44:58Z
112,37,6,62.5,standard,2026-07-04T00:44:58Z
112,37,7,62.5,standard,2026-07-04T00:44:58Z
112,37,8,62.5,standard,2026-07-04T00:44:58Z
112,37,9,62.5,standard,2026-07-04T00:44:58Z
112,30,10,62.5,standard,2026-07-04T00:44:58Z
112,30,11,62.5,standard,2026-07-04T00:44:58Z
112,30,12,62.5,standard,2026-07-04T00:44:58Z
112,30,13,62.5,standard,2026-07-04T00:44:58Z
112,30,14,62.5,standard,2026-07-04T00:44:58Z
112,30,15,62.5,standard,2026-07-04T00:44:58Z
112,30,16,62.5,standard,2026-07-04T00:44:58Z
112,30,17,62.5,standard,2026-07-04T00:44:58Z
112,30,18,62.5,standard,2026-07-04T00:44:58Z
112,30,19,62.5,standard,2026-07-04T00:44:58Z
112,30,20,62.5,standard,2026-07-04T00:44:58Z
112,30,3,62.5,standard,2026-07-04T00:44:58Z
112,30,4,62.5,standard,2026-07-04T00:44:58Z
112,30,5,62.5,standard,2026-07-04T00:44:58Z
112,30,6,62.5,standard,2026-07-04T00:44:58Z
112,30,7,62.5,standard,2026-07-04T00:44:58Z
112,30,8,62.5,standard,2026-07-04T00:44:58Z
112,30,9,62.5,standard,2026-07-04T00:44:58Z
112,31,10,62.5,standard,2026-07-04T00:44:58Z
112,31,11,62.5,standard,2026-07-04T00:44:58Z
112,31,12,62.5,standard,2026-07-04T00:44:58Z
112,31,13,62.5,standard,2026-07-04T00:44:58Z
112,31,14,62.5,standard,2026-07-04T00:44:58Z
112,31,15,62.5,standard,2026-07-04T00:44:58Z
112,31,16,62.5,standard,2026-07-04T00:44:58Z
112,31,17,62.5,standard,2026-07-04T00:44:58Z
112,31,18,62.5,standard,2026-07-04T00:44:58Z
112,31,2,62.5,standard,2026-07-04T00:44:58Z
112,31,3,62.5,standard,2026-07-04T00:44:58Z
112,31,4,62.5,standard,2026-07-04T00:44:58Z
112,31,5,62.5,standard,2026-07-04T00:44:58Z
112,31,6,62.5,standard,2026-07-04T00:44:58Z
112,31,7,62.5,standard,2026-07-04T00:44:58Z
112,31,8,62.5,standard,2026-07-04T00:44:58Z
112,31,9,62.5,standard,2026-07-04T00:44:58Z
112,32,14,62.5,standard,2026-07-04T00:44:58Z
112,32,15,62.5,standard,2026-07-04T00:44:58Z
112,32,16,62.5,standard,2026-07-04T00:44:58Z
112,32,2,62.5,standard,2026-07-04T00:44:58Z
112,32,3,62.5,standard,2026-07-04T00:44:58Z
112,32,4,62.5,standard,2026-07-04T00:44:58Z
112,32,5,62.5,standard,2026-07-04T00:44:58Z
112,32,6,62.5,standard,2026-07-04T00:44:58Z
112,32,7,62.5,standard,2026-07-04T00:44:58Z
112,32,8,62.5,standard,2026-07-04T00:44:58Z
112,32,9,62.5,standard,2026-07-04T00:44:58Z
112,33,10,62.5,standard,2026-07-04T00:44:58Z
112,33,11,62.5,standard,2026-07-04T00:44:58Z
112,33,12,62.5,standard,2026-07-04T00:44:58Z
112,33,13,62.5,standard,2026-07-04T00:44:58Z
112,33,14,62.5,standard,2026-07-04T00:44:58Z
112,33,15,62.5,standard,2026-07-04T00:44:58Z
112,33,16,62.5,standard,2026-07-04T00:44:58Z
112,33,17,62.5,standard,2026-07-04T00:44:58Z
112,33,18,62.5,standard,2026-07-04T00:44:58Z
112,33,19,62.5,standard,2026-07-04T00:44:58Z
112,33,20,62.5,standard,2026-07-04T00:44:58Z
112,33,3,62.5,standard,2026-07-04T00:44:58Z
112,33,4,62.5,standard,2026-07-04T00:44:58Z
112,33,5,62.5,standard,2026-07-04T00:44:58Z
112,33,6,62.5,standard,2026-07-04T00:44:58Z
112,33,7,62.5,standard,2026-07-04T00:44:58Z
112,33,8,62.5,standard,2026-07-04T00:44:58Z
112,33,9,62.5,standard,2026-07-04T00:44:58Z
112,34,10,62.5,standard,2026-07-04T00:44:58Z
112,34,11,62.5,standard,2026-07-04T00:44:58Z
112,34,12,62.5,standard,2026-07-04T00:44:58Z
112,34,13,62.5,standard,2026-07-04T00:44:58Z
112,34,14,62.5,standard,2026-07-04T00:44:58Z
112,34,15,62.5,standard,2026-07-04T00:44:58Z
112,34,16,62.5,standard,2026-07-04T00:44:58Z
112,34,17,62.5,standard,2026-07-04T00:44:58Z
112,34,18,62.5,standard,2026-07-04T00:44:58Z
112,34,19,62.5,standard,2026-07-04T00:44:58Z
112,34,20,62.5,standard,2026-07-04T00:44:58Z
112,34,3,62.5,standard,2026-07-04T00:44:58Z
112,34,4,62.5,standard,2026-07-04T00:44:58Z
112,34,5,62.5,standard,2026-07-04T00:44:58Z
112,34,6,62.5,standard,2026-07-04T00:44:58Z
112,34,7,62.5,standard,2026-07-04T00:44:58Z
112,34,8,62.5,standard,2026-07-04T00:44:58Z
112,34,9,62.5,standard,2026-07-04T00:44:58Z
112,35,10,62.5,standard,2026-07-04T00:44:58Z
112,35,11,62.5,standard,2026-07-04T00:44:58Z
112,35,12,62.5,standard,2026-07-04T00:44:58Z
112,35,17,62.5,standard,2026-07-04T00:44:58Z
112,35,18,62.5,standard,2026-07-04T00:44:58Z
112,35,9,62.5,standard,2026-07-04T00:44:58Z
112,36,10,62.5,standard,2026-07-04T00:44:58Z
112,36,11,62.5,standard,2026-07-04T00:44:58Z
112,36,12,62.5,standard,2026-07-04T00:44:58Z
112,36,13,62.5,standard,2026-07-04T00:44:58Z
112,36,14,62.5,standard,2026-07-04T00:44:58Z
112,36,15,62.5,standard,2026-07-04T00:44:58Z
112,36,16,62.5,standard,2026-07-04T00:44:58Z
112,36,17,62.5,standard,2026-07-04T00:44:58Z
112,36,18,62.5,standard,2026-07-04T00:44:58Z
112,36,19,62.5,standard,2026-07-04T00:44:58Z
112,36,20,62.5,standard,2026-07-04T00:44:58Z
112,36,3,62.5,standard,2026-07-04T00:44:58Z
112,36,4,62.5,standard,2026-07-04T00:44:58Z
112,36,5,62.5,standard,2026-07-04T00:44:58Z
112,36,6,62.5,standard,2026-07-04T00:44:58Z
112,36,7,62.5,standard,2026-07-04T00:44:58Z
112,36,8,62.5,standard,2026-07-04T00:44:58Z
112,36,9,62.5,standard,2026-07-04T00:44:58Z
112,38,10,62.5,standard,2026-07-04T00:44:58Z
112,38,11,62.5,standard,2026-07-04T00:44:58Z
112,38,12,62.5,standard,2026-07-04T00:44:58Z
112,38,13,62.5,standard,2026-07-04T00:44:58Z
112,38,14,62.5,standard,2026-07-04T00:44:58Z
112,38,15,62.5,standard,2026-07-04T00:44:58Z
112,38,16,62.5,standard,2026-07-04T00:44:58Z
112,38,17,62.5,standard,2026-07-04T00:44:58Z
112,38,18,62.5,standard,2026-07-04T00:44:58Z
112,38,19,62.5,standard,2026-07-04T00:44:58Z
112,38,20,62.5,standard,2026-07-04T00:44:58Z
112,38,4,62.5,standard,2026-07-04T00:44:58Z
112,38,5,62.5,standard,2026-07-04T00:44:58Z
112,38,6,62.5,standard,2026-07-04T00:44:58Z
112,38,7,62.5,standard,2026-07-04T00:44:58Z
112,38,8,62.5,standard,2026-07-04T00:44:58Z
112,38,9,62.5,standard,2026-07-04T00:44:58Z
112,39,10,62.5,standard,2026-07-04T00:44:58Z
112,39,11,62.5,standard,2026-07-04T00:44:58Z
112,39,12,62.5,standard,2026-07-04T00:44:58Z
112,39,13,62.5,standard,2026-07-04T00:44:58Z
112,39,14,62.5,standard,2026-07-04T00:44:58Z
112,39,15,62.5,standard,2026-07-04T00:44:58Z
112,39,16,62.5,standard,2026-07-04T00:44:58Z
112,39,6,62.5,standard,2026-07-04T00:44:58Z
112,39,7,62.5,standard,2026-07-04T00:44:58Z
112,39,8,62.5,standard,2026-07-04T00:44:58Z
112,39,9,62.5,standard,2026-07-04T00:44:58Z
112W,40,1,62.5,standard,2026-07-04T00:44:58Z
112W,40,10,62.5,standard,2026-07-04T00:44:58Z
112W,40,11,62.5,standard,2026-07-04T00:44:58Z
112W,40,2,62.5,standard,2026-07-04T00:44:58Z
112W,40,3,62.5,standard,2026-07-04T00:44:58Z
112W,40,4,62.5,standard,2026-07-04T00:44:58Z
112W,40,5,62.5,standard,2026-07-04T00:44:58Z
112W,40,6,62.5,standard,2026-07-04T00:44:58Z
112W,40,7,62.5,standard,2026-07-04T00:44:58Z
113,17,10,62.5,standard,2026-07-04T00:44:58Z
113,17,11,62.5,standard,2026-07-04T00:44:58Z
113,17,12,62.5,standard,2026-07-04T00:44:58Z
113,17,13,62.5,standard,2026-07-04T00:44:58Z
113,17,14,62.5,standard,2026-07-04T00:44:58Z
113,17,15,62.5,standard,2026-07-04T00:44:58Z
113,17,16,62.5,standard,2026-07-04T00:44:58Z
113,17,17,62.5,standard,2026-07-04T00:44:58Z
113,17,18,62.5,standard,2026-07-04T00:44:58Z
113,17,2,62.5,standard,2026-07-04T00:44:58Z
113,17,3,62.5,standard,2026-07-04T00:44:58Z
113,17,4,62.5,standard,2026-07-04T00:44:58Z
113,17,5,62.5,standard,2026-07-04T00:44:58Z
113,17,6,62.5,standard,2026-07-04T00:44:58Z
113,17,7,62.5,standard,2026-07-04T00:44:58Z
113,17,8,62.5,standard,2026-07-04T00:44:58Z
113,17,9,62.5,standard,2026-07-04T00:44:58Z
113,11,15,62.5,standard,2026-07-04T00:44:58Z
113,11,16,62.5,standard,2026-07-04T00:44:58Z
113,11,4,62.5,standard,2026-07-04T00:44:58Z
113,11,5,62.5,standard,2026-07-04T00:44:58Z
113,11,6,62.5,standard,2026-07-04T00:44:58Z
113,11,7,62.5,standard,2026-07-04T00:44:58Z
113,11,8,62.5,standard,2026-07-04T00:44:58Z
113,11,9,62.5,standard,2026-07-04T00:44:58Z
113,12,10,62.5,standard,2026-07-04T00:44:58Z
113,12,11,62.5,standard,2026-07-04T00:44:58Z
113,12,12,62.5,standard,2026-07-04T00:44:58Z
113,12,13,62.5,standard,2026-07-04T00:44:58Z
113,12,14,62.5,standard,2026-07-04T00:44:58Z
113,12,15,62.5,standard,2026-07-04T00:44:58Z
113,12,16,62.5,standard,2026-07-04T00:44:58Z
113,12,17,62.5,standard,2026-07-04T00:44:58Z
113,12,18,62.5,standard,2026-07-04T00:44:58Z
113,12,19,62.5,standard,2026-07-04T00:44:58Z
113,12,20,62.5,standard,2026-07-04T00:44:58Z
113,12,6,62.5,standard,2026-07-04T00:44:58Z
113,12,7,62.5,standard,2026-07-04T00:44:58Z
113,12,8,62.5,standard,2026-07-04T00:44:58Z
113,12,9,62.5,standard,2026-07-04T00:44:58Z
113,13,10,62.5,standard,2026-07-04T00:44:58Z
113,13,11,62.5,standard,2026-07-04T00:44:58Z
113,13,12,62.5,standard,2026-07-04T00:44:58Z
113,13,13,62.5,standard,2026-07-04T00:44:58Z
113,13,14,62.5,standard,2026-07-04T00:44:58Z
113,13,15,62.5,standard,2026-07-04T00:44:58Z
113,13,16,62.5,standard,2026-07-04T00:44:58Z
113,13,17,62.5,standard,2026-07-04T00:44:58Z
113,13,18,62.5,standard,2026-07-04T00:44:58Z
113,13,2,62.5,standard,2026-07-04T00:44:58Z
113,13,3,62.5,standard,2026-07-04T00:44:58Z
113,13,4,62.5,standard,2026-07-04T00:44:58Z
113,13,5,62.5,standard,2026-07-04T00:44:58Z
113,13,6,62.5,standard,2026-07-04T00:44:58Z
113,13,7,62.5,standard,2026-07-04T00:44:58Z
113,13,8,62.5,standard,2026-07-04T00:44:58Z
113,13,9,62.5,standard,2026-07-04T00:44:58Z
113,14,10,62.5,standard,2026-07-04T00:44:58Z
113,14,11,62.5,standard,2026-07-04T00:44:58Z
113,14,5,62.5,standard,2026-07-04T00:44:58Z
113,14,6,62.5,standard,2026-07-04T00:44:58Z
113,14,7,62.5,standard,2026-07-04T00:44:58Z
113,14,8,62.5,standard,2026-07-04T00:44:58Z
113,14,9,62.5,standard,2026-07-04T00:44:58Z
113,15,10,62.5,standard,2026-07-04T00:44:58Z
113,15,11,62.5,standard,2026-07-04T00:44:58Z
113,15,12,62.5,standard,2026-07-04T00:44:58Z
113,15,13,62.5,standard,2026-07-04T00:44:58Z
113,15,14,62.5,standard,2026-07-04T00:44:58Z
113,15,15,62.5,standard,2026-07-04T00:44:58Z
113,15,16,62.5,standard,2026-07-04T00:44:58Z
113,15,17,62.5,standard,2026-07-04T00:44:58Z
113,15,18,62.5,standard,2026-07-04T00:44:58Z
113,15,5,62.5,standard,2026-07-04T00:44:58Z
113,15,6,62.5,standard,2026-07-04T00:44:58Z
113,15,7,62.5,standard,2026-07-04T00:44:58Z
113,15,8,62.5,standard,2026-07-04T00:44:58Z
113,15,9,62.5,standard,2026-07-04T00:44:58Z
113,16,10,62.5,standard,2026-07-04T00:44:58Z
113,16,11,62.5,standard,2026-07-04T00:44:58Z
113,16,12,62.5,standard,2026-07-04T00:44:58Z
113,16,13,62.5,standard,2026-07-04T00:44:58Z
113,16,14,62.5,standard,2026-07-04T00:44:58Z
113,16,15,62.5,standard,2026-07-04T00:44:58Z
113,16,16,62.5,standard,2026-07-04T00:44:58Z
113,16,17,62.5,standard,2026-07-04T00:44:58Z
113,16,4,62.5,standard,2026-07-04T00:44:58Z
113,16,5,62.5,standard,2026-07-04T00:44:58Z
113,16,6,62.5,standard,2026-07-04T00:44:58Z
113,16,7,62.5,standard,2026-07-04T00:44:58Z
113,16,8,62.5,standard,2026-07-04T00:44:58Z
113,16,9,62.5,standard,2026-07-04T00:44:58Z
113,18,10,62.5,standard,2026-07-04T00:44:58Z
113,18,11,62.5,standard,2026-07-04T00:44:58Z
113,18,12,62.5,standard,2026-07-04T00:44:58Z
113,18,13,62.5,standard,2026-07-04T00:44:58Z
113,18,14,62.5,standard,2026-07-04T00:44:58Z
113,18,15,62.5,standard,2026-07-04T00:44:58Z
113,18,16,62.5,standard,2026-07-04T00:44:58Z
113,18,17,62.5,standard,2026-07-04T00:44:58Z
113,18,2,62.5,standard,2026-07-04T00:44:58Z
113,18,3,62.5,standard,2026-07-04T00:44:58Z
113,18,4,62.5,standard,2026-07-04T00:44:58Z
113,18,5,62.5,standard,2026-07-04T00:44:58Z
113,18,6,62.5,standard,2026-07-04T00:44:58Z
113,18,7,62.5,standard,2026-07-04T00:44:58Z
113,18,8,62.5,standard,2026-07-04T00:44:58Z
113,18,9,62.5,standard,2026-07-04T00:44:58Z
113,19,10,62.5,standard,2026-07-04T00:44:58Z
113,19,11,62.5,standard,2026-07-04T00:44:58Z
113,19,12,62.5,standard,2026-07-04T00:44:58Z
113,19,13,62.5,standard,2026-07-04T00:44:58Z
113,19,14,62.5,standard,2026-07-04T00:44:58Z
113,19,15,62.5,standard,2026-07-04T00:44:58Z
113,19,16,62.5,standard,2026-07-04T00:44:58Z
113,19,17,62.5,standard,2026-07-04T00:44:58Z
113,19,18,62.5,standard,2026-07-04T00:44:58Z
113,19,3,62.5,standard,2026-07-04T00:44:58Z
113,19,4,62.5,standard,2026-07-04T00:44:58Z
113,19,5,62.5,standard,2026-07-04T00:44:58Z
113,19,6,62.5,standard,2026-07-04T00:44:58Z
113,19,7,62.5,standard,2026-07-04T00:44:58Z
113,19,8,62.5,standard,2026-07-04T00:44:58Z
113,19,9,62.5,standard,2026-07-04T00:44:58Z
113,20,10,62.5,standard,2026-07-04T00:44:58Z
113,20,11,62.5,standard,2026-07-04T00:44:58Z
113,20,12,62.5,standard,2026-07-04T00:44:58Z
113,20,13,62.5,standard,2026-07-04T00:44:58Z
113,20,14,62.5,standard,2026-07-04T00:44:58Z
113,20,15,62.5,standard,2026-07-04T00:44:58Z
113,20,16,62.5,standard,2026-07-04T00:44:58Z
113,20,2,62.5,standard,2026-07-04T00:44:58Z
113,20,3,62.5,standard,2026-07-04T00:44:58Z
113,20,4,62.5,standard,2026-07-04T00:44:58Z
113,20,5,62.5,standard,2026-07-04T00:44:58Z
113,20,6,62.5,standard,2026-07-04T00:44:58Z
113,20,7,62.5,standard,2026-07-04T00:44:58Z
113,20,8,62.5,standard,2026-07-04T00:44:58Z
113,20,9,62.5,standard,2026-07-04T00:44:58Z
113,27,10,62.5,standard,2026-07-04T00:44:58Z
113,27,11,62.5,standard,2026-07-04T00:44:58Z
113,27,12,62.5,standard,2026-07-04T00:44:58Z
113,27,13,62.5,standard,2026-07-04T00:44:58Z
113,27,14,62.5,standard,2026-07-04T00:44:58Z
113,27,15,62.5,standard,2026-07-04T00:44:58Z
113,27,16,62.5,standard,2026-07-04T00:44:58Z
113,27,17,62.5,standard,2026-07-04T00:44:58Z
113,27,18,62.5,standard,2026-07-04T00:44:58Z
113,27,3,62.5,standard,2026-07-04T00:44:58Z
113,27,4,62.5,standard,2026-07-04T00:44:58Z
113,27,5,62.5,standard,2026-07-04T00:44:58Z
113,27,6,62.5,standard,2026-07-04T00:44:58Z
113,27,7,62.5,standard,2026-07-04T00:44:58Z
113,27,8,62.5,standard,2026-07-04T00:44:58Z
113,27,9,62.5,standard,2026-07-04T00:44:58Z
113,22,5,62.5,standard,2026-07-04T00:44:58Z
113,22,6,62.5,standard,2026-07-04T00:44:58Z
113,22,7,62.5,standard,2026-07-04T00:44:58Z
113,23,7,62.5,standard,2026-07-04T00:44:58Z
113,23,8,62.5,standard,2026-07-04T00:44:58Z
113,26,10,62.5,standard,2026-07-04T00:44:58Z
113,26,11,62.5,standard,2026-07-04T00:44:58Z
113,26,12,62.5,standard,2026-07-04T00:44:58Z
113,26,13,62.5,standard,2026-07-04T00:44:58Z
113,26,14,62.5,standard,2026-07-04T00:44:58Z
113,26,3,62.5,standard,2026-07-04T00:44:58Z
113,26,4,62.5,standard,2026-07-04T00:44:58Z
113,26,5,62.5,standard,2026-07-04T00:44:58Z
113,26,6,62.5,standard,2026-07-04T00:44:58Z
113,26,7,62.5,standard,2026-07-04T00:44:58Z
113,26,8,62.5,standard,2026-07-04T00:44:58Z
113,26,9,62.5,standard,2026-07-04T00:44:58Z
113,29,10,62.5,standard,2026-07-04T00:44:58Z
113,29,9,62.5,standard,2026-07-04T00:44:58Z
113,37,10,62.5,standard,2026-07-04T00:44:58Z
113,37,11,62.5,standard,2026-07-04T00:44:58Z
113,37,12,62.5,standard,2026-07-04T00:44:58Z
113,37,13,62.5,standard,2026-07-04T00:44:58Z
113,37,2,62.5,standard,2026-07-04T00:44:58Z
113,37,3,62.5,standard,2026-07-04T00:44:58Z
113,37,4,62.5,standard,2026-07-04T00:44:58Z
113,37,5,62.5,standard,2026-07-04T00:44:58Z
113,37,6,62.5,standard,2026-07-04T00:44:58Z
113,37,7,62.5,standard,2026-07-04T00:44:58Z
113,37,8,62.5,standard,2026-07-04T00:44:58Z
113,37,9,62.5,standard,2026-07-04T00:44:58Z
113,30,10,62.5,standard,2026-07-04T00:44:58Z
113,30,11,62.5,standard,2026-07-04T00:44:58Z
113,30,12,62.5,standard,2026-07-04T00:44:58Z
113,30,13,62.5,standard,2026-07-04T00:44:58Z
113,30,14,62.5,standard,2026-07-04T00:44:58Z
113,30,5,62.5,standard,2026-07-04T00:44:58Z
113,30,6,62.5,standard,2026-07-04T00:44:58Z
113,30,7,62.5,standard,2026-07-04T00:44:58Z
113,30,8,62.5,standard,2026-07-04T00:44:58Z
113,30,9,62.5,standard,2026-07-04T00:44:58Z
113,31,10,62.5,standard,2026-07-04T00:44:58Z
113,31,11,62.5,standard,2026-07-04T00:44:58Z
113,31,12,62.5,standard,2026-07-04T00:44:58Z
113,31,13,62.5,standard,2026-07-04T00:44:58Z
113,31,14,62.5,standard,2026-07-04T00:44:58Z
113,31,15,62.5,standard,2026-07-04T00:44:58Z
113,31,16,62.5,standard,2026-07-04T00:44:58Z
113,31,5,62.5,standard,2026-07-04T00:44:58Z
113,31,6,62.5,standard,2026-07-04T00:44:58Z
113,31,7,62.5,standard,2026-07-04T00:44:58Z
113,31,8,62.5,standard,2026-07-04T00:44:58Z
113,31,9,62.5,standard,2026-07-04T00:44:58Z
113,32,10,62.5,standard,2026-07-04T00:44:58Z
113,32,11,62.5,standard,2026-07-04T00:44:58Z
113,32,5,62.5,standard,2026-07-04T00:44:58Z
113,32,6,62.5,standard,2026-07-04T00:44:58Z
113,32,7,62.5,standard,2026-07-04T00:44:58Z
113,32,8,62.5,standard,2026-07-04T00:44:58Z
113,32,9,62.5,standard,2026-07-04T00:44:58Z
113,33,10,62.5,standard,2026-07-04T00:44:58Z
113,33,11,62.5,standard,2026-07-04T00:44:58Z
113,33,12,62.5,standard,2026-07-04T00:44:58Z
113,33,13,62.5,standard,2026-07-04T00:44:58Z
113,33,14,62.5,standard,2026-07-04T00:44:58Z
113,33,2,62.5,standard,2026-07-04T00:44:58Z
113,33,3,62.5,standard,2026-07-04T00:44:58Z
113,33,4,62.5,standard,2026-07-04T00:44:58Z
113,33,5,62.5,standard,2026-07-04T00:44:58Z
113,33,6,62.5,standard,2026-07-04T00:44:58Z
113,33,7,62.5,standard,2026-07-04T00:44:58Z
113,33,8,62.5,standard,2026-07-04T00:44:58Z
113,33,9,62.5,standard,2026-07-04T00:44:58Z
113,34,10,62.5,standard,2026-07-04T00:44:58Z
113,34,11,62.5,standard,2026-07-04T00:44:58Z
113,34,12,62.5,standard,2026-07-04T00:44:58Z
113,34,13,62.5,standard,2026-07-04T00:44:58Z
113,34,14,62.5,standard,2026-07-04T00:44:58Z
113,34,15,62.5,standard,2026-07-04T00:44:58Z
113,34,16,62.5,standard,2026-07-04T00:44:58Z
113,34,2,62.5,standard,2026-07-04T00:44:58Z
113,34,3,62.5,standard,2026-07-04T00:44:58Z
113,34,4,62.5,standard,2026-07-04T00:44:58Z
113,34,5,62.5,standard,2026-07-04T00:44:58Z
113,34,6,62.5,standard,2026-07-04T00:44:58Z
113,34,7,62.5,standard,2026-07-04T00:44:58Z
113,34,8,62.5,standard,2026-07-04T00:44:58Z
113,34,9,62.5,standard,2026-07-04T00:44:58Z
113,38,10,62.5,standard,2026-07-04T00:44:58Z
113,38,11,62.5,standard,2026-07-04T00:44:58Z
113,38,12,62.5,standard,2026-07-04T00:44:58Z
113,38,13,62.5,standard,2026-07-04T00:44:58Z
113,38,14,62.5,standard,2026-07-04T00:44:58Z
113,38,15,62.5,standard,2026-07-04T00:44:58Z
113,38,16,62.5,standard,2026-07-04T00:44:58Z
113,38,17,62.5,standard,2026-07-04T00:44:58Z
113,38,18,62.5,standard,2026-07-04T00:44:58Z
113,38,19,62.5,standard,2026-07-04T00:44:58Z
113,38,2,62.5,standard,2026-07-04T00:44:58Z
113,38,3,62.5,standard,2026-07-04T00:44:58Z
113,38,4,62.5,standard,2026-07-04T00:44:58Z
113,38,5,62.5,standard,2026-07-04T00:44:58Z
113,38,6,62.5,standard,2026-07-04T00:44:58Z
113,38,7,62.5,standard,2026-07-04T00:44:58Z
113,38,8,62.5,standard,2026-07-04T00:44:58Z
113,38,9,62.5,standard,2026-07-04T00:44:58Z
113,39,10,62.5,standard,2026-07-04T00:44:58Z
113,39,11,62.5,standard,2026-07-04T00:44:58Z
113,39,12,62.5,standard,2026-07-04T00:44:58Z
113,39,13,62.5,standard,2026-07-04T00:44:58Z
113,39,14,62.5,standard,2026-07-04T00:44:58Z
113,39,15,62.5,standard,2026-07-04T00:44:58Z
113,39,16,62.5,standard,2026-07-04T00:44:58Z
113,39,17,62.5,standard,2026-07-04T00:44:58Z
113,39,18,62.5,standard,2026-07-04T00:44:58Z
113,39,19,62.5,standard,2026-07-04T00:44:58Z
113,39,20,62.5,standard,2026-07-04T00:44:58Z
113,39,3,62.5,standard,2026-07-04T00:44:58Z
113,39,4,62.5,standard,2026-07-04T00:44:58Z
113,39,5,62.5,standard,2026-07-04T00:44:58Z
113,39,6,62.5,standard,2026-07-04T00:44:58Z
113,39,7,62.5,standard,2026-07-04T00:44:58Z
113,39,8,62.5,standard,2026-07-04T00:44:58Z
113,39,9,62.5,standard,2026-07-04T00:44:58Z
113W,40,10,62.5,standard,2026-07-04T00:44:58Z
113W,40,11,62.5,standard,2026-07-04T00:44:58Z
113W,40,7,62.5,standard,2026-07-04T00:44:58Z
113W,40,8,62.5,standard,2026-07-04T00:44:58Z
113W,40,9,62.5,standard,2026-07-04T00:44:58Z
114,17,10,62.5,standard,2026-07-04T00:44:58Z
114,17,11,62.5,standard,2026-07-04T00:44:58Z
114,13,3,62.5,standard,2026-07-04T00:44:58Z
114,13,4,62.5,standard,2026-07-04T00:44:58Z
114,13,5,62.5,standard,2026-07-04T00:44:58Z
114,14,10,62.5,standard,2026-07-04T00:44:58Z
114,14,11,62.5,standard,2026-07-04T00:44:58Z
114,14,12,62.5,standard,2026-07-04T00:44:58Z
114,14,6,62.5,standard,2026-07-04T00:44:58Z
114,14,7,62.5,standard,2026-07-04T00:44:58Z
114,14,8,62.5,standard,2026-07-04T00:44:58Z
114,14,9,62.5,standard,2026-07-04T00:44:58Z
114,15,10,62.5,standard,2026-07-04T00:44:58Z
114,15,11,62.5,standard,2026-07-04T00:44:58Z
114,15,12,62.5,standard,2026-07-04T00:44:58Z
114,15,13,62.5,standard,2026-07-04T00:44:58Z
114,15,14,62.5,standard,2026-07-04T00:44:58Z
114,15,3,62.5,standard,2026-07-04T00:44:58Z
114,15,4,62.5,standard,2026-07-04T00:44:58Z
114,15,5,62.5,standard,2026-07-04T00:44:58Z
114,15,6,62.5,standard,2026-07-04T00:44:58Z
114,15,7,62.5,standard,2026-07-04T00:44:58Z
114,15,8,62.5,standard,2026-07-04T00:44:58Z
114,15,9,62.5,standard,2026-07-04T00:44:58Z
114,16,1,62.5,standard,2026-07-04T00:44:58Z
114,16,2,62.5,standard,2026-07-04T00:44:58Z
114,16,3,62.5,standard,2026-07-04T00:44:58Z
114,16,4,62.5,standard,2026-07-04T00:44:58Z
114,16,5,62.5,standard,2026-07-04T00:44:58Z
114,16,6,62.5,standard,2026-07-04T00:44:58Z
114,18,5,62.5,standard,2026-07-04T00:44:58Z
114,18,6,62.5,standard,2026-07-04T00:44:58Z
114,19,6,62.5,standard,2026-07-04T00:44:58Z
114,19,7,62.5,standard,2026-07-04T00:44:58Z
114,19,8,62.5,standard,2026-07-04T00:44:58Z
114,20,10,62.5,standard,2026-07-04T00:44:58Z
114,20,11,62.5,standard,2026-07-04T00:44:58Z
114,20,12,62.5,standard,2026-07-04T00:44:58Z
114,20,13,62.5,standard,2026-07-04T00:44:58Z
114,20,4,62.5,standard,2026-07-04T00:44:58Z
114,20,5,62.5,standard,2026-07-04T00:44:58Z
114,20,6,62.5,standard,2026-07-04T00:44:58Z
114,20,7,62.5,standard,2026-07-04T00:44:58Z
114,20,8,62.5,standard,2026-07-04T00:44:58Z
114,20,9,62.5,standard,2026-07-04T00:44:58Z
114,27,4,62.5,standard,2026-07-04T00:44:58Z
114,27,5,62.5,standard,2026-07-04T00:44:58Z
114,27,6,62.5,standard,2026-07-04T00:44:58Z
114,23,15,62.5,standard,2026-07-04T00:44:58Z
114,24,10,62.5,standard,2026-07-04T00:44:58Z
114,24,11,62.5,standard,2026-07-04T00:44:58Z
114,24,9,62.5,standard,2026-07-04T00:44:58Z
114,25,19,62.5,standard,2026-07-04T00:44:58Z
114,25,20,62.5,standard,2026-07-04T00:44:58Z
114,25,7,62.5,standard,2026-07-04T00:44:58Z
114,25,8,62.5,standard,2026-07-04T00:44:58Z
114,28,5,62.5,standard,2026-07-04T00:44:58Z
114,28,6,62.5,standard,2026-07-04T00:44:58Z
114,28,7,62.5,standard,2026-07-04T00:44:58Z
114,37,12,62.5,standard,2026-07-04T00:44:58Z
114,37,13,62.5,standard,2026-07-04T00:44:58Z
114,37,14,62.5,standard,2026-07-04T00:44:58Z
114,37,15,62.5,standard,2026-07-04T00:44:58Z
114,37,16,62.5,standard,2026-07-04T00:44:58Z
114,37,21,62.5,standard,2026-07-04T00:44:58Z
114,37,22,62.5,standard,2026-07-04T00:44:58Z
114,30,3,62.5,standard,2026-07-04T00:44:58Z
114,30,4,62.5,standard,2026-07-04T00:44:58Z
114,30,5,62.5,standard,2026-07-04T00:44:58Z
114,32,13,62.5,standard,2026-07-04T00:44:58Z
114,32,14,62.5,standard,2026-07-04T00:44:58Z
114,32,15,62.5,standard,2026-07-04T00:44:58Z
114,33,10,62.5,standard,2026-07-04T00:44:58Z
114,33,9,62.5,standard,2026-07-04T00:44:58Z
114,35,5,62.5,standard,2026-07-04T00:44:58Z
114,35,6,62.5,standard,2026-07-04T00:44:58Z
114,35,7,62.5,standard,2026-07-04T00:44:58Z
114,35,8,62.5,standard,2026-07-04T00:44:58Z
114,35,9,62.5,standard,2026-07-04T00:44:58Z
114,36,10,62.5,standard,2026-07-04T00:44:58Z
114,36,11,62.5,standard,2026-07-04T00:44:58Z
114,36,12,62.5,standard,2026-07-04T00:44:58Z
114,36,13,62.5,standard,2026-07-04T00:44:58Z
114,36,14,62.5,standard,2026-07-04T00:44:58Z
114,36,15,62.5,standard,2026-07-04T00:44:58Z
114,36,16,62.5,standard,2026-07-04T00:44:58Z
114,36,9,62.5,standard,2026-07-04T00:44:58Z
114,38,10,62.5,standard,2026-07-04T00:44:58Z
114,38,11,62.5,standard,2026-07-04T00:44:58Z
114,38,12,62.5,standard,2026-07-04T00:44:58Z
114,38,13,62.5,standard,2026-07-04T00:44:58Z
114,38,14,62.5,standard,2026-07-04T00:44:58Z
114,38,15,62.5,standard,2026-07-04T00:44:58Z
114,38,16,62.5,standard,2026-07-04T00:44:58Z
114,38,17,62.5,standard,2026-07-04T00:44:58Z
114,38,18,62.5,standard,2026-07-04T00:44:58Z
114,38,19,62.5,standard,2026-07-04T00:44:58Z
114,38,20,62.5,standard,2026-07-04T00:44:58Z
114,38,21,62.5,standard,2026-07-04T00:44:58Z
114,38,5,62.5,standard,2026-07-04T00:44:58Z
114,38,6,62.5,standard,2026-07-04T00:44:58Z
114,38,7,62.5,standard,2026-07-04T00:44:58Z
114,38,8,62.5,standard,2026-07-04T00:44:58Z
114,38,9,62.5,standard,2026-07-04T00:44:58Z
114,39,10,62.5,standard,2026-07-04T00:44:58Z
114,39,11,62.5,standard,2026-07-04T00:44:58Z
114,39,12,62.5,standard,2026-07-04T00:44:58Z
114,39,13,62.5,standard,2026-07-04T00:44:58Z
114,39,14,62.5,standard,2026-07-04T00:44:58Z
114,39,15,62.5,standard,2026-07-04T00:44:58Z
114,39,3,62.5,standard,2026-07-04T00:44:58Z
114,39,4,62.5,standard,2026-07-04T00:44:58Z
114,39,5,62.5,standard,2026-07-04T00:44:58Z
114,39,6,62.5,standard,2026-07-04T00:44:58Z
114,39,7,62.5,standard,2026-07-04T00:44:58Z
114,39,8,62.5,standard,2026-07-04T00:44:58Z
114,39,9,62.5,standard,2026-07-04T00:44:58Z
114W,40,1,62.5,standard,2026-07-04T00:44:58Z
114W,40,11,62.5,standard,2026-07-04T00:44:58Z
114W,40,12,62.5,standard,2026-07-04T00:44:58Z
114W,40,2,62.5,standard,2026-07-04T00:44:58Z
114W,40,3,62.5,standard,2026-07-04T00:44:58Z
114W,40,4,62.5,standard,2026-07-04T00:44:58Z
114W,40,5,62.5,standard,2026-07-04T00:44:58Z
114W,40,6,62.5,standard,2026-07-04T00:44:58Z
115,24,4,104.35,standard,2026-07-04T00:44:58Z
115,24,5,104.35,standard,2026-07-04T00:44:58Z
115,24,6,104.35,standard,2026-07-04T00:44:58Z
115,25,10,104.35,standard,2026-07-04T00:44:58Z
115,25,11,104.35,standard,2026-07-04T00:44:58Z
115,25,15,104.35,standard,2026-07-04T00:44:58Z
115,25,16,104.35,standard,2026-07-04T00:44:58Z
115,25,7,104.35,standard,2026-07-04T00:44:58Z
115,25,8,104.35,standard,2026-07-04T00:44:58Z
115,25,9,104.35,standard,2026-07-04T00:44:58Z
115,26,5,104.35,standard,2026-07-04T00:44:58Z
115,26,6,104.35,standard,2026-07-04T00:44:58Z
115,26,7,104.35,standard,2026-07-04T00:44:58Z
115,26,8,104.35,standard,2026-07-04T00:44:58Z
115,28,15,104.35,standard,2026-07-04T00:44:58Z
115,28,16,104.35,standard,2026-07-04T00:44:58Z
115,28,17,104.35,standard,2026-07-04T00:44:58Z
115,28,18,104.35,standard,2026-07-04T00:44:58Z
115,28,19,104.35,standard,2026-07-04T00:44:58Z
115,28,20,104.35,standard,2026-07-04T00:44:58Z
115,28,3,104.35,standard,2026-07-04T00:44:58Z
115,28,4,104.35,standard,2026-07-04T00:44:58Z
115,29,15,104.35,standard,2026-07-04T00:44:58Z
115,29,16,104.35,standard,2026-07-04T00:44:58Z
115,29,3,104.35,standard,2026-07-04T00:44:58Z
115,29,4,104.35,standard,2026-07-04T00:44:58Z
115,30,3,104.35,standard,2026-07-04T00:44:58Z
115,30,4,104.35,standard,2026-07-04T00:44:58Z
115,32,10,104.35,standard,2026-07-04T00:44:58Z
115,32,11,104.35,standard,2026-07-04T00:44:58Z
115,32,12,104.35,standard,2026-07-04T00:44:58Z
115,32,13,104.35,standard,2026-07-04T00:44:58Z
115,32,14,104.35,standard,2026-07-04T00:44:58Z
115,32,15,104.35,standard,2026-07-04T00:44:58Z
115,32,16,104.35,standard,2026-07-04T00:44:58Z
115,32,17,104.35,standard,2026-07-04T00:44:58Z
115,32,18,104.35,standard,2026-07-04T00:44:58Z
115,32,3,104.35,standard,2026-07-04T00:44:58Z
115,32,4,104.35,standard,2026-07-04T00:44:58Z
115,32,5,104.35,standard,2026-07-04T00:44:58Z
115,32,6,104.35,standard,2026-07-04T00:44:58Z
115,32,7,104.35,standard,2026-07-04T00:44:58Z
115,32,8,104.35,standard,2026-07-04T00:44:58Z
115,32,9,104.35,standard,2026-07-04T00:44:58Z
115,34,10,104.35,standard,2026-07-04T00:44:58Z
115,34,11,104.35,standard,2026-07-04T00:44:58Z
115,34,12,104.35,standard,2026-07-04T00:44:58Z
115,34,13,104.35,standard,2026-07-04T00:44:58Z
115,34,14,104.35,standard,2026-07-04T00:44:58Z
115,34,15,104.35,standard,2026-07-04T00:44:58Z
115,34,16,104.35,standard,2026-07-04T00:44:58Z
115,34,17,104.35,standard,2026-07-04T00:44:58Z
115,34,18,104.35,standard,2026-07-04T00:44:58Z
115,34,19,104.35,standard,2026-07-04T00:44:58Z
115,34,20,104.35,standard,2026-07-04T00:44:58Z
115,34,3,104.35,standard,2026-07-04T00:44:58Z
115,34,4,104.35,standard,2026-07-04T00:44:58Z
115,34,5,104.35,standard,2026-07-04T00:44:58Z
115,34,6,104.35,standard,2026-07-04T00:44:58Z
115,34,7,104.35,standard,2026-07-04T00:44:58Z
115,34,8,104.35,standard,2026-07-04T00:44:58Z
115,34,9,104.35,standard,2026-07-04T00:44:58Z
115,35,10,104.35,standard,2026-07-04T00:44:58Z
115,35,11,104.35,standard,2026-07-04T00:44:58Z
115,35,12,104.35,standard,2026-07-04T00:44:58Z
115,35,13,104.35,standard,2026-07-04T00:44:58Z
115,35,14,104.35,standard,2026-07-04T00:44:58Z
115,35,15,104.35,standard,2026-07-04T00:44:58Z
115,35,16,104.35,standard,2026-07-04T00:44:58Z
115,35,17,104.35,standard,2026-07-04T00:44:58Z
115,35,18,104.35,standard,2026-07-04T00:44:58Z
115,35,19,104.35,standard,2026-07-04T00:44:58Z
115,35,20,104.35,standard,2026-07-04T00:44:58Z
115,35,3,104.35,standard,2026-07-04T00:44:58Z
115,35,4,104.35,standard,2026-07-04T00:44:58Z
115,35,5,104.35,standard,2026-07-04T00:44:58Z
115,35,6,104.35,standard,2026-07-04T00:44:58Z
115,35,7,104.35,standard,2026-07-04T00:44:58Z
115,35,8,104.35,standard,2026-07-04T00:44:58Z
115,35,9,104.35,standard,2026-07-04T00:44:58Z
115,36,12,104.35,standard,2026-07-04T00:44:58Z
115,38,13,104.35,standard,2026-07-04T00:44:58Z
115,38,14,104.35,standard,2026-07-04T00:44:58Z
115W,40,8,104.35,standard,2026-07-04T00:44:58Z
115W,40,9,104.35,standard,2026-07-04T00:44:58Z
116,27,1,104.35,standard,2026-07-04T00:44:58Z
116,27,2,104.35,standard,2026-07-04T00:44:58Z
116,27,3,104.35,standard,2026-07-04T00:44:58Z
116,27,4,104.35,standard,2026-07-04T00:44:58Z
116,27,5,104.35,standard,2026-07-04T00:44:58Z
116,27,6,104.35,standard,2026-07-04T00:44:58Z
116,37,10,104.35,standard,2026-07-04T00:44:58Z
116,37,11,104.35,standard,2026-07-04T00:44:58Z
116,37,12,104.35,standard,2026-07-04T00:44:58Z
116,37,13,104.35,standard,2026-07-04T00:44:58Z
116,37,14,104.35,standard,2026-07-04T00:44:58Z
116,37,15,104.35,standard,2026-07-04T00:44:58Z
116,37,3,104.35,standard,2026-07-04T00:44:58Z
116,37,4,104.35,standard,2026-07-04T00:44:58Z
116,37,5,104.35,standard,2026-07-04T00:44:58Z
116,37,6,104.35,standard,2026-07-04T00:44:58Z
116,37,7,104.35,standard,2026-07-04T00:44:58Z
116,37,8,104.35,standard,2026-07-04T00:44:58Z
116,37,9,104.35,standard,2026-07-04T00:44:58Z
116,38,10,104.35,standard,2026-07-04T00:44:58Z
116,38,11,104.35,standard,2026-07-04T00:44:58Z
116,38,12,104.35,standard,2026-07-04T00:44:58Z
116,38,13,104.35,standard,2026-07-04T00:44:58Z
116,38,14,104.35,standard,2026-07-04T00:44:58Z
116,38,15,104.35,standard,2026-07-04T00:44:58Z
116,38,16,104.35,standard,2026-07-04T00:44:58Z
116,38,17,104.35,standard,2026-07-04T00:44:58Z
116,38,18,104.35,standard,2026-07-04T00:44:58Z
116,38,19,104.35,standard,2026-07-04T00:44:58Z
116,38,3,104.35,standard,2026-07-04T00:44:58Z
116,38,4,104.35,standard,2026-07-04T00:44:58Z
116,38,5,104.35,standard,2026-07-04T00:44:58Z
116,38,6,104.35,standard,2026-07-04T00:44:58Z
116,38,7,104.35,standard,2026-07-04T00:44:58Z
116,38,8,104.35,standard,2026-07-04T00:44:58Z
116,38,9,104.35,standard,2026-07-04T00:44:58Z
116,39,10,104.35,standard,2026-07-04T00:44:58Z
116,39,11,104.35,standard,2026-07-04T00:44:58Z
116,39,12,104.35,standard,2026-07-04T00:44:58Z
116,39,13,104.35,standard,2026-07-04T00:44:58Z
116,39,14,104.35,standard,2026-07-04T00:44:58Z
116,39,15,104.35,standard,2026-07-04T00:44:58Z
116,39,16,104.35,standard,2026-07-04T00:44:58Z
116,39,17,104.35,standard,2026-07-04T00:44:58Z
116,39,18,104.35,standard,2026-07-04T00:44:58Z
116,39,2,104.35,standard,2026-07-04T00:44:58Z
116,39,3,104.35,standard,2026-07-04T00:44:58Z
116,39,4,104.35,standard,2026-07-04T00:44:58Z
116,39,5,104.35,standard,2026-07-04T00:44:58Z
116,39,6,104.35,standard,2026-07-04T00:44:58Z
116,39,7,104.35,standard,2026-07-04T00:44:58Z
116,39,8,104.35,standard,2026-07-04T00:44:58Z
116,39,9,104.35,standard,2026-07-04T00:44:58Z
116W,40,3,104.35,standard,2026-07-04T00:44:58Z
116W,40,4,104.35,standard,2026-07-04T00:44:58Z
117,26,3,104.35,standard,2026-07-04T00:44:58Z
117,26,4,104.35,standard,2026-07-04T00:44:58Z
117,28,13,104.35,standard,2026-07-04T00:44:58Z
117,28,14,104.35,standard,2026-07-04T00:44:58Z
117,28,15,104.35,standard,2026-07-04T00:44:58Z
117,28,16,104.35,standard,2026-07-04T00:44:58Z
117,28,17,104.35,standard,2026-07-04T00:44:58Z
117,28,18,104.35,standard,2026-07-04T00:44:58Z
117,29,10,104.35,standard,2026-07-04T00:44:58Z
117,29,11,104.35,standard,2026-07-04T00:44:58Z
117,29,12,104.35,standard,2026-07-04T00:44:58Z
117,29,13,104.35,standard,2026-07-04T00:44:58Z
117,29,14,104.35,standard,2026-07-04T00:44:58Z
117,29,15,104.35,standard,2026-07-04T00:44:58Z
117,29,7,104.35,standard,2026-07-04T00:44:58Z
117,29,8,104.35,standard,2026-07-04T00:44:58Z
117,29,9,104.35,standard,2026-07-04T00:44:58Z
117,37,10,104.35,standard,2026-07-04T00:44:58Z
117,37,11,104.35,standard,2026-07-04T00:44:58Z
117,37,12,104.35,standard,2026-07-04T00:44:58Z
117,37,13,104.35,standard,2026-07-04T00:44:58Z
117,37,14,104.35,standard,2026-07-04T00:44:58Z
117,37,15,104.35,standard,2026-07-04T00:44:58Z
117,37,16,104.35,standard,2026-07-04T00:44:58Z
117,37,17,104.35,standard,2026-07-04T00:44:58Z
117,37,18,104.35,standard,2026-07-04T00:44:58Z
117,37,3,104.35,standard,2026-07-04T00:44:58Z
117,37,4,104.35,standard,2026-07-04T00:44:58Z
117,37,5,104.35,standard,2026-07-04T00:44:58Z
117,37,6,104.35,standard,2026-07-04T00:44:58Z
117,37,7,104.35,standard,2026-07-04T00:44:58Z
117,37,8,104.35,standard,2026-07-04T00:44:58Z
117,37,9,104.35,standard,2026-07-04T00:44:58Z
117,33,10,104.35,standard,2026-07-04T00:44:58Z
117,33,11,104.35,standard,2026-07-04T00:44:58Z
117,33,4,104.35,standard,2026-07-04T00:44:58Z
117,33,5,104.35,standard,2026-07-04T00:44:58Z
117,33,6,104.35,standard,2026-07-04T00:44:58Z
117,33,7,104.35,standard,2026-07-04T00:44:58Z
117,33,8,104.35,standard,2026-07-04T00:44:58Z
117,33,9,104.35,standard,2026-07-04T00:44:58Z
117,34,10,104.35,standard,2026-07-04T00:44:58Z
117,34,11,104.35,standard,2026-07-04T00:44:58Z
117,34,7,104.35,standard,2026-07-04T00:44:58Z
117,34,8,104.35,standard,2026-07-04T00:44:58Z
117,34,9,104.35,standard,2026-07-04T00:44:58Z
117,35,10,104.35,standard,2026-07-04T00:44:58Z
117,35,11,104.35,standard,2026-07-04T00:44:58Z
117,35,12,104.35,standard,2026-07-04T00:44:58Z
117,35,13,104.35,standard,2026-07-04T00:44:58Z
117,35,14,104.35,standard,2026-07-04T00:44:58Z
117,35,15,104.35,standard,2026-07-04T00:44:58Z
117,35,16,104.35,standard,2026-07-04T00:44:58Z
117,35,3,104.35,standard,2026-07-04T00:44:58Z
117,35,4,104.35,standard,2026-07-04T00:44:58Z
117,35,5,104.35,standard,2026-07-04T00:44:58Z
117,35,6,104.35,standard,2026-07-04T00:44:58Z
117,35,7,104.35,standard,2026-07-04T00:44:58Z
117,35,8,104.35,standard,2026-07-04T00:44:58Z
117,35,9,104.35,standard,2026-07-04T00:44:58Z
117,36,10,104.35,standard,2026-07-04T00:44:58Z
117,36,11,104.35,standard,2026-07-04T00:44:58Z
117,36,12,104.35,standard,2026-07-04T00:44:58Z
117,36,13,104.35,standard,2026-07-04T00:44:58Z
117,36,14,104.35,standard,2026-07-04T00:44:58Z
117,36,15,104.35,standard,2026-07-04T00:44:58Z
117,36,16,104.35,standard,2026-07-04T00:44:58Z
117,36,17,104.35,standard,2026-07-04T00:44:58Z
117,36,18,104.35,standard,2026-07-04T00:44:58Z
117,36,19,104.35,standard,2026-07-04T00:44:58Z
117,36,20,104.35,standard,2026-07-04T00:44:58Z
117,36,3,104.35,standard,2026-07-04T00:44:58Z
117,36,4,104.35,standard,2026-07-04T00:44:58Z
117,36,5,104.35,standard,2026-07-04T00:44:58Z
117,36,6,104.35,standard,2026-07-04T00:44:58Z
117,36,7,104.35,standard,2026-07-04T00:44:58Z
117,36,8,104.35,standard,2026-07-04T00:44:58Z
117,36,9,104.35,standard,2026-07-04T00:44:58Z
117,38,10,104.35,standard,2026-07-04T00:44:58Z
117,38,11,104.35,standard,2026-07-04T00:44:58Z
117,38,12,104.35,standard,2026-07-04T00:44:58Z
117,38,13,104.35,standard,2026-07-04T00:44:58Z
117,38,14,104.35,standard,2026-07-04T00:44:58Z
117,38,15,104.35,standard,2026-07-04T00:44:58Z
117,38,16,104.35,standard,2026-07-04T00:44:58Z
117,38,17,104.35,standard,2026-07-04T00:44:58Z
117,38,4,104.35,standard,2026-07-04T00:44:58Z
117,38,5,104.35,standard,2026-07-04T00:44:58Z
117,38,6,104.35,standard,2026-07-04T00:44:58Z
117,38,7,104.35,standard,2026-07-04T00:44:58Z
117,38,8,104.35,standard,2026-07-04T00:44:58Z
117,38,9,104.35,standard,2026-07-04T00:44:58Z
117,39,10,104.35,standard,2026-07-04T00:44:58Z
117,39,11,104.35,standard,2026-07-04T00:44:58Z
117,39,12,104.35,standard,2026-07-04T00:44:58Z
117,39,13,104.35,standard,2026-07-04T00:44:58Z
117,39,14,104.35,standard,2026-07-04T00:44:58Z
117,39,15,104.35,standard,2026-07-04T00:44:58Z
117,39,16,104.35,standard,2026-07-04T00:44:58Z
117,39,17,104.35,standard,2026-07-04T00:44:58Z
117,39,18,104.35,standard,2026-07-04T00:44:58Z
117,39,5,104.35,standard,2026-07-04T00:44:58Z
117,39,6,104.35,standard,2026-07-04T00:44:58Z
117,39,7,104.35,standard,2026-07-04T00:44:58Z
117,39,8,104.35,standard,2026-07-04T00:44:58Z
117,39,9,104.35,standard,2026-07-04T00:44:58Z
118,27,11,113.35,standard,2026-07-04T00:44:58Z
118,27,12,113.35,standard,2026-07-04T00:44:58Z
118,27,13,113.35,standard,2026-07-04T00:44:58Z
118,27,14,113.35,standard,2026-07-04T00:44:58Z
118,27,15,113.35,standard,2026-07-04T00:44:58Z
118,27,16,113.35,standard,2026-07-04T00:44:58Z
118,27,17,113.35,standard,2026-07-04T00:44:58Z
118,25,10,113.35,standard,2026-07-04T00:44:58Z
118,25,11,113.35,standard,2026-07-04T00:44:58Z
118,25,6,113.35,standard,2026-07-04T00:44:58Z
118,25,7,113.35,standard,2026-07-04T00:44:58Z
118,25,8,113.35,standard,2026-07-04T00:44:58Z
118,28,11,113.35,standard,2026-07-04T00:44:58Z
118,28,19,113.35,standard,2026-07-04T00:44:58Z
118,29,13,113.35,standard,2026-07-04T00:44:58Z
118,29,14,113.35,standard,2026-07-04T00:44:58Z
118,38,10,113.35,standard,2026-07-04T00:44:58Z
118,38,11,113.35,standard,2026-07-04T00:44:58Z
118,38,12,113.35,standard,2026-07-04T00:44:58Z
118,38,13,113.35,standard,2026-07-04T00:44:58Z
118,38,14,113.35,standard,2026-07-04T00:44:58Z
118,38,15,113.35,standard,2026-07-04T00:44:58Z
118,38,16,113.35,standard,2026-07-04T00:44:58Z
118,38,17,113.35,standard,2026-07-04T00:44:58Z
118,38,18,113.35,standard,2026-07-04T00:44:58Z
118,38,19,113.35,standard,2026-07-04T00:44:58Z
118,38,5,113.35,standard,2026-07-04T00:44:58Z
118,38,6,113.35,standard,2026-07-04T00:44:58Z
118,38,7,113.35,standard,2026-07-04T00:44:58Z
118,38,8,113.35,standard,2026-07-04T00:44:58Z
118,38,9,113.35,standard,2026-07-04T00:44:58Z
118,39,10,113.35,standard,2026-07-04T00:44:58Z
118,39,11,113.35,standard,2026-07-04T00:44:58Z
118,39,12,113.35,standard,2026-07-04T00:44:58Z
118,39,13,113.35,standard,2026-07-04T00:44:58Z
118,39,14,113.35,standard,2026-07-04T00:44:58Z
118,39,15,113.35,standard,2026-07-04T00:44:58Z
118,39,16,113.35,standard,2026-07-04T00:44:58Z
118,39,17,113.35,standard,2026-07-04T00:44:58Z
118,39,18,113.35,standard,2026-07-04T00:44:58Z
118,39,19,113.35,standard,2026-07-04T00:44:58Z
118,39,5,113.35,standard,2026-07-04T00:44:58Z
118,39,6,113.35,standard,2026-07-04T00:44:58Z
118,39,7,113.35,standard,2026-07-04T00:44:58Z
118,39,8,113.35,standard,2026-07-04T00:44:58Z
118,39,9,113.35,standard,2026-07-04T00:44:58Z
118W,40,7,113.35,standard,2026-07-04T00:44:58Z
118W,40,8,113.35,standard,2026-07-04T00:44:58Z
118W,40,9,113.35,standard,2026-07-04T00:44:58Z
119,28,7,113.35,standard,2026-07-04T00:44:58Z
119,29,5,113.35,standard,2026-07-04T00:44:58Z
119,29,6,113.35,standard,2026-07-04T00:44:58Z
119,29,7,113.35,standard,2026-07-04T00:44:58Z
119,29,8,113.35,standard,2026-07-04T00:44:58Z
119,29,9,113.35,standard,2026-07-04T00:44:58Z
119,37,10,113.35,standard,2026-07-04T00:44:58Z
119,37,11,113.35,standard,2026-07-04T00:44:58Z
119,37,12,113.35,standard,2026-07-04T00:44:58Z
119,37,7,113.35,standard,2026-07-04T00:44:58Z
119,37,8,113.35,standard,2026-07-04T00:44:58Z
119,37,9,113.35,standard,2026-07-04T00:44:58Z
119,30,10,113.35,standard,2026-07-04T00:44:58Z
119,30,11,113.35,standard,2026-07-04T00:44:58Z
119,30,12,113.35,standard,2026-07-04T00:44:58Z
119,30,7,113.35,standard,2026-07-04T00:44:58Z
119,30,8,113.35,standard,2026-07-04T00:44:58Z
119,30,9,113.35,standard,2026-07-04T00:44:58Z
119,32,7,113.35,standard,2026-07-04T00:44:58Z
119,32,8,113.35,standard,2026-07-04T00:44:58Z
119,32,9,113.35,standard,2026-07-04T00:44:58Z
119,34,7,113.35,standard,2026-07-04T00:44:58Z
119,34,8,113.35,standard,2026-07-04T00:44:58Z
119,34,9,113.35,standard,2026-07-04T00:44:58Z
119,36,11,113.35,standard,2026-07-04T00:44:58Z
119,36,12,113.35,standard,2026-07-04T00:44:58Z
119,38,10,113.35,standard,2026-07-04T00:44:58Z
119,38,11,113.35,standard,2026-07-04T00:44:58Z
119,38,12,113.35,standard,2026-07-04T00:44:58Z
119,38,13,113.35,standard,2026-07-04T00:44:58Z
119,38,5,113.35,standard,2026-07-04T00:44:58Z
119,38,6,113.35,standard,2026-07-04T00:44:58Z
119,38,7,113.35,standard,2026-07-04T00:44:58Z
119,38,8,113.35,standard,2026-07-04T00:44:58Z
119,38,9,113.35,standard,2026-07-04T00:44:58Z
119W,40,1,113.35,standard,2026-07-04T00:44:58Z
119W,40,2,113.35,standard,2026-07-04T00:44:58Z
119W,40,3,113.35,standard,2026-07-04T00:44:58Z
120,23,7,113.35,standard,2026-07-04T00:44:58Z
120,30,7,113.35,standard,2026-07-04T00:44:58Z
120,33,11,113.35,standard,2026-07-04T00:44:58Z
120,33,12,113.35,standard,2026-07-04T00:44:58Z
120,33,13,113.35,standard,2026-07-04T00:44:58Z
120,33,14,113.35,standard,2026-07-04T00:44:58Z
120,33,15,113.35,standard,2026-07-04T00:44:58Z
120,38,10,113.35,standard,2026-07-04T00:44:58Z
120,38,4,113.35,standard,2026-07-04T00:44:58Z
120,38,5,113.35,standard,2026-07-04T00:44:58Z
120,38,6,113.35,standard,2026-07-04T00:44:58Z
120,38,7,113.35,standard,2026-07-04T00:44:58Z
120,38,8,113.35,standard,2026-07-04T00:44:58Z
120,38,9,113.35,standard,2026-07-04T00:44:58Z
120,39,10,113.35,standard,2026-07-04T00:44:58Z
120,39,11,113.35,standard,2026-07-04T00:44:58Z
120,39,12,113.35,standard,2026-07-04T00:44:58Z
120,39,4,113.35,standard,2026-07-04T00:44:58Z
120,39,5,113.35,standard,2026-07-04T00:44:58Z
120,39,6,113.35,standard,2026-07-04T00:44:58Z
120,39,7,113.35,standard,2026-07-04T00:44:58Z
120,39,8,113.35,standard,2026-07-04T00:44:58Z
120,39,9,113.35,standard,2026-07-04T00:44:58Z
120W,40,8,113.35,standard,2026-07-04T00:44:58Z
121,25,11,113.35,standard,2026-07-04T00:44:58Z
121,25,12,113.35,standard,2026-07-04T00:44:58Z
121,37,10,113.35,standard,2026-07-04T00:44:58Z
121,37,3,113.35,standard,2026-07-04T00:44:58Z
121,37,4,113.35,standard,2026-07-04T00:44:58Z
121,37,5,113.35,standard,2026-07-04T00:44:58Z
121,37,6,113.35,standard,2026-07-04T00:44:58Z
121,37,7,113.35,standard,2026-07-04T00:44:58Z
121,37,8,113.35,standard,2026-07-04T00:44:58Z
121,37,9,113.35,standard,2026-07-04T00:44:58Z
121,30,12,113.35,standard,2026-07-04T00:44:58Z
121,32,10,113.35,standard,2026-07-04T00:44:58Z
121,32,7,113.35,standard,2026-07-04T00:44:58Z
121,32,8,113.35,standard,2026-07-04T00:44:58Z
121,32,9,113.35,standard,2026-07-04T00:44:58Z
121,33,10,113.35,standard,2026-07-04T00:44:58Z
121,33,11,113.35,standard,2026-07-04T00:44:58Z
121,33,14,113.35,standard,2026-07-04T00:44:58Z
121,33,15,113.35,standard,2026-07-04T00:44:58Z
121,33,3,113.35,standard,2026-07-04T00:44:58Z
121,33,4,113.35,standard,2026-07-04T00:44:58Z
121,33,7,113.35,standard,2026-07-04T00:44:58Z
121,33,8,113.35,standard,2026-07-04T00:44:58Z
121,33,9,113.35,standard,2026-07-04T00:44:58Z
121,34,7,113.35,standard,2026-07-04T00:44:58Z
121,34,8,113.35,standard,2026-07-04T00:44:58Z
121,34,9,113.35,standard,2026-07-04T00:44:58Z
121,35,10,113.35,standard,2026-07-04T00:44:58Z
121,35,11,113.35,standard,2026-07-04T00:44:58Z
121,35,12,113.35,standard,2026-07-04T00:44:58Z
121,35,3,113.35,standard,2026-07-04T00:44:58Z
121,35,4,113.35,standard,2026-07-04T00:44:58Z
121,35,9,113.35,standard,2026-07-04T00:44:58Z
121,36,10,113.35,standard,2026-07-04T00:44:58Z
121,36,9,113.35,standard,2026-07-04T00:44:58Z
121,39,10,113.35,standard,2026-07-04T00:44:58Z
121,39,11,113.35,standard,2026-07-04T00:44:58Z
121,39,12,113.35,standard,2026-07-04T00:44:58Z
121,39,13,113.35,standard,2026-07-04T00:44:58Z
121,39,9,113.35,standard,2026-07-04T00:44:58Z
122,37,12,113.35,standard,2026-07-04T00:44:58Z
122,37,13,113.35,standard,2026-07-04T00:44:58Z
122,37,14,113.35,standard,2026-07-04T00:44:58Z
122,37,15,113.35,standard,2026-07-04T00:44:58Z
122,37,16,113.35,standard,2026-07-04T00:44:58Z
122,37,19,113.35,standard,2026-07-04T00:44:58Z
122,37,20,113.35,standard,2026-07-04T00:44:58Z
122,37,5,113.35,standard,2026-07-04T00:44:58Z
122,37,6,113.35,standard,2026-07-04T00:44:58Z
122,37,7,113.35,standard,2026-07-04T00:44:58Z
122,31,11,113.35,standard,2026-07-04T00:44:58Z
122,35,15,113.35,standard,2026-07-04T00:44:58Z
122,35,16,113.35,standard,2026-07-04T00:44:58Z
122,35,17,113.35,standard,2026-07-04T00:44:58Z
122,36,17,113.35,standard,2026-07-04T00:44:58Z
122,36,18,113.35,standard,2026-07-04T00:44:58Z
122,36,19,113.35,standard,2026-07-04T00:44:58Z
122,36,20,113.35,standard,2026-07-04T00:44:58Z
122,38,16,113.35,standard,2026-07-04T00:44:58Z
122,38,17,113.35,standard,2026-07-04T00:44:58Z
122,38,18,113.35,standard,2026-07-04T00:44:58Z
122,38,7,113.35,standard,2026-07-04T00:44:58Z
122,38,8,113.35,standard,2026-07-04T00:44:58Z
122,39,14,113.35,standard,2026-07-04T00:44:58Z
122,39,15,113.35,standard,2026-07-04T00:44:58Z
122,39,16,113.35,standard,2026-07-04T00:44:58Z
123,37,10,113.35,standard,2026-07-04T00:44:58Z
123,37,11,113.35,standard,2026-07-04T00:44:58Z
123,37,12,113.35,standard,2026-07-04T00:44:58Z
123,37,13,113.35,standard,2026-07-04T00:44:58Z
123,37,14,113.35,standard,2026-07-04T00:44:58Z
123,37,15,113.35,standard,2026-07-04T00:44:58Z
123,37,16,113.35,standard,2026-07-04T00:44:58Z
123,37,3,113.35,standard,2026-07-04T00:44:58Z
123,37,4,113.35,standard,2026-07-04T00:44:58Z
123,37,5,113.35,standard,2026-07-04T00:44:58Z
123,37,6,113.35,standard,2026-07-04T00:44:58Z
123,37,7,113.35,standard,2026-07-04T00:44:58Z
123,37,8,113.35,standard,2026-07-04T00:44:58Z
123,37,9,113.35,standard,2026-07-04T00:44:58Z
123,31,3,113.35,standard,2026-07-04T00:44:58Z
123,31,4,113.35,standard,2026-07-04T00:44:58Z
123,33,9,113.35,standard,2026-07-04T00:44:58Z
123,35,10,113.35,standard,2026-07-04T00:44:58Z
123,35,11,113.35,standard,2026-07-04T00:44:58Z
123,35,12,113.35,standard,2026-07-04T00:44:58Z
123,35,13,113.35,standard,2026-07-04T00:44:58Z
123,35,14,113.35,standard,2026-07-04T00:44:58Z
123,35,8,113.35,standard,2026-07-04T00:44:58Z
123,35,9,113.35,standard,2026-07-04T00:44:58Z
123,36,10,113.35,standard,2026-07-04T00:44:58Z
123,36,3,113.35,standard,2026-07-04T00:44:58Z
123,36,4,113.35,standard,2026-07-04T00:44:58Z
123,36,5,113.35,standard,2026-07-04T00:44:58Z
123,36,6,113.35,standard,2026-07-04T00:44:58Z
123,36,9,113.35,standard,2026-07-04T00:44:58Z
123,38,10,113.35,standard,2026-07-04T00:44:58Z
123,38,11,113.35,standard,2026-07-04T00:44:58Z
123,38,12,113.35,standard,2026-07-04T00:44:58Z
123,38,13,113.35,standard,2026-07-04T00:44:58Z
123,38,14,113.35,standard,2026-07-04T00:44:58Z
123,38,6,113.35,standard,2026-07-04T00:44:58Z
123,38,7,113.35,standard,2026-07-04T00:44:58Z
123,38,8,113.35,standard,2026-07-04T00:44:58Z
123,38,9,113.35,standard,2026-07-04T00:44:58Z
123,39,10,113.35,standard,2026-07-04T00:44:58Z
123,39,11,113.35,standard,2026-07-04T00:44:58Z
123,39,12,113.35,standard,2026-07-04T00:44:58Z
123,39,6,113.35,standard,2026-07-04T00:44:58Z
123,39,7,113.35,standard,2026-07-04T00:44:58Z
123,39,8,113.35,standard,2026-07-04T00:44:58Z
123,39,9,113.35,standard,2026-07-04T00:44:58Z
124,23,6,113.35,standard,2026-07-04T00:44:58Z
124,37,10,113.35,standard,2026-07-04T00:44:58Z
124,37,11,113.35,standard,2026-07-04T00:44:58Z
124,37,12,113.35,standard,2026-07-04T00:44:58Z
124,37,13,113.35,standard,2026-07-04T00:44:58Z
124,37,14,113.35,standard,2026-07-04T00:44:58Z
124,37,4,113.35,standard,2026-07-04T00:44:58Z
124,37,5,113.35,standard,2026-07-04T00:44:58Z
124,37,6,113.35,standard,2026-07-04T00:44:58Z
124,37,9,113.35,standard,2026-07-04T00:44:58Z
124,36,15,113.35,standard,2026-07-04T00:44:58Z
124,36,16,113.35,standard,2026-07-04T00:44:58Z
124,38,10,113.35,standard,2026-07-04T00:44:58Z
124,38,11,113.35,standard,2026-07-04T00:44:58Z
124,38,12,113.35,standard,2026-07-04T00:44:58Z
124,38,13,113.35,standard,2026-07-04T00:44:58Z
124,38,4,113.35,standard,2026-07-04T00:44:58Z
124,38,5,113.35,standard,2026-07-04T00:44:58Z
124,38,6,113.35,standard,2026-07-04T00:44:58Z
124,38,7,113.35,standard,2026-07-04T00:44:58Z
124,38,8,113.35,standard,2026-07-04T00:44:58Z
124,38,9,113.35,standard,2026-07-04T00:44:58Z
124,39,10,113.35,standard,2026-07-04T00:44:58Z
124,39,11,113.35,standard,2026-07-04T00:44:58Z
124,39,12,113.35,standard,2026-07-04T00:44:58Z
124,39,13,113.35,standard,2026-07-04T00:44:58Z
124,39,14,113.35,standard,2026-07-04T00:44:58Z
124,39,15,113.35,standard,2026-07-04T00:44:58Z
124,39,5,113.35,standard,2026-07-04T00:44:58Z
124,39,6,113.35,standard,2026-07-04T00:44:58Z
124,39,7,113.35,standard,2026-07-04T00:44:58Z
124,39,8,113.35,standard,2026-07-04T00:44:58Z
124,39,9,113.35,standard,2026-07-04T00:44:58Z
125,28,11,113.35,standard,2026-07-04T00:44:58Z
125,37,10,113.35,standard,2026-07-04T00:44:58Z
125,37,11,113.35,standard,2026-07-04T00:44:58Z
125,37,12,113.35,standard,2026-07-04T00:44:58Z
125,37,13,113.35,standard,2026-07-04T00:44:58Z
125,37,14,113.35,standard,2026-07-04T00:44:58Z
125,37,4,113.35,standard,2026-07-04T00:44:58Z
125,37,5,113.35,standard,2026-07-04T00:44:58Z
125,37,6,113.35,standard,2026-07-04T00:44:58Z
125,37,7,113.35,standard,2026-07-04T00:44:58Z
125,32,3,113.35,standard,2026-07-04T00:44:58Z
125,32,4,113.35,standard,2026-07-04T00:44:58Z
125,32,5,113.35,standard,2026-07-04T00:44:58Z
125,32,6,113.35,standard,2026-07-04T00:44:58Z
125,32,8,113.35,standard,2026-07-04T00:44:58Z
125,33,10,113.35,standard,2026-07-04T00:44:58Z
125,33,11,113.35,standard,2026-07-04T00:44:58Z
125,33,12,113.35,standard,2026-07-04T00:44:58Z
125,33,13,113.35,standard,2026-07-04T00:44:58Z
125,33,14,113.35,standard,2026-07-04T00:44:58Z
125,33,15,113.35,standard,2026-07-04T00:44:58Z
125,33,2,113.35,standard,2026-07-04T00:44:58Z
125,33,3,113.35,standard,2026-07-04T00:44:58Z
125,33,4,113.35,standard,2026-07-04T00:44:58Z
125,33,9,113.35,standard,2026-07-04T00:44:58Z
125,34,11,113.35,standard,2026-07-04T00:44:58Z
125,34,12,113.35,standard,2026-07-04T00:44:58Z
125,34,13,113.35,standard,2026-07-04T00:44:58Z
125,34,14,113.35,standard,2026-07-04T00:44:58Z
125,34,15,113.35,standard,2026-07-04T00:44:58Z
125,34,3,113.35,standard,2026-07-04T00:44:58Z
125,34,4,113.35,standard,2026-07-04T00:44:58Z
125,35,4,113.35,standard,2026-07-04T00:44:58Z
125,36,10,113.35,standard,2026-07-04T00:44:58Z
125,36,11,113.35,standard,2026-07-04T00:44:58Z
125,36,12,113.35,standard,2026-07-04T00:44:58Z
125,36,7,113.35,standard,2026-07-04T00:44:58Z
125,36,8,113.35,standard,2026-07-04T00:44:58Z
125,36,9,113.35,standard,2026-07-04T00:44:58Z
125,38,11,113.35,standard,2026-07-04T00:44:58Z
125,38,12,113.35,standard,2026-07-04T00:44:58Z
125,38,5,113.35,standard,2026-07-04T00:44:58Z
125,38,6,113.35,standard,2026-07-04T00:44:58Z
125,38,7,113.35,standard,2026-07-04T00:44:58Z
126,24,1,113.35,standard,2026-07-04T00:44:58Z
126,24,2,113.35,standard,2026-07-04T00:44:58Z
126,24,5,113.35,standard,2026-07-04T00:44:58Z
126,24,6,113.35,standard,2026-07-04T00:44:58Z
126,28,11,113.35,standard,2026-07-04T00:44:58Z
126,28,12,113.35,standard,2026-07-04T00:44:58Z
126,28,13,113.35,standard,2026-07-04T00:44:58Z
126,28,14,113.35,standard,2026-07-04T00:44:58Z
126,28,15,113.35,standard,2026-07-04T00:44:58Z
126,28,18,113.35,standard,2026-07-04T00:44:58Z
126,28,19,113.35,standard,2026-07-04T00:44:58Z
126,28,3,113.35,standard,2026-07-04T00:44:58Z
126,28,4,113.35,standard,2026-07-04T00:44:58Z
126,29,3,113.35,standard,2026-07-04T00:44:58Z
126,29,4,113.35,standard,2026-07-04T00:44:58Z
126,29,5,113.35,standard,2026-07-04T00:44:58Z
126,29,6,113.35,standard,2026-07-04T00:44:58Z
126,29,7,113.35,standard,2026-07-04T00:44:58Z
126,29,8,113.35,standard,2026-07-04T00:44:58Z
126,30,3,113.35,standard,2026-07-04T00:44:58Z
126,30,4,113.35,standard,2026-07-04T00:44:58Z
126,31,7,113.35,standard,2026-07-04T00:44:58Z
126,31,8,113.35,standard,2026-07-04T00:44:58Z
126,32,13,113.35,standard,2026-07-04T00:44:58Z
126,32,14,113.35,standard,2026-07-04T00:44:58Z
126,32,15,113.35,standard,2026-07-04T00:44:58Z
126,32,16,113.35,standard,2026-07-04T00:44:58Z
126,33,17,113.35,standard,2026-07-04T00:44:58Z
126,33,18,113.35,standard,2026-07-04T00:44:58Z
126,33,19,113.35,standard,2026-07-04T00:44:58Z
126,33,20,113.35,standard,2026-07-04T00:44:58Z
126,33,21,113.35,standard,2026-07-04T00:44:58Z
126,33,22,113.35,standard,2026-07-04T00:44:58Z
126,33,6,113.35,standard,2026-07-04T00:44:58Z
126,33,7,113.35,standard,2026-07-04T00:44:58Z
126,33,8,113.35,standard,2026-07-04T00:44:58Z
126T,36,1,306.35,standard,2026-07-04T00:44:58Z
126T,36,2,306.35,standard,2026-07-04T00:44:58Z
126T,37,1,306.35,standard,2026-07-04T00:44:58Z
126T,37,2,306.35,standard,2026-07-04T00:44:58Z
126T,37,3,306.35,standard,2026-07-04T00:44:58Z
126T,37,4,306.35,standard,2026-07-04T00:44:58Z
126T,37,5,306.35,standard,2026-07-04T00:44:58Z
126T,37,6,306.35,standard,2026-07-04T00:44:58Z
126W,40,5,113.35,standard,2026-07-04T00:44:58Z
127,30,11,104.35,standard,2026-07-04T00:44:58Z
127,30,12,104.35,standard,2026-07-04T00:44:58Z
127,31,17,104.35,standard,2026-07-04T00:44:58Z
127,31,18,104.35,standard,2026-07-04T00:44:58Z
127,32,12,104.35,standard,2026-07-04T00:44:58Z
127,34,11,104.35,standard,2026-07-04T00:44:58Z
127,34,12,104.35,standard,2026-07-04T00:44:58Z
127,34,13,104.35,standard,2026-07-04T00:44:58Z
127,34,14,104.35,standard,2026-07-04T00:44:58Z
127,34,15,104.35,standard,2026-07-04T00:44:58Z
128,28,13,104.35,standard,2026-07-04T00:44:58Z
128,28,14,104.35,standard,2026-07-04T00:44:58Z
128,28,7,104.35,standard,2026-07-04T00:44:58Z
128,28,8,104.35,standard,2026-07-04T00:44:58Z
128,29,15,104.35,standard,2026-07-04T00:44:58Z
128,29,16,104.35,standard,2026-07-04T00:44:58Z
128,29,19,104.35,standard,2026-07-04T00:44:58Z
128,29,20,104.35,standard,2026-07-04T00:44:58Z
128,30,15,104.35,standard,2026-07-04T00:44:58Z
128,30,16,104.35,standard,2026-07-04T00:44:58Z
128,30,17,104.35,standard,2026-07-04T00:44:58Z
128,30,18,104.35,standard,2026-07-04T00:44:58Z
128,32,15,104.35,standard,2026-07-04T00:44:58Z
128,32,16,104.35,standard,2026-07-04T00:44:58Z
128,33,15,104.35,standard,2026-07-04T00:44:58Z
128,33,16,104.35,standard,2026-07-04T00:44:58Z
128,33,3,104.35,standard,2026-07-04T00:44:58Z
128,33,4,104.35,standard,2026-07-04T00:44:58Z
128,34,11,104.35,standard,2026-07-04T00:44:58Z
128,34,12,104.35,standard,2026-07-04T00:44:58Z
128,34,13,104.35,standard,2026-07-04T00:44:58Z
128,34,14,104.35,standard,2026-07-04T00:44:58Z
128,34,15,104.35,standard,2026-07-04T00:44:58Z
128,34,16,104.35,standard,2026-07-04T00:44:58Z
128,35,10,104.35,standard,2026-07-04T00:44:58Z
128,35,11,104.35,standard,2026-07-04T00:44:58Z
128,35,12,104.35,standard,2026-07-04T00:44:58Z
128,35,13,104.35,standard,2026-07-04T00:44:58Z
128,35,14,104.35,standard,2026-07-04T00:44:58Z
128,35,15,104.35,standard,2026-07-04T00:44:58Z
128,35,16,104.35,standard,2026-07-04T00:44:58Z
128,35,17,104.35,standard,2026-07-04T00:44:58Z
128,35,5,104.35,standard,2026-07-04T00:44:58Z
128,35,6,104.35,standard,2026-07-04T00:44:58Z
128,35,7,104.35,standard,2026-07-04T00:44:58Z
128,35,8,104.35,standard,2026-07-04T00:44:58Z
128,35,9,104.35,standard,2026-07-04T00:44:58Z
128,36,10,104.35,standard,2026-07-04T00:44:58Z
128,36,11,104.35,standard,2026-07-04T00:44:58Z
128,36,12,104.35,standard,2026-07-04T00:44:58Z
128,36,13,104.35,standard,2026-07-04T00:44:58Z
128,36,14,104.35,standard,2026-07-04T00:44:58Z
128,36,15,104.35,standard,2026-07-04T00:44:58Z
128,36,6,104.35,standard,2026-07-04T00:44:58Z
128,36,7,104.35,standard,2026-07-04T00:44:58Z
128,36,8,104.35,standard,2026-07-04T00:44:58Z
128,36,9,104.35,standard,2026-07-04T00:44:58Z
128,38,14,104.35,standard,2026-07-04T00:44:58Z
128,38,15,104.35,standard,2026-07-04T00:44:58Z
128,38,16,104.35,standard,2026-07-04T00:44:58Z
128,39,13,104.35,standard,2026-07-04T00:44:58Z
128,39,14,104.35,standard,2026-07-04T00:44:58Z
128,39,15,104.35,standard,2026-07-04T00:44:58Z
128,39,16,104.35,standard,2026-07-04T00:44:58Z
128,39,17,104.35,standard,2026-07-04T00:44:58Z
128W,40,7,104.35,standard,2026-07-04T00:44:58Z
128W,40,8,104.35,standard,2026-07-04T00:44:58Z
128W,40,9,104.35,standard,2026-07-04T00:44:58Z
129,27,13,104.35,standard,2026-07-04T00:44:58Z
129,27,14,104.35,standard,2026-07-04T00:44:58Z
129,26,4,104.35,standard,2026-07-04T00:44:58Z
129,26,7,104.35,standard,2026-07-04T00:44:58Z
129,28,15,104.35,standard,2026-07-04T00:44:58Z
129,28,16,104.35,standard,2026-07-04T00:44:58Z
129,29,10,104.35,standard,2026-07-04T00:44:58Z
129,29,11,104.35,standard,2026-07-04T00:44:58Z
129,29,12,104.35,standard,2026-07-04T00:44:58Z
129,29,13,104.35,standard,2026-07-04T00:44:58Z
129,29,14,104.35,standard,2026-07-04T00:44:58Z
129,29,15,104.35,standard,2026-07-04T00:44:58Z
129,29,16,104.35,standard,2026-07-04T00:44:58Z
129,29,17,104.35,standard,2026-07-04T00:44:58Z
129,29,18,104.35,standard,2026-07-04T00:44:58Z
129,29,9,104.35,standard,2026-07-04T00:44:58Z
129,30,13,104.35,standard,2026-07-04T00:44:58Z
129,30,14,104.35,standard,2026-07-04T00:44:58Z
129,32,10,104.35,standard,2026-07-04T00:44:58Z
129,32,11,104.35,standard,2026-07-04T00:44:58Z
129,32,12,104.35,standard,2026-07-04T00:44:58Z
129,32,13,104.35,standard,2026-07-04T00:44:58Z
129,32,14,104.35,standard,2026-07-04T00:44:58Z
129,32,15,104.35,standard,2026-07-04T00:44:58Z
129,32,9,104.35,standard,2026-07-04T00:44:58Z
129,33,10,104.35,standard,2026-07-04T00:44:58Z
129,33,11,104.35,standard,2026-07-04T00:44:58Z
129,33,12,104.35,standard,2026-07-04T00:44:58Z
129,33,13,104.35,standard,2026-07-04T00:44:58Z
129,33,14,104.35,standard,2026-07-04T00:44:58Z
129,33,15,104.35,standard,2026-07-04T00:44:58Z
129,33,16,104.35,standard,2026-07-04T00:44:58Z
129,33,17,104.35,standard,2026-07-04T00:44:58Z
129,33,7,104.35,standard,2026-07-04T00:44:58Z
129,33,8,104.35,standard,2026-07-04T00:44:58Z
129,33,9,104.35,standard,2026-07-04T00:44:58Z
129,34,10,104.35,standard,2026-07-04T00:44:58Z
129,34,11,104.35,standard,2026-07-04T00:44:58Z
129,34,12,104.35,standard,2026-07-04T00:44:58Z
129,34,13,104.35,standard,2026-07-04T00:44:58Z
129,34,14,104.35,standard,2026-07-04T00:44:58Z
129,34,15,104.35,standard,2026-07-04T00:44:58Z
129,34,16,104.35,standard,2026-07-04T00:44:58Z
129,34,7,104.35,standard,2026-07-04T00:44:58Z
129,34,8,104.35,standard,2026-07-04T00:44:58Z
129,34,9,104.35,standard,2026-07-04T00:44:58Z
129,35,12,104.35,standard,2026-07-04T00:44:58Z
129,35,5,104.35,standard,2026-07-04T00:44:58Z
129,38,13,104.35,standard,2026-07-04T00:44:58Z
130,17,5,62.5,standard,2026-07-04T00:44:58Z
130,17,6,62.5,standard,2026-07-04T00:44:58Z
130,17,7,62.5,standard,2026-07-04T00:44:58Z
130,17,8,62.5,standard,2026-07-04T00:44:58Z
130,17,9,62.5,standard,2026-07-04T00:44:58Z
130,14,8,62.5,standard,2026-07-04T00:44:58Z
130,14,9,62.5,standard,2026-07-04T00:44:58Z
130,15,10,62.5,standard,2026-07-04T00:44:58Z
130,15,11,62.5,standard,2026-07-04T00:44:58Z
130,15,12,62.5,standard,2026-07-04T00:44:58Z
130,19,11,62.5,standard,2026-07-04T00:44:58Z
130,19,12,62.5,standard,2026-07-04T00:44:58Z
130,19,5,62.5,standard,2026-07-04T00:44:58Z
130,19,6,62.5,standard,2026-07-04T00:44:58Z
130,20,12,62.5,standard,2026-07-04T00:44:58Z
130,20,13,62.5,standard,2026-07-04T00:44:58Z
130,27,15,62.5,standard,2026-07-04T00:44:58Z
130,27,18,62.5,standard,2026-07-04T00:44:58Z
130,22,5,62.5,standard,2026-07-04T00:44:58Z
130,23,7,62.5,standard,2026-07-04T00:44:58Z
130,23,8,62.5,standard,2026-07-04T00:44:58Z
130,24,16,62.5,standard,2026-07-04T00:44:58Z
130,24,17,62.5,standard,2026-07-04T00:44:58Z
130,28,10,62.5,standard,2026-07-04T00:44:58Z
130,28,9,62.5,standard,2026-07-04T00:44:58Z
130,37,10,62.5,standard,2026-07-04T00:44:58Z
130,37,11,62.5,standard,2026-07-04T00:44:58Z
130,37,12,62.5,standard,2026-07-04T00:44:58Z
130,37,13,62.5,standard,2026-07-04T00:44:58Z
130,37,17,62.5,standard,2026-07-04T00:44:58Z
130,37,18,62.5,standard,2026-07-04T00:44:58Z
130,37,19,62.5,standard,2026-07-04T00:44:58Z
130,37,9,62.5,standard,2026-07-04T00:44:58Z
130,31,15,62.5,standard,2026-07-04T00:44:58Z
130,31,16,62.5,standard,2026-07-04T00:44:58Z
130,31,17,62.5,standard,2026-07-04T00:44:58Z
130,31,18,62.5,standard,2026-07-04T00:44:58Z
130,31,19,62.5,standard,2026-07-04T00:44:58Z
130,34,23,62.5,standard,2026-07-04T00:44:58Z
130,38,18,62.5,standard,2026-07-04T00:44:58Z
130,38,19,62.5,standard,2026-07-04T00:44:58Z
130,38,20,62.5,standard,2026-07-04T00:44:58Z
130,39,17,62.5,standard,2026-07-04T00:44:58Z
130,39,18,62.5,standard,2026-07-04T00:44:58Z
130,39,19,62.5,standard,2026-07-04T00:44:58Z
131,17,10,62.5,standard,2026-07-04T00:44:58Z
131,17,11,62.5,standard,2026-07-04T00:44:58Z
131,17,12,62.5,standard,2026-07-04T00:44:58Z
131,17,17,62.5,standard,2026-07-04T00:44:58Z
131,17,18,62.5,standard,2026-07-04T00:44:58Z
131,13,13,62.5,standard,2026-07-04T00:44:58Z
131,13,14,62.5,standard,2026-07-04T00:44:58Z
131,13,5,62.5,standard,2026-07-04T00:44:58Z
131,13,6,62.5,standard,2026-07-04T00:44:58Z
131,13,7,62.5,standard,2026-07-04T00:44:58Z
131,13,8,62.5,standard,2026-07-04T00:44:58Z
131,14,10,62.5,standard,2026-07-04T00:44:58Z
131,14,11,62.5,standard,2026-07-04T00:44:58Z
131,14,12,62.5,standard,2026-07-04T00:44:58Z
131,14,13,62.5,standard,2026-07-04T00:44:58Z
131,14,2,62.5,standard,2026-07-04T00:44:58Z
131,14,9,62.5,standard,2026-07-04T00:44:58Z
131,15,3,62.5,standard,2026-07-04T00:44:58Z
131,15,4,62.5,standard,2026-07-04T00:44:58Z
131,16,10,62.5,standard,2026-07-04T00:44:58Z
131,16,11,62.5,standard,2026-07-04T00:44:58Z
131,16,12,62.5,standard,2026-07-04T00:44:58Z
131,16,13,62.5,standard,2026-07-04T00:44:58Z
131,16,14,62.5,standard,2026-07-04T00:44:58Z
131,16,15,62.5,standard,2026-07-04T00:44:58Z
131,16,7,62.5,standard,2026-07-04T00:44:58Z
131,16,8,62.5,standard,2026-07-04T00:44:58Z
131,16,9,62.5,standard,2026-07-04T00:44:58Z
131,18,11,62.5,standard,2026-07-04T00:44:58Z
131,18,12,62.5,standard,2026-07-04T00:44:58Z
131,18,13,62.5,standard,2026-07-04T00:44:58Z
131,18,14,62.5,standard,2026-07-04T00:44:58Z
131,18,15,62.5,standard,2026-07-04T00:44:58Z
131,18,16,62.5,standard,2026-07-04T00:44:58Z
131,18,17,62.5,standard,2026-07-04T00:44:58Z
131,19,10,62.5,standard,2026-07-04T00:44:58Z
131,19,11,62.5,standard,2026-07-04T00:44:58Z
131,19,12,62.5,standard,2026-07-04T00:44:58Z
131,19,13,62.5,standard,2026-07-04T00:44:58Z
131,19,14,62.5,standard,2026-07-04T00:44:58Z
131,19,15,62.5,standard,2026-07-04T00:44:58Z
131,19,16,62.5,standard,2026-07-04T00:44:58Z
131,19,17,62.5,standard,2026-07-04T00:44:58Z
131,19,8,62.5,standard,2026-07-04T00:44:58Z
131,19,9,62.5,standard,2026-07-04T00:44:58Z
131,20,10,62.5,standard,2026-07-04T00:44:58Z
131,20,11,62.5,standard,2026-07-04T00:44:58Z
131,20,12,62.5,standard,2026-07-04T00:44:58Z
131,20,13,62.5,standard,2026-07-04T00:44:58Z
131,20,14,62.5,standard,2026-07-04T00:44:58Z
131,20,15,62.5,standard,2026-07-04T00:44:58Z
131,20,16,62.5,standard,2026-07-04T00:44:58Z
131,20,17,62.5,standard,2026-07-04T00:44:58Z
131,20,18,62.5,standard,2026-07-04T00:44:58Z
131,20,7,62.5,standard,2026-07-04T00:44:58Z
131,20,8,62.5,standard,2026-07-04T00:44:58Z
131,20,9,62.5,standard,2026-07-04T00:44:58Z
131,27,13,62.5,standard,2026-07-04T00:44:58Z
131,27,14,62.5,standard,2026-07-04T00:44:58Z
131,27,15,62.5,standard,2026-07-04T00:44:58Z
131,27,16,62.5,standard,2026-07-04T00:44:58Z
131,24,11,62.5,standard,2026-07-04T00:44:58Z
131,24,12,62.5,standard,2026-07-04T00:44:58Z
131,25,1,62.5,standard,2026-07-04T00:44:58Z
131,25,2,62.5,standard,2026-07-04T00:44:58Z
131,26,15,62.5,standard,2026-07-04T00:44:58Z
131,26,16,62.5,standard,2026-07-04T00:44:58Z
131,26,3,62.5,standard,2026-07-04T00:44:58Z
131,26,4,62.5,standard,2026-07-04T00:44:58Z
131,37,10,62.5,standard,2026-07-04T00:44:58Z
131,37,11,62.5,standard,2026-07-04T00:44:58Z
131,37,12,62.5,standard,2026-07-04T00:44:58Z
131,37,13,62.5,standard,2026-07-04T00:44:58Z
131,37,14,62.5,standard,2026-07-04T00:44:58Z
131,37,17,62.5,standard,2026-07-04T00:44:58Z
131,37,18,62.5,standard,2026-07-04T00:44:58Z
131,37,5,62.5,standard,2026-07-04T00:44:58Z
131,37,6,62.5,standard,2026-07-04T00:44:58Z
131,37,7,62.5,standard,2026-07-04T00:44:58Z
131,37,8,62.5,standard,2026-07-04T00:44:58Z
131,37,9,62.5,standard,2026-07-04T00:44:58Z
131,31,10,62.5,standard,2026-07-04T00:44:58Z
131,31,17,62.5,standard,2026-07-04T00:44:58Z
131,31,18,62.5,standard,2026-07-04T00:44:58Z
131,31,9,62.5,standard,2026-07-04T00:44:58Z
131,34,14,62.5,standard,2026-07-04T00:44:58Z
131,38,10,62.5,standard,2026-07-04T00:44:58Z
131,38,11,62.5,standard,2026-07-04T00:44:58Z
131,38,12,62.5,standard,2026-07-04T00:44:58Z
131,38,13,62.5,standard,2026-07-04T00:44:58Z
131,38,14,62.5,standard,2026-07-04T00:44:58Z
131,38,15,62.5,standard,2026-07-04T00:44:58Z
131,38,16,62.5,standard,2026-07-04T00:44:58Z
131,38,17,62.5,standard,2026-07-04T00:44:58Z
131,38,9,62.5,standard,2026-07-04T00:44:58Z
131,39,10,62.5,standard,2026-07-04T00:44:58Z
131,39,11,62.5,standard,2026-07-04T00:44:58Z
131,39,12,62.5,standard,2026-07-04T00:44:58Z
131,39,5,62.5,standard,2026-07-04T00:44:58Z
131,39,6,62.5,standard,2026-07-04T00:44:58Z
131,39,7,62.5,standard,2026-07-04T00:44:58Z
131,39,8,62.5,standard,2026-07-04T00:44:58Z
131,39,9,62.5,standard,2026-07-04T00:44:58Z
132,12,12,62.5,standard,2026-07-04T00:44:58Z
132,12,13,62.5,standard,2026-07-04T00:44:58Z
132,12,5,62.5,standard,2026-07-04T00:44:58Z
132,12,6,62.5,standard,2026-07-04T00:44:58Z
132,13,11,62.5,standard,2026-07-04T00:44:58Z
132,13,12,62.5,standard,2026-07-04T00:44:58Z
132,13,17,62.5,standard,2026-07-04T00:44:58Z
132,13,18,62.5,standard,2026-07-04T00:44:58Z
132,14,10,62.5,standard,2026-07-04T00:44:58Z
132,14,11,62.5,standard,2026-07-04T00:44:58Z
132,14,17,62.5,standard,2026-07-04T00:44:58Z
132,14,18,62.5,standard,2026-07-04T00:44:58Z
132,14,4,62.5,standard,2026-07-04T00:44:58Z
132,14,5,62.5,standard,2026-07-04T00:44:58Z
132,15,11,62.5,standard,2026-07-04T00:44:58Z
132,15,12,62.5,standard,2026-07-04T00:44:58Z
132,16,10,62.5,standard,2026-07-04T00:44:58Z
132,16,15,62.5,standard,2026-07-04T00:44:58Z
132,16,16,62.5,standard,2026-07-04T00:44:58Z
132,16,9,62.5,standard,2026-07-04T00:44:58Z
132,18,15,62.5,standard,2026-07-04T00:44:58Z
132,18,16,62.5,standard,2026-07-04T00:44:58Z
132,19,12,62.5,standard,2026-07-04T00:44:58Z
132,19,13,62.5,standard,2026-07-04T00:44:58Z
132,19,14,62.5,standard,2026-07-04T00:44:58Z
132,27,11,62.5,standard,2026-07-04T00:44:58Z
132,27,12,62.5,standard,2026-07-04T00:44:58Z
132,27,13,62.5,standard,2026-07-04T00:44:58Z
132,27,14,62.5,standard,2026-07-04T00:44:58Z
132,27,15,62.5,standard,2026-07-04T00:44:58Z
132,27,16,62.5,standard,2026-07-04T00:44:58Z
132,20,15,62.5,standard,2026-07-04T00:44:58Z
132,20,16,62.5,standard,2026-07-04T00:44:58Z
132,20,17,62.5,standard,2026-07-04T00:44:58Z
132,20,18,62.5,standard,2026-07-04T00:44:58Z
132,21,10,62.5,standard,2026-07-04T00:44:58Z
132,21,11,62.5,standard,2026-07-04T00:44:58Z
132,21,12,62.5,standard,2026-07-04T00:44:58Z
132,21,5,62.5,standard,2026-07-04T00:44:58Z
132,21,6,62.5,standard,2026-07-04T00:44:58Z
132,21,7,62.5,standard,2026-07-04T00:44:58Z
132,21,8,62.5,standard,2026-07-04T00:44:58Z
132,21,9,62.5,standard,2026-07-04T00:44:58Z
132,22,10,62.5,standard,2026-07-04T00:44:58Z
132,22,11,62.5,standard,2026-07-04T00:44:58Z
132,22,12,62.5,standard,2026-07-04T00:44:58Z
132,22,13,62.5,standard,2026-07-04T00:44:58Z
132,22,14,62.5,standard,2026-07-04T00:44:58Z
132,22,15,62.5,standard,2026-07-04T00:44:58Z
132,22,16,62.5,standard,2026-07-04T00:44:58Z
132,22,17,62.5,standard,2026-07-04T00:44:58Z
132,22,18,62.5,standard,2026-07-04T00:44:58Z
132,22,8,62.5,standard,2026-07-04T00:44:58Z
132,22,9,62.5,standard,2026-07-04T00:44:58Z
132,23,10,62.5,standard,2026-07-04T00:44:58Z
132,23,11,62.5,standard,2026-07-04T00:44:58Z
132,23,12,62.5,standard,2026-07-04T00:44:58Z
132,23,13,62.5,standard,2026-07-04T00:44:58Z
132,23,14,62.5,standard,2026-07-04T00:44:58Z
132,23,15,62.5,standard,2026-07-04T00:44:58Z
132,23,4,62.5,standard,2026-07-04T00:44:58Z
132,23,5,62.5,standard,2026-07-04T00:44:58Z
132,23,6,62.5,standard,2026-07-04T00:44:58Z
132,23,7,62.5,standard,2026-07-04T00:44:58Z
132,23,8,62.5,standard,2026-07-04T00:44:58Z
132,23,9,62.5,standard,2026-07-04T00:44:58Z
132,24,10,62.5,standard,2026-07-04T00:44:58Z
132,24,11,62.5,standard,2026-07-04T00:44:58Z
132,24,12,62.5,standard,2026-07-04T00:44:58Z
132,24,13,62.5,standard,2026-07-04T00:44:58Z
132,24,14,62.5,standard,2026-07-04T00:44:58Z
132,24,15,62.5,standard,2026-07-04T00:44:58Z
132,24,16,62.5,standard,2026-07-04T00:44:58Z
132,24,5,62.5,standard,2026-07-04T00:44:58Z
132,24,6,62.5,standard,2026-07-04T00:44:58Z
132,24,7,62.5,standard,2026-07-04T00:44:58Z
132,24,8,62.5,standard,2026-07-04T00:44:58Z
132,24,9,62.5,standard,2026-07-04T00:44:58Z
132,25,10,62.5,standard,2026-07-04T00:44:58Z
132,25,11,62.5,standard,2026-07-04T00:44:58Z
132,25,12,62.5,standard,2026-07-04T00:44:58Z
132,25,13,62.5,standard,2026-07-04T00:44:58Z
132,25,14,62.5,standard,2026-07-04T00:44:58Z
132,25,15,62.5,standard,2026-07-04T00:44:58Z
132,25,16,62.5,standard,2026-07-04T00:44:58Z
132,25,17,62.5,standard,2026-07-04T00:44:58Z
132,25,4,62.5,standard,2026-07-04T00:44:58Z
132,25,5,62.5,standard,2026-07-04T00:44:58Z
132,25,6,62.5,standard,2026-07-04T00:44:58Z
132,25,7,62.5,standard,2026-07-04T00:44:58Z
132,25,8,62.5,standard,2026-07-04T00:44:58Z
132,25,9,62.5,standard,2026-07-04T00:44:58Z
132,26,10,62.5,standard,2026-07-04T00:44:58Z
132,26,11,62.5,standard,2026-07-04T00:44:58Z
132,26,12,62.5,standard,2026-07-04T00:44:58Z
132,26,13,62.5,standard,2026-07-04T00:44:58Z
132,26,14,62.5,standard,2026-07-04T00:44:58Z
132,26,15,62.5,standard,2026-07-04T00:44:58Z
132,26,16,62.5,standard,2026-07-04T00:44:58Z
132,26,6,62.5,standard,2026-07-04T00:44:58Z
132,26,7,62.5,standard,2026-07-04T00:44:58Z
132,26,8,62.5,standard,2026-07-04T00:44:58Z
132,26,9,62.5,standard,2026-07-04T00:44:58Z
132,28,12,62.5,standard,2026-07-04T00:44:58Z
132,28,13,62.5,standard,2026-07-04T00:44:58Z
132,28,14,62.5,standard,2026-07-04T00:44:58Z
132,28,15,62.5,standard,2026-07-04T00:44:58Z
132,28,16,62.5,standard,2026-07-04T00:44:58Z
132,28,17,62.5,standard,2026-07-04T00:44:58Z
132,28,18,62.5,standard,2026-07-04T00:44:58Z
132,30,10,62.5,standard,2026-07-04T00:44:58Z
132,30,11,62.5,standard,2026-07-04T00:44:58Z
132,30,12,62.5,standard,2026-07-04T00:44:58Z
132,30,13,62.5,standard,2026-07-04T00:44:58Z
132,30,14,62.5,standard,2026-07-04T00:44:58Z
132,30,15,62.5,standard,2026-07-04T00:44:58Z
132,30,16,62.5,standard,2026-07-04T00:44:58Z
132,30,9,62.5,standard,2026-07-04T00:44:58Z
132,31,10,62.5,standard,2026-07-04T00:44:58Z
132,31,11,62.5,standard,2026-07-04T00:44:58Z
132,31,12,62.5,standard,2026-07-04T00:44:58Z
132,31,9,62.5,standard,2026-07-04T00:44:58Z
132,32,10,62.5,standard,2026-07-04T00:44:58Z
132,32,11,62.5,standard,2026-07-04T00:44:58Z
132,32,12,62.5,standard,2026-07-04T00:44:58Z
132,32,13,62.5,standard,2026-07-04T00:44:58Z
132,32,14,62.5,standard,2026-07-04T00:44:58Z
132,32,15,62.5,standard,2026-07-04T00:44:58Z
132,32,16,62.5,standard,2026-07-04T00:44:58Z
132,32,17,62.5,standard,2026-07-04T00:44:58Z
132,32,18,62.5,standard,2026-07-04T00:44:58Z
132,32,9,62.5,standard,2026-07-04T00:44:58Z
132,34,14,62.5,standard,2026-07-04T00:44:58Z
132,34,15,62.5,standard,2026-07-04T00:44:58Z
132,34,9,62.5,standard,2026-07-04T00:44:58Z
132,36,14,62.5,standard,2026-07-04T00:44:58Z
132,36,9,62.5,standard,2026-07-04T00:44:58Z
132,38,13,62.5,standard,2026-07-04T00:44:58Z
132,38,18,62.5,standard,2026-07-04T00:44:58Z
132,39,10,62.5,standard,2026-07-04T00:44:58Z
132,39,11,62.5,standard,2026-07-04T00:44:58Z
132,39,12,62.5,standard,2026-07-04T00:44:58Z
132,39,13,62.5,standard,2026-07-04T00:44:58Z
132,39,14,62.5,standard,2026-07-04T00:44:58Z
132,39,15,62.5,standard,2026-07-04T00:44:58Z
132,39,16,62.5,standard,2026-07-04T00:44:58Z
132,39,17,62.5,standard,2026-07-04T00:44:58Z
132,39,18,62.5,standard,2026-07-04T00:44:58Z
132,39,5,62.5,standard,2026-07-04T00:44:58Z
132,39,6,62.5,standard,2026-07-04T00:44:58Z
132,39,7,62.5,standard,2026-07-04T00:44:58Z
132,39,8,62.5,standard,2026-07-04T00:44:58Z
132,39,9,62.5,standard,2026-07-04T00:44:58Z
132,4,15,62.5,standard,2026-07-04T00:44:58Z
132,4,16,62.5,standard,2026-07-04T00:44:58Z
132,4,17,62.5,standard,2026-07-04T00:44:58Z
132,8,7,62.5,standard,2026-07-04T00:44:58Z
132,8,8,62.5,standard,2026-07-04T00:44:58Z
132,8,9,62.5,standard,2026-07-04T00:44:58Z
132,8,15,62.5,standard,2026-07-04T00:44:58Z
132,8,16,62.5,standard,2026-07-04T00:44:58Z
132,9,13,62.5,standard,2026-07-04T00:44:58Z
132,9,14,62.5,standard,2026-07-04T00:44:58Z
132,9,15,62.5,standard,2026-07-04T00:44:58Z
132,9,16,62.5,standard,2026-07-04T00:44:58Z
133,17,5,62.5,standard,2026-07-04T00:44:58Z
133,10,10,62.5,standard,2026-07-04T00:44:58Z
133,10,13,62.5,standard,2026-07-04T00:44:58Z
133,10,14,62.5,standard,2026-07-04T00:44:58Z
133,11,7,62.5,standard,2026-07-04T00:44:58Z
133,11,8,62.5,standard,2026-07-04T00:44:58Z
133,12,15,62.5,standard,2026-07-04T00:44:58Z
133,12,16,62.5,standard,2026-07-04T00:44:58Z
133,12,7,62.5,standard,2026-07-04T00:44:58Z
133,12,8,62.5,standard,2026-07-04T00:44:58Z
133,13,14,62.5,standard,2026-07-04T00:44:58Z
133,13,15,62.5,standard,2026-07-04T00:44:58Z
133,13,16,62.5,standard,2026-07-04T00:44:58Z
133,27,13,62.5,standard,2026-07-04T00:44:58Z
133,27,14,62.5,standard,2026-07-04T00:44:58Z
133,27,15,62.5,standard,2026-07-04T00:44:58Z
133,27,16,62.5,standard,2026-07-04T00:44:58Z
133,27,17,62.5,standard,2026-07-04T00:44:58Z
133,27,18,62.5,standard,2026-07-04T00:44:58Z
133,22,11,62.5,standard,2026-07-04T00:44:58Z
133,22,12,62.5,standard,2026-07-04T00:44:58Z
133,22,13,62.5,standard,2026-07-04T00:44:58Z
133,22,14,62.5,standard,2026-07-04T00:44:58Z
133,22,15,62.5,standard,2026-07-04T00:44:58Z
133,23,10,62.5,standard,2026-07-04T00:44:58Z
133,23,9,62.5,standard,2026-07-04T00:44:58Z
133,24,12,62.5,standard,2026-07-04T00:44:58Z
133,24,13,62.5,standard,2026-07-04T00:44:58Z
133,24,14,62.5,standard,2026-07-04T00:44:58Z
133,24,15,62.5,standard,2026-07-04T00:44:58Z
133,24,16,62.5,standard,2026-07-04T00:44:58Z
133,24,17,62.5,standard,2026-07-04T00:44:58Z
133,24,18,62.5,standard,2026-07-04T00:44:58Z
133,26,11,62.5,standard,2026-07-04T00:44:58Z
133,26,12,62.5,standard,2026-07-04T00:44:58Z
133,26,13,62.5,standard,2026-07-04T00:44:58Z
133,26,14,62.5,standard,2026-07-04T00:44:58Z
133,26,15,62.5,standard,2026-07-04T00:44:58Z
133,26,16,62.5,standard,2026-07-04T00:44:58Z
133,26,17,62.5,standard,2026-07-04T00:44:58Z
133,26,18,62.5,standard,2026-07-04T00:44:58Z
133,26,19,62.5,standard,2026-07-04T00:44:58Z
133,28,10,62.5,standard,2026-07-04T00:44:58Z
133,28,11,62.5,standard,2026-07-04T00:44:58Z
133,28,12,62.5,standard,2026-07-04T00:44:58Z
133,28,13,62.5,standard,2026-07-04T00:44:58Z
133,28,14,62.5,standard,2026-07-04T00:44:58Z
133,28,15,62.5,standard,2026-07-04T00:44:58Z
133,28,16,62.5,standard,2026-07-04T00:44:58Z
133,28,17,62.5,standard,2026-07-04T00:44:58Z
133,37,10,62.5,standard,2026-07-04T00:44:58Z
133,30,10,62.5,standard,2026-07-04T00:44:58Z
133,30,11,62.5,standard,2026-07-04T00:44:58Z
133,30,12,62.5,standard,2026-07-04T00:44:58Z
133,30,13,62.5,standard,2026-07-04T00:44:58Z
133,30,14,62.5,standard,2026-07-04T00:44:58Z
133,30,15,62.5,standard,2026-07-04T00:44:58Z
133,30,16,62.5,standard,2026-07-04T00:44:58Z
133,30,5,62.5,standard,2026-07-04T00:44:58Z
133,30,6,62.5,standard,2026-07-04T00:44:58Z
133,30,7,62.5,standard,2026-07-04T00:44:58Z
133,30,8,62.5,standard,2026-07-04T00:44:58Z
133,30,9,62.5,standard,2026-07-04T00:44:58Z
133,31,11,62.5,standard,2026-07-04T00:44:58Z
133,31,12,62.5,standard,2026-07-04T00:44:58Z
133,31,13,62.5,standard,2026-07-04T00:44:58Z
133,31,14,62.5,standard,2026-07-04T00:44:58Z
133,31,15,62.5,standard,2026-07-04T00:44:58Z
133,31,16,62.5,standard,2026-07-04T00:44:58Z
133,32,10,62.5,standard,2026-07-04T00:44:58Z
133,32,11,62.5,standard,2026-07-04T00:44:58Z
133,32,12,62.5,standard,2026-07-04T00:44:58Z
133,32,13,62.5,standard,2026-07-04T00:44:58Z
133,32,14,62.5,standard,2026-07-04T00:44:58Z
133,32,15,62.5,standard,2026-07-04T00:44:58Z
133,32,16,62.5,standard,2026-07-04T00:44:58Z
133,32,17,62.5,standard,2026-07-04T00:44:58Z
133,32,18,62.5,standard,2026-07-04T00:44:58Z
133,33,10,62.5,standard,2026-07-04T00:44:58Z
133,33,11,62.5,standard,2026-07-04T00:44:58Z
133,33,12,62.5,standard,2026-07-04T00:44:58Z
133,33,13,62.5,standard,2026-07-04T00:44:58Z
133,33,14,62.5,standard,2026-07-04T00:44:58Z
133,33,15,62.5,standard,2026-07-04T00:44:58Z
133,33,16,62.5,standard,2026-07-04T00:44:58Z
133,33,5,62.5,standard,2026-07-04T00:44:58Z
133,33,6,62.5,standard,2026-07-04T00:44:58Z
133,33,7,62.5,standard,2026-07-04T00:44:58Z
133,33,8,62.5,standard,2026-07-04T00:44:58Z
133,33,9,62.5,standard,2026-07-04T00:44:58Z
133,38,10,62.5,standard,2026-07-04T00:44:58Z
133,38,11,62.5,standard,2026-07-04T00:44:58Z
133,38,12,62.5,standard,2026-07-04T00:44:58Z
133,38,13,62.5,standard,2026-07-04T00:44:58Z
133,38,14,62.5,standard,2026-07-04T00:44:58Z
133,38,15,62.5,standard,2026-07-04T00:44:58Z
133,38,5,62.5,standard,2026-07-04T00:44:58Z
133,38,6,62.5,standard,2026-07-04T00:44:58Z
133,38,7,62.5,standard,2026-07-04T00:44:58Z
133,38,8,62.5,standard,2026-07-04T00:44:58Z
133,38,9,62.5,standard,2026-07-04T00:44:58Z
133,39,10,62.5,standard,2026-07-04T00:44:58Z
133,39,11,62.5,standard,2026-07-04T00:44:58Z
133,39,12,62.5,standard,2026-07-04T00:44:58Z
133,39,13,62.5,standard,2026-07-04T00:44:58Z
133,39,14,62.5,standard,2026-07-04T00:44:58Z
133,39,15,62.5,standard,2026-07-04T00:44:58Z
133,39,16,62.5,standard,2026-07-04T00:44:58Z
133,39,17,62.5,standard,2026-07-04T00:44:58Z
133,39,18,62.5,standard,2026-07-04T00:44:58Z
133,39,8,62.5,standard,2026-07-04T00:44:58Z
133,39,9,62.5,standard,2026-07-04T00:44:58Z
133,7,11,62.5,standard,2026-07-04T00:44:58Z
134,17,5,62.5,standard,2026-07-04T00:44:58Z
134,17,6,62.5,standard,2026-07-04T00:44:58Z
134,17,7,62.5,standard,2026-07-04T00:44:58Z
134,17,8,62.5,standard,2026-07-04T00:44:58Z
134,17,9,62.5,standard,2026-07-04T00:44:58Z
134,12,3,62.5,standard,2026-07-04T00:44:58Z
134,12,4,62.5,standard,2026-07-04T00:44:58Z
134,12,5,62.5,standard,2026-07-04T00:44:58Z
134,13,3,62.5,standard,2026-07-04T00:44:58Z
134,13,4,62.5,standard,2026-07-04T00:44:58Z
134,13,5,62.5,standard,2026-07-04T00:44:58Z
134,13,8,62.5,standard,2026-07-04T00:44:58Z
134,13,9,62.5,standard,2026-07-04T00:44:58Z
134,14,8,62.5,standard,2026-07-04T00:44:58Z
134,14,9,62.5,standard,2026-07-04T00:44:58Z
134,15,1,62.5,standard,2026-07-04T00:44:58Z
134,15,2,62.5,standard,2026-07-04T00:44:58Z
134,15,3,62.5,standard,2026-07-04T00:44:58Z
134,15,4,62.5,standard,2026-07-04T00:44:58Z
134,15,5,62.5,standard,2026-07-04T00:44:58Z
134,15,6,62.5,standard,2026-07-04T00:44:58Z
134,15,7,62.5,standard,2026-07-04T00:44:58Z
134,15,8,62.5,standard,2026-07-04T00:44:58Z
134,16,5,62.5,standard,2026-07-04T00:44:58Z
134,16,6,62.5,standard,2026-07-04T00:44:58Z
134,16,7,62.5,standard,2026-07-04T00:44:58Z
134,16,8,62.5,standard,2026-07-04T00:44:58Z
134,18,3,62.5,standard,2026-07-04T00:44:58Z
134,18,4,62.5,standard,2026-07-04T00:44:58Z
134,18,5,62.5,standard,2026-07-04T00:44:58Z
134,27,10,62.5,standard,2026-07-04T00:44:58Z
134,27,11,62.5,standard,2026-07-04T00:44:58Z
134,27,12,62.5,standard,2026-07-04T00:44:58Z
134,27,13,62.5,standard,2026-07-04T00:44:58Z
134,27,14,62.5,standard,2026-07-04T00:44:58Z
134,27,15,62.5,standard,2026-07-04T00:44:58Z
134,27,16,62.5,standard,2026-07-04T00:44:58Z
134,27,4,62.5,standard,2026-07-04T00:44:58Z
134,27,5,62.5,standard,2026-07-04T00:44:58Z
134,27,6,62.5,standard,2026-07-04T00:44:58Z
134,27,7,62.5,standard,2026-07-04T00:44:58Z
134,27,8,62.5,standard,2026-07-04T00:44:58Z
134,27,9,62.5,standard,2026-07-04T00:44:58Z
134,20,4,62.5,standard,2026-07-04T00:44:58Z
134,20,5,62.5,standard,2026-07-04T00:44:58Z
134,21,7,62.5,standard,2026-07-04T00:44:58Z
134,21,8,62.5,standard,2026-07-04T00:44:58Z
134,21,9,62.5,standard,2026-07-04T00:44:58Z
134,24,10,62.5,standard,2026-07-04T00:44:58Z
134,24,11,62.5,standard,2026-07-04T00:44:58Z
134,24,12,62.5,standard,2026-07-04T00:44:58Z
134,24,8,62.5,standard,2026-07-04T00:44:58Z
134,24,9,62.5,standard,2026-07-04T00:44:58Z
134,25,10,62.5,standard,2026-07-04T00:44:58Z
134,25,11,62.5,standard,2026-07-04T00:44:58Z
134,25,12,62.5,standard,2026-07-04T00:44:58Z
134,25,13,62.5,standard,2026-07-04T00:44:58Z
134,25,14,62.5,standard,2026-07-04T00:44:58Z
134,25,15,62.5,standard,2026-07-04T00:44:58Z
134,25,9,62.5,standard,2026-07-04T00:44:58Z
134,26,10,62.5,standard,2026-07-04T00:44:58Z
134,26,11,62.5,standard,2026-07-04T00:44:58Z
134,26,12,62.5,standard,2026-07-04T00:44:58Z
134,26,13,62.5,standard,2026-07-04T00:44:58Z
134,26,14,62.5,standard,2026-07-04T00:44:58Z
134,26,15,62.5,standard,2026-07-04T00:44:58Z
134,26,4,62.5,standard,2026-07-04T00:44:58Z
134,26,5,62.5,standard,2026-07-04T00:44:58Z
134,26,6,62.5,standard,2026-07-04T00:44:58Z
134,26,7,62.5,standard,2026-07-04T00:44:58Z
134,26,8,62.5,standard,2026-07-04T00:44:58Z
134,26,9,62.5,standard,2026-07-04T00:44:58Z
134,28,10,62.5,standard,2026-07-04T00:44:58Z
134,28,11,62.5,standard,2026-07-04T00:44:58Z
134,28,12,62.5,standard,2026-07-04T00:44:58Z
134,28,13,62.5,standard,2026-07-04T00:44:58Z
134,28,14,62.5,standard,2026-07-04T00:44:58Z
134,28,5,62.5,standard,2026-07-04T00:44:58Z
134,28,6,62.5,standard,2026-07-04T00:44:58Z
134,28,7,62.5,standard,2026-07-04T00:44:58Z
134,28,8,62.5,standard,2026-07-04T00:44:58Z
134,28,9,62.5,standard,2026-07-04T00:44:58Z
134,29,10,62.5,standard,2026-07-04T00:44:58Z
134,29,11,62.5,standard,2026-07-04T00:44:58Z
134,29,12,62.5,standard,2026-07-04T00:44:58Z
134,29,13,62.5,standard,2026-07-04T00:44:58Z
134,29,14,62.5,standard,2026-07-04T00:44:58Z
134,29,15,62.5,standard,2026-07-04T00:44:58Z
134,29,16,62.5,standard,2026-07-04T00:44:58Z
134,29,8,62.5,standard,2026-07-04T00:44:58Z
134,29,9,62.5,standard,2026-07-04T00:44:58Z
134,37,10,62.5,standard,2026-07-04T00:44:58Z
134,37,11,62.5,standard,2026-07-04T00:44:58Z
134,37,12,62.5,standard,2026-07-04T00:44:58Z
134,37,13,62.5,standard,2026-07-04T00:44:58Z
134,37,14,62.5,standard,2026-07-04T00:44:58Z
134,37,15,62.5,standard,2026-07-04T00:44:58Z
134,37,16,62.5,standard,2026-07-04T00:44:58Z
134,37,17,62.5,standard,2026-07-04T00:44:58Z
134,37,18,62.5,standard,2026-07-04T00:44:58Z
134,37,19,62.5,standard,2026-07-04T00:44:58Z
134,37,20,62.5,standard,2026-07-04T00:44:58Z
134,37,3,62.5,standard,2026-07-04T00:44:58Z
134,37,4,62.5,standard,2026-07-04T00:44:58Z
134,37,5,62.5,standard,2026-07-04T00:44:58Z
134,37,6,62.5,standard,2026-07-04T00:44:58Z
134,37,7,62.5,standard,2026-07-04T00:44:58Z
134,37,8,62.5,standard,2026-07-04T00:44:58Z
134,37,9,62.5,standard,2026-07-04T00:44:58Z
134,30,10,62.5,standard,2026-07-04T00:44:58Z
134,30,11,62.5,standard,2026-07-04T00:44:58Z
134,30,12,62.5,standard,2026-07-04T00:44:58Z
134,30,13,62.5,standard,2026-07-04T00:44:58Z
134,30,14,62.5,standard,2026-07-04T00:44:58Z
134,30,15,62.5,standard,2026-07-04T00:44:58Z
134,30,16,62.5,standard,2026-07-04T00:44:58Z
134,30,17,62.5,standard,2026-07-04T00:44:58Z
134,30,2,62.5,standard,2026-07-04T00:44:58Z
134,30,3,62.5,standard,2026-07-04T00:44:58Z
134,30,4,62.5,standard,2026-07-04T00:44:58Z
134,30,5,62.5,standard,2026-07-04T00:44:58Z
134,30,6,62.5,standard,2026-07-04T00:44:58Z
134,30,7,62.5,standard,2026-07-04T00:44:58Z
134,30,8,62.5,standard,2026-07-04T00:44:58Z
134,30,9,62.5,standard,2026-07-04T00:44:58Z
134,31,10,62.5,standard,2026-07-04T00:44:58Z
134,31,11,62.5,standard,2026-07-04T00:44:58Z
134,31,12,62.5,standard,2026-07-04T00:44:58Z
134,31,13,62.5,standard,2026-07-04T00:44:58Z
134,31,14,62.5,standard,2026-07-04T00:44:58Z
134,31,15,62.5,standard,2026-07-04T00:44:58Z
134,31,16,62.5,standard,2026-07-04T00:44:58Z
134,31,17,62.5,standard,2026-07-04T00:44:58Z
134,31,2,62.5,standard,2026-07-04T00:44:58Z
134,31,3,62.5,standard,2026-07-04T00:44:58Z
134,31,4,62.5,standard,2026-07-04T00:44:58Z
134,31,5,62.5,standard,2026-07-04T00:44:58Z
134,31,6,62.5,standard,2026-07-04T00:44:58Z
134,31,7,62.5,standard,2026-07-04T00:44:58Z
134,31,8,62.5,standard,2026-07-04T00:44:58Z
134,31,9,62.5,standard,2026-07-04T00:44:58Z
134,32,10,62.5,standard,2026-07-04T00:44:58Z
134,32,11,62.5,standard,2026-07-04T00:44:58Z
134,32,12,62.5,standard,2026-07-04T00:44:58Z
134,32,13,62.5,standard,2026-07-04T00:44:58Z
134,32,14,62.5,standard,2026-07-04T00:44:58Z
134,32,15,62.5,standard,2026-07-04T00:44:58Z
134,32,16,62.5,standard,2026-07-04T00:44:58Z
134,32,17,62.5,standard,2026-07-04T00:44:58Z
134,32,18,62.5,standard,2026-07-04T00:44:58Z
134,32,5,62.5,standard,2026-07-04T00:44:58Z
134,32,6,62.5,standard,2026-07-04T00:44:58Z
134,32,7,62.5,standard,2026-07-04T00:44:58Z
134,32,8,62.5,standard,2026-07-04T00:44:58Z
134,32,9,62.5,standard,2026-07-04T00:44:58Z
134,33,10,62.5,standard,2026-07-04T00:44:58Z
134,33,11,62.5,standard,2026-07-04T00:44:58Z
134,33,12,62.5,standard,2026-07-04T00:44:58Z
134,33,13,62.5,standard,2026-07-04T00:44:58Z
134,33,14,62.5,standard,2026-07-04T00:44:58Z
134,33,15,62.5,standard,2026-07-04T00:44:58Z
134,33,5,62.5,standard,2026-07-04T00:44:58Z
134,33,6,62.5,standard,2026-07-04T00:44:58Z
134,33,7,62.5,standard,2026-07-04T00:44:58Z
134,33,8,62.5,standard,2026-07-04T00:44:58Z
134,33,9,62.5,standard,2026-07-04T00:44:58Z
134,34,15,62.5,standard,2026-07-04T00:44:58Z
134,34,16,62.5,standard,2026-07-04T00:44:58Z
134,34,17,62.5,standard,2026-07-04T00:44:58Z
134,34,18,62.5,standard,2026-07-04T00:44:58Z
134,34,19,62.5,standard,2026-07-04T00:44:58Z
134,35,15,62.5,standard,2026-07-04T00:44:58Z
134,35,16,62.5,standard,2026-07-04T00:44:58Z
134,35,17,62.5,standard,2026-07-04T00:44:58Z
134,35,18,62.5,standard,2026-07-04T00:44:58Z
134,35,19,62.5,standard,2026-07-04T00:44:58Z
134,38,10,62.5,standard,2026-07-04T00:44:58Z
134,38,11,62.5,standard,2026-07-04T00:44:58Z
134,38,12,62.5,standard,2026-07-04T00:44:58Z
134,38,13,62.5,standard,2026-07-04T00:44:58Z
134,38,14,62.5,standard,2026-07-04T00:44:58Z
134,38,15,62.5,standard,2026-07-04T00:44:58Z
134,38,16,62.5,standard,2026-07-04T00:44:58Z
134,38,17,62.5,standard,2026-07-04T00:44:58Z
134,38,18,62.5,standard,2026-07-04T00:44:58Z
134,38,19,62.5,standard,2026-07-04T00:44:58Z
134,38,20,62.5,standard,2026-07-04T00:44:58Z
134,38,21,62.5,standard,2026-07-04T00:44:58Z
134,38,6,62.5,standard,2026-07-04T00:44:58Z
134,38,7,62.5,standard,2026-07-04T00:44:58Z
134,38,8,62.5,standard,2026-07-04T00:44:58Z
134,38,9,62.5,standard,2026-07-04T00:44:58Z
134,39,10,62.5,standard,2026-07-04T00:44:58Z
134,39,11,62.5,standard,2026-07-04T00:44:58Z
134,39,12,62.5,standard,2026-07-04T00:44:58Z
134,39,13,62.5,standard,2026-07-04T00:44:58Z
134,39,14,62.5,standard,2026-07-04T00:44:58Z
134,39,15,62.5,standard,2026-07-04T00:44:58Z
134,39,16,62.5,standard,2026-07-04T00:44:58Z
134,39,17,62.5,standard,2026-07-04T00:44:58Z
134,39,18,62.5,standard,2026-07-04T00:44:58Z
134,39,19,62.5,standard,2026-07-04T00:44:58Z
134,39,5,62.5,standard,2026-07-04T00:44:58Z
134,39,6,62.5,standard,2026-07-04T00:44:58Z
134,39,7,62.5,standard,2026-07-04T00:44:58Z
134,39,8,62.5,standard,2026-07-04T00:44:58Z
134,39,9,62.5,standard,2026-07-04T00:44:58Z
134,8,4,62.5,standard,2026-07-04T00:44:58Z
134,8,5,62.5,standard,2026-07-04T00:44:58Z
134,8,1,62.5,standard,2026-07-04T00:44:58Z
134,8,2,62.5,standard,2026-07-04T00:44:58Z
134,8,3,62.5,standard,2026-07-04T00:44:58Z
134,9,4,62.5,standard,2026-07-04T00:44:58Z
134,9,5,62.5,standard,2026-07-04T00:44:58Z
134,9,3,62.5,standard,2026-07-04T00:44:58Z
134W,40,10,62.5,standard,2026-07-04T00:44:58Z
134W,40,9,62.5,standard,2026-07-04T00:44:58Z
135,17,10,62.5,standard,2026-07-04T00:44:58Z
135,17,11,62.5,standard,2026-07-04T00:44:58Z
135,17,12,62.5,standard,2026-07-04T00:44:58Z
135,17,13,62.5,standard,2026-07-04T00:44:58Z
135,11,3,62.5,standard,2026-07-04T00:44:58Z
135,11,4,62.5,standard,2026-07-04T00:44:58Z
135,11,5,62.5,standard,2026-07-04T00:44:58Z
135,11,6,62.5,standard,2026-07-04T00:44:58Z
135,11,7,62.5,standard,2026-07-04T00:44:58Z
135,11,8,62.5,standard,2026-07-04T00:44:58Z
135,12,3,62.5,standard,2026-07-04T00:44:58Z
135,12,4,62.5,standard,2026-07-04T00:44:58Z
135,12,5,62.5,standard,2026-07-04T00:44:58Z
135,12,6,62.5,standard,2026-07-04T00:44:58Z
135,12,7,62.5,standard,2026-07-04T00:44:58Z
135,13,1,62.5,standard,2026-07-04T00:44:58Z
135,13,2,62.5,standard,2026-07-04T00:44:58Z
135,13,5,62.5,standard,2026-07-04T00:44:58Z
135,13,6,62.5,standard,2026-07-04T00:44:58Z
135,13,7,62.5,standard,2026-07-04T00:44:58Z
135,13,8,62.5,standard,2026-07-04T00:44:58Z
135,14,3,62.5,standard,2026-07-04T00:44:58Z
135,14,4,62.5,standard,2026-07-04T00:44:58Z
135,14,5,62.5,standard,2026-07-04T00:44:58Z
135,14,6,62.5,standard,2026-07-04T00:44:58Z
135,14,7,62.5,standard,2026-07-04T00:44:58Z
135,14,8,62.5,standard,2026-07-04T00:44:58Z
135,15,11,62.5,standard,2026-07-04T00:44:58Z
135,15,12,62.5,standard,2026-07-04T00:44:58Z
135,15,5,62.5,standard,2026-07-04T00:44:58Z
135,15,6,62.5,standard,2026-07-04T00:44:58Z
135,16,10,62.5,standard,2026-07-04T00:44:58Z
135,16,11,62.5,standard,2026-07-04T00:44:58Z
135,16,12,62.5,standard,2026-07-04T00:44:58Z
135,16,13,62.5,standard,2026-07-04T00:44:58Z
135,16,6,62.5,standard,2026-07-04T00:44:58Z
135,16,7,62.5,standard,2026-07-04T00:44:58Z
135,16,8,62.5,standard,2026-07-04T00:44:58Z
135,16,9,62.5,standard,2026-07-04T00:44:58Z
135,18,1,62.5,standard,2026-07-04T00:44:58Z
135,18,2,62.5,standard,2026-07-04T00:44:58Z
135,18,3,62.5,standard,2026-07-04T00:44:58Z
135,18,4,62.5,standard,2026-07-04T00:44:58Z
135,19,10,62.5,standard,2026-07-04T00:44:58Z
135,19,5,62.5,standard,2026-07-04T00:44:58Z
135,19,6,62.5,standard,2026-07-04T00:44:58Z
135,19,7,62.5,standard,2026-07-04T00:44:58Z
135,19,8,62.5,standard,2026-07-04T00:44:58Z
135,19,9,62.5,standard,2026-07-04T00:44:58Z
135,27,10,62.5,standard,2026-07-04T00:44:58Z
135,27,11,62.5,standard,2026-07-04T00:44:58Z
135,27,12,62.5,standard,2026-07-04T00:44:58Z
135,27,13,62.5,standard,2026-07-04T00:44:58Z
135,27,14,62.5,standard,2026-07-04T00:44:58Z
135,27,15,62.5,standard,2026-07-04T00:44:58Z
135,27,16,62.5,standard,2026-07-04T00:44:58Z
135,27,17,62.5,standard,2026-07-04T00:44:58Z
135,27,18,62.5,standard,2026-07-04T00:44:58Z
135,27,2,62.5,standard,2026-07-04T00:44:58Z
135,27,3,62.5,standard,2026-07-04T00:44:58Z
135,27,4,62.5,standard,2026-07-04T00:44:58Z
135,27,5,62.5,standard,2026-07-04T00:44:58Z
135,27,6,62.5,standard,2026-07-04T00:44:58Z
135,27,7,62.5,standard,2026-07-04T00:44:58Z
135,27,8,62.5,standard,2026-07-04T00:44:58Z
135,27,9,62.5,standard,2026-07-04T00:44:58Z
135,20,12,62.5,standard,2026-07-04T00:44:58Z
135,20,13,62.5,standard,2026-07-04T00:44:58Z
135,21,10,62.5,standard,2026-07-04T00:44:58Z
135,21,11,62.5,standard,2026-07-04T00:44:58Z
135,21,12,62.5,standard,2026-07-04T00:44:58Z
135,21,6,62.5,standard,2026-07-04T00:44:58Z
135,21,7,62.5,standard,2026-07-04T00:44:58Z
135,21,8,62.5,standard,2026-07-04T00:44:58Z
135,21,9,62.5,standard,2026-07-04T00:44:58Z
135,22,3,62.5,standard,2026-07-04T00:44:58Z
135,22,4,62.5,standard,2026-07-04T00:44:58Z
135,22,5,62.5,standard,2026-07-04T00:44:58Z
135,23,10,62.5,standard,2026-07-04T00:44:58Z
135,23,11,62.5,standard,2026-07-04T00:44:58Z
135,23,4,62.5,standard,2026-07-04T00:44:58Z
135,23,5,62.5,standard,2026-07-04T00:44:58Z
135,23,6,62.5,standard,2026-07-04T00:44:58Z
135,23,7,62.5,standard,2026-07-04T00:44:58Z
135,23,8,62.5,standard,2026-07-04T00:44:58Z
135,23,9,62.5,standard,2026-07-04T00:44:58Z
135,24,10,62.5,standard,2026-07-04T00:44:58Z
135,24,11,62.5,standard,2026-07-04T00:44:58Z
135,24,5,62.5,standard,2026-07-04T00:44:58Z
135,24,6,62.5,standard,2026-07-04T00:44:58Z
135,24,7,62.5,standard,2026-07-04T00:44:58Z
135,24,8,62.5,standard,2026-07-04T00:44:58Z
135,24,9,62.5,standard,2026-07-04T00:44:58Z
135,25,10,62.5,standard,2026-07-04T00:44:58Z
135,25,11,62.5,standard,2026-07-04T00:44:58Z
135,25,12,62.5,standard,2026-07-04T00:44:58Z
135,25,13,62.5,standard,2026-07-04T00:44:58Z
135,25,2,62.5,standard,2026-07-04T00:44:58Z
135,25,3,62.5,standard,2026-07-04T00:44:58Z
135,25,4,62.5,standard,2026-07-04T00:44:58Z
135,25,5,62.5,standard,2026-07-04T00:44:58Z
135,25,6,62.5,standard,2026-07-04T00:44:58Z
135,25,7,62.5,standard,2026-07-04T00:44:58Z
135,25,8,62.5,standard,2026-07-04T00:44:58Z
135,25,9,62.5,standard,2026-07-04T00:44:58Z
135,26,10,62.5,standard,2026-07-04T00:44:58Z
135,26,11,62.5,standard,2026-07-04T00:44:58Z
135,26,12,62.5,standard,2026-07-04T00:44:58Z
135,26,13,62.5,standard,2026-07-04T00:44:58Z
135,26,14,62.5,standard,2026-07-04T00:44:58Z
135,26,15,62.5,standard,2026-07-04T00:44:58Z
135,26,16,62.5,standard,2026-07-04T00:44:58Z
135,26,17,62.5,standard,2026-07-04T00:44:58Z
135,26,2,62.5,standard,2026-07-04T00:44:58Z
135,26,3,62.5,standard,2026-07-04T00:44:58Z
135,26,4,62.5,standard,2026-07-04T00:44:58Z
135,26,5,62.5,standard,2026-07-04T00:44:58Z
135,26,6,62.5,standard,2026-07-04T00:44:58Z
135,26,7,62.5,standard,2026-07-04T00:44:58Z
135,26,8,62.5,standard,2026-07-04T00:44:58Z
135,26,9,62.5,standard,2026-07-04T00:44:58Z
135,28,10,62.5,standard,2026-07-04T00:44:58Z
135,28,11,62.5,standard,2026-07-04T00:44:58Z
135,28,12,62.5,standard,2026-07-04T00:44:58Z
135,28,13,62.5,standard,2026-07-04T00:44:58Z
135,28,14,62.5,standard,2026-07-04T00:44:58Z
135,28,15,62.5,standard,2026-07-04T00:44:58Z
135,28,16,62.5,standard,2026-07-04T00:44:58Z
135,28,17,62.5,standard,2026-07-04T00:44:58Z
135,28,18,62.5,standard,2026-07-04T00:44:58Z
135,28,2,62.5,standard,2026-07-04T00:44:58Z
135,28,3,62.5,standard,2026-07-04T00:44:58Z
135,28,4,62.5,standard,2026-07-04T00:44:58Z
135,28,5,62.5,standard,2026-07-04T00:44:58Z
135,28,6,62.5,standard,2026-07-04T00:44:58Z
135,28,7,62.5,standard,2026-07-04T00:44:58Z
135,28,8,62.5,standard,2026-07-04T00:44:58Z
135,28,9,62.5,standard,2026-07-04T00:44:58Z
135,29,10,62.5,standard,2026-07-04T00:44:58Z
135,29,11,62.5,standard,2026-07-04T00:44:58Z
135,29,12,62.5,standard,2026-07-04T00:44:58Z
135,29,13,62.5,standard,2026-07-04T00:44:58Z
135,29,14,62.5,standard,2026-07-04T00:44:58Z
135,29,15,62.5,standard,2026-07-04T00:44:58Z
135,29,16,62.5,standard,2026-07-04T00:44:58Z
135,29,17,62.5,standard,2026-07-04T00:44:58Z
135,29,18,62.5,standard,2026-07-04T00:44:58Z
135,29,19,62.5,standard,2026-07-04T00:44:58Z
135,29,2,62.5,standard,2026-07-04T00:44:58Z
135,29,3,62.5,standard,2026-07-04T00:44:58Z
135,29,4,62.5,standard,2026-07-04T00:44:58Z
135,29,5,62.5,standard,2026-07-04T00:44:58Z
135,29,6,62.5,standard,2026-07-04T00:44:58Z
135,29,7,62.5,standard,2026-07-04T00:44:58Z
135,29,8,62.5,standard,2026-07-04T00:44:58Z
135,29,9,62.5,standard,2026-07-04T00:44:58Z
135,37,10,62.5,standard,2026-07-04T00:44:58Z
135,37,11,62.5,standard,2026-07-04T00:44:58Z
135,37,12,62.5,standard,2026-07-04T00:44:58Z
135,37,13,62.5,standard,2026-07-04T00:44:58Z
135,37,14,62.5,standard,2026-07-04T00:44:58Z
135,37,15,62.5,standard,2026-07-04T00:44:58Z
135,37,16,62.5,standard,2026-07-04T00:44:58Z
135,37,17,62.5,standard,2026-07-04T00:44:58Z
135,37,18,62.5,standard,2026-07-04T00:44:58Z
135,37,19,62.5,standard,2026-07-04T00:44:58Z
135,37,20,62.5,standard,2026-07-04T00:44:58Z
135,37,21,62.5,standard,2026-07-04T00:44:58Z
135,37,22,62.5,standard,2026-07-04T00:44:58Z
135,37,9,62.5,standard,2026-07-04T00:44:58Z
135,30,10,62.5,standard,2026-07-04T00:44:58Z
135,30,11,62.5,standard,2026-07-04T00:44:58Z
135,30,12,62.5,standard,2026-07-04T00:44:58Z
135,30,13,62.5,standard,2026-07-04T00:44:58Z
135,30,14,62.5,standard,2026-07-04T00:44:58Z
135,30,15,62.5,standard,2026-07-04T00:44:58Z
135,30,16,62.5,standard,2026-07-04T00:44:58Z
135,30,17,62.5,standard,2026-07-04T00:44:58Z
135,30,18,62.5,standard,2026-07-04T00:44:58Z
135,30,19,62.5,standard,2026-07-04T00:44:58Z
135,30,2,62.5,standard,2026-07-04T00:44:58Z
135,30,3,62.5,standard,2026-07-04T00:44:58Z
135,30,4,62.5,standard,2026-07-04T00:44:58Z
135,30,5,62.5,standard,2026-07-04T00:44:58Z
135,30,6,62.5,standard,2026-07-04T00:44:58Z
135,30,7,62.5,standard,2026-07-04T00:44:58Z
135,30,8,62.5,standard,2026-07-04T00:44:58Z
135,30,9,62.5,standard,2026-07-04T00:44:58Z
135,31,10,62.5,standard,2026-07-04T00:44:58Z
135,31,11,62.5,standard,2026-07-04T00:44:58Z
135,31,12,62.5,standard,2026-07-04T00:44:58Z
135,31,13,62.5,standard,2026-07-04T00:44:58Z
135,31,14,62.5,standard,2026-07-04T00:44:58Z
135,31,15,62.5,standard,2026-07-04T00:44:58Z
135,31,16,62.5,standard,2026-07-04T00:44:58Z
135,31,17,62.5,standard,2026-07-04T00:44:58Z
135,31,18,62.5,standard,2026-07-04T00:44:58Z
135,31,19,62.5,standard,2026-07-04T00:44:58Z
135,31,20,62.5,standard,2026-07-04T00:44:58Z
135,31,3,62.5,standard,2026-07-04T00:44:58Z
135,31,4,62.5,standard,2026-07-04T00:44:58Z
135,31,5,62.5,standard,2026-07-04T00:44:58Z
135,31,6,62.5,standard,2026-07-04T00:44:58Z
135,31,7,62.5,standard,2026-07-04T00:44:58Z
135,31,8,62.5,standard,2026-07-04T00:44:58Z
135,31,9,62.5,standard,2026-07-04T00:44:58Z
135,32,10,62.5,standard,2026-07-04T00:44:58Z
135,32,11,62.5,standard,2026-07-04T00:44:58Z
135,32,12,62.5,standard,2026-07-04T00:44:58Z
135,32,13,62.5,standard,2026-07-04T00:44:58Z
135,32,14,62.5,standard,2026-07-04T00:44:58Z
135,32,15,62.5,standard,2026-07-04T00:44:58Z
135,32,16,62.5,standard,2026-07-04T00:44:58Z
135,32,17,62.5,standard,2026-07-04T00:44:58Z
135,32,18,62.5,standard,2026-07-04T00:44:58Z
135,32,19,62.5,standard,2026-07-04T00:44:58Z
135,32,20,62.5,standard,2026-07-04T00:44:58Z
135,32,3,62.5,standard,2026-07-04T00:44:58Z
135,32,4,62.5,standard,2026-07-04T00:44:58Z
135,32,5,62.5,standard,2026-07-04T00:44:58Z
135,32,6,62.5,standard,2026-07-04T00:44:58Z
135,32,7,62.5,standard,2026-07-04T00:44:58Z
135,32,8,62.5,standard,2026-07-04T00:44:58Z
135,32,9,62.5,standard,2026-07-04T00:44:58Z
135,33,10,62.5,standard,2026-07-04T00:44:58Z
135,33,11,62.5,standard,2026-07-04T00:44:58Z
135,33,12,62.5,standard,2026-07-04T00:44:58Z
135,33,13,62.5,standard,2026-07-04T00:44:58Z
135,33,14,62.5,standard,2026-07-04T00:44:58Z
135,33,15,62.5,standard,2026-07-04T00:44:58Z
135,33,16,62.5,standard,2026-07-04T00:44:58Z
135,33,17,62.5,standard,2026-07-04T00:44:58Z
135,33,18,62.5,standard,2026-07-04T00:44:58Z
135,33,19,62.5,standard,2026-07-04T00:44:58Z
135,33,20,62.5,standard,2026-07-04T00:44:58Z
135,33,21,62.5,standard,2026-07-04T00:44:58Z
135,33,3,62.5,standard,2026-07-04T00:44:58Z
135,33,4,62.5,standard,2026-07-04T00:44:58Z
135,33,5,62.5,standard,2026-07-04T00:44:58Z
135,33,6,62.5,standard,2026-07-04T00:44:58Z
135,33,7,62.5,standard,2026-07-04T00:44:58Z
135,33,8,62.5,standard,2026-07-04T00:44:58Z
135,33,9,62.5,standard,2026-07-04T00:44:58Z
135,34,10,62.5,standard,2026-07-04T00:44:58Z
135,34,11,62.5,standard,2026-07-04T00:44:58Z
135,34,12,62.5,standard,2026-07-04T00:44:58Z
135,34,13,62.5,standard,2026-07-04T00:44:58Z
135,34,14,62.5,standard,2026-07-04T00:44:58Z
135,34,15,62.5,standard,2026-07-04T00:44:58Z
135,34,16,62.5,standard,2026-07-04T00:44:58Z
135,34,17,62.5,standard,2026-07-04T00:44:58Z
135,34,18,62.5,standard,2026-07-04T00:44:58Z
135,34,19,62.5,standard,2026-07-04T00:44:58Z
135,34,20,62.5,standard,2026-07-04T00:44:58Z
135,34,21,62.5,standard,2026-07-04T00:44:58Z
135,34,3,62.5,standard,2026-07-04T00:44:58Z
135,34,4,62.5,standard,2026-07-04T00:44:58Z
135,34,5,62.5,standard,2026-07-04T00:44:58Z
135,34,6,62.5,standard,2026-07-04T00:44:58Z
135,34,7,62.5,standard,2026-07-04T00:44:58Z
135,34,8,62.5,standard,2026-07-04T00:44:58Z
135,34,9,62.5,standard,2026-07-04T00:44:58Z
135,35,10,62.5,standard,2026-07-04T00:44:58Z
135,35,11,62.5,standard,2026-07-04T00:44:58Z
135,35,12,62.5,standard,2026-07-04T00:44:58Z
135,35,13,62.5,standard,2026-07-04T00:44:58Z
135,35,14,62.5,standard,2026-07-04T00:44:58Z
135,35,15,62.5,standard,2026-07-04T00:44:58Z
135,35,16,62.5,standard,2026-07-04T00:44:58Z
135,35,17,62.5,standard,2026-07-04T00:44:58Z
135,35,18,62.5,standard,2026-07-04T00:44:58Z
135,35,19,62.5,standard,2026-07-04T00:44:58Z
135,35,20,62.5,standard,2026-07-04T00:44:58Z
135,35,21,62.5,standard,2026-07-04T00:44:58Z
135,35,22,62.5,standard,2026-07-04T00:44:58Z
135,35,4,62.5,standard,2026-07-04T00:44:58Z
135,35,5,62.5,standard,2026-07-04T00:44:58Z
135,35,6,62.5,standard,2026-07-04T00:44:58Z
135,35,7,62.5,standard,2026-07-04T00:44:58Z
135,35,8,62.5,standard,2026-07-04T00:44:58Z
135,35,9,62.5,standard,2026-07-04T00:44:58Z
135,36,10,62.5,standard,2026-07-04T00:44:58Z
135,36,11,62.5,standard,2026-07-04T00:44:58Z
135,36,12,62.5,standard,2026-07-04T00:44:58Z
135,36,13,62.5,standard,2026-07-04T00:44:58Z
135,36,14,62.5,standard,2026-07-04T00:44:58Z
135,36,15,62.5,standard,2026-07-04T00:44:58Z
135,36,16,62.5,standard,2026-07-04T00:44:58Z
135,36,17,62.5,standard,2026-07-04T00:44:58Z
135,36,18,62.5,standard,2026-07-04T00:44:58Z
135,36,19,62.5,standard,2026-07-04T00:44:58Z
135,36,20,62.5,standard,2026-07-04T00:44:58Z
135,36,21,62.5,standard,2026-07-04T00:44:58Z
135,36,22,62.5,standard,2026-07-04T00:44:58Z
135,36,3,62.5,standard,2026-07-04T00:44:58Z
135,36,4,62.5,standard,2026-07-04T00:44:58Z
135,36,5,62.5,standard,2026-07-04T00:44:58Z
135,36,6,62.5,standard,2026-07-04T00:44:58Z
135,36,7,62.5,standard,2026-07-04T00:44:58Z
135,36,8,62.5,standard,2026-07-04T00:44:58Z
135,36,9,62.5,standard,2026-07-04T00:44:58Z
135,38,10,62.5,standard,2026-07-04T00:44:58Z
135,38,11,62.5,standard,2026-07-04T00:44:58Z
135,38,12,62.5,standard,2026-07-04T00:44:58Z
135,38,13,62.5,standard,2026-07-04T00:44:58Z
135,38,14,62.5,standard,2026-07-04T00:44:58Z
135,38,15,62.5,standard,2026-07-04T00:44:58Z
135,38,16,62.5,standard,2026-07-04T00:44:58Z
135,38,17,62.5,standard,2026-07-04T00:44:58Z
135,38,18,62.5,standard,2026-07-04T00:44:58Z
135,38,19,62.5,standard,2026-07-04T00:44:58Z
135,38,20,62.5,standard,2026-07-04T00:44:58Z
135,38,21,62.5,standard,2026-07-04T00:44:58Z
135,38,22,62.5,standard,2026-07-04T00:44:58Z
135,38,23,62.5,standard,2026-07-04T00:44:58Z
135,38,9,62.5,standard,2026-07-04T00:44:58Z
135,39,10,62.5,standard,2026-07-04T00:44:58Z
135,39,11,62.5,standard,2026-07-04T00:44:58Z
135,39,12,62.5,standard,2026-07-04T00:44:58Z
135,39,13,62.5,standard,2026-07-04T00:44:58Z
135,39,14,62.5,standard,2026-07-04T00:44:58Z
135,39,15,62.5,standard,2026-07-04T00:44:58Z
135,39,16,62.5,standard,2026-07-04T00:44:58Z
135,39,17,62.5,standard,2026-07-04T00:44:58Z
135,39,18,62.5,standard,2026-07-04T00:44:58Z
135,39,19,62.5,standard,2026-07-04T00:44:58Z
135,39,20,62.5,standard,2026-07-04T00:44:58Z
135,39,21,62.5,standard,2026-07-04T00:44:58Z
135,39,3,62.5,standard,2026-07-04T00:44:58Z
135,39,4,62.5,standard,2026-07-04T00:44:58Z
135,39,5,62.5,standard,2026-07-04T00:44:58Z
135,39,6,62.5,standard,2026-07-04T00:44:58Z
135,39,7,62.5,standard,2026-07-04T00:44:58Z
135,39,8,62.5,standard,2026-07-04T00:44:58Z
135,39,9,62.5,standard,2026-07-04T00:44:58Z
135,7,4,62.5,standard,2026-07-04T00:44:58Z
135,7,3,62.5,standard,2026-07-04T00:44:58Z
135,8,6,62.5,standard,2026-07-04T00:44:58Z
135,8,7,62.5,standard,2026-07-04T00:44:58Z
135W,40,1,62.5,standard,2026-07-04T00:44:58Z
135W,40,10,62.5,standard,2026-07-04T00:44:58Z
135W,40,11,62.5,standard,2026-07-04T00:44:58Z
135W,40,2,62.5,standard,2026-07-04T00:44:58Z
135W,40,3,62.5,standard,2026-07-04T00:44:58Z
135W,40,4,62.5,standard,2026-07-04T00:44:58Z
135W,40,5,62.5,standard,2026-07-04T00:44:58Z
135W,40,6,62.5,standard,2026-07-04T00:44:58Z
135W,40,7,62.5,standard,2026-07-04T00:44:58Z
135W,40,8,62.5,standard,2026-07-04T00:44:58Z
135W,40,9,62.5,standard,2026-07-04T00:44:58Z
136,22,5,60.35,standard,2026-07-04T00:44:58Z
136,22,6,60.35,standard,2026-07-04T00:44:58Z
136,24,1,60.35,standard,2026-07-04T00:44:58Z
136,24,2,60.35,standard,2026-07-04T00:44:58Z
136,26,1,60.35,standard,2026-07-04T00:44:58Z
136,26,2,60.35,standard,2026-07-04T00:44:58Z
136,28,10,60.35,standard,2026-07-04T00:44:58Z
136,28,11,60.35,standard,2026-07-04T00:44:58Z
136,28,2,60.35,standard,2026-07-04T00:44:58Z
136,29,18,60.35,standard,2026-07-04T00:44:58Z
136,37,10,60.35,standard,2026-07-04T00:44:58Z
136,37,11,60.35,standard,2026-07-04T00:44:58Z
136,37,12,60.35,standard,2026-07-04T00:44:58Z
136,37,13,60.35,standard,2026-07-04T00:44:58Z
136,37,14,60.35,standard,2026-07-04T00:44:58Z
136,37,15,60.35,standard,2026-07-04T00:44:58Z
136,37,3,60.35,standard,2026-07-04T00:44:58Z
136,37,4,60.35,standard,2026-07-04T00:44:58Z
136,37,5,60.35,standard,2026-07-04T00:44:58Z
136,37,6,60.35,standard,2026-07-04T00:44:58Z
136,37,7,60.35,standard,2026-07-04T00:44:58Z
136,37,8,60.35,standard,2026-07-04T00:44:58Z
136,37,9,60.35,standard,2026-07-04T00:44:58Z
136,30,13,60.35,standard,2026-07-04T00:44:58Z
136,30,14,60.35,standard,2026-07-04T00:44:58Z
136,32,17,60.35,standard,2026-07-04T00:44:58Z
136,32,18,60.35,standard,2026-07-04T00:44:58Z
136,32,19,60.35,standard,2026-07-04T00:44:58Z
136,32,20,60.35,standard,2026-07-04T00:44:58Z
136,33,8,60.35,standard,2026-07-04T00:44:58Z
136,33,9,60.35,standard,2026-07-04T00:44:58Z
136,34,10,60.35,standard,2026-07-04T00:44:58Z
136,34,11,60.35,standard,2026-07-04T00:44:58Z
136,34,15,60.35,standard,2026-07-04T00:44:58Z
136,34,16,60.35,standard,2026-07-04T00:44:58Z
136,34,17,60.35,standard,2026-07-04T00:44:58Z
136,34,18,60.35,standard,2026-07-04T00:44:58Z
136,34,5,60.35,standard,2026-07-04T00:44:58Z
136,34,6,60.35,standard,2026-07-04T00:44:58Z
136,34,7,60.35,standard,2026-07-04T00:44:58Z
136,34,8,60.35,standard,2026-07-04T00:44:58Z
136,34,9,60.35,standard,2026-07-04T00:44:58Z
136,35,4,60.35,standard,2026-07-04T00:44:58Z
136,35,5,60.35,standard,2026-07-04T00:44:58Z
136,35,6,60.35,standard,2026-07-04T00:44:58Z
136,36,10,60.35,standard,2026-07-04T00:44:58Z
136,36,11,60.35,standard,2026-07-04T00:44:58Z
136,36,12,60.35,standard,2026-07-04T00:44:58Z
136,36,13,60.35,standard,2026-07-04T00:44:58Z
136,36,14,60.35,standard,2026-07-04T00:44:58Z
136,36,15,60.35,standard,2026-07-04T00:44:58Z
136,36,16,60.35,standard,2026-07-04T00:44:58Z
136,36,17,60.35,standard,2026-07-04T00:44:58Z
136,36,18,60.35,standard,2026-07-04T00:44:58Z
136,36,5,60.35,standard,2026-07-04T00:44:58Z
136,36,6,60.35,standard,2026-07-04T00:44:58Z
136,36,7,60.35,standard,2026-07-04T00:44:58Z
136,36,8,60.35,standard,2026-07-04T00:44:58Z
136,36,9,60.35,standard,2026-07-04T00:44:58Z
136,38,10,60.35,standard,2026-07-04T00:44:58Z
136,38,11,60.35,standard,2026-07-04T00:44:58Z
136,38,12,60.35,standard,2026-07-04T00:44:58Z
136,38,13,60.35,standard,2026-07-04T00:44:58Z
136,38,14,60.35,standard,2026-07-04T00:44:58Z
136,38,15,60.35,standard,2026-07-04T00:44:58Z
136,38,16,60.35,standard,2026-07-04T00:44:58Z
136,38,17,60.35,standard,2026-07-04T00:44:58Z
136,38,18,60.35,standard,2026-07-04T00:44:58Z
136,38,5,60.35,standard,2026-07-04T00:44:58Z
136,38,6,60.35,standard,2026-07-04T00:44:58Z
136,38,7,60.35,standard,2026-07-04T00:44:58Z
136,38,8,60.35,standard,2026-07-04T00:44:58Z
136,38,9,60.35,standard,2026-07-04T00:44:58Z
136,39,10,60.35,standard,2026-07-04T00:44:58Z
136,39,11,60.35,standard,2026-07-04T00:44:58Z
136,39,12,60.35,standard,2026-07-04T00:44:58Z
136,39,13,60.35,standard,2026-07-04T00:44:58Z
136,39,14,60.35,standard,2026-07-04T00:44:58Z
136,39,15,60.35,standard,2026-07-04T00:44:58Z
136,39,16,60.35,standard,2026-07-04T00:44:58Z
136,39,17,60.35,standard,2026-07-04T00:44:58Z
136,39,18,60.35,standard,2026-07-04T00:44:58Z
136,39,3,60.35,standard,2026-07-04T00:44:58Z
136,39,4,60.35,standard,2026-07-04T00:44:58Z
136,39,5,60.35,standard,2026-07-04T00:44:58Z
136,39,6,60.35,standard,2026-07-04T00:44:58Z
136,39,7,60.35,standard,2026-07-04T00:44:58Z
136,39,8,60.35,standard,2026-07-04T00:44:58Z
136,39,9,60.35,standard,2026-07-04T00:44:58Z
137,27,10,60.35,standard,2026-07-04T00:44:58Z
137,27,11,60.35,standard,2026-07-04T00:44:58Z
137,27,12,60.35,standard,2026-07-04T00:44:58Z
137,27,2,60.35,standard,2026-07-04T00:44:58Z
137,27,3,60.35,standard,2026-07-04T00:44:58Z
137,26,10,60.35,standard,2026-07-04T00:44:58Z
137,26,11,60.35,standard,2026-07-04T00:44:58Z
137,26,12,60.35,standard,2026-07-04T00:44:58Z
137,26,13,60.35,standard,2026-07-04T00:44:58Z
137,26,14,60.35,standard,2026-07-04T00:44:58Z
137,26,15,60.35,standard,2026-07-04T00:44:58Z
137,26,16,60.35,standard,2026-07-04T00:44:58Z
137,26,7,60.35,standard,2026-07-04T00:44:58Z
137,26,8,60.35,standard,2026-07-04T00:44:58Z
137,26,9,60.35,standard,2026-07-04T00:44:58Z
137,28,7,60.35,standard,2026-07-04T00:44:58Z
137,28,8,60.35,standard,2026-07-04T00:44:58Z
137,29,18,60.35,standard,2026-07-04T00:44:58Z
137,29,19,60.35,standard,2026-07-04T00:44:58Z
137,29,20,60.35,standard,2026-07-04T00:44:58Z
137,29,3,60.35,standard,2026-07-04T00:44:58Z
137,29,4,60.35,standard,2026-07-04T00:44:58Z
137,29,5,60.35,standard,2026-07-04T00:44:58Z
137,29,6,60.35,standard,2026-07-04T00:44:58Z
137,29,7,60.35,standard,2026-07-04T00:44:58Z
137,29,8,60.35,standard,2026-07-04T00:44:58Z
137,29,9,60.35,standard,2026-07-04T00:44:58Z
137,37,10,60.35,standard,2026-07-04T00:44:58Z
137,37,11,60.35,standard,2026-07-04T00:44:58Z
137,37,12,60.35,standard,2026-07-04T00:44:58Z
137,37,13,60.35,standard,2026-07-04T00:44:58Z
137,37,14,60.35,standard,2026-07-04T00:44:58Z
137,37,15,60.35,standard,2026-07-04T00:44:58Z
137,37,16,60.35,standard,2026-07-04T00:44:58Z
137,37,17,60.35,standard,2026-07-04T00:44:58Z
137,37,18,60.35,standard,2026-07-04T00:44:58Z
137,37,19,60.35,standard,2026-07-04T00:44:58Z
137,37,20,60.35,standard,2026-07-04T00:44:58Z
137,37,4,60.35,standard,2026-07-04T00:44:58Z
137,37,5,60.35,standard,2026-07-04T00:44:58Z
137,37,6,60.35,standard,2026-07-04T00:44:58Z
137,37,7,60.35,standard,2026-07-04T00:44:58Z
137,37,8,60.35,standard,2026-07-04T00:44:58Z
137,37,9,60.35,standard,2026-07-04T00:44:58Z
137,30,10,60.35,standard,2026-07-04T00:44:58Z
137,30,11,60.35,standard,2026-07-04T00:44:58Z
137,30,12,60.35,standard,2026-07-04T00:44:58Z
137,30,13,60.35,standard,2026-07-04T00:44:58Z
137,30,7,60.35,standard,2026-07-04T00:44:58Z
137,30,8,60.35,standard,2026-07-04T00:44:58Z
137,30,9,60.35,standard,2026-07-04T00:44:58Z
137,31,10,60.35,standard,2026-07-04T00:44:58Z
137,31,11,60.35,standard,2026-07-04T00:44:58Z
137,31,12,60.35,standard,2026-07-04T00:44:58Z
137,31,13,60.35,standard,2026-07-04T00:44:58Z
137,31,14,60.35,standard,2026-07-04T00:44:58Z
137,31,15,60.35,standard,2026-07-04T00:44:58Z
137,31,16,60.35,standard,2026-07-04T00:44:58Z
137,31,17,60.35,standard,2026-07-04T00:44:58Z
137,31,18,60.35,standard,2026-07-04T00:44:58Z
137,31,19,60.35,standard,2026-07-04T00:44:58Z
137,31,20,60.35,standard,2026-07-04T00:44:58Z
137,31,5,60.35,standard,2026-07-04T00:44:58Z
137,31,6,60.35,standard,2026-07-04T00:44:58Z
137,31,7,60.35,standard,2026-07-04T00:44:58Z
137,31,8,60.35,standard,2026-07-04T00:44:58Z
137,31,9,60.35,standard,2026-07-04T00:44:58Z
137,32,10,60.35,standard,2026-07-04T00:44:58Z
137,32,11,60.35,standard,2026-07-04T00:44:58Z
137,32,12,60.35,standard,2026-07-04T00:44:58Z
137,32,13,60.35,standard,2026-07-04T00:44:58Z
137,32,14,60.35,standard,2026-07-04T00:44:58Z
137,32,15,60.35,standard,2026-07-04T00:44:58Z
137,32,16,60.35,standard,2026-07-04T00:44:58Z
137,32,17,60.35,standard,2026-07-04T00:44:58Z
137,32,18,60.35,standard,2026-07-04T00:44:58Z
137,32,19,60.35,standard,2026-07-04T00:44:58Z
137,32,20,60.35,standard,2026-07-04T00:44:58Z
137,32,5,60.35,standard,2026-07-04T00:44:58Z
137,32,6,60.35,standard,2026-07-04T00:44:58Z
137,32,7,60.35,standard,2026-07-04T00:44:58Z
137,32,8,60.35,standard,2026-07-04T00:44:58Z
137,32,9,60.35,standard,2026-07-04T00:44:58Z
137,34,16,60.35,standard,2026-07-04T00:44:58Z
137,34,17,60.35,standard,2026-07-04T00:44:58Z
137,34,18,60.35,standard,2026-07-04T00:44:58Z
137,34,19,60.35,standard,2026-07-04T00:44:58Z
137,34,20,60.35,standard,2026-07-04T00:44:58Z
137,34,7,60.35,standard,2026-07-04T00:44:58Z
137,34,8,60.35,standard,2026-07-04T00:44:58Z
137,35,19,60.35,standard,2026-07-04T00:44:58Z
137,35,20,60.35,standard,2026-07-04T00:44:58Z
137,35,7,60.35,standard,2026-07-04T00:44:58Z
137,35,8,60.35,standard,2026-07-04T00:44:58Z
137,36,15,60.35,standard,2026-07-04T00:44:58Z
137,36,16,60.35,standard,2026-07-04T00:44:58Z
137,36,17,60.35,standard,2026-07-04T00:44:58Z
137,36,18,60.35,standard,2026-07-04T00:44:58Z
137,36,19,60.35,standard,2026-07-04T00:44:58Z
137,36,20,60.35,standard,2026-07-04T00:44:58Z
137,36,6,60.35,standard,2026-07-04T00:44:58Z
137,36,7,60.35,standard,2026-07-04T00:44:58Z
137,36,8,60.35,standard,2026-07-04T00:44:58Z
137,38,10,60.35,standard,2026-07-04T00:44:58Z
137,38,11,60.35,standard,2026-07-04T00:44:58Z
137,38,13,60.35,standard,2026-07-04T00:44:58Z
137,38,14,60.35,standard,2026-07-04T00:44:58Z
137,38,15,60.35,standard,2026-07-04T00:44:58Z
137,38,16,60.35,standard,2026-07-04T00:44:58Z
137,38,17,60.35,standard,2026-07-04T00:44:58Z
137,38,18,60.35,standard,2026-07-04T00:44:58Z
137,38,19,60.35,standard,2026-07-04T00:44:58Z
137,38,20,60.35,standard,2026-07-04T00:44:58Z
137,38,3,60.35,standard,2026-07-04T00:44:58Z
137,38,4,60.35,standard,2026-07-04T00:44:58Z
137,38,5,60.35,standard,2026-07-04T00:44:58Z
137,38,6,60.35,standard,2026-07-04T00:44:58Z
137,38,7,60.35,standard,2026-07-04T00:44:58Z
137,38,8,60.35,standard,2026-07-04T00:44:58Z
137,38,9,60.35,standard,2026-07-04T00:44:58Z
137,39,10,60.35,standard,2026-07-04T00:44:58Z
137,39,11,60.35,standard,2026-07-04T00:44:58Z
137,39,13,60.35,standard,2026-07-04T00:44:58Z
137,39,14,60.35,standard,2026-07-04T00:44:58Z
137,39,15,60.35,standard,2026-07-04T00:44:58Z
137,39,16,60.35,standard,2026-07-04T00:44:58Z
137,39,17,60.35,standard,2026-07-04T00:44:58Z
137,39,18,60.35,standard,2026-07-04T00:44:58Z
137,39,5,60.35,standard,2026-07-04T00:44:58Z
137,39,6,60.35,standard,2026-07-04T00:44:58Z
137,39,7,60.35,standard,2026-07-04T00:44:58Z
137,39,8,60.35,standard,2026-07-04T00:44:58Z
137,39,9,60.35,standard,2026-07-04T00:44:58Z
137W,40,1,60.35,standard,2026-07-04T00:44:58Z
137W,40,2,60.35,standard,2026-07-04T00:44:58Z
137W,40,8,60.35,standard,2026-07-04T00:44:58Z
137W,40,9,60.35,standard,2026-07-04T00:44:58Z
138,27,3,60.35,standard,2026-07-04T00:44:58Z
138,27,4,60.35,standard,2026-07-04T00:44:58Z
138,27,5,60.35,standard,2026-07-04T00:44:58Z
138,27,6,60.35,standard,2026-07-04T00:44:58Z
138,22,10,60.35,standard,2026-07-04T00:44:58Z
138,22,11,60.35,standard,2026-07-04T00:44:58Z
138,22,12,60.35,standard,2026-07-04T00:44:58Z
138,26,4,60.35,standard,2026-07-04T00:44:58Z
138,26,6,60.35,standard,2026-07-04T00:44:58Z
138,28,11,60.35,standard,2026-07-04T00:44:58Z
138,28,12,60.35,standard,2026-07-04T00:44:58Z
138,28,8,60.35,standard,2026-07-04T00:44:58Z
138,28,9,60.35,standard,2026-07-04T00:44:58Z
138,29,10,60.35,standard,2026-07-04T00:44:58Z
138,29,11,60.35,standard,2026-07-04T00:44:58Z
138,29,12,60.35,standard,2026-07-04T00:44:58Z
138,29,13,60.35,standard,2026-07-04T00:44:58Z
138,29,14,60.35,standard,2026-07-04T00:44:58Z
138,29,2,60.35,standard,2026-07-04T00:44:58Z
138,29,7,60.35,standard,2026-07-04T00:44:58Z
138,29,8,60.35,standard,2026-07-04T00:44:58Z
138,29,9,60.35,standard,2026-07-04T00:44:58Z
138,37,13,60.35,standard,2026-07-04T00:44:58Z
138,37,14,60.35,standard,2026-07-04T00:44:58Z
138,37,15,60.35,standard,2026-07-04T00:44:58Z
138,37,16,60.35,standard,2026-07-04T00:44:58Z
138,37,4,60.35,standard,2026-07-04T00:44:58Z
138,37,5,60.35,standard,2026-07-04T00:44:58Z
138,37,6,60.35,standard,2026-07-04T00:44:58Z
138,37,7,60.35,standard,2026-07-04T00:44:58Z
138,30,10,60.35,standard,2026-07-04T00:44:58Z
138,30,11,60.35,standard,2026-07-04T00:44:58Z
138,30,12,60.35,standard,2026-07-04T00:44:58Z
138,30,13,60.35,standard,2026-07-04T00:44:58Z
138,30,9,60.35,standard,2026-07-04T00:44:58Z
138,32,1,60.35,standard,2026-07-04T00:44:58Z
138,32,5,60.35,standard,2026-07-04T00:44:58Z
138,32,6,60.35,standard,2026-07-04T00:44:58Z
138,32,7,60.35,standard,2026-07-04T00:44:58Z
138,32,8,60.35,standard,2026-07-04T00:44:58Z
138,33,14,60.35,standard,2026-07-04T00:44:58Z
138,33,15,60.35,standard,2026-07-04T00:44:58Z
138,33,2,60.35,standard,2026-07-04T00:44:58Z
138,33,6,60.35,standard,2026-07-04T00:44:58Z
138,33,7,60.35,standard,2026-07-04T00:44:58Z
138,33,8,60.35,standard,2026-07-04T00:44:58Z
138,33,9,60.35,standard,2026-07-04T00:44:58Z
138,34,10,60.35,standard,2026-07-04T00:44:58Z
138,34,11,60.35,standard,2026-07-04T00:44:58Z
138,34,16,60.35,standard,2026-07-04T00:44:58Z
138,34,17,60.35,standard,2026-07-04T00:44:58Z
138,34,18,60.35,standard,2026-07-04T00:44:58Z
138,34,19,60.35,standard,2026-07-04T00:44:58Z
138,34,20,60.35,standard,2026-07-04T00:44:58Z
138,34,3,60.35,standard,2026-07-04T00:44:58Z
138,34,7,60.35,standard,2026-07-04T00:44:58Z
138,34,8,60.35,standard,2026-07-04T00:44:58Z
138,34,9,60.35,standard,2026-07-04T00:44:58Z
138,35,10,60.35,standard,2026-07-04T00:44:58Z
138,35,11,60.35,standard,2026-07-04T00:44:58Z
138,35,12,60.35,standard,2026-07-04T00:44:58Z
138,35,18,60.35,standard,2026-07-04T00:44:58Z
138,35,19,60.35,standard,2026-07-04T00:44:58Z
138,35,20,60.35,standard,2026-07-04T00:44:58Z
138,35,21,60.35,standard,2026-07-04T00:44:58Z
138,36,12,60.35,standard,2026-07-04T00:44:58Z
138,36,13,60.35,standard,2026-07-04T00:44:58Z
138,36,14,60.35,standard,2026-07-04T00:44:58Z
138,36,20,60.35,standard,2026-07-04T00:44:58Z
138,36,21,60.35,standard,2026-07-04T00:44:58Z
138,36,22,60.35,standard,2026-07-04T00:44:58Z
138,36,3,60.35,standard,2026-07-04T00:44:58Z
138,36,4,60.35,standard,2026-07-04T00:44:58Z
138,36,5,60.35,standard,2026-07-04T00:44:58Z
138,38,14,60.35,standard,2026-07-04T00:44:58Z
138,38,15,60.35,standard,2026-07-04T00:44:58Z
138,38,16,60.35,standard,2026-07-04T00:44:58Z
138,38,17,60.35,standard,2026-07-04T00:44:58Z
138,38,18,60.35,standard,2026-07-04T00:44:58Z
138,38,2,60.35,standard,2026-07-04T00:44:58Z
138,38,3,60.35,standard,2026-07-04T00:44:58Z
138,38,4,60.35,standard,2026-07-04T00:44:58Z
138,38,5,60.35,standard,2026-07-04T00:44:58Z
138,38,6,60.35,standard,2026-07-04T00:44:58Z
138,38,7,60.35,standard,2026-07-04T00:44:58Z
138,38,8,60.35,standard,2026-07-04T00:44:58Z
138,38,9,60.35,standard,2026-07-04T00:44:58Z
138,39,10,60.35,standard,2026-07-04T00:44:58Z
138,39,15,60.35,standard,2026-07-04T00:44:58Z
138,39,16,60.35,standard,2026-07-04T00:44:58Z
138,39,17,60.35,standard,2026-07-04T00:44:58Z
138,39,18,60.35,standard,2026-07-04T00:44:58Z
138,39,19,60.35,standard,2026-07-04T00:44:58Z
138,39,2,60.35,standard,2026-07-04T00:44:58Z
138,39,3,60.35,standard,2026-07-04T00:44:58Z
138,39,4,60.35,standard,2026-07-04T00:44:58Z
138,39,5,60.35,standard,2026-07-04T00:44:58Z
138,39,6,60.35,standard,2026-07-04T00:44:58Z
138,39,7,60.35,standard,2026-07-04T00:44:58Z
138,39,8,60.35,standard,2026-07-04T00:44:58Z
138,39,9,60.35,standard,2026-07-04T00:44:58Z
138W,40,3,60.35,standard,2026-07-04T00:44:58Z
138W,40,4,60.35,standard,2026-07-04T00:44:58Z
139,18,1,62.35,standard,2026-07-04T00:44:58Z
139,18,2,62.35,standard,2026-07-04T00:44:58Z
139,19,7,62.35,standard,2026-07-04T00:44:58Z
139,19,8,62.35,standard,2026-07-04T00:44:58Z
139,20,10,62.35,standard,2026-07-04T00:44:58Z
139,20,11,62.35,standard,2026-07-04T00:44:58Z
139,20,12,62.35,standard,2026-07-04T00:44:58Z
139,20,5,62.35,standard,2026-07-04T00:44:58Z
139,20,6,62.35,standard,2026-07-04T00:44:58Z
139,20,9,62.35,standard,2026-07-04T00:44:58Z
139,21,5,62.35,standard,2026-07-04T00:44:58Z
139,21,6,62.35,standard,2026-07-04T00:44:58Z
139,22,6,62.35,standard,2026-07-04T00:44:58Z
139,22,7,62.35,standard,2026-07-04T00:44:58Z
139,22,8,62.35,standard,2026-07-04T00:44:58Z
139,23,10,62.35,standard,2026-07-04T00:44:58Z
139,23,3,62.35,standard,2026-07-04T00:44:58Z
139,23,4,62.35,standard,2026-07-04T00:44:58Z
139,23,7,62.35,standard,2026-07-04T00:44:58Z
139,23,8,62.35,standard,2026-07-04T00:44:58Z
139,23,9,62.35,standard,2026-07-04T00:44:58Z
139,24,5,62.35,standard,2026-07-04T00:44:58Z
139,24,6,62.35,standard,2026-07-04T00:44:58Z
139,24,7,62.35,standard,2026-07-04T00:44:58Z
139,24,8,62.35,standard,2026-07-04T00:44:58Z
139,24,9,62.35,standard,2026-07-04T00:44:58Z
139,25,10,62.35,standard,2026-07-04T00:44:58Z
139,25,11,62.35,standard,2026-07-04T00:44:58Z
139,25,4,62.35,standard,2026-07-04T00:44:58Z
139,25,5,62.35,standard,2026-07-04T00:44:58Z
139,25,6,62.35,standard,2026-07-04T00:44:58Z
139,25,7,62.35,standard,2026-07-04T00:44:58Z
139,25,8,62.35,standard,2026-07-04T00:44:58Z
139,25,9,62.35,standard,2026-07-04T00:44:58Z
139,26,5,62.35,standard,2026-07-04T00:44:58Z
139,26,6,62.35,standard,2026-07-04T00:44:58Z
139,26,7,62.35,standard,2026-07-04T00:44:58Z
139,26,8,62.35,standard,2026-07-04T00:44:58Z
139,26,9,62.35,standard,2026-07-04T00:44:58Z
139,37,10,62.35,standard,2026-07-04T00:44:58Z
139,37,11,62.35,standard,2026-07-04T00:44:58Z
139,37,12,62.35,standard,2026-07-04T00:44:58Z
139,37,13,62.35,standard,2026-07-04T00:44:58Z
139,37,14,62.35,standard,2026-07-04T00:44:58Z
139,37,15,62.35,standard,2026-07-04T00:44:58Z
139,37,16,62.35,standard,2026-07-04T00:44:58Z
139,37,17,62.35,standard,2026-07-04T00:44:58Z
139,37,18,62.35,standard,2026-07-04T00:44:58Z
139,37,19,62.35,standard,2026-07-04T00:44:58Z
139,37,20,62.35,standard,2026-07-04T00:44:58Z
139,37,21,62.35,standard,2026-07-04T00:44:58Z
139,37,22,62.35,standard,2026-07-04T00:44:58Z
139,37,23,62.35,standard,2026-07-04T00:44:58Z
139,37,3,62.35,standard,2026-07-04T00:44:58Z
139,37,4,62.35,standard,2026-07-04T00:44:58Z
139,37,5,62.35,standard,2026-07-04T00:44:58Z
139,37,6,62.35,standard,2026-07-04T00:44:58Z
139,37,7,62.35,standard,2026-07-04T00:44:58Z
139,37,8,62.35,standard,2026-07-04T00:44:58Z
139,37,9,62.35,standard,2026-07-04T00:44:58Z
139,30,10,62.35,standard,2026-07-04T00:44:58Z
139,30,11,62.35,standard,2026-07-04T00:44:58Z
139,30,12,62.35,standard,2026-07-04T00:44:58Z
139,30,13,62.35,standard,2026-07-04T00:44:58Z
139,30,14,62.35,standard,2026-07-04T00:44:58Z
139,30,15,62.35,standard,2026-07-04T00:44:58Z
139,30,16,62.35,standard,2026-07-04T00:44:58Z
139,30,17,62.35,standard,2026-07-04T00:44:58Z
139,30,18,62.35,standard,2026-07-04T00:44:58Z
139,30,7,62.35,standard,2026-07-04T00:44:58Z
139,30,8,62.35,standard,2026-07-04T00:44:58Z
139,30,9,62.35,standard,2026-07-04T00:44:58Z
139,31,10,62.35,standard,2026-07-04T00:44:58Z
139,31,11,62.35,standard,2026-07-04T00:44:58Z
139,31,12,62.35,standard,2026-07-04T00:44:58Z
139,31,13,62.35,standard,2026-07-04T00:44:58Z
139,31,14,62.35,standard,2026-07-04T00:44:58Z
139,31,15,62.35,standard,2026-07-04T00:44:58Z
139,31,16,62.35,standard,2026-07-04T00:44:58Z
139,31,17,62.35,standard,2026-07-04T00:44:58Z
139,31,18,62.35,standard,2026-07-04T00:44:58Z
139,31,2,62.35,standard,2026-07-04T00:44:58Z
139,31,3,62.35,standard,2026-07-04T00:44:58Z
139,31,4,62.35,standard,2026-07-04T00:44:58Z
139,31,5,62.35,standard,2026-07-04T00:44:58Z
139,31,6,62.35,standard,2026-07-04T00:44:58Z
139,31,7,62.35,standard,2026-07-04T00:44:58Z
139,31,8,62.35,standard,2026-07-04T00:44:58Z
139,31,9,62.35,standard,2026-07-04T00:44:58Z
139,32,10,62.35,standard,2026-07-04T00:44:58Z
139,32,11,62.35,standard,2026-07-04T00:44:58Z
139,32,12,62.35,standard,2026-07-04T00:44:58Z
139,32,13,62.35,standard,2026-07-04T00:44:58Z
139,32,14,62.35,standard,2026-07-04T00:44:58Z
139,32,15,62.35,standard,2026-07-04T00:44:58Z
139,32,16,62.35,standard,2026-07-04T00:44:58Z
139,32,17,62.35,standard,2026-07-04T00:44:58Z
139,32,18,62.35,standard,2026-07-04T00:44:58Z
139,32,19,62.35,standard,2026-07-04T00:44:58Z
139,32,2,62.35,standard,2026-07-04T00:44:58Z
139,32,3,62.35,standard,2026-07-04T00:44:58Z
139,32,4,62.35,standard,2026-07-04T00:44:58Z
139,32,5,62.35,standard,2026-07-04T00:44:58Z
139,32,6,62.35,standard,2026-07-04T00:44:58Z
139,32,7,62.35,standard,2026-07-04T00:44:58Z
139,32,8,62.35,standard,2026-07-04T00:44:58Z
139,32,9,62.35,standard,2026-07-04T00:44:58Z
139,33,10,62.35,standard,2026-07-04T00:44:58Z
139,33,11,62.35,standard,2026-07-04T00:44:58Z
139,33,12,62.35,standard,2026-07-04T00:44:58Z
139,33,13,62.35,standard,2026-07-04T00:44:58Z
139,33,14,62.35,standard,2026-07-04T00:44:58Z
139,33,15,62.35,standard,2026-07-04T00:44:58Z
139,33,16,62.35,standard,2026-07-04T00:44:58Z
139,33,17,62.35,standard,2026-07-04T00:44:58Z
139,33,18,62.35,standard,2026-07-04T00:44:58Z
139,33,19,62.35,standard,2026-07-04T00:44:58Z
139,33,20,62.35,standard,2026-07-04T00:44:58Z
139,33,3,62.35,standard,2026-07-04T00:44:58Z
139,33,4,62.35,standard,2026-07-04T00:44:58Z
139,33,5,62.35,standard,2026-07-04T00:44:58Z
139,33,6,62.35,standard,2026-07-04T00:44:58Z
139,33,7,62.35,standard,2026-07-04T00:44:58Z
139,33,8,62.35,standard,2026-07-04T00:44:58Z
139,33,9,62.35,standard,2026-07-04T00:44:58Z
139,34,10,62.35,standard,2026-07-04T00:44:58Z
139,34,11,62.35,standard,2026-07-04T00:44:58Z
139,34,12,62.35,standard,2026-07-04T00:44:58Z
139,34,13,62.35,standard,2026-07-04T00:44:58Z
139,34,14,62.35,standard,2026-07-04T00:44:58Z
139,34,15,62.35,standard,2026-07-04T00:44:58Z
139,34,16,62.35,standard,2026-07-04T00:44:58Z
139,34,17,62.35,standard,2026-07-04T00:44:58Z
139,34,18,62.35,standard,2026-07-04T00:44:58Z
139,34,19,62.35,standard,2026-07-04T00:44:58Z
139,34,20,62.35,standard,2026-07-04T00:44:58Z
139,34,21,62.35,standard,2026-07-04T00:44:58Z
139,34,3,62.35,standard,2026-07-04T00:44:58Z
139,34,4,62.35,standard,2026-07-04T00:44:58Z
139,34,5,62.35,standard,2026-07-04T00:44:58Z
139,34,6,62.35,standard,2026-07-04T00:44:58Z
139,34,7,62.35,standard,2026-07-04T00:44:58Z
139,34,8,62.35,standard,2026-07-04T00:44:58Z
139,34,9,62.35,standard,2026-07-04T00:44:58Z
139,35,10,62.35,standard,2026-07-04T00:44:58Z
139,35,11,62.35,standard,2026-07-04T00:44:58Z
139,35,12,62.35,standard,2026-07-04T00:44:58Z
139,35,13,62.35,standard,2026-07-04T00:44:58Z
139,35,14,62.35,standard,2026-07-04T00:44:58Z
139,35,15,62.35,standard,2026-07-04T00:44:58Z
139,35,16,62.35,standard,2026-07-04T00:44:58Z
139,35,17,62.35,standard,2026-07-04T00:44:58Z
139,35,18,62.35,standard,2026-07-04T00:44:58Z
139,35,19,62.35,standard,2026-07-04T00:44:58Z
139,35,20,62.35,standard,2026-07-04T00:44:58Z
139,35,21,62.35,standard,2026-07-04T00:44:58Z
139,35,22,62.35,standard,2026-07-04T00:44:58Z
139,35,3,62.35,standard,2026-07-04T00:44:58Z
139,35,4,62.35,standard,2026-07-04T00:44:58Z
139,35,5,62.35,standard,2026-07-04T00:44:58Z
139,35,6,62.35,standard,2026-07-04T00:44:58Z
139,35,7,62.35,standard,2026-07-04T00:44:58Z
139,35,8,62.35,standard,2026-07-04T00:44:58Z
139,35,9,62.35,standard,2026-07-04T00:44:58Z
139,36,10,62.35,standard,2026-07-04T00:44:58Z
139,36,11,62.35,standard,2026-07-04T00:44:58Z
139,36,12,62.35,standard,2026-07-04T00:44:58Z
139,36,13,62.35,standard,2026-07-04T00:44:58Z
139,36,14,62.35,standard,2026-07-04T00:44:58Z
139,36,15,62.35,standard,2026-07-04T00:44:58Z
139,36,16,62.35,standard,2026-07-04T00:44:58Z
139,36,17,62.35,standard,2026-07-04T00:44:58Z
139,36,18,62.35,standard,2026-07-04T00:44:58Z
139,36,19,62.35,standard,2026-07-04T00:44:58Z
139,36,20,62.35,standard,2026-07-04T00:44:58Z
139,36,21,62.35,standard,2026-07-04T00:44:58Z
139,36,22,62.35,standard,2026-07-04T00:44:58Z
139,36,3,62.35,standard,2026-07-04T00:44:58Z
139,36,4,62.35,standard,2026-07-04T00:44:58Z
139,36,5,62.35,standard,2026-07-04T00:44:58Z
139,36,6,62.35,standard,2026-07-04T00:44:58Z
139,36,7,62.35,standard,2026-07-04T00:44:58Z
139,36,8,62.35,standard,2026-07-04T00:44:58Z
139,36,9,62.35,standard,2026-07-04T00:44:58Z
139,38,10,62.35,standard,2026-07-04T00:44:58Z
139,38,11,62.35,standard,2026-07-04T00:44:58Z
139,38,12,62.35,standard,2026-07-04T00:44:58Z
139,38,13,62.35,standard,2026-07-04T00:44:58Z
139,38,14,62.35,standard,2026-07-04T00:44:58Z
139,38,15,62.35,standard,2026-07-04T00:44:58Z
139,38,16,62.35,standard,2026-07-04T00:44:58Z
139,38,17,62.35,standard,2026-07-04T00:44:58Z
139,38,18,62.35,standard,2026-07-04T00:44:58Z
139,38,19,62.35,standard,2026-07-04T00:44:58Z
139,38,20,62.35,standard,2026-07-04T00:44:58Z
139,38,21,62.35,standard,2026-07-04T00:44:58Z
139,38,22,62.35,standard,2026-07-04T00:44:58Z
139,38,23,62.35,standard,2026-07-04T00:44:58Z
139,38,24,62.35,standard,2026-07-04T00:44:58Z
139,38,3,62.35,standard,2026-07-04T00:44:58Z
139,38,4,62.35,standard,2026-07-04T00:44:58Z
139,38,5,62.35,standard,2026-07-04T00:44:58Z
139,38,6,62.35,standard,2026-07-04T00:44:58Z
139,38,7,62.35,standard,2026-07-04T00:44:58Z
139,38,8,62.35,standard,2026-07-04T00:44:58Z
139,38,9,62.35,standard,2026-07-04T00:44:58Z
139,39,10,62.35,standard,2026-07-04T00:44:58Z
139,39,11,62.35,standard,2026-07-04T00:44:58Z
139,39,12,62.35,standard,2026-07-04T00:44:58Z
139,39,13,62.35,standard,2026-07-04T00:44:58Z
139,39,14,62.35,standard,2026-07-04T00:44:58Z
139,39,15,62.35,standard,2026-07-04T00:44:58Z
139,39,16,62.35,standard,2026-07-04T00:44:58Z
139,39,17,62.35,standard,2026-07-04T00:44:58Z
139,39,18,62.35,standard,2026-07-04T00:44:58Z
139,39,19,62.35,standard,2026-07-04T00:44:58Z
139,39,20,62.35,standard,2026-07-04T00:44:58Z
139,39,21,62.35,standard,2026-07-04T00:44:58Z
139,39,22,62.35,standard,2026-07-04T00:44:58Z
139,39,23,62.35,standard,2026-07-04T00:44:58Z
139,39,24,62.35,standard,2026-07-04T00:44:58Z
139,39,3,62.35,standard,2026-07-04T00:44:58Z
139,39,4,62.35,standard,2026-07-04T00:44:58Z
139,39,5,62.35,standard,2026-07-04T00:44:58Z
139,39,6,62.35,standard,2026-07-04T00:44:58Z
139,39,7,62.35,standard,2026-07-04T00:44:58Z
139,39,8,62.35,standard,2026-07-04T00:44:58Z
139,39,9,62.35,standard,2026-07-04T00:44:58Z
139W,40,1,62.35,standard,2026-07-04T00:44:58Z
139W,40,2,62.35,standard,2026-07-04T00:44:58Z
139W,40,3,62.35,standard,2026-07-04T00:44:58Z
139W,40,4,62.35,standard,2026-07-04T00:44:58Z
140,17,3,62.35,standard,2026-07-04T00:44:58Z
140,17,4,62.35,standard,2026-07-04T00:44:58Z
140,17,5,62.35,standard,2026-07-04T00:44:58Z
140,17,6,62.35,standard,2026-07-04T00:44:58Z
140,17,7,62.35,standard,2026-07-04T00:44:58Z
140,15,13,62.35,standard,2026-07-04T00:44:58Z
140,15,14,62.35,standard,2026-07-04T00:44:58Z
140,15,15,62.35,standard,2026-07-04T00:44:58Z
140,15,16,62.35,standard,2026-07-04T00:44:58Z
140,15,17,62.35,standard,2026-07-04T00:44:58Z
140,15,7,62.35,standard,2026-07-04T00:44:58Z
140,16,10,62.35,standard,2026-07-04T00:44:58Z
140,16,11,62.35,standard,2026-07-04T00:44:58Z
140,16,16,62.35,standard,2026-07-04T00:44:58Z
140,16,6,62.35,standard,2026-07-04T00:44:58Z
140,16,7,62.35,standard,2026-07-04T00:44:58Z
140,16,8,62.35,standard,2026-07-04T00:44:58Z
140,16,9,62.35,standard,2026-07-04T00:44:58Z
140,18,12,62.35,standard,2026-07-04T00:44:58Z
140,18,13,62.35,standard,2026-07-04T00:44:58Z
140,18,14,62.35,standard,2026-07-04T00:44:58Z
140,18,15,62.35,standard,2026-07-04T00:44:58Z
140,18,16,62.35,standard,2026-07-04T00:44:58Z
140,18,17,62.35,standard,2026-07-04T00:44:58Z
140,18,18,62.35,standard,2026-07-04T00:44:58Z
140,18,9,62.35,standard,2026-07-04T00:44:58Z
140,19,10,62.35,standard,2026-07-04T00:44:58Z
140,19,11,62.35,standard,2026-07-04T00:44:58Z
140,19,12,62.35,standard,2026-07-04T00:44:58Z
140,19,13,62.35,standard,2026-07-04T00:44:58Z
140,19,14,62.35,standard,2026-07-04T00:44:58Z
140,19,8,62.35,standard,2026-07-04T00:44:58Z
140,19,9,62.35,standard,2026-07-04T00:44:58Z
140,27,10,62.35,standard,2026-07-04T00:44:58Z
140,27,11,62.35,standard,2026-07-04T00:44:58Z
140,27,12,62.35,standard,2026-07-04T00:44:58Z
140,27,13,62.35,standard,2026-07-04T00:44:58Z
140,27,14,62.35,standard,2026-07-04T00:44:58Z
140,27,15,62.35,standard,2026-07-04T00:44:58Z
140,27,16,62.35,standard,2026-07-04T00:44:58Z
140,27,17,62.35,standard,2026-07-04T00:44:58Z
140,27,18,62.35,standard,2026-07-04T00:44:58Z
140,27,6,62.35,standard,2026-07-04T00:44:58Z
140,27,7,62.35,standard,2026-07-04T00:44:58Z
140,27,8,62.35,standard,2026-07-04T00:44:58Z
140,27,9,62.35,standard,2026-07-04T00:44:58Z
140,20,17,62.35,standard,2026-07-04T00:44:58Z
140,20,18,62.35,standard,2026-07-04T00:44:58Z
140,22,19,62.35,standard,2026-07-04T00:44:58Z
140,22,20,62.35,standard,2026-07-04T00:44:58Z
140,22,21,62.35,standard,2026-07-04T00:44:58Z
140,22,22,62.35,standard,2026-07-04T00:44:58Z
140,23,13,62.35,standard,2026-07-04T00:44:58Z
140,23,14,62.35,standard,2026-07-04T00:44:58Z
140,23,15,62.35,standard,2026-07-04T00:44:58Z
140,23,16,62.35,standard,2026-07-04T00:44:58Z
140,23,7,62.35,standard,2026-07-04T00:44:58Z
140,28,10,62.35,standard,2026-07-04T00:44:58Z
140,28,11,62.35,standard,2026-07-04T00:44:58Z
140,28,12,62.35,standard,2026-07-04T00:44:58Z
140,28,13,62.35,standard,2026-07-04T00:44:58Z
140,28,14,62.35,standard,2026-07-04T00:44:58Z
140,28,15,62.35,standard,2026-07-04T00:44:58Z
140,28,16,62.35,standard,2026-07-04T00:44:58Z
140,28,17,62.35,standard,2026-07-04T00:44:58Z
140,28,4,62.35,standard,2026-07-04T00:44:58Z
140,28,5,62.35,standard,2026-07-04T00:44:58Z
140,28,6,62.35,standard,2026-07-04T00:44:58Z
140,28,7,62.35,standard,2026-07-04T00:44:58Z
140,28,8,62.35,standard,2026-07-04T00:44:58Z
140,28,9,62.35,standard,2026-07-04T00:44:58Z
140,29,10,62.35,standard,2026-07-04T00:44:58Z
140,29,11,62.35,standard,2026-07-04T00:44:58Z
140,29,12,62.35,standard,2026-07-04T00:44:58Z
140,29,13,62.35,standard,2026-07-04T00:44:58Z
140,29,14,62.35,standard,2026-07-04T00:44:58Z
140,29,15,62.35,standard,2026-07-04T00:44:58Z
140,29,16,62.35,standard,2026-07-04T00:44:58Z
140,29,17,62.35,standard,2026-07-04T00:44:58Z
140,29,6,62.35,standard,2026-07-04T00:44:58Z
140,29,7,62.35,standard,2026-07-04T00:44:58Z
140,29,8,62.35,standard,2026-07-04T00:44:58Z
140,29,9,62.35,standard,2026-07-04T00:44:58Z
140,37,10,62.35,standard,2026-07-04T00:44:58Z
140,37,11,62.35,standard,2026-07-04T00:44:58Z
140,37,12,62.35,standard,2026-07-04T00:44:58Z
140,37,13,62.35,standard,2026-07-04T00:44:58Z
140,37,14,62.35,standard,2026-07-04T00:44:58Z
140,37,15,62.35,standard,2026-07-04T00:44:58Z
140,37,16,62.35,standard,2026-07-04T00:44:58Z
140,37,17,62.35,standard,2026-07-04T00:44:58Z
140,37,18,62.35,standard,2026-07-04T00:44:58Z
140,37,19,62.35,standard,2026-07-04T00:44:58Z
140,37,20,62.35,standard,2026-07-04T00:44:58Z
140,37,21,62.35,standard,2026-07-04T00:44:58Z
140,37,22,62.35,standard,2026-07-04T00:44:58Z
140,37,3,62.35,standard,2026-07-04T00:44:58Z
140,37,4,62.35,standard,2026-07-04T00:44:58Z
140,37,5,62.35,standard,2026-07-04T00:44:58Z
140,37,6,62.35,standard,2026-07-04T00:44:58Z
140,37,7,62.35,standard,2026-07-04T00:44:58Z
140,37,8,62.35,standard,2026-07-04T00:44:58Z
140,37,9,62.35,standard,2026-07-04T00:44:58Z
140,30,10,62.35,standard,2026-07-04T00:44:58Z
140,30,11,62.35,standard,2026-07-04T00:44:58Z
140,30,12,62.35,standard,2026-07-04T00:44:58Z
140,30,13,62.35,standard,2026-07-04T00:44:58Z
140,30,14,62.35,standard,2026-07-04T00:44:58Z
140,30,15,62.35,standard,2026-07-04T00:44:58Z
140,30,16,62.35,standard,2026-07-04T00:44:58Z
140,30,17,62.35,standard,2026-07-04T00:44:58Z
140,30,18,62.35,standard,2026-07-04T00:44:58Z
140,30,19,62.35,standard,2026-07-04T00:44:58Z
140,30,6,62.35,standard,2026-07-04T00:44:58Z
140,30,7,62.35,standard,2026-07-04T00:44:58Z
140,30,8,62.35,standard,2026-07-04T00:44:58Z
140,30,9,62.35,standard,2026-07-04T00:44:58Z
140,31,10,62.35,standard,2026-07-04T00:44:58Z
140,31,11,62.35,standard,2026-07-04T00:44:58Z
140,31,12,62.35,standard,2026-07-04T00:44:58Z
140,31,13,62.35,standard,2026-07-04T00:44:58Z
140,31,14,62.35,standard,2026-07-04T00:44:58Z
140,31,15,62.35,standard,2026-07-04T00:44:58Z
140,31,16,62.35,standard,2026-07-04T00:44:58Z
140,31,17,62.35,standard,2026-07-04T00:44:58Z
140,31,18,62.35,standard,2026-07-04T00:44:58Z
140,31,19,62.35,standard,2026-07-04T00:44:58Z
140,31,20,62.35,standard,2026-07-04T00:44:58Z
140,31,5,62.35,standard,2026-07-04T00:44:58Z
140,31,6,62.35,standard,2026-07-04T00:44:58Z
140,31,7,62.35,standard,2026-07-04T00:44:58Z
140,31,8,62.35,standard,2026-07-04T00:44:58Z
140,31,9,62.35,standard,2026-07-04T00:44:58Z
140,32,10,62.35,standard,2026-07-04T00:44:58Z
140,32,11,62.35,standard,2026-07-04T00:44:58Z
140,32,12,62.35,standard,2026-07-04T00:44:58Z
140,32,13,62.35,standard,2026-07-04T00:44:58Z
140,32,14,62.35,standard,2026-07-04T00:44:58Z
140,32,15,62.35,standard,2026-07-04T00:44:58Z
140,32,16,62.35,standard,2026-07-04T00:44:58Z
140,32,17,62.35,standard,2026-07-04T00:44:58Z
140,32,18,62.35,standard,2026-07-04T00:44:58Z
140,32,19,62.35,standard,2026-07-04T00:44:58Z
140,32,20,62.35,standard,2026-07-04T00:44:58Z
140,32,21,62.35,standard,2026-07-04T00:44:58Z
140,32,22,62.35,standard,2026-07-04T00:44:58Z
140,32,3,62.35,standard,2026-07-04T00:44:58Z
140,32,4,62.35,standard,2026-07-04T00:44:58Z
140,32,5,62.35,standard,2026-07-04T00:44:58Z
140,32,6,62.35,standard,2026-07-04T00:44:58Z
140,32,7,62.35,standard,2026-07-04T00:44:58Z
140,32,8,62.35,standard,2026-07-04T00:44:58Z
140,32,9,62.35,standard,2026-07-04T00:44:58Z
140,33,10,62.35,standard,2026-07-04T00:44:58Z
140,33,11,62.35,standard,2026-07-04T00:44:58Z
140,33,12,62.35,standard,2026-07-04T00:44:58Z
140,33,13,62.35,standard,2026-07-04T00:44:58Z
140,33,14,62.35,standard,2026-07-04T00:44:58Z
140,33,15,62.35,standard,2026-07-04T00:44:58Z
140,33,16,62.35,standard,2026-07-04T00:44:58Z
140,33,17,62.35,standard,2026-07-04T00:44:58Z
140,33,18,62.35,standard,2026-07-04T00:44:58Z
140,33,19,62.35,standard,2026-07-04T00:44:58Z
140,33,20,62.35,standard,2026-07-04T00:44:58Z
140,33,21,62.35,standard,2026-07-04T00:44:58Z
140,33,22,62.35,standard,2026-07-04T00:44:58Z
140,33,3,62.35,standard,2026-07-04T00:44:58Z
140,33,4,62.35,standard,2026-07-04T00:44:58Z
140,33,5,62.35,standard,2026-07-04T00:44:58Z
140,33,6,62.35,standard,2026-07-04T00:44:58Z
140,33,7,62.35,standard,2026-07-04T00:44:58Z
140,33,8,62.35,standard,2026-07-04T00:44:58Z
140,33,9,62.35,standard,2026-07-04T00:44:58Z
140,34,10,62.35,standard,2026-07-04T00:44:58Z
140,34,11,62.35,standard,2026-07-04T00:44:58Z
140,34,12,62.35,standard,2026-07-04T00:44:58Z
140,34,13,62.35,standard,2026-07-04T00:44:58Z
140,34,14,62.35,standard,2026-07-04T00:44:58Z
140,34,15,62.35,standard,2026-07-04T00:44:58Z
140,34,16,62.35,standard,2026-07-04T00:44:58Z
140,34,17,62.35,standard,2026-07-04T00:44:58Z
140,34,18,62.35,standard,2026-07-04T00:44:58Z
140,34,19,62.35,standard,2026-07-04T00:44:58Z
140,34,20,62.35,standard,2026-07-04T00:44:58Z
140,34,21,62.35,standard,2026-07-04T00:44:58Z
140,34,22,62.35,standard,2026-07-04T00:44:58Z
140,34,3,62.35,standard,2026-07-04T00:44:58Z
140,34,4,62.35,standard,2026-07-04T00:44:58Z
140,34,5,62.35,standard,2026-07-04T00:44:58Z
140,34,6,62.35,standard,2026-07-04T00:44:58Z
140,34,7,62.35,standard,2026-07-04T00:44:58Z
140,34,8,62.35,standard,2026-07-04T00:44:58Z
140,34,9,62.35,standard,2026-07-04T00:44:58Z
140,35,10,62.35,standard,2026-07-04T00:44:58Z
140,35,11,62.35,standard,2026-07-04T00:44:58Z
140,35,12,62.35,standard,2026-07-04T00:44:58Z
140,35,13,62.35,standard,2026-07-04T00:44:58Z
140,35,14,62.35,standard,2026-07-04T00:44:58Z
140,35,15,62.35,standard,2026-07-04T00:44:58Z
140,35,16,62.35,standard,2026-07-04T00:44:58Z
140,35,17,62.35,standard,2026-07-04T00:44:58Z
140,35,18,62.35,standard,2026-07-04T00:44:58Z
140,35,19,62.35,standard,2026-07-04T00:44:58Z
140,35,20,62.35,standard,2026-07-04T00:44:58Z
140,35,21,62.35,standard,2026-07-04T00:44:58Z
140,35,22,62.35,standard,2026-07-04T00:44:58Z
140,35,3,62.35,standard,2026-07-04T00:44:58Z
140,35,4,62.35,standard,2026-07-04T00:44:58Z
140,35,5,62.35,standard,2026-07-04T00:44:58Z
140,35,6,62.35,standard,2026-07-04T00:44:58Z
140,35,7,62.35,standard,2026-07-04T00:44:58Z
140,35,8,62.35,standard,2026-07-04T00:44:58Z
140,35,9,62.35,standard,2026-07-04T00:44:58Z
140,36,10,62.35,standard,2026-07-04T00:44:58Z
140,36,11,62.35,standard,2026-07-04T00:44:58Z
140,36,12,62.35,standard,2026-07-04T00:44:58Z
140,36,13,62.35,standard,2026-07-04T00:44:58Z
140,36,14,62.35,standard,2026-07-04T00:44:58Z
140,36,15,62.35,standard,2026-07-04T00:44:58Z
140,36,16,62.35,standard,2026-07-04T00:44:58Z
140,36,17,62.35,standard,2026-07-04T00:44:58Z
140,36,18,62.35,standard,2026-07-04T00:44:58Z
140,36,19,62.35,standard,2026-07-04T00:44:58Z
140,36,20,62.35,standard,2026-07-04T00:44:58Z
140,36,21,62.35,standard,2026-07-04T00:44:58Z
140,36,22,62.35,standard,2026-07-04T00:44:58Z
140,36,3,62.35,standard,2026-07-04T00:44:58Z
140,36,4,62.35,standard,2026-07-04T00:44:58Z
140,36,5,62.35,standard,2026-07-04T00:44:58Z
140,36,6,62.35,standard,2026-07-04T00:44:58Z
140,36,7,62.35,standard,2026-07-04T00:44:58Z
140,36,8,62.35,standard,2026-07-04T00:44:58Z
140,36,9,62.35,standard,2026-07-04T00:44:58Z
140,38,10,62.35,standard,2026-07-04T00:44:58Z
140,38,11,62.35,standard,2026-07-04T00:44:58Z
140,38,12,62.35,standard,2026-07-04T00:44:58Z
140,38,13,62.35,standard,2026-07-04T00:44:58Z
140,38,14,62.35,standard,2026-07-04T00:44:58Z
140,38,15,62.35,standard,2026-07-04T00:44:58Z
140,38,16,62.35,standard,2026-07-04T00:44:58Z
140,38,17,62.35,standard,2026-07-04T00:44:58Z
140,38,18,62.35,standard,2026-07-04T00:44:58Z
140,38,19,62.35,standard,2026-07-04T00:44:58Z
140,38,20,62.35,standard,2026-07-04T00:44:58Z
140,38,21,62.35,standard,2026-07-04T00:44:58Z
140,38,22,62.35,standard,2026-07-04T00:44:58Z
140,38,3,62.35,standard,2026-07-04T00:44:58Z
140,38,4,62.35,standard,2026-07-04T00:44:58Z
140,38,5,62.35,standard,2026-07-04T00:44:58Z
140,38,6,62.35,standard,2026-07-04T00:44:58Z
140,38,7,62.35,standard,2026-07-04T00:44:58Z
140,38,8,62.35,standard,2026-07-04T00:44:58Z
140,38,9,62.35,standard,2026-07-04T00:44:58Z
140,39,10,62.35,standard,2026-07-04T00:44:58Z
140,39,11,62.35,standard,2026-07-04T00:44:58Z
140,39,12,62.35,standard,2026-07-04T00:44:58Z
140,39,13,62.35,standard,2026-07-04T00:44:58Z
140,39,14,62.35,standard,2026-07-04T00:44:58Z
140,39,15,62.35,standard,2026-07-04T00:44:58Z
140,39,16,62.35,standard,2026-07-04T00:44:58Z
140,39,17,62.35,standard,2026-07-04T00:44:58Z
140,39,18,62.35,standard,2026-07-04T00:44:58Z
140,39,19,62.35,standard,2026-07-04T00:44:58Z
140,39,3,62.35,standard,2026-07-04T00:44:58Z
140,39,4,62.35,standard,2026-07-04T00:44:58Z
140,39,5,62.35,standard,2026-07-04T00:44:58Z
140,39,6,62.35,standard,2026-07-04T00:44:58Z
140,39,7,62.35,standard,2026-07-04T00:44:58Z
140,39,8,62.35,standard,2026-07-04T00:44:58Z
140,39,9,62.35,standard,2026-07-04T00:44:58Z
140W,40,1,62.35,standard,2026-07-04T00:44:58Z
140W,40,2,62.35,standard,2026-07-04T00:44:58Z
141,17,10,62.35,standard,2026-07-04T00:44:58Z
141,17,11,62.35,standard,2026-07-04T00:44:58Z
141,17,12,62.35,standard,2026-07-04T00:44:58Z
141,17,13,62.35,standard,2026-07-04T00:44:58Z
141,17,14,62.35,standard,2026-07-04T00:44:58Z
141,17,15,62.35,standard,2026-07-04T00:44:58Z
141,17,16,62.35,standard,2026-07-04T00:44:58Z
141,17,17,62.35,standard,2026-07-04T00:44:58Z
141,17,18,62.35,standard,2026-07-04T00:44:58Z
141,17,21,62.35,standard,2026-07-04T00:44:58Z
141,17,22,62.35,standard,2026-07-04T00:44:58Z
141,14,10,62.35,standard,2026-07-04T00:44:58Z
141,14,6,62.35,standard,2026-07-04T00:44:58Z
141,14,7,62.35,standard,2026-07-04T00:44:58Z
141,14,9,62.35,standard,2026-07-04T00:44:58Z
141,16,17,62.35,standard,2026-07-04T00:44:58Z
141,16,18,62.35,standard,2026-07-04T00:44:58Z
141,16,7,62.35,standard,2026-07-04T00:44:58Z
141,16,8,62.35,standard,2026-07-04T00:44:58Z
141,18,10,62.35,standard,2026-07-04T00:44:58Z
141,18,11,62.35,standard,2026-07-04T00:44:58Z
141,18,12,62.35,standard,2026-07-04T00:44:58Z
141,18,13,62.35,standard,2026-07-04T00:44:58Z
141,18,14,62.35,standard,2026-07-04T00:44:58Z
141,18,15,62.35,standard,2026-07-04T00:44:58Z
141,18,16,62.35,standard,2026-07-04T00:44:58Z
141,18,9,62.35,standard,2026-07-04T00:44:58Z
141,19,14,62.35,standard,2026-07-04T00:44:58Z
141,19,15,62.35,standard,2026-07-04T00:44:58Z
141,19,16,62.35,standard,2026-07-04T00:44:58Z
141,19,17,62.35,standard,2026-07-04T00:44:58Z
141,19,18,62.35,standard,2026-07-04T00:44:58Z
141,27,10,62.35,standard,2026-07-04T00:44:58Z
141,27,11,62.35,standard,2026-07-04T00:44:58Z
141,27,12,62.35,standard,2026-07-04T00:44:58Z
141,27,13,62.35,standard,2026-07-04T00:44:58Z
141,27,14,62.35,standard,2026-07-04T00:44:58Z
141,27,15,62.35,standard,2026-07-04T00:44:58Z
141,27,16,62.35,standard,2026-07-04T00:44:58Z
141,27,17,62.35,standard,2026-07-04T00:44:58Z
141,27,18,62.35,standard,2026-07-04T00:44:58Z
141,27,19,62.35,standard,2026-07-04T00:44:58Z
141,27,20,62.35,standard,2026-07-04T00:44:58Z
141,27,9,62.35,standard,2026-07-04T00:44:58Z
141,20,13,62.35,standard,2026-07-04T00:44:58Z
141,20,14,62.35,standard,2026-07-04T00:44:58Z
141,20,15,62.35,standard,2026-07-04T00:44:58Z
141,21,10,62.35,standard,2026-07-04T00:44:58Z
141,21,11,62.35,standard,2026-07-04T00:44:58Z
141,21,12,62.35,standard,2026-07-04T00:44:58Z
141,21,13,62.35,standard,2026-07-04T00:44:58Z
141,21,14,62.35,standard,2026-07-04T00:44:58Z
141,21,15,62.35,standard,2026-07-04T00:44:58Z
141,21,16,62.35,standard,2026-07-04T00:44:58Z
141,21,17,62.35,standard,2026-07-04T00:44:58Z
141,21,18,62.35,standard,2026-07-04T00:44:58Z
141,21,9,62.35,standard,2026-07-04T00:44:58Z
141,22,10,62.35,standard,2026-07-04T00:44:58Z
141,22,11,62.35,standard,2026-07-04T00:44:58Z
141,22,12,62.35,standard,2026-07-04T00:44:58Z
141,22,13,62.35,standard,2026-07-04T00:44:58Z
141,23,10,62.35,standard,2026-07-04T00:44:58Z
141,23,11,62.35,standard,2026-07-04T00:44:58Z
141,23,12,62.35,standard,2026-07-04T00:44:58Z
141,23,13,62.35,standard,2026-07-04T00:44:58Z
141,23,14,62.35,standard,2026-07-04T00:44:58Z
141,23,15,62.35,standard,2026-07-04T00:44:58Z
141,23,16,62.35,standard,2026-07-04T00:44:58Z
141,23,17,62.35,standard,2026-07-04T00:44:58Z
141,23,18,62.35,standard,2026-07-04T00:44:58Z
141,23,19,62.35,standard,2026-07-04T00:44:58Z
141,23,4,62.35,standard,2026-07-04T00:44:58Z
141,23,5,62.35,standard,2026-07-04T00:44:58Z
141,23,6,62.35,standard,2026-07-04T00:44:58Z
141,23,7,62.35,standard,2026-07-04T00:44:58Z
141,23,8,62.35,standard,2026-07-04T00:44:58Z
141,23,9,62.35,standard,2026-07-04T00:44:58Z
141,25,11,62.35,standard,2026-07-04T00:44:58Z
141,25,12,62.35,standard,2026-07-04T00:44:58Z
141,25,13,62.35,standard,2026-07-04T00:44:58Z
141,25,14,62.35,standard,2026-07-04T00:44:58Z
141,25,15,62.35,standard,2026-07-04T00:44:58Z
141,25,16,62.35,standard,2026-07-04T00:44:58Z
141,25,17,62.35,standard,2026-07-04T00:44:58Z
141,25,18,62.35,standard,2026-07-04T00:44:58Z
141,26,13,62.35,standard,2026-07-04T00:44:58Z
141,26,14,62.35,standard,2026-07-04T00:44:58Z
141,26,15,62.35,standard,2026-07-04T00:44:58Z
141,26,16,62.35,standard,2026-07-04T00:44:58Z
141,26,17,62.35,standard,2026-07-04T00:44:58Z
141,28,10,62.35,standard,2026-07-04T00:44:58Z
141,28,11,62.35,standard,2026-07-04T00:44:58Z
141,28,12,62.35,standard,2026-07-04T00:44:58Z
141,28,13,62.35,standard,2026-07-04T00:44:58Z
141,28,14,62.35,standard,2026-07-04T00:44:58Z
141,28,15,62.35,standard,2026-07-04T00:44:58Z
141,28,16,62.35,standard,2026-07-04T00:44:58Z
141,28,17,62.35,standard,2026-07-04T00:44:58Z
141,28,18,62.35,standard,2026-07-04T00:44:58Z
141,28,19,62.35,standard,2026-07-04T00:44:58Z
141,28,20,62.35,standard,2026-07-04T00:44:58Z
141,28,21,62.35,standard,2026-07-04T00:44:58Z
141,28,22,62.35,standard,2026-07-04T00:44:58Z
141,28,3,62.35,standard,2026-07-04T00:44:58Z
141,28,4,62.35,standard,2026-07-04T00:44:58Z
141,28,5,62.35,standard,2026-07-04T00:44:58Z
141,28,6,62.35,standard,2026-07-04T00:44:58Z
141,28,7,62.35,standard,2026-07-04T00:44:58Z
141,28,8,62.35,standard,2026-07-04T00:44:58Z
141,28,9,62.35,standard,2026-07-04T00:44:58Z
141,29,10,62.35,standard,2026-07-04T00:44:58Z
141,29,11,62.35,standard,2026-07-04T00:44:58Z
141,29,12,62.35,standard,2026-07-04T00:44:58Z
141,29,13,62.35,standard,2026-07-04T00:44:58Z
141,29,14,62.35,standard,2026-07-04T00:44:58Z
141,29,15,62.35,standard,2026-07-04T00:44:58Z
141,29,16,62.35,standard,2026-07-04T00:44:58Z
141,29,17,62.35,standard,2026-07-04T00:44:58Z
141,29,18,62.35,standard,2026-07-04T00:44:58Z
141,29,19,62.35,standard,2026-07-04T00:44:58Z
141,29,20,62.35,standard,2026-07-04T00:44:58Z
141,37,10,62.35,standard,2026-07-04T00:44:58Z
141,37,11,62.35,standard,2026-07-04T00:44:58Z
141,37,12,62.35,standard,2026-07-04T00:44:58Z
141,37,13,62.35,standard,2026-07-04T00:44:58Z
141,37,14,62.35,standard,2026-07-04T00:44:58Z
141,37,15,62.35,standard,2026-07-04T00:44:58Z
141,37,16,62.35,standard,2026-07-04T00:44:58Z
141,37,17,62.35,standard,2026-07-04T00:44:58Z
141,37,18,62.35,standard,2026-07-04T00:44:58Z
141,37,19,62.35,standard,2026-07-04T00:44:58Z
141,37,20,62.35,standard,2026-07-04T00:44:58Z
141,37,21,62.35,standard,2026-07-04T00:44:58Z
141,37,22,62.35,standard,2026-07-04T00:44:58Z
141,37,3,62.35,standard,2026-07-04T00:44:58Z
141,37,4,62.35,standard,2026-07-04T00:44:58Z
141,37,5,62.35,standard,2026-07-04T00:44:58Z
141,37,6,62.35,standard,2026-07-04T00:44:58Z
141,37,7,62.35,standard,2026-07-04T00:44:58Z
141,37,8,62.35,standard,2026-07-04T00:44:58Z
141,37,9,62.35,standard,2026-07-04T00:44:58Z
141,30,10,62.35,standard,2026-07-04T00:44:58Z
141,30,11,62.35,standard,2026-07-04T00:44:58Z
141,30,12,62.35,standard,2026-07-04T00:44:58Z
141,30,13,62.35,standard,2026-07-04T00:44:58Z
141,30,14,62.35,standard,2026-07-04T00:44:58Z
141,30,15,62.35,standard,2026-07-04T00:44:58Z
141,30,16,62.35,standard,2026-07-04T00:44:58Z
141,30,17,62.35,standard,2026-07-04T00:44:58Z
141,30,18,62.35,standard,2026-07-04T00:44:58Z
141,30,19,62.35,standard,2026-07-04T00:44:58Z
141,30,20,62.35,standard,2026-07-04T00:44:58Z
141,30,21,62.35,standard,2026-07-04T00:44:58Z
141,30,22,62.35,standard,2026-07-04T00:44:58Z
141,30,9,62.35,standard,2026-07-04T00:44:58Z
141,31,10,62.35,standard,2026-07-04T00:44:58Z
141,31,11,62.35,standard,2026-07-04T00:44:58Z
141,31,12,62.35,standard,2026-07-04T00:44:58Z
141,31,13,62.35,standard,2026-07-04T00:44:58Z
141,31,14,62.35,standard,2026-07-04T00:44:58Z
141,31,15,62.35,standard,2026-07-04T00:44:58Z
141,31,16,62.35,standard,2026-07-04T00:44:58Z
141,31,17,62.35,standard,2026-07-04T00:44:58Z
141,31,18,62.35,standard,2026-07-04T00:44:58Z
141,31,19,62.35,standard,2026-07-04T00:44:58Z
141,31,20,62.35,standard,2026-07-04T00:44:58Z
141,31,21,62.35,standard,2026-07-04T00:44:58Z
141,31,22,62.35,standard,2026-07-04T00:44:58Z
141,31,3,62.35,standard,2026-07-04T00:44:58Z
141,31,4,62.35,standard,2026-07-04T00:44:58Z
141,31,5,62.35,standard,2026-07-04T00:44:58Z
141,31,6,62.35,standard,2026-07-04T00:44:58Z
141,31,7,62.35,standard,2026-07-04T00:44:58Z
141,31,8,62.35,standard,2026-07-04T00:44:58Z
141,31,9,62.35,standard,2026-07-04T00:44:58Z
141,32,10,62.35,standard,2026-07-04T00:44:58Z
141,32,11,62.35,standard,2026-07-04T00:44:58Z
141,32,12,62.35,standard,2026-07-04T00:44:58Z
141,32,13,62.35,standard,2026-07-04T00:44:58Z
141,32,14,62.35,standard,2026-07-04T00:44:58Z
141,32,15,62.35,standard,2026-07-04T00:44:58Z
141,32,16,62.35,standard,2026-07-04T00:44:58Z
141,32,17,62.35,standard,2026-07-04T00:44:58Z
141,32,18,62.35,standard,2026-07-04T00:44:58Z
141,32,19,62.35,standard,2026-07-04T00:44:58Z
141,32,20,62.35,standard,2026-07-04T00:44:58Z
141,32,21,62.35,standard,2026-07-04T00:44:58Z
141,32,22,62.35,standard,2026-07-04T00:44:58Z
141,32,3,62.35,standard,2026-07-04T00:44:58Z
141,32,4,62.35,standard,2026-07-04T00:44:58Z
141,32,5,62.35,standard,2026-07-04T00:44:58Z
141,32,6,62.35,standard,2026-07-04T00:44:58Z
141,32,7,62.35,standard,2026-07-04T00:44:58Z
141,32,8,62.35,standard,2026-07-04T00:44:58Z
141,32,9,62.35,standard,2026-07-04T00:44:58Z
141,33,10,62.35,standard,2026-07-04T00:44:58Z
141,33,11,62.35,standard,2026-07-04T00:44:58Z
141,33,12,62.35,standard,2026-07-04T00:44:58Z
141,33,13,62.35,standard,2026-07-04T00:44:58Z
141,33,14,62.35,standard,2026-07-04T00:44:58Z
141,33,15,62.35,standard,2026-07-04T00:44:58Z
141,33,16,62.35,standard,2026-07-04T00:44:58Z
141,33,17,62.35,standard,2026-07-04T00:44:58Z
141,33,18,62.35,standard,2026-07-04T00:44:58Z
141,33,19,62.35,standard,2026-07-04T00:44:58Z
141,33,20,62.35,standard,2026-07-04T00:44:58Z
141,33,21,62.35,standard,2026-07-04T00:44:58Z
141,33,22,62.35,standard,2026-07-04T00:44:58Z
141,33,3,62.35,standard,2026-07-04T00:44:58Z
141,33,4,62.35,standard,2026-07-04T00:44:58Z
141,33,5,62.35,standard,2026-07-04T00:44:58Z
141,33,6,62.35,standard,2026-07-04T00:44:58Z
141,33,7,62.35,standard,2026-07-04T00:44:58Z
141,33,8,62.35,standard,2026-07-04T00:44:58Z
141,33,9,62.35,standard,2026-07-04T00:44:58Z
141,34,10,62.35,standard,2026-07-04T00:44:58Z
141,34,11,62.35,standard,2026-07-04T00:44:58Z
141,34,12,62.35,standard,2026-07-04T00:44:58Z
141,34,13,62.35,standard,2026-07-04T00:44:58Z
141,34,14,62.35,standard,2026-07-04T00:44:58Z
141,34,15,62.35,standard,2026-07-04T00:44:58Z
141,34,16,62.35,standard,2026-07-04T00:44:58Z
141,34,17,62.35,standard,2026-07-04T00:44:58Z
141,34,18,62.35,standard,2026-07-04T00:44:58Z
141,34,19,62.35,standard,2026-07-04T00:44:58Z
141,34,20,62.35,standard,2026-07-04T00:44:58Z
141,34,21,62.35,standard,2026-07-04T00:44:58Z
141,34,22,62.35,standard,2026-07-04T00:44:58Z
141,34,3,62.35,standard,2026-07-04T00:44:58Z
141,34,4,62.35,standard,2026-07-04T00:44:58Z
141,34,5,62.35,standard,2026-07-04T00:44:58Z
141,34,6,62.35,standard,2026-07-04T00:44:58Z
141,34,7,62.35,standard,2026-07-04T00:44:58Z
141,34,8,62.35,standard,2026-07-04T00:44:58Z
141,34,9,62.35,standard,2026-07-04T00:44:58Z
141,35,10,62.35,standard,2026-07-04T00:44:58Z
141,35,11,62.35,standard,2026-07-04T00:44:58Z
141,35,12,62.35,standard,2026-07-04T00:44:58Z
141,35,17,62.35,standard,2026-07-04T00:44:58Z
141,35,18,62.35,standard,2026-07-04T00:44:58Z
141,35,19,62.35,standard,2026-07-04T00:44:58Z
141,35,20,62.35,standard,2026-07-04T00:44:58Z
141,35,21,62.35,standard,2026-07-04T00:44:58Z
141,35,22,62.35,standard,2026-07-04T00:44:58Z
141,35,3,62.35,standard,2026-07-04T00:44:58Z
141,35,4,62.35,standard,2026-07-04T00:44:58Z
141,35,5,62.35,standard,2026-07-04T00:44:58Z
141,35,6,62.35,standard,2026-07-04T00:44:58Z
141,35,7,62.35,standard,2026-07-04T00:44:58Z
141,35,8,62.35,standard,2026-07-04T00:44:58Z
141,35,9,62.35,standard,2026-07-04T00:44:58Z
141,36,10,62.35,standard,2026-07-04T00:44:58Z
141,36,11,62.35,standard,2026-07-04T00:44:58Z
141,36,12,62.35,standard,2026-07-04T00:44:58Z
141,36,13,62.35,standard,2026-07-04T00:44:58Z
141,36,14,62.35,standard,2026-07-04T00:44:58Z
141,36,15,62.35,standard,2026-07-04T00:44:58Z
141,36,16,62.35,standard,2026-07-04T00:44:58Z
141,36,17,62.35,standard,2026-07-04T00:44:58Z
141,36,18,62.35,standard,2026-07-04T00:44:58Z
141,36,19,62.35,standard,2026-07-04T00:44:58Z
141,36,20,62.35,standard,2026-07-04T00:44:58Z
141,36,21,62.35,standard,2026-07-04T00:44:58Z
141,36,22,62.35,standard,2026-07-04T00:44:58Z
141,36,3,62.35,standard,2026-07-04T00:44:58Z
141,36,4,62.35,standard,2026-07-04T00:44:58Z
141,36,5,62.35,standard,2026-07-04T00:44:58Z
141,36,6,62.35,standard,2026-07-04T00:44:58Z
141,36,7,62.35,standard,2026-07-04T00:44:58Z
141,36,8,62.35,standard,2026-07-04T00:44:58Z
141,36,9,62.35,standard,2026-07-04T00:44:58Z
141,38,10,62.35,standard,2026-07-04T00:44:58Z
141,38,11,62.35,standard,2026-07-04T00:44:58Z
141,38,12,62.35,standard,2026-07-04T00:44:58Z
141,38,13,62.35,standard,2026-07-04T00:44:58Z
141,38,14,62.35,standard,2026-07-04T00:44:58Z
141,38,15,62.35,standard,2026-07-04T00:44:58Z
141,38,16,62.35,standard,2026-07-04T00:44:58Z
141,38,17,62.35,standard,2026-07-04T00:44:58Z
141,38,18,62.35,standard,2026-07-04T00:44:58Z
141,38,19,62.35,standard,2026-07-04T00:44:58Z
141,38,20,62.35,standard,2026-07-04T00:44:58Z
141,38,21,62.35,standard,2026-07-04T00:44:58Z
141,38,22,62.35,standard,2026-07-04T00:44:58Z
141,38,3,62.35,standard,2026-07-04T00:44:58Z
141,38,4,62.35,standard,2026-07-04T00:44:58Z
141,38,5,62.35,standard,2026-07-04T00:44:58Z
141,38,6,62.35,standard,2026-07-04T00:44:58Z
141,38,7,62.35,standard,2026-07-04T00:44:58Z
141,38,8,62.35,standard,2026-07-04T00:44:58Z
141,38,9,62.35,standard,2026-07-04T00:44:58Z
141,39,11,62.35,standard,2026-07-04T00:44:58Z
141,39,12,62.35,standard,2026-07-04T00:44:58Z
141,39,13,62.35,standard,2026-07-04T00:44:58Z
141,39,14,62.35,standard,2026-07-04T00:44:58Z
141,39,15,62.35,standard,2026-07-04T00:44:58Z
141,39,16,62.35,standard,2026-07-04T00:44:58Z
141,39,17,62.35,standard,2026-07-04T00:44:58Z
141,39,6,62.35,standard,2026-07-04T00:44:58Z
141,39,7,62.35,standard,2026-07-04T00:44:58Z
141W,40,10,62.35,standard,2026-07-04T00:44:58Z
141W,40,11,62.35,standard,2026-07-04T00:44:58Z
141W,40,2,62.35,standard,2026-07-04T00:44:58Z
141W,40,3,62.35,standard,2026-07-04T00:44:58Z
141W,40,4,62.35,standard,2026-07-04T00:44:58Z
141W,40,5,62.35,standard,2026-07-04T00:44:58Z
142,17,10,62.35,standard,2026-07-04T00:44:58Z
142,17,11,62.35,standard,2026-07-04T00:44:58Z
142,17,12,62.35,standard,2026-07-04T00:44:58Z
142,17,13,62.35,standard,2026-07-04T00:44:58Z
142,17,14,62.35,standard,2026-07-04T00:44:58Z
142,17,5,62.35,standard,2026-07-04T00:44:58Z
142,17,6,62.35,standard,2026-07-04T00:44:58Z
142,17,7,62.35,standard,2026-07-04T00:44:58Z
142,17,8,62.35,standard,2026-07-04T00:44:58Z
142,17,9,62.35,standard,2026-07-04T00:44:58Z
142,15,17,62.35,standard,2026-07-04T00:44:58Z
142,15,18,62.35,standard,2026-07-04T00:44:58Z
142,16,16,62.35,standard,2026-07-04T00:44:58Z
142,16,17,62.35,standard,2026-07-04T00:44:58Z
142,16,18,62.35,standard,2026-07-04T00:44:58Z
142,16,3,62.35,standard,2026-07-04T00:44:58Z
142,16,4,62.35,standard,2026-07-04T00:44:58Z
142,18,10,62.35,standard,2026-07-04T00:44:58Z
142,18,13,62.35,standard,2026-07-04T00:44:58Z
142,18,16,62.35,standard,2026-07-04T00:44:58Z
142,18,17,62.35,standard,2026-07-04T00:44:58Z
142,18,18,62.35,standard,2026-07-04T00:44:58Z
142,18,19,62.35,standard,2026-07-04T00:44:58Z
142,18,20,62.35,standard,2026-07-04T00:44:58Z
142,18,4,62.35,standard,2026-07-04T00:44:58Z
142,18,5,62.35,standard,2026-07-04T00:44:58Z
142,18,6,62.35,standard,2026-07-04T00:44:58Z
142,18,7,62.35,standard,2026-07-04T00:44:58Z
142,18,8,62.35,standard,2026-07-04T00:44:58Z
142,18,9,62.35,standard,2026-07-04T00:44:58Z
142,19,10,62.35,standard,2026-07-04T00:44:58Z
142,19,11,62.35,standard,2026-07-04T00:44:58Z
142,19,18,62.35,standard,2026-07-04T00:44:58Z
142,19,5,62.35,standard,2026-07-04T00:44:58Z
142,19,6,62.35,standard,2026-07-04T00:44:58Z
142,19,7,62.35,standard,2026-07-04T00:44:58Z
142,19,8,62.35,standard,2026-07-04T00:44:58Z
142,19,9,62.35,standard,2026-07-04T00:44:58Z
142,27,10,62.35,standard,2026-07-04T00:44:58Z
142,27,11,62.35,standard,2026-07-04T00:44:58Z
142,27,12,62.35,standard,2026-07-04T00:44:58Z
142,27,13,62.35,standard,2026-07-04T00:44:58Z
142,27,14,62.35,standard,2026-07-04T00:44:58Z
142,27,15,62.35,standard,2026-07-04T00:44:58Z
142,27,16,62.35,standard,2026-07-04T00:44:58Z
142,27,17,62.35,standard,2026-07-04T00:44:58Z
142,27,18,62.35,standard,2026-07-04T00:44:58Z
142,27,19,62.35,standard,2026-07-04T00:44:58Z
142,27,20,62.35,standard,2026-07-04T00:44:58Z
142,27,3,62.35,standard,2026-07-04T00:44:58Z
142,27,4,62.35,standard,2026-07-04T00:44:58Z
142,27,5,62.35,standard,2026-07-04T00:44:58Z
142,27,6,62.35,standard,2026-07-04T00:44:58Z
142,27,7,62.35,standard,2026-07-04T00:44:58Z
142,27,8,62.35,standard,2026-07-04T00:44:58Z
142,27,9,62.35,standard,2026-07-04T00:44:58Z
142,20,10,62.35,standard,2026-07-04T00:44:58Z
142,20,11,62.35,standard,2026-07-04T00:44:58Z
142,20,12,62.35,standard,2026-07-04T00:44:58Z
142,20,13,62.35,standard,2026-07-04T00:44:58Z
142,20,14,62.35,standard,2026-07-04T00:44:58Z
142,20,2,62.35,standard,2026-07-04T00:44:58Z
142,20,3,62.35,standard,2026-07-04T00:44:58Z
142,20,4,62.35,standard,2026-07-04T00:44:58Z
142,20,5,62.35,standard,2026-07-04T00:44:58Z
142,20,6,62.35,standard,2026-07-04T00:44:58Z
142,20,7,62.35,standard,2026-07-04T00:44:58Z
142,20,8,62.35,standard,2026-07-04T00:44:58Z
142,20,9,62.35,standard,2026-07-04T00:44:58Z
142,21,10,62.35,standard,2026-07-04T00:44:58Z
142,21,11,62.35,standard,2026-07-04T00:44:58Z
142,21,12,62.35,standard,2026-07-04T00:44:58Z
142,21,13,62.35,standard,2026-07-04T00:44:58Z
142,21,14,62.35,standard,2026-07-04T00:44:58Z
142,21,15,62.35,standard,2026-07-04T00:44:58Z
142,21,4,62.35,standard,2026-07-04T00:44:58Z
142,21,5,62.35,standard,2026-07-04T00:44:58Z
142,21,6,62.35,standard,2026-07-04T00:44:58Z
142,21,7,62.35,standard,2026-07-04T00:44:58Z
142,21,8,62.35,standard,2026-07-04T00:44:58Z
142,21,9,62.35,standard,2026-07-04T00:44:58Z
142,22,10,62.35,standard,2026-07-04T00:44:58Z
142,22,11,62.35,standard,2026-07-04T00:44:58Z
142,22,12,62.35,standard,2026-07-04T00:44:58Z
142,22,13,62.35,standard,2026-07-04T00:44:58Z
142,22,14,62.35,standard,2026-07-04T00:44:58Z
142,22,15,62.35,standard,2026-07-04T00:44:58Z
142,22,16,62.35,standard,2026-07-04T00:44:58Z
142,22,17,62.35,standard,2026-07-04T00:44:58Z
142,22,4,62.35,standard,2026-07-04T00:44:58Z
142,22,5,62.35,standard,2026-07-04T00:44:58Z
142,22,6,62.35,standard,2026-07-04T00:44:58Z
142,22,7,62.35,standard,2026-07-04T00:44:58Z
142,22,8,62.35,standard,2026-07-04T00:44:58Z
142,22,9,62.35,standard,2026-07-04T00:44:58Z
142,23,10,62.35,standard,2026-07-04T00:44:58Z
142,23,11,62.35,standard,2026-07-04T00:44:58Z
142,23,12,62.35,standard,2026-07-04T00:44:58Z
142,23,13,62.35,standard,2026-07-04T00:44:58Z
142,23,14,62.35,standard,2026-07-04T00:44:58Z
142,23,15,62.35,standard,2026-07-04T00:44:58Z
142,23,16,62.35,standard,2026-07-04T00:44:58Z
142,23,17,62.35,standard,2026-07-04T00:44:58Z
142,23,3,62.35,standard,2026-07-04T00:44:58Z
142,23,4,62.35,standard,2026-07-04T00:44:58Z
142,23,5,62.35,standard,2026-07-04T00:44:58Z
142,23,6,62.35,standard,2026-07-04T00:44:58Z
142,23,7,62.35,standard,2026-07-04T00:44:58Z
142,23,8,62.35,standard,2026-07-04T00:44:58Z
142,23,9,62.35,standard,2026-07-04T00:44:58Z
142,24,10,62.35,standard,2026-07-04T00:44:58Z
142,24,11,62.35,standard,2026-07-04T00:44:58Z
142,24,12,62.35,standard,2026-07-04T00:44:58Z
142,24,13,62.35,standard,2026-07-04T00:44:58Z
142,24,14,62.35,standard,2026-07-04T00:44:58Z
142,24,15,62.35,standard,2026-07-04T00:44:58Z
142,24,16,62.35,standard,2026-07-04T00:44:58Z
142,24,17,62.35,standard,2026-07-04T00:44:58Z
142,24,3,62.35,standard,2026-07-04T00:44:58Z
142,24,4,62.35,standard,2026-07-04T00:44:58Z
142,24,5,62.35,standard,2026-07-04T00:44:58Z
142,24,6,62.35,standard,2026-07-04T00:44:58Z
142,24,7,62.35,standard,2026-07-04T00:44:58Z
142,24,8,62.35,standard,2026-07-04T00:44:58Z
142,24,9,62.35,standard,2026-07-04T00:44:58Z
142,25,10,62.35,standard,2026-07-04T00:44:58Z
142,25,11,62.35,standard,2026-07-04T00:44:58Z
142,25,12,62.35,standard,2026-07-04T00:44:58Z
142,25,13,62.35,standard,2026-07-04T00:44:58Z
142,25,14,62.35,standard,2026-07-04T00:44:58Z
142,25,15,62.35,standard,2026-07-04T00:44:58Z
142,25,16,62.35,standard,2026-07-04T00:44:58Z
142,25,17,62.35,standard,2026-07-04T00:44:58Z
142,25,18,62.35,standard,2026-07-04T00:44:58Z
142,25,19,62.35,standard,2026-07-04T00:44:58Z
142,25,20,62.35,standard,2026-07-04T00:44:58Z
142,25,8,62.35,standard,2026-07-04T00:44:58Z
142,25,9,62.35,standard,2026-07-04T00:44:58Z
142,26,10,62.35,standard,2026-07-04T00:44:58Z
142,26,11,62.35,standard,2026-07-04T00:44:58Z
142,26,12,62.35,standard,2026-07-04T00:44:58Z
142,26,13,62.35,standard,2026-07-04T00:44:58Z
142,26,14,62.35,standard,2026-07-04T00:44:58Z
142,26,15,62.35,standard,2026-07-04T00:44:58Z
142,26,16,62.35,standard,2026-07-04T00:44:58Z
142,26,17,62.35,standard,2026-07-04T00:44:58Z
142,26,18,62.35,standard,2026-07-04T00:44:58Z
142,26,19,62.35,standard,2026-07-04T00:44:58Z
142,26,20,62.35,standard,2026-07-04T00:44:58Z
142,26,3,62.35,standard,2026-07-04T00:44:58Z
142,26,4,62.35,standard,2026-07-04T00:44:58Z
142,26,5,62.35,standard,2026-07-04T00:44:58Z
142,26,6,62.35,standard,2026-07-04T00:44:58Z
142,26,7,62.35,standard,2026-07-04T00:44:58Z
142,26,8,62.35,standard,2026-07-04T00:44:58Z
142,26,9,62.35,standard,2026-07-04T00:44:58Z
142,28,10,62.35,standard,2026-07-04T00:44:58Z
142,28,11,62.35,standard,2026-07-04T00:44:58Z
142,28,12,62.35,standard,2026-07-04T00:44:58Z
142,28,13,62.35,standard,2026-07-04T00:44:58Z
142,28,14,62.35,standard,2026-07-04T00:44:58Z
142,28,15,62.35,standard,2026-07-04T00:44:58Z
142,28,16,62.35,standard,2026-07-04T00:44:58Z
142,28,17,62.35,standard,2026-07-04T00:44:58Z
142,28,18,62.35,standard,2026-07-04T00:44:58Z
142,28,19,62.35,standard,2026-07-04T00:44:58Z
142,28,20,62.35,standard,2026-07-04T00:44:58Z
142,28,3,62.35,standard,2026-07-04T00:44:58Z
142,28,4,62.35,standard,2026-07-04T00:44:58Z
142,28,5,62.35,standard,2026-07-04T00:44:58Z
142,28,6,62.35,standard,2026-07-04T00:44:58Z
142,28,7,62.35,standard,2026-07-04T00:44:58Z
142,28,8,62.35,standard,2026-07-04T00:44:58Z
142,28,9,62.35,standard,2026-07-04T00:44:58Z
142,29,10,62.35,standard,2026-07-04T00:44:58Z
142,29,11,62.35,standard,2026-07-04T00:44:58Z
142,29,12,62.35,standard,2026-07-04T00:44:58Z
142,29,13,62.35,standard,2026-07-04T00:44:58Z
142,29,14,62.35,standard,2026-07-04T00:44:58Z
142,29,15,62.35,standard,2026-07-04T00:44:58Z
142,29,16,62.35,standard,2026-07-04T00:44:58Z
142,29,17,62.35,standard,2026-07-04T00:44:58Z
142,29,18,62.35,standard,2026-07-04T00:44:58Z
142,29,19,62.35,standard,2026-07-04T00:44:58Z
142,29,20,62.35,standard,2026-07-04T00:44:58Z
142,29,3,62.35,standard,2026-07-04T00:44:58Z
142,29,4,62.35,standard,2026-07-04T00:44:58Z
142,29,7,62.35,standard,2026-07-04T00:44:58Z
142,29,8,62.35,standard,2026-07-04T00:44:58Z
142,29,9,62.35,standard,2026-07-04T00:44:58Z
142,37,10,62.35,standard,2026-07-04T00:44:58Z
142,37,11,62.35,standard,2026-07-04T00:44:58Z
142,37,12,62.35,standard,2026-07-04T00:44:58Z
142,37,2,62.35,standard,2026-07-04T00:44:58Z
142,37,3,62.35,standard,2026-07-04T00:44:58Z
142,37,4,62.35,standard,2026-07-04T00:44:58Z
142,37,5,62.35,standard,2026-07-04T00:44:58Z
142,37,6,62.35,standard,2026-07-04T00:44:58Z
142,37,7,62.35,standard,2026-07-04T00:44:58Z
142,37,8,62.35,standard,2026-07-04T00:44:58Z
142,37,9,62.35,standard,2026-07-04T00:44:58Z
142,30,10,62.35,standard,2026-07-04T00:44:58Z
142,30,11,62.35,standard,2026-07-04T00:44:58Z
142,30,12,62.35,standard,2026-07-04T00:44:58Z
142,30,13,62.35,standard,2026-07-04T00:44:58Z
142,30,14,62.35,standard,2026-07-04T00:44:58Z
142,30,15,62.35,standard,2026-07-04T00:44:58Z
142,30,16,62.35,standard,2026-07-04T00:44:58Z
142,30,17,62.35,standard,2026-07-04T00:44:58Z
142,30,18,62.35,standard,2026-07-04T00:44:58Z
142,30,19,62.35,standard,2026-07-04T00:44:58Z
142,30,20,62.35,standard,2026-07-04T00:44:58Z
142,30,3,62.35,standard,2026-07-04T00:44:58Z
142,30,4,62.35,standard,2026-07-04T00:44:58Z
142,30,5,62.35,standard,2026-07-04T00:44:58Z
142,30,6,62.35,standard,2026-07-04T00:44:58Z
142,30,7,62.35,standard,2026-07-04T00:44:58Z
142,30,8,62.35,standard,2026-07-04T00:44:58Z
142,30,9,62.35,standard,2026-07-04T00:44:58Z
142,31,10,62.35,standard,2026-07-04T00:44:58Z
142,31,11,62.35,standard,2026-07-04T00:44:58Z
142,31,12,62.35,standard,2026-07-04T00:44:58Z
142,31,13,62.35,standard,2026-07-04T00:44:58Z
142,31,14,62.35,standard,2026-07-04T00:44:58Z
142,31,15,62.35,standard,2026-07-04T00:44:58Z
142,31,16,62.35,standard,2026-07-04T00:44:58Z
142,31,17,62.35,standard,2026-07-04T00:44:58Z
142,31,18,62.35,standard,2026-07-04T00:44:58Z
142,31,19,62.35,standard,2026-07-04T00:44:58Z
142,31,20,62.35,standard,2026-07-04T00:44:58Z
142,31,3,62.35,standard,2026-07-04T00:44:58Z
142,31,4,62.35,standard,2026-07-04T00:44:58Z
142,31,5,62.35,standard,2026-07-04T00:44:58Z
142,31,6,62.35,standard,2026-07-04T00:44:58Z
142,31,7,62.35,standard,2026-07-04T00:44:58Z
142,31,8,62.35,standard,2026-07-04T00:44:58Z
142,31,9,62.35,standard,2026-07-04T00:44:58Z
142,32,10,62.35,standard,2026-07-04T00:44:58Z
142,32,11,62.35,standard,2026-07-04T00:44:58Z
142,32,12,62.35,standard,2026-07-04T00:44:58Z
142,32,13,62.35,standard,2026-07-04T00:44:58Z
142,32,14,62.35,standard,2026-07-04T00:44:58Z
142,32,15,62.35,standard,2026-07-04T00:44:58Z
142,32,16,62.35,standard,2026-07-04T00:44:58Z
142,32,17,62.35,standard,2026-07-04T00:44:58Z
142,32,18,62.35,standard,2026-07-04T00:44:58Z
142,32,19,62.35,standard,2026-07-04T00:44:58Z
142,32,20,62.35,standard,2026-07-04T00:44:58Z
142,32,3,62.35,standard,2026-07-04T00:44:58Z
142,32,4,62.35,standard,2026-07-04T00:44:58Z
142,32,5,62.35,standard,2026-07-04T00:44:58Z
142,32,6,62.35,standard,2026-07-04T00:44:58Z
142,32,7,62.35,standard,2026-07-04T00:44:58Z
142,32,8,62.35,standard,2026-07-04T00:44:58Z
142,32,9,62.35,standard,2026-07-04T00:44:58Z
142,33,10,62.35,standard,2026-07-04T00:44:58Z
142,33,11,62.35,standard,2026-07-04T00:44:58Z
142,33,12,62.35,standard,2026-07-04T00:44:58Z
142,33,13,62.35,standard,2026-07-04T00:44:58Z
142,33,14,62.35,standard,2026-07-04T00:44:58Z
142,33,15,62.35,standard,2026-07-04T00:44:58Z
142,33,16,62.35,standard,2026-07-04T00:44:58Z
142,33,17,62.35,standard,2026-07-04T00:44:58Z
142,33,18,62.35,standard,2026-07-04T00:44:58Z
142,33,19,62.35,standard,2026-07-04T00:44:58Z
142,33,20,62.35,standard,2026-07-04T00:44:58Z
142,33,3,62.35,standard,2026-07-04T00:44:58Z
142,33,4,62.35,standard,2026-07-04T00:44:58Z
142,33,5,62.35,standard,2026-07-04T00:44:58Z
142,33,6,62.35,standard,2026-07-04T00:44:58Z
142,33,7,62.35,standard,2026-07-04T00:44:58Z
142,33,8,62.35,standard,2026-07-04T00:44:58Z
142,33,9,62.35,standard,2026-07-04T00:44:58Z
142,34,10,62.35,standard,2026-07-04T00:44:58Z
142,34,11,62.35,standard,2026-07-04T00:44:58Z
142,34,12,62.35,standard,2026-07-04T00:44:58Z
142,34,13,62.35,standard,2026-07-04T00:44:58Z
142,34,14,62.35,standard,2026-07-04T00:44:58Z
142,34,15,62.35,standard,2026-07-04T00:44:58Z
142,34,16,62.35,standard,2026-07-04T00:44:58Z
142,34,17,62.35,standard,2026-07-04T00:44:58Z
142,34,18,62.35,standard,2026-07-04T00:44:58Z
142,34,2,62.35,standard,2026-07-04T00:44:58Z
142,34,3,62.35,standard,2026-07-04T00:44:58Z
142,34,4,62.35,standard,2026-07-04T00:44:58Z
142,34,5,62.35,standard,2026-07-04T00:44:58Z
142,34,6,62.35,standard,2026-07-04T00:44:58Z
142,34,7,62.35,standard,2026-07-04T00:44:58Z
142,34,8,62.35,standard,2026-07-04T00:44:58Z
142,34,9,62.35,standard,2026-07-04T00:44:58Z
142,35,10,62.35,standard,2026-07-04T00:44:58Z
142,35,11,62.35,standard,2026-07-04T00:44:58Z
142,35,12,62.35,standard,2026-07-04T00:44:58Z
142,35,13,62.35,standard,2026-07-04T00:44:58Z
142,35,14,62.35,standard,2026-07-04T00:44:58Z
142,35,15,62.35,standard,2026-07-04T00:44:58Z
142,35,16,62.35,standard,2026-07-04T00:44:58Z
142,35,2,62.35,standard,2026-07-04T00:44:58Z
142,35,3,62.35,standard,2026-07-04T00:44:58Z
142,35,4,62.35,standard,2026-07-04T00:44:58Z
142,35,5,62.35,standard,2026-07-04T00:44:58Z
142,35,6,62.35,standard,2026-07-04T00:44:58Z
142,35,7,62.35,standard,2026-07-04T00:44:58Z
142,35,8,62.35,standard,2026-07-04T00:44:58Z
142,35,9,62.35,standard,2026-07-04T00:44:58Z
142,36,10,62.35,standard,2026-07-04T00:44:58Z
142,36,11,62.35,standard,2026-07-04T00:44:58Z
142,36,12,62.35,standard,2026-07-04T00:44:58Z
142,36,13,62.35,standard,2026-07-04T00:44:58Z
142,36,14,62.35,standard,2026-07-04T00:44:58Z
142,36,2,62.35,standard,2026-07-04T00:44:58Z
142,36,3,62.35,standard,2026-07-04T00:44:58Z
142,36,4,62.35,standard,2026-07-04T00:44:58Z
142,36,5,62.35,standard,2026-07-04T00:44:58Z
142,36,6,62.35,standard,2026-07-04T00:44:58Z
142,36,7,62.35,standard,2026-07-04T00:44:58Z
142,36,8,62.35,standard,2026-07-04T00:44:58Z
142,36,9,62.35,standard,2026-07-04T00:44:58Z
142,38,10,62.35,standard,2026-07-04T00:44:58Z
142,38,2,62.35,standard,2026-07-04T00:44:58Z
142,38,3,62.35,standard,2026-07-04T00:44:58Z
142,38,4,62.35,standard,2026-07-04T00:44:58Z
142,38,5,62.35,standard,2026-07-04T00:44:58Z
142,38,6,62.35,standard,2026-07-04T00:44:58Z
142,38,7,62.35,standard,2026-07-04T00:44:58Z
142,38,8,62.35,standard,2026-07-04T00:44:58Z
142,38,9,62.35,standard,2026-07-04T00:44:58Z
142,39,4,62.35,standard,2026-07-04T00:44:58Z
142,39,5,62.35,standard,2026-07-04T00:44:58Z
142,39,6,62.35,standard,2026-07-04T00:44:58Z
142,39,7,62.35,standard,2026-07-04T00:44:58Z
142,39,8,62.35,standard,2026-07-04T00:44:58Z
143,17,15,62.35,standard,2026-07-04T00:44:58Z
143,17,16,62.35,standard,2026-07-04T00:44:58Z
143,17,23,62.35,standard,2026-07-04T00:44:58Z
143,17,3,62.35,standard,2026-07-04T00:44:58Z
143,17,4,62.35,standard,2026-07-04T00:44:58Z
143,17,8,62.35,standard,2026-07-04T00:44:58Z
143,17,9,62.35,standard,2026-07-04T00:44:58Z
143,14,10,62.35,standard,2026-07-04T00:44:58Z
143,14,11,62.35,standard,2026-07-04T00:44:58Z
143,14,12,62.35,standard,2026-07-04T00:44:58Z
143,14,13,62.35,standard,2026-07-04T00:44:58Z
143,14,14,62.35,standard,2026-07-04T00:44:58Z
143,14,15,62.35,standard,2026-07-04T00:44:58Z
143,14,16,62.35,standard,2026-07-04T00:44:58Z
143,14,17,62.35,standard,2026-07-04T00:44:58Z
143,14,18,62.35,standard,2026-07-04T00:44:58Z
143,14,19,62.35,standard,2026-07-04T00:44:58Z
143,15,13,62.35,standard,2026-07-04T00:44:58Z
143,15,14,62.35,standard,2026-07-04T00:44:58Z
143,15,15,62.35,standard,2026-07-04T00:44:58Z
143,15,16,62.35,standard,2026-07-04T00:44:58Z
143,15,17,62.35,standard,2026-07-04T00:44:58Z
143,15,5,62.35,standard,2026-07-04T00:44:58Z
143,15,6,62.35,standard,2026-07-04T00:44:58Z
143,15,7,62.35,standard,2026-07-04T00:44:58Z
143,16,10,62.35,standard,2026-07-04T00:44:58Z
143,16,11,62.35,standard,2026-07-04T00:44:58Z
143,16,16,62.35,standard,2026-07-04T00:44:58Z
143,16,17,62.35,standard,2026-07-04T00:44:58Z
143,16,18,62.35,standard,2026-07-04T00:44:58Z
143,16,5,62.35,standard,2026-07-04T00:44:58Z
143,16,6,62.35,standard,2026-07-04T00:44:58Z
143,16,7,62.35,standard,2026-07-04T00:44:58Z
143,16,8,62.35,standard,2026-07-04T00:44:58Z
143,16,9,62.35,standard,2026-07-04T00:44:58Z
143,18,10,62.35,standard,2026-07-04T00:44:58Z
143,18,11,62.35,standard,2026-07-04T00:44:58Z
143,18,12,62.35,standard,2026-07-04T00:44:58Z
143,19,10,62.35,standard,2026-07-04T00:44:58Z
143,19,11,62.35,standard,2026-07-04T00:44:58Z
143,19,12,62.35,standard,2026-07-04T00:44:58Z
143,19,13,62.35,standard,2026-07-04T00:44:58Z
143,19,9,62.35,standard,2026-07-04T00:44:58Z
143,27,10,62.35,standard,2026-07-04T00:44:58Z
143,27,2,62.35,standard,2026-07-04T00:44:58Z
143,27,3,62.35,standard,2026-07-04T00:44:58Z
143,27,4,62.35,standard,2026-07-04T00:44:58Z
143,27,5,62.35,standard,2026-07-04T00:44:58Z
143,27,6,62.35,standard,2026-07-04T00:44:58Z
143,27,7,62.35,standard,2026-07-04T00:44:58Z
143,27,8,62.35,standard,2026-07-04T00:44:58Z
143,27,9,62.35,standard,2026-07-04T00:44:58Z
143,20,10,62.35,standard,2026-07-04T00:44:58Z
143,20,11,62.35,standard,2026-07-04T00:44:58Z
143,20,12,62.35,standard,2026-07-04T00:44:58Z
143,20,13,62.35,standard,2026-07-04T00:44:58Z
143,20,14,62.35,standard,2026-07-04T00:44:58Z
143,20,15,62.35,standard,2026-07-04T00:44:58Z
143,20,16,62.35,standard,2026-07-04T00:44:58Z
143,20,17,62.35,standard,2026-07-04T00:44:58Z
143,20,18,62.35,standard,2026-07-04T00:44:58Z
143,20,19,62.35,standard,2026-07-04T00:44:58Z
143,20,7,62.35,standard,2026-07-04T00:44:58Z
143,20,8,62.35,standard,2026-07-04T00:44:58Z
143,20,9,62.35,standard,2026-07-04T00:44:58Z
143,21,10,62.35,standard,2026-07-04T00:44:58Z
143,21,11,62.35,standard,2026-07-04T00:44:58Z
143,21,12,62.35,standard,2026-07-04T00:44:58Z
143,21,13,62.35,standard,2026-07-04T00:44:58Z
143,21,14,62.35,standard,2026-07-04T00:44:58Z
143,21,15,62.35,standard,2026-07-04T00:44:58Z
143,21,16,62.35,standard,2026-07-04T00:44:58Z
143,21,17,62.35,standard,2026-07-04T00:44:58Z
143,21,18,62.35,standard,2026-07-04T00:44:58Z
143,21,19,62.35,standard,2026-07-04T00:44:58Z
143,21,20,62.35,standard,2026-07-04T00:44:58Z
143,21,21,62.35,standard,2026-07-04T00:44:58Z
143,21,22,62.35,standard,2026-07-04T00:44:58Z
143,21,3,62.35,standard,2026-07-04T00:44:58Z
143,21,4,62.35,standard,2026-07-04T00:44:58Z
143,21,5,62.35,standard,2026-07-04T00:44:58Z
143,21,6,62.35,standard,2026-07-04T00:44:58Z
143,21,7,62.35,standard,2026-07-04T00:44:58Z
143,21,8,62.35,standard,2026-07-04T00:44:58Z
143,21,9,62.35,standard,2026-07-04T00:44:58Z
143,22,10,62.35,standard,2026-07-04T00:44:58Z
143,22,11,62.35,standard,2026-07-04T00:44:58Z
143,22,12,62.35,standard,2026-07-04T00:44:58Z
143,22,13,62.35,standard,2026-07-04T00:44:58Z
143,22,14,62.35,standard,2026-07-04T00:44:58Z
143,22,15,62.35,standard,2026-07-04T00:44:58Z
143,22,16,62.35,standard,2026-07-04T00:44:58Z
143,22,17,62.35,standard,2026-07-04T00:44:58Z
143,22,18,62.35,standard,2026-07-04T00:44:58Z
143,22,19,62.35,standard,2026-07-04T00:44:58Z
143,22,20,62.35,standard,2026-07-04T00:44:58Z
143,22,3,62.35,standard,2026-07-04T00:44:58Z
143,22,4,62.35,standard,2026-07-04T00:44:58Z
143,22,5,62.35,standard,2026-07-04T00:44:58Z
143,22,6,62.35,standard,2026-07-04T00:44:58Z
143,22,7,62.35,standard,2026-07-04T00:44:58Z
143,22,8,62.35,standard,2026-07-04T00:44:58Z
143,22,9,62.35,standard,2026-07-04T00:44:58Z
143,23,10,62.35,standard,2026-07-04T00:44:58Z
143,23,11,62.35,standard,2026-07-04T00:44:58Z
143,23,12,62.35,standard,2026-07-04T00:44:58Z
143,23,13,62.35,standard,2026-07-04T00:44:58Z
143,23,14,62.35,standard,2026-07-04T00:44:58Z
143,23,15,62.35,standard,2026-07-04T00:44:58Z
143,23,16,62.35,standard,2026-07-04T00:44:58Z
143,23,17,62.35,standard,2026-07-04T00:44:58Z
143,23,18,62.35,standard,2026-07-04T00:44:58Z
143,23,2,62.35,standard,2026-07-04T00:44:58Z
143,23,3,62.35,standard,2026-07-04T00:44:58Z
143,23,4,62.35,standard,2026-07-04T00:44:58Z
143,23,5,62.35,standard,2026-07-04T00:44:58Z
143,23,6,62.35,standard,2026-07-04T00:44:58Z
143,23,7,62.35,standard,2026-07-04T00:44:58Z
143,23,8,62.35,standard,2026-07-04T00:44:58Z
143,23,9,62.35,standard,2026-07-04T00:44:58Z
143,24,10,62.35,standard,2026-07-04T00:44:58Z
143,24,11,62.35,standard,2026-07-04T00:44:58Z
143,24,12,62.35,standard,2026-07-04T00:44:58Z
143,24,13,62.35,standard,2026-07-04T00:44:58Z
143,24,14,62.35,standard,2026-07-04T00:44:58Z
143,24,15,62.35,standard,2026-07-04T00:44:58Z
143,24,16,62.35,standard,2026-07-04T00:44:58Z
143,24,2,62.35,standard,2026-07-04T00:44:58Z
143,24,3,62.35,standard,2026-07-04T00:44:58Z
143,24,4,62.35,standard,2026-07-04T00:44:58Z
143,24,5,62.35,standard,2026-07-04T00:44:58Z
143,24,6,62.35,standard,2026-07-04T00:44:58Z
143,24,7,62.35,standard,2026-07-04T00:44:58Z
143,24,8,62.35,standard,2026-07-04T00:44:58Z
143,24,9,62.35,standard,2026-07-04T00:44:58Z
143,25,10,62.35,standard,2026-07-04T00:44:58Z
143,25,11,62.35,standard,2026-07-04T00:44:58Z
143,25,12,62.35,standard,2026-07-04T00:44:58Z
143,25,13,62.35,standard,2026-07-04T00:44:58Z
143,25,14,62.35,standard,2026-07-04T00:44:58Z
143,25,2,62.35,standard,2026-07-04T00:44:58Z
143,25,3,62.35,standard,2026-07-04T00:44:58Z
143,25,4,62.35,standard,2026-07-04T00:44:58Z
143,25,5,62.35,standard,2026-07-04T00:44:58Z
143,25,6,62.35,standard,2026-07-04T00:44:58Z
143,25,7,62.35,standard,2026-07-04T00:44:58Z
143,25,8,62.35,standard,2026-07-04T00:44:58Z
143,25,9,62.35,standard,2026-07-04T00:44:58Z
143,26,10,62.35,standard,2026-07-04T00:44:58Z
143,26,11,62.35,standard,2026-07-04T00:44:58Z
143,26,12,62.35,standard,2026-07-04T00:44:58Z
143,26,2,62.35,standard,2026-07-04T00:44:58Z
143,26,3,62.35,standard,2026-07-04T00:44:58Z
143,26,4,62.35,standard,2026-07-04T00:44:58Z
143,26,5,62.35,standard,2026-07-04T00:44:58Z
143,26,6,62.35,standard,2026-07-04T00:44:58Z
143,26,7,62.35,standard,2026-07-04T00:44:58Z
143,26,8,62.35,standard,2026-07-04T00:44:58Z
143,26,9,62.35,standard,2026-07-04T00:44:58Z
143,28,1,62.35,standard,2026-07-04T00:44:58Z
143,28,2,62.35,standard,2026-07-04T00:44:58Z
143,28,3,62.35,standard,2026-07-04T00:44:58Z
143,28,4,62.35,standard,2026-07-04T00:44:58Z
143,28,5,62.35,standard,2026-07-04T00:44:58Z
143,28,6,62.35,standard,2026-07-04T00:44:58Z
143,28,7,62.35,standard,2026-07-04T00:44:58Z
143,28,8,62.35,standard,2026-07-04T00:44:58Z
143,29,1,62.35,standard,2026-07-04T00:44:58Z
143,29,2,62.35,standard,2026-07-04T00:44:58Z
143,29,3,62.35,standard,2026-07-04T00:44:58Z
143,29,4,62.35,standard,2026-07-04T00:44:58Z
143,29,5,62.35,standard,2026-07-04T00:44:58Z
143,29,6,62.35,standard,2026-07-04T00:44:58Z
143,30,1,62.35,standard,2026-07-04T00:44:58Z
143,30,2,62.35,standard,2026-07-04T00:44:58Z
143,30,3,62.35,standard,2026-07-04T00:44:58Z
143,30,4,62.35,standard,2026-07-04T00:44:58Z
144,17,3,62.35,standard,2026-07-04T00:44:58Z
144,17,4,62.35,standard,2026-07-04T00:44:58Z
144,17,5,62.35,standard,2026-07-04T00:44:58Z
144,17,6,62.35,standard,2026-07-04T00:44:58Z
144,17,7,62.35,standard,2026-07-04T00:44:58Z
144,17,8,62.35,standard,2026-07-04T00:44:58Z
144,12,14,62.35,standard,2026-07-04T00:44:58Z
144,12,15,62.35,standard,2026-07-04T00:44:58Z
144,12,16,62.35,standard,2026-07-04T00:44:58Z
144,12,17,62.35,standard,2026-07-04T00:44:58Z
144,12,18,62.35,standard,2026-07-04T00:44:58Z
144,12,5,62.35,standard,2026-07-04T00:44:58Z
144,12,6,62.35,standard,2026-07-04T00:44:58Z
144,13,10,62.35,standard,2026-07-04T00:44:58Z
144,13,11,62.35,standard,2026-07-04T00:44:58Z
144,13,12,62.35,standard,2026-07-04T00:44:58Z
144,13,13,62.35,standard,2026-07-04T00:44:58Z
144,13,14,62.35,standard,2026-07-04T00:44:58Z
144,13,15,62.35,standard,2026-07-04T00:44:58Z
144,13,16,62.35,standard,2026-07-04T00:44:58Z
144,13,4,62.35,standard,2026-07-04T00:44:58Z
144,13,5,62.35,standard,2026-07-04T00:44:58Z
144,13,6,62.35,standard,2026-07-04T00:44:58Z
144,13,7,62.35,standard,2026-07-04T00:44:58Z
144,13,8,62.35,standard,2026-07-04T00:44:58Z
144,13,9,62.35,standard,2026-07-04T00:44:58Z
144,14,10,62.35,standard,2026-07-04T00:44:58Z
144,15,10,62.35,standard,2026-07-04T00:44:58Z
144,15,11,62.35,standard,2026-07-04T00:44:58Z
144,15,12,62.35,standard,2026-07-04T00:44:58Z
144,15,3,62.35,standard,2026-07-04T00:44:58Z
144,15,4,62.35,standard,2026-07-04T00:44:58Z
144,15,5,62.35,standard,2026-07-04T00:44:58Z
144,15,6,62.35,standard,2026-07-04T00:44:58Z
144,15,7,62.35,standard,2026-07-04T00:44:58Z
144,15,8,62.35,standard,2026-07-04T00:44:58Z
144,15,9,62.35,standard,2026-07-04T00:44:58Z
144,16,10,62.35,standard,2026-07-04T00:44:58Z
144,16,3,62.35,standard,2026-07-04T00:44:58Z
144,16,4,62.35,standard,2026-07-04T00:44:58Z
144,16,5,62.35,standard,2026-07-04T00:44:58Z
144,16,6,62.35,standard,2026-07-04T00:44:58Z
144,16,7,62.35,standard,2026-07-04T00:44:58Z
144,16,8,62.35,standard,2026-07-04T00:44:58Z
144,16,9,62.35,standard,2026-07-04T00:44:58Z
144,18,3,62.35,standard,2026-07-04T00:44:58Z
144,18,4,62.35,standard,2026-07-04T00:44:58Z
144,18,5,62.35,standard,2026-07-04T00:44:58Z
144,18,6,62.35,standard,2026-07-04T00:44:58Z
145AW,1,20,48.35,standard,2026-07-04T00:44:58Z
145BW,1,31,48.35,standard,2026-07-04T00:44:58Z
145BW,1,36,48.35,standard,2026-07-04T00:44:58Z
145BW,1,46,48.35,standard,2026-07-04T00:44:58Z
145BW,1,63,48.35,standard,2026-07-04T00:44:58Z
145BW,1,69,48.35,standard,2026-07-04T00:44:58Z
200,6,5,62.5,standard,2026-07-04T00:44:58Z
200,9,3,62.5,standard,2026-07-04T00:44:58Z
201,10,12,62.5,standard,2026-07-04T00:44:58Z
201,10,13,62.5,standard,2026-07-04T00:44:58Z
201,10,14,62.5,standard,2026-07-04T00:44:58Z
201,10,15,62.5,standard,2026-07-04T00:44:58Z
201,1,6,62.5,standard,2026-07-04T00:44:58Z
201,1,7,62.5,standard,2026-07-04T00:44:58Z
202,1,11,62.5,standard,2026-07-04T00:44:58Z
202,1,12,62.5,standard,2026-07-04T00:44:58Z
202,2,11,62.5,standard,2026-07-04T00:44:58Z
202,2,12,62.5,standard,2026-07-04T00:44:58Z
202,2,13,62.5,standard,2026-07-04T00:44:58Z
203,1,4,62.5,standard,2026-07-04T00:44:58Z
203,1,7,62.5,standard,2026-07-04T00:44:58Z
203,1,8,62.5,standard,2026-07-04T00:44:58Z
203,1,3,62.5,standard,2026-07-04T00:44:58Z
204,3,15,62.5,standard,2026-07-04T00:44:58Z
204,3,16,62.5,standard,2026-07-04T00:44:58Z
204,4,17,62.5,standard,2026-07-04T00:44:58Z
204,4,18,62.5,standard,2026-07-04T00:44:58Z
205,11,1,62.5,standard,2026-07-04T00:44:58Z
205,11,2,62.5,standard,2026-07-04T00:44:58Z
205,4,3,62.5,standard,2026-07-04T00:44:58Z
205,6,17,62.5,standard,2026-07-04T00:44:58Z
205,6,18,62.5,standard,2026-07-04T00:44:58Z
206,10,10,92.35,standard,2026-07-04T00:44:58Z
206,10,11,92.35,standard,2026-07-04T00:44:58Z
206,10,12,92.35,standard,2026-07-04T00:44:58Z
206,10,13,92.35,standard,2026-07-04T00:44:58Z
206,10,8,92.35,standard,2026-07-04T00:44:58Z
206,10,9,92.35,standard,2026-07-04T00:44:58Z
206,11,10,92.35,standard,2026-07-04T00:44:58Z
206,11,11,92.35,standard,2026-07-04T00:44:58Z
206,11,6,92.35,standard,2026-07-04T00:44:58Z
206,11,7,92.35,standard,2026-07-04T00:44:58Z
206,11,8,92.35,standard,2026-07-04T00:44:58Z
206,11,9,92.35,standard,2026-07-04T00:44:58Z
206,4,7,92.35,standard,2026-07-04T00:44:58Z
206,4,8,92.35,standard,2026-07-04T00:44:58Z
206,4,9,92.35,standard,2026-07-04T00:44:58Z
206,5,10,92.35,standard,2026-07-04T00:44:58Z
206,5,11,92.35,standard,2026-07-04T00:44:58Z
206,5,12,92.35,standard,2026-07-04T00:44:58Z
206,6,4,92.35,standard,2026-07-04T00:44:58Z
206,6,5,92.35,standard,2026-07-04T00:44:58Z
206,6,6,92.35,standard,2026-07-04T00:44:58Z
206,6,7,92.35,standard,2026-07-04T00:44:58Z
206,6,8,92.35,standard,2026-07-04T00:44:58Z
206,6,9,92.35,standard,2026-07-04T00:44:58Z
206,6,10,92.35,standard,2026-07-04T00:44:58Z
206,6,11,92.35,standard,2026-07-04T00:44:58Z
206,6,12,92.35,standard,2026-07-04T00:44:58Z
206,6,3,92.35,standard,2026-07-04T00:44:58Z
206,9,7,92.35,standard,2026-07-04T00:44:58Z
206,9,8,92.35,standard,2026-07-04T00:44:58Z
206,9,9,92.35,standard,2026-07-04T00:44:58Z
206,9,10,92.35,standard,2026-07-04T00:44:58Z
206,9,11,92.35,standard,2026-07-04T00:44:58Z
206,9,12,92.35,standard,2026-07-04T00:44:58Z
206,9,13,92.35,standard,2026-07-04T00:44:58Z
206,9,14,92.35,standard,2026-07-04T00:44:58Z
207,10,10,92.35,standard,2026-07-04T00:44:58Z
207,10,11,92.35,standard,2026-07-04T00:44:58Z
207,10,12,92.35,standard,2026-07-04T00:44:58Z
207,10,4,92.35,standard,2026-07-04T00:44:58Z
207,10,5,92.35,standard,2026-07-04T00:44:58Z
207,10,6,92.35,standard,2026-07-04T00:44:58Z
207,10,7,92.35,standard,2026-07-04T00:44:58Z
207,10,8,92.35,standard,2026-07-04T00:44:58Z
207,10,9,92.35,standard,2026-07-04T00:44:58Z
207,11,10,92.35,standard,2026-07-04T00:44:58Z
207,11,11,92.35,standard,2026-07-04T00:44:58Z
207,11,12,92.35,standard,2026-07-04T00:44:58Z
207,11,13,92.35,standard,2026-07-04T00:44:58Z
207,11,14,92.35,standard,2026-07-04T00:44:58Z
207,2,7,92.35,standard,2026-07-04T00:44:58Z
207,2,8,92.35,standard,2026-07-04T00:44:58Z
207,4,6,92.35,standard,2026-07-04T00:44:58Z
207,4,7,92.35,standard,2026-07-04T00:44:58Z
207,4,8,92.35,standard,2026-07-04T00:44:58Z
207,4,11,92.35,standard,2026-07-04T00:44:58Z
207,4,12,92.35,standard,2026-07-04T00:44:58Z
207,4,2,92.35,standard,2026-07-04T00:44:58Z
207,4,3,92.35,standard,2026-07-04T00:44:58Z
207,5,15,92.35,standard,2026-07-04T00:44:58Z
207,5,16,92.35,standard,2026-07-04T00:44:58Z
207,6,10,92.35,standard,2026-07-04T00:44:58Z
207,6,11,92.35,standard,2026-07-04T00:44:58Z
207,6,12,92.35,standard,2026-07-04T00:44:58Z
207,6,13,92.35,standard,2026-07-04T00:44:58Z
207,7,4,92.35,standard,2026-07-04T00:44:58Z
207,7,5,92.35,standard,2026-07-04T00:44:58Z
207,7,6,92.35,standard,2026-07-04T00:44:58Z
207,7,15,92.35,standard,2026-07-04T00:44:58Z
207,7,16,92.35,standard,2026-07-04T00:44:58Z
207,7,3,92.35,standard,2026-07-04T00:44:58Z
207,8,4,92.35,standard,2026-07-04T00:44:58Z
207,8,15,92.35,standard,2026-07-04T00:44:58Z
207,8,16,92.35,standard,2026-07-04T00:44:58Z
207,8,3,92.35,standard,2026-07-04T00:44:58Z
207,9,4,92.35,standard,2026-07-04T00:44:58Z
207,9,5,92.35,standard,2026-07-04T00:44:58Z
207,9,6,92.35,standard,2026-07-04T00:44:58Z
207,9,7,92.35,standard,2026-07-04T00:44:58Z
207,9,8,92.35,standard,2026-07-04T00:44:58Z
207,9,9,92.35,standard,2026-07-04T00:44:58Z
207,9,10,92.35,standard,2026-07-04T00:44:58Z
207,9,11,92.35,standard,2026-07-04T00:44:58Z
207,9,12,92.35,standard,2026-07-04T00:44:58Z
207,9,13,92.35,standard,2026-07-04T00:44:58Z
207,9,14,92.35,standard,2026-07-04T00:44:58Z
208,10,15,92.35,standard,2026-07-04T00:44:58Z
208,10,16,92.35,standard,2026-07-04T00:44:58Z
208,10,17,92.35,standard,2026-07-04T00:44:58Z
208,10,18,92.35,standard,2026-07-04T00:44:58Z
208,11,10,92.35,standard,2026-07-04T00:44:58Z
208,11,11,92.35,standard,2026-07-04T00:44:58Z
208,11,12,92.35,standard,2026-07-04T00:44:58Z
208,11,15,92.35,standard,2026-07-04T00:44:58Z
208,11,16,92.35,standard,2026-07-04T00:44:58Z
208,11,17,92.35,standard,2026-07-04T00:44:58Z
208,11,9,92.35,standard,2026-07-04T00:44:58Z
208,7,1,92.35,standard,2026-07-04T00:44:58Z
208,7,2,92.35,standard,2026-07-04T00:44:58Z
208,8,7,92.35,standard,2026-07-04T00:44:58Z
208,8,8,92.35,standard,2026-07-04T00:44:58Z
208,8,9,92.35,standard,2026-07-04T00:44:58Z
208,8,10,92.35,standard,2026-07-04T00:44:58Z
209,10,10,92.35,standard,2026-07-04T00:44:58Z
209,10,11,92.35,standard,2026-07-04T00:44:58Z
209,10,12,92.35,standard,2026-07-04T00:44:58Z
209,11,10,92.35,standard,2026-07-04T00:44:58Z
209,11,11,92.35,standard,2026-07-04T00:44:58Z
209,11,9,92.35,standard,2026-07-04T00:44:58Z
210AW,1,6,62.5,standard,2026-07-04T00:44:58Z
210F,1,66,146.35,standard,2026-07-04T00:44:58Z
210F,1,67,146.35,standard,2026-07-04T00:44:58Z
210F,1,68,146.35,standard,2026-07-04T00:44:58Z
210F,1,69,146.35,standard,2026-07-04T00:44:58Z
210F,2,65,146.35,standard,2026-07-04T00:44:58Z
210F,2,66,146.35,standard,2026-07-04T00:44:58Z
210F,2,69,146.35,standard,2026-07-04T00:44:58Z
210F,2,70,146.35,standard,2026-07-04T00:44:58Z
210F,2,71,146.35,standard,2026-07-04T00:44:58Z
210G,2,81,146.35,standard,2026-07-04T00:44:58Z
210H,1,97,146.35,standard,2026-07-04T00:44:58Z
210H,2,92,146.35,standard,2026-07-04T00:44:58Z
210H,2,93,146.35,standard,2026-07-04T00:44:58Z
210H,2,96,146.35,standard,2026-07-04T00:44:58Z
210H,2,97,146.35,standard,2026-07-04T00:44:58Z
210I,2,109,146.35,standard,2026-07-04T00:44:58Z
210I,2,110,146.35,standard,2026-07-04T00:44:58Z
210I,2,111,146.35,standard,2026-07-04T00:44:58Z
211,10,21,92.35,standard,2026-07-04T00:44:58Z
211,10,22,92.35,standard,2026-07-04T00:44:58Z
211,5,17,92.35,standard,2026-07-04T00:44:58Z
211,5,18,92.35,standard,2026-07-04T00:44:58Z
211,7,7,92.35,standard,2026-07-04T00:44:58Z
211,7,8,92.35,standard,2026-07-04T00:44:58Z
211,8,4,92.35,standard,2026-07-04T00:44:58Z
211,8,3,92.35,standard,2026-07-04T00:44:58Z
211,9,19,92.35,standard,2026-07-04T00:44:58Z
211,9,20,92.35,standard,2026-07-04T00:44:58Z
212,11,6,92.35,standard,2026-07-04T00:44:58Z
212,11,7,92.35,standard,2026-07-04T00:44:58Z
212,11,8,92.35,standard,2026-07-04T00:44:58Z
212,4,8,92.35,standard,2026-07-04T00:44:58Z
212,4,9,92.35,standard,2026-07-04T00:44:58Z
212,5,11,92.35,standard,2026-07-04T00:44:58Z
212,5,12,92.35,standard,2026-07-04T00:44:58Z
212,6,11,92.35,standard,2026-07-04T00:44:58Z
212,6,12,92.35,standard,2026-07-04T00:44:58Z
212,8,9,92.35,standard,2026-07-04T00:44:58Z
212,8,10,92.35,standard,2026-07-04T00:44:58Z
212,8,11,92.35,standard,2026-07-04T00:44:58Z
212,8,12,92.35,standard,2026-07-04T00:44:58Z
212,8,13,92.35,standard,2026-07-04T00:44:58Z
212,8,14,92.35,standard,2026-07-04T00:44:58Z
213,10,4,92.35,standard,2026-07-04T00:44:58Z
213,10,5,92.35,standard,2026-07-04T00:44:58Z
213,6,15,92.35,standard,2026-07-04T00:44:58Z
213,6,16,92.35,standard,2026-07-04T00:44:58Z
213,7,4,92.35,standard,2026-07-04T00:44:58Z
213,7,13,92.35,standard,2026-07-04T00:44:58Z
213,7,14,92.35,standard,2026-07-04T00:44:58Z
213,7,3,92.35,standard,2026-07-04T00:44:58Z
213,8,4,92.35,standard,2026-07-04T00:44:58Z
213,8,5,92.35,standard,2026-07-04T00:44:58Z
213,8,6,92.35,standard,2026-07-04T00:44:58Z
213,8,7,92.35,standard,2026-07-04T00:44:58Z
213,8,8,92.35,standard,2026-07-04T00:44:58Z
213,8,9,92.35,standard,2026-07-04T00:44:58Z
213,8,10,92.35,standard,2026-07-04T00:44:58Z
213,9,15,92.35,standard,2026-07-04T00:44:58Z
213,9,16,92.35,standard,2026-07-04T00:44:58Z
214,10,7,92.35,standard,2026-07-04T00:44:58Z
214,10,8,92.35,standard,2026-07-04T00:44:58Z
214,10,9,92.35,standard,2026-07-04T00:44:58Z
214,3,6,92.35,standard,2026-07-04T00:44:58Z
214,7,8,92.35,standard,2026-07-04T00:44:58Z
214,7,9,92.35,standard,2026-07-04T00:44:58Z
214,7,10,92.35,standard,2026-07-04T00:44:58Z
214,7,11,92.35,standard,2026-07-04T00:44:58Z
214,8,9,92.35,standard,2026-07-04T00:44:58Z
214,8,10,92.35,standard,2026-07-04T00:44:58Z
214,8,11,92.35,standard,2026-07-04T00:44:58Z
214,8,12,92.35,standard,2026-07-04T00:44:58Z
214,9,6,92.35,standard,2026-07-04T00:44:58Z
214,9,7,92.35,standard,2026-07-04T00:44:58Z
214,9,8,92.35,standard,2026-07-04T00:44:58Z
215,5,13,62.5,standard,2026-07-04T00:44:58Z
215,5,14,62.5,standard,2026-07-04T00:44:58Z
215,6,7,62.5,standard,2026-07-04T00:44:58Z
215,6,8,62.5,standard,2026-07-04T00:44:58Z
215,6,12,62.5,standard,2026-07-04T00:44:58Z
215,6,13,62.5,standard,2026-07-04T00:44:58Z
215,7,13,62.5,standard,2026-07-04T00:44:58Z
215,7,14,62.5,standard,2026-07-04T00:44:58Z
215,8,8,62.5,standard,2026-07-04T00:44:58Z
215,8,9,62.5,standard,2026-07-04T00:44:58Z
215,8,10,62.5,standard,2026-07-04T00:44:58Z
215,8,17,62.5,standard,2026-07-04T00:44:58Z
215,8,18,62.5,standard,2026-07-04T00:44:58Z
215,9,13,62.5,standard,2026-07-04T00:44:58Z
215,9,14,62.5,standard,2026-07-04T00:44:58Z
215L,1,14,153.35,standard,2026-07-04T00:44:58Z
216,2,4,62.5,standard,2026-07-04T00:44:58Z
216,2,3,62.5,standard,2026-07-04T00:44:58Z
216,3,15,62.5,standard,2026-07-04T00:44:58Z
216,3,16,62.5,standard,2026-07-04T00:44:58Z
216,4,5,62.5,standard,2026-07-04T00:44:58Z
216,4,6,62.5,standard,2026-07-04T00:44:58Z
216,5,15,62.5,standard,2026-07-04T00:44:58Z
216,5,16,62.5,standard,2026-07-04T00:44:58Z
216,6,8,62.5,standard,2026-07-04T00:44:58Z
216,6,9,62.5,standard,2026-07-04T00:44:58Z
216,9,1,62.5,standard,2026-07-04T00:44:58Z
216,9,2,62.5,standard,2026-07-04T00:44:58Z
217,11,16,62.5,standard,2026-07-04T00:44:58Z
217,11,17,62.5,standard,2026-07-04T00:44:58Z
217,11,18,62.5,standard,2026-07-04T00:44:58Z
217,3,4,62.5,standard,2026-07-04T00:44:58Z
217,6,4,62.5,standard,2026-07-04T00:44:58Z
217,6,3,62.5,standard,2026-07-04T00:44:58Z
217,7,12,62.5,standard,2026-07-04T00:44:58Z
217,8,16,62.5,standard,2026-07-04T00:44:58Z
217,8,17,62.5,standard,2026-07-04T00:44:58Z
217,8,18,62.5,standard,2026-07-04T00:44:58Z
218,1,9,62.5,standard,2026-07-04T00:44:58Z
218,1,10,62.5,standard,2026-07-04T00:44:58Z
218,1,11,62.5,standard,2026-07-04T00:44:58Z
218,1,13,62.5,standard,2026-07-04T00:44:58Z
218,1,14,62.5,standard,2026-07-04T00:44:58Z
218,1,15,62.5,standard,2026-07-04T00:44:58Z
218,2,13,62.5,standard,2026-07-04T00:44:58Z
218,2,14,62.5,standard,2026-07-04T00:44:58Z
218,3,15,62.5,standard,2026-07-04T00:44:58Z
218,3,16,62.5,standard,2026-07-04T00:44:58Z
218,3,17,62.5,standard,2026-07-04T00:44:58Z
219,1,4,62.5,standard,2026-07-04T00:44:58Z
219,1,1,62.5,standard,2026-07-04T00:44:58Z
219,1,2,62.5,standard,2026-07-04T00:44:58Z
219,1,3,62.5,standard,2026-07-04T00:44:58Z
219,2,5,62.5,standard,2026-07-04T00:44:58Z
219,2,6,62.5,standard,2026-07-04T00:44:58Z
219,3,8,62.5,standard,2026-07-04T00:44:58Z
219,3,9,62.5,standard,2026-07-04T00:44:58Z
219,6,9,62.5,standard,2026-07-04T00:44:58Z
220,1,7,62.5,standard,2026-07-04T00:44:58Z
220,1,8,62.5,standard,2026-07-04T00:44:58Z
220,1,1,62.5,standard,2026-07-04T00:44:58Z
220,1,13,62.5,standard,2026-07-04T00:44:58Z
220,1,14,62.5,standard,2026-07-04T00:44:58Z
220,1,2,62.5,standard,2026-07-04T00:44:58Z
221,10,10,81.35,standard,2026-07-04T00:44:58Z
221,10,11,81.35,standard,2026-07-04T00:44:58Z
221,10,12,81.35,standard,2026-07-04T00:44:58Z
221,10,13,81.35,standard,2026-07-04T00:44:58Z
221,10,14,81.35,standard,2026-07-04T00:44:58Z
221,10,15,81.35,standard,2026-07-04T00:44:58Z
221,10,16,81.35,standard,2026-07-04T00:44:58Z
221,10,17,81.35,standard,2026-07-04T00:44:58Z
221,10,18,81.35,standard,2026-07-04T00:44:58Z
221,10,6,81.35,standard,2026-07-04T00:44:58Z
221,10,7,81.35,standard,2026-07-04T00:44:58Z
221,10,8,81.35,standard,2026-07-04T00:44:58Z
221,10,9,81.35,standard,2026-07-04T00:44:58Z
221,12,1,81.35,standard,2026-07-04T00:44:58Z
221,12,2,81.35,standard,2026-07-04T00:44:58Z
221,12,3,81.35,standard,2026-07-04T00:44:58Z
221,13,8,81.35,standard,2026-07-04T00:44:58Z
221,13,9,81.35,standard,2026-07-04T00:44:58Z
221,1,7,81.35,standard,2026-07-04T00:44:58Z
221,1,8,81.35,standard,2026-07-04T00:44:58Z
221,1,9,81.35,standard,2026-07-04T00:44:58Z
221,1,10,81.35,standard,2026-07-04T00:44:58Z
221,2,9,81.35,standard,2026-07-04T00:44:58Z
221,2,10,81.35,standard,2026-07-04T00:44:58Z
221,2,11,81.35,standard,2026-07-04T00:44:58Z
221,3,4,81.35,standard,2026-07-04T00:44:58Z
221,3,1,81.35,standard,2026-07-04T00:44:58Z
221,3,13,81.35,standard,2026-07-04T00:44:58Z
221,3,14,81.35,standard,2026-07-04T00:44:58Z
221,3,15,81.35,standard,2026-07-04T00:44:58Z
221,3,16,81.35,standard,2026-07-04T00:44:58Z
221,3,17,81.35,standard,2026-07-04T00:44:58Z
221,3,18,81.35,standard,2026-07-04T00:44:58Z
221,3,2,81.35,standard,2026-07-04T00:44:58Z
221,3,3,81.35,standard,2026-07-04T00:44:58Z
221,4,8,81.35,standard,2026-07-04T00:44:58Z
221,4,9,81.35,standard,2026-07-04T00:44:58Z
221,4,2,81.35,standard,2026-07-04T00:44:58Z
221,5,6,81.35,standard,2026-07-04T00:44:58Z
221,5,7,81.35,standard,2026-07-04T00:44:58Z
221,5,8,81.35,standard,2026-07-04T00:44:58Z
221,5,9,81.35,standard,2026-07-04T00:44:58Z
221,5,10,81.35,standard,2026-07-04T00:44:58Z
221,5,11,81.35,standard,2026-07-04T00:44:58Z
221,5,12,81.35,standard,2026-07-04T00:44:58Z
221,5,13,81.35,standard,2026-07-04T00:44:58Z
221,5,14,81.35,standard,2026-07-04T00:44:58Z
221,5,15,81.35,standard,2026-07-04T00:44:58Z
221,5,16,81.35,standard,2026-07-04T00:44:58Z
221,6,4,81.35,standard,2026-07-04T00:44:58Z
221,6,5,81.35,standard,2026-07-04T00:44:58Z
221,6,6,81.35,standard,2026-07-04T00:44:58Z
221,6,13,81.35,standard,2026-07-04T00:44:58Z
221,6,14,81.35,standard,2026-07-04T00:44:58Z
221,6,15,81.35,standard,2026-07-04T00:44:58Z
221,6,16,81.35,standard,2026-07-04T00:44:58Z
221,6,17,81.35,standard,2026-07-04T00:44:58Z
221,6,18,81.35,standard,2026-07-04T00:44:58Z
221,6,3,81.35,standard,2026-07-04T00:44:58Z
221,7,4,81.35,standard,2026-07-04T00:44:58Z
221,7,5,81.35,standard,2026-07-04T00:44:58Z
221,7,6,81.35,standard,2026-07-04T00:44:58Z
221,7,1,81.35,standard,2026-07-04T00:44:58Z
221,7,2,81.35,standard,2026-07-04T00:44:58Z
221,7,3,81.35,standard,2026-07-04T00:44:58Z
221,8,5,81.35,standard,2026-07-04T00:44:58Z
221,8,6,81.35,standard,2026-07-04T00:44:58Z
221,8,7,81.35,standard,2026-07-04T00:44:58Z
221,8,8,81.35,standard,2026-07-04T00:44:58Z
221,8,9,81.35,standard,2026-07-04T00:44:58Z
221,8,10,81.35,standard,2026-07-04T00:44:58Z
221,9,6,81.35,standard,2026-07-04T00:44:58Z
221,9,7,81.35,standard,2026-07-04T00:44:58Z
221,9,8,81.35,standard,2026-07-04T00:44:58Z
221,9,9,81.35,standard,2026-07-04T00:44:58Z
221,9,10,81.35,standard,2026-07-04T00:44:58Z
221,9,11,81.35,standard,2026-07-04T00:44:58Z
221,9,12,81.35,standard,2026-07-04T00:44:58Z
221,9,13,81.35,standard,2026-07-04T00:44:58Z
221,9,14,81.35,standard,2026-07-04T00:44:58Z
222,13,2,81.35,standard,2026-07-04T00:44:58Z
222,13,3,81.35,standard,2026-07-04T00:44:58Z
222,2,14,81.35,standard,2026-07-04T00:44:58Z
222,2,15,81.35,standard,2026-07-04T00:44:58Z
222,2,16,81.35,standard,2026-07-04T00:44:58Z
222,3,4,81.35,standard,2026-07-04T00:44:58Z
222,3,1,81.35,standard,2026-07-04T00:44:58Z
222,3,11,81.35,standard,2026-07-04T00:44:58Z
222,3,12,81.35,standard,2026-07-04T00:44:58Z
222,3,13,81.35,standard,2026-07-04T00:44:58Z
222,3,14,81.35,standard,2026-07-04T00:44:58Z
222,3,2,81.35,standard,2026-07-04T00:44:58Z
222,3,3,81.35,standard,2026-07-04T00:44:58Z
222,4,4,81.35,standard,2026-07-04T00:44:58Z
222,4,5,81.35,standard,2026-07-04T00:44:58Z
222,4,6,81.35,standard,2026-07-04T00:44:58Z
222,4,1,81.35,standard,2026-07-04T00:44:58Z
222,4,14,81.35,standard,2026-07-04T00:44:58Z
222,4,2,81.35,standard,2026-07-04T00:44:58Z
222,4,3,81.35,standard,2026-07-04T00:44:58Z
222,5,9,81.35,standard,2026-07-04T00:44:58Z
222,5,10,81.35,standard,2026-07-04T00:44:58Z
222,5,11,81.35,standard,2026-07-04T00:44:58Z
222,6,1,81.35,standard,2026-07-04T00:44:58Z
222,6,2,81.35,standard,2026-07-04T00:44:58Z
223,10,13,81.35,standard,2026-07-04T00:44:58Z
223,10,14,81.35,standard,2026-07-04T00:44:58Z
223,10,15,81.35,standard,2026-07-04T00:44:58Z
223,10,16,81.35,standard,2026-07-04T00:44:58Z
223,10,17,81.35,standard,2026-07-04T00:44:58Z
223,11,15,81.35,standard,2026-07-04T00:44:58Z
223,11,16,81.35,standard,2026-07-04T00:44:58Z
223,11,17,81.35,standard,2026-07-04T00:44:58Z
223,11,18,81.35,standard,2026-07-04T00:44:58Z
223,11,19,81.35,standard,2026-07-04T00:44:58Z
223,11,2,81.35,standard,2026-07-04T00:44:58Z
223,11,3,81.35,standard,2026-07-04T00:44:58Z
223,11,4,81.35,standard,2026-07-04T00:44:58Z
223,11,5,81.35,standard,2026-07-04T00:44:58Z
223,11,6,81.35,standard,2026-07-04T00:44:58Z
223,11,7,81.35,standard,2026-07-04T00:44:58Z
223,11,8,81.35,standard,2026-07-04T00:44:58Z
223,12,1,81.35,standard,2026-07-04T00:44:58Z
223,12,2,81.35,standard,2026-07-04T00:44:58Z
223,12,3,81.35,standard,2026-07-04T00:44:58Z
223,12,4,81.35,standard,2026-07-04T00:44:58Z
223,12,5,81.35,standard,2026-07-04T00:44:58Z
223,12,6,81.35,standard,2026-07-04T00:44:58Z
223,12,7,81.35,standard,2026-07-04T00:44:58Z
223,12,8,81.35,standard,2026-07-04T00:44:58Z
223,13,10,81.35,standard,2026-07-04T00:44:58Z
223,13,4,81.35,standard,2026-07-04T00:44:58Z
223,13,5,81.35,standard,2026-07-04T00:44:58Z
223,13,6,81.35,standard,2026-07-04T00:44:58Z
223,13,7,81.35,standard,2026-07-04T00:44:58Z
223,13,8,81.35,standard,2026-07-04T00:44:58Z
223,13,9,81.35,standard,2026-07-04T00:44:58Z
223,1,4,81.35,standard,2026-07-04T00:44:58Z
223,1,6,81.35,standard,2026-07-04T00:44:58Z
223,1,7,81.35,standard,2026-07-04T00:44:58Z
223,1,10,81.35,standard,2026-07-04T00:44:58Z
223,1,11,81.35,standard,2026-07-04T00:44:58Z
223,1,12,81.35,standard,2026-07-04T00:44:58Z
223,1,13,81.35,standard,2026-07-04T00:44:58Z
223,2,4,81.35,standard,2026-07-04T00:44:58Z
223,2,1,81.35,standard,2026-07-04T00:44:58Z
223,2,2,81.35,standard,2026-07-04T00:44:58Z
223,2,3,81.35,standard,2026-07-04T00:44:58Z
223,3,4,81.35,standard,2026-07-04T00:44:58Z
223,3,5,81.35,standard,2026-07-04T00:44:58Z
223,3,10,81.35,standard,2026-07-04T00:44:58Z
223,3,11,81.35,standard,2026-07-04T00:44:58Z
223,3,12,81.35,standard,2026-07-04T00:44:58Z
223,3,13,81.35,standard,2026-07-04T00:44:58Z
223,3,14,81.35,standard,2026-07-04T00:44:58Z
223,3,15,81.35,standard,2026-07-04T00:44:58Z
223,3,3,81.35,standard,2026-07-04T00:44:58Z
223,4,5,81.35,standard,2026-07-04T00:44:58Z
223,4,6,81.35,standard,2026-07-04T00:44:58Z
223,4,7,81.35,standard,2026-07-04T00:44:58Z
223,7,2,81.35,standard,2026-07-04T00:44:58Z
223,7,3,81.35,standard,2026-07-04T00:44:58Z
223,8,10,81.35,standard,2026-07-04T00:44:58Z
223,8,11,81.35,standard,2026-07-04T00:44:58Z
223,8,12,81.35,standard,2026-07-04T00:44:58Z
223,8,13,81.35,standard,2026-07-04T00:44:58Z
223,8,19,81.35,standard,2026-07-04T00:44:58Z
223,9,4,81.35,standard,2026-07-04T00:44:58Z
223,9,5,81.35,standard,2026-07-04T00:44:58Z
223,9,11,81.35,standard,2026-07-04T00:44:58Z
223,9,12,81.35,standard,2026-07-04T00:44:58Z
223,9,13,81.35,standard,2026-07-04T00:44:58Z
223,9,14,81.35,standard,2026-07-04T00:44:58Z
223,9,15,81.35,standard,2026-07-04T00:44:58Z
223,9,3,81.35,standard,2026-07-04T00:44:58Z
223,13,11,81.35,standard,2026-07-04T00:44:58Z
223,13,3,81.35,standard,2026-07-04T00:44:58Z
223,13,12,81.35,standard,2026-07-04T00:44:58Z
223,13,16,81.35,standard,2026-07-04T00:44:58Z
223,13,2,81.35,standard,2026-07-04T00:44:58Z
300,17,1,43.35,standard,2026-07-04T00:44:58Z
300,17,2,43.35,standard,2026-07-04T00:44:58Z
300,17,3,43.35,standard,2026-07-04T00:44:58Z
300,17,4,43.35,standard,2026-07-04T00:44:58Z
300,17,5,43.35,standard,2026-07-04T00:44:58Z
300,10,1,43.35,standard,2026-07-04T00:44:58Z
300,10,2,43.35,standard,2026-07-04T00:44:58Z
300,11,3,43.35,standard,2026-07-04T00:44:58Z
300,11,4,43.35,standard,2026-07-04T00:44:58Z
300,12,1,43.35,standard,2026-07-04T00:44:58Z
300,12,2,43.35,standard,2026-07-04T00:44:58Z
300,12,3,43.35,standard,2026-07-04T00:44:58Z
300,12,4,43.35,standard,2026-07-04T00:44:58Z
300,12,5,43.35,standard,2026-07-04T00:44:58Z
300,13,1,43.35,standard,2026-07-04T00:44:58Z
300,13,2,43.35,standard,2026-07-04T00:44:58Z
300,14,1,43.35,standard,2026-07-04T00:44:58Z
300,14,2,43.35,standard,2026-07-04T00:44:58Z
300,14,3,43.35,standard,2026-07-04T00:44:58Z
300,14,4,43.35,standard,2026-07-04T00:44:58Z
300,14,5,43.35,standard,2026-07-04T00:44:58Z
300,15,1,43.35,standard,2026-07-04T00:44:58Z
300,15,2,43.35,standard,2026-07-04T00:44:58Z
300,15,3,43.35,standard,2026-07-04T00:44:58Z
300,15,4,43.35,standard,2026-07-04T00:44:58Z
300,15,5,43.35,standard,2026-07-04T00:44:58Z
300,16,1,43.35,standard,2026-07-04T00:44:58Z
300,16,2,43.35,standard,2026-07-04T00:44:58Z
300,16,3,43.35,standard,2026-07-04T00:44:58Z
300,16,4,43.35,standard,2026-07-04T00:44:58Z
300,16,5,43.35,standard,2026-07-04T00:44:58Z
300,18,1,43.35,standard,2026-07-04T00:44:58Z
300,18,2,43.35,standard,2026-07-04T00:44:58Z
300,18,3,43.35,standard,2026-07-04T00:44:58Z
300,18,4,43.35,standard,2026-07-04T00:44:58Z
300,18,5,43.35,standard,2026-07-04T00:44:58Z
300,19,1,43.35,standard,2026-07-04T00:44:58Z
300,19,2,43.35,standard,2026-07-04T00:44:58Z
300,19,3,43.35,standard,2026-07-04T00:44:58Z
300,19,4,43.35,standard,2026-07-04T00:44:58Z
300,19,5,43.35,standard,2026-07-04T00:44:58Z
300,21,2,43.35,standard,2026-07-04T00:44:58Z
300,21,3,43.35,standard,2026-07-04T00:44:58Z
300,21,4,43.35,standard,2026-07-04T00:44:58Z
300,21,5,43.35,standard,2026-07-04T00:44:58Z
301,11,10,43.35,standard,2026-07-04T00:44:58Z
301,11,11,43.35,standard,2026-07-04T00:44:58Z
301,11,12,43.35,standard,2026-07-04T00:44:58Z
301,11,13,43.35,standard,2026-07-04T00:44:58Z
301,11,14,43.35,standard,2026-07-04T00:44:58Z
301,11,15,43.35,standard,2026-07-04T00:44:58Z
301,11,16,43.35,standard,2026-07-04T00:44:58Z
301,11,17,43.35,standard,2026-07-04T00:44:58Z
301,11,5,43.35,standard,2026-07-04T00:44:58Z
301,11,6,43.35,standard,2026-07-04T00:44:58Z
301,11,7,43.35,standard,2026-07-04T00:44:58Z
301,11,8,43.35,standard,2026-07-04T00:44:58Z
301,11,9,43.35,standard,2026-07-04T00:44:58Z
301,12,10,43.35,standard,2026-07-04T00:44:58Z
301,12,11,43.35,standard,2026-07-04T00:44:58Z
301,12,12,43.35,standard,2026-07-04T00:44:58Z
301,12,13,43.35,standard,2026-07-04T00:44:58Z
301,12,14,43.35,standard,2026-07-04T00:44:58Z
301,12,15,43.35,standard,2026-07-04T00:44:58Z
301,12,16,43.35,standard,2026-07-04T00:44:58Z
301,12,17,43.35,standard,2026-07-04T00:44:58Z
301,12,18,43.35,standard,2026-07-04T00:44:58Z
301,12,19,43.35,standard,2026-07-04T00:44:58Z
301,12,20,43.35,standard,2026-07-04T00:44:58Z
301,12,21,43.35,standard,2026-07-04T00:44:58Z
301,12,22,43.35,standard,2026-07-04T00:44:58Z
301,12,23,43.35,standard,2026-07-04T00:44:58Z
301,12,24,43.35,standard,2026-07-04T00:44:58Z
301,12,4,43.35,standard,2026-07-04T00:44:58Z
301,12,5,43.35,standard,2026-07-04T00:44:58Z
301,12,6,43.35,standard,2026-07-04T00:44:58Z
301,12,7,43.35,standard,2026-07-04T00:44:58Z
301,12,8,43.35,standard,2026-07-04T00:44:58Z
301,12,9,43.35,standard,2026-07-04T00:44:58Z
301,14,10,43.35,standard,2026-07-04T00:44:58Z
301,14,11,43.35,standard,2026-07-04T00:44:58Z
301,14,12,43.35,standard,2026-07-04T00:44:58Z
301,14,13,43.35,standard,2026-07-04T00:44:58Z
301,14,14,43.35,standard,2026-07-04T00:44:58Z
301,14,15,43.35,standard,2026-07-04T00:44:58Z
301,14,16,43.35,standard,2026-07-04T00:44:58Z
301,14,17,43.35,standard,2026-07-04T00:44:58Z
301,14,18,43.35,standard,2026-07-04T00:44:58Z
301,14,19,43.35,standard,2026-07-04T00:44:58Z
301,14,20,43.35,standard,2026-07-04T00:44:58Z
301,14,21,43.35,standard,2026-07-04T00:44:58Z
301,14,22,43.35,standard,2026-07-04T00:44:58Z
301,14,23,43.35,standard,2026-07-04T00:44:58Z
301,14,24,43.35,standard,2026-07-04T00:44:58Z
301,4,6,43.35,standard,2026-07-04T00:44:58Z
301,4,7,43.35,standard,2026-07-04T00:44:58Z
301,4,8,43.35,standard,2026-07-04T00:44:58Z
301,5,8,43.35,standard,2026-07-04T00:44:58Z
301,5,9,43.35,standard,2026-07-04T00:44:58Z
301,5,10,43.35,standard,2026-07-04T00:44:58Z
301,5,11,43.35,standard,2026-07-04T00:44:58Z
301,5,12,43.35,standard,2026-07-04T00:44:58Z
301,5,13,43.35,standard,2026-07-04T00:44:58Z
301,5,14,43.35,standard,2026-07-04T00:44:58Z
301,5,15,43.35,standard,2026-07-04T00:44:58Z
301,6,6,43.35,standard,2026-07-04T00:44:58Z
301,6,7,43.35,standard,2026-07-04T00:44:58Z
302,17,10,43.35,standard,2026-07-04T00:44:58Z
302,17,11,43.35,standard,2026-07-04T00:44:58Z
302,17,12,43.35,standard,2026-07-04T00:44:58Z
302,17,13,43.35,standard,2026-07-04T00:44:58Z
302,17,14,43.35,standard,2026-07-04T00:44:58Z
302,17,15,43.35,standard,2026-07-04T00:44:58Z
302,17,16,43.35,standard,2026-07-04T00:44:58Z
302,17,17,43.35,standard,2026-07-04T00:44:58Z
302,17,18,43.35,standard,2026-07-04T00:44:58Z
302,17,2,43.35,standard,2026-07-04T00:44:58Z
302,17,3,43.35,standard,2026-07-04T00:44:58Z
302,17,4,43.35,standard,2026-07-04T00:44:58Z
302,17,5,43.35,standard,2026-07-04T00:44:58Z
302,17,6,43.35,standard,2026-07-04T00:44:58Z
302,17,7,43.35,standard,2026-07-04T00:44:58Z
302,17,8,43.35,standard,2026-07-04T00:44:58Z
302,20,10,43.35,standard,2026-07-04T00:44:58Z
302,20,11,43.35,standard,2026-07-04T00:44:58Z
302,20,12,43.35,standard,2026-07-04T00:44:58Z
302,20,13,43.35,standard,2026-07-04T00:44:58Z
302,20,14,43.35,standard,2026-07-04T00:44:58Z
302,20,15,43.35,standard,2026-07-04T00:44:58Z
302,20,16,43.35,standard,2026-07-04T00:44:58Z
302,20,17,43.35,standard,2026-07-04T00:44:58Z
302,20,18,43.35,standard,2026-07-04T00:44:58Z
302,20,19,43.35,standard,2026-07-04T00:44:58Z
302,20,20,43.35,standard,2026-07-04T00:44:58Z
302,20,3,43.35,standard,2026-07-04T00:44:58Z
302,20,4,43.35,standard,2026-07-04T00:44:58Z
302,20,7,43.35,standard,2026-07-04T00:44:58Z
302,20,8,43.35,standard,2026-07-04T00:44:58Z
302,20,9,43.35,standard,2026-07-04T00:44:58Z
302,5,4,43.35,standard,2026-07-04T00:44:58Z
302,5,5,43.35,standard,2026-07-04T00:44:58Z
302,22,10,43.35,standard,2026-07-04T00:44:58Z
302,22,11,43.35,standard,2026-07-04T00:44:58Z
302,22,12,43.35,standard,2026-07-04T00:44:58Z
302,22,13,43.35,standard,2026-07-04T00:44:58Z
302,22,14,43.35,standard,2026-07-04T00:44:58Z
302,22,15,43.35,standard,2026-07-04T00:44:58Z
302,22,19,43.35,standard,2026-07-04T00:44:58Z
302,22,20,43.35,standard,2026-07-04T00:44:58Z
302,22,3,43.35,standard,2026-07-04T00:44:58Z
302,22,4,43.35,standard,2026-07-04T00:44:58Z
302,22,5,43.35,standard,2026-07-04T00:44:58Z
302,22,6,43.35,standard,2026-07-04T00:44:58Z
302,22,7,43.35,standard,2026-07-04T00:44:58Z
302,22,8,43.35,standard,2026-07-04T00:44:58Z
302,22,9,43.35,standard,2026-07-04T00:44:58Z
303,18,10,43.35,standard,2026-07-04T00:44:58Z
303,18,11,43.35,standard,2026-07-04T00:44:58Z
303,18,12,43.35,standard,2026-07-04T00:44:58Z
303,18,13,43.35,standard,2026-07-04T00:44:58Z
303,18,14,43.35,standard,2026-07-04T00:44:58Z
303,18,3,43.35,standard,2026-07-04T00:44:58Z
303,18,4,43.35,standard,2026-07-04T00:44:58Z
303,18,5,43.35,standard,2026-07-04T00:44:58Z
303,18,6,43.35,standard,2026-07-04T00:44:58Z
303,18,7,43.35,standard,2026-07-04T00:44:58Z
303,18,8,43.35,standard,2026-07-04T00:44:58Z
303,18,9,43.35,standard,2026-07-04T00:44:58Z
303,22,10,43.35,standard,2026-07-04T00:44:58Z
303,22,11,43.35,standard,2026-07-04T00:44:58Z
303,22,12,43.35,standard,2026-07-04T00:44:58Z
303,22,13,43.35,standard,2026-07-04T00:44:58Z
303,22,14,43.35,standard,2026-07-04T00:44:58Z
303,22,15,43.35,standard,2026-07-04T00:44:58Z
303,22,16,43.35,standard,2026-07-04T00:44:58Z
303,22,2,43.35,standard,2026-07-04T00:44:58Z
303,22,3,43.35,standard,2026-07-04T00:44:58Z
303,22,4,43.35,standard,2026-07-04T00:44:58Z
303,22,5,43.35,standard,2026-07-04T00:44:58Z
303,22,6,43.35,standard,2026-07-04T00:44:58Z
303,22,7,43.35,standard,2026-07-04T00:44:58Z
303,22,9,43.35,standard,2026-07-04T00:44:58Z
303,6,3,43.35,standard,2026-07-04T00:44:58Z
304,17,5,43.35,standard,2026-07-04T00:44:58Z
304,17,6,43.35,standard,2026-07-04T00:44:58Z
304,22,14,43.35,standard,2026-07-04T00:44:58Z
304,22,15,43.35,standard,2026-07-04T00:44:58Z
304,22,16,43.35,standard,2026-07-04T00:44:58Z
304,22,17,43.35,standard,2026-07-04T00:44:58Z
304,24,10,43.35,standard,2026-07-04T00:44:58Z
304,24,11,43.35,standard,2026-07-04T00:44:58Z
304,24,12,43.35,standard,2026-07-04T00:44:58Z
304,24,13,43.35,standard,2026-07-04T00:44:58Z
304,24,14,43.35,standard,2026-07-04T00:44:58Z
304,24,15,43.35,standard,2026-07-04T00:44:58Z
304,24,16,43.35,standard,2026-07-04T00:44:58Z
304,24,17,43.35,standard,2026-07-04T00:44:58Z
304,24,18,43.35,standard,2026-07-04T00:44:58Z
304,24,2,43.35,standard,2026-07-04T00:44:58Z
304,24,3,43.35,standard,2026-07-04T00:44:58Z
304,24,4,43.35,standard,2026-07-04T00:44:58Z
304,24,5,43.35,standard,2026-07-04T00:44:58Z
304,24,6,43.35,standard,2026-07-04T00:44:58Z
304,24,7,43.35,standard,2026-07-04T00:44:58Z
304,24,8,43.35,standard,2026-07-04T00:44:58Z
304,24,9,43.35,standard,2026-07-04T00:44:58Z
305,11,12,45.35,standard,2026-07-04T00:44:58Z
305,11,13,45.35,standard,2026-07-04T00:44:58Z
305,11,14,45.35,standard,2026-07-04T00:44:58Z
305,11,15,45.35,standard,2026-07-04T00:44:58Z
305,11,16,45.35,standard,2026-07-04T00:44:58Z
305,11,17,45.35,standard,2026-07-04T00:44:58Z
305,11,18,45.35,standard,2026-07-04T00:44:58Z
305,11,19,45.35,standard,2026-07-04T00:44:58Z
305,12,14,45.35,standard,2026-07-04T00:44:58Z
305,12,15,45.35,standard,2026-07-04T00:44:58Z
305,12,16,45.35,standard,2026-07-04T00:44:58Z
305,12,17,45.35,standard,2026-07-04T00:44:58Z
305,12,18,45.35,standard,2026-07-04T00:44:58Z
305,12,19,45.35,standard,2026-07-04T00:44:58Z
305,13,10,45.35,standard,2026-07-04T00:44:58Z
305,13,11,45.35,standard,2026-07-04T00:44:58Z
305,13,12,45.35,standard,2026-07-04T00:44:58Z
305,13,13,45.35,standard,2026-07-04T00:44:58Z
305,13,14,45.35,standard,2026-07-04T00:44:58Z
305,13,15,45.35,standard,2026-07-04T00:44:58Z
305,13,16,45.35,standard,2026-07-04T00:44:58Z
305,13,17,45.35,standard,2026-07-04T00:44:58Z
305,13,18,45.35,standard,2026-07-04T00:44:58Z
305,13,19,45.35,standard,2026-07-04T00:44:58Z
305,13,2,45.35,standard,2026-07-04T00:44:58Z
305,13,3,45.35,standard,2026-07-04T00:44:58Z
305,13,4,45.35,standard,2026-07-04T00:44:58Z
305,13,5,45.35,standard,2026-07-04T00:44:58Z
305,13,6,45.35,standard,2026-07-04T00:44:58Z
305,13,7,45.35,standard,2026-07-04T00:44:58Z
305,13,8,45.35,standard,2026-07-04T00:44:58Z
305,13,9,45.35,standard,2026-07-04T00:44:58Z
305,14,10,45.35,standard,2026-07-04T00:44:58Z
305,14,11,45.35,standard,2026-07-04T00:44:58Z
305,14,12,45.35,standard,2026-07-04T00:44:58Z
305,14,13,45.35,standard,2026-07-04T00:44:58Z
305,14,14,45.35,standard,2026-07-04T00:44:58Z
305,14,15,45.35,standard,2026-07-04T00:44:58Z
305,14,16,45.35,standard,2026-07-04T00:44:58Z
305,14,17,45.35,standard,2026-07-04T00:44:58Z
305,14,18,45.35,standard,2026-07-04T00:44:58Z
305,14,19,45.35,standard,2026-07-04T00:44:58Z
305,14,2,45.35,standard,2026-07-04T00:44:58Z
305,14,3,45.35,standard,2026-07-04T00:44:58Z
305,14,4,45.35,standard,2026-07-04T00:44:58Z
305,14,5,45.35,standard,2026-07-04T00:44:58Z
305,14,6,45.35,standard,2026-07-04T00:44:58Z
305,14,7,45.35,standard,2026-07-04T00:44:58Z
305,14,8,45.35,standard,2026-07-04T00:44:58Z
305,14,9,45.35,standard,2026-07-04T00:44:58Z
305,15,10,45.35,standard,2026-07-04T00:44:58Z
305,15,11,45.35,standard,2026-07-04T00:44:58Z
305,15,12,45.35,standard,2026-07-04T00:44:58Z
305,15,13,45.35,standard,2026-07-04T00:44:58Z
305,15,14,45.35,standard,2026-07-04T00:44:58Z
305,15,15,45.35,standard,2026-07-04T00:44:58Z
305,15,16,45.35,standard,2026-07-04T00:44:58Z
305,15,17,45.35,standard,2026-07-04T00:44:58Z
305,15,18,45.35,standard,2026-07-04T00:44:58Z
305,15,19,45.35,standard,2026-07-04T00:44:58Z
305,15,2,45.35,standard,2026-07-04T00:44:58Z
305,15,3,45.35,standard,2026-07-04T00:44:58Z
305,15,4,45.35,standard,2026-07-04T00:44:58Z
305,15,5,45.35,standard,2026-07-04T00:44:58Z
305,15,6,45.35,standard,2026-07-04T00:44:58Z
305,15,7,45.35,standard,2026-07-04T00:44:58Z
305,15,8,45.35,standard,2026-07-04T00:44:58Z
305,15,9,45.35,standard,2026-07-04T00:44:58Z
305,27,10,45.35,standard,2026-07-04T00:44:58Z
305,27,11,45.35,standard,2026-07-04T00:44:58Z
305,27,12,45.35,standard,2026-07-04T00:44:58Z
305,27,13,45.35,standard,2026-07-04T00:44:58Z
305,27,14,45.35,standard,2026-07-04T00:44:58Z
305,27,15,45.35,standard,2026-07-04T00:44:58Z
305,27,16,45.35,standard,2026-07-04T00:44:58Z
305,27,17,45.35,standard,2026-07-04T00:44:58Z
305,27,18,45.35,standard,2026-07-04T00:44:58Z
305,27,19,45.35,standard,2026-07-04T00:44:58Z
305,27,2,45.35,standard,2026-07-04T00:44:58Z
305,27,3,45.35,standard,2026-07-04T00:44:58Z
305,27,4,45.35,standard,2026-07-04T00:44:58Z
305,27,5,45.35,standard,2026-07-04T00:44:58Z
305,27,6,45.35,standard,2026-07-04T00:44:58Z
305,27,7,45.35,standard,2026-07-04T00:44:58Z
305,27,8,45.35,standard,2026-07-04T00:44:58Z
305,27,9,45.35,standard,2026-07-04T00:44:58Z
305,25,10,45.35,standard,2026-07-04T00:44:58Z
305,25,11,45.35,standard,2026-07-04T00:44:58Z
305,25,12,45.35,standard,2026-07-04T00:44:58Z
305,25,13,45.35,standard,2026-07-04T00:44:58Z
305,25,14,45.35,standard,2026-07-04T00:44:58Z
305,25,15,45.35,standard,2026-07-04T00:44:58Z
305,25,16,45.35,standard,2026-07-04T00:44:58Z
305,25,17,45.35,standard,2026-07-04T00:44:58Z
305,25,18,45.35,standard,2026-07-04T00:44:58Z
305,25,19,45.35,standard,2026-07-04T00:44:58Z
305,25,2,45.35,standard,2026-07-04T00:44:58Z
305,25,3,45.35,standard,2026-07-04T00:44:58Z
305,25,4,45.35,standard,2026-07-04T00:44:58Z
305,25,5,45.35,standard,2026-07-04T00:44:58Z
305,25,6,45.35,standard,2026-07-04T00:44:58Z
305,25,7,45.35,standard,2026-07-04T00:44:58Z
305,25,8,45.35,standard,2026-07-04T00:44:58Z
305,25,9,45.35,standard,2026-07-04T00:44:58Z
305,26,10,45.35,standard,2026-07-04T00:44:58Z
305,26,11,45.35,standard,2026-07-04T00:44:58Z
305,26,12,45.35,standard,2026-07-04T00:44:58Z
305,26,13,45.35,standard,2026-07-04T00:44:58Z
305,26,14,45.35,standard,2026-07-04T00:44:58Z
305,26,15,45.35,standard,2026-07-04T00:44:58Z
305,26,16,45.35,standard,2026-07-04T00:44:58Z
305,26,17,45.35,standard,2026-07-04T00:44:58Z
305,26,18,45.35,standard,2026-07-04T00:44:58Z
305,26,19,45.35,standard,2026-07-04T00:44:58Z
305,26,2,45.35,standard,2026-07-04T00:44:58Z
305,26,3,45.35,standard,2026-07-04T00:44:58Z
305,26,4,45.35,standard,2026-07-04T00:44:58Z
305,26,5,45.35,standard,2026-07-04T00:44:58Z
305,26,6,45.35,standard,2026-07-04T00:44:58Z
305,26,7,45.35,standard,2026-07-04T00:44:58Z
305,26,8,45.35,standard,2026-07-04T00:44:58Z
305,26,9,45.35,standard,2026-07-04T00:44:58Z
305,28,10,45.35,standard,2026-07-04T00:44:58Z
305,28,11,45.35,standard,2026-07-04T00:44:58Z
305,28,12,45.35,standard,2026-07-04T00:44:58Z
305,28,13,45.35,standard,2026-07-04T00:44:58Z
305,28,14,45.35,standard,2026-07-04T00:44:58Z
305,28,15,45.35,standard,2026-07-04T00:44:58Z
305,28,16,45.35,standard,2026-07-04T00:44:58Z
305,28,17,45.35,standard,2026-07-04T00:44:58Z
305,28,18,45.35,standard,2026-07-04T00:44:58Z
305,28,19,45.35,standard,2026-07-04T00:44:58Z
305,28,2,45.35,standard,2026-07-04T00:44:58Z
305,28,3,45.35,standard,2026-07-04T00:44:58Z
305,28,4,45.35,standard,2026-07-04T00:44:58Z
305,28,5,45.35,standard,2026-07-04T00:44:58Z
305,28,6,45.35,standard,2026-07-04T00:44:58Z
305,28,7,45.35,standard,2026-07-04T00:44:58Z
305,28,8,45.35,standard,2026-07-04T00:44:58Z
305,28,9,45.35,standard,2026-07-04T00:44:58Z
305,29,10,45.35,standard,2026-07-04T00:44:58Z
305,29,11,45.35,standard,2026-07-04T00:44:58Z
305,29,12,45.35,standard,2026-07-04T00:44:58Z
305,29,13,45.35,standard,2026-07-04T00:44:58Z
305,29,14,45.35,standard,2026-07-04T00:44:58Z
305,29,15,45.35,standard,2026-07-04T00:44:58Z
305,29,16,45.35,standard,2026-07-04T00:44:58Z
305,29,17,45.35,standard,2026-07-04T00:44:58Z
305,29,18,45.35,standard,2026-07-04T00:44:58Z
305,29,19,45.35,standard,2026-07-04T00:44:58Z
305,29,2,45.35,standard,2026-07-04T00:44:58Z
305,29,3,45.35,standard,2026-07-04T00:44:58Z
305,29,4,45.35,standard,2026-07-04T00:44:58Z
305,29,5,45.35,standard,2026-07-04T00:44:58Z
305,29,6,45.35,standard,2026-07-04T00:44:58Z
305,29,7,45.35,standard,2026-07-04T00:44:58Z
305,29,8,45.35,standard,2026-07-04T00:44:58Z
305,29,9,45.35,standard,2026-07-04T00:44:58Z
305,30,10,45.35,standard,2026-07-04T00:44:58Z
305,30,11,45.35,standard,2026-07-04T00:44:58Z
305,30,12,45.35,standard,2026-07-04T00:44:58Z
305,30,13,45.35,standard,2026-07-04T00:44:58Z
305,30,14,45.35,standard,2026-07-04T00:44:58Z
305,30,15,45.35,standard,2026-07-04T00:44:58Z
305,30,16,45.35,standard,2026-07-04T00:44:58Z
305,30,17,45.35,standard,2026-07-04T00:44:58Z
305,30,18,45.35,standard,2026-07-04T00:44:58Z
305,30,19,45.35,standard,2026-07-04T00:44:58Z
305,30,2,45.35,standard,2026-07-04T00:44:58Z
305,30,3,45.35,standard,2026-07-04T00:44:58Z
305,30,4,45.35,standard,2026-07-04T00:44:58Z
305,30,5,45.35,standard,2026-07-04T00:44:58Z
305,30,6,45.35,standard,2026-07-04T00:44:58Z
305,30,7,45.35,standard,2026-07-04T00:44:58Z
305,30,8,45.35,standard,2026-07-04T00:44:58Z
305,30,9,45.35,standard,2026-07-04T00:44:58Z
305,8,8,45.35,standard,2026-07-04T00:44:58Z
305,8,9,45.35,standard,2026-07-04T00:44:58Z
305,8,10,45.35,standard,2026-07-04T00:44:58Z
305,8,11,45.35,standard,2026-07-04T00:44:58Z
305,8,12,45.35,standard,2026-07-04T00:44:58Z
305,8,13,45.35,standard,2026-07-04T00:44:58Z
305,3,4,45.35,standard,2026-07-04T00:44:58Z
305,3,16,45.35,standard,2026-07-04T00:44:58Z
305,3,17,45.35,standard,2026-07-04T00:44:58Z
305,3,3,45.35,standard,2026-07-04T00:44:58Z
305,7,8,45.35,standard,2026-07-04T00:44:58Z
305,7,9,45.35,standard,2026-07-04T00:44:58Z
305,7,10,45.35,standard,2026-07-04T00:44:58Z
306,10,10,45.35,standard,2026-07-04T00:44:58Z
306,10,11,45.35,standard,2026-07-04T00:44:58Z
306,10,12,45.35,standard,2026-07-04T00:44:58Z
306,10,13,45.35,standard,2026-07-04T00:44:58Z
306,10,3,45.35,standard,2026-07-04T00:44:58Z
306,10,4,45.35,standard,2026-07-04T00:44:58Z
306,10,5,45.35,standard,2026-07-04T00:44:58Z
306,10,6,45.35,standard,2026-07-04T00:44:58Z
306,10,7,45.35,standard,2026-07-04T00:44:58Z
306,10,8,45.35,standard,2026-07-04T00:44:58Z
306,10,9,45.35,standard,2026-07-04T00:44:58Z
306,14,10,45.35,standard,2026-07-04T00:44:58Z
306,14,11,45.35,standard,2026-07-04T00:44:58Z
306,14,12,45.35,standard,2026-07-04T00:44:58Z
306,14,13,45.35,standard,2026-07-04T00:44:58Z
306,14,14,45.35,standard,2026-07-04T00:44:58Z
306,14,4,45.35,standard,2026-07-04T00:44:58Z
306,14,5,45.35,standard,2026-07-04T00:44:58Z
306,14,6,45.35,standard,2026-07-04T00:44:58Z
306,14,7,45.35,standard,2026-07-04T00:44:58Z
306,14,8,45.35,standard,2026-07-04T00:44:58Z
306,14,9,45.35,standard,2026-07-04T00:44:58Z
306,15,10,45.35,standard,2026-07-04T00:44:58Z
306,15,11,45.35,standard,2026-07-04T00:44:58Z
306,15,12,45.35,standard,2026-07-04T00:44:58Z
306,15,13,45.35,standard,2026-07-04T00:44:58Z
306,15,14,45.35,standard,2026-07-04T00:44:58Z
306,15,15,45.35,standard,2026-07-04T00:44:58Z
306,15,16,45.35,standard,2026-07-04T00:44:58Z
306,15,17,45.35,standard,2026-07-04T00:44:58Z
306,15,18,45.35,standard,2026-07-04T00:44:58Z
306,15,19,45.35,standard,2026-07-04T00:44:58Z
306,15,2,45.35,standard,2026-07-04T00:44:58Z
306,15,3,45.35,standard,2026-07-04T00:44:58Z
306,15,4,45.35,standard,2026-07-04T00:44:58Z
306,15,5,45.35,standard,2026-07-04T00:44:58Z
306,15,6,45.35,standard,2026-07-04T00:44:58Z
306,15,7,45.35,standard,2026-07-04T00:44:58Z
306,15,8,45.35,standard,2026-07-04T00:44:58Z
306,15,9,45.35,standard,2026-07-04T00:44:58Z
306,27,10,45.35,standard,2026-07-04T00:44:58Z
306,27,11,45.35,standard,2026-07-04T00:44:58Z
306,27,12,45.35,standard,2026-07-04T00:44:58Z
306,27,13,45.35,standard,2026-07-04T00:44:58Z
306,27,14,45.35,standard,2026-07-04T00:44:58Z
306,27,15,45.35,standard,2026-07-04T00:44:58Z
306,27,16,45.35,standard,2026-07-04T00:44:58Z
306,27,17,45.35,standard,2026-07-04T00:44:58Z
306,27,18,45.35,standard,2026-07-04T00:44:58Z
306,27,19,45.35,standard,2026-07-04T00:44:58Z
306,27,2,45.35,standard,2026-07-04T00:44:58Z
306,27,3,45.35,standard,2026-07-04T00:44:58Z
306,27,4,45.35,standard,2026-07-04T00:44:58Z
306,27,5,45.35,standard,2026-07-04T00:44:58Z
306,27,6,45.35,standard,2026-07-04T00:44:58Z
306,27,7,45.35,standard,2026-07-04T00:44:58Z
306,27,8,45.35,standard,2026-07-04T00:44:58Z
306,27,9,45.35,standard,2026-07-04T00:44:58Z
306,25,10,45.35,standard,2026-07-04T00:44:58Z
306,25,11,45.35,standard,2026-07-04T00:44:58Z
306,25,12,45.35,standard,2026-07-04T00:44:58Z
306,25,13,45.35,standard,2026-07-04T00:44:58Z
306,25,14,45.35,standard,2026-07-04T00:44:58Z
306,25,15,45.35,standard,2026-07-04T00:44:58Z
306,25,16,45.35,standard,2026-07-04T00:44:58Z
306,25,17,45.35,standard,2026-07-04T00:44:58Z
306,25,18,45.35,standard,2026-07-04T00:44:58Z
306,25,19,45.35,standard,2026-07-04T00:44:58Z
306,25,2,45.35,standard,2026-07-04T00:44:58Z
306,25,3,45.35,standard,2026-07-04T00:44:58Z
306,25,4,45.35,standard,2026-07-04T00:44:58Z
306,25,5,45.35,standard,2026-07-04T00:44:58Z
306,25,6,45.35,standard,2026-07-04T00:44:58Z
306,25,7,45.35,standard,2026-07-04T00:44:58Z
306,25,8,45.35,standard,2026-07-04T00:44:58Z
306,25,9,45.35,standard,2026-07-04T00:44:58Z
306,26,10,45.35,standard,2026-07-04T00:44:58Z
306,26,11,45.35,standard,2026-07-04T00:44:58Z
306,26,12,45.35,standard,2026-07-04T00:44:58Z
306,26,13,45.35,standard,2026-07-04T00:44:58Z
306,26,14,45.35,standard,2026-07-04T00:44:58Z
306,26,15,45.35,standard,2026-07-04T00:44:58Z
306,26,16,45.35,standard,2026-07-04T00:44:58Z
306,26,17,45.35,standard,2026-07-04T00:44:58Z
306,26,18,45.35,standard,2026-07-04T00:44:58Z
306,26,19,45.35,standard,2026-07-04T00:44:58Z
306,26,2,45.35,standard,2026-07-04T00:44:58Z
306,26,3,45.35,standard,2026-07-04T00:44:58Z
306,26,4,45.35,standard,2026-07-04T00:44:58Z
306,26,5,45.35,standard,2026-07-04T00:44:58Z
306,26,6,45.35,standard,2026-07-04T00:44:58Z
306,26,7,45.35,standard,2026-07-04T00:44:58Z
306,26,8,45.35,standard,2026-07-04T00:44:58Z
306,26,9,45.35,standard,2026-07-04T00:44:58Z
306,28,10,45.35,standard,2026-07-04T00:44:58Z
306,28,11,45.35,standard,2026-07-04T00:44:58Z
306,28,12,45.35,standard,2026-07-04T00:44:58Z
306,28,13,45.35,standard,2026-07-04T00:44:58Z
306,28,14,45.35,standard,2026-07-04T00:44:58Z
306,28,15,45.35,standard,2026-07-04T00:44:58Z
306,28,16,45.35,standard,2026-07-04T00:44:58Z
306,28,17,45.35,standard,2026-07-04T00:44:58Z
306,28,18,45.35,standard,2026-07-04T00:44:58Z
306,28,19,45.35,standard,2026-07-04T00:44:58Z
306,28,2,45.35,standard,2026-07-04T00:44:58Z
306,28,3,45.35,standard,2026-07-04T00:44:58Z
306,28,4,45.35,standard,2026-07-04T00:44:58Z
306,28,5,45.35,standard,2026-07-04T00:44:58Z
306,28,6,45.35,standard,2026-07-04T00:44:58Z
306,28,7,45.35,standard,2026-07-04T00:44:58Z
306,28,8,45.35,standard,2026-07-04T00:44:58Z
306,28,9,45.35,standard,2026-07-04T00:44:58Z
306,29,10,45.35,standard,2026-07-04T00:44:58Z
306,29,11,45.35,standard,2026-07-04T00:44:58Z
306,29,12,45.35,standard,2026-07-04T00:44:58Z
306,29,13,45.35,standard,2026-07-04T00:44:58Z
306,29,14,45.35,standard,2026-07-04T00:44:58Z
306,29,15,45.35,standard,2026-07-04T00:44:58Z
306,29,16,45.35,standard,2026-07-04T00:44:58Z
306,29,17,45.35,standard,2026-07-04T00:44:58Z
306,29,18,45.35,standard,2026-07-04T00:44:58Z
306,29,19,45.35,standard,2026-07-04T00:44:58Z
306,29,2,45.35,standard,2026-07-04T00:44:58Z
306,29,3,45.35,standard,2026-07-04T00:44:58Z
306,29,4,45.35,standard,2026-07-04T00:44:58Z
306,29,5,45.35,standard,2026-07-04T00:44:58Z
306,29,6,45.35,standard,2026-07-04T00:44:58Z
306,29,7,45.35,standard,2026-07-04T00:44:58Z
306,29,8,45.35,standard,2026-07-04T00:44:58Z
306,29,9,45.35,standard,2026-07-04T00:44:58Z
306,30,10,45.35,standard,2026-07-04T00:44:58Z
306,30,11,45.35,standard,2026-07-04T00:44:58Z
306,30,12,45.35,standard,2026-07-04T00:44:58Z
306,30,13,45.35,standard,2026-07-04T00:44:58Z
306,30,14,45.35,standard,2026-07-04T00:44:58Z
306,30,15,45.35,standard,2026-07-04T00:44:58Z
306,30,16,45.35,standard,2026-07-04T00:44:58Z
306,30,17,45.35,standard,2026-07-04T00:44:58Z
306,30,18,45.35,standard,2026-07-04T00:44:58Z
306,30,19,45.35,standard,2026-07-04T00:44:58Z
306,30,2,45.35,standard,2026-07-04T00:44:58Z
306,30,3,45.35,standard,2026-07-04T00:44:58Z
306,30,4,45.35,standard,2026-07-04T00:44:58Z
306,30,5,45.35,standard,2026-07-04T00:44:58Z
306,30,6,45.35,standard,2026-07-04T00:44:58Z
306,30,7,45.35,standard,2026-07-04T00:44:58Z
306,30,8,45.35,standard,2026-07-04T00:44:58Z
306,30,9,45.35,standard,2026-07-04T00:44:58Z
306,8,8,45.35,standard,2026-07-04T00:44:58Z
306,8,9,45.35,standard,2026-07-04T00:44:58Z
306,8,10,45.35,standard,2026-07-04T00:44:58Z
306,9,5,45.35,standard,2026-07-04T00:44:58Z
306,9,6,45.35,standard,2026-07-04T00:44:58Z
306,9,7,45.35,standard,2026-07-04T00:44:58Z
306,3,4,45.35,standard,2026-07-04T00:44:58Z
306,3,5,45.35,standard,2026-07-04T00:44:58Z
307,11,14,45.35,standard,2026-07-04T00:44:58Z
307,11,15,45.35,standard,2026-07-04T00:44:58Z
307,11,4,45.35,standard,2026-07-04T00:44:58Z
307,11,5,45.35,standard,2026-07-04T00:44:58Z
307,11,6,45.35,standard,2026-07-04T00:44:58Z
307,11,7,45.35,standard,2026-07-04T00:44:58Z
307,12,10,45.35,standard,2026-07-04T00:44:58Z
307,12,11,45.35,standard,2026-07-04T00:44:58Z
307,12,12,45.35,standard,2026-07-04T00:44:58Z
307,12,13,45.35,standard,2026-07-04T00:44:58Z
307,12,14,45.35,standard,2026-07-04T00:44:58Z
307,12,15,45.35,standard,2026-07-04T00:44:58Z
307,12,4,45.35,standard,2026-07-04T00:44:58Z
307,12,5,45.35,standard,2026-07-04T00:44:58Z
307,12,6,45.35,standard,2026-07-04T00:44:58Z
307,12,7,45.35,standard,2026-07-04T00:44:58Z
307,12,8,45.35,standard,2026-07-04T00:44:58Z
307,12,9,45.35,standard,2026-07-04T00:44:58Z
307,13,10,45.35,standard,2026-07-04T00:44:58Z
307,13,11,45.35,standard,2026-07-04T00:44:58Z
307,13,12,45.35,standard,2026-07-04T00:44:58Z
307,13,13,45.35,standard,2026-07-04T00:44:58Z
307,13,14,45.35,standard,2026-07-04T00:44:58Z
307,13,15,45.35,standard,2026-07-04T00:44:58Z
307,13,16,45.35,standard,2026-07-04T00:44:58Z
307,13,5,45.35,standard,2026-07-04T00:44:58Z
307,13,6,45.35,standard,2026-07-04T00:44:58Z
307,13,7,45.35,standard,2026-07-04T00:44:58Z
307,13,8,45.35,standard,2026-07-04T00:44:58Z
307,13,9,45.35,standard,2026-07-04T00:44:58Z
307,14,10,45.35,standard,2026-07-04T00:44:58Z
307,14,11,45.35,standard,2026-07-04T00:44:58Z
307,14,12,45.35,standard,2026-07-04T00:44:58Z
307,14,13,45.35,standard,2026-07-04T00:44:58Z
307,14,14,45.35,standard,2026-07-04T00:44:58Z
307,14,15,45.35,standard,2026-07-04T00:44:58Z
307,14,16,45.35,standard,2026-07-04T00:44:58Z
307,14,4,45.35,standard,2026-07-04T00:44:58Z
307,14,5,45.35,standard,2026-07-04T00:44:58Z
307,14,6,45.35,standard,2026-07-04T00:44:58Z
307,14,7,45.35,standard,2026-07-04T00:44:58Z
307,14,8,45.35,standard,2026-07-04T00:44:58Z
307,14,9,45.35,standard,2026-07-04T00:44:58Z
307,15,10,45.35,standard,2026-07-04T00:44:58Z
307,15,11,45.35,standard,2026-07-04T00:44:58Z
307,15,12,45.35,standard,2026-07-04T00:44:58Z
307,15,13,45.35,standard,2026-07-04T00:44:58Z
307,15,14,45.35,standard,2026-07-04T00:44:58Z
307,15,15,45.35,standard,2026-07-04T00:44:58Z
307,15,16,45.35,standard,2026-07-04T00:44:58Z
307,15,5,45.35,standard,2026-07-04T00:44:58Z
307,15,6,45.35,standard,2026-07-04T00:44:58Z
307,15,7,45.35,standard,2026-07-04T00:44:58Z
307,15,8,45.35,standard,2026-07-04T00:44:58Z
307,15,9,45.35,standard,2026-07-04T00:44:58Z
307,27,10,45.35,standard,2026-07-04T00:44:58Z
307,27,11,45.35,standard,2026-07-04T00:44:58Z
307,27,12,45.35,standard,2026-07-04T00:44:58Z
307,27,13,45.35,standard,2026-07-04T00:44:58Z
307,27,14,45.35,standard,2026-07-04T00:44:58Z
307,27,15,45.35,standard,2026-07-04T00:44:58Z
307,27,16,45.35,standard,2026-07-04T00:44:58Z
307,27,17,45.35,standard,2026-07-04T00:44:58Z
307,27,18,45.35,standard,2026-07-04T00:44:58Z
307,27,19,45.35,standard,2026-07-04T00:44:58Z
307,27,20,45.35,standard,2026-07-04T00:44:58Z
307,27,3,45.35,standard,2026-07-04T00:44:58Z
307,27,4,45.35,standard,2026-07-04T00:44:58Z
307,27,5,45.35,standard,2026-07-04T00:44:58Z
307,27,6,45.35,standard,2026-07-04T00:44:58Z
307,27,7,45.35,standard,2026-07-04T00:44:58Z
307,27,8,45.35,standard,2026-07-04T00:44:58Z
307,27,9,45.35,standard,2026-07-04T00:44:58Z
307,25,10,45.35,standard,2026-07-04T00:44:58Z
307,25,11,45.35,standard,2026-07-04T00:44:58Z
307,25,12,45.35,standard,2026-07-04T00:44:58Z
307,25,13,45.35,standard,2026-07-04T00:44:58Z
307,25,14,45.35,standard,2026-07-04T00:44:58Z
307,25,15,45.35,standard,2026-07-04T00:44:58Z
307,25,16,45.35,standard,2026-07-04T00:44:58Z
307,25,17,45.35,standard,2026-07-04T00:44:58Z
307,25,18,45.35,standard,2026-07-04T00:44:58Z
307,25,19,45.35,standard,2026-07-04T00:44:58Z
307,25,20,45.35,standard,2026-07-04T00:44:58Z
307,25,3,45.35,standard,2026-07-04T00:44:58Z
307,25,4,45.35,standard,2026-07-04T00:44:58Z
307,25,5,45.35,standard,2026-07-04T00:44:58Z
307,25,6,45.35,standard,2026-07-04T00:44:58Z
307,25,7,45.35,standard,2026-07-04T00:44:58Z
307,25,8,45.35,standard,2026-07-04T00:44:58Z
307,25,9,45.35,standard,2026-07-04T00:44:58Z
307,26,10,45.35,standard,2026-07-04T00:44:58Z
307,26,11,45.35,standard,2026-07-04T00:44:58Z
307,26,12,45.35,standard,2026-07-04T00:44:58Z
307,26,13,45.35,standard,2026-07-04T00:44:58Z
307,26,14,45.35,standard,2026-07-04T00:44:58Z
307,26,15,45.35,standard,2026-07-04T00:44:58Z
307,26,16,45.35,standard,2026-07-04T00:44:58Z
307,26,17,45.35,standard,2026-07-04T00:44:58Z
307,26,18,45.35,standard,2026-07-04T00:44:58Z
307,26,19,45.35,standard,2026-07-04T00:44:58Z
307,26,20,45.35,standard,2026-07-04T00:44:58Z
307,26,3,45.35,standard,2026-07-04T00:44:58Z
307,26,4,45.35,standard,2026-07-04T00:44:58Z
307,26,5,45.35,standard,2026-07-04T00:44:58Z
307,26,6,45.35,standard,2026-07-04T00:44:58Z
307,26,7,45.35,standard,2026-07-04T00:44:58Z
307,26,8,45.35,standard,2026-07-04T00:44:58Z
307,26,9,45.35,standard,2026-07-04T00:44:58Z
307,28,10,45.35,standard,2026-07-04T00:44:58Z
307,28,11,45.35,standard,2026-07-04T00:44:58Z
307,28,12,45.35,standard,2026-07-04T00:44:58Z
307,28,13,45.35,standard,2026-07-04T00:44:58Z
307,28,14,45.35,standard,2026-07-04T00:44:58Z
307,28,15,45.35,standard,2026-07-04T00:44:58Z
307,28,16,45.35,standard,2026-07-04T00:44:58Z
307,28,17,45.35,standard,2026-07-04T00:44:58Z
307,28,18,45.35,standard,2026-07-04T00:44:58Z
307,28,19,45.35,standard,2026-07-04T00:44:58Z
307,28,20,45.35,standard,2026-07-04T00:44:58Z
307,28,21,45.35,standard,2026-07-04T00:44:58Z
307,28,3,45.35,standard,2026-07-04T00:44:58Z
307,28,4,45.35,standard,2026-07-04T00:44:58Z
307,28,5,45.35,standard,2026-07-04T00:44:58Z
307,28,6,45.35,standard,2026-07-04T00:44:58Z
307,28,7,45.35,standard,2026-07-04T00:44:58Z
307,28,8,45.35,standard,2026-07-04T00:44:58Z
307,28,9,45.35,standard,2026-07-04T00:44:58Z
307,29,10,45.35,standard,2026-07-04T00:44:58Z
307,29,11,45.35,standard,2026-07-04T00:44:58Z
307,29,12,45.35,standard,2026-07-04T00:44:58Z
307,29,13,45.35,standard,2026-07-04T00:44:58Z
307,29,14,45.35,standard,2026-07-04T00:44:58Z
307,29,15,45.35,standard,2026-07-04T00:44:58Z
307,29,16,45.35,standard,2026-07-04T00:44:58Z
307,29,17,45.35,standard,2026-07-04T00:44:58Z
307,29,18,45.35,standard,2026-07-04T00:44:58Z
307,29,19,45.35,standard,2026-07-04T00:44:58Z
307,29,20,45.35,standard,2026-07-04T00:44:58Z
307,29,21,45.35,standard,2026-07-04T00:44:58Z
307,29,3,45.35,standard,2026-07-04T00:44:58Z
307,29,4,45.35,standard,2026-07-04T00:44:58Z
307,29,5,45.35,standard,2026-07-04T00:44:58Z
307,29,6,45.35,standard,2026-07-04T00:44:58Z
307,29,7,45.35,standard,2026-07-04T00:44:58Z
307,29,8,45.35,standard,2026-07-04T00:44:58Z
307,29,9,45.35,standard,2026-07-04T00:44:58Z
307,30,10,45.35,standard,2026-07-04T00:44:58Z
307,30,11,45.35,standard,2026-07-04T00:44:58Z
307,30,12,45.35,standard,2026-07-04T00:44:58Z
307,30,13,45.35,standard,2026-07-04T00:44:58Z
307,30,14,45.35,standard,2026-07-04T00:44:58Z
307,30,15,45.35,standard,2026-07-04T00:44:58Z
307,30,16,45.35,standard,2026-07-04T00:44:58Z
307,30,17,45.35,standard,2026-07-04T00:44:58Z
307,30,18,45.35,standard,2026-07-04T00:44:58Z
307,30,19,45.35,standard,2026-07-04T00:44:58Z
307,30,20,45.35,standard,2026-07-04T00:44:58Z
307,30,21,45.35,standard,2026-07-04T00:44:58Z
307,30,3,45.35,standard,2026-07-04T00:44:58Z
307,30,4,45.35,standard,2026-07-04T00:44:58Z
307,30,5,45.35,standard,2026-07-04T00:44:58Z
307,30,6,45.35,standard,2026-07-04T00:44:58Z
307,30,7,45.35,standard,2026-07-04T00:44:58Z
307,30,8,45.35,standard,2026-07-04T00:44:58Z
307,30,9,45.35,standard,2026-07-04T00:44:58Z
307,9,4,45.35,standard,2026-07-04T00:44:58Z
307,9,5,45.35,standard,2026-07-04T00:44:58Z
307,9,3,45.35,standard,2026-07-04T00:44:58Z
307,3,4,45.35,standard,2026-07-04T00:44:58Z
307,3,5,45.35,standard,2026-07-04T00:44:58Z
307,7,6,45.35,standard,2026-07-04T00:44:58Z
307,7,7,45.35,standard,2026-07-04T00:44:58Z
307,7,8,45.35,standard,2026-07-04T00:44:58Z
307,7,9,45.35,standard,2026-07-04T00:44:58Z
308,13,11,45.35,standard,2026-07-04T00:44:58Z
308,13,12,45.35,standard,2026-07-04T00:44:58Z
308,13,13,45.35,standard,2026-07-04T00:44:58Z
308,13,14,45.35,standard,2026-07-04T00:44:58Z
308,13,18,45.35,standard,2026-07-04T00:44:58Z
308,13,19,45.35,standard,2026-07-04T00:44:58Z
308,13,5,45.35,standard,2026-07-04T00:44:58Z
308,13,6,45.35,standard,2026-07-04T00:44:58Z
308,27,10,45.35,standard,2026-07-04T00:44:58Z
308,27,11,45.35,standard,2026-07-04T00:44:58Z
308,27,12,45.35,standard,2026-07-04T00:44:58Z
308,27,13,45.35,standard,2026-07-04T00:44:58Z
308,27,14,45.35,standard,2026-07-04T00:44:58Z
308,27,15,45.35,standard,2026-07-04T00:44:58Z
308,27,16,45.35,standard,2026-07-04T00:44:58Z
308,27,17,45.35,standard,2026-07-04T00:44:58Z
308,27,18,45.35,standard,2026-07-04T00:44:58Z
308,27,19,45.35,standard,2026-07-04T00:44:58Z
308,27,20,45.35,standard,2026-07-04T00:44:58Z
308,27,3,45.35,standard,2026-07-04T00:44:58Z
308,27,4,45.35,standard,2026-07-04T00:44:58Z
308,27,5,45.35,standard,2026-07-04T00:44:58Z
308,27,6,45.35,standard,2026-07-04T00:44:58Z
308,27,7,45.35,standard,2026-07-04T00:44:58Z
308,27,8,45.35,standard,2026-07-04T00:44:58Z
308,27,9,45.35,standard,2026-07-04T00:44:58Z
308,25,10,45.35,standard,2026-07-04T00:44:58Z
308,25,11,45.35,standard,2026-07-04T00:44:58Z
308,25,12,45.35,standard,2026-07-04T00:44:58Z
308,25,13,45.35,standard,2026-07-04T00:44:58Z
308,25,14,45.35,standard,2026-07-04T00:44:58Z
308,25,15,45.35,standard,2026-07-04T00:44:58Z
308,25,16,45.35,standard,2026-07-04T00:44:58Z
308,25,17,45.35,standard,2026-07-04T00:44:58Z
308,25,18,45.35,standard,2026-07-04T00:44:58Z
308,25,19,45.35,standard,2026-07-04T00:44:58Z
308,25,20,45.35,standard,2026-07-04T00:44:58Z
308,25,21,45.35,standard,2026-07-04T00:44:58Z
308,25,3,45.35,standard,2026-07-04T00:44:58Z
308,25,4,45.35,standard,2026-07-04T00:44:58Z
308,25,5,45.35,standard,2026-07-04T00:44:58Z
308,25,6,45.35,standard,2026-07-04T00:44:58Z
308,25,7,45.35,standard,2026-07-04T00:44:58Z
308,25,8,45.35,standard,2026-07-04T00:44:58Z
308,25,9,45.35,standard,2026-07-04T00:44:58Z
308,26,10,45.35,standard,2026-07-04T00:44:58Z
308,26,11,45.35,standard,2026-07-04T00:44:58Z
308,26,12,45.35,standard,2026-07-04T00:44:58Z
308,26,13,45.35,standard,2026-07-04T00:44:58Z
308,26,14,45.35,standard,2026-07-04T00:44:58Z
308,26,15,45.35,standard,2026-07-04T00:44:58Z
308,26,16,45.35,standard,2026-07-04T00:44:58Z
308,26,17,45.35,standard,2026-07-04T00:44:58Z
308,26,18,45.35,standard,2026-07-04T00:44:58Z
308,26,19,45.35,standard,2026-07-04T00:44:58Z
308,26,20,45.35,standard,2026-07-04T00:44:58Z
308,26,21,45.35,standard,2026-07-04T00:44:58Z
308,26,22,45.35,standard,2026-07-04T00:44:58Z
308,26,23,45.35,standard,2026-07-04T00:44:58Z
308,26,3,45.35,standard,2026-07-04T00:44:58Z
308,26,4,45.35,standard,2026-07-04T00:44:58Z
308,26,5,45.35,standard,2026-07-04T00:44:58Z
308,26,6,45.35,standard,2026-07-04T00:44:58Z
308,26,7,45.35,standard,2026-07-04T00:44:58Z
308,26,8,45.35,standard,2026-07-04T00:44:58Z
308,26,9,45.35,standard,2026-07-04T00:44:58Z
308,28,10,45.35,standard,2026-07-04T00:44:58Z
308,28,11,45.35,standard,2026-07-04T00:44:58Z
308,28,12,45.35,standard,2026-07-04T00:44:58Z
308,28,13,45.35,standard,2026-07-04T00:44:58Z
308,28,14,45.35,standard,2026-07-04T00:44:58Z
308,28,15,45.35,standard,2026-07-04T00:44:58Z
308,28,16,45.35,standard,2026-07-04T00:44:58Z
308,28,17,45.35,standard,2026-07-04T00:44:58Z
308,28,18,45.35,standard,2026-07-04T00:44:58Z
308,28,19,45.35,standard,2026-07-04T00:44:58Z
308,28,20,45.35,standard,2026-07-04T00:44:58Z
308,28,21,45.35,standard,2026-07-04T00:44:58Z
308,28,22,45.35,standard,2026-07-04T00:44:58Z
308,28,23,45.35,standard,2026-07-04T00:44:58Z
308,28,4,45.35,standard,2026-07-04T00:44:58Z
308,28,5,45.35,standard,2026-07-04T00:44:58Z
308,28,6,45.35,standard,2026-07-04T00:44:58Z
308,28,7,45.35,standard,2026-07-04T00:44:58Z
308,28,8,45.35,standard,2026-07-04T00:44:58Z
308,28,9,45.35,standard,2026-07-04T00:44:58Z
308,29,10,45.35,standard,2026-07-04T00:44:58Z
308,29,11,45.35,standard,2026-07-04T00:44:58Z
308,29,12,45.35,standard,2026-07-04T00:44:58Z
308,29,13,45.35,standard,2026-07-04T00:44:58Z
308,29,14,45.35,standard,2026-07-04T00:44:58Z
308,29,15,45.35,standard,2026-07-04T00:44:58Z
308,29,16,45.35,standard,2026-07-04T00:44:58Z
308,29,17,45.35,standard,2026-07-04T00:44:58Z
308,29,2,45.35,standard,2026-07-04T00:44:58Z
308,29,3,45.35,standard,2026-07-04T00:44:58Z
308,29,4,45.35,standard,2026-07-04T00:44:58Z
308,29,5,45.35,standard,2026-07-04T00:44:58Z
308,29,6,45.35,standard,2026-07-04T00:44:58Z
308,29,7,45.35,standard,2026-07-04T00:44:58Z
308,29,8,45.35,standard,2026-07-04T00:44:58Z
308,29,9,45.35,standard,2026-07-04T00:44:58Z
308,30,10,45.35,standard,2026-07-04T00:44:58Z
308,30,11,45.35,standard,2026-07-04T00:44:58Z
308,30,12,45.35,standard,2026-07-04T00:44:58Z
308,30,13,45.35,standard,2026-07-04T00:44:58Z
308,30,14,45.35,standard,2026-07-04T00:44:58Z
308,30,15,45.35,standard,2026-07-04T00:44:58Z
308,30,16,45.35,standard,2026-07-04T00:44:58Z
308,30,17,45.35,standard,2026-07-04T00:44:58Z
308,30,18,45.35,standard,2026-07-04T00:44:58Z
308,30,19,45.35,standard,2026-07-04T00:44:58Z
308,30,20,45.35,standard,2026-07-04T00:44:58Z
308,30,21,45.35,standard,2026-07-04T00:44:58Z
308,30,22,45.35,standard,2026-07-04T00:44:58Z
308,30,23,45.35,standard,2026-07-04T00:44:58Z
308,30,24,45.35,standard,2026-07-04T00:44:58Z
308,30,3,45.35,standard,2026-07-04T00:44:58Z
308,30,4,45.35,standard,2026-07-04T00:44:58Z
308,30,5,45.35,standard,2026-07-04T00:44:58Z
308,30,6,45.35,standard,2026-07-04T00:44:58Z
308,30,7,45.35,standard,2026-07-04T00:44:58Z
308,30,8,45.35,standard,2026-07-04T00:44:58Z
308,30,9,45.35,standard,2026-07-04T00:44:58Z
308,5,8,45.35,standard,2026-07-04T00:44:58Z
308,5,9,45.35,standard,2026-07-04T00:44:58Z
308,5,10,45.35,standard,2026-07-04T00:44:58Z
308,7,6,45.35,standard,2026-07-04T00:44:58Z
309,27,10,45.35,standard,2026-07-04T00:44:58Z
309,27,11,45.35,standard,2026-07-04T00:44:58Z
309,27,12,45.35,standard,2026-07-04T00:44:58Z
309,27,13,45.35,standard,2026-07-04T00:44:58Z
309,27,14,45.35,standard,2026-07-04T00:44:58Z
309,27,15,45.35,standard,2026-07-04T00:44:58Z
309,27,16,45.35,standard,2026-07-04T00:44:58Z
309,27,17,45.35,standard,2026-07-04T00:44:58Z
309,27,18,45.35,standard,2026-07-04T00:44:58Z
309,27,19,45.35,standard,2026-07-04T00:44:58Z
309,27,2,45.35,standard,2026-07-04T00:44:58Z
309,27,3,45.35,standard,2026-07-04T00:44:58Z
309,27,4,45.35,standard,2026-07-04T00:44:58Z
309,27,5,45.35,standard,2026-07-04T00:44:58Z
309,27,6,45.35,standard,2026-07-04T00:44:58Z
309,27,7,45.35,standard,2026-07-04T00:44:58Z
309,27,8,45.35,standard,2026-07-04T00:44:58Z
309,27,9,45.35,standard,2026-07-04T00:44:58Z
309,25,10,45.35,standard,2026-07-04T00:44:58Z
309,25,3,45.35,standard,2026-07-04T00:44:58Z
309,25,4,45.35,standard,2026-07-04T00:44:58Z
309,25,5,45.35,standard,2026-07-04T00:44:58Z
309,25,6,45.35,standard,2026-07-04T00:44:58Z
309,25,7,45.35,standard,2026-07-04T00:44:58Z
309,25,8,45.35,standard,2026-07-04T00:44:58Z
309,25,9,45.35,standard,2026-07-04T00:44:58Z
309,26,10,45.35,standard,2026-07-04T00:44:58Z
309,26,11,45.35,standard,2026-07-04T00:44:58Z
309,26,12,45.35,standard,2026-07-04T00:44:58Z
309,26,13,45.35,standard,2026-07-04T00:44:58Z
309,26,14,45.35,standard,2026-07-04T00:44:58Z
309,26,15,45.35,standard,2026-07-04T00:44:58Z
309,26,16,45.35,standard,2026-07-04T00:44:58Z
309,26,17,45.35,standard,2026-07-04T00:44:58Z
309,26,18,45.35,standard,2026-07-04T00:44:58Z
309,26,19,45.35,standard,2026-07-04T00:44:58Z
309,26,2,45.35,standard,2026-07-04T00:44:58Z
309,26,3,45.35,standard,2026-07-04T00:44:58Z
309,26,4,45.35,standard,2026-07-04T00:44:58Z
309,26,5,45.35,standard,2026-07-04T00:44:58Z
309,26,6,45.35,standard,2026-07-04T00:44:58Z
309,26,7,45.35,standard,2026-07-04T00:44:58Z
309,26,8,45.35,standard,2026-07-04T00:44:58Z
309,26,9,45.35,standard,2026-07-04T00:44:58Z
309,28,10,45.35,standard,2026-07-04T00:44:58Z
309,28,11,45.35,standard,2026-07-04T00:44:58Z
309,28,12,45.35,standard,2026-07-04T00:44:58Z
309,28,13,45.35,standard,2026-07-04T00:44:58Z
309,28,14,45.35,standard,2026-07-04T00:44:58Z
309,28,15,45.35,standard,2026-07-04T00:44:58Z
309,28,16,45.35,standard,2026-07-04T00:44:58Z
309,28,17,45.35,standard,2026-07-04T00:44:58Z
309,28,18,45.35,standard,2026-07-04T00:44:58Z
309,28,19,45.35,standard,2026-07-04T00:44:58Z
309,28,4,45.35,standard,2026-07-04T00:44:58Z
309,28,5,45.35,standard,2026-07-04T00:44:58Z
309,28,6,45.35,standard,2026-07-04T00:44:58Z
309,28,7,45.35,standard,2026-07-04T00:44:58Z
309,28,8,45.35,standard,2026-07-04T00:44:58Z
309,28,9,45.35,standard,2026-07-04T00:44:58Z
309,29,10,45.35,standard,2026-07-04T00:44:58Z
309,29,11,45.35,standard,2026-07-04T00:44:58Z
309,29,12,45.35,standard,2026-07-04T00:44:58Z
309,29,13,45.35,standard,2026-07-04T00:44:58Z
309,29,14,45.35,standard,2026-07-04T00:44:58Z
309,29,15,45.35,standard,2026-07-04T00:44:58Z
309,29,16,45.35,standard,2026-07-04T00:44:58Z
309,29,17,45.35,standard,2026-07-04T00:44:58Z
309,29,18,45.35,standard,2026-07-04T00:44:58Z
309,29,19,45.35,standard,2026-07-04T00:44:58Z
309,29,2,45.35,standard,2026-07-04T00:44:58Z
309,29,3,45.35,standard,2026-07-04T00:44:58Z
309,29,4,45.35,standard,2026-07-04T00:44:58Z
309,29,5,45.35,standard,2026-07-04T00:44:58Z
309,29,6,45.35,standard,2026-07-04T00:44:58Z
309,29,7,45.35,standard,2026-07-04T00:44:58Z
309,29,8,45.35,standard,2026-07-04T00:44:58Z
309,29,9,45.35,standard,2026-07-04T00:44:58Z
309,30,10,45.35,standard,2026-07-04T00:44:58Z
309,30,11,45.35,standard,2026-07-04T00:44:58Z
309,30,12,45.35,standard,2026-07-04T00:44:58Z
309,30,13,45.35,standard,2026-07-04T00:44:58Z
309,30,14,45.35,standard,2026-07-04T00:44:58Z
309,30,15,45.35,standard,2026-07-04T00:44:58Z
309,30,16,45.35,standard,2026-07-04T00:44:58Z
309,30,17,45.35,standard,2026-07-04T00:44:58Z
309,30,18,45.35,standard,2026-07-04T00:44:58Z
309,30,19,45.35,standard,2026-07-04T00:44:58Z
309,30,2,45.35,standard,2026-07-04T00:44:58Z
309,30,3,45.35,standard,2026-07-04T00:44:58Z
309,30,4,45.35,standard,2026-07-04T00:44:58Z
309,30,5,45.35,standard,2026-07-04T00:44:58Z
309,30,6,45.35,standard,2026-07-04T00:44:58Z
309,30,7,45.35,standard,2026-07-04T00:44:58Z
309,30,8,45.35,standard,2026-07-04T00:44:58Z
309,30,9,45.35,standard,2026-07-04T00:44:58Z
309W,4,1,45.35,standard,2026-07-04T00:44:58Z
310,3,9,48.35,standard,2026-07-04T00:44:58Z
310,3,10,48.35,standard,2026-07-04T00:44:58Z
310,3,11,48.35,standard,2026-07-04T00:44:58Z
310,4,8,48.35,standard,2026-07-04T00:44:58Z
310,4,9,48.35,standard,2026-07-04T00:44:58Z
310,4,10,48.35,standard,2026-07-04T00:44:58Z
310,5,10,48.35,standard,2026-07-04T00:44:58Z
310,5,11,48.35,standard,2026-07-04T00:44:58Z
310,5,12,48.35,standard,2026-07-04T00:44:58Z
310,7,8,48.35,standard,2026-07-04T00:44:58Z
310,7,9,48.35,standard,2026-07-04T00:44:58Z
310,7,10,48.35,standard,2026-07-04T00:44:58Z
310,7,14,48.35,standard,2026-07-04T00:44:58Z
310,7,15,48.35,standard,2026-07-04T00:44:58Z
310,9,6,48.35,standard,2026-07-04T00:44:58Z
311,3,7,48.35,standard,2026-07-04T00:44:58Z
311,3,8,48.35,standard,2026-07-04T00:44:58Z
311,4,5,48.35,standard,2026-07-04T00:44:58Z
311,4,6,48.35,standard,2026-07-04T00:44:58Z
311,4,7,48.35,standard,2026-07-04T00:44:58Z
311,6,4,48.35,standard,2026-07-04T00:44:58Z
311,6,5,48.35,standard,2026-07-04T00:44:58Z
311,6,6,48.35,standard,2026-07-04T00:44:58Z
311,6,7,48.35,standard,2026-07-04T00:44:58Z
311,7,6,48.35,standard,2026-07-04T00:44:58Z
311,7,7,48.35,standard,2026-07-04T00:44:58Z
311,7,8,48.35,standard,2026-07-04T00:44:58Z
311,8,4,48.35,standard,2026-07-04T00:44:58Z
311,8,5,48.35,standard,2026-07-04T00:44:58Z
311,8,10,48.35,standard,2026-07-04T00:44:58Z
311,9,10,48.35,standard,2026-07-04T00:44:58Z
311,9,11,48.35,standard,2026-07-04T00:44:58Z
311,9,12,48.35,standard,2026-07-04T00:44:58Z
312,10,10,48.35,standard,2026-07-04T00:44:58Z
312,11,3,48.35,standard,2026-07-04T00:44:58Z
312,11,4,48.35,standard,2026-07-04T00:44:58Z
312,11,5,48.35,standard,2026-07-04T00:44:58Z
312,8,12,48.35,standard,2026-07-04T00:44:58Z
313,11,13,48.35,standard,2026-07-04T00:44:58Z
313,11,14,48.35,standard,2026-07-04T00:44:58Z
313,12,5,48.35,standard,2026-07-04T00:44:58Z
313,12,6,48.35,standard,2026-07-04T00:44:58Z
313,12,7,48.35,standard,2026-07-04T00:44:58Z
313,13,6,48.35,standard,2026-07-04T00:44:58Z
313,13,7,48.35,standard,2026-07-04T00:44:58Z
313,8,9,48.35,standard,2026-07-04T00:44:58Z
313,8,10,48.35,standard,2026-07-04T00:44:58Z
313,8,11,48.35,standard,2026-07-04T00:44:58Z
313,3,9,48.35,standard,2026-07-04T00:44:58Z
313,5,7,48.35,standard,2026-07-04T00:44:58Z
313,5,8,48.35,standard,2026-07-04T00:44:58Z
314,10,15,48.35,standard,2026-07-04T00:44:58Z
314,10,16,48.35,standard,2026-07-04T00:44:58Z
314,14,6,48.35,standard,2026-07-04T00:44:58Z
314,14,7,48.35,standard,2026-07-04T00:44:58Z
314,8,8,48.35,standard,2026-07-04T00:44:58Z
314,8,9,48.35,standard,2026-07-04T00:44:58Z
314,9,6,48.35,standard,2026-07-04T00:44:58Z
314,7,7,48.35,standard,2026-07-04T00:44:58Z
314,7,8,48.35,standard,2026-07-04T00:44:58Z
314,7,9,48.35,standard,2026-07-04T00:44:58Z
314,7,10,48.35,standard,2026-07-04T00:44:58Z
314,7,11,48.35,standard,2026-07-04T00:44:58Z
315,10,10,48.35,standard,2026-07-04T00:44:58Z
315,10,11,48.35,standard,2026-07-04T00:44:58Z
315,11,3,48.35,standard,2026-07-04T00:44:58Z
315,11,4,48.35,standard,2026-07-04T00:44:58Z
315,11,5,48.35,standard,2026-07-04T00:44:58Z
315,11,6,48.35,standard,2026-07-04T00:44:58Z
316,27,1,48.35,standard,2026-07-04T00:44:58Z
316,27,27,48.35,standard,2026-07-04T00:44:58Z
316,27,28,48.35,standard,2026-07-04T00:44:58Z
316,25,26,48.35,standard,2026-07-04T00:44:58Z
316,25,27,48.35,standard,2026-07-04T00:44:58Z
316,26,21,48.35,standard,2026-07-04T00:44:58Z
316,26,22,48.35,standard,2026-07-04T00:44:58Z
316,28,11,48.35,standard,2026-07-04T00:44:58Z
316,28,12,48.35,standard,2026-07-04T00:44:58Z
316,28,13,48.35,standard,2026-07-04T00:44:58Z
316,28,25,48.35,standard,2026-07-04T00:44:58Z
316,28,26,48.35,standard,2026-07-04T00:44:58Z
316,28,27,48.35,standard,2026-07-04T00:44:58Z
316,28,28,48.35,standard,2026-07-04T00:44:58Z
316,28,29,48.35,standard,2026-07-04T00:44:58Z
316,28,30,48.35,standard,2026-07-04T00:44:58Z
317,11,16,48.35,standard,2026-07-04T00:44:58Z
317,11,17,48.35,standard,2026-07-04T00:44:58Z
317,11,18,48.35,standard,2026-07-04T00:44:58Z
317,11,8,48.35,standard,2026-07-04T00:44:58Z
317,11,9,48.35,standard,2026-07-04T00:44:58Z
317,12,10,48.35,standard,2026-07-04T00:44:58Z
317,12,11,48.35,standard,2026-07-04T00:44:58Z
317,12,9,48.35,standard,2026-07-04T00:44:58Z
317,14,6,48.35,standard,2026-07-04T00:44:58Z
317,14,7,48.35,standard,2026-07-04T00:44:58Z
317,14,8,48.35,standard,2026-07-04T00:44:58Z
317,14,9,48.35,standard,2026-07-04T00:44:58Z
317,9,15,48.35,standard,2026-07-04T00:44:58Z
317,9,16,48.35,standard,2026-07-04T00:44:58Z
317,9,17,48.35,standard,2026-07-04T00:44:58Z
317,6,8,48.35,standard,2026-07-04T00:44:58Z
317,6,9,48.35,standard,2026-07-04T00:44:58Z
317,6,10,48.35,standard,2026-07-04T00:44:58Z
317,6,11,48.35,standard,2026-07-04T00:44:58Z
317,7,14,48.35,standard,2026-07-04T00:44:58Z
318,10,12,48.35,standard,2026-07-04T00:44:58Z
318,10,13,48.35,standard,2026-07-04T00:44:58Z
318,15,13,48.35,standard,2026-07-04T00:44:58Z
318,15,14,48.35,standard,2026-07-04T00:44:58Z
318,8,8,48.35,standard,2026-07-04T00:44:58Z
318,8,9,48.35,standard,2026-07-04T00:44:58Z
318,3,14,48.35,standard,2026-07-04T00:44:58Z
318,7,10,48.35,standard,2026-07-04T00:44:58Z
318,7,11,48.35,standard,2026-07-04T00:44:58Z
319,12,17,48.35,standard,2026-07-04T00:44:58Z
319,8,11,48.35,standard,2026-07-04T00:44:58Z
319,7,8,48.35,standard,2026-07-04T00:44:58Z
319,7,9,48.35,standard,2026-07-04T00:44:58Z
320,10,13,48.35,standard,2026-07-04T00:44:58Z
320,10,14,48.35,standard,2026-07-04T00:44:58Z
320,10,15,48.35,standard,2026-07-04T00:44:58Z
320,12,10,48.35,standard,2026-07-04T00:44:58Z
320,12,11,48.35,standard,2026-07-04T00:44:58Z
320,12,9,48.35,standard,2026-07-04T00:44:58Z
320,9,13,48.35,standard,2026-07-04T00:44:58Z
320,9,14,48.35,standard,2026-07-04T00:44:58Z
321,10,2,48.35,standard,2026-07-04T00:44:58Z
321,10,3,48.35,standard,2026-07-04T00:44:58Z
321,10,4,48.35,standard,2026-07-04T00:44:58Z
321,11,19,48.35,standard,2026-07-04T00:44:58Z
321,13,13,48.35,standard,2026-07-04T00:44:58Z
321,13,14,48.35,standard,2026-07-04T00:44:58Z
321,13,15,48.35,standard,2026-07-04T00:44:58Z
321,13,16,48.35,standard,2026-07-04T00:44:58Z
321,13,17,48.35,standard,2026-07-04T00:44:58Z
321,14,10,48.35,standard,2026-07-04T00:44:58Z
321,14,11,48.35,standard,2026-07-04T00:44:58Z
321,14,12,48.35,standard,2026-07-04T00:44:58Z
321,14,13,48.35,standard,2026-07-04T00:44:58Z
321,14,5,48.35,standard,2026-07-04T00:44:58Z
321,14,6,48.35,standard,2026-07-04T00:44:58Z
321,14,8,48.35,standard,2026-07-04T00:44:58Z
321,14,9,48.35,standard,2026-07-04T00:44:58Z
321,15,10,48.35,standard,2026-07-04T00:44:58Z
321,15,11,48.35,standard,2026-07-04T00:44:58Z
321,15,12,48.35,standard,2026-07-04T00:44:58Z
321,15,13,48.35,standard,2026-07-04T00:44:58Z
321,15,14,48.35,standard,2026-07-04T00:44:58Z
321,15,15,48.35,standard,2026-07-04T00:44:58Z
321,15,16,48.35,standard,2026-07-04T00:44:58Z
321,15,17,48.35,standard,2026-07-04T00:44:58Z
321,15,5,48.35,standard,2026-07-04T00:44:58Z
321,15,7,48.35,standard,2026-07-04T00:44:58Z
321,15,8,48.35,standard,2026-07-04T00:44:58Z
321,15,9,48.35,standard,2026-07-04T00:44:58Z
321,8,5,48.35,standard,2026-07-04T00:44:58Z
321,9,7,48.35,standard,2026-07-04T00:44:58Z
321,9,8,48.35,standard,2026-07-04T00:44:58Z
321,9,9,48.35,standard,2026-07-04T00:44:58Z
321,9,10,48.35,standard,2026-07-04T00:44:58Z
321,4,10,48.35,standard,2026-07-04T00:44:58Z
321,4,11,48.35,standard,2026-07-04T00:44:58Z
321,6,13,48.35,standard,2026-07-04T00:44:58Z
321,6,14,48.35,standard,2026-07-04T00:44:58Z
321,7,11,48.35,standard,2026-07-04T00:44:58Z
321,7,12,48.35,standard,2026-07-04T00:44:58Z
322,10,13,48.35,standard,2026-07-04T00:44:58Z
322,10,14,48.35,standard,2026-07-04T00:44:58Z
322,10,15,48.35,standard,2026-07-04T00:44:58Z
322,10,7,48.35,standard,2026-07-04T00:44:58Z
322,10,8,48.35,standard,2026-07-04T00:44:58Z
322,11,15,48.35,standard,2026-07-04T00:44:58Z
322,11,16,48.35,standard,2026-07-04T00:44:58Z
322,11,17,48.35,standard,2026-07-04T00:44:58Z
322,11,5,48.35,standard,2026-07-04T00:44:58Z
322,11,6,48.35,standard,2026-07-04T00:44:58Z
322,12,12,48.35,standard,2026-07-04T00:44:58Z
322,12,13,48.35,standard,2026-07-04T00:44:58Z
322,14,17,48.35,standard,2026-07-04T00:44:58Z
322,14,18,48.35,standard,2026-07-04T00:44:58Z
322,9,4,48.35,standard,2026-07-04T00:44:58Z
322,9,5,48.35,standard,2026-07-04T00:44:58Z
322,9,11,48.35,standard,2026-07-04T00:44:58Z
322,9,12,48.35,standard,2026-07-04T00:44:58Z
322,9,3,48.35,standard,2026-07-04T00:44:58Z
322,3,8,48.35,standard,2026-07-04T00:44:58Z
322,3,9,48.35,standard,2026-07-04T00:44:58Z
322,3,10,48.35,standard,2026-07-04T00:44:58Z
322,4,8,48.35,standard,2026-07-04T00:44:58Z
322,4,9,48.35,standard,2026-07-04T00:44:58Z
322,5,6,48.35,standard,2026-07-04T00:44:58Z
322,5,7,48.35,standard,2026-07-04T00:44:58Z
322,5,8,48.35,standard,2026-07-04T00:44:58Z
322,5,9,48.35,standard,2026-07-04T00:44:58Z
322,5,10,48.35,standard,2026-07-04T00:44:58Z
322,6,13,48.35,standard,2026-07-04T00:44:58Z
322,6,14,48.35,standard,2026-07-04T00:44:58Z
322,7,9,48.35,standard,2026-07-04T00:44:58Z
322,7,10,48.35,standard,2026-07-04T00:44:58Z
322,7,11,48.35,standard,2026-07-04T00:44:58Z
322,7,12,48.35,standard,2026-07-04T00:44:58Z
323,10,14,45.35,standard,2026-07-04T00:44:58Z
323,10,15,45.35,standard,2026-07-04T00:44:58Z
323,12,13,45.35,standard,2026-07-04T00:44:58Z
323,12,14,45.35,standard,2026-07-04T00:44:58Z
323,12,15,45.35,standard,2026-07-04T00:44:58Z
323,27,10,45.35,standard,2026-07-04T00:44:58Z
323,27,11,45.35,standard,2026-07-04T00:44:58Z
323,27,12,45.35,standard,2026-07-04T00:44:58Z
323,27,13,45.35,standard,2026-07-04T00:44:58Z
323,27,14,45.35,standard,2026-07-04T00:44:58Z
323,27,15,45.35,standard,2026-07-04T00:44:58Z
323,27,16,45.35,standard,2026-07-04T00:44:58Z
323,27,17,45.35,standard,2026-07-04T00:44:58Z
323,27,18,45.35,standard,2026-07-04T00:44:58Z
323,27,19,45.35,standard,2026-07-04T00:44:58Z
323,27,3,45.35,standard,2026-07-04T00:44:58Z
323,27,4,45.35,standard,2026-07-04T00:44:58Z
323,27,5,45.35,standard,2026-07-04T00:44:58Z
323,27,6,45.35,standard,2026-07-04T00:44:58Z
323,27,7,45.35,standard,2026-07-04T00:44:58Z
323,27,8,45.35,standard,2026-07-04T00:44:58Z
323,27,9,45.35,standard,2026-07-04T00:44:58Z
323,25,10,45.35,standard,2026-07-04T00:44:58Z
323,25,11,45.35,standard,2026-07-04T00:44:58Z
323,25,12,45.35,standard,2026-07-04T00:44:58Z
323,25,13,45.35,standard,2026-07-04T00:44:58Z
323,25,14,45.35,standard,2026-07-04T00:44:58Z
323,25,15,45.35,standard,2026-07-04T00:44:58Z
323,25,16,45.35,standard,2026-07-04T00:44:58Z
323,25,17,45.35,standard,2026-07-04T00:44:58Z
323,25,18,45.35,standard,2026-07-04T00:44:58Z
323,25,19,45.35,standard,2026-07-04T00:44:58Z
323,25,5,45.35,standard,2026-07-04T00:44:58Z
323,25,6,45.35,standard,2026-07-04T00:44:58Z
323,25,7,45.35,standard,2026-07-04T00:44:58Z
323,25,8,45.35,standard,2026-07-04T00:44:58Z
323,25,9,45.35,standard,2026-07-04T00:44:58Z
323,26,10,45.35,standard,2026-07-04T00:44:58Z
323,26,11,45.35,standard,2026-07-04T00:44:58Z
323,26,12,45.35,standard,2026-07-04T00:44:58Z
323,26,13,45.35,standard,2026-07-04T00:44:58Z
323,26,14,45.35,standard,2026-07-04T00:44:58Z
323,26,15,45.35,standard,2026-07-04T00:44:58Z
323,26,16,45.35,standard,2026-07-04T00:44:58Z
323,26,17,45.35,standard,2026-07-04T00:44:58Z
323,26,18,45.35,standard,2026-07-04T00:44:58Z
323,26,19,45.35,standard,2026-07-04T00:44:58Z
323,26,2,45.35,standard,2026-07-04T00:44:58Z
323,26,3,45.35,standard,2026-07-04T00:44:58Z
323,26,4,45.35,standard,2026-07-04T00:44:58Z
323,26,5,45.35,standard,2026-07-04T00:44:58Z
323,26,6,45.35,standard,2026-07-04T00:44:58Z
323,26,7,45.35,standard,2026-07-04T00:44:58Z
323,28,10,45.35,standard,2026-07-04T00:44:58Z
323,28,11,45.35,standard,2026-07-04T00:44:58Z
323,28,12,45.35,standard,2026-07-04T00:44:58Z
323,28,13,45.35,standard,2026-07-04T00:44:58Z
323,28,14,45.35,standard,2026-07-04T00:44:58Z
323,28,15,45.35,standard,2026-07-04T00:44:58Z
323,28,16,45.35,standard,2026-07-04T00:44:58Z
323,28,17,45.35,standard,2026-07-04T00:44:58Z
323,28,18,45.35,standard,2026-07-04T00:44:58Z
323,28,19,45.35,standard,2026-07-04T00:44:58Z
323,28,2,45.35,standard,2026-07-04T00:44:58Z
323,28,3,45.35,standard,2026-07-04T00:44:58Z
323,28,4,45.35,standard,2026-07-04T00:44:58Z
323,28,5,45.35,standard,2026-07-04T00:44:58Z
323,28,6,45.35,standard,2026-07-04T00:44:58Z
323,28,7,45.35,standard,2026-07-04T00:44:58Z
323,28,8,45.35,standard,2026-07-04T00:44:58Z
323,28,9,45.35,standard,2026-07-04T00:44:58Z
323,29,10,45.35,standard,2026-07-04T00:44:58Z
323,29,11,45.35,standard,2026-07-04T00:44:58Z
323,29,12,45.35,standard,2026-07-04T00:44:58Z
323,29,13,45.35,standard,2026-07-04T00:44:58Z
323,29,14,45.35,standard,2026-07-04T00:44:58Z
323,29,15,45.35,standard,2026-07-04T00:44:58Z
323,29,16,45.35,standard,2026-07-04T00:44:58Z
323,29,17,45.35,standard,2026-07-04T00:44:58Z
323,29,18,45.35,standard,2026-07-04T00:44:58Z
323,29,19,45.35,standard,2026-07-04T00:44:58Z
323,29,2,45.35,standard,2026-07-04T00:44:58Z
323,29,3,45.35,standard,2026-07-04T00:44:58Z
323,29,4,45.35,standard,2026-07-04T00:44:58Z
323,29,5,45.35,standard,2026-07-04T00:44:58Z
323,29,6,45.35,standard,2026-07-04T00:44:58Z
323,29,7,45.35,standard,2026-07-04T00:44:58Z
323,29,8,45.35,standard,2026-07-04T00:44:58Z
323,29,9,45.35,standard,2026-07-04T00:44:58Z
323,30,10,45.35,standard,2026-07-04T00:44:58Z
323,30,11,45.35,standard,2026-07-04T00:44:58Z
323,30,12,45.35,standard,2026-07-04T00:44:58Z
323,30,13,45.35,standard,2026-07-04T00:44:58Z
323,30,14,45.35,standard,2026-07-04T00:44:58Z
323,30,15,45.35,standard,2026-07-04T00:44:58Z
323,30,16,45.35,standard,2026-07-04T00:44:58Z
323,30,17,45.35,standard,2026-07-04T00:44:58Z
323,30,18,45.35,standard,2026-07-04T00:44:58Z
323,30,19,45.35,standard,2026-07-04T00:44:58Z
323,30,2,45.35,standard,2026-07-04T00:44:58Z
323,30,3,45.35,standard,2026-07-04T00:44:58Z
323,30,4,45.35,standard,2026-07-04T00:44:58Z
323,30,5,45.35,standard,2026-07-04T00:44:58Z
323,30,6,45.35,standard,2026-07-04T00:44:58Z
323,30,7,45.35,standard,2026-07-04T00:44:58Z
323,30,8,45.35,standard,2026-07-04T00:44:58Z
323,30,9,45.35,standard,2026-07-04T00:44:58Z
324,14,10,45.35,standard,2026-07-04T00:44:58Z
324,14,13,45.35,standard,2026-07-04T00:44:58Z
324,14,14,45.35,standard,2026-07-04T00:44:58Z
324,14,15,45.35,standard,2026-07-04T00:44:58Z
324,14,16,45.35,standard,2026-07-04T00:44:58Z
324,14,17,45.35,standard,2026-07-04T00:44:58Z
324,14,6,45.35,standard,2026-07-04T00:44:58Z
324,14,7,45.35,standard,2026-07-04T00:44:58Z
324,14,8,45.35,standard,2026-07-04T00:44:58Z
324,14,9,45.35,standard,2026-07-04T00:44:58Z
324,15,10,45.35,standard,2026-07-04T00:44:58Z
324,15,9,45.35,standard,2026-07-04T00:44:58Z
324,27,10,45.35,standard,2026-07-04T00:44:58Z
324,27,11,45.35,standard,2026-07-04T00:44:58Z
324,27,12,45.35,standard,2026-07-04T00:44:58Z
324,27,13,45.35,standard,2026-07-04T00:44:58Z
324,27,14,45.35,standard,2026-07-04T00:44:58Z
324,27,15,45.35,standard,2026-07-04T00:44:58Z
324,27,16,45.35,standard,2026-07-04T00:44:58Z
324,27,17,45.35,standard,2026-07-04T00:44:58Z
324,27,18,45.35,standard,2026-07-04T00:44:58Z
324,27,19,45.35,standard,2026-07-04T00:44:58Z
324,27,20,45.35,standard,2026-07-04T00:44:58Z
324,27,21,45.35,standard,2026-07-04T00:44:58Z
324,27,22,45.35,standard,2026-07-04T00:44:58Z
324,27,23,45.35,standard,2026-07-04T00:44:58Z
324,27,3,45.35,standard,2026-07-04T00:44:58Z
324,27,4,45.35,standard,2026-07-04T00:44:58Z
324,27,5,45.35,standard,2026-07-04T00:44:58Z
324,27,6,45.35,standard,2026-07-04T00:44:58Z
324,27,7,45.35,standard,2026-07-04T00:44:58Z
324,27,8,45.35,standard,2026-07-04T00:44:58Z
324,27,9,45.35,standard,2026-07-04T00:44:58Z
324,25,10,45.35,standard,2026-07-04T00:44:58Z
324,25,11,45.35,standard,2026-07-04T00:44:58Z
324,25,12,45.35,standard,2026-07-04T00:44:58Z
324,25,13,45.35,standard,2026-07-04T00:44:58Z
324,25,14,45.35,standard,2026-07-04T00:44:58Z
324,25,15,45.35,standard,2026-07-04T00:44:58Z
324,25,16,45.35,standard,2026-07-04T00:44:58Z
324,25,17,45.35,standard,2026-07-04T00:44:58Z
324,25,18,45.35,standard,2026-07-04T00:44:58Z
324,25,19,45.35,standard,2026-07-04T00:44:58Z
324,25,20,45.35,standard,2026-07-04T00:44:58Z
324,25,21,45.35,standard,2026-07-04T00:44:58Z
324,25,22,45.35,standard,2026-07-04T00:44:58Z
324,25,23,45.35,standard,2026-07-04T00:44:58Z
324,25,3,45.35,standard,2026-07-04T00:44:58Z
324,25,4,45.35,standard,2026-07-04T00:44:58Z
324,25,5,45.35,standard,2026-07-04T00:44:58Z
324,25,6,45.35,standard,2026-07-04T00:44:58Z
324,25,7,45.35,standard,2026-07-04T00:44:58Z
324,25,8,45.35,standard,2026-07-04T00:44:58Z
324,25,9,45.35,standard,2026-07-04T00:44:58Z
324,26,10,45.35,standard,2026-07-04T00:44:58Z
324,26,11,45.35,standard,2026-07-04T00:44:58Z
324,26,12,45.35,standard,2026-07-04T00:44:58Z
324,26,13,45.35,standard,2026-07-04T00:44:58Z
324,26,14,45.35,standard,2026-07-04T00:44:58Z
324,26,15,45.35,standard,2026-07-04T00:44:58Z
324,26,16,45.35,standard,2026-07-04T00:44:58Z
324,26,17,45.35,standard,2026-07-04T00:44:58Z
324,26,18,45.35,standard,2026-07-04T00:44:58Z
324,26,19,45.35,standard,2026-07-04T00:44:58Z
324,26,20,45.35,standard,2026-07-04T00:44:58Z
324,26,21,45.35,standard,2026-07-04T00:44:58Z
324,26,22,45.35,standard,2026-07-04T00:44:58Z
324,26,23,45.35,standard,2026-07-04T00:44:58Z
324,26,3,45.35,standard,2026-07-04T00:44:58Z
324,26,4,45.35,standard,2026-07-04T00:44:58Z
324,26,5,45.35,standard,2026-07-04T00:44:58Z
324,26,6,45.35,standard,2026-07-04T00:44:58Z
324,26,7,45.35,standard,2026-07-04T00:44:58Z
324,26,8,45.35,standard,2026-07-04T00:44:58Z
324,26,9,45.35,standard,2026-07-04T00:44:58Z
324,28,10,45.35,standard,2026-07-04T00:44:58Z
324,28,11,45.35,standard,2026-07-04T00:44:58Z
324,28,12,45.35,standard,2026-07-04T00:44:58Z
324,28,13,45.35,standard,2026-07-04T00:44:58Z
324,28,14,45.35,standard,2026-07-04T00:44:58Z
324,28,15,45.35,standard,2026-07-04T00:44:58Z
324,28,16,45.35,standard,2026-07-04T00:44:58Z
324,28,17,45.35,standard,2026-07-04T00:44:58Z
324,28,18,45.35,standard,2026-07-04T00:44:58Z
324,28,19,45.35,standard,2026-07-04T00:44:58Z
324,28,20,45.35,standard,2026-07-04T00:44:58Z
324,28,21,45.35,standard,2026-07-04T00:44:58Z
324,28,22,45.35,standard,2026-07-04T00:44:58Z
324,28,23,45.35,standard,2026-07-04T00:44:58Z
324,28,3,45.35,standard,2026-07-04T00:44:58Z
324,28,4,45.35,standard,2026-07-04T00:44:58Z
324,28,5,45.35,standard,2026-07-04T00:44:58Z
324,28,6,45.35,standard,2026-07-04T00:44:58Z
324,28,7,45.35,standard,2026-07-04T00:44:58Z
324,28,8,45.35,standard,2026-07-04T00:44:58Z
324,28,9,45.35,standard,2026-07-04T00:44:58Z
324,3,14,45.35,standard,2026-07-04T00:44:58Z
324,6,12,45.35,standard,2026-07-04T00:44:58Z
324,6,13,45.35,standard,2026-07-04T00:44:58Z
324,6,14,45.35,standard,2026-07-04T00:44:58Z
325,1,7,45.35,standard,2026-07-04T00:44:58Z
325,2,6,45.35,standard,2026-07-04T00:44:58Z
325,2,3,45.35,standard,2026-07-04T00:44:58Z
325,4,8,45.35,standard,2026-07-04T00:44:58Z
325,4,9,45.35,standard,2026-07-04T00:44:58Z
325,12,10,45.35,standard,2026-07-04T00:44:58Z
325,12,11,45.35,standard,2026-07-04T00:44:58Z
325,12,12,45.35,standard,2026-07-04T00:44:58Z
325,12,13,45.35,standard,2026-07-04T00:44:58Z
325,12,14,45.35,standard,2026-07-04T00:44:58Z
325,12,15,45.35,standard,2026-07-04T00:44:58Z
325,12,3,45.35,standard,2026-07-04T00:44:58Z
325,12,4,45.35,standard,2026-07-04T00:44:58Z
325,12,5,45.35,standard,2026-07-04T00:44:58Z
325,12,6,45.35,standard,2026-07-04T00:44:58Z
325,12,7,45.35,standard,2026-07-04T00:44:58Z
325,12,8,45.35,standard,2026-07-04T00:44:58Z
325,12,9,45.35,standard,2026-07-04T00:44:58Z
325,13,10,45.35,standard,2026-07-04T00:44:58Z
325,13,11,45.35,standard,2026-07-04T00:44:58Z
325,13,12,45.35,standard,2026-07-04T00:44:58Z
325,13,13,45.35,standard,2026-07-04T00:44:58Z
325,13,14,45.35,standard,2026-07-04T00:44:58Z
325,13,15,45.35,standard,2026-07-04T00:44:58Z
325,13,16,45.35,standard,2026-07-04T00:44:58Z
325,13,4,45.35,standard,2026-07-04T00:44:58Z
325,13,5,45.35,standard,2026-07-04T00:44:58Z
325,13,6,45.35,standard,2026-07-04T00:44:58Z
325,13,7,45.35,standard,2026-07-04T00:44:58Z
325,13,8,45.35,standard,2026-07-04T00:44:58Z
325,13,9,45.35,standard,2026-07-04T00:44:58Z
325,14,10,45.35,standard,2026-07-04T00:44:58Z
325,14,11,45.35,standard,2026-07-04T00:44:58Z
325,14,12,45.35,standard,2026-07-04T00:44:58Z
325,14,13,45.35,standard,2026-07-04T00:44:58Z
325,14,14,45.35,standard,2026-07-04T00:44:58Z
325,14,15,45.35,standard,2026-07-04T00:44:58Z
325,14,16,45.35,standard,2026-07-04T00:44:58Z
325,14,3,45.35,standard,2026-07-04T00:44:58Z
325,14,4,45.35,standard,2026-07-04T00:44:58Z
325,14,5,45.35,standard,2026-07-04T00:44:58Z
325,14,6,45.35,standard,2026-07-04T00:44:58Z
325,14,7,45.35,standard,2026-07-04T00:44:58Z
325,14,8,45.35,standard,2026-07-04T00:44:58Z
325,14,9,45.35,standard,2026-07-04T00:44:58Z
325,15,10,45.35,standard,2026-07-04T00:44:58Z
325,15,11,45.35,standard,2026-07-04T00:44:58Z
325,15,12,45.35,standard,2026-07-04T00:44:58Z
325,15,13,45.35,standard,2026-07-04T00:44:58Z
325,15,14,45.35,standard,2026-07-04T00:44:58Z
325,15,17,45.35,standard,2026-07-04T00:44:58Z
325,15,18,45.35,standard,2026-07-04T00:44:58Z
325,15,2,45.35,standard,2026-07-04T00:44:58Z
325,15,3,45.35,standard,2026-07-04T00:44:58Z
325,15,4,45.35,standard,2026-07-04T00:44:58Z
325,15,5,45.35,standard,2026-07-04T00:44:58Z
325,15,6,45.35,standard,2026-07-04T00:44:58Z
325,15,7,45.35,standard,2026-07-04T00:44:58Z
325,15,8,45.35,standard,2026-07-04T00:44:58Z
325,15,9,45.35,standard,2026-07-04T00:44:58Z
325,27,10,45.35,standard,2026-07-04T00:44:58Z
325,27,11,45.35,standard,2026-07-04T00:44:58Z
325,27,12,45.35,standard,2026-07-04T00:44:58Z
325,27,13,45.35,standard,2026-07-04T00:44:58Z
325,27,14,45.35,standard,2026-07-04T00:44:58Z
325,27,15,45.35,standard,2026-07-04T00:44:58Z
325,27,16,45.35,standard,2026-07-04T00:44:58Z
325,27,17,45.35,standard,2026-07-04T00:44:58Z
325,27,18,45.35,standard,2026-07-04T00:44:58Z
325,27,19,45.35,standard,2026-07-04T00:44:58Z
325,27,20,45.35,standard,2026-07-04T00:44:58Z
325,27,3,45.35,standard,2026-07-04T00:44:58Z
325,27,4,45.35,standard,2026-07-04T00:44:58Z
325,27,5,45.35,standard,2026-07-04T00:44:58Z
325,27,6,45.35,standard,2026-07-04T00:44:58Z
325,27,7,45.35,standard,2026-07-04T00:44:58Z
325,27,8,45.35,standard,2026-07-04T00:44:58Z
325,27,9,45.35,standard,2026-07-04T00:44:58Z
325,25,10,45.35,standard,2026-07-04T00:44:58Z
325,25,11,45.35,standard,2026-07-04T00:44:58Z
325,25,12,45.35,standard,2026-07-04T00:44:58Z
325,25,13,45.35,standard,2026-07-04T00:44:58Z
325,25,14,45.35,standard,2026-07-04T00:44:58Z
325,25,15,45.35,standard,2026-07-04T00:44:58Z
325,25,16,45.35,standard,2026-07-04T00:44:58Z
325,25,17,45.35,standard,2026-07-04T00:44:58Z
325,25,18,45.35,standard,2026-07-04T00:44:58Z
325,25,19,45.35,standard,2026-07-04T00:44:58Z
325,25,20,45.35,standard,2026-07-04T00:44:58Z
325,25,3,45.35,standard,2026-07-04T00:44:58Z
325,25,4,45.35,standard,2026-07-04T00:44:58Z
325,25,5,45.35,standard,2026-07-04T00:44:58Z
325,25,6,45.35,standard,2026-07-04T00:44:58Z
325,25,7,45.35,standard,2026-07-04T00:44:58Z
325,25,8,45.35,standard,2026-07-04T00:44:58Z
325,25,9,45.35,standard,2026-07-04T00:44:58Z
325,26,10,45.35,standard,2026-07-04T00:44:58Z
325,26,11,45.35,standard,2026-07-04T00:44:58Z
325,26,12,45.35,standard,2026-07-04T00:44:58Z
325,26,13,45.35,standard,2026-07-04T00:44:58Z
325,26,14,45.35,standard,2026-07-04T00:44:58Z
325,26,15,45.35,standard,2026-07-04T00:44:58Z
325,26,16,45.35,standard,2026-07-04T00:44:58Z
325,26,17,45.35,standard,2026-07-04T00:44:58Z
325,26,18,45.35,standard,2026-07-04T00:44:58Z
325,26,19,45.35,standard,2026-07-04T00:44:58Z
325,26,20,45.35,standard,2026-07-04T00:44:58Z
325,26,3,45.35,standard,2026-07-04T00:44:58Z
325,26,4,45.35,standard,2026-07-04T00:44:58Z
325,26,5,45.35,standard,2026-07-04T00:44:58Z
325,26,6,45.35,standard,2026-07-04T00:44:58Z
325,26,7,45.35,standard,2026-07-04T00:44:58Z
325,26,8,45.35,standard,2026-07-04T00:44:58Z
325,26,9,45.35,standard,2026-07-04T00:44:58Z
325,28,10,45.35,standard,2026-07-04T00:44:58Z
325,28,11,45.35,standard,2026-07-04T00:44:58Z
325,28,12,45.35,standard,2026-07-04T00:44:58Z
325,28,13,45.35,standard,2026-07-04T00:44:58Z
325,28,14,45.35,standard,2026-07-04T00:44:58Z
325,28,15,45.35,standard,2026-07-04T00:44:58Z
325,28,16,45.35,standard,2026-07-04T00:44:58Z
325,28,17,45.35,standard,2026-07-04T00:44:58Z
325,28,18,45.35,standard,2026-07-04T00:44:58Z
325,28,19,45.35,standard,2026-07-04T00:44:58Z
325,28,20,45.35,standard,2026-07-04T00:44:58Z
325,28,21,45.35,standard,2026-07-04T00:44:58Z
325,28,3,45.35,standard,2026-07-04T00:44:58Z
325,28,4,45.35,standard,2026-07-04T00:44:58Z
325,28,5,45.35,standard,2026-07-04T00:44:58Z
325,28,6,45.35,standard,2026-07-04T00:44:58Z
325,28,7,45.35,standard,2026-07-04T00:44:58Z
325,28,8,45.35,standard,2026-07-04T00:44:58Z
325,28,9,45.35,standard,2026-07-04T00:44:58Z
325,29,10,45.35,standard,2026-07-04T00:44:58Z
325,29,11,45.35,standard,2026-07-04T00:44:58Z
325,29,12,45.35,standard,2026-07-04T00:44:58Z
325,29,13,45.35,standard,2026-07-04T00:44:58Z
325,29,14,45.35,standard,2026-07-04T00:44:58Z
325,29,15,45.35,standard,2026-07-04T00:44:58Z
325,29,16,45.35,standard,2026-07-04T00:44:58Z
325,29,17,45.35,standard,2026-07-04T00:44:58Z
325,29,18,45.35,standard,2026-07-04T00:44:58Z
325,29,19,45.35,standard,2026-07-04T00:44:58Z
325,29,20,45.35,standard,2026-07-04T00:44:58Z
325,29,21,45.35,standard,2026-07-04T00:44:58Z
325,29,3,45.35,standard,2026-07-04T00:44:58Z
325,29,4,45.35,standard,2026-07-04T00:44:58Z
325,29,5,45.35,standard,2026-07-04T00:44:58Z
325,29,6,45.35,standard,2026-07-04T00:44:58Z
325,29,7,45.35,standard,2026-07-04T00:44:58Z
325,29,8,45.35,standard,2026-07-04T00:44:58Z
325,29,9,45.35,standard,2026-07-04T00:44:58Z
325,30,10,45.35,standard,2026-07-04T00:44:58Z
325,30,11,45.35,standard,2026-07-04T00:44:58Z
325,30,12,45.35,standard,2026-07-04T00:44:58Z
325,30,13,45.35,standard,2026-07-04T00:44:58Z
325,30,14,45.35,standard,2026-07-04T00:44:58Z
325,30,15,45.35,standard,2026-07-04T00:44:58Z
325,30,16,45.35,standard,2026-07-04T00:44:58Z
325,30,17,45.35,standard,2026-07-04T00:44:58Z
325,30,18,45.35,standard,2026-07-04T00:44:58Z
325,30,19,45.35,standard,2026-07-04T00:44:58Z
325,30,20,45.35,standard,2026-07-04T00:44:58Z
325,30,21,45.35,standard,2026-07-04T00:44:58Z
325,30,3,45.35,standard,2026-07-04T00:44:58Z
325,30,4,45.35,standard,2026-07-04T00:44:58Z
325,30,5,45.35,standard,2026-07-04T00:44:58Z
325,30,6,45.35,standard,2026-07-04T00:44:58Z
325,30,7,45.35,standard,2026-07-04T00:44:58Z
325,30,8,45.35,standard,2026-07-04T00:44:58Z
325,30,9,45.35,standard,2026-07-04T00:44:58Z
325,9,7,45.35,standard,2026-07-04T00:44:58Z
325,9,8,45.35,standard,2026-07-04T00:44:58Z
325,9,9,45.35,standard,2026-07-04T00:44:58Z
326,10,10,45.35,standard,2026-07-04T00:44:58Z
326,10,3,45.35,standard,2026-07-04T00:44:58Z
326,10,4,45.35,standard,2026-07-04T00:44:58Z
326,10,7,45.35,standard,2026-07-04T00:44:58Z
326,10,8,45.35,standard,2026-07-04T00:44:58Z
326,10,9,45.35,standard,2026-07-04T00:44:58Z
326,11,10,45.35,standard,2026-07-04T00:44:58Z
326,11,11,45.35,standard,2026-07-04T00:44:58Z
326,11,12,45.35,standard,2026-07-04T00:44:58Z
326,11,13,45.35,standard,2026-07-04T00:44:58Z
326,11,14,45.35,standard,2026-07-04T00:44:58Z
326,11,15,45.35,standard,2026-07-04T00:44:58Z
326,12,10,45.35,standard,2026-07-04T00:44:58Z
326,12,11,45.35,standard,2026-07-04T00:44:58Z
326,12,12,45.35,standard,2026-07-04T00:44:58Z
326,12,13,45.35,standard,2026-07-04T00:44:58Z
326,12,14,45.35,standard,2026-07-04T00:44:58Z
326,12,15,45.35,standard,2026-07-04T00:44:58Z
326,12,7,45.35,standard,2026-07-04T00:44:58Z
326,12,8,45.35,standard,2026-07-04T00:44:58Z
326,12,9,45.35,standard,2026-07-04T00:44:58Z
326,13,10,45.35,standard,2026-07-04T00:44:58Z
326,13,11,45.35,standard,2026-07-04T00:44:58Z
326,13,12,45.35,standard,2026-07-04T00:44:58Z
326,13,13,45.35,standard,2026-07-04T00:44:58Z
326,13,14,45.35,standard,2026-07-04T00:44:58Z
326,13,15,45.35,standard,2026-07-04T00:44:58Z
326,13,16,45.35,standard,2026-07-04T00:44:58Z
326,13,17,45.35,standard,2026-07-04T00:44:58Z
326,13,18,45.35,standard,2026-07-04T00:44:58Z
326,13,19,45.35,standard,2026-07-04T00:44:58Z
326,13,4,45.35,standard,2026-07-04T00:44:58Z
326,13,5,45.35,standard,2026-07-04T00:44:58Z
326,13,6,45.35,standard,2026-07-04T00:44:58Z
326,13,7,45.35,standard,2026-07-04T00:44:58Z
326,13,8,45.35,standard,2026-07-04T00:44:58Z
326,13,9,45.35,standard,2026-07-04T00:44:58Z
326,14,10,45.35,standard,2026-07-04T00:44:58Z
326,14,11,45.35,standard,2026-07-04T00:44:58Z
326,14,12,45.35,standard,2026-07-04T00:44:58Z
326,14,13,45.35,standard,2026-07-04T00:44:58Z
326,14,14,45.35,standard,2026-07-04T00:44:58Z
326,14,15,45.35,standard,2026-07-04T00:44:58Z
326,14,16,45.35,standard,2026-07-04T00:44:58Z
326,14,2,45.35,standard,2026-07-04T00:44:58Z
326,14,3,45.35,standard,2026-07-04T00:44:58Z
326,14,4,45.35,standard,2026-07-04T00:44:58Z
326,14,5,45.35,standard,2026-07-04T00:44:58Z
326,14,6,45.35,standard,2026-07-04T00:44:58Z
326,14,7,45.35,standard,2026-07-04T00:44:58Z
326,14,8,45.35,standard,2026-07-04T00:44:58Z
326,14,9,45.35,standard,2026-07-04T00:44:58Z
326,15,10,45.35,standard,2026-07-04T00:44:58Z
326,15,11,45.35,standard,2026-07-04T00:44:58Z
326,15,12,45.35,standard,2026-07-04T00:44:58Z
326,15,13,45.35,standard,2026-07-04T00:44:58Z
326,15,14,45.35,standard,2026-07-04T00:44:58Z
326,15,15,45.35,standard,2026-07-04T00:44:58Z
326,15,16,45.35,standard,2026-07-04T00:44:58Z
326,15,17,45.35,standard,2026-07-04T00:44:58Z
326,15,18,45.35,standard,2026-07-04T00:44:58Z
326,15,19,45.35,standard,2026-07-04T00:44:58Z
326,15,2,45.35,standard,2026-07-04T00:44:58Z
326,15,3,45.35,standard,2026-07-04T00:44:58Z
326,15,4,45.35,standard,2026-07-04T00:44:58Z
326,15,5,45.35,standard,2026-07-04T00:44:58Z
326,15,6,45.35,standard,2026-07-04T00:44:58Z
326,15,7,45.35,standard,2026-07-04T00:44:58Z
326,15,8,45.35,standard,2026-07-04T00:44:58Z
326,15,9,45.35,standard,2026-07-04T00:44:58Z
326,27,10,45.35,standard,2026-07-04T00:44:58Z
326,27,11,45.35,standard,2026-07-04T00:44:58Z
326,27,12,45.35,standard,2026-07-04T00:44:58Z
326,27,13,45.35,standard,2026-07-04T00:44:58Z
326,27,14,45.35,standard,2026-07-04T00:44:58Z
326,27,15,45.35,standard,2026-07-04T00:44:58Z
326,27,16,45.35,standard,2026-07-04T00:44:58Z
326,27,17,45.35,standard,2026-07-04T00:44:58Z
326,27,18,45.35,standard,2026-07-04T00:44:58Z
326,27,19,45.35,standard,2026-07-04T00:44:58Z
326,27,2,45.35,standard,2026-07-04T00:44:58Z
326,27,3,45.35,standard,2026-07-04T00:44:58Z
326,27,4,45.35,standard,2026-07-04T00:44:58Z
326,27,5,45.35,standard,2026-07-04T00:44:58Z
326,27,6,45.35,standard,2026-07-04T00:44:58Z
326,27,7,45.35,standard,2026-07-04T00:44:58Z
326,27,8,45.35,standard,2026-07-04T00:44:58Z
326,27,9,45.35,standard,2026-07-04T00:44:58Z
326,25,10,45.35,standard,2026-07-04T00:44:58Z
326,25,11,45.35,standard,2026-07-04T00:44:58Z
326,25,12,45.35,standard,2026-07-04T00:44:58Z
326,25,13,45.35,standard,2026-07-04T00:44:58Z
326,25,14,45.35,standard,2026-07-04T00:44:58Z
326,25,15,45.35,standard,2026-07-04T00:44:58Z
326,25,16,45.35,standard,2026-07-04T00:44:58Z
326,25,17,45.35,standard,2026-07-04T00:44:58Z
326,25,18,45.35,standard,2026-07-04T00:44:58Z
326,25,19,45.35,standard,2026-07-04T00:44:58Z
326,25,2,45.35,standard,2026-07-04T00:44:58Z
326,25,3,45.35,standard,2026-07-04T00:44:58Z
326,25,4,45.35,standard,2026-07-04T00:44:58Z
326,25,5,45.35,standard,2026-07-04T00:44:58Z
326,25,6,45.35,standard,2026-07-04T00:44:58Z
326,25,7,45.35,standard,2026-07-04T00:44:58Z
326,25,8,45.35,standard,2026-07-04T00:44:58Z
326,25,9,45.35,standard,2026-07-04T00:44:58Z
326,26,10,45.35,standard,2026-07-04T00:44:58Z
326,26,11,45.35,standard,2026-07-04T00:44:58Z
326,26,12,45.35,standard,2026-07-04T00:44:58Z
326,26,13,45.35,standard,2026-07-04T00:44:58Z
326,26,14,45.35,standard,2026-07-04T00:44:58Z
326,26,15,45.35,standard,2026-07-04T00:44:58Z
326,26,16,45.35,standard,2026-07-04T00:44:58Z
326,26,17,45.35,standard,2026-07-04T00:44:58Z
326,26,18,45.35,standard,2026-07-04T00:44:58Z
326,26,19,45.35,standard,2026-07-04T00:44:58Z
326,26,2,45.35,standard,2026-07-04T00:44:58Z
326,26,3,45.35,standard,2026-07-04T00:44:58Z
326,26,4,45.35,standard,2026-07-04T00:44:58Z
326,26,5,45.35,standard,2026-07-04T00:44:58Z
326,26,6,45.35,standard,2026-07-04T00:44:58Z
326,26,7,45.35,standard,2026-07-04T00:44:58Z
326,26,8,45.35,standard,2026-07-04T00:44:58Z
326,26,9,45.35,standard,2026-07-04T00:44:58Z
326,28,10,45.35,standard,2026-07-04T00:44:58Z
326,28,11,45.35,standard,2026-07-04T00:44:58Z
326,28,12,45.35,standard,2026-07-04T00:44:58Z
326,28,13,45.35,standard,2026-07-04T00:44:58Z
326,28,14,45.35,standard,2026-07-04T00:44:58Z
326,28,15,45.35,standard,2026-07-04T00:44:58Z
326,28,16,45.35,standard,2026-07-04T00:44:58Z
326,28,17,45.35,standard,2026-07-04T00:44:58Z
326,28,18,45.35,standard,2026-07-04T00:44:58Z
326,28,19,45.35,standard,2026-07-04T00:44:58Z
326,28,2,45.35,standard,2026-07-04T00:44:58Z
326,28,3,45.35,standard,2026-07-04T00:44:58Z
326,28,4,45.35,standard,2026-07-04T00:44:58Z
326,28,5,45.35,standard,2026-07-04T00:44:58Z
326,28,6,45.35,standard,2026-07-04T00:44:58Z
326,28,7,45.35,standard,2026-07-04T00:44:58Z
326,28,8,45.35,standard,2026-07-04T00:44:58Z
326,28,9,45.35,standard,2026-07-04T00:44:58Z
326,29,10,45.35,standard,2026-07-04T00:44:58Z
326,29,11,45.35,standard,2026-07-04T00:44:58Z
326,29,12,45.35,standard,2026-07-04T00:44:58Z
326,29,13,45.35,standard,2026-07-04T00:44:58Z
326,29,14,45.35,standard,2026-07-04T00:44:58Z
326,29,15,45.35,standard,2026-07-04T00:44:58Z
326,29,16,45.35,standard,2026-07-04T00:44:58Z
326,29,17,45.35,standard,2026-07-04T00:44:58Z
326,29,18,45.35,standard,2026-07-04T00:44:58Z
326,29,19,45.35,standard,2026-07-04T00:44:58Z
326,29,2,45.35,standard,2026-07-04T00:44:58Z
326,29,3,45.35,standard,2026-07-04T00:44:58Z
326,29,4,45.35,standard,2026-07-04T00:44:58Z
326,29,5,45.35,standard,2026-07-04T00:44:58Z
326,29,6,45.35,standard,2026-07-04T00:44:58Z
326,29,7,45.35,standard,2026-07-04T00:44:58Z
326,29,8,45.35,standard,2026-07-04T00:44:58Z
326,29,9,45.35,standard,2026-07-04T00:44:58Z
326,30,10,45.35,standard,2026-07-04T00:44:58Z
326,30,11,45.35,standard,2026-07-04T00:44:58Z
326,30,12,45.35,standard,2026-07-04T00:44:58Z
326,30,13,45.35,standard,2026-07-04T00:44:58Z
326,30,14,45.35,standard,2026-07-04T00:44:58Z
326,30,15,45.35,standard,2026-07-04T00:44:58Z
326,30,16,45.35,standard,2026-07-04T00:44:58Z
326,30,17,45.35,standard,2026-07-04T00:44:58Z
326,30,18,45.35,standard,2026-07-04T00:44:58Z
326,30,19,45.35,standard,2026-07-04T00:44:58Z
326,30,2,45.35,standard,2026-07-04T00:44:58Z
326,30,3,45.35,standard,2026-07-04T00:44:58Z
326,30,4,45.35,standard,2026-07-04T00:44:58Z
326,30,5,45.35,standard,2026-07-04T00:44:58Z
326,30,6,45.35,standard,2026-07-04T00:44:58Z
326,30,7,45.35,standard,2026-07-04T00:44:58Z
326,30,8,45.35,standard,2026-07-04T00:44:58Z
326,30,9,45.35,standard,2026-07-04T00:44:58Z
326,9,10,45.35,standard,2026-07-04T00:44:58Z
326,9,11,45.35,standard,2026-07-04T00:44:58Z
326,2,4,45.35,standard,2026-07-04T00:44:58Z
326,2,14,45.35,standard,2026-07-04T00:44:58Z
326,2,15,45.35,standard,2026-07-04T00:44:58Z
326,2,3,45.35,standard,2026-07-04T00:44:58Z
326,3,4,45.35,standard,2026-07-04T00:44:58Z
326,3,13,45.35,standard,2026-07-04T00:44:58Z
326,3,14,45.35,standard,2026-07-04T00:44:58Z
327,1,17,45.35,standard,2026-07-04T00:44:58Z
327,3,6,45.35,standard,2026-07-04T00:44:58Z
327,3,7,45.35,standard,2026-07-04T00:44:58Z
327,10,12,45.35,standard,2026-07-04T00:44:58Z
327,10,13,45.35,standard,2026-07-04T00:44:58Z
327,10,14,45.35,standard,2026-07-04T00:44:58Z
327,11,10,45.35,standard,2026-07-04T00:44:58Z
327,11,11,45.35,standard,2026-07-04T00:44:58Z
327,11,12,45.35,standard,2026-07-04T00:44:58Z
327,11,13,45.35,standard,2026-07-04T00:44:58Z
327,11,14,45.35,standard,2026-07-04T00:44:58Z
327,11,15,45.35,standard,2026-07-04T00:44:58Z
327,11,16,45.35,standard,2026-07-04T00:44:58Z
327,11,17,45.35,standard,2026-07-04T00:44:58Z
327,11,18,45.35,standard,2026-07-04T00:44:58Z
327,11,19,45.35,standard,2026-07-04T00:44:58Z
327,11,4,45.35,standard,2026-07-04T00:44:58Z
327,11,5,45.35,standard,2026-07-04T00:44:58Z
327,11,6,45.35,standard,2026-07-04T00:44:58Z
327,11,7,45.35,standard,2026-07-04T00:44:58Z
327,11,8,45.35,standard,2026-07-04T00:44:58Z
327,11,9,45.35,standard,2026-07-04T00:44:58Z
327,12,10,45.35,standard,2026-07-04T00:44:58Z
327,12,11,45.35,standard,2026-07-04T00:44:58Z
327,12,12,45.35,standard,2026-07-04T00:44:58Z
327,12,13,45.35,standard,2026-07-04T00:44:58Z
327,12,14,45.35,standard,2026-07-04T00:44:58Z
327,12,15,45.35,standard,2026-07-04T00:44:58Z
327,12,16,45.35,standard,2026-07-04T00:44:58Z
327,12,17,45.35,standard,2026-07-04T00:44:58Z
327,12,18,45.35,standard,2026-07-04T00:44:58Z
327,12,19,45.35,standard,2026-07-04T00:44:58Z
327,12,3,45.35,standard,2026-07-04T00:44:58Z
327,12,4,45.35,standard,2026-07-04T00:44:58Z
327,12,5,45.35,standard,2026-07-04T00:44:58Z
327,12,6,45.35,standard,2026-07-04T00:44:58Z
327,12,7,45.35,standard,2026-07-04T00:44:58Z
327,12,8,45.35,standard,2026-07-04T00:44:58Z
327,12,9,45.35,standard,2026-07-04T00:44:58Z
327,13,10,45.35,standard,2026-07-04T00:44:58Z
327,13,11,45.35,standard,2026-07-04T00:44:58Z
327,13,12,45.35,standard,2026-07-04T00:44:58Z
327,13,13,45.35,standard,2026-07-04T00:44:58Z
327,13,14,45.35,standard,2026-07-04T00:44:58Z
327,13,15,45.35,standard,2026-07-04T00:44:58Z
327,13,16,45.35,standard,2026-07-04T00:44:58Z
327,13,17,45.35,standard,2026-07-04T00:44:58Z
327,13,18,45.35,standard,2026-07-04T00:44:58Z
327,13,19,45.35,standard,2026-07-04T00:44:58Z
327,13,2,45.35,standard,2026-07-04T00:44:58Z
327,13,3,45.35,standard,2026-07-04T00:44:58Z
327,13,4,45.35,standard,2026-07-04T00:44:58Z
327,13,5,45.35,standard,2026-07-04T00:44:58Z
327,13,6,45.35,standard,2026-07-04T00:44:58Z
327,13,7,45.35,standard,2026-07-04T00:44:58Z
327,13,8,45.35,standard,2026-07-04T00:44:58Z
327,13,9,45.35,standard,2026-07-04T00:44:58Z
327,14,10,45.35,standard,2026-07-04T00:44:58Z
327,14,11,45.35,standard,2026-07-04T00:44:58Z
327,14,12,45.35,standard,2026-07-04T00:44:58Z
327,14,13,45.35,standard,2026-07-04T00:44:58Z
327,14,14,45.35,standard,2026-07-04T00:44:58Z
327,14,15,45.35,standard,2026-07-04T00:44:58Z
327,14,16,45.35,standard,2026-07-04T00:44:58Z
327,14,17,45.35,standard,2026-07-04T00:44:58Z
327,14,18,45.35,standard,2026-07-04T00:44:58Z
327,14,19,45.35,standard,2026-07-04T00:44:58Z
327,14,2,45.35,standard,2026-07-04T00:44:58Z
327,14,3,45.35,standard,2026-07-04T00:44:58Z
327,14,4,45.35,standard,2026-07-04T00:44:58Z
327,14,5,45.35,standard,2026-07-04T00:44:58Z
327,14,6,45.35,standard,2026-07-04T00:44:58Z
327,14,7,45.35,standard,2026-07-04T00:44:58Z
327,14,8,45.35,standard,2026-07-04T00:44:58Z
327,14,9,45.35,standard,2026-07-04T00:44:58Z
327,15,10,45.35,standard,2026-07-04T00:44:58Z
327,15,11,45.35,standard,2026-07-04T00:44:58Z
327,15,12,45.35,standard,2026-07-04T00:44:58Z
327,15,13,45.35,standard,2026-07-04T00:44:58Z
327,15,14,45.35,standard,2026-07-04T00:44:58Z
327,15,15,45.35,standard,2026-07-04T00:44:58Z
327,15,16,45.35,standard,2026-07-04T00:44:58Z
327,15,17,45.35,standard,2026-07-04T00:44:58Z
327,15,18,45.35,standard,2026-07-04T00:44:58Z
327,15,19,45.35,standard,2026-07-04T00:44:58Z
327,15,3,45.35,standard,2026-07-04T00:44:58Z
327,15,4,45.35,standard,2026-07-04T00:44:58Z
327,15,5,45.35,standard,2026-07-04T00:44:58Z
327,15,6,45.35,standard,2026-07-04T00:44:58Z
327,15,7,45.35,standard,2026-07-04T00:44:58Z
327,15,8,45.35,standard,2026-07-04T00:44:58Z
327,15,9,45.35,standard,2026-07-04T00:44:58Z
327,27,10,45.35,standard,2026-07-04T00:44:58Z
327,27,11,45.35,standard,2026-07-04T00:44:58Z
327,27,12,45.35,standard,2026-07-04T00:44:58Z
327,27,13,45.35,standard,2026-07-04T00:44:58Z
327,27,14,45.35,standard,2026-07-04T00:44:58Z
327,27,15,45.35,standard,2026-07-04T00:44:58Z
327,27,16,45.35,standard,2026-07-04T00:44:58Z
327,27,17,45.35,standard,2026-07-04T00:44:58Z
327,27,18,45.35,standard,2026-07-04T00:44:58Z
327,27,19,45.35,standard,2026-07-04T00:44:58Z
327,27,2,45.35,standard,2026-07-04T00:44:58Z
327,27,3,45.35,standard,2026-07-04T00:44:58Z
327,27,4,45.35,standard,2026-07-04T00:44:58Z
327,27,5,45.35,standard,2026-07-04T00:44:58Z
327,27,6,45.35,standard,2026-07-04T00:44:58Z
327,27,7,45.35,standard,2026-07-04T00:44:58Z
327,27,8,45.35,standard,2026-07-04T00:44:58Z
327,27,9,45.35,standard,2026-07-04T00:44:58Z
327,25,10,45.35,standard,2026-07-04T00:44:58Z
327,25,11,45.35,standard,2026-07-04T00:44:58Z
327,25,12,45.35,standard,2026-07-04T00:44:58Z
327,25,13,45.35,standard,2026-07-04T00:44:58Z
327,25,14,45.35,standard,2026-07-04T00:44:58Z
327,25,15,45.35,standard,2026-07-04T00:44:58Z
327,25,16,45.35,standard,2026-07-04T00:44:58Z
327,25,17,45.35,standard,2026-07-04T00:44:58Z
327,25,18,45.35,standard,2026-07-04T00:44:58Z
327,25,19,45.35,standard,2026-07-04T00:44:58Z
327,25,2,45.35,standard,2026-07-04T00:44:58Z
327,25,3,45.35,standard,2026-07-04T00:44:58Z
327,25,4,45.35,standard,2026-07-04T00:44:58Z
327,25,5,45.35,standard,2026-07-04T00:44:58Z
327,25,6,45.35,standard,2026-07-04T00:44:58Z
327,25,7,45.35,standard,2026-07-04T00:44:58Z
327,25,8,45.35,standard,2026-07-04T00:44:58Z
327,25,9,45.35,standard,2026-07-04T00:44:58Z
327,26,10,45.35,standard,2026-07-04T00:44:58Z
327,26,11,45.35,standard,2026-07-04T00:44:58Z
327,26,12,45.35,standard,2026-07-04T00:44:58Z
327,26,13,45.35,standard,2026-07-04T00:44:58Z
327,26,14,45.35,standard,2026-07-04T00:44:58Z
327,26,15,45.35,standard,2026-07-04T00:44:58Z
327,26,16,45.35,standard,2026-07-04T00:44:58Z
327,26,17,45.35,standard,2026-07-04T00:44:58Z
327,26,18,45.35,standard,2026-07-04T00:44:58Z
327,26,19,45.35,standard,2026-07-04T00:44:58Z
327,26,2,45.35,standard,2026-07-04T00:44:58Z
327,26,3,45.35,standard,2026-07-04T00:44:58Z
327,26,4,45.35,standard,2026-07-04T00:44:58Z
327,26,5,45.35,standard,2026-07-04T00:44:58Z
327,26,6,45.35,standard,2026-07-04T00:44:58Z
327,26,7,45.35,standard,2026-07-04T00:44:58Z
327,26,8,45.35,standard,2026-07-04T00:44:58Z
327,26,9,45.35,standard,2026-07-04T00:44:58Z
327,28,10,45.35,standard,2026-07-04T00:44:58Z
327,28,11,45.35,standard,2026-07-04T00:44:58Z
327,28,12,45.35,standard,2026-07-04T00:44:58Z
327,28,13,45.35,standard,2026-07-04T00:44:58Z
327,28,14,45.35,standard,2026-07-04T00:44:58Z
327,28,15,45.35,standard,2026-07-04T00:44:58Z
327,28,16,45.35,standard,2026-07-04T00:44:58Z
327,28,17,45.35,standard,2026-07-04T00:44:58Z
327,28,18,45.35,standard,2026-07-04T00:44:58Z
327,28,19,45.35,standard,2026-07-04T00:44:58Z
327,28,2,45.35,standard,2026-07-04T00:44:58Z
327,28,3,45.35,standard,2026-07-04T00:44:58Z
327,28,4,45.35,standard,2026-07-04T00:44:58Z
327,28,5,45.35,standard,2026-07-04T00:44:58Z
327,28,6,45.35,standard,2026-07-04T00:44:58Z
327,28,7,45.35,standard,2026-07-04T00:44:58Z
327,28,8,45.35,standard,2026-07-04T00:44:58Z
327,28,9,45.35,standard,2026-07-04T00:44:58Z
327,29,10,45.35,standard,2026-07-04T00:44:58Z
327,29,11,45.35,standard,2026-07-04T00:44:58Z
327,29,12,45.35,standard,2026-07-04T00:44:58Z
327,29,13,45.35,standard,2026-07-04T00:44:58Z
327,29,14,45.35,standard,2026-07-04T00:44:58Z
327,29,15,45.35,standard,2026-07-04T00:44:58Z
327,29,16,45.35,standard,2026-07-04T00:44:58Z
327,29,17,45.35,standard,2026-07-04T00:44:58Z
327,29,18,45.35,standard,2026-07-04T00:44:58Z
327,29,19,45.35,standard,2026-07-04T00:44:58Z
327,29,2,45.35,standard,2026-07-04T00:44:58Z
327,29,3,45.35,standard,2026-07-04T00:44:58Z
327,29,4,45.35,standard,2026-07-04T00:44:58Z
327,29,5,45.35,standard,2026-07-04T00:44:58Z
327,29,6,45.35,standard,2026-07-04T00:44:58Z
327,29,7,45.35,standard,2026-07-04T00:44:58Z
327,29,8,45.35,standard,2026-07-04T00:44:58Z
327,29,9,45.35,standard,2026-07-04T00:44:58Z
327,30,10,45.35,standard,2026-07-04T00:44:58Z
327,30,11,45.35,standard,2026-07-04T00:44:58Z
327,30,12,45.35,standard,2026-07-04T00:44:58Z
327,30,13,45.35,standard,2026-07-04T00:44:58Z
327,30,14,45.35,standard,2026-07-04T00:44:58Z
327,30,15,45.35,standard,2026-07-04T00:44:58Z
327,30,16,45.35,standard,2026-07-04T00:44:58Z
327,30,17,45.35,standard,2026-07-04T00:44:58Z
327,30,18,45.35,standard,2026-07-04T00:44:58Z
327,30,19,45.35,standard,2026-07-04T00:44:58Z
327,30,2,45.35,standard,2026-07-04T00:44:58Z
327,30,3,45.35,standard,2026-07-04T00:44:58Z
327,30,4,45.35,standard,2026-07-04T00:44:58Z
327,30,5,45.35,standard,2026-07-04T00:44:58Z
327,30,6,45.35,standard,2026-07-04T00:44:58Z
327,30,7,45.35,standard,2026-07-04T00:44:58Z
327,30,8,45.35,standard,2026-07-04T00:44:58Z
327,30,9,45.35,standard,2026-07-04T00:44:58Z
327,9,11,45.35,standard,2026-07-04T00:44:58Z
327,9,12,45.35,standard,2026-07-04T00:44:58Z
327,9,13,45.35,standard,2026-07-04T00:44:58Z
328,14,15,43.35,standard,2026-07-04T00:44:58Z
328,14,16,43.35,standard,2026-07-04T00:44:58Z
328,16,8,43.35,standard,2026-07-04T00:44:58Z
328,16,9,43.35,standard,2026-07-04T00:44:58Z
328,19,2,43.35,standard,2026-07-04T00:44:58Z
328,19,3,43.35,standard,2026-07-04T00:44:58Z
328,27,10,43.35,standard,2026-07-04T00:44:58Z
328,27,11,43.35,standard,2026-07-04T00:44:58Z
328,27,12,43.35,standard,2026-07-04T00:44:58Z
328,27,13,43.35,standard,2026-07-04T00:44:58Z
328,27,14,43.35,standard,2026-07-04T00:44:58Z
328,27,15,43.35,standard,2026-07-04T00:44:58Z
328,27,16,43.35,standard,2026-07-04T00:44:58Z
328,27,17,43.35,standard,2026-07-04T00:44:58Z
328,27,18,43.35,standard,2026-07-04T00:44:58Z
328,27,19,43.35,standard,2026-07-04T00:44:58Z
328,27,2,43.35,standard,2026-07-04T00:44:58Z
328,27,3,43.35,standard,2026-07-04T00:44:58Z
328,27,4,43.35,standard,2026-07-04T00:44:58Z
328,27,5,43.35,standard,2026-07-04T00:44:58Z
328,27,6,43.35,standard,2026-07-04T00:44:58Z
328,27,7,43.35,standard,2026-07-04T00:44:58Z
328,27,8,43.35,standard,2026-07-04T00:44:58Z
328,27,9,43.35,standard,2026-07-04T00:44:58Z
328,22,10,43.35,standard,2026-07-04T00:44:58Z
328,22,11,43.35,standard,2026-07-04T00:44:58Z
328,22,12,43.35,standard,2026-07-04T00:44:58Z
328,22,13,43.35,standard,2026-07-04T00:44:58Z
328,22,14,43.35,standard,2026-07-04T00:44:58Z
328,22,15,43.35,standard,2026-07-04T00:44:58Z
328,22,16,43.35,standard,2026-07-04T00:44:58Z
328,22,17,43.35,standard,2026-07-04T00:44:58Z
328,22,18,43.35,standard,2026-07-04T00:44:58Z
328,22,19,43.35,standard,2026-07-04T00:44:58Z
328,22,6,43.35,standard,2026-07-04T00:44:58Z
328,22,7,43.35,standard,2026-07-04T00:44:58Z
328,22,8,43.35,standard,2026-07-04T00:44:58Z
328,22,9,43.35,standard,2026-07-04T00:44:58Z
328,24,10,43.35,standard,2026-07-04T00:44:58Z
328,24,11,43.35,standard,2026-07-04T00:44:58Z
328,24,12,43.35,standard,2026-07-04T00:44:58Z
328,24,13,43.35,standard,2026-07-04T00:44:58Z
328,24,14,43.35,standard,2026-07-04T00:44:58Z
328,24,15,43.35,standard,2026-07-04T00:44:58Z
328,24,16,43.35,standard,2026-07-04T00:44:58Z
328,24,17,43.35,standard,2026-07-04T00:44:58Z
328,24,18,43.35,standard,2026-07-04T00:44:58Z
328,24,19,43.35,standard,2026-07-04T00:44:58Z
328,24,2,43.35,standard,2026-07-04T00:44:58Z
328,24,3,43.35,standard,2026-07-04T00:44:58Z
328,24,4,43.35,standard,2026-07-04T00:44:58Z
328,24,5,43.35,standard,2026-07-04T00:44:58Z
328,24,6,43.35,standard,2026-07-04T00:44:58Z
328,24,7,43.35,standard,2026-07-04T00:44:58Z
328,24,8,43.35,standard,2026-07-04T00:44:58Z
328,24,9,43.35,standard,2026-07-04T00:44:58Z
328,29,10,43.35,standard,2026-07-04T00:44:58Z
328,29,11,43.35,standard,2026-07-04T00:44:58Z
328,29,12,43.35,standard,2026-07-04T00:44:58Z
328,29,13,43.35,standard,2026-07-04T00:44:58Z
328,29,14,43.35,standard,2026-07-04T00:44:58Z
328,29,15,43.35,standard,2026-07-04T00:44:58Z
328,29,16,43.35,standard,2026-07-04T00:44:58Z
328,29,17,43.35,standard,2026-07-04T00:44:58Z
328,29,18,43.35,standard,2026-07-04T00:44:58Z
328,29,19,43.35,standard,2026-07-04T00:44:58Z
328,29,2,43.35,standard,2026-07-04T00:44:58Z
328,29,3,43.35,standard,2026-07-04T00:44:58Z
328,29,4,43.35,standard,2026-07-04T00:44:58Z
328,29,5,43.35,standard,2026-07-04T00:44:58Z
328,29,6,43.35,standard,2026-07-04T00:44:58Z
328,29,7,43.35,standard,2026-07-04T00:44:58Z
328,29,8,43.35,standard,2026-07-04T00:44:58Z
328,29,9,43.35,standard,2026-07-04T00:44:58Z
329,18,3,43.35,standard,2026-07-04T00:44:58Z
329,18,4,43.35,standard,2026-07-04T00:44:58Z
329,18,5,43.35,standard,2026-07-04T00:44:58Z
329,18,6,43.35,standard,2026-07-04T00:44:58Z
329,18,7,43.35,standard,2026-07-04T00:44:58Z
329,18,8,43.35,standard,2026-07-04T00:44:58Z
329,18,9,43.35,standard,2026-07-04T00:44:58Z
329,1,3,43.35,standard,2026-07-04T00:44:58Z
329,22,10,43.35,standard,2026-07-04T00:44:58Z
329,22,11,43.35,standard,2026-07-04T00:44:58Z
329,22,12,43.35,standard,2026-07-04T00:44:58Z
329,22,13,43.35,standard,2026-07-04T00:44:58Z
329,22,14,43.35,standard,2026-07-04T00:44:58Z
329,22,15,43.35,standard,2026-07-04T00:44:58Z
329,22,16,43.35,standard,2026-07-04T00:44:58Z
329,22,2,43.35,standard,2026-07-04T00:44:58Z
329,22,3,43.35,standard,2026-07-04T00:44:58Z
329,22,4,43.35,standard,2026-07-04T00:44:58Z
329,22,5,43.35,standard,2026-07-04T00:44:58Z
329,22,6,43.35,standard,2026-07-04T00:44:58Z
329,22,7,43.35,standard,2026-07-04T00:44:58Z
329,22,8,43.35,standard,2026-07-04T00:44:58Z
329,22,9,43.35,standard,2026-07-04T00:44:58Z
329,7,4,43.35,standard,2026-07-04T00:44:58Z
329,7,5,43.35,standard,2026-07-04T00:44:58Z
330,15,10,43.35,standard,2026-07-04T00:44:58Z
330,15,11,43.35,standard,2026-07-04T00:44:58Z
330,15,12,43.35,standard,2026-07-04T00:44:58Z
330,15,13,43.35,standard,2026-07-04T00:44:58Z
330,15,4,43.35,standard,2026-07-04T00:44:58Z
330,15,5,43.35,standard,2026-07-04T00:44:58Z
330,15,6,43.35,standard,2026-07-04T00:44:58Z
330,15,7,43.35,standard,2026-07-04T00:44:58Z
330,15,8,43.35,standard,2026-07-04T00:44:58Z
330,15,9,43.35,standard,2026-07-04T00:44:58Z
330,18,14,43.35,standard,2026-07-04T00:44:58Z
330,18,15,43.35,standard,2026-07-04T00:44:58Z
330,18,16,43.35,standard,2026-07-04T00:44:58Z
330,18,17,43.35,standard,2026-07-04T00:44:58Z
330,18,18,43.35,standard,2026-07-04T00:44:58Z
330,18,19,43.35,standard,2026-07-04T00:44:58Z
330,19,10,43.35,standard,2026-07-04T00:44:58Z
330,19,11,43.35,standard,2026-07-04T00:44:58Z
330,19,12,43.35,standard,2026-07-04T00:44:58Z
330,19,13,43.35,standard,2026-07-04T00:44:58Z
330,19,14,43.35,standard,2026-07-04T00:44:58Z
330,22,10,43.35,standard,2026-07-04T00:44:58Z
330,22,11,43.35,standard,2026-07-04T00:44:58Z
330,22,12,43.35,standard,2026-07-04T00:44:58Z
330,22,13,43.35,standard,2026-07-04T00:44:58Z
330,22,14,43.35,standard,2026-07-04T00:44:58Z
330,22,15,43.35,standard,2026-07-04T00:44:58Z
330,22,16,43.35,standard,2026-07-04T00:44:58Z
330,22,18,43.35,standard,2026-07-04T00:44:58Z
330,22,19,43.35,standard,2026-07-04T00:44:58Z
330,22,20,43.35,standard,2026-07-04T00:44:58Z
330,22,21,43.35,standard,2026-07-04T00:44:58Z
330,22,3,43.35,standard,2026-07-04T00:44:58Z
330,22,4,43.35,standard,2026-07-04T00:44:58Z
330,22,5,43.35,standard,2026-07-04T00:44:58Z
330,22,6,43.35,standard,2026-07-04T00:44:58Z
330,22,7,43.35,standard,2026-07-04T00:44:58Z
330,22,8,43.35,standard,2026-07-04T00:44:58Z
330,22,9,43.35,standard,2026-07-04T00:44:58Z
330,5,8,43.35,standard,2026-07-04T00:44:58Z
330,9,14,43.35,standard,2026-07-04T00:44:58Z
330,9,15,43.35,standard,2026-07-04T00:44:58Z
331,10,19,43.35,standard,2026-07-04T00:44:58Z
331,10,20,43.35,standard,2026-07-04T00:44:58Z
331,11,10,43.35,standard,2026-07-04T00:44:58Z
331,11,11,43.35,standard,2026-07-04T00:44:58Z
331,11,12,43.35,standard,2026-07-04T00:44:58Z
331,11,13,43.35,standard,2026-07-04T00:44:58Z
331,11,14,43.35,standard,2026-07-04T00:44:58Z
331,11,15,43.35,standard,2026-07-04T00:44:58Z
331,11,16,43.35,standard,2026-07-04T00:44:58Z
331,11,17,43.35,standard,2026-07-04T00:44:58Z
331,11,18,43.35,standard,2026-07-04T00:44:58Z
331,11,2,43.35,standard,2026-07-04T00:44:58Z
331,11,3,43.35,standard,2026-07-04T00:44:58Z
331,11,4,43.35,standard,2026-07-04T00:44:58Z
331,11,5,43.35,standard,2026-07-04T00:44:58Z
331,11,6,43.35,standard,2026-07-04T00:44:58Z
331,11,7,43.35,standard,2026-07-04T00:44:58Z
331,11,8,43.35,standard,2026-07-04T00:44:58Z
331,11,9,43.35,standard,2026-07-04T00:44:58Z
331,12,10,43.35,standard,2026-07-04T00:44:58Z
331,12,11,43.35,standard,2026-07-04T00:44:58Z
331,12,12,43.35,standard,2026-07-04T00:44:58Z
331,12,13,43.35,standard,2026-07-04T00:44:58Z
331,12,14,43.35,standard,2026-07-04T00:44:58Z
331,12,15,43.35,standard,2026-07-04T00:44:58Z
331,12,16,43.35,standard,2026-07-04T00:44:58Z
331,12,17,43.35,standard,2026-07-04T00:44:58Z
331,12,18,43.35,standard,2026-07-04T00:44:58Z
331,12,19,43.35,standard,2026-07-04T00:44:58Z
331,12,20,43.35,standard,2026-07-04T00:44:58Z
331,12,21,43.35,standard,2026-07-04T00:44:58Z
331,12,22,43.35,standard,2026-07-04T00:44:58Z
331,12,23,43.35,standard,2026-07-04T00:44:58Z
331,12,24,43.35,standard,2026-07-04T00:44:58Z
331,12,3,43.35,standard,2026-07-04T00:44:58Z
331,12,4,43.35,standard,2026-07-04T00:44:58Z
331,12,5,43.35,standard,2026-07-04T00:44:58Z
331,12,6,43.35,standard,2026-07-04T00:44:58Z
331,12,7,43.35,standard,2026-07-04T00:44:58Z
331,12,8,43.35,standard,2026-07-04T00:44:58Z
331,12,9,43.35,standard,2026-07-04T00:44:58Z
331,18,10,43.35,standard,2026-07-04T00:44:58Z
331,18,11,43.35,standard,2026-07-04T00:44:58Z
331,18,12,43.35,standard,2026-07-04T00:44:58Z
331,18,13,43.35,standard,2026-07-04T00:44:58Z
331,18,14,43.35,standard,2026-07-04T00:44:58Z
331,18,15,43.35,standard,2026-07-04T00:44:58Z
331,18,16,43.35,standard,2026-07-04T00:44:58Z
331,18,17,43.35,standard,2026-07-04T00:44:58Z
331,18,18,43.35,standard,2026-07-04T00:44:58Z
331,18,19,43.35,standard,2026-07-04T00:44:58Z
331,18,20,43.35,standard,2026-07-04T00:44:58Z
331,18,21,43.35,standard,2026-07-04T00:44:58Z
331,18,22,43.35,standard,2026-07-04T00:44:58Z
331,18,23,43.35,standard,2026-07-04T00:44:58Z
331,18,24,43.35,standard,2026-07-04T00:44:58Z
331,18,3,43.35,standard,2026-07-04T00:44:58Z
331,18,4,43.35,standard,2026-07-04T00:44:58Z
331,18,5,43.35,standard,2026-07-04T00:44:58Z
331,18,6,43.35,standard,2026-07-04T00:44:58Z
331,18,7,43.35,standard,2026-07-04T00:44:58Z
331,18,8,43.35,standard,2026-07-04T00:44:58Z
331,18,9,43.35,standard,2026-07-04T00:44:58Z
331,7,12,43.35,standard,2026-07-04T00:44:58Z
331,7,13,43.35,standard,2026-07-04T00:44:58Z
331,8,17,43.35,standard,2026-07-04T00:44:58Z
331,8,18,43.35,standard,2026-07-04T00:44:58Z
331,21,10,43.35,standard,2026-07-04T00:44:58Z
331,21,11,43.35,standard,2026-07-04T00:44:58Z
331,21,12,43.35,standard,2026-07-04T00:44:58Z
331,21,13,43.35,standard,2026-07-04T00:44:58Z
331,21,14,43.35,standard,2026-07-04T00:44:58Z
331,21,15,43.35,standard,2026-07-04T00:44:58Z
331,21,16,43.35,standard,2026-07-04T00:44:58Z
331,21,17,43.35,standard,2026-07-04T00:44:58Z
331,21,18,43.35,standard,2026-07-04T00:44:58Z
331,21,19,43.35,standard,2026-07-04T00:44:58Z
331,21,20,43.35,standard,2026-07-04T00:44:58Z
331,21,21,43.35,standard,2026-07-04T00:44:58Z
331,21,22,43.35,standard,2026-07-04T00:44:58Z
331,21,23,43.35,standard,2026-07-04T00:44:58Z
331,21,24,43.35,standard,2026-07-04T00:44:58Z
331,21,3,43.35,standard,2026-07-04T00:44:58Z
331,21,4,43.35,standard,2026-07-04T00:44:58Z
331,21,5,43.35,standard,2026-07-04T00:44:58Z
331,21,6,43.35,standard,2026-07-04T00:44:58Z
331,21,7,43.35,standard,2026-07-04T00:44:58Z
331,21,8,43.35,standard,2026-07-04T00:44:58Z
331,21,9,43.35,standard,2026-07-04T00:44:58Z
332,17,4,43.35,standard,2026-07-04T00:44:58Z
332,17,5,43.35,standard,2026-07-04T00:44:58Z
332,11,4,43.35,standard,2026-07-04T00:44:58Z
332,11,5,43.35,standard,2026-07-04T00:44:58Z
332,12,4,43.35,standard,2026-07-04T00:44:58Z
332,12,5,43.35,standard,2026-07-04T00:44:58Z
332,13,1,43.35,standard,2026-07-04T00:44:58Z
332,13,2,43.35,standard,2026-07-04T00:44:58Z
332,13,3,43.35,standard,2026-07-04T00:44:58Z
332,13,4,43.35,standard,2026-07-04T00:44:58Z
332,13,5,43.35,standard,2026-07-04T00:44:58Z
332,14,4,43.35,standard,2026-07-04T00:44:58Z
332,14,5,43.35,standard,2026-07-04T00:44:58Z
332,15,1,43.35,standard,2026-07-04T00:44:58Z
332,15,2,43.35,standard,2026-07-04T00:44:58Z
332,15,3,43.35,standard,2026-07-04T00:44:58Z
332,15,4,43.35,standard,2026-07-04T00:44:58Z
332,15,5,43.35,standard,2026-07-04T00:44:58Z
332,16,1,43.35,standard,2026-07-04T00:44:58Z
332,16,2,43.35,standard,2026-07-04T00:44:58Z
332,16,3,43.35,standard,2026-07-04T00:44:58Z
332,16,4,43.35,standard,2026-07-04T00:44:58Z
332,16,5,43.35,standard,2026-07-04T00:44:58Z
332,18,1,43.35,standard,2026-07-04T00:44:58Z
332,18,2,43.35,standard,2026-07-04T00:44:58Z
332,18,3,43.35,standard,2026-07-04T00:44:58Z
332,18,4,43.35,standard,2026-07-04T00:44:58Z
332,18,5,43.35,standard,2026-07-04T00:44:58Z
332,19,1,43.35,standard,2026-07-04T00:44:58Z
332,19,2,43.35,standard,2026-07-04T00:44:58Z
332,19,3,43.35,standard,2026-07-04T00:44:58Z
332,19,4,43.35,standard,2026-07-04T00:44:58Z
332,19,5,43.35,standard,2026-07-04T00:44:58Z
332,20,3,43.35,standard,2026-07-04T00:44:58Z
332,20,4,43.35,standard,2026-07-04T00:44:58Z
332,20,5,43.35,standard,2026-07-04T00:44:58Z
332,6,4,43.35,standard,2026-07-04T00:44:58Z
332,6,5,43.35,standard,2026-07-04T00:44:58Z
332,7,4,43.35,standard,2026-07-04T00:44:58Z
332,7,5,43.35,standard,2026-07-04T00:44:58Z
332,8,4,43.35,standard,2026-07-04T00:44:58Z
332,8,5,43.35,standard,2026-07-04T00:44:58Z
B,G,6,148.35,standard,2026-07-04T00:44:58Z
C,10,7,188.35,standard,2026-07-04T00:44:58Z
C,10,5,188.35,standard,2026-07-04T00:44:58Z
C,10,6,188.35,standard,2026-07-04T00:44:58Z
C,10,8,188.35,standard,2026-07-04T00:44:58Z
C,10,9,188.35,standard,2026-07-04T00:44:58Z
C,11,7,188.35,standard,2026-07-04T00:44:58Z
C,11,3,188.35,standard,2026-07-04T00:44:58Z
C,11,4,188.35,standard,2026-07-04T00:44:58Z
C,11,5,188.35,standard,2026-07-04T00:44:58Z
C,11,6,188.35,standard,2026-07-04T00:44:58Z
C,12,1,188.35,standard,2026-07-04T00:44:58Z
C,12,2,188.35,standard,2026-07-04T00:44:58Z
C,13,7,188.35,standard,2026-07-04T00:44:58Z
C,13,1,188.35,standard,2026-07-04T00:44:58Z
C,13,2,188.35,standard,2026-07-04T00:44:58Z
C,13,3,188.35,standard,2026-07-04T00:44:58Z
C,13,4,188.35,standard,2026-07-04T00:44:58Z
C,13,5,188.35,standard,2026-07-04T00:44:58Z
C,13,6,188.35,standard,2026-07-04T00:44:58Z
C,13,8,188.35,standard,2026-07-04T00:44:58Z
C,13,9,188.35,standard,2026-07-04T00:44:58Z
C,14,7,188.35,standard,2026-07-04T00:44:58Z
C,14,10,188.35,standard,2026-07-04T00:44:58Z
C,14,3,188.35,standard,2026-07-04T00:44:58Z
C,14,4,188.35,standard,2026-07-04T00:44:58Z
C,14,5,188.35,standard,2026-07-04T00:44:58Z
C,14,6,188.35,standard,2026-07-04T00:44:58Z
C,14,8,188.35,standard,2026-07-04T00:44:58Z
C,14,9,188.35,standard,2026-07-04T00:44:58Z
C,16,7,188.35,standard,2026-07-04T00:44:58Z
C,16,10,188.35,standard,2026-07-04T00:44:58Z
C,16,11,188.35,standard,2026-07-04T00:44:58Z
C,16,12,188.35,standard,2026-07-04T00:44:58Z
C,16,2,188.35,standard,2026-07-04T00:44:58Z
C,16,3,188.35,standard,2026-07-04T00:44:58Z
C,16,4,188.35,standard,2026-07-04T00:44:58Z
C,16,5,188.35,standard,2026-07-04T00:44:58Z
C,16,6,188.35,standard,2026-07-04T00:44:58Z
C,16,8,188.35,standard,2026-07-04T00:44:58Z
C,16,9,188.35,standard,2026-07-04T00:44:58Z
C,17,7,188.35,standard,2026-07-04T00:44:58Z
C,17,10,188.35,standard,2026-07-04T00:44:58Z
C,17,11,188.35,standard,2026-07-04T00:44:58Z
C,17,12,188.35,standard,2026-07-04T00:44:58Z
C,17,2,188.35,standard,2026-07-04T00:44:58Z
C,17,3,188.35,standard,2026-07-04T00:44:58Z
C,17,4,188.35,standard,2026-07-04T00:44:58Z
C,17,5,188.35,standard,2026-07-04T00:44:58Z
C,17,6,188.35,standard,2026-07-04T00:44:58Z
C,17,8,188.35,standard,2026-07-04T00:44:58Z
C,17,9,188.35,standard,2026-07-04T00:44:58Z
C,18,7,188.35,standard,2026-07-04T00:44:58Z
C,18,6,188.35,standard,2026-07-04T00:44:58Z
C,18,8,188.35,standard,2026-07-04T00:44:58Z
C,18,9,188.35,standard,2026-07-04T00:44:58Z
C,8,5,188.35,standard,2026-07-04T00:44:58Z
C,8,6,188.35,standard,2026-07-04T00:44:58Z
C,9,3,188.35,standard,2026-07-04T00:44:58Z
C,9,4,188.35,standard,2026-07-04T00:44:58Z
C,9,5,188.35,standard,2026-07-04T00:44:58Z
C,9,6,188.35,standard,2026-07-04T00:44:58Z
C,9,7,188.35,standard,2026-07-04T00:44:58Z
C,9,8,188.35,standard,2026-07-04T00:44:58Z
D,12,3,188.35,standard,2026-07-04T00:44:58Z
D,12,4,188.35,standard,2026-07-04T00:44:58Z
D,13,7,188.35,standard,2026-07-04T00:44:58Z
D,13,3,188.35,standard,2026-07-04T00:44:58Z
D,13,4,188.35,standard,2026-07-04T00:44:58Z
D,13,8,188.35,standard,2026-07-04T00:44:58Z
D,14,7,188.35,standard,2026-07-04T00:44:58Z
D,14,3,188.35,standard,2026-07-04T00:44:58Z
D,14,4,188.35,standard,2026-07-04T00:44:58Z
D,14,5,188.35,standard,2026-07-04T00:44:58Z
D,14,6,188.35,standard,2026-07-04T00:44:58Z
D,14,8,188.35,standard,2026-07-04T00:44:58Z
D,15,10,188.35,standard,2026-07-04T00:44:58Z
D,15,8,188.35,standard,2026-07-04T00:44:58Z
D,15,9,188.35,standard,2026-07-04T00:44:58Z
D,16,7,188.35,standard,2026-07-04T00:44:58Z
D,16,10,188.35,standard,2026-07-04T00:44:58Z
D,16,2,188.35,standard,2026-07-04T00:44:58Z
D,16,3,188.35,standard,2026-07-04T00:44:58Z
D,16,4,188.35,standard,2026-07-04T00:44:58Z
D,16,5,188.35,standard,2026-07-04T00:44:58Z
D,16,6,188.35,standard,2026-07-04T00:44:58Z
D,16,8,188.35,standard,2026-07-04T00:44:58Z
D,16,9,188.35,standard,2026-07-04T00:44:58Z
D,17,7,188.35,standard,2026-07-04T00:44:58Z
D,17,10,188.35,standard,2026-07-04T00:44:58Z
D,17,2,188.35,standard,2026-07-04T00:44:58Z
D,17,3,188.35,standard,2026-07-04T00:44:58Z
D,17,4,188.35,standard,2026-07-04T00:44:58Z
D,17,5,188.35,standard,2026-07-04T00:44:58Z
D,17,6,188.35,standard,2026-07-04T00:44:58Z
D,17,8,188.35,standard,2026-07-04T00:44:58Z
D,17,9,188.35,standard,2026-07-04T00:44:58Z
D,7,5,188.35,standard,2026-07-04T00:44:58Z
D,7,6,188.35,standard,2026-07-04T00:44:58Z
D,9,4,188.35,standard,2026-07-04T00:44:58Z
D,9,5,188.35,standard,2026-07-04T00:44:58Z
E,11,10,188.35,standard,2026-07-04T00:44:58Z
E,11,9,188.35,standard,2026-07-04T00:44:58Z
E,16,5,188.35,standard,2026-07-04T00:44:58Z
E,16,6,188.35,standard,2026-07-04T00:44:58Z
E,17,7,188.35,standard,2026-07-04T00:44:58Z
E,17,5,188.35,standard,2026-07-04T00:44:58Z
E,17,6,188.35,standard,2026-07-04T00:44:58Z
E,17,8,188.35,standard,2026-07-04T00:44:58Z
G,F,5,218.35,standard,2026-07-04T00:44:58Z
G,F,6,218.35,standard,2026-07-04T00:44:58Z
G,F,7,218.35,standard,2026-07-04T00:44:58Z
G,G,7,218.35,standard,2026-07-04T00:44:58Z
G,G,8,218.35,standard,2026-07-04T00:44:58Z
G,H,6,218.35,standard,2026-07-04T00:44:58Z
G,H,7,218.35,standard,2026-07-04T00:44:58Z
G,K,7,218.35,standard,2026-07-04T00:44:58Z
G,L,9,218.35,standard,2026-07-04T00:44:58Z
H,E,2,218.35,standard,2026-07-04T00:44:58Z
H,F,7,218.35,standard,2026-07-04T00:44:58Z
H,F,8,218.35,standard,2026-07-04T00:44:58Z
H,H,5,218.35,standard,2026-07-04T00:44:58Z
H,H,6,218.35,standard,2026-07-04T00:44:58Z
H,I,5,218.35,standard,2026-07-04T00:44:58Z
H,I,6,218.35,standard,2026-07-04T00:44:58Z
H,K,17,218.35,standard,2026-07-04T00:44:58Z
H,K,16,218.35,standard,2026-07-04T00:44:58Z
I,E,7,218.35,standard,2026-07-04T00:44:58Z
I,E,8,218.35,standard,2026-07-04T00:44:58Z
I,M,1,218.35,standard,2026-07-04T00:44:58Z
I,M,2,218.35,standard,2026-07-04T00:44:58Z
I,M,7,218.35,standard,2026-07-04T00:44:58Z
K,F,7,218.35,standard,2026-07-04T00:44:58Z
K,L,10,218.35,standard,2026-07-04T00:44:58Z
K,L,9,218.35,standard,2026-07-04T00:44:58Z
L,E,4,218.35,standard,2026-07-04T00:44:58Z
L,E,5,218.35,standard,2026-07-04T00:44:58Z
L,E,6,218.35,standard,2026-07-04T00:44:58Z
L,E,7,218.35,standard,2026-07-04T00:44:58Z
L,H,5,218.35,standard,2026-07-04T00:44:58Z
L,H,6,218.35,standard,2026-07-04T00:44:58Z
L,H,7,218.35,standard,2026-07-04T00:44:58Z
L,K,11,218.35,standard,2026-07-04T00:44:58Z
L,K,12,218.35,standard,2026-07-04T00:44:58Z
L,K,13,218.35,standard,2026-07-04T00:44:58Z
L,K,3,218.35,standard,2026-07-04T00:44:58Z
L,K,4,218.35,standard,2026-07-04T00:44:58Z
L,L,11,218.35,standard,2026-07-04T00:44:58Z
LFTERR,2,20,123.35,standard,2026-07-04T00:44:58Z
LFTERR,2,22,123.35,standard,2026-07-04T00:44:58Z
LFTERR,2,26,123.35,standard,2026-07-04T00:44:58Z
M,M,8,218.35,standard,2026-07-04T00:44:58Z
M,M,9,218.35,standard,2026-07-04T00:44:58Z
M,H,5,218.35,standard,2026-07-04T00:44:58Z
M,I,1,218.35,standard,2026-07-04T00:44:58Z
M,I,2,218.35,standard,2026-07-04T00:44:58Z
M,J,5,218.35,standard,2026-07-04T00:44:58Z
M,K,10,218.35,standard,2026-07-04T00:44:58Z
M,K,11,218.35,standard,2026-07-04T00:44:58Z
M,K,3,218.35,standard,2026-07-04T00:44:58Z
M,K,4,218.35,standard,2026-07-04T00:44:58Z
M,K,5,218.35,standard,2026-07-04T00:44:58Z
P,13,1,188.35,standard,2026-07-04T00:44:58Z
P,13,2,188.35,standard,2026-07-04T00:44:58Z
P,15,7,188.35,standard,2026-07-04T00:44:58Z
P,15,11,188.35,standard,2026-07-04T00:44:58Z
P,15,12,188.35,standard,2026-07-04T00:44:58Z
P,15,3,188.35,standard,2026-07-04T00:44:58Z
P,15,4,188.35,standard,2026-07-04T00:44:58Z
P,15,8,188.35,standard,2026-07-04T00:44:58Z
P,16,7,188.35,standard,2026-07-04T00:44:58Z
P,16,1,188.35,standard,2026-07-04T00:44:58Z
P,16,2,188.35,standard,2026-07-04T00:44:58Z
P,16,4,188.35,standard,2026-07-04T00:44:58Z
P,16,6,188.35,standard,2026-07-04T00:44:58Z
P,16,8,188.35,standard,2026-07-04T00:44:58Z
P,17,7,188.35,standard,2026-07-04T00:44:58Z
P,17,8,188.35,standard,2026-07-04T00:44:58Z
P,18,5,188.35,standard,2026-07-04T00:44:58Z
P,18,6,188.35,standard,2026-07-04T00:44:58Z
Q,11,7,188.35,standard,2026-07-04T00:44:58Z
Q,11,4,188.35,standard,2026-07-04T00:44:58Z
Q,11,5,188.35,standard,2026-07-04T00:44:58Z
Q,11,6,188.35,standard,2026-07-04T00:44:58Z
Q,11,8,188.35,standard,2026-07-04T00:44:58Z
Q,12,7,188.35,standard,2026-07-04T00:44:58Z
Q,12,8,188.35,standard,2026-07-04T00:44:58Z
Q,13,7,188.35,standard,2026-07-04T00:44:58Z
Q,13,1,188.35,standard,2026-07-04T00:44:58Z
Q,13,2,188.35,standard,2026-07-04T00:44:58Z
Q,13,8,188.35,standard,2026-07-04T00:44:58Z
Q,13,9,188.35,standard,2026-07-04T00:44:58Z
Q,14,10,188.35,standard,2026-07-04T00:44:58Z
Q,14,9,188.35,standard,2026-07-04T00:44:58Z
Q,16,10,188.35,standard,2026-07-04T00:44:58Z
Q,16,9,188.35,standard,2026-07-04T00:44:58Z
Q,6,1,188.35,standard,2026-07-04T00:44:58Z
Q,6,2,188.35,standard,2026-07-04T00:44:58Z
Q,6,3,188.35,standard,2026-07-04T00:44:58Z
Q,6,4,188.35,standard,2026-07-04T00:44:58Z
S,C,10,148.35,standard,2026-07-04T00:44:58Z
