section,row,seat,price_usd,selection_type,scraped_at
238,W,19,297.5,resale,2026-10-04T16:01:57Z
238,W,20,297.5,resale,2026-10-04T16:01:57Z
308,T,8,380.8,resale,2026-10-04T16:01:57Z
239,G,17,411.74,resale,2026-10-04T16:01:57Z
239,G,18,411.74,resale,2026-10-04T16:01:57Z
123,M,6,282.03,resale,2026-10-04T16:01:57Z
201,H,19,235.46,resale,2026-10-04T16:01:57Z
201,H,20,235.46,resale,2026-10-04T16:01:57Z
201,H,21,235.46,resale,2026-10-04T16:01:57Z
231,C,14,411.74,resale,2026-10-04T16:01:57Z
231,C,15,411.74,resale,2026-10-04T16:01:57Z
103,L,8,326.06,resale,2026-10-04T16:01:57Z
103,L,9,326.06,resale,2026-10-04T16:01:57Z
202,F,19,235.46,resale,2026-10-04T16:01:57Z
202,F,20,235.46,resale,2026-10-04T16:01:57Z
122,M,17,282.03,resale,2026-10-04T16:01:57Z
234,C,5,524.79,resale,2026-10-04T16:01:57Z
234,C,6,524.79,resale,2026-10-04T16:01:57Z
234,C,7,524.79,resale,2026-10-04T16:01:57Z
138,S,11,411.74,resale,2026-10-04T16:01:57Z
138,S,12,411.74,resale,2026-10-04T16:01:57Z
138,S,13,411.74,resale,2026-10-04T16:01:57Z
138,S,14,411.74,resale,2026-10-04T16:01:57Z
138,S,15,411.74,resale,2026-10-04T16:01:57Z
138,S,16,411.74,resale,2026-10-04T16:01:57Z
138,S,17,411.74,resale,2026-10-04T16:01:57Z
138,S,18,411.74,resale,2026-10-04T16:01:57Z
138,S,19,411.74,resale,2026-10-04T16:01:57Z
138,S,20,411.74,resale,2026-10-04T16:01:57Z
138,S,21,411.74,resale,2026-10-04T16:01:57Z
138,S,22,411.74,resale,2026-10-04T16:01:57Z
344,S,5,134.2,resale,2026-10-04T16:01:57Z
344,S,6,134.2,resale,2026-10-04T16:01:57Z
344,S,7,134.2,resale,2026-10-04T16:01:57Z
344,S,8,134.2,resale,2026-10-04T16:01:57Z
234,B,7,524.79,resale,2026-10-04T16:01:57Z
234,B,8,524.79,resale,2026-10-04T16:01:57Z
137,W,18,411.74,resale,2026-10-04T16:01:57Z
137,W,19,411.74,resale,2026-10-04T16:01:57Z
240,C,11,411.74,resale,2026-10-04T16:01:57Z
240,C,12,411.74,resale,2026-10-04T16:01:57Z
137,D,9,411.74,resale,2026-10-04T16:01:57Z
137,D,10,411.74,resale,2026-10-04T16:01:57Z
137,D,11,411.74,resale,2026-10-04T16:01:57Z
137,D,12,411.74,resale,2026-10-04T16:01:57Z
136,X,9,315.35,resale,2026-10-04T16:01:57Z
136,X,10,315.35,resale,2026-10-04T16:01:57Z
136,X,11,315.35,resale,2026-10-04T16:01:57Z
136,X,12,315.35,resale,2026-10-04T16:01:57Z
232,E,5,411.74,resale,2026-10-04T16:01:57Z
232,E,6,411.74,resale,2026-10-04T16:01:57Z
219,H,14,235.46,resale,2026-10-04T16:01:57Z
219,H,15,235.46,resale,2026-10-04T16:01:57Z
234,F,19,524.79,resale,2026-10-04T16:01:57Z
137,M,18,411.74,resale,2026-10-04T16:01:57Z
137,M,19,411.74,resale,2026-10-04T16:01:57Z
137,M,20,411.74,resale,2026-10-04T16:01:57Z
220,AA,17,235.46,resale,2026-10-04T16:01:57Z
220,AA,18,235.46,resale,2026-10-04T16:01:57Z
308,E,14,184.22,resale,2026-10-04T16:01:57Z
308,E,15,184.22,resale,2026-10-04T16:01:57Z
313,W,21,167.14,resale,2026-10-04T16:01:57Z
313,W,22,167.14,resale,2026-10-04T16:01:57Z
311,J,14,192.76,resale,2026-10-04T16:01:57Z
311,J,15,192.76,resale,2026-10-04T16:01:57Z
335,B,13,240.38,resale,2026-10-04T16:01:57Z
335,B,14,240.38,resale,2026-10-04T16:01:57Z
119,R,12,326.06,resale,2026-10-04T16:01:57Z
119,R,13,326.06,resale,2026-10-04T16:01:57Z
119,R,14,326.06,resale,2026-10-04T16:01:57Z
123,K,15,146.4,resale,2026-10-04T16:01:57Z
123,K,16,146.4,resale,2026-10-04T16:01:57Z
237,H,11,524.79,resale,2026-10-04T16:01:57Z
237,H,12,524.79,resale,2026-10-04T16:01:57Z
336,J,3,164.7,resale,2026-10-04T16:01:57Z
336,J,4,164.7,resale,2026-10-04T16:01:57Z
336,J,5,164.7,resale,2026-10-04T16:01:57Z
336,J,6,164.7,resale,2026-10-04T16:01:57Z
106,N,11,326.06,resale,2026-10-04T16:01:57Z
106,N,12,326.06,resale,2026-10-04T16:01:57Z
106,N,13,326.06,resale,2026-10-04T16:01:57Z
234,B,17,736.61,resale,2026-10-04T16:01:57Z
234,B,18,736.61,resale,2026-10-04T16:01:57Z
335,H,13,204.96,resale,2026-10-04T16:01:57Z
335,H,14,204.96,resale,2026-10-04T16:01:57Z
339,G,5,153.72,resale,2026-10-04T16:01:57Z
339,G,6,153.72,resale,2026-10-04T16:01:57Z
336,E,5,229.36,resale,2026-10-04T16:01:57Z
336,E,6,229.36,resale,2026-10-04T16:01:57Z
106,V,11,452.2,resale,2026-10-04T16:01:57Z
106,V,12,452.2,resale,2026-10-04T16:01:57Z
137,N,15,411.74,resale,2026-10-04T16:01:57Z
137,N,16,411.74,resale,2026-10-04T16:01:57Z
137,N,17,411.74,resale,2026-10-04T16:01:57Z
137,N,18,411.74,resale,2026-10-04T16:01:57Z
228,E,23,202.52,resale,2026-10-04T16:01:57Z
228,E,24,202.52,resale,2026-10-04T16:01:57Z
147,C,13,357.0,resale,2026-10-04T16:01:57Z
147,C,14,357.0,resale,2026-10-04T16:01:57Z
123,J,3,219.6,resale,2026-10-04T16:01:57Z
123,J,4,219.6,resale,2026-10-04T16:01:57Z
113,S,5,273.7,resale,2026-10-04T16:01:57Z
113,S,6,273.7,resale,2026-10-04T16:01:57Z
113,S,7,273.7,resale,2026-10-04T16:01:57Z
113,S,8,273.7,resale,2026-10-04T16:01:57Z
333,L,11,169.58,resale,2026-10-04T16:01:57Z
333,L,12,169.58,resale,2026-10-04T16:01:57Z
138,F,5,183.0,resale,2026-10-04T16:01:57Z
138,F,6,183.0,resale,2026-10-04T16:01:57Z
124,C,17,297.5,resale,2026-10-04T16:01:57Z
124,C,18,297.5,resale,2026-10-04T16:01:57Z
124,C,19,297.5,resale,2026-10-04T16:01:57Z
109,W,20,666.4,resale,2026-10-04T16:01:57Z
133,L,1,412.93,resale,2026-10-04T16:01:57Z
133,L,2,412.93,resale,2026-10-04T16:01:57Z
133,L,3,412.93,resale,2026-10-04T16:01:57Z
133,L,4,412.93,resale,2026-10-04T16:01:57Z
133,L,5,412.93,resale,2026-10-04T16:01:57Z
133,L,6,412.93,resale,2026-10-04T16:01:57Z
133,L,7,412.93,resale,2026-10-04T16:01:57Z
133,L,8,412.93,resale,2026-10-04T16:01:57Z
236,K,10,304.64,resale,2026-10-04T16:01:57Z
236,K,11,304.64,resale,2026-10-04T16:01:57Z
123,P,18,282.03,resale,2026-10-04T16:01:57Z
123,P,19,282.03,resale,2026-10-04T16:01:57Z
123,P,20,282.03,resale,2026-10-04T16:01:57Z
341,V,13,297.5,resale,2026-10-04T16:01:57Z
341,V,14,297.5,resale,2026-10-04T16:01:57Z
341,V,15,297.5,resale,2026-10-04T16:01:57Z
341,V,16,297.5,resale,2026-10-04T16:01:57Z
132,B,21,351.05,resale,2026-10-04T16:01:57Z
132,B,22,351.05,resale,2026-10-04T16:01:57Z
312,G,5,183.0,resale,2026-10-04T16:01:57Z
312,G,6,183.0,resale,2026-10-04T16:01:57Z
213,R,1,714.0,resale,2026-10-04T16:01:57Z
213,R,2,714.0,resale,2026-10-04T16:01:57Z
102,BB,15,595.0,resale,2026-10-04T16:01:57Z
102,BB,16,595.0,resale,2026-10-04T16:01:57Z
108,T,18,416.5,resale,2026-10-04T16:01:57Z
108,T,19,416.5,resale,2026-10-04T16:01:57Z
148,F,9,176.9,resale,2026-10-04T16:01:57Z
148,F,10,176.9,resale,2026-10-04T16:01:57Z
341,G,7,135.42,resale,2026-10-04T16:01:57Z
341,G,8,135.42,resale,2026-10-04T16:01:57Z
111,D,11,386.75,resale,2026-10-04T16:01:57Z
111,D,12,386.75,resale,2026-10-04T16:01:57Z
111,D,13,386.75,resale,2026-10-04T16:01:57Z
138,C,7,295.12,resale,2026-10-04T16:01:57Z
138,C,8,295.12,resale,2026-10-04T16:01:57Z
138,C,9,295.12,resale,2026-10-04T16:01:57Z
138,C,10,295.12,resale,2026-10-04T16:01:57Z
340,B,8,146.4,resale,2026-10-04T16:01:57Z
340,B,9,146.4,resale,2026-10-04T16:01:57Z
310,F,11,327.25,resale,2026-10-04T16:01:57Z
137,H,1,476.0,resale,2026-10-04T16:01:57Z
137,H,2,476.0,resale,2026-10-04T16:01:57Z
137,H,3,476.0,resale,2026-10-04T16:01:57Z
137,H,4,476.0,resale,2026-10-04T16:01:57Z
137,J,1,742.56,resale,2026-10-04T16:01:57Z
137,J,2,742.56,resale,2026-10-04T16:01:57Z
137,J,3,742.56,resale,2026-10-04T16:01:57Z
137,J,4,742.56,resale,2026-10-04T16:01:57Z
107,A,1,734.23,resale,2026-10-04T16:01:57Z
107,A,2,734.23,resale,2026-10-04T16:01:57Z
107,A,3,734.23,resale,2026-10-04T16:01:57Z
107,A,4,734.23,resale,2026-10-04T16:01:57Z
108,F,19,434.35,resale,2026-10-04T16:01:57Z
108,F,20,434.35,resale,2026-10-04T16:01:57Z
109,G,3,433.16,resale,2026-10-04T16:01:57Z
109,G,4,433.16,resale,2026-10-04T16:01:57Z
203,E,23,235.46,resale,2026-10-04T16:01:57Z
203,E,24,235.46,resale,2026-10-04T16:01:57Z
119,H,10,326.06,resale,2026-10-04T16:01:57Z
208,A,11,766.36,resale,2026-10-04T16:01:57Z
208,A,12,766.36,resale,2026-10-04T16:01:57Z
211,J,5,1423.24,resale,2026-10-04T16:01:57Z
211,J,6,1423.24,resale,2026-10-04T16:01:57Z
210,K,19,1423.24,resale,2026-10-04T16:01:57Z
210,K,20,1423.24,resale,2026-10-04T16:01:57Z
205,M,18,644.98,resale,2026-10-04T16:01:57Z
205,M,19,644.98,resale,2026-10-04T16:01:57Z
213,BB,3,763.98,resale,2026-10-04T16:01:57Z
213,BB,4,763.98,resale,2026-10-04T16:01:57Z
205,CC,8,644.98,resale,2026-10-04T16:01:57Z
205,CC,9,644.98,resale,2026-10-04T16:01:57Z
217,X,9,236.68,resale,2026-10-04T16:01:57Z
309,K,22,170.8,resale,2026-10-04T16:01:57Z
134,S,13,411.74,resale,2026-10-04T16:01:57Z
134,S,14,411.74,resale,2026-10-04T16:01:57Z
113,D,20,242.78,resale,2026-10-04T16:01:57Z
113,D,21,242.78,resale,2026-10-04T16:01:57Z
113,D,22,242.78,resale,2026-10-04T16:01:57Z
211,X,11,708.05,resale,2026-10-04T16:01:57Z
211,X,12,708.05,resale,2026-10-04T16:01:57Z
119,X,9,326.06,resale,2026-10-04T16:01:57Z
119,X,10,326.06,resale,2026-10-04T16:01:57Z
119,X,11,326.06,resale,2026-10-04T16:01:57Z
CLS2,2,21,1588.65,resale,2026-10-04T16:01:57Z
CLS2,2,22,1588.65,resale,2026-10-04T16:01:57Z
113,K,11,433.16,resale,2026-10-04T16:01:57Z
113,K,12,433.16,resale,2026-10-04T16:01:57Z
215,D,1,339.15,resale,2026-10-04T16:01:57Z
215,D,2,339.15,resale,2026-10-04T16:01:57Z
133,X,13,411.74,resale,2026-10-04T16:01:57Z
133,X,14,411.74,resale,2026-10-04T16:01:57Z
133,X,15,411.74,resale,2026-10-04T16:01:57Z
133,X,16,411.74,resale,2026-10-04T16:01:57Z
133,X,17,411.74,resale,2026-10-04T16:01:57Z
133,X,18,411.74,resale,2026-10-04T16:01:57Z
133,X,19,411.74,resale,2026-10-04T16:01:57Z
133,X,20,411.74,resale,2026-10-04T16:01:57Z
121,H,17,595.0,resale,2026-10-04T16:01:57Z
121,H,18,595.0,resale,2026-10-04T16:01:57Z
339,D,6,207.4,resale,2026-10-04T16:01:57Z
339,D,7,207.4,resale,2026-10-04T16:01:57Z
339,D,8,207.4,resale,2026-10-04T16:01:57Z
339,D,9,207.4,resale,2026-10-04T16:01:57Z
150,C,20,535.5,resale,2026-10-04T16:01:57Z
313,B,9,158.6,resale,2026-10-04T16:01:57Z
313,B,10,158.6,resale,2026-10-04T16:01:57Z
209,A,5,1130.5,resale,2026-10-04T16:01:57Z
209,A,6,1130.5,resale,2026-10-04T16:01:57Z
127,K,14,326.06,resale,2026-10-04T16:01:57Z
127,K,15,326.06,resale,2026-10-04T16:01:57Z
343,T,14,134.2,resale,2026-10-04T16:01:57Z
343,T,15,134.2,resale,2026-10-04T16:01:57Z
343,T,16,134.2,resale,2026-10-04T16:01:57Z
148,R,9,282.03,resale,2026-10-04T16:01:57Z
148,R,10,282.03,resale,2026-10-04T16:01:57Z
148,R,11,282.03,resale,2026-10-04T16:01:57Z
113,E,5,243.95,resale,2026-10-04T16:01:57Z
113,E,6,243.95,resale,2026-10-04T16:01:57Z
113,E,7,243.95,resale,2026-10-04T16:01:57Z
113,E,8,243.95,resale,2026-10-04T16:01:57Z
338,C,15,134.2,resale,2026-10-04T16:01:57Z
338,C,16,134.2,resale,2026-10-04T16:01:57Z
338,C,17,134.2,resale,2026-10-04T16:01:57Z
338,C,18,134.2,resale,2026-10-04T16:01:57Z
122,AA,1,134.2,resale,2026-10-04T16:01:57Z
122,AA,2,134.2,resale,2026-10-04T16:01:57Z
238,D,5,297.5,resale,2026-10-04T16:01:57Z
238,D,6,297.5,resale,2026-10-04T16:01:57Z
220,G,6,147.62,resale,2026-10-04T16:01:57Z
220,G,7,147.62,resale,2026-10-04T16:01:57Z
121,AA,19,183.0,resale,2026-10-04T16:01:57Z
121,AA,20,183.0,resale,2026-10-04T16:01:57Z
219,CC,23,170.8,resale,2026-10-04T16:01:57Z
219,CC,24,170.8,resale,2026-10-04T16:01:57Z
123,S,3,219.6,resale,2026-10-04T16:01:57Z
123,S,4,219.6,resale,2026-10-04T16:01:57Z
227,B,10,235.46,resale,2026-10-04T16:01:57Z
227,B,11,235.46,resale,2026-10-04T16:01:57Z
123,V,7,282.03,resale,2026-10-04T16:01:57Z
123,V,8,282.03,resale,2026-10-04T16:01:57Z
125,Z,1,140.3,resale,2026-10-04T16:01:57Z
125,Z,2,140.3,resale,2026-10-04T16:01:57Z
213,M,5,763.98,resale,2026-10-04T16:01:57Z
213,M,6,763.98,resale,2026-10-04T16:01:57Z
235,G,7,343.91,resale,2026-10-04T16:01:57Z
235,G,8,343.91,resale,2026-10-04T16:01:57Z
106,U,5,357.0,resale,2026-10-04T16:01:57Z
106,U,6,357.0,resale,2026-10-04T16:01:57Z
103,X,5,326.06,resale,2026-10-04T16:01:57Z
103,X,6,326.06,resale,2026-10-04T16:01:57Z
103,X,7,326.06,resale,2026-10-04T16:01:57Z
103,X,8,326.06,resale,2026-10-04T16:01:57Z
148,U,17,389.13,resale,2026-10-04T16:01:57Z
148,U,18,389.13,resale,2026-10-04T16:01:57Z
238,V,19,524.79,resale,2026-10-04T16:01:57Z
238,V,20,524.79,resale,2026-10-04T16:01:57Z
134,G,11,411.74,resale,2026-10-04T16:01:57Z
134,G,12,411.74,resale,2026-10-04T16:01:57Z
148,R,22,238.0,resale,2026-10-04T16:01:57Z
148,R,23,238.0,resale,2026-10-04T16:01:57Z
148,R,24,238.0,resale,2026-10-04T16:01:57Z
215,G,5,321.3,resale,2026-10-04T16:01:57Z
215,G,6,321.3,resale,2026-10-04T16:01:57Z
233,D,13,524.79,resale,2026-10-04T16:01:57Z
233,D,14,524.79,resale,2026-10-04T16:01:57Z
228,B,20,235.46,resale,2026-10-04T16:01:57Z
228,B,21,235.46,resale,2026-10-04T16:01:57Z
110,Y,5,238.0,resale,2026-10-04T16:01:57Z
110,Y,6,238.0,resale,2026-10-04T16:01:57Z
335,J,11,201.3,resale,2026-10-04T16:01:57Z
335,J,12,201.3,resale,2026-10-04T16:01:57Z
121,R,8,282.03,resale,2026-10-04T16:01:57Z
121,R,9,282.03,resale,2026-10-04T16:01:57Z
119,U,7,326.06,resale,2026-10-04T16:01:57Z
119,U,8,326.06,resale,2026-10-04T16:01:57Z
119,U,9,326.06,resale,2026-10-04T16:01:57Z
236,M,14,595.0,resale,2026-10-04T16:01:57Z
236,M,15,595.0,resale,2026-10-04T16:01:57Z
132,T,5,370.09,resale,2026-10-04T16:01:57Z
132,T,6,370.09,resale,2026-10-04T16:01:57Z
132,T,7,370.09,resale,2026-10-04T16:01:57Z
132,T,8,370.09,resale,2026-10-04T16:01:57Z
132,T,9,370.09,resale,2026-10-04T16:01:57Z
132,T,10,370.09,resale,2026-10-04T16:01:57Z
132,T,11,370.09,resale,2026-10-04T16:01:57Z
337,N,21,178.12,resale,2026-10-04T16:01:57Z
337,N,22,178.12,resale,2026-10-04T16:01:57Z
337,N,23,178.12,resale,2026-10-04T16:01:57Z
337,N,24,178.12,resale,2026-10-04T16:01:57Z
212,L,9,763.98,resale,2026-10-04T16:01:57Z
212,L,10,763.98,resale,2026-10-04T16:01:57Z
233,WC,11,595.0,resale,2026-10-04T16:01:57Z
233,WC,12,595.0,resale,2026-10-04T16:01:57Z
309,J,13,181.78,resale,2026-10-04T16:01:57Z
309,J,14,181.78,resale,2026-10-04T16:01:57Z
337,P,13,181.78,resale,2026-10-04T16:01:57Z
337,P,14,181.78,resale,2026-10-04T16:01:57Z
306,W,5,209.84,resale,2026-10-04T16:01:57Z
306,W,6,209.84,resale,2026-10-04T16:01:57Z
143,U,14,326.06,resale,2026-10-04T16:01:57Z
143,U,15,326.06,resale,2026-10-04T16:01:57Z
310,WC,2,424.83,resale,2026-10-04T16:01:57Z
310,WC,3,424.83,resale,2026-10-04T16:01:57Z
236,B,7,833.0,resale,2026-10-04T16:01:57Z
236,B,8,833.0,resale,2026-10-04T16:01:57Z
344,D,8,140.3,resale,2026-10-04T16:01:57Z
344,D,9,140.3,resale,2026-10-04T16:01:57Z
111,K,1,386.75,resale,2026-10-04T16:01:57Z
111,K,2,386.75,resale,2026-10-04T16:01:57Z
111,L,3,368.9,resale,2026-10-04T16:01:57Z
111,L,4,368.9,resale,2026-10-04T16:01:57Z
219,U,13,213.5,resale,2026-10-04T16:01:57Z
219,U,14,213.5,resale,2026-10-04T16:01:57Z
119,AA,11,476.0,resale,2026-10-04T16:01:57Z
119,AA,12,476.0,resale,2026-10-04T16:01:57Z
119,AA,13,476.0,resale,2026-10-04T16:01:57Z
119,AA,14,476.0,resale,2026-10-04T16:01:57Z
114,H,17,285.6,resale,2026-10-04T16:01:57Z
114,H,18,285.6,resale,2026-10-04T16:01:57Z
131,Y,15,326.06,resale,2026-10-04T16:01:57Z
131,Y,16,326.06,resale,2026-10-04T16:01:57Z
148,AA,9,201.3,resale,2026-10-04T16:01:57Z
148,AA,10,201.3,resale,2026-10-04T16:01:57Z
131,BB,5,326.06,resale,2026-10-04T16:01:57Z
131,BB,6,326.06,resale,2026-10-04T16:01:57Z
131,BB,7,326.06,resale,2026-10-04T16:01:57Z
131,BB,8,326.06,resale,2026-10-04T16:01:57Z
131,BB,9,326.06,resale,2026-10-04T16:01:57Z
131,BB,10,326.06,resale,2026-10-04T16:01:57Z
131,BB,11,326.06,resale,2026-10-04T16:01:57Z
131,BB,12,326.06,resale,2026-10-04T16:01:57Z
131,BB,13,326.06,resale,2026-10-04T16:01:57Z
232,F,12,833.0,resale,2026-10-04T16:01:57Z
232,F,13,833.0,resale,2026-10-04T16:01:57Z
232,F,14,833.0,resale,2026-10-04T16:01:57Z
309,B,1,225.7,resale,2026-10-04T16:01:57Z
309,B,2,225.7,resale,2026-10-04T16:01:57Z
149,A,10,1190.0,resale,2026-10-04T16:01:57Z
149,A,11,1190.0,resale,2026-10-04T16:01:57Z
327,D,3,175.68,resale,2026-10-04T16:01:57Z
327,D,4,175.68,resale,2026-10-04T16:01:57Z
327,D,5,175.68,resale,2026-10-04T16:01:57Z
334,F,7,202.52,resale,2026-10-04T16:01:57Z
334,F,8,202.52,resale,2026-10-04T16:01:57Z
148,V,3,282.03,resale,2026-10-04T16:01:57Z
148,V,4,282.03,resale,2026-10-04T16:01:57Z
148,V,5,282.03,resale,2026-10-04T16:01:57Z
144,K,5,238.0,resale,2026-10-04T16:01:57Z
144,K,6,238.0,resale,2026-10-04T16:01:57Z
307,E,17,158.6,resale,2026-10-04T16:01:57Z
307,E,18,158.6,resale,2026-10-04T16:01:57Z
143,CC,17,416.5,resale,2026-10-04T16:01:57Z
143,CC,18,416.5,resale,2026-10-04T16:01:57Z
107,D,13,213.5,resale,2026-10-04T16:01:57Z
107,D,14,213.5,resale,2026-10-04T16:01:57Z
107,A,17,357.0,resale,2026-10-04T16:01:57Z
107,A,18,357.0,resale,2026-10-04T16:01:57Z
219,J,5,151.28,resale,2026-10-04T16:01:57Z
219,J,6,151.28,resale,2026-10-04T16:01:57Z
219,J,7,151.28,resale,2026-10-04T16:01:57Z
219,J,8,151.28,resale,2026-10-04T16:01:57Z
304,W,1,238.0,resale,2026-10-04T16:01:57Z
304,W,2,238.0,resale,2026-10-04T16:01:57Z
147,K,14,282.03,resale,2026-10-04T16:01:57Z
147,K,15,282.03,resale,2026-10-04T16:01:57Z
310,DD,7,192.76,resale,2026-10-04T16:01:57Z
310,DD,8,192.76,resale,2026-10-04T16:01:57Z
115,U,5,326.06,resale,2026-10-04T16:01:57Z
115,U,6,326.06,resale,2026-10-04T16:01:57Z
335,E,5,225.7,resale,2026-10-04T16:01:57Z
335,E,6,225.7,resale,2026-10-04T16:01:57Z
318,A,14,122.0,resale,2026-10-04T16:01:57Z
318,A,15,122.0,resale,2026-10-04T16:01:57Z
139,K,3,505.75,resale,2026-10-04T16:01:57Z
139,K,4,505.75,resale,2026-10-04T16:01:57Z
139,K,5,505.75,resale,2026-10-04T16:01:57Z
139,K,6,505.75,resale,2026-10-04T16:01:57Z
137,Y,3,535.5,resale,2026-10-04T16:01:57Z
137,Y,4,535.5,resale,2026-10-04T16:01:57Z
110,B,5,273.7,resale,2026-10-04T16:01:57Z
110,B,6,273.7,resale,2026-10-04T16:01:57Z
138,X,19,583.1,resale,2026-10-04T16:01:57Z
138,X,20,583.1,resale,2026-10-04T16:01:57Z
234,S,11,524.79,resale,2026-10-04T16:01:57Z
234,S,12,524.79,resale,2026-10-04T16:01:57Z
234,S,13,524.79,resale,2026-10-04T16:01:57Z
149,V,16,282.03,resale,2026-10-04T16:01:57Z
149,V,17,282.03,resale,2026-10-04T16:01:57Z
149,V,18,282.03,resale,2026-10-04T16:01:57Z
303,J,10,134.2,resale,2026-10-04T16:01:57Z
303,J,11,134.2,resale,2026-10-04T16:01:57Z
207,C,11,259.42,resale,2026-10-04T16:01:57Z
207,C,12,259.42,resale,2026-10-04T16:01:57Z
235,W,5,595.0,resale,2026-10-04T16:01:57Z
235,W,6,595.0,resale,2026-10-04T16:01:57Z
343,G,23,229.36,resale,2026-10-04T16:01:57Z
343,G,24,229.36,resale,2026-10-04T16:01:57Z
149,T,3,282.03,resale,2026-10-04T16:01:57Z
149,T,4,282.03,resale,2026-10-04T16:01:57Z
149,T,5,282.03,resale,2026-10-04T16:01:57Z
149,T,6,282.03,resale,2026-10-04T16:01:57Z
149,G,21,282.03,resale,2026-10-04T16:01:57Z
128,L,7,326.06,resale,2026-10-04T16:01:57Z
128,L,8,326.06,resale,2026-10-04T16:01:57Z
146,K,16,452.2,resale,2026-10-04T16:01:57Z
145,Z,10,282.03,resale,2026-10-04T16:01:57Z
145,Z,11,282.03,resale,2026-10-04T16:01:57Z
137,P,5,446.25,resale,2026-10-04T16:01:57Z
137,P,6,446.25,resale,2026-10-04T16:01:57Z
132,K,1,370.09,resale,2026-10-04T16:01:57Z
132,K,2,370.09,resale,2026-10-04T16:01:57Z
238,F,7,524.79,resale,2026-10-04T16:01:57Z
238,F,8,524.79,resale,2026-10-04T16:01:57Z
209,J,17,476.0,resale,2026-10-04T16:01:57Z
209,J,18,476.0,resale,2026-10-04T16:01:57Z
209,K,15,862.75,resale,2026-10-04T16:01:57Z
209,K,16,862.75,resale,2026-10-04T16:01:57Z
206,N,19,238.0,resale,2026-10-04T16:01:57Z
206,N,20,238.0,resale,2026-10-04T16:01:57Z
151,M,3,282.03,resale,2026-10-04T16:01:57Z
151,M,4,282.03,resale,2026-10-04T16:01:57Z
336,G,3,303.45,resale,2026-10-04T16:01:57Z
336,G,4,303.45,resale,2026-10-04T16:01:57Z
121,Y,19,323.68,resale,2026-10-04T16:01:57Z
121,Y,20,323.68,resale,2026-10-04T16:01:57Z
125,AA,7,282.03,resale,2026-10-04T16:01:57Z
125,AA,8,282.03,resale,2026-10-04T16:01:57Z
332,DD,14,153.72,resale,2026-10-04T16:01:57Z
332,DD,15,153.72,resale,2026-10-04T16:01:57Z
342,WC,7,170.8,resale,2026-10-04T16:01:57Z
342,WC,8,170.8,resale,2026-10-04T16:01:57Z
342,WC,9,170.8,resale,2026-10-04T16:01:57Z
342,WC,10,170.8,resale,2026-10-04T16:01:57Z
234,R,11,525.98,resale,2026-10-04T16:01:57Z
234,R,12,525.98,resale,2026-10-04T16:01:57Z
234,R,13,525.98,resale,2026-10-04T16:01:57Z
234,R,14,525.98,resale,2026-10-04T16:01:57Z
303,B,7,115.9,resale,2026-10-04T16:01:57Z
303,B,8,115.9,resale,2026-10-04T16:01:57Z
147,B,5,355.81,resale,2026-10-04T16:01:57Z
147,B,6,355.81,resale,2026-10-04T16:01:57Z
144,M,5,326.06,resale,2026-10-04T16:01:57Z
144,M,6,326.06,resale,2026-10-04T16:01:57Z
147,WC,5,357.0,resale,2026-10-04T16:01:57Z
147,WC,6,357.0,resale,2026-10-04T16:01:57Z
303,C,14,151.28,resale,2026-10-04T16:01:57Z
303,C,15,151.28,resale,2026-10-04T16:01:57Z
146,T,6,282.03,resale,2026-10-04T16:01:57Z
146,T,7,282.03,resale,2026-10-04T16:01:57Z
209,F,1,416.5,resale,2026-10-04T16:01:57Z
209,F,2,416.5,resale,2026-10-04T16:01:57Z
113,C,9,213.5,resale,2026-10-04T16:01:57Z
113,C,10,213.5,resale,2026-10-04T16:01:57Z
103,BB,20,326.06,resale,2026-10-04T16:01:57Z
103,BB,21,326.06,resale,2026-10-04T16:01:57Z
103,BB,22,326.06,resale,2026-10-04T16:01:57Z
208,DD,20,618.8,resale,2026-10-04T16:01:57Z
340,B,12,163.48,resale,2026-10-04T16:01:57Z
340,B,13,163.48,resale,2026-10-04T16:01:57Z
136,W,7,465.29,resale,2026-10-04T16:01:57Z
136,W,8,465.29,resale,2026-10-04T16:01:57Z
102,R,13,326.06,resale,2026-10-04T16:01:57Z
102,R,14,326.06,resale,2026-10-04T16:01:57Z
333,J,23,242.78,resale,2026-10-04T16:01:57Z
333,J,24,242.78,resale,2026-10-04T16:01:57Z
125,N,15,282.03,resale,2026-10-04T16:01:57Z
125,N,16,282.03,resale,2026-10-04T16:01:57Z
234,Z,13,524.79,resale,2026-10-04T16:01:57Z
234,Z,14,524.79,resale,2026-10-04T16:01:57Z
227,G,13,235.46,resale,2026-10-04T16:01:57Z
310,K,11,159.82,resale,2026-10-04T16:01:57Z
310,K,12,159.82,resale,2026-10-04T16:01:57Z
128,M,9,490.64,resale,2026-10-04T16:01:57Z
128,M,10,490.64,resale,2026-10-04T16:01:57Z
143,P,9,326.06,resale,2026-10-04T16:01:57Z
143,P,10,326.06,resale,2026-10-04T16:01:57Z
143,P,11,326.06,resale,2026-10-04T16:01:57Z
143,P,12,326.06,resale,2026-10-04T16:01:57Z
143,P,13,326.06,resale,2026-10-04T16:01:57Z
143,P,14,326.06,resale,2026-10-04T16:01:57Z
125,T,19,315.35,resale,2026-10-04T16:01:57Z
125,T,20,315.35,resale,2026-10-04T16:01:57Z
125,T,21,315.35,resale,2026-10-04T16:01:57Z
125,T,22,315.35,resale,2026-10-04T16:01:57Z
125,T,23,315.35,resale,2026-10-04T16:01:57Z
125,T,24,315.35,resale,2026-10-04T16:01:57Z
205,U,18,553.35,resale,2026-10-04T16:01:57Z
205,U,19,553.35,resale,2026-10-04T16:01:57Z
303,Z,23,158.6,resale,2026-10-04T16:01:57Z
303,Z,24,158.6,resale,2026-10-04T16:01:57Z
137,AA,17,411.74,resale,2026-10-04T16:01:57Z
137,AA,18,411.74,resale,2026-10-04T16:01:57Z
240,E,3,169.58,resale,2026-10-04T16:01:57Z
240,E,4,169.58,resale,2026-10-04T16:01:57Z
111,V,19,1018.64,resale,2026-10-04T16:01:57Z
111,V,20,1018.64,resale,2026-10-04T16:01:57Z
111,V,21,1018.64,resale,2026-10-04T16:01:57Z
111,V,22,1018.64,resale,2026-10-04T16:01:57Z
135,B,23,357.0,resale,2026-10-04T16:01:57Z
135,B,24,357.0,resale,2026-10-04T16:01:57Z
112,C,3,416.5,resale,2026-10-04T16:01:57Z
112,C,4,416.5,resale,2026-10-04T16:01:57Z
342,Z,26,211.06,resale,2026-10-04T16:01:57Z
318,D,14,141.52,resale,2026-10-04T16:01:57Z
318,D,15,141.52,resale,2026-10-04T16:01:57Z
132,U,11,371.28,resale,2026-10-04T16:01:57Z
132,U,12,371.28,resale,2026-10-04T16:01:57Z
239,N,7,411.74,resale,2026-10-04T16:01:57Z
239,N,8,411.74,resale,2026-10-04T16:01:57Z
108,A,11,800.87,resale,2026-10-04T16:01:57Z
108,A,12,800.87,resale,2026-10-04T16:01:57Z
315,AA,9,122.0,resale,2026-10-04T16:01:57Z
315,AA,10,122.0,resale,2026-10-04T16:01:57Z
138,H,5,297.5,resale,2026-10-04T16:01:57Z
138,H,6,297.5,resale,2026-10-04T16:01:57Z
336,WC,15,565.25,resale,2026-10-04T16:01:57Z
336,WC,16,565.25,resale,2026-10-04T16:01:57Z
336,WC,17,565.25,resale,2026-10-04T16:01:57Z
109,E,5,249.9,resale,2026-10-04T16:01:57Z
109,E,6,249.9,resale,2026-10-04T16:01:57Z
112,D,15,303.45,resale,2026-10-04T16:01:57Z
112,D,16,303.45,resale,2026-10-04T16:01:57Z
139,L,7,465.29,resale,2026-10-04T16:01:57Z
139,L,8,465.29,resale,2026-10-04T16:01:57Z
147,CC,1,386.75,resale,2026-10-04T16:01:57Z
147,CC,2,386.75,resale,2026-10-04T16:01:57Z
308,P,1,152.5,resale,2026-10-04T16:01:57Z
308,P,2,152.5,resale,2026-10-04T16:01:57Z
205,L,16,392.7,resale,2026-10-04T16:01:57Z
205,L,17,392.7,resale,2026-10-04T16:01:57Z
149,T,18,158.6,resale,2026-10-04T16:01:57Z
149,T,19,158.6,resale,2026-10-04T16:01:57Z
149,T,20,158.6,resale,2026-10-04T16:01:57Z
149,T,21,158.6,resale,2026-10-04T16:01:57Z
106,N,20,239.12,resale,2026-10-04T16:01:57Z
106,N,21,239.12,resale,2026-10-04T16:01:57Z
133,S,1,411.74,resale,2026-10-04T16:01:57Z
133,S,2,411.74,resale,2026-10-04T16:01:57Z
133,S,3,411.74,resale,2026-10-04T16:01:57Z
133,S,4,411.74,resale,2026-10-04T16:01:57Z
133,S,5,411.74,resale,2026-10-04T16:01:57Z
133,S,6,411.74,resale,2026-10-04T16:01:57Z
201,AA,3,235.46,resale,2026-10-04T16:01:57Z
201,AA,4,235.46,resale,2026-10-04T16:01:57Z
110,X,1,297.5,resale,2026-10-04T16:01:57Z
110,X,2,297.5,resale,2026-10-04T16:01:57Z
237,R,5,318.92,resale,2026-10-04T16:01:57Z
237,R,6,318.92,resale,2026-10-04T16:01:57Z
237,R,7,318.92,resale,2026-10-04T16:01:57Z
237,R,8,318.92,resale,2026-10-04T16:01:57Z
150,K,4,190.32,resale,2026-10-04T16:01:57Z
150,K,5,190.32,resale,2026-10-04T16:01:57Z
334,X,9,134.2,resale,2026-10-04T16:01:57Z
334,X,10,134.2,resale,2026-10-04T16:01:57Z
150,W,15,282.03,resale,2026-10-04T16:01:57Z
150,W,16,282.03,resale,2026-10-04T16:01:57Z
150,W,17,282.03,resale,2026-10-04T16:01:57Z
150,W,18,282.03,resale,2026-10-04T16:01:57Z
124,Y,11,523.6,resale,2026-10-04T16:01:57Z
124,Y,12,523.6,resale,2026-10-04T16:01:57Z
124,Y,13,523.6,resale,2026-10-04T16:01:57Z
124,Y,14,523.6,resale,2026-10-04T16:01:57Z
124,X,13,297.5,resale,2026-10-04T16:01:57Z
124,X,14,297.5,resale,2026-10-04T16:01:57Z
124,X,15,297.5,resale,2026-10-04T16:01:57Z
124,Z,5,152.5,resale,2026-10-04T16:01:57Z
134,A,5,891.31,resale,2026-10-04T16:01:57Z
134,A,6,891.31,resale,2026-10-04T16:01:57Z
128,N,12,355.81,resale,2026-10-04T16:01:57Z
128,N,13,355.81,resale,2026-10-04T16:01:57Z
150,L,9,183.0,resale,2026-10-04T16:01:57Z
150,L,10,183.0,resale,2026-10-04T16:01:57Z
138,H,9,411.74,resale,2026-10-04T16:01:57Z
138,H,10,411.74,resale,2026-10-04T16:01:57Z
146,G,14,396.27,resale,2026-10-04T16:01:57Z
146,G,15,396.27,resale,2026-10-04T16:01:57Z
118,V,10,326.06,resale,2026-10-04T16:01:57Z
118,V,11,326.06,resale,2026-10-04T16:01:57Z
309,L,16,180.56,resale,2026-10-04T16:01:57Z
309,L,17,180.56,resale,2026-10-04T16:01:57Z
309,L,18,180.56,resale,2026-10-04T16:01:57Z
106,U,10,326.06,resale,2026-10-04T16:01:57Z
106,U,11,326.06,resale,2026-10-04T16:01:57Z
118,G,19,238.0,resale,2026-10-04T16:01:57Z
118,G,20,238.0,resale,2026-10-04T16:01:57Z
342,J,22,134.2,resale,2026-10-04T16:01:57Z
342,J,23,134.2,resale,2026-10-04T16:01:57Z
342,J,24,134.2,resale,2026-10-04T16:01:57Z
342,J,25,134.2,resale,2026-10-04T16:01:57Z
143,Z,23,303.45,resale,2026-10-04T16:01:57Z
143,Z,24,303.45,resale,2026-10-04T16:01:57Z
307,N,19,152.5,resale,2026-10-04T16:01:57Z
307,N,20,152.5,resale,2026-10-04T16:01:57Z
140,BB,3,326.06,resale,2026-10-04T16:01:57Z
140,BB,4,326.06,resale,2026-10-04T16:01:57Z
140,BB,5,326.06,resale,2026-10-04T16:01:57Z
140,BB,6,326.06,resale,2026-10-04T16:01:57Z
140,BB,7,326.06,resale,2026-10-04T16:01:57Z
140,BB,8,326.06,resale,2026-10-04T16:01:57Z
140,BB,9,326.06,resale,2026-10-04T16:01:57Z
140,BB,10,326.06,resale,2026-10-04T16:01:57Z
111,R,5,355.81,resale,2026-10-04T16:01:57Z
111,R,6,355.81,resale,2026-10-04T16:01:57Z
126,Z,3,282.03,resale,2026-10-04T16:01:57Z
126,Z,4,282.03,resale,2026-10-04T16:01:57Z
126,Z,5,282.03,resale,2026-10-04T16:01:57Z
126,Z,6,282.03,resale,2026-10-04T16:01:57Z
144,N,12,327.25,resale,2026-10-04T16:01:57Z
144,N,13,327.25,resale,2026-10-04T16:01:57Z
144,N,14,327.25,resale,2026-10-04T16:01:57Z
144,N,15,327.25,resale,2026-10-04T16:01:57Z
235,M,9,595.0,resale,2026-10-04T16:01:57Z
235,M,10,595.0,resale,2026-10-04T16:01:57Z
106,E,20,183.0,resale,2026-10-04T16:01:57Z
106,E,21,183.0,resale,2026-10-04T16:01:57Z
145,U,12,316.54,resale,2026-10-04T16:01:57Z
145,U,13,316.54,resale,2026-10-04T16:01:57Z
145,U,14,316.54,resale,2026-10-04T16:01:57Z
145,U,15,316.54,resale,2026-10-04T16:01:57Z
145,U,16,316.54,resale,2026-10-04T16:01:57Z
145,U,17,316.54,resale,2026-10-04T16:01:57Z
102,X,15,327.25,resale,2026-10-04T16:01:57Z
102,X,16,327.25,resale,2026-10-04T16:01:57Z
102,X,17,327.25,resale,2026-10-04T16:01:57Z
102,X,18,327.25,resale,2026-10-04T16:01:57Z
102,X,19,327.25,resale,2026-10-04T16:01:57Z
102,X,20,327.25,resale,2026-10-04T16:01:57Z
102,CC,1,326.06,resale,2026-10-04T16:01:57Z
102,CC,2,326.06,resale,2026-10-04T16:01:57Z
236,S,5,535.5,resale,2026-10-04T16:01:57Z
236,S,6,535.5,resale,2026-10-04T16:01:57Z
147,BB,5,282.03,resale,2026-10-04T16:01:57Z
310,R,7,192.76,resale,2026-10-04T16:01:57Z
310,R,8,192.76,resale,2026-10-04T16:01:57Z
120,AA,9,282.03,resale,2026-10-04T16:01:57Z
120,AA,10,282.03,resale,2026-10-04T16:01:57Z
106,P,16,326.06,resale,2026-10-04T16:01:57Z
106,P,17,326.06,resale,2026-10-04T16:01:57Z
144,V,13,326.06,resale,2026-10-04T16:01:57Z
144,V,14,326.06,resale,2026-10-04T16:01:57Z
230,AA,12,213.5,resale,2026-10-04T16:01:57Z
230,AA,13,213.5,resale,2026-10-04T16:01:57Z
230,AA,14,213.5,resale,2026-10-04T16:01:57Z
230,AA,15,213.5,resale,2026-10-04T16:01:57Z
303,A,9,183.0,resale,2026-10-04T16:01:57Z
303,A,10,183.0,resale,2026-10-04T16:01:57Z
119,BB,23,152.5,resale,2026-10-04T16:01:57Z
119,BB,24,152.5,resale,2026-10-04T16:01:57Z
112,W,18,222.04,resale,2026-10-04T16:01:57Z
112,W,19,222.04,resale,2026-10-04T16:01:57Z
139,L,9,370.09,resale,2026-10-04T16:01:57Z
139,L,10,370.09,resale,2026-10-04T16:01:57Z
146,X,17,310.59,resale,2026-10-04T16:01:57Z
146,X,18,310.59,resale,2026-10-04T16:01:57Z
150,AA,17,283.22,resale,2026-10-04T16:01:57Z
150,AA,18,283.22,resale,2026-10-04T16:01:57Z
150,AA,19,283.22,resale,2026-10-04T16:01:57Z
239,BB,21,238.0,resale,2026-10-04T16:01:57Z
239,BB,22,238.0,resale,2026-10-04T16:01:57Z
318,V,1,134.2,resale,2026-10-04T16:01:57Z
318,V,2,134.2,resale,2026-10-04T16:01:57Z
318,V,3,134.2,resale,2026-10-04T16:01:57Z
318,V,4,134.2,resale,2026-10-04T16:01:57Z
331,E,11,207.4,resale,2026-10-04T16:01:57Z
331,E,12,207.4,resale,2026-10-04T16:01:57Z
331,E,13,207.4,resale,2026-10-04T16:01:57Z
331,E,14,207.4,resale,2026-10-04T16:01:57Z
309,P,15,173.24,resale,2026-10-04T16:01:57Z
309,P,16,173.24,resale,2026-10-04T16:01:57Z
309,P,17,173.24,resale,2026-10-04T16:01:57Z
309,P,18,173.24,resale,2026-10-04T16:01:57Z
332,X,19,126.88,resale,2026-10-04T16:01:57Z
332,X,20,126.88,resale,2026-10-04T16:01:57Z
332,X,21,126.88,resale,2026-10-04T16:01:57Z
332,X,22,126.88,resale,2026-10-04T16:01:57Z
331,H,13,167.14,resale,2026-10-04T16:01:57Z
331,H,14,167.14,resale,2026-10-04T16:01:57Z
133,J,18,405.79,resale,2026-10-04T16:01:57Z
133,J,19,405.79,resale,2026-10-04T16:01:57Z
309,C,3,164.7,resale,2026-10-04T16:01:57Z
309,C,4,164.7,resale,2026-10-04T16:01:57Z
122,AA,11,152.5,resale,2026-10-04T16:01:57Z
122,AA,12,152.5,resale,2026-10-04T16:01:57Z
106,Z,13,296.31,resale,2026-10-04T16:01:57Z
106,Z,14,296.31,resale,2026-10-04T16:01:57Z
106,Z,15,296.31,resale,2026-10-04T16:01:57Z
146,P,20,357.0,resale,2026-10-04T16:01:57Z
146,P,21,357.0,resale,2026-10-04T16:01:57Z
146,R,20,357.0,resale,2026-10-04T16:01:57Z
146,R,21,357.0,resale,2026-10-04T16:01:57Z
146,R,22,357.0,resale,2026-10-04T16:01:57Z
111,Y,9,257.04,resale,2026-10-04T16:01:57Z
111,Y,10,257.04,resale,2026-10-04T16:01:57Z
134,M,10,304.64,resale,2026-10-04T16:01:57Z
134,M,11,304.64,resale,2026-10-04T16:01:57Z
123,E,17,357.0,resale,2026-10-04T16:01:57Z
123,E,18,357.0,resale,2026-10-04T16:01:57Z
218,T,17,195.2,resale,2026-10-04T16:01:57Z
218,T,18,195.2,resale,2026-10-04T16:01:57Z
218,T,19,195.2,resale,2026-10-04T16:01:57Z
239,CC,19,297.5,resale,2026-10-04T16:01:57Z
239,CC,20,297.5,resale,2026-10-04T16:01:57Z
240,G,19,213.5,resale,2026-10-04T16:01:57Z
240,G,20,213.5,resale,2026-10-04T16:01:57Z
217,Y,4,231.8,resale,2026-10-04T16:01:57Z
217,Y,5,231.8,resale,2026-10-04T16:01:57Z
217,Y,6,231.8,resale,2026-10-04T16:01:57Z
217,Y,7,231.8,resale,2026-10-04T16:01:57Z
208,S,13,327.25,resale,2026-10-04T16:01:57Z
208,S,14,327.25,resale,2026-10-04T16:01:57Z
145,V,5,249.9,resale,2026-10-04T16:01:57Z
145,V,6,249.9,resale,2026-10-04T16:01:57Z
336,V,4,192.76,resale,2026-10-04T16:01:57Z
336,V,5,192.76,resale,2026-10-04T16:01:57Z
336,V,6,192.76,resale,2026-10-04T16:01:57Z
336,V,7,192.76,resale,2026-10-04T16:01:57Z
336,V,8,192.76,resale,2026-10-04T16:01:57Z
336,V,9,192.76,resale,2026-10-04T16:01:57Z
233,L,17,524.79,resale,2026-10-04T16:01:57Z
233,L,18,524.79,resale,2026-10-04T16:01:57Z
233,L,19,524.79,resale,2026-10-04T16:01:57Z
233,L,20,524.79,resale,2026-10-04T16:01:57Z
228,J,23,225.7,resale,2026-10-04T16:01:57Z
228,J,24,225.7,resale,2026-10-04T16:01:57Z
310,D,17,183.0,resale,2026-10-04T16:01:57Z
310,D,18,183.0,resale,2026-10-04T16:01:57Z
333,A,15,207.4,resale,2026-10-04T16:01:57Z
333,A,16,207.4,resale,2026-10-04T16:01:57Z
217,N,13,134.2,resale,2026-10-04T16:01:57Z
338,R,13,168.36,resale,2026-10-04T16:01:57Z
338,R,14,168.36,resale,2026-10-04T16:01:57Z
338,R,15,168.36,resale,2026-10-04T16:01:57Z
128,S,5,326.06,resale,2026-10-04T16:01:57Z
128,S,6,326.06,resale,2026-10-04T16:01:57Z
128,S,7,326.06,resale,2026-10-04T16:01:57Z
128,S,8,326.06,resale,2026-10-04T16:01:57Z
128,S,9,326.06,resale,2026-10-04T16:01:57Z
128,S,10,326.06,resale,2026-10-04T16:01:57Z
128,S,11,326.06,resale,2026-10-04T16:01:57Z
128,S,12,326.06,resale,2026-10-04T16:01:57Z
128,S,13,326.06,resale,2026-10-04T16:01:57Z
128,S,14,326.06,resale,2026-10-04T16:01:57Z
128,S,15,326.06,resale,2026-10-04T16:01:57Z
228,P,23,297.5,resale,2026-10-04T16:01:57Z
228,P,24,297.5,resale,2026-10-04T16:01:57Z
343,W,13,134.2,resale,2026-10-04T16:01:57Z
343,W,14,134.2,resale,2026-10-04T16:01:57Z
343,W,15,134.2,resale,2026-10-04T16:01:57Z
343,W,16,134.2,resale,2026-10-04T16:01:57Z
343,W,17,134.2,resale,2026-10-04T16:01:57Z
343,W,18,134.2,resale,2026-10-04T16:01:57Z
343,W,19,134.2,resale,2026-10-04T16:01:57Z
343,W,20,134.2,resale,2026-10-04T16:01:57Z
343,W,21,134.2,resale,2026-10-04T16:01:57Z
343,W,22,134.2,resale,2026-10-04T16:01:57Z
343,W,23,134.2,resale,2026-10-04T16:01:57Z
343,W,24,134.2,resale,2026-10-04T16:01:57Z
201,L,19,262.99,resale,2026-10-04T16:01:57Z
201,L,20,262.99,resale,2026-10-04T16:01:57Z
218,R,9,152.5,resale,2026-10-04T16:01:57Z
218,R,10,152.5,resale,2026-10-04T16:01:57Z
201,K,20,239.19,resale,2026-10-04T16:01:57Z
201,K,21,239.19,resale,2026-10-04T16:01:57Z
333,WC,16,122.0,resale,2026-10-04T16:01:57Z
333,WC,17,122.0,resale,2026-10-04T16:01:57Z
330,Y,23,165.92,resale,2026-10-04T16:01:57Z
330,Y,24,165.92,resale,2026-10-04T16:01:57Z
143,BB,9,326.06,resale,2026-10-04T16:01:57Z
143,BB,10,326.06,resale,2026-10-04T16:01:57Z
143,BB,11,326.06,resale,2026-10-04T16:01:57Z
143,BB,12,326.06,resale,2026-10-04T16:01:57Z
143,BB,13,326.06,resale,2026-10-04T16:01:57Z
143,BB,14,326.06,resale,2026-10-04T16:01:57Z
143,BB,15,326.06,resale,2026-10-04T16:01:57Z
143,BB,16,326.06,resale,2026-10-04T16:01:57Z
303,S,9,162.26,resale,2026-10-04T16:01:57Z
330,Y,25,238.0,resale,2026-10-04T16:01:57Z
330,Y,26,238.0,resale,2026-10-04T16:01:57Z
302,S,1,134.2,resale,2026-10-04T16:01:57Z
302,S,2,134.2,resale,2026-10-04T16:01:57Z
302,S,3,134.2,resale,2026-10-04T16:01:57Z
302,S,4,134.2,resale,2026-10-04T16:01:57Z
243,D,15,235.46,resale,2026-10-04T16:01:57Z
243,D,16,235.46,resale,2026-10-04T16:01:57Z
309,A,7,167.14,resale,2026-10-04T16:01:57Z
309,A,8,167.14,resale,2026-10-04T16:01:57Z
239,A,15,386.75,resale,2026-10-04T16:01:57Z
239,A,16,386.75,resale,2026-10-04T16:01:57Z
205,M,11,416.5,resale,2026-10-04T16:01:57Z
205,M,12,416.5,resale,2026-10-04T16:01:57Z
143,CC,5,326.06,resale,2026-10-04T16:01:57Z
143,CC,6,326.06,resale,2026-10-04T16:01:57Z
143,CC,7,326.06,resale,2026-10-04T16:01:57Z
143,CC,8,326.06,resale,2026-10-04T16:01:57Z
143,CC,9,326.06,resale,2026-10-04T16:01:57Z
143,CC,10,326.06,resale,2026-10-04T16:01:57Z
143,CC,11,326.06,resale,2026-10-04T16:01:57Z
335,T,1,238.0,resale,2026-10-04T16:01:57Z
335,T,2,238.0,resale,2026-10-04T16:01:57Z
132,H,7,476.0,resale,2026-10-04T16:01:57Z
132,H,8,476.0,resale,2026-10-04T16:01:57Z
336,WC,18,217.16,resale,2026-10-04T16:01:57Z
336,WC,19,217.16,resale,2026-10-04T16:01:57Z
149,CC,1,193.98,resale,2026-10-04T16:01:57Z
149,CC,2,193.98,resale,2026-10-04T16:01:57Z
231,A,21,207.4,resale,2026-10-04T16:01:57Z
231,A,22,207.4,resale,2026-10-04T16:01:57Z
150,J,9,183.0,resale,2026-10-04T16:01:57Z
150,J,10,183.0,resale,2026-10-04T16:01:57Z
215,P,21,297.5,resale,2026-10-04T16:01:57Z
126,Z,19,219.6,resale,2026-10-04T16:01:57Z
126,Z,20,219.6,resale,2026-10-04T16:01:57Z
331,G,12,200.08,resale,2026-10-04T16:01:57Z
331,G,13,200.08,resale,2026-10-04T16:01:57Z
331,G,14,200.08,resale,2026-10-04T16:01:57Z
331,F,11,211.06,resale,2026-10-04T16:01:57Z
331,F,12,211.06,resale,2026-10-04T16:01:57Z
308,U,14,183.0,resale,2026-10-04T16:01:57Z
308,U,15,183.0,resale,2026-10-04T16:01:57Z
113,A,7,404.6,resale,2026-10-04T16:01:57Z
113,A,8,404.6,resale,2026-10-04T16:01:57Z
148,C,9,218.38,resale,2026-10-04T16:01:57Z
148,C,10,218.38,resale,2026-10-04T16:01:57Z
148,C,11,218.38,resale,2026-10-04T16:01:57Z
148,C,12,218.38,resale,2026-10-04T16:01:57Z
334,N,3,181.78,resale,2026-10-04T16:01:57Z
334,N,4,181.78,resale,2026-10-04T16:01:57Z
334,N,5,181.78,resale,2026-10-04T16:01:57Z
334,N,6,181.78,resale,2026-10-04T16:01:57Z
334,N,7,181.78,resale,2026-10-04T16:01:57Z
334,N,8,181.78,resale,2026-10-04T16:01:57Z
334,N,9,181.78,resale,2026-10-04T16:01:57Z
118,R,14,213.5,resale,2026-10-04T16:01:57Z
118,R,15,213.5,resale,2026-10-04T16:01:57Z
206,F,13,297.5,resale,2026-10-04T16:01:57Z
206,F,14,297.5,resale,2026-10-04T16:01:57Z
111,W,7,297.5,resale,2026-10-04T16:01:57Z
111,W,8,297.5,resale,2026-10-04T16:01:57Z
211,A,7,595.0,resale,2026-10-04T16:01:57Z
211,A,8,595.0,resale,2026-10-04T16:01:57Z
121,CC,16,249.9,resale,2026-10-04T16:01:57Z
121,CC,17,249.9,resale,2026-10-04T16:01:57Z
109,L,3,238.0,resale,2026-10-04T16:01:57Z
109,L,4,238.0,resale,2026-10-04T16:01:57Z
121,K,11,297.5,resale,2026-10-04T16:01:57Z
121,K,12,297.5,resale,2026-10-04T16:01:57Z
121,K,13,297.5,resale,2026-10-04T16:01:57Z
121,K,14,297.5,resale,2026-10-04T16:01:57Z
229,T,10,357.0,resale,2026-10-04T16:01:57Z
308,V,6,238.0,resale,2026-10-04T16:01:57Z
308,V,7,238.0,resale,2026-10-04T16:01:57Z
308,V,8,238.0,resale,2026-10-04T16:01:57Z
113,E,23,321.3,resale,2026-10-04T16:01:57Z
113,E,24,321.3,resale,2026-10-04T16:01:57Z
113,F,22,321.3,resale,2026-10-04T16:01:57Z
113,F,23,321.3,resale,2026-10-04T16:01:57Z
113,F,24,321.3,resale,2026-10-04T16:01:57Z
109,L,19,280.84,resale,2026-10-04T16:01:57Z
109,L,20,280.84,resale,2026-10-04T16:01:57Z
304,M,24,122.0,resale,2026-10-04T16:01:57Z
304,M,25,122.0,resale,2026-10-04T16:01:57Z
127,Y,4,181.78,resale,2026-10-04T16:01:57Z
127,Y,5,181.78,resale,2026-10-04T16:01:57Z
135,L,23,267.75,resale,2026-10-04T16:01:57Z
135,L,24,267.75,resale,2026-10-04T16:01:57Z
318,J,13,134.2,resale,2026-10-04T16:01:57Z
318,J,14,134.2,resale,2026-10-04T16:01:57Z
107,P,21,297.5,resale,2026-10-04T16:01:57Z
107,P,22,297.5,resale,2026-10-04T16:01:57Z
312,BB,15,167.14,resale,2026-10-04T16:01:57Z
312,BB,16,167.14,resale,2026-10-04T16:01:57Z
319,K,9,238.0,resale,2026-10-04T16:01:57Z
319,K,10,238.0,resale,2026-10-04T16:01:57Z
309,D,1,128.1,resale,2026-10-04T16:01:57Z
309,D,2,128.1,resale,2026-10-04T16:01:57Z
236,T,7,595.0,resale,2026-10-04T16:01:57Z
236,T,8,595.0,resale,2026-10-04T16:01:57Z
307,WC,3,213.5,resale,2026-10-04T16:01:57Z
307,WC,4,213.5,resale,2026-10-04T16:01:57Z
344,Y,4,134.2,resale,2026-10-04T16:01:57Z
344,Y,5,134.2,resale,2026-10-04T16:01:57Z
344,Y,6,134.2,resale,2026-10-04T16:01:57Z
118,H,15,207.4,resale,2026-10-04T16:01:57Z
144,Z,1,241.56,resale,2026-10-04T16:01:57Z
144,Z,2,241.56,resale,2026-10-04T16:01:57Z
334,A,10,214.72,resale,2026-10-04T16:01:57Z
334,A,11,214.72,resale,2026-10-04T16:01:57Z
311,D,1,218.38,resale,2026-10-04T16:01:57Z
311,D,2,218.38,resale,2026-10-04T16:01:57Z
108,L,23,345.1,resale,2026-10-04T16:01:57Z
108,L,24,345.1,resale,2026-10-04T16:01:57Z
147,K,5,243.95,resale,2026-10-04T16:01:57Z
109,V,15,297.5,resale,2026-10-04T16:01:57Z
109,V,16,297.5,resale,2026-10-04T16:01:57Z
109,V,17,297.5,resale,2026-10-04T16:01:57Z
109,V,18,297.5,resale,2026-10-04T16:01:57Z
107,BB,21,219.6,resale,2026-10-04T16:01:57Z
107,BB,22,219.6,resale,2026-10-04T16:01:57Z
146,F,19,183.0,resale,2026-10-04T16:01:57Z
146,F,20,183.0,resale,2026-10-04T16:01:57Z
113,C,1,302.26,resale,2026-10-04T16:01:57Z
113,C,2,302.26,resale,2026-10-04T16:01:57Z
136,N,13,397.46,resale,2026-10-04T16:01:57Z
136,N,14,397.46,resale,2026-10-04T16:01:57Z
136,N,15,397.46,resale,2026-10-04T16:01:57Z
311,X,10,380.8,resale,2026-10-04T16:01:57Z
304,WC,7,152.5,resale,2026-10-04T16:01:57Z
304,WC,8,152.5,resale,2026-10-04T16:01:57Z
210,E,19,708.05,resale,2026-10-04T16:01:57Z
210,E,20,708.05,resale,2026-10-04T16:01:57Z
210,E,21,708.05,resale,2026-10-04T16:01:57Z
210,E,22,708.05,resale,2026-10-04T16:01:57Z
146,M,1,183.0,resale,2026-10-04T16:01:57Z
146,M,2,183.0,resale,2026-10-04T16:01:57Z
146,M,3,183.0,resale,2026-10-04T16:01:57Z
333,D,23,231.8,resale,2026-10-04T16:01:57Z
333,D,24,231.8,resale,2026-10-04T16:01:57Z
119,CC,3,213.5,resale,2026-10-04T16:01:57Z
119,CC,4,213.5,resale,2026-10-04T16:01:57Z
108,G,1,231.8,resale,2026-10-04T16:01:57Z
108,G,2,231.8,resale,2026-10-04T16:01:57Z
108,G,3,231.8,resale,2026-10-04T16:01:57Z
108,G,4,231.8,resale,2026-10-04T16:01:57Z
317,G,35,122.0,resale,2026-10-04T16:01:57Z
317,G,36,122.0,resale,2026-10-04T16:01:57Z
313,G,11,164.7,resale,2026-10-04T16:01:57Z
313,G,12,164.7,resale,2026-10-04T16:01:57Z
118,WC,5,357.0,resale,2026-10-04T16:01:57Z
118,WC,6,357.0,resale,2026-10-04T16:01:57Z
338,U,11,167.14,resale,2026-10-04T16:01:57Z
338,U,12,167.14,resale,2026-10-04T16:01:57Z
338,U,13,167.14,resale,2026-10-04T16:01:57Z
338,U,14,167.14,resale,2026-10-04T16:01:57Z
338,U,15,167.14,resale,2026-10-04T16:01:57Z
338,U,16,167.14,resale,2026-10-04T16:01:57Z
114,A,9,297.5,resale,2026-10-04T16:01:57Z
114,A,10,297.5,resale,2026-10-04T16:01:57Z
126,B,1,327.25,resale,2026-10-04T16:01:57Z
126,B,2,327.25,resale,2026-10-04T16:01:57Z
233,B,13,321.3,resale,2026-10-04T16:01:57Z
233,B,14,321.3,resale,2026-10-04T16:01:57Z
210,U,11,662.83,resale,2026-10-04T16:01:57Z
210,U,12,662.83,resale,2026-10-04T16:01:57Z
319,J,12,134.2,resale,2026-10-04T16:01:57Z
319,J,13,134.2,resale,2026-10-04T16:01:57Z
312,M,23,198.86,resale,2026-10-04T16:01:57Z
312,M,24,198.86,resale,2026-10-04T16:01:57Z
303,G,8,130.54,resale,2026-10-04T16:01:57Z
303,G,9,130.54,resale,2026-10-04T16:01:57Z
138,CC,6,238.0,resale,2026-10-04T16:01:57Z
147,B,9,416.5,resale,2026-10-04T16:01:57Z
147,B,10,416.5,resale,2026-10-04T16:01:57Z
147,A,6,833.0,resale,2026-10-04T16:01:57Z
239,E,21,291.55,resale,2026-10-04T16:01:57Z
239,E,22,291.55,resale,2026-10-04T16:01:57Z
123,W,21,238.0,resale,2026-10-04T16:01:57Z
123,W,22,238.0,resale,2026-10-04T16:01:57Z
312,T,7,156.16,resale,2026-10-04T16:01:57Z
312,T,8,156.16,resale,2026-10-04T16:01:57Z
150,CC,14,231.8,resale,2026-10-04T16:01:57Z
151,W,17,195.2,resale,2026-10-04T16:01:57Z
151,W,18,195.2,resale,2026-10-04T16:01:57Z
316,E,3,158.6,resale,2026-10-04T16:01:57Z
316,E,4,158.6,resale,2026-10-04T16:01:57Z
216,K,1,396.27,resale,2026-10-04T16:01:57Z
216,K,2,396.27,resale,2026-10-04T16:01:57Z
138,M,23,183.0,resale,2026-10-04T16:01:57Z
138,M,24,183.0,resale,2026-10-04T16:01:57Z
124,BB,5,282.03,resale,2026-10-04T16:01:57Z
124,BB,6,282.03,resale,2026-10-04T16:01:57Z
231,C,19,249.9,resale,2026-10-04T16:01:57Z
231,C,20,249.9,resale,2026-10-04T16:01:57Z
107,E,13,257.04,resale,2026-10-04T16:01:57Z
107,E,14,257.04,resale,2026-10-04T16:01:57Z
107,E,15,257.04,resale,2026-10-04T16:01:57Z
107,E,16,257.04,resale,2026-10-04T16:01:57Z
203,C,9,257.04,resale,2026-10-04T16:01:57Z
203,C,10,257.04,resale,2026-10-04T16:01:57Z
121,D,9,290.36,resale,2026-10-04T16:01:57Z
121,D,10,290.36,resale,2026-10-04T16:01:57Z
121,D,11,290.36,resale,2026-10-04T16:01:57Z
148,K,10,183.0,resale,2026-10-04T16:01:57Z
148,K,11,183.0,resale,2026-10-04T16:01:57Z
148,K,12,183.0,resale,2026-10-04T16:01:57Z
148,K,13,183.0,resale,2026-10-04T16:01:57Z
313,Z,1,255.85,resale,2026-10-04T16:01:57Z
313,Z,2,255.85,resale,2026-10-04T16:01:57Z
313,Z,3,255.85,resale,2026-10-04T16:01:57Z
313,Z,4,255.85,resale,2026-10-04T16:01:57Z
207,W,17,552.16,resale,2026-10-04T16:01:57Z
207,W,18,552.16,resale,2026-10-04T16:01:57Z
327,F,1,134.2,resale,2026-10-04T16:01:57Z
327,F,2,134.2,resale,2026-10-04T16:01:57Z
335,L,10,196.42,resale,2026-10-04T16:01:57Z
335,L,11,196.42,resale,2026-10-04T16:01:57Z
134,T,23,803.25,resale,2026-10-04T16:01:57Z
134,T,24,803.25,resale,2026-10-04T16:01:57Z
309,P,9,118.34,resale,2026-10-04T16:01:57Z
309,P,10,118.34,resale,2026-10-04T16:01:57Z
309,P,13,118.34,resale,2026-10-04T16:01:57Z
309,P,14,118.34,resale,2026-10-04T16:01:57Z
309,S,14,118.34,resale,2026-10-04T16:01:57Z
309,S,15,118.34,resale,2026-10-04T16:01:57Z
213,C,17,238.0,resale,2026-10-04T16:01:57Z
213,C,18,238.0,resale,2026-10-04T16:01:57Z
343,L,17,134.2,resale,2026-10-04T16:01:57Z
343,L,18,134.2,resale,2026-10-04T16:01:57Z
343,L,19,134.2,resale,2026-10-04T16:01:57Z
343,L,20,134.2,resale,2026-10-04T16:01:57Z
343,L,21,134.2,resale,2026-10-04T16:01:57Z
343,L,22,134.2,resale,2026-10-04T16:01:57Z
327,A,1,213.5,resale,2026-10-04T16:01:57Z
327,A,2,213.5,resale,2026-10-04T16:01:57Z
133,B,12,1011.5,resale,2026-10-04T16:01:57Z
133,B,13,1011.5,resale,2026-10-04T16:01:57Z
133,B,14,1011.5,resale,2026-10-04T16:01:57Z
133,B,15,1011.5,resale,2026-10-04T16:01:57Z
133,B,16,1011.5,resale,2026-10-04T16:01:57Z
339,L,11,265.36,resale,2026-10-04T16:01:57Z
339,L,12,265.36,resale,2026-10-04T16:01:57Z
120,T,14,282.03,resale,2026-10-04T16:01:57Z
120,T,15,282.03,resale,2026-10-04T16:01:57Z
127,U,8,326.06,resale,2026-10-04T16:01:57Z
127,U,9,326.06,resale,2026-10-04T16:01:57Z
127,U,10,326.06,resale,2026-10-04T16:01:57Z
127,U,11,326.06,resale,2026-10-04T16:01:57Z
127,U,12,326.06,resale,2026-10-04T16:01:57Z
127,U,13,326.06,resale,2026-10-04T16:01:57Z
127,Z,3,326.06,resale,2026-10-04T16:01:57Z
127,Z,4,326.06,resale,2026-10-04T16:01:57Z
127,Z,5,326.06,resale,2026-10-04T16:01:57Z
127,Z,6,326.06,resale,2026-10-04T16:01:57Z
127,Z,7,326.06,resale,2026-10-04T16:01:57Z
127,Z,8,326.06,resale,2026-10-04T16:01:57Z
127,Z,9,326.06,resale,2026-10-04T16:01:57Z
127,Z,10,326.06,resale,2026-10-04T16:01:57Z
127,Z,11,326.06,resale,2026-10-04T16:01:57Z
127,Z,12,326.06,resale,2026-10-04T16:01:57Z
127,Z,13,326.06,resale,2026-10-04T16:01:57Z
127,Z,14,326.06,resale,2026-10-04T16:01:57Z
312,U,11,168.36,resale,2026-10-04T16:01:57Z
312,U,12,168.36,resale,2026-10-04T16:01:57Z
312,U,13,168.36,resale,2026-10-04T16:01:57Z
312,U,14,168.36,resale,2026-10-04T16:01:57Z
112,P,21,595.0,resale,2026-10-04T16:01:57Z
112,P,22,595.0,resale,2026-10-04T16:01:57Z
106,Y,7,326.06,resale,2026-10-04T16:01:57Z
106,Y,8,326.06,resale,2026-10-04T16:01:57Z
106,Y,9,326.06,resale,2026-10-04T16:01:57Z
106,Y,10,326.06,resale,2026-10-04T16:01:57Z
144,D,8,442.68,resale,2026-10-04T16:01:57Z
144,D,9,442.68,resale,2026-10-04T16:01:57Z
201,N,11,235.46,resale,2026-10-04T16:01:57Z
201,N,12,235.46,resale,2026-10-04T16:01:57Z
118,Y,19,326.06,resale,2026-10-04T16:01:57Z
118,Y,20,326.06,resale,2026-10-04T16:01:57Z
122,G,17,201.3,resale,2026-10-04T16:01:57Z
122,G,18,201.3,resale,2026-10-04T16:01:57Z
150,T,23,240.34,resale,2026-10-04T16:01:57Z
150,T,24,240.34,resale,2026-10-04T16:01:57Z
238,R,3,524.79,resale,2026-10-04T16:01:57Z
238,R,4,524.79,resale,2026-10-04T16:01:57Z
238,R,5,524.79,resale,2026-10-04T16:01:57Z
238,R,6,524.79,resale,2026-10-04T16:01:57Z
238,R,7,524.79,resale,2026-10-04T16:01:57Z
238,R,8,524.79,resale,2026-10-04T16:01:57Z
235,E,10,476.0,resale,2026-10-04T16:01:57Z
235,E,11,476.0,resale,2026-10-04T16:01:57Z
329,DD,4,122.0,resale,2026-10-04T16:01:57Z
329,DD,5,122.0,resale,2026-10-04T16:01:57Z
329,DD,6,122.0,resale,2026-10-04T16:01:57Z
329,DD,7,122.0,resale,2026-10-04T16:01:57Z
131,K,20,298.69,resale,2026-10-04T16:01:57Z
131,K,21,298.69,resale,2026-10-04T16:01:57Z
111,Z,15,565.25,resale,2026-10-04T16:01:57Z
111,Z,16,565.25,resale,2026-10-04T16:01:57Z
232,F,5,297.5,resale,2026-10-04T16:01:57Z
232,F,6,297.5,resale,2026-10-04T16:01:57Z
312,S,13,167.14,resale,2026-10-04T16:01:57Z
312,S,14,167.14,resale,2026-10-04T16:01:57Z
134,G,21,304.64,resale,2026-10-04T16:01:57Z
134,G,22,304.64,resale,2026-10-04T16:01:57Z
108,C,19,892.5,resale,2026-10-04T16:01:57Z
108,C,20,892.5,resale,2026-10-04T16:01:57Z
234,AA,13,437.92,resale,2026-10-04T16:01:57Z
234,AA,14,437.92,resale,2026-10-04T16:01:57Z
216,Z,9,351.05,resale,2026-10-04T16:01:57Z
216,AA,11,351.05,resale,2026-10-04T16:01:57Z
150,H,3,282.03,resale,2026-10-04T16:01:57Z
208,M,1,273.7,resale,2026-10-04T16:01:57Z
208,M,2,273.7,resale,2026-10-04T16:01:57Z
209,C,1,416.5,resale,2026-10-04T16:01:57Z
209,C,2,416.5,resale,2026-10-04T16:01:57Z
126,Y,5,282.03,resale,2026-10-04T16:01:57Z
126,Y,6,282.03,resale,2026-10-04T16:01:57Z
124,P,21,357.0,resale,2026-10-04T16:01:57Z
124,P,22,357.0,resale,2026-10-04T16:01:57Z
303,U,1,170.8,resale,2026-10-04T16:01:57Z
303,U,2,170.8,resale,2026-10-04T16:01:57Z
336,R,11,192.76,resale,2026-10-04T16:01:57Z
336,R,12,192.76,resale,2026-10-04T16:01:57Z
308,C,22,122.0,resale,2026-10-04T16:01:57Z
128,W,10,326.06,resale,2026-10-04T16:01:57Z
128,W,11,326.06,resale,2026-10-04T16:01:57Z
128,W,12,326.06,resale,2026-10-04T16:01:57Z
128,W,13,326.06,resale,2026-10-04T16:01:57Z
128,W,14,326.06,resale,2026-10-04T16:01:57Z
128,W,15,326.06,resale,2026-10-04T16:01:57Z
128,W,16,326.06,resale,2026-10-04T16:01:57Z
333,L,15,169.58,resale,2026-10-04T16:01:57Z
333,L,16,169.58,resale,2026-10-04T16:01:57Z
206,DD,13,238.0,resale,2026-10-04T16:01:57Z
206,DD,14,238.0,resale,2026-10-04T16:01:57Z
124,CC,18,180.56,resale,2026-10-04T16:01:57Z
124,CC,19,180.56,resale,2026-10-04T16:01:57Z
313,W,1,183.0,resale,2026-10-04T16:01:57Z
313,W,2,183.0,resale,2026-10-04T16:01:57Z
305,H,15,213.5,resale,2026-10-04T16:01:57Z
305,H,16,213.5,resale,2026-10-04T16:01:57Z
305,H,17,213.5,resale,2026-10-04T16:01:57Z
305,H,18,213.5,resale,2026-10-04T16:01:57Z
122,AA,21,282.03,resale,2026-10-04T16:01:57Z
122,AA,22,282.03,resale,2026-10-04T16:01:57Z
115,AA,12,326.06,resale,2026-10-04T16:01:57Z
115,AA,13,326.06,resale,2026-10-04T16:01:57Z
138,Z,3,411.74,resale,2026-10-04T16:01:57Z
138,Z,4,411.74,resale,2026-10-04T16:01:57Z
138,Z,5,411.74,resale,2026-10-04T16:01:57Z
138,Z,6,411.74,resale,2026-10-04T16:01:57Z
138,Z,7,411.74,resale,2026-10-04T16:01:57Z
138,Z,8,411.74,resale,2026-10-04T16:01:57Z
138,W,1,411.74,resale,2026-10-04T16:01:57Z
138,W,2,411.74,resale,2026-10-04T16:01:57Z
138,W,3,411.74,resale,2026-10-04T16:01:57Z
138,W,4,411.74,resale,2026-10-04T16:01:57Z
138,W,5,411.74,resale,2026-10-04T16:01:57Z
138,R,19,411.74,resale,2026-10-04T16:01:57Z
138,R,20,411.74,resale,2026-10-04T16:01:57Z
138,R,21,411.74,resale,2026-10-04T16:01:57Z
138,R,22,411.74,resale,2026-10-04T16:01:57Z
138,R,23,411.74,resale,2026-10-04T16:01:57Z
138,R,24,411.74,resale,2026-10-04T16:01:57Z
128,U,5,326.06,resale,2026-10-04T16:01:57Z
128,U,6,326.06,resale,2026-10-04T16:01:57Z
128,U,7,326.06,resale,2026-10-04T16:01:57Z
128,U,8,326.06,resale,2026-10-04T16:01:57Z
128,U,9,326.06,resale,2026-10-04T16:01:57Z
128,U,10,326.06,resale,2026-10-04T16:01:57Z
128,U,11,326.06,resale,2026-10-04T16:01:57Z
128,U,12,326.06,resale,2026-10-04T16:01:57Z
128,U,13,326.06,resale,2026-10-04T16:01:57Z
128,U,14,326.06,resale,2026-10-04T16:01:57Z
128,U,15,326.06,resale,2026-10-04T16:01:57Z
128,U,16,326.06,resale,2026-10-04T16:01:57Z
128,R,8,326.06,resale,2026-10-04T16:01:57Z
128,R,9,326.06,resale,2026-10-04T16:01:57Z
128,R,10,326.06,resale,2026-10-04T16:01:57Z
128,R,11,326.06,resale,2026-10-04T16:01:57Z
128,R,12,326.06,resale,2026-10-04T16:01:57Z
128,R,13,326.06,resale,2026-10-04T16:01:57Z
139,W,1,370.09,resale,2026-10-04T16:01:57Z
139,W,2,370.09,resale,2026-10-04T16:01:57Z
139,W,3,370.09,resale,2026-10-04T16:01:57Z
139,W,4,370.09,resale,2026-10-04T16:01:57Z
139,W,5,370.09,resale,2026-10-04T16:01:57Z
139,W,6,370.09,resale,2026-10-04T16:01:57Z
139,W,7,370.09,resale,2026-10-04T16:01:57Z
139,W,8,370.09,resale,2026-10-04T16:01:57Z
132,R,17,370.09,resale,2026-10-04T16:01:57Z
132,R,18,370.09,resale,2026-10-04T16:01:57Z
132,R,19,370.09,resale,2026-10-04T16:01:57Z
132,R,20,370.09,resale,2026-10-04T16:01:57Z
118,E,16,272.51,resale,2026-10-04T16:01:57Z
118,E,17,272.51,resale,2026-10-04T16:01:57Z
118,E,18,272.51,resale,2026-10-04T16:01:57Z
206,V,15,287.98,resale,2026-10-04T16:01:57Z
206,V,16,287.98,resale,2026-10-04T16:01:57Z
143,R,11,326.06,resale,2026-10-04T16:01:57Z
143,R,12,326.06,resale,2026-10-04T16:01:57Z
143,R,13,326.06,resale,2026-10-04T16:01:57Z
143,R,14,326.06,resale,2026-10-04T16:01:57Z
143,R,15,326.06,resale,2026-10-04T16:01:57Z
143,R,16,326.06,resale,2026-10-04T16:01:57Z
143,R,17,326.06,resale,2026-10-04T16:01:57Z
143,R,18,326.06,resale,2026-10-04T16:01:57Z
140,L,7,326.06,resale,2026-10-04T16:01:57Z
140,L,8,326.06,resale,2026-10-04T16:01:57Z
112,T,18,602.14,resale,2026-10-04T16:01:57Z
112,T,19,602.14,resale,2026-10-04T16:01:57Z
112,T,20,602.14,resale,2026-10-04T16:01:57Z
244,C,8,207.4,resale,2026-10-04T16:01:57Z
244,C,9,207.4,resale,2026-10-04T16:01:57Z
220,AA,12,158.6,resale,2026-10-04T16:01:57Z
220,AA,13,158.6,resale,2026-10-04T16:01:57Z
234,U,12,524.79,resale,2026-10-04T16:01:57Z
234,U,13,524.79,resale,2026-10-04T16:01:57Z
237,R,9,524.79,resale,2026-10-04T16:01:57Z
237,R,10,524.79,resale,2026-10-04T16:01:57Z
148,AA,7,357.0,resale,2026-10-04T16:01:57Z
148,AA,8,357.0,resale,2026-10-04T16:01:57Z
215,N,19,241.57,resale,2026-10-04T16:01:57Z
215,N,20,241.57,resale,2026-10-04T16:01:57Z
212,B,20,416.5,resale,2026-10-04T16:01:57Z
122,U,13,282.03,resale,2026-10-04T16:01:57Z
122,U,14,282.03,resale,2026-10-04T16:01:57Z
235,V,5,802.06,resale,2026-10-04T16:01:57Z
235,V,6,802.06,resale,2026-10-04T16:01:57Z
235,V,7,802.06,resale,2026-10-04T16:01:57Z
235,V,8,802.06,resale,2026-10-04T16:01:57Z
339,P,1,203.74,resale,2026-10-04T16:01:57Z
339,P,2,203.74,resale,2026-10-04T16:01:57Z
219,Y,19,267.75,resale,2026-10-04T16:01:57Z
209,P,5,238.0,resale,2026-10-04T16:01:57Z
209,P,6,238.0,resale,2026-10-04T16:01:57Z
111,CC,13,357.0,resale,2026-10-04T16:01:57Z
111,CC,14,357.0,resale,2026-10-04T16:01:57Z
238,H,4,524.79,resale,2026-10-04T16:01:57Z
238,H,5,524.79,resale,2026-10-04T16:01:57Z
238,H,6,524.79,resale,2026-10-04T16:01:57Z
238,H,7,524.79,resale,2026-10-04T16:01:57Z
238,H,8,524.79,resale,2026-10-04T16:01:57Z
238,H,9,524.79,resale,2026-10-04T16:01:57Z
238,H,10,524.79,resale,2026-10-04T16:01:57Z
233,H,14,524.79,resale,2026-10-04T16:01:57Z
233,H,15,524.79,resale,2026-10-04T16:01:57Z
233,H,16,524.79,resale,2026-10-04T16:01:57Z
201,CC,20,146.4,resale,2026-10-04T16:01:57Z
201,CC,21,146.4,resale,2026-10-04T16:01:57Z
201,DD,20,146.4,resale,2026-10-04T16:01:57Z
201,DD,21,146.4,resale,2026-10-04T16:01:57Z
107,N,23,304.64,resale,2026-10-04T16:01:57Z
107,N,24,304.64,resale,2026-10-04T16:01:57Z
121,P,1,176.9,resale,2026-10-04T16:01:57Z
121,P,2,176.9,resale,2026-10-04T16:01:57Z
341,Z,24,183.0,resale,2026-10-04T16:01:57Z
114,V,5,416.5,resale,2026-10-04T16:01:57Z
114,V,6,416.5,resale,2026-10-04T16:01:57Z
112,W,1,357.0,resale,2026-10-04T16:01:57Z
112,W,2,357.0,resale,2026-10-04T16:01:57Z
202,N,3,235.46,resale,2026-10-04T16:01:57Z
202,N,4,235.46,resale,2026-10-04T16:01:57Z
143,CC,1,162.26,resale,2026-10-04T16:01:57Z
143,CC,2,162.26,resale,2026-10-04T16:01:57Z
143,CC,3,162.26,resale,2026-10-04T16:01:57Z
143,CC,4,162.26,resale,2026-10-04T16:01:57Z
147,Z,2,282.03,resale,2026-10-04T16:01:57Z
147,Z,3,282.03,resale,2026-10-04T16:01:57Z
236,K,1,446.25,resale,2026-10-04T16:01:57Z
236,K,2,446.25,resale,2026-10-04T16:01:57Z
208,W,6,357.0,resale,2026-10-04T16:01:57Z
208,W,7,357.0,resale,2026-10-04T16:01:57Z
110,L,19,505.75,resale,2026-10-04T16:01:57Z
110,L,20,505.75,resale,2026-10-04T16:01:57Z
108,Y,21,183.0,resale,2026-10-04T16:01:57Z
108,Y,22,183.0,resale,2026-10-04T16:01:57Z
218,E,19,195.2,resale,2026-10-04T16:01:57Z
218,E,20,195.2,resale,2026-10-04T16:01:57Z
146,K,19,152.5,resale,2026-10-04T16:01:57Z
146,K,20,152.5,resale,2026-10-04T16:01:57Z
146,K,21,152.5,resale,2026-10-04T16:01:57Z
146,K,22,152.5,resale,2026-10-04T16:01:57Z
231,AA,19,321.3,resale,2026-10-04T16:01:57Z
231,AA,20,321.3,resale,2026-10-04T16:01:57Z
112,Z,7,237.9,resale,2026-10-04T16:01:57Z
112,Z,8,237.9,resale,2026-10-04T16:01:57Z
151,WC,9,231.8,resale,2026-10-04T16:01:57Z
151,WC,10,231.8,resale,2026-10-04T16:01:57Z
127,C,17,238.0,resale,2026-10-04T16:01:57Z
127,C,18,238.0,resale,2026-10-04T16:01:57Z
344,A,6,225.7,resale,2026-10-04T16:01:57Z
344,A,7,225.7,resale,2026-10-04T16:01:57Z
122,P,11,249.9,resale,2026-10-04T16:01:57Z
122,P,12,249.9,resale,2026-10-04T16:01:57Z
122,P,13,249.9,resale,2026-10-04T16:01:57Z
319,A,9,134.2,resale,2026-10-04T16:01:57Z
319,A,10,134.2,resale,2026-10-04T16:01:57Z
230,X,14,357.0,resale,2026-10-04T16:01:57Z
230,X,15,357.0,resale,2026-10-04T16:01:57Z
150,G,11,282.03,resale,2026-10-04T16:01:57Z
150,G,12,282.03,resale,2026-10-04T16:01:57Z
149,H,8,282.03,resale,2026-10-04T16:01:57Z
149,H,9,282.03,resale,2026-10-04T16:01:57Z
328,M,23,183.0,resale,2026-10-04T16:01:57Z
328,M,24,183.0,resale,2026-10-04T16:01:57Z
308,F,1,137.86,resale,2026-10-04T16:01:57Z
308,F,2,137.86,resale,2026-10-04T16:01:57Z
149,BB,7,282.03,resale,2026-10-04T16:01:57Z
149,BB,8,282.03,resale,2026-10-04T16:01:57Z
149,BB,9,282.03,resale,2026-10-04T16:01:57Z
149,BB,10,282.03,resale,2026-10-04T16:01:57Z
329,E,3,137.86,resale,2026-10-04T16:01:57Z
329,E,4,137.86,resale,2026-10-04T16:01:57Z
114,H,19,327.25,resale,2026-10-04T16:01:57Z
114,H,20,327.25,resale,2026-10-04T16:01:57Z
135,E,18,462.91,resale,2026-10-04T16:01:57Z
328,K,16,297.5,resale,2026-10-04T16:01:57Z
328,K,17,297.5,resale,2026-10-04T16:01:57Z
311,B,9,242.78,resale,2026-10-04T16:01:57Z
311,B,10,242.78,resale,2026-10-04T16:01:57Z
148,N,10,282.03,resale,2026-10-04T16:01:57Z
148,N,11,282.03,resale,2026-10-04T16:01:57Z
148,N,12,282.03,resale,2026-10-04T16:01:57Z
148,N,13,282.03,resale,2026-10-04T16:01:57Z
147,D,23,392.7,resale,2026-10-04T16:01:57Z
147,D,24,392.7,resale,2026-10-04T16:01:57Z
344,X,6,134.2,resale,2026-10-04T16:01:57Z
344,X,7,134.2,resale,2026-10-04T16:01:57Z
339,W,13,152.5,resale,2026-10-04T16:01:57Z
339,W,14,152.5,resale,2026-10-04T16:01:57Z
339,W,15,152.5,resale,2026-10-04T16:01:57Z
339,W,16,152.5,resale,2026-10-04T16:01:57Z
339,W,17,152.5,resale,2026-10-04T16:01:57Z
339,W,18,152.5,resale,2026-10-04T16:01:57Z
339,W,19,152.5,resale,2026-10-04T16:01:57Z
339,W,20,152.5,resale,2026-10-04T16:01:57Z
339,W,21,152.5,resale,2026-10-04T16:01:57Z
122,V,1,273.7,resale,2026-10-04T16:01:57Z
122,V,2,273.7,resale,2026-10-04T16:01:57Z
113,G,1,195.2,resale,2026-10-04T16:01:57Z
113,G,2,195.2,resale,2026-10-04T16:01:57Z
113,G,3,195.2,resale,2026-10-04T16:01:57Z
113,G,4,195.2,resale,2026-10-04T16:01:57Z
120,CC,6,219.6,resale,2026-10-04T16:01:57Z
120,CC,7,219.6,resale,2026-10-04T16:01:57Z
139,R,11,370.09,resale,2026-10-04T16:01:57Z
139,R,12,370.09,resale,2026-10-04T16:01:57Z
139,R,13,370.09,resale,2026-10-04T16:01:57Z
139,R,14,370.09,resale,2026-10-04T16:01:57Z
139,R,15,370.09,resale,2026-10-04T16:01:57Z
139,R,16,370.09,resale,2026-10-04T16:01:57Z
139,R,17,370.09,resale,2026-10-04T16:01:57Z
139,R,18,370.09,resale,2026-10-04T16:01:57Z
139,R,19,370.09,resale,2026-10-04T16:01:57Z
139,R,20,370.09,resale,2026-10-04T16:01:57Z
139,R,21,370.09,resale,2026-10-04T16:01:57Z
139,R,22,370.09,resale,2026-10-04T16:01:57Z
125,V,9,282.03,resale,2026-10-04T16:01:57Z
125,V,10,282.03,resale,2026-10-04T16:01:57Z
139,U,17,370.09,resale,2026-10-04T16:01:57Z
139,U,18,370.09,resale,2026-10-04T16:01:57Z
139,U,19,370.09,resale,2026-10-04T16:01:57Z
139,U,20,370.09,resale,2026-10-04T16:01:57Z
139,U,21,370.09,resale,2026-10-04T16:01:57Z
309,WC,3,291.55,resale,2026-10-04T16:01:57Z
309,WC,4,291.55,resale,2026-10-04T16:01:57Z
122,H,18,282.03,resale,2026-10-04T16:01:57Z
122,H,19,282.03,resale,2026-10-04T16:01:57Z
313,G,19,129.32,resale,2026-10-04T16:01:57Z
313,G,20,129.32,resale,2026-10-04T16:01:57Z
148,BB,9,282.03,resale,2026-10-04T16:01:57Z
148,BB,10,282.03,resale,2026-10-04T16:01:57Z
218,W,8,303.45,resale,2026-10-04T16:01:57Z
218,W,9,303.45,resale,2026-10-04T16:01:57Z
314,P,5,152.5,resale,2026-10-04T16:01:57Z
314,P,6,152.5,resale,2026-10-04T16:01:57Z
311,R,15,183.0,resale,2026-10-04T16:01:57Z
311,R,16,183.0,resale,2026-10-04T16:01:57Z
309,K,18,134.2,resale,2026-10-04T16:01:57Z
309,K,19,134.2,resale,2026-10-04T16:01:57Z
309,K,20,134.2,resale,2026-10-04T16:01:57Z
309,K,21,134.2,resale,2026-10-04T16:01:57Z
207,BB,5,297.5,resale,2026-10-04T16:01:57Z
207,BB,6,297.5,resale,2026-10-04T16:01:57Z
132,N,6,370.09,resale,2026-10-04T16:01:57Z
132,N,7,370.09,resale,2026-10-04T16:01:57Z
132,N,8,370.09,resale,2026-10-04T16:01:57Z
132,N,9,370.09,resale,2026-10-04T16:01:57Z
132,N,10,370.09,resale,2026-10-04T16:01:57Z
132,N,11,370.09,resale,2026-10-04T16:01:57Z
106,T,16,326.06,resale,2026-10-04T16:01:57Z
106,T,17,326.06,resale,2026-10-04T16:01:57Z
132,S,18,370.09,resale,2026-10-04T16:01:57Z
132,S,19,370.09,resale,2026-10-04T16:01:57Z
132,S,20,370.09,resale,2026-10-04T16:01:57Z
243,U,13,235.46,resale,2026-10-04T16:01:57Z
243,U,14,235.46,resale,2026-10-04T16:01:57Z
243,U,15,235.46,resale,2026-10-04T16:01:57Z
243,U,16,235.46,resale,2026-10-04T16:01:57Z
243,U,17,235.46,resale,2026-10-04T16:01:57Z
243,U,18,235.46,resale,2026-10-04T16:01:57Z
243,U,19,235.46,resale,2026-10-04T16:01:57Z
243,U,20,235.46,resale,2026-10-04T16:01:57Z
243,U,21,235.46,resale,2026-10-04T16:01:57Z
243,U,22,235.46,resale,2026-10-04T16:01:57Z
243,U,23,235.46,resale,2026-10-04T16:01:57Z
243,U,24,235.46,resale,2026-10-04T16:01:57Z
111,G,9,321.3,resale,2026-10-04T16:01:57Z
111,G,10,321.3,resale,2026-10-04T16:01:57Z
148,CC,8,427.21,resale,2026-10-04T16:01:57Z
148,CC,9,427.21,resale,2026-10-04T16:01:57Z
121,C,7,386.75,resale,2026-10-04T16:01:57Z
121,C,8,386.75,resale,2026-10-04T16:01:57Z
111,BB,1,583.1,resale,2026-10-04T16:01:57Z
234,H,8,524.79,resale,2026-10-04T16:01:57Z
234,H,9,524.79,resale,2026-10-04T16:01:57Z
234,H,10,524.79,resale,2026-10-04T16:01:57Z
234,K,15,524.79,resale,2026-10-04T16:01:57Z
234,K,16,524.79,resale,2026-10-04T16:01:57Z
311,T,23,257.04,resale,2026-10-04T16:01:57Z
311,T,24,257.04,resale,2026-10-04T16:01:57Z
336,L,23,255.85,resale,2026-10-04T16:01:57Z
336,L,24,255.85,resale,2026-10-04T16:01:57Z
234,CC,17,266.56,resale,2026-10-04T16:01:57Z
234,CC,18,266.56,resale,2026-10-04T16:01:57Z
114,W,23,297.5,resale,2026-10-04T16:01:57Z
114,W,24,297.5,resale,2026-10-04T16:01:57Z
113,B,11,297.5,resale,2026-10-04T16:01:57Z
113,B,12,297.5,resale,2026-10-04T16:01:57Z
147,S,22,282.03,resale,2026-10-04T16:01:57Z
150,R,7,282.03,resale,2026-10-04T16:01:57Z
150,R,8,282.03,resale,2026-10-04T16:01:57Z
150,R,9,282.03,resale,2026-10-04T16:01:57Z
150,R,10,282.03,resale,2026-10-04T16:01:57Z
124,U,3,282.03,resale,2026-10-04T16:01:57Z
124,U,4,282.03,resale,2026-10-04T16:01:57Z
122,R,7,282.03,resale,2026-10-04T16:01:57Z
122,R,8,282.03,resale,2026-10-04T16:01:57Z
219,P,17,235.46,resale,2026-10-04T16:01:57Z
219,P,18,235.46,resale,2026-10-04T16:01:57Z
120,M,20,333.2,resale,2026-10-04T16:01:57Z
136,J,7,416.5,resale,2026-10-04T16:01:57Z
136,J,8,416.5,resale,2026-10-04T16:01:57Z
136,J,9,416.5,resale,2026-10-04T16:01:57Z
136,J,10,416.5,resale,2026-10-04T16:01:57Z
232,U,10,515.27,resale,2026-10-04T16:01:57Z
232,U,11,515.27,resale,2026-10-04T16:01:57Z
235,T,15,595.0,resale,2026-10-04T16:01:57Z
235,T,16,595.0,resale,2026-10-04T16:01:57Z
136,AA,11,296.31,resale,2026-10-04T16:01:57Z
136,AA,12,296.31,resale,2026-10-04T16:01:57Z
313,D,8,207.4,resale,2026-10-04T16:01:57Z
313,D,9,207.4,resale,2026-10-04T16:01:57Z
313,D,10,207.4,resale,2026-10-04T16:01:57Z
110,AA,11,213.5,resale,2026-10-04T16:01:57Z
110,AA,12,213.5,resale,2026-10-04T16:01:57Z
216,F,3,464.1,resale,2026-10-04T16:01:57Z
216,F,4,464.1,resale,2026-10-04T16:01:57Z
216,F,5,464.1,resale,2026-10-04T16:01:57Z
112,CC,23,464.1,resale,2026-10-04T16:01:57Z
112,CC,24,464.1,resale,2026-10-04T16:01:57Z
340,G,5,152.5,resale,2026-10-04T16:01:57Z
340,G,6,152.5,resale,2026-10-04T16:01:57Z
340,G,7,152.5,resale,2026-10-04T16:01:57Z
340,G,8,152.5,resale,2026-10-04T16:01:57Z
340,G,9,152.5,resale,2026-10-04T16:01:57Z
219,CC,21,189.1,resale,2026-10-04T16:01:57Z
219,CC,22,189.1,resale,2026-10-04T16:01:57Z
336,A,5,201.3,resale,2026-10-04T16:01:57Z
336,A,6,201.3,resale,2026-10-04T16:01:57Z
120,N,14,381.99,resale,2026-10-04T16:01:57Z
120,N,15,381.99,resale,2026-10-04T16:01:57Z
151,U,5,282.03,resale,2026-10-04T16:01:57Z
151,U,6,282.03,resale,2026-10-04T16:01:57Z
145,AA,1,327.25,resale,2026-10-04T16:01:57Z
145,AA,2,327.25,resale,2026-10-04T16:01:57Z
234,F,10,535.5,resale,2026-10-04T16:01:57Z
308,G,16,195.2,resale,2026-10-04T16:01:57Z
308,G,17,195.2,resale,2026-10-04T16:01:57Z
146,R,16,195.2,resale,2026-10-04T16:01:57Z
146,R,17,195.2,resale,2026-10-04T16:01:57Z
343,H,17,122.0,resale,2026-10-04T16:01:57Z
343,H,18,122.0,resale,2026-10-04T16:01:57Z
309,H,21,146.4,resale,2026-10-04T16:01:57Z
309,H,22,146.4,resale,2026-10-04T16:01:57Z
309,H,23,146.4,resale,2026-10-04T16:01:57Z
309,H,24,146.4,resale,2026-10-04T16:01:57Z
140,E,7,238.0,resale,2026-10-04T16:01:57Z
136,P,7,357.0,resale,2026-10-04T16:01:57Z
136,P,8,357.0,resale,2026-10-04T16:01:57Z
236,V,10,595.0,resale,2026-10-04T16:01:57Z
236,V,11,595.0,resale,2026-10-04T16:01:57Z
109,J,5,213.5,resale,2026-10-04T16:01:57Z
109,J,6,213.5,resale,2026-10-04T16:01:57Z
149,W,19,282.03,resale,2026-10-04T16:01:57Z
149,W,20,282.03,resale,2026-10-04T16:01:57Z
149,W,21,282.03,resale,2026-10-04T16:01:57Z
149,W,22,282.03,resale,2026-10-04T16:01:57Z
137,P,23,411.74,resale,2026-10-04T16:01:57Z
137,P,24,411.74,resale,2026-10-04T16:01:57Z
243,S,1,235.46,resale,2026-10-04T16:01:57Z
243,S,2,235.46,resale,2026-10-04T16:01:57Z
243,S,3,235.46,resale,2026-10-04T16:01:57Z
243,S,4,235.46,resale,2026-10-04T16:01:57Z
319,R,3,134.2,resale,2026-10-04T16:01:57Z
319,R,4,134.2,resale,2026-10-04T16:01:57Z
111,W,17,498.61,resale,2026-10-04T16:01:57Z
111,W,18,498.61,resale,2026-10-04T16:01:57Z
336,D,1,189.1,resale,2026-10-04T16:01:57Z
336,D,2,189.1,resale,2026-10-04T16:01:57Z
115,CC,1,273.7,resale,2026-10-04T16:01:57Z
115,CC,2,273.7,resale,2026-10-04T16:01:57Z
115,CC,3,273.7,resale,2026-10-04T16:01:57Z
115,CC,4,273.7,resale,2026-10-04T16:01:57Z
109,S,9,327.25,resale,2026-10-04T16:01:57Z
109,S,10,327.25,resale,2026-10-04T16:01:57Z
122,J,12,476.0,resale,2026-10-04T16:01:57Z
122,J,13,476.0,resale,2026-10-04T16:01:57Z
314,J,3,261.8,resale,2026-10-04T16:01:57Z
314,J,4,261.8,resale,2026-10-04T16:01:57Z
120,S,18,297.5,resale,2026-10-04T16:01:57Z
120,S,19,297.5,resale,2026-10-04T16:01:57Z
120,S,20,297.5,resale,2026-10-04T16:01:57Z
120,S,21,297.5,resale,2026-10-04T16:01:57Z
114,C,15,183.0,resale,2026-10-04T16:01:57Z
114,C,16,183.0,resale,2026-10-04T16:01:57Z
202,K,1,146.4,resale,2026-10-04T16:01:57Z
202,K,2,146.4,resale,2026-10-04T16:01:57Z
313,X,3,167.14,resale,2026-10-04T16:01:57Z
313,X,4,167.14,resale,2026-10-04T16:01:57Z
313,X,5,167.14,resale,2026-10-04T16:01:57Z
313,X,6,167.14,resale,2026-10-04T16:01:57Z
313,X,7,167.14,resale,2026-10-04T16:01:57Z
313,X,8,167.14,resale,2026-10-04T16:01:57Z
313,DD,12,167.14,resale,2026-10-04T16:01:57Z
313,DD,13,167.14,resale,2026-10-04T16:01:57Z
313,DD,14,167.14,resale,2026-10-04T16:01:57Z
313,DD,15,167.14,resale,2026-10-04T16:01:57Z
313,DD,16,167.14,resale,2026-10-04T16:01:57Z
313,DD,17,167.14,resale,2026-10-04T16:01:57Z
313,DD,18,167.14,resale,2026-10-04T16:01:57Z
313,DD,19,167.14,resale,2026-10-04T16:01:57Z
313,DD,20,167.14,resale,2026-10-04T16:01:57Z
313,DD,21,167.14,resale,2026-10-04T16:01:57Z
313,DD,22,167.14,resale,2026-10-04T16:01:57Z
313,DD,23,167.14,resale,2026-10-04T16:01:57Z
313,DD,24,167.14,resale,2026-10-04T16:01:57Z
110,U,6,297.5,resale,2026-10-04T16:01:57Z
110,U,7,297.5,resale,2026-10-04T16:01:57Z
110,U,8,297.5,resale,2026-10-04T16:01:57Z
110,U,9,297.5,resale,2026-10-04T16:01:57Z
306,B,18,183.0,resale,2026-10-04T16:01:57Z
306,B,19,183.0,resale,2026-10-04T16:01:57Z
335,F,19,122.0,resale,2026-10-04T16:01:57Z
335,F,20,122.0,resale,2026-10-04T16:01:57Z
213,K,21,654.5,resale,2026-10-04T16:01:57Z
213,K,22,654.5,resale,2026-10-04T16:01:57Z
137,N,1,437.92,resale,2026-10-04T16:01:57Z
137,N,2,437.92,resale,2026-10-04T16:01:57Z
149,Z,15,282.03,resale,2026-10-04T16:01:57Z
149,Z,16,282.03,resale,2026-10-04T16:01:57Z
149,Z,17,282.03,resale,2026-10-04T16:01:57Z
151,Y,14,282.03,resale,2026-10-04T16:01:57Z
151,Y,15,282.03,resale,2026-10-04T16:01:57Z
151,Y,16,282.03,resale,2026-10-04T16:01:57Z
151,Y,17,282.03,resale,2026-10-04T16:01:57Z
121,J,10,238.0,resale,2026-10-04T16:01:57Z
121,J,11,238.0,resale,2026-10-04T16:01:57Z
218,S,11,237.9,resale,2026-10-04T16:01:57Z
218,S,12,237.9,resale,2026-10-04T16:01:57Z
145,W,9,285.6,resale,2026-10-04T16:01:57Z
145,W,10,285.6,resale,2026-10-04T16:01:57Z
212,H,11,416.5,resale,2026-10-04T16:01:57Z
212,H,12,416.5,resale,2026-10-04T16:01:57Z
212,H,13,416.5,resale,2026-10-04T16:01:57Z
212,H,14,416.5,resale,2026-10-04T16:01:57Z
311,U,15,192.76,resale,2026-10-04T16:01:57Z
311,U,16,192.76,resale,2026-10-04T16:01:57Z
311,S,7,192.76,resale,2026-10-04T16:01:57Z
311,S,8,192.76,resale,2026-10-04T16:01:57Z
114,A,1,416.5,resale,2026-10-04T16:01:57Z
114,A,2,416.5,resale,2026-10-04T16:01:57Z
216,J,6,226.92,resale,2026-10-04T16:01:57Z
216,J,7,226.92,resale,2026-10-04T16:01:57Z
107,Y,17,487.9,resale,2026-10-04T16:01:57Z
107,Y,18,487.9,resale,2026-10-04T16:01:57Z
304,H,7,200.08,resale,2026-10-04T16:01:57Z
310,U,18,193.98,resale,2026-10-04T16:01:57Z
236,B,5,833.0,resale,2026-10-04T16:01:57Z
236,B,6,833.0,resale,2026-10-04T16:01:57Z
124,W,21,392.7,resale,2026-10-04T16:01:57Z
124,W,22,392.7,resale,2026-10-04T16:01:57Z
201,H,18,203.74,resale,2026-10-04T16:01:57Z
210,T,7,416.5,resale,2026-10-04T16:01:57Z
210,T,8,416.5,resale,2026-10-04T16:01:57Z
203,G,4,219.6,resale,2026-10-04T16:01:57Z
203,G,5,219.6,resale,2026-10-04T16:01:57Z
110,H,21,297.5,resale,2026-10-04T16:01:57Z
244,B,10,236.68,resale,2026-10-04T16:01:57Z
244,B,11,236.68,resale,2026-10-04T16:01:57Z
338,S,19,167.14,resale,2026-10-04T16:01:57Z
338,S,20,167.14,resale,2026-10-04T16:01:57Z
314,Z,1,152.5,resale,2026-10-04T16:01:57Z
314,Z,2,152.5,resale,2026-10-04T16:01:57Z
314,Z,3,152.5,resale,2026-10-04T16:01:57Z
314,Z,4,152.5,resale,2026-10-04T16:01:57Z
314,Z,5,152.5,resale,2026-10-04T16:01:57Z
314,Z,6,152.5,resale,2026-10-04T16:01:57Z
314,Z,7,152.5,resale,2026-10-04T16:01:57Z
339,V,3,152.5,resale,2026-10-04T16:01:57Z
339,V,4,152.5,resale,2026-10-04T16:01:57Z
339,V,5,152.5,resale,2026-10-04T16:01:57Z
339,V,6,152.5,resale,2026-10-04T16:01:57Z
339,V,7,152.5,resale,2026-10-04T16:01:57Z
124,Y,24,238.0,resale,2026-10-04T16:01:57Z
219,E,8,204.96,resale,2026-10-04T16:01:57Z
219,E,9,204.96,resale,2026-10-04T16:01:57Z
214,BB,1,595.0,resale,2026-10-04T16:01:57Z
214,BB,2,595.0,resale,2026-10-04T16:01:57Z
232,DD,5,476.0,resale,2026-10-04T16:01:57Z
232,DD,6,476.0,resale,2026-10-04T16:01:57Z
315,N,5,122.0,resale,2026-10-04T16:01:57Z
315,N,6,122.0,resale,2026-10-04T16:01:57Z
307,W,13,152.5,resale,2026-10-04T16:01:57Z
307,W,14,152.5,resale,2026-10-04T16:01:57Z
307,W,15,152.5,resale,2026-10-04T16:01:57Z
307,W,16,152.5,resale,2026-10-04T16:01:57Z
307,BB,9,152.5,resale,2026-10-04T16:01:57Z
307,BB,10,152.5,resale,2026-10-04T16:01:57Z
307,BB,11,152.5,resale,2026-10-04T16:01:57Z
307,BB,12,152.5,resale,2026-10-04T16:01:57Z
307,BB,13,152.5,resale,2026-10-04T16:01:57Z
307,BB,14,152.5,resale,2026-10-04T16:01:57Z
307,BB,15,152.5,resale,2026-10-04T16:01:57Z
307,BB,16,152.5,resale,2026-10-04T16:01:57Z
307,BB,17,152.5,resale,2026-10-04T16:01:57Z
307,BB,18,152.5,resale,2026-10-04T16:01:57Z
238,K,3,524.79,resale,2026-10-04T16:01:57Z
238,K,4,524.79,resale,2026-10-04T16:01:57Z
238,K,5,524.79,resale,2026-10-04T16:01:57Z
238,K,6,524.79,resale,2026-10-04T16:01:57Z
238,K,7,524.79,resale,2026-10-04T16:01:57Z
238,K,8,524.79,resale,2026-10-04T16:01:57Z
238,K,9,524.79,resale,2026-10-04T16:01:57Z
238,K,10,524.79,resale,2026-10-04T16:01:57Z
238,K,11,524.79,resale,2026-10-04T16:01:57Z
238,K,12,524.79,resale,2026-10-04T16:01:57Z
238,K,13,524.79,resale,2026-10-04T16:01:57Z
311,J,12,180.56,resale,2026-10-04T16:01:57Z
311,J,13,180.56,resale,2026-10-04T16:01:57Z
112,AA,9,213.5,resale,2026-10-04T16:01:57Z
112,AA,10,213.5,resale,2026-10-04T16:01:57Z
112,BB,9,213.5,resale,2026-10-04T16:01:57Z
112,BB,10,213.5,resale,2026-10-04T16:01:57Z
218,G,7,151.28,resale,2026-10-04T16:01:57Z
218,G,8,151.28,resale,2026-10-04T16:01:57Z
121,P,12,219.6,resale,2026-10-04T16:01:57Z
121,P,13,219.6,resale,2026-10-04T16:01:57Z
147,K,10,233.02,resale,2026-10-04T16:01:57Z
302,U,1,134.2,resale,2026-10-04T16:01:57Z
302,U,2,134.2,resale,2026-10-04T16:01:57Z
302,U,3,134.2,resale,2026-10-04T16:01:57Z
302,U,4,134.2,resale,2026-10-04T16:01:57Z
302,U,5,134.2,resale,2026-10-04T16:01:57Z
302,U,6,134.2,resale,2026-10-04T16:01:57Z
302,U,7,134.2,resale,2026-10-04T16:01:57Z
302,U,8,134.2,resale,2026-10-04T16:01:57Z
302,U,9,134.2,resale,2026-10-04T16:01:57Z
316,E,5,193.98,resale,2026-10-04T16:01:57Z
316,E,6,193.98,resale,2026-10-04T16:01:57Z
151,WC,11,195.2,resale,2026-10-04T16:01:57Z
232,H,6,322.49,resale,2026-10-04T16:01:57Z
232,H,7,322.49,resale,2026-10-04T16:01:57Z
232,H,8,322.49,resale,2026-10-04T16:01:57Z
209,N,3,476.0,resale,2026-10-04T16:01:57Z
209,N,4,476.0,resale,2026-10-04T16:01:57Z
119,A,5,535.5,resale,2026-10-04T16:01:57Z
119,A,6,535.5,resale,2026-10-04T16:01:57Z
206,G,11,476.0,resale,2026-10-04T16:01:57Z
206,G,12,476.0,resale,2026-10-04T16:01:57Z
240,AA,21,523.6,resale,2026-10-04T16:01:57Z
240,AA,22,523.6,resale,2026-10-04T16:01:57Z
226,M,16,242.76,resale,2026-10-04T16:01:57Z
226,M,17,242.76,resale,2026-10-04T16:01:57Z
212,W,1,427.21,resale,2026-10-04T16:01:57Z
212,W,2,427.21,resale,2026-10-04T16:01:57Z
234,AA,1,327.25,resale,2026-10-04T16:01:57Z
234,AA,2,327.25,resale,2026-10-04T16:01:57Z
134,M,19,327.25,resale,2026-10-04T16:01:57Z
134,M,20,327.25,resale,2026-10-04T16:01:57Z
112,A,9,416.5,resale,2026-10-04T16:01:57Z
112,A,10,416.5,resale,2026-10-04T16:01:57Z
112,A,11,416.5,resale,2026-10-04T16:01:57Z
112,A,12,416.5,resale,2026-10-04T16:01:57Z
109,A,5,330.82,resale,2026-10-04T16:01:57Z
109,A,6,330.82,resale,2026-10-04T16:01:57Z
319,Y,3,134.2,resale,2026-10-04T16:01:57Z
319,Y,4,134.2,resale,2026-10-04T16:01:57Z
319,Y,5,134.2,resale,2026-10-04T16:01:57Z
319,Y,6,134.2,resale,2026-10-04T16:01:57Z
319,CC,3,135.42,resale,2026-10-04T16:01:57Z
319,CC,4,135.42,resale,2026-10-04T16:01:57Z
319,CC,5,135.42,resale,2026-10-04T16:01:57Z
319,CC,6,135.42,resale,2026-10-04T16:01:57Z
319,CC,7,135.42,resale,2026-10-04T16:01:57Z
319,CC,8,135.42,resale,2026-10-04T16:01:57Z
319,CC,9,135.42,resale,2026-10-04T16:01:57Z
319,CC,10,135.42,resale,2026-10-04T16:01:57Z
319,CC,11,135.42,resale,2026-10-04T16:01:57Z
319,CC,12,135.42,resale,2026-10-04T16:01:57Z
218,G,11,303.45,resale,2026-10-04T16:01:57Z
218,G,12,303.45,resale,2026-10-04T16:01:57Z
103,CC,16,309.4,resale,2026-10-04T16:01:57Z
227,M,21,235.46,resale,2026-10-04T16:01:57Z
227,M,22,235.46,resale,2026-10-04T16:01:57Z
227,M,23,235.46,resale,2026-10-04T16:01:57Z
227,M,24,235.46,resale,2026-10-04T16:01:57Z
113,E,9,252.28,resale,2026-10-04T16:01:57Z
113,E,10,252.28,resale,2026-10-04T16:01:57Z
111,C,5,297.5,resale,2026-10-04T16:01:57Z
111,C,6,297.5,resale,2026-10-04T16:01:57Z
118,T,13,416.5,resale,2026-10-04T16:01:57Z
109,W,23,238.0,resale,2026-10-04T16:01:57Z
109,W,24,238.0,resale,2026-10-04T16:01:57Z
219,L,21,255.85,resale,2026-10-04T16:01:57Z
219,L,22,255.85,resale,2026-10-04T16:01:57Z
219,L,23,255.85,resale,2026-10-04T16:01:57Z
219,L,24,255.85,resale,2026-10-04T16:01:57Z
210,M,16,578.34,resale,2026-10-04T16:01:57Z
210,M,17,578.34,resale,2026-10-04T16:01:57Z
210,M,18,578.34,resale,2026-10-04T16:01:57Z
210,M,19,578.34,resale,2026-10-04T16:01:57Z
309,B,9,192.76,resale,2026-10-04T16:01:57Z
309,B,10,192.76,resale,2026-10-04T16:01:57Z
210,V,9,267.75,resale,2026-10-04T16:01:57Z
210,V,10,267.75,resale,2026-10-04T16:01:57Z
220,AA,3,164.7,resale,2026-10-04T16:01:57Z
220,AA,4,164.7,resale,2026-10-04T16:01:57Z
118,R,16,285.6,resale,2026-10-04T16:01:57Z
120,WC,8,237.9,resale,2026-10-04T16:01:57Z
203,H,19,152.5,resale,2026-10-04T16:01:57Z
203,H,20,152.5,resale,2026-10-04T16:01:57Z
147,K,8,389.13,resale,2026-10-04T16:01:57Z
108,AA,20,392.7,resale,2026-10-04T16:01:57Z
132,P,21,213.5,resale,2026-10-04T16:01:57Z
132,P,22,213.5,resale,2026-10-04T16:01:57Z
132,P,23,213.5,resale,2026-10-04T16:01:57Z
132,P,24,213.5,resale,2026-10-04T16:01:57Z
315,G,7,154.94,resale,2026-10-04T16:01:57Z
315,G,8,154.94,resale,2026-10-04T16:01:57Z
229,W,1,267.75,resale,2026-10-04T16:01:57Z
229,X,2,285.6,resale,2026-10-04T16:01:57Z
229,X,3,285.6,resale,2026-10-04T16:01:57Z
115,CC,8,239.12,resale,2026-10-04T16:01:57Z
115,CC,9,239.12,resale,2026-10-04T16:01:57Z
308,W,16,167.14,resale,2026-10-04T16:01:57Z
308,W,17,167.14,resale,2026-10-04T16:01:57Z
308,W,18,167.14,resale,2026-10-04T16:01:57Z
331,Z,11,170.8,resale,2026-10-04T16:01:57Z
213,A,1,474.81,resale,2026-10-04T16:01:57Z
213,A,2,474.81,resale,2026-10-04T16:01:57Z
309,B,11,225.7,resale,2026-10-04T16:01:57Z
309,B,12,225.7,resale,2026-10-04T16:01:57Z
237,W,3,524.79,resale,2026-10-04T16:01:57Z
237,W,4,524.79,resale,2026-10-04T16:01:57Z
112,U,1,327.25,resale,2026-10-04T16:01:57Z
112,U,2,327.25,resale,2026-10-04T16:01:57Z
106,N,9,158.6,resale,2026-10-04T16:01:57Z
106,N,10,158.6,resale,2026-10-04T16:01:57Z
146,Z,3,282.03,resale,2026-10-04T16:01:57Z
146,Z,4,282.03,resale,2026-10-04T16:01:57Z
146,Z,5,282.03,resale,2026-10-04T16:01:57Z
146,Z,6,282.03,resale,2026-10-04T16:01:57Z
146,X,11,282.03,resale,2026-10-04T16:01:57Z
146,X,12,282.03,resale,2026-10-04T16:01:57Z
146,X,13,282.03,resale,2026-10-04T16:01:57Z
213,T,3,242.76,resale,2026-10-04T16:01:57Z
213,T,4,242.76,resale,2026-10-04T16:01:57Z
207,B,1,330.82,resale,2026-10-04T16:01:57Z
207,B,2,330.82,resale,2026-10-04T16:01:57Z
150,Y,1,220.82,resale,2026-10-04T16:01:57Z
150,Y,2,220.82,resale,2026-10-04T16:01:57Z
123,U,15,183.0,resale,2026-10-04T16:01:57Z
123,U,16,183.0,resale,2026-10-04T16:01:57Z
203,K,21,240.34,resale,2026-10-04T16:01:57Z
203,K,22,240.34,resale,2026-10-04T16:01:57Z
208,P,5,238.0,resale,2026-10-04T16:01:57Z
208,P,6,238.0,resale,2026-10-04T16:01:57Z
106,CC,1,267.75,resale,2026-10-04T16:01:57Z
106,CC,2,267.75,resale,2026-10-04T16:01:57Z
316,J,18,164.7,resale,2026-10-04T16:01:57Z
316,J,19,164.7,resale,2026-10-04T16:01:57Z
114,A,23,291.55,resale,2026-10-04T16:01:57Z
114,A,24,291.55,resale,2026-10-04T16:01:57Z
235,C,5,452.2,resale,2026-10-04T16:01:57Z
235,C,6,452.2,resale,2026-10-04T16:01:57Z
235,C,7,452.2,resale,2026-10-04T16:01:57Z
235,C,8,452.2,resale,2026-10-04T16:01:57Z
243,Y,1,213.5,resale,2026-10-04T16:01:57Z
243,Y,2,213.5,resale,2026-10-04T16:01:57Z
304,WC,4,152.5,resale,2026-10-04T16:01:57Z
304,WC,5,152.5,resale,2026-10-04T16:01:57Z
235,T,1,543.83,resale,2026-10-04T16:01:57Z
235,T,2,543.83,resale,2026-10-04T16:01:57Z
107,CC,17,231.8,resale,2026-10-04T16:01:57Z
107,CC,18,231.8,resale,2026-10-04T16:01:57Z
150,D,21,134.2,resale,2026-10-04T16:01:57Z
150,D,22,134.2,resale,2026-10-04T16:01:57Z
344,J,6,134.2,resale,2026-10-04T16:01:57Z
344,J,7,134.2,resale,2026-10-04T16:01:57Z
341,T,20,201.3,resale,2026-10-04T16:01:57Z
341,T,21,201.3,resale,2026-10-04T16:01:57Z
236,D,17,595.0,resale,2026-10-04T16:01:57Z
236,D,18,595.0,resale,2026-10-04T16:01:57Z
333,WC,18,213.5,resale,2026-10-04T16:01:57Z
333,WC,19,213.5,resale,2026-10-04T16:01:57Z
218,U,1,213.5,resale,2026-10-04T16:01:57Z
218,U,2,213.5,resale,2026-10-04T16:01:57Z
240,K,19,476.0,resale,2026-10-04T16:01:57Z
151,M,11,231.8,resale,2026-10-04T16:01:57Z
151,M,12,231.8,resale,2026-10-04T16:01:57Z
308,M,17,172.02,resale,2026-10-04T16:01:57Z
308,M,18,172.02,resale,2026-10-04T16:01:57Z
145,R,10,238.0,resale,2026-10-04T16:01:57Z
145,R,11,238.0,resale,2026-10-04T16:01:57Z
212,E,21,321.3,resale,2026-10-04T16:01:57Z
212,E,22,321.3,resale,2026-10-04T16:01:57Z
108,A,15,595.0,resale,2026-10-04T16:01:57Z
108,A,16,595.0,resale,2026-10-04T16:01:57Z
147,F,9,279.65,resale,2026-10-04T16:01:57Z
147,F,10,279.65,resale,2026-10-04T16:01:57Z
147,F,11,279.65,resale,2026-10-04T16:01:57Z
147,F,12,279.65,resale,2026-10-04T16:01:57Z
147,F,7,279.65,resale,2026-10-04T16:01:57Z
147,F,8,279.65,resale,2026-10-04T16:01:57Z
120,AA,11,156.16,resale,2026-10-04T16:01:57Z
135,F,1,297.5,resale,2026-10-04T16:01:57Z
135,F,2,297.5,resale,2026-10-04T16:01:57Z
341,U,13,183.0,resale,2026-10-04T16:01:57Z
341,U,14,183.0,resale,2026-10-04T16:01:57Z
341,U,15,183.0,resale,2026-10-04T16:01:57Z
341,U,16,183.0,resale,2026-10-04T16:01:57Z
145,D,20,267.75,resale,2026-10-04T16:01:57Z
145,D,21,267.75,resale,2026-10-04T16:01:57Z
314,X,13,152.5,resale,2026-10-04T16:01:57Z
314,X,14,152.5,resale,2026-10-04T16:01:57Z
314,X,15,152.5,resale,2026-10-04T16:01:57Z
314,X,16,152.5,resale,2026-10-04T16:01:57Z
314,X,17,152.5,resale,2026-10-04T16:01:57Z
314,X,18,152.5,resale,2026-10-04T16:01:57Z
318,S,1,134.2,resale,2026-10-04T16:01:57Z
318,S,2,134.2,resale,2026-10-04T16:01:57Z
134,M,5,411.74,resale,2026-10-04T16:01:57Z
134,M,6,411.74,resale,2026-10-04T16:01:57Z
134,M,7,411.74,resale,2026-10-04T16:01:57Z
306,C,23,164.7,resale,2026-10-04T16:01:57Z
306,C,24,164.7,resale,2026-10-04T16:01:57Z
218,W,18,327.25,resale,2026-10-04T16:01:57Z
314,M,1,139.08,resale,2026-10-04T16:01:57Z
314,M,2,139.08,resale,2026-10-04T16:01:57Z
102,BB,17,326.06,resale,2026-10-04T16:01:57Z
102,BB,18,326.06,resale,2026-10-04T16:01:57Z
102,BB,19,326.06,resale,2026-10-04T16:01:57Z
102,BB,20,326.06,resale,2026-10-04T16:01:57Z
102,BB,21,326.06,resale,2026-10-04T16:01:57Z
102,BB,22,326.06,resale,2026-10-04T16:01:57Z
132,P,1,370.09,resale,2026-10-04T16:01:57Z
132,P,2,370.09,resale,2026-10-04T16:01:57Z
132,P,3,370.09,resale,2026-10-04T16:01:57Z
132,P,4,370.09,resale,2026-10-04T16:01:57Z
132,P,5,370.09,resale,2026-10-04T16:01:57Z
132,P,6,370.09,resale,2026-10-04T16:01:57Z
132,P,7,370.09,resale,2026-10-04T16:01:57Z
132,P,8,370.09,resale,2026-10-04T16:01:57Z
132,P,9,370.09,resale,2026-10-04T16:01:57Z
132,P,10,370.09,resale,2026-10-04T16:01:57Z
132,P,11,370.09,resale,2026-10-04T16:01:57Z
132,P,12,370.09,resale,2026-10-04T16:01:57Z
108,CC,23,364.14,resale,2026-10-04T16:01:57Z
108,CC,24,364.14,resale,2026-10-04T16:01:57Z
114,BB,7,380.8,resale,2026-10-04T16:01:57Z
114,BB,8,380.8,resale,2026-10-04T16:01:57Z
136,E,9,654.5,resale,2026-10-04T16:01:57Z
136,E,10,654.5,resale,2026-10-04T16:01:57Z
118,X,6,366.52,resale,2026-10-04T16:01:57Z
118,X,7,366.52,resale,2026-10-04T16:01:57Z
121,X,15,282.03,resale,2026-10-04T16:01:57Z
121,X,16,282.03,resale,2026-10-04T16:01:57Z
330,Y,22,183.0,resale,2026-10-04T16:01:57Z
201,B,19,219.6,resale,2026-10-04T16:01:57Z
114,L,15,242.78,resale,2026-10-04T16:01:57Z
114,L,16,242.78,resale,2026-10-04T16:01:57Z
114,L,17,242.78,resale,2026-10-04T16:01:57Z
114,L,18,242.78,resale,2026-10-04T16:01:57Z
208,R,5,535.5,resale,2026-10-04T16:01:57Z
208,R,6,535.5,resale,2026-10-04T16:01:57Z
234,F,14,237.9,resale,2026-10-04T16:01:57Z
234,F,15,237.9,resale,2026-10-04T16:01:57Z
128,K,5,452.2,resale,2026-10-04T16:01:57Z
239,V,5,565.25,resale,2026-10-04T16:01:57Z
239,V,6,565.25,resale,2026-10-04T16:01:57Z
110,K,9,238.0,resale,2026-10-04T16:01:57Z
110,K,10,238.0,resale,2026-10-04T16:01:57Z
121,U,17,165.92,resale,2026-10-04T16:01:57Z
121,U,18,165.92,resale,2026-10-04T16:01:57Z
110,K,11,238.0,resale,2026-10-04T16:01:57Z
110,K,12,238.0,resale,2026-10-04T16:01:57Z
207,A,11,862.75,resale,2026-10-04T16:01:57Z
207,A,12,862.75,resale,2026-10-04T16:01:57Z
107,N,19,523.6,resale,2026-10-04T16:01:57Z
107,N,20,523.6,resale,2026-10-04T16:01:57Z
203,H,15,267.75,resale,2026-10-04T16:01:57Z
203,H,16,267.75,resale,2026-10-04T16:01:57Z
220,X,10,183.0,resale,2026-10-04T16:01:57Z
220,X,11,183.0,resale,2026-10-04T16:01:57Z
137,A,12,565.25,resale,2026-10-04T16:01:57Z
137,A,13,565.25,resale,2026-10-04T16:01:57Z
137,A,14,565.25,resale,2026-10-04T16:01:57Z
137,A,15,565.25,resale,2026-10-04T16:01:57Z
123,N,9,339.15,resale,2026-10-04T16:01:57Z
123,N,10,339.15,resale,2026-10-04T16:01:57Z
123,N,11,339.15,resale,2026-10-04T16:01:57Z
115,L,9,183.0,resale,2026-10-04T16:01:57Z
115,L,10,183.0,resale,2026-10-04T16:01:57Z
115,L,11,183.0,resale,2026-10-04T16:01:57Z
115,L,12,183.0,resale,2026-10-04T16:01:57Z
237,W,11,585.48,resale,2026-10-04T16:01:57Z
237,W,12,585.48,resale,2026-10-04T16:01:57Z
107,E,23,198.86,resale,2026-10-04T16:01:57Z
107,E,24,198.86,resale,2026-10-04T16:01:57Z
148,Z,10,170.8,resale,2026-10-04T16:01:57Z
148,Z,11,170.8,resale,2026-10-04T16:01:57Z
148,Z,12,170.8,resale,2026-10-04T16:01:57Z
148,Z,13,170.8,resale,2026-10-04T16:01:57Z
340,K,24,158.6,resale,2026-10-04T16:01:57Z
150,H,1,231.8,resale,2026-10-04T16:01:57Z
150,H,2,231.8,resale,2026-10-04T16:01:57Z
109,G,9,271.32,resale,2026-10-04T16:01:57Z
109,G,10,271.32,resale,2026-10-04T16:01:57Z
123,K,21,146.4,resale,2026-10-04T16:01:57Z
123,K,22,146.4,resale,2026-10-04T16:01:57Z
311,F,19,140.3,resale,2026-10-04T16:01:57Z
311,F,20,140.3,resale,2026-10-04T16:01:57Z
113,Z,4,195.2,resale,2026-10-04T16:01:57Z
309,E,4,158.6,resale,2026-10-04T16:01:57Z
309,E,5,158.6,resale,2026-10-04T16:01:57Z
309,E,6,158.6,resale,2026-10-04T16:01:57Z
309,E,7,158.6,resale,2026-10-04T16:01:57Z
212,AA,5,416.5,resale,2026-10-04T16:01:57Z
212,AA,6,416.5,resale,2026-10-04T16:01:57Z
121,BB,23,169.58,resale,2026-10-04T16:01:57Z
121,BB,24,169.58,resale,2026-10-04T16:01:57Z
334,R,5,180.56,resale,2026-10-04T16:01:57Z
334,R,6,180.56,resale,2026-10-04T16:01:57Z
148,W,21,297.5,resale,2026-10-04T16:01:57Z
148,W,22,297.5,resale,2026-10-04T16:01:57Z
114,S,1,183.0,resale,2026-10-04T16:01:57Z
311,G,14,124.44,resale,2026-10-04T16:01:57Z
311,G,15,124.44,resale,2026-10-04T16:01:57Z
139,F,3,231.8,resale,2026-10-04T16:01:57Z
139,F,4,231.8,resale,2026-10-04T16:01:57Z
231,C,7,242.76,resale,2026-10-04T16:01:57Z
231,C,8,242.76,resale,2026-10-04T16:01:57Z
205,D,16,428.4,resale,2026-10-04T16:01:57Z
205,D,17,428.4,resale,2026-10-04T16:01:57Z
208,P,7,236.68,resale,2026-10-04T16:01:57Z
208,P,8,236.68,resale,2026-10-04T16:01:57Z
103,S,5,307.02,resale,2026-10-04T16:01:57Z
103,S,6,307.02,resale,2026-10-04T16:01:57Z
237,T,19,357.0,resale,2026-10-04T16:01:57Z
107,H,23,241.57,resale,2026-10-04T16:01:57Z
107,H,24,241.57,resale,2026-10-04T16:01:57Z
147,AA,13,186.66,resale,2026-10-04T16:01:57Z
340,B,6,162.26,resale,2026-10-04T16:01:57Z
331,B,24,162.26,resale,2026-10-04T16:01:57Z
216,K,5,238.0,resale,2026-10-04T16:01:57Z
216,K,6,238.0,resale,2026-10-04T16:01:57Z
330,DD,10,112.24,resale,2026-10-04T16:01:57Z
330,DD,11,112.24,resale,2026-10-04T16:01:57Z
125,M,19,218.38,resale,2026-10-04T16:01:57Z
125,M,20,218.38,resale,2026-10-04T16:01:57Z
343,S,4,152.5,resale,2026-10-04T16:01:57Z
343,S,5,152.5,resale,2026-10-04T16:01:57Z
201,W,15,146.4,resale,2026-10-04T16:01:57Z
126,Y,10,183.0,resale,2026-10-04T16:01:57Z
114,T,23,241.56,resale,2026-10-04T16:01:57Z
114,T,24,241.56,resale,2026-10-04T16:01:57Z
148,F,3,185.44,resale,2026-10-04T16:01:57Z
148,F,4,185.44,resale,2026-10-04T16:01:57Z
149,E,7,238.0,resale,2026-10-04T16:01:57Z
315,G,17,122.0,resale,2026-10-04T16:01:57Z
336,BB,1,192.76,resale,2026-10-04T16:01:57Z
336,BB,2,192.76,resale,2026-10-04T16:01:57Z
336,BB,3,192.76,resale,2026-10-04T16:01:57Z
336,BB,4,192.76,resale,2026-10-04T16:01:57Z
336,BB,5,192.76,resale,2026-10-04T16:01:57Z
336,BB,6,192.76,resale,2026-10-04T16:01:57Z
336,BB,7,192.76,resale,2026-10-04T16:01:57Z
336,BB,8,192.76,resale,2026-10-04T16:01:57Z
336,BB,9,192.76,resale,2026-10-04T16:01:57Z
343,E,17,136.64,resale,2026-10-04T16:01:57Z
343,E,18,136.64,resale,2026-10-04T16:01:57Z
110,W,13,213.5,resale,2026-10-04T16:01:57Z
110,W,14,213.5,resale,2026-10-04T16:01:57Z
243,M,13,235.46,resale,2026-10-04T16:01:57Z
243,M,14,235.46,resale,2026-10-04T16:01:57Z
243,M,15,235.46,resale,2026-10-04T16:01:57Z
243,M,16,235.46,resale,2026-10-04T16:01:57Z
243,M,17,235.46,resale,2026-10-04T16:01:57Z
243,M,18,235.46,resale,2026-10-04T16:01:57Z
146,H,21,206.18,resale,2026-10-04T16:01:57Z
205,P,18,357.0,resale,2026-10-04T16:01:57Z
205,P,19,357.0,resale,2026-10-04T16:01:57Z
103,L,12,219.6,resale,2026-10-04T16:01:57Z
103,L,13,219.6,resale,2026-10-04T16:01:57Z
107,D,2,276.08,resale,2026-10-04T16:01:57Z
334,WC,8,152.5,resale,2026-10-04T16:01:57Z
334,WC,9,152.5,resale,2026-10-04T16:01:57Z
151,CC,19,183.0,resale,2026-10-04T16:01:57Z
132,A,23,337.96,resale,2026-10-04T16:01:57Z
132,A,24,337.96,resale,2026-10-04T16:01:57Z
133,A,1,355.81,resale,2026-10-04T16:01:57Z
133,A,2,355.81,resale,2026-10-04T16:01:57Z
133,A,3,355.81,resale,2026-10-04T16:01:57Z
112,S,3,236.68,resale,2026-10-04T16:01:57Z
136,R,1,237.9,resale,2026-10-04T16:01:57Z
136,R,2,237.9,resale,2026-10-04T16:01:57Z
109,H,17,245.14,resale,2026-10-04T16:01:57Z
340,J,15,114.68,resale,2026-10-04T16:01:57Z
340,J,16,114.68,resale,2026-10-04T16:01:57Z
114,W,15,204.96,resale,2026-10-04T16:01:57Z
114,W,16,204.96,resale,2026-10-04T16:01:57Z
317,R,13,128.1,resale,2026-10-04T16:01:57Z
120,X,3,197.64,resale,2026-10-04T16:01:57Z
120,X,4,197.64,resale,2026-10-04T16:01:57Z
120,X,5,197.64,resale,2026-10-04T16:01:57Z
120,X,6,197.64,resale,2026-10-04T16:01:57Z
123,G,19,172.02,resale,2026-10-04T16:01:57Z
201,E,19,146.4,resale,2026-10-04T16:01:57Z
239,T,9,207.4,resale,2026-10-04T16:01:57Z
239,T,10,207.4,resale,2026-10-04T16:01:57Z
146,B,22,223.26,resale,2026-10-04T16:01:57Z
146,B,23,223.26,resale,2026-10-04T16:01:57Z
238,Y,18,212.28,resale,2026-10-04T16:01:57Z
210,R,11,455.77,resale,2026-10-04T16:01:57Z
210,R,12,455.77,resale,2026-10-04T16:01:57Z
150,C,21,183.0,resale,2026-10-04T16:01:57Z
111,AA,23,201.3,resale,2026-10-04T16:01:57Z
146,D,11,183.0,resale,2026-10-04T16:01:57Z
146,D,12,183.0,resale,2026-10-04T16:01:57Z
112,F,10,289.17,resale,2026-10-04T16:01:57Z
234,A,15,386.75,resale,2026-10-04T16:01:57Z
234,A,16,386.75,resale,2026-10-04T16:01:57Z
219,J,19,140.3,resale,2026-10-04T16:01:57Z
219,J,20,140.3,resale,2026-10-04T16:01:57Z
304,G,11,143.96,resale,2026-10-04T16:01:57Z
233,R,13,524.79,resale,2026-10-04T16:01:57Z
233,R,14,524.79,resale,2026-10-04T16:01:57Z
233,R,15,524.79,resale,2026-10-04T16:01:57Z
233,R,16,524.79,resale,2026-10-04T16:01:57Z
233,R,17,524.79,resale,2026-10-04T16:01:57Z
233,R,18,524.79,resale,2026-10-04T16:01:57Z
319,G,6,140.3,resale,2026-10-04T16:01:57Z
319,G,7,140.3,resale,2026-10-04T16:01:57Z
219,Z,9,183.0,resale,2026-10-04T16:01:57Z
219,Z,10,183.0,resale,2026-10-04T16:01:57Z
218,R,5,145.18,resale,2026-10-04T16:01:57Z
218,R,6,145.18,resale,2026-10-04T16:01:57Z
212,D,21,259.42,resale,2026-10-04T16:01:57Z
212,D,22,259.42,resale,2026-10-04T16:01:57Z
214,C,5,236.68,resale,2026-10-04T16:01:57Z
214,C,6,236.68,resale,2026-10-04T16:01:57Z
318,Z,1,134.2,resale,2026-10-04T16:01:57Z
318,Z,2,134.2,resale,2026-10-04T16:01:57Z
318,Z,3,134.2,resale,2026-10-04T16:01:57Z
318,Z,4,134.2,resale,2026-10-04T16:01:57Z
318,Z,5,134.2,resale,2026-10-04T16:01:57Z
318,Z,6,134.2,resale,2026-10-04T16:01:57Z
318,Z,7,134.2,resale,2026-10-04T16:01:57Z
318,Z,8,134.2,resale,2026-10-04T16:01:57Z
318,Z,9,134.2,resale,2026-10-04T16:01:57Z
318,Z,10,134.2,resale,2026-10-04T16:01:57Z
318,Z,11,134.2,resale,2026-10-04T16:01:57Z
231,DD,15,297.5,resale,2026-10-04T16:01:57Z
205,K,18,547.4,resale,2026-10-04T16:01:57Z
205,K,19,547.4,resale,2026-10-04T16:01:57Z
329,J,22,131.76,resale,2026-10-04T16:01:57Z
329,J,23,131.76,resale,2026-10-04T16:01:57Z
211,L,19,238.0,resale,2026-10-04T16:01:57Z
211,L,20,238.0,resale,2026-10-04T16:01:57Z
119,B,5,327.25,resale,2026-10-04T16:01:57Z
119,B,6,327.25,resale,2026-10-04T16:01:57Z
119,B,7,327.25,resale,2026-10-04T16:01:57Z
115,C,4,213.5,resale,2026-10-04T16:01:57Z
311,BB,16,183.0,resale,2026-10-04T16:01:57Z
311,BB,17,183.0,resale,2026-10-04T16:01:57Z
206,AA,13,267.75,resale,2026-10-04T16:01:57Z
206,AA,14,267.75,resale,2026-10-04T16:01:57Z
119,H,5,219.6,resale,2026-10-04T16:01:57Z
119,H,6,219.6,resale,2026-10-04T16:01:57Z
125,D,2,213.5,resale,2026-10-04T16:01:57Z
125,D,3,213.5,resale,2026-10-04T16:01:57Z
207,D,9,272.51,resale,2026-10-04T16:01:57Z
304,J,20,120.78,resale,2026-10-04T16:01:57Z
304,J,21,120.78,resale,2026-10-04T16:01:57Z
341,AA,25,134.2,resale,2026-10-04T16:01:57Z
341,AA,26,134.2,resale,2026-10-04T16:01:57Z
341,AA,27,134.2,resale,2026-10-04T16:01:57Z
341,AA,28,134.2,resale,2026-10-04T16:01:57Z
309,E,23,134.2,resale,2026-10-04T16:01:57Z
309,E,24,134.2,resale,2026-10-04T16:01:57Z
218,E,6,122.0,resale,2026-10-04T16:01:57Z
339,N,17,152.5,resale,2026-10-04T16:01:57Z
339,N,18,152.5,resale,2026-10-04T16:01:57Z
339,N,19,152.5,resale,2026-10-04T16:01:57Z
339,N,20,152.5,resale,2026-10-04T16:01:57Z
339,N,21,152.5,resale,2026-10-04T16:01:57Z
339,N,22,152.5,resale,2026-10-04T16:01:57Z
342,AA,20,134.2,resale,2026-10-04T16:01:57Z
342,AA,21,134.2,resale,2026-10-04T16:01:57Z
308,K,13,167.14,resale,2026-10-04T16:01:57Z
308,K,14,167.14,resale,2026-10-04T16:01:57Z
308,N,7,167.14,resale,2026-10-04T16:01:57Z
308,N,8,167.14,resale,2026-10-04T16:01:57Z
308,N,9,167.14,resale,2026-10-04T16:01:57Z
206,DD,1,377.23,resale,2026-10-04T16:01:57Z
206,DD,2,377.23,resale,2026-10-04T16:01:57Z
317,M,20,134.2,resale,2026-10-04T16:01:57Z
317,M,21,134.2,resale,2026-10-04T16:01:57Z
108,A,10,237.9,resale,2026-10-04T16:01:57Z
132,J,23,304.64,resale,2026-10-04T16:01:57Z
132,J,24,304.64,resale,2026-10-04T16:01:57Z
110,Z,21,261.8,resale,2026-10-04T16:01:57Z
110,Z,22,261.8,resale,2026-10-04T16:01:57Z
110,Z,23,261.8,resale,2026-10-04T16:01:57Z
110,Z,24,261.8,resale,2026-10-04T16:01:57Z
310,Z,1,192.76,resale,2026-10-04T16:01:57Z
310,Z,2,192.76,resale,2026-10-04T16:01:57Z
310,Z,3,192.76,resale,2026-10-04T16:01:57Z
310,Z,4,192.76,resale,2026-10-04T16:01:57Z
310,Z,5,192.76,resale,2026-10-04T16:01:57Z
310,Z,6,192.76,resale,2026-10-04T16:01:57Z
310,Z,7,192.76,resale,2026-10-04T16:01:57Z
310,Z,8,192.76,resale,2026-10-04T16:01:57Z
310,Z,9,192.76,resale,2026-10-04T16:01:57Z
314,BB,13,152.5,resale,2026-10-04T16:01:57Z
314,BB,14,152.5,resale,2026-10-04T16:01:57Z
314,BB,15,152.5,resale,2026-10-04T16:01:57Z
314,BB,16,152.5,resale,2026-10-04T16:01:57Z
314,BB,17,152.5,resale,2026-10-04T16:01:57Z
314,BB,18,152.5,resale,2026-10-04T16:01:57Z
314,BB,19,152.5,resale,2026-10-04T16:01:57Z
314,BB,20,152.5,resale,2026-10-04T16:01:57Z
314,BB,21,152.5,resale,2026-10-04T16:01:57Z
314,BB,22,152.5,resale,2026-10-04T16:01:57Z
314,BB,23,152.5,resale,2026-10-04T16:01:57Z
314,BB,24,152.5,resale,2026-10-04T16:01:57Z
134,W,1,446.25,resale,2026-10-04T16:01:57Z
134,W,2,446.25,resale,2026-10-04T16:01:57Z
147,N,3,183.0,resale,2026-10-04T16:01:57Z
147,N,4,183.0,resale,2026-10-04T16:01:57Z
302,N,1,134.2,resale,2026-10-04T16:01:57Z
302,N,2,134.2,resale,2026-10-04T16:01:57Z
302,N,3,134.2,resale,2026-10-04T16:01:57Z
302,N,4,134.2,resale,2026-10-04T16:01:57Z
308,H,1,176.9,resale,2026-10-04T16:01:57Z
308,H,2,176.9,resale,2026-10-04T16:01:57Z
334,D,9,176.9,resale,2026-10-04T16:01:57Z
334,D,10,176.9,resale,2026-10-04T16:01:57Z
334,D,11,176.9,resale,2026-10-04T16:01:57Z
334,D,12,176.9,resale,2026-10-04T16:01:57Z
334,D,13,176.9,resale,2026-10-04T16:01:57Z
106,L,20,321.3,resale,2026-10-04T16:01:57Z
108,W,3,291.55,resale,2026-10-04T16:01:57Z
108,W,4,291.55,resale,2026-10-04T16:01:57Z
216,AA,1,355.81,resale,2026-10-04T16:01:57Z
338,W,13,167.14,resale,2026-10-04T16:01:57Z
338,W,14,167.14,resale,2026-10-04T16:01:57Z
338,W,15,167.14,resale,2026-10-04T16:01:57Z
338,W,16,167.14,resale,2026-10-04T16:01:57Z
338,W,17,167.14,resale,2026-10-04T16:01:57Z
338,W,18,167.14,resale,2026-10-04T16:01:57Z
338,W,19,167.14,resale,2026-10-04T16:01:57Z
338,W,20,167.14,resale,2026-10-04T16:01:57Z
338,W,21,167.14,resale,2026-10-04T16:01:57Z
338,W,22,167.14,resale,2026-10-04T16:01:57Z
338,W,23,167.14,resale,2026-10-04T16:01:57Z
338,W,24,167.14,resale,2026-10-04T16:01:57Z
206,DD,17,372.47,resale,2026-10-04T16:01:57Z
206,DD,18,372.47,resale,2026-10-04T16:01:57Z
206,CC,15,351.05,resale,2026-10-04T16:01:57Z
206,CC,16,351.05,resale,2026-10-04T16:01:57Z
211,F,17,355.81,resale,2026-10-04T16:01:57Z
211,F,18,355.81,resale,2026-10-04T16:01:57Z
145,H,12,183.0,resale,2026-10-04T16:01:57Z
145,H,13,183.0,resale,2026-10-04T16:01:57Z
245,H,6,152.5,resale,2026-10-04T16:01:57Z
245,H,7,152.5,resale,2026-10-04T16:01:57Z
304,CC,15,134.2,resale,2026-10-04T16:01:57Z
304,CC,16,134.2,resale,2026-10-04T16:01:57Z
304,CC,17,134.2,resale,2026-10-04T16:01:57Z
304,CC,18,134.2,resale,2026-10-04T16:01:57Z
304,CC,19,134.2,resale,2026-10-04T16:01:57Z
304,CC,20,134.2,resale,2026-10-04T16:01:57Z
304,CC,21,134.2,resale,2026-10-04T16:01:57Z
304,CC,22,134.2,resale,2026-10-04T16:01:57Z
304,CC,23,134.2,resale,2026-10-04T16:01:57Z
316,G,1,170.8,resale,2026-10-04T16:01:57Z
316,G,2,170.8,resale,2026-10-04T16:01:57Z
316,H,1,170.8,resale,2026-10-04T16:01:57Z
316,H,2,170.8,resale,2026-10-04T16:01:57Z
208,CC,15,267.75,resale,2026-10-04T16:01:57Z
208,CC,16,267.75,resale,2026-10-04T16:01:57Z
123,E,10,152.5,resale,2026-10-04T16:01:57Z
233,F,12,339.15,resale,2026-10-04T16:01:57Z
233,F,13,339.15,resale,2026-10-04T16:01:57Z
207,F,15,267.75,resale,2026-10-04T16:01:57Z
144,N,11,357.0,resale,2026-10-04T16:01:57Z
118,F,17,345.1,resale,2026-10-04T16:01:57Z
118,F,18,345.1,resale,2026-10-04T16:01:57Z
209,C,5,238.0,resale,2026-10-04T16:01:57Z
209,C,6,238.0,resale,2026-10-04T16:01:57Z
342,V,14,134.2,resale,2026-10-04T16:01:57Z
342,V,15,134.2,resale,2026-10-04T16:01:57Z
342,V,16,134.2,resale,2026-10-04T16:01:57Z
342,V,17,134.2,resale,2026-10-04T16:01:57Z
342,V,18,134.2,resale,2026-10-04T16:01:57Z
342,V,19,134.2,resale,2026-10-04T16:01:57Z
342,V,20,134.2,resale,2026-10-04T16:01:57Z
342,V,21,134.2,resale,2026-10-04T16:01:57Z
342,V,22,134.2,resale,2026-10-04T16:01:57Z
244,L,13,235.46,resale,2026-10-04T16:01:57Z
244,L,14,235.46,resale,2026-10-04T16:01:57Z
244,L,15,235.46,resale,2026-10-04T16:01:57Z
244,L,16,235.46,resale,2026-10-04T16:01:57Z
244,L,17,235.46,resale,2026-10-04T16:01:57Z
244,L,18,235.46,resale,2026-10-04T16:01:57Z
244,L,19,235.46,resale,2026-10-04T16:01:57Z
327,J,1,134.2,resale,2026-10-04T16:01:57Z
327,J,2,134.2,resale,2026-10-04T16:01:57Z
212,X,17,238.0,resale,2026-10-04T16:01:57Z
212,X,18,238.0,resale,2026-10-04T16:01:57Z
109,F,3,251.09,resale,2026-10-04T16:01:57Z
109,F,4,251.09,resale,2026-10-04T16:01:57Z
305,V,20,122.0,resale,2026-10-04T16:01:57Z
305,V,21,122.0,resale,2026-10-04T16:01:57Z
112,Z,5,237.9,resale,2026-10-04T16:01:57Z
112,Z,6,237.9,resale,2026-10-04T16:01:57Z
118,W,5,237.9,resale,2026-10-04T16:01:57Z
118,W,6,237.9,resale,2026-10-04T16:01:57Z
148,R,13,242.78,resale,2026-10-04T16:01:57Z
148,R,14,242.78,resale,2026-10-04T16:01:57Z
244,A,21,681.87,resale,2026-10-04T16:01:57Z
244,A,22,681.87,resale,2026-10-04T16:01:57Z
228,L,3,235.46,resale,2026-10-04T16:01:57Z
228,L,4,235.46,resale,2026-10-04T16:01:57Z
228,L,5,235.46,resale,2026-10-04T16:01:57Z
228,L,6,235.46,resale,2026-10-04T16:01:57Z
218,P,17,164.7,resale,2026-10-04T16:01:57Z
218,P,18,164.7,resale,2026-10-04T16:01:57Z
206,A,7,535.5,resale,2026-10-04T16:01:57Z
206,A,8,535.5,resale,2026-10-04T16:01:57Z
205,DD,18,238.0,resale,2026-10-04T16:01:57Z
205,DD,19,238.0,resale,2026-10-04T16:01:57Z
148,K,4,282.03,resale,2026-10-04T16:01:57Z
148,K,5,282.03,resale,2026-10-04T16:01:57Z
310,C,9,157.38,resale,2026-10-04T16:01:57Z
310,C,10,157.38,resale,2026-10-04T16:01:57Z
215,H,1,249.9,resale,2026-10-04T16:01:57Z
215,H,2,249.9,resale,2026-10-04T16:01:57Z
215,H,3,249.9,resale,2026-10-04T16:01:57Z
215,H,4,249.9,resale,2026-10-04T16:01:57Z
240,B,3,200.08,resale,2026-10-04T16:01:57Z
341,R,5,135.42,resale,2026-10-04T16:01:57Z
341,R,6,135.42,resale,2026-10-04T16:01:57Z
233,F,14,243.95,resale,2026-10-04T16:01:57Z
233,F,15,243.95,resale,2026-10-04T16:01:57Z
244,M,13,235.46,resale,2026-10-04T16:01:57Z
244,M,14,235.46,resale,2026-10-04T16:01:57Z
244,M,15,235.46,resale,2026-10-04T16:01:57Z
244,M,16,235.46,resale,2026-10-04T16:01:57Z
244,M,17,235.46,resale,2026-10-04T16:01:57Z
302,M,9,134.2,resale,2026-10-04T16:01:57Z
302,M,10,134.2,resale,2026-10-04T16:01:57Z
210,R,17,268.94,resale,2026-10-04T16:01:57Z
210,R,18,268.94,resale,2026-10-04T16:01:57Z
311,BB,18,192.76,resale,2026-10-04T16:01:57Z
311,BB,19,192.76,resale,2026-10-04T16:01:57Z
311,BB,20,192.76,resale,2026-10-04T16:01:57Z
311,BB,21,192.76,resale,2026-10-04T16:01:57Z
311,BB,22,192.76,resale,2026-10-04T16:01:57Z
311,BB,23,192.76,resale,2026-10-04T16:01:57Z
311,BB,24,192.76,resale,2026-10-04T16:01:57Z
304,X,16,134.2,resale,2026-10-04T16:01:57Z
304,X,17,134.2,resale,2026-10-04T16:01:57Z
304,X,18,134.2,resale,2026-10-04T16:01:57Z
304,X,19,134.2,resale,2026-10-04T16:01:57Z
304,X,20,134.2,resale,2026-10-04T16:01:57Z
304,X,21,134.2,resale,2026-10-04T16:01:57Z
304,X,22,134.2,resale,2026-10-04T16:01:57Z
304,X,23,134.2,resale,2026-10-04T16:01:57Z
304,X,24,134.2,resale,2026-10-04T16:01:57Z
149,X,3,238.0,resale,2026-10-04T16:01:57Z
111,P,10,225.7,resale,2026-10-04T16:01:57Z
123,H,20,229.36,resale,2026-10-04T16:01:57Z
123,H,21,229.36,resale,2026-10-04T16:01:57Z
123,H,22,229.36,resale,2026-10-04T16:01:57Z
306,R,6,123.22,resale,2026-10-04T16:01:57Z
124,M,7,201.3,resale,2026-10-04T16:01:57Z
124,M,8,201.3,resale,2026-10-04T16:01:57Z
124,M,9,201.3,resale,2026-10-04T16:01:57Z
124,M,10,201.3,resale,2026-10-04T16:01:57Z
201,Z,6,224.48,resale,2026-10-04T16:01:57Z
201,Z,7,224.48,resale,2026-10-04T16:01:57Z
140,CC,10,183.0,resale,2026-10-04T16:01:57Z
140,CC,11,183.0,resale,2026-10-04T16:01:57Z
115,BB,15,314.16,resale,2026-10-04T16:01:57Z
115,BB,16,314.16,resale,2026-10-04T16:01:57Z
108,G,23,255.85,resale,2026-10-04T16:01:57Z
108,G,24,255.85,resale,2026-10-04T16:01:57Z
333,K,21,146.4,resale,2026-10-04T16:01:57Z
333,K,22,146.4,resale,2026-10-04T16:01:57Z
215,U,1,357.0,resale,2026-10-04T16:01:57Z
215,U,2,357.0,resale,2026-10-04T16:01:57Z
311,L,15,161.04,resale,2026-10-04T16:01:57Z
311,L,16,161.04,resale,2026-10-04T16:01:57Z
311,L,17,161.04,resale,2026-10-04T16:01:57Z
311,L,18,161.04,resale,2026-10-04T16:01:57Z
108,L,13,240.38,resale,2026-10-04T16:01:57Z
108,L,14,240.38,resale,2026-10-04T16:01:57Z
108,L,15,240.38,resale,2026-10-04T16:01:57Z
108,L,16,240.38,resale,2026-10-04T16:01:57Z
339,R,5,152.5,resale,2026-10-04T16:01:57Z
339,R,6,152.5,resale,2026-10-04T16:01:57Z
339,R,7,152.5,resale,2026-10-04T16:01:57Z
339,R,8,152.5,resale,2026-10-04T16:01:57Z
339,R,9,152.5,resale,2026-10-04T16:01:57Z
339,R,10,152.5,resale,2026-10-04T16:01:57Z
339,R,11,152.5,resale,2026-10-04T16:01:57Z
339,R,12,152.5,resale,2026-10-04T16:01:57Z
123,U,21,201.3,resale,2026-10-04T16:01:57Z
123,U,22,201.3,resale,2026-10-04T16:01:57Z
123,U,23,201.3,resale,2026-10-04T16:01:57Z
123,U,24,201.3,resale,2026-10-04T16:01:57Z
338,J,14,173.24,resale,2026-10-04T16:01:57Z
338,J,15,173.24,resale,2026-10-04T16:01:57Z
338,J,16,173.24,resale,2026-10-04T16:01:57Z
338,J,17,173.24,resale,2026-10-04T16:01:57Z
338,L,1,169.58,resale,2026-10-04T16:01:57Z
338,L,2,169.58,resale,2026-10-04T16:01:57Z
134,F,2,386.75,resale,2026-10-04T16:01:57Z
134,F,3,386.75,resale,2026-10-04T16:01:57Z
113,E,13,238.0,resale,2026-10-04T16:01:57Z
113,E,14,238.0,resale,2026-10-04T16:01:57Z
216,AA,14,474.81,resale,2026-10-04T16:01:57Z
216,AA,15,474.81,resale,2026-10-04T16:01:57Z
120,T,20,242.78,resale,2026-10-04T16:01:57Z
120,T,21,242.78,resale,2026-10-04T16:01:57Z
147,S,6,261.8,resale,2026-10-04T16:01:57Z
219,E,10,147.62,resale,2026-10-04T16:01:57Z
150,V,2,225.7,resale,2026-10-04T16:01:57Z
106,R,16,261.8,resale,2026-10-04T16:01:57Z
112,M,17,283.22,resale,2026-10-04T16:01:57Z
112,M,18,283.22,resale,2026-10-04T16:01:57Z
109,P,21,170.8,resale,2026-10-04T16:01:57Z
109,P,22,170.8,resale,2026-10-04T16:01:57Z
136,L,13,517.65,resale,2026-10-04T16:01:57Z
136,L,14,517.65,resale,2026-10-04T16:01:57Z
112,C,17,289.17,resale,2026-10-04T16:01:57Z
112,C,18,289.17,resale,2026-10-04T16:01:57Z
218,U,4,268.94,resale,2026-10-04T16:01:57Z
343,T,1,134.2,resale,2026-10-04T16:01:57Z
343,T,2,134.2,resale,2026-10-04T16:01:57Z
343,T,3,134.2,resale,2026-10-04T16:01:57Z
319,B,11,201.3,resale,2026-10-04T16:01:57Z
209,A,7,316.54,resale,2026-10-04T16:01:57Z
209,A,8,316.54,resale,2026-10-04T16:01:57Z
334,M,13,181.78,resale,2026-10-04T16:01:57Z
334,M,14,181.78,resale,2026-10-04T16:01:57Z
334,M,15,181.78,resale,2026-10-04T16:01:57Z
334,M,16,181.78,resale,2026-10-04T16:01:57Z
334,M,17,181.78,resale,2026-10-04T16:01:57Z
334,M,18,181.78,resale,2026-10-04T16:01:57Z
313,E,10,170.8,resale,2026-10-04T16:01:57Z
217,U,9,201.3,resale,2026-10-04T16:01:57Z
217,U,10,201.3,resale,2026-10-04T16:01:57Z
134,BB,19,327.25,resale,2026-10-04T16:01:57Z
134,BB,20,327.25,resale,2026-10-04T16:01:57Z
340,E,7,143.96,resale,2026-10-04T16:01:57Z
340,E,8,143.96,resale,2026-10-04T16:01:57Z
329,P,9,134.2,resale,2026-10-04T16:01:57Z
329,P,10,134.2,resale,2026-10-04T16:01:57Z
228,V,23,235.46,resale,2026-10-04T16:01:57Z
228,V,24,235.46,resale,2026-10-04T16:01:57Z
304,L,19,134.2,resale,2026-10-04T16:01:57Z
304,L,20,134.2,resale,2026-10-04T16:01:57Z
239,Y,13,342.72,resale,2026-10-04T16:01:57Z
239,Y,14,342.72,resale,2026-10-04T16:01:57Z
239,Z,11,342.72,resale,2026-10-04T16:01:57Z
239,Z,12,342.72,resale,2026-10-04T16:01:57Z
239,Z,13,342.72,resale,2026-10-04T16:01:57Z
239,Z,14,342.72,resale,2026-10-04T16:01:57Z
342,P,12,134.2,resale,2026-10-04T16:01:57Z
342,P,13,134.2,resale,2026-10-04T16:01:57Z
235,P,14,330.82,resale,2026-10-04T16:01:57Z
235,P,15,330.82,resale,2026-10-04T16:01:57Z
235,P,16,330.82,resale,2026-10-04T16:01:57Z
235,P,17,330.82,resale,2026-10-04T16:01:57Z
312,WC,11,327.25,resale,2026-10-04T16:01:57Z
312,WC,12,327.25,resale,2026-10-04T16:01:57Z
338,A,15,267.75,resale,2026-10-04T16:01:57Z
338,A,16,267.75,resale,2026-10-04T16:01:57Z
338,A,17,267.75,resale,2026-10-04T16:01:57Z
303,U,3,134.2,resale,2026-10-04T16:01:57Z
303,U,4,134.2,resale,2026-10-04T16:01:57Z
303,U,5,134.2,resale,2026-10-04T16:01:57Z
303,U,6,134.2,resale,2026-10-04T16:01:57Z
303,U,7,134.2,resale,2026-10-04T16:01:57Z
303,U,8,134.2,resale,2026-10-04T16:01:57Z
303,U,9,134.2,resale,2026-10-04T16:01:57Z
303,U,10,134.2,resale,2026-10-04T16:01:57Z
303,U,11,134.2,resale,2026-10-04T16:01:57Z
303,U,12,134.2,resale,2026-10-04T16:01:57Z
303,U,13,134.2,resale,2026-10-04T16:01:57Z
303,U,14,134.2,resale,2026-10-04T16:01:57Z
237,A,13,322.49,resale,2026-10-04T16:01:57Z
109,T,23,226.92,resale,2026-10-04T16:01:57Z
109,T,24,226.92,resale,2026-10-04T16:01:57Z
334,A,3,192.76,resale,2026-10-04T16:01:57Z
334,A,4,192.76,resale,2026-10-04T16:01:57Z
334,A,5,192.76,resale,2026-10-04T16:01:57Z
334,A,6,192.76,resale,2026-10-04T16:01:57Z
125,K,2,207.4,resale,2026-10-04T16:01:57Z
125,K,3,207.4,resale,2026-10-04T16:01:57Z
109,Y,7,170.8,resale,2026-10-04T16:01:57Z
109,Y,8,170.8,resale,2026-10-04T16:01:57Z
118,V,8,213.5,resale,2026-10-04T16:01:57Z
118,V,9,213.5,resale,2026-10-04T16:01:57Z
344,Y,3,158.6,resale,2026-10-04T16:01:57Z
147,F,6,231.8,resale,2026-10-04T16:01:57Z
120,V,6,333.2,resale,2026-10-04T16:01:57Z
120,V,7,333.2,resale,2026-10-04T16:01:57Z
107,V,12,297.5,resale,2026-10-04T16:01:57Z
107,V,13,297.5,resale,2026-10-04T16:01:57Z
311,Z,21,120.78,resale,2026-10-04T16:01:57Z
311,Z,22,120.78,resale,2026-10-04T16:01:57Z
311,Z,23,120.78,resale,2026-10-04T16:01:57Z
311,Z,24,120.78,resale,2026-10-04T16:01:57Z
317,AA,3,134.2,resale,2026-10-04T16:01:57Z
317,AA,4,134.2,resale,2026-10-04T16:01:57Z
317,AA,5,134.2,resale,2026-10-04T16:01:57Z
317,AA,6,134.2,resale,2026-10-04T16:01:57Z
317,AA,7,134.2,resale,2026-10-04T16:01:57Z
317,AA,8,134.2,resale,2026-10-04T16:01:57Z
317,AA,9,134.2,resale,2026-10-04T16:01:57Z
317,AA,10,134.2,resale,2026-10-04T16:01:57Z
317,X,29,134.2,resale,2026-10-04T16:01:57Z
317,X,30,134.2,resale,2026-10-04T16:01:57Z
317,X,31,134.2,resale,2026-10-04T16:01:57Z
317,U,20,134.2,resale,2026-10-04T16:01:57Z
317,U,21,134.2,resale,2026-10-04T16:01:57Z
317,U,22,134.2,resale,2026-10-04T16:01:57Z
317,U,23,134.2,resale,2026-10-04T16:01:57Z
317,U,24,134.2,resale,2026-10-04T16:01:57Z
317,T,21,134.2,resale,2026-10-04T16:01:57Z
317,T,22,134.2,resale,2026-10-04T16:01:57Z
317,T,23,134.2,resale,2026-10-04T16:01:57Z
317,T,24,134.2,resale,2026-10-04T16:01:57Z
317,T,25,134.2,resale,2026-10-04T16:01:57Z
317,T,26,134.2,resale,2026-10-04T16:01:57Z
317,T,27,134.2,resale,2026-10-04T16:01:57Z
317,T,28,134.2,resale,2026-10-04T16:01:57Z
317,T,29,134.2,resale,2026-10-04T16:01:57Z
317,T,30,134.2,resale,2026-10-04T16:01:57Z
317,T,31,134.2,resale,2026-10-04T16:01:57Z
317,T,32,134.2,resale,2026-10-04T16:01:57Z
110,BB,17,238.0,resale,2026-10-04T16:01:57Z
110,BB,18,238.0,resale,2026-10-04T16:01:57Z
110,BB,19,238.0,resale,2026-10-04T16:01:57Z
110,BB,20,238.0,resale,2026-10-04T16:01:57Z
219,H,3,122.0,resale,2026-10-04T16:01:57Z
219,H,4,122.0,resale,2026-10-04T16:01:57Z
219,H,5,122.0,resale,2026-10-04T16:01:57Z
219,H,6,122.0,resale,2026-10-04T16:01:57Z
213,T,21,345.1,resale,2026-10-04T16:01:57Z
213,T,22,345.1,resale,2026-10-04T16:01:57Z
213,K,8,215.94,resale,2026-10-04T16:01:57Z
112,G,12,219.6,resale,2026-10-04T16:01:57Z
308,N,17,122.0,resale,2026-10-04T16:01:57Z
308,N,18,122.0,resale,2026-10-04T16:01:57Z
210,B,5,355.81,resale,2026-10-04T16:01:57Z
210,B,6,355.81,resale,2026-10-04T16:01:57Z
317,L,15,122.0,resale,2026-10-04T16:01:57Z
317,L,16,122.0,resale,2026-10-04T16:01:57Z
151,WC,7,271.32,resale,2026-10-04T16:01:57Z
151,WC,8,271.32,resale,2026-10-04T16:01:57Z
110,P,13,355.81,resale,2026-10-04T16:01:57Z
110,P,14,355.81,resale,2026-10-04T16:01:57Z
127,S,10,326.06,resale,2026-10-04T16:01:57Z
127,S,11,326.06,resale,2026-10-04T16:01:57Z
127,S,12,326.06,resale,2026-10-04T16:01:57Z
127,S,13,326.06,resale,2026-10-04T16:01:57Z
127,S,14,326.06,resale,2026-10-04T16:01:57Z
127,S,15,326.06,resale,2026-10-04T16:01:57Z
127,S,16,326.06,resale,2026-10-04T16:01:57Z
127,S,17,326.06,resale,2026-10-04T16:01:57Z
127,S,18,326.06,resale,2026-10-04T16:01:57Z
127,S,19,326.06,resale,2026-10-04T16:01:57Z
109,D,15,251.09,resale,2026-10-04T16:01:57Z
109,D,16,251.09,resale,2026-10-04T16:01:57Z
121,H,15,183.0,resale,2026-10-04T16:01:57Z
121,H,16,183.0,resale,2026-10-04T16:01:57Z
336,K,11,198.86,resale,2026-10-04T16:01:57Z
336,K,12,198.86,resale,2026-10-04T16:01:57Z
303,G,20,158.6,resale,2026-10-04T16:01:57Z
307,H,16,123.22,resale,2026-10-04T16:01:57Z
307,H,17,123.22,resale,2026-10-04T16:01:57Z
314,F,23,135.42,resale,2026-10-04T16:01:57Z
314,F,24,135.42,resale,2026-10-04T16:01:57Z
318,U,1,134.2,resale,2026-10-04T16:01:57Z
318,U,2,134.2,resale,2026-10-04T16:01:57Z
318,U,3,134.2,resale,2026-10-04T16:01:57Z
134,CC,13,267.75,resale,2026-10-04T16:01:57Z
134,CC,14,267.75,resale,2026-10-04T16:01:57Z
329,S,10,139.08,resale,2026-10-04T16:01:57Z
206,U,1,261.8,resale,2026-10-04T16:01:57Z
206,U,2,261.8,resale,2026-10-04T16:01:57Z
232,F,19,267.75,resale,2026-10-04T16:01:57Z
232,F,20,267.75,resale,2026-10-04T16:01:57Z
303,R,7,134.2,resale,2026-10-04T16:01:57Z
303,R,8,134.2,resale,2026-10-04T16:01:57Z
303,R,9,134.2,resale,2026-10-04T16:01:57Z
303,R,10,134.2,resale,2026-10-04T16:01:57Z
303,R,11,134.2,resale,2026-10-04T16:01:57Z
303,R,12,134.2,resale,2026-10-04T16:01:57Z
303,R,13,134.2,resale,2026-10-04T16:01:57Z
210,W,4,474.81,resale,2026-10-04T16:01:57Z
219,K,23,152.5,resale,2026-10-04T16:01:57Z
219,K,24,152.5,resale,2026-10-04T16:01:57Z
108,W,13,219.6,resale,2026-10-04T16:01:57Z
108,W,14,219.6,resale,2026-10-04T16:01:57Z
208,W,17,297.5,resale,2026-10-04T16:01:57Z
208,W,18,297.5,resale,2026-10-04T16:01:57Z
208,W,19,297.5,resale,2026-10-04T16:01:57Z
208,W,20,297.5,resale,2026-10-04T16:01:57Z
305,F,27,128.1,resale,2026-10-04T16:01:57Z
305,F,28,128.1,resale,2026-10-04T16:01:57Z
244,U,13,235.46,resale,2026-10-04T16:01:57Z
244,U,14,235.46,resale,2026-10-04T16:01:57Z
244,U,15,235.46,resale,2026-10-04T16:01:57Z
244,U,16,235.46,resale,2026-10-04T16:01:57Z
244,U,17,235.46,resale,2026-10-04T16:01:57Z
244,U,18,235.46,resale,2026-10-04T16:01:57Z
233,T,1,524.79,resale,2026-10-04T16:01:57Z
233,T,2,524.79,resale,2026-10-04T16:01:57Z
233,T,3,524.79,resale,2026-10-04T16:01:57Z
233,T,4,524.79,resale,2026-10-04T16:01:57Z
233,T,5,524.79,resale,2026-10-04T16:01:57Z
233,T,6,524.79,resale,2026-10-04T16:01:57Z
233,T,7,524.79,resale,2026-10-04T16:01:57Z
233,T,8,524.79,resale,2026-10-04T16:01:57Z
235,W,7,493.85,resale,2026-10-04T16:01:57Z
235,W,8,493.85,resale,2026-10-04T16:01:57Z
136,B,7,303.45,resale,2026-10-04T16:01:57Z
136,B,8,303.45,resale,2026-10-04T16:01:57Z
147,Y,23,183.0,resale,2026-10-04T16:01:57Z
147,Y,24,183.0,resale,2026-10-04T16:01:57Z
133,K,19,238.0,resale,2026-10-04T16:01:57Z
135,V,20,476.0,resale,2026-10-04T16:01:57Z
118,L,19,238.0,resale,2026-10-04T16:01:57Z
118,L,20,238.0,resale,2026-10-04T16:01:57Z
108,P,15,231.8,resale,2026-10-04T16:01:57Z
108,P,16,231.8,resale,2026-10-04T16:01:57Z
210,AA,9,355.81,resale,2026-10-04T16:01:57Z
210,AA,10,355.81,resale,2026-10-04T16:01:57Z
210,AA,11,355.81,resale,2026-10-04T16:01:57Z
210,AA,12,355.81,resale,2026-10-04T16:01:57Z
112,V,18,195.2,resale,2026-10-04T16:01:57Z
315,J,7,124.44,resale,2026-10-04T16:01:57Z
315,J,8,124.44,resale,2026-10-04T16:01:57Z
134,T,5,237.9,resale,2026-10-04T16:01:57Z
134,T,6,237.9,resale,2026-10-04T16:01:57Z
134,T,7,237.9,resale,2026-10-04T16:01:57Z
134,T,8,237.9,resale,2026-10-04T16:01:57Z
119,H,7,222.04,resale,2026-10-04T16:01:57Z
149,X,4,152.5,resale,2026-10-04T16:01:57Z
149,X,5,152.5,resale,2026-10-04T16:01:57Z
149,X,6,152.5,resale,2026-10-04T16:01:57Z
149,X,7,152.5,resale,2026-10-04T16:01:57Z
121,J,1,193.98,resale,2026-10-04T16:01:57Z
121,J,2,193.98,resale,2026-10-04T16:01:57Z
336,M,13,195.2,resale,2026-10-04T16:01:57Z
336,M,14,195.2,resale,2026-10-04T16:01:57Z
335,W,13,192.76,resale,2026-10-04T16:01:57Z
335,W,14,192.76,resale,2026-10-04T16:01:57Z
335,W,15,192.76,resale,2026-10-04T16:01:57Z
335,W,16,192.76,resale,2026-10-04T16:01:57Z
335,W,17,192.76,resale,2026-10-04T16:01:57Z
335,W,18,192.76,resale,2026-10-04T16:01:57Z
107,W,21,213.5,resale,2026-10-04T16:01:57Z
107,W,22,213.5,resale,2026-10-04T16:01:57Z
243,R,13,235.46,resale,2026-10-04T16:01:57Z
243,R,14,235.46,resale,2026-10-04T16:01:57Z
243,R,15,235.46,resale,2026-10-04T16:01:57Z
243,R,16,235.46,resale,2026-10-04T16:01:57Z
243,R,17,235.46,resale,2026-10-04T16:01:57Z
243,R,18,235.46,resale,2026-10-04T16:01:57Z
243,R,19,235.46,resale,2026-10-04T16:01:57Z
243,R,20,235.46,resale,2026-10-04T16:01:57Z
243,R,21,235.46,resale,2026-10-04T16:01:57Z
243,R,22,235.46,resale,2026-10-04T16:01:57Z
243,R,23,235.46,resale,2026-10-04T16:01:57Z
243,R,24,235.46,resale,2026-10-04T16:01:57Z
243,K,3,235.46,resale,2026-10-04T16:01:57Z
243,K,4,235.46,resale,2026-10-04T16:01:57Z
243,K,5,235.46,resale,2026-10-04T16:01:57Z
202,M,6,238.0,resale,2026-10-04T16:01:57Z
304,S,11,134.2,resale,2026-10-04T16:01:57Z
304,S,12,134.2,resale,2026-10-04T16:01:57Z
318,G,8,152.5,resale,2026-10-04T16:01:57Z
218,K,6,231.8,resale,2026-10-04T16:01:57Z
218,K,7,231.8,resale,2026-10-04T16:01:57Z
123,G,4,234.24,resale,2026-10-04T16:01:57Z
