section,row,seat,price_usd,selection_type,scraped_at
102,30,1,86.94,standard,2026-07-05T20:03:36Z
102,30,2,86.94,standard,2026-07-05T20:03:36Z
102,30,3,86.94,standard,2026-07-05T20:03:36Z
102,34,1,86.94,standard,2026-07-05T20:03:36Z
102,34,2,86.94,standard,2026-07-05T20:03:36Z
102,34,3,86.94,standard,2026-07-05T20:03:36Z
102,34,4,86.94,standard,2026-07-05T20:03:36Z
102,34,5,86.94,standard,2026-07-05T20:03:36Z
102,34,6,86.94,standard,2026-07-05T20:03:36Z
102,34,7,86.94,standard,2026-07-05T20:03:36Z
102,34,8,86.94,standard,2026-07-05T20:03:36Z
102,35,1,86.94,standard,2026-07-05T20:03:36Z
102,35,2,86.94,standard,2026-07-05T20:03:36Z
102,35,3,86.94,standard,2026-07-05T20:03:36Z
102,35,4,86.94,standard,2026-07-05T20:03:36Z
102,35,5,86.94,standard,2026-07-05T20:03:36Z
102,35,6,86.94,standard,2026-07-05T20:03:36Z
102,35,7,86.94,standard,2026-07-05T20:03:36Z
102,35,8,86.94,standard,2026-07-05T20:03:36Z
102,36,3,86.94,standard,2026-07-05T20:03:36Z
102,36,4,86.94,standard,2026-07-05T20:03:36Z
102,36,5,86.94,standard,2026-07-05T20:03:36Z
102,36,6,86.94,standard,2026-07-05T20:03:36Z
102,36,7,86.94,standard,2026-07-05T20:03:36Z
102,36,8,86.94,standard,2026-07-05T20:03:36Z
102,37,1,86.94,standard,2026-07-05T20:03:36Z
102,37,2,86.94,standard,2026-07-05T20:03:36Z
102,37,3,86.94,standard,2026-07-05T20:03:36Z
102,37,4,86.94,standard,2026-07-05T20:03:36Z
102,36,1,86.94,standard,2026-07-05T20:03:36Z
102,36,2,86.94,standard,2026-07-05T20:03:36Z
102,39A,1,86.94,standard,2026-07-05T20:03:36Z
102,39A,2,86.94,standard,2026-07-05T20:03:36Z
102,39A,3,86.94,standard,2026-07-05T20:03:36Z
102,39A,4,86.94,standard,2026-07-05T20:03:36Z
103,28,10,86.94,standard,2026-07-05T20:03:36Z
103,28,8,86.94,standard,2026-07-05T20:03:36Z
103,28,9,86.94,standard,2026-07-05T20:03:36Z
103,29,11,86.94,standard,2026-07-05T20:03:36Z
103,29,12,86.94,standard,2026-07-05T20:03:36Z
103,29,8,86.94,standard,2026-07-05T20:03:36Z
103,37,10,86.94,standard,2026-07-05T20:03:36Z
103,37,11,86.94,standard,2026-07-05T20:03:36Z
103,37,12,86.94,standard,2026-07-05T20:03:36Z
103,37,13,86.94,standard,2026-07-05T20:03:36Z
103,37,14,86.94,standard,2026-07-05T20:03:36Z
103,37,15,86.94,standard,2026-07-05T20:03:36Z
103,37,16,86.94,standard,2026-07-05T20:03:36Z
103,37,17,86.94,standard,2026-07-05T20:03:36Z
103,37,18,86.94,standard,2026-07-05T20:03:36Z
103,37,2,86.94,standard,2026-07-05T20:03:36Z
103,37,3,86.94,standard,2026-07-05T20:03:36Z
103,37,4,86.94,standard,2026-07-05T20:03:36Z
103,37,5,86.94,standard,2026-07-05T20:03:36Z
103,37,6,86.94,standard,2026-07-05T20:03:36Z
103,37,7,86.94,standard,2026-07-05T20:03:36Z
103,37,8,86.94,standard,2026-07-05T20:03:36Z
103,37,9,86.94,standard,2026-07-05T20:03:36Z
103,30,10,86.94,standard,2026-07-05T20:03:36Z
103,30,7,86.94,standard,2026-07-05T20:03:36Z
103,30,8,86.94,standard,2026-07-05T20:03:36Z
103,30,9,86.94,standard,2026-07-05T20:03:36Z
103,31,10,86.94,standard,2026-07-05T20:03:36Z
103,31,11,86.94,standard,2026-07-05T20:03:36Z
103,31,12,86.94,standard,2026-07-05T20:03:36Z
103,31,13,86.94,standard,2026-07-05T20:03:36Z
103,31,14,86.94,standard,2026-07-05T20:03:36Z
103,31,15,86.94,standard,2026-07-05T20:03:36Z
103,31,6,86.94,standard,2026-07-05T20:03:36Z
103,31,7,86.94,standard,2026-07-05T20:03:36Z
103,31,8,86.94,standard,2026-07-05T20:03:36Z
103,31,9,86.94,standard,2026-07-05T20:03:36Z
103,32,10,86.94,standard,2026-07-05T20:03:36Z
103,32,11,86.94,standard,2026-07-05T20:03:36Z
103,32,12,86.94,standard,2026-07-05T20:03:36Z
103,32,13,86.94,standard,2026-07-05T20:03:36Z
103,32,14,86.94,standard,2026-07-05T20:03:36Z
103,32,6,86.94,standard,2026-07-05T20:03:36Z
103,32,7,86.94,standard,2026-07-05T20:03:36Z
103,32,8,86.94,standard,2026-07-05T20:03:36Z
103,32,9,86.94,standard,2026-07-05T20:03:36Z
103,33,10,86.94,standard,2026-07-05T20:03:36Z
103,33,11,86.94,standard,2026-07-05T20:03:36Z
103,33,12,86.94,standard,2026-07-05T20:03:36Z
103,33,13,86.94,standard,2026-07-05T20:03:36Z
103,33,2,86.94,standard,2026-07-05T20:03:36Z
103,33,3,86.94,standard,2026-07-05T20:03:36Z
103,33,4,86.94,standard,2026-07-05T20:03:36Z
103,33,5,86.94,standard,2026-07-05T20:03:36Z
103,33,6,86.94,standard,2026-07-05T20:03:36Z
103,33,7,86.94,standard,2026-07-05T20:03:36Z
103,33,8,86.94,standard,2026-07-05T20:03:36Z
103,33,9,86.94,standard,2026-07-05T20:03:36Z
103,34,10,86.94,standard,2026-07-05T20:03:36Z
103,34,11,86.94,standard,2026-07-05T20:03:36Z
103,34,12,86.94,standard,2026-07-05T20:03:36Z
103,34,13,86.94,standard,2026-07-05T20:03:36Z
103,34,14,86.94,standard,2026-07-05T20:03:36Z
103,34,15,86.94,standard,2026-07-05T20:03:36Z
103,34,16,86.94,standard,2026-07-05T20:03:36Z
103,34,17,86.94,standard,2026-07-05T20:03:36Z
103,34,18,86.94,standard,2026-07-05T20:03:36Z
103,34,2,86.94,standard,2026-07-05T20:03:36Z
103,34,3,86.94,standard,2026-07-05T20:03:36Z
103,34,4,86.94,standard,2026-07-05T20:03:36Z
103,34,5,86.94,standard,2026-07-05T20:03:36Z
103,34,6,86.94,standard,2026-07-05T20:03:36Z
103,34,7,86.94,standard,2026-07-05T20:03:36Z
103,34,8,86.94,standard,2026-07-05T20:03:36Z
103,34,9,86.94,standard,2026-07-05T20:03:36Z
103,35,10,86.94,standard,2026-07-05T20:03:36Z
103,35,11,86.94,standard,2026-07-05T20:03:36Z
103,35,12,86.94,standard,2026-07-05T20:03:36Z
103,35,13,86.94,standard,2026-07-05T20:03:36Z
103,35,14,86.94,standard,2026-07-05T20:03:36Z
103,35,2,86.94,standard,2026-07-05T20:03:36Z
103,35,3,86.94,standard,2026-07-05T20:03:36Z
103,35,4,86.94,standard,2026-07-05T20:03:36Z
103,35,5,86.94,standard,2026-07-05T20:03:36Z
103,35,6,86.94,standard,2026-07-05T20:03:36Z
103,35,7,86.94,standard,2026-07-05T20:03:36Z
103,35,8,86.94,standard,2026-07-05T20:03:36Z
103,35,9,86.94,standard,2026-07-05T20:03:36Z
103,36,10,86.94,standard,2026-07-05T20:03:36Z
103,36,11,86.94,standard,2026-07-05T20:03:36Z
103,36,12,86.94,standard,2026-07-05T20:03:36Z
103,36,13,86.94,standard,2026-07-05T20:03:36Z
103,36,14,86.94,standard,2026-07-05T20:03:36Z
103,36,15,86.94,standard,2026-07-05T20:03:36Z
103,36,16,86.94,standard,2026-07-05T20:03:36Z
103,36,17,86.94,standard,2026-07-05T20:03:36Z
103,36,18,86.94,standard,2026-07-05T20:03:36Z
103,36,2,86.94,standard,2026-07-05T20:03:36Z
103,36,3,86.94,standard,2026-07-05T20:03:36Z
103,36,4,86.94,standard,2026-07-05T20:03:36Z
103,36,5,86.94,standard,2026-07-05T20:03:36Z
103,36,6,86.94,standard,2026-07-05T20:03:36Z
103,36,7,86.94,standard,2026-07-05T20:03:36Z
103,36,8,86.94,standard,2026-07-05T20:03:36Z
103,36,9,86.94,standard,2026-07-05T20:03:36Z
103,38,10,86.94,standard,2026-07-05T20:03:36Z
103,38,11,86.94,standard,2026-07-05T20:03:36Z
103,38,12,86.94,standard,2026-07-05T20:03:36Z
103,38,13,86.94,standard,2026-07-05T20:03:36Z
103,38,14,86.94,standard,2026-07-05T20:03:36Z
103,38,15,86.94,standard,2026-07-05T20:03:36Z
103,38,16,86.94,standard,2026-07-05T20:03:36Z
103,38,17,86.94,standard,2026-07-05T20:03:36Z
103,38,18,86.94,standard,2026-07-05T20:03:36Z
103,38,2,86.94,standard,2026-07-05T20:03:36Z
103,38,3,86.94,standard,2026-07-05T20:03:36Z
103,38,4,86.94,standard,2026-07-05T20:03:36Z
103,38,5,86.94,standard,2026-07-05T20:03:36Z
103,38,6,86.94,standard,2026-07-05T20:03:36Z
103,38,7,86.94,standard,2026-07-05T20:03:36Z
103,38,8,86.94,standard,2026-07-05T20:03:36Z
103,38,9,86.94,standard,2026-07-05T20:03:36Z
104,29,4,86.94,standard,2026-07-05T20:03:36Z
104,29,5,86.94,standard,2026-07-05T20:03:36Z
104,29,6,86.94,standard,2026-07-05T20:03:36Z
104,37,1,86.94,standard,2026-07-05T20:03:36Z
104,37,2,86.94,standard,2026-07-05T20:03:36Z
104,37,3,86.94,standard,2026-07-05T20:03:36Z
104,37,4,86.94,standard,2026-07-05T20:03:36Z
104,37,5,86.94,standard,2026-07-05T20:03:36Z
104,37,6,86.94,standard,2026-07-05T20:03:36Z
104,37,7,86.94,standard,2026-07-05T20:03:36Z
104,37,8,86.94,standard,2026-07-05T20:03:36Z
104,32,1,86.94,standard,2026-07-05T20:03:36Z
104,32,2,86.94,standard,2026-07-05T20:03:36Z
104,32,3,86.94,standard,2026-07-05T20:03:36Z
104,32,4,86.94,standard,2026-07-05T20:03:36Z
104,32,5,86.94,standard,2026-07-05T20:03:36Z
104,32,6,86.94,standard,2026-07-05T20:03:36Z
104,32,7,86.94,standard,2026-07-05T20:03:36Z
104,32,8,86.94,standard,2026-07-05T20:03:36Z
104,33,1,86.94,standard,2026-07-05T20:03:36Z
104,33,2,86.94,standard,2026-07-05T20:03:36Z
104,33,3,86.94,standard,2026-07-05T20:03:36Z
104,33,4,86.94,standard,2026-07-05T20:03:36Z
104,33,5,86.94,standard,2026-07-05T20:03:36Z
104,33,6,86.94,standard,2026-07-05T20:03:36Z
104,33,7,86.94,standard,2026-07-05T20:03:36Z
104,33,8,86.94,standard,2026-07-05T20:03:36Z
104,34,1,86.94,standard,2026-07-05T20:03:36Z
104,34,2,86.94,standard,2026-07-05T20:03:36Z
104,34,3,86.94,standard,2026-07-05T20:03:36Z
104,34,4,86.94,standard,2026-07-05T20:03:36Z
104,34,5,86.94,standard,2026-07-05T20:03:36Z
104,34,6,86.94,standard,2026-07-05T20:03:36Z
104,34,7,86.94,standard,2026-07-05T20:03:36Z
104,34,8,86.94,standard,2026-07-05T20:03:36Z
104,35,1,86.94,standard,2026-07-05T20:03:36Z
104,35,2,86.94,standard,2026-07-05T20:03:36Z
104,35,3,86.94,standard,2026-07-05T20:03:36Z
104,35,4,86.94,standard,2026-07-05T20:03:36Z
104,35,5,86.94,standard,2026-07-05T20:03:36Z
104,35,6,86.94,standard,2026-07-05T20:03:36Z
104,35,7,86.94,standard,2026-07-05T20:03:36Z
104,35,8,86.94,standard,2026-07-05T20:03:36Z
104,36,1,86.94,standard,2026-07-05T20:03:36Z
104,36,2,86.94,standard,2026-07-05T20:03:36Z
104,36,3,86.94,standard,2026-07-05T20:03:36Z
104,36,4,86.94,standard,2026-07-05T20:03:36Z
104,36,5,86.94,standard,2026-07-05T20:03:36Z
104,36,6,86.94,standard,2026-07-05T20:03:36Z
104,36,7,86.94,standard,2026-07-05T20:03:36Z
104,36,8,86.94,standard,2026-07-05T20:03:36Z
105,37,10,88.94,standard,2026-07-05T20:03:36Z
105,37,11,88.94,standard,2026-07-05T20:03:36Z
105,37,12,88.94,standard,2026-07-05T20:03:36Z
105,37,13,88.94,standard,2026-07-05T20:03:36Z
105,37,14,88.94,standard,2026-07-05T20:03:36Z
105,37,15,88.94,standard,2026-07-05T20:03:36Z
105,37,16,88.94,standard,2026-07-05T20:03:36Z
105,37,17,88.94,standard,2026-07-05T20:03:36Z
105,37,3,88.94,standard,2026-07-05T20:03:36Z
105,37,4,88.94,standard,2026-07-05T20:03:36Z
105,37,5,88.94,standard,2026-07-05T20:03:36Z
105,37,6,88.94,standard,2026-07-05T20:03:36Z
105,37,7,88.94,standard,2026-07-05T20:03:36Z
105,37,8,88.94,standard,2026-07-05T20:03:36Z
105,37,9,88.94,standard,2026-07-05T20:03:36Z
105,36,10,88.94,standard,2026-07-05T20:03:36Z
105,36,11,88.94,standard,2026-07-05T20:03:36Z
105,36,12,88.94,standard,2026-07-05T20:03:36Z
105,36,13,88.94,standard,2026-07-05T20:03:36Z
105,36,14,88.94,standard,2026-07-05T20:03:36Z
105,36,15,88.94,standard,2026-07-05T20:03:36Z
105,36,16,88.94,standard,2026-07-05T20:03:36Z
105,36,2,88.94,standard,2026-07-05T20:03:36Z
105,36,3,88.94,standard,2026-07-05T20:03:36Z
105,36,4,88.94,standard,2026-07-05T20:03:36Z
105,36,5,88.94,standard,2026-07-05T20:03:36Z
105,36,6,88.94,standard,2026-07-05T20:03:36Z
105,36,7,88.94,standard,2026-07-05T20:03:36Z
105,36,8,88.94,standard,2026-07-05T20:03:36Z
105,36,9,88.94,standard,2026-07-05T20:03:36Z
105,38,10,88.94,standard,2026-07-05T20:03:36Z
105,38,11,88.94,standard,2026-07-05T20:03:36Z
105,38,12,88.94,standard,2026-07-05T20:03:36Z
105,38,13,88.94,standard,2026-07-05T20:03:36Z
105,38,14,88.94,standard,2026-07-05T20:03:36Z
105,38,15,88.94,standard,2026-07-05T20:03:36Z
105,38,16,88.94,standard,2026-07-05T20:03:36Z
105,38,17,88.94,standard,2026-07-05T20:03:36Z
105,38,18,88.94,standard,2026-07-05T20:03:36Z
105,38,4,88.94,standard,2026-07-05T20:03:36Z
105,38,5,88.94,standard,2026-07-05T20:03:36Z
105,38,6,88.94,standard,2026-07-05T20:03:36Z
105,38,7,88.94,standard,2026-07-05T20:03:36Z
105,38,8,88.94,standard,2026-07-05T20:03:36Z
105,38,9,88.94,standard,2026-07-05T20:03:36Z
106,37,10,88.94,standard,2026-07-05T20:03:36Z
106,37,11,88.94,standard,2026-07-05T20:03:36Z
106,37,12,88.94,standard,2026-07-05T20:03:36Z
106,37,13,88.94,standard,2026-07-05T20:03:36Z
106,37,14,88.94,standard,2026-07-05T20:03:36Z
106,37,15,88.94,standard,2026-07-05T20:03:36Z
106,37,16,88.94,standard,2026-07-05T20:03:36Z
106,37,17,88.94,standard,2026-07-05T20:03:36Z
106,37,18,88.94,standard,2026-07-05T20:03:36Z
106,37,19,88.94,standard,2026-07-05T20:03:36Z
106,37,20,88.94,standard,2026-07-05T20:03:36Z
106,37,21,88.94,standard,2026-07-05T20:03:36Z
106,37,22,88.94,standard,2026-07-05T20:03:36Z
106,37,23,88.94,standard,2026-07-05T20:03:36Z
106,37,24,88.94,standard,2026-07-05T20:03:36Z
106,37,3,88.94,standard,2026-07-05T20:03:36Z
106,37,4,88.94,standard,2026-07-05T20:03:36Z
106,37,5,88.94,standard,2026-07-05T20:03:36Z
106,37,6,88.94,standard,2026-07-05T20:03:36Z
106,37,7,88.94,standard,2026-07-05T20:03:36Z
106,37,8,88.94,standard,2026-07-05T20:03:36Z
106,37,9,88.94,standard,2026-07-05T20:03:36Z
106,33,10,88.94,standard,2026-07-05T20:03:36Z
106,33,11,88.94,standard,2026-07-05T20:03:36Z
106,33,12,88.94,standard,2026-07-05T20:03:36Z
106,33,13,88.94,standard,2026-07-05T20:03:36Z
106,33,14,88.94,standard,2026-07-05T20:03:36Z
106,33,15,88.94,standard,2026-07-05T20:03:36Z
106,33,16,88.94,standard,2026-07-05T20:03:36Z
106,33,17,88.94,standard,2026-07-05T20:03:36Z
106,33,7,88.94,standard,2026-07-05T20:03:36Z
106,33,8,88.94,standard,2026-07-05T20:03:36Z
106,33,9,88.94,standard,2026-07-05T20:03:36Z
106,34,10,88.94,standard,2026-07-05T20:03:36Z
106,34,11,88.94,standard,2026-07-05T20:03:36Z
106,34,12,88.94,standard,2026-07-05T20:03:36Z
106,34,13,88.94,standard,2026-07-05T20:03:36Z
106,34,14,88.94,standard,2026-07-05T20:03:36Z
106,34,15,88.94,standard,2026-07-05T20:03:36Z
106,34,16,88.94,standard,2026-07-05T20:03:36Z
106,34,17,88.94,standard,2026-07-05T20:03:36Z
106,34,18,88.94,standard,2026-07-05T20:03:36Z
106,34,19,88.94,standard,2026-07-05T20:03:36Z
106,34,20,88.94,standard,2026-07-05T20:03:36Z
106,34,21,88.94,standard,2026-07-05T20:03:36Z
106,34,22,88.94,standard,2026-07-05T20:03:36Z
106,34,4,88.94,standard,2026-07-05T20:03:36Z
106,34,5,88.94,standard,2026-07-05T20:03:36Z
106,34,6,88.94,standard,2026-07-05T20:03:36Z
106,34,7,88.94,standard,2026-07-05T20:03:36Z
106,34,8,88.94,standard,2026-07-05T20:03:36Z
106,34,9,88.94,standard,2026-07-05T20:03:36Z
106,35,10,88.94,standard,2026-07-05T20:03:36Z
106,35,11,88.94,standard,2026-07-05T20:03:36Z
106,35,12,88.94,standard,2026-07-05T20:03:36Z
106,35,13,88.94,standard,2026-07-05T20:03:36Z
106,35,14,88.94,standard,2026-07-05T20:03:36Z
106,35,15,88.94,standard,2026-07-05T20:03:36Z
106,35,16,88.94,standard,2026-07-05T20:03:36Z
106,35,17,88.94,standard,2026-07-05T20:03:36Z
106,35,18,88.94,standard,2026-07-05T20:03:36Z
106,35,19,88.94,standard,2026-07-05T20:03:36Z
106,35,20,88.94,standard,2026-07-05T20:03:36Z
106,35,21,88.94,standard,2026-07-05T20:03:36Z
106,35,22,88.94,standard,2026-07-05T20:03:36Z
106,35,4,88.94,standard,2026-07-05T20:03:36Z
106,35,5,88.94,standard,2026-07-05T20:03:36Z
106,35,6,88.94,standard,2026-07-05T20:03:36Z
106,35,7,88.94,standard,2026-07-05T20:03:36Z
106,35,8,88.94,standard,2026-07-05T20:03:36Z
106,35,9,88.94,standard,2026-07-05T20:03:36Z
106,36,10,88.94,standard,2026-07-05T20:03:36Z
106,36,11,88.94,standard,2026-07-05T20:03:36Z
106,36,12,88.94,standard,2026-07-05T20:03:36Z
106,36,13,88.94,standard,2026-07-05T20:03:36Z
106,36,14,88.94,standard,2026-07-05T20:03:36Z
106,36,15,88.94,standard,2026-07-05T20:03:36Z
106,36,16,88.94,standard,2026-07-05T20:03:36Z
106,36,17,88.94,standard,2026-07-05T20:03:36Z
106,36,18,88.94,standard,2026-07-05T20:03:36Z
106,36,19,88.94,standard,2026-07-05T20:03:36Z
106,36,20,88.94,standard,2026-07-05T20:03:36Z
106,36,21,88.94,standard,2026-07-05T20:03:36Z
106,36,22,88.94,standard,2026-07-05T20:03:36Z
106,36,23,88.94,standard,2026-07-05T20:03:36Z
106,36,24,88.94,standard,2026-07-05T20:03:36Z
106,36,3,88.94,standard,2026-07-05T20:03:36Z
106,36,4,88.94,standard,2026-07-05T20:03:36Z
106,36,5,88.94,standard,2026-07-05T20:03:36Z
106,36,6,88.94,standard,2026-07-05T20:03:36Z
106,36,7,88.94,standard,2026-07-05T20:03:36Z
106,36,8,88.94,standard,2026-07-05T20:03:36Z
106,36,9,88.94,standard,2026-07-05T20:03:36Z
106,38,10,88.94,standard,2026-07-05T20:03:36Z
106,38,11,88.94,standard,2026-07-05T20:03:36Z
106,38,12,88.94,standard,2026-07-05T20:03:36Z
106,38,13,88.94,standard,2026-07-05T20:03:36Z
106,38,14,88.94,standard,2026-07-05T20:03:36Z
106,38,15,88.94,standard,2026-07-05T20:03:36Z
106,38,16,88.94,standard,2026-07-05T20:03:36Z
106,38,17,88.94,standard,2026-07-05T20:03:36Z
106,38,18,88.94,standard,2026-07-05T20:03:36Z
106,38,19,88.94,standard,2026-07-05T20:03:36Z
106,38,20,88.94,standard,2026-07-05T20:03:36Z
106,38,21,88.94,standard,2026-07-05T20:03:36Z
106,38,22,88.94,standard,2026-07-05T20:03:36Z
106,38,23,88.94,standard,2026-07-05T20:03:36Z
106,38,24,88.94,standard,2026-07-05T20:03:36Z
106,38,3,88.94,standard,2026-07-05T20:03:36Z
106,38,4,88.94,standard,2026-07-05T20:03:36Z
106,38,5,88.94,standard,2026-07-05T20:03:36Z
106,38,6,88.94,standard,2026-07-05T20:03:36Z
106,38,7,88.94,standard,2026-07-05T20:03:36Z
106,38,8,88.94,standard,2026-07-05T20:03:36Z
106,38,9,88.94,standard,2026-07-05T20:03:36Z
106,39,10,88.94,standard,2026-07-05T20:03:36Z
106,39,11,88.94,standard,2026-07-05T20:03:36Z
106,39,12,88.94,standard,2026-07-05T20:03:36Z
106,39,13,88.94,standard,2026-07-05T20:03:36Z
106,39,14,88.94,standard,2026-07-05T20:03:36Z
106,39,15,88.94,standard,2026-07-05T20:03:36Z
106,39,16,88.94,standard,2026-07-05T20:03:36Z
106,39,20,88.94,standard,2026-07-05T20:03:36Z
106,39,21,88.94,standard,2026-07-05T20:03:36Z
106,39,22,88.94,standard,2026-07-05T20:03:36Z
106,39,23,88.94,standard,2026-07-05T20:03:36Z
106,39,24,88.94,standard,2026-07-05T20:03:36Z
106,39,3,88.94,standard,2026-07-05T20:03:36Z
106,39,4,88.94,standard,2026-07-05T20:03:36Z
106,39,5,88.94,standard,2026-07-05T20:03:36Z
106,39,6,88.94,standard,2026-07-05T20:03:36Z
106,39,7,88.94,standard,2026-07-05T20:03:36Z
106,39,8,88.94,standard,2026-07-05T20:03:36Z
106,39,9,88.94,standard,2026-07-05T20:03:36Z
107,37,10,88.94,standard,2026-07-05T20:03:36Z
107,37,11,88.94,standard,2026-07-05T20:03:36Z
107,37,12,88.94,standard,2026-07-05T20:03:36Z
107,37,13,88.94,standard,2026-07-05T20:03:36Z
107,37,14,88.94,standard,2026-07-05T20:03:36Z
107,37,15,88.94,standard,2026-07-05T20:03:36Z
107,37,16,88.94,standard,2026-07-05T20:03:36Z
107,37,17,88.94,standard,2026-07-05T20:03:36Z
107,37,18,88.94,standard,2026-07-05T20:03:36Z
107,37,19,88.94,standard,2026-07-05T20:03:36Z
107,37,20,88.94,standard,2026-07-05T20:03:36Z
107,37,21,88.94,standard,2026-07-05T20:03:36Z
107,37,22,88.94,standard,2026-07-05T20:03:36Z
107,37,23,88.94,standard,2026-07-05T20:03:36Z
107,37,24,88.94,standard,2026-07-05T20:03:36Z
107,37,3,88.94,standard,2026-07-05T20:03:36Z
107,37,4,88.94,standard,2026-07-05T20:03:36Z
107,37,5,88.94,standard,2026-07-05T20:03:36Z
107,37,6,88.94,standard,2026-07-05T20:03:36Z
107,37,7,88.94,standard,2026-07-05T20:03:36Z
107,37,8,88.94,standard,2026-07-05T20:03:36Z
107,37,9,88.94,standard,2026-07-05T20:03:36Z
107,34,10,88.94,standard,2026-07-05T20:03:36Z
107,34,11,88.94,standard,2026-07-05T20:03:36Z
107,34,12,88.94,standard,2026-07-05T20:03:36Z
107,34,13,88.94,standard,2026-07-05T20:03:36Z
107,34,14,88.94,standard,2026-07-05T20:03:36Z
107,34,15,88.94,standard,2026-07-05T20:03:36Z
107,34,16,88.94,standard,2026-07-05T20:03:36Z
107,34,17,88.94,standard,2026-07-05T20:03:36Z
107,34,18,88.94,standard,2026-07-05T20:03:36Z
107,34,19,88.94,standard,2026-07-05T20:03:36Z
107,34,20,88.94,standard,2026-07-05T20:03:36Z
107,34,21,88.94,standard,2026-07-05T20:03:36Z
107,34,22,88.94,standard,2026-07-05T20:03:36Z
107,34,8,88.94,standard,2026-07-05T20:03:36Z
107,34,9,88.94,standard,2026-07-05T20:03:36Z
107,35,10,88.94,standard,2026-07-05T20:03:36Z
107,35,11,88.94,standard,2026-07-05T20:03:36Z
107,35,12,88.94,standard,2026-07-05T20:03:36Z
107,35,13,88.94,standard,2026-07-05T20:03:36Z
107,35,14,88.94,standard,2026-07-05T20:03:36Z
107,35,15,88.94,standard,2026-07-05T20:03:36Z
107,35,16,88.94,standard,2026-07-05T20:03:36Z
107,35,17,88.94,standard,2026-07-05T20:03:36Z
107,35,18,88.94,standard,2026-07-05T20:03:36Z
107,35,19,88.94,standard,2026-07-05T20:03:36Z
107,35,20,88.94,standard,2026-07-05T20:03:36Z
107,35,21,88.94,standard,2026-07-05T20:03:36Z
107,35,22,88.94,standard,2026-07-05T20:03:36Z
107,35,23,88.94,standard,2026-07-05T20:03:36Z
107,35,24,88.94,standard,2026-07-05T20:03:36Z
107,35,3,88.94,standard,2026-07-05T20:03:36Z
107,35,4,88.94,standard,2026-07-05T20:03:36Z
107,35,5,88.94,standard,2026-07-05T20:03:36Z
107,35,6,88.94,standard,2026-07-05T20:03:36Z
107,35,7,88.94,standard,2026-07-05T20:03:36Z
107,35,8,88.94,standard,2026-07-05T20:03:36Z
107,35,9,88.94,standard,2026-07-05T20:03:36Z
107,36,10,88.94,standard,2026-07-05T20:03:36Z
107,36,11,88.94,standard,2026-07-05T20:03:36Z
107,36,12,88.94,standard,2026-07-05T20:03:36Z
107,36,13,88.94,standard,2026-07-05T20:03:36Z
107,36,14,88.94,standard,2026-07-05T20:03:36Z
107,36,15,88.94,standard,2026-07-05T20:03:36Z
107,36,16,88.94,standard,2026-07-05T20:03:36Z
107,36,17,88.94,standard,2026-07-05T20:03:36Z
107,36,18,88.94,standard,2026-07-05T20:03:36Z
107,36,19,88.94,standard,2026-07-05T20:03:36Z
107,36,20,88.94,standard,2026-07-05T20:03:36Z
107,36,21,88.94,standard,2026-07-05T20:03:36Z
107,36,22,88.94,standard,2026-07-05T20:03:36Z
107,36,23,88.94,standard,2026-07-05T20:03:36Z
107,36,24,88.94,standard,2026-07-05T20:03:36Z
107,36,3,88.94,standard,2026-07-05T20:03:36Z
107,36,4,88.94,standard,2026-07-05T20:03:36Z
107,36,5,88.94,standard,2026-07-05T20:03:36Z
107,36,6,88.94,standard,2026-07-05T20:03:36Z
107,36,7,88.94,standard,2026-07-05T20:03:36Z
107,36,8,88.94,standard,2026-07-05T20:03:36Z
107,36,9,88.94,standard,2026-07-05T20:03:36Z
107,38,10,88.94,standard,2026-07-05T20:03:36Z
107,38,11,88.94,standard,2026-07-05T20:03:36Z
107,38,12,88.94,standard,2026-07-05T20:03:36Z
107,38,13,88.94,standard,2026-07-05T20:03:36Z
107,38,14,88.94,standard,2026-07-05T20:03:36Z
107,38,15,88.94,standard,2026-07-05T20:03:36Z
107,38,16,88.94,standard,2026-07-05T20:03:36Z
107,38,17,88.94,standard,2026-07-05T20:03:36Z
107,38,18,88.94,standard,2026-07-05T20:03:36Z
107,38,19,88.94,standard,2026-07-05T20:03:36Z
107,38,20,88.94,standard,2026-07-05T20:03:36Z
107,38,21,88.94,standard,2026-07-05T20:03:36Z
107,38,22,88.94,standard,2026-07-05T20:03:36Z
107,38,23,88.94,standard,2026-07-05T20:03:36Z
107,38,24,88.94,standard,2026-07-05T20:03:36Z
107,38,3,88.94,standard,2026-07-05T20:03:36Z
107,38,4,88.94,standard,2026-07-05T20:03:36Z
107,38,5,88.94,standard,2026-07-05T20:03:36Z
107,38,6,88.94,standard,2026-07-05T20:03:36Z
107,38,7,88.94,standard,2026-07-05T20:03:36Z
107,38,8,88.94,standard,2026-07-05T20:03:36Z
107,38,9,88.94,standard,2026-07-05T20:03:36Z
107,39,10,88.94,standard,2026-07-05T20:03:36Z
107,39,11,88.94,standard,2026-07-05T20:03:36Z
107,39,12,88.94,standard,2026-07-05T20:03:36Z
107,39,13,88.94,standard,2026-07-05T20:03:36Z
107,39,14,88.94,standard,2026-07-05T20:03:36Z
107,39,15,88.94,standard,2026-07-05T20:03:36Z
107,39,16,88.94,standard,2026-07-05T20:03:36Z
107,39,17,88.94,standard,2026-07-05T20:03:36Z
107,39,18,88.94,standard,2026-07-05T20:03:36Z
107,39,19,88.94,standard,2026-07-05T20:03:36Z
107,39,20,88.94,standard,2026-07-05T20:03:36Z
107,39,21,88.94,standard,2026-07-05T20:03:36Z
107,39,22,88.94,standard,2026-07-05T20:03:36Z
107,39,23,88.94,standard,2026-07-05T20:03:36Z
107,39,24,88.94,standard,2026-07-05T20:03:36Z
107,39,3,88.94,standard,2026-07-05T20:03:36Z
107,39,4,88.94,standard,2026-07-05T20:03:36Z
107,39,5,88.94,standard,2026-07-05T20:03:36Z
107,39,6,88.94,standard,2026-07-05T20:03:36Z
107,39,7,88.94,standard,2026-07-05T20:03:36Z
107,39,8,88.94,standard,2026-07-05T20:03:36Z
107,39,9,88.94,standard,2026-07-05T20:03:36Z
107,40,19,88.94,standard,2026-07-05T20:03:36Z
107,40,20,88.94,standard,2026-07-05T20:03:36Z
107,40,21,88.94,standard,2026-07-05T20:03:36Z
107,40,22,88.94,standard,2026-07-05T20:03:36Z
107,40,23,88.94,standard,2026-07-05T20:03:36Z
107,40,24,88.94,standard,2026-07-05T20:03:36Z
108,37,10,88.94,standard,2026-07-05T20:03:36Z
108,37,11,88.94,standard,2026-07-05T20:03:36Z
108,37,12,88.94,standard,2026-07-05T20:03:36Z
108,37,13,88.94,standard,2026-07-05T20:03:36Z
108,37,14,88.94,standard,2026-07-05T20:03:36Z
108,37,15,88.94,standard,2026-07-05T20:03:36Z
108,37,16,88.94,standard,2026-07-05T20:03:36Z
108,37,17,88.94,standard,2026-07-05T20:03:36Z
108,37,18,88.94,standard,2026-07-05T20:03:36Z
108,37,19,88.94,standard,2026-07-05T20:03:36Z
108,37,20,88.94,standard,2026-07-05T20:03:36Z
108,37,21,88.94,standard,2026-07-05T20:03:36Z
108,37,22,88.94,standard,2026-07-05T20:03:36Z
108,37,3,88.94,standard,2026-07-05T20:03:36Z
108,37,4,88.94,standard,2026-07-05T20:03:36Z
108,37,5,88.94,standard,2026-07-05T20:03:36Z
108,37,6,88.94,standard,2026-07-05T20:03:36Z
108,37,7,88.94,standard,2026-07-05T20:03:36Z
108,37,8,88.94,standard,2026-07-05T20:03:36Z
108,37,9,88.94,standard,2026-07-05T20:03:36Z
108,34,10,88.94,standard,2026-07-05T20:03:36Z
108,34,3,88.94,standard,2026-07-05T20:03:36Z
108,34,4,88.94,standard,2026-07-05T20:03:36Z
108,34,5,88.94,standard,2026-07-05T20:03:36Z
108,34,6,88.94,standard,2026-07-05T20:03:36Z
108,34,7,88.94,standard,2026-07-05T20:03:36Z
108,34,8,88.94,standard,2026-07-05T20:03:36Z
108,34,9,88.94,standard,2026-07-05T20:03:36Z
108,35,10,88.94,standard,2026-07-05T20:03:36Z
108,35,11,88.94,standard,2026-07-05T20:03:36Z
108,35,12,88.94,standard,2026-07-05T20:03:36Z
108,35,13,88.94,standard,2026-07-05T20:03:36Z
108,35,14,88.94,standard,2026-07-05T20:03:36Z
108,35,15,88.94,standard,2026-07-05T20:03:36Z
108,35,16,88.94,standard,2026-07-05T20:03:36Z
108,35,17,88.94,standard,2026-07-05T20:03:36Z
108,35,18,88.94,standard,2026-07-05T20:03:36Z
108,35,19,88.94,standard,2026-07-05T20:03:36Z
108,35,8,88.94,standard,2026-07-05T20:03:36Z
108,35,9,88.94,standard,2026-07-05T20:03:36Z
108,36,10,88.94,standard,2026-07-05T20:03:36Z
108,36,11,88.94,standard,2026-07-05T20:03:36Z
108,36,12,88.94,standard,2026-07-05T20:03:36Z
108,36,13,88.94,standard,2026-07-05T20:03:36Z
108,36,14,88.94,standard,2026-07-05T20:03:36Z
108,36,15,88.94,standard,2026-07-05T20:03:36Z
108,36,16,88.94,standard,2026-07-05T20:03:36Z
108,36,17,88.94,standard,2026-07-05T20:03:36Z
108,36,18,88.94,standard,2026-07-05T20:03:36Z
108,36,19,88.94,standard,2026-07-05T20:03:36Z
108,36,20,88.94,standard,2026-07-05T20:03:36Z
108,36,3,88.94,standard,2026-07-05T20:03:36Z
108,36,4,88.94,standard,2026-07-05T20:03:36Z
108,36,5,88.94,standard,2026-07-05T20:03:36Z
108,36,6,88.94,standard,2026-07-05T20:03:36Z
108,36,7,88.94,standard,2026-07-05T20:03:36Z
108,36,8,88.94,standard,2026-07-05T20:03:36Z
108,36,9,88.94,standard,2026-07-05T20:03:36Z
108,38,10,88.94,standard,2026-07-05T20:03:36Z
108,38,11,88.94,standard,2026-07-05T20:03:36Z
108,38,12,88.94,standard,2026-07-05T20:03:36Z
108,38,13,88.94,standard,2026-07-05T20:03:36Z
108,38,14,88.94,standard,2026-07-05T20:03:36Z
108,38,15,88.94,standard,2026-07-05T20:03:36Z
108,38,16,88.94,standard,2026-07-05T20:03:36Z
108,38,17,88.94,standard,2026-07-05T20:03:36Z
108,38,18,88.94,standard,2026-07-05T20:03:36Z
108,38,19,88.94,standard,2026-07-05T20:03:36Z
108,38,20,88.94,standard,2026-07-05T20:03:36Z
108,38,21,88.94,standard,2026-07-05T20:03:36Z
108,38,22,88.94,standard,2026-07-05T20:03:36Z
108,38,3,88.94,standard,2026-07-05T20:03:36Z
108,38,4,88.94,standard,2026-07-05T20:03:36Z
108,38,5,88.94,standard,2026-07-05T20:03:36Z
108,38,6,88.94,standard,2026-07-05T20:03:36Z
108,38,7,88.94,standard,2026-07-05T20:03:36Z
108,38,8,88.94,standard,2026-07-05T20:03:36Z
108,38,9,88.94,standard,2026-07-05T20:03:36Z
108,39,10,88.94,standard,2026-07-05T20:03:36Z
108,39,11,88.94,standard,2026-07-05T20:03:36Z
108,39,12,88.94,standard,2026-07-05T20:03:36Z
108,39,13,88.94,standard,2026-07-05T20:03:36Z
108,39,14,88.94,standard,2026-07-05T20:03:36Z
108,39,15,88.94,standard,2026-07-05T20:03:36Z
108,39,16,88.94,standard,2026-07-05T20:03:36Z
108,39,17,88.94,standard,2026-07-05T20:03:36Z
108,39,18,88.94,standard,2026-07-05T20:03:36Z
108,39,19,88.94,standard,2026-07-05T20:03:36Z
108,39,20,88.94,standard,2026-07-05T20:03:36Z
108,39,21,88.94,standard,2026-07-05T20:03:36Z
108,39,7,88.94,standard,2026-07-05T20:03:36Z
108,39,8,88.94,standard,2026-07-05T20:03:36Z
108,39,9,88.94,standard,2026-07-05T20:03:36Z
109,37,10,88.94,standard,2026-07-05T20:03:36Z
109,37,11,88.94,standard,2026-07-05T20:03:36Z
109,37,12,88.94,standard,2026-07-05T20:03:36Z
109,37,13,88.94,standard,2026-07-05T20:03:36Z
109,37,14,88.94,standard,2026-07-05T20:03:36Z
109,37,15,88.94,standard,2026-07-05T20:03:36Z
109,37,16,88.94,standard,2026-07-05T20:03:36Z
109,37,17,88.94,standard,2026-07-05T20:03:36Z
109,37,18,88.94,standard,2026-07-05T20:03:36Z
109,37,19,88.94,standard,2026-07-05T20:03:36Z
109,37,5,88.94,standard,2026-07-05T20:03:36Z
109,37,6,88.94,standard,2026-07-05T20:03:36Z
109,37,7,88.94,standard,2026-07-05T20:03:36Z
109,37,8,88.94,standard,2026-07-05T20:03:36Z
109,37,9,88.94,standard,2026-07-05T20:03:36Z
109,32,19,88.94,standard,2026-07-05T20:03:36Z
109,32,20,88.94,standard,2026-07-05T20:03:36Z
109,36,10,88.94,standard,2026-07-05T20:03:36Z
109,36,11,88.94,standard,2026-07-05T20:03:36Z
109,36,12,88.94,standard,2026-07-05T20:03:36Z
109,36,13,88.94,standard,2026-07-05T20:03:36Z
109,36,14,88.94,standard,2026-07-05T20:03:36Z
109,36,15,88.94,standard,2026-07-05T20:03:36Z
109,36,16,88.94,standard,2026-07-05T20:03:36Z
109,36,17,88.94,standard,2026-07-05T20:03:36Z
109,36,18,88.94,standard,2026-07-05T20:03:36Z
109,36,19,88.94,standard,2026-07-05T20:03:36Z
109,36,4,88.94,standard,2026-07-05T20:03:36Z
109,36,5,88.94,standard,2026-07-05T20:03:36Z
109,36,6,88.94,standard,2026-07-05T20:03:36Z
109,36,7,88.94,standard,2026-07-05T20:03:36Z
109,36,8,88.94,standard,2026-07-05T20:03:36Z
109,36,9,88.94,standard,2026-07-05T20:03:36Z
109,38,10,88.94,standard,2026-07-05T20:03:36Z
109,38,11,88.94,standard,2026-07-05T20:03:36Z
109,38,12,88.94,standard,2026-07-05T20:03:36Z
109,38,13,88.94,standard,2026-07-05T20:03:36Z
109,38,14,88.94,standard,2026-07-05T20:03:36Z
109,38,15,88.94,standard,2026-07-05T20:03:36Z
109,38,16,88.94,standard,2026-07-05T20:03:36Z
109,38,17,88.94,standard,2026-07-05T20:03:36Z
109,38,18,88.94,standard,2026-07-05T20:03:36Z
109,38,19,88.94,standard,2026-07-05T20:03:36Z
109,38,5,88.94,standard,2026-07-05T20:03:36Z
109,38,6,88.94,standard,2026-07-05T20:03:36Z
109,38,7,88.94,standard,2026-07-05T20:03:36Z
109,38,8,88.94,standard,2026-07-05T20:03:36Z
109,38,9,88.94,standard,2026-07-05T20:03:36Z
109,39,10,88.94,standard,2026-07-05T20:03:36Z
109,39,11,88.94,standard,2026-07-05T20:03:36Z
109,39,12,88.94,standard,2026-07-05T20:03:36Z
109,39,13,88.94,standard,2026-07-05T20:03:36Z
109,39,14,88.94,standard,2026-07-05T20:03:36Z
109,39,15,88.94,standard,2026-07-05T20:03:36Z
109,39,16,88.94,standard,2026-07-05T20:03:36Z
109,39,17,88.94,standard,2026-07-05T20:03:36Z
109,39,18,88.94,standard,2026-07-05T20:03:36Z
109,39,2,88.94,standard,2026-07-05T20:03:36Z
109,39,3,88.94,standard,2026-07-05T20:03:36Z
109,39,4,88.94,standard,2026-07-05T20:03:36Z
109,39,5,88.94,standard,2026-07-05T20:03:36Z
109,39,6,88.94,standard,2026-07-05T20:03:36Z
109,39,7,88.94,standard,2026-07-05T20:03:36Z
109,39,8,88.94,standard,2026-07-05T20:03:36Z
109,39,9,88.94,standard,2026-07-05T20:03:36Z
110,26,3,92.0,standard,2026-07-05T20:03:36Z
110,29,1,92.0,standard,2026-07-05T20:03:36Z
110,29,2,92.0,standard,2026-07-05T20:03:36Z
110,29,3,92.0,standard,2026-07-05T20:03:36Z
110,29,4,92.0,standard,2026-07-05T20:03:36Z
110,29,5,92.0,standard,2026-07-05T20:03:36Z
110,37,10,92.0,standard,2026-07-05T20:03:36Z
110,37,11,92.0,standard,2026-07-05T20:03:36Z
110,37,12,92.0,standard,2026-07-05T20:03:36Z
110,37,13,92.0,standard,2026-07-05T20:03:36Z
110,37,14,92.0,standard,2026-07-05T20:03:36Z
110,37,15,92.0,standard,2026-07-05T20:03:36Z
110,37,16,92.0,standard,2026-07-05T20:03:36Z
110,37,2,92.0,standard,2026-07-05T20:03:36Z
110,37,3,92.0,standard,2026-07-05T20:03:36Z
110,37,4,92.0,standard,2026-07-05T20:03:36Z
110,37,5,92.0,standard,2026-07-05T20:03:36Z
110,37,6,92.0,standard,2026-07-05T20:03:36Z
110,37,7,92.0,standard,2026-07-05T20:03:36Z
110,37,8,92.0,standard,2026-07-05T20:03:36Z
110,37,9,92.0,standard,2026-07-05T20:03:36Z
110,30,10,92.0,standard,2026-07-05T20:03:36Z
110,30,11,92.0,standard,2026-07-05T20:03:36Z
110,30,2,92.0,standard,2026-07-05T20:03:36Z
110,30,3,92.0,standard,2026-07-05T20:03:36Z
110,30,4,92.0,standard,2026-07-05T20:03:36Z
110,30,5,92.0,standard,2026-07-05T20:03:36Z
110,30,6,92.0,standard,2026-07-05T20:03:36Z
110,30,7,92.0,standard,2026-07-05T20:03:36Z
110,30,8,92.0,standard,2026-07-05T20:03:36Z
110,30,9,92.0,standard,2026-07-05T20:03:36Z
110,31,10,92.0,standard,2026-07-05T20:03:36Z
110,31,11,92.0,standard,2026-07-05T20:03:36Z
110,31,2,92.0,standard,2026-07-05T20:03:36Z
110,31,3,92.0,standard,2026-07-05T20:03:36Z
110,31,4,92.0,standard,2026-07-05T20:03:36Z
110,31,5,92.0,standard,2026-07-05T20:03:36Z
110,31,6,92.0,standard,2026-07-05T20:03:36Z
110,31,7,92.0,standard,2026-07-05T20:03:36Z
110,31,8,92.0,standard,2026-07-05T20:03:36Z
110,31,9,92.0,standard,2026-07-05T20:03:36Z
110,32,10,92.0,standard,2026-07-05T20:03:36Z
110,32,11,92.0,standard,2026-07-05T20:03:36Z
110,32,12,92.0,standard,2026-07-05T20:03:36Z
110,32,2,92.0,standard,2026-07-05T20:03:36Z
110,32,3,92.0,standard,2026-07-05T20:03:36Z
110,32,4,92.0,standard,2026-07-05T20:03:36Z
110,32,5,92.0,standard,2026-07-05T20:03:36Z
110,32,6,92.0,standard,2026-07-05T20:03:36Z
110,32,7,92.0,standard,2026-07-05T20:03:36Z
110,32,8,92.0,standard,2026-07-05T20:03:36Z
110,32,9,92.0,standard,2026-07-05T20:03:36Z
110,33,10,92.0,standard,2026-07-05T20:03:36Z
110,33,11,92.0,standard,2026-07-05T20:03:36Z
110,33,12,92.0,standard,2026-07-05T20:03:36Z
110,33,13,92.0,standard,2026-07-05T20:03:36Z
110,33,2,92.0,standard,2026-07-05T20:03:36Z
110,33,3,92.0,standard,2026-07-05T20:03:36Z
110,33,4,92.0,standard,2026-07-05T20:03:36Z
110,33,5,92.0,standard,2026-07-05T20:03:36Z
110,33,6,92.0,standard,2026-07-05T20:03:36Z
110,33,7,92.0,standard,2026-07-05T20:03:36Z
110,33,8,92.0,standard,2026-07-05T20:03:36Z
110,33,9,92.0,standard,2026-07-05T20:03:36Z
110,34,10,92.0,standard,2026-07-05T20:03:36Z
110,34,11,92.0,standard,2026-07-05T20:03:36Z
110,34,12,92.0,standard,2026-07-05T20:03:36Z
110,34,13,92.0,standard,2026-07-05T20:03:36Z
110,34,14,92.0,standard,2026-07-05T20:03:36Z
110,34,2,92.0,standard,2026-07-05T20:03:36Z
110,34,3,92.0,standard,2026-07-05T20:03:36Z
110,34,4,92.0,standard,2026-07-05T20:03:36Z
110,34,5,92.0,standard,2026-07-05T20:03:36Z
110,34,6,92.0,standard,2026-07-05T20:03:36Z
110,34,7,92.0,standard,2026-07-05T20:03:36Z
110,34,8,92.0,standard,2026-07-05T20:03:36Z
110,34,9,92.0,standard,2026-07-05T20:03:36Z
110,35,10,92.0,standard,2026-07-05T20:03:36Z
110,35,2,92.0,standard,2026-07-05T20:03:36Z
110,35,3,92.0,standard,2026-07-05T20:03:36Z
110,35,4,92.0,standard,2026-07-05T20:03:36Z
110,35,5,92.0,standard,2026-07-05T20:03:36Z
110,35,6,92.0,standard,2026-07-05T20:03:36Z
110,35,7,92.0,standard,2026-07-05T20:03:36Z
110,35,8,92.0,standard,2026-07-05T20:03:36Z
110,35,9,92.0,standard,2026-07-05T20:03:36Z
110,36,10,92.0,standard,2026-07-05T20:03:36Z
110,36,11,92.0,standard,2026-07-05T20:03:36Z
110,36,12,92.0,standard,2026-07-05T20:03:36Z
110,36,13,92.0,standard,2026-07-05T20:03:36Z
110,36,14,92.0,standard,2026-07-05T20:03:36Z
110,36,15,92.0,standard,2026-07-05T20:03:36Z
110,36,2,92.0,standard,2026-07-05T20:03:36Z
110,36,3,92.0,standard,2026-07-05T20:03:36Z
110,36,4,92.0,standard,2026-07-05T20:03:36Z
110,36,5,92.0,standard,2026-07-05T20:03:36Z
110,36,6,92.0,standard,2026-07-05T20:03:36Z
110,36,7,92.0,standard,2026-07-05T20:03:36Z
110,36,8,92.0,standard,2026-07-05T20:03:36Z
110,36,9,92.0,standard,2026-07-05T20:03:36Z
110,38,10,92.0,standard,2026-07-05T20:03:36Z
110,38,11,92.0,standard,2026-07-05T20:03:36Z
110,38,12,92.0,standard,2026-07-05T20:03:36Z
110,38,13,92.0,standard,2026-07-05T20:03:36Z
110,38,14,92.0,standard,2026-07-05T20:03:36Z
110,38,15,92.0,standard,2026-07-05T20:03:36Z
110,38,16,92.0,standard,2026-07-05T20:03:36Z
110,38,17,92.0,standard,2026-07-05T20:03:36Z
110,38,2,92.0,standard,2026-07-05T20:03:36Z
110,38,3,92.0,standard,2026-07-05T20:03:36Z
110,38,4,92.0,standard,2026-07-05T20:03:36Z
110,38,5,92.0,standard,2026-07-05T20:03:36Z
110,38,6,92.0,standard,2026-07-05T20:03:36Z
110,38,7,92.0,standard,2026-07-05T20:03:36Z
110,38,8,92.0,standard,2026-07-05T20:03:36Z
110,38,9,92.0,standard,2026-07-05T20:03:36Z
111,17,6,92.0,standard,2026-07-05T20:03:36Z
111,20,10,92.0,standard,2026-07-05T20:03:36Z
111,20,9,92.0,standard,2026-07-05T20:03:36Z
111,22,10,92.0,standard,2026-07-05T20:03:36Z
111,22,11,92.0,standard,2026-07-05T20:03:36Z
111,22,12,92.0,standard,2026-07-05T20:03:36Z
111,22,3,92.0,standard,2026-07-05T20:03:36Z
111,22,4,92.0,standard,2026-07-05T20:03:36Z
111,22,5,92.0,standard,2026-07-05T20:03:36Z
111,22,6,92.0,standard,2026-07-05T20:03:36Z
111,22,7,92.0,standard,2026-07-05T20:03:36Z
111,22,8,92.0,standard,2026-07-05T20:03:36Z
111,22,9,92.0,standard,2026-07-05T20:03:36Z
111,23,10,92.0,standard,2026-07-05T20:03:36Z
111,23,11,92.0,standard,2026-07-05T20:03:36Z
111,23,12,92.0,standard,2026-07-05T20:03:36Z
111,23,13,92.0,standard,2026-07-05T20:03:36Z
111,23,2,92.0,standard,2026-07-05T20:03:36Z
111,23,3,92.0,standard,2026-07-05T20:03:36Z
111,23,4,92.0,standard,2026-07-05T20:03:36Z
111,23,5,92.0,standard,2026-07-05T20:03:36Z
111,23,6,92.0,standard,2026-07-05T20:03:36Z
111,23,7,92.0,standard,2026-07-05T20:03:36Z
111,23,8,92.0,standard,2026-07-05T20:03:36Z
111,23,9,92.0,standard,2026-07-05T20:03:36Z
111,24,10,92.0,standard,2026-07-05T20:03:36Z
111,24,11,92.0,standard,2026-07-05T20:03:36Z
111,24,12,92.0,standard,2026-07-05T20:03:36Z
111,24,13,92.0,standard,2026-07-05T20:03:36Z
111,24,14,92.0,standard,2026-07-05T20:03:36Z
111,24,2,92.0,standard,2026-07-05T20:03:36Z
111,24,3,92.0,standard,2026-07-05T20:03:36Z
111,24,4,92.0,standard,2026-07-05T20:03:36Z
111,24,5,92.0,standard,2026-07-05T20:03:36Z
111,24,6,92.0,standard,2026-07-05T20:03:36Z
111,24,7,92.0,standard,2026-07-05T20:03:36Z
111,24,8,92.0,standard,2026-07-05T20:03:36Z
111,24,9,92.0,standard,2026-07-05T20:03:36Z
111,25,10,92.0,standard,2026-07-05T20:03:36Z
111,25,11,92.0,standard,2026-07-05T20:03:36Z
111,25,12,92.0,standard,2026-07-05T20:03:36Z
111,25,13,92.0,standard,2026-07-05T20:03:36Z
111,25,14,92.0,standard,2026-07-05T20:03:36Z
111,25,2,92.0,standard,2026-07-05T20:03:36Z
111,25,3,92.0,standard,2026-07-05T20:03:36Z
111,25,4,92.0,standard,2026-07-05T20:03:36Z
111,25,5,92.0,standard,2026-07-05T20:03:36Z
111,25,6,92.0,standard,2026-07-05T20:03:36Z
111,25,7,92.0,standard,2026-07-05T20:03:36Z
111,25,8,92.0,standard,2026-07-05T20:03:36Z
111,25,9,92.0,standard,2026-07-05T20:03:36Z
111,26,10,92.0,standard,2026-07-05T20:03:36Z
111,26,11,92.0,standard,2026-07-05T20:03:36Z
111,26,12,92.0,standard,2026-07-05T20:03:36Z
111,26,13,92.0,standard,2026-07-05T20:03:36Z
111,26,14,92.0,standard,2026-07-05T20:03:36Z
111,26,15,92.0,standard,2026-07-05T20:03:36Z
111,26,2,92.0,standard,2026-07-05T20:03:36Z
111,26,3,92.0,standard,2026-07-05T20:03:36Z
111,26,4,92.0,standard,2026-07-05T20:03:36Z
111,26,5,92.0,standard,2026-07-05T20:03:36Z
111,26,6,92.0,standard,2026-07-05T20:03:36Z
111,26,7,92.0,standard,2026-07-05T20:03:36Z
111,26,8,92.0,standard,2026-07-05T20:03:36Z
111,26,9,92.0,standard,2026-07-05T20:03:36Z
111,29,10,92.0,standard,2026-07-05T20:03:36Z
111,29,11,92.0,standard,2026-07-05T20:03:36Z
111,29,12,92.0,standard,2026-07-05T20:03:36Z
111,29,13,92.0,standard,2026-07-05T20:03:36Z
111,29,14,92.0,standard,2026-07-05T20:03:36Z
111,29,2,92.0,standard,2026-07-05T20:03:36Z
111,29,3,92.0,standard,2026-07-05T20:03:36Z
111,29,4,92.0,standard,2026-07-05T20:03:36Z
111,29,5,92.0,standard,2026-07-05T20:03:36Z
111,29,6,92.0,standard,2026-07-05T20:03:36Z
111,29,7,92.0,standard,2026-07-05T20:03:36Z
111,29,8,92.0,standard,2026-07-05T20:03:36Z
111,29,9,92.0,standard,2026-07-05T20:03:36Z
111,37,10,92.0,standard,2026-07-05T20:03:36Z
111,37,11,92.0,standard,2026-07-05T20:03:36Z
111,37,12,92.0,standard,2026-07-05T20:03:36Z
111,37,13,92.0,standard,2026-07-05T20:03:36Z
111,37,14,92.0,standard,2026-07-05T20:03:36Z
111,37,15,92.0,standard,2026-07-05T20:03:36Z
111,37,16,92.0,standard,2026-07-05T20:03:36Z
111,37,17,92.0,standard,2026-07-05T20:03:36Z
111,37,18,92.0,standard,2026-07-05T20:03:36Z
111,37,19,92.0,standard,2026-07-05T20:03:36Z
111,37,20,92.0,standard,2026-07-05T20:03:36Z
111,37,21,92.0,standard,2026-07-05T20:03:36Z
111,37,22,92.0,standard,2026-07-05T20:03:36Z
111,37,9,92.0,standard,2026-07-05T20:03:36Z
111,30,10,92.0,standard,2026-07-05T20:03:36Z
111,30,11,92.0,standard,2026-07-05T20:03:36Z
111,30,12,92.0,standard,2026-07-05T20:03:36Z
111,30,13,92.0,standard,2026-07-05T20:03:36Z
111,30,14,92.0,standard,2026-07-05T20:03:36Z
111,30,15,92.0,standard,2026-07-05T20:03:36Z
111,30,16,92.0,standard,2026-07-05T20:03:36Z
111,30,17,92.0,standard,2026-07-05T20:03:36Z
111,30,2,92.0,standard,2026-07-05T20:03:36Z
111,30,3,92.0,standard,2026-07-05T20:03:36Z
111,30,4,92.0,standard,2026-07-05T20:03:36Z
111,30,5,92.0,standard,2026-07-05T20:03:36Z
111,30,6,92.0,standard,2026-07-05T20:03:36Z
111,30,7,92.0,standard,2026-07-05T20:03:36Z
111,30,8,92.0,standard,2026-07-05T20:03:36Z
111,30,9,92.0,standard,2026-07-05T20:03:36Z
111,31,10,92.0,standard,2026-07-05T20:03:36Z
111,31,11,92.0,standard,2026-07-05T20:03:36Z
111,31,12,92.0,standard,2026-07-05T20:03:36Z
111,31,13,92.0,standard,2026-07-05T20:03:36Z
111,31,14,92.0,standard,2026-07-05T20:03:36Z
111,31,15,92.0,standard,2026-07-05T20:03:36Z
111,31,16,92.0,standard,2026-07-05T20:03:36Z
111,31,17,92.0,standard,2026-07-05T20:03:36Z
111,31,18,92.0,standard,2026-07-05T20:03:36Z
111,31,2,92.0,standard,2026-07-05T20:03:36Z
111,31,3,92.0,standard,2026-07-05T20:03:36Z
111,31,4,92.0,standard,2026-07-05T20:03:36Z
111,31,5,92.0,standard,2026-07-05T20:03:36Z
111,31,6,92.0,standard,2026-07-05T20:03:36Z
111,31,7,92.0,standard,2026-07-05T20:03:36Z
111,31,8,92.0,standard,2026-07-05T20:03:36Z
111,31,9,92.0,standard,2026-07-05T20:03:36Z
111,32,10,92.0,standard,2026-07-05T20:03:36Z
111,32,11,92.0,standard,2026-07-05T20:03:36Z
111,32,12,92.0,standard,2026-07-05T20:03:36Z
111,32,13,92.0,standard,2026-07-05T20:03:36Z
111,32,14,92.0,standard,2026-07-05T20:03:36Z
111,32,15,92.0,standard,2026-07-05T20:03:36Z
111,32,16,92.0,standard,2026-07-05T20:03:36Z
111,32,17,92.0,standard,2026-07-05T20:03:36Z
111,32,18,92.0,standard,2026-07-05T20:03:36Z
111,32,2,92.0,standard,2026-07-05T20:03:36Z
111,32,3,92.0,standard,2026-07-05T20:03:36Z
111,32,4,92.0,standard,2026-07-05T20:03:36Z
111,32,5,92.0,standard,2026-07-05T20:03:36Z
111,32,6,92.0,standard,2026-07-05T20:03:36Z
111,32,7,92.0,standard,2026-07-05T20:03:36Z
111,32,8,92.0,standard,2026-07-05T20:03:36Z
111,32,9,92.0,standard,2026-07-05T20:03:36Z
111,33,10,92.0,standard,2026-07-05T20:03:36Z
111,33,11,92.0,standard,2026-07-05T20:03:36Z
111,33,12,92.0,standard,2026-07-05T20:03:36Z
111,33,13,92.0,standard,2026-07-05T20:03:36Z
111,33,14,92.0,standard,2026-07-05T20:03:36Z
111,33,15,92.0,standard,2026-07-05T20:03:36Z
111,33,16,92.0,standard,2026-07-05T20:03:36Z
111,33,17,92.0,standard,2026-07-05T20:03:36Z
111,33,18,92.0,standard,2026-07-05T20:03:36Z
111,33,19,92.0,standard,2026-07-05T20:03:36Z
111,33,2,92.0,standard,2026-07-05T20:03:36Z
111,33,3,92.0,standard,2026-07-05T20:03:36Z
111,33,4,92.0,standard,2026-07-05T20:03:36Z
111,33,5,92.0,standard,2026-07-05T20:03:36Z
111,33,6,92.0,standard,2026-07-05T20:03:36Z
111,33,7,92.0,standard,2026-07-05T20:03:36Z
111,33,8,92.0,standard,2026-07-05T20:03:36Z
111,33,9,92.0,standard,2026-07-05T20:03:36Z
111,34,10,92.0,standard,2026-07-05T20:03:36Z
111,34,11,92.0,standard,2026-07-05T20:03:36Z
111,34,12,92.0,standard,2026-07-05T20:03:36Z
111,34,13,92.0,standard,2026-07-05T20:03:36Z
111,34,14,92.0,standard,2026-07-05T20:03:36Z
111,34,15,92.0,standard,2026-07-05T20:03:36Z
111,34,16,92.0,standard,2026-07-05T20:03:36Z
111,34,17,92.0,standard,2026-07-05T20:03:36Z
111,34,18,92.0,standard,2026-07-05T20:03:36Z
111,34,19,92.0,standard,2026-07-05T20:03:36Z
111,34,20,92.0,standard,2026-07-05T20:03:36Z
111,34,3,92.0,standard,2026-07-05T20:03:36Z
111,34,4,92.0,standard,2026-07-05T20:03:36Z
111,34,5,92.0,standard,2026-07-05T20:03:36Z
111,34,6,92.0,standard,2026-07-05T20:03:36Z
111,34,7,92.0,standard,2026-07-05T20:03:36Z
111,34,8,92.0,standard,2026-07-05T20:03:36Z
111,34,9,92.0,standard,2026-07-05T20:03:36Z
111,35,10,92.0,standard,2026-07-05T20:03:36Z
111,35,11,92.0,standard,2026-07-05T20:03:36Z
111,35,12,92.0,standard,2026-07-05T20:03:36Z
111,35,13,92.0,standard,2026-07-05T20:03:36Z
111,35,14,92.0,standard,2026-07-05T20:03:36Z
111,35,15,92.0,standard,2026-07-05T20:03:36Z
111,35,16,92.0,standard,2026-07-05T20:03:36Z
111,35,17,92.0,standard,2026-07-05T20:03:36Z
111,35,18,92.0,standard,2026-07-05T20:03:36Z
111,35,19,92.0,standard,2026-07-05T20:03:36Z
111,35,20,92.0,standard,2026-07-05T20:03:36Z
111,35,3,92.0,standard,2026-07-05T20:03:36Z
111,35,4,92.0,standard,2026-07-05T20:03:36Z
111,35,5,92.0,standard,2026-07-05T20:03:36Z
111,35,6,92.0,standard,2026-07-05T20:03:36Z
111,35,7,92.0,standard,2026-07-05T20:03:36Z
111,35,8,92.0,standard,2026-07-05T20:03:36Z
111,35,9,92.0,standard,2026-07-05T20:03:36Z
111,36,10,92.0,standard,2026-07-05T20:03:36Z
111,36,11,92.0,standard,2026-07-05T20:03:36Z
111,36,12,92.0,standard,2026-07-05T20:03:36Z
111,36,13,92.0,standard,2026-07-05T20:03:36Z
111,36,14,92.0,standard,2026-07-05T20:03:36Z
111,36,15,92.0,standard,2026-07-05T20:03:36Z
111,36,16,92.0,standard,2026-07-05T20:03:36Z
111,36,17,92.0,standard,2026-07-05T20:03:36Z
111,36,18,92.0,standard,2026-07-05T20:03:36Z
111,36,19,92.0,standard,2026-07-05T20:03:36Z
111,36,20,92.0,standard,2026-07-05T20:03:36Z
111,36,21,92.0,standard,2026-07-05T20:03:36Z
111,36,3,92.0,standard,2026-07-05T20:03:36Z
111,36,4,92.0,standard,2026-07-05T20:03:36Z
111,36,5,92.0,standard,2026-07-05T20:03:36Z
111,36,6,92.0,standard,2026-07-05T20:03:36Z
111,36,7,92.0,standard,2026-07-05T20:03:36Z
111,36,8,92.0,standard,2026-07-05T20:03:36Z
111,36,9,92.0,standard,2026-07-05T20:03:36Z
111,38,10,92.0,standard,2026-07-05T20:03:36Z
111,38,11,92.0,standard,2026-07-05T20:03:36Z
111,38,12,92.0,standard,2026-07-05T20:03:36Z
111,38,13,92.0,standard,2026-07-05T20:03:36Z
111,38,14,92.0,standard,2026-07-05T20:03:36Z
111,38,15,92.0,standard,2026-07-05T20:03:36Z
111,38,16,92.0,standard,2026-07-05T20:03:36Z
111,38,17,92.0,standard,2026-07-05T20:03:36Z
111,38,18,92.0,standard,2026-07-05T20:03:36Z
111,38,19,92.0,standard,2026-07-05T20:03:36Z
111,38,20,92.0,standard,2026-07-05T20:03:36Z
111,38,21,92.0,standard,2026-07-05T20:03:36Z
111,38,22,92.0,standard,2026-07-05T20:03:36Z
111,38,3,92.0,standard,2026-07-05T20:03:36Z
111,38,4,92.0,standard,2026-07-05T20:03:36Z
111,38,5,92.0,standard,2026-07-05T20:03:36Z
111,38,6,92.0,standard,2026-07-05T20:03:36Z
111,38,9,92.0,standard,2026-07-05T20:03:36Z
112,17,10,92.0,standard,2026-07-05T20:03:36Z
112,17,11,92.0,standard,2026-07-05T20:03:36Z
112,17,12,92.0,standard,2026-07-05T20:03:36Z
112,17,9,92.0,standard,2026-07-05T20:03:36Z
112,14,10,92.0,standard,2026-07-05T20:03:36Z
112,14,7,92.0,standard,2026-07-05T20:03:36Z
112,14,8,92.0,standard,2026-07-05T20:03:36Z
112,14,9,92.0,standard,2026-07-05T20:03:36Z
112,16,3,92.0,standard,2026-07-05T20:03:36Z
112,19,6,92.0,standard,2026-07-05T20:03:36Z
112,19,7,92.0,standard,2026-07-05T20:03:36Z
112,20,10,92.0,standard,2026-07-05T20:03:36Z
112,20,11,92.0,standard,2026-07-05T20:03:36Z
112,20,12,92.0,standard,2026-07-05T20:03:36Z
112,20,9,92.0,standard,2026-07-05T20:03:36Z
112,21,10,92.0,standard,2026-07-05T20:03:36Z
112,21,9,92.0,standard,2026-07-05T20:03:36Z
112,24,11,92.0,standard,2026-07-05T20:03:36Z
112,24,12,92.0,standard,2026-07-05T20:03:36Z
112,24,13,92.0,standard,2026-07-05T20:03:36Z
112,24,14,92.0,standard,2026-07-05T20:03:36Z
112,25,10,92.0,standard,2026-07-05T20:03:36Z
112,25,11,92.0,standard,2026-07-05T20:03:36Z
112,25,12,92.0,standard,2026-07-05T20:03:36Z
112,25,13,92.0,standard,2026-07-05T20:03:36Z
112,25,14,92.0,standard,2026-07-05T20:03:36Z
112,25,15,92.0,standard,2026-07-05T20:03:36Z
112,25,16,92.0,standard,2026-07-05T20:03:36Z
112,25,2,92.0,standard,2026-07-05T20:03:36Z
112,25,3,92.0,standard,2026-07-05T20:03:36Z
112,25,4,92.0,standard,2026-07-05T20:03:36Z
112,25,5,92.0,standard,2026-07-05T20:03:36Z
112,25,6,92.0,standard,2026-07-05T20:03:36Z
112,25,7,92.0,standard,2026-07-05T20:03:36Z
112,25,8,92.0,standard,2026-07-05T20:03:36Z
112,25,9,92.0,standard,2026-07-05T20:03:36Z
112,26,10,92.0,standard,2026-07-05T20:03:36Z
112,26,11,92.0,standard,2026-07-05T20:03:36Z
112,26,12,92.0,standard,2026-07-05T20:03:36Z
112,26,13,92.0,standard,2026-07-05T20:03:36Z
112,26,14,92.0,standard,2026-07-05T20:03:36Z
112,26,15,92.0,standard,2026-07-05T20:03:36Z
112,26,16,92.0,standard,2026-07-05T20:03:36Z
112,26,2,92.0,standard,2026-07-05T20:03:36Z
112,26,3,92.0,standard,2026-07-05T20:03:36Z
112,26,4,92.0,standard,2026-07-05T20:03:36Z
112,26,5,92.0,standard,2026-07-05T20:03:36Z
112,26,6,92.0,standard,2026-07-05T20:03:36Z
112,26,7,92.0,standard,2026-07-05T20:03:36Z
112,26,8,92.0,standard,2026-07-05T20:03:36Z
112,26,9,92.0,standard,2026-07-05T20:03:36Z
112,29,10,92.0,standard,2026-07-05T20:03:36Z
112,29,11,92.0,standard,2026-07-05T20:03:36Z
112,29,12,92.0,standard,2026-07-05T20:03:36Z
112,29,13,92.0,standard,2026-07-05T20:03:36Z
112,29,14,92.0,standard,2026-07-05T20:03:36Z
112,29,15,92.0,standard,2026-07-05T20:03:36Z
112,29,2,92.0,standard,2026-07-05T20:03:36Z
112,29,3,92.0,standard,2026-07-05T20:03:36Z
112,29,4,92.0,standard,2026-07-05T20:03:36Z
112,29,5,92.0,standard,2026-07-05T20:03:36Z
112,29,6,92.0,standard,2026-07-05T20:03:36Z
112,29,7,92.0,standard,2026-07-05T20:03:36Z
112,29,8,92.0,standard,2026-07-05T20:03:36Z
112,29,9,92.0,standard,2026-07-05T20:03:36Z
112,37,10,92.0,standard,2026-07-05T20:03:36Z
112,37,11,92.0,standard,2026-07-05T20:03:36Z
112,37,12,92.0,standard,2026-07-05T20:03:36Z
112,37,13,92.0,standard,2026-07-05T20:03:36Z
112,37,14,92.0,standard,2026-07-05T20:03:36Z
112,37,15,92.0,standard,2026-07-05T20:03:36Z
112,37,16,92.0,standard,2026-07-05T20:03:36Z
112,37,2,92.0,standard,2026-07-05T20:03:36Z
112,37,3,92.0,standard,2026-07-05T20:03:36Z
112,37,4,92.0,standard,2026-07-05T20:03:36Z
112,37,5,92.0,standard,2026-07-05T20:03:36Z
112,37,6,92.0,standard,2026-07-05T20:03:36Z
112,37,7,92.0,standard,2026-07-05T20:03:36Z
112,37,8,92.0,standard,2026-07-05T20:03:36Z
112,37,9,92.0,standard,2026-07-05T20:03:36Z
112,30,10,92.0,standard,2026-07-05T20:03:36Z
112,30,11,92.0,standard,2026-07-05T20:03:36Z
112,30,12,92.0,standard,2026-07-05T20:03:36Z
112,30,13,92.0,standard,2026-07-05T20:03:36Z
112,30,14,92.0,standard,2026-07-05T20:03:36Z
112,30,15,92.0,standard,2026-07-05T20:03:36Z
112,30,16,92.0,standard,2026-07-05T20:03:36Z
112,30,2,92.0,standard,2026-07-05T20:03:36Z
112,30,3,92.0,standard,2026-07-05T20:03:36Z
112,30,4,92.0,standard,2026-07-05T20:03:36Z
112,30,5,92.0,standard,2026-07-05T20:03:36Z
112,30,6,92.0,standard,2026-07-05T20:03:36Z
112,30,7,92.0,standard,2026-07-05T20:03:36Z
112,30,8,92.0,standard,2026-07-05T20:03:36Z
112,30,9,92.0,standard,2026-07-05T20:03:36Z
112,31,10,92.0,standard,2026-07-05T20:03:36Z
112,31,11,92.0,standard,2026-07-05T20:03:36Z
112,31,12,92.0,standard,2026-07-05T20:03:36Z
112,31,13,92.0,standard,2026-07-05T20:03:36Z
112,31,14,92.0,standard,2026-07-05T20:03:36Z
112,31,15,92.0,standard,2026-07-05T20:03:36Z
112,31,16,92.0,standard,2026-07-05T20:03:36Z
112,31,2,92.0,standard,2026-07-05T20:03:36Z
112,31,3,92.0,standard,2026-07-05T20:03:36Z
112,31,4,92.0,standard,2026-07-05T20:03:36Z
112,31,5,92.0,standard,2026-07-05T20:03:36Z
112,31,6,92.0,standard,2026-07-05T20:03:36Z
112,31,7,92.0,standard,2026-07-05T20:03:36Z
112,31,8,92.0,standard,2026-07-05T20:03:36Z
112,31,9,92.0,standard,2026-07-05T20:03:36Z
112,32,10,92.0,standard,2026-07-05T20:03:36Z
112,32,11,92.0,standard,2026-07-05T20:03:36Z
112,32,12,92.0,standard,2026-07-05T20:03:36Z
112,32,13,92.0,standard,2026-07-05T20:03:36Z
112,32,14,92.0,standard,2026-07-05T20:03:36Z
112,32,15,92.0,standard,2026-07-05T20:03:36Z
112,32,16,92.0,standard,2026-07-05T20:03:36Z
112,32,2,92.0,standard,2026-07-05T20:03:36Z
112,32,3,92.0,standard,2026-07-05T20:03:36Z
112,32,4,92.0,standard,2026-07-05T20:03:36Z
112,32,5,92.0,standard,2026-07-05T20:03:36Z
112,32,6,92.0,standard,2026-07-05T20:03:36Z
112,32,7,92.0,standard,2026-07-05T20:03:36Z
112,32,8,92.0,standard,2026-07-05T20:03:36Z
112,32,9,92.0,standard,2026-07-05T20:03:36Z
112,33,10,92.0,standard,2026-07-05T20:03:36Z
112,33,11,92.0,standard,2026-07-05T20:03:36Z
112,33,12,92.0,standard,2026-07-05T20:03:36Z
112,33,13,92.0,standard,2026-07-05T20:03:36Z
112,33,14,92.0,standard,2026-07-05T20:03:36Z
112,33,15,92.0,standard,2026-07-05T20:03:36Z
112,33,16,92.0,standard,2026-07-05T20:03:36Z
112,33,2,92.0,standard,2026-07-05T20:03:36Z
112,33,3,92.0,standard,2026-07-05T20:03:36Z
112,33,4,92.0,standard,2026-07-05T20:03:36Z
112,33,5,92.0,standard,2026-07-05T20:03:36Z
112,33,6,92.0,standard,2026-07-05T20:03:36Z
112,33,7,92.0,standard,2026-07-05T20:03:36Z
112,33,8,92.0,standard,2026-07-05T20:03:36Z
112,33,9,92.0,standard,2026-07-05T20:03:36Z
112,34,10,92.0,standard,2026-07-05T20:03:36Z
112,34,11,92.0,standard,2026-07-05T20:03:36Z
112,34,12,92.0,standard,2026-07-05T20:03:36Z
112,34,13,92.0,standard,2026-07-05T20:03:36Z
112,34,14,92.0,standard,2026-07-05T20:03:36Z
112,34,15,92.0,standard,2026-07-05T20:03:36Z
112,34,16,92.0,standard,2026-07-05T20:03:36Z
112,34,2,92.0,standard,2026-07-05T20:03:36Z
112,34,3,92.0,standard,2026-07-05T20:03:36Z
112,34,4,92.0,standard,2026-07-05T20:03:36Z
112,34,5,92.0,standard,2026-07-05T20:03:36Z
112,34,6,92.0,standard,2026-07-05T20:03:36Z
112,34,7,92.0,standard,2026-07-05T20:03:36Z
112,34,8,92.0,standard,2026-07-05T20:03:36Z
112,34,9,92.0,standard,2026-07-05T20:03:36Z
112,35,10,92.0,standard,2026-07-05T20:03:36Z
112,35,11,92.0,standard,2026-07-05T20:03:36Z
112,35,12,92.0,standard,2026-07-05T20:03:36Z
112,35,13,92.0,standard,2026-07-05T20:03:36Z
112,35,14,92.0,standard,2026-07-05T20:03:36Z
112,35,15,92.0,standard,2026-07-05T20:03:36Z
112,35,16,92.0,standard,2026-07-05T20:03:36Z
112,35,2,92.0,standard,2026-07-05T20:03:36Z
112,35,3,92.0,standard,2026-07-05T20:03:36Z
112,35,4,92.0,standard,2026-07-05T20:03:36Z
112,35,5,92.0,standard,2026-07-05T20:03:36Z
112,35,6,92.0,standard,2026-07-05T20:03:36Z
112,35,7,92.0,standard,2026-07-05T20:03:36Z
112,35,8,92.0,standard,2026-07-05T20:03:36Z
112,35,9,92.0,standard,2026-07-05T20:03:36Z
112,36,10,92.0,standard,2026-07-05T20:03:36Z
112,36,11,92.0,standard,2026-07-05T20:03:36Z
112,36,12,92.0,standard,2026-07-05T20:03:36Z
112,36,13,92.0,standard,2026-07-05T20:03:36Z
112,36,14,92.0,standard,2026-07-05T20:03:36Z
112,36,15,92.0,standard,2026-07-05T20:03:36Z
112,36,16,92.0,standard,2026-07-05T20:03:36Z
112,36,2,92.0,standard,2026-07-05T20:03:36Z
112,36,3,92.0,standard,2026-07-05T20:03:36Z
112,36,4,92.0,standard,2026-07-05T20:03:36Z
112,36,5,92.0,standard,2026-07-05T20:03:36Z
112,36,6,92.0,standard,2026-07-05T20:03:36Z
112,36,7,92.0,standard,2026-07-05T20:03:36Z
112,36,8,92.0,standard,2026-07-05T20:03:36Z
112,36,9,92.0,standard,2026-07-05T20:03:36Z
112,38,10,92.0,standard,2026-07-05T20:03:36Z
112,38,11,92.0,standard,2026-07-05T20:03:36Z
112,38,12,92.0,standard,2026-07-05T20:03:36Z
112,38,13,92.0,standard,2026-07-05T20:03:36Z
112,38,14,92.0,standard,2026-07-05T20:03:36Z
112,38,15,92.0,standard,2026-07-05T20:03:36Z
112,38,16,92.0,standard,2026-07-05T20:03:36Z
112,38,3,92.0,standard,2026-07-05T20:03:36Z
112,38,4,92.0,standard,2026-07-05T20:03:36Z
112,38,5,92.0,standard,2026-07-05T20:03:36Z
112,38,6,92.0,standard,2026-07-05T20:03:36Z
112,38,7,92.0,standard,2026-07-05T20:03:36Z
112,38,8,92.0,standard,2026-07-05T20:03:36Z
112,38,9,92.0,standard,2026-07-05T20:03:36Z
112,8,10,92.0,standard,2026-07-05T20:03:36Z
112,8,11,92.0,standard,2026-07-05T20:03:36Z
112,8,12,92.0,standard,2026-07-05T20:03:36Z
114,21,7,92.0,standard,2026-07-05T20:03:36Z
114,29,10,92.0,standard,2026-07-05T20:03:36Z
114,29,11,92.0,standard,2026-07-05T20:03:36Z
114,29,12,92.0,standard,2026-07-05T20:03:36Z
114,29,13,92.0,standard,2026-07-05T20:03:36Z
114,29,14,92.0,standard,2026-07-05T20:03:36Z
114,29,6,92.0,standard,2026-07-05T20:03:36Z
114,29,7,92.0,standard,2026-07-05T20:03:36Z
114,29,8,92.0,standard,2026-07-05T20:03:36Z
114,29,9,92.0,standard,2026-07-05T20:03:36Z
114,37,10,92.0,standard,2026-07-05T20:03:36Z
114,37,11,92.0,standard,2026-07-05T20:03:36Z
114,37,12,92.0,standard,2026-07-05T20:03:36Z
114,37,13,92.0,standard,2026-07-05T20:03:36Z
114,37,14,92.0,standard,2026-07-05T20:03:36Z
114,37,15,92.0,standard,2026-07-05T20:03:36Z
114,37,16,92.0,standard,2026-07-05T20:03:36Z
114,37,17,92.0,standard,2026-07-05T20:03:36Z
114,37,18,92.0,standard,2026-07-05T20:03:36Z
114,37,2,92.0,standard,2026-07-05T20:03:36Z
114,37,3,92.0,standard,2026-07-05T20:03:36Z
114,37,4,92.0,standard,2026-07-05T20:03:36Z
114,37,5,92.0,standard,2026-07-05T20:03:36Z
114,37,6,92.0,standard,2026-07-05T20:03:36Z
114,37,7,92.0,standard,2026-07-05T20:03:36Z
114,37,8,92.0,standard,2026-07-05T20:03:36Z
114,37,9,92.0,standard,2026-07-05T20:03:36Z
114,31,10,92.0,standard,2026-07-05T20:03:36Z
114,31,11,92.0,standard,2026-07-05T20:03:36Z
114,31,4,92.0,standard,2026-07-05T20:03:36Z
114,31,5,92.0,standard,2026-07-05T20:03:36Z
114,31,6,92.0,standard,2026-07-05T20:03:36Z
114,31,7,92.0,standard,2026-07-05T20:03:36Z
114,31,8,92.0,standard,2026-07-05T20:03:36Z
114,31,9,92.0,standard,2026-07-05T20:03:36Z
114,32,10,92.0,standard,2026-07-05T20:03:36Z
114,32,11,92.0,standard,2026-07-05T20:03:36Z
114,32,12,92.0,standard,2026-07-05T20:03:36Z
114,32,13,92.0,standard,2026-07-05T20:03:36Z
114,32,14,92.0,standard,2026-07-05T20:03:36Z
114,32,6,92.0,standard,2026-07-05T20:03:36Z
114,32,7,92.0,standard,2026-07-05T20:03:36Z
114,32,8,92.0,standard,2026-07-05T20:03:36Z
114,32,9,92.0,standard,2026-07-05T20:03:36Z
114,33,10,92.0,standard,2026-07-05T20:03:36Z
114,33,11,92.0,standard,2026-07-05T20:03:36Z
114,33,12,92.0,standard,2026-07-05T20:03:36Z
114,33,13,92.0,standard,2026-07-05T20:03:36Z
114,33,14,92.0,standard,2026-07-05T20:03:36Z
114,33,15,92.0,standard,2026-07-05T20:03:36Z
114,33,16,92.0,standard,2026-07-05T20:03:36Z
114,33,17,92.0,standard,2026-07-05T20:03:36Z
114,33,2,92.0,standard,2026-07-05T20:03:36Z
114,33,3,92.0,standard,2026-07-05T20:03:36Z
114,33,4,92.0,standard,2026-07-05T20:03:36Z
114,33,5,92.0,standard,2026-07-05T20:03:36Z
114,33,6,92.0,standard,2026-07-05T20:03:36Z
114,33,7,92.0,standard,2026-07-05T20:03:36Z
114,33,8,92.0,standard,2026-07-05T20:03:36Z
114,33,9,92.0,standard,2026-07-05T20:03:36Z
114,34,10,92.0,standard,2026-07-05T20:03:36Z
114,34,11,92.0,standard,2026-07-05T20:03:36Z
114,34,12,92.0,standard,2026-07-05T20:03:36Z
114,34,13,92.0,standard,2026-07-05T20:03:36Z
114,34,14,92.0,standard,2026-07-05T20:03:36Z
114,34,15,92.0,standard,2026-07-05T20:03:36Z
114,34,16,92.0,standard,2026-07-05T20:03:36Z
114,34,17,92.0,standard,2026-07-05T20:03:36Z
114,34,2,92.0,standard,2026-07-05T20:03:36Z
114,34,3,92.0,standard,2026-07-05T20:03:36Z
114,34,4,92.0,standard,2026-07-05T20:03:36Z
114,34,5,92.0,standard,2026-07-05T20:03:36Z
114,34,6,92.0,standard,2026-07-05T20:03:36Z
114,34,7,92.0,standard,2026-07-05T20:03:36Z
114,34,8,92.0,standard,2026-07-05T20:03:36Z
114,34,9,92.0,standard,2026-07-05T20:03:36Z
114,35,10,92.0,standard,2026-07-05T20:03:36Z
114,35,11,92.0,standard,2026-07-05T20:03:36Z
114,35,12,92.0,standard,2026-07-05T20:03:36Z
114,35,13,92.0,standard,2026-07-05T20:03:36Z
114,35,14,92.0,standard,2026-07-05T20:03:36Z
114,35,15,92.0,standard,2026-07-05T20:03:36Z
114,35,16,92.0,standard,2026-07-05T20:03:36Z
114,35,17,92.0,standard,2026-07-05T20:03:36Z
114,35,3,92.0,standard,2026-07-05T20:03:36Z
114,35,4,92.0,standard,2026-07-05T20:03:36Z
114,35,5,92.0,standard,2026-07-05T20:03:36Z
114,35,6,92.0,standard,2026-07-05T20:03:36Z
114,35,7,92.0,standard,2026-07-05T20:03:36Z
114,35,8,92.0,standard,2026-07-05T20:03:36Z
114,35,9,92.0,standard,2026-07-05T20:03:36Z
114,36,10,92.0,standard,2026-07-05T20:03:36Z
114,36,11,92.0,standard,2026-07-05T20:03:36Z
114,36,12,92.0,standard,2026-07-05T20:03:36Z
114,36,13,92.0,standard,2026-07-05T20:03:36Z
114,36,14,92.0,standard,2026-07-05T20:03:36Z
114,36,15,92.0,standard,2026-07-05T20:03:36Z
114,36,16,92.0,standard,2026-07-05T20:03:36Z
114,36,5,92.0,standard,2026-07-05T20:03:36Z
114,36,6,92.0,standard,2026-07-05T20:03:36Z
114,36,7,92.0,standard,2026-07-05T20:03:36Z
114,36,8,92.0,standard,2026-07-05T20:03:36Z
114,36,9,92.0,standard,2026-07-05T20:03:36Z
114,38,10,92.0,standard,2026-07-05T20:03:36Z
114,38,11,92.0,standard,2026-07-05T20:03:36Z
114,38,12,92.0,standard,2026-07-05T20:03:36Z
114,38,13,92.0,standard,2026-07-05T20:03:36Z
114,38,14,92.0,standard,2026-07-05T20:03:36Z
114,38,15,92.0,standard,2026-07-05T20:03:36Z
114,38,2,92.0,standard,2026-07-05T20:03:36Z
114,38,3,92.0,standard,2026-07-05T20:03:36Z
114,38,4,92.0,standard,2026-07-05T20:03:36Z
114,38,5,92.0,standard,2026-07-05T20:03:36Z
114,38,6,92.0,standard,2026-07-05T20:03:36Z
114,38,7,92.0,standard,2026-07-05T20:03:36Z
114,38,8,92.0,standard,2026-07-05T20:03:36Z
114,38,9,92.0,standard,2026-07-05T20:03:36Z
114,39,10,92.0,standard,2026-07-05T20:03:36Z
114,39,11,92.0,standard,2026-07-05T20:03:36Z
114,39,12,92.0,standard,2026-07-05T20:03:36Z
114,39,13,92.0,standard,2026-07-05T20:03:36Z
114,39,14,92.0,standard,2026-07-05T20:03:36Z
114,39,15,92.0,standard,2026-07-05T20:03:36Z
114,39,16,92.0,standard,2026-07-05T20:03:36Z
114,39,17,92.0,standard,2026-07-05T20:03:36Z
114,39,18,92.0,standard,2026-07-05T20:03:36Z
114,39,2,92.0,standard,2026-07-05T20:03:36Z
114,39,3,92.0,standard,2026-07-05T20:03:36Z
114,39,4,92.0,standard,2026-07-05T20:03:36Z
114,39,5,92.0,standard,2026-07-05T20:03:36Z
114,39,6,92.0,standard,2026-07-05T20:03:36Z
114,39,7,92.0,standard,2026-07-05T20:03:36Z
114,39,8,92.0,standard,2026-07-05T20:03:36Z
114,39,9,92.0,standard,2026-07-05T20:03:36Z
114,40,10,92.0,standard,2026-07-05T20:03:36Z
114,40,11,92.0,standard,2026-07-05T20:03:36Z
114,40,12,92.0,standard,2026-07-05T20:03:36Z
114,40,13,92.0,standard,2026-07-05T20:03:36Z
114,40,14,92.0,standard,2026-07-05T20:03:36Z
114,40,15,92.0,standard,2026-07-05T20:03:36Z
114,40,16,92.0,standard,2026-07-05T20:03:36Z
114,40,17,92.0,standard,2026-07-05T20:03:36Z
114,40,18,92.0,standard,2026-07-05T20:03:36Z
114,40,2,92.0,standard,2026-07-05T20:03:36Z
114,40,3,92.0,standard,2026-07-05T20:03:36Z
114,40,4,92.0,standard,2026-07-05T20:03:36Z
114,40,5,92.0,standard,2026-07-05T20:03:36Z
114,40,6,92.0,standard,2026-07-05T20:03:36Z
114,40,7,92.0,standard,2026-07-05T20:03:36Z
114,40,8,92.0,standard,2026-07-05T20:03:36Z
114,40,9,92.0,standard,2026-07-05T20:03:36Z
114,39,19,92.0,standard,2026-07-05T20:03:36Z
114,40,19,92.0,standard,2026-07-05T20:03:36Z
114,6,5,92.0,standard,2026-07-05T20:03:36Z
114,6,6,92.0,standard,2026-07-05T20:03:36Z
114,6,7,92.0,standard,2026-07-05T20:03:36Z
115,37,11,92.0,standard,2026-07-05T20:03:36Z
115,37,12,92.0,standard,2026-07-05T20:03:36Z
115,37,13,92.0,standard,2026-07-05T20:03:36Z
115,37,18,92.0,standard,2026-07-05T20:03:36Z
115,37,19,92.0,standard,2026-07-05T20:03:36Z
115,36,16,92.0,standard,2026-07-05T20:03:36Z
115,36,17,92.0,standard,2026-07-05T20:03:36Z
115,38,12,92.0,standard,2026-07-05T20:03:36Z
115,38,13,92.0,standard,2026-07-05T20:03:36Z
115,38,17,92.0,standard,2026-07-05T20:03:36Z
115,38,18,92.0,standard,2026-07-05T20:03:36Z
115,38,19,92.0,standard,2026-07-05T20:03:36Z
115,38,20,92.0,standard,2026-07-05T20:03:36Z
116,17,10,92.0,standard,2026-07-05T20:03:36Z
116,17,11,92.0,standard,2026-07-05T20:03:36Z
116,17,12,92.0,standard,2026-07-05T20:03:36Z
116,17,13,92.0,standard,2026-07-05T20:03:36Z
116,17,3,92.0,standard,2026-07-05T20:03:36Z
116,17,4,92.0,standard,2026-07-05T20:03:36Z
116,17,5,92.0,standard,2026-07-05T20:03:36Z
116,17,6,92.0,standard,2026-07-05T20:03:36Z
116,17,7,92.0,standard,2026-07-05T20:03:36Z
116,17,8,92.0,standard,2026-07-05T20:03:36Z
116,17,9,92.0,standard,2026-07-05T20:03:36Z
116,12,10,92.0,standard,2026-07-05T20:03:36Z
116,12,11,92.0,standard,2026-07-05T20:03:36Z
116,12,12,92.0,standard,2026-07-05T20:03:36Z
116,12,7,92.0,standard,2026-07-05T20:03:36Z
116,12,8,92.0,standard,2026-07-05T20:03:36Z
116,12,9,92.0,standard,2026-07-05T20:03:36Z
116,13,1,92.0,standard,2026-07-05T20:03:36Z
116,13,2,92.0,standard,2026-07-05T20:03:36Z
116,13,3,92.0,standard,2026-07-05T20:03:36Z
116,13,4,92.0,standard,2026-07-05T20:03:36Z
116,13,5,92.0,standard,2026-07-05T20:03:36Z
116,13,6,92.0,standard,2026-07-05T20:03:36Z
116,13,7,92.0,standard,2026-07-05T20:03:36Z
116,13,8,92.0,standard,2026-07-05T20:03:36Z
116,14,10,92.0,standard,2026-07-05T20:03:36Z
116,14,11,92.0,standard,2026-07-05T20:03:36Z
116,14,12,92.0,standard,2026-07-05T20:03:36Z
116,14,5,92.0,standard,2026-07-05T20:03:36Z
116,14,6,92.0,standard,2026-07-05T20:03:36Z
116,14,7,92.0,standard,2026-07-05T20:03:36Z
116,14,8,92.0,standard,2026-07-05T20:03:36Z
116,14,9,92.0,standard,2026-07-05T20:03:36Z
116,15,10,92.0,standard,2026-07-05T20:03:36Z
116,15,3,92.0,standard,2026-07-05T20:03:36Z
116,15,4,92.0,standard,2026-07-05T20:03:36Z
116,15,5,92.0,standard,2026-07-05T20:03:36Z
116,15,6,92.0,standard,2026-07-05T20:03:36Z
116,15,7,92.0,standard,2026-07-05T20:03:36Z
116,15,8,92.0,standard,2026-07-05T20:03:36Z
116,15,9,92.0,standard,2026-07-05T20:03:36Z
116,16,10,92.0,standard,2026-07-05T20:03:36Z
116,16,11,92.0,standard,2026-07-05T20:03:36Z
116,16,13,92.0,standard,2026-07-05T20:03:36Z
116,16,3,92.0,standard,2026-07-05T20:03:36Z
116,16,4,92.0,standard,2026-07-05T20:03:36Z
116,16,5,92.0,standard,2026-07-05T20:03:36Z
116,16,6,92.0,standard,2026-07-05T20:03:36Z
116,16,7,92.0,standard,2026-07-05T20:03:36Z
116,16,8,92.0,standard,2026-07-05T20:03:36Z
116,16,9,92.0,standard,2026-07-05T20:03:36Z
116,18,15,92.0,standard,2026-07-05T20:03:36Z
116,18,16,92.0,standard,2026-07-05T20:03:36Z
116,4,5,92.0,standard,2026-07-05T20:03:36Z
116,4,6,92.0,standard,2026-07-05T20:03:36Z
116,5,4,92.0,standard,2026-07-05T20:03:36Z
116,5,5,92.0,standard,2026-07-05T20:03:36Z
116,5,6,92.0,standard,2026-07-05T20:03:36Z
116,5,7,92.0,standard,2026-07-05T20:03:36Z
116,5,8,92.0,standard,2026-07-05T20:03:36Z
116,5,9,92.0,standard,2026-07-05T20:03:36Z
116,5,1,92.0,standard,2026-07-05T20:03:36Z
116,5,10,92.0,standard,2026-07-05T20:03:36Z
116,5,11,92.0,standard,2026-07-05T20:03:36Z
116,5,12,92.0,standard,2026-07-05T20:03:36Z
116,5,2,92.0,standard,2026-07-05T20:03:36Z
116,5,3,92.0,standard,2026-07-05T20:03:36Z
116,7,5,92.0,standard,2026-07-05T20:03:36Z
116,7,6,92.0,standard,2026-07-05T20:03:36Z
116,7,7,92.0,standard,2026-07-05T20:03:36Z
116,7,8,92.0,standard,2026-07-05T20:03:36Z
116,7,9,92.0,standard,2026-07-05T20:03:36Z
116,7,10,92.0,standard,2026-07-05T20:03:36Z
116,7,11,92.0,standard,2026-07-05T20:03:36Z
116,7,12,92.0,standard,2026-07-05T20:03:36Z
116,7,13,92.0,standard,2026-07-05T20:03:36Z
116,7,14,92.0,standard,2026-07-05T20:03:36Z
116,8,4,92.0,standard,2026-07-05T20:03:36Z
116,8,1,92.0,standard,2026-07-05T20:03:36Z
116,8,2,92.0,standard,2026-07-05T20:03:36Z
116,8,3,92.0,standard,2026-07-05T20:03:36Z
116,9,7,92.0,standard,2026-07-05T20:03:36Z
116,9,8,92.0,standard,2026-07-05T20:03:36Z
116,37,7,92.0,standard,2026-07-05T20:03:36Z
116,37,8,92.0,standard,2026-07-05T20:03:36Z
116,38,5,92.0,standard,2026-07-05T20:03:36Z
116,38,6,92.0,standard,2026-07-05T20:03:36Z
116,38,7,92.0,standard,2026-07-05T20:03:36Z
116,38,8,92.0,standard,2026-07-05T20:03:36Z
117,17,5,123.66,standard,2026-07-05T20:03:36Z
117,17,6,123.66,standard,2026-07-05T20:03:36Z
117,17,7,123.66,standard,2026-07-05T20:03:36Z
117,12,1,123.66,standard,2026-07-05T20:03:36Z
117,12,2,123.66,standard,2026-07-05T20:03:36Z
117,14,5,123.66,standard,2026-07-05T20:03:36Z
117,14,6,123.66,standard,2026-07-05T20:03:36Z
117,15,12,123.66,standard,2026-07-05T20:03:36Z
117,15,5,123.66,standard,2026-07-05T20:03:36Z
117,15,6,123.66,standard,2026-07-05T20:03:36Z
117,16,4,123.66,standard,2026-07-05T20:03:36Z
117,16,5,123.66,standard,2026-07-05T20:03:36Z
117,8,1,123.66,standard,2026-07-05T20:03:36Z
117,8,2,123.66,standard,2026-07-05T20:03:36Z
117,8,3,123.66,standard,2026-07-05T20:03:36Z
117,9,4,123.66,standard,2026-07-05T20:03:36Z
117,9,5,123.66,standard,2026-07-05T20:03:36Z
117,9,6,123.66,standard,2026-07-05T20:03:36Z
117,9,1,123.66,standard,2026-07-05T20:03:36Z
117,9,2,123.66,standard,2026-07-05T20:03:36Z
117,9,3,123.66,standard,2026-07-05T20:03:36Z
118,15,7,92.0,standard,2026-07-05T20:03:36Z
118,15,8,92.0,standard,2026-07-05T20:03:36Z
118,21,5,92.0,standard,2026-07-05T20:03:36Z
119,17,11,132.88,standard,2026-07-05T20:03:36Z
119,17,12,132.88,standard,2026-07-05T20:03:36Z
119,10,3,132.88,standard,2026-07-05T20:03:36Z
119,10,4,132.88,standard,2026-07-05T20:03:36Z
119,10,5,132.88,standard,2026-07-05T20:03:36Z
119,11,10,132.88,standard,2026-07-05T20:03:36Z
119,11,11,132.88,standard,2026-07-05T20:03:36Z
119,11,8,132.88,standard,2026-07-05T20:03:36Z
119,11,9,132.88,standard,2026-07-05T20:03:36Z
119,12,10,132.88,standard,2026-07-05T20:03:36Z
119,12,11,132.88,standard,2026-07-05T20:03:36Z
119,12,12,132.88,standard,2026-07-05T20:03:36Z
119,12,3,132.88,standard,2026-07-05T20:03:36Z
119,12,4,132.88,standard,2026-07-05T20:03:36Z
119,12,5,132.88,standard,2026-07-05T20:03:36Z
119,12,6,132.88,standard,2026-07-05T20:03:36Z
119,12,7,132.88,standard,2026-07-05T20:03:36Z
119,12,8,132.88,standard,2026-07-05T20:03:36Z
119,12,9,132.88,standard,2026-07-05T20:03:36Z
119,13,1,132.88,standard,2026-07-05T20:03:36Z
119,13,2,132.88,standard,2026-07-05T20:03:36Z
119,13,3,132.88,standard,2026-07-05T20:03:36Z
119,13,4,132.88,standard,2026-07-05T20:03:36Z
119,13,5,132.88,standard,2026-07-05T20:03:36Z
119,13,6,132.88,standard,2026-07-05T20:03:36Z
119,13,7,132.88,standard,2026-07-05T20:03:36Z
119,13,8,132.88,standard,2026-07-05T20:03:36Z
119,6,4,132.88,standard,2026-07-05T20:03:36Z
119,6,5,132.88,standard,2026-07-05T20:03:36Z
119,6,6,132.88,standard,2026-07-05T20:03:36Z
119,6,7,132.88,standard,2026-07-05T20:03:36Z
119,6,8,132.88,standard,2026-07-05T20:03:36Z
119,9,5,132.88,standard,2026-07-05T20:03:36Z
119,9,6,132.88,standard,2026-07-05T20:03:36Z
119,9,7,132.88,standard,2026-07-05T20:03:36Z
119,9,8,132.88,standard,2026-07-05T20:03:36Z
119,9,9,132.88,standard,2026-07-05T20:03:36Z
119,9,10,132.88,standard,2026-07-05T20:03:36Z
119,9,11,132.88,standard,2026-07-05T20:03:36Z
119,27,10,132.88,standard,2026-07-05T20:03:36Z
119,27,9,132.88,standard,2026-07-05T20:03:36Z
119,21,11,132.88,standard,2026-07-05T20:03:36Z
119,21,12,132.88,standard,2026-07-05T20:03:36Z
119,28,4,132.88,standard,2026-07-05T20:03:36Z
119,28,5,132.88,standard,2026-07-05T20:03:36Z
119,28,6,132.88,standard,2026-07-05T20:03:36Z
119,28,7,132.88,standard,2026-07-05T20:03:36Z
119,28,8,132.88,standard,2026-07-05T20:03:36Z
119,37,10,132.88,standard,2026-07-05T20:03:36Z
119,37,11,132.88,standard,2026-07-05T20:03:36Z
119,37,12,132.88,standard,2026-07-05T20:03:36Z
119,37,13,132.88,standard,2026-07-05T20:03:36Z
119,37,14,132.88,standard,2026-07-05T20:03:36Z
119,37,15,132.88,standard,2026-07-05T20:03:36Z
119,37,16,132.88,standard,2026-07-05T20:03:36Z
119,37,17,132.88,standard,2026-07-05T20:03:36Z
119,37,18,132.88,standard,2026-07-05T20:03:36Z
119,37,19,132.88,standard,2026-07-05T20:03:36Z
119,37,20,132.88,standard,2026-07-05T20:03:36Z
119,37,21,132.88,standard,2026-07-05T20:03:36Z
119,37,3,132.88,standard,2026-07-05T20:03:36Z
119,37,4,132.88,standard,2026-07-05T20:03:36Z
119,37,5,132.88,standard,2026-07-05T20:03:36Z
119,37,6,132.88,standard,2026-07-05T20:03:36Z
119,37,7,132.88,standard,2026-07-05T20:03:36Z
119,37,8,132.88,standard,2026-07-05T20:03:36Z
119,37,9,132.88,standard,2026-07-05T20:03:36Z
119,33,10,132.88,standard,2026-07-05T20:03:36Z
119,33,11,132.88,standard,2026-07-05T20:03:36Z
119,33,2,132.88,standard,2026-07-05T20:03:36Z
119,33,7,132.88,standard,2026-07-05T20:03:36Z
119,33,8,132.88,standard,2026-07-05T20:03:36Z
119,33,9,132.88,standard,2026-07-05T20:03:36Z
119,34,10,132.88,standard,2026-07-05T20:03:36Z
119,34,11,132.88,standard,2026-07-05T20:03:36Z
119,34,12,132.88,standard,2026-07-05T20:03:36Z
119,34,13,132.88,standard,2026-07-05T20:03:36Z
119,34,14,132.88,standard,2026-07-05T20:03:36Z
119,34,15,132.88,standard,2026-07-05T20:03:36Z
119,34,16,132.88,standard,2026-07-05T20:03:36Z
119,34,17,132.88,standard,2026-07-05T20:03:36Z
119,34,18,132.88,standard,2026-07-05T20:03:36Z
119,34,19,132.88,standard,2026-07-05T20:03:36Z
119,34,20,132.88,standard,2026-07-05T20:03:36Z
119,34,3,132.88,standard,2026-07-05T20:03:36Z
119,34,4,132.88,standard,2026-07-05T20:03:36Z
119,34,5,132.88,standard,2026-07-05T20:03:36Z
119,34,6,132.88,standard,2026-07-05T20:03:36Z
119,34,7,132.88,standard,2026-07-05T20:03:36Z
119,34,8,132.88,standard,2026-07-05T20:03:36Z
119,34,9,132.88,standard,2026-07-05T20:03:36Z
119,35,10,132.88,standard,2026-07-05T20:03:36Z
119,35,11,132.88,standard,2026-07-05T20:03:36Z
119,35,12,132.88,standard,2026-07-05T20:03:36Z
119,35,13,132.88,standard,2026-07-05T20:03:36Z
119,35,14,132.88,standard,2026-07-05T20:03:36Z
119,35,15,132.88,standard,2026-07-05T20:03:36Z
119,35,16,132.88,standard,2026-07-05T20:03:36Z
119,35,17,132.88,standard,2026-07-05T20:03:36Z
119,35,18,132.88,standard,2026-07-05T20:03:36Z
119,35,19,132.88,standard,2026-07-05T20:03:36Z
119,35,20,132.88,standard,2026-07-05T20:03:36Z
119,35,8,132.88,standard,2026-07-05T20:03:36Z
119,35,9,132.88,standard,2026-07-05T20:03:36Z
119,36,10,132.88,standard,2026-07-05T20:03:36Z
119,36,11,132.88,standard,2026-07-05T20:03:36Z
119,36,12,132.88,standard,2026-07-05T20:03:36Z
119,36,13,132.88,standard,2026-07-05T20:03:36Z
119,36,14,132.88,standard,2026-07-05T20:03:36Z
119,36,15,132.88,standard,2026-07-05T20:03:36Z
119,36,16,132.88,standard,2026-07-05T20:03:36Z
119,36,17,132.88,standard,2026-07-05T20:03:36Z
119,36,18,132.88,standard,2026-07-05T20:03:36Z
119,36,19,132.88,standard,2026-07-05T20:03:36Z
119,36,20,132.88,standard,2026-07-05T20:03:36Z
119,36,21,132.88,standard,2026-07-05T20:03:36Z
119,36,3,132.88,standard,2026-07-05T20:03:36Z
119,36,4,132.88,standard,2026-07-05T20:03:36Z
119,36,5,132.88,standard,2026-07-05T20:03:36Z
119,36,6,132.88,standard,2026-07-05T20:03:36Z
119,36,7,132.88,standard,2026-07-05T20:03:36Z
119,36,8,132.88,standard,2026-07-05T20:03:36Z
119,36,9,132.88,standard,2026-07-05T20:03:36Z
119,38,10,132.88,standard,2026-07-05T20:03:36Z
119,38,11,132.88,standard,2026-07-05T20:03:36Z
119,38,12,132.88,standard,2026-07-05T20:03:36Z
119,38,13,132.88,standard,2026-07-05T20:03:36Z
119,38,14,132.88,standard,2026-07-05T20:03:36Z
119,38,15,132.88,standard,2026-07-05T20:03:36Z
119,38,16,132.88,standard,2026-07-05T20:03:36Z
119,38,17,132.88,standard,2026-07-05T20:03:36Z
119,38,18,132.88,standard,2026-07-05T20:03:36Z
119,38,19,132.88,standard,2026-07-05T20:03:36Z
119,38,20,132.88,standard,2026-07-05T20:03:36Z
119,38,21,132.88,standard,2026-07-05T20:03:36Z
119,38,3,132.88,standard,2026-07-05T20:03:36Z
119,38,4,132.88,standard,2026-07-05T20:03:36Z
119,38,8,132.88,standard,2026-07-05T20:03:36Z
119,38,9,132.88,standard,2026-07-05T20:03:36Z
119,4,7,132.88,standard,2026-07-05T20:03:36Z
119,4,8,132.88,standard,2026-07-05T20:03:36Z
119,4,9,132.88,standard,2026-07-05T20:03:36Z
120,13,1,132.88,standard,2026-07-05T20:03:36Z
120,13,2,132.88,standard,2026-07-05T20:03:36Z
120,14,4,132.88,standard,2026-07-05T20:03:36Z
120,14,5,132.88,standard,2026-07-05T20:03:36Z
120,2,4,132.88,standard,2026-07-05T20:03:36Z
120,3,5,132.88,standard,2026-07-05T20:03:36Z
120,3,6,132.88,standard,2026-07-05T20:03:36Z
120,5,4,132.88,standard,2026-07-05T20:03:36Z
120,5,5,132.88,standard,2026-07-05T20:03:36Z
120,6,5,132.88,standard,2026-07-05T20:03:36Z
120,6,6,132.88,standard,2026-07-05T20:03:36Z
120,6,7,132.88,standard,2026-07-05T20:03:36Z
120,6,8,132.88,standard,2026-07-05T20:03:36Z
120,22,5,132.88,standard,2026-07-05T20:03:36Z
120,22,6,132.88,standard,2026-07-05T20:03:36Z
120,22,7,132.88,standard,2026-07-05T20:03:36Z
120,22,8,132.88,standard,2026-07-05T20:03:36Z
120,37,10,132.88,standard,2026-07-05T20:03:36Z
120,37,11,132.88,standard,2026-07-05T20:03:36Z
120,37,12,132.88,standard,2026-07-05T20:03:36Z
120,37,2,132.88,standard,2026-07-05T20:03:36Z
120,37,3,132.88,standard,2026-07-05T20:03:36Z
120,37,4,132.88,standard,2026-07-05T20:03:36Z
120,37,5,132.88,standard,2026-07-05T20:03:36Z
120,37,6,132.88,standard,2026-07-05T20:03:36Z
120,37,7,132.88,standard,2026-07-05T20:03:36Z
120,37,8,132.88,standard,2026-07-05T20:03:36Z
120,37,9,132.88,standard,2026-07-05T20:03:36Z
120,33,8,132.88,standard,2026-07-05T20:03:36Z
120,33,9,132.88,standard,2026-07-05T20:03:36Z
120,35,10,132.88,standard,2026-07-05T20:03:36Z
120,35,11,132.88,standard,2026-07-05T20:03:36Z
120,35,2,132.88,standard,2026-07-05T20:03:36Z
120,35,3,132.88,standard,2026-07-05T20:03:36Z
120,35,4,132.88,standard,2026-07-05T20:03:36Z
120,35,5,132.88,standard,2026-07-05T20:03:36Z
120,35,6,132.88,standard,2026-07-05T20:03:36Z
120,35,7,132.88,standard,2026-07-05T20:03:36Z
120,35,8,132.88,standard,2026-07-05T20:03:36Z
120,35,9,132.88,standard,2026-07-05T20:03:36Z
120,36,10,132.88,standard,2026-07-05T20:03:36Z
120,36,11,132.88,standard,2026-07-05T20:03:36Z
120,36,12,132.88,standard,2026-07-05T20:03:36Z
120,36,2,132.88,standard,2026-07-05T20:03:36Z
120,36,3,132.88,standard,2026-07-05T20:03:36Z
120,36,4,132.88,standard,2026-07-05T20:03:36Z
120,36,5,132.88,standard,2026-07-05T20:03:36Z
120,36,6,132.88,standard,2026-07-05T20:03:36Z
120,36,7,132.88,standard,2026-07-05T20:03:36Z
120,36,8,132.88,standard,2026-07-05T20:03:36Z
120,36,9,132.88,standard,2026-07-05T20:03:36Z
120,38,10,132.88,standard,2026-07-05T20:03:36Z
120,38,11,132.88,standard,2026-07-05T20:03:36Z
120,38,12,132.88,standard,2026-07-05T20:03:36Z
120,38,2,132.88,standard,2026-07-05T20:03:36Z
120,38,3,132.88,standard,2026-07-05T20:03:36Z
120,38,4,132.88,standard,2026-07-05T20:03:36Z
120,38,5,132.88,standard,2026-07-05T20:03:36Z
120,38,6,132.88,standard,2026-07-05T20:03:36Z
120,38,7,132.88,standard,2026-07-05T20:03:36Z
120,38,8,132.88,standard,2026-07-05T20:03:36Z
120,38,9,132.88,standard,2026-07-05T20:03:36Z
120,39,10,132.88,standard,2026-07-05T20:03:36Z
120,39,11,132.88,standard,2026-07-05T20:03:36Z
120,39,2,132.88,standard,2026-07-05T20:03:36Z
120,39,3,132.88,standard,2026-07-05T20:03:36Z
120,39,4,132.88,standard,2026-07-05T20:03:36Z
120,39,5,132.88,standard,2026-07-05T20:03:36Z
120,39,6,132.88,standard,2026-07-05T20:03:36Z
120,39,7,132.88,standard,2026-07-05T20:03:36Z
120,39,8,132.88,standard,2026-07-05T20:03:36Z
120,39,9,132.88,standard,2026-07-05T20:03:36Z
120,40,4,132.88,standard,2026-07-05T20:03:36Z
120,40,5,132.88,standard,2026-07-05T20:03:36Z
120,40,6,132.88,standard,2026-07-05T20:03:36Z
120,40,7,132.88,standard,2026-07-05T20:03:36Z
120,40,8,132.88,standard,2026-07-05T20:03:36Z
120,40,9,132.88,standard,2026-07-05T20:03:36Z
120,39,12,132.88,standard,2026-07-05T20:03:36Z
121,13,8,132.88,standard,2026-07-05T20:03:36Z
121,37,10,132.88,standard,2026-07-05T20:03:36Z
121,37,2,132.88,standard,2026-07-05T20:03:36Z
121,37,3,132.88,standard,2026-07-05T20:03:36Z
121,37,4,132.88,standard,2026-07-05T20:03:36Z
121,37,5,132.88,standard,2026-07-05T20:03:36Z
121,37,6,132.88,standard,2026-07-05T20:03:36Z
121,37,7,132.88,standard,2026-07-05T20:03:36Z
121,37,8,132.88,standard,2026-07-05T20:03:36Z
121,37,9,132.88,standard,2026-07-05T20:03:36Z
121,32,8,132.88,standard,2026-07-05T20:03:36Z
121,36,2,132.88,standard,2026-07-05T20:03:36Z
121,36,3,132.88,standard,2026-07-05T20:03:36Z
121,36,4,132.88,standard,2026-07-05T20:03:36Z
121,36,5,132.88,standard,2026-07-05T20:03:36Z
121,36,6,132.88,standard,2026-07-05T20:03:36Z
121,36,7,132.88,standard,2026-07-05T20:03:36Z
121,38,10,132.88,standard,2026-07-05T20:03:36Z
121,38,11,132.88,standard,2026-07-05T20:03:36Z
121,38,12,132.88,standard,2026-07-05T20:03:36Z
121,38,2,132.88,standard,2026-07-05T20:03:36Z
121,38,3,132.88,standard,2026-07-05T20:03:36Z
121,38,4,132.88,standard,2026-07-05T20:03:36Z
121,38,5,132.88,standard,2026-07-05T20:03:36Z
121,38,6,132.88,standard,2026-07-05T20:03:36Z
121,38,7,132.88,standard,2026-07-05T20:03:36Z
121,38,8,132.88,standard,2026-07-05T20:03:36Z
121,38,9,132.88,standard,2026-07-05T20:03:36Z
121,39,2,132.88,standard,2026-07-05T20:03:36Z
121,39,3,132.88,standard,2026-07-05T20:03:36Z
121,39,4,132.88,standard,2026-07-05T20:03:36Z
121,39,5,132.88,standard,2026-07-05T20:03:36Z
121,39,6,132.88,standard,2026-07-05T20:03:36Z
121,39,7,132.88,standard,2026-07-05T20:03:36Z
121,39,1,132.88,standard,2026-07-05T20:03:36Z
121,9,5,132.88,standard,2026-07-05T20:03:36Z
121,9,6,132.88,standard,2026-07-05T20:03:36Z
121,9,7,132.88,standard,2026-07-05T20:03:36Z
121,9,8,132.88,standard,2026-07-05T20:03:36Z
122,17,7,132.88,standard,2026-07-05T20:03:36Z
122,17,8,132.88,standard,2026-07-05T20:03:36Z
122,16,6,132.88,standard,2026-07-05T20:03:36Z
122,16,7,132.88,standard,2026-07-05T20:03:36Z
122,16,8,132.88,standard,2026-07-05T20:03:36Z
122,37,10,132.88,standard,2026-07-05T20:03:36Z
122,37,3,132.88,standard,2026-07-05T20:03:36Z
122,37,4,132.88,standard,2026-07-05T20:03:36Z
122,37,5,132.88,standard,2026-07-05T20:03:36Z
122,37,6,132.88,standard,2026-07-05T20:03:36Z
122,37,7,132.88,standard,2026-07-05T20:03:36Z
122,37,8,132.88,standard,2026-07-05T20:03:36Z
122,37,9,132.88,standard,2026-07-05T20:03:36Z
122,32,3,132.88,standard,2026-07-05T20:03:36Z
122,32,4,132.88,standard,2026-07-05T20:03:36Z
122,34,4,132.88,standard,2026-07-05T20:03:36Z
122,34,5,132.88,standard,2026-07-05T20:03:36Z
122,34,6,132.88,standard,2026-07-05T20:03:36Z
122,36,10,132.88,standard,2026-07-05T20:03:36Z
122,36,4,132.88,standard,2026-07-05T20:03:36Z
122,36,5,132.88,standard,2026-07-05T20:03:36Z
122,36,6,132.88,standard,2026-07-05T20:03:36Z
122,36,7,132.88,standard,2026-07-05T20:03:36Z
122,36,8,132.88,standard,2026-07-05T20:03:36Z
122,36,9,132.88,standard,2026-07-05T20:03:36Z
122,38,6,132.88,standard,2026-07-05T20:03:36Z
122,38,7,132.88,standard,2026-07-05T20:03:36Z
122,38,8,132.88,standard,2026-07-05T20:03:36Z
122,38,9,132.88,standard,2026-07-05T20:03:36Z
122,40,3,132.88,standard,2026-07-05T20:03:36Z
122,40,4,132.88,standard,2026-07-05T20:03:36Z
122,40,5,132.88,standard,2026-07-05T20:03:36Z
122,40,6,132.88,standard,2026-07-05T20:03:36Z
122,40,7,132.88,standard,2026-07-05T20:03:36Z
122,40,8,132.88,standard,2026-07-05T20:03:36Z
122,40,9,132.88,standard,2026-07-05T20:03:36Z
123,19,7,132.88,standard,2026-07-05T20:03:36Z
123,19,8,132.88,standard,2026-07-05T20:03:36Z
123,23,3,132.88,standard,2026-07-05T20:03:36Z
123,23,4,132.88,standard,2026-07-05T20:03:36Z
123,36,3,132.88,standard,2026-07-05T20:03:36Z
123,36,4,132.88,standard,2026-07-05T20:03:36Z
123,36,5,132.88,standard,2026-07-05T20:03:36Z
123,36,6,132.88,standard,2026-07-05T20:03:36Z
123,36,7,132.88,standard,2026-07-05T20:03:36Z
123,38,10,132.88,standard,2026-07-05T20:03:36Z
123,38,5,132.88,standard,2026-07-05T20:03:36Z
123,38,6,132.88,standard,2026-07-05T20:03:36Z
123,38,7,132.88,standard,2026-07-05T20:03:36Z
123,38,8,132.88,standard,2026-07-05T20:03:36Z
123,38,9,132.88,standard,2026-07-05T20:03:36Z
123,39,5,132.88,standard,2026-07-05T20:03:36Z
123,39,6,132.88,standard,2026-07-05T20:03:36Z
123,39,7,132.88,standard,2026-07-05T20:03:36Z
123,40,4,132.88,standard,2026-07-05T20:03:36Z
123,40,5,132.88,standard,2026-07-05T20:03:36Z
123,40,8,132.88,standard,2026-07-05T20:03:36Z
123,40,9,132.88,standard,2026-07-05T20:03:36Z
124,16,7,132.88,standard,2026-07-05T20:03:36Z
124,16,8,132.88,standard,2026-07-05T20:03:36Z
124,18,7,132.88,standard,2026-07-05T20:03:36Z
124,18,8,132.88,standard,2026-07-05T20:03:36Z
124,35,5,132.88,standard,2026-07-05T20:03:36Z
124,35,6,132.88,standard,2026-07-05T20:03:36Z
124,35,7,132.88,standard,2026-07-05T20:03:36Z
124,36,3,132.88,standard,2026-07-05T20:03:36Z
124,36,4,132.88,standard,2026-07-05T20:03:36Z
124,36,5,132.88,standard,2026-07-05T20:03:36Z
124,36,6,132.88,standard,2026-07-05T20:03:36Z
124,38,4,132.88,standard,2026-07-05T20:03:36Z
124,38,5,132.88,standard,2026-07-05T20:03:36Z
124,38,6,132.88,standard,2026-07-05T20:03:36Z
124,38,7,132.88,standard,2026-07-05T20:03:36Z
124,38,8,132.88,standard,2026-07-05T20:03:36Z
124,39,10,132.88,standard,2026-07-05T20:03:36Z
124,39,4,132.88,standard,2026-07-05T20:03:36Z
124,39,5,132.88,standard,2026-07-05T20:03:36Z
124,39,6,132.88,standard,2026-07-05T20:03:36Z
124,39,7,132.88,standard,2026-07-05T20:03:36Z
124,39,8,132.88,standard,2026-07-05T20:03:36Z
124,39,9,132.88,standard,2026-07-05T20:03:36Z
124,40,4,132.88,standard,2026-07-05T20:03:36Z
124,40,5,132.88,standard,2026-07-05T20:03:36Z
125,15,10,132.88,standard,2026-07-05T20:03:36Z
125,15,7,132.88,standard,2026-07-05T20:03:36Z
125,15,8,132.88,standard,2026-07-05T20:03:36Z
125,15,9,132.88,standard,2026-07-05T20:03:36Z
125,22,10,132.88,standard,2026-07-05T20:03:36Z
125,22,9,132.88,standard,2026-07-05T20:03:36Z
125,34,5,132.88,standard,2026-07-05T20:03:36Z
125,34,6,132.88,standard,2026-07-05T20:03:36Z
125,35,5,132.88,standard,2026-07-05T20:03:36Z
125,35,6,132.88,standard,2026-07-05T20:03:36Z
125,35,7,132.88,standard,2026-07-05T20:03:36Z
125,38,10,132.88,standard,2026-07-05T20:03:36Z
125,38,11,132.88,standard,2026-07-05T20:03:36Z
125,38,4,132.88,standard,2026-07-05T20:03:36Z
125,38,5,132.88,standard,2026-07-05T20:03:36Z
125,38,6,132.88,standard,2026-07-05T20:03:36Z
125,38,7,132.88,standard,2026-07-05T20:03:36Z
125,38,8,132.88,standard,2026-07-05T20:03:36Z
125,38,9,132.88,standard,2026-07-05T20:03:36Z
125,39,10,132.88,standard,2026-07-05T20:03:36Z
125,39,3,132.88,standard,2026-07-05T20:03:36Z
125,39,4,132.88,standard,2026-07-05T20:03:36Z
125,39,5,132.88,standard,2026-07-05T20:03:36Z
125,39,6,132.88,standard,2026-07-05T20:03:36Z
125,39,7,132.88,standard,2026-07-05T20:03:36Z
125,39,8,132.88,standard,2026-07-05T20:03:36Z
125,39,9,132.88,standard,2026-07-05T20:03:36Z
125,40,10,132.88,standard,2026-07-05T20:03:36Z
125,40,11,132.88,standard,2026-07-05T20:03:36Z
125,40,12,132.88,standard,2026-07-05T20:03:36Z
125,40,2,132.88,standard,2026-07-05T20:03:36Z
125,40,3,132.88,standard,2026-07-05T20:03:36Z
125,40,4,132.88,standard,2026-07-05T20:03:36Z
125,40,5,132.88,standard,2026-07-05T20:03:36Z
125,40,6,132.88,standard,2026-07-05T20:03:36Z
125,40,7,132.88,standard,2026-07-05T20:03:36Z
125,40,8,132.88,standard,2026-07-05T20:03:36Z
125,40,9,132.88,standard,2026-07-05T20:03:36Z
126,28,1,132.88,standard,2026-07-05T20:03:36Z
126,28,2,132.88,standard,2026-07-05T20:03:36Z
126,37,10,132.88,standard,2026-07-05T20:03:36Z
126,37,11,132.88,standard,2026-07-05T20:03:36Z
126,37,8,132.88,standard,2026-07-05T20:03:36Z
126,37,9,132.88,standard,2026-07-05T20:03:36Z
126,36,10,132.88,standard,2026-07-05T20:03:36Z
126,36,11,132.88,standard,2026-07-05T20:03:36Z
126,36,8,132.88,standard,2026-07-05T20:03:36Z
126,36,9,132.88,standard,2026-07-05T20:03:36Z
126,38,10,132.88,standard,2026-07-05T20:03:36Z
126,38,11,132.88,standard,2026-07-05T20:03:36Z
126,38,12,132.88,standard,2026-07-05T20:03:36Z
126,38,3,132.88,standard,2026-07-05T20:03:36Z
126,38,4,132.88,standard,2026-07-05T20:03:36Z
126,38,5,132.88,standard,2026-07-05T20:03:36Z
126,38,6,132.88,standard,2026-07-05T20:03:36Z
126,38,7,132.88,standard,2026-07-05T20:03:36Z
126,38,8,132.88,standard,2026-07-05T20:03:36Z
126,38,9,132.88,standard,2026-07-05T20:03:36Z
126,39,10,132.88,standard,2026-07-05T20:03:36Z
126,39,11,132.88,standard,2026-07-05T20:03:36Z
126,39,12,132.88,standard,2026-07-05T20:03:36Z
126,39,13,132.88,standard,2026-07-05T20:03:36Z
126,39,14,132.88,standard,2026-07-05T20:03:36Z
126,39,3,132.88,standard,2026-07-05T20:03:36Z
126,39,4,132.88,standard,2026-07-05T20:03:36Z
126,39,5,132.88,standard,2026-07-05T20:03:36Z
126,39,6,132.88,standard,2026-07-05T20:03:36Z
126,39,7,132.88,standard,2026-07-05T20:03:36Z
126,39,8,132.88,standard,2026-07-05T20:03:36Z
126,39,9,132.88,standard,2026-07-05T20:03:36Z
126,40,10,132.88,standard,2026-07-05T20:03:36Z
126,40,11,132.88,standard,2026-07-05T20:03:36Z
126,40,12,132.88,standard,2026-07-05T20:03:36Z
126,40,3,132.88,standard,2026-07-05T20:03:36Z
126,40,4,132.88,standard,2026-07-05T20:03:36Z
126,40,5,132.88,standard,2026-07-05T20:03:36Z
126,40,6,132.88,standard,2026-07-05T20:03:36Z
126,40,7,132.88,standard,2026-07-05T20:03:36Z
126,40,8,132.88,standard,2026-07-05T20:03:36Z
126,40,9,132.88,standard,2026-07-05T20:03:36Z
127,13,5,132.88,standard,2026-07-05T20:03:36Z
127,13,6,132.88,standard,2026-07-05T20:03:36Z
127,14,10,132.88,standard,2026-07-05T20:03:36Z
127,14,11,132.88,standard,2026-07-05T20:03:36Z
127,23,3,132.88,standard,2026-07-05T20:03:36Z
127,23,4,132.88,standard,2026-07-05T20:03:36Z
127,37,10,132.88,standard,2026-07-05T20:03:36Z
127,37,11,132.88,standard,2026-07-05T20:03:36Z
127,37,5,132.88,standard,2026-07-05T20:03:36Z
127,37,6,132.88,standard,2026-07-05T20:03:36Z
127,37,7,132.88,standard,2026-07-05T20:03:36Z
127,37,8,132.88,standard,2026-07-05T20:03:36Z
127,37,9,132.88,standard,2026-07-05T20:03:36Z
127,38,5,132.88,standard,2026-07-05T20:03:36Z
127,38,6,132.88,standard,2026-07-05T20:03:36Z
127,38,7,132.88,standard,2026-07-05T20:03:36Z
127,38,8,132.88,standard,2026-07-05T20:03:36Z
127,38,9,132.88,standard,2026-07-05T20:03:36Z
127,39,10,132.88,standard,2026-07-05T20:03:36Z
127,39,11,132.88,standard,2026-07-05T20:03:36Z
127,39,12,132.88,standard,2026-07-05T20:03:36Z
127,39,4,132.88,standard,2026-07-05T20:03:36Z
127,39,5,132.88,standard,2026-07-05T20:03:36Z
127,39,6,132.88,standard,2026-07-05T20:03:36Z
127,39,7,132.88,standard,2026-07-05T20:03:36Z
127,39,8,132.88,standard,2026-07-05T20:03:36Z
127,39,9,132.88,standard,2026-07-05T20:03:36Z
127,40,4,132.88,standard,2026-07-05T20:03:36Z
127,40,5,132.88,standard,2026-07-05T20:03:36Z
127,40,6,132.88,standard,2026-07-05T20:03:36Z
127,40,7,132.88,standard,2026-07-05T20:03:36Z
127,40,8,132.88,standard,2026-07-05T20:03:36Z
128,25,5,132.88,standard,2026-07-05T20:03:36Z
128,25,6,132.88,standard,2026-07-05T20:03:36Z
128,39,5,132.88,standard,2026-07-05T20:03:36Z
128,39,6,132.88,standard,2026-07-05T20:03:36Z
128,39,7,132.88,standard,2026-07-05T20:03:36Z
128,40,10,132.88,standard,2026-07-05T20:03:36Z
128,40,11,132.88,standard,2026-07-05T20:03:36Z
128,40,12,132.88,standard,2026-07-05T20:03:36Z
128,40,13,132.88,standard,2026-07-05T20:03:36Z
128,40,14,132.88,standard,2026-07-05T20:03:36Z
128,40,15,132.88,standard,2026-07-05T20:03:36Z
128,40,3,132.88,standard,2026-07-05T20:03:36Z
128,40,4,132.88,standard,2026-07-05T20:03:36Z
128,40,5,132.88,standard,2026-07-05T20:03:36Z
128,40,6,132.88,standard,2026-07-05T20:03:36Z
128,40,7,132.88,standard,2026-07-05T20:03:36Z
128,40,8,132.88,standard,2026-07-05T20:03:36Z
128,40,9,132.88,standard,2026-07-05T20:03:36Z
128,41,10,132.88,standard,2026-07-05T20:03:36Z
128,41,11,132.88,standard,2026-07-05T20:03:36Z
128,41,12,132.88,standard,2026-07-05T20:03:36Z
128,41,13,132.88,standard,2026-07-05T20:03:36Z
128,41,9,132.88,standard,2026-07-05T20:03:36Z
129,15,17,132.88,standard,2026-07-05T20:03:36Z
129,15,18,132.88,standard,2026-07-05T20:03:36Z
129,37,14,132.88,standard,2026-07-05T20:03:36Z
129,37,15,132.88,standard,2026-07-05T20:03:36Z
129,38,5,132.88,standard,2026-07-05T20:03:36Z
129,38,6,132.88,standard,2026-07-05T20:03:36Z
129,38,7,132.88,standard,2026-07-05T20:03:36Z
129,41,4,132.88,standard,2026-07-05T20:03:36Z
129,41,5,132.88,standard,2026-07-05T20:03:36Z
129,42,4,132.88,standard,2026-07-05T20:03:36Z
129,42,5,132.88,standard,2026-07-05T20:03:36Z
129,42,6,132.88,standard,2026-07-05T20:03:36Z
129,42,7,132.88,standard,2026-07-05T20:03:36Z
129,42,8,132.88,standard,2026-07-05T20:03:36Z
131,17,5,132.88,standard,2026-07-05T20:03:36Z
131,17,6,132.88,standard,2026-07-05T20:03:36Z
131,25,8,132.88,standard,2026-07-05T20:03:36Z
131,25,9,132.88,standard,2026-07-05T20:03:36Z
131,37,3,132.88,standard,2026-07-05T20:03:36Z
131,37,4,132.88,standard,2026-07-05T20:03:36Z
131,37,5,132.88,standard,2026-07-05T20:03:36Z
131,37,6,132.88,standard,2026-07-05T20:03:36Z
131,40,12,132.88,standard,2026-07-05T20:03:36Z
131,40,13,132.88,standard,2026-07-05T20:03:36Z
131,40,14,132.88,standard,2026-07-05T20:03:36Z
131,40,15,132.88,standard,2026-07-05T20:03:36Z
131,41,10,132.88,standard,2026-07-05T20:03:36Z
131,41,11,132.88,standard,2026-07-05T20:03:36Z
131,41,12,132.88,standard,2026-07-05T20:03:36Z
131,41,13,132.88,standard,2026-07-05T20:03:36Z
131,41,14,132.88,standard,2026-07-05T20:03:36Z
131,41,9,132.88,standard,2026-07-05T20:03:36Z
131,42,10,132.88,standard,2026-07-05T20:03:36Z
131,42,11,132.88,standard,2026-07-05T20:03:36Z
131,42,12,132.88,standard,2026-07-05T20:03:36Z
131,42,13,132.88,standard,2026-07-05T20:03:36Z
131,42,9,132.88,standard,2026-07-05T20:03:36Z
132,15,7,132.88,standard,2026-07-05T20:03:36Z
132,15,8,132.88,standard,2026-07-05T20:03:36Z
132,29,7,132.88,standard,2026-07-05T20:03:36Z
132,29,8,132.88,standard,2026-07-05T20:03:36Z
132,31,3,132.88,standard,2026-07-05T20:03:36Z
132,31,4,132.88,standard,2026-07-05T20:03:36Z
132,32,3,132.88,standard,2026-07-05T20:03:36Z
132,32,4,132.88,standard,2026-07-05T20:03:36Z
132,39,10,132.88,standard,2026-07-05T20:03:36Z
132,39,11,132.88,standard,2026-07-05T20:03:36Z
132,39,12,132.88,standard,2026-07-05T20:03:36Z
132,39,13,132.88,standard,2026-07-05T20:03:36Z
132,39,14,132.88,standard,2026-07-05T20:03:36Z
132,39,15,132.88,standard,2026-07-05T20:03:36Z
132,39,6,132.88,standard,2026-07-05T20:03:36Z
132,39,7,132.88,standard,2026-07-05T20:03:36Z
132,39,8,132.88,standard,2026-07-05T20:03:36Z
132,39,9,132.88,standard,2026-07-05T20:03:36Z
132,40,10,132.88,standard,2026-07-05T20:03:36Z
132,40,11,132.88,standard,2026-07-05T20:03:36Z
132,40,12,132.88,standard,2026-07-05T20:03:36Z
132,40,13,132.88,standard,2026-07-05T20:03:36Z
132,40,14,132.88,standard,2026-07-05T20:03:36Z
132,40,8,132.88,standard,2026-07-05T20:03:36Z
132,40,9,132.88,standard,2026-07-05T20:03:36Z
132,41,4,132.88,standard,2026-07-05T20:03:36Z
132,41,5,132.88,standard,2026-07-05T20:03:36Z
132,41,6,132.88,standard,2026-07-05T20:03:36Z
132,41,7,132.88,standard,2026-07-05T20:03:36Z
132,42,4,132.88,standard,2026-07-05T20:03:36Z
132,42,5,132.88,standard,2026-07-05T20:03:36Z
132,42,6,132.88,standard,2026-07-05T20:03:36Z
132,42,7,132.88,standard,2026-07-05T20:03:36Z
133,18,2,132.88,standard,2026-07-05T20:03:36Z
133,18,3,132.88,standard,2026-07-05T20:03:36Z
133,18,4,132.88,standard,2026-07-05T20:03:36Z
133,19,6,132.88,standard,2026-07-05T20:03:36Z
133,22,5,132.88,standard,2026-07-05T20:03:36Z
133,22,6,132.88,standard,2026-07-05T20:03:36Z
133,25,7,132.88,standard,2026-07-05T20:03:36Z
133,25,8,132.88,standard,2026-07-05T20:03:36Z
133,37,10,132.88,standard,2026-07-05T20:03:36Z
133,37,11,132.88,standard,2026-07-05T20:03:36Z
133,37,12,132.88,standard,2026-07-05T20:03:36Z
133,38,10,132.88,standard,2026-07-05T20:03:36Z
133,38,11,132.88,standard,2026-07-05T20:03:36Z
133,38,12,132.88,standard,2026-07-05T20:03:36Z
133,40,10,132.88,standard,2026-07-05T20:03:36Z
133,40,11,132.88,standard,2026-07-05T20:03:36Z
133,40,8,132.88,standard,2026-07-05T20:03:36Z
133,40,9,132.88,standard,2026-07-05T20:03:36Z
134,19,5,132.88,standard,2026-07-05T20:03:36Z
134,19,6,132.88,standard,2026-07-05T20:03:36Z
134,25,7,132.88,standard,2026-07-05T20:03:36Z
134,25,8,132.88,standard,2026-07-05T20:03:36Z
134,25,9,132.88,standard,2026-07-05T20:03:36Z
134,26,7,132.88,standard,2026-07-05T20:03:36Z
134,26,8,132.88,standard,2026-07-05T20:03:36Z
134,39,10,132.88,standard,2026-07-05T20:03:36Z
134,39,11,132.88,standard,2026-07-05T20:03:36Z
134,39,12,132.88,standard,2026-07-05T20:03:36Z
134,39,13,132.88,standard,2026-07-05T20:03:36Z
134,39,14,132.88,standard,2026-07-05T20:03:36Z
134,39,15,132.88,standard,2026-07-05T20:03:36Z
134,39,16,132.88,standard,2026-07-05T20:03:36Z
134,39,4,132.88,standard,2026-07-05T20:03:36Z
134,39,5,132.88,standard,2026-07-05T20:03:36Z
134,39,6,132.88,standard,2026-07-05T20:03:36Z
134,39,7,132.88,standard,2026-07-05T20:03:36Z
134,39,8,132.88,standard,2026-07-05T20:03:36Z
134,39,9,132.88,standard,2026-07-05T20:03:36Z
134,40,12,132.88,standard,2026-07-05T20:03:36Z
134,40,13,132.88,standard,2026-07-05T20:03:36Z
134,40,14,132.88,standard,2026-07-05T20:03:36Z
134,40,15,132.88,standard,2026-07-05T20:03:36Z
134,40,3,132.88,standard,2026-07-05T20:03:36Z
134,40,4,132.88,standard,2026-07-05T20:03:36Z
134,40,5,132.88,standard,2026-07-05T20:03:36Z
134,40,6,132.88,standard,2026-07-05T20:03:36Z
134,40,7,132.88,standard,2026-07-05T20:03:36Z
134,39,17,132.88,standard,2026-07-05T20:03:36Z
134,41A,14,132.88,standard,2026-07-05T20:03:36Z
135,17,3,132.88,standard,2026-07-05T20:03:36Z
135,19,5,132.88,standard,2026-07-05T20:03:36Z
135,19,6,132.88,standard,2026-07-05T20:03:36Z
135,19,7,132.88,standard,2026-07-05T20:03:36Z
135,19,8,132.88,standard,2026-07-05T20:03:36Z
135,22,7,132.88,standard,2026-07-05T20:03:36Z
135,22,8,132.88,standard,2026-07-05T20:03:36Z
135,22,9,132.88,standard,2026-07-05T20:03:36Z
135,35,5,132.88,standard,2026-07-05T20:03:36Z
135,35,6,132.88,standard,2026-07-05T20:03:36Z
135,35,7,132.88,standard,2026-07-05T20:03:36Z
135,38,7,132.88,standard,2026-07-05T20:03:36Z
135,38,8,132.88,standard,2026-07-05T20:03:36Z
135,38,9,132.88,standard,2026-07-05T20:03:36Z
135,39,10,132.88,standard,2026-07-05T20:03:36Z
135,39,11,132.88,standard,2026-07-05T20:03:36Z
135,39,12,132.88,standard,2026-07-05T20:03:36Z
135,40,5,132.88,standard,2026-07-05T20:03:36Z
135,40,6,132.88,standard,2026-07-05T20:03:36Z
135,40,7,132.88,standard,2026-07-05T20:03:36Z
135,40,8,132.88,standard,2026-07-05T20:03:36Z
135,40,9,132.88,standard,2026-07-05T20:03:36Z
135,41A,1,132.88,standard,2026-07-05T20:03:36Z
136,26,6,132.88,standard,2026-07-05T20:03:36Z
136,26,7,132.88,standard,2026-07-05T20:03:36Z
136,40,4,132.88,standard,2026-07-05T20:03:36Z
136,40,5,132.88,standard,2026-07-05T20:03:36Z
136,41A,3,132.88,standard,2026-07-05T20:03:36Z
137,37,5,132.88,standard,2026-07-05T20:03:36Z
137,37,6,132.88,standard,2026-07-05T20:03:36Z
137,38,3,132.88,standard,2026-07-05T20:03:36Z
137,38,6,132.88,standard,2026-07-05T20:03:36Z
137,38,7,132.88,standard,2026-07-05T20:03:36Z
137,39,6,132.88,standard,2026-07-05T20:03:36Z
137,39,7,132.88,standard,2026-07-05T20:03:36Z
137,39,8,132.88,standard,2026-07-05T20:03:36Z
138,19,10,132.88,standard,2026-07-05T20:03:36Z
138,26,11,132.88,standard,2026-07-05T20:03:36Z
138,26,12,132.88,standard,2026-07-05T20:03:36Z
138,35,5,132.88,standard,2026-07-05T20:03:36Z
138,35,6,132.88,standard,2026-07-05T20:03:36Z
138,38,4,132.88,standard,2026-07-05T20:03:36Z
138,38,5,132.88,standard,2026-07-05T20:03:36Z
138,38,6,132.88,standard,2026-07-05T20:03:36Z
138,39,5,132.88,standard,2026-07-05T20:03:36Z
138,39,6,132.88,standard,2026-07-05T20:03:36Z
138,40,5,132.88,standard,2026-07-05T20:03:36Z
138,40,6,132.88,standard,2026-07-05T20:03:36Z
139,29,10,132.88,standard,2026-07-05T20:03:36Z
139,29,11,132.88,standard,2026-07-05T20:03:36Z
139,29,9,132.88,standard,2026-07-05T20:03:36Z
139,37,10,132.88,standard,2026-07-05T20:03:36Z
139,37,5,132.88,standard,2026-07-05T20:03:36Z
139,37,6,132.88,standard,2026-07-05T20:03:36Z
139,37,7,132.88,standard,2026-07-05T20:03:36Z
139,37,8,132.88,standard,2026-07-05T20:03:36Z
139,37,9,132.88,standard,2026-07-05T20:03:36Z
139,34,7,132.88,standard,2026-07-05T20:03:36Z
139,36,7,132.88,standard,2026-07-05T20:03:36Z
139,36,8,132.88,standard,2026-07-05T20:03:36Z
139,38,4,132.88,standard,2026-07-05T20:03:36Z
139,38,5,132.88,standard,2026-07-05T20:03:36Z
139,38,6,132.88,standard,2026-07-05T20:03:36Z
139,38,7,132.88,standard,2026-07-05T20:03:36Z
139,38,8,132.88,standard,2026-07-05T20:03:36Z
139,39,10,132.88,standard,2026-07-05T20:03:36Z
139,39,5,132.88,standard,2026-07-05T20:03:36Z
139,39,6,132.88,standard,2026-07-05T20:03:36Z
139,39,7,132.88,standard,2026-07-05T20:03:36Z
139,39,8,132.88,standard,2026-07-05T20:03:36Z
139,39,9,132.88,standard,2026-07-05T20:03:36Z
139,41,1,132.88,standard,2026-07-05T20:03:36Z
139,41A,7,132.88,standard,2026-07-05T20:03:36Z
140,10,11,132.88,standard,2026-07-05T20:03:36Z
140,10,12,132.88,standard,2026-07-05T20:03:36Z
140,12,3,132.88,standard,2026-07-05T20:03:36Z
140,12,4,132.88,standard,2026-07-05T20:03:36Z
140,8,7,132.88,standard,2026-07-05T20:03:36Z
140,8,8,132.88,standard,2026-07-05T20:03:36Z
140,8,9,132.88,standard,2026-07-05T20:03:36Z
140,27,7,132.88,standard,2026-07-05T20:03:36Z
140,27,8,132.88,standard,2026-07-05T20:03:36Z
140,27,9,132.88,standard,2026-07-05T20:03:36Z
140,22,5,132.88,standard,2026-07-05T20:03:36Z
140,22,6,132.88,standard,2026-07-05T20:03:36Z
140,22,7,132.88,standard,2026-07-05T20:03:36Z
140,23,6,132.88,standard,2026-07-05T20:03:36Z
140,23,7,132.88,standard,2026-07-05T20:03:36Z
140,23,8,132.88,standard,2026-07-05T20:03:36Z
140,24,7,132.88,standard,2026-07-05T20:03:36Z
140,24,8,132.88,standard,2026-07-05T20:03:36Z
140,25,10,132.88,standard,2026-07-05T20:03:36Z
140,25,2,132.88,standard,2026-07-05T20:03:36Z
140,25,3,132.88,standard,2026-07-05T20:03:36Z
140,25,4,132.88,standard,2026-07-05T20:03:36Z
140,25,9,132.88,standard,2026-07-05T20:03:36Z
140,26,3,132.88,standard,2026-07-05T20:03:36Z
140,26,4,132.88,standard,2026-07-05T20:03:36Z
140,28,8,132.88,standard,2026-07-05T20:03:36Z
140,28,9,132.88,standard,2026-07-05T20:03:36Z
140,37,10,132.88,standard,2026-07-05T20:03:36Z
140,37,11,132.88,standard,2026-07-05T20:03:36Z
140,37,12,132.88,standard,2026-07-05T20:03:36Z
140,37,2,132.88,standard,2026-07-05T20:03:36Z
140,37,3,132.88,standard,2026-07-05T20:03:36Z
140,37,4,132.88,standard,2026-07-05T20:03:36Z
140,37,5,132.88,standard,2026-07-05T20:03:36Z
140,37,6,132.88,standard,2026-07-05T20:03:36Z
140,37,7,132.88,standard,2026-07-05T20:03:36Z
140,37,8,132.88,standard,2026-07-05T20:03:36Z
140,37,9,132.88,standard,2026-07-05T20:03:36Z
140,30,6,132.88,standard,2026-07-05T20:03:36Z
140,30,7,132.88,standard,2026-07-05T20:03:36Z
140,30,8,132.88,standard,2026-07-05T20:03:36Z
140,33,10,132.88,standard,2026-07-05T20:03:36Z
140,33,11,132.88,standard,2026-07-05T20:03:36Z
140,33,12,132.88,standard,2026-07-05T20:03:36Z
140,34,1,132.88,standard,2026-07-05T20:03:36Z
140,34,2,132.88,standard,2026-07-05T20:03:36Z
140,34,3,132.88,standard,2026-07-05T20:03:36Z
140,34,4,132.88,standard,2026-07-05T20:03:36Z
140,34,5,132.88,standard,2026-07-05T20:03:36Z
140,35,10,132.88,standard,2026-07-05T20:03:36Z
140,35,11,132.88,standard,2026-07-05T20:03:36Z
140,35,12,132.88,standard,2026-07-05T20:03:36Z
140,35,6,132.88,standard,2026-07-05T20:03:36Z
140,35,7,132.88,standard,2026-07-05T20:03:36Z
140,35,8,132.88,standard,2026-07-05T20:03:36Z
140,35,9,132.88,standard,2026-07-05T20:03:36Z
140,36,10,132.88,standard,2026-07-05T20:03:36Z
140,36,11,132.88,standard,2026-07-05T20:03:36Z
140,36,12,132.88,standard,2026-07-05T20:03:36Z
140,36,5,132.88,standard,2026-07-05T20:03:36Z
140,36,6,132.88,standard,2026-07-05T20:03:36Z
140,36,7,132.88,standard,2026-07-05T20:03:36Z
140,36,8,132.88,standard,2026-07-05T20:03:36Z
140,36,9,132.88,standard,2026-07-05T20:03:36Z
140,38,10,132.88,standard,2026-07-05T20:03:36Z
140,38,11,132.88,standard,2026-07-05T20:03:36Z
140,38,12,132.88,standard,2026-07-05T20:03:36Z
140,38,2,132.88,standard,2026-07-05T20:03:36Z
140,38,3,132.88,standard,2026-07-05T20:03:36Z
140,38,4,132.88,standard,2026-07-05T20:03:36Z
140,38,5,132.88,standard,2026-07-05T20:03:36Z
140,38,6,132.88,standard,2026-07-05T20:03:36Z
140,38,7,132.88,standard,2026-07-05T20:03:36Z
140,38,8,132.88,standard,2026-07-05T20:03:36Z
140,38,9,132.88,standard,2026-07-05T20:03:36Z
140,39,10,132.88,standard,2026-07-05T20:03:36Z
140,39,11,132.88,standard,2026-07-05T20:03:36Z
140,39,2,132.88,standard,2026-07-05T20:03:36Z
140,39,3,132.88,standard,2026-07-05T20:03:36Z
140,39,4,132.88,standard,2026-07-05T20:03:36Z
140,39,5,132.88,standard,2026-07-05T20:03:36Z
140,39,6,132.88,standard,2026-07-05T20:03:36Z
140,39,7,132.88,standard,2026-07-05T20:03:36Z
140,39,8,132.88,standard,2026-07-05T20:03:36Z
140,39,9,132.88,standard,2026-07-05T20:03:36Z
140,40,10,132.88,standard,2026-07-05T20:03:36Z
140,40,11,132.88,standard,2026-07-05T20:03:36Z
140,40,6,132.88,standard,2026-07-05T20:03:36Z
140,40,7,132.88,standard,2026-07-05T20:03:36Z
140,40,8,132.88,standard,2026-07-05T20:03:36Z
140,40,9,132.88,standard,2026-07-05T20:03:36Z
140,39,12,132.88,standard,2026-07-05T20:03:36Z
141,17,10,132.88,standard,2026-07-05T20:03:36Z
141,17,11,132.88,standard,2026-07-05T20:03:36Z
141,17,12,132.88,standard,2026-07-05T20:03:36Z
141,17,13,132.88,standard,2026-07-05T20:03:36Z
141,17,6,132.88,standard,2026-07-05T20:03:36Z
141,17,7,132.88,standard,2026-07-05T20:03:36Z
141,17,8,132.88,standard,2026-07-05T20:03:36Z
141,17,9,132.88,standard,2026-07-05T20:03:36Z
141,11,6,132.88,standard,2026-07-05T20:03:36Z
141,11,7,132.88,standard,2026-07-05T20:03:36Z
141,11,8,132.88,standard,2026-07-05T20:03:36Z
141,11,9,132.88,standard,2026-07-05T20:03:36Z
141,12,3,132.88,standard,2026-07-05T20:03:36Z
141,12,4,132.88,standard,2026-07-05T20:03:36Z
141,12,5,132.88,standard,2026-07-05T20:03:36Z
141,12,6,132.88,standard,2026-07-05T20:03:36Z
141,12,7,132.88,standard,2026-07-05T20:03:36Z
141,12,8,132.88,standard,2026-07-05T20:03:36Z
141,16,10,132.88,standard,2026-07-05T20:03:36Z
141,16,11,132.88,standard,2026-07-05T20:03:36Z
141,16,12,132.88,standard,2026-07-05T20:03:36Z
141,16,6,132.88,standard,2026-07-05T20:03:36Z
141,16,7,132.88,standard,2026-07-05T20:03:36Z
141,16,8,132.88,standard,2026-07-05T20:03:36Z
141,16,9,132.88,standard,2026-07-05T20:03:36Z
141,2,5,132.88,standard,2026-07-05T20:03:36Z
141,2,6,132.88,standard,2026-07-05T20:03:36Z
141,2,7,132.88,standard,2026-07-05T20:03:36Z
141,2,8,132.88,standard,2026-07-05T20:03:36Z
141,22,11,132.88,standard,2026-07-05T20:03:36Z
141,22,12,132.88,standard,2026-07-05T20:03:36Z
141,22,13,132.88,standard,2026-07-05T20:03:36Z
141,22,14,132.88,standard,2026-07-05T20:03:36Z
141,24,10,132.88,standard,2026-07-05T20:03:36Z
141,24,11,132.88,standard,2026-07-05T20:03:36Z
141,24,12,132.88,standard,2026-07-05T20:03:36Z
141,24,13,132.88,standard,2026-07-05T20:03:36Z
141,24,14,132.88,standard,2026-07-05T20:03:36Z
141,24,5,132.88,standard,2026-07-05T20:03:36Z
141,24,6,132.88,standard,2026-07-05T20:03:36Z
141,24,9,132.88,standard,2026-07-05T20:03:36Z
141,28,10,132.88,standard,2026-07-05T20:03:36Z
141,28,11,132.88,standard,2026-07-05T20:03:36Z
141,28,12,132.88,standard,2026-07-05T20:03:36Z
141,28,13,132.88,standard,2026-07-05T20:03:36Z
141,28,14,132.88,standard,2026-07-05T20:03:36Z
141,28,15,132.88,standard,2026-07-05T20:03:36Z
141,28,16,132.88,standard,2026-07-05T20:03:36Z
141,28,17,132.88,standard,2026-07-05T20:03:36Z
141,28,3,132.88,standard,2026-07-05T20:03:36Z
141,28,4,132.88,standard,2026-07-05T20:03:36Z
141,28,5,132.88,standard,2026-07-05T20:03:36Z
141,28,6,132.88,standard,2026-07-05T20:03:36Z
141,28,7,132.88,standard,2026-07-05T20:03:36Z
141,28,8,132.88,standard,2026-07-05T20:03:36Z
141,28,9,132.88,standard,2026-07-05T20:03:36Z
141,29,10,132.88,standard,2026-07-05T20:03:36Z
141,29,11,132.88,standard,2026-07-05T20:03:36Z
141,29,12,132.88,standard,2026-07-05T20:03:36Z
141,29,13,132.88,standard,2026-07-05T20:03:36Z
141,29,14,132.88,standard,2026-07-05T20:03:36Z
141,29,15,132.88,standard,2026-07-05T20:03:36Z
141,29,16,132.88,standard,2026-07-05T20:03:36Z
141,29,17,132.88,standard,2026-07-05T20:03:36Z
141,29,7,132.88,standard,2026-07-05T20:03:36Z
141,29,8,132.88,standard,2026-07-05T20:03:36Z
141,29,9,132.88,standard,2026-07-05T20:03:36Z
141,37,10,132.88,standard,2026-07-05T20:03:36Z
141,37,11,132.88,standard,2026-07-05T20:03:36Z
141,37,12,132.88,standard,2026-07-05T20:03:36Z
141,37,13,132.88,standard,2026-07-05T20:03:36Z
141,37,14,132.88,standard,2026-07-05T20:03:36Z
141,37,15,132.88,standard,2026-07-05T20:03:36Z
141,37,16,132.88,standard,2026-07-05T20:03:36Z
141,37,17,132.88,standard,2026-07-05T20:03:36Z
141,37,18,132.88,standard,2026-07-05T20:03:36Z
141,37,19,132.88,standard,2026-07-05T20:03:36Z
141,37,20,132.88,standard,2026-07-05T20:03:36Z
141,37,21,132.88,standard,2026-07-05T20:03:36Z
141,37,3,132.88,standard,2026-07-05T20:03:36Z
141,37,4,132.88,standard,2026-07-05T20:03:36Z
141,37,5,132.88,standard,2026-07-05T20:03:36Z
141,37,6,132.88,standard,2026-07-05T20:03:36Z
141,37,7,132.88,standard,2026-07-05T20:03:36Z
141,37,8,132.88,standard,2026-07-05T20:03:36Z
141,37,9,132.88,standard,2026-07-05T20:03:36Z
141,31,10,132.88,standard,2026-07-05T20:03:36Z
141,31,11,132.88,standard,2026-07-05T20:03:36Z
141,31,12,132.88,standard,2026-07-05T20:03:36Z
141,31,13,132.88,standard,2026-07-05T20:03:36Z
141,31,14,132.88,standard,2026-07-05T20:03:36Z
141,31,15,132.88,standard,2026-07-05T20:03:36Z
141,31,16,132.88,standard,2026-07-05T20:03:36Z
141,31,17,132.88,standard,2026-07-05T20:03:36Z
141,31,18,132.88,standard,2026-07-05T20:03:36Z
141,31,19,132.88,standard,2026-07-05T20:03:36Z
141,31,20,132.88,standard,2026-07-05T20:03:36Z
141,31,3,132.88,standard,2026-07-05T20:03:36Z
141,31,4,132.88,standard,2026-07-05T20:03:36Z
141,31,5,132.88,standard,2026-07-05T20:03:36Z
141,31,6,132.88,standard,2026-07-05T20:03:36Z
141,31,7,132.88,standard,2026-07-05T20:03:36Z
141,31,8,132.88,standard,2026-07-05T20:03:36Z
141,31,9,132.88,standard,2026-07-05T20:03:36Z
141,32,10,132.88,standard,2026-07-05T20:03:36Z
141,32,11,132.88,standard,2026-07-05T20:03:36Z
141,32,12,132.88,standard,2026-07-05T20:03:36Z
141,32,13,132.88,standard,2026-07-05T20:03:36Z
141,32,14,132.88,standard,2026-07-05T20:03:36Z
141,32,15,132.88,standard,2026-07-05T20:03:36Z
141,32,16,132.88,standard,2026-07-05T20:03:36Z
141,32,17,132.88,standard,2026-07-05T20:03:36Z
141,32,18,132.88,standard,2026-07-05T20:03:36Z
141,32,19,132.88,standard,2026-07-05T20:03:36Z
141,32,20,132.88,standard,2026-07-05T20:03:36Z
141,32,5,132.88,standard,2026-07-05T20:03:36Z
141,32,6,132.88,standard,2026-07-05T20:03:36Z
141,32,7,132.88,standard,2026-07-05T20:03:36Z
141,32,8,132.88,standard,2026-07-05T20:03:36Z
141,32,9,132.88,standard,2026-07-05T20:03:36Z
141,33,10,132.88,standard,2026-07-05T20:03:36Z
141,33,11,132.88,standard,2026-07-05T20:03:36Z
141,33,12,132.88,standard,2026-07-05T20:03:36Z
141,33,13,132.88,standard,2026-07-05T20:03:36Z
141,33,14,132.88,standard,2026-07-05T20:03:36Z
141,33,15,132.88,standard,2026-07-05T20:03:36Z
141,33,16,132.88,standard,2026-07-05T20:03:36Z
141,33,17,132.88,standard,2026-07-05T20:03:36Z
141,33,18,132.88,standard,2026-07-05T20:03:36Z
141,33,19,132.88,standard,2026-07-05T20:03:36Z
141,33,20,132.88,standard,2026-07-05T20:03:36Z
141,33,3,132.88,standard,2026-07-05T20:03:36Z
141,33,4,132.88,standard,2026-07-05T20:03:36Z
141,33,5,132.88,standard,2026-07-05T20:03:36Z
141,33,6,132.88,standard,2026-07-05T20:03:36Z
141,33,7,132.88,standard,2026-07-05T20:03:36Z
141,33,8,132.88,standard,2026-07-05T20:03:36Z
141,33,9,132.88,standard,2026-07-05T20:03:36Z
141,34,10,132.88,standard,2026-07-05T20:03:36Z
141,34,11,132.88,standard,2026-07-05T20:03:36Z
141,34,12,132.88,standard,2026-07-05T20:03:36Z
141,34,13,132.88,standard,2026-07-05T20:03:36Z
141,34,14,132.88,standard,2026-07-05T20:03:36Z
141,34,15,132.88,standard,2026-07-05T20:03:36Z
141,34,16,132.88,standard,2026-07-05T20:03:36Z
141,34,17,132.88,standard,2026-07-05T20:03:36Z
141,34,18,132.88,standard,2026-07-05T20:03:36Z
141,34,19,132.88,standard,2026-07-05T20:03:36Z
141,34,20,132.88,standard,2026-07-05T20:03:36Z
141,34,3,132.88,standard,2026-07-05T20:03:36Z
141,34,4,132.88,standard,2026-07-05T20:03:36Z
141,34,5,132.88,standard,2026-07-05T20:03:36Z
141,34,6,132.88,standard,2026-07-05T20:03:36Z
141,34,7,132.88,standard,2026-07-05T20:03:36Z
141,34,8,132.88,standard,2026-07-05T20:03:36Z
141,34,9,132.88,standard,2026-07-05T20:03:36Z
141,35,10,132.88,standard,2026-07-05T20:03:36Z
141,35,11,132.88,standard,2026-07-05T20:03:36Z
141,35,12,132.88,standard,2026-07-05T20:03:36Z
141,35,13,132.88,standard,2026-07-05T20:03:36Z
141,35,14,132.88,standard,2026-07-05T20:03:36Z
141,35,15,132.88,standard,2026-07-05T20:03:36Z
141,35,16,132.88,standard,2026-07-05T20:03:36Z
141,35,17,132.88,standard,2026-07-05T20:03:36Z
141,35,18,132.88,standard,2026-07-05T20:03:36Z
141,35,19,132.88,standard,2026-07-05T20:03:36Z
141,35,20,132.88,standard,2026-07-05T20:03:36Z
141,35,21,132.88,standard,2026-07-05T20:03:36Z
141,35,3,132.88,standard,2026-07-05T20:03:36Z
141,35,4,132.88,standard,2026-07-05T20:03:36Z
141,35,5,132.88,standard,2026-07-05T20:03:36Z
141,35,6,132.88,standard,2026-07-05T20:03:36Z
141,35,7,132.88,standard,2026-07-05T20:03:36Z
141,35,8,132.88,standard,2026-07-05T20:03:36Z
141,35,9,132.88,standard,2026-07-05T20:03:36Z
141,36,10,132.88,standard,2026-07-05T20:03:36Z
141,36,11,132.88,standard,2026-07-05T20:03:36Z
141,36,12,132.88,standard,2026-07-05T20:03:36Z
141,36,13,132.88,standard,2026-07-05T20:03:36Z
141,36,14,132.88,standard,2026-07-05T20:03:36Z
141,36,15,132.88,standard,2026-07-05T20:03:36Z
141,36,16,132.88,standard,2026-07-05T20:03:36Z
141,36,17,132.88,standard,2026-07-05T20:03:36Z
141,36,18,132.88,standard,2026-07-05T20:03:36Z
141,36,19,132.88,standard,2026-07-05T20:03:36Z
141,36,20,132.88,standard,2026-07-05T20:03:36Z
141,36,21,132.88,standard,2026-07-05T20:03:36Z
141,36,3,132.88,standard,2026-07-05T20:03:36Z
141,36,4,132.88,standard,2026-07-05T20:03:36Z
141,36,5,132.88,standard,2026-07-05T20:03:36Z
141,36,6,132.88,standard,2026-07-05T20:03:36Z
141,36,7,132.88,standard,2026-07-05T20:03:36Z
141,36,8,132.88,standard,2026-07-05T20:03:36Z
141,36,9,132.88,standard,2026-07-05T20:03:36Z
141,38,10,132.88,standard,2026-07-05T20:03:36Z
141,38,11,132.88,standard,2026-07-05T20:03:36Z
141,38,12,132.88,standard,2026-07-05T20:03:36Z
141,38,13,132.88,standard,2026-07-05T20:03:36Z
141,38,14,132.88,standard,2026-07-05T20:03:36Z
141,38,15,132.88,standard,2026-07-05T20:03:36Z
141,38,16,132.88,standard,2026-07-05T20:03:36Z
141,38,17,132.88,standard,2026-07-05T20:03:36Z
141,38,18,132.88,standard,2026-07-05T20:03:36Z
141,38,19,132.88,standard,2026-07-05T20:03:36Z
141,38,20,132.88,standard,2026-07-05T20:03:36Z
141,38,21,132.88,standard,2026-07-05T20:03:36Z
141,38,3,132.88,standard,2026-07-05T20:03:36Z
141,38,4,132.88,standard,2026-07-05T20:03:36Z
141,38,5,132.88,standard,2026-07-05T20:03:36Z
141,39,10,132.88,standard,2026-07-05T20:03:36Z
141,39,11,132.88,standard,2026-07-05T20:03:36Z
141,39,12,132.88,standard,2026-07-05T20:03:36Z
141,39,13,132.88,standard,2026-07-05T20:03:36Z
141,39,14,132.88,standard,2026-07-05T20:03:36Z
141,39,15,132.88,standard,2026-07-05T20:03:36Z
141,39,16,132.88,standard,2026-07-05T20:03:36Z
141,39,17,132.88,standard,2026-07-05T20:03:36Z
141,39,18,132.88,standard,2026-07-05T20:03:36Z
141,39,19,132.88,standard,2026-07-05T20:03:36Z
141,39,20,132.88,standard,2026-07-05T20:03:36Z
141,39,21,132.88,standard,2026-07-05T20:03:36Z
141,39,3,132.88,standard,2026-07-05T20:03:36Z
141,39,4,132.88,standard,2026-07-05T20:03:36Z
141,39,5,132.88,standard,2026-07-05T20:03:36Z
141,40,10,132.88,standard,2026-07-05T20:03:36Z
141,40,11,132.88,standard,2026-07-05T20:03:36Z
141,40,12,132.88,standard,2026-07-05T20:03:36Z
141,40,13,132.88,standard,2026-07-05T20:03:36Z
141,40,14,132.88,standard,2026-07-05T20:03:36Z
141,40,15,132.88,standard,2026-07-05T20:03:36Z
141,40,16,132.88,standard,2026-07-05T20:03:36Z
141,40,17,132.88,standard,2026-07-05T20:03:36Z
141,40,18,132.88,standard,2026-07-05T20:03:36Z
141,40,19,132.88,standard,2026-07-05T20:03:36Z
141,40,20,132.88,standard,2026-07-05T20:03:36Z
141,39,1,132.88,standard,2026-07-05T20:03:36Z
141,39,22,132.88,standard,2026-07-05T20:03:36Z
142,17,11,123.66,standard,2026-07-05T20:03:36Z
142,14,3,123.66,standard,2026-07-05T20:03:36Z
142,14,4,123.66,standard,2026-07-05T20:03:36Z
142,14,5,123.66,standard,2026-07-05T20:03:36Z
142,14,6,123.66,standard,2026-07-05T20:03:36Z
142,18,7,123.66,standard,2026-07-05T20:03:36Z
142,18,8,123.66,standard,2026-07-05T20:03:36Z
142,18,9,123.66,standard,2026-07-05T20:03:36Z
143,17,1,92.0,standard,2026-07-05T20:03:36Z
143,17,2,92.0,standard,2026-07-05T20:03:36Z
143,17,3,92.0,standard,2026-07-05T20:03:36Z
143,17,4,92.0,standard,2026-07-05T20:03:36Z
143,17,5,92.0,standard,2026-07-05T20:03:36Z
143,17,6,92.0,standard,2026-07-05T20:03:36Z
143,17,7,92.0,standard,2026-07-05T20:03:36Z
143,11,10,92.0,standard,2026-07-05T20:03:36Z
143,11,11,92.0,standard,2026-07-05T20:03:36Z
143,11,12,92.0,standard,2026-07-05T20:03:36Z
143,11,8,92.0,standard,2026-07-05T20:03:36Z
143,11,9,92.0,standard,2026-07-05T20:03:36Z
143,12,10,92.0,standard,2026-07-05T20:03:36Z
143,12,11,92.0,standard,2026-07-05T20:03:36Z
143,12,12,92.0,standard,2026-07-05T20:03:36Z
143,12,8,92.0,standard,2026-07-05T20:03:36Z
143,12,9,92.0,standard,2026-07-05T20:03:36Z
143,13,10,92.0,standard,2026-07-05T20:03:36Z
143,13,11,92.0,standard,2026-07-05T20:03:36Z
143,13,12,92.0,standard,2026-07-05T20:03:36Z
143,13,9,92.0,standard,2026-07-05T20:03:36Z
143,14,10,92.0,standard,2026-07-05T20:03:36Z
143,14,11,92.0,standard,2026-07-05T20:03:36Z
143,14,12,92.0,standard,2026-07-05T20:03:36Z
143,14,9,92.0,standard,2026-07-05T20:03:36Z
143,15,10,92.0,standard,2026-07-05T20:03:36Z
143,15,11,92.0,standard,2026-07-05T20:03:36Z
143,15,12,92.0,standard,2026-07-05T20:03:36Z
143,15,4,92.0,standard,2026-07-05T20:03:36Z
143,15,5,92.0,standard,2026-07-05T20:03:36Z
143,15,6,92.0,standard,2026-07-05T20:03:36Z
143,15,7,92.0,standard,2026-07-05T20:03:36Z
143,15,8,92.0,standard,2026-07-05T20:03:36Z
143,15,9,92.0,standard,2026-07-05T20:03:36Z
143,7,8,92.0,standard,2026-07-05T20:03:36Z
143,7,9,92.0,standard,2026-07-05T20:03:36Z
143,7,10,92.0,standard,2026-07-05T20:03:36Z
143,7,11,92.0,standard,2026-07-05T20:03:36Z
143,7,12,92.0,standard,2026-07-05T20:03:36Z
143,37,11,92.0,standard,2026-07-05T20:03:36Z
144,17,10,92.0,standard,2026-07-05T20:03:36Z
144,17,11,92.0,standard,2026-07-05T20:03:36Z
144,17,12,92.0,standard,2026-07-05T20:03:36Z
144,17,4,92.0,standard,2026-07-05T20:03:36Z
144,17,5,92.0,standard,2026-07-05T20:03:36Z
144,17,6,92.0,standard,2026-07-05T20:03:36Z
144,17,7,92.0,standard,2026-07-05T20:03:36Z
144,17,8,92.0,standard,2026-07-05T20:03:36Z
144,17,9,92.0,standard,2026-07-05T20:03:36Z
144,10,3,92.0,standard,2026-07-05T20:03:36Z
144,11,5,92.0,standard,2026-07-05T20:03:36Z
144,11,6,92.0,standard,2026-07-05T20:03:36Z
144,11,7,92.0,standard,2026-07-05T20:03:36Z
144,11,8,92.0,standard,2026-07-05T20:03:36Z
144,12,10,92.0,standard,2026-07-05T20:03:36Z
144,12,3,92.0,standard,2026-07-05T20:03:36Z
144,12,4,92.0,standard,2026-07-05T20:03:36Z
144,12,5,92.0,standard,2026-07-05T20:03:36Z
144,12,6,92.0,standard,2026-07-05T20:03:36Z
144,12,7,92.0,standard,2026-07-05T20:03:36Z
144,12,8,92.0,standard,2026-07-05T20:03:36Z
144,12,9,92.0,standard,2026-07-05T20:03:36Z
144,13,10,92.0,standard,2026-07-05T20:03:36Z
144,13,11,92.0,standard,2026-07-05T20:03:36Z
144,13,12,92.0,standard,2026-07-05T20:03:36Z
144,13,13,92.0,standard,2026-07-05T20:03:36Z
144,13,14,92.0,standard,2026-07-05T20:03:36Z
144,13,15,92.0,standard,2026-07-05T20:03:36Z
144,13,5,92.0,standard,2026-07-05T20:03:36Z
144,13,6,92.0,standard,2026-07-05T20:03:36Z
144,13,7,92.0,standard,2026-07-05T20:03:36Z
144,13,8,92.0,standard,2026-07-05T20:03:36Z
144,13,9,92.0,standard,2026-07-05T20:03:36Z
144,14,10,92.0,standard,2026-07-05T20:03:36Z
144,14,6,92.0,standard,2026-07-05T20:03:36Z
144,14,7,92.0,standard,2026-07-05T20:03:36Z
144,14,8,92.0,standard,2026-07-05T20:03:36Z
144,14,9,92.0,standard,2026-07-05T20:03:36Z
144,15,10,92.0,standard,2026-07-05T20:03:36Z
144,15,11,92.0,standard,2026-07-05T20:03:36Z
144,15,2,92.0,standard,2026-07-05T20:03:36Z
144,15,3,92.0,standard,2026-07-05T20:03:36Z
144,15,4,92.0,standard,2026-07-05T20:03:36Z
144,15,5,92.0,standard,2026-07-05T20:03:36Z
144,15,6,92.0,standard,2026-07-05T20:03:36Z
144,15,7,92.0,standard,2026-07-05T20:03:36Z
144,15,8,92.0,standard,2026-07-05T20:03:36Z
144,15,9,92.0,standard,2026-07-05T20:03:36Z
144,16,10,92.0,standard,2026-07-05T20:03:36Z
144,16,11,92.0,standard,2026-07-05T20:03:36Z
144,16,12,92.0,standard,2026-07-05T20:03:36Z
144,16,13,92.0,standard,2026-07-05T20:03:36Z
144,16,14,92.0,standard,2026-07-05T20:03:36Z
144,16,15,92.0,standard,2026-07-05T20:03:36Z
144,16,16,92.0,standard,2026-07-05T20:03:36Z
144,16,2,92.0,standard,2026-07-05T20:03:36Z
144,16,3,92.0,standard,2026-07-05T20:03:36Z
144,16,4,92.0,standard,2026-07-05T20:03:36Z
144,16,5,92.0,standard,2026-07-05T20:03:36Z
144,16,6,92.0,standard,2026-07-05T20:03:36Z
144,16,7,92.0,standard,2026-07-05T20:03:36Z
144,16,8,92.0,standard,2026-07-05T20:03:36Z
144,16,9,92.0,standard,2026-07-05T20:03:36Z
144,3,5,92.0,standard,2026-07-05T20:03:36Z
144,3,6,92.0,standard,2026-07-05T20:03:36Z
144,5,5,92.0,standard,2026-07-05T20:03:36Z
144,5,6,92.0,standard,2026-07-05T20:03:36Z
144,5,7,92.0,standard,2026-07-05T20:03:36Z
144,5,8,92.0,standard,2026-07-05T20:03:36Z
144,5,9,92.0,standard,2026-07-05T20:03:36Z
144,5,10,92.0,standard,2026-07-05T20:03:36Z
144,5,11,92.0,standard,2026-07-05T20:03:36Z
144,5,12,92.0,standard,2026-07-05T20:03:36Z
144,5,13,92.0,standard,2026-07-05T20:03:36Z
144,6,5,92.0,standard,2026-07-05T20:03:36Z
144,6,6,92.0,standard,2026-07-05T20:03:36Z
144,6,7,92.0,standard,2026-07-05T20:03:36Z
144,6,8,92.0,standard,2026-07-05T20:03:36Z
144,6,9,92.0,standard,2026-07-05T20:03:36Z
144,6,10,92.0,standard,2026-07-05T20:03:36Z
144,6,11,92.0,standard,2026-07-05T20:03:36Z
144,7,6,92.0,standard,2026-07-05T20:03:36Z
144,7,7,92.0,standard,2026-07-05T20:03:36Z
144,7,8,92.0,standard,2026-07-05T20:03:36Z
144,7,9,92.0,standard,2026-07-05T20:03:36Z
144,7,10,92.0,standard,2026-07-05T20:03:36Z
144,7,11,92.0,standard,2026-07-05T20:03:36Z
144,7,12,92.0,standard,2026-07-05T20:03:36Z
144,7,13,92.0,standard,2026-07-05T20:03:36Z
144,9,7,92.0,standard,2026-07-05T20:03:36Z
144,9,8,92.0,standard,2026-07-05T20:03:36Z
144,9,9,92.0,standard,2026-07-05T20:03:36Z
144,9,10,92.0,standard,2026-07-05T20:03:36Z
144,9,11,92.0,standard,2026-07-05T20:03:36Z
144,9,12,92.0,standard,2026-07-05T20:03:36Z
144,21,5,92.0,standard,2026-07-05T20:03:36Z
146,2,5,92.0,standard,2026-07-05T20:03:36Z
146,2,6,92.0,standard,2026-07-05T20:03:36Z
146,5,5,92.0,standard,2026-07-05T20:03:36Z
146,5,6,92.0,standard,2026-07-05T20:03:36Z
146,5,7,92.0,standard,2026-07-05T20:03:36Z
146,5,8,92.0,standard,2026-07-05T20:03:36Z
146,5,9,92.0,standard,2026-07-05T20:03:36Z
146,5,10,92.0,standard,2026-07-05T20:03:36Z
146,5,11,92.0,standard,2026-07-05T20:03:36Z
146,5,12,92.0,standard,2026-07-05T20:03:36Z
146,7,7,92.0,standard,2026-07-05T20:03:36Z
146,7,8,92.0,standard,2026-07-05T20:03:36Z
146,7,9,92.0,standard,2026-07-05T20:03:36Z
146,7,10,92.0,standard,2026-07-05T20:03:36Z
146,7,11,92.0,standard,2026-07-05T20:03:36Z
146,7,12,92.0,standard,2026-07-05T20:03:36Z
146,7,13,92.0,standard,2026-07-05T20:03:36Z
146,7,14,92.0,standard,2026-07-05T20:03:36Z
146,7,15,92.0,standard,2026-07-05T20:03:36Z
146,7,16,92.0,standard,2026-07-05T20:03:36Z
146,8,18,92.0,standard,2026-07-05T20:03:36Z
146,8,19,92.0,standard,2026-07-05T20:03:36Z
146,21,6,92.0,standard,2026-07-05T20:03:36Z
146,33,3,92.0,standard,2026-07-05T20:03:36Z
146,33,4,92.0,standard,2026-07-05T20:03:36Z
146,33,5,92.0,standard,2026-07-05T20:03:36Z
146,34,8,92.0,standard,2026-07-05T20:03:36Z
146,34,9,92.0,standard,2026-07-05T20:03:36Z
146,35,13,92.0,standard,2026-07-05T20:03:36Z
146,35,14,92.0,standard,2026-07-05T20:03:36Z
146,35,15,92.0,standard,2026-07-05T20:03:36Z
146,38,10,92.0,standard,2026-07-05T20:03:36Z
146,38,11,92.0,standard,2026-07-05T20:03:36Z
146,38,12,92.0,standard,2026-07-05T20:03:36Z
146,38,13,92.0,standard,2026-07-05T20:03:36Z
146,38,14,92.0,standard,2026-07-05T20:03:36Z
146,38,15,92.0,standard,2026-07-05T20:03:36Z
146,38,16,92.0,standard,2026-07-05T20:03:36Z
146,38,17,92.0,standard,2026-07-05T20:03:36Z
147,11,7,92.0,standard,2026-07-05T20:03:36Z
147,14,4,92.0,standard,2026-07-05T20:03:36Z
147,30,12,92.0,standard,2026-07-05T20:03:36Z
147,35,10,92.0,standard,2026-07-05T20:03:36Z
147,35,11,92.0,standard,2026-07-05T20:03:36Z
147,35,12,92.0,standard,2026-07-05T20:03:36Z
147,35,13,92.0,standard,2026-07-05T20:03:36Z
147,35,14,92.0,standard,2026-07-05T20:03:36Z
147,35,15,92.0,standard,2026-07-05T20:03:36Z
147,35,16,92.0,standard,2026-07-05T20:03:36Z
147,35,17,92.0,standard,2026-07-05T20:03:36Z
147,35,7,92.0,standard,2026-07-05T20:03:36Z
147,35,8,92.0,standard,2026-07-05T20:03:36Z
147,35,9,92.0,standard,2026-07-05T20:03:36Z
148,16,10,92.0,standard,2026-07-05T20:03:36Z
148,16,8,92.0,standard,2026-07-05T20:03:36Z
148,16,9,92.0,standard,2026-07-05T20:03:36Z
148,21,14,92.0,standard,2026-07-05T20:03:36Z
148,21,15,92.0,standard,2026-07-05T20:03:36Z
148,21,16,92.0,standard,2026-07-05T20:03:36Z
148,26,10,92.0,standard,2026-07-05T20:03:36Z
148,26,11,92.0,standard,2026-07-05T20:03:36Z
148,26,12,92.0,standard,2026-07-05T20:03:36Z
148,26,3,92.0,standard,2026-07-05T20:03:36Z
148,26,4,92.0,standard,2026-07-05T20:03:36Z
148,26,5,92.0,standard,2026-07-05T20:03:36Z
148,26,6,92.0,standard,2026-07-05T20:03:36Z
148,26,7,92.0,standard,2026-07-05T20:03:36Z
148,26,8,92.0,standard,2026-07-05T20:03:36Z
148,26,9,92.0,standard,2026-07-05T20:03:36Z
148,29,10,92.0,standard,2026-07-05T20:03:36Z
148,29,11,92.0,standard,2026-07-05T20:03:36Z
148,29,12,92.0,standard,2026-07-05T20:03:36Z
148,29,13,92.0,standard,2026-07-05T20:03:36Z
148,29,14,92.0,standard,2026-07-05T20:03:36Z
148,29,15,92.0,standard,2026-07-05T20:03:36Z
148,29,16,92.0,standard,2026-07-05T20:03:36Z
148,29,2,92.0,standard,2026-07-05T20:03:36Z
148,29,3,92.0,standard,2026-07-05T20:03:36Z
148,29,4,92.0,standard,2026-07-05T20:03:36Z
148,29,5,92.0,standard,2026-07-05T20:03:36Z
148,29,6,92.0,standard,2026-07-05T20:03:36Z
148,29,7,92.0,standard,2026-07-05T20:03:36Z
148,29,8,92.0,standard,2026-07-05T20:03:36Z
148,29,9,92.0,standard,2026-07-05T20:03:36Z
148,30,10,92.0,standard,2026-07-05T20:03:36Z
148,30,11,92.0,standard,2026-07-05T20:03:36Z
148,30,12,92.0,standard,2026-07-05T20:03:36Z
148,30,13,92.0,standard,2026-07-05T20:03:36Z
148,30,14,92.0,standard,2026-07-05T20:03:36Z
148,30,15,92.0,standard,2026-07-05T20:03:36Z
148,30,16,92.0,standard,2026-07-05T20:03:36Z
148,30,2,92.0,standard,2026-07-05T20:03:36Z
148,30,3,92.0,standard,2026-07-05T20:03:36Z
148,30,4,92.0,standard,2026-07-05T20:03:36Z
148,30,5,92.0,standard,2026-07-05T20:03:36Z
148,30,6,92.0,standard,2026-07-05T20:03:36Z
148,30,7,92.0,standard,2026-07-05T20:03:36Z
148,30,8,92.0,standard,2026-07-05T20:03:36Z
148,30,9,92.0,standard,2026-07-05T20:03:36Z
148,31,10,92.0,standard,2026-07-05T20:03:36Z
148,31,11,92.0,standard,2026-07-05T20:03:36Z
148,31,12,92.0,standard,2026-07-05T20:03:36Z
148,31,13,92.0,standard,2026-07-05T20:03:36Z
148,31,14,92.0,standard,2026-07-05T20:03:36Z
148,31,15,92.0,standard,2026-07-05T20:03:36Z
148,31,16,92.0,standard,2026-07-05T20:03:36Z
148,31,2,92.0,standard,2026-07-05T20:03:36Z
148,31,3,92.0,standard,2026-07-05T20:03:36Z
148,31,4,92.0,standard,2026-07-05T20:03:36Z
148,31,5,92.0,standard,2026-07-05T20:03:36Z
148,31,6,92.0,standard,2026-07-05T20:03:36Z
148,31,7,92.0,standard,2026-07-05T20:03:36Z
148,31,8,92.0,standard,2026-07-05T20:03:36Z
148,31,9,92.0,standard,2026-07-05T20:03:36Z
148,32,10,92.0,standard,2026-07-05T20:03:36Z
148,32,11,92.0,standard,2026-07-05T20:03:36Z
148,32,12,92.0,standard,2026-07-05T20:03:36Z
148,32,13,92.0,standard,2026-07-05T20:03:36Z
148,32,14,92.0,standard,2026-07-05T20:03:36Z
148,32,15,92.0,standard,2026-07-05T20:03:36Z
148,32,16,92.0,standard,2026-07-05T20:03:36Z
148,32,2,92.0,standard,2026-07-05T20:03:36Z
148,32,3,92.0,standard,2026-07-05T20:03:36Z
148,32,4,92.0,standard,2026-07-05T20:03:36Z
148,32,5,92.0,standard,2026-07-05T20:03:36Z
148,32,6,92.0,standard,2026-07-05T20:03:36Z
148,32,7,92.0,standard,2026-07-05T20:03:36Z
148,32,8,92.0,standard,2026-07-05T20:03:36Z
148,32,9,92.0,standard,2026-07-05T20:03:36Z
148,33,10,92.0,standard,2026-07-05T20:03:36Z
148,33,11,92.0,standard,2026-07-05T20:03:36Z
148,33,12,92.0,standard,2026-07-05T20:03:36Z
148,33,13,92.0,standard,2026-07-05T20:03:36Z
148,33,14,92.0,standard,2026-07-05T20:03:36Z
148,33,2,92.0,standard,2026-07-05T20:03:36Z
148,33,3,92.0,standard,2026-07-05T20:03:36Z
148,33,4,92.0,standard,2026-07-05T20:03:36Z
148,33,5,92.0,standard,2026-07-05T20:03:36Z
148,33,6,92.0,standard,2026-07-05T20:03:36Z
148,33,7,92.0,standard,2026-07-05T20:03:36Z
148,33,8,92.0,standard,2026-07-05T20:03:36Z
148,33,9,92.0,standard,2026-07-05T20:03:36Z
148,34,10,92.0,standard,2026-07-05T20:03:36Z
148,34,11,92.0,standard,2026-07-05T20:03:36Z
148,34,12,92.0,standard,2026-07-05T20:03:36Z
148,34,13,92.0,standard,2026-07-05T20:03:36Z
148,34,2,92.0,standard,2026-07-05T20:03:36Z
148,34,3,92.0,standard,2026-07-05T20:03:36Z
148,34,4,92.0,standard,2026-07-05T20:03:36Z
148,34,5,92.0,standard,2026-07-05T20:03:36Z
148,34,6,92.0,standard,2026-07-05T20:03:36Z
148,34,7,92.0,standard,2026-07-05T20:03:36Z
148,34,8,92.0,standard,2026-07-05T20:03:36Z
148,34,9,92.0,standard,2026-07-05T20:03:36Z
148,35,10,92.0,standard,2026-07-05T20:03:36Z
148,35,11,92.0,standard,2026-07-05T20:03:36Z
148,35,12,92.0,standard,2026-07-05T20:03:36Z
148,35,13,92.0,standard,2026-07-05T20:03:36Z
148,35,14,92.0,standard,2026-07-05T20:03:36Z
148,35,15,92.0,standard,2026-07-05T20:03:36Z
148,35,16,92.0,standard,2026-07-05T20:03:36Z
148,35,2,92.0,standard,2026-07-05T20:03:36Z
148,35,3,92.0,standard,2026-07-05T20:03:36Z
148,35,4,92.0,standard,2026-07-05T20:03:36Z
148,35,5,92.0,standard,2026-07-05T20:03:36Z
148,35,6,92.0,standard,2026-07-05T20:03:36Z
148,35,7,92.0,standard,2026-07-05T20:03:36Z
148,35,8,92.0,standard,2026-07-05T20:03:36Z
148,35,9,92.0,standard,2026-07-05T20:03:36Z
148,36,10,92.0,standard,2026-07-05T20:03:36Z
148,36,11,92.0,standard,2026-07-05T20:03:36Z
148,36,12,92.0,standard,2026-07-05T20:03:36Z
148,36,13,92.0,standard,2026-07-05T20:03:36Z
148,36,14,92.0,standard,2026-07-05T20:03:36Z
148,36,15,92.0,standard,2026-07-05T20:03:36Z
148,36,16,92.0,standard,2026-07-05T20:03:36Z
148,36,2,92.0,standard,2026-07-05T20:03:36Z
148,36,3,92.0,standard,2026-07-05T20:03:36Z
148,36,4,92.0,standard,2026-07-05T20:03:36Z
148,36,5,92.0,standard,2026-07-05T20:03:36Z
148,36,6,92.0,standard,2026-07-05T20:03:36Z
148,36,7,92.0,standard,2026-07-05T20:03:36Z
148,36,8,92.0,standard,2026-07-05T20:03:36Z
148,36,9,92.0,standard,2026-07-05T20:03:36Z
148,5,4,92.0,standard,2026-07-05T20:03:36Z
148,5,3,92.0,standard,2026-07-05T20:03:36Z
148,7,4,92.0,standard,2026-07-05T20:03:36Z
148,7,5,92.0,standard,2026-07-05T20:03:36Z
148,7,6,92.0,standard,2026-07-05T20:03:36Z
149,25,10,92.0,standard,2026-07-05T20:03:36Z
149,25,2,92.0,standard,2026-07-05T20:03:36Z
149,25,3,92.0,standard,2026-07-05T20:03:36Z
149,25,4,92.0,standard,2026-07-05T20:03:36Z
149,25,5,92.0,standard,2026-07-05T20:03:36Z
149,25,6,92.0,standard,2026-07-05T20:03:36Z
149,25,7,92.0,standard,2026-07-05T20:03:36Z
149,25,8,92.0,standard,2026-07-05T20:03:36Z
149,25,9,92.0,standard,2026-07-05T20:03:36Z
149,26,10,92.0,standard,2026-07-05T20:03:36Z
149,26,5,92.0,standard,2026-07-05T20:03:36Z
149,26,6,92.0,standard,2026-07-05T20:03:36Z
149,26,7,92.0,standard,2026-07-05T20:03:36Z
149,26,8,92.0,standard,2026-07-05T20:03:36Z
149,26,9,92.0,standard,2026-07-05T20:03:36Z
149,37,10,92.0,standard,2026-07-05T20:03:36Z
149,37,11,92.0,standard,2026-07-05T20:03:36Z
149,37,12,92.0,standard,2026-07-05T20:03:36Z
149,37,13,92.0,standard,2026-07-05T20:03:36Z
149,37,14,92.0,standard,2026-07-05T20:03:36Z
149,37,15,92.0,standard,2026-07-05T20:03:36Z
149,37,16,92.0,standard,2026-07-05T20:03:36Z
149,37,17,92.0,standard,2026-07-05T20:03:36Z
149,37,18,92.0,standard,2026-07-05T20:03:36Z
149,37,2,92.0,standard,2026-07-05T20:03:36Z
149,37,3,92.0,standard,2026-07-05T20:03:36Z
149,37,4,92.0,standard,2026-07-05T20:03:36Z
149,37,5,92.0,standard,2026-07-05T20:03:36Z
149,37,6,92.0,standard,2026-07-05T20:03:36Z
149,37,7,92.0,standard,2026-07-05T20:03:36Z
149,37,8,92.0,standard,2026-07-05T20:03:36Z
149,37,9,92.0,standard,2026-07-05T20:03:36Z
149,30,10,92.0,standard,2026-07-05T20:03:36Z
149,30,11,92.0,standard,2026-07-05T20:03:36Z
149,30,12,92.0,standard,2026-07-05T20:03:36Z
149,30,13,92.0,standard,2026-07-05T20:03:36Z
149,30,3,92.0,standard,2026-07-05T20:03:36Z
149,30,4,92.0,standard,2026-07-05T20:03:36Z
149,30,5,92.0,standard,2026-07-05T20:03:36Z
149,30,6,92.0,standard,2026-07-05T20:03:36Z
149,30,7,92.0,standard,2026-07-05T20:03:36Z
149,30,8,92.0,standard,2026-07-05T20:03:36Z
149,30,9,92.0,standard,2026-07-05T20:03:36Z
149,31,10,92.0,standard,2026-07-05T20:03:36Z
149,31,11,92.0,standard,2026-07-05T20:03:36Z
149,31,12,92.0,standard,2026-07-05T20:03:36Z
149,31,13,92.0,standard,2026-07-05T20:03:36Z
149,31,14,92.0,standard,2026-07-05T20:03:36Z
149,31,2,92.0,standard,2026-07-05T20:03:36Z
149,31,3,92.0,standard,2026-07-05T20:03:36Z
149,31,4,92.0,standard,2026-07-05T20:03:36Z
149,31,5,92.0,standard,2026-07-05T20:03:36Z
149,31,6,92.0,standard,2026-07-05T20:03:36Z
149,31,7,92.0,standard,2026-07-05T20:03:36Z
149,31,8,92.0,standard,2026-07-05T20:03:36Z
149,31,9,92.0,standard,2026-07-05T20:03:36Z
149,32,10,92.0,standard,2026-07-05T20:03:36Z
149,32,11,92.0,standard,2026-07-05T20:03:36Z
149,32,12,92.0,standard,2026-07-05T20:03:36Z
149,32,13,92.0,standard,2026-07-05T20:03:36Z
149,32,14,92.0,standard,2026-07-05T20:03:36Z
149,32,2,92.0,standard,2026-07-05T20:03:36Z
149,32,3,92.0,standard,2026-07-05T20:03:36Z
149,32,4,92.0,standard,2026-07-05T20:03:36Z
149,32,5,92.0,standard,2026-07-05T20:03:36Z
149,32,6,92.0,standard,2026-07-05T20:03:36Z
149,32,7,92.0,standard,2026-07-05T20:03:36Z
149,32,8,92.0,standard,2026-07-05T20:03:36Z
149,32,9,92.0,standard,2026-07-05T20:03:36Z
149,33,10,92.0,standard,2026-07-05T20:03:36Z
149,33,11,92.0,standard,2026-07-05T20:03:36Z
149,33,12,92.0,standard,2026-07-05T20:03:36Z
149,33,13,92.0,standard,2026-07-05T20:03:36Z
149,33,14,92.0,standard,2026-07-05T20:03:36Z
149,33,15,92.0,standard,2026-07-05T20:03:36Z
149,33,2,92.0,standard,2026-07-05T20:03:36Z
149,33,3,92.0,standard,2026-07-05T20:03:36Z
149,33,4,92.0,standard,2026-07-05T20:03:36Z
149,33,5,92.0,standard,2026-07-05T20:03:36Z
149,33,6,92.0,standard,2026-07-05T20:03:36Z
149,33,7,92.0,standard,2026-07-05T20:03:36Z
149,33,8,92.0,standard,2026-07-05T20:03:36Z
149,33,9,92.0,standard,2026-07-05T20:03:36Z
149,34,10,92.0,standard,2026-07-05T20:03:36Z
149,34,11,92.0,standard,2026-07-05T20:03:36Z
149,34,12,92.0,standard,2026-07-05T20:03:36Z
149,34,13,92.0,standard,2026-07-05T20:03:36Z
149,34,14,92.0,standard,2026-07-05T20:03:36Z
149,34,15,92.0,standard,2026-07-05T20:03:36Z
149,34,16,92.0,standard,2026-07-05T20:03:36Z
149,34,2,92.0,standard,2026-07-05T20:03:36Z
149,34,3,92.0,standard,2026-07-05T20:03:36Z
149,34,4,92.0,standard,2026-07-05T20:03:36Z
149,34,5,92.0,standard,2026-07-05T20:03:36Z
149,34,6,92.0,standard,2026-07-05T20:03:36Z
149,34,7,92.0,standard,2026-07-05T20:03:36Z
149,34,8,92.0,standard,2026-07-05T20:03:36Z
149,34,9,92.0,standard,2026-07-05T20:03:36Z
149,35,10,92.0,standard,2026-07-05T20:03:36Z
149,35,11,92.0,standard,2026-07-05T20:03:36Z
149,35,12,92.0,standard,2026-07-05T20:03:36Z
149,35,13,92.0,standard,2026-07-05T20:03:36Z
149,35,14,92.0,standard,2026-07-05T20:03:36Z
149,35,15,92.0,standard,2026-07-05T20:03:36Z
149,35,16,92.0,standard,2026-07-05T20:03:36Z
149,35,2,92.0,standard,2026-07-05T20:03:36Z
149,35,3,92.0,standard,2026-07-05T20:03:36Z
149,35,4,92.0,standard,2026-07-05T20:03:36Z
149,35,5,92.0,standard,2026-07-05T20:03:36Z
149,35,6,92.0,standard,2026-07-05T20:03:36Z
149,35,7,92.0,standard,2026-07-05T20:03:36Z
149,35,8,92.0,standard,2026-07-05T20:03:36Z
149,35,9,92.0,standard,2026-07-05T20:03:36Z
149,38,10,92.0,standard,2026-07-05T20:03:36Z
149,38,11,92.0,standard,2026-07-05T20:03:36Z
149,38,12,92.0,standard,2026-07-05T20:03:36Z
149,38,13,92.0,standard,2026-07-05T20:03:36Z
149,38,14,92.0,standard,2026-07-05T20:03:36Z
149,38,15,92.0,standard,2026-07-05T20:03:36Z
149,38,16,92.0,standard,2026-07-05T20:03:36Z
149,38,17,92.0,standard,2026-07-05T20:03:36Z
149,38,2,92.0,standard,2026-07-05T20:03:36Z
149,38,3,92.0,standard,2026-07-05T20:03:36Z
149,38,4,92.0,standard,2026-07-05T20:03:36Z
149,38,5,92.0,standard,2026-07-05T20:03:36Z
149,38,8,92.0,standard,2026-07-05T20:03:36Z
149,38,9,92.0,standard,2026-07-05T20:03:36Z
150,25,10,92.0,standard,2026-07-05T20:03:36Z
150,25,11,92.0,standard,2026-07-05T20:03:36Z
150,25,7,92.0,standard,2026-07-05T20:03:36Z
150,25,8,92.0,standard,2026-07-05T20:03:36Z
150,25,9,92.0,standard,2026-07-05T20:03:36Z
150,29,10,92.0,standard,2026-07-05T20:03:36Z
150,29,11,92.0,standard,2026-07-05T20:03:36Z
150,29,12,92.0,standard,2026-07-05T20:03:36Z
150,29,13,92.0,standard,2026-07-05T20:03:36Z
150,29,14,92.0,standard,2026-07-05T20:03:36Z
150,29,15,92.0,standard,2026-07-05T20:03:36Z
150,29,8,92.0,standard,2026-07-05T20:03:36Z
150,29,9,92.0,standard,2026-07-05T20:03:36Z
150,37,1,92.0,standard,2026-07-05T20:03:36Z
150,37,2,92.0,standard,2026-07-05T20:03:36Z
150,37,3,92.0,standard,2026-07-05T20:03:36Z
150,37,4,92.0,standard,2026-07-05T20:03:36Z
150,37,5,92.0,standard,2026-07-05T20:03:36Z
150,37,6,92.0,standard,2026-07-05T20:03:36Z
150,37,7,92.0,standard,2026-07-05T20:03:36Z
150,31,10,92.0,standard,2026-07-05T20:03:36Z
150,31,11,92.0,standard,2026-07-05T20:03:36Z
150,31,12,92.0,standard,2026-07-05T20:03:36Z
150,31,13,92.0,standard,2026-07-05T20:03:36Z
150,31,14,92.0,standard,2026-07-05T20:03:36Z
150,31,15,92.0,standard,2026-07-05T20:03:36Z
150,31,16,92.0,standard,2026-07-05T20:03:36Z
150,31,17,92.0,standard,2026-07-05T20:03:36Z
150,31,9,92.0,standard,2026-07-05T20:03:36Z
150,32,10,92.0,standard,2026-07-05T20:03:36Z
150,32,11,92.0,standard,2026-07-05T20:03:36Z
150,32,12,92.0,standard,2026-07-05T20:03:36Z
150,32,13,92.0,standard,2026-07-05T20:03:36Z
150,32,14,92.0,standard,2026-07-05T20:03:36Z
150,32,15,92.0,standard,2026-07-05T20:03:36Z
150,32,16,92.0,standard,2026-07-05T20:03:36Z
150,32,17,92.0,standard,2026-07-05T20:03:36Z
150,32,3,92.0,standard,2026-07-05T20:03:36Z
150,32,4,92.0,standard,2026-07-05T20:03:36Z
150,32,5,92.0,standard,2026-07-05T20:03:36Z
150,32,6,92.0,standard,2026-07-05T20:03:36Z
150,32,7,92.0,standard,2026-07-05T20:03:36Z
150,32,8,92.0,standard,2026-07-05T20:03:36Z
150,32,9,92.0,standard,2026-07-05T20:03:36Z
150,33,10,92.0,standard,2026-07-05T20:03:36Z
150,33,11,92.0,standard,2026-07-05T20:03:36Z
150,33,12,92.0,standard,2026-07-05T20:03:36Z
150,33,13,92.0,standard,2026-07-05T20:03:36Z
150,33,14,92.0,standard,2026-07-05T20:03:36Z
150,33,15,92.0,standard,2026-07-05T20:03:36Z
150,33,16,92.0,standard,2026-07-05T20:03:36Z
150,33,17,92.0,standard,2026-07-05T20:03:36Z
150,33,18,92.0,standard,2026-07-05T20:03:36Z
150,33,2,92.0,standard,2026-07-05T20:03:36Z
150,33,3,92.0,standard,2026-07-05T20:03:36Z
150,33,4,92.0,standard,2026-07-05T20:03:36Z
150,33,5,92.0,standard,2026-07-05T20:03:36Z
150,33,6,92.0,standard,2026-07-05T20:03:36Z
150,33,7,92.0,standard,2026-07-05T20:03:36Z
150,33,8,92.0,standard,2026-07-05T20:03:36Z
150,33,9,92.0,standard,2026-07-05T20:03:36Z
150,34,10,92.0,standard,2026-07-05T20:03:36Z
150,34,11,92.0,standard,2026-07-05T20:03:36Z
150,34,12,92.0,standard,2026-07-05T20:03:36Z
150,34,13,92.0,standard,2026-07-05T20:03:36Z
150,34,14,92.0,standard,2026-07-05T20:03:36Z
150,34,15,92.0,standard,2026-07-05T20:03:36Z
150,34,16,92.0,standard,2026-07-05T20:03:36Z
150,34,17,92.0,standard,2026-07-05T20:03:36Z
150,34,18,92.0,standard,2026-07-05T20:03:36Z
150,34,19,92.0,standard,2026-07-05T20:03:36Z
150,34,4,92.0,standard,2026-07-05T20:03:36Z
150,34,5,92.0,standard,2026-07-05T20:03:36Z
150,34,6,92.0,standard,2026-07-05T20:03:36Z
150,34,7,92.0,standard,2026-07-05T20:03:36Z
150,34,8,92.0,standard,2026-07-05T20:03:36Z
150,34,9,92.0,standard,2026-07-05T20:03:36Z
150,36,10,92.0,standard,2026-07-05T20:03:36Z
150,36,11,92.0,standard,2026-07-05T20:03:36Z
150,36,12,92.0,standard,2026-07-05T20:03:36Z
150,36,2,92.0,standard,2026-07-05T20:03:36Z
150,36,3,92.0,standard,2026-07-05T20:03:36Z
150,36,4,92.0,standard,2026-07-05T20:03:36Z
150,36,5,92.0,standard,2026-07-05T20:03:36Z
150,36,6,92.0,standard,2026-07-05T20:03:36Z
150,36,7,92.0,standard,2026-07-05T20:03:36Z
150,36,8,92.0,standard,2026-07-05T20:03:36Z
150,36,9,92.0,standard,2026-07-05T20:03:36Z
150,39,3,92.0,standard,2026-07-05T20:03:36Z
150,39,4,92.0,standard,2026-07-05T20:03:36Z
150,39,5,92.0,standard,2026-07-05T20:03:36Z
150,39,6,92.0,standard,2026-07-05T20:03:36Z
150,39,7,92.0,standard,2026-07-05T20:03:36Z
150,39,8,92.0,standard,2026-07-05T20:03:36Z
150,39,9,92.0,standard,2026-07-05T20:03:36Z
150,37,15,92.0,standard,2026-07-05T20:03:36Z
150,37,16,92.0,standard,2026-07-05T20:03:36Z
150,37,17,92.0,standard,2026-07-05T20:03:36Z
150,37,18,92.0,standard,2026-07-05T20:03:36Z
150,37,19,92.0,standard,2026-07-05T20:03:36Z
150,37,20,92.0,standard,2026-07-05T20:03:36Z
150,37,21,92.0,standard,2026-07-05T20:03:36Z
150,35,17,92.0,standard,2026-07-05T20:03:36Z
150,35,18,92.0,standard,2026-07-05T20:03:36Z
150,35,19,92.0,standard,2026-07-05T20:03:36Z
150,36,15,92.0,standard,2026-07-05T20:03:36Z
150,36,16,92.0,standard,2026-07-05T20:03:36Z
150,36,17,92.0,standard,2026-07-05T20:03:36Z
150,36,18,92.0,standard,2026-07-05T20:03:36Z
150,36,19,92.0,standard,2026-07-05T20:03:36Z
150,36,20,92.0,standard,2026-07-05T20:03:36Z
150,38,15,92.0,standard,2026-07-05T20:03:36Z
150,38,16,92.0,standard,2026-07-05T20:03:36Z
150,38,17,92.0,standard,2026-07-05T20:03:36Z
150,38,18,92.0,standard,2026-07-05T20:03:36Z
150,38,19,92.0,standard,2026-07-05T20:03:36Z
150,38,20,92.0,standard,2026-07-05T20:03:36Z
150,38,21,92.0,standard,2026-07-05T20:03:36Z
150,39,17,92.0,standard,2026-07-05T20:03:36Z
150,39,18,92.0,standard,2026-07-05T20:03:36Z
150,39,19,92.0,standard,2026-07-05T20:03:36Z
150,39,20,92.0,standard,2026-07-05T20:03:36Z
150,39,21,92.0,standard,2026-07-05T20:03:36Z
151,31,3,92.0,standard,2026-07-05T20:03:36Z
180,3,8,52.87,standard,2026-07-05T20:03:36Z
180,3,9,52.87,standard,2026-07-05T20:03:36Z
180,3,10,52.87,standard,2026-07-05T20:03:36Z
180,4,5,52.87,standard,2026-07-05T20:03:36Z
180,4,6,52.87,standard,2026-07-05T20:03:36Z
180,4,7,52.87,standard,2026-07-05T20:03:36Z
180,4,8,52.87,standard,2026-07-05T20:03:36Z
180,4,9,52.87,standard,2026-07-05T20:03:36Z
180,4,10,52.87,standard,2026-07-05T20:03:36Z
180,4,11,52.87,standard,2026-07-05T20:03:36Z
180,4,12,52.87,standard,2026-07-05T20:03:36Z
180,5,6,52.87,standard,2026-07-05T20:03:36Z
180,5,7,52.87,standard,2026-07-05T20:03:36Z
180,5,8,52.87,standard,2026-07-05T20:03:36Z
181,10,19,52.87,standard,2026-07-05T20:03:36Z
181,10,20,52.87,standard,2026-07-05T20:03:36Z
181,3,5,52.87,standard,2026-07-05T20:03:36Z
181,3,6,52.87,standard,2026-07-05T20:03:36Z
181,3,7,52.87,standard,2026-07-05T20:03:36Z
181,3,21,52.87,standard,2026-07-05T20:03:36Z
181,3,22,52.87,standard,2026-07-05T20:03:36Z
181,4,5,52.87,standard,2026-07-05T20:03:36Z
181,4,6,52.87,standard,2026-07-05T20:03:36Z
181,4,7,52.87,standard,2026-07-05T20:03:36Z
181,4,12,52.87,standard,2026-07-05T20:03:36Z
181,4,13,52.87,standard,2026-07-05T20:03:36Z
181,4,14,52.87,standard,2026-07-05T20:03:36Z
181,4,15,52.87,standard,2026-07-05T20:03:36Z
181,5,4,52.87,standard,2026-07-05T20:03:36Z
181,5,5,52.87,standard,2026-07-05T20:03:36Z
181,5,6,52.87,standard,2026-07-05T20:03:36Z
181,5,7,52.87,standard,2026-07-05T20:03:36Z
181,5,23,52.87,standard,2026-07-05T20:03:36Z
181,5,24,52.87,standard,2026-07-05T20:03:36Z
181,5,3,52.87,standard,2026-07-05T20:03:36Z
181,6,4,52.87,standard,2026-07-05T20:03:36Z
181,6,5,52.87,standard,2026-07-05T20:03:36Z
181,6,6,52.87,standard,2026-07-05T20:03:36Z
181,6,7,52.87,standard,2026-07-05T20:03:36Z
181,6,12,52.87,standard,2026-07-05T20:03:36Z
181,6,13,52.87,standard,2026-07-05T20:03:36Z
181,6,14,52.87,standard,2026-07-05T20:03:36Z
181,6,15,52.87,standard,2026-07-05T20:03:36Z
181,6,16,52.87,standard,2026-07-05T20:03:36Z
181,6,17,52.87,standard,2026-07-05T20:03:36Z
181,6,18,52.87,standard,2026-07-05T20:03:36Z
181,6,19,52.87,standard,2026-07-05T20:03:36Z
181,6,23,52.87,standard,2026-07-05T20:03:36Z
181,6,24,52.87,standard,2026-07-05T20:03:36Z
181,6,3,52.87,standard,2026-07-05T20:03:36Z
181,7,5,52.87,standard,2026-07-05T20:03:36Z
181,7,6,52.87,standard,2026-07-05T20:03:36Z
181,7,7,52.87,standard,2026-07-05T20:03:36Z
181,7,12,52.87,standard,2026-07-05T20:03:36Z
181,7,13,52.87,standard,2026-07-05T20:03:36Z
181,7,14,52.87,standard,2026-07-05T20:03:36Z
181,7,15,52.87,standard,2026-07-05T20:03:36Z
181,7,16,52.87,standard,2026-07-05T20:03:36Z
181,7,17,52.87,standard,2026-07-05T20:03:36Z
181,7,18,52.87,standard,2026-07-05T20:03:36Z
181,7,19,52.87,standard,2026-07-05T20:03:36Z
181,7,20,52.87,standard,2026-07-05T20:03:36Z
181,7,21,52.87,standard,2026-07-05T20:03:36Z
181,9,21,52.87,standard,2026-07-05T20:03:36Z
181,9,22,52.87,standard,2026-07-05T20:03:36Z
181,9,23,52.87,standard,2026-07-05T20:03:36Z
181,9,24,52.87,standard,2026-07-05T20:03:36Z
181,2,10,52.87,standard,2026-07-05T20:03:36Z
181,2,11,52.87,standard,2026-07-05T20:03:36Z
181,3,8,52.87,standard,2026-07-05T20:03:36Z
181,3,9,52.87,standard,2026-07-05T20:03:36Z
181,3,10,52.87,standard,2026-07-05T20:03:36Z
181,3,11,52.87,standard,2026-07-05T20:03:36Z
181,4,8,52.87,standard,2026-07-05T20:03:36Z
181,4,9,52.87,standard,2026-07-05T20:03:36Z
181,4,10,52.87,standard,2026-07-05T20:03:36Z
181,4,11,52.87,standard,2026-07-05T20:03:36Z
181,5,8,52.87,standard,2026-07-05T20:03:36Z
181,5,9,52.87,standard,2026-07-05T20:03:36Z
181,5,10,52.87,standard,2026-07-05T20:03:36Z
181,5,11,52.87,standard,2026-07-05T20:03:36Z
181,6,8,52.87,standard,2026-07-05T20:03:36Z
181,6,9,52.87,standard,2026-07-05T20:03:36Z
181,6,10,52.87,standard,2026-07-05T20:03:36Z
181,6,11,52.87,standard,2026-07-05T20:03:36Z
181,7,8,52.87,standard,2026-07-05T20:03:36Z
181,7,9,52.87,standard,2026-07-05T20:03:36Z
181,7,10,52.87,standard,2026-07-05T20:03:36Z
181,7,11,52.87,standard,2026-07-05T20:03:36Z
182,10,18,52.87,standard,2026-07-05T20:03:36Z
182,10,19,52.87,standard,2026-07-05T20:03:36Z
182,10,20,52.87,standard,2026-07-05T20:03:36Z
182,9,12,52.87,standard,2026-07-05T20:03:36Z
182,9,13,52.87,standard,2026-07-05T20:03:36Z
182,9,14,52.87,standard,2026-07-05T20:03:36Z
183,10,11,52.87,standard,2026-07-05T20:03:36Z
183,10,14,52.87,standard,2026-07-05T20:03:36Z
183,10,15,52.87,standard,2026-07-05T20:03:36Z
183,10,20,52.87,standard,2026-07-05T20:03:36Z
183,10,21,52.87,standard,2026-07-05T20:03:36Z
183,6,14,52.87,standard,2026-07-05T20:03:36Z
183,6,15,52.87,standard,2026-07-05T20:03:36Z
183,8,13,52.87,standard,2026-07-05T20:03:36Z
183,8,14,52.87,standard,2026-07-05T20:03:36Z
183,8,15,52.87,standard,2026-07-05T20:03:36Z
183,9,9,52.87,standard,2026-07-05T20:03:36Z
183,9,10,52.87,standard,2026-07-05T20:03:36Z
183,9,11,52.87,standard,2026-07-05T20:03:36Z
183,9,12,52.87,standard,2026-07-05T20:03:36Z
183,9,13,52.87,standard,2026-07-05T20:03:36Z
183,9,14,52.87,standard,2026-07-05T20:03:36Z
183,10,12,52.87,standard,2026-07-05T20:03:36Z
183,10,13,52.87,standard,2026-07-05T20:03:36Z
184,10,10,52.87,standard,2026-07-05T20:03:36Z
184,10,11,52.87,standard,2026-07-05T20:03:36Z
184,10,14,52.87,standard,2026-07-05T20:03:36Z
184,10,9,52.87,standard,2026-07-05T20:03:36Z
184,7,15,52.87,standard,2026-07-05T20:03:36Z
184,7,16,52.87,standard,2026-07-05T20:03:36Z
184,7,17,52.87,standard,2026-07-05T20:03:36Z
184,9,6,52.87,standard,2026-07-05T20:03:36Z
184,9,7,52.87,standard,2026-07-05T20:03:36Z
184,9,8,52.87,standard,2026-07-05T20:03:36Z
184,9,9,52.87,standard,2026-07-05T20:03:36Z
184,9,10,52.87,standard,2026-07-05T20:03:36Z
184,9,11,52.87,standard,2026-07-05T20:03:36Z
184,9,19,52.87,standard,2026-07-05T20:03:36Z
184,9,20,52.87,standard,2026-07-05T20:03:36Z
184,10,12,52.87,standard,2026-07-05T20:03:36Z
184,10,13,52.87,standard,2026-07-05T20:03:36Z
185,5,15,52.87,standard,2026-07-05T20:03:36Z
185,5,16,52.87,standard,2026-07-05T20:03:36Z
185,6,6,52.87,standard,2026-07-05T20:03:36Z
185,6,7,52.87,standard,2026-07-05T20:03:36Z
185,6,15,52.87,standard,2026-07-05T20:03:36Z
185,6,16,52.87,standard,2026-07-05T20:03:36Z
185,6,17,52.87,standard,2026-07-05T20:03:36Z
185,7,9,52.87,standard,2026-07-05T20:03:36Z
185,7,10,52.87,standard,2026-07-05T20:03:36Z
185,7,11,52.87,standard,2026-07-05T20:03:36Z
185,7,12,52.87,standard,2026-07-05T20:03:36Z
185,7,13,52.87,standard,2026-07-05T20:03:36Z
185,7,14,52.87,standard,2026-07-05T20:03:36Z
185,7,15,52.87,standard,2026-07-05T20:03:36Z
185,8,12,52.87,standard,2026-07-05T20:03:36Z
185,8,13,52.87,standard,2026-07-05T20:03:36Z
185,8,14,52.87,standard,2026-07-05T20:03:36Z
185,8,15,52.87,standard,2026-07-05T20:03:36Z
185,8,16,52.87,standard,2026-07-05T20:03:36Z
185,8,17,52.87,standard,2026-07-05T20:03:36Z
185,9,7,52.87,standard,2026-07-05T20:03:36Z
185,9,8,52.87,standard,2026-07-05T20:03:36Z
185,9,9,52.87,standard,2026-07-05T20:03:36Z
185,9,10,52.87,standard,2026-07-05T20:03:36Z
185,9,11,52.87,standard,2026-07-05T20:03:36Z
185,9,12,52.87,standard,2026-07-05T20:03:36Z
185,9,13,52.87,standard,2026-07-05T20:03:36Z
185,9,14,52.87,standard,2026-07-05T20:03:36Z
185,9,15,52.87,standard,2026-07-05T20:03:36Z
185,9,16,52.87,standard,2026-07-05T20:03:36Z
185,9,17,52.87,standard,2026-07-05T20:03:36Z
185,9,18,52.87,standard,2026-07-05T20:03:36Z
185,9,19,52.87,standard,2026-07-05T20:03:36Z
186,3,22,52.87,standard,2026-07-05T20:03:36Z
186,3,23,52.87,standard,2026-07-05T20:03:36Z
186,5,9,52.87,standard,2026-07-05T20:03:36Z
186,5,10,52.87,standard,2026-07-05T20:03:36Z
186,5,11,52.87,standard,2026-07-05T20:03:36Z
186,5,12,52.87,standard,2026-07-05T20:03:36Z
186,5,13,52.87,standard,2026-07-05T20:03:36Z
186,5,14,52.87,standard,2026-07-05T20:03:36Z
186,5,15,52.87,standard,2026-07-05T20:03:36Z
186,5,16,52.87,standard,2026-07-05T20:03:36Z
186,5,17,52.87,standard,2026-07-05T20:03:36Z
186,5,18,52.87,standard,2026-07-05T20:03:36Z
186,5,19,52.87,standard,2026-07-05T20:03:36Z
186,5,20,52.87,standard,2026-07-05T20:03:36Z
186,5,21,52.87,standard,2026-07-05T20:03:36Z
186,5,22,52.87,standard,2026-07-05T20:03:36Z
186,6,5,52.87,standard,2026-07-05T20:03:36Z
186,6,6,52.87,standard,2026-07-05T20:03:36Z
186,6,7,52.87,standard,2026-07-05T20:03:36Z
186,6,8,52.87,standard,2026-07-05T20:03:36Z
186,6,9,52.87,standard,2026-07-05T20:03:36Z
186,6,10,52.87,standard,2026-07-05T20:03:36Z
186,6,11,52.87,standard,2026-07-05T20:03:36Z
186,6,12,52.87,standard,2026-07-05T20:03:36Z
186,6,13,52.87,standard,2026-07-05T20:03:36Z
186,6,14,52.87,standard,2026-07-05T20:03:36Z
186,6,15,52.87,standard,2026-07-05T20:03:36Z
186,6,16,52.87,standard,2026-07-05T20:03:36Z
186,6,17,52.87,standard,2026-07-05T20:03:36Z
186,6,18,52.87,standard,2026-07-05T20:03:36Z
186,6,19,52.87,standard,2026-07-05T20:03:36Z
186,6,20,52.87,standard,2026-07-05T20:03:36Z
186,6,21,52.87,standard,2026-07-05T20:03:36Z
186,6,22,52.87,standard,2026-07-05T20:03:36Z
186,7,8,52.87,standard,2026-07-05T20:03:36Z
186,7,9,52.87,standard,2026-07-05T20:03:36Z
186,7,10,52.87,standard,2026-07-05T20:03:36Z
186,7,11,52.87,standard,2026-07-05T20:03:36Z
186,7,12,52.87,standard,2026-07-05T20:03:36Z
186,7,13,52.87,standard,2026-07-05T20:03:36Z
186,7,14,52.87,standard,2026-07-05T20:03:36Z
186,7,15,52.87,standard,2026-07-05T20:03:36Z
186,7,16,52.87,standard,2026-07-05T20:03:36Z
186,7,17,52.87,standard,2026-07-05T20:03:36Z
186,7,18,52.87,standard,2026-07-05T20:03:36Z
186,7,19,52.87,standard,2026-07-05T20:03:36Z
186,7,20,52.87,standard,2026-07-05T20:03:36Z
186,7,21,52.87,standard,2026-07-05T20:03:36Z
186,7,22,52.87,standard,2026-07-05T20:03:36Z
186,7,23,52.87,standard,2026-07-05T20:03:36Z
186,8,12,52.87,standard,2026-07-05T20:03:36Z
186,8,13,52.87,standard,2026-07-05T20:03:36Z
186,8,14,52.87,standard,2026-07-05T20:03:36Z
186,8,15,52.87,standard,2026-07-05T20:03:36Z
186,8,16,52.87,standard,2026-07-05T20:03:36Z
186,8,17,52.87,standard,2026-07-05T20:03:36Z
186,8,18,52.87,standard,2026-07-05T20:03:36Z
186,8,19,52.87,standard,2026-07-05T20:03:36Z
186,8,20,52.87,standard,2026-07-05T20:03:36Z
186,8,21,52.87,standard,2026-07-05T20:03:36Z
186,8,22,52.87,standard,2026-07-05T20:03:36Z
186,8,23,52.87,standard,2026-07-05T20:03:36Z
186,8,24,52.87,standard,2026-07-05T20:03:36Z
186,8,25,52.87,standard,2026-07-05T20:03:36Z
186,9,5,52.87,standard,2026-07-05T20:03:36Z
186,9,6,52.87,standard,2026-07-05T20:03:36Z
186,9,7,52.87,standard,2026-07-05T20:03:36Z
186,9,8,52.87,standard,2026-07-05T20:03:36Z
186,9,9,52.87,standard,2026-07-05T20:03:36Z
186,9,10,52.87,standard,2026-07-05T20:03:36Z
186,9,11,52.87,standard,2026-07-05T20:03:36Z
186,9,12,52.87,standard,2026-07-05T20:03:36Z
186,9,13,52.87,standard,2026-07-05T20:03:36Z
186,9,14,52.87,standard,2026-07-05T20:03:36Z
186,9,15,52.87,standard,2026-07-05T20:03:36Z
186,9,16,52.87,standard,2026-07-05T20:03:36Z
186,9,17,52.87,standard,2026-07-05T20:03:36Z
186,9,18,52.87,standard,2026-07-05T20:03:36Z
186,9,19,52.87,standard,2026-07-05T20:03:36Z
186,9,20,52.87,standard,2026-07-05T20:03:36Z
186,9,21,52.87,standard,2026-07-05T20:03:36Z
186,9,22,52.87,standard,2026-07-05T20:03:36Z
186,9,23,52.87,standard,2026-07-05T20:03:36Z
186,9,24,52.87,standard,2026-07-05T20:03:36Z
186,9,25,52.87,standard,2026-07-05T20:03:36Z
186,9,26,52.87,standard,2026-07-05T20:03:36Z
186,9,27,52.87,standard,2026-07-05T20:03:36Z
186,9,28,52.87,standard,2026-07-05T20:03:36Z
187,4,6,52.87,standard,2026-07-05T20:03:36Z
187,4,7,52.87,standard,2026-07-05T20:03:36Z
187,4,8,52.87,standard,2026-07-05T20:03:36Z
187,4,9,52.87,standard,2026-07-05T20:03:36Z
187,4,10,52.87,standard,2026-07-05T20:03:36Z
187,4,11,52.87,standard,2026-07-05T20:03:36Z
187,5,8,52.87,standard,2026-07-05T20:03:36Z
187,5,9,52.87,standard,2026-07-05T20:03:36Z
187,5,10,52.87,standard,2026-07-05T20:03:36Z
187,6,8,52.87,standard,2026-07-05T20:03:36Z
187,6,9,52.87,standard,2026-07-05T20:03:36Z
187,6,10,52.87,standard,2026-07-05T20:03:36Z
187,6,11,52.87,standard,2026-07-05T20:03:36Z
187,6,12,52.87,standard,2026-07-05T20:03:36Z
187,6,13,52.87,standard,2026-07-05T20:03:36Z
187,6,14,52.87,standard,2026-07-05T20:03:36Z
187,7,8,52.87,standard,2026-07-05T20:03:36Z
187,7,9,52.87,standard,2026-07-05T20:03:36Z
187,7,10,52.87,standard,2026-07-05T20:03:36Z
187,7,11,52.87,standard,2026-07-05T20:03:36Z
187,7,12,52.87,standard,2026-07-05T20:03:36Z
187,7,13,52.87,standard,2026-07-05T20:03:36Z
187,7,14,52.87,standard,2026-07-05T20:03:36Z
187,8,8,52.87,standard,2026-07-05T20:03:36Z
187,8,9,52.87,standard,2026-07-05T20:03:36Z
187,8,10,52.87,standard,2026-07-05T20:03:36Z
187,8,11,52.87,standard,2026-07-05T20:03:36Z
187,8,12,52.87,standard,2026-07-05T20:03:36Z
187,8,13,52.87,standard,2026-07-05T20:03:36Z
187,8,14,52.87,standard,2026-07-05T20:03:36Z
187,9,4,52.87,standard,2026-07-05T20:03:36Z
187,9,5,52.87,standard,2026-07-05T20:03:36Z
187,9,6,52.87,standard,2026-07-05T20:03:36Z
187,9,7,52.87,standard,2026-07-05T20:03:36Z
187,9,8,52.87,standard,2026-07-05T20:03:36Z
187,9,9,52.87,standard,2026-07-05T20:03:36Z
187,9,1,52.87,standard,2026-07-05T20:03:36Z
187,9,10,52.87,standard,2026-07-05T20:03:36Z
187,9,11,52.87,standard,2026-07-05T20:03:36Z
187,9,12,52.87,standard,2026-07-05T20:03:36Z
187,9,13,52.87,standard,2026-07-05T20:03:36Z
187,9,14,52.87,standard,2026-07-05T20:03:36Z
187,9,2,52.87,standard,2026-07-05T20:03:36Z
187,9,3,52.87,standard,2026-07-05T20:03:36Z
190,10,2,43.55,standard,2026-07-05T20:03:36Z
190,10,3,43.55,standard,2026-07-05T20:03:36Z
190,10,4,43.55,standard,2026-07-05T20:03:36Z
190,10,5,43.55,standard,2026-07-05T20:03:36Z
190,10,6,43.55,standard,2026-07-05T20:03:36Z
190,10,7,43.55,standard,2026-07-05T20:03:36Z
190,10,8,43.55,standard,2026-07-05T20:03:36Z
190,10,9,43.55,standard,2026-07-05T20:03:36Z
190,11,1,43.55,standard,2026-07-05T20:03:36Z
190,11,2,43.55,standard,2026-07-05T20:03:36Z
190,11,3,43.55,standard,2026-07-05T20:03:36Z
190,11,4,43.55,standard,2026-07-05T20:03:36Z
190,11,5,43.55,standard,2026-07-05T20:03:36Z
190,11,6,43.55,standard,2026-07-05T20:03:36Z
190,11,7,43.55,standard,2026-07-05T20:03:36Z
190,11,8,43.55,standard,2026-07-05T20:03:36Z
190,11,9,43.55,standard,2026-07-05T20:03:36Z
190,12,10,43.55,standard,2026-07-05T20:03:36Z
190,12,11,43.55,standard,2026-07-05T20:03:36Z
190,12,12,43.55,standard,2026-07-05T20:03:36Z
190,12,2,43.55,standard,2026-07-05T20:03:36Z
190,12,3,43.55,standard,2026-07-05T20:03:36Z
190,12,4,43.55,standard,2026-07-05T20:03:36Z
190,12,5,43.55,standard,2026-07-05T20:03:36Z
190,12,6,43.55,standard,2026-07-05T20:03:36Z
190,12,7,43.55,standard,2026-07-05T20:03:36Z
190,12,8,43.55,standard,2026-07-05T20:03:36Z
190,12,9,43.55,standard,2026-07-05T20:03:36Z
190,13,10,43.55,standard,2026-07-05T20:03:36Z
190,13,11,43.55,standard,2026-07-05T20:03:36Z
190,13,12,43.55,standard,2026-07-05T20:03:36Z
190,13,2,43.55,standard,2026-07-05T20:03:36Z
190,13,3,43.55,standard,2026-07-05T20:03:36Z
190,13,4,43.55,standard,2026-07-05T20:03:36Z
190,13,5,43.55,standard,2026-07-05T20:03:36Z
190,13,6,43.55,standard,2026-07-05T20:03:36Z
190,13,7,43.55,standard,2026-07-05T20:03:36Z
190,13,8,43.55,standard,2026-07-05T20:03:36Z
190,13,9,43.55,standard,2026-07-05T20:03:36Z
190,14,10,43.55,standard,2026-07-05T20:03:36Z
190,14,11,43.55,standard,2026-07-05T20:03:36Z
190,14,12,43.55,standard,2026-07-05T20:03:36Z
190,14,2,43.55,standard,2026-07-05T20:03:36Z
190,14,3,43.55,standard,2026-07-05T20:03:36Z
190,14,4,43.55,standard,2026-07-05T20:03:36Z
190,14,5,43.55,standard,2026-07-05T20:03:36Z
190,14,6,43.55,standard,2026-07-05T20:03:36Z
190,14,7,43.55,standard,2026-07-05T20:03:36Z
190,14,8,43.55,standard,2026-07-05T20:03:36Z
190,14,9,43.55,standard,2026-07-05T20:03:36Z
190,15,10,43.55,standard,2026-07-05T20:03:36Z
190,15,2,43.55,standard,2026-07-05T20:03:36Z
190,15,3,43.55,standard,2026-07-05T20:03:36Z
190,15,4,43.55,standard,2026-07-05T20:03:36Z
190,15,5,43.55,standard,2026-07-05T20:03:36Z
190,15,6,43.55,standard,2026-07-05T20:03:36Z
190,15,7,43.55,standard,2026-07-05T20:03:36Z
190,15,8,43.55,standard,2026-07-05T20:03:36Z
190,15,9,43.55,standard,2026-07-05T20:03:36Z
190,4,9,43.55,standard,2026-07-05T20:03:36Z
190,4,10,43.55,standard,2026-07-05T20:03:36Z
190,4,11,43.55,standard,2026-07-05T20:03:36Z
190,6,4,43.55,standard,2026-07-05T20:03:36Z
190,6,2,43.55,standard,2026-07-05T20:03:36Z
190,6,3,43.55,standard,2026-07-05T20:03:36Z
190,7,4,43.55,standard,2026-07-05T20:03:36Z
190,7,5,43.55,standard,2026-07-05T20:03:36Z
190,7,6,43.55,standard,2026-07-05T20:03:36Z
190,8,4,43.55,standard,2026-07-05T20:03:36Z
190,8,5,43.55,standard,2026-07-05T20:03:36Z
190,8,6,43.55,standard,2026-07-05T20:03:36Z
190,8,7,43.55,standard,2026-07-05T20:03:36Z
190,8,8,43.55,standard,2026-07-05T20:03:36Z
190,8,1,43.55,standard,2026-07-05T20:03:36Z
190,8,2,43.55,standard,2026-07-05T20:03:36Z
190,8,3,43.55,standard,2026-07-05T20:03:36Z
190,9,1,43.55,standard,2026-07-05T20:03:36Z
190,9,2,43.55,standard,2026-07-05T20:03:36Z
190,9,3,43.55,standard,2026-07-05T20:03:36Z
191,10,10,43.55,standard,2026-07-05T20:03:36Z
191,10,11,43.55,standard,2026-07-05T20:03:36Z
191,10,12,43.55,standard,2026-07-05T20:03:36Z
191,10,13,43.55,standard,2026-07-05T20:03:36Z
191,10,14,43.55,standard,2026-07-05T20:03:36Z
191,10,15,43.55,standard,2026-07-05T20:03:36Z
191,10,16,43.55,standard,2026-07-05T20:03:36Z
191,10,17,43.55,standard,2026-07-05T20:03:36Z
191,10,18,43.55,standard,2026-07-05T20:03:36Z
191,10,19,43.55,standard,2026-07-05T20:03:36Z
191,10,20,43.55,standard,2026-07-05T20:03:36Z
191,10,21,43.55,standard,2026-07-05T20:03:36Z
191,10,3,43.55,standard,2026-07-05T20:03:36Z
191,10,4,43.55,standard,2026-07-05T20:03:36Z
191,10,5,43.55,standard,2026-07-05T20:03:36Z
191,10,6,43.55,standard,2026-07-05T20:03:36Z
191,10,7,43.55,standard,2026-07-05T20:03:36Z
191,10,8,43.55,standard,2026-07-05T20:03:36Z
191,10,9,43.55,standard,2026-07-05T20:03:36Z
191,11,10,43.55,standard,2026-07-05T20:03:36Z
191,11,11,43.55,standard,2026-07-05T20:03:36Z
191,11,12,43.55,standard,2026-07-05T20:03:36Z
191,11,13,43.55,standard,2026-07-05T20:03:36Z
191,11,14,43.55,standard,2026-07-05T20:03:36Z
191,11,15,43.55,standard,2026-07-05T20:03:36Z
191,11,16,43.55,standard,2026-07-05T20:03:36Z
191,11,17,43.55,standard,2026-07-05T20:03:36Z
191,11,18,43.55,standard,2026-07-05T20:03:36Z
191,11,19,43.55,standard,2026-07-05T20:03:36Z
191,11,20,43.55,standard,2026-07-05T20:03:36Z
191,11,21,43.55,standard,2026-07-05T20:03:36Z
191,11,3,43.55,standard,2026-07-05T20:03:36Z
191,11,4,43.55,standard,2026-07-05T20:03:36Z
191,11,5,43.55,standard,2026-07-05T20:03:36Z
191,11,6,43.55,standard,2026-07-05T20:03:36Z
191,11,7,43.55,standard,2026-07-05T20:03:36Z
191,11,8,43.55,standard,2026-07-05T20:03:36Z
191,11,9,43.55,standard,2026-07-05T20:03:36Z
191,12,10,43.55,standard,2026-07-05T20:03:36Z
191,12,11,43.55,standard,2026-07-05T20:03:36Z
191,12,12,43.55,standard,2026-07-05T20:03:36Z
191,12,13,43.55,standard,2026-07-05T20:03:36Z
191,12,14,43.55,standard,2026-07-05T20:03:36Z
191,12,15,43.55,standard,2026-07-05T20:03:36Z
191,12,16,43.55,standard,2026-07-05T20:03:36Z
191,12,17,43.55,standard,2026-07-05T20:03:36Z
191,12,18,43.55,standard,2026-07-05T20:03:36Z
191,12,19,43.55,standard,2026-07-05T20:03:36Z
191,12,20,43.55,standard,2026-07-05T20:03:36Z
191,12,21,43.55,standard,2026-07-05T20:03:36Z
191,12,22,43.55,standard,2026-07-05T20:03:36Z
191,12,23,43.55,standard,2026-07-05T20:03:36Z
191,12,24,43.55,standard,2026-07-05T20:03:36Z
191,12,6,43.55,standard,2026-07-05T20:03:36Z
191,12,7,43.55,standard,2026-07-05T20:03:36Z
191,12,8,43.55,standard,2026-07-05T20:03:36Z
191,12,9,43.55,standard,2026-07-05T20:03:36Z
191,13,10,43.55,standard,2026-07-05T20:03:36Z
191,13,11,43.55,standard,2026-07-05T20:03:36Z
191,13,12,43.55,standard,2026-07-05T20:03:36Z
191,13,13,43.55,standard,2026-07-05T20:03:36Z
191,13,14,43.55,standard,2026-07-05T20:03:36Z
191,13,15,43.55,standard,2026-07-05T20:03:36Z
191,13,16,43.55,standard,2026-07-05T20:03:36Z
191,13,17,43.55,standard,2026-07-05T20:03:36Z
191,13,18,43.55,standard,2026-07-05T20:03:36Z
191,13,19,43.55,standard,2026-07-05T20:03:36Z
191,13,20,43.55,standard,2026-07-05T20:03:36Z
191,13,21,43.55,standard,2026-07-05T20:03:36Z
191,13,22,43.55,standard,2026-07-05T20:03:36Z
191,13,23,43.55,standard,2026-07-05T20:03:36Z
191,13,24,43.55,standard,2026-07-05T20:03:36Z
191,13,3,43.55,standard,2026-07-05T20:03:36Z
191,13,4,43.55,standard,2026-07-05T20:03:36Z
191,13,5,43.55,standard,2026-07-05T20:03:36Z
191,13,6,43.55,standard,2026-07-05T20:03:36Z
191,13,7,43.55,standard,2026-07-05T20:03:36Z
191,13,8,43.55,standard,2026-07-05T20:03:36Z
191,13,9,43.55,standard,2026-07-05T20:03:36Z
191,14,10,43.55,standard,2026-07-05T20:03:36Z
191,14,11,43.55,standard,2026-07-05T20:03:36Z
191,14,12,43.55,standard,2026-07-05T20:03:36Z
191,14,13,43.55,standard,2026-07-05T20:03:36Z
191,14,14,43.55,standard,2026-07-05T20:03:36Z
191,14,15,43.55,standard,2026-07-05T20:03:36Z
191,14,16,43.55,standard,2026-07-05T20:03:36Z
191,14,17,43.55,standard,2026-07-05T20:03:36Z
191,14,18,43.55,standard,2026-07-05T20:03:36Z
191,14,19,43.55,standard,2026-07-05T20:03:36Z
191,14,20,43.55,standard,2026-07-05T20:03:36Z
191,14,21,43.55,standard,2026-07-05T20:03:36Z
191,14,22,43.55,standard,2026-07-05T20:03:36Z
191,14,23,43.55,standard,2026-07-05T20:03:36Z
191,14,24,43.55,standard,2026-07-05T20:03:36Z
191,14,3,43.55,standard,2026-07-05T20:03:36Z
191,14,4,43.55,standard,2026-07-05T20:03:36Z
191,14,5,43.55,standard,2026-07-05T20:03:36Z
191,14,6,43.55,standard,2026-07-05T20:03:36Z
191,14,7,43.55,standard,2026-07-05T20:03:36Z
191,14,8,43.55,standard,2026-07-05T20:03:36Z
191,14,9,43.55,standard,2026-07-05T20:03:36Z
191,15,10,43.55,standard,2026-07-05T20:03:36Z
191,15,11,43.55,standard,2026-07-05T20:03:36Z
191,15,12,43.55,standard,2026-07-05T20:03:36Z
191,15,13,43.55,standard,2026-07-05T20:03:36Z
191,15,14,43.55,standard,2026-07-05T20:03:36Z
191,15,15,43.55,standard,2026-07-05T20:03:36Z
191,15,16,43.55,standard,2026-07-05T20:03:36Z
191,15,17,43.55,standard,2026-07-05T20:03:36Z
191,15,18,43.55,standard,2026-07-05T20:03:36Z
191,15,19,43.55,standard,2026-07-05T20:03:36Z
191,15,20,43.55,standard,2026-07-05T20:03:36Z
191,15,21,43.55,standard,2026-07-05T20:03:36Z
191,15,22,43.55,standard,2026-07-05T20:03:36Z
191,15,23,43.55,standard,2026-07-05T20:03:36Z
191,15,3,43.55,standard,2026-07-05T20:03:36Z
191,15,4,43.55,standard,2026-07-05T20:03:36Z
191,15,5,43.55,standard,2026-07-05T20:03:36Z
191,15,6,43.55,standard,2026-07-05T20:03:36Z
191,15,7,43.55,standard,2026-07-05T20:03:36Z
191,15,8,43.55,standard,2026-07-05T20:03:36Z
191,15,9,43.55,standard,2026-07-05T20:03:36Z
191,4,8,43.55,standard,2026-07-05T20:03:36Z
191,4,9,43.55,standard,2026-07-05T20:03:36Z
191,4,10,43.55,standard,2026-07-05T20:03:36Z
191,4,11,43.55,standard,2026-07-05T20:03:36Z
191,4,12,43.55,standard,2026-07-05T20:03:36Z
191,4,13,43.55,standard,2026-07-05T20:03:36Z
191,4,14,43.55,standard,2026-07-05T20:03:36Z
191,4,15,43.55,standard,2026-07-05T20:03:36Z
191,4,16,43.55,standard,2026-07-05T20:03:36Z
191,4,17,43.55,standard,2026-07-05T20:03:36Z
191,4,18,43.55,standard,2026-07-05T20:03:36Z
191,5,5,43.55,standard,2026-07-05T20:03:36Z
191,5,6,43.55,standard,2026-07-05T20:03:36Z
191,5,7,43.55,standard,2026-07-05T20:03:36Z
191,5,8,43.55,standard,2026-07-05T20:03:36Z
191,5,9,43.55,standard,2026-07-05T20:03:36Z
191,5,10,43.55,standard,2026-07-05T20:03:36Z
191,5,11,43.55,standard,2026-07-05T20:03:36Z
191,5,12,43.55,standard,2026-07-05T20:03:36Z
191,5,13,43.55,standard,2026-07-05T20:03:36Z
191,5,14,43.55,standard,2026-07-05T20:03:36Z
191,5,15,43.55,standard,2026-07-05T20:03:36Z
191,5,16,43.55,standard,2026-07-05T20:03:36Z
191,5,17,43.55,standard,2026-07-05T20:03:36Z
191,5,18,43.55,standard,2026-07-05T20:03:36Z
191,5,19,43.55,standard,2026-07-05T20:03:36Z
191,5,20,43.55,standard,2026-07-05T20:03:36Z
191,6,11,43.55,standard,2026-07-05T20:03:36Z
191,6,12,43.55,standard,2026-07-05T20:03:36Z
191,6,13,43.55,standard,2026-07-05T20:03:36Z
191,6,14,43.55,standard,2026-07-05T20:03:36Z
191,6,15,43.55,standard,2026-07-05T20:03:36Z
191,6,16,43.55,standard,2026-07-05T20:03:36Z
191,8,5,43.55,standard,2026-07-05T20:03:36Z
191,8,6,43.55,standard,2026-07-05T20:03:36Z
191,8,7,43.55,standard,2026-07-05T20:03:36Z
191,8,8,43.55,standard,2026-07-05T20:03:36Z
191,8,9,43.55,standard,2026-07-05T20:03:36Z
191,8,10,43.55,standard,2026-07-05T20:03:36Z
191,8,11,43.55,standard,2026-07-05T20:03:36Z
191,8,12,43.55,standard,2026-07-05T20:03:36Z
191,8,13,43.55,standard,2026-07-05T20:03:36Z
191,8,14,43.55,standard,2026-07-05T20:03:36Z
191,8,15,43.55,standard,2026-07-05T20:03:36Z
191,8,16,43.55,standard,2026-07-05T20:03:36Z
191,8,17,43.55,standard,2026-07-05T20:03:36Z
191,8,18,43.55,standard,2026-07-05T20:03:36Z
191,8,19,43.55,standard,2026-07-05T20:03:36Z
191,8,20,43.55,standard,2026-07-05T20:03:36Z
191,8,21,43.55,standard,2026-07-05T20:03:36Z
191,9,4,43.55,standard,2026-07-05T20:03:36Z
191,9,5,43.55,standard,2026-07-05T20:03:36Z
191,9,6,43.55,standard,2026-07-05T20:03:36Z
191,9,7,43.55,standard,2026-07-05T20:03:36Z
191,9,8,43.55,standard,2026-07-05T20:03:36Z
191,9,9,43.55,standard,2026-07-05T20:03:36Z
191,9,10,43.55,standard,2026-07-05T20:03:36Z
191,9,11,43.55,standard,2026-07-05T20:03:36Z
191,9,12,43.55,standard,2026-07-05T20:03:36Z
191,9,13,43.55,standard,2026-07-05T20:03:36Z
191,9,14,43.55,standard,2026-07-05T20:03:36Z
191,9,15,43.55,standard,2026-07-05T20:03:36Z
191,9,16,43.55,standard,2026-07-05T20:03:36Z
191,9,17,43.55,standard,2026-07-05T20:03:36Z
191,9,18,43.55,standard,2026-07-05T20:03:36Z
191,9,19,43.55,standard,2026-07-05T20:03:36Z
191,9,20,43.55,standard,2026-07-05T20:03:36Z
191,9,21,43.55,standard,2026-07-05T20:03:36Z
191,9,3,43.55,standard,2026-07-05T20:03:36Z
192,10,19,43.55,standard,2026-07-05T20:03:36Z
192,10,20,43.55,standard,2026-07-05T20:03:36Z
192,10,21,43.55,standard,2026-07-05T20:03:36Z
192,10,22,43.55,standard,2026-07-05T20:03:36Z
192,10,23,43.55,standard,2026-07-05T20:03:36Z
192,11,10,43.55,standard,2026-07-05T20:03:36Z
192,11,11,43.55,standard,2026-07-05T20:03:36Z
192,11,12,43.55,standard,2026-07-05T20:03:36Z
192,11,13,43.55,standard,2026-07-05T20:03:36Z
192,11,14,43.55,standard,2026-07-05T20:03:36Z
192,11,15,43.55,standard,2026-07-05T20:03:36Z
192,11,16,43.55,standard,2026-07-05T20:03:36Z
192,11,17,43.55,standard,2026-07-05T20:03:36Z
192,11,18,43.55,standard,2026-07-05T20:03:36Z
192,11,19,43.55,standard,2026-07-05T20:03:36Z
192,11,20,43.55,standard,2026-07-05T20:03:36Z
192,11,21,43.55,standard,2026-07-05T20:03:36Z
192,11,22,43.55,standard,2026-07-05T20:03:36Z
192,11,23,43.55,standard,2026-07-05T20:03:36Z
192,11,6,43.55,standard,2026-07-05T20:03:36Z
192,11,7,43.55,standard,2026-07-05T20:03:36Z
192,11,8,43.55,standard,2026-07-05T20:03:36Z
192,11,9,43.55,standard,2026-07-05T20:03:36Z
192,12,10,43.55,standard,2026-07-05T20:03:36Z
192,12,11,43.55,standard,2026-07-05T20:03:36Z
192,12,12,43.55,standard,2026-07-05T20:03:36Z
192,12,13,43.55,standard,2026-07-05T20:03:36Z
192,12,14,43.55,standard,2026-07-05T20:03:36Z
192,12,15,43.55,standard,2026-07-05T20:03:36Z
192,12,16,43.55,standard,2026-07-05T20:03:36Z
192,12,17,43.55,standard,2026-07-05T20:03:36Z
192,12,18,43.55,standard,2026-07-05T20:03:36Z
192,12,19,43.55,standard,2026-07-05T20:03:36Z
192,12,20,43.55,standard,2026-07-05T20:03:36Z
192,12,21,43.55,standard,2026-07-05T20:03:36Z
192,12,22,43.55,standard,2026-07-05T20:03:36Z
192,12,3,43.55,standard,2026-07-05T20:03:36Z
192,12,4,43.55,standard,2026-07-05T20:03:36Z
192,12,5,43.55,standard,2026-07-05T20:03:36Z
192,12,6,43.55,standard,2026-07-05T20:03:36Z
192,12,7,43.55,standard,2026-07-05T20:03:36Z
192,12,8,43.55,standard,2026-07-05T20:03:36Z
192,12,9,43.55,standard,2026-07-05T20:03:36Z
192,13,10,43.55,standard,2026-07-05T20:03:36Z
192,13,11,43.55,standard,2026-07-05T20:03:36Z
192,13,14,43.55,standard,2026-07-05T20:03:36Z
192,13,15,43.55,standard,2026-07-05T20:03:36Z
192,13,16,43.55,standard,2026-07-05T20:03:36Z
192,13,17,43.55,standard,2026-07-05T20:03:36Z
192,13,18,43.55,standard,2026-07-05T20:03:36Z
192,13,19,43.55,standard,2026-07-05T20:03:36Z
192,13,20,43.55,standard,2026-07-05T20:03:36Z
192,13,21,43.55,standard,2026-07-05T20:03:36Z
192,13,22,43.55,standard,2026-07-05T20:03:36Z
192,13,23,43.55,standard,2026-07-05T20:03:36Z
192,13,24,43.55,standard,2026-07-05T20:03:36Z
192,13,25,43.55,standard,2026-07-05T20:03:36Z
192,13,26,43.55,standard,2026-07-05T20:03:36Z
192,13,5,43.55,standard,2026-07-05T20:03:36Z
192,13,6,43.55,standard,2026-07-05T20:03:36Z
192,13,7,43.55,standard,2026-07-05T20:03:36Z
192,13,8,43.55,standard,2026-07-05T20:03:36Z
192,13,9,43.55,standard,2026-07-05T20:03:36Z
192,15,10,43.55,standard,2026-07-05T20:03:36Z
192,15,11,43.55,standard,2026-07-05T20:03:36Z
192,15,12,43.55,standard,2026-07-05T20:03:36Z
192,15,2,43.55,standard,2026-07-05T20:03:36Z
192,15,3,43.55,standard,2026-07-05T20:03:36Z
192,15,4,43.55,standard,2026-07-05T20:03:36Z
192,15,5,43.55,standard,2026-07-05T20:03:36Z
192,15,6,43.55,standard,2026-07-05T20:03:36Z
192,15,7,43.55,standard,2026-07-05T20:03:36Z
192,15,8,43.55,standard,2026-07-05T20:03:36Z
192,15,9,43.55,standard,2026-07-05T20:03:36Z
192,16,10,43.55,standard,2026-07-05T20:03:36Z
192,16,11,43.55,standard,2026-07-05T20:03:36Z
192,16,12,43.55,standard,2026-07-05T20:03:36Z
192,16,7,43.55,standard,2026-07-05T20:03:36Z
192,16,8,43.55,standard,2026-07-05T20:03:36Z
192,16,9,43.55,standard,2026-07-05T20:03:36Z
192,5,21,43.55,standard,2026-07-05T20:03:36Z
192,5,22,43.55,standard,2026-07-05T20:03:36Z
192,6,8,43.55,standard,2026-07-05T20:03:36Z
192,6,9,43.55,standard,2026-07-05T20:03:36Z
192,6,10,43.55,standard,2026-07-05T20:03:36Z
192,6,14,43.55,standard,2026-07-05T20:03:36Z
192,6,15,43.55,standard,2026-07-05T20:03:36Z
192,6,16,43.55,standard,2026-07-05T20:03:36Z
192,6,17,43.55,standard,2026-07-05T20:03:36Z
192,6,18,43.55,standard,2026-07-05T20:03:36Z
192,6,19,43.55,standard,2026-07-05T20:03:36Z
192,7,7,43.55,standard,2026-07-05T20:03:36Z
192,7,8,43.55,standard,2026-07-05T20:03:36Z
192,7,9,43.55,standard,2026-07-05T20:03:36Z
192,7,10,43.55,standard,2026-07-05T20:03:36Z
192,7,11,43.55,standard,2026-07-05T20:03:36Z
192,7,12,43.55,standard,2026-07-05T20:03:36Z
192,7,13,43.55,standard,2026-07-05T20:03:36Z
192,7,14,43.55,standard,2026-07-05T20:03:36Z
192,7,15,43.55,standard,2026-07-05T20:03:36Z
192,7,16,43.55,standard,2026-07-05T20:03:36Z
192,7,17,43.55,standard,2026-07-05T20:03:36Z
192,7,18,43.55,standard,2026-07-05T20:03:36Z
192,7,19,43.55,standard,2026-07-05T20:03:36Z
192,8,9,43.55,standard,2026-07-05T20:03:36Z
192,8,10,43.55,standard,2026-07-05T20:03:36Z
192,8,11,43.55,standard,2026-07-05T20:03:36Z
192,8,12,43.55,standard,2026-07-05T20:03:36Z
192,8,13,43.55,standard,2026-07-05T20:03:36Z
192,8,14,43.55,standard,2026-07-05T20:03:36Z
192,8,15,43.55,standard,2026-07-05T20:03:36Z
192,8,16,43.55,standard,2026-07-05T20:03:36Z
192,9,4,43.55,standard,2026-07-05T20:03:36Z
192,9,5,43.55,standard,2026-07-05T20:03:36Z
192,9,6,43.55,standard,2026-07-05T20:03:36Z
192,9,7,43.55,standard,2026-07-05T20:03:36Z
192,9,8,43.55,standard,2026-07-05T20:03:36Z
192,9,9,43.55,standard,2026-07-05T20:03:36Z
192,9,10,43.55,standard,2026-07-05T20:03:36Z
192,9,11,43.55,standard,2026-07-05T20:03:36Z
192,9,12,43.55,standard,2026-07-05T20:03:36Z
192,9,13,43.55,standard,2026-07-05T20:03:36Z
192,9,14,43.55,standard,2026-07-05T20:03:36Z
192,9,15,43.55,standard,2026-07-05T20:03:36Z
192,9,16,43.55,standard,2026-07-05T20:03:36Z
192,9,17,43.55,standard,2026-07-05T20:03:36Z
192,9,18,43.55,standard,2026-07-05T20:03:36Z
192,9,19,43.55,standard,2026-07-05T20:03:36Z
192,9,20,43.55,standard,2026-07-05T20:03:36Z
192,9,21,43.55,standard,2026-07-05T20:03:36Z
192,9,22,43.55,standard,2026-07-05T20:03:36Z
192,9,3,43.55,standard,2026-07-05T20:03:36Z
193,10,10,43.55,standard,2026-07-05T20:03:36Z
193,10,11,43.55,standard,2026-07-05T20:03:36Z
193,10,12,43.55,standard,2026-07-05T20:03:36Z
193,10,13,43.55,standard,2026-07-05T20:03:36Z
193,10,14,43.55,standard,2026-07-05T20:03:36Z
193,10,15,43.55,standard,2026-07-05T20:03:36Z
193,10,16,43.55,standard,2026-07-05T20:03:36Z
193,10,17,43.55,standard,2026-07-05T20:03:36Z
193,10,18,43.55,standard,2026-07-05T20:03:36Z
193,10,19,43.55,standard,2026-07-05T20:03:36Z
193,10,20,43.55,standard,2026-07-05T20:03:36Z
193,10,21,43.55,standard,2026-07-05T20:03:36Z
193,11,10,43.55,standard,2026-07-05T20:03:36Z
193,11,11,43.55,standard,2026-07-05T20:03:36Z
193,11,12,43.55,standard,2026-07-05T20:03:36Z
193,11,13,43.55,standard,2026-07-05T20:03:36Z
193,11,14,43.55,standard,2026-07-05T20:03:36Z
193,11,15,43.55,standard,2026-07-05T20:03:36Z
193,11,16,43.55,standard,2026-07-05T20:03:36Z
193,11,17,43.55,standard,2026-07-05T20:03:36Z
193,11,18,43.55,standard,2026-07-05T20:03:36Z
193,11,19,43.55,standard,2026-07-05T20:03:36Z
193,11,20,43.55,standard,2026-07-05T20:03:36Z
193,11,21,43.55,standard,2026-07-05T20:03:36Z
193,11,3,43.55,standard,2026-07-05T20:03:36Z
193,11,4,43.55,standard,2026-07-05T20:03:36Z
193,11,5,43.55,standard,2026-07-05T20:03:36Z
193,11,6,43.55,standard,2026-07-05T20:03:36Z
193,11,7,43.55,standard,2026-07-05T20:03:36Z
193,11,8,43.55,standard,2026-07-05T20:03:36Z
193,11,9,43.55,standard,2026-07-05T20:03:36Z
193,12,10,43.55,standard,2026-07-05T20:03:36Z
193,12,11,43.55,standard,2026-07-05T20:03:36Z
193,12,12,43.55,standard,2026-07-05T20:03:36Z
193,12,13,43.55,standard,2026-07-05T20:03:36Z
193,12,14,43.55,standard,2026-07-05T20:03:36Z
193,12,15,43.55,standard,2026-07-05T20:03:36Z
193,12,16,43.55,standard,2026-07-05T20:03:36Z
193,12,17,43.55,standard,2026-07-05T20:03:36Z
193,12,18,43.55,standard,2026-07-05T20:03:36Z
193,12,19,43.55,standard,2026-07-05T20:03:36Z
193,12,20,43.55,standard,2026-07-05T20:03:36Z
193,12,21,43.55,standard,2026-07-05T20:03:36Z
193,12,22,43.55,standard,2026-07-05T20:03:36Z
193,12,23,43.55,standard,2026-07-05T20:03:36Z
193,12,24,43.55,standard,2026-07-05T20:03:36Z
193,12,3,43.55,standard,2026-07-05T20:03:36Z
193,12,4,43.55,standard,2026-07-05T20:03:36Z
193,12,5,43.55,standard,2026-07-05T20:03:36Z
193,12,6,43.55,standard,2026-07-05T20:03:36Z
193,12,7,43.55,standard,2026-07-05T20:03:36Z
193,12,8,43.55,standard,2026-07-05T20:03:36Z
193,12,9,43.55,standard,2026-07-05T20:03:36Z
193,13,10,43.55,standard,2026-07-05T20:03:36Z
193,13,11,43.55,standard,2026-07-05T20:03:36Z
193,13,12,43.55,standard,2026-07-05T20:03:36Z
193,13,13,43.55,standard,2026-07-05T20:03:36Z
193,13,14,43.55,standard,2026-07-05T20:03:36Z
193,13,15,43.55,standard,2026-07-05T20:03:36Z
193,13,16,43.55,standard,2026-07-05T20:03:36Z
193,13,17,43.55,standard,2026-07-05T20:03:36Z
193,13,18,43.55,standard,2026-07-05T20:03:36Z
193,13,19,43.55,standard,2026-07-05T20:03:36Z
193,13,20,43.55,standard,2026-07-05T20:03:36Z
193,13,21,43.55,standard,2026-07-05T20:03:36Z
193,13,22,43.55,standard,2026-07-05T20:03:36Z
193,13,23,43.55,standard,2026-07-05T20:03:36Z
193,13,24,43.55,standard,2026-07-05T20:03:36Z
193,13,3,43.55,standard,2026-07-05T20:03:36Z
193,13,4,43.55,standard,2026-07-05T20:03:36Z
193,13,5,43.55,standard,2026-07-05T20:03:36Z
193,13,6,43.55,standard,2026-07-05T20:03:36Z
193,13,7,43.55,standard,2026-07-05T20:03:36Z
193,13,8,43.55,standard,2026-07-05T20:03:36Z
193,13,9,43.55,standard,2026-07-05T20:03:36Z
193,15,14,43.55,standard,2026-07-05T20:03:36Z
193,15,15,43.55,standard,2026-07-05T20:03:36Z
193,15,16,43.55,standard,2026-07-05T20:03:36Z
193,15,17,43.55,standard,2026-07-05T20:03:36Z
193,15,18,43.55,standard,2026-07-05T20:03:36Z
193,15,19,43.55,standard,2026-07-05T20:03:36Z
193,15,20,43.55,standard,2026-07-05T20:03:36Z
193,15,21,43.55,standard,2026-07-05T20:03:36Z
193,16,15,43.55,standard,2026-07-05T20:03:36Z
193,16,16,43.55,standard,2026-07-05T20:03:36Z
193,4,10,43.55,standard,2026-07-05T20:03:36Z
193,4,11,43.55,standard,2026-07-05T20:03:36Z
193,7,15,43.55,standard,2026-07-05T20:03:36Z
193,7,16,43.55,standard,2026-07-05T20:03:36Z
193,8,8,43.55,standard,2026-07-05T20:03:36Z
193,8,9,43.55,standard,2026-07-05T20:03:36Z
193,8,10,43.55,standard,2026-07-05T20:03:36Z
193,8,11,43.55,standard,2026-07-05T20:03:36Z
193,8,12,43.55,standard,2026-07-05T20:03:36Z
193,8,13,43.55,standard,2026-07-05T20:03:36Z
193,8,14,43.55,standard,2026-07-05T20:03:36Z
193,8,15,43.55,standard,2026-07-05T20:03:36Z
193,8,16,43.55,standard,2026-07-05T20:03:36Z
193,9,8,43.55,standard,2026-07-05T20:03:36Z
193,9,9,43.55,standard,2026-07-05T20:03:36Z
193,9,10,43.55,standard,2026-07-05T20:03:36Z
193,9,11,43.55,standard,2026-07-05T20:03:36Z
193,9,12,43.55,standard,2026-07-05T20:03:36Z
193,9,13,43.55,standard,2026-07-05T20:03:36Z
193,9,14,43.55,standard,2026-07-05T20:03:36Z
193,9,15,43.55,standard,2026-07-05T20:03:36Z
193,9,16,43.55,standard,2026-07-05T20:03:36Z
193,9,17,43.55,standard,2026-07-05T20:03:36Z
193,9,18,43.55,standard,2026-07-05T20:03:36Z
193,9,19,43.55,standard,2026-07-05T20:03:36Z
193,9,20,43.55,standard,2026-07-05T20:03:36Z
193,9,21,43.55,standard,2026-07-05T20:03:36Z
194,10,10,43.55,standard,2026-07-05T20:03:36Z
194,10,11,43.55,standard,2026-07-05T20:03:36Z
194,10,12,43.55,standard,2026-07-05T20:03:36Z
194,10,13,43.55,standard,2026-07-05T20:03:36Z
194,10,14,43.55,standard,2026-07-05T20:03:36Z
194,10,15,43.55,standard,2026-07-05T20:03:36Z
194,10,16,43.55,standard,2026-07-05T20:03:36Z
194,10,17,43.55,standard,2026-07-05T20:03:36Z
194,10,18,43.55,standard,2026-07-05T20:03:36Z
194,10,19,43.55,standard,2026-07-05T20:03:36Z
194,10,20,43.55,standard,2026-07-05T20:03:36Z
194,10,21,43.55,standard,2026-07-05T20:03:36Z
194,10,3,43.55,standard,2026-07-05T20:03:36Z
194,10,4,43.55,standard,2026-07-05T20:03:36Z
194,10,5,43.55,standard,2026-07-05T20:03:36Z
194,10,6,43.55,standard,2026-07-05T20:03:36Z
194,10,7,43.55,standard,2026-07-05T20:03:36Z
194,10,8,43.55,standard,2026-07-05T20:03:36Z
194,10,9,43.55,standard,2026-07-05T20:03:36Z
194,11,10,43.55,standard,2026-07-05T20:03:36Z
194,11,11,43.55,standard,2026-07-05T20:03:36Z
194,11,12,43.55,standard,2026-07-05T20:03:36Z
194,11,13,43.55,standard,2026-07-05T20:03:36Z
194,11,14,43.55,standard,2026-07-05T20:03:36Z
194,11,15,43.55,standard,2026-07-05T20:03:36Z
194,11,16,43.55,standard,2026-07-05T20:03:36Z
194,11,17,43.55,standard,2026-07-05T20:03:36Z
194,11,18,43.55,standard,2026-07-05T20:03:36Z
194,11,19,43.55,standard,2026-07-05T20:03:36Z
194,11,20,43.55,standard,2026-07-05T20:03:36Z
194,11,21,43.55,standard,2026-07-05T20:03:36Z
194,11,3,43.55,standard,2026-07-05T20:03:36Z
194,11,4,43.55,standard,2026-07-05T20:03:36Z
194,11,5,43.55,standard,2026-07-05T20:03:36Z
194,11,6,43.55,standard,2026-07-05T20:03:36Z
194,11,7,43.55,standard,2026-07-05T20:03:36Z
194,11,8,43.55,standard,2026-07-05T20:03:36Z
194,11,9,43.55,standard,2026-07-05T20:03:36Z
194,12,10,43.55,standard,2026-07-05T20:03:36Z
194,12,11,43.55,standard,2026-07-05T20:03:36Z
194,12,12,43.55,standard,2026-07-05T20:03:36Z
194,12,13,43.55,standard,2026-07-05T20:03:36Z
194,12,14,43.55,standard,2026-07-05T20:03:36Z
194,12,15,43.55,standard,2026-07-05T20:03:36Z
194,12,16,43.55,standard,2026-07-05T20:03:36Z
194,12,17,43.55,standard,2026-07-05T20:03:36Z
194,12,18,43.55,standard,2026-07-05T20:03:36Z
194,12,19,43.55,standard,2026-07-05T20:03:36Z
194,12,20,43.55,standard,2026-07-05T20:03:36Z
194,12,21,43.55,standard,2026-07-05T20:03:36Z
194,12,3,43.55,standard,2026-07-05T20:03:36Z
194,12,4,43.55,standard,2026-07-05T20:03:36Z
194,12,5,43.55,standard,2026-07-05T20:03:36Z
194,12,6,43.55,standard,2026-07-05T20:03:36Z
194,12,7,43.55,standard,2026-07-05T20:03:36Z
194,12,8,43.55,standard,2026-07-05T20:03:36Z
194,12,9,43.55,standard,2026-07-05T20:03:36Z
194,13,10,43.55,standard,2026-07-05T20:03:36Z
194,13,11,43.55,standard,2026-07-05T20:03:36Z
194,13,12,43.55,standard,2026-07-05T20:03:36Z
194,13,13,43.55,standard,2026-07-05T20:03:36Z
194,13,14,43.55,standard,2026-07-05T20:03:36Z
194,13,15,43.55,standard,2026-07-05T20:03:36Z
194,13,16,43.55,standard,2026-07-05T20:03:36Z
194,13,17,43.55,standard,2026-07-05T20:03:36Z
194,13,18,43.55,standard,2026-07-05T20:03:36Z
194,13,19,43.55,standard,2026-07-05T20:03:36Z
194,13,20,43.55,standard,2026-07-05T20:03:36Z
194,13,21,43.55,standard,2026-07-05T20:03:36Z
194,13,22,43.55,standard,2026-07-05T20:03:36Z
194,13,23,43.55,standard,2026-07-05T20:03:36Z
194,13,24,43.55,standard,2026-07-05T20:03:36Z
194,13,3,43.55,standard,2026-07-05T20:03:36Z
194,13,4,43.55,standard,2026-07-05T20:03:36Z
194,13,5,43.55,standard,2026-07-05T20:03:36Z
194,13,6,43.55,standard,2026-07-05T20:03:36Z
194,13,7,43.55,standard,2026-07-05T20:03:36Z
194,13,8,43.55,standard,2026-07-05T20:03:36Z
194,13,9,43.55,standard,2026-07-05T20:03:36Z
194,14,10,43.55,standard,2026-07-05T20:03:36Z
194,14,11,43.55,standard,2026-07-05T20:03:36Z
194,14,12,43.55,standard,2026-07-05T20:03:36Z
194,14,13,43.55,standard,2026-07-05T20:03:36Z
194,14,14,43.55,standard,2026-07-05T20:03:36Z
194,14,15,43.55,standard,2026-07-05T20:03:36Z
194,14,16,43.55,standard,2026-07-05T20:03:36Z
194,14,17,43.55,standard,2026-07-05T20:03:36Z
194,14,18,43.55,standard,2026-07-05T20:03:36Z
194,14,19,43.55,standard,2026-07-05T20:03:36Z
194,14,20,43.55,standard,2026-07-05T20:03:36Z
194,14,21,43.55,standard,2026-07-05T20:03:36Z
194,14,22,43.55,standard,2026-07-05T20:03:36Z
194,14,23,43.55,standard,2026-07-05T20:03:36Z
194,14,24,43.55,standard,2026-07-05T20:03:36Z
194,14,3,43.55,standard,2026-07-05T20:03:36Z
194,14,4,43.55,standard,2026-07-05T20:03:36Z
194,14,5,43.55,standard,2026-07-05T20:03:36Z
194,14,6,43.55,standard,2026-07-05T20:03:36Z
194,14,7,43.55,standard,2026-07-05T20:03:36Z
194,14,8,43.55,standard,2026-07-05T20:03:36Z
194,14,9,43.55,standard,2026-07-05T20:03:36Z
194,15,10,43.55,standard,2026-07-05T20:03:36Z
194,15,11,43.55,standard,2026-07-05T20:03:36Z
194,15,12,43.55,standard,2026-07-05T20:03:36Z
194,15,13,43.55,standard,2026-07-05T20:03:36Z
194,15,14,43.55,standard,2026-07-05T20:03:36Z
194,15,15,43.55,standard,2026-07-05T20:03:36Z
194,15,16,43.55,standard,2026-07-05T20:03:36Z
194,15,17,43.55,standard,2026-07-05T20:03:36Z
194,15,18,43.55,standard,2026-07-05T20:03:36Z
194,15,19,43.55,standard,2026-07-05T20:03:36Z
194,15,20,43.55,standard,2026-07-05T20:03:36Z
194,15,21,43.55,standard,2026-07-05T20:03:36Z
194,15,22,43.55,standard,2026-07-05T20:03:36Z
194,15,23,43.55,standard,2026-07-05T20:03:36Z
194,15,24,43.55,standard,2026-07-05T20:03:36Z
194,15,5,43.55,standard,2026-07-05T20:03:36Z
194,15,6,43.55,standard,2026-07-05T20:03:36Z
194,15,7,43.55,standard,2026-07-05T20:03:36Z
194,15,8,43.55,standard,2026-07-05T20:03:36Z
194,15,9,43.55,standard,2026-07-05T20:03:36Z
194,5,14,43.55,standard,2026-07-05T20:03:36Z
194,5,15,43.55,standard,2026-07-05T20:03:36Z
194,5,16,43.55,standard,2026-07-05T20:03:36Z
194,5,17,43.55,standard,2026-07-05T20:03:36Z
194,5,18,43.55,standard,2026-07-05T20:03:36Z
194,5,19,43.55,standard,2026-07-05T20:03:36Z
194,7,5,43.55,standard,2026-07-05T20:03:36Z
194,7,6,43.55,standard,2026-07-05T20:03:36Z
194,7,7,43.55,standard,2026-07-05T20:03:36Z
194,7,8,43.55,standard,2026-07-05T20:03:36Z
194,7,9,43.55,standard,2026-07-05T20:03:36Z
194,7,10,43.55,standard,2026-07-05T20:03:36Z
194,7,11,43.55,standard,2026-07-05T20:03:36Z
194,7,12,43.55,standard,2026-07-05T20:03:36Z
194,7,13,43.55,standard,2026-07-05T20:03:36Z
194,7,14,43.55,standard,2026-07-05T20:03:36Z
194,7,15,43.55,standard,2026-07-05T20:03:36Z
194,7,16,43.55,standard,2026-07-05T20:03:36Z
194,8,4,43.55,standard,2026-07-05T20:03:36Z
194,8,5,43.55,standard,2026-07-05T20:03:36Z
194,8,6,43.55,standard,2026-07-05T20:03:36Z
194,8,7,43.55,standard,2026-07-05T20:03:36Z
194,8,8,43.55,standard,2026-07-05T20:03:36Z
194,8,9,43.55,standard,2026-07-05T20:03:36Z
194,8,10,43.55,standard,2026-07-05T20:03:36Z
194,8,11,43.55,standard,2026-07-05T20:03:36Z
194,8,12,43.55,standard,2026-07-05T20:03:36Z
194,8,13,43.55,standard,2026-07-05T20:03:36Z
194,8,14,43.55,standard,2026-07-05T20:03:36Z
194,8,15,43.55,standard,2026-07-05T20:03:36Z
194,8,16,43.55,standard,2026-07-05T20:03:36Z
194,8,17,43.55,standard,2026-07-05T20:03:36Z
194,8,3,43.55,standard,2026-07-05T20:03:36Z
194,9,5,43.55,standard,2026-07-05T20:03:36Z
194,9,6,43.55,standard,2026-07-05T20:03:36Z
194,9,7,43.55,standard,2026-07-05T20:03:36Z
194,9,8,43.55,standard,2026-07-05T20:03:36Z
194,9,9,43.55,standard,2026-07-05T20:03:36Z
194,9,10,43.55,standard,2026-07-05T20:03:36Z
194,9,11,43.55,standard,2026-07-05T20:03:36Z
194,9,12,43.55,standard,2026-07-05T20:03:36Z
194,9,13,43.55,standard,2026-07-05T20:03:36Z
194,9,14,43.55,standard,2026-07-05T20:03:36Z
194,9,15,43.55,standard,2026-07-05T20:03:36Z
194,9,16,43.55,standard,2026-07-05T20:03:36Z
194,9,17,43.55,standard,2026-07-05T20:03:36Z
194,9,18,43.55,standard,2026-07-05T20:03:36Z
194,9,19,43.55,standard,2026-07-05T20:03:36Z
194,9,20,43.55,standard,2026-07-05T20:03:36Z
194,9,21,43.55,standard,2026-07-05T20:03:36Z
195,10,10,43.55,standard,2026-07-05T20:03:36Z
195,10,11,43.55,standard,2026-07-05T20:03:36Z
195,10,3,43.55,standard,2026-07-05T20:03:36Z
195,10,4,43.55,standard,2026-07-05T20:03:36Z
195,10,5,43.55,standard,2026-07-05T20:03:36Z
195,10,6,43.55,standard,2026-07-05T20:03:36Z
195,10,7,43.55,standard,2026-07-05T20:03:36Z
195,10,8,43.55,standard,2026-07-05T20:03:36Z
195,10,9,43.55,standard,2026-07-05T20:03:36Z
195,11,10,43.55,standard,2026-07-05T20:03:36Z
195,11,11,43.55,standard,2026-07-05T20:03:36Z
195,11,3,43.55,standard,2026-07-05T20:03:36Z
195,11,4,43.55,standard,2026-07-05T20:03:36Z
195,11,5,43.55,standard,2026-07-05T20:03:36Z
195,11,6,43.55,standard,2026-07-05T20:03:36Z
195,11,7,43.55,standard,2026-07-05T20:03:36Z
195,11,8,43.55,standard,2026-07-05T20:03:36Z
195,11,9,43.55,standard,2026-07-05T20:03:36Z
195,12,10,43.55,standard,2026-07-05T20:03:36Z
195,12,11,43.55,standard,2026-07-05T20:03:36Z
195,12,2,43.55,standard,2026-07-05T20:03:36Z
195,12,3,43.55,standard,2026-07-05T20:03:36Z
195,12,4,43.55,standard,2026-07-05T20:03:36Z
195,12,5,43.55,standard,2026-07-05T20:03:36Z
195,12,6,43.55,standard,2026-07-05T20:03:36Z
195,12,7,43.55,standard,2026-07-05T20:03:36Z
195,12,8,43.55,standard,2026-07-05T20:03:36Z
195,12,9,43.55,standard,2026-07-05T20:03:36Z
195,13,10,43.55,standard,2026-07-05T20:03:36Z
195,13,11,43.55,standard,2026-07-05T20:03:36Z
195,13,9,43.55,standard,2026-07-05T20:03:36Z
195,14,10,43.55,standard,2026-07-05T20:03:36Z
195,14,11,43.55,standard,2026-07-05T20:03:36Z
195,14,2,43.55,standard,2026-07-05T20:03:36Z
195,14,3,43.55,standard,2026-07-05T20:03:36Z
195,14,4,43.55,standard,2026-07-05T20:03:36Z
195,14,5,43.55,standard,2026-07-05T20:03:36Z
195,14,6,43.55,standard,2026-07-05T20:03:36Z
195,14,7,43.55,standard,2026-07-05T20:03:36Z
195,14,8,43.55,standard,2026-07-05T20:03:36Z
195,14,9,43.55,standard,2026-07-05T20:03:36Z
195,15,10,43.55,standard,2026-07-05T20:03:36Z
195,15,11,43.55,standard,2026-07-05T20:03:36Z
195,15,9,43.55,standard,2026-07-05T20:03:36Z
195,3,5,43.55,standard,2026-07-05T20:03:36Z
195,3,6,43.55,standard,2026-07-05T20:03:36Z
195,6,5,43.55,standard,2026-07-05T20:03:36Z
195,6,6,43.55,standard,2026-07-05T20:03:36Z
195,6,7,43.55,standard,2026-07-05T20:03:36Z
195,6,8,43.55,standard,2026-07-05T20:03:36Z
195,6,9,43.55,standard,2026-07-05T20:03:36Z
195,6,10,43.55,standard,2026-07-05T20:03:36Z
195,6,11,43.55,standard,2026-07-05T20:03:36Z
195,7,4,43.55,standard,2026-07-05T20:03:36Z
195,7,5,43.55,standard,2026-07-05T20:03:36Z
195,7,6,43.55,standard,2026-07-05T20:03:36Z
195,7,7,43.55,standard,2026-07-05T20:03:36Z
195,7,8,43.55,standard,2026-07-05T20:03:36Z
195,7,9,43.55,standard,2026-07-05T20:03:36Z
195,7,10,43.55,standard,2026-07-05T20:03:36Z
195,7,11,43.55,standard,2026-07-05T20:03:36Z
195,8,4,43.55,standard,2026-07-05T20:03:36Z
195,8,5,43.55,standard,2026-07-05T20:03:36Z
195,8,6,43.55,standard,2026-07-05T20:03:36Z
195,8,7,43.55,standard,2026-07-05T20:03:36Z
195,8,3,43.55,standard,2026-07-05T20:03:36Z
195,9,4,43.55,standard,2026-07-05T20:03:36Z
195,9,5,43.55,standard,2026-07-05T20:03:36Z
195,9,6,43.55,standard,2026-07-05T20:03:36Z
195,9,7,43.55,standard,2026-07-05T20:03:36Z
195,9,8,43.55,standard,2026-07-05T20:03:36Z
195,9,9,43.55,standard,2026-07-05T20:03:36Z
195,9,10,43.55,standard,2026-07-05T20:03:36Z
195,9,11,43.55,standard,2026-07-05T20:03:36Z
195,9,3,43.55,standard,2026-07-05T20:03:36Z
211,1,6,111.43,standard,2026-07-05T20:03:36Z
211,10,1,111.43,standard,2026-07-05T20:03:36Z
211,10,2,111.43,standard,2026-07-05T20:03:36Z
211,10,3,111.43,standard,2026-07-05T20:03:36Z
211,10,4,111.43,standard,2026-07-05T20:03:36Z
211,10,5,111.43,standard,2026-07-05T20:03:36Z
211,10,6,111.43,standard,2026-07-05T20:03:36Z
211,11,1,111.43,standard,2026-07-05T20:03:36Z
211,11,2,111.43,standard,2026-07-05T20:03:36Z
211,11,3,111.43,standard,2026-07-05T20:03:36Z
211,11,4,111.43,standard,2026-07-05T20:03:36Z
211,11,5,111.43,standard,2026-07-05T20:03:36Z
211,11,6,111.43,standard,2026-07-05T20:03:36Z
211,12,3,111.43,standard,2026-07-05T20:03:36Z
211,12,4,111.43,standard,2026-07-05T20:03:36Z
211,12,5,111.43,standard,2026-07-05T20:03:36Z
211,12,6,111.43,standard,2026-07-05T20:03:36Z
211,13,1,111.43,standard,2026-07-05T20:03:36Z
211,13,2,111.43,standard,2026-07-05T20:03:36Z
211,13,3,111.43,standard,2026-07-05T20:03:36Z
211,5,4,111.43,standard,2026-07-05T20:03:36Z
211,5,5,111.43,standard,2026-07-05T20:03:36Z
211,5,6,111.43,standard,2026-07-05T20:03:36Z
211,5,1,111.43,standard,2026-07-05T20:03:36Z
211,5,2,111.43,standard,2026-07-05T20:03:36Z
211,5,3,111.43,standard,2026-07-05T20:03:36Z
211,6,4,111.43,standard,2026-07-05T20:03:36Z
211,6,5,111.43,standard,2026-07-05T20:03:36Z
211,6,6,111.43,standard,2026-07-05T20:03:36Z
211,6,1,111.43,standard,2026-07-05T20:03:36Z
211,6,2,111.43,standard,2026-07-05T20:03:36Z
211,6,3,111.43,standard,2026-07-05T20:03:36Z
211,7,4,111.43,standard,2026-07-05T20:03:36Z
211,7,5,111.43,standard,2026-07-05T20:03:36Z
211,7,6,111.43,standard,2026-07-05T20:03:36Z
211,7,1,111.43,standard,2026-07-05T20:03:36Z
211,7,2,111.43,standard,2026-07-05T20:03:36Z
211,7,3,111.43,standard,2026-07-05T20:03:36Z
211,8,4,111.43,standard,2026-07-05T20:03:36Z
211,8,5,111.43,standard,2026-07-05T20:03:36Z
211,8,6,111.43,standard,2026-07-05T20:03:36Z
211,8,1,111.43,standard,2026-07-05T20:03:36Z
211,8,2,111.43,standard,2026-07-05T20:03:36Z
211,8,3,111.43,standard,2026-07-05T20:03:36Z
211,9,4,111.43,standard,2026-07-05T20:03:36Z
211,9,5,111.43,standard,2026-07-05T20:03:36Z
211,9,6,111.43,standard,2026-07-05T20:03:36Z
211,9,1,111.43,standard,2026-07-05T20:03:36Z
211,9,2,111.43,standard,2026-07-05T20:03:36Z
211,9,3,111.43,standard,2026-07-05T20:03:36Z
212,1,12,111.43,standard,2026-07-05T20:03:36Z
212,10,10,111.43,standard,2026-07-05T20:03:36Z
212,10,11,111.43,standard,2026-07-05T20:03:36Z
212,10,12,111.43,standard,2026-07-05T20:03:36Z
212,10,2,111.43,standard,2026-07-05T20:03:36Z
212,10,3,111.43,standard,2026-07-05T20:03:36Z
212,10,4,111.43,standard,2026-07-05T20:03:36Z
212,10,5,111.43,standard,2026-07-05T20:03:36Z
212,10,6,111.43,standard,2026-07-05T20:03:36Z
212,10,7,111.43,standard,2026-07-05T20:03:36Z
212,10,8,111.43,standard,2026-07-05T20:03:36Z
212,10,9,111.43,standard,2026-07-05T20:03:36Z
212,11,10,111.43,standard,2026-07-05T20:03:36Z
212,11,11,111.43,standard,2026-07-05T20:03:36Z
212,11,12,111.43,standard,2026-07-05T20:03:36Z
212,11,2,111.43,standard,2026-07-05T20:03:36Z
212,11,3,111.43,standard,2026-07-05T20:03:36Z
212,11,4,111.43,standard,2026-07-05T20:03:36Z
212,11,5,111.43,standard,2026-07-05T20:03:36Z
212,11,6,111.43,standard,2026-07-05T20:03:36Z
212,11,7,111.43,standard,2026-07-05T20:03:36Z
212,11,8,111.43,standard,2026-07-05T20:03:36Z
212,11,9,111.43,standard,2026-07-05T20:03:36Z
212,3,5,111.43,standard,2026-07-05T20:03:36Z
212,3,6,111.43,standard,2026-07-05T20:03:36Z
212,3,7,111.43,standard,2026-07-05T20:03:36Z
212,3,8,111.43,standard,2026-07-05T20:03:36Z
212,3,9,111.43,standard,2026-07-05T20:03:36Z
212,3,10,111.43,standard,2026-07-05T20:03:36Z
212,3,11,111.43,standard,2026-07-05T20:03:36Z
212,4,4,111.43,standard,2026-07-05T20:03:36Z
212,4,5,111.43,standard,2026-07-05T20:03:36Z
212,4,6,111.43,standard,2026-07-05T20:03:36Z
212,4,7,111.43,standard,2026-07-05T20:03:36Z
212,4,8,111.43,standard,2026-07-05T20:03:36Z
212,4,9,111.43,standard,2026-07-05T20:03:36Z
212,4,10,111.43,standard,2026-07-05T20:03:36Z
212,4,11,111.43,standard,2026-07-05T20:03:36Z
212,4,12,111.43,standard,2026-07-05T20:03:36Z
212,5,4,111.43,standard,2026-07-05T20:03:36Z
212,5,5,111.43,standard,2026-07-05T20:03:36Z
212,5,6,111.43,standard,2026-07-05T20:03:36Z
212,5,7,111.43,standard,2026-07-05T20:03:36Z
212,5,8,111.43,standard,2026-07-05T20:03:36Z
212,5,9,111.43,standard,2026-07-05T20:03:36Z
212,5,1,111.43,standard,2026-07-05T20:03:36Z
212,5,10,111.43,standard,2026-07-05T20:03:36Z
212,5,11,111.43,standard,2026-07-05T20:03:36Z
212,5,12,111.43,standard,2026-07-05T20:03:36Z
212,5,2,111.43,standard,2026-07-05T20:03:36Z
212,5,3,111.43,standard,2026-07-05T20:03:36Z
212,6,4,111.43,standard,2026-07-05T20:03:36Z
212,6,1,111.43,standard,2026-07-05T20:03:36Z
212,6,2,111.43,standard,2026-07-05T20:03:36Z
212,6,3,111.43,standard,2026-07-05T20:03:36Z
212,7,4,111.43,standard,2026-07-05T20:03:36Z
212,7,5,111.43,standard,2026-07-05T20:03:36Z
212,7,6,111.43,standard,2026-07-05T20:03:36Z
212,7,7,111.43,standard,2026-07-05T20:03:36Z
212,7,8,111.43,standard,2026-07-05T20:03:36Z
212,7,9,111.43,standard,2026-07-05T20:03:36Z
212,7,1,111.43,standard,2026-07-05T20:03:36Z
212,7,10,111.43,standard,2026-07-05T20:03:36Z
212,7,11,111.43,standard,2026-07-05T20:03:36Z
212,7,12,111.43,standard,2026-07-05T20:03:36Z
212,7,2,111.43,standard,2026-07-05T20:03:36Z
212,7,3,111.43,standard,2026-07-05T20:03:36Z
212,8,4,111.43,standard,2026-07-05T20:03:36Z
212,8,5,111.43,standard,2026-07-05T20:03:36Z
212,8,6,111.43,standard,2026-07-05T20:03:36Z
212,8,7,111.43,standard,2026-07-05T20:03:36Z
212,8,8,111.43,standard,2026-07-05T20:03:36Z
212,8,9,111.43,standard,2026-07-05T20:03:36Z
212,8,1,111.43,standard,2026-07-05T20:03:36Z
212,8,10,111.43,standard,2026-07-05T20:03:36Z
212,8,11,111.43,standard,2026-07-05T20:03:36Z
212,8,12,111.43,standard,2026-07-05T20:03:36Z
212,8,2,111.43,standard,2026-07-05T20:03:36Z
212,8,3,111.43,standard,2026-07-05T20:03:36Z
212,9,4,111.43,standard,2026-07-05T20:03:36Z
212,9,5,111.43,standard,2026-07-05T20:03:36Z
212,9,6,111.43,standard,2026-07-05T20:03:36Z
212,9,7,111.43,standard,2026-07-05T20:03:36Z
212,9,8,111.43,standard,2026-07-05T20:03:36Z
212,9,9,111.43,standard,2026-07-05T20:03:36Z
212,9,1,111.43,standard,2026-07-05T20:03:36Z
212,9,10,111.43,standard,2026-07-05T20:03:36Z
212,9,11,111.43,standard,2026-07-05T20:03:36Z
212,9,12,111.43,standard,2026-07-05T20:03:36Z
212,9,2,111.43,standard,2026-07-05T20:03:36Z
212,9,3,111.43,standard,2026-07-05T20:03:36Z
213,1,14,111.43,standard,2026-07-05T20:03:36Z
213,10,10,111.43,standard,2026-07-05T20:03:36Z
213,10,11,111.43,standard,2026-07-05T20:03:36Z
213,10,12,111.43,standard,2026-07-05T20:03:36Z
213,10,13,111.43,standard,2026-07-05T20:03:36Z
213,10,14,111.43,standard,2026-07-05T20:03:36Z
213,10,15,111.43,standard,2026-07-05T20:03:36Z
213,10,16,111.43,standard,2026-07-05T20:03:36Z
213,10,17,111.43,standard,2026-07-05T20:03:36Z
213,10,18,111.43,standard,2026-07-05T20:03:36Z
213,10,2,111.43,standard,2026-07-05T20:03:36Z
213,10,3,111.43,standard,2026-07-05T20:03:36Z
213,10,4,111.43,standard,2026-07-05T20:03:36Z
213,10,5,111.43,standard,2026-07-05T20:03:36Z
213,10,6,111.43,standard,2026-07-05T20:03:36Z
213,10,7,111.43,standard,2026-07-05T20:03:36Z
213,10,8,111.43,standard,2026-07-05T20:03:36Z
213,10,9,111.43,standard,2026-07-05T20:03:36Z
213,11,10,111.43,standard,2026-07-05T20:03:36Z
213,11,11,111.43,standard,2026-07-05T20:03:36Z
213,11,12,111.43,standard,2026-07-05T20:03:36Z
213,11,13,111.43,standard,2026-07-05T20:03:36Z
213,11,14,111.43,standard,2026-07-05T20:03:36Z
213,11,2,111.43,standard,2026-07-05T20:03:36Z
213,11,3,111.43,standard,2026-07-05T20:03:36Z
213,11,4,111.43,standard,2026-07-05T20:03:36Z
213,11,5,111.43,standard,2026-07-05T20:03:36Z
213,11,6,111.43,standard,2026-07-05T20:03:36Z
213,11,7,111.43,standard,2026-07-05T20:03:36Z
213,11,8,111.43,standard,2026-07-05T20:03:36Z
213,11,9,111.43,standard,2026-07-05T20:03:36Z
213,12,10,111.43,standard,2026-07-05T20:03:36Z
213,12,11,111.43,standard,2026-07-05T20:03:36Z
213,12,12,111.43,standard,2026-07-05T20:03:36Z
213,12,13,111.43,standard,2026-07-05T20:03:36Z
213,12,14,111.43,standard,2026-07-05T20:03:36Z
213,12,4,111.43,standard,2026-07-05T20:03:36Z
213,12,5,111.43,standard,2026-07-05T20:03:36Z
213,12,6,111.43,standard,2026-07-05T20:03:36Z
213,12,7,111.43,standard,2026-07-05T20:03:36Z
213,12,8,111.43,standard,2026-07-05T20:03:36Z
213,12,9,111.43,standard,2026-07-05T20:03:36Z
213,2,5,111.43,standard,2026-07-05T20:03:36Z
213,2,6,111.43,standard,2026-07-05T20:03:36Z
213,3,5,111.43,standard,2026-07-05T20:03:36Z
213,3,6,111.43,standard,2026-07-05T20:03:36Z
213,3,7,111.43,standard,2026-07-05T20:03:36Z
213,3,8,111.43,standard,2026-07-05T20:03:36Z
213,3,9,111.43,standard,2026-07-05T20:03:36Z
213,3,10,111.43,standard,2026-07-05T20:03:36Z
213,3,11,111.43,standard,2026-07-05T20:03:36Z
213,3,12,111.43,standard,2026-07-05T20:03:36Z
213,3,13,111.43,standard,2026-07-05T20:03:36Z
213,4,10,111.43,standard,2026-07-05T20:03:36Z
213,4,11,111.43,standard,2026-07-05T20:03:36Z
213,4,12,111.43,standard,2026-07-05T20:03:36Z
213,5,6,111.43,standard,2026-07-05T20:03:36Z
213,5,7,111.43,standard,2026-07-05T20:03:36Z
213,5,8,111.43,standard,2026-07-05T20:03:36Z
213,5,9,111.43,standard,2026-07-05T20:03:36Z
213,5,10,111.43,standard,2026-07-05T20:03:36Z
213,5,11,111.43,standard,2026-07-05T20:03:36Z
213,5,12,111.43,standard,2026-07-05T20:03:36Z
213,5,13,111.43,standard,2026-07-05T20:03:36Z
213,5,14,111.43,standard,2026-07-05T20:03:36Z
213,6,4,111.43,standard,2026-07-05T20:03:36Z
213,6,5,111.43,standard,2026-07-05T20:03:36Z
213,6,6,111.43,standard,2026-07-05T20:03:36Z
213,6,7,111.43,standard,2026-07-05T20:03:36Z
213,6,8,111.43,standard,2026-07-05T20:03:36Z
213,6,9,111.43,standard,2026-07-05T20:03:36Z
213,6,1,111.43,standard,2026-07-05T20:03:36Z
213,6,10,111.43,standard,2026-07-05T20:03:36Z
213,6,14,111.43,standard,2026-07-05T20:03:36Z
213,6,15,111.43,standard,2026-07-05T20:03:36Z
213,6,16,111.43,standard,2026-07-05T20:03:36Z
213,6,2,111.43,standard,2026-07-05T20:03:36Z
213,6,3,111.43,standard,2026-07-05T20:03:36Z
213,7,4,111.43,standard,2026-07-05T20:03:36Z
213,7,5,111.43,standard,2026-07-05T20:03:36Z
213,7,6,111.43,standard,2026-07-05T20:03:36Z
213,7,7,111.43,standard,2026-07-05T20:03:36Z
213,7,8,111.43,standard,2026-07-05T20:03:36Z
213,7,9,111.43,standard,2026-07-05T20:03:36Z
213,7,1,111.43,standard,2026-07-05T20:03:36Z
213,7,10,111.43,standard,2026-07-05T20:03:36Z
213,7,11,111.43,standard,2026-07-05T20:03:36Z
213,7,12,111.43,standard,2026-07-05T20:03:36Z
213,7,13,111.43,standard,2026-07-05T20:03:36Z
213,7,14,111.43,standard,2026-07-05T20:03:36Z
213,7,15,111.43,standard,2026-07-05T20:03:36Z
213,7,16,111.43,standard,2026-07-05T20:03:36Z
213,7,2,111.43,standard,2026-07-05T20:03:36Z
213,7,3,111.43,standard,2026-07-05T20:03:36Z
213,8,4,111.43,standard,2026-07-05T20:03:36Z
213,8,5,111.43,standard,2026-07-05T20:03:36Z
213,8,6,111.43,standard,2026-07-05T20:03:36Z
213,8,7,111.43,standard,2026-07-05T20:03:36Z
213,8,8,111.43,standard,2026-07-05T20:03:36Z
213,8,9,111.43,standard,2026-07-05T20:03:36Z
213,8,1,111.43,standard,2026-07-05T20:03:36Z
213,8,10,111.43,standard,2026-07-05T20:03:36Z
213,8,11,111.43,standard,2026-07-05T20:03:36Z
213,8,12,111.43,standard,2026-07-05T20:03:36Z
213,8,13,111.43,standard,2026-07-05T20:03:36Z
213,8,2,111.43,standard,2026-07-05T20:03:36Z
213,8,3,111.43,standard,2026-07-05T20:03:36Z
213,9,4,111.43,standard,2026-07-05T20:03:36Z
213,9,5,111.43,standard,2026-07-05T20:03:36Z
213,9,6,111.43,standard,2026-07-05T20:03:36Z
213,9,7,111.43,standard,2026-07-05T20:03:36Z
213,9,8,111.43,standard,2026-07-05T20:03:36Z
213,9,9,111.43,standard,2026-07-05T20:03:36Z
213,9,1,111.43,standard,2026-07-05T20:03:36Z
213,9,10,111.43,standard,2026-07-05T20:03:36Z
213,9,11,111.43,standard,2026-07-05T20:03:36Z
213,9,12,111.43,standard,2026-07-05T20:03:36Z
213,9,13,111.43,standard,2026-07-05T20:03:36Z
213,9,14,111.43,standard,2026-07-05T20:03:36Z
213,9,15,111.43,standard,2026-07-05T20:03:36Z
213,9,16,111.43,standard,2026-07-05T20:03:36Z
213,9,17,111.43,standard,2026-07-05T20:03:36Z
213,9,18,111.43,standard,2026-07-05T20:03:36Z
213,9,2,111.43,standard,2026-07-05T20:03:36Z
213,9,3,111.43,standard,2026-07-05T20:03:36Z
214,1,11,111.43,standard,2026-07-05T20:03:36Z
214,1,12,111.43,standard,2026-07-05T20:03:36Z
214,2,10,111.43,standard,2026-07-05T20:03:36Z
214,2,11,111.43,standard,2026-07-05T20:03:36Z
214,2,12,111.43,standard,2026-07-05T20:03:36Z
214,2,13,111.43,standard,2026-07-05T20:03:36Z
214,11A,1,111.43,standard,2026-07-05T20:03:36Z
214,11A,2,111.43,standard,2026-07-05T20:03:36Z
214,3,7,111.43,standard,2026-07-05T20:03:36Z
214,3,8,111.43,standard,2026-07-05T20:03:36Z
214,6,4,111.43,standard,2026-07-05T20:03:36Z
214,6,3,111.43,standard,2026-07-05T20:03:36Z
214,7,5,111.43,standard,2026-07-05T20:03:36Z
214,7,6,111.43,standard,2026-07-05T20:03:36Z
214,7,7,111.43,standard,2026-07-05T20:03:36Z
214,7,8,111.43,standard,2026-07-05T20:03:36Z
214,8,4,111.43,standard,2026-07-05T20:03:36Z
214,8,8,111.43,standard,2026-07-05T20:03:36Z
214,8,9,111.43,standard,2026-07-05T20:03:36Z
214,8,10,111.43,standard,2026-07-05T20:03:36Z
214,8,11,111.43,standard,2026-07-05T20:03:36Z
214,8,12,111.43,standard,2026-07-05T20:03:36Z
214,8,3,111.43,standard,2026-07-05T20:03:36Z
214,9,4,111.43,standard,2026-07-05T20:03:36Z
214,9,5,111.43,standard,2026-07-05T20:03:36Z
214,9,6,111.43,standard,2026-07-05T20:03:36Z
214,9,7,111.43,standard,2026-07-05T20:03:36Z
214,9,8,111.43,standard,2026-07-05T20:03:36Z
214,9,9,111.43,standard,2026-07-05T20:03:36Z
214,9,10,111.43,standard,2026-07-05T20:03:36Z
214,9,11,111.43,standard,2026-07-05T20:03:36Z
214,9,12,111.43,standard,2026-07-05T20:03:36Z
214,9,13,111.43,standard,2026-07-05T20:03:36Z
214,9,3,111.43,standard,2026-07-05T20:03:36Z
215,11A,4,111.43,standard,2026-07-05T20:03:36Z
215,11A,5,111.43,standard,2026-07-05T20:03:36Z
215,11A,6,111.43,standard,2026-07-05T20:03:36Z
215,11A,7,111.43,standard,2026-07-05T20:03:36Z
215,2,10,111.43,standard,2026-07-05T20:03:36Z
215,2,11,111.43,standard,2026-07-05T20:03:36Z
215,2,12,111.43,standard,2026-07-05T20:03:36Z
215,9,7,111.43,standard,2026-07-05T20:03:36Z
215,9,8,111.43,standard,2026-07-05T20:03:36Z
216,1,12,111.43,standard,2026-07-05T20:03:36Z
216,2,10,111.43,standard,2026-07-05T20:03:36Z
216,2,11,111.43,standard,2026-07-05T20:03:36Z
216,2,12,111.43,standard,2026-07-05T20:03:36Z
217,1,12,140.09,standard,2026-07-05T20:03:36Z
217,2,11,140.09,standard,2026-07-05T20:03:36Z
217,2,12,140.09,standard,2026-07-05T20:03:36Z
217,3,11,140.09,standard,2026-07-05T20:03:36Z
217,3,12,140.09,standard,2026-07-05T20:03:36Z
217,3,5,140.09,standard,2026-07-05T20:03:36Z
217,6,9,140.09,standard,2026-07-05T20:03:36Z
217,6,10,140.09,standard,2026-07-05T20:03:36Z
218,1,12,140.09,standard,2026-07-05T20:03:36Z
218,10,5,140.09,standard,2026-07-05T20:03:36Z
218,10,6,140.09,standard,2026-07-05T20:03:36Z
218,11,4,140.09,standard,2026-07-05T20:03:36Z
218,11,5,140.09,standard,2026-07-05T20:03:36Z
218,11,6,140.09,standard,2026-07-05T20:03:36Z
218,11,7,140.09,standard,2026-07-05T20:03:36Z
218,12,3,140.09,standard,2026-07-05T20:03:36Z
218,12,4,140.09,standard,2026-07-05T20:03:36Z
218,5,5,140.09,standard,2026-07-05T20:03:36Z
218,5,6,140.09,standard,2026-07-05T20:03:36Z
218,8,4,140.09,standard,2026-07-05T20:03:36Z
218,8,5,140.09,standard,2026-07-05T20:03:36Z
218,8,6,140.09,standard,2026-07-05T20:03:36Z
219,3,10,140.09,standard,2026-07-05T20:03:36Z
219,3,11,140.09,standard,2026-07-05T20:03:36Z
222,2,12,140.09,standard,2026-07-05T20:03:36Z
222,6,6,140.09,standard,2026-07-05T20:03:36Z
223,11A,5,140.09,standard,2026-07-05T20:03:36Z
223,2,12,140.09,standard,2026-07-05T20:03:36Z
223,3,12,140.09,standard,2026-07-05T20:03:36Z
233,2,14,140.09,standard,2026-07-05T20:03:36Z
234,1,13,140.09,standard,2026-07-05T20:03:36Z
234,2,13,140.09,standard,2026-07-05T20:03:36Z
236,2,12,140.09,standard,2026-07-05T20:03:36Z
236,6,5,140.09,standard,2026-07-05T20:03:36Z
237,11A,3,140.09,standard,2026-07-05T20:03:36Z
237,11A,4,140.09,standard,2026-07-05T20:03:36Z
237,2,1,140.09,standard,2026-07-05T20:03:36Z
237,3,12,140.09,standard,2026-07-05T20:03:36Z
238,2,1,140.09,standard,2026-07-05T20:03:36Z
238,3,1,140.09,standard,2026-07-05T20:03:36Z
238,3,2,140.09,standard,2026-07-05T20:03:36Z
238,5,5,140.09,standard,2026-07-05T20:03:36Z
238,5,6,140.09,standard,2026-07-05T20:03:36Z
239,11A,7,140.09,standard,2026-07-05T20:03:36Z
240,1,7,140.09,standard,2026-07-05T20:03:36Z
240,1,8,140.09,standard,2026-07-05T20:03:36Z
240,13,4,140.09,standard,2026-07-05T20:03:36Z
240,2,1,140.09,standard,2026-07-05T20:03:36Z
240,2,2,140.09,standard,2026-07-05T20:03:36Z
241,1,1,140.09,standard,2026-07-05T20:03:36Z
241,2,1,140.09,standard,2026-07-05T20:03:36Z
241,2,2,140.09,standard,2026-07-05T20:03:36Z
241,2,3,140.09,standard,2026-07-05T20:03:36Z
241,10,7,140.09,standard,2026-07-05T20:03:36Z
241,10,8,140.09,standard,2026-07-05T20:03:36Z
241,11,5,140.09,standard,2026-07-05T20:03:36Z
241,11,6,140.09,standard,2026-07-05T20:03:36Z
241,8,6,140.09,standard,2026-07-05T20:03:36Z
241,8,7,140.09,standard,2026-07-05T20:03:36Z
242,12,10,140.09,standard,2026-07-05T20:03:36Z
242,12,9,140.09,standard,2026-07-05T20:03:36Z
242,4,9,140.09,standard,2026-07-05T20:03:36Z
242,5,5,140.09,standard,2026-07-05T20:03:36Z
242,5,6,140.09,standard,2026-07-05T20:03:36Z
242,7,7,140.09,standard,2026-07-05T20:03:36Z
242,7,8,140.09,standard,2026-07-05T20:03:36Z
242,7,9,140.09,standard,2026-07-05T20:03:36Z
242,8,4,140.09,standard,2026-07-05T20:03:36Z
242,8,5,140.09,standard,2026-07-05T20:03:36Z
242,8,6,140.09,standard,2026-07-05T20:03:36Z
242,8,7,140.09,standard,2026-07-05T20:03:36Z
242,8,8,140.09,standard,2026-07-05T20:03:36Z
242,9,7,140.09,standard,2026-07-05T20:03:36Z
242,9,8,140.09,standard,2026-07-05T20:03:36Z
242,9,9,140.09,standard,2026-07-05T20:03:36Z
242,2,1,140.09,standard,2026-07-05T20:03:36Z
242,2,2,140.09,standard,2026-07-05T20:03:36Z
243,1,1,140.09,standard,2026-07-05T20:03:36Z
243,2,1,140.09,standard,2026-07-05T20:03:36Z
243,2,2,140.09,standard,2026-07-05T20:03:36Z
243,10,10,140.09,standard,2026-07-05T20:03:36Z
243,10,5,140.09,standard,2026-07-05T20:03:36Z
243,10,6,140.09,standard,2026-07-05T20:03:36Z
243,10,7,140.09,standard,2026-07-05T20:03:36Z
243,10,8,140.09,standard,2026-07-05T20:03:36Z
243,10,9,140.09,standard,2026-07-05T20:03:36Z
243,3,5,140.09,standard,2026-07-05T20:03:36Z
243,3,6,140.09,standard,2026-07-05T20:03:36Z
243,6,6,140.09,standard,2026-07-05T20:03:36Z
243,6,7,140.09,standard,2026-07-05T20:03:36Z
243,6,8,140.09,standard,2026-07-05T20:03:36Z
243,7,5,140.09,standard,2026-07-05T20:03:36Z
243,7,6,140.09,standard,2026-07-05T20:03:36Z
243,7,7,140.09,standard,2026-07-05T20:03:36Z
243,7,8,140.09,standard,2026-07-05T20:03:36Z
243,8,6,140.09,standard,2026-07-05T20:03:36Z
243,8,7,140.09,standard,2026-07-05T20:03:36Z
243,8,8,140.09,standard,2026-07-05T20:03:36Z
243,8,9,140.09,standard,2026-07-05T20:03:36Z
243,9,7,140.09,standard,2026-07-05T20:03:36Z
243,9,8,140.09,standard,2026-07-05T20:03:36Z
243,9,9,140.09,standard,2026-07-05T20:03:36Z
244,1,1,111.43,standard,2026-07-05T20:03:36Z
244,2,1,111.43,standard,2026-07-05T20:03:36Z
244,2,2,111.43,standard,2026-07-05T20:03:36Z
244,2,3,111.43,standard,2026-07-05T20:03:36Z
244,10,10,111.43,standard,2026-07-05T20:03:36Z
244,10,11,111.43,standard,2026-07-05T20:03:36Z
244,10,12,111.43,standard,2026-07-05T20:03:36Z
244,10,4,111.43,standard,2026-07-05T20:03:36Z
244,10,5,111.43,standard,2026-07-05T20:03:36Z
244,10,6,111.43,standard,2026-07-05T20:03:36Z
244,10,7,111.43,standard,2026-07-05T20:03:36Z
244,10,8,111.43,standard,2026-07-05T20:03:36Z
244,10,9,111.43,standard,2026-07-05T20:03:36Z
244,11,5,111.43,standard,2026-07-05T20:03:36Z
244,11,6,111.43,standard,2026-07-05T20:03:36Z
244,11,7,111.43,standard,2026-07-05T20:03:36Z
244,11,8,111.43,standard,2026-07-05T20:03:36Z
244,11,9,111.43,standard,2026-07-05T20:03:36Z
244,2,10,111.43,standard,2026-07-05T20:03:36Z
244,5,7,111.43,standard,2026-07-05T20:03:36Z
244,5,8,111.43,standard,2026-07-05T20:03:36Z
244,9,4,111.43,standard,2026-07-05T20:03:36Z
244,9,5,111.43,standard,2026-07-05T20:03:36Z
244,9,6,111.43,standard,2026-07-05T20:03:36Z
244,9,7,111.43,standard,2026-07-05T20:03:36Z
244,9,8,111.43,standard,2026-07-05T20:03:36Z
244,9,9,111.43,standard,2026-07-05T20:03:36Z
244,9,10,111.43,standard,2026-07-05T20:03:36Z
244,9,11,111.43,standard,2026-07-05T20:03:36Z
244,9,12,111.43,standard,2026-07-05T20:03:36Z
244,9,3,111.43,standard,2026-07-05T20:03:36Z
245,10,10,111.43,standard,2026-07-05T20:03:36Z
245,10,3,111.43,standard,2026-07-05T20:03:36Z
245,10,4,111.43,standard,2026-07-05T20:03:36Z
245,10,5,111.43,standard,2026-07-05T20:03:36Z
245,10,6,111.43,standard,2026-07-05T20:03:36Z
245,10,7,111.43,standard,2026-07-05T20:03:36Z
245,10,8,111.43,standard,2026-07-05T20:03:36Z
245,10,9,111.43,standard,2026-07-05T20:03:36Z
245,11,10,111.43,standard,2026-07-05T20:03:36Z
245,11,7,111.43,standard,2026-07-05T20:03:36Z
245,11,8,111.43,standard,2026-07-05T20:03:36Z
245,11,9,111.43,standard,2026-07-05T20:03:36Z
245,3,6,111.43,standard,2026-07-05T20:03:36Z
245,4,4,111.43,standard,2026-07-05T20:03:36Z
245,4,5,111.43,standard,2026-07-05T20:03:36Z
245,4,6,111.43,standard,2026-07-05T20:03:36Z
245,4,7,111.43,standard,2026-07-05T20:03:36Z
245,6,8,111.43,standard,2026-07-05T20:03:36Z
245,6,9,111.43,standard,2026-07-05T20:03:36Z
245,7,5,111.43,standard,2026-07-05T20:03:36Z
245,7,6,111.43,standard,2026-07-05T20:03:36Z
245,7,7,111.43,standard,2026-07-05T20:03:36Z
245,7,8,111.43,standard,2026-07-05T20:03:36Z
245,8,4,111.43,standard,2026-07-05T20:03:36Z
245,8,5,111.43,standard,2026-07-05T20:03:36Z
245,8,6,111.43,standard,2026-07-05T20:03:36Z
245,8,7,111.43,standard,2026-07-05T20:03:36Z
245,8,8,111.43,standard,2026-07-05T20:03:36Z
245,9,4,111.43,standard,2026-07-05T20:03:36Z
245,9,5,111.43,standard,2026-07-05T20:03:36Z
245,9,6,111.43,standard,2026-07-05T20:03:36Z
245,9,7,111.43,standard,2026-07-05T20:03:36Z
245,9,8,111.43,standard,2026-07-05T20:03:36Z
245,9,9,111.43,standard,2026-07-05T20:03:36Z
245,2,1,111.43,standard,2026-07-05T20:03:36Z
245,2,2,111.43,standard,2026-07-05T20:03:36Z
246,11A,7,111.43,standard,2026-07-05T20:03:36Z
246,11A,8,111.43,standard,2026-07-05T20:03:36Z
246,11A,9,111.43,standard,2026-07-05T20:03:36Z
246,2,4,111.43,standard,2026-07-05T20:03:36Z
246,2,1,111.43,standard,2026-07-05T20:03:36Z
246,2,2,111.43,standard,2026-07-05T20:03:36Z
246,2,3,111.43,standard,2026-07-05T20:03:36Z
246,2,5,111.43,standard,2026-07-05T20:03:36Z
246,2,6,111.43,standard,2026-07-05T20:03:36Z
246,3,7,111.43,standard,2026-07-05T20:03:36Z
246,3,8,111.43,standard,2026-07-05T20:03:36Z
246,4,4,111.43,standard,2026-07-05T20:03:36Z
246,4,5,111.43,standard,2026-07-05T20:03:36Z
246,4,6,111.43,standard,2026-07-05T20:03:36Z
246,4,7,111.43,standard,2026-07-05T20:03:36Z
246,4,8,111.43,standard,2026-07-05T20:03:36Z
246,4,9,111.43,standard,2026-07-05T20:03:36Z
246,5,6,111.43,standard,2026-07-05T20:03:36Z
246,5,7,111.43,standard,2026-07-05T20:03:36Z
246,5,8,111.43,standard,2026-07-05T20:03:36Z
246,5,9,111.43,standard,2026-07-05T20:03:36Z
246,5,10,111.43,standard,2026-07-05T20:03:36Z
246,5,11,111.43,standard,2026-07-05T20:03:36Z
246,6,6,111.43,standard,2026-07-05T20:03:36Z
246,6,7,111.43,standard,2026-07-05T20:03:36Z
246,6,8,111.43,standard,2026-07-05T20:03:36Z
246,6,9,111.43,standard,2026-07-05T20:03:36Z
246,6,10,111.43,standard,2026-07-05T20:03:36Z
246,6,11,111.43,standard,2026-07-05T20:03:36Z
246,6,12,111.43,standard,2026-07-05T20:03:36Z
246,6,13,111.43,standard,2026-07-05T20:03:36Z
246,6,14,111.43,standard,2026-07-05T20:03:36Z
246,7,4,111.43,standard,2026-07-05T20:03:36Z
246,7,5,111.43,standard,2026-07-05T20:03:36Z
246,7,6,111.43,standard,2026-07-05T20:03:36Z
246,7,7,111.43,standard,2026-07-05T20:03:36Z
246,7,8,111.43,standard,2026-07-05T20:03:36Z
246,7,2,111.43,standard,2026-07-05T20:03:36Z
246,7,3,111.43,standard,2026-07-05T20:03:36Z
246,8,4,111.43,standard,2026-07-05T20:03:36Z
246,8,5,111.43,standard,2026-07-05T20:03:36Z
246,8,6,111.43,standard,2026-07-05T20:03:36Z
246,8,7,111.43,standard,2026-07-05T20:03:36Z
246,8,8,111.43,standard,2026-07-05T20:03:36Z
246,8,9,111.43,standard,2026-07-05T20:03:36Z
246,8,10,111.43,standard,2026-07-05T20:03:36Z
246,8,11,111.43,standard,2026-07-05T20:03:36Z
246,8,12,111.43,standard,2026-07-05T20:03:36Z
246,8,13,111.43,standard,2026-07-05T20:03:36Z
246,8,14,111.43,standard,2026-07-05T20:03:36Z
246,8,3,111.43,standard,2026-07-05T20:03:36Z
247,1,1,111.43,standard,2026-07-05T20:03:36Z
247,2,1,111.43,standard,2026-07-05T20:03:36Z
247,10,10,111.43,standard,2026-07-05T20:03:36Z
247,10,11,111.43,standard,2026-07-05T20:03:36Z
247,10,12,111.43,standard,2026-07-05T20:03:36Z
247,10,13,111.43,standard,2026-07-05T20:03:36Z
247,10,14,111.43,standard,2026-07-05T20:03:36Z
247,10,15,111.43,standard,2026-07-05T20:03:36Z
247,10,16,111.43,standard,2026-07-05T20:03:36Z
247,10,3,111.43,standard,2026-07-05T20:03:36Z
247,10,4,111.43,standard,2026-07-05T20:03:36Z
247,10,5,111.43,standard,2026-07-05T20:03:36Z
247,10,6,111.43,standard,2026-07-05T20:03:36Z
247,10,7,111.43,standard,2026-07-05T20:03:36Z
247,10,8,111.43,standard,2026-07-05T20:03:36Z
247,10,9,111.43,standard,2026-07-05T20:03:36Z
247,11,10,111.43,standard,2026-07-05T20:03:36Z
247,11,11,111.43,standard,2026-07-05T20:03:36Z
247,11,12,111.43,standard,2026-07-05T20:03:36Z
247,11,13,111.43,standard,2026-07-05T20:03:36Z
247,11,14,111.43,standard,2026-07-05T20:03:36Z
247,11,15,111.43,standard,2026-07-05T20:03:36Z
247,11,7,111.43,standard,2026-07-05T20:03:36Z
247,11,8,111.43,standard,2026-07-05T20:03:36Z
247,11,9,111.43,standard,2026-07-05T20:03:36Z
247,1,4,111.43,standard,2026-07-05T20:03:36Z
247,1,5,111.43,standard,2026-07-05T20:03:36Z
247,1,6,111.43,standard,2026-07-05T20:03:36Z
247,1,7,111.43,standard,2026-07-05T20:03:36Z
247,1,8,111.43,standard,2026-07-05T20:03:36Z
247,1,9,111.43,standard,2026-07-05T20:03:36Z
247,1,10,111.43,standard,2026-07-05T20:03:36Z
247,1,11,111.43,standard,2026-07-05T20:03:36Z
247,1,12,111.43,standard,2026-07-05T20:03:36Z
247,1,2,111.43,standard,2026-07-05T20:03:36Z
247,1,3,111.43,standard,2026-07-05T20:03:36Z
247,2,4,111.43,standard,2026-07-05T20:03:36Z
247,2,5,111.43,standard,2026-07-05T20:03:36Z
247,2,6,111.43,standard,2026-07-05T20:03:36Z
247,2,7,111.43,standard,2026-07-05T20:03:36Z
247,2,8,111.43,standard,2026-07-05T20:03:36Z
247,2,9,111.43,standard,2026-07-05T20:03:36Z
247,2,10,111.43,standard,2026-07-05T20:03:36Z
247,2,11,111.43,standard,2026-07-05T20:03:36Z
247,2,12,111.43,standard,2026-07-05T20:03:36Z
247,2,13,111.43,standard,2026-07-05T20:03:36Z
247,2,14,111.43,standard,2026-07-05T20:03:36Z
247,2,2,111.43,standard,2026-07-05T20:03:36Z
247,2,3,111.43,standard,2026-07-05T20:03:36Z
247,3,4,111.43,standard,2026-07-05T20:03:36Z
247,3,5,111.43,standard,2026-07-05T20:03:36Z
247,3,6,111.43,standard,2026-07-05T20:03:36Z
247,3,7,111.43,standard,2026-07-05T20:03:36Z
247,3,8,111.43,standard,2026-07-05T20:03:36Z
247,3,9,111.43,standard,2026-07-05T20:03:36Z
247,3,1,111.43,standard,2026-07-05T20:03:36Z
247,3,10,111.43,standard,2026-07-05T20:03:36Z
247,3,11,111.43,standard,2026-07-05T20:03:36Z
247,3,12,111.43,standard,2026-07-05T20:03:36Z
247,3,13,111.43,standard,2026-07-05T20:03:36Z
247,3,14,111.43,standard,2026-07-05T20:03:36Z
247,3,2,111.43,standard,2026-07-05T20:03:36Z
247,3,3,111.43,standard,2026-07-05T20:03:36Z
247,4,4,111.43,standard,2026-07-05T20:03:36Z
247,4,5,111.43,standard,2026-07-05T20:03:36Z
247,4,6,111.43,standard,2026-07-05T20:03:36Z
247,4,7,111.43,standard,2026-07-05T20:03:36Z
247,4,8,111.43,standard,2026-07-05T20:03:36Z
247,4,9,111.43,standard,2026-07-05T20:03:36Z
247,4,1,111.43,standard,2026-07-05T20:03:36Z
247,4,10,111.43,standard,2026-07-05T20:03:36Z
247,4,11,111.43,standard,2026-07-05T20:03:36Z
247,4,12,111.43,standard,2026-07-05T20:03:36Z
247,4,13,111.43,standard,2026-07-05T20:03:36Z
247,4,14,111.43,standard,2026-07-05T20:03:36Z
247,4,15,111.43,standard,2026-07-05T20:03:36Z
247,4,2,111.43,standard,2026-07-05T20:03:36Z
247,4,3,111.43,standard,2026-07-05T20:03:36Z
247,5,4,111.43,standard,2026-07-05T20:03:36Z
247,5,5,111.43,standard,2026-07-05T20:03:36Z
247,5,6,111.43,standard,2026-07-05T20:03:36Z
247,5,7,111.43,standard,2026-07-05T20:03:36Z
247,5,8,111.43,standard,2026-07-05T20:03:36Z
247,5,9,111.43,standard,2026-07-05T20:03:36Z
247,5,1,111.43,standard,2026-07-05T20:03:36Z
247,5,10,111.43,standard,2026-07-05T20:03:36Z
247,5,11,111.43,standard,2026-07-05T20:03:36Z
247,5,12,111.43,standard,2026-07-05T20:03:36Z
247,5,13,111.43,standard,2026-07-05T20:03:36Z
247,5,14,111.43,standard,2026-07-05T20:03:36Z
247,5,15,111.43,standard,2026-07-05T20:03:36Z
247,5,16,111.43,standard,2026-07-05T20:03:36Z
247,5,2,111.43,standard,2026-07-05T20:03:36Z
247,5,3,111.43,standard,2026-07-05T20:03:36Z
247,6,4,111.43,standard,2026-07-05T20:03:36Z
247,6,5,111.43,standard,2026-07-05T20:03:36Z
247,6,6,111.43,standard,2026-07-05T20:03:36Z
247,6,7,111.43,standard,2026-07-05T20:03:36Z
247,6,8,111.43,standard,2026-07-05T20:03:36Z
247,6,9,111.43,standard,2026-07-05T20:03:36Z
247,6,1,111.43,standard,2026-07-05T20:03:36Z
247,6,10,111.43,standard,2026-07-05T20:03:36Z
247,6,11,111.43,standard,2026-07-05T20:03:36Z
247,6,12,111.43,standard,2026-07-05T20:03:36Z
247,6,13,111.43,standard,2026-07-05T20:03:36Z
247,6,14,111.43,standard,2026-07-05T20:03:36Z
247,6,15,111.43,standard,2026-07-05T20:03:36Z
247,6,16,111.43,standard,2026-07-05T20:03:36Z
247,6,2,111.43,standard,2026-07-05T20:03:36Z
247,6,3,111.43,standard,2026-07-05T20:03:36Z
247,7,4,111.43,standard,2026-07-05T20:03:36Z
247,7,5,111.43,standard,2026-07-05T20:03:36Z
247,7,6,111.43,standard,2026-07-05T20:03:36Z
247,7,7,111.43,standard,2026-07-05T20:03:36Z
247,7,8,111.43,standard,2026-07-05T20:03:36Z
247,7,9,111.43,standard,2026-07-05T20:03:36Z
247,7,1,111.43,standard,2026-07-05T20:03:36Z
247,7,10,111.43,standard,2026-07-05T20:03:36Z
247,7,11,111.43,standard,2026-07-05T20:03:36Z
247,7,12,111.43,standard,2026-07-05T20:03:36Z
247,7,13,111.43,standard,2026-07-05T20:03:36Z
247,7,14,111.43,standard,2026-07-05T20:03:36Z
247,7,15,111.43,standard,2026-07-05T20:03:36Z
247,7,16,111.43,standard,2026-07-05T20:03:36Z
247,7,2,111.43,standard,2026-07-05T20:03:36Z
247,7,3,111.43,standard,2026-07-05T20:03:36Z
247,8,4,111.43,standard,2026-07-05T20:03:36Z
247,8,5,111.43,standard,2026-07-05T20:03:36Z
247,8,6,111.43,standard,2026-07-05T20:03:36Z
247,8,7,111.43,standard,2026-07-05T20:03:36Z
247,8,8,111.43,standard,2026-07-05T20:03:36Z
247,8,9,111.43,standard,2026-07-05T20:03:36Z
247,8,1,111.43,standard,2026-07-05T20:03:36Z
247,8,10,111.43,standard,2026-07-05T20:03:36Z
247,8,11,111.43,standard,2026-07-05T20:03:36Z
247,8,12,111.43,standard,2026-07-05T20:03:36Z
247,8,13,111.43,standard,2026-07-05T20:03:36Z
247,8,14,111.43,standard,2026-07-05T20:03:36Z
247,8,15,111.43,standard,2026-07-05T20:03:36Z
247,8,16,111.43,standard,2026-07-05T20:03:36Z
247,8,2,111.43,standard,2026-07-05T20:03:36Z
247,8,3,111.43,standard,2026-07-05T20:03:36Z
247,9,4,111.43,standard,2026-07-05T20:03:36Z
247,9,5,111.43,standard,2026-07-05T20:03:36Z
247,9,6,111.43,standard,2026-07-05T20:03:36Z
247,9,7,111.43,standard,2026-07-05T20:03:36Z
247,9,8,111.43,standard,2026-07-05T20:03:36Z
247,9,9,111.43,standard,2026-07-05T20:03:36Z
247,9,1,111.43,standard,2026-07-05T20:03:36Z
247,9,10,111.43,standard,2026-07-05T20:03:36Z
247,9,11,111.43,standard,2026-07-05T20:03:36Z
247,9,12,111.43,standard,2026-07-05T20:03:36Z
247,9,13,111.43,standard,2026-07-05T20:03:36Z
247,9,14,111.43,standard,2026-07-05T20:03:36Z
247,9,15,111.43,standard,2026-07-05T20:03:36Z
247,9,16,111.43,standard,2026-07-05T20:03:36Z
247,9,2,111.43,standard,2026-07-05T20:03:36Z
247,9,3,111.43,standard,2026-07-05T20:03:36Z
247,10,17,111.43,standard,2026-07-05T20:03:36Z
248,1,1,111.43,standard,2026-07-05T20:03:36Z
248,10,10,111.43,standard,2026-07-05T20:03:36Z
248,10,11,111.43,standard,2026-07-05T20:03:36Z
248,10,12,111.43,standard,2026-07-05T20:03:36Z
248,10,2,111.43,standard,2026-07-05T20:03:36Z
248,10,3,111.43,standard,2026-07-05T20:03:36Z
248,10,4,111.43,standard,2026-07-05T20:03:36Z
248,10,5,111.43,standard,2026-07-05T20:03:36Z
248,10,6,111.43,standard,2026-07-05T20:03:36Z
248,10,7,111.43,standard,2026-07-05T20:03:36Z
248,10,8,111.43,standard,2026-07-05T20:03:36Z
248,10,9,111.43,standard,2026-07-05T20:03:36Z
248,11,10,111.43,standard,2026-07-05T20:03:36Z
248,11,11,111.43,standard,2026-07-05T20:03:36Z
248,11,2,111.43,standard,2026-07-05T20:03:36Z
248,11,3,111.43,standard,2026-07-05T20:03:36Z
248,11,4,111.43,standard,2026-07-05T20:03:36Z
248,11,5,111.43,standard,2026-07-05T20:03:36Z
248,11,6,111.43,standard,2026-07-05T20:03:36Z
248,11,7,111.43,standard,2026-07-05T20:03:36Z
248,11,8,111.43,standard,2026-07-05T20:03:36Z
248,11,9,111.43,standard,2026-07-05T20:03:36Z
248,12,10,111.43,standard,2026-07-05T20:03:36Z
248,12,11,111.43,standard,2026-07-05T20:03:36Z
248,12,12,111.43,standard,2026-07-05T20:03:36Z
248,12,2,111.43,standard,2026-07-05T20:03:36Z
248,12,3,111.43,standard,2026-07-05T20:03:36Z
248,12,4,111.43,standard,2026-07-05T20:03:36Z
248,12,5,111.43,standard,2026-07-05T20:03:36Z
248,12,6,111.43,standard,2026-07-05T20:03:36Z
248,12,7,111.43,standard,2026-07-05T20:03:36Z
248,12,8,111.43,standard,2026-07-05T20:03:36Z
248,12,9,111.43,standard,2026-07-05T20:03:36Z
248,1,4,111.43,standard,2026-07-05T20:03:36Z
248,1,5,111.43,standard,2026-07-05T20:03:36Z
248,1,6,111.43,standard,2026-07-05T20:03:36Z
248,1,7,111.43,standard,2026-07-05T20:03:36Z
248,1,8,111.43,standard,2026-07-05T20:03:36Z
248,1,9,111.43,standard,2026-07-05T20:03:36Z
248,1,10,111.43,standard,2026-07-05T20:03:36Z
248,1,11,111.43,standard,2026-07-05T20:03:36Z
248,1,12,111.43,standard,2026-07-05T20:03:36Z
248,1,2,111.43,standard,2026-07-05T20:03:36Z
248,1,3,111.43,standard,2026-07-05T20:03:36Z
248,2,4,111.43,standard,2026-07-05T20:03:36Z
248,2,5,111.43,standard,2026-07-05T20:03:36Z
248,2,6,111.43,standard,2026-07-05T20:03:36Z
248,2,7,111.43,standard,2026-07-05T20:03:36Z
248,2,8,111.43,standard,2026-07-05T20:03:36Z
248,2,9,111.43,standard,2026-07-05T20:03:36Z
248,2,1,111.43,standard,2026-07-05T20:03:36Z
248,2,10,111.43,standard,2026-07-05T20:03:36Z
248,2,11,111.43,standard,2026-07-05T20:03:36Z
248,2,12,111.43,standard,2026-07-05T20:03:36Z
248,2,2,111.43,standard,2026-07-05T20:03:36Z
248,2,3,111.43,standard,2026-07-05T20:03:36Z
248,3,4,111.43,standard,2026-07-05T20:03:36Z
248,3,5,111.43,standard,2026-07-05T20:03:36Z
248,3,6,111.43,standard,2026-07-05T20:03:36Z
248,3,7,111.43,standard,2026-07-05T20:03:36Z
248,3,8,111.43,standard,2026-07-05T20:03:36Z
248,3,9,111.43,standard,2026-07-05T20:03:36Z
248,3,1,111.43,standard,2026-07-05T20:03:36Z
248,3,10,111.43,standard,2026-07-05T20:03:36Z
248,3,11,111.43,standard,2026-07-05T20:03:36Z
248,3,12,111.43,standard,2026-07-05T20:03:36Z
248,3,2,111.43,standard,2026-07-05T20:03:36Z
248,3,3,111.43,standard,2026-07-05T20:03:36Z
248,4,4,111.43,standard,2026-07-05T20:03:36Z
248,4,5,111.43,standard,2026-07-05T20:03:36Z
248,4,6,111.43,standard,2026-07-05T20:03:36Z
248,4,7,111.43,standard,2026-07-05T20:03:36Z
248,4,8,111.43,standard,2026-07-05T20:03:36Z
248,4,9,111.43,standard,2026-07-05T20:03:36Z
248,4,1,111.43,standard,2026-07-05T20:03:36Z
248,4,10,111.43,standard,2026-07-05T20:03:36Z
248,4,11,111.43,standard,2026-07-05T20:03:36Z
248,4,12,111.43,standard,2026-07-05T20:03:36Z
248,4,2,111.43,standard,2026-07-05T20:03:36Z
248,4,3,111.43,standard,2026-07-05T20:03:36Z
248,5,4,111.43,standard,2026-07-05T20:03:36Z
248,5,5,111.43,standard,2026-07-05T20:03:36Z
248,5,6,111.43,standard,2026-07-05T20:03:36Z
248,5,7,111.43,standard,2026-07-05T20:03:36Z
248,5,8,111.43,standard,2026-07-05T20:03:36Z
248,5,9,111.43,standard,2026-07-05T20:03:36Z
248,5,1,111.43,standard,2026-07-05T20:03:36Z
248,5,10,111.43,standard,2026-07-05T20:03:36Z
248,5,11,111.43,standard,2026-07-05T20:03:36Z
248,5,12,111.43,standard,2026-07-05T20:03:36Z
248,5,2,111.43,standard,2026-07-05T20:03:36Z
248,5,3,111.43,standard,2026-07-05T20:03:36Z
248,6,4,111.43,standard,2026-07-05T20:03:36Z
248,6,5,111.43,standard,2026-07-05T20:03:36Z
248,6,6,111.43,standard,2026-07-05T20:03:36Z
248,6,7,111.43,standard,2026-07-05T20:03:36Z
248,6,8,111.43,standard,2026-07-05T20:03:36Z
248,6,9,111.43,standard,2026-07-05T20:03:36Z
248,6,1,111.43,standard,2026-07-05T20:03:36Z
248,6,10,111.43,standard,2026-07-05T20:03:36Z
248,6,11,111.43,standard,2026-07-05T20:03:36Z
248,6,12,111.43,standard,2026-07-05T20:03:36Z
248,6,2,111.43,standard,2026-07-05T20:03:36Z
248,6,3,111.43,standard,2026-07-05T20:03:36Z
248,7,4,111.43,standard,2026-07-05T20:03:36Z
248,7,5,111.43,standard,2026-07-05T20:03:36Z
248,7,6,111.43,standard,2026-07-05T20:03:36Z
248,7,7,111.43,standard,2026-07-05T20:03:36Z
248,7,8,111.43,standard,2026-07-05T20:03:36Z
248,7,9,111.43,standard,2026-07-05T20:03:36Z
248,7,1,111.43,standard,2026-07-05T20:03:36Z
248,7,10,111.43,standard,2026-07-05T20:03:36Z
248,7,11,111.43,standard,2026-07-05T20:03:36Z
248,7,12,111.43,standard,2026-07-05T20:03:36Z
248,7,2,111.43,standard,2026-07-05T20:03:36Z
248,7,3,111.43,standard,2026-07-05T20:03:36Z
248,8,4,111.43,standard,2026-07-05T20:03:36Z
248,8,5,111.43,standard,2026-07-05T20:03:36Z
248,8,6,111.43,standard,2026-07-05T20:03:36Z
248,8,7,111.43,standard,2026-07-05T20:03:36Z
248,8,8,111.43,standard,2026-07-05T20:03:36Z
248,8,9,111.43,standard,2026-07-05T20:03:36Z
248,8,1,111.43,standard,2026-07-05T20:03:36Z
248,8,10,111.43,standard,2026-07-05T20:03:36Z
248,8,11,111.43,standard,2026-07-05T20:03:36Z
248,8,12,111.43,standard,2026-07-05T20:03:36Z
248,8,2,111.43,standard,2026-07-05T20:03:36Z
248,8,3,111.43,standard,2026-07-05T20:03:36Z
248,9,4,111.43,standard,2026-07-05T20:03:36Z
248,9,5,111.43,standard,2026-07-05T20:03:36Z
248,9,6,111.43,standard,2026-07-05T20:03:36Z
248,9,7,111.43,standard,2026-07-05T20:03:36Z
248,9,8,111.43,standard,2026-07-05T20:03:36Z
248,9,9,111.43,standard,2026-07-05T20:03:36Z
248,9,1,111.43,standard,2026-07-05T20:03:36Z
248,9,10,111.43,standard,2026-07-05T20:03:36Z
248,9,11,111.43,standard,2026-07-05T20:03:36Z
248,9,12,111.43,standard,2026-07-05T20:03:36Z
248,9,2,111.43,standard,2026-07-05T20:03:36Z
248,9,3,111.43,standard,2026-07-05T20:03:36Z
248,10,1,111.43,standard,2026-07-05T20:03:36Z
248,11,12,111.43,standard,2026-07-05T20:03:36Z
249,1,1,111.43,standard,2026-07-05T20:03:36Z
249,10,1,111.43,standard,2026-07-05T20:03:36Z
249,10,2,111.43,standard,2026-07-05T20:03:36Z
249,10,3,111.43,standard,2026-07-05T20:03:36Z
249,10,4,111.43,standard,2026-07-05T20:03:36Z
249,10,5,111.43,standard,2026-07-05T20:03:36Z
249,10,6,111.43,standard,2026-07-05T20:03:36Z
249,11,2,111.43,standard,2026-07-05T20:03:36Z
249,11,3,111.43,standard,2026-07-05T20:03:36Z
249,11,4,111.43,standard,2026-07-05T20:03:36Z
249,11,5,111.43,standard,2026-07-05T20:03:36Z
249,11,6,111.43,standard,2026-07-05T20:03:36Z
249,12,1,111.43,standard,2026-07-05T20:03:36Z
249,12,2,111.43,standard,2026-07-05T20:03:36Z
249,12,3,111.43,standard,2026-07-05T20:03:36Z
249,12,4,111.43,standard,2026-07-05T20:03:36Z
249,12,5,111.43,standard,2026-07-05T20:03:36Z
249,1,4,111.43,standard,2026-07-05T20:03:36Z
249,1,5,111.43,standard,2026-07-05T20:03:36Z
249,1,6,111.43,standard,2026-07-05T20:03:36Z
249,1,2,111.43,standard,2026-07-05T20:03:36Z
249,1,3,111.43,standard,2026-07-05T20:03:36Z
249,2,4,111.43,standard,2026-07-05T20:03:36Z
249,2,5,111.43,standard,2026-07-05T20:03:36Z
249,2,6,111.43,standard,2026-07-05T20:03:36Z
249,2,1,111.43,standard,2026-07-05T20:03:36Z
249,2,2,111.43,standard,2026-07-05T20:03:36Z
249,2,3,111.43,standard,2026-07-05T20:03:36Z
249,3,4,111.43,standard,2026-07-05T20:03:36Z
249,3,5,111.43,standard,2026-07-05T20:03:36Z
249,3,6,111.43,standard,2026-07-05T20:03:36Z
249,3,1,111.43,standard,2026-07-05T20:03:36Z
249,3,2,111.43,standard,2026-07-05T20:03:36Z
249,3,3,111.43,standard,2026-07-05T20:03:36Z
249,4,4,111.43,standard,2026-07-05T20:03:36Z
249,4,5,111.43,standard,2026-07-05T20:03:36Z
249,4,6,111.43,standard,2026-07-05T20:03:36Z
249,4,1,111.43,standard,2026-07-05T20:03:36Z
249,4,2,111.43,standard,2026-07-05T20:03:36Z
249,4,3,111.43,standard,2026-07-05T20:03:36Z
249,5,4,111.43,standard,2026-07-05T20:03:36Z
249,5,5,111.43,standard,2026-07-05T20:03:36Z
249,5,6,111.43,standard,2026-07-05T20:03:36Z
249,5,1,111.43,standard,2026-07-05T20:03:36Z
249,5,2,111.43,standard,2026-07-05T20:03:36Z
249,5,3,111.43,standard,2026-07-05T20:03:36Z
249,6,4,111.43,standard,2026-07-05T20:03:36Z
249,6,5,111.43,standard,2026-07-05T20:03:36Z
249,6,6,111.43,standard,2026-07-05T20:03:36Z
249,6,1,111.43,standard,2026-07-05T20:03:36Z
249,6,2,111.43,standard,2026-07-05T20:03:36Z
249,6,3,111.43,standard,2026-07-05T20:03:36Z
249,7,4,111.43,standard,2026-07-05T20:03:36Z
249,7,5,111.43,standard,2026-07-05T20:03:36Z
249,7,6,111.43,standard,2026-07-05T20:03:36Z
249,7,1,111.43,standard,2026-07-05T20:03:36Z
249,7,2,111.43,standard,2026-07-05T20:03:36Z
249,7,3,111.43,standard,2026-07-05T20:03:36Z
249,8,4,111.43,standard,2026-07-05T20:03:36Z
249,8,5,111.43,standard,2026-07-05T20:03:36Z
249,8,6,111.43,standard,2026-07-05T20:03:36Z
249,8,1,111.43,standard,2026-07-05T20:03:36Z
249,8,2,111.43,standard,2026-07-05T20:03:36Z
249,8,3,111.43,standard,2026-07-05T20:03:36Z
249,9,4,111.43,standard,2026-07-05T20:03:36Z
249,9,5,111.43,standard,2026-07-05T20:03:36Z
249,9,6,111.43,standard,2026-07-05T20:03:36Z
249,9,1,111.43,standard,2026-07-05T20:03:36Z
249,9,2,111.43,standard,2026-07-05T20:03:36Z
249,9,3,111.43,standard,2026-07-05T20:03:36Z
249,11,1,111.43,standard,2026-07-05T20:03:36Z
27,6,14,813.82,standard,2026-07-05T20:03:36Z
27,6,13,813.82,standard,2026-07-05T20:03:36Z
306,10,10,39.61,standard,2026-07-05T20:03:36Z
306,10,11,39.61,standard,2026-07-05T20:03:36Z
306,10,12,39.61,standard,2026-07-05T20:03:36Z
306,9,10,39.61,standard,2026-07-05T20:03:36Z
306,9,11,39.61,standard,2026-07-05T20:03:36Z
306,17,10,39.61,standard,2026-07-05T20:03:36Z
306,17,2,39.61,standard,2026-07-05T20:03:36Z
306,17,3,39.61,standard,2026-07-05T20:03:36Z
306,17,4,39.61,standard,2026-07-05T20:03:36Z
306,17,5,39.61,standard,2026-07-05T20:03:36Z
306,17,6,39.61,standard,2026-07-05T20:03:36Z
306,17,7,39.61,standard,2026-07-05T20:03:36Z
306,17,8,39.61,standard,2026-07-05T20:03:36Z
306,17,9,39.61,standard,2026-07-05T20:03:36Z
306,13,7,39.61,standard,2026-07-05T20:03:36Z
306,13,8,39.61,standard,2026-07-05T20:03:36Z
306,14,1,39.61,standard,2026-07-05T20:03:36Z
306,14,2,39.61,standard,2026-07-05T20:03:36Z
306,15,1,39.61,standard,2026-07-05T20:03:36Z
306,15,2,39.61,standard,2026-07-05T20:03:36Z
306,15,3,39.61,standard,2026-07-05T20:03:36Z
306,16,11,39.61,standard,2026-07-05T20:03:36Z
306,16,12,39.61,standard,2026-07-05T20:03:36Z
306,16,2,39.61,standard,2026-07-05T20:03:36Z
306,16,3,39.61,standard,2026-07-05T20:03:36Z
306,16,4,39.61,standard,2026-07-05T20:03:36Z
306,18,1,39.61,standard,2026-07-05T20:03:36Z
306,18,2,39.61,standard,2026-07-05T20:03:36Z
306,18,3,39.61,standard,2026-07-05T20:03:36Z
306,18,4,39.61,standard,2026-07-05T20:03:36Z
306,18,5,39.61,standard,2026-07-05T20:03:36Z
306,18,6,39.61,standard,2026-07-05T20:03:36Z
306,18,7,39.61,standard,2026-07-05T20:03:36Z
306,18,8,39.61,standard,2026-07-05T20:03:36Z
306,18,9,39.61,standard,2026-07-05T20:03:36Z
306,19,10,39.61,standard,2026-07-05T20:03:36Z
306,19,11,39.61,standard,2026-07-05T20:03:36Z
306,19,12,39.61,standard,2026-07-05T20:03:36Z
306,19,2,39.61,standard,2026-07-05T20:03:36Z
306,19,3,39.61,standard,2026-07-05T20:03:36Z
306,19,4,39.61,standard,2026-07-05T20:03:36Z
306,19,5,39.61,standard,2026-07-05T20:03:36Z
306,19,6,39.61,standard,2026-07-05T20:03:36Z
306,19,7,39.61,standard,2026-07-05T20:03:36Z
306,19,8,39.61,standard,2026-07-05T20:03:36Z
306,19,9,39.61,standard,2026-07-05T20:03:36Z
306,20,1,39.61,standard,2026-07-05T20:03:36Z
306,20,2,39.61,standard,2026-07-05T20:03:36Z
306,20,3,39.61,standard,2026-07-05T20:03:36Z
306,20,4,39.61,standard,2026-07-05T20:03:36Z
306,20,5,39.61,standard,2026-07-05T20:03:36Z
306,20,6,39.61,standard,2026-07-05T20:03:36Z
306,20,7,39.61,standard,2026-07-05T20:03:36Z
306,21,10,39.61,standard,2026-07-05T20:03:36Z
306,21,11,39.61,standard,2026-07-05T20:03:36Z
306,21,12,39.61,standard,2026-07-05T20:03:36Z
306,21,2,39.61,standard,2026-07-05T20:03:36Z
306,21,3,39.61,standard,2026-07-05T20:03:36Z
306,21,4,39.61,standard,2026-07-05T20:03:36Z
306,21,5,39.61,standard,2026-07-05T20:03:36Z
306,21,6,39.61,standard,2026-07-05T20:03:36Z
306,21,7,39.61,standard,2026-07-05T20:03:36Z
306,21,8,39.61,standard,2026-07-05T20:03:36Z
306,21,9,39.61,standard,2026-07-05T20:03:36Z
306,22,10,39.61,standard,2026-07-05T20:03:36Z
306,22,11,39.61,standard,2026-07-05T20:03:36Z
306,22,12,39.61,standard,2026-07-05T20:03:36Z
306,22,2,39.61,standard,2026-07-05T20:03:36Z
306,22,3,39.61,standard,2026-07-05T20:03:36Z
306,22,4,39.61,standard,2026-07-05T20:03:36Z
306,22,5,39.61,standard,2026-07-05T20:03:36Z
306,22,6,39.61,standard,2026-07-05T20:03:36Z
306,22,7,39.61,standard,2026-07-05T20:03:36Z
306,22,8,39.61,standard,2026-07-05T20:03:36Z
306,22,9,39.61,standard,2026-07-05T20:03:36Z
306,23,10,39.61,standard,2026-07-05T20:03:36Z
306,23,11,39.61,standard,2026-07-05T20:03:36Z
306,23,12,39.61,standard,2026-07-05T20:03:36Z
306,23,2,39.61,standard,2026-07-05T20:03:36Z
306,23,3,39.61,standard,2026-07-05T20:03:36Z
306,23,4,39.61,standard,2026-07-05T20:03:36Z
306,23,5,39.61,standard,2026-07-05T20:03:36Z
306,23,6,39.61,standard,2026-07-05T20:03:36Z
306,23,7,39.61,standard,2026-07-05T20:03:36Z
306,23,8,39.61,standard,2026-07-05T20:03:36Z
306,23,9,39.61,standard,2026-07-05T20:03:36Z
306,24,10,39.61,standard,2026-07-05T20:03:36Z
306,24,11,39.61,standard,2026-07-05T20:03:36Z
306,24,2,39.61,standard,2026-07-05T20:03:36Z
306,24,3,39.61,standard,2026-07-05T20:03:36Z
306,24,4,39.61,standard,2026-07-05T20:03:36Z
306,24,5,39.61,standard,2026-07-05T20:03:36Z
306,24,6,39.61,standard,2026-07-05T20:03:36Z
306,24,7,39.61,standard,2026-07-05T20:03:36Z
306,24,8,39.61,standard,2026-07-05T20:03:36Z
306,24,9,39.61,standard,2026-07-05T20:03:36Z
306,25,6,39.61,standard,2026-07-05T20:03:36Z
306,25,7,39.61,standard,2026-07-05T20:03:36Z
306,25,8,39.61,standard,2026-07-05T20:03:36Z
306,25,9,39.61,standard,2026-07-05T20:03:36Z
306,9,12,39.61,standard,2026-07-05T20:03:36Z
307,17,12,39.61,standard,2026-07-05T20:03:36Z
307,17,13,39.61,standard,2026-07-05T20:03:36Z
307,17,14,39.61,standard,2026-07-05T20:03:36Z
307,17,15,39.61,standard,2026-07-05T20:03:36Z
307,17,20,39.61,standard,2026-07-05T20:03:36Z
307,17,21,39.61,standard,2026-07-05T20:03:36Z
307,17,22,39.61,standard,2026-07-05T20:03:36Z
307,17,3,39.61,standard,2026-07-05T20:03:36Z
307,17,4,39.61,standard,2026-07-05T20:03:36Z
307,17,5,39.61,standard,2026-07-05T20:03:36Z
307,17,6,39.61,standard,2026-07-05T20:03:36Z
307,17,7,39.61,standard,2026-07-05T20:03:36Z
307,17,8,39.61,standard,2026-07-05T20:03:36Z
307,10,10,39.61,standard,2026-07-05T20:03:36Z
307,10,11,39.61,standard,2026-07-05T20:03:36Z
307,10,12,39.61,standard,2026-07-05T20:03:36Z
307,10,13,39.61,standard,2026-07-05T20:03:36Z
307,10,14,39.61,standard,2026-07-05T20:03:36Z
307,10,5,39.61,standard,2026-07-05T20:03:36Z
307,10,6,39.61,standard,2026-07-05T20:03:36Z
307,10,7,39.61,standard,2026-07-05T20:03:36Z
307,10,8,39.61,standard,2026-07-05T20:03:36Z
307,10,9,39.61,standard,2026-07-05T20:03:36Z
307,11,10,39.61,standard,2026-07-05T20:03:36Z
307,11,11,39.61,standard,2026-07-05T20:03:36Z
307,11,12,39.61,standard,2026-07-05T20:03:36Z
307,11,13,39.61,standard,2026-07-05T20:03:36Z
307,11,14,39.61,standard,2026-07-05T20:03:36Z
307,11,15,39.61,standard,2026-07-05T20:03:36Z
307,11,16,39.61,standard,2026-07-05T20:03:36Z
307,11,3,39.61,standard,2026-07-05T20:03:36Z
307,11,4,39.61,standard,2026-07-05T20:03:36Z
307,11,5,39.61,standard,2026-07-05T20:03:36Z
307,11,6,39.61,standard,2026-07-05T20:03:36Z
307,11,7,39.61,standard,2026-07-05T20:03:36Z
307,11,8,39.61,standard,2026-07-05T20:03:36Z
307,11,9,39.61,standard,2026-07-05T20:03:36Z
307,12,10,39.61,standard,2026-07-05T20:03:36Z
307,12,11,39.61,standard,2026-07-05T20:03:36Z
307,12,12,39.61,standard,2026-07-05T20:03:36Z
307,12,13,39.61,standard,2026-07-05T20:03:36Z
307,12,14,39.61,standard,2026-07-05T20:03:36Z
307,12,15,39.61,standard,2026-07-05T20:03:36Z
307,12,16,39.61,standard,2026-07-05T20:03:36Z
307,12,17,39.61,standard,2026-07-05T20:03:36Z
307,12,18,39.61,standard,2026-07-05T20:03:36Z
307,12,19,39.61,standard,2026-07-05T20:03:36Z
307,12,20,39.61,standard,2026-07-05T20:03:36Z
307,12,21,39.61,standard,2026-07-05T20:03:36Z
307,12,22,39.61,standard,2026-07-05T20:03:36Z
307,12,3,39.61,standard,2026-07-05T20:03:36Z
307,12,4,39.61,standard,2026-07-05T20:03:36Z
307,12,5,39.61,standard,2026-07-05T20:03:36Z
307,12,6,39.61,standard,2026-07-05T20:03:36Z
307,12,7,39.61,standard,2026-07-05T20:03:36Z
307,12,8,39.61,standard,2026-07-05T20:03:36Z
307,12,9,39.61,standard,2026-07-05T20:03:36Z
307,13,10,39.61,standard,2026-07-05T20:03:36Z
307,13,11,39.61,standard,2026-07-05T20:03:36Z
307,13,12,39.61,standard,2026-07-05T20:03:36Z
307,13,13,39.61,standard,2026-07-05T20:03:36Z
307,13,14,39.61,standard,2026-07-05T20:03:36Z
307,13,15,39.61,standard,2026-07-05T20:03:36Z
307,13,16,39.61,standard,2026-07-05T20:03:36Z
307,13,17,39.61,standard,2026-07-05T20:03:36Z
307,13,18,39.61,standard,2026-07-05T20:03:36Z
307,13,19,39.61,standard,2026-07-05T20:03:36Z
307,13,20,39.61,standard,2026-07-05T20:03:36Z
307,13,21,39.61,standard,2026-07-05T20:03:36Z
307,13,22,39.61,standard,2026-07-05T20:03:36Z
307,13,3,39.61,standard,2026-07-05T20:03:36Z
307,13,4,39.61,standard,2026-07-05T20:03:36Z
307,13,5,39.61,standard,2026-07-05T20:03:36Z
307,13,6,39.61,standard,2026-07-05T20:03:36Z
307,13,7,39.61,standard,2026-07-05T20:03:36Z
307,13,8,39.61,standard,2026-07-05T20:03:36Z
307,13,9,39.61,standard,2026-07-05T20:03:36Z
307,14,10,39.61,standard,2026-07-05T20:03:36Z
307,14,11,39.61,standard,2026-07-05T20:03:36Z
307,14,12,39.61,standard,2026-07-05T20:03:36Z
307,14,13,39.61,standard,2026-07-05T20:03:36Z
307,14,14,39.61,standard,2026-07-05T20:03:36Z
307,14,15,39.61,standard,2026-07-05T20:03:36Z
307,14,16,39.61,standard,2026-07-05T20:03:36Z
307,14,17,39.61,standard,2026-07-05T20:03:36Z
307,14,18,39.61,standard,2026-07-05T20:03:36Z
307,14,19,39.61,standard,2026-07-05T20:03:36Z
307,14,20,39.61,standard,2026-07-05T20:03:36Z
307,14,3,39.61,standard,2026-07-05T20:03:36Z
307,14,4,39.61,standard,2026-07-05T20:03:36Z
307,14,5,39.61,standard,2026-07-05T20:03:36Z
307,14,6,39.61,standard,2026-07-05T20:03:36Z
307,14,7,39.61,standard,2026-07-05T20:03:36Z
307,14,8,39.61,standard,2026-07-05T20:03:36Z
307,14,9,39.61,standard,2026-07-05T20:03:36Z
307,15,10,39.61,standard,2026-07-05T20:03:36Z
307,15,11,39.61,standard,2026-07-05T20:03:36Z
307,15,12,39.61,standard,2026-07-05T20:03:36Z
307,15,13,39.61,standard,2026-07-05T20:03:36Z
307,15,14,39.61,standard,2026-07-05T20:03:36Z
307,15,15,39.61,standard,2026-07-05T20:03:36Z
307,15,16,39.61,standard,2026-07-05T20:03:36Z
307,15,17,39.61,standard,2026-07-05T20:03:36Z
307,15,18,39.61,standard,2026-07-05T20:03:36Z
307,15,19,39.61,standard,2026-07-05T20:03:36Z
307,15,20,39.61,standard,2026-07-05T20:03:36Z
307,15,21,39.61,standard,2026-07-05T20:03:36Z
307,15,22,39.61,standard,2026-07-05T20:03:36Z
307,15,3,39.61,standard,2026-07-05T20:03:36Z
307,15,4,39.61,standard,2026-07-05T20:03:36Z
307,15,5,39.61,standard,2026-07-05T20:03:36Z
307,15,6,39.61,standard,2026-07-05T20:03:36Z
307,15,7,39.61,standard,2026-07-05T20:03:36Z
307,15,8,39.61,standard,2026-07-05T20:03:36Z
307,15,9,39.61,standard,2026-07-05T20:03:36Z
307,16,13,39.61,standard,2026-07-05T20:03:36Z
307,16,14,39.61,standard,2026-07-05T20:03:36Z
307,16,15,39.61,standard,2026-07-05T20:03:36Z
307,16,16,39.61,standard,2026-07-05T20:03:36Z
307,16,17,39.61,standard,2026-07-05T20:03:36Z
307,16,18,39.61,standard,2026-07-05T20:03:36Z
307,16,19,39.61,standard,2026-07-05T20:03:36Z
307,16,2,39.61,standard,2026-07-05T20:03:36Z
307,16,3,39.61,standard,2026-07-05T20:03:36Z
307,16,4,39.61,standard,2026-07-05T20:03:36Z
307,16,5,39.61,standard,2026-07-05T20:03:36Z
307,18,10,39.61,standard,2026-07-05T20:03:36Z
307,18,11,39.61,standard,2026-07-05T20:03:36Z
307,18,12,39.61,standard,2026-07-05T20:03:36Z
307,18,13,39.61,standard,2026-07-05T20:03:36Z
307,18,2,39.61,standard,2026-07-05T20:03:36Z
307,18,3,39.61,standard,2026-07-05T20:03:36Z
307,18,4,39.61,standard,2026-07-05T20:03:36Z
307,18,5,39.61,standard,2026-07-05T20:03:36Z
307,18,6,39.61,standard,2026-07-05T20:03:36Z
307,18,7,39.61,standard,2026-07-05T20:03:36Z
307,18,8,39.61,standard,2026-07-05T20:03:36Z
307,18,9,39.61,standard,2026-07-05T20:03:36Z
307,19,10,39.61,standard,2026-07-05T20:03:36Z
307,19,11,39.61,standard,2026-07-05T20:03:36Z
307,19,12,39.61,standard,2026-07-05T20:03:36Z
307,19,13,39.61,standard,2026-07-05T20:03:36Z
307,19,14,39.61,standard,2026-07-05T20:03:36Z
307,19,15,39.61,standard,2026-07-05T20:03:36Z
307,19,16,39.61,standard,2026-07-05T20:03:36Z
307,19,17,39.61,standard,2026-07-05T20:03:36Z
307,19,18,39.61,standard,2026-07-05T20:03:36Z
307,19,19,39.61,standard,2026-07-05T20:03:36Z
307,19,20,39.61,standard,2026-07-05T20:03:36Z
307,19,21,39.61,standard,2026-07-05T20:03:36Z
307,19,22,39.61,standard,2026-07-05T20:03:36Z
307,19,3,39.61,standard,2026-07-05T20:03:36Z
307,19,4,39.61,standard,2026-07-05T20:03:36Z
307,19,5,39.61,standard,2026-07-05T20:03:36Z
307,19,6,39.61,standard,2026-07-05T20:03:36Z
307,19,7,39.61,standard,2026-07-05T20:03:36Z
307,19,8,39.61,standard,2026-07-05T20:03:36Z
307,19,9,39.61,standard,2026-07-05T20:03:36Z
307,20,10,39.61,standard,2026-07-05T20:03:36Z
307,20,11,39.61,standard,2026-07-05T20:03:36Z
307,20,12,39.61,standard,2026-07-05T20:03:36Z
307,20,13,39.61,standard,2026-07-05T20:03:36Z
307,20,14,39.61,standard,2026-07-05T20:03:36Z
307,20,15,39.61,standard,2026-07-05T20:03:36Z
307,20,16,39.61,standard,2026-07-05T20:03:36Z
307,20,17,39.61,standard,2026-07-05T20:03:36Z
307,20,18,39.61,standard,2026-07-05T20:03:36Z
307,20,19,39.61,standard,2026-07-05T20:03:36Z
307,20,20,39.61,standard,2026-07-05T20:03:36Z
307,20,21,39.61,standard,2026-07-05T20:03:36Z
307,20,22,39.61,standard,2026-07-05T20:03:36Z
307,20,3,39.61,standard,2026-07-05T20:03:36Z
307,20,4,39.61,standard,2026-07-05T20:03:36Z
307,20,5,39.61,standard,2026-07-05T20:03:36Z
307,20,6,39.61,standard,2026-07-05T20:03:36Z
307,20,7,39.61,standard,2026-07-05T20:03:36Z
307,20,8,39.61,standard,2026-07-05T20:03:36Z
307,20,9,39.61,standard,2026-07-05T20:03:36Z
307,21,10,39.61,standard,2026-07-05T20:03:36Z
307,21,11,39.61,standard,2026-07-05T20:03:36Z
307,21,12,39.61,standard,2026-07-05T20:03:36Z
307,21,13,39.61,standard,2026-07-05T20:03:36Z
307,21,14,39.61,standard,2026-07-05T20:03:36Z
307,21,15,39.61,standard,2026-07-05T20:03:36Z
307,21,16,39.61,standard,2026-07-05T20:03:36Z
307,21,17,39.61,standard,2026-07-05T20:03:36Z
307,21,18,39.61,standard,2026-07-05T20:03:36Z
307,21,19,39.61,standard,2026-07-05T20:03:36Z
307,21,20,39.61,standard,2026-07-05T20:03:36Z
307,21,21,39.61,standard,2026-07-05T20:03:36Z
307,21,22,39.61,standard,2026-07-05T20:03:36Z
307,21,3,39.61,standard,2026-07-05T20:03:36Z
307,21,4,39.61,standard,2026-07-05T20:03:36Z
307,21,5,39.61,standard,2026-07-05T20:03:36Z
307,21,6,39.61,standard,2026-07-05T20:03:36Z
307,21,7,39.61,standard,2026-07-05T20:03:36Z
307,21,8,39.61,standard,2026-07-05T20:03:36Z
307,21,9,39.61,standard,2026-07-05T20:03:36Z
307,22,10,39.61,standard,2026-07-05T20:03:36Z
307,22,11,39.61,standard,2026-07-05T20:03:36Z
307,22,12,39.61,standard,2026-07-05T20:03:36Z
307,22,13,39.61,standard,2026-07-05T20:03:36Z
307,22,14,39.61,standard,2026-07-05T20:03:36Z
307,22,15,39.61,standard,2026-07-05T20:03:36Z
307,22,16,39.61,standard,2026-07-05T20:03:36Z
307,22,17,39.61,standard,2026-07-05T20:03:36Z
307,22,18,39.61,standard,2026-07-05T20:03:36Z
307,22,19,39.61,standard,2026-07-05T20:03:36Z
307,22,20,39.61,standard,2026-07-05T20:03:36Z
307,22,21,39.61,standard,2026-07-05T20:03:36Z
307,22,22,39.61,standard,2026-07-05T20:03:36Z
307,22,3,39.61,standard,2026-07-05T20:03:36Z
307,22,4,39.61,standard,2026-07-05T20:03:36Z
307,22,5,39.61,standard,2026-07-05T20:03:36Z
307,22,6,39.61,standard,2026-07-05T20:03:36Z
307,22,7,39.61,standard,2026-07-05T20:03:36Z
307,22,8,39.61,standard,2026-07-05T20:03:36Z
307,22,9,39.61,standard,2026-07-05T20:03:36Z
307,23,10,39.61,standard,2026-07-05T20:03:36Z
307,23,11,39.61,standard,2026-07-05T20:03:36Z
307,23,12,39.61,standard,2026-07-05T20:03:36Z
307,23,13,39.61,standard,2026-07-05T20:03:36Z
307,23,14,39.61,standard,2026-07-05T20:03:36Z
307,23,15,39.61,standard,2026-07-05T20:03:36Z
307,23,16,39.61,standard,2026-07-05T20:03:36Z
307,23,17,39.61,standard,2026-07-05T20:03:36Z
307,23,18,39.61,standard,2026-07-05T20:03:36Z
307,23,19,39.61,standard,2026-07-05T20:03:36Z
307,23,20,39.61,standard,2026-07-05T20:03:36Z
307,23,3,39.61,standard,2026-07-05T20:03:36Z
307,23,4,39.61,standard,2026-07-05T20:03:36Z
307,23,5,39.61,standard,2026-07-05T20:03:36Z
307,23,6,39.61,standard,2026-07-05T20:03:36Z
307,23,7,39.61,standard,2026-07-05T20:03:36Z
307,23,8,39.61,standard,2026-07-05T20:03:36Z
307,23,9,39.61,standard,2026-07-05T20:03:36Z
307,24,10,39.61,standard,2026-07-05T20:03:36Z
307,24,13,39.61,standard,2026-07-05T20:03:36Z
307,24,14,39.61,standard,2026-07-05T20:03:36Z
307,24,15,39.61,standard,2026-07-05T20:03:36Z
307,24,16,39.61,standard,2026-07-05T20:03:36Z
307,24,17,39.61,standard,2026-07-05T20:03:36Z
307,24,18,39.61,standard,2026-07-05T20:03:36Z
307,24,19,39.61,standard,2026-07-05T20:03:36Z
307,24,20,39.61,standard,2026-07-05T20:03:36Z
307,24,3,39.61,standard,2026-07-05T20:03:36Z
307,24,4,39.61,standard,2026-07-05T20:03:36Z
307,24,5,39.61,standard,2026-07-05T20:03:36Z
307,24,6,39.61,standard,2026-07-05T20:03:36Z
307,24,7,39.61,standard,2026-07-05T20:03:36Z
307,24,8,39.61,standard,2026-07-05T20:03:36Z
307,24,9,39.61,standard,2026-07-05T20:03:36Z
307,25,10,39.61,standard,2026-07-05T20:03:36Z
307,25,11,39.61,standard,2026-07-05T20:03:36Z
307,25,12,39.61,standard,2026-07-05T20:03:36Z
307,25,15,39.61,standard,2026-07-05T20:03:36Z
307,25,16,39.61,standard,2026-07-05T20:03:36Z
307,25,17,39.61,standard,2026-07-05T20:03:36Z
307,25,18,39.61,standard,2026-07-05T20:03:36Z
307,25,19,39.61,standard,2026-07-05T20:03:36Z
307,25,20,39.61,standard,2026-07-05T20:03:36Z
307,25,21,39.61,standard,2026-07-05T20:03:36Z
307,25,22,39.61,standard,2026-07-05T20:03:36Z
307,25,23,39.61,standard,2026-07-05T20:03:36Z
307,25,3,39.61,standard,2026-07-05T20:03:36Z
307,25,4,39.61,standard,2026-07-05T20:03:36Z
307,25,5,39.61,standard,2026-07-05T20:03:36Z
307,25,6,39.61,standard,2026-07-05T20:03:36Z
307,25,7,39.61,standard,2026-07-05T20:03:36Z
307,25,8,39.61,standard,2026-07-05T20:03:36Z
307,25,9,39.61,standard,2026-07-05T20:03:36Z
307,10,21,39.61,standard,2026-07-05T20:03:36Z
307,10,22,39.61,standard,2026-07-05T20:03:36Z
307,24,11,39.61,standard,2026-07-05T20:03:36Z
307,24,12,39.61,standard,2026-07-05T20:03:36Z
307,25,13,39.61,standard,2026-07-05T20:03:36Z
307,25,14,39.61,standard,2026-07-05T20:03:36Z
307,9,22,39.61,standard,2026-07-05T20:03:36Z
308,17,10,39.61,standard,2026-07-05T20:03:36Z
308,17,11,39.61,standard,2026-07-05T20:03:36Z
308,17,12,39.61,standard,2026-07-05T20:03:36Z
308,17,13,39.61,standard,2026-07-05T20:03:36Z
308,17,14,39.61,standard,2026-07-05T20:03:36Z
308,17,15,39.61,standard,2026-07-05T20:03:36Z
308,17,16,39.61,standard,2026-07-05T20:03:36Z
308,17,17,39.61,standard,2026-07-05T20:03:36Z
308,17,18,39.61,standard,2026-07-05T20:03:36Z
308,17,19,39.61,standard,2026-07-05T20:03:36Z
308,17,20,39.61,standard,2026-07-05T20:03:36Z
308,17,21,39.61,standard,2026-07-05T20:03:36Z
308,17,22,39.61,standard,2026-07-05T20:03:36Z
308,17,23,39.61,standard,2026-07-05T20:03:36Z
308,17,24,39.61,standard,2026-07-05T20:03:36Z
308,17,3,39.61,standard,2026-07-05T20:03:36Z
308,17,4,39.61,standard,2026-07-05T20:03:36Z
308,17,5,39.61,standard,2026-07-05T20:03:36Z
308,17,6,39.61,standard,2026-07-05T20:03:36Z
308,17,7,39.61,standard,2026-07-05T20:03:36Z
308,17,8,39.61,standard,2026-07-05T20:03:36Z
308,17,9,39.61,standard,2026-07-05T20:03:36Z
308,11,14,39.61,standard,2026-07-05T20:03:36Z
308,11,15,39.61,standard,2026-07-05T20:03:36Z
308,11,16,39.61,standard,2026-07-05T20:03:36Z
308,11,17,39.61,standard,2026-07-05T20:03:36Z
308,11,6,39.61,standard,2026-07-05T20:03:36Z
308,11,7,39.61,standard,2026-07-05T20:03:36Z
308,11,8,39.61,standard,2026-07-05T20:03:36Z
308,11,9,39.61,standard,2026-07-05T20:03:36Z
308,12,10,39.61,standard,2026-07-05T20:03:36Z
308,12,11,39.61,standard,2026-07-05T20:03:36Z
308,12,12,39.61,standard,2026-07-05T20:03:36Z
308,12,13,39.61,standard,2026-07-05T20:03:36Z
308,12,14,39.61,standard,2026-07-05T20:03:36Z
308,12,15,39.61,standard,2026-07-05T20:03:36Z
308,12,16,39.61,standard,2026-07-05T20:03:36Z
308,12,17,39.61,standard,2026-07-05T20:03:36Z
308,12,18,39.61,standard,2026-07-05T20:03:36Z
308,12,19,39.61,standard,2026-07-05T20:03:36Z
308,12,6,39.61,standard,2026-07-05T20:03:36Z
308,12,7,39.61,standard,2026-07-05T20:03:36Z
308,12,8,39.61,standard,2026-07-05T20:03:36Z
308,12,9,39.61,standard,2026-07-05T20:03:36Z
308,13,10,39.61,standard,2026-07-05T20:03:36Z
308,13,11,39.61,standard,2026-07-05T20:03:36Z
308,13,12,39.61,standard,2026-07-05T20:03:36Z
308,13,13,39.61,standard,2026-07-05T20:03:36Z
308,13,14,39.61,standard,2026-07-05T20:03:36Z
308,13,15,39.61,standard,2026-07-05T20:03:36Z
308,13,16,39.61,standard,2026-07-05T20:03:36Z
308,13,17,39.61,standard,2026-07-05T20:03:36Z
308,13,18,39.61,standard,2026-07-05T20:03:36Z
308,13,19,39.61,standard,2026-07-05T20:03:36Z
308,13,20,39.61,standard,2026-07-05T20:03:36Z
308,13,21,39.61,standard,2026-07-05T20:03:36Z
308,13,22,39.61,standard,2026-07-05T20:03:36Z
308,13,23,39.61,standard,2026-07-05T20:03:36Z
308,13,5,39.61,standard,2026-07-05T20:03:36Z
308,13,6,39.61,standard,2026-07-05T20:03:36Z
308,13,7,39.61,standard,2026-07-05T20:03:36Z
308,13,8,39.61,standard,2026-07-05T20:03:36Z
308,13,9,39.61,standard,2026-07-05T20:03:36Z
308,14,10,39.61,standard,2026-07-05T20:03:36Z
308,14,11,39.61,standard,2026-07-05T20:03:36Z
308,14,12,39.61,standard,2026-07-05T20:03:36Z
308,14,13,39.61,standard,2026-07-05T20:03:36Z
308,14,14,39.61,standard,2026-07-05T20:03:36Z
308,14,15,39.61,standard,2026-07-05T20:03:36Z
308,14,16,39.61,standard,2026-07-05T20:03:36Z
308,14,17,39.61,standard,2026-07-05T20:03:36Z
308,14,18,39.61,standard,2026-07-05T20:03:36Z
308,14,19,39.61,standard,2026-07-05T20:03:36Z
308,14,20,39.61,standard,2026-07-05T20:03:36Z
308,14,21,39.61,standard,2026-07-05T20:03:36Z
308,14,22,39.61,standard,2026-07-05T20:03:36Z
308,14,23,39.61,standard,2026-07-05T20:03:36Z
308,14,3,39.61,standard,2026-07-05T20:03:36Z
308,14,4,39.61,standard,2026-07-05T20:03:36Z
308,14,5,39.61,standard,2026-07-05T20:03:36Z
308,14,6,39.61,standard,2026-07-05T20:03:36Z
308,14,7,39.61,standard,2026-07-05T20:03:36Z
308,14,8,39.61,standard,2026-07-05T20:03:36Z
308,14,9,39.61,standard,2026-07-05T20:03:36Z
308,15,10,39.61,standard,2026-07-05T20:03:36Z
308,15,11,39.61,standard,2026-07-05T20:03:36Z
308,15,12,39.61,standard,2026-07-05T20:03:36Z
308,15,13,39.61,standard,2026-07-05T20:03:36Z
308,15,14,39.61,standard,2026-07-05T20:03:36Z
308,15,15,39.61,standard,2026-07-05T20:03:36Z
308,15,16,39.61,standard,2026-07-05T20:03:36Z
308,15,17,39.61,standard,2026-07-05T20:03:36Z
308,15,18,39.61,standard,2026-07-05T20:03:36Z
308,15,19,39.61,standard,2026-07-05T20:03:36Z
308,15,20,39.61,standard,2026-07-05T20:03:36Z
308,15,21,39.61,standard,2026-07-05T20:03:36Z
308,15,22,39.61,standard,2026-07-05T20:03:36Z
308,15,23,39.61,standard,2026-07-05T20:03:36Z
308,15,24,39.61,standard,2026-07-05T20:03:36Z
308,15,3,39.61,standard,2026-07-05T20:03:36Z
308,15,4,39.61,standard,2026-07-05T20:03:36Z
308,15,5,39.61,standard,2026-07-05T20:03:36Z
308,15,6,39.61,standard,2026-07-05T20:03:36Z
308,15,7,39.61,standard,2026-07-05T20:03:36Z
308,15,8,39.61,standard,2026-07-05T20:03:36Z
308,15,9,39.61,standard,2026-07-05T20:03:36Z
308,16,10,39.61,standard,2026-07-05T20:03:36Z
308,16,11,39.61,standard,2026-07-05T20:03:36Z
308,16,12,39.61,standard,2026-07-05T20:03:36Z
308,16,13,39.61,standard,2026-07-05T20:03:36Z
308,16,14,39.61,standard,2026-07-05T20:03:36Z
308,16,15,39.61,standard,2026-07-05T20:03:36Z
308,16,16,39.61,standard,2026-07-05T20:03:36Z
308,16,17,39.61,standard,2026-07-05T20:03:36Z
308,16,18,39.61,standard,2026-07-05T20:03:36Z
308,16,19,39.61,standard,2026-07-05T20:03:36Z
308,16,20,39.61,standard,2026-07-05T20:03:36Z
308,16,21,39.61,standard,2026-07-05T20:03:36Z
308,16,22,39.61,standard,2026-07-05T20:03:36Z
308,16,23,39.61,standard,2026-07-05T20:03:36Z
308,16,24,39.61,standard,2026-07-05T20:03:36Z
308,16,3,39.61,standard,2026-07-05T20:03:36Z
308,16,4,39.61,standard,2026-07-05T20:03:36Z
308,16,5,39.61,standard,2026-07-05T20:03:36Z
308,16,6,39.61,standard,2026-07-05T20:03:36Z
308,16,7,39.61,standard,2026-07-05T20:03:36Z
308,16,8,39.61,standard,2026-07-05T20:03:36Z
308,16,9,39.61,standard,2026-07-05T20:03:36Z
308,18,10,39.61,standard,2026-07-05T20:03:36Z
308,18,11,39.61,standard,2026-07-05T20:03:36Z
308,18,12,39.61,standard,2026-07-05T20:03:36Z
308,18,13,39.61,standard,2026-07-05T20:03:36Z
308,18,14,39.61,standard,2026-07-05T20:03:36Z
308,18,15,39.61,standard,2026-07-05T20:03:36Z
308,18,16,39.61,standard,2026-07-05T20:03:36Z
308,18,17,39.61,standard,2026-07-05T20:03:36Z
308,18,18,39.61,standard,2026-07-05T20:03:36Z
308,18,19,39.61,standard,2026-07-05T20:03:36Z
308,18,20,39.61,standard,2026-07-05T20:03:36Z
308,18,21,39.61,standard,2026-07-05T20:03:36Z
308,18,22,39.61,standard,2026-07-05T20:03:36Z
308,18,23,39.61,standard,2026-07-05T20:03:36Z
308,18,24,39.61,standard,2026-07-05T20:03:36Z
308,18,3,39.61,standard,2026-07-05T20:03:36Z
308,18,4,39.61,standard,2026-07-05T20:03:36Z
308,18,5,39.61,standard,2026-07-05T20:03:36Z
308,18,6,39.61,standard,2026-07-05T20:03:36Z
308,18,7,39.61,standard,2026-07-05T20:03:36Z
308,18,8,39.61,standard,2026-07-05T20:03:36Z
308,18,9,39.61,standard,2026-07-05T20:03:36Z
308,19,10,39.61,standard,2026-07-05T20:03:36Z
308,19,11,39.61,standard,2026-07-05T20:03:36Z
308,19,12,39.61,standard,2026-07-05T20:03:36Z
308,19,13,39.61,standard,2026-07-05T20:03:36Z
308,19,14,39.61,standard,2026-07-05T20:03:36Z
308,19,15,39.61,standard,2026-07-05T20:03:36Z
308,19,16,39.61,standard,2026-07-05T20:03:36Z
308,19,17,39.61,standard,2026-07-05T20:03:36Z
308,19,18,39.61,standard,2026-07-05T20:03:36Z
308,19,19,39.61,standard,2026-07-05T20:03:36Z
308,19,20,39.61,standard,2026-07-05T20:03:36Z
308,19,21,39.61,standard,2026-07-05T20:03:36Z
308,19,22,39.61,standard,2026-07-05T20:03:36Z
308,19,23,39.61,standard,2026-07-05T20:03:36Z
308,19,24,39.61,standard,2026-07-05T20:03:36Z
308,19,3,39.61,standard,2026-07-05T20:03:36Z
308,19,4,39.61,standard,2026-07-05T20:03:36Z
308,19,5,39.61,standard,2026-07-05T20:03:36Z
308,19,6,39.61,standard,2026-07-05T20:03:36Z
308,19,7,39.61,standard,2026-07-05T20:03:36Z
308,19,8,39.61,standard,2026-07-05T20:03:36Z
308,19,9,39.61,standard,2026-07-05T20:03:36Z
308,20,10,39.61,standard,2026-07-05T20:03:36Z
308,20,11,39.61,standard,2026-07-05T20:03:36Z
308,20,12,39.61,standard,2026-07-05T20:03:36Z
308,20,13,39.61,standard,2026-07-05T20:03:36Z
308,20,14,39.61,standard,2026-07-05T20:03:36Z
308,20,15,39.61,standard,2026-07-05T20:03:36Z
308,20,16,39.61,standard,2026-07-05T20:03:36Z
308,20,17,39.61,standard,2026-07-05T20:03:36Z
308,20,18,39.61,standard,2026-07-05T20:03:36Z
308,20,19,39.61,standard,2026-07-05T20:03:36Z
308,20,20,39.61,standard,2026-07-05T20:03:36Z
308,20,21,39.61,standard,2026-07-05T20:03:36Z
308,20,22,39.61,standard,2026-07-05T20:03:36Z
308,20,23,39.61,standard,2026-07-05T20:03:36Z
308,20,24,39.61,standard,2026-07-05T20:03:36Z
308,20,3,39.61,standard,2026-07-05T20:03:36Z
308,20,4,39.61,standard,2026-07-05T20:03:36Z
308,20,5,39.61,standard,2026-07-05T20:03:36Z
308,20,6,39.61,standard,2026-07-05T20:03:36Z
308,20,7,39.61,standard,2026-07-05T20:03:36Z
308,20,8,39.61,standard,2026-07-05T20:03:36Z
308,20,9,39.61,standard,2026-07-05T20:03:36Z
308,21,10,39.61,standard,2026-07-05T20:03:36Z
308,21,11,39.61,standard,2026-07-05T20:03:36Z
308,21,12,39.61,standard,2026-07-05T20:03:36Z
308,21,13,39.61,standard,2026-07-05T20:03:36Z
308,21,14,39.61,standard,2026-07-05T20:03:36Z
308,21,15,39.61,standard,2026-07-05T20:03:36Z
308,21,16,39.61,standard,2026-07-05T20:03:36Z
308,21,17,39.61,standard,2026-07-05T20:03:36Z
308,21,18,39.61,standard,2026-07-05T20:03:36Z
308,21,19,39.61,standard,2026-07-05T20:03:36Z
308,21,20,39.61,standard,2026-07-05T20:03:36Z
308,21,21,39.61,standard,2026-07-05T20:03:36Z
308,21,22,39.61,standard,2026-07-05T20:03:36Z
308,21,23,39.61,standard,2026-07-05T20:03:36Z
308,21,24,39.61,standard,2026-07-05T20:03:36Z
308,21,3,39.61,standard,2026-07-05T20:03:36Z
308,21,4,39.61,standard,2026-07-05T20:03:36Z
308,21,5,39.61,standard,2026-07-05T20:03:36Z
308,21,6,39.61,standard,2026-07-05T20:03:36Z
308,21,7,39.61,standard,2026-07-05T20:03:36Z
308,21,8,39.61,standard,2026-07-05T20:03:36Z
308,21,9,39.61,standard,2026-07-05T20:03:36Z
308,22,10,39.61,standard,2026-07-05T20:03:36Z
308,22,11,39.61,standard,2026-07-05T20:03:36Z
308,22,12,39.61,standard,2026-07-05T20:03:36Z
308,22,13,39.61,standard,2026-07-05T20:03:36Z
308,22,14,39.61,standard,2026-07-05T20:03:36Z
308,22,15,39.61,standard,2026-07-05T20:03:36Z
308,22,16,39.61,standard,2026-07-05T20:03:36Z
308,22,17,39.61,standard,2026-07-05T20:03:36Z
308,22,18,39.61,standard,2026-07-05T20:03:36Z
308,22,19,39.61,standard,2026-07-05T20:03:36Z
308,22,20,39.61,standard,2026-07-05T20:03:36Z
308,22,21,39.61,standard,2026-07-05T20:03:36Z
308,22,22,39.61,standard,2026-07-05T20:03:36Z
308,22,23,39.61,standard,2026-07-05T20:03:36Z
308,22,24,39.61,standard,2026-07-05T20:03:36Z
308,22,3,39.61,standard,2026-07-05T20:03:36Z
308,22,4,39.61,standard,2026-07-05T20:03:36Z
308,22,5,39.61,standard,2026-07-05T20:03:36Z
308,22,6,39.61,standard,2026-07-05T20:03:36Z
308,22,7,39.61,standard,2026-07-05T20:03:36Z
308,22,8,39.61,standard,2026-07-05T20:03:36Z
308,22,9,39.61,standard,2026-07-05T20:03:36Z
308,23,10,39.61,standard,2026-07-05T20:03:36Z
308,23,11,39.61,standard,2026-07-05T20:03:36Z
308,23,12,39.61,standard,2026-07-05T20:03:36Z
308,23,13,39.61,standard,2026-07-05T20:03:36Z
308,23,14,39.61,standard,2026-07-05T20:03:36Z
308,23,15,39.61,standard,2026-07-05T20:03:36Z
308,23,16,39.61,standard,2026-07-05T20:03:36Z
308,23,17,39.61,standard,2026-07-05T20:03:36Z
308,23,18,39.61,standard,2026-07-05T20:03:36Z
308,23,19,39.61,standard,2026-07-05T20:03:36Z
308,23,20,39.61,standard,2026-07-05T20:03:36Z
308,23,21,39.61,standard,2026-07-05T20:03:36Z
308,23,22,39.61,standard,2026-07-05T20:03:36Z
308,23,23,39.61,standard,2026-07-05T20:03:36Z
308,23,24,39.61,standard,2026-07-05T20:03:36Z
308,23,3,39.61,standard,2026-07-05T20:03:36Z
308,23,4,39.61,standard,2026-07-05T20:03:36Z
308,23,5,39.61,standard,2026-07-05T20:03:36Z
308,23,6,39.61,standard,2026-07-05T20:03:36Z
308,23,7,39.61,standard,2026-07-05T20:03:36Z
308,23,8,39.61,standard,2026-07-05T20:03:36Z
308,23,9,39.61,standard,2026-07-05T20:03:36Z
308,24,10,39.61,standard,2026-07-05T20:03:36Z
308,24,11,39.61,standard,2026-07-05T20:03:36Z
308,24,12,39.61,standard,2026-07-05T20:03:36Z
308,24,15,39.61,standard,2026-07-05T20:03:36Z
308,24,16,39.61,standard,2026-07-05T20:03:36Z
308,24,17,39.61,standard,2026-07-05T20:03:36Z
308,24,18,39.61,standard,2026-07-05T20:03:36Z
308,24,19,39.61,standard,2026-07-05T20:03:36Z
308,24,20,39.61,standard,2026-07-05T20:03:36Z
308,24,21,39.61,standard,2026-07-05T20:03:36Z
308,24,22,39.61,standard,2026-07-05T20:03:36Z
308,24,3,39.61,standard,2026-07-05T20:03:36Z
308,24,4,39.61,standard,2026-07-05T20:03:36Z
308,24,5,39.61,standard,2026-07-05T20:03:36Z
308,24,6,39.61,standard,2026-07-05T20:03:36Z
308,24,7,39.61,standard,2026-07-05T20:03:36Z
308,24,8,39.61,standard,2026-07-05T20:03:36Z
308,24,9,39.61,standard,2026-07-05T20:03:36Z
308,25,10,39.61,standard,2026-07-05T20:03:36Z
308,25,11,39.61,standard,2026-07-05T20:03:36Z
308,25,12,39.61,standard,2026-07-05T20:03:36Z
308,25,13,39.61,standard,2026-07-05T20:03:36Z
308,25,14,39.61,standard,2026-07-05T20:03:36Z
308,25,17,39.61,standard,2026-07-05T20:03:36Z
308,25,18,39.61,standard,2026-07-05T20:03:36Z
308,25,19,39.61,standard,2026-07-05T20:03:36Z
308,25,20,39.61,standard,2026-07-05T20:03:36Z
308,25,21,39.61,standard,2026-07-05T20:03:36Z
308,25,22,39.61,standard,2026-07-05T20:03:36Z
308,25,23,39.61,standard,2026-07-05T20:03:36Z
308,25,24,39.61,standard,2026-07-05T20:03:36Z
308,25,25,39.61,standard,2026-07-05T20:03:36Z
308,25,3,39.61,standard,2026-07-05T20:03:36Z
308,25,4,39.61,standard,2026-07-05T20:03:36Z
308,25,5,39.61,standard,2026-07-05T20:03:36Z
308,25,6,39.61,standard,2026-07-05T20:03:36Z
308,25,7,39.61,standard,2026-07-05T20:03:36Z
308,25,8,39.61,standard,2026-07-05T20:03:36Z
308,25,9,39.61,standard,2026-07-05T20:03:36Z
308,24,13,39.61,standard,2026-07-05T20:03:36Z
308,24,14,39.61,standard,2026-07-05T20:03:36Z
308,25,15,39.61,standard,2026-07-05T20:03:36Z
308,25,16,39.61,standard,2026-07-05T20:03:36Z
309,17,10,39.61,standard,2026-07-05T20:03:36Z
309,17,11,39.61,standard,2026-07-05T20:03:36Z
309,17,12,39.61,standard,2026-07-05T20:03:36Z
309,17,13,39.61,standard,2026-07-05T20:03:36Z
309,17,14,39.61,standard,2026-07-05T20:03:36Z
309,17,15,39.61,standard,2026-07-05T20:03:36Z
309,17,16,39.61,standard,2026-07-05T20:03:36Z
309,17,17,39.61,standard,2026-07-05T20:03:36Z
309,17,18,39.61,standard,2026-07-05T20:03:36Z
309,17,19,39.61,standard,2026-07-05T20:03:36Z
309,17,20,39.61,standard,2026-07-05T20:03:36Z
309,17,21,39.61,standard,2026-07-05T20:03:36Z
309,17,22,39.61,standard,2026-07-05T20:03:36Z
309,17,23,39.61,standard,2026-07-05T20:03:36Z
309,17,24,39.61,standard,2026-07-05T20:03:36Z
309,17,3,39.61,standard,2026-07-05T20:03:36Z
309,17,4,39.61,standard,2026-07-05T20:03:36Z
309,17,5,39.61,standard,2026-07-05T20:03:36Z
309,17,6,39.61,standard,2026-07-05T20:03:36Z
309,17,7,39.61,standard,2026-07-05T20:03:36Z
309,17,8,39.61,standard,2026-07-05T20:03:36Z
309,17,9,39.61,standard,2026-07-05T20:03:36Z
309,10,10,39.61,standard,2026-07-05T20:03:36Z
309,10,11,39.61,standard,2026-07-05T20:03:36Z
309,10,12,39.61,standard,2026-07-05T20:03:36Z
309,10,13,39.61,standard,2026-07-05T20:03:36Z
309,10,14,39.61,standard,2026-07-05T20:03:36Z
309,10,15,39.61,standard,2026-07-05T20:03:36Z
309,10,16,39.61,standard,2026-07-05T20:03:36Z
309,10,21,39.61,standard,2026-07-05T20:03:36Z
309,10,22,39.61,standard,2026-07-05T20:03:36Z
309,10,23,39.61,standard,2026-07-05T20:03:36Z
309,11,10,39.61,standard,2026-07-05T20:03:36Z
309,11,11,39.61,standard,2026-07-05T20:03:36Z
309,11,12,39.61,standard,2026-07-05T20:03:36Z
309,11,13,39.61,standard,2026-07-05T20:03:36Z
309,11,14,39.61,standard,2026-07-05T20:03:36Z
309,11,15,39.61,standard,2026-07-05T20:03:36Z
309,11,16,39.61,standard,2026-07-05T20:03:36Z
309,11,17,39.61,standard,2026-07-05T20:03:36Z
309,11,18,39.61,standard,2026-07-05T20:03:36Z
309,11,19,39.61,standard,2026-07-05T20:03:36Z
309,11,20,39.61,standard,2026-07-05T20:03:36Z
309,11,21,39.61,standard,2026-07-05T20:03:36Z
309,11,22,39.61,standard,2026-07-05T20:03:36Z
309,11,23,39.61,standard,2026-07-05T20:03:36Z
309,11,5,39.61,standard,2026-07-05T20:03:36Z
309,11,6,39.61,standard,2026-07-05T20:03:36Z
309,11,7,39.61,standard,2026-07-05T20:03:36Z
309,11,8,39.61,standard,2026-07-05T20:03:36Z
309,11,9,39.61,standard,2026-07-05T20:03:36Z
309,12,10,39.61,standard,2026-07-05T20:03:36Z
309,12,11,39.61,standard,2026-07-05T20:03:36Z
309,12,12,39.61,standard,2026-07-05T20:03:36Z
309,12,13,39.61,standard,2026-07-05T20:03:36Z
309,12,14,39.61,standard,2026-07-05T20:03:36Z
309,12,15,39.61,standard,2026-07-05T20:03:36Z
309,12,16,39.61,standard,2026-07-05T20:03:36Z
309,12,17,39.61,standard,2026-07-05T20:03:36Z
309,12,18,39.61,standard,2026-07-05T20:03:36Z
309,12,19,39.61,standard,2026-07-05T20:03:36Z
309,12,20,39.61,standard,2026-07-05T20:03:36Z
309,12,21,39.61,standard,2026-07-05T20:03:36Z
309,12,22,39.61,standard,2026-07-05T20:03:36Z
309,12,23,39.61,standard,2026-07-05T20:03:36Z
309,12,24,39.61,standard,2026-07-05T20:03:36Z
309,12,5,39.61,standard,2026-07-05T20:03:36Z
309,12,6,39.61,standard,2026-07-05T20:03:36Z
309,12,7,39.61,standard,2026-07-05T20:03:36Z
309,12,8,39.61,standard,2026-07-05T20:03:36Z
309,12,9,39.61,standard,2026-07-05T20:03:36Z
309,13,10,39.61,standard,2026-07-05T20:03:36Z
309,13,11,39.61,standard,2026-07-05T20:03:36Z
309,13,12,39.61,standard,2026-07-05T20:03:36Z
309,13,13,39.61,standard,2026-07-05T20:03:36Z
309,13,14,39.61,standard,2026-07-05T20:03:36Z
309,13,15,39.61,standard,2026-07-05T20:03:36Z
309,13,16,39.61,standard,2026-07-05T20:03:36Z
309,13,17,39.61,standard,2026-07-05T20:03:36Z
309,13,18,39.61,standard,2026-07-05T20:03:36Z
309,13,19,39.61,standard,2026-07-05T20:03:36Z
309,13,6,39.61,standard,2026-07-05T20:03:36Z
309,13,7,39.61,standard,2026-07-05T20:03:36Z
309,13,8,39.61,standard,2026-07-05T20:03:36Z
309,13,9,39.61,standard,2026-07-05T20:03:36Z
309,14,10,39.61,standard,2026-07-05T20:03:36Z
309,14,11,39.61,standard,2026-07-05T20:03:36Z
309,14,12,39.61,standard,2026-07-05T20:03:36Z
309,14,13,39.61,standard,2026-07-05T20:03:36Z
309,14,14,39.61,standard,2026-07-05T20:03:36Z
309,14,15,39.61,standard,2026-07-05T20:03:36Z
309,14,16,39.61,standard,2026-07-05T20:03:36Z
309,14,17,39.61,standard,2026-07-05T20:03:36Z
309,14,18,39.61,standard,2026-07-05T20:03:36Z
309,14,19,39.61,standard,2026-07-05T20:03:36Z
309,14,20,39.61,standard,2026-07-05T20:03:36Z
309,14,21,39.61,standard,2026-07-05T20:03:36Z
309,14,22,39.61,standard,2026-07-05T20:03:36Z
309,14,23,39.61,standard,2026-07-05T20:03:36Z
309,14,24,39.61,standard,2026-07-05T20:03:36Z
309,14,5,39.61,standard,2026-07-05T20:03:36Z
309,14,6,39.61,standard,2026-07-05T20:03:36Z
309,14,7,39.61,standard,2026-07-05T20:03:36Z
309,14,8,39.61,standard,2026-07-05T20:03:36Z
309,14,9,39.61,standard,2026-07-05T20:03:36Z
309,15,10,39.61,standard,2026-07-05T20:03:36Z
309,15,11,39.61,standard,2026-07-05T20:03:36Z
309,15,12,39.61,standard,2026-07-05T20:03:36Z
309,15,13,39.61,standard,2026-07-05T20:03:36Z
309,15,14,39.61,standard,2026-07-05T20:03:36Z
309,15,15,39.61,standard,2026-07-05T20:03:36Z
309,15,16,39.61,standard,2026-07-05T20:03:36Z
309,15,17,39.61,standard,2026-07-05T20:03:36Z
309,15,18,39.61,standard,2026-07-05T20:03:36Z
309,15,19,39.61,standard,2026-07-05T20:03:36Z
309,15,20,39.61,standard,2026-07-05T20:03:36Z
309,15,21,39.61,standard,2026-07-05T20:03:36Z
309,15,22,39.61,standard,2026-07-05T20:03:36Z
309,15,23,39.61,standard,2026-07-05T20:03:36Z
309,15,24,39.61,standard,2026-07-05T20:03:36Z
309,15,5,39.61,standard,2026-07-05T20:03:36Z
309,15,6,39.61,standard,2026-07-05T20:03:36Z
309,15,7,39.61,standard,2026-07-05T20:03:36Z
309,15,8,39.61,standard,2026-07-05T20:03:36Z
309,15,9,39.61,standard,2026-07-05T20:03:36Z
309,16,10,39.61,standard,2026-07-05T20:03:36Z
309,16,11,39.61,standard,2026-07-05T20:03:36Z
309,16,12,39.61,standard,2026-07-05T20:03:36Z
309,16,13,39.61,standard,2026-07-05T20:03:36Z
309,16,14,39.61,standard,2026-07-05T20:03:36Z
309,16,15,39.61,standard,2026-07-05T20:03:36Z
309,16,16,39.61,standard,2026-07-05T20:03:36Z
309,16,17,39.61,standard,2026-07-05T20:03:36Z
309,16,18,39.61,standard,2026-07-05T20:03:36Z
309,16,19,39.61,standard,2026-07-05T20:03:36Z
309,16,20,39.61,standard,2026-07-05T20:03:36Z
309,16,21,39.61,standard,2026-07-05T20:03:36Z
309,16,22,39.61,standard,2026-07-05T20:03:36Z
309,16,3,39.61,standard,2026-07-05T20:03:36Z
309,16,4,39.61,standard,2026-07-05T20:03:36Z
309,16,5,39.61,standard,2026-07-05T20:03:36Z
309,16,6,39.61,standard,2026-07-05T20:03:36Z
309,16,7,39.61,standard,2026-07-05T20:03:36Z
309,16,8,39.61,standard,2026-07-05T20:03:36Z
309,16,9,39.61,standard,2026-07-05T20:03:36Z
309,18,10,39.61,standard,2026-07-05T20:03:36Z
309,18,11,39.61,standard,2026-07-05T20:03:36Z
309,18,12,39.61,standard,2026-07-05T20:03:36Z
309,18,13,39.61,standard,2026-07-05T20:03:36Z
309,18,14,39.61,standard,2026-07-05T20:03:36Z
309,18,15,39.61,standard,2026-07-05T20:03:36Z
309,18,16,39.61,standard,2026-07-05T20:03:36Z
309,18,17,39.61,standard,2026-07-05T20:03:36Z
309,18,18,39.61,standard,2026-07-05T20:03:36Z
309,18,19,39.61,standard,2026-07-05T20:03:36Z
309,18,20,39.61,standard,2026-07-05T20:03:36Z
309,18,21,39.61,standard,2026-07-05T20:03:36Z
309,18,22,39.61,standard,2026-07-05T20:03:36Z
309,18,23,39.61,standard,2026-07-05T20:03:36Z
309,18,24,39.61,standard,2026-07-05T20:03:36Z
309,18,3,39.61,standard,2026-07-05T20:03:36Z
309,18,4,39.61,standard,2026-07-05T20:03:36Z
309,18,5,39.61,standard,2026-07-05T20:03:36Z
309,18,6,39.61,standard,2026-07-05T20:03:36Z
309,18,7,39.61,standard,2026-07-05T20:03:36Z
309,18,8,39.61,standard,2026-07-05T20:03:36Z
309,18,9,39.61,standard,2026-07-05T20:03:36Z
309,19,10,39.61,standard,2026-07-05T20:03:36Z
309,19,11,39.61,standard,2026-07-05T20:03:36Z
309,19,12,39.61,standard,2026-07-05T20:03:36Z
309,19,13,39.61,standard,2026-07-05T20:03:36Z
309,19,14,39.61,standard,2026-07-05T20:03:36Z
309,19,15,39.61,standard,2026-07-05T20:03:36Z
309,19,16,39.61,standard,2026-07-05T20:03:36Z
309,19,17,39.61,standard,2026-07-05T20:03:36Z
309,19,18,39.61,standard,2026-07-05T20:03:36Z
309,19,19,39.61,standard,2026-07-05T20:03:36Z
309,19,20,39.61,standard,2026-07-05T20:03:36Z
309,19,21,39.61,standard,2026-07-05T20:03:36Z
309,19,22,39.61,standard,2026-07-05T20:03:36Z
309,19,23,39.61,standard,2026-07-05T20:03:36Z
309,19,24,39.61,standard,2026-07-05T20:03:36Z
309,19,3,39.61,standard,2026-07-05T20:03:36Z
309,19,4,39.61,standard,2026-07-05T20:03:36Z
309,19,5,39.61,standard,2026-07-05T20:03:36Z
309,19,6,39.61,standard,2026-07-05T20:03:36Z
309,19,7,39.61,standard,2026-07-05T20:03:36Z
309,19,8,39.61,standard,2026-07-05T20:03:36Z
309,19,9,39.61,standard,2026-07-05T20:03:36Z
309,20,10,39.61,standard,2026-07-05T20:03:36Z
309,20,11,39.61,standard,2026-07-05T20:03:36Z
309,20,12,39.61,standard,2026-07-05T20:03:36Z
309,20,13,39.61,standard,2026-07-05T20:03:36Z
309,20,14,39.61,standard,2026-07-05T20:03:36Z
309,20,15,39.61,standard,2026-07-05T20:03:36Z
309,20,16,39.61,standard,2026-07-05T20:03:36Z
309,20,17,39.61,standard,2026-07-05T20:03:36Z
309,20,18,39.61,standard,2026-07-05T20:03:36Z
309,20,19,39.61,standard,2026-07-05T20:03:36Z
309,20,20,39.61,standard,2026-07-05T20:03:36Z
309,20,21,39.61,standard,2026-07-05T20:03:36Z
309,20,22,39.61,standard,2026-07-05T20:03:36Z
309,20,23,39.61,standard,2026-07-05T20:03:36Z
309,20,24,39.61,standard,2026-07-05T20:03:36Z
309,20,3,39.61,standard,2026-07-05T20:03:36Z
309,20,4,39.61,standard,2026-07-05T20:03:36Z
309,20,5,39.61,standard,2026-07-05T20:03:36Z
309,20,6,39.61,standard,2026-07-05T20:03:36Z
309,20,7,39.61,standard,2026-07-05T20:03:36Z
309,20,8,39.61,standard,2026-07-05T20:03:36Z
309,20,9,39.61,standard,2026-07-05T20:03:36Z
309,21,10,39.61,standard,2026-07-05T20:03:36Z
309,21,11,39.61,standard,2026-07-05T20:03:36Z
309,21,12,39.61,standard,2026-07-05T20:03:36Z
309,21,13,39.61,standard,2026-07-05T20:03:36Z
309,21,14,39.61,standard,2026-07-05T20:03:36Z
309,21,15,39.61,standard,2026-07-05T20:03:36Z
309,21,16,39.61,standard,2026-07-05T20:03:36Z
309,21,17,39.61,standard,2026-07-05T20:03:36Z
309,21,18,39.61,standard,2026-07-05T20:03:36Z
309,21,19,39.61,standard,2026-07-05T20:03:36Z
309,21,20,39.61,standard,2026-07-05T20:03:36Z
309,21,21,39.61,standard,2026-07-05T20:03:36Z
309,21,22,39.61,standard,2026-07-05T20:03:36Z
309,21,23,39.61,standard,2026-07-05T20:03:36Z
309,21,24,39.61,standard,2026-07-05T20:03:36Z
309,21,3,39.61,standard,2026-07-05T20:03:36Z
309,21,4,39.61,standard,2026-07-05T20:03:36Z
309,21,5,39.61,standard,2026-07-05T20:03:36Z
309,21,6,39.61,standard,2026-07-05T20:03:36Z
309,21,7,39.61,standard,2026-07-05T20:03:36Z
309,21,8,39.61,standard,2026-07-05T20:03:36Z
309,21,9,39.61,standard,2026-07-05T20:03:36Z
309,22,10,39.61,standard,2026-07-05T20:03:36Z
309,22,11,39.61,standard,2026-07-05T20:03:36Z
309,22,12,39.61,standard,2026-07-05T20:03:36Z
309,22,13,39.61,standard,2026-07-05T20:03:36Z
309,22,14,39.61,standard,2026-07-05T20:03:36Z
309,22,15,39.61,standard,2026-07-05T20:03:36Z
309,22,16,39.61,standard,2026-07-05T20:03:36Z
309,22,17,39.61,standard,2026-07-05T20:03:36Z
309,22,18,39.61,standard,2026-07-05T20:03:36Z
309,22,19,39.61,standard,2026-07-05T20:03:36Z
309,22,20,39.61,standard,2026-07-05T20:03:36Z
309,22,21,39.61,standard,2026-07-05T20:03:36Z
309,22,22,39.61,standard,2026-07-05T20:03:36Z
309,22,23,39.61,standard,2026-07-05T20:03:36Z
309,22,24,39.61,standard,2026-07-05T20:03:36Z
309,22,3,39.61,standard,2026-07-05T20:03:36Z
309,22,4,39.61,standard,2026-07-05T20:03:36Z
309,22,5,39.61,standard,2026-07-05T20:03:36Z
309,22,6,39.61,standard,2026-07-05T20:03:36Z
309,22,7,39.61,standard,2026-07-05T20:03:36Z
309,22,8,39.61,standard,2026-07-05T20:03:36Z
309,22,9,39.61,standard,2026-07-05T20:03:36Z
309,23,10,39.61,standard,2026-07-05T20:03:36Z
309,23,11,39.61,standard,2026-07-05T20:03:36Z
309,23,12,39.61,standard,2026-07-05T20:03:36Z
309,23,13,39.61,standard,2026-07-05T20:03:36Z
309,23,14,39.61,standard,2026-07-05T20:03:36Z
309,23,15,39.61,standard,2026-07-05T20:03:36Z
309,23,16,39.61,standard,2026-07-05T20:03:36Z
309,23,17,39.61,standard,2026-07-05T20:03:36Z
309,23,18,39.61,standard,2026-07-05T20:03:36Z
309,23,19,39.61,standard,2026-07-05T20:03:36Z
309,23,20,39.61,standard,2026-07-05T20:03:36Z
309,23,21,39.61,standard,2026-07-05T20:03:36Z
309,23,22,39.61,standard,2026-07-05T20:03:36Z
309,23,23,39.61,standard,2026-07-05T20:03:36Z
309,23,24,39.61,standard,2026-07-05T20:03:36Z
309,23,3,39.61,standard,2026-07-05T20:03:36Z
309,23,4,39.61,standard,2026-07-05T20:03:36Z
309,23,5,39.61,standard,2026-07-05T20:03:36Z
309,23,6,39.61,standard,2026-07-05T20:03:36Z
309,23,7,39.61,standard,2026-07-05T20:03:36Z
309,23,8,39.61,standard,2026-07-05T20:03:36Z
309,23,9,39.61,standard,2026-07-05T20:03:36Z
309,24,10,39.61,standard,2026-07-05T20:03:36Z
309,24,11,39.61,standard,2026-07-05T20:03:36Z
309,24,12,39.61,standard,2026-07-05T20:03:36Z
309,24,15,39.61,standard,2026-07-05T20:03:36Z
309,24,16,39.61,standard,2026-07-05T20:03:36Z
309,24,17,39.61,standard,2026-07-05T20:03:36Z
309,24,18,39.61,standard,2026-07-05T20:03:36Z
309,24,19,39.61,standard,2026-07-05T20:03:36Z
309,24,20,39.61,standard,2026-07-05T20:03:36Z
309,24,21,39.61,standard,2026-07-05T20:03:36Z
309,24,22,39.61,standard,2026-07-05T20:03:36Z
309,24,3,39.61,standard,2026-07-05T20:03:36Z
309,24,4,39.61,standard,2026-07-05T20:03:36Z
309,24,5,39.61,standard,2026-07-05T20:03:36Z
309,24,6,39.61,standard,2026-07-05T20:03:36Z
309,24,7,39.61,standard,2026-07-05T20:03:36Z
309,24,8,39.61,standard,2026-07-05T20:03:36Z
309,24,9,39.61,standard,2026-07-05T20:03:36Z
309,25,10,39.61,standard,2026-07-05T20:03:36Z
309,25,11,39.61,standard,2026-07-05T20:03:36Z
309,25,12,39.61,standard,2026-07-05T20:03:36Z
309,25,13,39.61,standard,2026-07-05T20:03:36Z
309,25,14,39.61,standard,2026-07-05T20:03:36Z
309,25,17,39.61,standard,2026-07-05T20:03:36Z
309,25,18,39.61,standard,2026-07-05T20:03:36Z
309,25,19,39.61,standard,2026-07-05T20:03:36Z
309,25,20,39.61,standard,2026-07-05T20:03:36Z
309,25,21,39.61,standard,2026-07-05T20:03:36Z
309,25,22,39.61,standard,2026-07-05T20:03:36Z
309,25,23,39.61,standard,2026-07-05T20:03:36Z
309,25,24,39.61,standard,2026-07-05T20:03:36Z
309,25,25,39.61,standard,2026-07-05T20:03:36Z
309,25,26,39.61,standard,2026-07-05T20:03:36Z
309,25,3,39.61,standard,2026-07-05T20:03:36Z
309,25,4,39.61,standard,2026-07-05T20:03:36Z
309,25,5,39.61,standard,2026-07-05T20:03:36Z
309,25,6,39.61,standard,2026-07-05T20:03:36Z
309,25,7,39.61,standard,2026-07-05T20:03:36Z
309,25,8,39.61,standard,2026-07-05T20:03:36Z
309,25,9,39.61,standard,2026-07-05T20:03:36Z
309,9,9,39.61,standard,2026-07-05T20:03:36Z
309,9,10,39.61,standard,2026-07-05T20:03:36Z
309,10,24,39.61,standard,2026-07-05T20:03:36Z
309,24,13,39.61,standard,2026-07-05T20:03:36Z
309,24,14,39.61,standard,2026-07-05T20:03:36Z
309,25,15,39.61,standard,2026-07-05T20:03:36Z
309,25,16,39.61,standard,2026-07-05T20:03:36Z
310,17,10,39.61,standard,2026-07-05T20:03:36Z
310,17,11,39.61,standard,2026-07-05T20:03:36Z
310,17,12,39.61,standard,2026-07-05T20:03:36Z
310,17,13,39.61,standard,2026-07-05T20:03:36Z
310,17,14,39.61,standard,2026-07-05T20:03:36Z
310,17,15,39.61,standard,2026-07-05T20:03:36Z
310,17,16,39.61,standard,2026-07-05T20:03:36Z
310,17,17,39.61,standard,2026-07-05T20:03:36Z
310,17,18,39.61,standard,2026-07-05T20:03:36Z
310,17,19,39.61,standard,2026-07-05T20:03:36Z
310,17,20,39.61,standard,2026-07-05T20:03:36Z
310,17,21,39.61,standard,2026-07-05T20:03:36Z
310,17,22,39.61,standard,2026-07-05T20:03:36Z
310,17,3,39.61,standard,2026-07-05T20:03:36Z
310,17,4,39.61,standard,2026-07-05T20:03:36Z
310,17,5,39.61,standard,2026-07-05T20:03:36Z
310,17,6,39.61,standard,2026-07-05T20:03:36Z
310,17,7,39.61,standard,2026-07-05T20:03:36Z
310,17,8,39.61,standard,2026-07-05T20:03:36Z
310,17,9,39.61,standard,2026-07-05T20:03:36Z
310,14,11,39.61,standard,2026-07-05T20:03:36Z
310,14,12,39.61,standard,2026-07-05T20:03:36Z
310,14,16,39.61,standard,2026-07-05T20:03:36Z
310,14,17,39.61,standard,2026-07-05T20:03:36Z
310,15,10,39.61,standard,2026-07-05T20:03:36Z
310,15,11,39.61,standard,2026-07-05T20:03:36Z
310,15,12,39.61,standard,2026-07-05T20:03:36Z
310,15,13,39.61,standard,2026-07-05T20:03:36Z
310,15,14,39.61,standard,2026-07-05T20:03:36Z
310,15,15,39.61,standard,2026-07-05T20:03:36Z
310,15,16,39.61,standard,2026-07-05T20:03:36Z
310,15,17,39.61,standard,2026-07-05T20:03:36Z
310,15,18,39.61,standard,2026-07-05T20:03:36Z
310,15,2,39.61,standard,2026-07-05T20:03:36Z
310,15,3,39.61,standard,2026-07-05T20:03:36Z
310,15,4,39.61,standard,2026-07-05T20:03:36Z
310,15,5,39.61,standard,2026-07-05T20:03:36Z
310,15,6,39.61,standard,2026-07-05T20:03:36Z
310,15,7,39.61,standard,2026-07-05T20:03:36Z
310,15,8,39.61,standard,2026-07-05T20:03:36Z
310,15,9,39.61,standard,2026-07-05T20:03:36Z
310,16,10,39.61,standard,2026-07-05T20:03:36Z
310,16,11,39.61,standard,2026-07-05T20:03:36Z
310,16,12,39.61,standard,2026-07-05T20:03:36Z
310,16,13,39.61,standard,2026-07-05T20:03:36Z
310,16,14,39.61,standard,2026-07-05T20:03:36Z
310,16,15,39.61,standard,2026-07-05T20:03:36Z
310,16,16,39.61,standard,2026-07-05T20:03:36Z
310,16,17,39.61,standard,2026-07-05T20:03:36Z
310,16,18,39.61,standard,2026-07-05T20:03:36Z
310,16,19,39.61,standard,2026-07-05T20:03:36Z
310,16,20,39.61,standard,2026-07-05T20:03:36Z
310,16,21,39.61,standard,2026-07-05T20:03:36Z
310,16,22,39.61,standard,2026-07-05T20:03:36Z
310,16,3,39.61,standard,2026-07-05T20:03:36Z
310,16,4,39.61,standard,2026-07-05T20:03:36Z
310,16,5,39.61,standard,2026-07-05T20:03:36Z
310,16,6,39.61,standard,2026-07-05T20:03:36Z
310,16,7,39.61,standard,2026-07-05T20:03:36Z
310,16,8,39.61,standard,2026-07-05T20:03:36Z
310,16,9,39.61,standard,2026-07-05T20:03:36Z
310,18,10,39.61,standard,2026-07-05T20:03:36Z
310,18,11,39.61,standard,2026-07-05T20:03:36Z
310,18,12,39.61,standard,2026-07-05T20:03:36Z
310,18,13,39.61,standard,2026-07-05T20:03:36Z
310,18,14,39.61,standard,2026-07-05T20:03:36Z
310,18,15,39.61,standard,2026-07-05T20:03:36Z
310,18,16,39.61,standard,2026-07-05T20:03:36Z
310,18,17,39.61,standard,2026-07-05T20:03:36Z
310,18,18,39.61,standard,2026-07-05T20:03:36Z
310,18,19,39.61,standard,2026-07-05T20:03:36Z
310,18,20,39.61,standard,2026-07-05T20:03:36Z
310,18,21,39.61,standard,2026-07-05T20:03:36Z
310,18,22,39.61,standard,2026-07-05T20:03:36Z
310,18,3,39.61,standard,2026-07-05T20:03:36Z
310,18,4,39.61,standard,2026-07-05T20:03:36Z
310,18,5,39.61,standard,2026-07-05T20:03:36Z
310,18,6,39.61,standard,2026-07-05T20:03:36Z
310,18,7,39.61,standard,2026-07-05T20:03:36Z
310,18,8,39.61,standard,2026-07-05T20:03:36Z
310,18,9,39.61,standard,2026-07-05T20:03:36Z
310,19,10,39.61,standard,2026-07-05T20:03:36Z
310,19,11,39.61,standard,2026-07-05T20:03:36Z
310,19,12,39.61,standard,2026-07-05T20:03:36Z
310,19,13,39.61,standard,2026-07-05T20:03:36Z
310,19,14,39.61,standard,2026-07-05T20:03:36Z
310,19,15,39.61,standard,2026-07-05T20:03:36Z
310,19,16,39.61,standard,2026-07-05T20:03:36Z
310,19,17,39.61,standard,2026-07-05T20:03:36Z
310,19,18,39.61,standard,2026-07-05T20:03:36Z
310,19,19,39.61,standard,2026-07-05T20:03:36Z
310,19,20,39.61,standard,2026-07-05T20:03:36Z
310,19,21,39.61,standard,2026-07-05T20:03:36Z
310,19,22,39.61,standard,2026-07-05T20:03:36Z
310,19,3,39.61,standard,2026-07-05T20:03:36Z
310,19,4,39.61,standard,2026-07-05T20:03:36Z
310,19,5,39.61,standard,2026-07-05T20:03:36Z
310,19,6,39.61,standard,2026-07-05T20:03:36Z
310,19,7,39.61,standard,2026-07-05T20:03:36Z
310,19,8,39.61,standard,2026-07-05T20:03:36Z
310,19,9,39.61,standard,2026-07-05T20:03:36Z
310,20,10,39.61,standard,2026-07-05T20:03:36Z
310,20,11,39.61,standard,2026-07-05T20:03:36Z
310,20,12,39.61,standard,2026-07-05T20:03:36Z
310,20,13,39.61,standard,2026-07-05T20:03:36Z
310,20,14,39.61,standard,2026-07-05T20:03:36Z
310,20,15,39.61,standard,2026-07-05T20:03:36Z
310,20,16,39.61,standard,2026-07-05T20:03:36Z
310,20,17,39.61,standard,2026-07-05T20:03:36Z
310,20,18,39.61,standard,2026-07-05T20:03:36Z
310,20,19,39.61,standard,2026-07-05T20:03:36Z
310,20,20,39.61,standard,2026-07-05T20:03:36Z
310,20,21,39.61,standard,2026-07-05T20:03:36Z
310,20,22,39.61,standard,2026-07-05T20:03:36Z
310,20,3,39.61,standard,2026-07-05T20:03:36Z
310,20,4,39.61,standard,2026-07-05T20:03:36Z
310,20,5,39.61,standard,2026-07-05T20:03:36Z
310,20,6,39.61,standard,2026-07-05T20:03:36Z
310,20,7,39.61,standard,2026-07-05T20:03:36Z
310,20,8,39.61,standard,2026-07-05T20:03:36Z
310,20,9,39.61,standard,2026-07-05T20:03:36Z
310,21,10,39.61,standard,2026-07-05T20:03:36Z
310,21,11,39.61,standard,2026-07-05T20:03:36Z
310,21,12,39.61,standard,2026-07-05T20:03:36Z
310,21,13,39.61,standard,2026-07-05T20:03:36Z
310,21,14,39.61,standard,2026-07-05T20:03:36Z
310,21,15,39.61,standard,2026-07-05T20:03:36Z
310,21,16,39.61,standard,2026-07-05T20:03:36Z
310,21,17,39.61,standard,2026-07-05T20:03:36Z
310,21,18,39.61,standard,2026-07-05T20:03:36Z
310,21,19,39.61,standard,2026-07-05T20:03:36Z
310,21,20,39.61,standard,2026-07-05T20:03:36Z
310,21,21,39.61,standard,2026-07-05T20:03:36Z
310,21,22,39.61,standard,2026-07-05T20:03:36Z
310,21,3,39.61,standard,2026-07-05T20:03:36Z
310,21,4,39.61,standard,2026-07-05T20:03:36Z
310,21,5,39.61,standard,2026-07-05T20:03:36Z
310,21,6,39.61,standard,2026-07-05T20:03:36Z
310,21,7,39.61,standard,2026-07-05T20:03:36Z
310,21,8,39.61,standard,2026-07-05T20:03:36Z
310,21,9,39.61,standard,2026-07-05T20:03:36Z
310,22,10,39.61,standard,2026-07-05T20:03:36Z
310,22,11,39.61,standard,2026-07-05T20:03:36Z
310,22,12,39.61,standard,2026-07-05T20:03:36Z
310,22,13,39.61,standard,2026-07-05T20:03:36Z
310,22,14,39.61,standard,2026-07-05T20:03:36Z
310,22,15,39.61,standard,2026-07-05T20:03:36Z
310,22,16,39.61,standard,2026-07-05T20:03:36Z
310,22,17,39.61,standard,2026-07-05T20:03:36Z
310,22,18,39.61,standard,2026-07-05T20:03:36Z
310,22,19,39.61,standard,2026-07-05T20:03:36Z
310,22,20,39.61,standard,2026-07-05T20:03:36Z
310,22,21,39.61,standard,2026-07-05T20:03:36Z
310,22,22,39.61,standard,2026-07-05T20:03:36Z
310,22,3,39.61,standard,2026-07-05T20:03:36Z
310,22,4,39.61,standard,2026-07-05T20:03:36Z
310,22,5,39.61,standard,2026-07-05T20:03:36Z
310,22,6,39.61,standard,2026-07-05T20:03:36Z
310,22,7,39.61,standard,2026-07-05T20:03:36Z
310,22,8,39.61,standard,2026-07-05T20:03:36Z
310,22,9,39.61,standard,2026-07-05T20:03:36Z
310,23,10,39.61,standard,2026-07-05T20:03:36Z
310,23,11,39.61,standard,2026-07-05T20:03:36Z
310,23,12,39.61,standard,2026-07-05T20:03:36Z
310,23,13,39.61,standard,2026-07-05T20:03:36Z
310,23,14,39.61,standard,2026-07-05T20:03:36Z
310,23,15,39.61,standard,2026-07-05T20:03:36Z
310,23,16,39.61,standard,2026-07-05T20:03:36Z
310,23,17,39.61,standard,2026-07-05T20:03:36Z
310,23,18,39.61,standard,2026-07-05T20:03:36Z
310,23,19,39.61,standard,2026-07-05T20:03:36Z
310,23,20,39.61,standard,2026-07-05T20:03:36Z
310,23,21,39.61,standard,2026-07-05T20:03:36Z
310,23,22,39.61,standard,2026-07-05T20:03:36Z
310,23,3,39.61,standard,2026-07-05T20:03:36Z
310,23,4,39.61,standard,2026-07-05T20:03:36Z
310,23,5,39.61,standard,2026-07-05T20:03:36Z
310,23,6,39.61,standard,2026-07-05T20:03:36Z
310,23,7,39.61,standard,2026-07-05T20:03:36Z
310,23,8,39.61,standard,2026-07-05T20:03:36Z
310,23,9,39.61,standard,2026-07-05T20:03:36Z
310,24,10,39.61,standard,2026-07-05T20:03:36Z
310,24,11,39.61,standard,2026-07-05T20:03:36Z
310,24,12,39.61,standard,2026-07-05T20:03:36Z
310,24,15,39.61,standard,2026-07-05T20:03:36Z
310,24,16,39.61,standard,2026-07-05T20:03:36Z
310,24,17,39.61,standard,2026-07-05T20:03:36Z
310,24,18,39.61,standard,2026-07-05T20:03:36Z
310,24,19,39.61,standard,2026-07-05T20:03:36Z
310,24,20,39.61,standard,2026-07-05T20:03:36Z
310,24,3,39.61,standard,2026-07-05T20:03:36Z
310,24,4,39.61,standard,2026-07-05T20:03:36Z
310,24,5,39.61,standard,2026-07-05T20:03:36Z
310,24,6,39.61,standard,2026-07-05T20:03:36Z
310,24,7,39.61,standard,2026-07-05T20:03:36Z
310,24,8,39.61,standard,2026-07-05T20:03:36Z
310,24,9,39.61,standard,2026-07-05T20:03:36Z
310,25,10,39.61,standard,2026-07-05T20:03:36Z
310,25,11,39.61,standard,2026-07-05T20:03:36Z
310,25,12,39.61,standard,2026-07-05T20:03:36Z
310,25,13,39.61,standard,2026-07-05T20:03:36Z
310,25,16,39.61,standard,2026-07-05T20:03:36Z
310,25,17,39.61,standard,2026-07-05T20:03:36Z
310,25,18,39.61,standard,2026-07-05T20:03:36Z
310,25,19,39.61,standard,2026-07-05T20:03:36Z
310,25,20,39.61,standard,2026-07-05T20:03:36Z
310,25,3,39.61,standard,2026-07-05T20:03:36Z
310,25,4,39.61,standard,2026-07-05T20:03:36Z
310,25,5,39.61,standard,2026-07-05T20:03:36Z
310,25,6,39.61,standard,2026-07-05T20:03:36Z
310,25,7,39.61,standard,2026-07-05T20:03:36Z
310,25,8,39.61,standard,2026-07-05T20:03:36Z
310,25,9,39.61,standard,2026-07-05T20:03:36Z
310,24,13,39.61,standard,2026-07-05T20:03:36Z
310,24,14,39.61,standard,2026-07-05T20:03:36Z
310,25,14,39.61,standard,2026-07-05T20:03:36Z
311,17,10,41.49,standard,2026-07-05T20:03:36Z
311,17,11,41.49,standard,2026-07-05T20:03:36Z
311,17,12,41.49,standard,2026-07-05T20:03:36Z
311,17,2,41.49,standard,2026-07-05T20:03:36Z
311,17,3,41.49,standard,2026-07-05T20:03:36Z
311,17,4,41.49,standard,2026-07-05T20:03:36Z
311,17,5,41.49,standard,2026-07-05T20:03:36Z
311,17,6,41.49,standard,2026-07-05T20:03:36Z
311,17,7,41.49,standard,2026-07-05T20:03:36Z
311,17,8,41.49,standard,2026-07-05T20:03:36Z
311,17,9,41.49,standard,2026-07-05T20:03:36Z
311,12,1,41.49,standard,2026-07-05T20:03:36Z
311,12,2,41.49,standard,2026-07-05T20:03:36Z
311,12,3,41.49,standard,2026-07-05T20:03:36Z
311,12,4,41.49,standard,2026-07-05T20:03:36Z
311,13,1,41.49,standard,2026-07-05T20:03:36Z
311,13,2,41.49,standard,2026-07-05T20:03:36Z
311,13,3,41.49,standard,2026-07-05T20:03:36Z
311,13,4,41.49,standard,2026-07-05T20:03:36Z
311,13,5,41.49,standard,2026-07-05T20:03:36Z
311,13,6,41.49,standard,2026-07-05T20:03:36Z
311,13,7,41.49,standard,2026-07-05T20:03:36Z
311,14,1,41.49,standard,2026-07-05T20:03:36Z
311,14,2,41.49,standard,2026-07-05T20:03:36Z
311,14,3,41.49,standard,2026-07-05T20:03:36Z
311,14,4,41.49,standard,2026-07-05T20:03:36Z
311,14,5,41.49,standard,2026-07-05T20:03:36Z
311,14,6,41.49,standard,2026-07-05T20:03:36Z
311,15,1,41.49,standard,2026-07-05T20:03:36Z
311,15,2,41.49,standard,2026-07-05T20:03:36Z
311,15,3,41.49,standard,2026-07-05T20:03:36Z
311,15,4,41.49,standard,2026-07-05T20:03:36Z
311,15,5,41.49,standard,2026-07-05T20:03:36Z
311,15,6,41.49,standard,2026-07-05T20:03:36Z
311,15,7,41.49,standard,2026-07-05T20:03:36Z
311,15,8,41.49,standard,2026-07-05T20:03:36Z
311,15,9,41.49,standard,2026-07-05T20:03:36Z
311,16,10,41.49,standard,2026-07-05T20:03:36Z
311,16,11,41.49,standard,2026-07-05T20:03:36Z
311,16,2,41.49,standard,2026-07-05T20:03:36Z
311,16,3,41.49,standard,2026-07-05T20:03:36Z
311,16,4,41.49,standard,2026-07-05T20:03:36Z
311,16,5,41.49,standard,2026-07-05T20:03:36Z
311,16,6,41.49,standard,2026-07-05T20:03:36Z
311,16,7,41.49,standard,2026-07-05T20:03:36Z
311,16,8,41.49,standard,2026-07-05T20:03:36Z
311,16,9,41.49,standard,2026-07-05T20:03:36Z
311,18,10,41.49,standard,2026-07-05T20:03:36Z
311,18,11,41.49,standard,2026-07-05T20:03:36Z
311,18,12,41.49,standard,2026-07-05T20:03:36Z
311,18,13,41.49,standard,2026-07-05T20:03:36Z
311,18,2,41.49,standard,2026-07-05T20:03:36Z
311,18,3,41.49,standard,2026-07-05T20:03:36Z
311,18,4,41.49,standard,2026-07-05T20:03:36Z
311,18,5,41.49,standard,2026-07-05T20:03:36Z
311,18,6,41.49,standard,2026-07-05T20:03:36Z
311,18,7,41.49,standard,2026-07-05T20:03:36Z
311,18,8,41.49,standard,2026-07-05T20:03:36Z
311,18,9,41.49,standard,2026-07-05T20:03:36Z
311,19,10,41.49,standard,2026-07-05T20:03:36Z
311,19,11,41.49,standard,2026-07-05T20:03:36Z
311,19,12,41.49,standard,2026-07-05T20:03:36Z
311,19,13,41.49,standard,2026-07-05T20:03:36Z
311,19,14,41.49,standard,2026-07-05T20:03:36Z
311,19,15,41.49,standard,2026-07-05T20:03:36Z
311,19,2,41.49,standard,2026-07-05T20:03:36Z
311,19,3,41.49,standard,2026-07-05T20:03:36Z
311,19,4,41.49,standard,2026-07-05T20:03:36Z
311,19,5,41.49,standard,2026-07-05T20:03:36Z
311,19,6,41.49,standard,2026-07-05T20:03:36Z
311,19,7,41.49,standard,2026-07-05T20:03:36Z
311,19,8,41.49,standard,2026-07-05T20:03:36Z
311,19,9,41.49,standard,2026-07-05T20:03:36Z
311,20,10,41.49,standard,2026-07-05T20:03:36Z
311,20,11,41.49,standard,2026-07-05T20:03:36Z
311,20,12,41.49,standard,2026-07-05T20:03:36Z
311,20,13,41.49,standard,2026-07-05T20:03:36Z
311,20,14,41.49,standard,2026-07-05T20:03:36Z
311,20,15,41.49,standard,2026-07-05T20:03:36Z
311,20,2,41.49,standard,2026-07-05T20:03:36Z
311,20,3,41.49,standard,2026-07-05T20:03:36Z
311,20,4,41.49,standard,2026-07-05T20:03:36Z
311,20,5,41.49,standard,2026-07-05T20:03:36Z
311,20,6,41.49,standard,2026-07-05T20:03:36Z
311,20,7,41.49,standard,2026-07-05T20:03:36Z
311,20,8,41.49,standard,2026-07-05T20:03:36Z
311,20,9,41.49,standard,2026-07-05T20:03:36Z
311,21,10,41.49,standard,2026-07-05T20:03:36Z
311,21,11,41.49,standard,2026-07-05T20:03:36Z
311,21,12,41.49,standard,2026-07-05T20:03:36Z
311,21,13,41.49,standard,2026-07-05T20:03:36Z
311,21,14,41.49,standard,2026-07-05T20:03:36Z
311,21,15,41.49,standard,2026-07-05T20:03:36Z
311,21,16,41.49,standard,2026-07-05T20:03:36Z
311,21,17,41.49,standard,2026-07-05T20:03:36Z
311,21,2,41.49,standard,2026-07-05T20:03:36Z
311,21,3,41.49,standard,2026-07-05T20:03:36Z
311,21,4,41.49,standard,2026-07-05T20:03:36Z
311,21,5,41.49,standard,2026-07-05T20:03:36Z
311,21,6,41.49,standard,2026-07-05T20:03:36Z
311,21,7,41.49,standard,2026-07-05T20:03:36Z
311,21,8,41.49,standard,2026-07-05T20:03:36Z
311,21,9,41.49,standard,2026-07-05T20:03:36Z
311,22,10,41.49,standard,2026-07-05T20:03:36Z
311,22,11,41.49,standard,2026-07-05T20:03:36Z
311,22,12,41.49,standard,2026-07-05T20:03:36Z
311,22,13,41.49,standard,2026-07-05T20:03:36Z
311,22,14,41.49,standard,2026-07-05T20:03:36Z
311,22,15,41.49,standard,2026-07-05T20:03:36Z
311,22,16,41.49,standard,2026-07-05T20:03:36Z
311,22,17,41.49,standard,2026-07-05T20:03:36Z
311,22,18,41.49,standard,2026-07-05T20:03:36Z
311,22,2,41.49,standard,2026-07-05T20:03:36Z
311,22,3,41.49,standard,2026-07-05T20:03:36Z
311,22,4,41.49,standard,2026-07-05T20:03:36Z
311,22,5,41.49,standard,2026-07-05T20:03:36Z
311,22,6,41.49,standard,2026-07-05T20:03:36Z
311,22,7,41.49,standard,2026-07-05T20:03:36Z
311,22,8,41.49,standard,2026-07-05T20:03:36Z
311,22,9,41.49,standard,2026-07-05T20:03:36Z
311,23,10,41.49,standard,2026-07-05T20:03:36Z
311,23,11,41.49,standard,2026-07-05T20:03:36Z
311,23,12,41.49,standard,2026-07-05T20:03:36Z
311,23,13,41.49,standard,2026-07-05T20:03:36Z
311,23,14,41.49,standard,2026-07-05T20:03:36Z
311,23,15,41.49,standard,2026-07-05T20:03:36Z
311,23,16,41.49,standard,2026-07-05T20:03:36Z
311,23,17,41.49,standard,2026-07-05T20:03:36Z
311,23,18,41.49,standard,2026-07-05T20:03:36Z
311,23,19,41.49,standard,2026-07-05T20:03:36Z
311,23,2,41.49,standard,2026-07-05T20:03:36Z
311,23,3,41.49,standard,2026-07-05T20:03:36Z
311,23,4,41.49,standard,2026-07-05T20:03:36Z
311,23,5,41.49,standard,2026-07-05T20:03:36Z
311,23,6,41.49,standard,2026-07-05T20:03:36Z
311,23,7,41.49,standard,2026-07-05T20:03:36Z
311,23,8,41.49,standard,2026-07-05T20:03:36Z
311,23,9,41.49,standard,2026-07-05T20:03:36Z
311,24,10,41.49,standard,2026-07-05T20:03:36Z
311,24,11,41.49,standard,2026-07-05T20:03:36Z
311,24,12,41.49,standard,2026-07-05T20:03:36Z
311,24,13,41.49,standard,2026-07-05T20:03:36Z
311,24,14,41.49,standard,2026-07-05T20:03:36Z
311,24,15,41.49,standard,2026-07-05T20:03:36Z
311,24,16,41.49,standard,2026-07-05T20:03:36Z
311,24,17,41.49,standard,2026-07-05T20:03:36Z
311,24,2,41.49,standard,2026-07-05T20:03:36Z
311,24,3,41.49,standard,2026-07-05T20:03:36Z
311,24,4,41.49,standard,2026-07-05T20:03:36Z
311,24,5,41.49,standard,2026-07-05T20:03:36Z
311,24,6,41.49,standard,2026-07-05T20:03:36Z
311,24,7,41.49,standard,2026-07-05T20:03:36Z
311,24,8,41.49,standard,2026-07-05T20:03:36Z
311,24,9,41.49,standard,2026-07-05T20:03:36Z
311,25,10,41.49,standard,2026-07-05T20:03:36Z
311,25,11,41.49,standard,2026-07-05T20:03:36Z
311,25,12,41.49,standard,2026-07-05T20:03:36Z
311,25,13,41.49,standard,2026-07-05T20:03:36Z
311,25,14,41.49,standard,2026-07-05T20:03:36Z
311,25,15,41.49,standard,2026-07-05T20:03:36Z
311,25,16,41.49,standard,2026-07-05T20:03:36Z
311,25,17,41.49,standard,2026-07-05T20:03:36Z
311,25,18,41.49,standard,2026-07-05T20:03:36Z
311,25,19,41.49,standard,2026-07-05T20:03:36Z
311,25,20,41.49,standard,2026-07-05T20:03:36Z
311,25,21,41.49,standard,2026-07-05T20:03:36Z
311,25,3,41.49,standard,2026-07-05T20:03:36Z
311,25,4,41.49,standard,2026-07-05T20:03:36Z
311,25,5,41.49,standard,2026-07-05T20:03:36Z
311,25,6,41.49,standard,2026-07-05T20:03:36Z
311,25,7,41.49,standard,2026-07-05T20:03:36Z
311,25,8,41.49,standard,2026-07-05T20:03:36Z
311,25,9,41.49,standard,2026-07-05T20:03:36Z
311,9,1,41.49,standard,2026-07-05T20:03:36Z
311,9,2,41.49,standard,2026-07-05T20:03:36Z
311,9,3,41.49,standard,2026-07-05T20:03:36Z
312,10,14,41.49,standard,2026-07-05T20:03:36Z
312,10,15,41.49,standard,2026-07-05T20:03:36Z
312,10,16,41.49,standard,2026-07-05T20:03:36Z
312,11,14,41.49,standard,2026-07-05T20:03:36Z
312,11,15,41.49,standard,2026-07-05T20:03:36Z
312,9,15,41.49,standard,2026-07-05T20:03:36Z
312,17,10,41.49,standard,2026-07-05T20:03:36Z
312,17,11,41.49,standard,2026-07-05T20:03:36Z
312,17,12,41.49,standard,2026-07-05T20:03:36Z
312,17,13,41.49,standard,2026-07-05T20:03:36Z
312,17,14,41.49,standard,2026-07-05T20:03:36Z
312,17,15,41.49,standard,2026-07-05T20:03:36Z
312,17,16,41.49,standard,2026-07-05T20:03:36Z
312,17,2,41.49,standard,2026-07-05T20:03:36Z
312,17,3,41.49,standard,2026-07-05T20:03:36Z
312,17,4,41.49,standard,2026-07-05T20:03:36Z
312,17,5,41.49,standard,2026-07-05T20:03:36Z
312,17,6,41.49,standard,2026-07-05T20:03:36Z
312,17,7,41.49,standard,2026-07-05T20:03:36Z
312,17,8,41.49,standard,2026-07-05T20:03:36Z
312,17,9,41.49,standard,2026-07-05T20:03:36Z
312,11,16,41.49,standard,2026-07-05T20:03:36Z
312,11,6,41.49,standard,2026-07-05T20:03:36Z
312,11,7,41.49,standard,2026-07-05T20:03:36Z
312,11,8,41.49,standard,2026-07-05T20:03:36Z
312,11,9,41.49,standard,2026-07-05T20:03:36Z
312,12,7,41.49,standard,2026-07-05T20:03:36Z
312,12,8,41.49,standard,2026-07-05T20:03:36Z
312,13,3,41.49,standard,2026-07-05T20:03:36Z
312,13,4,41.49,standard,2026-07-05T20:03:36Z
312,14,7,41.49,standard,2026-07-05T20:03:36Z
312,14,8,41.49,standard,2026-07-05T20:03:36Z
312,14,9,41.49,standard,2026-07-05T20:03:36Z
312,15,10,41.49,standard,2026-07-05T20:03:36Z
312,15,11,41.49,standard,2026-07-05T20:03:36Z
312,15,12,41.49,standard,2026-07-05T20:03:36Z
312,15,13,41.49,standard,2026-07-05T20:03:36Z
312,15,14,41.49,standard,2026-07-05T20:03:36Z
312,15,15,41.49,standard,2026-07-05T20:03:36Z
312,15,16,41.49,standard,2026-07-05T20:03:36Z
312,15,7,41.49,standard,2026-07-05T20:03:36Z
312,15,8,41.49,standard,2026-07-05T20:03:36Z
312,15,9,41.49,standard,2026-07-05T20:03:36Z
312,16,10,41.49,standard,2026-07-05T20:03:36Z
312,16,11,41.49,standard,2026-07-05T20:03:36Z
312,16,12,41.49,standard,2026-07-05T20:03:36Z
312,16,13,41.49,standard,2026-07-05T20:03:36Z
312,16,14,41.49,standard,2026-07-05T20:03:36Z
312,16,15,41.49,standard,2026-07-05T20:03:36Z
312,16,16,41.49,standard,2026-07-05T20:03:36Z
312,16,2,41.49,standard,2026-07-05T20:03:36Z
312,16,3,41.49,standard,2026-07-05T20:03:36Z
312,16,4,41.49,standard,2026-07-05T20:03:36Z
312,16,5,41.49,standard,2026-07-05T20:03:36Z
312,16,6,41.49,standard,2026-07-05T20:03:36Z
312,16,7,41.49,standard,2026-07-05T20:03:36Z
312,16,8,41.49,standard,2026-07-05T20:03:36Z
312,16,9,41.49,standard,2026-07-05T20:03:36Z
312,18,10,41.49,standard,2026-07-05T20:03:36Z
312,18,11,41.49,standard,2026-07-05T20:03:36Z
312,18,12,41.49,standard,2026-07-05T20:03:36Z
312,18,13,41.49,standard,2026-07-05T20:03:36Z
312,18,14,41.49,standard,2026-07-05T20:03:36Z
312,18,15,41.49,standard,2026-07-05T20:03:36Z
312,18,16,41.49,standard,2026-07-05T20:03:36Z
312,18,2,41.49,standard,2026-07-05T20:03:36Z
312,18,3,41.49,standard,2026-07-05T20:03:36Z
312,18,4,41.49,standard,2026-07-05T20:03:36Z
312,18,5,41.49,standard,2026-07-05T20:03:36Z
312,18,6,41.49,standard,2026-07-05T20:03:36Z
312,18,7,41.49,standard,2026-07-05T20:03:36Z
312,18,8,41.49,standard,2026-07-05T20:03:36Z
312,18,9,41.49,standard,2026-07-05T20:03:36Z
312,19,10,41.49,standard,2026-07-05T20:03:36Z
312,19,11,41.49,standard,2026-07-05T20:03:36Z
312,19,12,41.49,standard,2026-07-05T20:03:36Z
312,19,13,41.49,standard,2026-07-05T20:03:36Z
312,19,14,41.49,standard,2026-07-05T20:03:36Z
312,19,15,41.49,standard,2026-07-05T20:03:36Z
312,19,16,41.49,standard,2026-07-05T20:03:36Z
312,19,2,41.49,standard,2026-07-05T20:03:36Z
312,19,3,41.49,standard,2026-07-05T20:03:36Z
312,19,4,41.49,standard,2026-07-05T20:03:36Z
312,19,5,41.49,standard,2026-07-05T20:03:36Z
312,19,6,41.49,standard,2026-07-05T20:03:36Z
312,19,7,41.49,standard,2026-07-05T20:03:36Z
312,19,8,41.49,standard,2026-07-05T20:03:36Z
312,19,9,41.49,standard,2026-07-05T20:03:36Z
312,20,10,41.49,standard,2026-07-05T20:03:36Z
312,20,11,41.49,standard,2026-07-05T20:03:36Z
312,20,12,41.49,standard,2026-07-05T20:03:36Z
312,20,13,41.49,standard,2026-07-05T20:03:36Z
312,20,14,41.49,standard,2026-07-05T20:03:36Z
312,20,15,41.49,standard,2026-07-05T20:03:36Z
312,20,16,41.49,standard,2026-07-05T20:03:36Z
312,20,2,41.49,standard,2026-07-05T20:03:36Z
312,20,3,41.49,standard,2026-07-05T20:03:36Z
312,20,4,41.49,standard,2026-07-05T20:03:36Z
312,20,5,41.49,standard,2026-07-05T20:03:36Z
312,20,6,41.49,standard,2026-07-05T20:03:36Z
312,20,7,41.49,standard,2026-07-05T20:03:36Z
312,20,8,41.49,standard,2026-07-05T20:03:36Z
312,20,9,41.49,standard,2026-07-05T20:03:36Z
312,21,10,41.49,standard,2026-07-05T20:03:36Z
312,21,11,41.49,standard,2026-07-05T20:03:36Z
312,21,12,41.49,standard,2026-07-05T20:03:36Z
312,21,13,41.49,standard,2026-07-05T20:03:36Z
312,21,14,41.49,standard,2026-07-05T20:03:36Z
312,21,15,41.49,standard,2026-07-05T20:03:36Z
312,21,16,41.49,standard,2026-07-05T20:03:36Z
312,21,2,41.49,standard,2026-07-05T20:03:36Z
312,21,3,41.49,standard,2026-07-05T20:03:36Z
312,21,4,41.49,standard,2026-07-05T20:03:36Z
312,21,5,41.49,standard,2026-07-05T20:03:36Z
312,21,6,41.49,standard,2026-07-05T20:03:36Z
312,21,7,41.49,standard,2026-07-05T20:03:36Z
312,21,8,41.49,standard,2026-07-05T20:03:36Z
312,21,9,41.49,standard,2026-07-05T20:03:36Z
312,22,10,41.49,standard,2026-07-05T20:03:36Z
312,22,11,41.49,standard,2026-07-05T20:03:36Z
312,22,12,41.49,standard,2026-07-05T20:03:36Z
312,22,13,41.49,standard,2026-07-05T20:03:36Z
312,22,14,41.49,standard,2026-07-05T20:03:36Z
312,22,2,41.49,standard,2026-07-05T20:03:36Z
312,22,3,41.49,standard,2026-07-05T20:03:36Z
312,22,4,41.49,standard,2026-07-05T20:03:36Z
312,22,5,41.49,standard,2026-07-05T20:03:36Z
312,22,6,41.49,standard,2026-07-05T20:03:36Z
312,22,7,41.49,standard,2026-07-05T20:03:36Z
312,22,8,41.49,standard,2026-07-05T20:03:36Z
312,22,9,41.49,standard,2026-07-05T20:03:36Z
312,23,10,41.49,standard,2026-07-05T20:03:36Z
312,23,11,41.49,standard,2026-07-05T20:03:36Z
312,23,12,41.49,standard,2026-07-05T20:03:36Z
312,23,13,41.49,standard,2026-07-05T20:03:36Z
312,23,14,41.49,standard,2026-07-05T20:03:36Z
312,23,15,41.49,standard,2026-07-05T20:03:36Z
312,23,16,41.49,standard,2026-07-05T20:03:36Z
312,23,3,41.49,standard,2026-07-05T20:03:36Z
312,23,4,41.49,standard,2026-07-05T20:03:36Z
312,23,5,41.49,standard,2026-07-05T20:03:36Z
312,23,6,41.49,standard,2026-07-05T20:03:36Z
312,23,7,41.49,standard,2026-07-05T20:03:36Z
312,23,8,41.49,standard,2026-07-05T20:03:36Z
312,23,9,41.49,standard,2026-07-05T20:03:36Z
312,24,10,41.49,standard,2026-07-05T20:03:36Z
312,24,11,41.49,standard,2026-07-05T20:03:36Z
312,24,12,41.49,standard,2026-07-05T20:03:36Z
312,24,13,41.49,standard,2026-07-05T20:03:36Z
312,24,14,41.49,standard,2026-07-05T20:03:36Z
312,24,2,41.49,standard,2026-07-05T20:03:36Z
312,24,3,41.49,standard,2026-07-05T20:03:36Z
312,24,4,41.49,standard,2026-07-05T20:03:36Z
312,24,5,41.49,standard,2026-07-05T20:03:36Z
312,24,6,41.49,standard,2026-07-05T20:03:36Z
312,24,7,41.49,standard,2026-07-05T20:03:36Z
312,24,8,41.49,standard,2026-07-05T20:03:36Z
312,24,9,41.49,standard,2026-07-05T20:03:36Z
312,25,10,41.49,standard,2026-07-05T20:03:36Z
312,25,11,41.49,standard,2026-07-05T20:03:36Z
312,25,12,41.49,standard,2026-07-05T20:03:36Z
312,25,13,41.49,standard,2026-07-05T20:03:36Z
312,25,14,41.49,standard,2026-07-05T20:03:36Z
312,25,15,41.49,standard,2026-07-05T20:03:36Z
312,25,16,41.49,standard,2026-07-05T20:03:36Z
312,25,17,41.49,standard,2026-07-05T20:03:36Z
312,25,18,41.49,standard,2026-07-05T20:03:36Z
312,25,2,41.49,standard,2026-07-05T20:03:36Z
312,25,3,41.49,standard,2026-07-05T20:03:36Z
312,25,4,41.49,standard,2026-07-05T20:03:36Z
312,25,5,41.49,standard,2026-07-05T20:03:36Z
312,25,6,41.49,standard,2026-07-05T20:03:36Z
312,25,7,41.49,standard,2026-07-05T20:03:36Z
312,25,8,41.49,standard,2026-07-05T20:03:36Z
312,25,9,41.49,standard,2026-07-05T20:03:36Z
312,9,9,41.49,standard,2026-07-05T20:03:36Z
312,9,10,41.49,standard,2026-07-05T20:03:36Z
312,2,15,41.49,standard,2026-07-05T20:03:36Z
312,2,16,41.49,standard,2026-07-05T20:03:36Z
312,3,11,41.49,standard,2026-07-05T20:03:36Z
312,3,12,41.49,standard,2026-07-05T20:03:36Z
312,3,13,41.49,standard,2026-07-05T20:03:36Z
312,3,2,41.49,standard,2026-07-05T20:03:36Z
312,3,3,41.49,standard,2026-07-05T20:03:36Z
312,4,4,41.49,standard,2026-07-05T20:03:36Z
312,4,5,41.49,standard,2026-07-05T20:03:36Z
312,4,6,41.49,standard,2026-07-05T20:03:36Z
312,5,4,41.49,standard,2026-07-05T20:03:36Z
312,5,5,41.49,standard,2026-07-05T20:03:36Z
312,5,14,41.49,standard,2026-07-05T20:03:36Z
312,5,15,41.49,standard,2026-07-05T20:03:36Z
312,5,16,41.49,standard,2026-07-05T20:03:36Z
312,6,6,41.49,standard,2026-07-05T20:03:36Z
312,6,7,41.49,standard,2026-07-05T20:03:36Z
312,6,8,41.49,standard,2026-07-05T20:03:36Z
312,9,16,41.49,standard,2026-07-05T20:03:36Z
313,1,2,41.49,standard,2026-07-05T20:03:36Z
313,1,24,41.49,standard,2026-07-05T20:03:36Z
313,2,2,41.49,standard,2026-07-05T20:03:36Z
313,2,24,41.49,standard,2026-07-05T20:03:36Z
313,10,23,41.49,standard,2026-07-05T20:03:36Z
313,10,24,41.49,standard,2026-07-05T20:03:36Z
313,11,22,41.49,standard,2026-07-05T20:03:36Z
313,11,23,41.49,standard,2026-07-05T20:03:36Z
313,11,24,41.49,standard,2026-07-05T20:03:36Z
313,17,10,41.49,standard,2026-07-05T20:03:36Z
313,17,11,41.49,standard,2026-07-05T20:03:36Z
313,17,12,41.49,standard,2026-07-05T20:03:36Z
313,17,13,41.49,standard,2026-07-05T20:03:36Z
313,17,14,41.49,standard,2026-07-05T20:03:36Z
313,17,15,41.49,standard,2026-07-05T20:03:36Z
313,17,16,41.49,standard,2026-07-05T20:03:36Z
313,17,17,41.49,standard,2026-07-05T20:03:36Z
313,17,18,41.49,standard,2026-07-05T20:03:36Z
313,17,19,41.49,standard,2026-07-05T20:03:36Z
313,17,20,41.49,standard,2026-07-05T20:03:36Z
313,17,21,41.49,standard,2026-07-05T20:03:36Z
313,17,22,41.49,standard,2026-07-05T20:03:36Z
313,17,23,41.49,standard,2026-07-05T20:03:36Z
313,17,24,41.49,standard,2026-07-05T20:03:36Z
313,17,3,41.49,standard,2026-07-05T20:03:36Z
313,17,4,41.49,standard,2026-07-05T20:03:36Z
313,17,5,41.49,standard,2026-07-05T20:03:36Z
313,17,6,41.49,standard,2026-07-05T20:03:36Z
313,17,7,41.49,standard,2026-07-05T20:03:36Z
313,17,8,41.49,standard,2026-07-05T20:03:36Z
313,17,9,41.49,standard,2026-07-05T20:03:36Z
313,12,10,41.49,standard,2026-07-05T20:03:36Z
313,12,11,41.49,standard,2026-07-05T20:03:36Z
313,12,12,41.49,standard,2026-07-05T20:03:36Z
313,12,13,41.49,standard,2026-07-05T20:03:36Z
313,12,14,41.49,standard,2026-07-05T20:03:36Z
313,12,15,41.49,standard,2026-07-05T20:03:36Z
313,12,16,41.49,standard,2026-07-05T20:03:36Z
313,12,17,41.49,standard,2026-07-05T20:03:36Z
313,12,4,41.49,standard,2026-07-05T20:03:36Z
313,12,5,41.49,standard,2026-07-05T20:03:36Z
313,13,10,41.49,standard,2026-07-05T20:03:36Z
313,13,11,41.49,standard,2026-07-05T20:03:36Z
313,13,12,41.49,standard,2026-07-05T20:03:36Z
313,13,13,41.49,standard,2026-07-05T20:03:36Z
313,13,14,41.49,standard,2026-07-05T20:03:36Z
313,13,15,41.49,standard,2026-07-05T20:03:36Z
313,13,16,41.49,standard,2026-07-05T20:03:36Z
313,13,17,41.49,standard,2026-07-05T20:03:36Z
313,13,18,41.49,standard,2026-07-05T20:03:36Z
313,13,19,41.49,standard,2026-07-05T20:03:36Z
313,13,20,41.49,standard,2026-07-05T20:03:36Z
313,13,4,41.49,standard,2026-07-05T20:03:36Z
313,13,5,41.49,standard,2026-07-05T20:03:36Z
313,13,6,41.49,standard,2026-07-05T20:03:36Z
313,13,7,41.49,standard,2026-07-05T20:03:36Z
313,13,8,41.49,standard,2026-07-05T20:03:36Z
313,13,9,41.49,standard,2026-07-05T20:03:36Z
313,14,10,41.49,standard,2026-07-05T20:03:36Z
313,14,11,41.49,standard,2026-07-05T20:03:36Z
313,14,12,41.49,standard,2026-07-05T20:03:36Z
313,14,13,41.49,standard,2026-07-05T20:03:36Z
313,14,14,41.49,standard,2026-07-05T20:03:36Z
313,14,15,41.49,standard,2026-07-05T20:03:36Z
313,14,16,41.49,standard,2026-07-05T20:03:36Z
313,14,17,41.49,standard,2026-07-05T20:03:36Z
313,14,18,41.49,standard,2026-07-05T20:03:36Z
313,14,19,41.49,standard,2026-07-05T20:03:36Z
313,14,5,41.49,standard,2026-07-05T20:03:36Z
313,14,6,41.49,standard,2026-07-05T20:03:36Z
313,14,7,41.49,standard,2026-07-05T20:03:36Z
313,14,8,41.49,standard,2026-07-05T20:03:36Z
313,14,9,41.49,standard,2026-07-05T20:03:36Z
313,15,10,41.49,standard,2026-07-05T20:03:36Z
313,15,11,41.49,standard,2026-07-05T20:03:36Z
313,15,12,41.49,standard,2026-07-05T20:03:36Z
313,15,13,41.49,standard,2026-07-05T20:03:36Z
313,15,14,41.49,standard,2026-07-05T20:03:36Z
313,15,15,41.49,standard,2026-07-05T20:03:36Z
313,15,16,41.49,standard,2026-07-05T20:03:36Z
313,15,17,41.49,standard,2026-07-05T20:03:36Z
313,15,18,41.49,standard,2026-07-05T20:03:36Z
313,15,19,41.49,standard,2026-07-05T20:03:36Z
313,15,2,41.49,standard,2026-07-05T20:03:36Z
313,15,3,41.49,standard,2026-07-05T20:03:36Z
313,15,4,41.49,standard,2026-07-05T20:03:36Z
313,15,5,41.49,standard,2026-07-05T20:03:36Z
313,15,6,41.49,standard,2026-07-05T20:03:36Z
313,15,7,41.49,standard,2026-07-05T20:03:36Z
313,15,8,41.49,standard,2026-07-05T20:03:36Z
313,15,9,41.49,standard,2026-07-05T20:03:36Z
313,16,10,41.49,standard,2026-07-05T20:03:36Z
313,16,11,41.49,standard,2026-07-05T20:03:36Z
313,16,12,41.49,standard,2026-07-05T20:03:36Z
313,16,13,41.49,standard,2026-07-05T20:03:36Z
313,16,14,41.49,standard,2026-07-05T20:03:36Z
313,16,15,41.49,standard,2026-07-05T20:03:36Z
313,16,16,41.49,standard,2026-07-05T20:03:36Z
313,16,17,41.49,standard,2026-07-05T20:03:36Z
313,16,18,41.49,standard,2026-07-05T20:03:36Z
313,16,19,41.49,standard,2026-07-05T20:03:36Z
313,16,20,41.49,standard,2026-07-05T20:03:36Z
313,16,21,41.49,standard,2026-07-05T20:03:36Z
313,16,22,41.49,standard,2026-07-05T20:03:36Z
313,16,23,41.49,standard,2026-07-05T20:03:36Z
313,16,24,41.49,standard,2026-07-05T20:03:36Z
313,16,3,41.49,standard,2026-07-05T20:03:36Z
313,16,4,41.49,standard,2026-07-05T20:03:36Z
313,16,5,41.49,standard,2026-07-05T20:03:36Z
313,16,6,41.49,standard,2026-07-05T20:03:36Z
313,16,7,41.49,standard,2026-07-05T20:03:36Z
313,16,8,41.49,standard,2026-07-05T20:03:36Z
313,16,9,41.49,standard,2026-07-05T20:03:36Z
313,18,10,41.49,standard,2026-07-05T20:03:36Z
313,18,11,41.49,standard,2026-07-05T20:03:36Z
313,18,12,41.49,standard,2026-07-05T20:03:36Z
313,18,13,41.49,standard,2026-07-05T20:03:36Z
313,18,14,41.49,standard,2026-07-05T20:03:36Z
313,18,15,41.49,standard,2026-07-05T20:03:36Z
313,18,16,41.49,standard,2026-07-05T20:03:36Z
313,18,17,41.49,standard,2026-07-05T20:03:36Z
313,18,18,41.49,standard,2026-07-05T20:03:36Z
313,18,19,41.49,standard,2026-07-05T20:03:36Z
313,18,20,41.49,standard,2026-07-05T20:03:36Z
313,18,21,41.49,standard,2026-07-05T20:03:36Z
313,18,22,41.49,standard,2026-07-05T20:03:36Z
313,18,23,41.49,standard,2026-07-05T20:03:36Z
313,18,24,41.49,standard,2026-07-05T20:03:36Z
313,18,3,41.49,standard,2026-07-05T20:03:36Z
313,18,4,41.49,standard,2026-07-05T20:03:36Z
313,18,5,41.49,standard,2026-07-05T20:03:36Z
313,18,6,41.49,standard,2026-07-05T20:03:36Z
313,18,7,41.49,standard,2026-07-05T20:03:36Z
313,18,8,41.49,standard,2026-07-05T20:03:36Z
313,18,9,41.49,standard,2026-07-05T20:03:36Z
313,19,10,41.49,standard,2026-07-05T20:03:36Z
313,19,11,41.49,standard,2026-07-05T20:03:36Z
313,19,12,41.49,standard,2026-07-05T20:03:36Z
313,19,13,41.49,standard,2026-07-05T20:03:36Z
313,19,14,41.49,standard,2026-07-05T20:03:36Z
313,19,15,41.49,standard,2026-07-05T20:03:36Z
313,19,16,41.49,standard,2026-07-05T20:03:36Z
313,19,17,41.49,standard,2026-07-05T20:03:36Z
313,19,18,41.49,standard,2026-07-05T20:03:36Z
313,19,19,41.49,standard,2026-07-05T20:03:36Z
313,19,20,41.49,standard,2026-07-05T20:03:36Z
313,19,21,41.49,standard,2026-07-05T20:03:36Z
313,19,22,41.49,standard,2026-07-05T20:03:36Z
313,19,23,41.49,standard,2026-07-05T20:03:36Z
313,19,24,41.49,standard,2026-07-05T20:03:36Z
313,19,3,41.49,standard,2026-07-05T20:03:36Z
313,19,4,41.49,standard,2026-07-05T20:03:36Z
313,19,5,41.49,standard,2026-07-05T20:03:36Z
313,19,6,41.49,standard,2026-07-05T20:03:36Z
313,19,7,41.49,standard,2026-07-05T20:03:36Z
313,19,8,41.49,standard,2026-07-05T20:03:36Z
313,19,9,41.49,standard,2026-07-05T20:03:36Z
313,20,10,41.49,standard,2026-07-05T20:03:36Z
313,20,11,41.49,standard,2026-07-05T20:03:36Z
313,20,12,41.49,standard,2026-07-05T20:03:36Z
313,20,13,41.49,standard,2026-07-05T20:03:36Z
313,20,14,41.49,standard,2026-07-05T20:03:36Z
313,20,15,41.49,standard,2026-07-05T20:03:36Z
313,20,16,41.49,standard,2026-07-05T20:03:36Z
313,20,17,41.49,standard,2026-07-05T20:03:36Z
313,20,18,41.49,standard,2026-07-05T20:03:36Z
313,20,19,41.49,standard,2026-07-05T20:03:36Z
313,20,20,41.49,standard,2026-07-05T20:03:36Z
313,20,21,41.49,standard,2026-07-05T20:03:36Z
313,20,22,41.49,standard,2026-07-05T20:03:36Z
313,20,23,41.49,standard,2026-07-05T20:03:36Z
313,20,3,41.49,standard,2026-07-05T20:03:36Z
313,20,4,41.49,standard,2026-07-05T20:03:36Z
313,20,5,41.49,standard,2026-07-05T20:03:36Z
313,20,6,41.49,standard,2026-07-05T20:03:36Z
313,20,7,41.49,standard,2026-07-05T20:03:36Z
313,20,8,41.49,standard,2026-07-05T20:03:36Z
313,20,9,41.49,standard,2026-07-05T20:03:36Z
313,21,10,41.49,standard,2026-07-05T20:03:36Z
313,21,11,41.49,standard,2026-07-05T20:03:36Z
313,21,12,41.49,standard,2026-07-05T20:03:36Z
313,21,13,41.49,standard,2026-07-05T20:03:36Z
313,21,14,41.49,standard,2026-07-05T20:03:36Z
313,21,15,41.49,standard,2026-07-05T20:03:36Z
313,21,16,41.49,standard,2026-07-05T20:03:36Z
313,21,17,41.49,standard,2026-07-05T20:03:36Z
313,21,18,41.49,standard,2026-07-05T20:03:36Z
313,21,19,41.49,standard,2026-07-05T20:03:36Z
313,21,20,41.49,standard,2026-07-05T20:03:36Z
313,21,21,41.49,standard,2026-07-05T20:03:36Z
313,21,22,41.49,standard,2026-07-05T20:03:36Z
313,21,23,41.49,standard,2026-07-05T20:03:36Z
313,21,24,41.49,standard,2026-07-05T20:03:36Z
313,21,3,41.49,standard,2026-07-05T20:03:36Z
313,21,4,41.49,standard,2026-07-05T20:03:36Z
313,21,5,41.49,standard,2026-07-05T20:03:36Z
313,21,6,41.49,standard,2026-07-05T20:03:36Z
313,21,7,41.49,standard,2026-07-05T20:03:36Z
313,21,8,41.49,standard,2026-07-05T20:03:36Z
313,21,9,41.49,standard,2026-07-05T20:03:36Z
313,22,10,41.49,standard,2026-07-05T20:03:36Z
313,22,11,41.49,standard,2026-07-05T20:03:36Z
313,22,12,41.49,standard,2026-07-05T20:03:36Z
313,22,13,41.49,standard,2026-07-05T20:03:36Z
313,22,14,41.49,standard,2026-07-05T20:03:36Z
313,22,15,41.49,standard,2026-07-05T20:03:36Z
313,22,16,41.49,standard,2026-07-05T20:03:36Z
313,22,17,41.49,standard,2026-07-05T20:03:36Z
313,22,18,41.49,standard,2026-07-05T20:03:36Z
313,22,19,41.49,standard,2026-07-05T20:03:36Z
313,22,20,41.49,standard,2026-07-05T20:03:36Z
313,22,21,41.49,standard,2026-07-05T20:03:36Z
313,22,22,41.49,standard,2026-07-05T20:03:36Z
313,22,23,41.49,standard,2026-07-05T20:03:36Z
313,22,24,41.49,standard,2026-07-05T20:03:36Z
313,22,3,41.49,standard,2026-07-05T20:03:36Z
313,22,4,41.49,standard,2026-07-05T20:03:36Z
313,22,5,41.49,standard,2026-07-05T20:03:36Z
313,22,6,41.49,standard,2026-07-05T20:03:36Z
313,22,7,41.49,standard,2026-07-05T20:03:36Z
313,22,8,41.49,standard,2026-07-05T20:03:36Z
313,22,9,41.49,standard,2026-07-05T20:03:36Z
313,23,10,41.49,standard,2026-07-05T20:03:36Z
313,23,11,41.49,standard,2026-07-05T20:03:36Z
313,23,12,41.49,standard,2026-07-05T20:03:36Z
313,23,13,41.49,standard,2026-07-05T20:03:36Z
313,23,14,41.49,standard,2026-07-05T20:03:36Z
313,23,15,41.49,standard,2026-07-05T20:03:36Z
313,23,16,41.49,standard,2026-07-05T20:03:36Z
313,23,17,41.49,standard,2026-07-05T20:03:36Z
313,23,18,41.49,standard,2026-07-05T20:03:36Z
313,23,19,41.49,standard,2026-07-05T20:03:36Z
313,23,20,41.49,standard,2026-07-05T20:03:36Z
313,23,21,41.49,standard,2026-07-05T20:03:36Z
313,23,22,41.49,standard,2026-07-05T20:03:36Z
313,23,23,41.49,standard,2026-07-05T20:03:36Z
313,23,24,41.49,standard,2026-07-05T20:03:36Z
313,23,3,41.49,standard,2026-07-05T20:03:36Z
313,23,4,41.49,standard,2026-07-05T20:03:36Z
313,23,5,41.49,standard,2026-07-05T20:03:36Z
313,23,6,41.49,standard,2026-07-05T20:03:36Z
313,23,7,41.49,standard,2026-07-05T20:03:36Z
313,23,8,41.49,standard,2026-07-05T20:03:36Z
313,23,9,41.49,standard,2026-07-05T20:03:36Z
313,24,10,41.49,standard,2026-07-05T20:03:36Z
313,24,11,41.49,standard,2026-07-05T20:03:36Z
313,24,12,41.49,standard,2026-07-05T20:03:36Z
313,24,13,41.49,standard,2026-07-05T20:03:36Z
313,24,14,41.49,standard,2026-07-05T20:03:36Z
313,24,15,41.49,standard,2026-07-05T20:03:36Z
313,24,16,41.49,standard,2026-07-05T20:03:36Z
313,24,17,41.49,standard,2026-07-05T20:03:36Z
313,24,18,41.49,standard,2026-07-05T20:03:36Z
313,24,19,41.49,standard,2026-07-05T20:03:36Z
313,24,20,41.49,standard,2026-07-05T20:03:36Z
313,24,21,41.49,standard,2026-07-05T20:03:36Z
313,24,22,41.49,standard,2026-07-05T20:03:36Z
313,24,3,41.49,standard,2026-07-05T20:03:36Z
313,24,4,41.49,standard,2026-07-05T20:03:36Z
313,24,5,41.49,standard,2026-07-05T20:03:36Z
313,24,6,41.49,standard,2026-07-05T20:03:36Z
313,24,7,41.49,standard,2026-07-05T20:03:36Z
313,24,8,41.49,standard,2026-07-05T20:03:36Z
313,24,9,41.49,standard,2026-07-05T20:03:36Z
313,25,10,41.49,standard,2026-07-05T20:03:36Z
313,25,11,41.49,standard,2026-07-05T20:03:36Z
313,25,12,41.49,standard,2026-07-05T20:03:36Z
313,25,13,41.49,standard,2026-07-05T20:03:36Z
313,25,14,41.49,standard,2026-07-05T20:03:36Z
313,25,15,41.49,standard,2026-07-05T20:03:36Z
313,25,16,41.49,standard,2026-07-05T20:03:36Z
313,25,17,41.49,standard,2026-07-05T20:03:36Z
313,25,18,41.49,standard,2026-07-05T20:03:36Z
313,25,19,41.49,standard,2026-07-05T20:03:36Z
313,25,20,41.49,standard,2026-07-05T20:03:36Z
313,25,3,41.49,standard,2026-07-05T20:03:36Z
313,25,4,41.49,standard,2026-07-05T20:03:36Z
313,25,5,41.49,standard,2026-07-05T20:03:36Z
313,25,6,41.49,standard,2026-07-05T20:03:36Z
313,25,7,41.49,standard,2026-07-05T20:03:36Z
313,25,8,41.49,standard,2026-07-05T20:03:36Z
313,25,9,41.49,standard,2026-07-05T20:03:36Z
313,2,1,41.49,standard,2026-07-05T20:03:36Z
314,1,8,41.49,standard,2026-07-05T20:03:36Z
314,2,6,41.49,standard,2026-07-05T20:03:36Z
314,2,7,41.49,standard,2026-07-05T20:03:36Z
314,2,8,41.49,standard,2026-07-05T20:03:36Z
314,3,9,41.49,standard,2026-07-05T20:03:36Z
314,5,9,41.49,standard,2026-07-05T20:03:36Z
314,17,15,41.49,standard,2026-07-05T20:03:36Z
314,17,16,41.49,standard,2026-07-05T20:03:36Z
314,12,5,41.49,standard,2026-07-05T20:03:36Z
314,13,4,41.49,standard,2026-07-05T20:03:36Z
314,13,5,41.49,standard,2026-07-05T20:03:36Z
314,13,6,41.49,standard,2026-07-05T20:03:36Z
314,14,6,41.49,standard,2026-07-05T20:03:36Z
314,14,7,41.49,standard,2026-07-05T20:03:36Z
314,16,20,41.49,standard,2026-07-05T20:03:36Z
314,18,10,41.49,standard,2026-07-05T20:03:36Z
314,18,11,41.49,standard,2026-07-05T20:03:36Z
314,18,12,41.49,standard,2026-07-05T20:03:36Z
314,18,13,41.49,standard,2026-07-05T20:03:36Z
314,18,14,41.49,standard,2026-07-05T20:03:36Z
314,18,15,41.49,standard,2026-07-05T20:03:36Z
314,18,16,41.49,standard,2026-07-05T20:03:36Z
314,18,17,41.49,standard,2026-07-05T20:03:36Z
314,18,2,41.49,standard,2026-07-05T20:03:36Z
314,18,3,41.49,standard,2026-07-05T20:03:36Z
314,18,4,41.49,standard,2026-07-05T20:03:36Z
314,18,5,41.49,standard,2026-07-05T20:03:36Z
314,18,6,41.49,standard,2026-07-05T20:03:36Z
314,18,7,41.49,standard,2026-07-05T20:03:36Z
314,18,8,41.49,standard,2026-07-05T20:03:36Z
314,18,9,41.49,standard,2026-07-05T20:03:36Z
314,19,10,41.49,standard,2026-07-05T20:03:36Z
314,19,11,41.49,standard,2026-07-05T20:03:36Z
314,19,12,41.49,standard,2026-07-05T20:03:36Z
314,19,13,41.49,standard,2026-07-05T20:03:36Z
314,19,14,41.49,standard,2026-07-05T20:03:36Z
314,19,15,41.49,standard,2026-07-05T20:03:36Z
314,19,16,41.49,standard,2026-07-05T20:03:36Z
314,19,17,41.49,standard,2026-07-05T20:03:36Z
314,19,18,41.49,standard,2026-07-05T20:03:36Z
314,19,2,41.49,standard,2026-07-05T20:03:36Z
314,19,3,41.49,standard,2026-07-05T20:03:36Z
314,19,4,41.49,standard,2026-07-05T20:03:36Z
314,19,7,41.49,standard,2026-07-05T20:03:36Z
314,19,8,41.49,standard,2026-07-05T20:03:36Z
314,19,9,41.49,standard,2026-07-05T20:03:36Z
314,20,10,41.49,standard,2026-07-05T20:03:36Z
314,20,11,41.49,standard,2026-07-05T20:03:36Z
314,20,12,41.49,standard,2026-07-05T20:03:36Z
314,20,13,41.49,standard,2026-07-05T20:03:36Z
314,20,14,41.49,standard,2026-07-05T20:03:36Z
314,20,15,41.49,standard,2026-07-05T20:03:36Z
314,20,16,41.49,standard,2026-07-05T20:03:36Z
314,20,17,41.49,standard,2026-07-05T20:03:36Z
314,20,2,41.49,standard,2026-07-05T20:03:36Z
314,20,3,41.49,standard,2026-07-05T20:03:36Z
314,20,4,41.49,standard,2026-07-05T20:03:36Z
314,20,5,41.49,standard,2026-07-05T20:03:36Z
314,20,6,41.49,standard,2026-07-05T20:03:36Z
314,20,7,41.49,standard,2026-07-05T20:03:36Z
314,20,8,41.49,standard,2026-07-05T20:03:36Z
314,20,9,41.49,standard,2026-07-05T20:03:36Z
314,21,10,41.49,standard,2026-07-05T20:03:36Z
314,21,11,41.49,standard,2026-07-05T20:03:36Z
314,21,12,41.49,standard,2026-07-05T20:03:36Z
314,21,13,41.49,standard,2026-07-05T20:03:36Z
314,21,14,41.49,standard,2026-07-05T20:03:36Z
314,21,15,41.49,standard,2026-07-05T20:03:36Z
314,21,16,41.49,standard,2026-07-05T20:03:36Z
314,21,17,41.49,standard,2026-07-05T20:03:36Z
314,21,18,41.49,standard,2026-07-05T20:03:36Z
314,21,19,41.49,standard,2026-07-05T20:03:36Z
314,21,20,41.49,standard,2026-07-05T20:03:36Z
314,21,21,41.49,standard,2026-07-05T20:03:36Z
314,21,22,41.49,standard,2026-07-05T20:03:36Z
314,21,23,41.49,standard,2026-07-05T20:03:36Z
314,21,24,41.49,standard,2026-07-05T20:03:36Z
314,21,3,41.49,standard,2026-07-05T20:03:36Z
314,21,4,41.49,standard,2026-07-05T20:03:36Z
314,21,5,41.49,standard,2026-07-05T20:03:36Z
314,21,6,41.49,standard,2026-07-05T20:03:36Z
314,21,7,41.49,standard,2026-07-05T20:03:36Z
314,21,8,41.49,standard,2026-07-05T20:03:36Z
314,21,9,41.49,standard,2026-07-05T20:03:36Z
314,22,10,41.49,standard,2026-07-05T20:03:36Z
314,22,11,41.49,standard,2026-07-05T20:03:36Z
314,22,12,41.49,standard,2026-07-05T20:03:36Z
314,22,13,41.49,standard,2026-07-05T20:03:36Z
314,22,14,41.49,standard,2026-07-05T20:03:36Z
314,22,15,41.49,standard,2026-07-05T20:03:36Z
314,22,16,41.49,standard,2026-07-05T20:03:36Z
314,22,17,41.49,standard,2026-07-05T20:03:36Z
314,22,18,41.49,standard,2026-07-05T20:03:36Z
314,22,19,41.49,standard,2026-07-05T20:03:36Z
314,22,20,41.49,standard,2026-07-05T20:03:36Z
314,22,21,41.49,standard,2026-07-05T20:03:36Z
314,22,22,41.49,standard,2026-07-05T20:03:36Z
314,22,23,41.49,standard,2026-07-05T20:03:36Z
314,22,24,41.49,standard,2026-07-05T20:03:36Z
314,22,3,41.49,standard,2026-07-05T20:03:36Z
314,22,4,41.49,standard,2026-07-05T20:03:36Z
314,22,5,41.49,standard,2026-07-05T20:03:36Z
314,22,6,41.49,standard,2026-07-05T20:03:36Z
314,22,7,41.49,standard,2026-07-05T20:03:36Z
314,22,8,41.49,standard,2026-07-05T20:03:36Z
314,22,9,41.49,standard,2026-07-05T20:03:36Z
314,23,10,41.49,standard,2026-07-05T20:03:36Z
314,23,11,41.49,standard,2026-07-05T20:03:36Z
314,23,12,41.49,standard,2026-07-05T20:03:36Z
314,23,13,41.49,standard,2026-07-05T20:03:36Z
314,23,14,41.49,standard,2026-07-05T20:03:36Z
314,23,15,41.49,standard,2026-07-05T20:03:36Z
314,23,16,41.49,standard,2026-07-05T20:03:36Z
314,23,17,41.49,standard,2026-07-05T20:03:36Z
314,23,18,41.49,standard,2026-07-05T20:03:36Z
314,23,19,41.49,standard,2026-07-05T20:03:36Z
314,23,20,41.49,standard,2026-07-05T20:03:36Z
314,23,21,41.49,standard,2026-07-05T20:03:36Z
314,23,22,41.49,standard,2026-07-05T20:03:36Z
314,23,23,41.49,standard,2026-07-05T20:03:36Z
314,23,24,41.49,standard,2026-07-05T20:03:36Z
314,23,25,41.49,standard,2026-07-05T20:03:36Z
314,23,3,41.49,standard,2026-07-05T20:03:36Z
314,23,4,41.49,standard,2026-07-05T20:03:36Z
314,23,5,41.49,standard,2026-07-05T20:03:36Z
314,23,6,41.49,standard,2026-07-05T20:03:36Z
314,23,7,41.49,standard,2026-07-05T20:03:36Z
314,23,8,41.49,standard,2026-07-05T20:03:36Z
314,23,9,41.49,standard,2026-07-05T20:03:36Z
314,4,10,41.49,standard,2026-07-05T20:03:36Z
314,5,10,41.49,standard,2026-07-05T20:03:36Z
315,18,14,41.49,standard,2026-07-05T20:03:36Z
315,18,15,41.49,standard,2026-07-05T20:03:36Z
315,20,5,41.49,standard,2026-07-05T20:03:36Z
315,20,6,41.49,standard,2026-07-05T20:03:36Z
315,20,7,41.49,standard,2026-07-05T20:03:36Z
315,21,10,41.49,standard,2026-07-05T20:03:36Z
315,21,11,41.49,standard,2026-07-05T20:03:36Z
315,21,12,41.49,standard,2026-07-05T20:03:36Z
315,21,13,41.49,standard,2026-07-05T20:03:36Z
315,21,14,41.49,standard,2026-07-05T20:03:36Z
315,21,15,41.49,standard,2026-07-05T20:03:36Z
315,21,16,41.49,standard,2026-07-05T20:03:36Z
315,21,17,41.49,standard,2026-07-05T20:03:36Z
315,21,18,41.49,standard,2026-07-05T20:03:36Z
315,21,19,41.49,standard,2026-07-05T20:03:36Z
315,21,20,41.49,standard,2026-07-05T20:03:36Z
315,21,4,41.49,standard,2026-07-05T20:03:36Z
315,21,5,41.49,standard,2026-07-05T20:03:36Z
315,21,6,41.49,standard,2026-07-05T20:03:36Z
315,21,7,41.49,standard,2026-07-05T20:03:36Z
315,21,8,41.49,standard,2026-07-05T20:03:36Z
315,21,9,41.49,standard,2026-07-05T20:03:36Z
315,22,10,41.49,standard,2026-07-05T20:03:36Z
315,22,11,41.49,standard,2026-07-05T20:03:36Z
315,22,12,41.49,standard,2026-07-05T20:03:36Z
315,22,13,41.49,standard,2026-07-05T20:03:36Z
315,22,14,41.49,standard,2026-07-05T20:03:36Z
315,22,15,41.49,standard,2026-07-05T20:03:36Z
315,22,16,41.49,standard,2026-07-05T20:03:36Z
315,22,17,41.49,standard,2026-07-05T20:03:36Z
315,22,18,41.49,standard,2026-07-05T20:03:36Z
315,22,2,41.49,standard,2026-07-05T20:03:36Z
315,22,3,41.49,standard,2026-07-05T20:03:36Z
315,22,4,41.49,standard,2026-07-05T20:03:36Z
315,22,5,41.49,standard,2026-07-05T20:03:36Z
315,22,6,41.49,standard,2026-07-05T20:03:36Z
315,22,7,41.49,standard,2026-07-05T20:03:36Z
315,22,8,41.49,standard,2026-07-05T20:03:36Z
315,22,9,41.49,standard,2026-07-05T20:03:36Z
315,23,10,41.49,standard,2026-07-05T20:03:36Z
315,23,11,41.49,standard,2026-07-05T20:03:36Z
315,23,12,41.49,standard,2026-07-05T20:03:36Z
315,23,13,41.49,standard,2026-07-05T20:03:36Z
315,23,14,41.49,standard,2026-07-05T20:03:36Z
315,23,15,41.49,standard,2026-07-05T20:03:36Z
315,23,16,41.49,standard,2026-07-05T20:03:36Z
315,23,17,41.49,standard,2026-07-05T20:03:36Z
315,23,18,41.49,standard,2026-07-05T20:03:36Z
315,23,19,41.49,standard,2026-07-05T20:03:36Z
315,23,20,41.49,standard,2026-07-05T20:03:36Z
315,23,21,41.49,standard,2026-07-05T20:03:36Z
315,23,3,41.49,standard,2026-07-05T20:03:36Z
315,23,4,41.49,standard,2026-07-05T20:03:36Z
315,23,5,41.49,standard,2026-07-05T20:03:36Z
315,23,6,41.49,standard,2026-07-05T20:03:36Z
315,23,7,41.49,standard,2026-07-05T20:03:36Z
315,23,8,41.49,standard,2026-07-05T20:03:36Z
315,23,9,41.49,standard,2026-07-05T20:03:36Z
316,1,24,41.49,standard,2026-07-05T20:03:36Z
316,2,22,41.49,standard,2026-07-05T20:03:36Z
316,2,23,41.49,standard,2026-07-05T20:03:36Z
316,2,24,41.49,standard,2026-07-05T20:03:36Z
316,3,20,41.49,standard,2026-07-05T20:03:36Z
316,3,21,41.49,standard,2026-07-05T20:03:36Z
316,3,22,41.49,standard,2026-07-05T20:03:36Z
316,3,23,41.49,standard,2026-07-05T20:03:36Z
316,3,24,41.49,standard,2026-07-05T20:03:36Z
316,4,22,41.49,standard,2026-07-05T20:03:36Z
316,4,23,41.49,standard,2026-07-05T20:03:36Z
316,20,16,41.49,standard,2026-07-05T20:03:36Z
316,20,17,41.49,standard,2026-07-05T20:03:36Z
316,22,10,41.49,standard,2026-07-05T20:03:36Z
316,22,11,41.49,standard,2026-07-05T20:03:36Z
316,22,12,41.49,standard,2026-07-05T20:03:36Z
316,22,13,41.49,standard,2026-07-05T20:03:36Z
316,22,14,41.49,standard,2026-07-05T20:03:36Z
316,22,15,41.49,standard,2026-07-05T20:03:36Z
316,22,16,41.49,standard,2026-07-05T20:03:36Z
316,22,8,41.49,standard,2026-07-05T20:03:36Z
316,22,9,41.49,standard,2026-07-05T20:03:36Z
316,23,10,41.49,standard,2026-07-05T20:03:36Z
316,23,11,41.49,standard,2026-07-05T20:03:36Z
316,23,12,41.49,standard,2026-07-05T20:03:36Z
316,23,13,41.49,standard,2026-07-05T20:03:36Z
316,23,14,41.49,standard,2026-07-05T20:03:36Z
316,23,15,41.49,standard,2026-07-05T20:03:36Z
316,23,16,41.49,standard,2026-07-05T20:03:36Z
316,23,17,41.49,standard,2026-07-05T20:03:36Z
316,23,18,41.49,standard,2026-07-05T20:03:36Z
316,23,21,41.49,standard,2026-07-05T20:03:36Z
316,23,22,41.49,standard,2026-07-05T20:03:36Z
316,23,3,41.49,standard,2026-07-05T20:03:36Z
316,23,4,41.49,standard,2026-07-05T20:03:36Z
316,23,5,41.49,standard,2026-07-05T20:03:36Z
316,23,6,41.49,standard,2026-07-05T20:03:36Z
316,23,7,41.49,standard,2026-07-05T20:03:36Z
316,23,8,41.49,standard,2026-07-05T20:03:36Z
316,23,9,41.49,standard,2026-07-05T20:03:36Z
316,4,24,41.49,standard,2026-07-05T20:03:36Z
316,5,20,41.49,standard,2026-07-05T20:03:36Z
316,5,21,41.49,standard,2026-07-05T20:03:36Z
316,5,22,41.49,standard,2026-07-05T20:03:36Z
318,17,13,41.49,standard,2026-07-05T20:03:36Z
318,17,14,41.49,standard,2026-07-05T20:03:36Z
318,11,10,41.49,standard,2026-07-05T20:03:36Z
318,11,11,41.49,standard,2026-07-05T20:03:36Z
318,11,12,41.49,standard,2026-07-05T20:03:36Z
318,18,11,41.49,standard,2026-07-05T20:03:36Z
318,18,12,41.49,standard,2026-07-05T20:03:36Z
318,21,8,41.49,standard,2026-07-05T20:03:36Z
318,21,9,41.49,standard,2026-07-05T20:03:36Z
318,22,17,41.49,standard,2026-07-05T20:03:36Z
318,22,18,41.49,standard,2026-07-05T20:03:36Z
318,3,22,41.49,standard,2026-07-05T20:03:36Z
318,3,23,41.49,standard,2026-07-05T20:03:36Z
318,4,23,41.49,standard,2026-07-05T20:03:36Z
318,4,24,41.49,standard,2026-07-05T20:03:36Z
319,2,6,56.02,standard,2026-07-05T20:03:36Z
319,2,7,56.02,standard,2026-07-05T20:03:36Z
319,3,8,56.02,standard,2026-07-05T20:03:36Z
319,4,7,56.02,standard,2026-07-05T20:03:36Z
319,4,8,56.02,standard,2026-07-05T20:03:36Z
319,6,6,56.02,standard,2026-07-05T20:03:36Z
319,6,7,56.02,standard,2026-07-05T20:03:36Z
319,7,7,56.02,standard,2026-07-05T20:03:36Z
319,8,6,56.02,standard,2026-07-05T20:03:36Z
319,8,7,56.02,standard,2026-07-05T20:03:36Z
320,1,22,46.6,standard,2026-07-05T20:03:36Z
320,10,17,46.6,standard,2026-07-05T20:03:36Z
320,10,18,46.6,standard,2026-07-05T20:03:36Z
320,12,15,46.6,standard,2026-07-05T20:03:36Z
320,12,16,46.6,standard,2026-07-05T20:03:36Z
320,13,14,46.6,standard,2026-07-05T20:03:36Z
320,13,15,46.6,standard,2026-07-05T20:03:36Z
320,13,16,46.6,standard,2026-07-05T20:03:36Z
320,14,14,46.6,standard,2026-07-05T20:03:36Z
320,14,15,46.6,standard,2026-07-05T20:03:36Z
320,14,16,46.6,standard,2026-07-05T20:03:36Z
320,14,17,46.6,standard,2026-07-05T20:03:36Z
320,14,21,46.6,standard,2026-07-05T20:03:36Z
320,14,22,46.6,standard,2026-07-05T20:03:36Z
320,15,13,46.6,standard,2026-07-05T20:03:36Z
320,15,14,46.6,standard,2026-07-05T20:03:36Z
320,15,15,46.6,standard,2026-07-05T20:03:36Z
320,15,16,46.6,standard,2026-07-05T20:03:36Z
320,15,21,46.6,standard,2026-07-05T20:03:36Z
320,15,22,46.6,standard,2026-07-05T20:03:36Z
320,16,12,46.6,standard,2026-07-05T20:03:36Z
320,16,13,46.6,standard,2026-07-05T20:03:36Z
320,16,14,46.6,standard,2026-07-05T20:03:36Z
320,16,21,46.6,standard,2026-07-05T20:03:36Z
320,16,22,46.6,standard,2026-07-05T20:03:36Z
321,15,19,46.6,standard,2026-07-05T20:03:36Z
321,15,20,46.6,standard,2026-07-05T20:03:36Z
321,16,19,46.6,standard,2026-07-05T20:03:36Z
321,16,20,46.6,standard,2026-07-05T20:03:36Z
321,16,21,46.6,standard,2026-07-05T20:03:36Z
321,2,23,46.6,standard,2026-07-05T20:03:36Z
321,2,24,46.6,standard,2026-07-05T20:03:36Z
321,3,23,46.6,standard,2026-07-05T20:03:36Z
321,3,24,46.6,standard,2026-07-05T20:03:36Z
321,4,22,46.6,standard,2026-07-05T20:03:36Z
321,4,23,46.6,standard,2026-07-05T20:03:36Z
321,24,20,46.6,standard,2026-07-05T20:03:36Z
321,24,21,46.6,standard,2026-07-05T20:03:36Z
321,4,24,46.6,standard,2026-07-05T20:03:36Z
321,5,4,46.6,standard,2026-07-05T20:03:36Z
321,5,5,46.6,standard,2026-07-05T20:03:36Z
321,5,6,46.6,standard,2026-07-05T20:03:36Z
323,1,1,46.6,standard,2026-07-05T20:03:36Z
323,2,1,46.6,standard,2026-07-05T20:03:36Z
323,3,24,46.6,standard,2026-07-05T20:03:36Z
323,4,23,46.6,standard,2026-07-05T20:03:36Z
323,17,23,46.6,standard,2026-07-05T20:03:36Z
323,17,24,46.6,standard,2026-07-05T20:03:36Z
323,11,1,46.6,standard,2026-07-05T20:03:36Z
323,11,22,46.6,standard,2026-07-05T20:03:36Z
323,11,23,46.6,standard,2026-07-05T20:03:36Z
323,11,24,46.6,standard,2026-07-05T20:03:36Z
323,11,3,46.6,standard,2026-07-05T20:03:36Z
323,12,1,46.6,standard,2026-07-05T20:03:36Z
323,12,22,46.6,standard,2026-07-05T20:03:36Z
323,12,23,46.6,standard,2026-07-05T20:03:36Z
323,12,24,46.6,standard,2026-07-05T20:03:36Z
323,13,1,46.6,standard,2026-07-05T20:03:36Z
323,13,2,46.6,standard,2026-07-05T20:03:36Z
323,14,1,46.6,standard,2026-07-05T20:03:36Z
323,14,23,46.6,standard,2026-07-05T20:03:36Z
323,14,24,46.6,standard,2026-07-05T20:03:36Z
323,15,1,46.6,standard,2026-07-05T20:03:36Z
323,15,23,46.6,standard,2026-07-05T20:03:36Z
323,15,24,46.6,standard,2026-07-05T20:03:36Z
323,16,23,46.6,standard,2026-07-05T20:03:36Z
323,16,24,46.6,standard,2026-07-05T20:03:36Z
323,2,13,46.6,standard,2026-07-05T20:03:36Z
323,24,16,46.6,standard,2026-07-05T20:03:36Z
323,24,17,46.6,standard,2026-07-05T20:03:36Z
323,4,24,46.6,standard,2026-07-05T20:03:36Z
325,1,1,46.6,standard,2026-07-05T20:03:36Z
325,2,1,46.6,standard,2026-07-05T20:03:36Z
325,3,1,46.6,standard,2026-07-05T20:03:36Z
325,3,2,46.6,standard,2026-07-05T20:03:36Z
325,4,1,46.6,standard,2026-07-05T20:03:36Z
325,4,2,46.6,standard,2026-07-05T20:03:36Z
325,4,3,46.6,standard,2026-07-05T20:03:36Z
325,5,2,46.6,standard,2026-07-05T20:03:36Z
325,5,3,46.6,standard,2026-07-05T20:03:36Z
325,10,2,46.6,standard,2026-07-05T20:03:36Z
325,10,3,46.6,standard,2026-07-05T20:03:36Z
325,11,3,46.6,standard,2026-07-05T20:03:36Z
325,11,4,46.6,standard,2026-07-05T20:03:36Z
325,12,5,46.6,standard,2026-07-05T20:03:36Z
325,13,3,46.6,standard,2026-07-05T20:03:36Z
325,13,4,46.6,standard,2026-07-05T20:03:36Z
325,14,3,46.6,standard,2026-07-05T20:03:36Z
325,14,4,46.6,standard,2026-07-05T20:03:36Z
325,15,3,46.6,standard,2026-07-05T20:03:36Z
325,15,4,46.6,standard,2026-07-05T20:03:36Z
325,23,6,46.6,standard,2026-07-05T20:03:36Z
325,23,7,46.6,standard,2026-07-05T20:03:36Z
325,3,8,46.6,standard,2026-07-05T20:03:36Z
325,3,9,46.6,standard,2026-07-05T20:03:36Z
325,3,10,46.6,standard,2026-07-05T20:03:36Z
325,5,1,46.6,standard,2026-07-05T20:03:36Z
326,10,13,46.6,standard,2026-07-05T20:03:36Z
326,10,14,46.6,standard,2026-07-05T20:03:36Z
326,11,14,46.6,standard,2026-07-05T20:03:36Z
326,11,15,46.6,standard,2026-07-05T20:03:36Z
326,11,3,46.6,standard,2026-07-05T20:03:36Z
326,11,4,46.6,standard,2026-07-05T20:03:36Z
326,11,5,46.6,standard,2026-07-05T20:03:36Z
326,13,5,46.6,standard,2026-07-05T20:03:36Z
326,13,6,46.6,standard,2026-07-05T20:03:36Z
326,3,1,46.6,standard,2026-07-05T20:03:36Z
326,3,2,46.6,standard,2026-07-05T20:03:36Z
326,4,2,46.6,standard,2026-07-05T20:03:36Z
326,4,1,46.6,standard,2026-07-05T20:03:36Z
327,13,3,46.6,standard,2026-07-05T20:03:36Z
327,13,4,46.6,standard,2026-07-05T20:03:36Z
327,13,5,46.6,standard,2026-07-05T20:03:36Z
327,14,4,46.6,standard,2026-07-05T20:03:36Z
327,14,5,46.6,standard,2026-07-05T20:03:36Z
327,2,1,46.6,standard,2026-07-05T20:03:36Z
327,2,7,46.6,standard,2026-07-05T20:03:36Z
327,2,8,46.6,standard,2026-07-05T20:03:36Z
327,2,9,46.6,standard,2026-07-05T20:03:36Z
327,7,5,46.6,standard,2026-07-05T20:03:36Z
327,7,6,46.6,standard,2026-07-05T20:03:36Z
327,20,19,46.6,standard,2026-07-05T20:03:36Z
327,20,20,46.6,standard,2026-07-05T20:03:36Z
327,21,19,46.6,standard,2026-07-05T20:03:36Z
327,21,20,46.6,standard,2026-07-05T20:03:36Z
327,22,10,46.6,standard,2026-07-05T20:03:36Z
327,22,7,46.6,standard,2026-07-05T20:03:36Z
327,22,8,46.6,standard,2026-07-05T20:03:36Z
327,22,9,46.6,standard,2026-07-05T20:03:36Z
327,24,5,46.6,standard,2026-07-05T20:03:36Z
327,24,6,46.6,standard,2026-07-05T20:03:36Z
328,17,1,46.6,standard,2026-07-05T20:03:36Z
328,10,14,46.6,standard,2026-07-05T20:03:36Z
328,10,15,46.6,standard,2026-07-05T20:03:36Z
328,11,16,46.6,standard,2026-07-05T20:03:36Z
328,12,16,46.6,standard,2026-07-05T20:03:36Z
328,13,16,46.6,standard,2026-07-05T20:03:36Z
328,14,17,46.6,standard,2026-07-05T20:03:36Z
328,15,17,46.6,standard,2026-07-05T20:03:36Z
328,16,1,46.6,standard,2026-07-05T20:03:36Z
328,2,1,46.6,standard,2026-07-05T20:03:36Z
329,10,1,46.6,standard,2026-07-05T20:03:36Z
329,10,2,46.6,standard,2026-07-05T20:03:36Z
329,11,1,46.6,standard,2026-07-05T20:03:36Z
329,11,2,46.6,standard,2026-07-05T20:03:36Z
329,3,7,46.6,standard,2026-07-05T20:03:36Z
329,7,11,46.6,standard,2026-07-05T20:03:36Z
329,7,12,46.6,standard,2026-07-05T20:03:36Z
33,6,5,813.82,standard,2026-07-05T20:03:36Z
33,6,6,813.82,standard,2026-07-05T20:03:36Z
330,10,1,46.6,standard,2026-07-05T20:03:36Z
330,10,2,46.6,standard,2026-07-05T20:03:36Z
330,11,16,46.6,standard,2026-07-05T20:03:36Z
330,11,2,46.6,standard,2026-07-05T20:03:36Z
330,12,16,46.6,standard,2026-07-05T20:03:36Z
330,13,16,46.6,standard,2026-07-05T20:03:36Z
330,14,17,46.6,standard,2026-07-05T20:03:36Z
330,15,17,46.6,standard,2026-07-05T20:03:36Z
330,16,17,46.6,standard,2026-07-05T20:03:36Z
330,2,13,46.6,standard,2026-07-05T20:03:36Z
330,21,6,46.6,standard,2026-07-05T20:03:36Z
331,10,1,46.6,standard,2026-07-05T20:03:36Z
331,11,1,46.6,standard,2026-07-05T20:03:36Z
331,2,11,46.6,standard,2026-07-05T20:03:36Z
331,7,13,46.6,standard,2026-07-05T20:03:36Z
331,7,14,46.6,standard,2026-07-05T20:03:36Z
331,2,18,46.6,standard,2026-07-05T20:03:36Z
331,9,1,46.6,standard,2026-07-05T20:03:36Z
332,10,1,46.6,standard,2026-07-05T20:03:36Z
332,10,2,46.6,standard,2026-07-05T20:03:36Z
332,11,1,46.6,standard,2026-07-05T20:03:36Z
332,11,2,46.6,standard,2026-07-05T20:03:36Z
332,12,1,46.6,standard,2026-07-05T20:03:36Z
332,13,1,46.6,standard,2026-07-05T20:03:36Z
332,14,17,46.6,standard,2026-07-05T20:03:36Z
332,15,17,46.6,standard,2026-07-05T20:03:36Z
332,16,17,46.6,standard,2026-07-05T20:03:36Z
332,2,13,46.6,standard,2026-07-05T20:03:36Z
333,1,17,46.6,standard,2026-07-05T20:03:36Z
333,2,18,46.6,standard,2026-07-05T20:03:36Z
333,12,18,46.6,standard,2026-07-05T20:03:36Z
333,12,19,46.6,standard,2026-07-05T20:03:36Z
333,13,19,46.6,standard,2026-07-05T20:03:36Z
333,13,20,46.6,standard,2026-07-05T20:03:36Z
334,1,13,46.6,standard,2026-07-05T20:03:36Z
334,3,11,46.6,standard,2026-07-05T20:03:36Z
334,3,12,46.6,standard,2026-07-05T20:03:36Z
334,3,13,46.6,standard,2026-07-05T20:03:36Z
334,4,11,46.6,standard,2026-07-05T20:03:36Z
334,4,12,46.6,standard,2026-07-05T20:03:36Z
334,10,1,46.6,standard,2026-07-05T20:03:36Z
334,10,2,46.6,standard,2026-07-05T20:03:36Z
334,11,11,46.6,standard,2026-07-05T20:03:36Z
334,11,12,46.6,standard,2026-07-05T20:03:36Z
334,12,11,46.6,standard,2026-07-05T20:03:36Z
334,12,12,46.6,standard,2026-07-05T20:03:36Z
334,12,13,46.6,standard,2026-07-05T20:03:36Z
334,12,2,46.6,standard,2026-07-05T20:03:36Z
334,13,16,46.6,standard,2026-07-05T20:03:36Z
334,14,1,46.6,standard,2026-07-05T20:03:36Z
334,9,11,46.6,standard,2026-07-05T20:03:36Z
334,9,12,46.6,standard,2026-07-05T20:03:36Z
334,9,2,46.6,standard,2026-07-05T20:03:36Z
334,13,15,46.6,standard,2026-07-05T20:03:36Z
334,20,4,46.6,standard,2026-07-05T20:03:36Z
334,20,5,46.6,standard,2026-07-05T20:03:36Z
334,3,2,46.6,standard,2026-07-05T20:03:36Z
334,4,13,46.6,standard,2026-07-05T20:03:36Z
334,9,1,46.6,standard,2026-07-05T20:03:36Z
335,1,15,46.6,standard,2026-07-05T20:03:36Z
335,4,14,46.6,standard,2026-07-05T20:03:36Z
335,4,15,46.6,standard,2026-07-05T20:03:36Z
335,12,1,46.6,standard,2026-07-05T20:03:36Z
335,12,14,46.6,standard,2026-07-05T20:03:36Z
335,12,15,46.6,standard,2026-07-05T20:03:36Z
335,12,16,46.6,standard,2026-07-05T20:03:36Z
335,9,15,46.6,standard,2026-07-05T20:03:36Z
335,4,16,46.6,standard,2026-07-05T20:03:36Z
335,6,5,46.6,standard,2026-07-05T20:03:36Z
335,6,6,46.6,standard,2026-07-05T20:03:36Z
335,7,5,46.6,standard,2026-07-05T20:03:36Z
335,7,6,46.6,standard,2026-07-05T20:03:36Z
335,8,7,46.6,standard,2026-07-05T20:03:36Z
335,9,16,46.6,standard,2026-07-05T20:03:36Z
337,10,22,46.6,standard,2026-07-05T20:03:36Z
337,10,23,46.6,standard,2026-07-05T20:03:36Z
337,11,23,46.6,standard,2026-07-05T20:03:36Z
337,11,24,46.6,standard,2026-07-05T20:03:36Z
337,12,1,46.6,standard,2026-07-05T20:03:36Z
337,12,23,46.6,standard,2026-07-05T20:03:36Z
337,12,24,46.6,standard,2026-07-05T20:03:36Z
337,13,1,46.6,standard,2026-07-05T20:03:36Z
337,13,23,46.6,standard,2026-07-05T20:03:36Z
337,13,24,46.6,standard,2026-07-05T20:03:36Z
337,14,1,46.6,standard,2026-07-05T20:03:36Z
337,14,2,46.6,standard,2026-07-05T20:03:36Z
337,14,3,46.6,standard,2026-07-05T20:03:36Z
337,15,1,46.6,standard,2026-07-05T20:03:36Z
337,15,2,46.6,standard,2026-07-05T20:03:36Z
337,16,2,46.6,standard,2026-07-05T20:03:36Z
337,16,3,46.6,standard,2026-07-05T20:03:36Z
337,9,2,46.6,standard,2026-07-05T20:03:36Z
337,9,21,46.6,standard,2026-07-05T20:03:36Z
337,9,22,46.6,standard,2026-07-05T20:03:36Z
337,19,18,46.6,standard,2026-07-05T20:03:36Z
337,19,19,46.6,standard,2026-07-05T20:03:36Z
337,19,20,46.6,standard,2026-07-05T20:03:36Z
337,3,1,46.6,standard,2026-07-05T20:03:36Z
337,4,1,46.6,standard,2026-07-05T20:03:36Z
337,9,1,46.6,standard,2026-07-05T20:03:36Z
339,1,1,46.6,standard,2026-07-05T20:03:36Z
339,2,1,46.6,standard,2026-07-05T20:03:36Z
339,5,4,46.6,standard,2026-07-05T20:03:36Z
339,5,3,46.6,standard,2026-07-05T20:03:36Z
339,10,1,46.6,standard,2026-07-05T20:03:36Z
339,10,2,46.6,standard,2026-07-05T20:03:36Z
339,13,4,46.6,standard,2026-07-05T20:03:36Z
339,13,5,46.6,standard,2026-07-05T20:03:36Z
339,14,2,46.6,standard,2026-07-05T20:03:36Z
339,14,3,46.6,standard,2026-07-05T20:03:36Z
339,14,4,46.6,standard,2026-07-05T20:03:36Z
339,14,5,46.6,standard,2026-07-05T20:03:36Z
339,15,4,46.6,standard,2026-07-05T20:03:36Z
339,15,5,46.6,standard,2026-07-05T20:03:36Z
339,15,6,46.6,standard,2026-07-05T20:03:36Z
339,16,4,46.6,standard,2026-07-05T20:03:36Z
339,16,5,46.6,standard,2026-07-05T20:03:36Z
339,16,6,46.6,standard,2026-07-05T20:03:36Z
339,9,23,46.6,standard,2026-07-05T20:03:36Z
339,20,19,46.6,standard,2026-07-05T20:03:36Z
339,20,20,46.6,standard,2026-07-05T20:03:36Z
339,20,21,46.6,standard,2026-07-05T20:03:36Z
339,23,15,46.6,standard,2026-07-05T20:03:36Z
339,23,16,46.6,standard,2026-07-05T20:03:36Z
339,23,17,46.6,standard,2026-07-05T20:03:36Z
339,23,18,46.6,standard,2026-07-05T20:03:36Z
339,24,10,46.6,standard,2026-07-05T20:03:36Z
339,24,11,46.6,standard,2026-07-05T20:03:36Z
339,24,12,46.6,standard,2026-07-05T20:03:36Z
339,24,13,46.6,standard,2026-07-05T20:03:36Z
339,24,14,46.6,standard,2026-07-05T20:03:36Z
339,24,15,46.6,standard,2026-07-05T20:03:36Z
339,24,16,46.6,standard,2026-07-05T20:03:36Z
339,24,6,46.6,standard,2026-07-05T20:03:36Z
339,24,7,46.6,standard,2026-07-05T20:03:36Z
339,24,8,46.6,standard,2026-07-05T20:03:36Z
339,24,9,46.6,standard,2026-07-05T20:03:36Z
339,9,14,46.6,standard,2026-07-05T20:03:36Z
339,3,5,46.6,standard,2026-07-05T20:03:36Z
339,3,6,46.6,standard,2026-07-05T20:03:36Z
340,1,1,46.6,standard,2026-07-05T20:03:36Z
340,3,4,46.6,standard,2026-07-05T20:03:36Z
340,3,1,46.6,standard,2026-07-05T20:03:36Z
340,3,2,46.6,standard,2026-07-05T20:03:36Z
340,3,3,46.6,standard,2026-07-05T20:03:36Z
340,4,4,46.6,standard,2026-07-05T20:03:36Z
340,4,5,46.6,standard,2026-07-05T20:03:36Z
340,4,6,46.6,standard,2026-07-05T20:03:36Z
340,4,3,46.6,standard,2026-07-05T20:03:36Z
340,11,4,46.6,standard,2026-07-05T20:03:36Z
340,11,5,46.6,standard,2026-07-05T20:03:36Z
340,11,6,46.6,standard,2026-07-05T20:03:36Z
340,12,5,46.6,standard,2026-07-05T20:03:36Z
340,12,6,46.6,standard,2026-07-05T20:03:36Z
340,12,7,46.6,standard,2026-07-05T20:03:36Z
340,12,8,46.6,standard,2026-07-05T20:03:36Z
340,13,8,46.6,standard,2026-07-05T20:03:36Z
340,13,9,46.6,standard,2026-07-05T20:03:36Z
340,14,10,46.6,standard,2026-07-05T20:03:36Z
340,14,2,46.6,standard,2026-07-05T20:03:36Z
340,14,3,46.6,standard,2026-07-05T20:03:36Z
340,14,9,46.6,standard,2026-07-05T20:03:36Z
340,24,10,46.6,standard,2026-07-05T20:03:36Z
340,24,11,46.6,standard,2026-07-05T20:03:36Z
340,24,12,46.6,standard,2026-07-05T20:03:36Z
340,24,13,46.6,standard,2026-07-05T20:03:36Z
340,24,14,46.6,standard,2026-07-05T20:03:36Z
340,24,15,46.6,standard,2026-07-05T20:03:36Z
340,24,16,46.6,standard,2026-07-05T20:03:36Z
340,24,17,46.6,standard,2026-07-05T20:03:36Z
340,24,18,46.6,standard,2026-07-05T20:03:36Z
340,24,19,46.6,standard,2026-07-05T20:03:36Z
340,24,20,46.6,standard,2026-07-05T20:03:36Z
340,24,4,46.6,standard,2026-07-05T20:03:36Z
340,24,5,46.6,standard,2026-07-05T20:03:36Z
340,24,6,46.6,standard,2026-07-05T20:03:36Z
340,24,8,46.6,standard,2026-07-05T20:03:36Z
340,24,9,46.6,standard,2026-07-05T20:03:36Z
341,23,12,41.49,standard,2026-07-05T20:03:36Z
341,23,13,41.49,standard,2026-07-05T20:03:36Z
341,25,4,41.49,standard,2026-07-05T20:03:36Z
341,25,5,41.49,standard,2026-07-05T20:03:36Z
341,25,6,41.49,standard,2026-07-05T20:03:36Z
341,5,1,41.49,standard,2026-07-05T20:03:36Z
341,5,2,41.49,standard,2026-07-05T20:03:36Z
342,2,1,41.49,standard,2026-07-05T20:03:36Z
342,2,2,41.49,standard,2026-07-05T20:03:36Z
342,3,1,41.49,standard,2026-07-05T20:03:36Z
342,3,2,41.49,standard,2026-07-05T20:03:36Z
342,3,3,41.49,standard,2026-07-05T20:03:36Z
342,22,10,41.49,standard,2026-07-05T20:03:36Z
342,22,11,41.49,standard,2026-07-05T20:03:36Z
342,22,12,41.49,standard,2026-07-05T20:03:36Z
342,22,13,41.49,standard,2026-07-05T20:03:36Z
342,22,14,41.49,standard,2026-07-05T20:03:36Z
342,22,15,41.49,standard,2026-07-05T20:03:36Z
342,22,16,41.49,standard,2026-07-05T20:03:36Z
342,22,9,41.49,standard,2026-07-05T20:03:36Z
342,23,12,41.49,standard,2026-07-05T20:03:36Z
342,23,13,41.49,standard,2026-07-05T20:03:36Z
342,23,14,41.49,standard,2026-07-05T20:03:36Z
342,23,15,41.49,standard,2026-07-05T20:03:36Z
342,23,16,41.49,standard,2026-07-05T20:03:36Z
342,23,17,41.49,standard,2026-07-05T20:03:36Z
342,23,18,41.49,standard,2026-07-05T20:03:36Z
342,23,19,41.49,standard,2026-07-05T20:03:36Z
342,23,20,41.49,standard,2026-07-05T20:03:36Z
342,4,4,41.49,standard,2026-07-05T20:03:36Z
344,1,1,41.49,standard,2026-07-05T20:03:36Z
344,3,4,41.49,standard,2026-07-05T20:03:36Z
344,3,3,41.49,standard,2026-07-05T20:03:36Z
344,19,18,41.49,standard,2026-07-05T20:03:36Z
344,19,19,41.49,standard,2026-07-05T20:03:36Z
344,19,20,41.49,standard,2026-07-05T20:03:36Z
344,21,10,41.49,standard,2026-07-05T20:03:36Z
344,21,11,41.49,standard,2026-07-05T20:03:36Z
344,21,12,41.49,standard,2026-07-05T20:03:36Z
344,21,13,41.49,standard,2026-07-05T20:03:36Z
344,21,14,41.49,standard,2026-07-05T20:03:36Z
344,21,15,41.49,standard,2026-07-05T20:03:36Z
344,21,16,41.49,standard,2026-07-05T20:03:36Z
344,21,17,41.49,standard,2026-07-05T20:03:36Z
344,21,18,41.49,standard,2026-07-05T20:03:36Z
344,21,19,41.49,standard,2026-07-05T20:03:36Z
344,21,20,41.49,standard,2026-07-05T20:03:36Z
344,21,21,41.49,standard,2026-07-05T20:03:36Z
344,21,22,41.49,standard,2026-07-05T20:03:36Z
344,21,23,41.49,standard,2026-07-05T20:03:36Z
344,21,9,41.49,standard,2026-07-05T20:03:36Z
344,22,10,41.49,standard,2026-07-05T20:03:36Z
344,22,11,41.49,standard,2026-07-05T20:03:36Z
344,22,12,41.49,standard,2026-07-05T20:03:36Z
344,22,13,41.49,standard,2026-07-05T20:03:36Z
344,22,14,41.49,standard,2026-07-05T20:03:36Z
344,22,15,41.49,standard,2026-07-05T20:03:36Z
344,22,16,41.49,standard,2026-07-05T20:03:36Z
344,22,17,41.49,standard,2026-07-05T20:03:36Z
344,22,18,41.49,standard,2026-07-05T20:03:36Z
344,22,19,41.49,standard,2026-07-05T20:03:36Z
344,22,20,41.49,standard,2026-07-05T20:03:36Z
344,22,21,41.49,standard,2026-07-05T20:03:36Z
344,22,22,41.49,standard,2026-07-05T20:03:36Z
344,22,6,41.49,standard,2026-07-05T20:03:36Z
344,22,7,41.49,standard,2026-07-05T20:03:36Z
344,22,8,41.49,standard,2026-07-05T20:03:36Z
344,22,9,41.49,standard,2026-07-05T20:03:36Z
344,5,1,41.49,standard,2026-07-05T20:03:36Z
345,21,10,41.49,standard,2026-07-05T20:03:36Z
345,21,11,41.49,standard,2026-07-05T20:03:36Z
345,21,12,41.49,standard,2026-07-05T20:03:36Z
345,21,13,41.49,standard,2026-07-05T20:03:36Z
345,21,14,41.49,standard,2026-07-05T20:03:36Z
345,21,15,41.49,standard,2026-07-05T20:03:36Z
345,21,16,41.49,standard,2026-07-05T20:03:36Z
345,21,17,41.49,standard,2026-07-05T20:03:36Z
345,21,18,41.49,standard,2026-07-05T20:03:36Z
345,21,19,41.49,standard,2026-07-05T20:03:36Z
345,21,20,41.49,standard,2026-07-05T20:03:36Z
345,21,21,41.49,standard,2026-07-05T20:03:36Z
345,21,7,41.49,standard,2026-07-05T20:03:36Z
345,21,8,41.49,standard,2026-07-05T20:03:36Z
345,21,9,41.49,standard,2026-07-05T20:03:36Z
345,22,10,41.49,standard,2026-07-05T20:03:36Z
345,22,11,41.49,standard,2026-07-05T20:03:36Z
345,22,12,41.49,standard,2026-07-05T20:03:36Z
345,22,13,41.49,standard,2026-07-05T20:03:36Z
345,22,14,41.49,standard,2026-07-05T20:03:36Z
345,22,15,41.49,standard,2026-07-05T20:03:36Z
345,22,16,41.49,standard,2026-07-05T20:03:36Z
345,22,17,41.49,standard,2026-07-05T20:03:36Z
345,22,18,41.49,standard,2026-07-05T20:03:36Z
345,22,19,41.49,standard,2026-07-05T20:03:36Z
345,22,20,41.49,standard,2026-07-05T20:03:36Z
345,22,21,41.49,standard,2026-07-05T20:03:36Z
345,22,22,41.49,standard,2026-07-05T20:03:36Z
345,22,7,41.49,standard,2026-07-05T20:03:36Z
345,22,8,41.49,standard,2026-07-05T20:03:36Z
345,22,9,41.49,standard,2026-07-05T20:03:36Z
345,23,10,41.49,standard,2026-07-05T20:03:36Z
345,23,11,41.49,standard,2026-07-05T20:03:36Z
345,23,12,41.49,standard,2026-07-05T20:03:36Z
345,23,13,41.49,standard,2026-07-05T20:03:36Z
345,23,14,41.49,standard,2026-07-05T20:03:36Z
345,23,15,41.49,standard,2026-07-05T20:03:36Z
345,23,16,41.49,standard,2026-07-05T20:03:36Z
345,23,17,41.49,standard,2026-07-05T20:03:36Z
345,23,18,41.49,standard,2026-07-05T20:03:36Z
345,23,19,41.49,standard,2026-07-05T20:03:36Z
345,23,20,41.49,standard,2026-07-05T20:03:36Z
345,23,21,41.49,standard,2026-07-05T20:03:36Z
345,23,22,41.49,standard,2026-07-05T20:03:36Z
346,1,1,41.49,standard,2026-07-05T20:03:36Z
346,1,2,41.49,standard,2026-07-05T20:03:36Z
346,2,1,41.49,standard,2026-07-05T20:03:36Z
346,2,2,41.49,standard,2026-07-05T20:03:36Z
346,2,3,41.49,standard,2026-07-05T20:03:36Z
346,3,1,41.49,standard,2026-07-05T20:03:36Z
346,5,2,41.49,standard,2026-07-05T20:03:36Z
346,18,10,41.49,standard,2026-07-05T20:03:36Z
346,18,11,41.49,standard,2026-07-05T20:03:36Z
346,18,12,41.49,standard,2026-07-05T20:03:36Z
346,18,13,41.49,standard,2026-07-05T20:03:36Z
346,18,14,41.49,standard,2026-07-05T20:03:36Z
346,18,4,41.49,standard,2026-07-05T20:03:36Z
346,18,5,41.49,standard,2026-07-05T20:03:36Z
346,18,6,41.49,standard,2026-07-05T20:03:36Z
346,18,7,41.49,standard,2026-07-05T20:03:36Z
346,18,8,41.49,standard,2026-07-05T20:03:36Z
346,18,9,41.49,standard,2026-07-05T20:03:36Z
346,19,10,41.49,standard,2026-07-05T20:03:36Z
346,19,11,41.49,standard,2026-07-05T20:03:36Z
346,19,12,41.49,standard,2026-07-05T20:03:36Z
346,19,13,41.49,standard,2026-07-05T20:03:36Z
346,19,14,41.49,standard,2026-07-05T20:03:36Z
346,19,15,41.49,standard,2026-07-05T20:03:36Z
346,19,16,41.49,standard,2026-07-05T20:03:36Z
346,19,17,41.49,standard,2026-07-05T20:03:36Z
346,19,18,41.49,standard,2026-07-05T20:03:36Z
346,19,20,41.49,standard,2026-07-05T20:03:36Z
346,19,4,41.49,standard,2026-07-05T20:03:36Z
346,19,5,41.49,standard,2026-07-05T20:03:36Z
346,19,6,41.49,standard,2026-07-05T20:03:36Z
346,19,7,41.49,standard,2026-07-05T20:03:36Z
346,19,8,41.49,standard,2026-07-05T20:03:36Z
346,19,9,41.49,standard,2026-07-05T20:03:36Z
346,21,10,41.49,standard,2026-07-05T20:03:36Z
346,21,11,41.49,standard,2026-07-05T20:03:36Z
346,21,12,41.49,standard,2026-07-05T20:03:36Z
346,21,13,41.49,standard,2026-07-05T20:03:36Z
346,21,14,41.49,standard,2026-07-05T20:03:36Z
346,21,15,41.49,standard,2026-07-05T20:03:36Z
346,21,16,41.49,standard,2026-07-05T20:03:36Z
346,21,17,41.49,standard,2026-07-05T20:03:36Z
346,21,18,41.49,standard,2026-07-05T20:03:36Z
346,21,19,41.49,standard,2026-07-05T20:03:36Z
346,21,20,41.49,standard,2026-07-05T20:03:36Z
346,21,21,41.49,standard,2026-07-05T20:03:36Z
346,21,22,41.49,standard,2026-07-05T20:03:36Z
346,21,3,41.49,standard,2026-07-05T20:03:36Z
346,21,4,41.49,standard,2026-07-05T20:03:36Z
346,21,5,41.49,standard,2026-07-05T20:03:36Z
346,21,6,41.49,standard,2026-07-05T20:03:36Z
346,21,7,41.49,standard,2026-07-05T20:03:36Z
346,21,8,41.49,standard,2026-07-05T20:03:36Z
346,21,9,41.49,standard,2026-07-05T20:03:36Z
346,22,10,41.49,standard,2026-07-05T20:03:36Z
346,22,11,41.49,standard,2026-07-05T20:03:36Z
346,22,12,41.49,standard,2026-07-05T20:03:36Z
346,22,13,41.49,standard,2026-07-05T20:03:36Z
346,22,14,41.49,standard,2026-07-05T20:03:36Z
346,22,15,41.49,standard,2026-07-05T20:03:36Z
346,22,16,41.49,standard,2026-07-05T20:03:36Z
346,22,17,41.49,standard,2026-07-05T20:03:36Z
346,22,18,41.49,standard,2026-07-05T20:03:36Z
346,22,19,41.49,standard,2026-07-05T20:03:36Z
346,22,20,41.49,standard,2026-07-05T20:03:36Z
346,22,21,41.49,standard,2026-07-05T20:03:36Z
346,22,22,41.49,standard,2026-07-05T20:03:36Z
346,22,3,41.49,standard,2026-07-05T20:03:36Z
346,22,4,41.49,standard,2026-07-05T20:03:36Z
346,22,5,41.49,standard,2026-07-05T20:03:36Z
346,22,6,41.49,standard,2026-07-05T20:03:36Z
346,22,7,41.49,standard,2026-07-05T20:03:36Z
346,22,8,41.49,standard,2026-07-05T20:03:36Z
346,22,9,41.49,standard,2026-07-05T20:03:36Z
346,23,10,41.49,standard,2026-07-05T20:03:36Z
346,23,11,41.49,standard,2026-07-05T20:03:36Z
346,23,12,41.49,standard,2026-07-05T20:03:36Z
346,23,13,41.49,standard,2026-07-05T20:03:36Z
346,23,14,41.49,standard,2026-07-05T20:03:36Z
346,23,15,41.49,standard,2026-07-05T20:03:36Z
346,23,16,41.49,standard,2026-07-05T20:03:36Z
346,23,17,41.49,standard,2026-07-05T20:03:36Z
346,23,18,41.49,standard,2026-07-05T20:03:36Z
346,23,19,41.49,standard,2026-07-05T20:03:36Z
346,23,20,41.49,standard,2026-07-05T20:03:36Z
346,23,21,41.49,standard,2026-07-05T20:03:36Z
346,23,22,41.49,standard,2026-07-05T20:03:36Z
346,23,23,41.49,standard,2026-07-05T20:03:36Z
346,23,24,41.49,standard,2026-07-05T20:03:36Z
346,23,3,41.49,standard,2026-07-05T20:03:36Z
346,23,4,41.49,standard,2026-07-05T20:03:36Z
346,23,5,41.49,standard,2026-07-05T20:03:36Z
346,23,6,41.49,standard,2026-07-05T20:03:36Z
346,23,7,41.49,standard,2026-07-05T20:03:36Z
346,23,8,41.49,standard,2026-07-05T20:03:36Z
346,23,9,41.49,standard,2026-07-05T20:03:36Z
346,4,1,41.49,standard,2026-07-05T20:03:36Z
346,5,1,41.49,standard,2026-07-05T20:03:36Z
347,17,6,41.49,standard,2026-07-05T20:03:36Z
347,17,7,41.49,standard,2026-07-05T20:03:36Z
347,17,8,41.49,standard,2026-07-05T20:03:36Z
347,18,4,41.49,standard,2026-07-05T20:03:36Z
347,18,5,41.49,standard,2026-07-05T20:03:36Z
347,18,6,41.49,standard,2026-07-05T20:03:36Z
347,18,7,41.49,standard,2026-07-05T20:03:36Z
347,18,8,41.49,standard,2026-07-05T20:03:36Z
347,19,7,41.49,standard,2026-07-05T20:03:36Z
347,19,8,41.49,standard,2026-07-05T20:03:36Z
347,20,3,41.49,standard,2026-07-05T20:03:36Z
347,20,4,41.49,standard,2026-07-05T20:03:36Z
347,20,5,41.49,standard,2026-07-05T20:03:36Z
347,20,6,41.49,standard,2026-07-05T20:03:36Z
347,20,7,41.49,standard,2026-07-05T20:03:36Z
347,20,8,41.49,standard,2026-07-05T20:03:36Z
347,21,5,41.49,standard,2026-07-05T20:03:36Z
347,21,6,41.49,standard,2026-07-05T20:03:36Z
347,21,7,41.49,standard,2026-07-05T20:03:36Z
347,21,8,41.49,standard,2026-07-05T20:03:36Z
347,22,6,41.49,standard,2026-07-05T20:03:36Z
347,22,7,41.49,standard,2026-07-05T20:03:36Z
347,22,8,41.49,standard,2026-07-05T20:03:36Z
347,23,7,41.49,standard,2026-07-05T20:03:36Z
347,23,8,41.49,standard,2026-07-05T20:03:36Z
PL6,3,4,660.46,standard,2026-07-05T20:03:36Z
PL6,3,3,660.46,standard,2026-07-05T20:03:36Z
