section,row,seat,price_usd,selection_type,scraped_at
134,12,4,,,2026-07-08T23:51:24Z
134,12,5,,,2026-07-08T23:51:24Z
134,12,6,,,2026-07-08T23:51:24Z
134,12,7,,,2026-07-08T23:51:24Z
134,12,8,,,2026-07-08T23:51:24Z
134,12,9,,,2026-07-08T23:51:24Z
134,12,10,,,2026-07-08T23:51:24Z
134,12,11,,,2026-07-08T23:51:24Z
134,12,12,,,2026-07-08T23:51:24Z
134,9,1,,,2026-07-08T23:51:24Z
134,9,2,,,2026-07-08T23:51:24Z
134,9,3,,,2026-07-08T23:51:24Z
134,9,4,,,2026-07-08T23:51:24Z
134,9,5,,,2026-07-08T23:51:24Z
134,9,6,,,2026-07-08T23:51:24Z
134,9,7,,,2026-07-08T23:51:24Z
134,9,8,,,2026-07-08T23:51:24Z
134,H,5,,,2026-07-08T23:51:24Z
134,H,6,,,2026-07-08T23:51:24Z
121,3,9,,,2026-07-08T23:51:24Z
121,3,10,,,2026-07-08T23:51:24Z
122,1,11,,,2026-07-08T23:51:24Z
122,1,12,,,2026-07-08T23:51:24Z
122,3,9,,,2026-07-08T23:51:24Z
122,3,10,,,2026-07-08T23:51:24Z
122,3,11,,,2026-07-08T23:51:24Z
122,3,12,,,2026-07-08T23:51:24Z
326,6,13,,,2026-07-08T23:51:24Z
326,6,14,,,2026-07-08T23:51:24Z
326,6,18,,,2026-07-08T23:51:24Z
326,6,19,,,2026-07-08T23:51:24Z
326,8,9,,,2026-07-08T23:51:24Z
326,8,10,,,2026-07-08T23:51:24Z
410,1,5,,,2026-07-08T23:51:24Z
410,1,6,,,2026-07-08T23:51:24Z
410,1,1,,,2026-07-08T23:51:24Z
410,1,2,,,2026-07-08T23:51:24Z
410,2,3,,,2026-07-08T23:51:24Z
410,2,4,,,2026-07-08T23:51:24Z
410,2,5,,,2026-07-08T23:51:24Z
410,2,6,,,2026-07-08T23:51:24Z
337,4,13,,,2026-07-08T23:51:24Z
337,4,14,,,2026-07-08T23:51:24Z
337,4,15,,,2026-07-08T23:51:24Z
337,4,16,,,2026-07-08T23:51:24Z
337,4,17,,,2026-07-08T23:51:24Z
337,4,18,,,2026-07-08T23:51:24Z
337,4,19,,,2026-07-08T23:51:24Z
337,4,20,,,2026-07-08T23:51:24Z
337,5,11,,,2026-07-08T23:51:24Z
337,5,12,,,2026-07-08T23:51:24Z
337,5,13,,,2026-07-08T23:51:24Z
337,5,14,,,2026-07-08T23:51:24Z
337,5,15,,,2026-07-08T23:51:24Z
337,5,16,,,2026-07-08T23:51:24Z
337,5,17,,,2026-07-08T23:51:24Z
337,3,13,,,2026-07-08T23:51:24Z
337,3,14,,,2026-07-08T23:51:24Z
337,3,15,,,2026-07-08T23:51:24Z
337,3,16,,,2026-07-08T23:51:24Z
337,3,17,,,2026-07-08T23:51:24Z
513,17,10,,,2026-07-08T23:51:24Z
513,17,11,,,2026-07-08T23:51:24Z
513,17,12,,,2026-07-08T23:51:24Z
513,17,2,,,2026-07-08T23:51:24Z
513,17,3,,,2026-07-08T23:51:24Z
513,17,4,,,2026-07-08T23:51:24Z
513,17,5,,,2026-07-08T23:51:24Z
513,17,6,,,2026-07-08T23:51:24Z
513,17,7,,,2026-07-08T23:51:24Z
513,17,8,,,2026-07-08T23:51:24Z
513,17,9,,,2026-07-08T23:51:24Z
513,15,10,,,2026-07-08T23:51:24Z
513,15,11,,,2026-07-08T23:51:24Z
513,15,12,,,2026-07-08T23:51:24Z
513,15,2,,,2026-07-08T23:51:24Z
513,15,3,,,2026-07-08T23:51:24Z
513,15,4,,,2026-07-08T23:51:24Z
513,15,5,,,2026-07-08T23:51:24Z
513,15,6,,,2026-07-08T23:51:24Z
513,15,7,,,2026-07-08T23:51:24Z
513,15,8,,,2026-07-08T23:51:24Z
513,15,9,,,2026-07-08T23:51:24Z
513,13,5,,,2026-07-08T23:51:24Z
513,13,6,,,2026-07-08T23:51:24Z
513,13,7,,,2026-07-08T23:51:24Z
513,13,8,,,2026-07-08T23:51:24Z
513,13,9,,,2026-07-08T23:51:24Z
513,13,10,,,2026-07-08T23:51:24Z
513,13,11,,,2026-07-08T23:51:24Z
513,13,12,,,2026-07-08T23:51:24Z
513,9,11,,,2026-07-08T23:51:24Z
513,9,12,,,2026-07-08T23:51:24Z
513,9,13,,,2026-07-08T23:51:24Z
513,9,14,,,2026-07-08T23:51:24Z
428,2,5,,,2026-07-08T23:51:24Z
428,2,4,,,2026-07-08T23:51:24Z
428,2,6,,,2026-07-08T23:51:24Z
428,2,7,,,2026-07-08T23:51:24Z
428,2,8,,,2026-07-08T23:51:24Z
428,2,15,,,2026-07-08T23:51:24Z
428,2,16,,,2026-07-08T23:51:24Z
428,2,19,,,2026-07-08T23:51:24Z
428,2,1,,,2026-07-08T23:51:24Z
428,2,2,,,2026-07-08T23:51:24Z
428,2,3,,,2026-07-08T23:51:24Z
428,2,20,,,2026-07-08T23:51:24Z
428,2,21,,,2026-07-08T23:51:24Z
428,2,22,,,2026-07-08T23:51:24Z
428,1,19,,,2026-07-08T23:51:24Z
428,1,20,,,2026-07-08T23:51:24Z
428,1,21,,,2026-07-08T23:51:24Z
428,1,22,,,2026-07-08T23:51:24Z
428,1,4,,,2026-07-08T23:51:24Z
428,1,5,,,2026-07-08T23:51:24Z
428,4,1,,,2026-07-08T23:51:24Z
428,4,10,,,2026-07-08T23:51:24Z
428,4,2,,,2026-07-08T23:51:24Z
428,4,3,,,2026-07-08T23:51:24Z
428,4,4,,,2026-07-08T23:51:24Z
428,4,5,,,2026-07-08T23:51:24Z
428,4,6,,,2026-07-08T23:51:24Z
428,4,7,,,2026-07-08T23:51:24Z
428,4,8,,,2026-07-08T23:51:24Z
428,4,9,,,2026-07-08T23:51:24Z
428,3,9,,,2026-07-08T23:51:24Z
428,3,10,,,2026-07-08T23:51:24Z
428,3,11,,,2026-07-08T23:51:24Z
428,3,12,,,2026-07-08T23:51:24Z
428,3,13,,,2026-07-08T23:51:24Z
428,3,14,,,2026-07-08T23:51:24Z
515,7,8,,,2026-07-08T23:51:24Z
515,7,9,,,2026-07-08T23:51:24Z
515,11,12,,,2026-07-08T23:51:24Z
515,11,13,,,2026-07-08T23:51:24Z
515,13,9,,,2026-07-08T23:51:24Z
515,13,10,,,2026-07-08T23:51:24Z
515,13,11,,,2026-07-08T23:51:24Z
515,13,12,,,2026-07-08T23:51:24Z
515,15,5,,,2026-07-08T23:51:24Z
515,15,6,,,2026-07-08T23:51:24Z
515,15,7,,,2026-07-08T23:51:24Z
515,15,8,,,2026-07-08T23:51:24Z
515,15,9,,,2026-07-08T23:51:24Z
515,15,10,,,2026-07-08T23:51:24Z
515,15,11,,,2026-07-08T23:51:24Z
515,1,7,,,2026-07-08T23:51:24Z
515,1,8,,,2026-07-08T23:51:24Z
420,2,3,,,2026-07-08T23:51:24Z
420,2,4,,,2026-07-08T23:51:24Z
420,2,5,,,2026-07-08T23:51:24Z
420,2,6,,,2026-07-08T23:51:24Z
420,4,5,,,2026-07-08T23:51:24Z
420,4,6,,,2026-07-08T23:51:24Z
420,4,7,,,2026-07-08T23:51:24Z
420,4,8,,,2026-07-08T23:51:24Z
420,4,9,,,2026-07-08T23:51:24Z
420,4,15,,,2026-07-08T23:51:24Z
420,4,16,,,2026-07-08T23:51:24Z
420,4,17,,,2026-07-08T23:51:24Z
420,4,18,,,2026-07-08T23:51:24Z
420,4,19,,,2026-07-08T23:51:24Z
420,4,10,,,2026-07-08T23:51:24Z
420,4,20,,,2026-07-08T23:51:24Z
528,1,6,,,2026-07-08T23:51:24Z
528,1,7,,,2026-07-08T23:51:24Z
528,1,18,,,2026-07-08T23:51:24Z
528,1,19,,,2026-07-08T23:51:24Z
528,1,10,,,2026-07-08T23:51:24Z
528,1,11,,,2026-07-08T23:51:24Z
528,1,12,,,2026-07-08T23:51:24Z
528,1,13,,,2026-07-08T23:51:24Z
528,1,14,,,2026-07-08T23:51:24Z
528,1,15,,,2026-07-08T23:51:24Z
528,1,16,,,2026-07-08T23:51:24Z
528,1,17,,,2026-07-08T23:51:24Z
528,1,20,,,2026-07-08T23:51:24Z
528,1,21,,,2026-07-08T23:51:24Z
528,1,22,,,2026-07-08T23:51:24Z
528,1,23,,,2026-07-08T23:51:24Z
528,1,24,,,2026-07-08T23:51:24Z
528,1,8,,,2026-07-08T23:51:24Z
528,1,9,,,2026-07-08T23:51:24Z
528,14,15,,,2026-07-08T23:51:24Z
528,14,16,,,2026-07-08T23:51:24Z
528,14,17,,,2026-07-08T23:51:24Z
528,14,18,,,2026-07-08T23:51:24Z
528,14,19,,,2026-07-08T23:51:24Z
528,14,20,,,2026-07-08T23:51:24Z
528,14,21,,,2026-07-08T23:51:24Z
528,14,22,,,2026-07-08T23:51:24Z
528,14,23,,,2026-07-08T23:51:24Z
528,14,24,,,2026-07-08T23:51:24Z
528,10,15,,,2026-07-08T23:51:24Z
528,10,16,,,2026-07-08T23:51:24Z
528,10,17,,,2026-07-08T23:51:24Z
528,10,18,,,2026-07-08T23:51:24Z
528,10,19,,,2026-07-08T23:51:24Z
528,10,10,,,2026-07-08T23:51:24Z
528,10,20,,,2026-07-08T23:51:24Z
528,10,21,,,2026-07-08T23:51:24Z
528,10,22,,,2026-07-08T23:51:24Z
528,10,23,,,2026-07-08T23:51:24Z
528,10,24,,,2026-07-08T23:51:24Z
528,10,3,,,2026-07-08T23:51:24Z
528,10,4,,,2026-07-08T23:51:24Z
528,10,5,,,2026-07-08T23:51:24Z
528,10,6,,,2026-07-08T23:51:24Z
528,10,7,,,2026-07-08T23:51:24Z
528,10,8,,,2026-07-08T23:51:24Z
528,10,9,,,2026-07-08T23:51:24Z
528,12,15,,,2026-07-08T23:51:24Z
528,12,16,,,2026-07-08T23:51:24Z
528,12,17,,,2026-07-08T23:51:24Z
528,12,18,,,2026-07-08T23:51:24Z
528,12,19,,,2026-07-08T23:51:24Z
528,12,20,,,2026-07-08T23:51:24Z
528,12,21,,,2026-07-08T23:51:24Z
528,12,22,,,2026-07-08T23:51:24Z
528,12,23,,,2026-07-08T23:51:24Z
528,12,24,,,2026-07-08T23:51:24Z
528,13,15,,,2026-07-08T23:51:24Z
528,13,16,,,2026-07-08T23:51:24Z
528,13,17,,,2026-07-08T23:51:24Z
528,13,18,,,2026-07-08T23:51:24Z
528,13,19,,,2026-07-08T23:51:24Z
528,13,20,,,2026-07-08T23:51:24Z
528,13,21,,,2026-07-08T23:51:24Z
528,13,22,,,2026-07-08T23:51:24Z
528,13,23,,,2026-07-08T23:51:24Z
528,13,24,,,2026-07-08T23:51:24Z
528,4,15,,,2026-07-08T23:51:24Z
528,4,16,,,2026-07-08T23:51:24Z
528,4,17,,,2026-07-08T23:51:24Z
528,4,18,,,2026-07-08T23:51:24Z
528,4,19,,,2026-07-08T23:51:24Z
528,4,20,,,2026-07-08T23:51:24Z
528,4,21,,,2026-07-08T23:51:24Z
528,4,22,,,2026-07-08T23:51:24Z
528,4,23,,,2026-07-08T23:51:24Z
528,4,24,,,2026-07-08T23:51:24Z
528,6,1,,,2026-07-08T23:51:24Z
528,6,10,,,2026-07-08T23:51:24Z
528,6,2,,,2026-07-08T23:51:24Z
528,6,3,,,2026-07-08T23:51:24Z
528,6,4,,,2026-07-08T23:51:24Z
528,6,5,,,2026-07-08T23:51:24Z
528,6,6,,,2026-07-08T23:51:24Z
528,6,7,,,2026-07-08T23:51:24Z
528,6,8,,,2026-07-08T23:51:24Z
528,6,9,,,2026-07-08T23:51:24Z
528,8,1,,,2026-07-08T23:51:24Z
528,8,10,,,2026-07-08T23:51:24Z
528,8,2,,,2026-07-08T23:51:24Z
528,8,3,,,2026-07-08T23:51:24Z
528,8,4,,,2026-07-08T23:51:24Z
528,8,5,,,2026-07-08T23:51:24Z
528,8,6,,,2026-07-08T23:51:24Z
528,8,7,,,2026-07-08T23:51:24Z
528,8,8,,,2026-07-08T23:51:24Z
528,8,9,,,2026-07-08T23:51:24Z
103,9,9,,,2026-07-08T23:51:24Z
103,9,10,,,2026-07-08T23:51:24Z
103,9,11,,,2026-07-08T23:51:24Z
103,9,12,,,2026-07-08T23:51:24Z
103,6,4,,,2026-07-08T23:51:24Z
103,6,5,,,2026-07-08T23:51:24Z
103,6,6,,,2026-07-08T23:51:24Z
103,6,7,,,2026-07-08T23:51:24Z
103,6,8,,,2026-07-08T23:51:24Z
103,6,9,,,2026-07-08T23:51:24Z
103,4,8,,,2026-07-08T23:51:24Z
103,4,9,,,2026-07-08T23:51:24Z
525,1,11,,,2026-07-08T23:51:24Z
525,1,12,,,2026-07-08T23:51:24Z
525,1,10,,,2026-07-08T23:51:24Z
525,1,7,,,2026-07-08T23:51:24Z
525,1,8,,,2026-07-08T23:51:24Z
525,1,9,,,2026-07-08T23:51:24Z
525,15,15,,,2026-07-08T23:51:24Z
525,15,16,,,2026-07-08T23:51:24Z
525,15,17,,,2026-07-08T23:51:24Z
525,15,18,,,2026-07-08T23:51:24Z
525,15,19,,,2026-07-08T23:51:24Z
525,15,20,,,2026-07-08T23:51:24Z
525,15,21,,,2026-07-08T23:51:24Z
525,15,22,,,2026-07-08T23:51:24Z
525,15,23,,,2026-07-08T23:51:24Z
525,15,24,,,2026-07-08T23:51:24Z
525,11,10,,,2026-07-08T23:51:24Z
525,11,2,,,2026-07-08T23:51:24Z
525,11,3,,,2026-07-08T23:51:24Z
525,11,4,,,2026-07-08T23:51:24Z
525,11,5,,,2026-07-08T23:51:24Z
525,11,6,,,2026-07-08T23:51:24Z
525,11,7,,,2026-07-08T23:51:24Z
525,11,8,,,2026-07-08T23:51:24Z
525,11,9,,,2026-07-08T23:51:24Z
525,17,10,,,2026-07-08T23:51:24Z
525,17,2,,,2026-07-08T23:51:24Z
525,17,3,,,2026-07-08T23:51:24Z
525,17,4,,,2026-07-08T23:51:24Z
525,17,5,,,2026-07-08T23:51:24Z
525,17,6,,,2026-07-08T23:51:24Z
525,17,7,,,2026-07-08T23:51:24Z
525,17,8,,,2026-07-08T23:51:24Z
525,17,9,,,2026-07-08T23:51:24Z
525,13,10,,,2026-07-08T23:51:24Z
525,13,2,,,2026-07-08T23:51:24Z
525,13,3,,,2026-07-08T23:51:24Z
525,13,4,,,2026-07-08T23:51:24Z
525,13,5,,,2026-07-08T23:51:24Z
525,13,6,,,2026-07-08T23:51:24Z
525,13,7,,,2026-07-08T23:51:24Z
525,13,8,,,2026-07-08T23:51:24Z
525,13,9,,,2026-07-08T23:51:24Z
525,3,5,,,2026-07-08T23:51:24Z
525,3,6,,,2026-07-08T23:51:24Z
525,3,7,,,2026-07-08T23:51:24Z
525,3,8,,,2026-07-08T23:51:24Z
525,7,11,,,2026-07-08T23:51:24Z
525,7,12,,,2026-07-08T23:51:24Z
525,7,13,,,2026-07-08T23:51:24Z
525,7,14,,,2026-07-08T23:51:24Z
525,7,15,,,2026-07-08T23:51:24Z
525,7,16,,,2026-07-08T23:51:24Z
525,7,17,,,2026-07-08T23:51:24Z
525,7,18,,,2026-07-08T23:51:24Z
525,7,19,,,2026-07-08T23:51:24Z
525,7,20,,,2026-07-08T23:51:24Z
525,5,11,,,2026-07-08T23:51:24Z
525,5,12,,,2026-07-08T23:51:24Z
525,5,13,,,2026-07-08T23:51:24Z
525,5,14,,,2026-07-08T23:51:24Z
525,5,19,,,2026-07-08T23:51:24Z
525,5,20,,,2026-07-08T23:51:24Z
525,5,21,,,2026-07-08T23:51:24Z
525,5,22,,,2026-07-08T23:51:24Z
525,5,23,,,2026-07-08T23:51:24Z
525,5,24,,,2026-07-08T23:51:24Z
525,9,15,,,2026-07-08T23:51:24Z
525,9,16,,,2026-07-08T23:51:24Z
525,9,17,,,2026-07-08T23:51:24Z
525,9,18,,,2026-07-08T23:51:24Z
525,9,19,,,2026-07-08T23:51:24Z
525,9,20,,,2026-07-08T23:51:24Z
525,9,21,,,2026-07-08T23:51:24Z
525,9,22,,,2026-07-08T23:51:24Z
525,9,23,,,2026-07-08T23:51:24Z
525,9,24,,,2026-07-08T23:51:24Z
510,15,12,,,2026-07-08T23:51:24Z
510,15,13,,,2026-07-08T23:51:24Z
510,15,14,,,2026-07-08T23:51:24Z
510,15,15,,,2026-07-08T23:51:24Z
510,15,16,,,2026-07-08T23:51:24Z
510,15,17,,,2026-07-08T23:51:24Z
510,15,18,,,2026-07-08T23:51:24Z
510,15,19,,,2026-07-08T23:51:24Z
510,15,20,,,2026-07-08T23:51:24Z
510,15,21,,,2026-07-08T23:51:24Z
510,15,22,,,2026-07-08T23:51:24Z
510,15,23,,,2026-07-08T23:51:24Z
510,11,5,,,2026-07-08T23:51:24Z
510,11,6,,,2026-07-08T23:51:24Z
510,11,7,,,2026-07-08T23:51:24Z
510,11,8,,,2026-07-08T23:51:24Z
510,11,9,,,2026-07-08T23:51:24Z
510,11,10,,,2026-07-08T23:51:24Z
510,11,11,,,2026-07-08T23:51:24Z
510,11,12,,,2026-07-08T23:51:24Z
510,11,13,,,2026-07-08T23:51:24Z
510,11,14,,,2026-07-08T23:51:24Z
510,11,15,,,2026-07-08T23:51:24Z
510,1,5,,,2026-07-08T23:51:24Z
510,1,6,,,2026-07-08T23:51:24Z
510,9,9,,,2026-07-08T23:51:24Z
510,9,10,,,2026-07-08T23:51:24Z
510,9,11,,,2026-07-08T23:51:24Z
510,9,12,,,2026-07-08T23:51:24Z
510,9,13,,,2026-07-08T23:51:24Z
510,9,14,,,2026-07-08T23:51:24Z
510,9,15,,,2026-07-08T23:51:24Z
510,9,16,,,2026-07-08T23:51:24Z
510,9,17,,,2026-07-08T23:51:24Z
510,9,18,,,2026-07-08T23:51:24Z
510,9,19,,,2026-07-08T23:51:24Z
510,9,20,,,2026-07-08T23:51:24Z
510,5,7,,,2026-07-08T23:51:24Z
510,5,8,,,2026-07-08T23:51:24Z
510,5,9,,,2026-07-08T23:51:24Z
510,5,10,,,2026-07-08T23:51:24Z
510,5,11,,,2026-07-08T23:51:24Z
510,5,12,,,2026-07-08T23:51:24Z
510,5,13,,,2026-07-08T23:51:24Z
510,5,14,,,2026-07-08T23:51:24Z
510,5,15,,,2026-07-08T23:51:24Z
510,5,16,,,2026-07-08T23:51:24Z
510,5,17,,,2026-07-08T23:51:24Z
510,5,18,,,2026-07-08T23:51:24Z
510,3,5,,,2026-07-08T23:51:24Z
510,3,6,,,2026-07-08T23:51:24Z
510,3,7,,,2026-07-08T23:51:24Z
510,3,8,,,2026-07-08T23:51:24Z
510,3,9,,,2026-07-08T23:51:24Z
510,3,10,,,2026-07-08T23:51:24Z
510,3,11,,,2026-07-08T23:51:24Z
510,3,12,,,2026-07-08T23:51:24Z
510,3,13,,,2026-07-08T23:51:24Z
524,1,16,,,2026-07-08T23:51:24Z
524,1,17,,,2026-07-08T23:51:24Z
524,1,19,,,2026-07-08T23:51:24Z
524,1,10,,,2026-07-08T23:51:24Z
524,1,11,,,2026-07-08T23:51:24Z
524,1,12,,,2026-07-08T23:51:24Z
524,1,20,,,2026-07-08T23:51:24Z
524,1,6,,,2026-07-08T23:51:24Z
524,1,7,,,2026-07-08T23:51:24Z
524,1,8,,,2026-07-08T23:51:24Z
524,1,9,,,2026-07-08T23:51:24Z
524,12,14,,,2026-07-08T23:51:24Z
524,12,15,,,2026-07-08T23:51:24Z
524,12,16,,,2026-07-08T23:51:24Z
524,12,17,,,2026-07-08T23:51:24Z
524,12,18,,,2026-07-08T23:51:24Z
524,12,19,,,2026-07-08T23:51:24Z
524,12,20,,,2026-07-08T23:51:24Z
524,12,21,,,2026-07-08T23:51:24Z
524,12,22,,,2026-07-08T23:51:24Z
524,12,23,,,2026-07-08T23:51:24Z
524,10,10,,,2026-07-08T23:51:24Z
524,10,2,,,2026-07-08T23:51:24Z
524,10,3,,,2026-07-08T23:51:24Z
524,10,4,,,2026-07-08T23:51:24Z
524,10,5,,,2026-07-08T23:51:24Z
524,10,6,,,2026-07-08T23:51:24Z
524,10,7,,,2026-07-08T23:51:24Z
524,10,8,,,2026-07-08T23:51:24Z
524,10,9,,,2026-07-08T23:51:24Z
524,16,10,,,2026-07-08T23:51:24Z
524,16,2,,,2026-07-08T23:51:24Z
524,16,3,,,2026-07-08T23:51:24Z
524,16,4,,,2026-07-08T23:51:24Z
524,16,5,,,2026-07-08T23:51:24Z
524,16,6,,,2026-07-08T23:51:24Z
524,16,7,,,2026-07-08T23:51:24Z
524,16,8,,,2026-07-08T23:51:24Z
524,16,9,,,2026-07-08T23:51:24Z
524,14,15,,,2026-07-08T23:51:24Z
524,14,16,,,2026-07-08T23:51:24Z
524,14,17,,,2026-07-08T23:51:24Z
524,14,18,,,2026-07-08T23:51:24Z
524,14,19,,,2026-07-08T23:51:24Z
524,14,20,,,2026-07-08T23:51:24Z
524,14,21,,,2026-07-08T23:51:24Z
524,14,22,,,2026-07-08T23:51:24Z
524,14,23,,,2026-07-08T23:51:24Z
524,14,24,,,2026-07-08T23:51:24Z
524,6,10,,,2026-07-08T23:51:24Z
524,6,11,,,2026-07-08T23:51:24Z
524,6,12,,,2026-07-08T23:51:24Z
524,6,13,,,2026-07-08T23:51:24Z
524,6,14,,,2026-07-08T23:51:24Z
524,6,15,,,2026-07-08T23:51:24Z
524,6,16,,,2026-07-08T23:51:24Z
524,6,17,,,2026-07-08T23:51:24Z
524,6,18,,,2026-07-08T23:51:24Z
524,6,19,,,2026-07-08T23:51:24Z
524,8,13,,,2026-07-08T23:51:24Z
524,8,14,,,2026-07-08T23:51:24Z
524,8,15,,,2026-07-08T23:51:24Z
524,8,16,,,2026-07-08T23:51:24Z
524,8,17,,,2026-07-08T23:51:24Z
524,8,18,,,2026-07-08T23:51:24Z
524,8,19,,,2026-07-08T23:51:24Z
524,8,20,,,2026-07-08T23:51:24Z
524,8,21,,,2026-07-08T23:51:24Z
524,8,22,,,2026-07-08T23:51:24Z
524,4,7,,,2026-07-08T23:51:24Z
524,4,8,,,2026-07-08T23:51:24Z
524,4,9,,,2026-07-08T23:51:24Z
524,4,10,,,2026-07-08T23:51:24Z
524,2,13,,,2026-07-08T23:51:24Z
524,2,14,,,2026-07-08T23:51:24Z
524,2,15,,,2026-07-08T23:51:24Z
524,2,16,,,2026-07-08T23:51:24Z
524,2,17,,,2026-07-08T23:51:24Z
524,2,18,,,2026-07-08T23:51:24Z
524,2,19,,,2026-07-08T23:51:24Z
518,11,10,,,2026-07-08T23:51:24Z
518,11,11,,,2026-07-08T23:51:24Z
518,11,12,,,2026-07-08T23:51:24Z
518,11,13,,,2026-07-08T23:51:24Z
518,11,14,,,2026-07-08T23:51:24Z
518,11,15,,,2026-07-08T23:51:24Z
518,11,16,,,2026-07-08T23:51:24Z
518,11,17,,,2026-07-08T23:51:24Z
518,15,12,,,2026-07-08T23:51:24Z
518,15,13,,,2026-07-08T23:51:24Z
518,15,14,,,2026-07-08T23:51:24Z
518,15,15,,,2026-07-08T23:51:24Z
518,15,16,,,2026-07-08T23:51:24Z
518,15,17,,,2026-07-08T23:51:24Z
518,15,18,,,2026-07-08T23:51:24Z
518,15,19,,,2026-07-08T23:51:24Z
518,15,20,,,2026-07-08T23:51:24Z
518,15,21,,,2026-07-08T23:51:24Z
518,15,22,,,2026-07-08T23:51:24Z
518,15,23,,,2026-07-08T23:51:24Z
518,13,10,,,2026-07-08T23:51:24Z
518,13,11,,,2026-07-08T23:51:24Z
518,13,12,,,2026-07-08T23:51:24Z
518,13,2,,,2026-07-08T23:51:24Z
518,13,3,,,2026-07-08T23:51:24Z
518,13,4,,,2026-07-08T23:51:24Z
518,13,5,,,2026-07-08T23:51:24Z
518,13,6,,,2026-07-08T23:51:24Z
518,13,7,,,2026-07-08T23:51:24Z
518,13,8,,,2026-07-08T23:51:24Z
518,13,9,,,2026-07-08T23:51:24Z
518,4,5,,,2026-07-08T23:51:24Z
518,4,6,,,2026-07-08T23:51:24Z
518,4,7,,,2026-07-08T23:51:24Z
518,4,8,,,2026-07-08T23:51:24Z
518,4,9,,,2026-07-08T23:51:24Z
518,6,11,,,2026-07-08T23:51:24Z
518,6,12,,,2026-07-08T23:51:24Z
518,9,15,,,2026-07-08T23:51:24Z
518,9,16,,,2026-07-08T23:51:24Z
518,9,17,,,2026-07-08T23:51:24Z
518,9,18,,,2026-07-08T23:51:24Z
518,9,19,,,2026-07-08T23:51:24Z
334,4,7,,,2026-07-08T23:51:24Z
334,4,8,,,2026-07-08T23:51:24Z
334,4,9,,,2026-07-08T23:51:24Z
334,4,10,,,2026-07-08T23:51:24Z
334,4,11,,,2026-07-08T23:51:24Z
334,4,12,,,2026-07-08T23:51:24Z
334,4,13,,,2026-07-08T23:51:24Z
334,4,14,,,2026-07-08T23:51:24Z
334,4,15,,,2026-07-08T23:51:24Z
334,2,13,,,2026-07-08T23:51:24Z
334,2,14,,,2026-07-08T23:51:24Z
334,2,15,,,2026-07-08T23:51:24Z
334,2,16,,,2026-07-08T23:51:24Z
334,2,17,,,2026-07-08T23:51:24Z
334,2,18,,,2026-07-08T23:51:24Z
334,2,19,,,2026-07-08T23:51:24Z
336,2,9,,,2026-07-08T23:51:24Z
336,2,8,,,2026-07-08T23:51:24Z
336,2,10,,,2026-07-08T23:51:24Z
336,2,11,,,2026-07-08T23:51:24Z
336,2,12,,,2026-07-08T23:51:24Z
336,2,13,,,2026-07-08T23:51:24Z
336,2,14,,,2026-07-08T23:51:24Z
336,2,15,,,2026-07-08T23:51:24Z
336,2,16,,,2026-07-08T23:51:24Z
336,2,17,,,2026-07-08T23:51:24Z
336,2,18,,,2026-07-08T23:51:24Z
336,2,19,,,2026-07-08T23:51:24Z
336,2,1,,,2026-07-08T23:51:24Z
336,2,20,,,2026-07-08T23:51:24Z
336,2,2,,,2026-07-08T23:51:24Z
336,2,3,,,2026-07-08T23:51:24Z
336,2,4,,,2026-07-08T23:51:24Z
336,2,5,,,2026-07-08T23:51:24Z
336,2,6,,,2026-07-08T23:51:24Z
336,2,7,,,2026-07-08T23:51:24Z
336,3,13,,,2026-07-08T23:51:24Z
336,3,14,,,2026-07-08T23:51:24Z
336,3,15,,,2026-07-08T23:51:24Z
336,3,16,,,2026-07-08T23:51:24Z
336,3,17,,,2026-07-08T23:51:24Z
336,3,18,,,2026-07-08T23:51:24Z
336,3,19,,,2026-07-08T23:51:24Z
336,3,20,,,2026-07-08T23:51:24Z
336,5,5,,,2026-07-08T23:51:24Z
336,5,6,,,2026-07-08T23:51:24Z
336,5,7,,,2026-07-08T23:51:24Z
336,5,8,,,2026-07-08T23:51:24Z
336,5,9,,,2026-07-08T23:51:24Z
336,5,10,,,2026-07-08T23:51:24Z
336,5,11,,,2026-07-08T23:51:24Z
336,5,12,,,2026-07-08T23:51:24Z
336,5,13,,,2026-07-08T23:51:24Z
336,5,14,,,2026-07-08T23:51:24Z
336,5,15,,,2026-07-08T23:51:24Z
336,5,16,,,2026-07-08T23:51:24Z
336,11,10,,,2026-07-08T23:51:24Z
336,11,2,,,2026-07-08T23:51:24Z
336,11,3,,,2026-07-08T23:51:24Z
336,11,4,,,2026-07-08T23:51:24Z
336,11,5,,,2026-07-08T23:51:24Z
336,11,6,,,2026-07-08T23:51:24Z
336,11,7,,,2026-07-08T23:51:24Z
336,11,8,,,2026-07-08T23:51:24Z
336,11,9,,,2026-07-08T23:51:24Z
336,10,13,,,2026-07-08T23:51:24Z
336,10,14,,,2026-07-08T23:51:24Z
336,10,15,,,2026-07-08T23:51:24Z
336,10,16,,,2026-07-08T23:51:24Z
336,10,17,,,2026-07-08T23:51:24Z
336,10,18,,,2026-07-08T23:51:24Z
336,10,19,,,2026-07-08T23:51:24Z
336,10,20,,,2026-07-08T23:51:24Z
336,10,21,,,2026-07-08T23:51:24Z
303,6,10,,,2026-07-08T23:51:24Z
303,6,11,,,2026-07-08T23:51:24Z
303,6,12,,,2026-07-08T23:51:24Z
303,6,13,,,2026-07-08T23:51:24Z
303,6,14,,,2026-07-08T23:51:24Z
303,6,15,,,2026-07-08T23:51:24Z
303,2,3,,,2026-07-08T23:51:24Z
303,2,4,,,2026-07-08T23:51:24Z
303,2,5,,,2026-07-08T23:51:24Z
303,2,6,,,2026-07-08T23:51:24Z
303,2,7,,,2026-07-08T23:51:24Z
303,2,8,,,2026-07-08T23:51:24Z
303,5,3,,,2026-07-08T23:51:24Z
303,5,4,,,2026-07-08T23:51:24Z
303,8,4,,,2026-07-08T23:51:24Z
303,8,5,,,2026-07-08T23:51:24Z
135,13,17,,,2026-07-08T23:51:24Z
135,13,18,,,2026-07-08T23:51:24Z
135,13,19,,,2026-07-08T23:51:24Z
135,13,20,,,2026-07-08T23:51:24Z
135,13,21,,,2026-07-08T23:51:24Z
135,13,22,,,2026-07-08T23:51:24Z
135,15,15,,,2026-07-08T23:51:24Z
135,15,16,,,2026-07-08T23:51:24Z
135,15,17,,,2026-07-08T23:51:24Z
135,15,18,,,2026-07-08T23:51:24Z
135,15,19,,,2026-07-08T23:51:24Z
135,15,20,,,2026-07-08T23:51:24Z
135,11,13,,,2026-07-08T23:51:24Z
135,11,14,,,2026-07-08T23:51:24Z
135,11,15,,,2026-07-08T23:51:24Z
135,11,16,,,2026-07-08T23:51:24Z
135,11,17,,,2026-07-08T23:51:24Z
135,11,18,,,2026-07-08T23:51:24Z
135,11,19,,,2026-07-08T23:51:24Z
135,11,20,,,2026-07-08T23:51:24Z
135,11,21,,,2026-07-08T23:51:24Z
135,11,22,,,2026-07-08T23:51:24Z
135,8,1,,,2026-07-08T23:51:24Z
135,8,10,,,2026-07-08T23:51:24Z
135,8,2,,,2026-07-08T23:51:24Z
135,8,3,,,2026-07-08T23:51:24Z
135,8,4,,,2026-07-08T23:51:24Z
135,8,5,,,2026-07-08T23:51:24Z
135,8,6,,,2026-07-08T23:51:24Z
135,8,7,,,2026-07-08T23:51:24Z
135,8,8,,,2026-07-08T23:51:24Z
135,8,9,,,2026-07-08T23:51:24Z
505,1,11,,,2026-07-08T23:51:24Z
505,1,12,,,2026-07-08T23:51:24Z
505,1,13,,,2026-07-08T23:51:24Z
505,1,14,,,2026-07-08T23:51:24Z
505,1,10,,,2026-07-08T23:51:24Z
505,1,5,,,2026-07-08T23:51:24Z
505,1,6,,,2026-07-08T23:51:24Z
505,1,7,,,2026-07-08T23:51:24Z
505,1,8,,,2026-07-08T23:51:24Z
505,1,9,,,2026-07-08T23:51:24Z
505,17,16,,,2026-07-08T23:51:24Z
505,17,17,,,2026-07-08T23:51:24Z
505,17,18,,,2026-07-08T23:51:24Z
505,17,19,,,2026-07-08T23:51:24Z
505,17,20,,,2026-07-08T23:51:24Z
505,17,21,,,2026-07-08T23:51:24Z
505,17,22,,,2026-07-08T23:51:24Z
505,17,23,,,2026-07-08T23:51:24Z
505,17,24,,,2026-07-08T23:51:24Z
505,17,25,,,2026-07-08T23:51:24Z
505,11,11,,,2026-07-08T23:51:24Z
505,11,12,,,2026-07-08T23:51:24Z
505,11,13,,,2026-07-08T23:51:24Z
505,11,14,,,2026-07-08T23:51:24Z
505,11,15,,,2026-07-08T23:51:24Z
505,11,16,,,2026-07-08T23:51:24Z
505,11,17,,,2026-07-08T23:51:24Z
505,11,18,,,2026-07-08T23:51:24Z
505,11,19,,,2026-07-08T23:51:24Z
505,11,20,,,2026-07-08T23:51:24Z
505,13,10,,,2026-07-08T23:51:24Z
505,13,2,,,2026-07-08T23:51:24Z
505,13,3,,,2026-07-08T23:51:24Z
505,13,4,,,2026-07-08T23:51:24Z
505,13,5,,,2026-07-08T23:51:24Z
505,13,6,,,2026-07-08T23:51:24Z
505,13,7,,,2026-07-08T23:51:24Z
505,13,8,,,2026-07-08T23:51:24Z
505,13,9,,,2026-07-08T23:51:24Z
505,15,12,,,2026-07-08T23:51:24Z
505,15,13,,,2026-07-08T23:51:24Z
505,15,14,,,2026-07-08T23:51:24Z
505,15,15,,,2026-07-08T23:51:24Z
505,15,16,,,2026-07-08T23:51:24Z
505,15,17,,,2026-07-08T23:51:24Z
505,15,18,,,2026-07-08T23:51:24Z
505,15,19,,,2026-07-08T23:51:24Z
505,15,20,,,2026-07-08T23:51:24Z
505,15,21,,,2026-07-08T23:51:24Z
505,2,13,,,2026-07-08T23:51:24Z
505,2,14,,,2026-07-08T23:51:24Z
505,2,15,,,2026-07-08T23:51:24Z
505,2,16,,,2026-07-08T23:51:24Z
505,2,17,,,2026-07-08T23:51:24Z
505,5,12,,,2026-07-08T23:51:24Z
505,5,13,,,2026-07-08T23:51:24Z
505,5,14,,,2026-07-08T23:51:24Z
505,5,15,,,2026-07-08T23:51:24Z
505,9,13,,,2026-07-08T23:51:24Z
505,9,14,,,2026-07-08T23:51:24Z
505,9,15,,,2026-07-08T23:51:24Z
505,9,16,,,2026-07-08T23:51:24Z
505,9,17,,,2026-07-08T23:51:24Z
505,9,18,,,2026-07-08T23:51:24Z
505,9,19,,,2026-07-08T23:51:24Z
505,9,20,,,2026-07-08T23:51:24Z
507,1,7,,,2026-07-08T23:51:24Z
507,1,6,,,2026-07-08T23:51:24Z
507,1,8,,,2026-07-08T23:51:24Z
507,1,5,,,2026-07-08T23:51:24Z
507,12,15,,,2026-07-08T23:51:24Z
507,12,16,,,2026-07-08T23:51:24Z
507,12,17,,,2026-07-08T23:51:24Z
507,12,18,,,2026-07-08T23:51:24Z
507,12,19,,,2026-07-08T23:51:24Z
507,6,7,,,2026-07-08T23:51:24Z
507,6,8,,,2026-07-08T23:51:24Z
507,6,9,,,2026-07-08T23:51:24Z
507,6,10,,,2026-07-08T23:51:24Z
507,5,15,,,2026-07-08T23:51:24Z
507,5,16,,,2026-07-08T23:51:24Z
507,5,17,,,2026-07-08T23:51:24Z
507,5,18,,,2026-07-08T23:51:24Z
507,5,19,,,2026-07-08T23:51:24Z
507,3,5,,,2026-07-08T23:51:24Z
507,3,6,,,2026-07-08T23:51:24Z
507,3,7,,,2026-07-08T23:51:24Z
507,3,8,,,2026-07-08T23:51:24Z
507,3,9,,,2026-07-08T23:51:24Z
507,3,10,,,2026-07-08T23:51:24Z
507,3,11,,,2026-07-08T23:51:24Z
507,3,12,,,2026-07-08T23:51:24Z
507,3,13,,,2026-07-08T23:51:24Z
507,3,14,,,2026-07-08T23:51:24Z
507,4,10,,,2026-07-08T23:51:24Z
507,4,11,,,2026-07-08T23:51:24Z
507,4,12,,,2026-07-08T23:51:24Z
507,4,13,,,2026-07-08T23:51:24Z
507,4,14,,,2026-07-08T23:51:24Z
507,4,15,,,2026-07-08T23:51:24Z
507,4,16,,,2026-07-08T23:51:24Z
507,4,17,,,2026-07-08T23:51:24Z
507,4,18,,,2026-07-08T23:51:24Z
507,4,19,,,2026-07-08T23:51:24Z
507,9,1,,,2026-07-08T23:51:24Z
507,9,10,,,2026-07-08T23:51:24Z
507,9,2,,,2026-07-08T23:51:24Z
507,9,3,,,2026-07-08T23:51:24Z
507,9,4,,,2026-07-08T23:51:24Z
507,9,5,,,2026-07-08T23:51:24Z
507,9,6,,,2026-07-08T23:51:24Z
507,9,7,,,2026-07-08T23:51:24Z
507,9,8,,,2026-07-08T23:51:24Z
507,9,9,,,2026-07-08T23:51:24Z
508,3,10,,,2026-07-08T23:51:24Z
508,3,11,,,2026-07-08T23:51:24Z
508,3,12,,,2026-07-08T23:51:24Z
508,3,13,,,2026-07-08T23:51:24Z
508,4,5,,,2026-07-08T23:51:24Z
508,4,6,,,2026-07-08T23:51:24Z
508,4,7,,,2026-07-08T23:51:24Z
508,4,8,,,2026-07-08T23:51:24Z
508,8,23,,,2026-07-08T23:51:24Z
508,8,24,,,2026-07-08T23:51:24Z
508,8,25,,,2026-07-08T23:51:24Z
508,8,26,,,2026-07-08T23:51:24Z
508,5,3,,,2026-07-08T23:51:24Z
508,5,4,,,2026-07-08T23:51:24Z
508,5,5,,,2026-07-08T23:51:24Z
508,5,6,,,2026-07-08T23:51:24Z
508,5,7,,,2026-07-08T23:51:24Z
508,5,8,,,2026-07-08T23:51:24Z
508,5,9,,,2026-07-08T23:51:24Z
508,5,10,,,2026-07-08T23:51:24Z
508,5,11,,,2026-07-08T23:51:24Z
508,5,12,,,2026-07-08T23:51:24Z
508,5,13,,,2026-07-08T23:51:24Z
508,5,14,,,2026-07-08T23:51:24Z
508,5,15,,,2026-07-08T23:51:24Z
508,5,16,,,2026-07-08T23:51:24Z
508,7,14,,,2026-07-08T23:51:24Z
508,7,15,,,2026-07-08T23:51:24Z
508,7,16,,,2026-07-08T23:51:24Z
508,7,17,,,2026-07-08T23:51:24Z
508,6,1,,,2026-07-08T23:51:24Z
508,6,2,,,2026-07-08T23:51:24Z
508,16,10,,,2026-07-08T23:51:24Z
508,16,2,,,2026-07-08T23:51:24Z
508,16,3,,,2026-07-08T23:51:24Z
508,16,4,,,2026-07-08T23:51:24Z
508,16,5,,,2026-07-08T23:51:24Z
508,16,6,,,2026-07-08T23:51:24Z
508,16,7,,,2026-07-08T23:51:24Z
508,16,8,,,2026-07-08T23:51:24Z
508,16,9,,,2026-07-08T23:51:24Z
508,14,20,,,2026-07-08T23:51:24Z
508,14,21,,,2026-07-08T23:51:24Z
508,14,22,,,2026-07-08T23:51:24Z
508,14,23,,,2026-07-08T23:51:24Z
508,14,24,,,2026-07-08T23:51:24Z
508,14,25,,,2026-07-08T23:51:24Z
508,14,26,,,2026-07-08T23:51:24Z
508,14,27,,,2026-07-08T23:51:24Z
508,14,28,,,2026-07-08T23:51:24Z
508,14,29,,,2026-07-08T23:51:24Z
427,3,11,,,2026-07-08T23:51:24Z
427,3,12,,,2026-07-08T23:51:24Z
427,3,13,,,2026-07-08T23:51:24Z
427,3,14,,,2026-07-08T23:51:24Z
427,3,15,,,2026-07-08T23:51:24Z
427,3,16,,,2026-07-08T23:51:24Z
427,3,17,,,2026-07-08T23:51:24Z
427,3,18,,,2026-07-08T23:51:24Z
427,3,19,,,2026-07-08T23:51:24Z
427,3,10,,,2026-07-08T23:51:24Z
427,3,1,,,2026-07-08T23:51:24Z
427,3,20,,,2026-07-08T23:51:24Z
427,3,21,,,2026-07-08T23:51:24Z
427,3,22,,,2026-07-08T23:51:24Z
427,3,2,,,2026-07-08T23:51:24Z
427,3,3,,,2026-07-08T23:51:24Z
427,3,4,,,2026-07-08T23:51:24Z
427,3,5,,,2026-07-08T23:51:24Z
427,3,6,,,2026-07-08T23:51:24Z
427,3,7,,,2026-07-08T23:51:24Z
427,3,8,,,2026-07-08T23:51:24Z
427,3,9,,,2026-07-08T23:51:24Z
427,2,17,,,2026-07-08T23:51:24Z
427,2,18,,,2026-07-08T23:51:24Z
427,2,19,,,2026-07-08T23:51:24Z
427,2,10,,,2026-07-08T23:51:24Z
427,2,11,,,2026-07-08T23:51:24Z
427,2,12,,,2026-07-08T23:51:24Z
427,2,13,,,2026-07-08T23:51:24Z
427,2,14,,,2026-07-08T23:51:24Z
427,2,15,,,2026-07-08T23:51:24Z
427,2,16,,,2026-07-08T23:51:24Z
427,2,20,,,2026-07-08T23:51:24Z
427,2,21,,,2026-07-08T23:51:24Z
427,2,22,,,2026-07-08T23:51:24Z
427,2,23,,,2026-07-08T23:51:24Z
427,2,24,,,2026-07-08T23:51:24Z
427,2,9,,,2026-07-08T23:51:24Z
427,1,19,,,2026-07-08T23:51:24Z
427,1,10,,,2026-07-08T23:51:24Z
427,1,20,,,2026-07-08T23:51:24Z
427,1,22,,,2026-07-08T23:51:24Z
427,1,23,,,2026-07-08T23:51:24Z
427,1,5,,,2026-07-08T23:51:24Z
427,1,6,,,2026-07-08T23:51:24Z
427,1,7,,,2026-07-08T23:51:24Z
427,1,8,,,2026-07-08T23:51:24Z
427,1,9,,,2026-07-08T23:51:24Z
427,7,3,,,2026-07-08T23:51:24Z
427,7,4,,,2026-07-08T23:51:24Z
427,7,5,,,2026-07-08T23:51:24Z
427,7,6,,,2026-07-08T23:51:24Z
427,7,7,,,2026-07-08T23:51:24Z
427,7,8,,,2026-07-08T23:51:24Z
427,7,9,,,2026-07-08T23:51:24Z
427,7,10,,,2026-07-08T23:51:24Z
427,5,1,,,2026-07-08T23:51:24Z
427,5,10,,,2026-07-08T23:51:24Z
427,5,11,,,2026-07-08T23:51:24Z
427,5,12,,,2026-07-08T23:51:24Z
427,5,2,,,2026-07-08T23:51:24Z
427,5,5,,,2026-07-08T23:51:24Z
427,5,6,,,2026-07-08T23:51:24Z
427,5,7,,,2026-07-08T23:51:24Z
427,5,8,,,2026-07-08T23:51:24Z
427,5,9,,,2026-07-08T23:51:24Z
527,1,9,,,2026-07-08T23:51:24Z
527,1,10,,,2026-07-08T23:51:24Z
527,1,11,,,2026-07-08T23:51:24Z
527,1,12,,,2026-07-08T23:51:24Z
527,1,13,,,2026-07-08T23:51:24Z
527,1,14,,,2026-07-08T23:51:24Z
527,1,15,,,2026-07-08T23:51:24Z
527,1,16,,,2026-07-08T23:51:24Z
527,1,17,,,2026-07-08T23:51:24Z
527,1,18,,,2026-07-08T23:51:24Z
527,1,19,,,2026-07-08T23:51:24Z
527,1,5,,,2026-07-08T23:51:24Z
527,1,6,,,2026-07-08T23:51:24Z
527,1,20,,,2026-07-08T23:51:24Z
527,1,21,,,2026-07-08T23:51:24Z
527,1,22,,,2026-07-08T23:51:24Z
527,1,23,,,2026-07-08T23:51:24Z
527,1,24,,,2026-07-08T23:51:24Z
527,17,10,,,2026-07-08T23:51:24Z
527,17,18,,,2026-07-08T23:51:24Z
527,17,19,,,2026-07-08T23:51:24Z
527,17,20,,,2026-07-08T23:51:24Z
527,17,21,,,2026-07-08T23:51:24Z
527,17,22,,,2026-07-08T23:51:24Z
527,17,23,,,2026-07-08T23:51:24Z
527,17,24,,,2026-07-08T23:51:24Z
527,17,25,,,2026-07-08T23:51:24Z
527,17,26,,,2026-07-08T23:51:24Z
527,17,27,,,2026-07-08T23:51:24Z
527,17,3,,,2026-07-08T23:51:24Z
527,17,4,,,2026-07-08T23:51:24Z
527,17,5,,,2026-07-08T23:51:24Z
527,17,6,,,2026-07-08T23:51:24Z
527,17,7,,,2026-07-08T23:51:24Z
527,17,8,,,2026-07-08T23:51:24Z
527,17,9,,,2026-07-08T23:51:24Z
527,15,10,,,2026-07-08T23:51:24Z
527,15,2,,,2026-07-08T23:51:24Z
527,15,3,,,2026-07-08T23:51:24Z
527,15,4,,,2026-07-08T23:51:24Z
527,15,5,,,2026-07-08T23:51:24Z
527,15,6,,,2026-07-08T23:51:24Z
527,15,7,,,2026-07-08T23:51:24Z
527,15,8,,,2026-07-08T23:51:24Z
527,15,9,,,2026-07-08T23:51:24Z
527,13,15,,,2026-07-08T23:51:24Z
527,13,16,,,2026-07-08T23:51:24Z
527,13,17,,,2026-07-08T23:51:24Z
527,13,18,,,2026-07-08T23:51:24Z
527,13,19,,,2026-07-08T23:51:24Z
527,13,20,,,2026-07-08T23:51:24Z
527,13,21,,,2026-07-08T23:51:24Z
527,13,22,,,2026-07-08T23:51:24Z
527,13,23,,,2026-07-08T23:51:24Z
527,13,24,,,2026-07-08T23:51:24Z
527,16,10,,,2026-07-08T23:51:24Z
527,16,2,,,2026-07-08T23:51:24Z
527,16,3,,,2026-07-08T23:51:24Z
527,16,4,,,2026-07-08T23:51:24Z
527,16,5,,,2026-07-08T23:51:24Z
527,16,6,,,2026-07-08T23:51:24Z
527,16,7,,,2026-07-08T23:51:24Z
527,16,8,,,2026-07-08T23:51:24Z
527,16,9,,,2026-07-08T23:51:24Z
527,3,15,,,2026-07-08T23:51:24Z
527,3,16,,,2026-07-08T23:51:24Z
527,3,17,,,2026-07-08T23:51:24Z
527,3,18,,,2026-07-08T23:51:24Z
527,3,19,,,2026-07-08T23:51:24Z
527,3,20,,,2026-07-08T23:51:24Z
527,3,21,,,2026-07-08T23:51:24Z
527,3,22,,,2026-07-08T23:51:24Z
527,3,23,,,2026-07-08T23:51:24Z
527,3,24,,,2026-07-08T23:51:24Z
527,5,1,,,2026-07-08T23:51:24Z
527,5,10,,,2026-07-08T23:51:24Z
527,5,2,,,2026-07-08T23:51:24Z
527,5,3,,,2026-07-08T23:51:24Z
527,5,4,,,2026-07-08T23:51:24Z
527,5,5,,,2026-07-08T23:51:24Z
527,5,6,,,2026-07-08T23:51:24Z
527,5,7,,,2026-07-08T23:51:24Z
527,5,8,,,2026-07-08T23:51:24Z
527,5,9,,,2026-07-08T23:51:24Z
527,9,1,,,2026-07-08T23:51:24Z
527,9,10,,,2026-07-08T23:51:24Z
527,9,2,,,2026-07-08T23:51:24Z
527,9,3,,,2026-07-08T23:51:24Z
527,9,4,,,2026-07-08T23:51:24Z
527,9,5,,,2026-07-08T23:51:24Z
527,9,6,,,2026-07-08T23:51:24Z
527,9,7,,,2026-07-08T23:51:24Z
527,9,8,,,2026-07-08T23:51:24Z
527,9,9,,,2026-07-08T23:51:24Z
527,7,1,,,2026-07-08T23:51:24Z
527,7,10,,,2026-07-08T23:51:24Z
527,7,2,,,2026-07-08T23:51:24Z
527,7,3,,,2026-07-08T23:51:24Z
527,7,4,,,2026-07-08T23:51:24Z
527,7,5,,,2026-07-08T23:51:24Z
527,7,6,,,2026-07-08T23:51:24Z
527,7,7,,,2026-07-08T23:51:24Z
527,7,8,,,2026-07-08T23:51:24Z
527,7,9,,,2026-07-08T23:51:24Z
331,4,11,,,2026-07-08T23:51:24Z
331,4,12,,,2026-07-08T23:51:24Z
331,4,13,,,2026-07-08T23:51:24Z
331,4,14,,,2026-07-08T23:51:24Z
331,4,15,,,2026-07-08T23:51:24Z
331,4,16,,,2026-07-08T23:51:24Z
331,4,17,,,2026-07-08T23:51:24Z
331,4,18,,,2026-07-08T23:51:24Z
331,4,19,,,2026-07-08T23:51:24Z
331,4,20,,,2026-07-08T23:51:24Z
331,3,21,,,2026-07-08T23:51:24Z
331,3,22,,,2026-07-08T23:51:24Z
331,3,9,,,2026-07-08T23:51:24Z
331,3,10,,,2026-07-08T23:51:24Z
331,3,11,,,2026-07-08T23:51:24Z
331,3,12,,,2026-07-08T23:51:24Z
331,2,7,,,2026-07-08T23:51:24Z
331,2,8,,,2026-07-08T23:51:24Z
331,10,18,,,2026-07-08T23:51:24Z
331,10,19,,,2026-07-08T23:51:24Z
331,10,20,,,2026-07-08T23:51:24Z
331,10,21,,,2026-07-08T23:51:24Z
331,10,22,,,2026-07-08T23:51:24Z
105,22,3,,,2026-07-08T23:51:24Z
105,22,4,,,2026-07-08T23:51:24Z
105,26,1,,,2026-07-08T23:51:24Z
105,26,2,,,2026-07-08T23:51:24Z
105,34,10,,,2026-07-08T23:51:24Z
105,34,11,,,2026-07-08T23:51:24Z
105,34,2,,,2026-07-08T23:51:24Z
105,34,3,,,2026-07-08T23:51:24Z
105,34,4,,,2026-07-08T23:51:24Z
105,34,5,,,2026-07-08T23:51:24Z
105,34,6,,,2026-07-08T23:51:24Z
105,34,7,,,2026-07-08T23:51:24Z
105,34,8,,,2026-07-08T23:51:24Z
105,34,9,,,2026-07-08T23:51:24Z
511,15,10,,,2026-07-08T23:51:24Z
511,15,11,,,2026-07-08T23:51:24Z
511,15,12,,,2026-07-08T23:51:24Z
511,15,2,,,2026-07-08T23:51:24Z
511,15,3,,,2026-07-08T23:51:24Z
511,15,4,,,2026-07-08T23:51:24Z
511,15,5,,,2026-07-08T23:51:24Z
511,15,6,,,2026-07-08T23:51:24Z
511,15,7,,,2026-07-08T23:51:24Z
511,15,8,,,2026-07-08T23:51:24Z
511,15,9,,,2026-07-08T23:51:24Z
511,13,10,,,2026-07-08T23:51:24Z
511,13,2,,,2026-07-08T23:51:24Z
511,13,3,,,2026-07-08T23:51:24Z
511,13,4,,,2026-07-08T23:51:24Z
511,13,5,,,2026-07-08T23:51:24Z
511,13,6,,,2026-07-08T23:51:24Z
511,13,7,,,2026-07-08T23:51:24Z
511,13,8,,,2026-07-08T23:51:24Z
511,13,9,,,2026-07-08T23:51:24Z
511,11,3,,,2026-07-08T23:51:24Z
511,11,4,,,2026-07-08T23:51:24Z
511,11,5,,,2026-07-08T23:51:24Z
511,11,6,,,2026-07-08T23:51:24Z
511,11,7,,,2026-07-08T23:51:24Z
511,11,8,,,2026-07-08T23:51:24Z
511,11,9,,,2026-07-08T23:51:24Z
511,11,10,,,2026-07-08T23:51:24Z
511,11,11,,,2026-07-08T23:51:24Z
511,11,12,,,2026-07-08T23:51:24Z
511,6,11,,,2026-07-08T23:51:24Z
511,6,12,,,2026-07-08T23:51:24Z
511,7,6,,,2026-07-08T23:51:24Z
511,7,7,,,2026-07-08T23:51:24Z
511,7,8,,,2026-07-08T23:51:24Z
511,7,9,,,2026-07-08T23:51:24Z
511,7,10,,,2026-07-08T23:51:24Z
511,7,11,,,2026-07-08T23:51:24Z
519,5,5,,,2026-07-08T23:51:24Z
519,5,6,,,2026-07-08T23:51:24Z
519,5,7,,,2026-07-08T23:51:24Z
519,5,8,,,2026-07-08T23:51:24Z
519,4,9,,,2026-07-08T23:51:24Z
519,4,10,,,2026-07-08T23:51:24Z
519,4,11,,,2026-07-08T23:51:24Z
519,4,12,,,2026-07-08T23:51:24Z
519,4,13,,,2026-07-08T23:51:24Z
519,4,14,,,2026-07-08T23:51:24Z
519,4,15,,,2026-07-08T23:51:24Z
519,4,16,,,2026-07-08T23:51:24Z
519,6,11,,,2026-07-08T23:51:24Z
519,6,12,,,2026-07-08T23:51:24Z
519,6,13,,,2026-07-08T23:51:24Z
519,6,14,,,2026-07-08T23:51:24Z
519,15,10,,,2026-07-08T23:51:24Z
519,15,2,,,2026-07-08T23:51:24Z
519,15,3,,,2026-07-08T23:51:24Z
519,15,4,,,2026-07-08T23:51:24Z
519,15,5,,,2026-07-08T23:51:24Z
519,15,6,,,2026-07-08T23:51:24Z
519,15,7,,,2026-07-08T23:51:24Z
519,15,8,,,2026-07-08T23:51:24Z
519,15,9,,,2026-07-08T23:51:24Z
519,7,19,,,2026-07-08T23:51:24Z
519,7,20,,,2026-07-08T23:51:24Z
519,7,21,,,2026-07-08T23:51:24Z
519,7,22,,,2026-07-08T23:51:24Z
519,7,23,,,2026-07-08T23:51:24Z
519,7,24,,,2026-07-08T23:51:24Z
519,9,19,,,2026-07-08T23:51:24Z
519,9,20,,,2026-07-08T23:51:24Z
519,9,21,,,2026-07-08T23:51:24Z
519,9,22,,,2026-07-08T23:51:24Z
519,9,23,,,2026-07-08T23:51:24Z
519,9,24,,,2026-07-08T23:51:24Z
519,2,6,,,2026-07-08T23:51:24Z
519,2,7,,,2026-07-08T23:51:24Z
519,2,8,,,2026-07-08T23:51:24Z
519,2,9,,,2026-07-08T23:51:24Z
519,2,10,,,2026-07-08T23:51:24Z
519,2,11,,,2026-07-08T23:51:24Z
519,2,12,,,2026-07-08T23:51:24Z
327,5,13,,,2026-07-08T23:51:24Z
327,5,14,,,2026-07-08T23:51:24Z
327,5,15,,,2026-07-08T23:51:24Z
327,5,16,,,2026-07-08T23:51:24Z
327,5,17,,,2026-07-08T23:51:24Z
327,5,18,,,2026-07-08T23:51:24Z
327,5,19,,,2026-07-08T23:51:24Z
327,5,20,,,2026-07-08T23:51:24Z
327,5,21,,,2026-07-08T23:51:24Z
327,5,22,,,2026-07-08T23:51:24Z
327,5,23,,,2026-07-08T23:51:24Z
327,5,24,,,2026-07-08T23:51:24Z
327,7,7,,,2026-07-08T23:51:24Z
327,7,8,,,2026-07-08T23:51:24Z
431,1,12,,,2026-07-08T23:51:24Z
431,1,13,,,2026-07-08T23:51:24Z
431,1,14,,,2026-07-08T23:51:24Z
431,1,15,,,2026-07-08T23:51:24Z
431,1,16,,,2026-07-08T23:51:24Z
431,1,17,,,2026-07-08T23:51:24Z
431,1,18,,,2026-07-08T23:51:24Z
431,1,19,,,2026-07-08T23:51:24Z
431,1,20,,,2026-07-08T23:51:24Z
431,1,21,,,2026-07-08T23:51:24Z
431,4,8,,,2026-07-08T23:51:24Z
431,4,9,,,2026-07-08T23:51:24Z
431,4,10,,,2026-07-08T23:51:24Z
431,4,11,,,2026-07-08T23:51:24Z
431,4,12,,,2026-07-08T23:51:24Z
431,4,13,,,2026-07-08T23:51:24Z
431,4,14,,,2026-07-08T23:51:24Z
431,4,15,,,2026-07-08T23:51:24Z
431,4,16,,,2026-07-08T23:51:24Z
431,4,17,,,2026-07-08T23:51:24Z
431,4,18,,,2026-07-08T23:51:24Z
431,4,19,,,2026-07-08T23:51:24Z
431,4,20,,,2026-07-08T23:51:24Z
431,4,21,,,2026-07-08T23:51:24Z
431,4,22,,,2026-07-08T23:51:24Z
431,4,23,,,2026-07-08T23:51:24Z
431,4,24,,,2026-07-08T23:51:24Z
431,2,15,,,2026-07-08T23:51:24Z
431,2,16,,,2026-07-08T23:51:24Z
431,2,17,,,2026-07-08T23:51:24Z
431,2,18,,,2026-07-08T23:51:24Z
431,2,19,,,2026-07-08T23:51:24Z
431,2,20,,,2026-07-08T23:51:24Z
431,2,21,,,2026-07-08T23:51:24Z
431,2,22,,,2026-07-08T23:51:24Z
126,3,19,,,2026-07-08T23:51:24Z
126,3,20,,,2026-07-08T23:51:24Z
126,E,1,,,2026-07-08T23:51:24Z
126,E,2,,,2026-07-08T23:51:24Z
126,D,6,,,2026-07-08T23:51:24Z
126,D,7,,,2026-07-08T23:51:24Z
126,D,8,,,2026-07-08T23:51:24Z
126,D,9,,,2026-07-08T23:51:24Z
338,1,5,,,2026-07-08T23:51:24Z
338,1,6,,,2026-07-08T23:51:24Z
338,1,11,,,2026-07-08T23:51:24Z
338,1,12,,,2026-07-08T23:51:24Z
338,5,1,,,2026-07-08T23:51:24Z
338,5,2,,,2026-07-08T23:51:24Z
338,5,3,,,2026-07-08T23:51:24Z
338,5,4,,,2026-07-08T23:51:24Z
338,5,5,,,2026-07-08T23:51:24Z
338,5,6,,,2026-07-08T23:51:24Z
338,5,7,,,2026-07-08T23:51:24Z
338,7,1,,,2026-07-08T23:51:24Z
338,7,2,,,2026-07-08T23:51:24Z
338,7,3,,,2026-07-08T23:51:24Z
338,7,4,,,2026-07-08T23:51:24Z
338,7,5,,,2026-07-08T23:51:24Z
338,7,6,,,2026-07-08T23:51:24Z
338,7,7,,,2026-07-08T23:51:24Z
338,7,8,,,2026-07-08T23:51:24Z
338,3,13,,,2026-07-08T23:51:24Z
338,3,14,,,2026-07-08T23:51:24Z
338,3,15,,,2026-07-08T23:51:24Z
338,3,16,,,2026-07-08T23:51:24Z
338,3,17,,,2026-07-08T23:51:24Z
338,3,18,,,2026-07-08T23:51:24Z
338,3,19,,,2026-07-08T23:51:24Z
338,3,20,,,2026-07-08T23:51:24Z
415,4,14,,,2026-07-08T23:51:24Z
415,4,15,,,2026-07-08T23:51:24Z
520,6,18,,,2026-07-08T23:51:24Z
520,6,19,,,2026-07-08T23:51:24Z
520,17,10,,,2026-07-08T23:51:24Z
520,17,2,,,2026-07-08T23:51:24Z
520,17,3,,,2026-07-08T23:51:24Z
520,17,4,,,2026-07-08T23:51:24Z
520,17,5,,,2026-07-08T23:51:24Z
520,17,6,,,2026-07-08T23:51:24Z
520,17,7,,,2026-07-08T23:51:24Z
520,17,8,,,2026-07-08T23:51:24Z
520,17,9,,,2026-07-08T23:51:24Z
520,15,20,,,2026-07-08T23:51:24Z
520,15,21,,,2026-07-08T23:51:24Z
520,15,22,,,2026-07-08T23:51:24Z
520,15,23,,,2026-07-08T23:51:24Z
520,15,24,,,2026-07-08T23:51:24Z
520,15,25,,,2026-07-08T23:51:24Z
520,15,26,,,2026-07-08T23:51:24Z
520,15,27,,,2026-07-08T23:51:24Z
520,15,28,,,2026-07-08T23:51:24Z
520,15,29,,,2026-07-08T23:51:24Z
520,10,10,,,2026-07-08T23:51:24Z
520,10,2,,,2026-07-08T23:51:24Z
520,10,3,,,2026-07-08T23:51:24Z
520,10,4,,,2026-07-08T23:51:24Z
520,10,5,,,2026-07-08T23:51:24Z
520,10,6,,,2026-07-08T23:51:24Z
520,10,7,,,2026-07-08T23:51:24Z
520,10,8,,,2026-07-08T23:51:24Z
520,10,9,,,2026-07-08T23:51:24Z
520,8,1,,,2026-07-08T23:51:24Z
520,8,10,,,2026-07-08T23:51:24Z
520,8,2,,,2026-07-08T23:51:24Z
520,8,3,,,2026-07-08T23:51:24Z
520,8,4,,,2026-07-08T23:51:24Z
520,8,5,,,2026-07-08T23:51:24Z
520,8,6,,,2026-07-08T23:51:24Z
520,8,7,,,2026-07-08T23:51:24Z
520,8,8,,,2026-07-08T23:51:24Z
520,8,9,,,2026-07-08T23:51:24Z
516,17,12,,,2026-07-08T23:51:24Z
516,17,13,,,2026-07-08T23:51:24Z
516,17,14,,,2026-07-08T23:51:24Z
516,17,15,,,2026-07-08T23:51:24Z
516,17,16,,,2026-07-08T23:51:24Z
516,17,17,,,2026-07-08T23:51:24Z
516,17,18,,,2026-07-08T23:51:24Z
516,17,19,,,2026-07-08T23:51:24Z
516,17,20,,,2026-07-08T23:51:24Z
516,17,21,,,2026-07-08T23:51:24Z
516,17,22,,,2026-07-08T23:51:24Z
516,17,23,,,2026-07-08T23:51:24Z
516,15,1,,,2026-07-08T23:51:24Z
516,15,2,,,2026-07-08T23:51:24Z
516,15,3,,,2026-07-08T23:51:24Z
516,15,4,,,2026-07-08T23:51:24Z
516,15,5,,,2026-07-08T23:51:24Z
516,15,6,,,2026-07-08T23:51:24Z
516,15,7,,,2026-07-08T23:51:24Z
516,15,8,,,2026-07-08T23:51:24Z
430,1,8,,,2026-07-08T23:51:24Z
430,1,9,,,2026-07-08T23:51:24Z
430,1,10,,,2026-07-08T23:51:24Z
430,1,11,,,2026-07-08T23:51:24Z
430,1,12,,,2026-07-08T23:51:24Z
430,1,13,,,2026-07-08T23:51:24Z
430,1,14,,,2026-07-08T23:51:24Z
430,1,1,,,2026-07-08T23:51:24Z
430,1,2,,,2026-07-08T23:51:24Z
430,1,3,,,2026-07-08T23:51:24Z
430,1,4,,,2026-07-08T23:51:24Z
430,1,5,,,2026-07-08T23:51:24Z
430,1,6,,,2026-07-08T23:51:24Z
430,1,7,,,2026-07-08T23:51:24Z
430,2,15,,,2026-07-08T23:51:24Z
430,2,16,,,2026-07-08T23:51:24Z
430,4,15,,,2026-07-08T23:51:24Z
430,4,16,,,2026-07-08T23:51:24Z
430,4,17,,,2026-07-08T23:51:24Z
430,4,18,,,2026-07-08T23:51:24Z
430,4,19,,,2026-07-08T23:51:24Z
430,4,10,,,2026-07-08T23:51:24Z
430,4,1,,,2026-07-08T23:51:24Z
430,4,20,,,2026-07-08T23:51:24Z
430,4,21,,,2026-07-08T23:51:24Z
430,4,22,,,2026-07-08T23:51:24Z
430,4,23,,,2026-07-08T23:51:24Z
430,4,24,,,2026-07-08T23:51:24Z
430,4,2,,,2026-07-08T23:51:24Z
430,4,3,,,2026-07-08T23:51:24Z
430,4,4,,,2026-07-08T23:51:24Z
430,4,5,,,2026-07-08T23:51:24Z
430,4,6,,,2026-07-08T23:51:24Z
430,4,7,,,2026-07-08T23:51:24Z
430,4,8,,,2026-07-08T23:51:24Z
430,4,9,,,2026-07-08T23:51:24Z
430,3,14,,,2026-07-08T23:51:24Z
430,3,15,,,2026-07-08T23:51:24Z
430,3,16,,,2026-07-08T23:51:24Z
430,3,17,,,2026-07-08T23:51:24Z
430,3,18,,,2026-07-08T23:51:24Z
430,3,19,,,2026-07-08T23:51:24Z
430,3,10,,,2026-07-08T23:51:24Z
430,3,11,,,2026-07-08T23:51:24Z
430,3,1,,,2026-07-08T23:51:24Z
430,3,20,,,2026-07-08T23:51:24Z
430,3,2,,,2026-07-08T23:51:24Z
430,3,3,,,2026-07-08T23:51:24Z
430,3,4,,,2026-07-08T23:51:24Z
430,3,5,,,2026-07-08T23:51:24Z
430,3,6,,,2026-07-08T23:51:24Z
430,3,7,,,2026-07-08T23:51:24Z
430,3,8,,,2026-07-08T23:51:24Z
430,3,9,,,2026-07-08T23:51:24Z
138,10,1,,,2026-07-08T23:51:24Z
138,10,2,,,2026-07-08T23:51:24Z
138,10,5,,,2026-07-08T23:51:24Z
138,10,6,,,2026-07-08T23:51:24Z
138,12,17,,,2026-07-08T23:51:24Z
138,12,18,,,2026-07-08T23:51:24Z
138,12,19,,,2026-07-08T23:51:24Z
138,12,20,,,2026-07-08T23:51:24Z
138,12,21,,,2026-07-08T23:51:24Z
138,12,22,,,2026-07-08T23:51:24Z
138,12,23,,,2026-07-08T23:51:24Z
138,12,24,,,2026-07-08T23:51:24Z
138,13,3,,,2026-07-08T23:51:24Z
138,13,4,,,2026-07-08T23:51:24Z
138,13,5,,,2026-07-08T23:51:24Z
138,13,6,,,2026-07-08T23:51:24Z
138,13,7,,,2026-07-08T23:51:24Z
138,13,8,,,2026-07-08T23:51:24Z
138,13,9,,,2026-07-08T23:51:24Z
138,13,10,,,2026-07-08T23:51:24Z
138,13,11,,,2026-07-08T23:51:24Z
138,7,3,,,2026-07-08T23:51:24Z
138,7,4,,,2026-07-08T23:51:24Z
138,7,5,,,2026-07-08T23:51:24Z
138,7,6,,,2026-07-08T23:51:24Z
138,7,7,,,2026-07-08T23:51:24Z
138,7,8,,,2026-07-08T23:51:24Z
138,7,9,,,2026-07-08T23:51:24Z
138,7,10,,,2026-07-08T23:51:24Z
138,7,11,,,2026-07-08T23:51:24Z
138,7,12,,,2026-07-08T23:51:24Z
138,7,13,,,2026-07-08T23:51:24Z
138,7,14,,,2026-07-08T23:51:24Z
138,4,10,,,2026-07-08T23:51:24Z
138,4,11,,,2026-07-08T23:51:24Z
426,5,13,,,2026-07-08T23:51:24Z
426,5,14,,,2026-07-08T23:51:24Z
426,5,15,,,2026-07-08T23:51:24Z
426,5,16,,,2026-07-08T23:51:24Z
426,5,10,,,2026-07-08T23:51:24Z
426,5,11,,,2026-07-08T23:51:24Z
426,5,12,,,2026-07-08T23:51:24Z
426,5,9,,,2026-07-08T23:51:24Z
426,5,3,,,2026-07-08T23:51:24Z
426,5,4,,,2026-07-08T23:51:24Z
426,3,17,,,2026-07-08T23:51:24Z
426,3,18,,,2026-07-08T23:51:24Z
426,3,19,,,2026-07-08T23:51:24Z
426,3,10,,,2026-07-08T23:51:24Z
426,3,11,,,2026-07-08T23:51:24Z
426,3,12,,,2026-07-08T23:51:24Z
426,3,13,,,2026-07-08T23:51:24Z
426,3,14,,,2026-07-08T23:51:24Z
426,3,15,,,2026-07-08T23:51:24Z
426,3,16,,,2026-07-08T23:51:24Z
426,3,20,,,2026-07-08T23:51:24Z
426,3,21,,,2026-07-08T23:51:24Z
426,3,22,,,2026-07-08T23:51:24Z
426,3,23,,,2026-07-08T23:51:24Z
426,3,24,,,2026-07-08T23:51:24Z
426,3,3,,,2026-07-08T23:51:24Z
426,3,4,,,2026-07-08T23:51:24Z
426,3,5,,,2026-07-08T23:51:24Z
426,3,6,,,2026-07-08T23:51:24Z
426,3,7,,,2026-07-08T23:51:24Z
426,3,8,,,2026-07-08T23:51:24Z
426,3,9,,,2026-07-08T23:51:24Z
426,6,9,,,2026-07-08T23:51:24Z
426,6,10,,,2026-07-08T23:51:24Z
426,2,9,,,2026-07-08T23:51:24Z
426,2,10,,,2026-07-08T23:51:24Z
426,2,11,,,2026-07-08T23:51:24Z
426,2,12,,,2026-07-08T23:51:24Z
426,2,13,,,2026-07-08T23:51:24Z
426,2,14,,,2026-07-08T23:51:24Z
426,2,15,,,2026-07-08T23:51:24Z
426,2,16,,,2026-07-08T23:51:24Z
426,2,17,,,2026-07-08T23:51:24Z
426,2,18,,,2026-07-08T23:51:24Z
426,4,11,,,2026-07-08T23:51:24Z
426,4,12,,,2026-07-08T23:51:24Z
426,4,13,,,2026-07-08T23:51:24Z
426,4,14,,,2026-07-08T23:51:24Z
426,4,15,,,2026-07-08T23:51:24Z
426,4,16,,,2026-07-08T23:51:24Z
426,4,17,,,2026-07-08T23:51:24Z
426,4,18,,,2026-07-08T23:51:24Z
426,4,19,,,2026-07-08T23:51:24Z
426,4,20,,,2026-07-08T23:51:24Z
426,7,16,,,2026-07-08T23:51:24Z
426,7,17,,,2026-07-08T23:51:24Z
426,7,18,,,2026-07-08T23:51:24Z
426,7,19,,,2026-07-08T23:51:24Z
426,7,20,,,2026-07-08T23:51:24Z
426,7,21,,,2026-07-08T23:51:24Z
426,7,22,,,2026-07-08T23:51:24Z
426,7,23,,,2026-07-08T23:51:24Z
308,2,19,,,2026-07-08T23:51:24Z
308,2,20,,,2026-07-08T23:51:24Z
308,2,21,,,2026-07-08T23:51:24Z
308,2,22,,,2026-07-08T23:51:24Z
117,5,5,,,2026-07-08T23:51:24Z
117,5,6,,,2026-07-08T23:51:24Z
425,2,15,,,2026-07-08T23:51:24Z
425,2,16,,,2026-07-08T23:51:24Z
425,2,17,,,2026-07-08T23:51:24Z
425,2,18,,,2026-07-08T23:51:24Z
425,4,1,,,2026-07-08T23:51:24Z
425,4,10,,,2026-07-08T23:51:24Z
425,4,11,,,2026-07-08T23:51:24Z
425,4,12,,,2026-07-08T23:51:24Z
425,4,13,,,2026-07-08T23:51:24Z
425,4,14,,,2026-07-08T23:51:24Z
425,4,15,,,2026-07-08T23:51:24Z
425,4,16,,,2026-07-08T23:51:24Z
425,4,17,,,2026-07-08T23:51:24Z
425,4,18,,,2026-07-08T23:51:24Z
425,4,19,,,2026-07-08T23:51:24Z
425,4,2,,,2026-07-08T23:51:24Z
425,4,3,,,2026-07-08T23:51:24Z
425,4,20,,,2026-07-08T23:51:24Z
425,4,4,,,2026-07-08T23:51:24Z
425,4,5,,,2026-07-08T23:51:24Z
425,4,6,,,2026-07-08T23:51:24Z
425,4,7,,,2026-07-08T23:51:24Z
425,4,8,,,2026-07-08T23:51:24Z
425,4,9,,,2026-07-08T23:51:24Z
402,2,1,,,2026-07-08T23:51:24Z
402,2,2,,,2026-07-08T23:51:24Z
402,2,3,,,2026-07-08T23:51:24Z
402,2,4,,,2026-07-08T23:51:24Z
402,2,5,,,2026-07-08T23:51:24Z
402,2,6,,,2026-07-08T23:51:24Z
402,2,7,,,2026-07-08T23:51:24Z
402,2,8,,,2026-07-08T23:51:24Z
402,1,11,,,2026-07-08T23:51:24Z
402,1,12,,,2026-07-08T23:51:24Z
402,1,13,,,2026-07-08T23:51:24Z
402,1,14,,,2026-07-08T23:51:24Z
402,1,15,,,2026-07-08T23:51:24Z
402,1,16,,,2026-07-08T23:51:24Z
402,1,17,,,2026-07-08T23:51:24Z
402,1,18,,,2026-07-08T23:51:24Z
402,1,10,,,2026-07-08T23:51:24Z
402,1,19,,,2026-07-08T23:51:24Z
402,1,1,,,2026-07-08T23:51:24Z
402,1,2,,,2026-07-08T23:51:24Z
402,1,3,,,2026-07-08T23:51:24Z
402,1,20,,,2026-07-08T23:51:24Z
402,1,21,,,2026-07-08T23:51:24Z
402,1,22,,,2026-07-08T23:51:24Z
402,1,23,,,2026-07-08T23:51:24Z
402,1,24,,,2026-07-08T23:51:24Z
402,1,4,,,2026-07-08T23:51:24Z
402,1,5,,,2026-07-08T23:51:24Z
402,1,6,,,2026-07-08T23:51:24Z
402,1,7,,,2026-07-08T23:51:24Z
402,1,8,,,2026-07-08T23:51:24Z
402,1,9,,,2026-07-08T23:51:24Z
402,5,11,,,2026-07-08T23:51:24Z
402,5,12,,,2026-07-08T23:51:24Z
402,5,13,,,2026-07-08T23:51:24Z
402,5,14,,,2026-07-08T23:51:24Z
402,5,15,,,2026-07-08T23:51:24Z
402,3,9,,,2026-07-08T23:51:24Z
402,3,10,,,2026-07-08T23:51:24Z
402,4,7,,,2026-07-08T23:51:24Z
402,4,8,,,2026-07-08T23:51:24Z
402,4,9,,,2026-07-08T23:51:24Z
402,4,10,,,2026-07-08T23:51:24Z
402,4,11,,,2026-07-08T23:51:24Z
402,4,12,,,2026-07-08T23:51:24Z
402,4,13,,,2026-07-08T23:51:24Z
402,4,14,,,2026-07-08T23:51:24Z
402,4,15,,,2026-07-08T23:51:24Z
402,4,16,,,2026-07-08T23:51:24Z
402,6,15,,,2026-07-08T23:51:24Z
402,6,16,,,2026-07-08T23:51:24Z
402,6,17,,,2026-07-08T23:51:24Z
402,6,18,,,2026-07-08T23:51:24Z
402,6,19,,,2026-07-08T23:51:24Z
402,6,20,,,2026-07-08T23:51:24Z
402,6,21,,,2026-07-08T23:51:24Z
402,6,22,,,2026-07-08T23:51:24Z
402,6,23,,,2026-07-08T23:51:24Z
402,6,24,,,2026-07-08T23:51:24Z
402,7,1,,,2026-07-08T23:51:24Z
402,7,2,,,2026-07-08T23:51:24Z
402,7,3,,,2026-07-08T23:51:24Z
402,7,4,,,2026-07-08T23:51:24Z
402,7,5,,,2026-07-08T23:51:24Z
402,7,6,,,2026-07-08T23:51:24Z
402,7,7,,,2026-07-08T23:51:24Z
402,7,8,,,2026-07-08T23:51:24Z
517,15,10,,,2026-07-08T23:51:24Z
517,15,11,,,2026-07-08T23:51:24Z
517,15,12,,,2026-07-08T23:51:24Z
517,15,2,,,2026-07-08T23:51:24Z
517,15,3,,,2026-07-08T23:51:24Z
517,15,4,,,2026-07-08T23:51:24Z
517,15,5,,,2026-07-08T23:51:24Z
517,15,6,,,2026-07-08T23:51:24Z
517,15,7,,,2026-07-08T23:51:24Z
517,15,8,,,2026-07-08T23:51:24Z
517,15,9,,,2026-07-08T23:51:24Z
517,11,7,,,2026-07-08T23:51:24Z
517,11,8,,,2026-07-08T23:51:24Z
517,11,9,,,2026-07-08T23:51:24Z
517,11,10,,,2026-07-08T23:51:24Z
517,13,8,,,2026-07-08T23:51:24Z
517,13,9,,,2026-07-08T23:51:24Z
517,13,10,,,2026-07-08T23:51:24Z
517,13,11,,,2026-07-08T23:51:24Z
517,13,12,,,2026-07-08T23:51:24Z
517,5,7,,,2026-07-08T23:51:24Z
517,5,8,,,2026-07-08T23:51:24Z
137,15,10,,,2026-07-08T23:51:24Z
137,15,11,,,2026-07-08T23:51:24Z
137,15,12,,,2026-07-08T23:51:24Z
137,15,2,,,2026-07-08T23:51:24Z
137,15,3,,,2026-07-08T23:51:24Z
137,15,4,,,2026-07-08T23:51:24Z
137,15,5,,,2026-07-08T23:51:24Z
137,15,6,,,2026-07-08T23:51:24Z
137,15,7,,,2026-07-08T23:51:24Z
137,15,8,,,2026-07-08T23:51:24Z
137,15,9,,,2026-07-08T23:51:24Z
137,11,8,,,2026-07-08T23:51:24Z
137,11,9,,,2026-07-08T23:51:24Z
137,11,10,,,2026-07-08T23:51:24Z
137,11,11,,,2026-07-08T23:51:24Z
137,11,12,,,2026-07-08T23:51:24Z
137,11,13,,,2026-07-08T23:51:24Z
137,11,14,,,2026-07-08T23:51:24Z
137,11,15,,,2026-07-08T23:51:24Z
137,11,16,,,2026-07-08T23:51:24Z
137,11,17,,,2026-07-08T23:51:24Z
137,11,18,,,2026-07-08T23:51:24Z
137,11,19,,,2026-07-08T23:51:24Z
137,13,5,,,2026-07-08T23:51:24Z
137,13,6,,,2026-07-08T23:51:24Z
137,13,7,,,2026-07-08T23:51:24Z
137,13,8,,,2026-07-08T23:51:24Z
137,13,9,,,2026-07-08T23:51:24Z
137,13,10,,,2026-07-08T23:51:24Z
137,13,11,,,2026-07-08T23:51:24Z
137,17,9,,,2026-07-08T23:51:24Z
137,17,10,,,2026-07-08T23:51:24Z
137,17,11,,,2026-07-08T23:51:24Z
137,17,12,,,2026-07-08T23:51:24Z
137,17,13,,,2026-07-08T23:51:24Z
301,8,3,,,2026-07-08T23:51:24Z
301,8,4,,,2026-07-08T23:51:24Z
301,8,5,,,2026-07-08T23:51:24Z
301,8,6,,,2026-07-08T23:51:24Z
301,8,7,,,2026-07-08T23:51:24Z
301,8,8,,,2026-07-08T23:51:24Z
301,8,9,,,2026-07-08T23:51:24Z
301,8,10,,,2026-07-08T23:51:24Z
301,8,11,,,2026-07-08T23:51:24Z
301,9,16,,,2026-07-08T23:51:24Z
301,9,17,,,2026-07-08T23:51:24Z
301,6,10,,,2026-07-08T23:51:24Z
301,6,11,,,2026-07-08T23:51:24Z
522,1,5,,,2026-07-08T23:51:24Z
522,1,6,,,2026-07-08T23:51:24Z
522,1,7,,,2026-07-08T23:51:24Z
522,1,8,,,2026-07-08T23:51:24Z
522,1,9,,,2026-07-08T23:51:24Z
522,1,10,,,2026-07-08T23:51:24Z
522,1,18,,,2026-07-08T23:51:24Z
522,1,19,,,2026-07-08T23:51:24Z
522,1,20,,,2026-07-08T23:51:24Z
522,1,21,,,2026-07-08T23:51:24Z
522,1,22,,,2026-07-08T23:51:24Z
522,12,15,,,2026-07-08T23:51:24Z
522,12,16,,,2026-07-08T23:51:24Z
522,12,17,,,2026-07-08T23:51:24Z
522,12,18,,,2026-07-08T23:51:24Z
522,12,19,,,2026-07-08T23:51:24Z
522,12,20,,,2026-07-08T23:51:24Z
522,12,21,,,2026-07-08T23:51:24Z
522,12,22,,,2026-07-08T23:51:24Z
522,12,23,,,2026-07-08T23:51:24Z
522,12,24,,,2026-07-08T23:51:24Z
522,10,15,,,2026-07-08T23:51:24Z
522,10,16,,,2026-07-08T23:51:24Z
522,10,17,,,2026-07-08T23:51:24Z
522,10,18,,,2026-07-08T23:51:24Z
522,10,19,,,2026-07-08T23:51:24Z
522,10,20,,,2026-07-08T23:51:24Z
522,10,21,,,2026-07-08T23:51:24Z
522,10,22,,,2026-07-08T23:51:24Z
522,10,23,,,2026-07-08T23:51:24Z
522,10,24,,,2026-07-08T23:51:24Z
522,8,15,,,2026-07-08T23:51:24Z
522,8,16,,,2026-07-08T23:51:24Z
522,8,17,,,2026-07-08T23:51:24Z
522,8,18,,,2026-07-08T23:51:24Z
522,8,19,,,2026-07-08T23:51:24Z
522,8,20,,,2026-07-08T23:51:24Z
522,8,21,,,2026-07-08T23:51:24Z
522,8,22,,,2026-07-08T23:51:24Z
522,8,23,,,2026-07-08T23:51:24Z
522,8,24,,,2026-07-08T23:51:24Z
522,4,9,,,2026-07-08T23:51:24Z
522,4,10,,,2026-07-08T23:51:24Z
304,3,3,,,2026-07-08T23:51:24Z
304,3,4,,,2026-07-08T23:51:24Z
304,3,5,,,2026-07-08T23:51:24Z
304,3,6,,,2026-07-08T23:51:24Z
304,3,7,,,2026-07-08T23:51:24Z
304,3,8,,,2026-07-08T23:51:24Z
304,4,3,,,2026-07-08T23:51:24Z
304,4,4,,,2026-07-08T23:51:24Z
512,5,7,,,2026-07-08T23:51:24Z
512,5,8,,,2026-07-08T23:51:24Z
512,5,9,,,2026-07-08T23:51:24Z
512,5,10,,,2026-07-08T23:51:24Z
512,12,13,,,2026-07-08T23:51:24Z
512,12,14,,,2026-07-08T23:51:24Z
512,12,15,,,2026-07-08T23:51:24Z
512,12,16,,,2026-07-08T23:51:24Z
512,12,4,,,2026-07-08T23:51:24Z
512,12,5,,,2026-07-08T23:51:24Z
512,12,6,,,2026-07-08T23:51:24Z
512,12,7,,,2026-07-08T23:51:24Z
512,12,8,,,2026-07-08T23:51:24Z
512,12,9,,,2026-07-08T23:51:24Z
512,15,1,,,2026-07-08T23:51:24Z
512,15,2,,,2026-07-08T23:51:24Z
512,15,3,,,2026-07-08T23:51:24Z
512,15,4,,,2026-07-08T23:51:24Z
512,15,5,,,2026-07-08T23:51:24Z
512,15,6,,,2026-07-08T23:51:24Z
512,15,7,,,2026-07-08T23:51:24Z
512,17,10,,,2026-07-08T23:51:24Z
512,17,11,,,2026-07-08T23:51:24Z
512,17,2,,,2026-07-08T23:51:24Z
512,17,3,,,2026-07-08T23:51:24Z
512,17,4,,,2026-07-08T23:51:24Z
512,17,5,,,2026-07-08T23:51:24Z
512,17,6,,,2026-07-08T23:51:24Z
512,17,7,,,2026-07-08T23:51:24Z
512,17,8,,,2026-07-08T23:51:24Z
512,17,9,,,2026-07-08T23:51:24Z
512,11,6,,,2026-07-08T23:51:24Z
512,11,7,,,2026-07-08T23:51:24Z
512,11,8,,,2026-07-08T23:51:24Z
512,11,9,,,2026-07-08T23:51:24Z
512,11,10,,,2026-07-08T23:51:24Z
512,11,11,,,2026-07-08T23:51:24Z
512,11,12,,,2026-07-08T23:51:24Z
512,11,13,,,2026-07-08T23:51:24Z
512,11,14,,,2026-07-08T23:51:24Z
512,11,15,,,2026-07-08T23:51:24Z
128,4,3,,,2026-07-08T23:51:24Z
128,4,4,,,2026-07-08T23:51:24Z
403,1,9,,,2026-07-08T23:51:24Z
403,1,8,,,2026-07-08T23:51:24Z
403,1,10,,,2026-07-08T23:51:24Z
403,1,11,,,2026-07-08T23:51:24Z
403,1,12,,,2026-07-08T23:51:24Z
403,1,1,,,2026-07-08T23:51:24Z
403,1,7,,,2026-07-08T23:51:24Z
403,1,2,,,2026-07-08T23:51:24Z
403,1,3,,,2026-07-08T23:51:24Z
403,1,4,,,2026-07-08T23:51:24Z
403,2,1,,,2026-07-08T23:51:24Z
403,2,10,,,2026-07-08T23:51:24Z
403,2,11,,,2026-07-08T23:51:24Z
403,2,12,,,2026-07-08T23:51:24Z
403,2,13,,,2026-07-08T23:51:24Z
403,2,14,,,2026-07-08T23:51:24Z
403,2,2,,,2026-07-08T23:51:24Z
403,2,3,,,2026-07-08T23:51:24Z
403,2,4,,,2026-07-08T23:51:24Z
403,2,5,,,2026-07-08T23:51:24Z
403,2,6,,,2026-07-08T23:51:24Z
403,2,7,,,2026-07-08T23:51:24Z
403,2,8,,,2026-07-08T23:51:24Z
403,2,9,,,2026-07-08T23:51:24Z
403,3,7,,,2026-07-08T23:51:24Z
403,3,8,,,2026-07-08T23:51:24Z
403,3,9,,,2026-07-08T23:51:24Z
403,3,10,,,2026-07-08T23:51:24Z
403,4,15,,,2026-07-08T23:51:24Z
403,4,16,,,2026-07-08T23:51:24Z
403,4,17,,,2026-07-08T23:51:24Z
403,4,18,,,2026-07-08T23:51:24Z
403,4,19,,,2026-07-08T23:51:24Z
403,4,20,,,2026-07-08T23:51:24Z
403,4,21,,,2026-07-08T23:51:24Z
403,4,22,,,2026-07-08T23:51:24Z
403,4,23,,,2026-07-08T23:51:24Z
403,4,24,,,2026-07-08T23:51:24Z
432,1,13,,,2026-07-08T23:51:24Z
432,1,14,,,2026-07-08T23:51:24Z
432,1,2,,,2026-07-08T23:51:24Z
432,1,3,,,2026-07-08T23:51:24Z
432,1,4,,,2026-07-08T23:51:24Z
432,1,5,,,2026-07-08T23:51:24Z
432,1,6,,,2026-07-08T23:51:24Z
432,1,7,,,2026-07-08T23:51:24Z
432,1,8,,,2026-07-08T23:51:24Z
432,4,6,,,2026-07-08T23:51:24Z
432,4,7,,,2026-07-08T23:51:24Z
432,4,8,,,2026-07-08T23:51:24Z
432,4,9,,,2026-07-08T23:51:24Z
432,4,10,,,2026-07-08T23:51:24Z
432,4,11,,,2026-07-08T23:51:24Z
432,4,12,,,2026-07-08T23:51:24Z
432,4,13,,,2026-07-08T23:51:24Z
432,4,14,,,2026-07-08T23:51:24Z
432,3,5,,,2026-07-08T23:51:24Z
432,3,6,,,2026-07-08T23:51:24Z
432,3,7,,,2026-07-08T23:51:24Z
432,3,8,,,2026-07-08T23:51:24Z
432,3,9,,,2026-07-08T23:51:24Z
432,3,10,,,2026-07-08T23:51:24Z
432,3,11,,,2026-07-08T23:51:24Z
432,3,12,,,2026-07-08T23:51:24Z
432,3,13,,,2026-07-08T23:51:24Z
432,3,14,,,2026-07-08T23:51:24Z
419,4,7,,,2026-07-08T23:51:24Z
419,4,8,,,2026-07-08T23:51:24Z
419,4,9,,,2026-07-08T23:51:24Z
419,4,10,,,2026-07-08T23:51:24Z
419,3,1,,,2026-07-08T23:51:24Z
419,3,2,,,2026-07-08T23:51:24Z
502,1,10,,,2026-07-08T23:51:24Z
502,1,11,,,2026-07-08T23:51:24Z
502,1,12,,,2026-07-08T23:51:24Z
502,1,13,,,2026-07-08T23:51:24Z
502,1,14,,,2026-07-08T23:51:24Z
502,1,15,,,2026-07-08T23:51:24Z
502,1,20,,,2026-07-08T23:51:24Z
502,1,21,,,2026-07-08T23:51:24Z
502,1,22,,,2026-07-08T23:51:24Z
502,1,23,,,2026-07-08T23:51:24Z
502,1,24,,,2026-07-08T23:51:24Z
502,1,5,,,2026-07-08T23:51:24Z
502,1,6,,,2026-07-08T23:51:24Z
502,1,7,,,2026-07-08T23:51:24Z
502,1,8,,,2026-07-08T23:51:24Z
502,1,9,,,2026-07-08T23:51:24Z
502,17,10,,,2026-07-08T23:51:24Z
502,17,18,,,2026-07-08T23:51:24Z
502,17,19,,,2026-07-08T23:51:24Z
502,17,20,,,2026-07-08T23:51:24Z
502,17,21,,,2026-07-08T23:51:24Z
502,17,22,,,2026-07-08T23:51:24Z
502,17,23,,,2026-07-08T23:51:24Z
502,17,24,,,2026-07-08T23:51:24Z
502,17,25,,,2026-07-08T23:51:24Z
502,17,26,,,2026-07-08T23:51:24Z
502,17,27,,,2026-07-08T23:51:24Z
502,17,3,,,2026-07-08T23:51:24Z
502,17,4,,,2026-07-08T23:51:24Z
502,17,5,,,2026-07-08T23:51:24Z
502,17,6,,,2026-07-08T23:51:24Z
502,17,7,,,2026-07-08T23:51:24Z
502,17,8,,,2026-07-08T23:51:24Z
502,17,9,,,2026-07-08T23:51:24Z
502,13,15,,,2026-07-08T23:51:24Z
502,13,16,,,2026-07-08T23:51:24Z
502,13,17,,,2026-07-08T23:51:24Z
502,13,18,,,2026-07-08T23:51:24Z
502,13,19,,,2026-07-08T23:51:24Z
502,13,20,,,2026-07-08T23:51:24Z
502,13,21,,,2026-07-08T23:51:24Z
502,13,22,,,2026-07-08T23:51:24Z
502,13,23,,,2026-07-08T23:51:24Z
502,13,24,,,2026-07-08T23:51:24Z
502,15,10,,,2026-07-08T23:51:24Z
502,15,2,,,2026-07-08T23:51:24Z
502,15,3,,,2026-07-08T23:51:24Z
502,15,4,,,2026-07-08T23:51:24Z
502,15,5,,,2026-07-08T23:51:24Z
502,15,6,,,2026-07-08T23:51:24Z
502,15,7,,,2026-07-08T23:51:24Z
502,15,8,,,2026-07-08T23:51:24Z
502,15,9,,,2026-07-08T23:51:24Z
502,10,15,,,2026-07-08T23:51:24Z
502,10,16,,,2026-07-08T23:51:24Z
502,10,17,,,2026-07-08T23:51:24Z
502,10,18,,,2026-07-08T23:51:24Z
502,10,19,,,2026-07-08T23:51:24Z
502,10,20,,,2026-07-08T23:51:24Z
502,10,21,,,2026-07-08T23:51:24Z
502,10,22,,,2026-07-08T23:51:24Z
502,10,23,,,2026-07-08T23:51:24Z
502,10,24,,,2026-07-08T23:51:24Z
502,11,15,,,2026-07-08T23:51:24Z
502,11,16,,,2026-07-08T23:51:24Z
502,11,17,,,2026-07-08T23:51:24Z
502,11,18,,,2026-07-08T23:51:24Z
502,11,19,,,2026-07-08T23:51:24Z
502,11,20,,,2026-07-08T23:51:24Z
502,11,21,,,2026-07-08T23:51:24Z
502,11,22,,,2026-07-08T23:51:24Z
502,11,23,,,2026-07-08T23:51:24Z
502,11,24,,,2026-07-08T23:51:24Z
502,5,1,,,2026-07-08T23:51:24Z
502,5,10,,,2026-07-08T23:51:24Z
502,5,2,,,2026-07-08T23:51:24Z
502,5,3,,,2026-07-08T23:51:24Z
502,5,4,,,2026-07-08T23:51:24Z
502,5,5,,,2026-07-08T23:51:24Z
502,5,6,,,2026-07-08T23:51:24Z
502,5,7,,,2026-07-08T23:51:24Z
502,5,8,,,2026-07-08T23:51:24Z
502,5,9,,,2026-07-08T23:51:24Z
502,7,20,,,2026-07-08T23:51:24Z
502,7,21,,,2026-07-08T23:51:24Z
502,7,22,,,2026-07-08T23:51:24Z
502,7,23,,,2026-07-08T23:51:24Z
502,7,24,,,2026-07-08T23:51:24Z
502,3,7,,,2026-07-08T23:51:24Z
502,3,8,,,2026-07-08T23:51:24Z
502,3,9,,,2026-07-08T23:51:24Z
502,3,10,,,2026-07-08T23:51:24Z
502,3,11,,,2026-07-08T23:51:24Z
502,3,12,,,2026-07-08T23:51:24Z
502,3,13,,,2026-07-08T23:51:24Z
502,3,14,,,2026-07-08T23:51:24Z
502,3,15,,,2026-07-08T23:51:24Z
502,3,16,,,2026-07-08T23:51:24Z
502,2,6,,,2026-07-08T23:51:24Z
502,2,7,,,2026-07-08T23:51:24Z
502,2,8,,,2026-07-08T23:51:24Z
502,2,9,,,2026-07-08T23:51:24Z
502,2,10,,,2026-07-08T23:51:24Z
502,2,11,,,2026-07-08T23:51:24Z
502,2,12,,,2026-07-08T23:51:24Z
502,9,15,,,2026-07-08T23:51:24Z
502,9,16,,,2026-07-08T23:51:24Z
502,9,17,,,2026-07-08T23:51:24Z
502,9,18,,,2026-07-08T23:51:24Z
502,9,19,,,2026-07-08T23:51:24Z
502,9,20,,,2026-07-08T23:51:24Z
502,9,21,,,2026-07-08T23:51:24Z
502,9,22,,,2026-07-08T23:51:24Z
502,9,23,,,2026-07-08T23:51:24Z
502,9,24,,,2026-07-08T23:51:24Z
502,6,15,,,2026-07-08T23:51:24Z
502,6,16,,,2026-07-08T23:51:24Z
502,6,17,,,2026-07-08T23:51:24Z
502,6,18,,,2026-07-08T23:51:24Z
502,6,19,,,2026-07-08T23:51:24Z
502,6,20,,,2026-07-08T23:51:24Z
502,6,21,,,2026-07-08T23:51:24Z
502,6,22,,,2026-07-08T23:51:24Z
502,6,23,,,2026-07-08T23:51:24Z
502,6,24,,,2026-07-08T23:51:24Z
339,1,15,,,2026-07-08T23:51:24Z
339,1,16,,,2026-07-08T23:51:24Z
335,2,1,,,2026-07-08T23:51:24Z
335,2,11,,,2026-07-08T23:51:24Z
335,2,12,,,2026-07-08T23:51:24Z
335,2,2,,,2026-07-08T23:51:24Z
335,2,3,,,2026-07-08T23:51:24Z
335,2,4,,,2026-07-08T23:51:24Z
335,2,5,,,2026-07-08T23:51:24Z
335,2,6,,,2026-07-08T23:51:24Z
335,10,11,,,2026-07-08T23:51:24Z
335,10,12,,,2026-07-08T23:51:24Z
335,10,13,,,2026-07-08T23:51:24Z
335,10,14,,,2026-07-08T23:51:24Z
335,10,15,,,2026-07-08T23:51:24Z
335,10,16,,,2026-07-08T23:51:24Z
335,10,17,,,2026-07-08T23:51:24Z
335,10,18,,,2026-07-08T23:51:24Z
335,10,19,,,2026-07-08T23:51:24Z
335,10,20,,,2026-07-08T23:51:24Z
335,6,1,,,2026-07-08T23:51:24Z
335,6,15,,,2026-07-08T23:51:24Z
335,6,16,,,2026-07-08T23:51:24Z
335,6,2,,,2026-07-08T23:51:24Z
335,6,3,,,2026-07-08T23:51:24Z
335,6,4,,,2026-07-08T23:51:24Z
335,9,11,,,2026-07-08T23:51:24Z
335,9,12,,,2026-07-08T23:51:24Z
335,9,13,,,2026-07-08T23:51:24Z
335,9,14,,,2026-07-08T23:51:24Z
335,9,15,,,2026-07-08T23:51:24Z
335,9,16,,,2026-07-08T23:51:24Z
335,9,17,,,2026-07-08T23:51:24Z
335,9,18,,,2026-07-08T23:51:24Z
335,9,19,,,2026-07-08T23:51:24Z
335,9,20,,,2026-07-08T23:51:24Z
335,8,1,,,2026-07-08T23:51:24Z
335,8,10,,,2026-07-08T23:51:24Z
335,8,2,,,2026-07-08T23:51:24Z
335,8,3,,,2026-07-08T23:51:24Z
335,8,4,,,2026-07-08T23:51:24Z
335,8,5,,,2026-07-08T23:51:24Z
335,8,6,,,2026-07-08T23:51:24Z
335,8,7,,,2026-07-08T23:51:24Z
335,8,8,,,2026-07-08T23:51:24Z
335,8,9,,,2026-07-08T23:51:24Z
335,7,12,,,2026-07-08T23:51:24Z
335,7,13,,,2026-07-08T23:51:24Z
335,7,14,,,2026-07-08T23:51:24Z
335,7,15,,,2026-07-08T23:51:24Z
335,7,16,,,2026-07-08T23:51:24Z
503,1,7,,,2026-07-08T23:51:24Z
503,1,6,,,2026-07-08T23:51:24Z
503,1,8,,,2026-07-08T23:51:24Z
503,1,9,,,2026-07-08T23:51:24Z
503,1,10,,,2026-07-08T23:51:24Z
503,1,11,,,2026-07-08T23:51:24Z
503,1,12,,,2026-07-08T23:51:24Z
503,1,13,,,2026-07-08T23:51:24Z
503,1,14,,,2026-07-08T23:51:24Z
503,1,15,,,2026-07-08T23:51:24Z
503,1,16,,,2026-07-08T23:51:24Z
503,1,17,,,2026-07-08T23:51:24Z
503,1,18,,,2026-07-08T23:51:24Z
503,1,5,,,2026-07-08T23:51:24Z
503,16,15,,,2026-07-08T23:51:24Z
503,16,16,,,2026-07-08T23:51:24Z
503,16,17,,,2026-07-08T23:51:24Z
503,16,18,,,2026-07-08T23:51:24Z
503,16,19,,,2026-07-08T23:51:24Z
503,16,20,,,2026-07-08T23:51:24Z
503,16,21,,,2026-07-08T23:51:24Z
503,16,22,,,2026-07-08T23:51:24Z
503,16,23,,,2026-07-08T23:51:24Z
503,16,24,,,2026-07-08T23:51:24Z
503,15,15,,,2026-07-08T23:51:24Z
503,15,16,,,2026-07-08T23:51:24Z
503,15,17,,,2026-07-08T23:51:24Z
503,15,18,,,2026-07-08T23:51:24Z
503,15,19,,,2026-07-08T23:51:24Z
503,15,20,,,2026-07-08T23:51:24Z
503,15,21,,,2026-07-08T23:51:24Z
503,15,22,,,2026-07-08T23:51:24Z
503,15,23,,,2026-07-08T23:51:24Z
503,15,24,,,2026-07-08T23:51:24Z
503,6,1,,,2026-07-08T23:51:24Z
503,6,10,,,2026-07-08T23:51:24Z
503,6,2,,,2026-07-08T23:51:24Z
503,6,3,,,2026-07-08T23:51:24Z
503,6,4,,,2026-07-08T23:51:24Z
503,6,5,,,2026-07-08T23:51:24Z
503,6,6,,,2026-07-08T23:51:24Z
503,6,7,,,2026-07-08T23:51:24Z
503,6,8,,,2026-07-08T23:51:24Z
503,6,9,,,2026-07-08T23:51:24Z
503,4,6,,,2026-07-08T23:51:24Z
503,4,7,,,2026-07-08T23:51:24Z
503,4,8,,,2026-07-08T23:51:24Z
503,4,9,,,2026-07-08T23:51:24Z
503,4,10,,,2026-07-08T23:51:24Z
503,4,11,,,2026-07-08T23:51:24Z
503,4,12,,,2026-07-08T23:51:24Z
503,4,13,,,2026-07-08T23:51:24Z
503,4,14,,,2026-07-08T23:51:24Z
503,4,15,,,2026-07-08T23:51:24Z
503,5,1,,,2026-07-08T23:51:24Z
503,5,10,,,2026-07-08T23:51:24Z
503,5,2,,,2026-07-08T23:51:24Z
503,5,3,,,2026-07-08T23:51:24Z
503,5,4,,,2026-07-08T23:51:24Z
503,5,5,,,2026-07-08T23:51:24Z
503,5,6,,,2026-07-08T23:51:24Z
503,5,7,,,2026-07-08T23:51:24Z
503,5,8,,,2026-07-08T23:51:24Z
503,5,9,,,2026-07-08T23:51:24Z
305,3,5,,,2026-07-08T23:51:24Z
305,3,6,,,2026-07-08T23:51:24Z
305,3,7,,,2026-07-08T23:51:24Z
305,3,8,,,2026-07-08T23:51:24Z
305,3,9,,,2026-07-08T23:51:24Z
302,8,4,,,2026-07-08T23:51:24Z
302,8,5,,,2026-07-08T23:51:24Z
302,8,6,,,2026-07-08T23:51:24Z
302,8,7,,,2026-07-08T23:51:24Z
302,8,8,,,2026-07-08T23:51:24Z
302,8,9,,,2026-07-08T23:51:24Z
302,8,10,,,2026-07-08T23:51:24Z
302,8,11,,,2026-07-08T23:51:24Z
302,8,12,,,2026-07-08T23:51:24Z
302,8,13,,,2026-07-08T23:51:24Z
302,8,14,,,2026-07-08T23:51:24Z
302,8,15,,,2026-07-08T23:51:24Z
302,7,5,,,2026-07-08T23:51:24Z
302,7,6,,,2026-07-08T23:51:24Z
302,6,13,,,2026-07-08T23:51:24Z
302,6,14,,,2026-07-08T23:51:24Z
102,9,14,,,2026-07-08T23:51:24Z
102,9,15,,,2026-07-08T23:51:24Z
102,9,16,,,2026-07-08T23:51:24Z
102,9,17,,,2026-07-08T23:51:24Z
102,11,13,,,2026-07-08T23:51:24Z
102,11,14,,,2026-07-08T23:51:24Z
102,11,15,,,2026-07-08T23:51:24Z
102,11,16,,,2026-07-08T23:51:24Z
314,2,1,,,2026-07-08T23:51:24Z
314,2,2,,,2026-07-08T23:51:24Z
521,5,18,,,2026-07-08T23:51:24Z
521,5,19,,,2026-07-08T23:51:24Z
521,3,5,,,2026-07-08T23:51:24Z
521,3,6,,,2026-07-08T23:51:24Z
521,3,7,,,2026-07-08T23:51:24Z
521,3,8,,,2026-07-08T23:51:24Z
521,3,9,,,2026-07-08T23:51:24Z
521,3,10,,,2026-07-08T23:51:24Z
521,3,11,,,2026-07-08T23:51:24Z
521,3,12,,,2026-07-08T23:51:24Z
521,3,13,,,2026-07-08T23:51:24Z
521,3,14,,,2026-07-08T23:51:24Z
521,7,1,,,2026-07-08T23:51:24Z
521,7,10,,,2026-07-08T23:51:24Z
521,7,2,,,2026-07-08T23:51:24Z
521,7,3,,,2026-07-08T23:51:24Z
521,7,4,,,2026-07-08T23:51:24Z
521,7,5,,,2026-07-08T23:51:24Z
521,7,6,,,2026-07-08T23:51:24Z
521,7,7,,,2026-07-08T23:51:24Z
521,7,8,,,2026-07-08T23:51:24Z
521,7,9,,,2026-07-08T23:51:24Z
521,17,16,,,2026-07-08T23:51:24Z
521,17,17,,,2026-07-08T23:51:24Z
521,17,18,,,2026-07-08T23:51:24Z
521,17,19,,,2026-07-08T23:51:24Z
521,17,20,,,2026-07-08T23:51:24Z
521,17,21,,,2026-07-08T23:51:24Z
521,17,22,,,2026-07-08T23:51:24Z
521,17,23,,,2026-07-08T23:51:24Z
521,17,24,,,2026-07-08T23:51:24Z
521,17,25,,,2026-07-08T23:51:24Z
521,1,6,,,2026-07-08T23:51:24Z
521,1,7,,,2026-07-08T23:51:24Z
521,9,12,,,2026-07-08T23:51:24Z
521,9,13,,,2026-07-08T23:51:24Z
521,9,14,,,2026-07-08T23:51:24Z
521,9,15,,,2026-07-08T23:51:24Z
521,9,16,,,2026-07-08T23:51:24Z
521,9,17,,,2026-07-08T23:51:24Z
521,9,18,,,2026-07-08T23:51:24Z
521,9,19,,,2026-07-08T23:51:24Z
521,9,20,,,2026-07-08T23:51:24Z
521,9,21,,,2026-07-08T23:51:24Z
401,4,2,,,2026-07-08T23:51:24Z
401,4,3,,,2026-07-08T23:51:24Z
401,4,4,,,2026-07-08T23:51:24Z
401,4,5,,,2026-07-08T23:51:24Z
401,4,6,,,2026-07-08T23:51:24Z
401,4,7,,,2026-07-08T23:51:24Z
401,4,8,,,2026-07-08T23:51:24Z
401,4,9,,,2026-07-08T23:51:24Z
401,4,10,,,2026-07-08T23:51:24Z
401,4,11,,,2026-07-08T23:51:24Z
401,7,1,,,2026-07-08T23:51:24Z
401,7,10,,,2026-07-08T23:51:24Z
401,7,2,,,2026-07-08T23:51:24Z
401,7,3,,,2026-07-08T23:51:24Z
401,7,4,,,2026-07-08T23:51:24Z
401,7,5,,,2026-07-08T23:51:24Z
401,7,6,,,2026-07-08T23:51:24Z
401,7,7,,,2026-07-08T23:51:24Z
401,7,8,,,2026-07-08T23:51:24Z
401,7,9,,,2026-07-08T23:51:24Z
401,1,9,,,2026-07-08T23:51:24Z
401,1,10,,,2026-07-08T23:51:24Z
401,1,11,,,2026-07-08T23:51:24Z
401,1,12,,,2026-07-08T23:51:24Z
401,2,5,,,2026-07-08T23:51:24Z
401,2,6,,,2026-07-08T23:51:24Z
401,2,7,,,2026-07-08T23:51:24Z
401,2,8,,,2026-07-08T23:51:24Z
401,2,9,,,2026-07-08T23:51:24Z
401,2,10,,,2026-07-08T23:51:24Z
401,2,11,,,2026-07-08T23:51:24Z
401,2,12,,,2026-07-08T23:51:24Z
401,5,3,,,2026-07-08T23:51:24Z
401,5,4,,,2026-07-08T23:51:24Z
401,5,5,,,2026-07-08T23:51:24Z
401,5,6,,,2026-07-08T23:51:24Z
401,5,7,,,2026-07-08T23:51:24Z
401,5,8,,,2026-07-08T23:51:24Z
401,5,9,,,2026-07-08T23:51:24Z
401,5,10,,,2026-07-08T23:51:24Z
401,5,11,,,2026-07-08T23:51:24Z
401,5,12,,,2026-07-08T23:51:24Z
401,3,1,,,2026-07-08T23:51:24Z
401,3,10,,,2026-07-08T23:51:24Z
401,3,2,,,2026-07-08T23:51:24Z
401,3,3,,,2026-07-08T23:51:24Z
401,3,4,,,2026-07-08T23:51:24Z
401,3,5,,,2026-07-08T23:51:24Z
401,3,6,,,2026-07-08T23:51:24Z
401,3,7,,,2026-07-08T23:51:24Z
401,3,8,,,2026-07-08T23:51:24Z
401,3,9,,,2026-07-08T23:51:24Z
523,1,5,,,2026-07-08T23:51:24Z
523,1,6,,,2026-07-08T23:51:24Z
523,1,7,,,2026-07-08T23:51:24Z
523,1,8,,,2026-07-08T23:51:24Z
523,1,9,,,2026-07-08T23:51:24Z
523,1,10,,,2026-07-08T23:51:24Z
523,1,11,,,2026-07-08T23:51:24Z
523,1,12,,,2026-07-08T23:51:24Z
523,1,13,,,2026-07-08T23:51:24Z
523,12,10,,,2026-07-08T23:51:24Z
523,12,2,,,2026-07-08T23:51:24Z
523,12,3,,,2026-07-08T23:51:24Z
523,12,4,,,2026-07-08T23:51:24Z
523,12,5,,,2026-07-08T23:51:24Z
523,12,6,,,2026-07-08T23:51:24Z
523,12,7,,,2026-07-08T23:51:24Z
523,12,8,,,2026-07-08T23:51:24Z
523,12,9,,,2026-07-08T23:51:24Z
523,3,10,,,2026-07-08T23:51:24Z
523,3,11,,,2026-07-08T23:51:24Z
523,3,12,,,2026-07-08T23:51:24Z
523,3,13,,,2026-07-08T23:51:24Z
523,3,14,,,2026-07-08T23:51:24Z
523,3,15,,,2026-07-08T23:51:24Z
523,3,16,,,2026-07-08T23:51:24Z
523,3,17,,,2026-07-08T23:51:24Z
523,3,18,,,2026-07-08T23:51:24Z
523,7,10,,,2026-07-08T23:51:24Z
523,7,11,,,2026-07-08T23:51:24Z
523,7,12,,,2026-07-08T23:51:24Z
523,7,13,,,2026-07-08T23:51:24Z
523,7,14,,,2026-07-08T23:51:24Z
523,7,15,,,2026-07-08T23:51:24Z
523,7,16,,,2026-07-08T23:51:24Z
523,7,17,,,2026-07-08T23:51:24Z
523,7,18,,,2026-07-08T23:51:24Z
523,7,19,,,2026-07-08T23:51:24Z
404,1,6,,,2026-07-08T23:51:24Z
404,1,7,,,2026-07-08T23:51:24Z
404,1,8,,,2026-07-08T23:51:24Z
404,1,9,,,2026-07-08T23:51:24Z
404,1,10,,,2026-07-08T23:51:24Z
404,1,11,,,2026-07-08T23:51:24Z
404,1,12,,,2026-07-08T23:51:24Z
404,4,19,,,2026-07-08T23:51:24Z
404,4,20,,,2026-07-08T23:51:24Z
531,5,1,,,2026-07-08T23:51:24Z
531,5,10,,,2026-07-08T23:51:24Z
531,5,13,,,2026-07-08T23:51:24Z
531,5,14,,,2026-07-08T23:51:24Z
531,5,15,,,2026-07-08T23:51:24Z
531,5,16,,,2026-07-08T23:51:24Z
531,5,17,,,2026-07-08T23:51:24Z
531,5,18,,,2026-07-08T23:51:24Z
531,5,19,,,2026-07-08T23:51:24Z
531,5,2,,,2026-07-08T23:51:24Z
531,5,3,,,2026-07-08T23:51:24Z
531,5,20,,,2026-07-08T23:51:24Z
531,5,21,,,2026-07-08T23:51:24Z
531,5,22,,,2026-07-08T23:51:24Z
531,5,4,,,2026-07-08T23:51:24Z
531,5,5,,,2026-07-08T23:51:24Z
531,5,6,,,2026-07-08T23:51:24Z
531,5,7,,,2026-07-08T23:51:24Z
531,5,8,,,2026-07-08T23:51:24Z
531,5,9,,,2026-07-08T23:51:24Z
531,14,10,,,2026-07-08T23:51:24Z
531,14,11,,,2026-07-08T23:51:24Z
531,14,12,,,2026-07-08T23:51:24Z
531,14,13,,,2026-07-08T23:51:24Z
531,14,14,,,2026-07-08T23:51:24Z
531,14,15,,,2026-07-08T23:51:24Z
531,14,16,,,2026-07-08T23:51:24Z
531,14,17,,,2026-07-08T23:51:24Z
531,14,18,,,2026-07-08T23:51:24Z
531,14,19,,,2026-07-08T23:51:24Z
531,14,20,,,2026-07-08T23:51:24Z
531,14,3,,,2026-07-08T23:51:24Z
531,14,4,,,2026-07-08T23:51:24Z
531,14,5,,,2026-07-08T23:51:24Z
531,14,6,,,2026-07-08T23:51:24Z
531,14,7,,,2026-07-08T23:51:24Z
531,14,8,,,2026-07-08T23:51:24Z
531,14,9,,,2026-07-08T23:51:24Z
531,10,13,,,2026-07-08T23:51:24Z
531,10,10,,,2026-07-08T23:51:24Z
531,10,11,,,2026-07-08T23:51:24Z
531,10,12,,,2026-07-08T23:51:24Z
531,10,14,,,2026-07-08T23:51:24Z
531,10,15,,,2026-07-08T23:51:24Z
531,10,16,,,2026-07-08T23:51:24Z
531,10,17,,,2026-07-08T23:51:24Z
531,10,18,,,2026-07-08T23:51:24Z
531,10,19,,,2026-07-08T23:51:24Z
531,10,20,,,2026-07-08T23:51:24Z
531,10,21,,,2026-07-08T23:51:24Z
531,10,22,,,2026-07-08T23:51:24Z
531,10,3,,,2026-07-08T23:51:24Z
531,10,4,,,2026-07-08T23:51:24Z
531,10,5,,,2026-07-08T23:51:24Z
531,10,6,,,2026-07-08T23:51:24Z
531,10,7,,,2026-07-08T23:51:24Z
531,10,8,,,2026-07-08T23:51:24Z
531,10,9,,,2026-07-08T23:51:24Z
531,13,4,,,2026-07-08T23:51:24Z
531,13,5,,,2026-07-08T23:51:24Z
531,13,6,,,2026-07-08T23:51:24Z
531,13,7,,,2026-07-08T23:51:24Z
531,13,8,,,2026-07-08T23:51:24Z
531,13,9,,,2026-07-08T23:51:24Z
531,13,10,,,2026-07-08T23:51:24Z
531,13,11,,,2026-07-08T23:51:24Z
531,13,12,,,2026-07-08T23:51:24Z
531,13,13,,,2026-07-08T23:51:24Z
531,16,10,,,2026-07-08T23:51:24Z
531,16,2,,,2026-07-08T23:51:24Z
531,16,3,,,2026-07-08T23:51:24Z
531,16,4,,,2026-07-08T23:51:24Z
531,16,5,,,2026-07-08T23:51:24Z
531,16,6,,,2026-07-08T23:51:24Z
531,16,7,,,2026-07-08T23:51:24Z
531,16,8,,,2026-07-08T23:51:24Z
531,16,9,,,2026-07-08T23:51:24Z
531,12,10,,,2026-07-08T23:51:24Z
531,12,11,,,2026-07-08T23:51:24Z
531,12,12,,,2026-07-08T23:51:24Z
531,12,13,,,2026-07-08T23:51:24Z
531,12,14,,,2026-07-08T23:51:24Z
531,12,15,,,2026-07-08T23:51:24Z
531,12,16,,,2026-07-08T23:51:24Z
531,12,17,,,2026-07-08T23:51:24Z
531,12,18,,,2026-07-08T23:51:24Z
531,12,19,,,2026-07-08T23:51:24Z
531,12,20,,,2026-07-08T23:51:24Z
531,12,21,,,2026-07-08T23:51:24Z
531,12,22,,,2026-07-08T23:51:24Z
531,12,3,,,2026-07-08T23:51:24Z
531,12,4,,,2026-07-08T23:51:24Z
531,12,5,,,2026-07-08T23:51:24Z
531,12,6,,,2026-07-08T23:51:24Z
531,12,7,,,2026-07-08T23:51:24Z
531,12,8,,,2026-07-08T23:51:24Z
531,12,9,,,2026-07-08T23:51:24Z
531,15,10,,,2026-07-08T23:51:24Z
531,15,16,,,2026-07-08T23:51:24Z
531,15,17,,,2026-07-08T23:51:24Z
531,15,18,,,2026-07-08T23:51:24Z
531,15,19,,,2026-07-08T23:51:24Z
531,15,20,,,2026-07-08T23:51:24Z
531,15,21,,,2026-07-08T23:51:24Z
531,15,22,,,2026-07-08T23:51:24Z
531,15,3,,,2026-07-08T23:51:24Z
531,15,4,,,2026-07-08T23:51:24Z
531,15,5,,,2026-07-08T23:51:24Z
531,15,6,,,2026-07-08T23:51:24Z
531,15,7,,,2026-07-08T23:51:24Z
531,15,8,,,2026-07-08T23:51:24Z
531,15,9,,,2026-07-08T23:51:24Z
531,11,13,,,2026-07-08T23:51:24Z
531,11,10,,,2026-07-08T23:51:24Z
531,11,14,,,2026-07-08T23:51:24Z
531,11,15,,,2026-07-08T23:51:24Z
531,11,16,,,2026-07-08T23:51:24Z
531,11,17,,,2026-07-08T23:51:24Z
531,11,18,,,2026-07-08T23:51:24Z
531,11,19,,,2026-07-08T23:51:24Z
531,11,20,,,2026-07-08T23:51:24Z
531,11,21,,,2026-07-08T23:51:24Z
531,11,22,,,2026-07-08T23:51:24Z
531,11,3,,,2026-07-08T23:51:24Z
531,11,4,,,2026-07-08T23:51:24Z
531,11,5,,,2026-07-08T23:51:24Z
531,11,6,,,2026-07-08T23:51:24Z
531,11,7,,,2026-07-08T23:51:24Z
531,11,8,,,2026-07-08T23:51:24Z
531,11,9,,,2026-07-08T23:51:24Z
531,17,17,,,2026-07-08T23:51:24Z
531,17,18,,,2026-07-08T23:51:24Z
531,17,19,,,2026-07-08T23:51:24Z
531,17,20,,,2026-07-08T23:51:24Z
531,17,21,,,2026-07-08T23:51:24Z
531,17,22,,,2026-07-08T23:51:24Z
531,17,23,,,2026-07-08T23:51:24Z
531,17,24,,,2026-07-08T23:51:24Z
531,17,25,,,2026-07-08T23:51:24Z
531,17,26,,,2026-07-08T23:51:24Z
531,1,6,,,2026-07-08T23:51:24Z
531,1,7,,,2026-07-08T23:51:24Z
531,1,8,,,2026-07-08T23:51:24Z
531,1,9,,,2026-07-08T23:51:24Z
531,1,10,,,2026-07-08T23:51:24Z
531,1,11,,,2026-07-08T23:51:24Z
531,1,12,,,2026-07-08T23:51:24Z
531,1,13,,,2026-07-08T23:51:24Z
531,1,14,,,2026-07-08T23:51:24Z
531,1,15,,,2026-07-08T23:51:24Z
531,1,16,,,2026-07-08T23:51:24Z
531,1,17,,,2026-07-08T23:51:24Z
531,1,18,,,2026-07-08T23:51:24Z
531,1,19,,,2026-07-08T23:51:24Z
531,1,20,,,2026-07-08T23:51:24Z
531,1,21,,,2026-07-08T23:51:24Z
531,1,22,,,2026-07-08T23:51:24Z
531,8,13,,,2026-07-08T23:51:24Z
531,8,14,,,2026-07-08T23:51:24Z
531,8,15,,,2026-07-08T23:51:24Z
531,8,16,,,2026-07-08T23:51:24Z
531,8,17,,,2026-07-08T23:51:24Z
531,8,18,,,2026-07-08T23:51:24Z
531,8,19,,,2026-07-08T23:51:24Z
531,8,20,,,2026-07-08T23:51:24Z
531,8,21,,,2026-07-08T23:51:24Z
531,8,22,,,2026-07-08T23:51:24Z
531,6,11,,,2026-07-08T23:51:24Z
531,6,12,,,2026-07-08T23:51:24Z
531,6,13,,,2026-07-08T23:51:24Z
531,6,14,,,2026-07-08T23:51:24Z
531,6,15,,,2026-07-08T23:51:24Z
531,6,16,,,2026-07-08T23:51:24Z
531,6,17,,,2026-07-08T23:51:24Z
531,6,18,,,2026-07-08T23:51:24Z
531,6,19,,,2026-07-08T23:51:24Z
531,6,20,,,2026-07-08T23:51:24Z
531,9,1,,,2026-07-08T23:51:24Z
531,9,10,,,2026-07-08T23:51:24Z
531,9,13,,,2026-07-08T23:51:24Z
531,9,14,,,2026-07-08T23:51:24Z
531,9,15,,,2026-07-08T23:51:24Z
531,9,16,,,2026-07-08T23:51:24Z
531,9,17,,,2026-07-08T23:51:24Z
531,9,18,,,2026-07-08T23:51:24Z
531,9,19,,,2026-07-08T23:51:24Z
531,9,2,,,2026-07-08T23:51:24Z
531,9,3,,,2026-07-08T23:51:24Z
531,9,20,,,2026-07-08T23:51:24Z
531,9,21,,,2026-07-08T23:51:24Z
531,9,22,,,2026-07-08T23:51:24Z
531,9,4,,,2026-07-08T23:51:24Z
531,9,5,,,2026-07-08T23:51:24Z
531,9,6,,,2026-07-08T23:51:24Z
531,9,7,,,2026-07-08T23:51:24Z
531,9,8,,,2026-07-08T23:51:24Z
531,9,9,,,2026-07-08T23:51:24Z
531,3,1,,,2026-07-08T23:51:24Z
531,3,10,,,2026-07-08T23:51:24Z
531,3,13,,,2026-07-08T23:51:24Z
531,3,14,,,2026-07-08T23:51:24Z
531,3,15,,,2026-07-08T23:51:24Z
531,3,16,,,2026-07-08T23:51:24Z
531,3,17,,,2026-07-08T23:51:24Z
531,3,18,,,2026-07-08T23:51:24Z
531,3,19,,,2026-07-08T23:51:24Z
531,3,2,,,2026-07-08T23:51:24Z
531,3,3,,,2026-07-08T23:51:24Z
531,3,20,,,2026-07-08T23:51:24Z
531,3,21,,,2026-07-08T23:51:24Z
531,3,22,,,2026-07-08T23:51:24Z
531,3,4,,,2026-07-08T23:51:24Z
531,3,5,,,2026-07-08T23:51:24Z
531,3,6,,,2026-07-08T23:51:24Z
531,3,7,,,2026-07-08T23:51:24Z
531,3,8,,,2026-07-08T23:51:24Z
531,3,9,,,2026-07-08T23:51:24Z
531,2,12,,,2026-07-08T23:51:24Z
531,2,13,,,2026-07-08T23:51:24Z
531,2,14,,,2026-07-08T23:51:24Z
531,2,15,,,2026-07-08T23:51:24Z
531,2,16,,,2026-07-08T23:51:24Z
531,2,17,,,2026-07-08T23:51:24Z
531,2,18,,,2026-07-08T23:51:24Z
531,2,19,,,2026-07-08T23:51:24Z
531,2,20,,,2026-07-08T23:51:24Z
531,2,21,,,2026-07-08T23:51:24Z
531,4,1,,,2026-07-08T23:51:24Z
531,4,10,,,2026-07-08T23:51:24Z
531,4,2,,,2026-07-08T23:51:24Z
531,4,3,,,2026-07-08T23:51:24Z
531,4,4,,,2026-07-08T23:51:24Z
531,4,5,,,2026-07-08T23:51:24Z
531,4,6,,,2026-07-08T23:51:24Z
531,4,7,,,2026-07-08T23:51:24Z
531,4,8,,,2026-07-08T23:51:24Z
531,4,9,,,2026-07-08T23:51:24Z
532,14,10,,,2026-07-08T23:51:24Z
532,14,11,,,2026-07-08T23:51:24Z
532,14,12,,,2026-07-08T23:51:24Z
532,14,13,,,2026-07-08T23:51:24Z
532,14,14,,,2026-07-08T23:51:24Z
532,14,15,,,2026-07-08T23:51:24Z
532,14,16,,,2026-07-08T23:51:24Z
532,14,17,,,2026-07-08T23:51:24Z
532,14,18,,,2026-07-08T23:51:24Z
532,14,19,,,2026-07-08T23:51:24Z
532,14,2,,,2026-07-08T23:51:24Z
532,14,3,,,2026-07-08T23:51:24Z
532,14,4,,,2026-07-08T23:51:24Z
532,14,5,,,2026-07-08T23:51:24Z
532,14,6,,,2026-07-08T23:51:24Z
532,14,7,,,2026-07-08T23:51:24Z
532,14,8,,,2026-07-08T23:51:24Z
532,14,9,,,2026-07-08T23:51:24Z
532,10,6,,,2026-07-08T23:51:24Z
532,10,7,,,2026-07-08T23:51:24Z
532,10,8,,,2026-07-08T23:51:24Z
532,10,9,,,2026-07-08T23:51:24Z
532,10,10,,,2026-07-08T23:51:24Z
532,10,11,,,2026-07-08T23:51:24Z
532,10,12,,,2026-07-08T23:51:24Z
532,10,13,,,2026-07-08T23:51:24Z
532,10,14,,,2026-07-08T23:51:24Z
532,10,15,,,2026-07-08T23:51:24Z
532,10,2,,,2026-07-08T23:51:24Z
532,10,3,,,2026-07-08T23:51:24Z
532,10,4,,,2026-07-08T23:51:24Z
532,10,5,,,2026-07-08T23:51:24Z
532,12,8,,,2026-07-08T23:51:24Z
532,12,9,,,2026-07-08T23:51:24Z
532,12,10,,,2026-07-08T23:51:24Z
532,12,11,,,2026-07-08T23:51:24Z
532,12,12,,,2026-07-08T23:51:24Z
532,12,13,,,2026-07-08T23:51:24Z
532,12,14,,,2026-07-08T23:51:24Z
532,12,15,,,2026-07-08T23:51:24Z
532,12,16,,,2026-07-08T23:51:24Z
532,12,17,,,2026-07-08T23:51:24Z
532,12,2,,,2026-07-08T23:51:24Z
532,12,3,,,2026-07-08T23:51:24Z
532,12,4,,,2026-07-08T23:51:24Z
532,12,5,,,2026-07-08T23:51:24Z
532,12,6,,,2026-07-08T23:51:24Z
532,12,7,,,2026-07-08T23:51:24Z
532,16,12,,,2026-07-08T23:51:24Z
532,16,13,,,2026-07-08T23:51:24Z
532,16,14,,,2026-07-08T23:51:24Z
532,16,15,,,2026-07-08T23:51:24Z
532,16,16,,,2026-07-08T23:51:24Z
532,16,17,,,2026-07-08T23:51:24Z
532,16,18,,,2026-07-08T23:51:24Z
532,16,19,,,2026-07-08T23:51:24Z
532,16,20,,,2026-07-08T23:51:24Z
532,16,21,,,2026-07-08T23:51:24Z
532,17,10,,,2026-07-08T23:51:24Z
532,17,17,,,2026-07-08T23:51:24Z
532,17,18,,,2026-07-08T23:51:24Z
532,17,19,,,2026-07-08T23:51:24Z
532,17,20,,,2026-07-08T23:51:24Z
532,17,21,,,2026-07-08T23:51:24Z
532,17,22,,,2026-07-08T23:51:24Z
532,17,23,,,2026-07-08T23:51:24Z
532,17,24,,,2026-07-08T23:51:24Z
532,17,25,,,2026-07-08T23:51:24Z
532,17,26,,,2026-07-08T23:51:24Z
532,17,3,,,2026-07-08T23:51:24Z
532,17,4,,,2026-07-08T23:51:24Z
532,17,5,,,2026-07-08T23:51:24Z
532,17,6,,,2026-07-08T23:51:24Z
532,17,7,,,2026-07-08T23:51:24Z
532,17,8,,,2026-07-08T23:51:24Z
532,17,9,,,2026-07-08T23:51:24Z
532,13,10,,,2026-07-08T23:51:24Z
532,13,11,,,2026-07-08T23:51:24Z
532,13,12,,,2026-07-08T23:51:24Z
532,13,13,,,2026-07-08T23:51:24Z
532,13,14,,,2026-07-08T23:51:24Z
532,13,15,,,2026-07-08T23:51:24Z
532,13,16,,,2026-07-08T23:51:24Z
532,13,17,,,2026-07-08T23:51:24Z
532,13,2,,,2026-07-08T23:51:24Z
532,13,3,,,2026-07-08T23:51:24Z
532,13,4,,,2026-07-08T23:51:24Z
532,13,5,,,2026-07-08T23:51:24Z
532,13,6,,,2026-07-08T23:51:24Z
532,13,7,,,2026-07-08T23:51:24Z
532,13,8,,,2026-07-08T23:51:24Z
532,13,9,,,2026-07-08T23:51:24Z
532,15,11,,,2026-07-08T23:51:24Z
532,15,12,,,2026-07-08T23:51:24Z
532,15,13,,,2026-07-08T23:51:24Z
532,15,10,,,2026-07-08T23:51:24Z
532,15,14,,,2026-07-08T23:51:24Z
532,15,15,,,2026-07-08T23:51:24Z
532,15,16,,,2026-07-08T23:51:24Z
532,15,17,,,2026-07-08T23:51:24Z
532,15,18,,,2026-07-08T23:51:24Z
532,15,19,,,2026-07-08T23:51:24Z
532,15,20,,,2026-07-08T23:51:24Z
532,15,3,,,2026-07-08T23:51:24Z
532,15,4,,,2026-07-08T23:51:24Z
532,15,5,,,2026-07-08T23:51:24Z
532,15,6,,,2026-07-08T23:51:24Z
532,15,7,,,2026-07-08T23:51:24Z
532,15,8,,,2026-07-08T23:51:24Z
532,15,9,,,2026-07-08T23:51:24Z
532,11,6,,,2026-07-08T23:51:24Z
532,11,7,,,2026-07-08T23:51:24Z
532,11,8,,,2026-07-08T23:51:24Z
532,11,9,,,2026-07-08T23:51:24Z
532,11,10,,,2026-07-08T23:51:24Z
532,11,11,,,2026-07-08T23:51:24Z
532,11,12,,,2026-07-08T23:51:24Z
532,11,13,,,2026-07-08T23:51:24Z
532,11,14,,,2026-07-08T23:51:24Z
532,11,15,,,2026-07-08T23:51:24Z
532,5,1,,,2026-07-08T23:51:24Z
532,5,2,,,2026-07-08T23:51:24Z
532,5,3,,,2026-07-08T23:51:24Z
532,5,4,,,2026-07-08T23:51:24Z
532,5,5,,,2026-07-08T23:51:24Z
532,5,6,,,2026-07-08T23:51:24Z
532,5,7,,,2026-07-08T23:51:24Z
532,5,8,,,2026-07-08T23:51:24Z
532,5,9,,,2026-07-08T23:51:24Z
532,8,1,,,2026-07-08T23:51:24Z
532,8,10,,,2026-07-08T23:51:24Z
532,8,11,,,2026-07-08T23:51:24Z
532,8,2,,,2026-07-08T23:51:24Z
532,8,3,,,2026-07-08T23:51:24Z
532,8,4,,,2026-07-08T23:51:24Z
532,8,5,,,2026-07-08T23:51:24Z
532,8,6,,,2026-07-08T23:51:24Z
532,8,7,,,2026-07-08T23:51:24Z
532,8,8,,,2026-07-08T23:51:24Z
532,8,9,,,2026-07-08T23:51:24Z
532,6,1,,,2026-07-08T23:51:24Z
532,6,2,,,2026-07-08T23:51:24Z
532,6,3,,,2026-07-08T23:51:24Z
532,6,4,,,2026-07-08T23:51:24Z
532,6,5,,,2026-07-08T23:51:24Z
532,9,1,,,2026-07-08T23:51:24Z
532,9,10,,,2026-07-08T23:51:24Z
532,9,11,,,2026-07-08T23:51:24Z
532,9,2,,,2026-07-08T23:51:24Z
532,9,3,,,2026-07-08T23:51:24Z
532,9,4,,,2026-07-08T23:51:24Z
532,9,5,,,2026-07-08T23:51:24Z
532,9,6,,,2026-07-08T23:51:24Z
532,9,7,,,2026-07-08T23:51:24Z
532,9,8,,,2026-07-08T23:51:24Z
532,9,9,,,2026-07-08T23:51:24Z
437,3,3,,,2026-07-08T23:51:24Z
437,3,4,,,2026-07-08T23:51:24Z
437,3,5,,,2026-07-08T23:51:24Z
437,3,6,,,2026-07-08T23:51:24Z
437,3,7,,,2026-07-08T23:51:24Z
437,3,8,,,2026-07-08T23:51:24Z
437,3,9,,,2026-07-08T23:51:24Z
437,3,10,,,2026-07-08T23:51:24Z
437,3,11,,,2026-07-08T23:51:24Z
437,3,12,,,2026-07-08T23:51:24Z
437,7,1,,,2026-07-08T23:51:24Z
437,7,10,,,2026-07-08T23:51:24Z
437,7,2,,,2026-07-08T23:51:24Z
437,7,3,,,2026-07-08T23:51:24Z
437,7,4,,,2026-07-08T23:51:24Z
437,7,5,,,2026-07-08T23:51:24Z
437,7,6,,,2026-07-08T23:51:24Z
437,7,7,,,2026-07-08T23:51:24Z
437,7,8,,,2026-07-08T23:51:24Z
437,7,9,,,2026-07-08T23:51:24Z
437,6,1,,,2026-07-08T23:51:24Z
437,6,10,,,2026-07-08T23:51:24Z
437,6,2,,,2026-07-08T23:51:24Z
437,6,3,,,2026-07-08T23:51:24Z
437,6,4,,,2026-07-08T23:51:24Z
437,6,5,,,2026-07-08T23:51:24Z
437,6,6,,,2026-07-08T23:51:24Z
437,6,7,,,2026-07-08T23:51:24Z
437,6,8,,,2026-07-08T23:51:24Z
437,6,9,,,2026-07-08T23:51:24Z
437,5,1,,,2026-07-08T23:51:24Z
437,5,10,,,2026-07-08T23:51:24Z
437,5,2,,,2026-07-08T23:51:24Z
437,5,3,,,2026-07-08T23:51:24Z
437,5,4,,,2026-07-08T23:51:24Z
437,5,5,,,2026-07-08T23:51:24Z
437,5,6,,,2026-07-08T23:51:24Z
437,5,7,,,2026-07-08T23:51:24Z
437,5,8,,,2026-07-08T23:51:24Z
437,5,9,,,2026-07-08T23:51:24Z
437,2,1,,,2026-07-08T23:51:24Z
437,2,10,,,2026-07-08T23:51:24Z
437,2,2,,,2026-07-08T23:51:24Z
437,2,3,,,2026-07-08T23:51:24Z
437,2,4,,,2026-07-08T23:51:24Z
437,2,5,,,2026-07-08T23:51:24Z
437,2,6,,,2026-07-08T23:51:24Z
437,2,7,,,2026-07-08T23:51:24Z
437,2,8,,,2026-07-08T23:51:24Z
437,2,9,,,2026-07-08T23:51:24Z
437,1,1,,,2026-07-08T23:51:24Z
437,1,2,,,2026-07-08T23:51:24Z
437,1,3,,,2026-07-08T23:51:24Z
437,1,4,,,2026-07-08T23:51:24Z
437,4,3,,,2026-07-08T23:51:24Z
437,4,4,,,2026-07-08T23:51:24Z
437,4,5,,,2026-07-08T23:51:24Z
437,4,6,,,2026-07-08T23:51:24Z
437,4,7,,,2026-07-08T23:51:24Z
437,4,8,,,2026-07-08T23:51:24Z
437,4,9,,,2026-07-08T23:51:24Z
437,4,10,,,2026-07-08T23:51:24Z
437,4,11,,,2026-07-08T23:51:24Z
437,4,12,,,2026-07-08T23:51:24Z
537,3,15,,,2026-07-08T23:51:24Z
537,3,16,,,2026-07-08T23:51:24Z
537,3,17,,,2026-07-08T23:51:24Z
537,3,18,,,2026-07-08T23:51:24Z
537,3,19,,,2026-07-08T23:51:24Z
537,3,10,,,2026-07-08T23:51:24Z
537,3,11,,,2026-07-08T23:51:24Z
537,3,12,,,2026-07-08T23:51:24Z
537,3,13,,,2026-07-08T23:51:24Z
537,3,14,,,2026-07-08T23:51:24Z
537,3,1,,,2026-07-08T23:51:24Z
537,3,20,,,2026-07-08T23:51:24Z
537,3,21,,,2026-07-08T23:51:24Z
537,3,22,,,2026-07-08T23:51:24Z
537,3,23,,,2026-07-08T23:51:24Z
537,3,24,,,2026-07-08T23:51:24Z
537,3,2,,,2026-07-08T23:51:24Z
537,3,3,,,2026-07-08T23:51:24Z
537,3,5,,,2026-07-08T23:51:24Z
537,3,4,,,2026-07-08T23:51:24Z
537,3,6,,,2026-07-08T23:51:24Z
537,3,7,,,2026-07-08T23:51:24Z
537,3,8,,,2026-07-08T23:51:24Z
537,3,9,,,2026-07-08T23:51:24Z
537,13,10,,,2026-07-08T23:51:24Z
537,13,2,,,2026-07-08T23:51:24Z
537,13,3,,,2026-07-08T23:51:24Z
537,13,4,,,2026-07-08T23:51:24Z
537,13,5,,,2026-07-08T23:51:24Z
537,13,6,,,2026-07-08T23:51:24Z
537,13,7,,,2026-07-08T23:51:24Z
537,13,8,,,2026-07-08T23:51:24Z
537,13,9,,,2026-07-08T23:51:24Z
537,14,10,,,2026-07-08T23:51:24Z
537,14,15,,,2026-07-08T23:51:24Z
537,14,16,,,2026-07-08T23:51:24Z
537,14,17,,,2026-07-08T23:51:24Z
537,14,18,,,2026-07-08T23:51:24Z
537,14,19,,,2026-07-08T23:51:24Z
537,14,20,,,2026-07-08T23:51:24Z
537,14,21,,,2026-07-08T23:51:24Z
537,14,22,,,2026-07-08T23:51:24Z
537,14,23,,,2026-07-08T23:51:24Z
537,14,24,,,2026-07-08T23:51:24Z
537,14,3,,,2026-07-08T23:51:24Z
537,14,4,,,2026-07-08T23:51:24Z
537,14,5,,,2026-07-08T23:51:24Z
537,14,6,,,2026-07-08T23:51:24Z
537,14,7,,,2026-07-08T23:51:24Z
537,14,8,,,2026-07-08T23:51:24Z
537,14,9,,,2026-07-08T23:51:24Z
537,17,10,,,2026-07-08T23:51:24Z
537,17,11,,,2026-07-08T23:51:24Z
537,17,12,,,2026-07-08T23:51:24Z
537,17,13,,,2026-07-08T23:51:24Z
537,17,17,,,2026-07-08T23:51:24Z
537,17,14,,,2026-07-08T23:51:24Z
537,17,15,,,2026-07-08T23:51:24Z
537,17,16,,,2026-07-08T23:51:24Z
537,17,18,,,2026-07-08T23:51:24Z
537,17,19,,,2026-07-08T23:51:24Z
537,17,20,,,2026-07-08T23:51:24Z
537,17,21,,,2026-07-08T23:51:24Z
537,17,22,,,2026-07-08T23:51:24Z
537,17,23,,,2026-07-08T23:51:24Z
537,17,24,,,2026-07-08T23:51:24Z
537,17,25,,,2026-07-08T23:51:24Z
537,17,26,,,2026-07-08T23:51:24Z
537,17,3,,,2026-07-08T23:51:24Z
537,17,4,,,2026-07-08T23:51:24Z
537,17,5,,,2026-07-08T23:51:24Z
537,17,6,,,2026-07-08T23:51:24Z
537,17,7,,,2026-07-08T23:51:24Z
537,17,8,,,2026-07-08T23:51:24Z
537,17,9,,,2026-07-08T23:51:24Z
537,15,10,,,2026-07-08T23:51:24Z
537,15,11,,,2026-07-08T23:51:24Z
537,15,12,,,2026-07-08T23:51:24Z
537,15,13,,,2026-07-08T23:51:24Z
537,15,14,,,2026-07-08T23:51:24Z
537,15,15,,,2026-07-08T23:51:24Z
537,15,16,,,2026-07-08T23:51:24Z
537,15,17,,,2026-07-08T23:51:24Z
537,15,18,,,2026-07-08T23:51:24Z
537,15,19,,,2026-07-08T23:51:24Z
537,15,20,,,2026-07-08T23:51:24Z
537,15,3,,,2026-07-08T23:51:24Z
537,15,4,,,2026-07-08T23:51:24Z
537,15,5,,,2026-07-08T23:51:24Z
537,15,6,,,2026-07-08T23:51:24Z
537,15,7,,,2026-07-08T23:51:24Z
537,15,8,,,2026-07-08T23:51:24Z
537,15,9,,,2026-07-08T23:51:24Z
537,11,15,,,2026-07-08T23:51:24Z
537,11,16,,,2026-07-08T23:51:24Z
537,11,17,,,2026-07-08T23:51:24Z
537,11,14,,,2026-07-08T23:51:24Z
537,11,18,,,2026-07-08T23:51:24Z
537,11,19,,,2026-07-08T23:51:24Z
537,11,10,,,2026-07-08T23:51:24Z
537,11,11,,,2026-07-08T23:51:24Z
537,11,12,,,2026-07-08T23:51:24Z
537,11,13,,,2026-07-08T23:51:24Z
537,11,20,,,2026-07-08T23:51:24Z
537,11,21,,,2026-07-08T23:51:24Z
537,11,22,,,2026-07-08T23:51:24Z
537,11,23,,,2026-07-08T23:51:24Z
537,11,24,,,2026-07-08T23:51:24Z
537,11,3,,,2026-07-08T23:51:24Z
537,11,4,,,2026-07-08T23:51:24Z
537,11,5,,,2026-07-08T23:51:24Z
537,11,6,,,2026-07-08T23:51:24Z
537,11,7,,,2026-07-08T23:51:24Z
537,11,8,,,2026-07-08T23:51:24Z
537,11,9,,,2026-07-08T23:51:24Z
537,12,15,,,2026-07-08T23:51:24Z
537,12,16,,,2026-07-08T23:51:24Z
537,12,17,,,2026-07-08T23:51:24Z
537,12,18,,,2026-07-08T23:51:24Z
537,12,19,,,2026-07-08T23:51:24Z
537,12,10,,,2026-07-08T23:51:24Z
537,12,20,,,2026-07-08T23:51:24Z
537,12,21,,,2026-07-08T23:51:24Z
537,12,22,,,2026-07-08T23:51:24Z
537,12,23,,,2026-07-08T23:51:24Z
537,12,24,,,2026-07-08T23:51:24Z
537,12,3,,,2026-07-08T23:51:24Z
537,12,4,,,2026-07-08T23:51:24Z
537,12,5,,,2026-07-08T23:51:24Z
537,12,6,,,2026-07-08T23:51:24Z
537,12,7,,,2026-07-08T23:51:24Z
537,12,8,,,2026-07-08T23:51:24Z
537,12,9,,,2026-07-08T23:51:24Z
537,10,10,,,2026-07-08T23:51:24Z
537,10,11,,,2026-07-08T23:51:24Z
537,10,12,,,2026-07-08T23:51:24Z
537,10,13,,,2026-07-08T23:51:24Z
537,10,14,,,2026-07-08T23:51:24Z
537,10,15,,,2026-07-08T23:51:24Z
537,10,16,,,2026-07-08T23:51:24Z
537,10,17,,,2026-07-08T23:51:24Z
537,10,18,,,2026-07-08T23:51:24Z
537,10,19,,,2026-07-08T23:51:24Z
537,10,20,,,2026-07-08T23:51:24Z
537,10,3,,,2026-07-08T23:51:24Z
537,10,4,,,2026-07-08T23:51:24Z
537,10,5,,,2026-07-08T23:51:24Z
537,10,6,,,2026-07-08T23:51:24Z
537,10,7,,,2026-07-08T23:51:24Z
537,10,8,,,2026-07-08T23:51:24Z
537,10,9,,,2026-07-08T23:51:24Z
537,16,10,,,2026-07-08T23:51:24Z
537,16,2,,,2026-07-08T23:51:24Z
537,16,3,,,2026-07-08T23:51:24Z
537,16,4,,,2026-07-08T23:51:24Z
537,16,5,,,2026-07-08T23:51:24Z
537,16,6,,,2026-07-08T23:51:24Z
537,16,7,,,2026-07-08T23:51:24Z
537,16,8,,,2026-07-08T23:51:24Z
537,16,9,,,2026-07-08T23:51:24Z
537,1,15,,,2026-07-08T23:51:24Z
537,1,16,,,2026-07-08T23:51:24Z
537,1,17,,,2026-07-08T23:51:24Z
537,1,18,,,2026-07-08T23:51:24Z
537,1,19,,,2026-07-08T23:51:24Z
537,1,10,,,2026-07-08T23:51:24Z
537,1,11,,,2026-07-08T23:51:24Z
537,1,12,,,2026-07-08T23:51:24Z
537,1,13,,,2026-07-08T23:51:24Z
537,1,14,,,2026-07-08T23:51:24Z
537,1,1,,,2026-07-08T23:51:24Z
537,1,20,,,2026-07-08T23:51:24Z
537,1,21,,,2026-07-08T23:51:24Z
537,1,22,,,2026-07-08T23:51:24Z
537,1,23,,,2026-07-08T23:51:24Z
537,1,24,,,2026-07-08T23:51:24Z
537,1,2,,,2026-07-08T23:51:24Z
537,1,3,,,2026-07-08T23:51:24Z
537,1,4,,,2026-07-08T23:51:24Z
537,1,5,,,2026-07-08T23:51:24Z
537,1,6,,,2026-07-08T23:51:24Z
537,1,7,,,2026-07-08T23:51:24Z
537,1,8,,,2026-07-08T23:51:24Z
537,1,9,,,2026-07-08T23:51:24Z
537,9,15,,,2026-07-08T23:51:24Z
537,9,16,,,2026-07-08T23:51:24Z
537,9,17,,,2026-07-08T23:51:24Z
537,9,18,,,2026-07-08T23:51:24Z
537,9,19,,,2026-07-08T23:51:24Z
537,9,10,,,2026-07-08T23:51:24Z
537,9,11,,,2026-07-08T23:51:24Z
537,9,12,,,2026-07-08T23:51:24Z
537,9,13,,,2026-07-08T23:51:24Z
537,9,14,,,2026-07-08T23:51:24Z
537,9,20,,,2026-07-08T23:51:24Z
537,9,21,,,2026-07-08T23:51:24Z
537,9,22,,,2026-07-08T23:51:24Z
537,9,23,,,2026-07-08T23:51:24Z
537,9,24,,,2026-07-08T23:51:24Z
537,9,5,,,2026-07-08T23:51:24Z
537,9,6,,,2026-07-08T23:51:24Z
537,9,7,,,2026-07-08T23:51:24Z
537,9,8,,,2026-07-08T23:51:24Z
537,9,9,,,2026-07-08T23:51:24Z
537,5,1,,,2026-07-08T23:51:24Z
537,5,10,,,2026-07-08T23:51:24Z
537,5,11,,,2026-07-08T23:51:24Z
537,5,12,,,2026-07-08T23:51:24Z
537,5,13,,,2026-07-08T23:51:24Z
537,5,14,,,2026-07-08T23:51:24Z
537,5,15,,,2026-07-08T23:51:24Z
537,5,16,,,2026-07-08T23:51:24Z
537,5,17,,,2026-07-08T23:51:24Z
537,5,18,,,2026-07-08T23:51:24Z
537,5,19,,,2026-07-08T23:51:24Z
537,5,2,,,2026-07-08T23:51:24Z
537,5,3,,,2026-07-08T23:51:24Z
537,5,20,,,2026-07-08T23:51:24Z
537,5,4,,,2026-07-08T23:51:24Z
537,5,5,,,2026-07-08T23:51:24Z
537,5,6,,,2026-07-08T23:51:24Z
537,5,7,,,2026-07-08T23:51:24Z
537,5,8,,,2026-07-08T23:51:24Z
537,5,9,,,2026-07-08T23:51:24Z
537,7,1,,,2026-07-08T23:51:24Z
537,7,10,,,2026-07-08T23:51:24Z
537,7,2,,,2026-07-08T23:51:24Z
537,7,3,,,2026-07-08T23:51:24Z
537,7,4,,,2026-07-08T23:51:24Z
537,7,5,,,2026-07-08T23:51:24Z
537,7,6,,,2026-07-08T23:51:24Z
537,7,7,,,2026-07-08T23:51:24Z
537,7,8,,,2026-07-08T23:51:24Z
537,7,9,,,2026-07-08T23:51:24Z
537,6,7,,,2026-07-08T23:51:24Z
537,6,8,,,2026-07-08T23:51:24Z
537,6,9,,,2026-07-08T23:51:24Z
537,6,10,,,2026-07-08T23:51:24Z
537,6,11,,,2026-07-08T23:51:24Z
537,6,12,,,2026-07-08T23:51:24Z
537,6,13,,,2026-07-08T23:51:24Z
537,6,14,,,2026-07-08T23:51:24Z
537,6,15,,,2026-07-08T23:51:24Z
537,6,16,,,2026-07-08T23:51:24Z
537,6,18,,,2026-07-08T23:51:24Z
537,6,19,,,2026-07-08T23:51:24Z
537,6,20,,,2026-07-08T23:51:24Z
537,6,21,,,2026-07-08T23:51:24Z
537,6,22,,,2026-07-08T23:51:24Z
537,8,15,,,2026-07-08T23:51:24Z
537,8,16,,,2026-07-08T23:51:24Z
537,8,17,,,2026-07-08T23:51:24Z
537,8,18,,,2026-07-08T23:51:24Z
537,8,19,,,2026-07-08T23:51:24Z
537,8,10,,,2026-07-08T23:51:24Z
537,8,11,,,2026-07-08T23:51:24Z
537,8,12,,,2026-07-08T23:51:24Z
537,8,13,,,2026-07-08T23:51:24Z
537,8,14,,,2026-07-08T23:51:24Z
537,8,20,,,2026-07-08T23:51:24Z
537,8,21,,,2026-07-08T23:51:24Z
537,8,22,,,2026-07-08T23:51:24Z
537,8,23,,,2026-07-08T23:51:24Z
537,8,24,,,2026-07-08T23:51:24Z
537,8,5,,,2026-07-08T23:51:24Z
537,8,6,,,2026-07-08T23:51:24Z
537,8,7,,,2026-07-08T23:51:24Z
537,8,8,,,2026-07-08T23:51:24Z
537,8,9,,,2026-07-08T23:51:24Z
537,2,15,,,2026-07-08T23:51:24Z
537,2,16,,,2026-07-08T23:51:24Z
537,2,17,,,2026-07-08T23:51:24Z
537,2,18,,,2026-07-08T23:51:24Z
537,2,19,,,2026-07-08T23:51:24Z
537,2,20,,,2026-07-08T23:51:24Z
537,2,21,,,2026-07-08T23:51:24Z
537,2,22,,,2026-07-08T23:51:24Z
537,2,23,,,2026-07-08T23:51:24Z
537,2,24,,,2026-07-08T23:51:24Z
537,4,1,,,2026-07-08T23:51:24Z
537,4,10,,,2026-07-08T23:51:24Z
537,4,15,,,2026-07-08T23:51:24Z
537,4,16,,,2026-07-08T23:51:24Z
537,4,17,,,2026-07-08T23:51:24Z
537,4,18,,,2026-07-08T23:51:24Z
537,4,19,,,2026-07-08T23:51:24Z
537,4,2,,,2026-07-08T23:51:24Z
537,4,3,,,2026-07-08T23:51:24Z
537,4,20,,,2026-07-08T23:51:24Z
537,4,21,,,2026-07-08T23:51:24Z
537,4,22,,,2026-07-08T23:51:24Z
537,4,23,,,2026-07-08T23:51:24Z
537,4,24,,,2026-07-08T23:51:24Z
537,4,4,,,2026-07-08T23:51:24Z
537,4,5,,,2026-07-08T23:51:24Z
537,4,6,,,2026-07-08T23:51:24Z
537,4,7,,,2026-07-08T23:51:24Z
537,4,8,,,2026-07-08T23:51:24Z
537,4,9,,,2026-07-08T23:51:24Z
526,11,15,,,2026-07-08T23:51:24Z
526,11,16,,,2026-07-08T23:51:24Z
526,11,17,,,2026-07-08T23:51:24Z
526,11,18,,,2026-07-08T23:51:24Z
526,11,19,,,2026-07-08T23:51:24Z
526,11,20,,,2026-07-08T23:51:24Z
526,11,21,,,2026-07-08T23:51:24Z
526,11,22,,,2026-07-08T23:51:24Z
526,11,23,,,2026-07-08T23:51:24Z
526,11,24,,,2026-07-08T23:51:24Z
526,13,15,,,2026-07-08T23:51:24Z
526,13,16,,,2026-07-08T23:51:24Z
526,13,17,,,2026-07-08T23:51:24Z
526,13,14,,,2026-07-08T23:51:24Z
526,13,18,,,2026-07-08T23:51:24Z
526,13,19,,,2026-07-08T23:51:24Z
526,13,10,,,2026-07-08T23:51:24Z
526,13,11,,,2026-07-08T23:51:24Z
526,13,12,,,2026-07-08T23:51:24Z
526,13,13,,,2026-07-08T23:51:24Z
526,13,20,,,2026-07-08T23:51:24Z
526,13,21,,,2026-07-08T23:51:24Z
526,13,22,,,2026-07-08T23:51:24Z
526,13,23,,,2026-07-08T23:51:24Z
526,13,24,,,2026-07-08T23:51:24Z
526,13,5,,,2026-07-08T23:51:24Z
526,13,6,,,2026-07-08T23:51:24Z
526,13,7,,,2026-07-08T23:51:24Z
526,13,8,,,2026-07-08T23:51:24Z
526,13,9,,,2026-07-08T23:51:24Z
526,15,10,,,2026-07-08T23:51:24Z
526,15,2,,,2026-07-08T23:51:24Z
526,15,3,,,2026-07-08T23:51:24Z
526,15,4,,,2026-07-08T23:51:24Z
526,15,5,,,2026-07-08T23:51:24Z
526,15,6,,,2026-07-08T23:51:24Z
526,15,7,,,2026-07-08T23:51:24Z
526,15,8,,,2026-07-08T23:51:24Z
526,15,9,,,2026-07-08T23:51:24Z
526,17,10,,,2026-07-08T23:51:24Z
526,17,2,,,2026-07-08T23:51:24Z
526,17,3,,,2026-07-08T23:51:24Z
526,17,4,,,2026-07-08T23:51:24Z
526,17,5,,,2026-07-08T23:51:24Z
526,17,6,,,2026-07-08T23:51:24Z
526,17,7,,,2026-07-08T23:51:24Z
526,17,8,,,2026-07-08T23:51:24Z
526,17,9,,,2026-07-08T23:51:24Z
526,1,9,,,2026-07-08T23:51:24Z
526,1,8,,,2026-07-08T23:51:24Z
526,1,10,,,2026-07-08T23:51:24Z
526,1,11,,,2026-07-08T23:51:24Z
526,1,12,,,2026-07-08T23:51:24Z
526,1,13,,,2026-07-08T23:51:24Z
526,1,14,,,2026-07-08T23:51:24Z
526,1,15,,,2026-07-08T23:51:24Z
526,1,21,,,2026-07-08T23:51:24Z
526,1,22,,,2026-07-08T23:51:24Z
526,1,5,,,2026-07-08T23:51:24Z
526,1,6,,,2026-07-08T23:51:24Z
526,1,7,,,2026-07-08T23:51:24Z
526,7,15,,,2026-07-08T23:51:24Z
526,7,16,,,2026-07-08T23:51:24Z
526,7,17,,,2026-07-08T23:51:24Z
526,7,18,,,2026-07-08T23:51:24Z
526,7,19,,,2026-07-08T23:51:24Z
526,7,20,,,2026-07-08T23:51:24Z
526,7,21,,,2026-07-08T23:51:24Z
526,7,22,,,2026-07-08T23:51:24Z
526,7,23,,,2026-07-08T23:51:24Z
526,7,24,,,2026-07-08T23:51:24Z
526,9,15,,,2026-07-08T23:51:24Z
526,9,16,,,2026-07-08T23:51:24Z
526,9,17,,,2026-07-08T23:51:24Z
526,9,18,,,2026-07-08T23:51:24Z
526,9,19,,,2026-07-08T23:51:24Z
526,9,20,,,2026-07-08T23:51:24Z
526,9,21,,,2026-07-08T23:51:24Z
526,9,22,,,2026-07-08T23:51:24Z
526,9,23,,,2026-07-08T23:51:24Z
526,9,24,,,2026-07-08T23:51:24Z
526,5,15,,,2026-07-08T23:51:24Z
526,5,16,,,2026-07-08T23:51:24Z
526,5,17,,,2026-07-08T23:51:24Z
526,5,18,,,2026-07-08T23:51:24Z
526,5,19,,,2026-07-08T23:51:24Z
526,5,20,,,2026-07-08T23:51:24Z
526,5,21,,,2026-07-08T23:51:24Z
526,5,22,,,2026-07-08T23:51:24Z
526,5,23,,,2026-07-08T23:51:24Z
526,5,24,,,2026-07-08T23:51:24Z
526,8,1,,,2026-07-08T23:51:24Z
526,8,10,,,2026-07-08T23:51:24Z
526,8,2,,,2026-07-08T23:51:24Z
526,8,3,,,2026-07-08T23:51:24Z
526,8,4,,,2026-07-08T23:51:24Z
526,8,5,,,2026-07-08T23:51:24Z
526,8,6,,,2026-07-08T23:51:24Z
526,8,7,,,2026-07-08T23:51:24Z
526,8,8,,,2026-07-08T23:51:24Z
526,8,9,,,2026-07-08T23:51:24Z
535,17,17,,,2026-07-08T23:51:24Z
535,17,14,,,2026-07-08T23:51:24Z
535,17,15,,,2026-07-08T23:51:24Z
535,17,16,,,2026-07-08T23:51:24Z
535,17,18,,,2026-07-08T23:51:24Z
535,17,19,,,2026-07-08T23:51:24Z
535,17,10,,,2026-07-08T23:51:24Z
535,17,11,,,2026-07-08T23:51:24Z
535,17,12,,,2026-07-08T23:51:24Z
535,17,13,,,2026-07-08T23:51:24Z
535,17,20,,,2026-07-08T23:51:24Z
535,17,21,,,2026-07-08T23:51:24Z
535,17,22,,,2026-07-08T23:51:24Z
535,17,23,,,2026-07-08T23:51:24Z
535,17,24,,,2026-07-08T23:51:24Z
535,17,25,,,2026-07-08T23:51:24Z
535,17,26,,,2026-07-08T23:51:24Z
535,17,3,,,2026-07-08T23:51:24Z
535,17,4,,,2026-07-08T23:51:24Z
535,17,5,,,2026-07-08T23:51:24Z
535,17,6,,,2026-07-08T23:51:24Z
535,17,7,,,2026-07-08T23:51:24Z
535,17,8,,,2026-07-08T23:51:24Z
535,17,9,,,2026-07-08T23:51:24Z
535,14,10,,,2026-07-08T23:51:24Z
535,14,15,,,2026-07-08T23:51:24Z
535,14,16,,,2026-07-08T23:51:24Z
535,14,17,,,2026-07-08T23:51:24Z
535,14,18,,,2026-07-08T23:51:24Z
535,14,19,,,2026-07-08T23:51:24Z
535,14,20,,,2026-07-08T23:51:24Z
535,14,21,,,2026-07-08T23:51:24Z
535,14,22,,,2026-07-08T23:51:24Z
535,14,23,,,2026-07-08T23:51:24Z
535,14,24,,,2026-07-08T23:51:24Z
535,14,3,,,2026-07-08T23:51:24Z
535,14,4,,,2026-07-08T23:51:24Z
535,14,5,,,2026-07-08T23:51:24Z
535,14,6,,,2026-07-08T23:51:24Z
535,14,7,,,2026-07-08T23:51:24Z
535,14,8,,,2026-07-08T23:51:24Z
535,14,9,,,2026-07-08T23:51:24Z
535,11,15,,,2026-07-08T23:51:24Z
535,11,16,,,2026-07-08T23:51:24Z
535,11,17,,,2026-07-08T23:51:24Z
535,11,18,,,2026-07-08T23:51:24Z
535,11,19,,,2026-07-08T23:51:24Z
535,11,10,,,2026-07-08T23:51:24Z
535,11,20,,,2026-07-08T23:51:24Z
535,11,21,,,2026-07-08T23:51:24Z
535,11,22,,,2026-07-08T23:51:24Z
535,11,23,,,2026-07-08T23:51:24Z
535,11,24,,,2026-07-08T23:51:24Z
535,11,3,,,2026-07-08T23:51:24Z
535,11,4,,,2026-07-08T23:51:24Z
535,11,5,,,2026-07-08T23:51:24Z
535,11,6,,,2026-07-08T23:51:24Z
535,11,7,,,2026-07-08T23:51:24Z
535,11,8,,,2026-07-08T23:51:24Z
535,11,9,,,2026-07-08T23:51:24Z
535,15,15,,,2026-07-08T23:51:24Z
535,15,16,,,2026-07-08T23:51:24Z
535,15,17,,,2026-07-08T23:51:24Z
535,15,14,,,2026-07-08T23:51:24Z
535,15,18,,,2026-07-08T23:51:24Z
535,15,19,,,2026-07-08T23:51:24Z
535,15,10,,,2026-07-08T23:51:24Z
535,15,11,,,2026-07-08T23:51:24Z
535,15,12,,,2026-07-08T23:51:24Z
535,15,13,,,2026-07-08T23:51:24Z
535,15,20,,,2026-07-08T23:51:24Z
535,15,21,,,2026-07-08T23:51:24Z
535,15,22,,,2026-07-08T23:51:24Z
535,15,23,,,2026-07-08T23:51:24Z
535,15,24,,,2026-07-08T23:51:24Z
535,15,3,,,2026-07-08T23:51:24Z
535,15,4,,,2026-07-08T23:51:24Z
535,15,5,,,2026-07-08T23:51:24Z
535,15,6,,,2026-07-08T23:51:24Z
535,15,7,,,2026-07-08T23:51:24Z
535,15,8,,,2026-07-08T23:51:24Z
535,15,9,,,2026-07-08T23:51:24Z
535,13,10,,,2026-07-08T23:51:24Z
535,13,11,,,2026-07-08T23:51:24Z
535,13,12,,,2026-07-08T23:51:24Z
535,13,13,,,2026-07-08T23:51:24Z
535,13,14,,,2026-07-08T23:51:24Z
535,13,15,,,2026-07-08T23:51:24Z
535,13,16,,,2026-07-08T23:51:24Z
535,13,17,,,2026-07-08T23:51:24Z
535,13,18,,,2026-07-08T23:51:24Z
535,13,19,,,2026-07-08T23:51:24Z
535,13,20,,,2026-07-08T23:51:24Z
535,13,21,,,2026-07-08T23:51:24Z
535,13,22,,,2026-07-08T23:51:24Z
535,13,23,,,2026-07-08T23:51:24Z
535,13,24,,,2026-07-08T23:51:24Z
535,13,3,,,2026-07-08T23:51:24Z
535,13,4,,,2026-07-08T23:51:24Z
535,13,5,,,2026-07-08T23:51:24Z
535,13,6,,,2026-07-08T23:51:24Z
535,13,7,,,2026-07-08T23:51:24Z
535,13,8,,,2026-07-08T23:51:24Z
535,13,9,,,2026-07-08T23:51:24Z
535,16,10,,,2026-07-08T23:51:24Z
535,16,2,,,2026-07-08T23:51:24Z
535,16,3,,,2026-07-08T23:51:24Z
535,16,4,,,2026-07-08T23:51:24Z
535,16,5,,,2026-07-08T23:51:24Z
535,16,6,,,2026-07-08T23:51:24Z
535,16,7,,,2026-07-08T23:51:24Z
535,16,8,,,2026-07-08T23:51:24Z
535,16,9,,,2026-07-08T23:51:24Z
535,10,10,,,2026-07-08T23:51:24Z
535,10,2,,,2026-07-08T23:51:24Z
535,10,3,,,2026-07-08T23:51:24Z
535,10,4,,,2026-07-08T23:51:24Z
535,10,5,,,2026-07-08T23:51:24Z
535,10,6,,,2026-07-08T23:51:24Z
535,10,7,,,2026-07-08T23:51:24Z
535,10,8,,,2026-07-08T23:51:24Z
535,10,9,,,2026-07-08T23:51:24Z
535,12,15,,,2026-07-08T23:51:24Z
535,12,16,,,2026-07-08T23:51:24Z
535,12,17,,,2026-07-08T23:51:24Z
535,12,18,,,2026-07-08T23:51:24Z
535,12,19,,,2026-07-08T23:51:24Z
535,12,20,,,2026-07-08T23:51:24Z
535,12,21,,,2026-07-08T23:51:24Z
535,12,22,,,2026-07-08T23:51:24Z
535,12,23,,,2026-07-08T23:51:24Z
535,12,24,,,2026-07-08T23:51:24Z
535,1,5,,,2026-07-08T23:51:24Z
535,1,6,,,2026-07-08T23:51:24Z
535,1,7,,,2026-07-08T23:51:24Z
535,1,8,,,2026-07-08T23:51:24Z
535,1,9,,,2026-07-08T23:51:24Z
535,1,10,,,2026-07-08T23:51:24Z
535,1,11,,,2026-07-08T23:51:24Z
535,1,12,,,2026-07-08T23:51:24Z
535,1,13,,,2026-07-08T23:51:24Z
535,1,14,,,2026-07-08T23:51:24Z
535,1,15,,,2026-07-08T23:51:24Z
535,1,16,,,2026-07-08T23:51:24Z
535,1,17,,,2026-07-08T23:51:24Z
535,1,18,,,2026-07-08T23:51:24Z
535,1,19,,,2026-07-08T23:51:24Z
535,1,20,,,2026-07-08T23:51:24Z
535,1,21,,,2026-07-08T23:51:24Z
535,7,1,,,2026-07-08T23:51:24Z
535,7,10,,,2026-07-08T23:51:24Z
535,7,15,,,2026-07-08T23:51:24Z
535,7,16,,,2026-07-08T23:51:24Z
535,7,17,,,2026-07-08T23:51:24Z
535,7,18,,,2026-07-08T23:51:24Z
535,7,19,,,2026-07-08T23:51:24Z
535,7,2,,,2026-07-08T23:51:24Z
535,7,3,,,2026-07-08T23:51:24Z
535,7,20,,,2026-07-08T23:51:24Z
535,7,21,,,2026-07-08T23:51:24Z
535,7,22,,,2026-07-08T23:51:24Z
535,7,23,,,2026-07-08T23:51:24Z
535,7,24,,,2026-07-08T23:51:24Z
535,7,4,,,2026-07-08T23:51:24Z
535,7,5,,,2026-07-08T23:51:24Z
535,7,6,,,2026-07-08T23:51:24Z
535,7,7,,,2026-07-08T23:51:24Z
535,7,8,,,2026-07-08T23:51:24Z
535,7,9,,,2026-07-08T23:51:24Z
535,9,1,,,2026-07-08T23:51:24Z
535,9,10,,,2026-07-08T23:51:24Z
535,9,15,,,2026-07-08T23:51:24Z
535,9,16,,,2026-07-08T23:51:24Z
535,9,17,,,2026-07-08T23:51:24Z
535,9,18,,,2026-07-08T23:51:24Z
535,9,19,,,2026-07-08T23:51:24Z
535,9,11,,,2026-07-08T23:51:24Z
535,9,12,,,2026-07-08T23:51:24Z
535,9,13,,,2026-07-08T23:51:24Z
535,9,14,,,2026-07-08T23:51:24Z
535,9,2,,,2026-07-08T23:51:24Z
535,9,3,,,2026-07-08T23:51:24Z
535,9,20,,,2026-07-08T23:51:24Z
535,9,21,,,2026-07-08T23:51:24Z
535,9,22,,,2026-07-08T23:51:24Z
535,9,23,,,2026-07-08T23:51:24Z
535,9,24,,,2026-07-08T23:51:24Z
535,9,4,,,2026-07-08T23:51:24Z
535,9,5,,,2026-07-08T23:51:24Z
535,9,6,,,2026-07-08T23:51:24Z
535,9,7,,,2026-07-08T23:51:24Z
535,9,8,,,2026-07-08T23:51:24Z
535,9,9,,,2026-07-08T23:51:24Z
535,3,15,,,2026-07-08T23:51:24Z
535,3,16,,,2026-07-08T23:51:24Z
535,3,17,,,2026-07-08T23:51:24Z
535,3,18,,,2026-07-08T23:51:24Z
535,3,19,,,2026-07-08T23:51:24Z
535,3,10,,,2026-07-08T23:51:24Z
535,3,11,,,2026-07-08T23:51:24Z
535,3,12,,,2026-07-08T23:51:24Z
535,3,13,,,2026-07-08T23:51:24Z
535,3,14,,,2026-07-08T23:51:24Z
535,3,20,,,2026-07-08T23:51:24Z
535,3,21,,,2026-07-08T23:51:24Z
535,3,22,,,2026-07-08T23:51:24Z
535,3,23,,,2026-07-08T23:51:24Z
535,3,24,,,2026-07-08T23:51:24Z
535,3,5,,,2026-07-08T23:51:24Z
535,3,6,,,2026-07-08T23:51:24Z
535,3,7,,,2026-07-08T23:51:24Z
535,3,8,,,2026-07-08T23:51:24Z
535,3,9,,,2026-07-08T23:51:24Z
535,2,15,,,2026-07-08T23:51:24Z
535,2,16,,,2026-07-08T23:51:24Z
535,2,17,,,2026-07-08T23:51:24Z
535,2,18,,,2026-07-08T23:51:24Z
535,2,19,,,2026-07-08T23:51:24Z
535,2,10,,,2026-07-08T23:51:24Z
535,2,11,,,2026-07-08T23:51:24Z
535,2,12,,,2026-07-08T23:51:24Z
535,2,13,,,2026-07-08T23:51:24Z
535,2,14,,,2026-07-08T23:51:24Z
535,2,20,,,2026-07-08T23:51:24Z
535,2,21,,,2026-07-08T23:51:24Z
535,2,22,,,2026-07-08T23:51:24Z
535,2,23,,,2026-07-08T23:51:24Z
535,2,24,,,2026-07-08T23:51:24Z
535,2,8,,,2026-07-08T23:51:24Z
535,2,9,,,2026-07-08T23:51:24Z
535,6,17,,,2026-07-08T23:51:24Z
535,6,18,,,2026-07-08T23:51:24Z
535,6,19,,,2026-07-08T23:51:24Z
535,6,20,,,2026-07-08T23:51:24Z
535,6,21,,,2026-07-08T23:51:24Z
535,6,22,,,2026-07-08T23:51:24Z
535,8,1,,,2026-07-08T23:51:24Z
535,8,10,,,2026-07-08T23:51:24Z
535,8,15,,,2026-07-08T23:51:24Z
535,8,16,,,2026-07-08T23:51:24Z
535,8,17,,,2026-07-08T23:51:24Z
535,8,18,,,2026-07-08T23:51:24Z
535,8,19,,,2026-07-08T23:51:24Z
535,8,2,,,2026-07-08T23:51:24Z
535,8,3,,,2026-07-08T23:51:24Z
535,8,20,,,2026-07-08T23:51:24Z
535,8,21,,,2026-07-08T23:51:24Z
535,8,22,,,2026-07-08T23:51:24Z
535,8,23,,,2026-07-08T23:51:24Z
535,8,24,,,2026-07-08T23:51:24Z
535,8,4,,,2026-07-08T23:51:24Z
535,8,5,,,2026-07-08T23:51:24Z
535,8,6,,,2026-07-08T23:51:24Z
535,8,7,,,2026-07-08T23:51:24Z
535,8,8,,,2026-07-08T23:51:24Z
535,8,9,,,2026-07-08T23:51:24Z
535,5,1,,,2026-07-08T23:51:24Z
535,5,10,,,2026-07-08T23:51:24Z
535,5,15,,,2026-07-08T23:51:24Z
535,5,16,,,2026-07-08T23:51:24Z
535,5,17,,,2026-07-08T23:51:24Z
535,5,18,,,2026-07-08T23:51:24Z
535,5,19,,,2026-07-08T23:51:24Z
535,5,2,,,2026-07-08T23:51:24Z
535,5,3,,,2026-07-08T23:51:24Z
535,5,20,,,2026-07-08T23:51:24Z
535,5,21,,,2026-07-08T23:51:24Z
535,5,22,,,2026-07-08T23:51:24Z
535,5,23,,,2026-07-08T23:51:24Z
535,5,24,,,2026-07-08T23:51:24Z
535,5,4,,,2026-07-08T23:51:24Z
535,5,5,,,2026-07-08T23:51:24Z
535,5,6,,,2026-07-08T23:51:24Z
535,5,7,,,2026-07-08T23:51:24Z
535,5,8,,,2026-07-08T23:51:24Z
535,5,9,,,2026-07-08T23:51:24Z
535,4,1,,,2026-07-08T23:51:24Z
535,4,2,,,2026-07-08T23:51:24Z
535,4,3,,,2026-07-08T23:51:24Z
535,4,4,,,2026-07-08T23:51:24Z
535,4,5,,,2026-07-08T23:51:24Z
529,4,5,,,2026-07-08T23:51:24Z
529,4,6,,,2026-07-08T23:51:24Z
529,4,7,,,2026-07-08T23:51:24Z
529,4,8,,,2026-07-08T23:51:24Z
529,1,7,,,2026-07-08T23:51:24Z
529,1,8,,,2026-07-08T23:51:24Z
536,13,12,,,2026-07-08T23:51:24Z
536,13,13,,,2026-07-08T23:51:24Z
536,13,14,,,2026-07-08T23:51:24Z
536,13,15,,,2026-07-08T23:51:24Z
536,13,16,,,2026-07-08T23:51:24Z
536,13,17,,,2026-07-08T23:51:24Z
536,13,18,,,2026-07-08T23:51:24Z
536,13,19,,,2026-07-08T23:51:24Z
536,13,20,,,2026-07-08T23:51:24Z
536,13,21,,,2026-07-08T23:51:24Z
536,17,10,,,2026-07-08T23:51:24Z
536,17,11,,,2026-07-08T23:51:24Z
536,17,12,,,2026-07-08T23:51:24Z
536,17,13,,,2026-07-08T23:51:24Z
536,17,17,,,2026-07-08T23:51:24Z
536,17,14,,,2026-07-08T23:51:24Z
536,17,15,,,2026-07-08T23:51:24Z
536,17,16,,,2026-07-08T23:51:24Z
536,17,18,,,2026-07-08T23:51:24Z
536,17,19,,,2026-07-08T23:51:24Z
536,17,20,,,2026-07-08T23:51:24Z
536,17,21,,,2026-07-08T23:51:24Z
536,17,22,,,2026-07-08T23:51:24Z
536,17,23,,,2026-07-08T23:51:24Z
536,17,24,,,2026-07-08T23:51:24Z
536,17,25,,,2026-07-08T23:51:24Z
536,17,26,,,2026-07-08T23:51:24Z
536,17,3,,,2026-07-08T23:51:24Z
536,17,4,,,2026-07-08T23:51:24Z
536,17,5,,,2026-07-08T23:51:24Z
536,17,6,,,2026-07-08T23:51:24Z
536,17,7,,,2026-07-08T23:51:24Z
536,17,8,,,2026-07-08T23:51:24Z
536,17,9,,,2026-07-08T23:51:24Z
536,15,12,,,2026-07-08T23:51:24Z
536,15,13,,,2026-07-08T23:51:24Z
536,15,10,,,2026-07-08T23:51:24Z
536,15,11,,,2026-07-08T23:51:24Z
536,15,14,,,2026-07-08T23:51:24Z
536,15,15,,,2026-07-08T23:51:24Z
536,15,16,,,2026-07-08T23:51:24Z
536,15,17,,,2026-07-08T23:51:24Z
536,15,18,,,2026-07-08T23:51:24Z
536,15,19,,,2026-07-08T23:51:24Z
536,15,20,,,2026-07-08T23:51:24Z
536,15,21,,,2026-07-08T23:51:24Z
536,15,3,,,2026-07-08T23:51:24Z
536,15,4,,,2026-07-08T23:51:24Z
536,15,5,,,2026-07-08T23:51:24Z
536,15,6,,,2026-07-08T23:51:24Z
536,15,7,,,2026-07-08T23:51:24Z
536,15,8,,,2026-07-08T23:51:24Z
536,15,9,,,2026-07-08T23:51:24Z
536,11,10,,,2026-07-08T23:51:24Z
536,11,2,,,2026-07-08T23:51:24Z
536,11,3,,,2026-07-08T23:51:24Z
536,11,4,,,2026-07-08T23:51:24Z
536,11,5,,,2026-07-08T23:51:24Z
536,11,6,,,2026-07-08T23:51:24Z
536,11,7,,,2026-07-08T23:51:24Z
536,11,8,,,2026-07-08T23:51:24Z
536,11,9,,,2026-07-08T23:51:24Z
536,10,10,,,2026-07-08T23:51:24Z
536,10,2,,,2026-07-08T23:51:24Z
536,10,3,,,2026-07-08T23:51:24Z
536,10,4,,,2026-07-08T23:51:24Z
536,10,5,,,2026-07-08T23:51:24Z
536,10,6,,,2026-07-08T23:51:24Z
536,10,7,,,2026-07-08T23:51:24Z
536,10,8,,,2026-07-08T23:51:24Z
536,10,9,,,2026-07-08T23:51:24Z
536,14,10,,,2026-07-08T23:51:24Z
536,14,11,,,2026-07-08T23:51:24Z
536,14,12,,,2026-07-08T23:51:24Z
536,14,13,,,2026-07-08T23:51:24Z
536,14,14,,,2026-07-08T23:51:24Z
536,14,15,,,2026-07-08T23:51:24Z
536,14,16,,,2026-07-08T23:51:24Z
536,14,17,,,2026-07-08T23:51:24Z
536,14,18,,,2026-07-08T23:51:24Z
536,14,19,,,2026-07-08T23:51:24Z
536,14,20,,,2026-07-08T23:51:24Z
536,14,21,,,2026-07-08T23:51:24Z
536,14,3,,,2026-07-08T23:51:24Z
536,14,4,,,2026-07-08T23:51:24Z
536,14,5,,,2026-07-08T23:51:24Z
536,14,6,,,2026-07-08T23:51:24Z
536,14,7,,,2026-07-08T23:51:24Z
536,14,8,,,2026-07-08T23:51:24Z
536,14,9,,,2026-07-08T23:51:24Z
536,16,12,,,2026-07-08T23:51:24Z
536,16,13,,,2026-07-08T23:51:24Z
536,16,14,,,2026-07-08T23:51:24Z
536,16,15,,,2026-07-08T23:51:24Z
536,16,16,,,2026-07-08T23:51:24Z
536,16,17,,,2026-07-08T23:51:24Z
536,16,18,,,2026-07-08T23:51:24Z
536,16,19,,,2026-07-08T23:51:24Z
536,16,20,,,2026-07-08T23:51:24Z
536,16,21,,,2026-07-08T23:51:24Z
536,12,12,,,2026-07-08T23:51:24Z
536,12,13,,,2026-07-08T23:51:24Z
536,12,14,,,2026-07-08T23:51:24Z
536,12,15,,,2026-07-08T23:51:24Z
536,12,16,,,2026-07-08T23:51:24Z
536,12,17,,,2026-07-08T23:51:24Z
536,12,18,,,2026-07-08T23:51:24Z
536,12,19,,,2026-07-08T23:51:24Z
536,12,20,,,2026-07-08T23:51:24Z
536,12,21,,,2026-07-08T23:51:24Z
536,1,12,,,2026-07-08T23:51:24Z
536,1,13,,,2026-07-08T23:51:24Z
536,9,12,,,2026-07-08T23:51:24Z
536,9,13,,,2026-07-08T23:51:24Z
536,9,14,,,2026-07-08T23:51:24Z
536,9,15,,,2026-07-08T23:51:24Z
536,9,16,,,2026-07-08T23:51:24Z
536,9,17,,,2026-07-08T23:51:24Z
536,9,18,,,2026-07-08T23:51:24Z
536,9,19,,,2026-07-08T23:51:24Z
536,9,20,,,2026-07-08T23:51:24Z
536,9,21,,,2026-07-08T23:51:24Z
536,7,12,,,2026-07-08T23:51:24Z
536,7,13,,,2026-07-08T23:51:24Z
536,7,14,,,2026-07-08T23:51:24Z
536,7,15,,,2026-07-08T23:51:24Z
536,7,16,,,2026-07-08T23:51:24Z
536,7,17,,,2026-07-08T23:51:24Z
536,7,18,,,2026-07-08T23:51:24Z
536,7,19,,,2026-07-08T23:51:24Z
536,7,20,,,2026-07-08T23:51:24Z
536,7,21,,,2026-07-08T23:51:24Z
536,5,1,,,2026-07-08T23:51:24Z
536,5,10,,,2026-07-08T23:51:24Z
536,5,2,,,2026-07-08T23:51:24Z
536,5,3,,,2026-07-08T23:51:24Z
536,5,4,,,2026-07-08T23:51:24Z
536,5,5,,,2026-07-08T23:51:24Z
536,5,6,,,2026-07-08T23:51:24Z
536,5,7,,,2026-07-08T23:51:24Z
536,5,8,,,2026-07-08T23:51:24Z
536,5,9,,,2026-07-08T23:51:24Z
536,4,1,,,2026-07-08T23:51:24Z
536,4,10,,,2026-07-08T23:51:24Z
536,4,2,,,2026-07-08T23:51:24Z
536,4,3,,,2026-07-08T23:51:24Z
536,4,4,,,2026-07-08T23:51:24Z
536,4,5,,,2026-07-08T23:51:24Z
536,4,6,,,2026-07-08T23:51:24Z
536,4,7,,,2026-07-08T23:51:24Z
536,4,8,,,2026-07-08T23:51:24Z
536,4,9,,,2026-07-08T23:51:24Z
536,3,1,,,2026-07-08T23:51:24Z
536,3,10,,,2026-07-08T23:51:24Z
536,3,11,,,2026-07-08T23:51:24Z
536,3,12,,,2026-07-08T23:51:24Z
536,3,13,,,2026-07-08T23:51:24Z
536,3,14,,,2026-07-08T23:51:24Z
536,3,15,,,2026-07-08T23:51:24Z
536,3,16,,,2026-07-08T23:51:24Z
536,3,17,,,2026-07-08T23:51:24Z
536,3,18,,,2026-07-08T23:51:24Z
536,3,19,,,2026-07-08T23:51:24Z
536,3,2,,,2026-07-08T23:51:24Z
536,3,3,,,2026-07-08T23:51:24Z
536,3,20,,,2026-07-08T23:51:24Z
536,3,21,,,2026-07-08T23:51:24Z
536,3,4,,,2026-07-08T23:51:24Z
536,3,5,,,2026-07-08T23:51:24Z
536,3,6,,,2026-07-08T23:51:24Z
536,3,7,,,2026-07-08T23:51:24Z
536,3,8,,,2026-07-08T23:51:24Z
536,3,9,,,2026-07-08T23:51:24Z
536,8,12,,,2026-07-08T23:51:24Z
536,8,13,,,2026-07-08T23:51:24Z
536,8,14,,,2026-07-08T23:51:24Z
536,8,15,,,2026-07-08T23:51:24Z
536,8,16,,,2026-07-08T23:51:24Z
536,8,17,,,2026-07-08T23:51:24Z
536,8,18,,,2026-07-08T23:51:24Z
536,8,19,,,2026-07-08T23:51:24Z
536,8,20,,,2026-07-08T23:51:24Z
536,8,21,,,2026-07-08T23:51:24Z
536,6,1,,,2026-07-08T23:51:24Z
536,6,10,,,2026-07-08T23:51:24Z
536,6,11,,,2026-07-08T23:51:24Z
536,6,12,,,2026-07-08T23:51:24Z
536,6,13,,,2026-07-08T23:51:24Z
536,6,14,,,2026-07-08T23:51:24Z
536,6,15,,,2026-07-08T23:51:24Z
536,6,16,,,2026-07-08T23:51:24Z
536,6,17,,,2026-07-08T23:51:24Z
536,6,18,,,2026-07-08T23:51:24Z
536,6,19,,,2026-07-08T23:51:24Z
536,6,2,,,2026-07-08T23:51:24Z
536,6,3,,,2026-07-08T23:51:24Z
536,6,4,,,2026-07-08T23:51:24Z
536,6,5,,,2026-07-08T23:51:24Z
536,6,6,,,2026-07-08T23:51:24Z
536,6,7,,,2026-07-08T23:51:24Z
536,6,8,,,2026-07-08T23:51:24Z
536,6,9,,,2026-07-08T23:51:24Z
536,2,7,,,2026-07-08T23:51:24Z
536,2,8,,,2026-07-08T23:51:24Z
536,2,9,,,2026-07-08T23:51:24Z
536,2,10,,,2026-07-08T23:51:24Z
536,2,11,,,2026-07-08T23:51:24Z
536,2,12,,,2026-07-08T23:51:24Z
536,2,13,,,2026-07-08T23:51:24Z
536,2,14,,,2026-07-08T23:51:24Z
536,2,15,,,2026-07-08T23:51:24Z
536,2,16,,,2026-07-08T23:51:24Z
536,2,17,,,2026-07-08T23:51:24Z
536,2,18,,,2026-07-08T23:51:24Z
536,2,19,,,2026-07-08T23:51:24Z
530,10,6,,,2026-07-08T23:51:24Z
530,10,7,,,2026-07-08T23:51:24Z
530,10,8,,,2026-07-08T23:51:24Z
530,10,9,,,2026-07-08T23:51:24Z
530,10,10,,,2026-07-08T23:51:24Z
530,10,11,,,2026-07-08T23:51:24Z
530,10,12,,,2026-07-08T23:51:24Z
530,10,13,,,2026-07-08T23:51:24Z
530,10,14,,,2026-07-08T23:51:24Z
530,10,15,,,2026-07-08T23:51:24Z
530,10,2,,,2026-07-08T23:51:24Z
530,10,3,,,2026-07-08T23:51:24Z
530,10,4,,,2026-07-08T23:51:24Z
530,10,5,,,2026-07-08T23:51:24Z
530,14,10,,,2026-07-08T23:51:24Z
530,14,11,,,2026-07-08T23:51:24Z
530,14,12,,,2026-07-08T23:51:24Z
530,14,13,,,2026-07-08T23:51:24Z
530,14,14,,,2026-07-08T23:51:24Z
530,14,15,,,2026-07-08T23:51:24Z
530,14,16,,,2026-07-08T23:51:24Z
530,14,17,,,2026-07-08T23:51:24Z
530,14,18,,,2026-07-08T23:51:24Z
530,14,19,,,2026-07-08T23:51:24Z
530,14,2,,,2026-07-08T23:51:24Z
530,14,3,,,2026-07-08T23:51:24Z
530,14,4,,,2026-07-08T23:51:24Z
530,14,5,,,2026-07-08T23:51:24Z
530,14,6,,,2026-07-08T23:51:24Z
530,14,7,,,2026-07-08T23:51:24Z
530,14,8,,,2026-07-08T23:51:24Z
530,14,9,,,2026-07-08T23:51:24Z
530,12,10,,,2026-07-08T23:51:24Z
530,12,11,,,2026-07-08T23:51:24Z
530,12,12,,,2026-07-08T23:51:24Z
530,12,13,,,2026-07-08T23:51:24Z
530,12,14,,,2026-07-08T23:51:24Z
530,12,15,,,2026-07-08T23:51:24Z
530,12,16,,,2026-07-08T23:51:24Z
530,12,17,,,2026-07-08T23:51:24Z
530,12,2,,,2026-07-08T23:51:24Z
530,12,3,,,2026-07-08T23:51:24Z
530,12,4,,,2026-07-08T23:51:24Z
530,12,5,,,2026-07-08T23:51:24Z
530,12,6,,,2026-07-08T23:51:24Z
530,12,7,,,2026-07-08T23:51:24Z
530,12,8,,,2026-07-08T23:51:24Z
530,12,9,,,2026-07-08T23:51:24Z
530,15,9,,,2026-07-08T23:51:24Z
530,15,10,,,2026-07-08T23:51:24Z
530,15,11,,,2026-07-08T23:51:24Z
530,15,12,,,2026-07-08T23:51:24Z
530,15,13,,,2026-07-08T23:51:24Z
530,15,14,,,2026-07-08T23:51:24Z
530,15,15,,,2026-07-08T23:51:24Z
530,15,16,,,2026-07-08T23:51:24Z
530,15,17,,,2026-07-08T23:51:24Z
530,15,18,,,2026-07-08T23:51:24Z
530,15,19,,,2026-07-08T23:51:24Z
530,15,20,,,2026-07-08T23:51:24Z
530,11,5,,,2026-07-08T23:51:24Z
530,11,6,,,2026-07-08T23:51:24Z
530,11,7,,,2026-07-08T23:51:24Z
530,11,8,,,2026-07-08T23:51:24Z
530,11,9,,,2026-07-08T23:51:24Z
530,11,10,,,2026-07-08T23:51:24Z
530,11,11,,,2026-07-08T23:51:24Z
530,11,12,,,2026-07-08T23:51:24Z
530,11,13,,,2026-07-08T23:51:24Z
530,11,14,,,2026-07-08T23:51:24Z
530,11,15,,,2026-07-08T23:51:24Z
530,17,16,,,2026-07-08T23:51:24Z
530,17,17,,,2026-07-08T23:51:24Z
530,17,18,,,2026-07-08T23:51:24Z
530,17,19,,,2026-07-08T23:51:24Z
530,17,20,,,2026-07-08T23:51:24Z
530,17,21,,,2026-07-08T23:51:24Z
530,17,22,,,2026-07-08T23:51:24Z
530,17,23,,,2026-07-08T23:51:24Z
530,17,24,,,2026-07-08T23:51:24Z
530,17,25,,,2026-07-08T23:51:24Z
530,17,3,,,2026-07-08T23:51:24Z
530,17,4,,,2026-07-08T23:51:24Z
530,17,5,,,2026-07-08T23:51:24Z
530,17,6,,,2026-07-08T23:51:24Z
530,17,7,,,2026-07-08T23:51:24Z
530,17,8,,,2026-07-08T23:51:24Z
530,13,9,,,2026-07-08T23:51:24Z
530,13,10,,,2026-07-08T23:51:24Z
530,13,11,,,2026-07-08T23:51:24Z
530,13,12,,,2026-07-08T23:51:24Z
530,13,13,,,2026-07-08T23:51:24Z
530,13,14,,,2026-07-08T23:51:24Z
530,13,15,,,2026-07-08T23:51:24Z
530,13,16,,,2026-07-08T23:51:24Z
530,13,17,,,2026-07-08T23:51:24Z
530,13,18,,,2026-07-08T23:51:24Z
530,6,4,,,2026-07-08T23:51:24Z
530,6,5,,,2026-07-08T23:51:24Z
530,6,6,,,2026-07-08T23:51:24Z
530,6,7,,,2026-07-08T23:51:24Z
530,6,8,,,2026-07-08T23:51:24Z
530,6,9,,,2026-07-08T23:51:24Z
530,6,10,,,2026-07-08T23:51:24Z
530,5,1,,,2026-07-08T23:51:24Z
530,5,2,,,2026-07-08T23:51:24Z
530,5,3,,,2026-07-08T23:51:24Z
530,5,4,,,2026-07-08T23:51:24Z
530,5,5,,,2026-07-08T23:51:24Z
530,5,6,,,2026-07-08T23:51:24Z
530,5,7,,,2026-07-08T23:51:24Z
530,5,8,,,2026-07-08T23:51:24Z
530,5,9,,,2026-07-08T23:51:24Z
530,8,7,,,2026-07-08T23:51:24Z
530,8,8,,,2026-07-08T23:51:24Z
530,8,9,,,2026-07-08T23:51:24Z
530,8,10,,,2026-07-08T23:51:24Z
530,8,11,,,2026-07-08T23:51:24Z
530,8,12,,,2026-07-08T23:51:24Z
530,8,13,,,2026-07-08T23:51:24Z
530,7,5,,,2026-07-08T23:51:24Z
530,7,6,,,2026-07-08T23:51:24Z
530,7,7,,,2026-07-08T23:51:24Z
530,7,8,,,2026-07-08T23:51:24Z
530,7,9,,,2026-07-08T23:51:24Z
530,7,10,,,2026-07-08T23:51:24Z
530,7,11,,,2026-07-08T23:51:24Z
530,9,1,,,2026-07-08T23:51:24Z
530,9,10,,,2026-07-08T23:51:24Z
530,9,11,,,2026-07-08T23:51:24Z
530,9,2,,,2026-07-08T23:51:24Z
530,9,3,,,2026-07-08T23:51:24Z
530,9,4,,,2026-07-08T23:51:24Z
530,9,5,,,2026-07-08T23:51:24Z
530,9,6,,,2026-07-08T23:51:24Z
530,9,7,,,2026-07-08T23:51:24Z
530,9,8,,,2026-07-08T23:51:24Z
530,9,9,,,2026-07-08T23:51:24Z
538,6,6,,,2026-07-08T23:51:24Z
538,6,7,,,2026-07-08T23:51:24Z
538,6,8,,,2026-07-08T23:51:24Z
538,6,9,,,2026-07-08T23:51:24Z
538,6,10,,,2026-07-08T23:51:24Z
538,5,1,,,2026-07-08T23:51:24Z
538,5,2,,,2026-07-08T23:51:24Z
538,5,3,,,2026-07-08T23:51:24Z
538,5,4,,,2026-07-08T23:51:24Z
538,5,5,,,2026-07-08T23:51:24Z
538,1,3,,,2026-07-08T23:51:24Z
538,1,4,,,2026-07-08T23:51:24Z
538,1,5,,,2026-07-08T23:51:24Z
538,1,6,,,2026-07-08T23:51:24Z
538,1,7,,,2026-07-08T23:51:24Z
538,1,8,,,2026-07-08T23:51:24Z
538,1,9,,,2026-07-08T23:51:24Z
538,1,10,,,2026-07-08T23:51:24Z
538,1,11,,,2026-07-08T23:51:24Z
538,1,12,,,2026-07-08T23:51:24Z
538,14,3,,,2026-07-08T23:51:24Z
538,14,4,,,2026-07-08T23:51:24Z
538,14,5,,,2026-07-08T23:51:24Z
538,14,6,,,2026-07-08T23:51:24Z
538,14,7,,,2026-07-08T23:51:24Z
538,14,8,,,2026-07-08T23:51:24Z
538,14,9,,,2026-07-08T23:51:24Z
538,14,10,,,2026-07-08T23:51:24Z
538,14,11,,,2026-07-08T23:51:24Z
538,14,12,,,2026-07-08T23:51:24Z
538,16,3,,,2026-07-08T23:51:24Z
538,16,4,,,2026-07-08T23:51:24Z
538,16,5,,,2026-07-08T23:51:24Z
538,16,6,,,2026-07-08T23:51:24Z
538,16,7,,,2026-07-08T23:51:24Z
538,16,8,,,2026-07-08T23:51:24Z
538,16,9,,,2026-07-08T23:51:24Z
538,16,10,,,2026-07-08T23:51:24Z
538,16,11,,,2026-07-08T23:51:24Z
538,16,12,,,2026-07-08T23:51:24Z
538,12,10,,,2026-07-08T23:51:24Z
538,12,2,,,2026-07-08T23:51:24Z
538,12,3,,,2026-07-08T23:51:24Z
538,12,4,,,2026-07-08T23:51:24Z
538,12,5,,,2026-07-08T23:51:24Z
538,12,6,,,2026-07-08T23:51:24Z
538,12,7,,,2026-07-08T23:51:24Z
538,12,8,,,2026-07-08T23:51:24Z
538,12,9,,,2026-07-08T23:51:24Z
538,15,3,,,2026-07-08T23:51:24Z
538,15,4,,,2026-07-08T23:51:24Z
538,15,5,,,2026-07-08T23:51:24Z
538,15,6,,,2026-07-08T23:51:24Z
538,15,7,,,2026-07-08T23:51:24Z
538,15,8,,,2026-07-08T23:51:24Z
538,15,9,,,2026-07-08T23:51:24Z
538,15,10,,,2026-07-08T23:51:24Z
538,15,11,,,2026-07-08T23:51:24Z
538,15,12,,,2026-07-08T23:51:24Z
538,10,3,,,2026-07-08T23:51:24Z
538,10,4,,,2026-07-08T23:51:24Z
538,10,5,,,2026-07-08T23:51:24Z
538,10,6,,,2026-07-08T23:51:24Z
538,10,7,,,2026-07-08T23:51:24Z
538,10,8,,,2026-07-08T23:51:24Z
538,10,9,,,2026-07-08T23:51:24Z
538,10,10,,,2026-07-08T23:51:24Z
538,10,11,,,2026-07-08T23:51:24Z
538,10,12,,,2026-07-08T23:51:24Z
538,17,6,,,2026-07-08T23:51:24Z
538,17,7,,,2026-07-08T23:51:24Z
538,17,8,,,2026-07-08T23:51:24Z
538,17,9,,,2026-07-08T23:51:24Z
538,17,10,,,2026-07-08T23:51:24Z
538,17,11,,,2026-07-08T23:51:24Z
538,17,12,,,2026-07-08T23:51:24Z
538,17,13,,,2026-07-08T23:51:24Z
538,17,14,,,2026-07-08T23:51:24Z
538,17,15,,,2026-07-08T23:51:24Z
538,13,3,,,2026-07-08T23:51:24Z
538,13,4,,,2026-07-08T23:51:24Z
538,13,5,,,2026-07-08T23:51:24Z
538,13,6,,,2026-07-08T23:51:24Z
538,13,7,,,2026-07-08T23:51:24Z
538,13,8,,,2026-07-08T23:51:24Z
538,13,9,,,2026-07-08T23:51:24Z
538,13,10,,,2026-07-08T23:51:24Z
538,13,11,,,2026-07-08T23:51:24Z
538,13,12,,,2026-07-08T23:51:24Z
538,11,3,,,2026-07-08T23:51:24Z
538,11,4,,,2026-07-08T23:51:24Z
538,11,5,,,2026-07-08T23:51:24Z
538,11,6,,,2026-07-08T23:51:24Z
538,11,7,,,2026-07-08T23:51:24Z
538,11,8,,,2026-07-08T23:51:24Z
538,11,9,,,2026-07-08T23:51:24Z
538,11,10,,,2026-07-08T23:51:24Z
538,11,11,,,2026-07-08T23:51:24Z
538,11,12,,,2026-07-08T23:51:24Z
538,8,1,,,2026-07-08T23:51:24Z
538,8,10,,,2026-07-08T23:51:24Z
538,8,2,,,2026-07-08T23:51:24Z
538,8,3,,,2026-07-08T23:51:24Z
538,8,4,,,2026-07-08T23:51:24Z
538,8,5,,,2026-07-08T23:51:24Z
538,8,6,,,2026-07-08T23:51:24Z
538,8,7,,,2026-07-08T23:51:24Z
538,8,8,,,2026-07-08T23:51:24Z
538,8,9,,,2026-07-08T23:51:24Z
538,4,1,,,2026-07-08T23:51:24Z
538,4,10,,,2026-07-08T23:51:24Z
538,4,2,,,2026-07-08T23:51:24Z
538,4,3,,,2026-07-08T23:51:24Z
538,4,4,,,2026-07-08T23:51:24Z
538,4,5,,,2026-07-08T23:51:24Z
538,4,6,,,2026-07-08T23:51:24Z
538,4,7,,,2026-07-08T23:51:24Z
538,4,8,,,2026-07-08T23:51:24Z
538,4,9,,,2026-07-08T23:51:24Z
538,3,3,,,2026-07-08T23:51:24Z
538,3,4,,,2026-07-08T23:51:24Z
538,3,5,,,2026-07-08T23:51:24Z
538,3,6,,,2026-07-08T23:51:24Z
538,3,7,,,2026-07-08T23:51:24Z
538,3,8,,,2026-07-08T23:51:24Z
538,3,9,,,2026-07-08T23:51:24Z
538,3,10,,,2026-07-08T23:51:24Z
538,3,11,,,2026-07-08T23:51:24Z
538,3,12,,,2026-07-08T23:51:24Z
538,7,7,,,2026-07-08T23:51:24Z
538,7,8,,,2026-07-08T23:51:24Z
538,7,9,,,2026-07-08T23:51:24Z
538,7,10,,,2026-07-08T23:51:24Z
538,2,3,,,2026-07-08T23:51:24Z
538,2,4,,,2026-07-08T23:51:24Z
538,2,5,,,2026-07-08T23:51:24Z
538,2,6,,,2026-07-08T23:51:24Z
538,2,7,,,2026-07-08T23:51:24Z
538,2,8,,,2026-07-08T23:51:24Z
538,2,9,,,2026-07-08T23:51:24Z
538,2,10,,,2026-07-08T23:51:24Z
538,2,11,,,2026-07-08T23:51:24Z
538,2,12,,,2026-07-08T23:51:24Z
506,14,10,,,2026-07-08T23:51:24Z
506,14,2,,,2026-07-08T23:51:24Z
506,14,3,,,2026-07-08T23:51:24Z
506,14,4,,,2026-07-08T23:51:24Z
506,14,5,,,2026-07-08T23:51:24Z
506,14,6,,,2026-07-08T23:51:24Z
506,14,7,,,2026-07-08T23:51:24Z
506,14,8,,,2026-07-08T23:51:24Z
506,14,9,,,2026-07-08T23:51:24Z
506,16,10,,,2026-07-08T23:51:24Z
506,16,2,,,2026-07-08T23:51:24Z
506,16,3,,,2026-07-08T23:51:24Z
506,16,4,,,2026-07-08T23:51:24Z
506,16,5,,,2026-07-08T23:51:24Z
506,16,6,,,2026-07-08T23:51:24Z
506,16,7,,,2026-07-08T23:51:24Z
506,16,8,,,2026-07-08T23:51:24Z
506,16,9,,,2026-07-08T23:51:24Z
506,12,10,,,2026-07-08T23:51:24Z
506,12,2,,,2026-07-08T23:51:24Z
506,12,3,,,2026-07-08T23:51:24Z
506,12,4,,,2026-07-08T23:51:24Z
506,12,5,,,2026-07-08T23:51:24Z
506,12,6,,,2026-07-08T23:51:24Z
506,12,7,,,2026-07-08T23:51:24Z
506,12,8,,,2026-07-08T23:51:24Z
506,12,9,,,2026-07-08T23:51:24Z
506,13,15,,,2026-07-08T23:51:24Z
506,13,16,,,2026-07-08T23:51:24Z
506,13,17,,,2026-07-08T23:51:24Z
506,13,18,,,2026-07-08T23:51:24Z
506,13,19,,,2026-07-08T23:51:24Z
506,13,20,,,2026-07-08T23:51:24Z
506,13,21,,,2026-07-08T23:51:24Z
506,13,22,,,2026-07-08T23:51:24Z
506,13,23,,,2026-07-08T23:51:24Z
506,13,24,,,2026-07-08T23:51:24Z
506,1,9,,,2026-07-08T23:51:24Z
506,1,10,,,2026-07-08T23:51:24Z
506,1,11,,,2026-07-08T23:51:24Z
506,1,12,,,2026-07-08T23:51:24Z
506,1,13,,,2026-07-08T23:51:24Z
506,1,14,,,2026-07-08T23:51:24Z
506,1,15,,,2026-07-08T23:51:24Z
533,12,3,,,2026-07-08T23:51:24Z
533,12,4,,,2026-07-08T23:51:24Z
533,12,5,,,2026-07-08T23:51:24Z
533,12,6,,,2026-07-08T23:51:24Z
533,12,7,,,2026-07-08T23:51:24Z
533,12,8,,,2026-07-08T23:51:24Z
533,12,9,,,2026-07-08T23:51:24Z
533,12,10,,,2026-07-08T23:51:24Z
533,12,11,,,2026-07-08T23:51:24Z
533,12,12,,,2026-07-08T23:51:24Z
533,16,10,,,2026-07-08T23:51:24Z
533,16,2,,,2026-07-08T23:51:24Z
533,16,3,,,2026-07-08T23:51:24Z
533,16,4,,,2026-07-08T23:51:24Z
533,16,5,,,2026-07-08T23:51:24Z
533,16,6,,,2026-07-08T23:51:24Z
533,16,7,,,2026-07-08T23:51:24Z
533,16,8,,,2026-07-08T23:51:24Z
533,16,9,,,2026-07-08T23:51:24Z
533,10,3,,,2026-07-08T23:51:24Z
533,10,4,,,2026-07-08T23:51:24Z
533,10,5,,,2026-07-08T23:51:24Z
533,10,6,,,2026-07-08T23:51:24Z
533,10,7,,,2026-07-08T23:51:24Z
533,10,8,,,2026-07-08T23:51:24Z
533,10,9,,,2026-07-08T23:51:24Z
533,10,10,,,2026-07-08T23:51:24Z
533,10,11,,,2026-07-08T23:51:24Z
533,10,12,,,2026-07-08T23:51:24Z
533,14,3,,,2026-07-08T23:51:24Z
533,14,4,,,2026-07-08T23:51:24Z
533,14,5,,,2026-07-08T23:51:24Z
533,14,6,,,2026-07-08T23:51:24Z
533,14,7,,,2026-07-08T23:51:24Z
533,14,8,,,2026-07-08T23:51:24Z
533,14,9,,,2026-07-08T23:51:24Z
533,14,10,,,2026-07-08T23:51:24Z
533,14,11,,,2026-07-08T23:51:24Z
533,14,12,,,2026-07-08T23:51:24Z
533,17,5,,,2026-07-08T23:51:24Z
533,17,6,,,2026-07-08T23:51:24Z
533,17,7,,,2026-07-08T23:51:24Z
533,17,8,,,2026-07-08T23:51:24Z
533,17,9,,,2026-07-08T23:51:24Z
533,17,10,,,2026-07-08T23:51:24Z
533,17,11,,,2026-07-08T23:51:24Z
533,17,12,,,2026-07-08T23:51:24Z
533,17,13,,,2026-07-08T23:51:24Z
533,17,14,,,2026-07-08T23:51:24Z
533,15,3,,,2026-07-08T23:51:24Z
533,15,4,,,2026-07-08T23:51:24Z
533,15,5,,,2026-07-08T23:51:24Z
533,15,6,,,2026-07-08T23:51:24Z
533,15,7,,,2026-07-08T23:51:24Z
533,15,8,,,2026-07-08T23:51:24Z
533,15,9,,,2026-07-08T23:51:24Z
533,15,10,,,2026-07-08T23:51:24Z
533,15,11,,,2026-07-08T23:51:24Z
533,15,12,,,2026-07-08T23:51:24Z
533,11,3,,,2026-07-08T23:51:24Z
533,11,4,,,2026-07-08T23:51:24Z
533,11,5,,,2026-07-08T23:51:24Z
533,11,6,,,2026-07-08T23:51:24Z
533,11,7,,,2026-07-08T23:51:24Z
533,11,8,,,2026-07-08T23:51:24Z
533,11,9,,,2026-07-08T23:51:24Z
533,11,10,,,2026-07-08T23:51:24Z
533,11,11,,,2026-07-08T23:51:24Z
533,11,12,,,2026-07-08T23:51:24Z
533,13,10,,,2026-07-08T23:51:24Z
533,13,2,,,2026-07-08T23:51:24Z
533,13,3,,,2026-07-08T23:51:24Z
533,13,4,,,2026-07-08T23:51:24Z
533,13,5,,,2026-07-08T23:51:24Z
533,13,6,,,2026-07-08T23:51:24Z
533,13,7,,,2026-07-08T23:51:24Z
533,13,8,,,2026-07-08T23:51:24Z
533,13,9,,,2026-07-08T23:51:24Z
533,1,3,,,2026-07-08T23:51:24Z
533,1,4,,,2026-07-08T23:51:24Z
533,1,5,,,2026-07-08T23:51:24Z
533,1,6,,,2026-07-08T23:51:24Z
533,1,7,,,2026-07-08T23:51:24Z
533,1,8,,,2026-07-08T23:51:24Z
533,1,9,,,2026-07-08T23:51:24Z
533,1,10,,,2026-07-08T23:51:24Z
533,8,3,,,2026-07-08T23:51:24Z
533,8,4,,,2026-07-08T23:51:24Z
533,8,5,,,2026-07-08T23:51:24Z
533,8,6,,,2026-07-08T23:51:24Z
533,8,7,,,2026-07-08T23:51:24Z
533,8,8,,,2026-07-08T23:51:24Z
533,8,9,,,2026-07-08T23:51:24Z
533,8,10,,,2026-07-08T23:51:24Z
533,8,11,,,2026-07-08T23:51:24Z
533,8,12,,,2026-07-08T23:51:24Z
533,6,4,,,2026-07-08T23:51:24Z
533,6,5,,,2026-07-08T23:51:24Z
533,6,6,,,2026-07-08T23:51:24Z
533,6,7,,,2026-07-08T23:51:24Z
533,6,8,,,2026-07-08T23:51:24Z
533,6,9,,,2026-07-08T23:51:24Z
533,6,10,,,2026-07-08T23:51:24Z
533,6,11,,,2026-07-08T23:51:24Z
533,6,12,,,2026-07-08T23:51:24Z
533,7,1,,,2026-07-08T23:51:24Z
533,7,10,,,2026-07-08T23:51:24Z
533,7,2,,,2026-07-08T23:51:24Z
533,7,3,,,2026-07-08T23:51:24Z
533,7,4,,,2026-07-08T23:51:24Z
533,7,5,,,2026-07-08T23:51:24Z
533,7,6,,,2026-07-08T23:51:24Z
533,7,7,,,2026-07-08T23:51:24Z
533,7,8,,,2026-07-08T23:51:24Z
533,7,9,,,2026-07-08T23:51:24Z
533,5,3,,,2026-07-08T23:51:24Z
533,5,4,,,2026-07-08T23:51:24Z
533,5,5,,,2026-07-08T23:51:24Z
533,5,6,,,2026-07-08T23:51:24Z
533,5,7,,,2026-07-08T23:51:24Z
533,5,8,,,2026-07-08T23:51:24Z
533,5,9,,,2026-07-08T23:51:24Z
533,5,10,,,2026-07-08T23:51:24Z
533,5,11,,,2026-07-08T23:51:24Z
533,5,12,,,2026-07-08T23:51:24Z
533,2,3,,,2026-07-08T23:51:24Z
533,2,4,,,2026-07-08T23:51:24Z
533,2,5,,,2026-07-08T23:51:24Z
533,2,6,,,2026-07-08T23:51:24Z
533,3,3,,,2026-07-08T23:51:24Z
533,3,4,,,2026-07-08T23:51:24Z
533,3,5,,,2026-07-08T23:51:24Z
533,3,6,,,2026-07-08T23:51:24Z
533,3,7,,,2026-07-08T23:51:24Z
533,3,8,,,2026-07-08T23:51:24Z
533,3,9,,,2026-07-08T23:51:24Z
533,3,10,,,2026-07-08T23:51:24Z
533,3,11,,,2026-07-08T23:51:24Z
533,4,3,,,2026-07-08T23:51:24Z
533,4,4,,,2026-07-08T23:51:24Z
533,4,5,,,2026-07-08T23:51:24Z
533,4,6,,,2026-07-08T23:51:24Z
533,4,7,,,2026-07-08T23:51:24Z
533,4,8,,,2026-07-08T23:51:24Z
533,4,9,,,2026-07-08T23:51:24Z
533,4,10,,,2026-07-08T23:51:24Z
533,4,11,,,2026-07-08T23:51:24Z
533,4,12,,,2026-07-08T23:51:24Z
533,9,1,,,2026-07-08T23:51:24Z
533,9,10,,,2026-07-08T23:51:24Z
533,9,2,,,2026-07-08T23:51:24Z
533,9,3,,,2026-07-08T23:51:24Z
533,9,4,,,2026-07-08T23:51:24Z
533,9,5,,,2026-07-08T23:51:24Z
533,9,6,,,2026-07-08T23:51:24Z
533,9,7,,,2026-07-08T23:51:24Z
533,9,8,,,2026-07-08T23:51:24Z
533,9,9,,,2026-07-08T23:51:24Z
436,4,15,,,2026-07-08T23:51:24Z
436,4,16,,,2026-07-08T23:51:24Z
436,4,17,,,2026-07-08T23:51:24Z
436,4,18,,,2026-07-08T23:51:24Z
436,4,19,,,2026-07-08T23:51:24Z
436,4,20,,,2026-07-08T23:51:24Z
436,4,21,,,2026-07-08T23:51:24Z
436,4,22,,,2026-07-08T23:51:24Z
436,4,23,,,2026-07-08T23:51:24Z
436,4,24,,,2026-07-08T23:51:24Z
436,6,15,,,2026-07-08T23:51:24Z
436,6,16,,,2026-07-08T23:51:24Z
436,6,17,,,2026-07-08T23:51:24Z
436,6,18,,,2026-07-08T23:51:24Z
436,6,19,,,2026-07-08T23:51:24Z
436,6,10,,,2026-07-08T23:51:24Z
436,6,11,,,2026-07-08T23:51:24Z
436,6,12,,,2026-07-08T23:51:24Z
436,6,13,,,2026-07-08T23:51:24Z
436,6,14,,,2026-07-08T23:51:24Z
436,6,20,,,2026-07-08T23:51:24Z
436,6,21,,,2026-07-08T23:51:24Z
436,6,22,,,2026-07-08T23:51:24Z
436,6,23,,,2026-07-08T23:51:24Z
436,6,24,,,2026-07-08T23:51:24Z
436,6,5,,,2026-07-08T23:51:24Z
436,6,6,,,2026-07-08T23:51:24Z
436,6,7,,,2026-07-08T23:51:24Z
436,6,8,,,2026-07-08T23:51:24Z
436,6,9,,,2026-07-08T23:51:24Z
436,2,15,,,2026-07-08T23:51:24Z
436,2,16,,,2026-07-08T23:51:24Z
436,2,17,,,2026-07-08T23:51:24Z
436,2,18,,,2026-07-08T23:51:24Z
436,2,19,,,2026-07-08T23:51:24Z
436,2,10,,,2026-07-08T23:51:24Z
436,2,11,,,2026-07-08T23:51:24Z
436,2,12,,,2026-07-08T23:51:24Z
436,2,13,,,2026-07-08T23:51:24Z
436,2,14,,,2026-07-08T23:51:24Z
436,2,1,,,2026-07-08T23:51:24Z
436,2,20,,,2026-07-08T23:51:24Z
436,2,21,,,2026-07-08T23:51:24Z
436,2,22,,,2026-07-08T23:51:24Z
436,2,23,,,2026-07-08T23:51:24Z
436,2,24,,,2026-07-08T23:51:24Z
436,2,2,,,2026-07-08T23:51:24Z
436,2,3,,,2026-07-08T23:51:24Z
436,2,5,,,2026-07-08T23:51:24Z
436,2,4,,,2026-07-08T23:51:24Z
436,2,6,,,2026-07-08T23:51:24Z
436,2,7,,,2026-07-08T23:51:24Z
436,2,8,,,2026-07-08T23:51:24Z
436,2,9,,,2026-07-08T23:51:24Z
436,5,1,,,2026-07-08T23:51:24Z
436,5,10,,,2026-07-08T23:51:24Z
436,5,15,,,2026-07-08T23:51:24Z
436,5,16,,,2026-07-08T23:51:24Z
436,5,17,,,2026-07-08T23:51:24Z
436,5,18,,,2026-07-08T23:51:24Z
436,5,19,,,2026-07-08T23:51:24Z
436,5,2,,,2026-07-08T23:51:24Z
436,5,3,,,2026-07-08T23:51:24Z
436,5,20,,,2026-07-08T23:51:24Z
436,5,21,,,2026-07-08T23:51:24Z
436,5,22,,,2026-07-08T23:51:24Z
436,5,23,,,2026-07-08T23:51:24Z
436,5,24,,,2026-07-08T23:51:24Z
436,5,4,,,2026-07-08T23:51:24Z
436,5,5,,,2026-07-08T23:51:24Z
436,5,6,,,2026-07-08T23:51:24Z
436,5,7,,,2026-07-08T23:51:24Z
436,5,8,,,2026-07-08T23:51:24Z
436,5,9,,,2026-07-08T23:51:24Z
436,7,16,,,2026-07-08T23:51:24Z
436,7,17,,,2026-07-08T23:51:24Z
436,7,18,,,2026-07-08T23:51:24Z
436,7,19,,,2026-07-08T23:51:24Z
436,7,20,,,2026-07-08T23:51:24Z
436,7,21,,,2026-07-08T23:51:24Z
436,7,22,,,2026-07-08T23:51:24Z
436,7,23,,,2026-07-08T23:51:24Z
436,7,24,,,2026-07-08T23:51:24Z
436,1,5,,,2026-07-08T23:51:24Z
436,1,6,,,2026-07-08T23:51:24Z
436,1,7,,,2026-07-08T23:51:24Z
436,1,8,,,2026-07-08T23:51:24Z
436,1,9,,,2026-07-08T23:51:24Z
436,1,10,,,2026-07-08T23:51:24Z
436,1,11,,,2026-07-08T23:51:24Z
436,1,12,,,2026-07-08T23:51:24Z
436,1,13,,,2026-07-08T23:51:24Z
436,1,14,,,2026-07-08T23:51:24Z
435,6,6,,,2026-07-08T23:51:24Z
435,6,7,,,2026-07-08T23:51:24Z
435,6,8,,,2026-07-08T23:51:24Z
435,6,9,,,2026-07-08T23:51:24Z
435,6,10,,,2026-07-08T23:51:24Z
435,6,11,,,2026-07-08T23:51:24Z
435,6,12,,,2026-07-08T23:51:24Z
435,6,13,,,2026-07-08T23:51:24Z
435,6,14,,,2026-07-08T23:51:24Z
435,6,15,,,2026-07-08T23:51:24Z
435,2,15,,,2026-07-08T23:51:24Z
435,2,16,,,2026-07-08T23:51:24Z
435,2,17,,,2026-07-08T23:51:24Z
435,2,18,,,2026-07-08T23:51:24Z
435,2,19,,,2026-07-08T23:51:24Z
435,2,10,,,2026-07-08T23:51:24Z
435,2,11,,,2026-07-08T23:51:24Z
435,2,12,,,2026-07-08T23:51:24Z
435,2,13,,,2026-07-08T23:51:24Z
435,2,14,,,2026-07-08T23:51:24Z
435,2,20,,,2026-07-08T23:51:24Z
435,2,21,,,2026-07-08T23:51:24Z
435,2,22,,,2026-07-08T23:51:24Z
435,2,23,,,2026-07-08T23:51:24Z
435,2,24,,,2026-07-08T23:51:24Z
435,2,8,,,2026-07-08T23:51:24Z
435,2,9,,,2026-07-08T23:51:24Z
435,5,14,,,2026-07-08T23:51:24Z
435,5,15,,,2026-07-08T23:51:24Z
435,5,16,,,2026-07-08T23:51:24Z
435,5,17,,,2026-07-08T23:51:24Z
435,5,18,,,2026-07-08T23:51:24Z
435,5,19,,,2026-07-08T23:51:24Z
435,5,10,,,2026-07-08T23:51:24Z
435,5,11,,,2026-07-08T23:51:24Z
435,5,12,,,2026-07-08T23:51:24Z
435,5,13,,,2026-07-08T23:51:24Z
435,5,20,,,2026-07-08T23:51:24Z
435,5,6,,,2026-07-08T23:51:24Z
435,5,7,,,2026-07-08T23:51:24Z
435,5,8,,,2026-07-08T23:51:24Z
435,5,9,,,2026-07-08T23:51:24Z
435,3,15,,,2026-07-08T23:51:24Z
435,3,16,,,2026-07-08T23:51:24Z
435,3,17,,,2026-07-08T23:51:24Z
435,3,18,,,2026-07-08T23:51:24Z
435,3,19,,,2026-07-08T23:51:24Z
435,3,10,,,2026-07-08T23:51:24Z
435,3,1,,,2026-07-08T23:51:24Z
435,3,20,,,2026-07-08T23:51:24Z
435,3,21,,,2026-07-08T23:51:24Z
435,3,22,,,2026-07-08T23:51:24Z
435,3,23,,,2026-07-08T23:51:24Z
435,3,24,,,2026-07-08T23:51:24Z
435,3,2,,,2026-07-08T23:51:24Z
435,3,3,,,2026-07-08T23:51:24Z
435,3,4,,,2026-07-08T23:51:24Z
435,3,5,,,2026-07-08T23:51:24Z
435,3,6,,,2026-07-08T23:51:24Z
435,3,7,,,2026-07-08T23:51:24Z
435,3,8,,,2026-07-08T23:51:24Z
435,3,9,,,2026-07-08T23:51:24Z
435,8,4,,,2026-07-08T23:51:24Z
435,8,5,,,2026-07-08T23:51:24Z
435,8,6,,,2026-07-08T23:51:24Z
435,8,7,,,2026-07-08T23:51:24Z
435,8,8,,,2026-07-08T23:51:24Z
435,8,9,,,2026-07-08T23:51:24Z
435,4,15,,,2026-07-08T23:51:24Z
435,4,16,,,2026-07-08T23:51:24Z
435,4,17,,,2026-07-08T23:51:24Z
435,4,18,,,2026-07-08T23:51:24Z
435,4,19,,,2026-07-08T23:51:24Z
435,4,20,,,2026-07-08T23:51:24Z
435,4,21,,,2026-07-08T23:51:24Z
435,4,22,,,2026-07-08T23:51:24Z
435,4,23,,,2026-07-08T23:51:24Z
435,4,24,,,2026-07-08T23:51:24Z
435,1,6,,,2026-07-08T23:51:24Z
435,1,7,,,2026-07-08T23:51:24Z
534,7,15,,,2026-07-08T23:51:24Z
534,7,16,,,2026-07-08T23:51:24Z
534,7,17,,,2026-07-08T23:51:24Z
534,7,18,,,2026-07-08T23:51:24Z
534,7,19,,,2026-07-08T23:51:24Z
534,7,20,,,2026-07-08T23:51:24Z
534,7,21,,,2026-07-08T23:51:24Z
534,7,22,,,2026-07-08T23:51:24Z
534,7,23,,,2026-07-08T23:51:24Z
534,7,24,,,2026-07-08T23:51:24Z
534,5,15,,,2026-07-08T23:51:24Z
534,5,16,,,2026-07-08T23:51:24Z
534,5,17,,,2026-07-08T23:51:24Z
534,5,18,,,2026-07-08T23:51:24Z
534,5,19,,,2026-07-08T23:51:24Z
534,5,10,,,2026-07-08T23:51:24Z
534,5,11,,,2026-07-08T23:51:24Z
534,5,12,,,2026-07-08T23:51:24Z
534,5,13,,,2026-07-08T23:51:24Z
534,5,14,,,2026-07-08T23:51:24Z
534,5,1,,,2026-07-08T23:51:24Z
534,5,20,,,2026-07-08T23:51:24Z
534,5,21,,,2026-07-08T23:51:24Z
534,5,22,,,2026-07-08T23:51:24Z
534,5,23,,,2026-07-08T23:51:24Z
534,5,24,,,2026-07-08T23:51:24Z
534,5,2,,,2026-07-08T23:51:24Z
534,5,3,,,2026-07-08T23:51:24Z
534,5,4,,,2026-07-08T23:51:24Z
534,5,5,,,2026-07-08T23:51:24Z
534,5,6,,,2026-07-08T23:51:24Z
534,5,7,,,2026-07-08T23:51:24Z
534,5,8,,,2026-07-08T23:51:24Z
534,5,9,,,2026-07-08T23:51:24Z
534,13,15,,,2026-07-08T23:51:24Z
534,13,16,,,2026-07-08T23:51:24Z
534,13,17,,,2026-07-08T23:51:24Z
534,13,14,,,2026-07-08T23:51:24Z
534,13,18,,,2026-07-08T23:51:24Z
534,13,19,,,2026-07-08T23:51:24Z
534,13,10,,,2026-07-08T23:51:24Z
534,13,11,,,2026-07-08T23:51:24Z
534,13,12,,,2026-07-08T23:51:24Z
534,13,13,,,2026-07-08T23:51:24Z
534,13,20,,,2026-07-08T23:51:24Z
534,13,21,,,2026-07-08T23:51:24Z
534,13,22,,,2026-07-08T23:51:24Z
534,13,23,,,2026-07-08T23:51:24Z
534,13,24,,,2026-07-08T23:51:24Z
534,13,5,,,2026-07-08T23:51:24Z
534,13,6,,,2026-07-08T23:51:24Z
534,13,7,,,2026-07-08T23:51:24Z
534,13,8,,,2026-07-08T23:51:24Z
534,13,9,,,2026-07-08T23:51:24Z
534,13,3,,,2026-07-08T23:51:24Z
534,13,4,,,2026-07-08T23:51:24Z
534,16,15,,,2026-07-08T23:51:24Z
534,16,16,,,2026-07-08T23:51:24Z
534,16,17,,,2026-07-08T23:51:24Z
534,16,14,,,2026-07-08T23:51:24Z
534,16,18,,,2026-07-08T23:51:24Z
534,16,19,,,2026-07-08T23:51:24Z
534,16,10,,,2026-07-08T23:51:24Z
534,16,11,,,2026-07-08T23:51:24Z
534,16,12,,,2026-07-08T23:51:24Z
534,16,13,,,2026-07-08T23:51:24Z
534,16,20,,,2026-07-08T23:51:24Z
534,16,21,,,2026-07-08T23:51:24Z
534,16,22,,,2026-07-08T23:51:24Z
534,16,23,,,2026-07-08T23:51:24Z
534,16,24,,,2026-07-08T23:51:24Z
534,16,5,,,2026-07-08T23:51:24Z
534,16,6,,,2026-07-08T23:51:24Z
534,16,7,,,2026-07-08T23:51:24Z
534,16,8,,,2026-07-08T23:51:24Z
534,16,9,,,2026-07-08T23:51:24Z
534,16,3,,,2026-07-08T23:51:24Z
534,16,4,,,2026-07-08T23:51:24Z
534,15,10,,,2026-07-08T23:51:24Z
534,15,15,,,2026-07-08T23:51:24Z
534,15,16,,,2026-07-08T23:51:24Z
534,15,17,,,2026-07-08T23:51:24Z
534,15,18,,,2026-07-08T23:51:24Z
534,15,19,,,2026-07-08T23:51:24Z
534,15,20,,,2026-07-08T23:51:24Z
534,15,21,,,2026-07-08T23:51:24Z
534,15,22,,,2026-07-08T23:51:24Z
534,15,23,,,2026-07-08T23:51:24Z
534,15,24,,,2026-07-08T23:51:24Z
534,15,3,,,2026-07-08T23:51:24Z
534,15,4,,,2026-07-08T23:51:24Z
534,15,5,,,2026-07-08T23:51:24Z
534,15,6,,,2026-07-08T23:51:24Z
534,15,7,,,2026-07-08T23:51:24Z
534,15,8,,,2026-07-08T23:51:24Z
534,15,9,,,2026-07-08T23:51:24Z
534,17,10,,,2026-07-08T23:51:24Z
534,17,11,,,2026-07-08T23:51:24Z
534,17,12,,,2026-07-08T23:51:24Z
534,17,13,,,2026-07-08T23:51:24Z
534,17,18,,,2026-07-08T23:51:24Z
534,17,19,,,2026-07-08T23:51:24Z
534,17,14,,,2026-07-08T23:51:24Z
534,17,15,,,2026-07-08T23:51:24Z
534,17,16,,,2026-07-08T23:51:24Z
534,17,17,,,2026-07-08T23:51:24Z
534,17,20,,,2026-07-08T23:51:24Z
534,17,21,,,2026-07-08T23:51:24Z
534,17,22,,,2026-07-08T23:51:24Z
534,17,23,,,2026-07-08T23:51:24Z
534,17,24,,,2026-07-08T23:51:24Z
534,17,25,,,2026-07-08T23:51:24Z
534,17,26,,,2026-07-08T23:51:24Z
534,17,27,,,2026-07-08T23:51:24Z
534,17,3,,,2026-07-08T23:51:24Z
534,17,4,,,2026-07-08T23:51:24Z
534,17,5,,,2026-07-08T23:51:24Z
534,17,6,,,2026-07-08T23:51:24Z
534,17,7,,,2026-07-08T23:51:24Z
534,17,8,,,2026-07-08T23:51:24Z
534,17,9,,,2026-07-08T23:51:24Z
534,11,15,,,2026-07-08T23:51:24Z
534,11,16,,,2026-07-08T23:51:24Z
534,11,17,,,2026-07-08T23:51:24Z
534,11,14,,,2026-07-08T23:51:24Z
534,11,18,,,2026-07-08T23:51:24Z
534,11,19,,,2026-07-08T23:51:24Z
534,11,10,,,2026-07-08T23:51:24Z
534,11,11,,,2026-07-08T23:51:24Z
534,11,12,,,2026-07-08T23:51:24Z
534,11,13,,,2026-07-08T23:51:24Z
534,11,20,,,2026-07-08T23:51:24Z
534,11,21,,,2026-07-08T23:51:24Z
534,11,22,,,2026-07-08T23:51:24Z
534,11,23,,,2026-07-08T23:51:24Z
534,11,24,,,2026-07-08T23:51:24Z
534,11,5,,,2026-07-08T23:51:24Z
534,11,6,,,2026-07-08T23:51:24Z
534,11,7,,,2026-07-08T23:51:24Z
534,11,8,,,2026-07-08T23:51:24Z
534,11,9,,,2026-07-08T23:51:24Z
534,12,10,,,2026-07-08T23:51:24Z
534,12,2,,,2026-07-08T23:51:24Z
534,12,3,,,2026-07-08T23:51:24Z
534,12,4,,,2026-07-08T23:51:24Z
534,12,5,,,2026-07-08T23:51:24Z
534,12,6,,,2026-07-08T23:51:24Z
534,12,7,,,2026-07-08T23:51:24Z
534,12,8,,,2026-07-08T23:51:24Z
534,12,9,,,2026-07-08T23:51:24Z
534,10,15,,,2026-07-08T23:51:24Z
534,10,16,,,2026-07-08T23:51:24Z
534,10,17,,,2026-07-08T23:51:24Z
534,10,18,,,2026-07-08T23:51:24Z
534,10,19,,,2026-07-08T23:51:24Z
534,10,10,,,2026-07-08T23:51:24Z
534,10,20,,,2026-07-08T23:51:24Z
534,10,21,,,2026-07-08T23:51:24Z
534,10,22,,,2026-07-08T23:51:24Z
534,10,23,,,2026-07-08T23:51:24Z
534,10,24,,,2026-07-08T23:51:24Z
534,10,3,,,2026-07-08T23:51:24Z
534,10,4,,,2026-07-08T23:51:24Z
534,10,5,,,2026-07-08T23:51:24Z
534,10,6,,,2026-07-08T23:51:24Z
534,10,7,,,2026-07-08T23:51:24Z
534,10,8,,,2026-07-08T23:51:24Z
534,10,9,,,2026-07-08T23:51:24Z
534,14,15,,,2026-07-08T23:51:24Z
534,14,16,,,2026-07-08T23:51:24Z
534,14,17,,,2026-07-08T23:51:24Z
534,14,18,,,2026-07-08T23:51:24Z
534,14,19,,,2026-07-08T23:51:24Z
534,14,20,,,2026-07-08T23:51:24Z
534,14,21,,,2026-07-08T23:51:24Z
534,14,22,,,2026-07-08T23:51:24Z
534,14,23,,,2026-07-08T23:51:24Z
534,14,24,,,2026-07-08T23:51:24Z
534,1,13,,,2026-07-08T23:51:24Z
534,1,14,,,2026-07-08T23:51:24Z
534,1,15,,,2026-07-08T23:51:24Z
534,1,16,,,2026-07-08T23:51:24Z
534,1,17,,,2026-07-08T23:51:24Z
534,1,18,,,2026-07-08T23:51:24Z
534,1,19,,,2026-07-08T23:51:24Z
534,1,10,,,2026-07-08T23:51:24Z
534,1,11,,,2026-07-08T23:51:24Z
534,1,12,,,2026-07-08T23:51:24Z
534,1,1,,,2026-07-08T23:51:24Z
534,1,2,,,2026-07-08T23:51:24Z
534,1,3,,,2026-07-08T23:51:24Z
534,1,4,,,2026-07-08T23:51:24Z
534,1,5,,,2026-07-08T23:51:24Z
534,1,6,,,2026-07-08T23:51:24Z
534,1,7,,,2026-07-08T23:51:24Z
534,1,8,,,2026-07-08T23:51:24Z
534,1,9,,,2026-07-08T23:51:24Z
534,3,1,,,2026-07-08T23:51:24Z
534,3,10,,,2026-07-08T23:51:24Z
534,3,11,,,2026-07-08T23:51:24Z
534,3,12,,,2026-07-08T23:51:24Z
534,3,13,,,2026-07-08T23:51:24Z
534,3,14,,,2026-07-08T23:51:24Z
534,3,15,,,2026-07-08T23:51:24Z
534,3,16,,,2026-07-08T23:51:24Z
534,3,17,,,2026-07-08T23:51:24Z
534,3,18,,,2026-07-08T23:51:24Z
534,3,19,,,2026-07-08T23:51:24Z
534,3,2,,,2026-07-08T23:51:24Z
534,3,3,,,2026-07-08T23:51:24Z
534,3,20,,,2026-07-08T23:51:24Z
534,3,4,,,2026-07-08T23:51:24Z
534,3,5,,,2026-07-08T23:51:24Z
534,3,6,,,2026-07-08T23:51:24Z
534,3,7,,,2026-07-08T23:51:24Z
534,3,8,,,2026-07-08T23:51:24Z
534,3,9,,,2026-07-08T23:51:24Z
534,9,1,,,2026-07-08T23:51:24Z
534,9,10,,,2026-07-08T23:51:24Z
534,9,11,,,2026-07-08T23:51:24Z
534,9,12,,,2026-07-08T23:51:24Z
534,9,13,,,2026-07-08T23:51:24Z
534,9,14,,,2026-07-08T23:51:24Z
534,9,15,,,2026-07-08T23:51:24Z
534,9,16,,,2026-07-08T23:51:24Z
534,9,17,,,2026-07-08T23:51:24Z
534,9,18,,,2026-07-08T23:51:24Z
534,9,19,,,2026-07-08T23:51:24Z
534,9,2,,,2026-07-08T23:51:24Z
534,9,3,,,2026-07-08T23:51:24Z
534,9,20,,,2026-07-08T23:51:24Z
534,9,21,,,2026-07-08T23:51:24Z
534,9,22,,,2026-07-08T23:51:24Z
534,9,23,,,2026-07-08T23:51:24Z
534,9,24,,,2026-07-08T23:51:24Z
534,9,4,,,2026-07-08T23:51:24Z
534,9,5,,,2026-07-08T23:51:24Z
534,9,6,,,2026-07-08T23:51:24Z
534,9,7,,,2026-07-08T23:51:24Z
534,9,8,,,2026-07-08T23:51:24Z
534,9,9,,,2026-07-08T23:51:24Z
534,4,15,,,2026-07-08T23:51:24Z
534,4,16,,,2026-07-08T23:51:24Z
534,4,17,,,2026-07-08T23:51:24Z
534,4,18,,,2026-07-08T23:51:24Z
534,4,19,,,2026-07-08T23:51:24Z
534,4,10,,,2026-07-08T23:51:24Z
534,4,1,,,2026-07-08T23:51:24Z
534,4,20,,,2026-07-08T23:51:24Z
534,4,21,,,2026-07-08T23:51:24Z
534,4,22,,,2026-07-08T23:51:24Z
534,4,23,,,2026-07-08T23:51:24Z
534,4,24,,,2026-07-08T23:51:24Z
534,4,2,,,2026-07-08T23:51:24Z
534,4,3,,,2026-07-08T23:51:24Z
534,4,4,,,2026-07-08T23:51:24Z
534,4,5,,,2026-07-08T23:51:24Z
534,4,6,,,2026-07-08T23:51:24Z
534,4,7,,,2026-07-08T23:51:24Z
534,4,8,,,2026-07-08T23:51:24Z
534,4,9,,,2026-07-08T23:51:24Z
534,6,20,,,2026-07-08T23:51:24Z
534,6,21,,,2026-07-08T23:51:24Z
534,6,22,,,2026-07-08T23:51:24Z
534,6,23,,,2026-07-08T23:51:24Z
534,6,24,,,2026-07-08T23:51:24Z
534,2,1,,,2026-07-08T23:51:24Z
534,2,10,,,2026-07-08T23:51:24Z
534,2,2,,,2026-07-08T23:51:24Z
534,2,3,,,2026-07-08T23:51:24Z
534,2,4,,,2026-07-08T23:51:24Z
534,2,5,,,2026-07-08T23:51:24Z
534,2,6,,,2026-07-08T23:51:24Z
534,2,7,,,2026-07-08T23:51:24Z
534,2,8,,,2026-07-08T23:51:24Z
534,2,9,,,2026-07-08T23:51:24Z
141,23,15,,,2026-07-08T23:51:24Z
141,23,16,,,2026-07-08T23:51:24Z
141,23,17,,,2026-07-08T23:51:24Z
141,23,18,,,2026-07-08T23:51:24Z
504,16,15,,,2026-07-08T23:51:24Z
504,16,16,,,2026-07-08T23:51:24Z
504,16,17,,,2026-07-08T23:51:24Z
504,16,18,,,2026-07-08T23:51:24Z
504,16,19,,,2026-07-08T23:51:24Z
504,16,20,,,2026-07-08T23:51:24Z
504,16,21,,,2026-07-08T23:51:24Z
504,16,22,,,2026-07-08T23:51:24Z
504,16,23,,,2026-07-08T23:51:24Z
504,16,24,,,2026-07-08T23:51:24Z
504,12,10,,,2026-07-08T23:51:24Z
504,12,2,,,2026-07-08T23:51:24Z
504,12,3,,,2026-07-08T23:51:24Z
504,12,4,,,2026-07-08T23:51:24Z
504,12,5,,,2026-07-08T23:51:24Z
504,12,6,,,2026-07-08T23:51:24Z
504,12,7,,,2026-07-08T23:51:24Z
504,12,8,,,2026-07-08T23:51:24Z
504,12,9,,,2026-07-08T23:51:24Z
504,14,1,,,2026-07-08T23:51:24Z
504,14,2,,,2026-07-08T23:51:24Z
504,14,3,,,2026-07-08T23:51:24Z
504,14,4,,,2026-07-08T23:51:24Z
504,14,5,,,2026-07-08T23:51:24Z
504,14,6,,,2026-07-08T23:51:24Z
504,14,7,,,2026-07-08T23:51:24Z
504,14,8,,,2026-07-08T23:51:24Z
504,14,9,,,2026-07-08T23:51:24Z
504,10,10,,,2026-07-08T23:51:24Z
504,10,2,,,2026-07-08T23:51:24Z
504,10,3,,,2026-07-08T23:51:24Z
504,10,4,,,2026-07-08T23:51:24Z
504,10,5,,,2026-07-08T23:51:24Z
504,10,6,,,2026-07-08T23:51:24Z
504,10,7,,,2026-07-08T23:51:24Z
504,10,8,,,2026-07-08T23:51:24Z
504,10,9,,,2026-07-08T23:51:24Z
504,6,13,,,2026-07-08T23:51:24Z
504,6,14,,,2026-07-08T23:51:24Z
504,6,15,,,2026-07-08T23:51:24Z
504,6,16,,,2026-07-08T23:51:24Z
504,6,17,,,2026-07-08T23:51:24Z
504,6,18,,,2026-07-08T23:51:24Z
504,6,19,,,2026-07-08T23:51:24Z
504,6,20,,,2026-07-08T23:51:24Z
504,6,21,,,2026-07-08T23:51:24Z
504,2,9,,,2026-07-08T23:51:24Z
504,2,10,,,2026-07-08T23:51:24Z
504,2,11,,,2026-07-08T23:51:24Z
504,2,12,,,2026-07-08T23:51:24Z
504,2,13,,,2026-07-08T23:51:24Z
504,2,14,,,2026-07-08T23:51:24Z
504,2,15,,,2026-07-08T23:51:24Z
504,2,16,,,2026-07-08T23:51:24Z
504,2,17,,,2026-07-08T23:51:24Z
504,2,18,,,2026-07-08T23:51:24Z
504,4,5,,,2026-07-08T23:51:24Z
504,4,6,,,2026-07-08T23:51:24Z
504,4,7,,,2026-07-08T23:51:24Z
504,4,8,,,2026-07-08T23:51:24Z
504,4,13,,,2026-07-08T23:51:24Z
504,4,14,,,2026-07-08T23:51:24Z
504,4,15,,,2026-07-08T23:51:24Z
504,4,16,,,2026-07-08T23:51:24Z
504,4,17,,,2026-07-08T23:51:24Z
433,4,1,,,2026-07-08T23:51:24Z
433,4,10,,,2026-07-08T23:51:24Z
433,4,11,,,2026-07-08T23:51:24Z
433,4,12,,,2026-07-08T23:51:24Z
433,4,13,,,2026-07-08T23:51:24Z
433,4,14,,,2026-07-08T23:51:24Z
433,4,15,,,2026-07-08T23:51:24Z
433,4,16,,,2026-07-08T23:51:24Z
433,4,17,,,2026-07-08T23:51:24Z
433,4,18,,,2026-07-08T23:51:24Z
433,4,19,,,2026-07-08T23:51:24Z
433,4,2,,,2026-07-08T23:51:24Z
433,4,3,,,2026-07-08T23:51:24Z
433,4,20,,,2026-07-08T23:51:24Z
433,4,4,,,2026-07-08T23:51:24Z
433,4,5,,,2026-07-08T23:51:24Z
433,4,6,,,2026-07-08T23:51:24Z
433,4,7,,,2026-07-08T23:51:24Z
433,4,8,,,2026-07-08T23:51:24Z
433,4,9,,,2026-07-08T23:51:24Z
433,3,1,,,2026-07-08T23:51:24Z
433,3,10,,,2026-07-08T23:51:24Z
433,3,13,,,2026-07-08T23:51:24Z
433,3,14,,,2026-07-08T23:51:24Z
433,3,15,,,2026-07-08T23:51:24Z
433,3,16,,,2026-07-08T23:51:24Z
433,3,17,,,2026-07-08T23:51:24Z
433,3,18,,,2026-07-08T23:51:24Z
433,3,19,,,2026-07-08T23:51:24Z
433,3,2,,,2026-07-08T23:51:24Z
433,3,3,,,2026-07-08T23:51:24Z
433,3,20,,,2026-07-08T23:51:24Z
433,3,21,,,2026-07-08T23:51:24Z
433,3,22,,,2026-07-08T23:51:24Z
433,3,4,,,2026-07-08T23:51:24Z
433,3,5,,,2026-07-08T23:51:24Z
433,3,6,,,2026-07-08T23:51:24Z
433,3,7,,,2026-07-08T23:51:24Z
433,3,8,,,2026-07-08T23:51:24Z
433,3,9,,,2026-07-08T23:51:24Z
433,2,9,,,2026-07-08T23:51:24Z
433,2,10,,,2026-07-08T23:51:24Z
433,2,11,,,2026-07-08T23:51:24Z
433,2,12,,,2026-07-08T23:51:24Z
433,2,13,,,2026-07-08T23:51:24Z
433,2,14,,,2026-07-08T23:51:24Z
433,2,15,,,2026-07-08T23:51:24Z
433,2,16,,,2026-07-08T23:51:24Z
433,2,17,,,2026-07-08T23:51:24Z
433,2,18,,,2026-07-08T23:51:24Z
434,4,12,,,2026-07-08T23:51:24Z
434,4,13,,,2026-07-08T23:51:24Z
434,4,14,,,2026-07-08T23:51:24Z
434,4,15,,,2026-07-08T23:51:24Z
434,4,16,,,2026-07-08T23:51:24Z
434,4,17,,,2026-07-08T23:51:24Z
434,4,18,,,2026-07-08T23:51:24Z
434,4,19,,,2026-07-08T23:51:24Z
434,4,20,,,2026-07-08T23:51:24Z
434,4,21,,,2026-07-08T23:51:24Z
434,3,12,,,2026-07-08T23:51:24Z
434,3,13,,,2026-07-08T23:51:24Z
434,3,14,,,2026-07-08T23:51:24Z
434,3,15,,,2026-07-08T23:51:24Z
434,3,16,,,2026-07-08T23:51:24Z
434,3,17,,,2026-07-08T23:51:24Z
434,3,18,,,2026-07-08T23:51:24Z
434,3,19,,,2026-07-08T23:51:24Z
434,3,10,,,2026-07-08T23:51:24Z
434,3,11,,,2026-07-08T23:51:24Z
434,3,1,,,2026-07-08T23:51:24Z
434,3,20,,,2026-07-08T23:51:24Z
434,3,21,,,2026-07-08T23:51:24Z
434,3,2,,,2026-07-08T23:51:24Z
434,3,3,,,2026-07-08T23:51:24Z
434,3,4,,,2026-07-08T23:51:24Z
434,3,5,,,2026-07-08T23:51:24Z
434,3,6,,,2026-07-08T23:51:24Z
434,3,7,,,2026-07-08T23:51:24Z
434,3,8,,,2026-07-08T23:51:24Z
434,3,9,,,2026-07-08T23:51:24Z
434,1,3,,,2026-07-08T23:51:24Z
434,1,4,,,2026-07-08T23:51:24Z
434,1,5,,,2026-07-08T23:51:24Z
434,1,6,,,2026-07-08T23:51:24Z
434,1,7,,,2026-07-08T23:51:24Z
434,1,8,,,2026-07-08T23:51:24Z
434,1,9,,,2026-07-08T23:51:24Z
434,2,1,,,2026-07-08T23:51:24Z
434,2,14,,,2026-07-08T23:51:24Z
434,2,15,,,2026-07-08T23:51:24Z
434,2,2,,,2026-07-08T23:51:24Z
434,2,3,,,2026-07-08T23:51:24Z
434,2,4,,,2026-07-08T23:51:24Z
501,3,8,,,2026-07-08T23:51:24Z
501,3,9,,,2026-07-08T23:51:24Z
501,3,10,,,2026-07-08T23:51:24Z
501,3,11,,,2026-07-08T23:51:24Z
501,3,12,,,2026-07-08T23:51:24Z
501,17,10,,,2026-07-08T23:51:24Z
501,17,2,,,2026-07-08T23:51:24Z
501,17,3,,,2026-07-08T23:51:24Z
501,17,4,,,2026-07-08T23:51:24Z
501,17,5,,,2026-07-08T23:51:24Z
501,17,6,,,2026-07-08T23:51:24Z
501,17,7,,,2026-07-08T23:51:24Z
501,17,8,,,2026-07-08T23:51:24Z
501,17,9,,,2026-07-08T23:51:24Z
501,5,3,,,2026-07-08T23:51:24Z
501,5,4,,,2026-07-08T23:51:24Z
501,5,5,,,2026-07-08T23:51:24Z
501,5,6,,,2026-07-08T23:51:24Z
501,5,7,,,2026-07-08T23:51:24Z
501,5,8,,,2026-07-08T23:51:24Z
501,5,9,,,2026-07-08T23:51:24Z
501,5,10,,,2026-07-08T23:51:24Z
501,5,11,,,2026-07-08T23:51:24Z
501,5,12,,,2026-07-08T23:51:24Z
501,9,1,,,2026-07-08T23:51:24Z
501,9,10,,,2026-07-08T23:51:24Z
501,9,2,,,2026-07-08T23:51:24Z
501,9,3,,,2026-07-08T23:51:24Z
501,9,4,,,2026-07-08T23:51:24Z
501,9,5,,,2026-07-08T23:51:24Z
501,9,6,,,2026-07-08T23:51:24Z
501,9,7,,,2026-07-08T23:51:24Z
501,9,8,,,2026-07-08T23:51:24Z
501,9,9,,,2026-07-08T23:51:24Z
501,7,1,,,2026-07-08T23:51:24Z
501,7,10,,,2026-07-08T23:51:24Z
501,7,2,,,2026-07-08T23:51:24Z
501,7,3,,,2026-07-08T23:51:24Z
501,7,4,,,2026-07-08T23:51:24Z
501,7,5,,,2026-07-08T23:51:24Z
501,7,6,,,2026-07-08T23:51:24Z
501,7,7,,,2026-07-08T23:51:24Z
501,7,8,,,2026-07-08T23:51:24Z
501,7,9,,,2026-07-08T23:51:24Z
111,4,7,,,2026-07-08T23:51:24Z
111,4,8,,,2026-07-08T23:51:24Z
111,4,9,,,2026-07-08T23:51:24Z
111,4,10,,,2026-07-08T23:51:24Z
139,15,1,,,2026-07-08T23:51:24Z
139,15,2,,,2026-07-08T23:51:24Z
139,13,1,,,2026-07-08T23:51:24Z
139,13,2,,,2026-07-08T23:51:24Z
139,13,3,,,2026-07-08T23:51:24Z
139,13,4,,,2026-07-08T23:51:24Z
139,13,5,,,2026-07-08T23:51:24Z
139,13,6,,,2026-07-08T23:51:24Z
139,7,8,,,2026-07-08T23:51:24Z
139,7,9,,,2026-07-08T23:51:24Z
139,7,10,,,2026-07-08T23:51:24Z
139,7,11,,,2026-07-08T23:51:24Z
132,29,10,,,2026-07-08T23:51:24Z
132,29,2,,,2026-07-08T23:51:24Z
132,29,3,,,2026-07-08T23:51:24Z
132,29,4,,,2026-07-08T23:51:24Z
132,29,5,,,2026-07-08T23:51:24Z
132,29,6,,,2026-07-08T23:51:24Z
132,29,7,,,2026-07-08T23:51:24Z
132,29,8,,,2026-07-08T23:51:24Z
132,29,9,,,2026-07-08T23:51:24Z
132,27,4,,,2026-07-08T23:51:24Z
132,27,5,,,2026-07-08T23:51:24Z
132,27,6,,,2026-07-08T23:51:24Z
132,27,7,,,2026-07-08T23:51:24Z
132,27,8,,,2026-07-08T23:51:24Z
132,27,9,,,2026-07-08T23:51:24Z
132,27,10,,,2026-07-08T23:51:24Z
132,24,7,,,2026-07-08T23:51:24Z
132,24,8,,,2026-07-08T23:51:24Z
132,33,9,,,2026-07-08T23:51:24Z
132,33,10,,,2026-07-08T23:51:24Z
132,33,11,,,2026-07-08T23:51:24Z
132,33,12,,,2026-07-08T23:51:24Z
132,33,13,,,2026-07-08T23:51:24Z
132,33,14,,,2026-07-08T23:51:24Z
132,33,15,,,2026-07-08T23:51:24Z
132,33,16,,,2026-07-08T23:51:24Z
132,33,17,,,2026-07-08T23:51:24Z
132,33,18,,,2026-07-08T23:51:24Z
132,33,2,,,2026-07-08T23:51:24Z
132,33,3,,,2026-07-08T23:51:24Z
132,33,4,,,2026-07-08T23:51:24Z
132,33,5,,,2026-07-08T23:51:24Z
132,33,6,,,2026-07-08T23:51:24Z
132,33,7,,,2026-07-08T23:51:24Z
132,33,8,,,2026-07-08T23:51:24Z
132,31,8,,,2026-07-08T23:51:24Z
132,31,9,,,2026-07-08T23:51:24Z
132,31,10,,,2026-07-08T23:51:24Z
132,31,11,,,2026-07-08T23:51:24Z
132,31,12,,,2026-07-08T23:51:24Z
132,31,13,,,2026-07-08T23:51:24Z
132,31,14,,,2026-07-08T23:51:24Z
132,31,15,,,2026-07-08T23:51:24Z
132,31,16,,,2026-07-08T23:51:24Z
132,31,17,,,2026-07-08T23:51:24Z
132,31,2,,,2026-07-08T23:51:24Z
132,31,3,,,2026-07-08T23:51:24Z
132,31,4,,,2026-07-08T23:51:24Z
132,31,5,,,2026-07-08T23:51:24Z
132,31,6,,,2026-07-08T23:51:24Z
132,31,7,,,2026-07-08T23:51:24Z
132,36,8,,,2026-07-08T23:51:24Z
132,36,9,,,2026-07-08T23:51:24Z
132,36,10,,,2026-07-08T23:51:24Z
132,36,11,,,2026-07-08T23:51:24Z
132,36,12,,,2026-07-08T23:51:24Z
132,36,13,,,2026-07-08T23:51:24Z
132,36,14,,,2026-07-08T23:51:24Z
132,36,15,,,2026-07-08T23:51:24Z
132,36,16,,,2026-07-08T23:51:24Z
429,1,3,,,2026-07-08T23:51:24Z
429,1,4,,,2026-07-08T23:51:24Z
429,1,5,,,2026-07-08T23:51:24Z
429,1,6,,,2026-07-08T23:51:24Z
429,1,9,,,2026-07-08T23:51:24Z
429,1,10,,,2026-07-08T23:51:24Z
429,1,11,,,2026-07-08T23:51:24Z
429,1,12,,,2026-07-08T23:51:24Z
429,1,13,,,2026-07-08T23:51:24Z
429,1,14,,,2026-07-08T23:51:24Z
429,3,5,,,2026-07-08T23:51:24Z
429,3,6,,,2026-07-08T23:51:24Z
429,3,7,,,2026-07-08T23:51:24Z
429,3,8,,,2026-07-08T23:51:24Z
429,3,9,,,2026-07-08T23:51:24Z
429,3,10,,,2026-07-08T23:51:24Z
429,3,11,,,2026-07-08T23:51:24Z
429,3,12,,,2026-07-08T23:51:24Z
429,3,13,,,2026-07-08T23:51:24Z
429,3,14,,,2026-07-08T23:51:24Z
429,2,5,,,2026-07-08T23:51:24Z
429,2,6,,,2026-07-08T23:51:24Z
429,2,7,,,2026-07-08T23:51:24Z
429,2,8,,,2026-07-08T23:51:24Z
429,2,9,,,2026-07-08T23:51:24Z
429,2,10,,,2026-07-08T23:51:24Z
429,2,11,,,2026-07-08T23:51:24Z
429,2,12,,,2026-07-08T23:51:24Z
429,2,13,,,2026-07-08T23:51:24Z
429,2,14,,,2026-07-08T23:51:24Z
429,4,1,,,2026-07-08T23:51:24Z
429,4,10,,,2026-07-08T23:51:24Z
429,4,2,,,2026-07-08T23:51:24Z
429,4,3,,,2026-07-08T23:51:24Z
429,4,4,,,2026-07-08T23:51:24Z
429,4,5,,,2026-07-08T23:51:24Z
429,4,6,,,2026-07-08T23:51:24Z
429,4,7,,,2026-07-08T23:51:24Z
429,4,8,,,2026-07-08T23:51:24Z
429,4,9,,,2026-07-08T23:51:24Z
417,4,3,,,2026-07-08T23:51:24Z
417,4,4,,,2026-07-08T23:51:24Z
417,4,5,,,2026-07-08T23:51:24Z
417,4,6,,,2026-07-08T23:51:24Z
417,4,7,,,2026-07-08T23:51:24Z
417,4,8,,,2026-07-08T23:51:24Z
417,4,9,,,2026-07-08T23:51:24Z
417,4,10,,,2026-07-08T23:51:24Z
418,3,7,,,2026-07-08T23:51:24Z
418,3,8,,,2026-07-08T23:51:24Z
418,3,9,,,2026-07-08T23:51:24Z
418,3,10,,,2026-07-08T23:51:24Z
418,3,11,,,2026-07-08T23:51:24Z
418,3,12,,,2026-07-08T23:51:24Z
418,3,13,,,2026-07-08T23:51:24Z
418,5,5,,,2026-07-08T23:51:24Z
418,5,6,,,2026-07-08T23:51:24Z
418,5,7,,,2026-07-08T23:51:24Z
418,5,8,,,2026-07-08T23:51:24Z
424,8,16,,,2026-07-08T23:51:24Z
424,8,17,,,2026-07-08T23:51:24Z
424,8,18,,,2026-07-08T23:51:24Z
424,8,19,,,2026-07-08T23:51:24Z
424,8,20,,,2026-07-08T23:51:24Z
424,4,18,,,2026-07-08T23:51:24Z
424,4,19,,,2026-07-08T23:51:24Z
424,6,13,,,2026-07-08T23:51:24Z
424,6,14,,,2026-07-08T23:51:24Z
424,6,15,,,2026-07-08T23:51:24Z
424,6,16,,,2026-07-08T23:51:24Z
424,3,18,,,2026-07-08T23:51:24Z
424,3,19,,,2026-07-08T23:51:24Z
424,3,20,,,2026-07-08T23:51:24Z
424,3,21,,,2026-07-08T23:51:24Z
424,3,22,,,2026-07-08T23:51:24Z
124,4,3,,,2026-07-08T23:51:24Z
124,4,4,,,2026-07-08T23:51:24Z
124,4,5,,,2026-07-08T23:51:24Z
124,4,6,,,2026-07-08T23:51:24Z
124,4,7,,,2026-07-08T23:51:24Z
306,1,3,,,2026-07-08T23:51:24Z
306,1,4,,,2026-07-08T23:51:24Z
306,1,5,,,2026-07-08T23:51:24Z
306,1,6,,,2026-07-08T23:51:24Z
306,1,7,,,2026-07-08T23:51:24Z
306,2,1,,,2026-07-08T23:51:24Z
306,2,2,,,2026-07-08T23:51:24Z
509,5,4,,,2026-07-08T23:51:24Z
509,5,5,,,2026-07-08T23:51:24Z
509,5,6,,,2026-07-08T23:51:24Z
509,5,7,,,2026-07-08T23:51:24Z
509,5,8,,,2026-07-08T23:51:24Z
509,12,3,,,2026-07-08T23:51:24Z
509,12,4,,,2026-07-08T23:51:24Z
509,12,5,,,2026-07-08T23:51:24Z
509,12,6,,,2026-07-08T23:51:24Z
509,12,7,,,2026-07-08T23:51:24Z
509,12,8,,,2026-07-08T23:51:24Z
509,12,9,,,2026-07-08T23:51:24Z
509,12,10,,,2026-07-08T23:51:24Z
509,12,11,,,2026-07-08T23:51:24Z
509,12,12,,,2026-07-08T23:51:24Z
509,1,7,,,2026-07-08T23:51:24Z
509,1,8,,,2026-07-08T23:51:24Z
509,9,15,,,2026-07-08T23:51:24Z
509,9,16,,,2026-07-08T23:51:24Z
509,9,17,,,2026-07-08T23:51:24Z
509,9,18,,,2026-07-08T23:51:24Z
509,9,19,,,2026-07-08T23:51:24Z
509,9,20,,,2026-07-08T23:51:24Z
509,9,21,,,2026-07-08T23:51:24Z
509,9,22,,,2026-07-08T23:51:24Z
509,9,23,,,2026-07-08T23:51:24Z
509,9,24,,,2026-07-08T23:51:24Z
309,5,11,,,2026-07-08T23:51:24Z
309,5,12,,,2026-07-08T23:51:24Z
309,10,5,,,2026-07-08T23:51:24Z
309,10,6,,,2026-07-08T23:51:24Z
309,10,1,,,2026-07-08T23:51:24Z
309,10,2,,,2026-07-08T23:51:24Z
309,7,5,,,2026-07-08T23:51:24Z
309,7,6,,,2026-07-08T23:51:24Z
309,7,7,,,2026-07-08T23:51:24Z
309,7,8,,,2026-07-08T23:51:24Z
309,6,9,,,2026-07-08T23:51:24Z
309,6,10,,,2026-07-08T23:51:24Z
309,6,11,,,2026-07-08T23:51:24Z
309,6,12,,,2026-07-08T23:51:24Z
309,6,13,,,2026-07-08T23:51:24Z
309,6,14,,,2026-07-08T23:51:24Z
309,6,15,,,2026-07-08T23:51:24Z
309,6,16,,,2026-07-08T23:51:24Z
309,6,17,,,2026-07-08T23:51:24Z
309,6,18,,,2026-07-08T23:51:24Z
136,15,11,,,2026-07-08T23:51:24Z
136,15,12,,,2026-07-08T23:51:24Z
136,15,13,,,2026-07-08T23:51:24Z
136,15,14,,,2026-07-08T23:51:24Z
136,15,15,,,2026-07-08T23:51:24Z
136,15,16,,,2026-07-08T23:51:24Z
136,15,17,,,2026-07-08T23:51:24Z
136,15,18,,,2026-07-08T23:51:24Z
136,15,19,,,2026-07-08T23:51:24Z
136,15,20,,,2026-07-08T23:51:24Z
136,10,9,,,2026-07-08T23:51:24Z
136,10,10,,,2026-07-08T23:51:24Z
136,10,11,,,2026-07-08T23:51:24Z
136,10,12,,,2026-07-08T23:51:24Z
136,10,13,,,2026-07-08T23:51:24Z
136,10,14,,,2026-07-08T23:51:24Z
136,10,15,,,2026-07-08T23:51:24Z
136,10,16,,,2026-07-08T23:51:24Z
136,11,15,,,2026-07-08T23:51:24Z
136,11,16,,,2026-07-08T23:51:24Z
136,11,17,,,2026-07-08T23:51:24Z
136,11,18,,,2026-07-08T23:51:24Z
136,11,19,,,2026-07-08T23:51:24Z
136,11,20,,,2026-07-08T23:51:24Z
136,11,21,,,2026-07-08T23:51:24Z
136,11,22,,,2026-07-08T23:51:24Z
136,11,23,,,2026-07-08T23:51:24Z
136,11,24,,,2026-07-08T23:51:24Z
136,13,5,,,2026-07-08T23:51:24Z
136,13,6,,,2026-07-08T23:51:24Z
136,13,7,,,2026-07-08T23:51:24Z
136,13,8,,,2026-07-08T23:51:24Z
136,13,9,,,2026-07-08T23:51:24Z
136,13,10,,,2026-07-08T23:51:24Z
136,13,11,,,2026-07-08T23:51:24Z
136,13,12,,,2026-07-08T23:51:24Z
136,13,13,,,2026-07-08T23:51:24Z
136,13,14,,,2026-07-08T23:51:24Z
136,3,11,,,2026-07-08T23:51:24Z
136,3,12,,,2026-07-08T23:51:24Z
101,10,12,,,2026-07-08T23:51:24Z
101,10,13,,,2026-07-08T23:51:24Z
101,10,14,,,2026-07-08T23:51:24Z
101,10,15,,,2026-07-08T23:51:24Z
315,6,7,,,2026-07-08T23:51:24Z
315,6,8,,,2026-07-08T23:51:24Z
315,5,3,,,2026-07-08T23:51:24Z
315,5,4,,,2026-07-08T23:51:24Z
329,3,5,,,2026-07-08T23:51:24Z
329,3,6,,,2026-07-08T23:51:24Z
329,5,11,,,2026-07-08T23:51:24Z
329,5,12,,,2026-07-08T23:51:24Z
329,5,13,,,2026-07-08T23:51:24Z
329,5,14,,,2026-07-08T23:51:24Z
329,5,15,,,2026-07-08T23:51:24Z
329,5,16,,,2026-07-08T23:51:24Z
329,5,17,,,2026-07-08T23:51:24Z
329,5,18,,,2026-07-08T23:51:24Z
409,2,14,,,2026-07-08T23:51:24Z
409,2,15,,,2026-07-08T23:51:24Z
411,4,5,,,2026-07-08T23:51:24Z
411,4,6,,,2026-07-08T23:51:24Z
411,4,7,,,2026-07-08T23:51:24Z
411,4,8,,,2026-07-08T23:51:24Z
411,4,9,,,2026-07-08T23:51:24Z
411,3,14,,,2026-07-08T23:51:24Z
411,3,15,,,2026-07-08T23:51:24Z
405,5,5,,,2026-07-08T23:51:24Z
405,5,6,,,2026-07-08T23:51:24Z
405,5,7,,,2026-07-08T23:51:24Z
405,5,8,,,2026-07-08T23:51:24Z
405,5,16,,,2026-07-08T23:51:24Z
405,5,17,,,2026-07-08T23:51:24Z
405,8,16,,,2026-07-08T23:51:24Z
405,8,17,,,2026-07-08T23:51:24Z
405,8,18,,,2026-07-08T23:51:24Z
405,8,19,,,2026-07-08T23:51:24Z
405,8,20,,,2026-07-08T23:51:24Z
405,3,3,,,2026-07-08T23:51:24Z
405,3,4,,,2026-07-08T23:51:24Z
405,3,5,,,2026-07-08T23:51:24Z
405,3,6,,,2026-07-08T23:51:24Z
405,2,1,,,2026-07-08T23:51:24Z
405,2,2,,,2026-07-08T23:51:24Z
405,4,12,,,2026-07-08T23:51:24Z
405,4,13,,,2026-07-08T23:51:24Z
405,4,14,,,2026-07-08T23:51:24Z
405,4,15,,,2026-07-08T23:51:24Z
405,4,16,,,2026-07-08T23:51:24Z
125,9,8,,,2026-07-08T23:51:24Z
125,9,9,,,2026-07-08T23:51:24Z
422,4,2,,,2026-07-08T23:51:24Z
422,4,3,,,2026-07-08T23:51:24Z
422,4,13,,,2026-07-08T23:51:24Z
422,4,14,,,2026-07-08T23:51:24Z
422,3,6,,,2026-07-08T23:51:24Z
422,3,7,,,2026-07-08T23:51:24Z
328,9,13,,,2026-07-08T23:51:24Z
328,9,14,,,2026-07-08T23:51:24Z
328,9,15,,,2026-07-08T23:51:24Z
328,9,16,,,2026-07-08T23:51:24Z
328,9,17,,,2026-07-08T23:51:24Z
328,9,18,,,2026-07-08T23:51:24Z
328,9,19,,,2026-07-08T23:51:24Z
328,9,20,,,2026-07-08T23:51:24Z
328,9,21,,,2026-07-08T23:51:24Z
328,9,22,,,2026-07-08T23:51:24Z
328,8,11,,,2026-07-08T23:51:24Z
328,8,12,,,2026-07-08T23:51:24Z
328,5,11,,,2026-07-08T23:51:24Z
328,5,12,,,2026-07-08T23:51:24Z
328,5,13,,,2026-07-08T23:51:24Z
328,5,14,,,2026-07-08T23:51:24Z
328,5,15,,,2026-07-08T23:51:24Z
328,5,16,,,2026-07-08T23:51:24Z
328,5,17,,,2026-07-08T23:51:24Z
328,5,18,,,2026-07-08T23:51:24Z
328,5,19,,,2026-07-08T23:51:24Z
407,3,5,,,2026-07-08T23:51:24Z
407,3,6,,,2026-07-08T23:51:24Z
407,1,13,,,2026-07-08T23:51:24Z
407,1,14,,,2026-07-08T23:51:24Z
423,2,5,,,2026-07-08T23:51:24Z
423,2,6,,,2026-07-08T23:51:24Z
423,4,3,,,2026-07-08T23:51:24Z
423,4,4,,,2026-07-08T23:51:24Z
423,4,5,,,2026-07-08T23:51:24Z
423,4,6,,,2026-07-08T23:51:24Z
423,4,7,,,2026-07-08T23:51:24Z
423,4,8,,,2026-07-08T23:51:24Z
423,4,9,,,2026-07-08T23:51:24Z
423,4,10,,,2026-07-08T23:51:24Z
130,34,19,,,2026-07-08T23:51:24Z
130,34,20,,,2026-07-08T23:51:24Z
130,34,21,,,2026-07-08T23:51:24Z
130,34,22,,,2026-07-08T23:51:24Z
130,34,23,,,2026-07-08T23:51:24Z
140,17,1,,,2026-07-08T23:51:24Z
140,17,2,,,2026-07-08T23:51:24Z
140,17,3,,,2026-07-08T23:51:24Z
140,17,4,,,2026-07-08T23:51:24Z
140,17,5,,,2026-07-08T23:51:24Z
140,17,6,,,2026-07-08T23:51:24Z
333,10,6,,,2026-07-08T23:51:24Z
333,10,7,,,2026-07-08T23:51:24Z
333,10,8,,,2026-07-08T23:51:24Z
333,10,9,,,2026-07-08T23:51:24Z
333,10,10,,,2026-07-08T23:51:24Z
333,10,11,,,2026-07-08T23:51:24Z
412,6,3,,,2026-07-08T23:51:24Z
412,6,4,,,2026-07-08T23:51:24Z
412,6,5,,,2026-07-08T23:51:24Z
412,6,6,,,2026-07-08T23:51:24Z
412,6,7,,,2026-07-08T23:51:24Z
412,6,8,,,2026-07-08T23:51:24Z
412,6,9,,,2026-07-08T23:51:24Z
412,6,10,,,2026-07-08T23:51:24Z
412,6,11,,,2026-07-08T23:51:24Z
412,5,5,,,2026-07-08T23:51:24Z
412,5,6,,,2026-07-08T23:51:24Z
412,5,7,,,2026-07-08T23:51:24Z
412,5,8,,,2026-07-08T23:51:24Z
412,5,9,,,2026-07-08T23:51:24Z
412,5,10,,,2026-07-08T23:51:24Z
412,5,11,,,2026-07-08T23:51:24Z
114,1,11,,,2026-07-08T23:51:24Z
114,1,12,,,2026-07-08T23:51:24Z
114,1,13,,,2026-07-08T23:51:24Z
114,1,14,,,2026-07-08T23:51:24Z
114,1,15,,,2026-07-08T23:51:24Z
408,3,9,,,2026-07-08T23:51:24Z
408,3,10,,,2026-07-08T23:51:24Z
332,1,17,,,2026-07-08T23:51:24Z
332,1,18,,,2026-07-08T23:51:24Z
332,1,5,,,2026-07-08T23:51:24Z
332,1,6,,,2026-07-08T23:51:24Z
332,1,7,,,2026-07-08T23:51:24Z
332,1,8,,,2026-07-08T23:51:24Z
332,7,1,,,2026-07-08T23:51:24Z
332,7,10,,,2026-07-08T23:51:24Z
332,7,2,,,2026-07-08T23:51:24Z
332,7,3,,,2026-07-08T23:51:24Z
332,7,4,,,2026-07-08T23:51:24Z
332,7,5,,,2026-07-08T23:51:24Z
332,7,6,,,2026-07-08T23:51:24Z
332,7,7,,,2026-07-08T23:51:24Z
332,7,8,,,2026-07-08T23:51:24Z
332,7,9,,,2026-07-08T23:51:24Z
131,34,10,,,2026-07-08T23:51:24Z
131,34,2,,,2026-07-08T23:51:24Z
131,34,3,,,2026-07-08T23:51:24Z
131,34,4,,,2026-07-08T23:51:24Z
131,34,5,,,2026-07-08T23:51:24Z
131,34,6,,,2026-07-08T23:51:24Z
131,34,7,,,2026-07-08T23:51:24Z
131,34,8,,,2026-07-08T23:51:24Z
131,34,9,,,2026-07-08T23:51:24Z
307,6,12,,,2026-07-08T23:51:24Z
307,6,13,,,2026-07-08T23:51:24Z
307,6,14,,,2026-07-08T23:51:24Z
307,6,15,,,2026-07-08T23:51:24Z
307,6,16,,,2026-07-08T23:51:24Z
307,6,17,,,2026-07-08T23:51:24Z
307,6,18,,,2026-07-08T23:51:24Z
307,6,19,,,2026-07-08T23:51:24Z
307,6,20,,,2026-07-08T23:51:24Z
307,6,21,,,2026-07-08T23:51:24Z
129,18,20,,,2026-07-08T23:51:24Z
129,18,21,,,2026-07-08T23:51:24Z
129,18,22,,,2026-07-08T23:51:24Z
129,18,23,,,2026-07-08T23:51:24Z
129,18,24,,,2026-07-08T23:51:24Z
106,24,12,,,2026-07-08T23:51:24Z
106,24,13,,,2026-07-08T23:51:24Z
106,24,14,,,2026-07-08T23:51:24Z
106,24,15,,,2026-07-08T23:51:24Z
106,24,16,,,2026-07-08T23:51:24Z
106,24,17,,,2026-07-08T23:51:24Z
106,24,18,,,2026-07-08T23:51:24Z
106,24,19,,,2026-07-08T23:51:24Z
106,24,20,,,2026-07-08T23:51:24Z
106,24,21,,,2026-07-08T23:51:24Z
106,22,10,,,2026-07-08T23:51:24Z
106,22,11,,,2026-07-08T23:51:24Z
106,22,12,,,2026-07-08T23:51:24Z
106,22,13,,,2026-07-08T23:51:24Z
106,22,14,,,2026-07-08T23:51:24Z
106,22,15,,,2026-07-08T23:51:24Z
106,22,16,,,2026-07-08T23:51:24Z
106,34,1,,,2026-07-08T23:51:24Z
106,34,2,,,2026-07-08T23:51:24Z
106,34,3,,,2026-07-08T23:51:24Z
106,34,4,,,2026-07-08T23:51:24Z
106,34,5,,,2026-07-08T23:51:24Z
106,34,6,,,2026-07-08T23:51:24Z
106,34,7,,,2026-07-08T23:51:24Z
106,34,8,,,2026-07-08T23:51:24Z
311,8,6,,,2026-07-08T23:51:24Z
311,8,7,,,2026-07-08T23:51:24Z
311,10,10,,,2026-07-08T23:51:24Z
311,10,11,,,2026-07-08T23:51:24Z
311,10,12,,,2026-07-08T23:51:24Z
311,10,13,,,2026-07-08T23:51:24Z
311,10,14,,,2026-07-08T23:51:24Z
311,10,15,,,2026-07-08T23:51:24Z
142,19,5,,,2026-07-08T23:51:24Z
142,19,6,,,2026-07-08T23:51:24Z
142,19,7,,,2026-07-08T23:51:24Z
142,19,8,,,2026-07-08T23:51:24Z
142,19,9,,,2026-07-08T23:51:24Z
142,19,10,,,2026-07-08T23:51:24Z
310,7,14,,,2026-07-08T23:51:24Z
310,7,15,,,2026-07-08T23:51:24Z
310,7,16,,,2026-07-08T23:51:24Z
310,7,17,,,2026-07-08T23:51:24Z
310,9,14,,,2026-07-08T23:51:24Z
310,9,15,,,2026-07-08T23:51:24Z
310,9,16,,,2026-07-08T23:51:24Z
310,9,17,,,2026-07-08T23:51:24Z
310,9,18,,,2026-07-08T23:51:24Z
109,E,1,,,2026-07-08T23:51:24Z
109,E,2,,,2026-07-08T23:51:24Z
109,3,6,,,2026-07-08T23:51:24Z
109,3,7,,,2026-07-08T23:51:24Z
109,3,8,,,2026-07-08T23:51:24Z
109,3,9,,,2026-07-08T23:51:24Z
109,3,10,,,2026-07-08T23:51:24Z
