section,row,seat,price_usd,selection_type,scraped_at
105,12,5,40.25,standard,2026-07-19T18:19:01Z
105,12,6,40.25,standard,2026-07-19T18:19:01Z
105,13,1,40.25,standard,2026-07-19T18:19:01Z
105,13,2,40.25,standard,2026-07-19T18:19:01Z
105,14,3,40.25,standard,2026-07-19T18:19:01Z
105,14,4,40.25,standard,2026-07-19T18:19:01Z
105W,W,2,40.25,standard,2026-07-19T18:19:01Z
105W,W,3,40.25,standard,2026-07-19T18:19:01Z
105W,W,4,40.25,standard,2026-07-19T18:19:01Z
106,10,1,40.25,standard,2026-07-19T18:19:01Z
106,10,2,40.25,standard,2026-07-19T18:19:01Z
106,10,3,40.25,standard,2026-07-19T18:19:01Z
106,10,4,40.25,standard,2026-07-19T18:19:01Z
106,11,10,40.25,standard,2026-07-19T18:19:01Z
106,11,11,40.25,standard,2026-07-19T18:19:01Z
106,11,12,40.25,standard,2026-07-19T18:19:01Z
106,11,13,40.25,standard,2026-07-19T18:19:01Z
106,11,14,40.25,standard,2026-07-19T18:19:01Z
106,11,15,40.25,standard,2026-07-19T18:19:01Z
106,11,16,40.25,standard,2026-07-19T18:19:01Z
106,11,17,40.25,standard,2026-07-19T18:19:01Z
106,11,18,40.25,standard,2026-07-19T18:19:01Z
106,11,3,40.25,standard,2026-07-19T18:19:01Z
106,11,4,40.25,standard,2026-07-19T18:19:01Z
106,11,5,40.25,standard,2026-07-19T18:19:01Z
106,11,6,40.25,standard,2026-07-19T18:19:01Z
106,11,7,40.25,standard,2026-07-19T18:19:01Z
106,11,8,40.25,standard,2026-07-19T18:19:01Z
106,11,9,40.25,standard,2026-07-19T18:19:01Z
106,12,10,40.25,standard,2026-07-19T18:19:01Z
106,12,11,40.25,standard,2026-07-19T18:19:01Z
106,12,12,40.25,standard,2026-07-19T18:19:01Z
106,12,13,40.25,standard,2026-07-19T18:19:01Z
106,12,14,40.25,standard,2026-07-19T18:19:01Z
106,12,15,40.25,standard,2026-07-19T18:19:01Z
106,12,16,40.25,standard,2026-07-19T18:19:01Z
106,12,3,40.25,standard,2026-07-19T18:19:01Z
106,12,4,40.25,standard,2026-07-19T18:19:01Z
106,12,5,40.25,standard,2026-07-19T18:19:01Z
106,12,6,40.25,standard,2026-07-19T18:19:01Z
106,12,7,40.25,standard,2026-07-19T18:19:01Z
106,12,8,40.25,standard,2026-07-19T18:19:01Z
106,12,9,40.25,standard,2026-07-19T18:19:01Z
106,13,10,40.25,standard,2026-07-19T18:19:01Z
106,13,11,40.25,standard,2026-07-19T18:19:01Z
106,13,12,40.25,standard,2026-07-19T18:19:01Z
106,13,13,40.25,standard,2026-07-19T18:19:01Z
106,13,14,40.25,standard,2026-07-19T18:19:01Z
106,13,15,40.25,standard,2026-07-19T18:19:01Z
106,13,16,40.25,standard,2026-07-19T18:19:01Z
106,13,5,40.25,standard,2026-07-19T18:19:01Z
106,13,6,40.25,standard,2026-07-19T18:19:01Z
106,13,7,40.25,standard,2026-07-19T18:19:01Z
106,13,8,40.25,standard,2026-07-19T18:19:01Z
106,13,9,40.25,standard,2026-07-19T18:19:01Z
106,14,10,40.25,standard,2026-07-19T18:19:01Z
106,14,11,40.25,standard,2026-07-19T18:19:01Z
106,14,12,40.25,standard,2026-07-19T18:19:01Z
106,14,13,40.25,standard,2026-07-19T18:19:01Z
106,14,14,40.25,standard,2026-07-19T18:19:01Z
106,14,3,40.25,standard,2026-07-19T18:19:01Z
106,14,4,40.25,standard,2026-07-19T18:19:01Z
106,14,5,40.25,standard,2026-07-19T18:19:01Z
106,14,6,40.25,standard,2026-07-19T18:19:01Z
106,14,7,40.25,standard,2026-07-19T18:19:01Z
106,14,8,40.25,standard,2026-07-19T18:19:01Z
106,14,9,40.25,standard,2026-07-19T18:19:01Z
106,4,11,40.25,standard,2026-07-19T18:19:01Z
106,4,12,40.25,standard,2026-07-19T18:19:01Z
106W,W,3,40.25,standard,2026-07-19T18:19:01Z
106W,W,4,40.25,standard,2026-07-19T18:19:01Z
106W,W,5,40.25,standard,2026-07-19T18:19:01Z
106W,W,6,40.25,standard,2026-07-19T18:19:01Z
107,11,10,40.25,standard,2026-07-19T18:19:01Z
107,11,11,40.25,standard,2026-07-19T18:19:01Z
107,11,12,40.25,standard,2026-07-19T18:19:01Z
107,11,13,40.25,standard,2026-07-19T18:19:01Z
107,11,14,40.25,standard,2026-07-19T18:19:01Z
107,11,15,40.25,standard,2026-07-19T18:19:01Z
107,11,16,40.25,standard,2026-07-19T18:19:01Z
107,11,2,40.25,standard,2026-07-19T18:19:01Z
107,11,3,40.25,standard,2026-07-19T18:19:01Z
107,11,4,40.25,standard,2026-07-19T18:19:01Z
107,12,10,40.25,standard,2026-07-19T18:19:01Z
107,12,11,40.25,standard,2026-07-19T18:19:01Z
107,12,12,40.25,standard,2026-07-19T18:19:01Z
107,12,13,40.25,standard,2026-07-19T18:19:01Z
107,12,14,40.25,standard,2026-07-19T18:19:01Z
107,12,15,40.25,standard,2026-07-19T18:19:01Z
107,12,16,40.25,standard,2026-07-19T18:19:01Z
107,12,17,40.25,standard,2026-07-19T18:19:01Z
107,12,18,40.25,standard,2026-07-19T18:19:01Z
107,12,3,40.25,standard,2026-07-19T18:19:01Z
107,12,4,40.25,standard,2026-07-19T18:19:01Z
107,12,5,40.25,standard,2026-07-19T18:19:01Z
107,12,6,40.25,standard,2026-07-19T18:19:01Z
107,12,7,40.25,standard,2026-07-19T18:19:01Z
107,12,8,40.25,standard,2026-07-19T18:19:01Z
107,12,9,40.25,standard,2026-07-19T18:19:01Z
107,13,10,40.25,standard,2026-07-19T18:19:01Z
107,13,11,40.25,standard,2026-07-19T18:19:01Z
107,13,12,40.25,standard,2026-07-19T18:19:01Z
107,13,13,40.25,standard,2026-07-19T18:19:01Z
107,13,14,40.25,standard,2026-07-19T18:19:01Z
107,13,15,40.25,standard,2026-07-19T18:19:01Z
107,13,16,40.25,standard,2026-07-19T18:19:01Z
107,13,3,40.25,standard,2026-07-19T18:19:01Z
107,13,4,40.25,standard,2026-07-19T18:19:01Z
107,13,5,40.25,standard,2026-07-19T18:19:01Z
107,13,6,40.25,standard,2026-07-19T18:19:01Z
107,13,7,40.25,standard,2026-07-19T18:19:01Z
107,13,8,40.25,standard,2026-07-19T18:19:01Z
107,13,9,40.25,standard,2026-07-19T18:19:01Z
107,14,10,40.25,standard,2026-07-19T18:19:01Z
107,14,11,40.25,standard,2026-07-19T18:19:01Z
107,14,12,40.25,standard,2026-07-19T18:19:01Z
107,14,13,40.25,standard,2026-07-19T18:19:01Z
107,14,14,40.25,standard,2026-07-19T18:19:01Z
107,14,15,40.25,standard,2026-07-19T18:19:01Z
107,14,16,40.25,standard,2026-07-19T18:19:01Z
107,14,5,40.25,standard,2026-07-19T18:19:01Z
107,14,6,40.25,standard,2026-07-19T18:19:01Z
107,14,7,40.25,standard,2026-07-19T18:19:01Z
107,14,8,40.25,standard,2026-07-19T18:19:01Z
107,14,9,40.25,standard,2026-07-19T18:19:01Z
107,3,5,40.25,standard,2026-07-19T18:19:01Z
107,3,6,40.25,standard,2026-07-19T18:19:01Z
107,5,4,40.25,standard,2026-07-19T18:19:01Z
107,5,11,40.25,standard,2026-07-19T18:19:01Z
107,5,12,40.25,standard,2026-07-19T18:19:01Z
107,5,3,40.25,standard,2026-07-19T18:19:01Z
107,7,4,40.25,standard,2026-07-19T18:19:01Z
107,7,3,40.25,standard,2026-07-19T18:19:01Z
108,11,10,40.25,standard,2026-07-19T18:19:01Z
108,11,11,40.25,standard,2026-07-19T18:19:01Z
108,11,12,40.25,standard,2026-07-19T18:19:01Z
108,11,13,40.25,standard,2026-07-19T18:19:01Z
108,11,14,40.25,standard,2026-07-19T18:19:01Z
108,11,15,40.25,standard,2026-07-19T18:19:01Z
108,11,16,40.25,standard,2026-07-19T18:19:01Z
108,11,17,40.25,standard,2026-07-19T18:19:01Z
108,11,18,40.25,standard,2026-07-19T18:19:01Z
108,11,2,40.25,standard,2026-07-19T18:19:01Z
108,11,3,40.25,standard,2026-07-19T18:19:01Z
108,11,4,40.25,standard,2026-07-19T18:19:01Z
108,11,5,40.25,standard,2026-07-19T18:19:01Z
108,11,6,40.25,standard,2026-07-19T18:19:01Z
108,11,7,40.25,standard,2026-07-19T18:19:01Z
108,11,8,40.25,standard,2026-07-19T18:19:01Z
108,11,9,40.25,standard,2026-07-19T18:19:01Z
108,12,10,40.25,standard,2026-07-19T18:19:01Z
108,12,11,40.25,standard,2026-07-19T18:19:01Z
108,12,12,40.25,standard,2026-07-19T18:19:01Z
108,12,13,40.25,standard,2026-07-19T18:19:01Z
108,12,14,40.25,standard,2026-07-19T18:19:01Z
108,12,15,40.25,standard,2026-07-19T18:19:01Z
108,12,16,40.25,standard,2026-07-19T18:19:01Z
108,12,3,40.25,standard,2026-07-19T18:19:01Z
108,12,4,40.25,standard,2026-07-19T18:19:01Z
108,12,5,40.25,standard,2026-07-19T18:19:01Z
108,12,6,40.25,standard,2026-07-19T18:19:01Z
108,12,7,40.25,standard,2026-07-19T18:19:01Z
108,12,8,40.25,standard,2026-07-19T18:19:01Z
108,12,9,40.25,standard,2026-07-19T18:19:01Z
108,13,10,40.25,standard,2026-07-19T18:19:01Z
108,13,11,40.25,standard,2026-07-19T18:19:01Z
108,13,12,40.25,standard,2026-07-19T18:19:01Z
108,13,13,40.25,standard,2026-07-19T18:19:01Z
108,13,14,40.25,standard,2026-07-19T18:19:01Z
108,13,15,40.25,standard,2026-07-19T18:19:01Z
108,13,16,40.25,standard,2026-07-19T18:19:01Z
108,13,17,40.25,standard,2026-07-19T18:19:01Z
108,13,18,40.25,standard,2026-07-19T18:19:01Z
108,13,3,40.25,standard,2026-07-19T18:19:01Z
108,13,4,40.25,standard,2026-07-19T18:19:01Z
108,13,5,40.25,standard,2026-07-19T18:19:01Z
108,13,6,40.25,standard,2026-07-19T18:19:01Z
108,13,7,40.25,standard,2026-07-19T18:19:01Z
108,13,8,40.25,standard,2026-07-19T18:19:01Z
108,13,9,40.25,standard,2026-07-19T18:19:01Z
108,14,10,40.25,standard,2026-07-19T18:19:01Z
108,14,11,40.25,standard,2026-07-19T18:19:01Z
108,14,12,40.25,standard,2026-07-19T18:19:01Z
108,14,13,40.25,standard,2026-07-19T18:19:01Z
108,14,14,40.25,standard,2026-07-19T18:19:01Z
108,14,7,40.25,standard,2026-07-19T18:19:01Z
108,14,8,40.25,standard,2026-07-19T18:19:01Z
108,14,9,40.25,standard,2026-07-19T18:19:01Z
108,6,17,40.25,standard,2026-07-19T18:19:01Z
108,6,18,40.25,standard,2026-07-19T18:19:01Z
108,8,15,40.25,standard,2026-07-19T18:19:01Z
108,8,16,40.25,standard,2026-07-19T18:19:01Z
108,8,17,40.25,standard,2026-07-19T18:19:01Z
108,8,18,40.25,standard,2026-07-19T18:19:01Z
109,10,10,40.25,standard,2026-07-19T18:19:01Z
109,10,11,40.25,standard,2026-07-19T18:19:01Z
109,10,12,40.25,standard,2026-07-19T18:19:01Z
109,10,2,40.25,standard,2026-07-19T18:19:01Z
109,10,3,40.25,standard,2026-07-19T18:19:01Z
109,10,9,40.25,standard,2026-07-19T18:19:01Z
109,11,10,40.25,standard,2026-07-19T18:19:01Z
109,11,11,40.25,standard,2026-07-19T18:19:01Z
109,11,12,40.25,standard,2026-07-19T18:19:01Z
109,11,13,40.25,standard,2026-07-19T18:19:01Z
109,11,2,40.25,standard,2026-07-19T18:19:01Z
109,11,3,40.25,standard,2026-07-19T18:19:01Z
109,12,10,40.25,standard,2026-07-19T18:19:01Z
109,12,11,40.25,standard,2026-07-19T18:19:01Z
109,12,12,40.25,standard,2026-07-19T18:19:01Z
109,12,13,40.25,standard,2026-07-19T18:19:01Z
109,12,2,40.25,standard,2026-07-19T18:19:01Z
109,12,3,40.25,standard,2026-07-19T18:19:01Z
109,13,10,40.25,standard,2026-07-19T18:19:01Z
109,13,11,40.25,standard,2026-07-19T18:19:01Z
109,13,2,40.25,standard,2026-07-19T18:19:01Z
109,13,3,40.25,standard,2026-07-19T18:19:01Z
109,13,4,40.25,standard,2026-07-19T18:19:01Z
109,14,10,40.25,standard,2026-07-19T18:19:01Z
109,14,11,40.25,standard,2026-07-19T18:19:01Z
109,14,12,40.25,standard,2026-07-19T18:19:01Z
109,14,13,40.25,standard,2026-07-19T18:19:01Z
109,14,14,40.25,standard,2026-07-19T18:19:01Z
109,14,3,40.25,standard,2026-07-19T18:19:01Z
109,14,4,40.25,standard,2026-07-19T18:19:01Z
109,3,1,40.25,standard,2026-07-19T18:19:01Z
109,3,2,40.25,standard,2026-07-19T18:19:01Z
109,4,1,40.25,standard,2026-07-19T18:19:01Z
109,4,2,40.25,standard,2026-07-19T18:19:01Z
109,5,1,40.25,standard,2026-07-19T18:19:01Z
109,5,2,40.25,standard,2026-07-19T18:19:01Z
109,6,8,40.25,standard,2026-07-19T18:19:01Z
109,6,9,40.25,standard,2026-07-19T18:19:01Z
109,6,1,40.25,standard,2026-07-19T18:19:01Z
109,6,2,40.25,standard,2026-07-19T18:19:01Z
109,7,8,40.25,standard,2026-07-19T18:19:01Z
109,7,9,40.25,standard,2026-07-19T18:19:01Z
109,7,1,40.25,standard,2026-07-19T18:19:01Z
109,7,10,40.25,standard,2026-07-19T18:19:01Z
109,7,2,40.25,standard,2026-07-19T18:19:01Z
109,8,8,40.25,standard,2026-07-19T18:19:01Z
109,8,9,40.25,standard,2026-07-19T18:19:01Z
109,8,1,40.25,standard,2026-07-19T18:19:01Z
109,8,10,40.25,standard,2026-07-19T18:19:01Z
109,8,2,40.25,standard,2026-07-19T18:19:01Z
109,9,8,40.25,standard,2026-07-19T18:19:01Z
109,9,9,40.25,standard,2026-07-19T18:19:01Z
109,9,1,40.25,standard,2026-07-19T18:19:01Z
109,9,10,40.25,standard,2026-07-19T18:19:01Z
109,9,11,40.25,standard,2026-07-19T18:19:01Z
109,9,2,40.25,standard,2026-07-19T18:19:01Z
109W,W,6,40.25,standard,2026-07-19T18:19:01Z
109W,W,7,40.25,standard,2026-07-19T18:19:01Z
109W,W,8,40.25,standard,2026-07-19T18:19:01Z
110,27,1,24.25,standard,2026-07-19T18:19:01Z
110,27,2,24.25,standard,2026-07-19T18:19:01Z
110,27,3,24.25,standard,2026-07-19T18:19:01Z
110,27,4,24.25,standard,2026-07-19T18:19:01Z
110,27,5,24.25,standard,2026-07-19T18:19:01Z
110,27,6,24.25,standard,2026-07-19T18:19:01Z
110,27,7,24.25,standard,2026-07-19T18:19:01Z
110,27,8,24.25,standard,2026-07-19T18:19:01Z
110,22,1,24.25,standard,2026-07-19T18:19:01Z
110,22,2,24.25,standard,2026-07-19T18:19:01Z
110,25,1,24.25,standard,2026-07-19T18:19:01Z
110,25,2,24.25,standard,2026-07-19T18:19:01Z
110,25,3,24.25,standard,2026-07-19T18:19:01Z
110,25,4,24.25,standard,2026-07-19T18:19:01Z
110,25,5,24.25,standard,2026-07-19T18:19:01Z
110,25,6,24.25,standard,2026-07-19T18:19:01Z
110,25,7,24.25,standard,2026-07-19T18:19:01Z
110,26,1,24.25,standard,2026-07-19T18:19:01Z
110,26,2,24.25,standard,2026-07-19T18:19:01Z
110,26,3,24.25,standard,2026-07-19T18:19:01Z
110,26,4,24.25,standard,2026-07-19T18:19:01Z
110,26,5,24.25,standard,2026-07-19T18:19:01Z
110,26,6,24.25,standard,2026-07-19T18:19:01Z
110,26,7,24.25,standard,2026-07-19T18:19:01Z
110,26,8,24.25,standard,2026-07-19T18:19:01Z
110,28,1,24.25,standard,2026-07-19T18:19:01Z
110,28,2,24.25,standard,2026-07-19T18:19:01Z
110,28,3,24.25,standard,2026-07-19T18:19:01Z
110,28,4,24.25,standard,2026-07-19T18:19:01Z
110,28,5,24.25,standard,2026-07-19T18:19:01Z
110,28,6,24.25,standard,2026-07-19T18:19:01Z
110,28,7,24.25,standard,2026-07-19T18:19:01Z
110,28,8,24.25,standard,2026-07-19T18:19:01Z
110,28,9,24.25,standard,2026-07-19T18:19:01Z
110,29,10,24.25,standard,2026-07-19T18:19:01Z
110,29,2,24.25,standard,2026-07-19T18:19:01Z
110,29,3,24.25,standard,2026-07-19T18:19:01Z
110,29,4,24.25,standard,2026-07-19T18:19:01Z
110,29,5,24.25,standard,2026-07-19T18:19:01Z
110,29,6,24.25,standard,2026-07-19T18:19:01Z
110,29,7,24.25,standard,2026-07-19T18:19:01Z
110,29,8,24.25,standard,2026-07-19T18:19:01Z
110,29,9,24.25,standard,2026-07-19T18:19:01Z
110,37,10,24.25,standard,2026-07-19T18:19:01Z
110,37,11,24.25,standard,2026-07-19T18:19:01Z
110,37,12,24.25,standard,2026-07-19T18:19:01Z
110,37,13,24.25,standard,2026-07-19T18:19:01Z
110,37,14,24.25,standard,2026-07-19T18:19:01Z
110,37,15,24.25,standard,2026-07-19T18:19:01Z
110,37,16,24.25,standard,2026-07-19T18:19:01Z
110,37,2,24.25,standard,2026-07-19T18:19:01Z
110,37,3,24.25,standard,2026-07-19T18:19:01Z
110,37,4,24.25,standard,2026-07-19T18:19:01Z
110,37,5,24.25,standard,2026-07-19T18:19:01Z
110,37,6,24.25,standard,2026-07-19T18:19:01Z
110,37,7,24.25,standard,2026-07-19T18:19:01Z
110,37,8,24.25,standard,2026-07-19T18:19:01Z
110,37,9,24.25,standard,2026-07-19T18:19:01Z
110,30,10,24.25,standard,2026-07-19T18:19:01Z
110,30,11,24.25,standard,2026-07-19T18:19:01Z
110,30,2,24.25,standard,2026-07-19T18:19:01Z
110,30,3,24.25,standard,2026-07-19T18:19:01Z
110,30,4,24.25,standard,2026-07-19T18:19:01Z
110,30,5,24.25,standard,2026-07-19T18:19:01Z
110,30,6,24.25,standard,2026-07-19T18:19:01Z
110,30,7,24.25,standard,2026-07-19T18:19:01Z
110,30,8,24.25,standard,2026-07-19T18:19:01Z
110,30,9,24.25,standard,2026-07-19T18:19:01Z
110,31,10,24.25,standard,2026-07-19T18:19:01Z
110,31,11,24.25,standard,2026-07-19T18:19:01Z
110,31,2,24.25,standard,2026-07-19T18:19:01Z
110,31,3,24.25,standard,2026-07-19T18:19:01Z
110,31,4,24.25,standard,2026-07-19T18:19:01Z
110,31,5,24.25,standard,2026-07-19T18:19:01Z
110,31,6,24.25,standard,2026-07-19T18:19:01Z
110,31,7,24.25,standard,2026-07-19T18:19:01Z
110,31,8,24.25,standard,2026-07-19T18:19:01Z
110,31,9,24.25,standard,2026-07-19T18:19:01Z
110,32,10,24.25,standard,2026-07-19T18:19:01Z
110,32,11,24.25,standard,2026-07-19T18:19:01Z
110,32,12,24.25,standard,2026-07-19T18:19:01Z
110,32,2,24.25,standard,2026-07-19T18:19:01Z
110,32,3,24.25,standard,2026-07-19T18:19:01Z
110,32,4,24.25,standard,2026-07-19T18:19:01Z
110,32,5,24.25,standard,2026-07-19T18:19:01Z
110,32,6,24.25,standard,2026-07-19T18:19:01Z
110,32,7,24.25,standard,2026-07-19T18:19:01Z
110,32,8,24.25,standard,2026-07-19T18:19:01Z
110,32,9,24.25,standard,2026-07-19T18:19:01Z
110,33,10,24.25,standard,2026-07-19T18:19:01Z
110,33,11,24.25,standard,2026-07-19T18:19:01Z
110,33,12,24.25,standard,2026-07-19T18:19:01Z
110,33,13,24.25,standard,2026-07-19T18:19:01Z
110,33,2,24.25,standard,2026-07-19T18:19:01Z
110,33,3,24.25,standard,2026-07-19T18:19:01Z
110,33,4,24.25,standard,2026-07-19T18:19:01Z
110,33,5,24.25,standard,2026-07-19T18:19:01Z
110,33,6,24.25,standard,2026-07-19T18:19:01Z
110,33,7,24.25,standard,2026-07-19T18:19:01Z
110,33,8,24.25,standard,2026-07-19T18:19:01Z
110,33,9,24.25,standard,2026-07-19T18:19:01Z
110,34,10,24.25,standard,2026-07-19T18:19:01Z
110,34,11,24.25,standard,2026-07-19T18:19:01Z
110,34,12,24.25,standard,2026-07-19T18:19:01Z
110,34,13,24.25,standard,2026-07-19T18:19:01Z
110,34,2,24.25,standard,2026-07-19T18:19:01Z
110,34,3,24.25,standard,2026-07-19T18:19:01Z
110,34,4,24.25,standard,2026-07-19T18:19:01Z
110,34,5,24.25,standard,2026-07-19T18:19:01Z
110,34,6,24.25,standard,2026-07-19T18:19:01Z
110,34,7,24.25,standard,2026-07-19T18:19:01Z
110,34,8,24.25,standard,2026-07-19T18:19:01Z
110,34,9,24.25,standard,2026-07-19T18:19:01Z
110,35,10,24.25,standard,2026-07-19T18:19:01Z
110,35,11,24.25,standard,2026-07-19T18:19:01Z
110,35,12,24.25,standard,2026-07-19T18:19:01Z
110,35,13,24.25,standard,2026-07-19T18:19:01Z
110,35,14,24.25,standard,2026-07-19T18:19:01Z
110,35,2,24.25,standard,2026-07-19T18:19:01Z
110,35,3,24.25,standard,2026-07-19T18:19:01Z
110,35,4,24.25,standard,2026-07-19T18:19:01Z
110,35,5,24.25,standard,2026-07-19T18:19:01Z
110,35,6,24.25,standard,2026-07-19T18:19:01Z
110,35,7,24.25,standard,2026-07-19T18:19:01Z
110,35,8,24.25,standard,2026-07-19T18:19:01Z
110,35,9,24.25,standard,2026-07-19T18:19:01Z
110,36,10,24.25,standard,2026-07-19T18:19:01Z
110,36,11,24.25,standard,2026-07-19T18:19:01Z
110,36,12,24.25,standard,2026-07-19T18:19:01Z
110,36,13,24.25,standard,2026-07-19T18:19:01Z
110,36,14,24.25,standard,2026-07-19T18:19:01Z
110,36,15,24.25,standard,2026-07-19T18:19:01Z
110,36,2,24.25,standard,2026-07-19T18:19:01Z
110,36,3,24.25,standard,2026-07-19T18:19:01Z
110,36,4,24.25,standard,2026-07-19T18:19:01Z
110,36,5,24.25,standard,2026-07-19T18:19:01Z
110,36,6,24.25,standard,2026-07-19T18:19:01Z
110,36,7,24.25,standard,2026-07-19T18:19:01Z
110,36,8,24.25,standard,2026-07-19T18:19:01Z
110,36,9,24.25,standard,2026-07-19T18:19:01Z
110,38,10,24.25,standard,2026-07-19T18:19:01Z
110,38,11,24.25,standard,2026-07-19T18:19:01Z
110,38,12,24.25,standard,2026-07-19T18:19:01Z
110,38,13,24.25,standard,2026-07-19T18:19:01Z
110,38,14,24.25,standard,2026-07-19T18:19:01Z
110,38,15,24.25,standard,2026-07-19T18:19:01Z
110,38,16,24.25,standard,2026-07-19T18:19:01Z
110,38,3,24.25,standard,2026-07-19T18:19:01Z
110,38,4,24.25,standard,2026-07-19T18:19:01Z
110,38,5,24.25,standard,2026-07-19T18:19:01Z
110,38,6,24.25,standard,2026-07-19T18:19:01Z
110,38,7,24.25,standard,2026-07-19T18:19:01Z
110,38,8,24.25,standard,2026-07-19T18:19:01Z
110,38,9,24.25,standard,2026-07-19T18:19:01Z
110W,W,3,24.25,standard,2026-07-19T18:19:01Z
110W,W,4,24.25,standard,2026-07-19T18:19:01Z
110W,W,5,24.25,standard,2026-07-19T18:19:01Z
110W,W,6,24.25,standard,2026-07-19T18:19:01Z
110W,W,7,24.25,standard,2026-07-19T18:19:01Z
110W,W,8,24.25,standard,2026-07-19T18:19:01Z
111,17,10,24.25,standard,2026-07-19T18:19:01Z
111,17,11,24.25,standard,2026-07-19T18:19:01Z
111,17,12,24.25,standard,2026-07-19T18:19:01Z
111,17,5,24.25,standard,2026-07-19T18:19:01Z
111,17,6,24.25,standard,2026-07-19T18:19:01Z
111,17,7,24.25,standard,2026-07-19T18:19:01Z
111,17,8,24.25,standard,2026-07-19T18:19:01Z
111,17,9,24.25,standard,2026-07-19T18:19:01Z
111,16,10,24.25,standard,2026-07-19T18:19:01Z
111,16,11,24.25,standard,2026-07-19T18:19:01Z
111,16,12,24.25,standard,2026-07-19T18:19:01Z
111,16,6,24.25,standard,2026-07-19T18:19:01Z
111,16,7,24.25,standard,2026-07-19T18:19:01Z
111,16,8,24.25,standard,2026-07-19T18:19:01Z
111,16,9,24.25,standard,2026-07-19T18:19:01Z
111,18,10,24.25,standard,2026-07-19T18:19:01Z
111,18,11,24.25,standard,2026-07-19T18:19:01Z
111,18,12,24.25,standard,2026-07-19T18:19:01Z
111,18,3,24.25,standard,2026-07-19T18:19:01Z
111,18,4,24.25,standard,2026-07-19T18:19:01Z
111,18,5,24.25,standard,2026-07-19T18:19:01Z
111,18,6,24.25,standard,2026-07-19T18:19:01Z
111,18,7,24.25,standard,2026-07-19T18:19:01Z
111,18,8,24.25,standard,2026-07-19T18:19:01Z
111,18,9,24.25,standard,2026-07-19T18:19:01Z
111,19,10,24.25,standard,2026-07-19T18:19:01Z
111,19,11,24.25,standard,2026-07-19T18:19:01Z
111,19,12,24.25,standard,2026-07-19T18:19:01Z
111,19,3,24.25,standard,2026-07-19T18:19:01Z
111,19,4,24.25,standard,2026-07-19T18:19:01Z
111,19,5,24.25,standard,2026-07-19T18:19:01Z
111,19,6,24.25,standard,2026-07-19T18:19:01Z
111,19,7,24.25,standard,2026-07-19T18:19:01Z
111,19,8,24.25,standard,2026-07-19T18:19:01Z
111,19,9,24.25,standard,2026-07-19T18:19:01Z
111,27,10,24.25,standard,2026-07-19T18:19:01Z
111,27,11,24.25,standard,2026-07-19T18:19:01Z
111,27,12,24.25,standard,2026-07-19T18:19:01Z
111,27,2,24.25,standard,2026-07-19T18:19:01Z
111,27,3,24.25,standard,2026-07-19T18:19:01Z
111,27,4,24.25,standard,2026-07-19T18:19:01Z
111,27,5,24.25,standard,2026-07-19T18:19:01Z
111,27,6,24.25,standard,2026-07-19T18:19:01Z
111,27,7,24.25,standard,2026-07-19T18:19:01Z
111,27,8,24.25,standard,2026-07-19T18:19:01Z
111,27,9,24.25,standard,2026-07-19T18:19:01Z
111,20,10,24.25,standard,2026-07-19T18:19:01Z
111,20,11,24.25,standard,2026-07-19T18:19:01Z
111,20,12,24.25,standard,2026-07-19T18:19:01Z
111,20,2,24.25,standard,2026-07-19T18:19:01Z
111,20,3,24.25,standard,2026-07-19T18:19:01Z
111,20,4,24.25,standard,2026-07-19T18:19:01Z
111,20,5,24.25,standard,2026-07-19T18:19:01Z
111,20,6,24.25,standard,2026-07-19T18:19:01Z
111,20,7,24.25,standard,2026-07-19T18:19:01Z
111,20,8,24.25,standard,2026-07-19T18:19:01Z
111,20,9,24.25,standard,2026-07-19T18:19:01Z
111,21,10,24.25,standard,2026-07-19T18:19:01Z
111,21,11,24.25,standard,2026-07-19T18:19:01Z
111,21,12,24.25,standard,2026-07-19T18:19:01Z
111,21,2,24.25,standard,2026-07-19T18:19:01Z
111,21,3,24.25,standard,2026-07-19T18:19:01Z
111,21,4,24.25,standard,2026-07-19T18:19:01Z
111,21,5,24.25,standard,2026-07-19T18:19:01Z
111,21,6,24.25,standard,2026-07-19T18:19:01Z
111,21,7,24.25,standard,2026-07-19T18:19:01Z
111,21,8,24.25,standard,2026-07-19T18:19:01Z
111,21,9,24.25,standard,2026-07-19T18:19:01Z
111,22,10,24.25,standard,2026-07-19T18:19:01Z
111,22,11,24.25,standard,2026-07-19T18:19:01Z
111,22,12,24.25,standard,2026-07-19T18:19:01Z
111,22,2,24.25,standard,2026-07-19T18:19:01Z
111,22,3,24.25,standard,2026-07-19T18:19:01Z
111,22,4,24.25,standard,2026-07-19T18:19:01Z
111,22,5,24.25,standard,2026-07-19T18:19:01Z
111,22,6,24.25,standard,2026-07-19T18:19:01Z
111,22,7,24.25,standard,2026-07-19T18:19:01Z
111,22,8,24.25,standard,2026-07-19T18:19:01Z
111,22,9,24.25,standard,2026-07-19T18:19:01Z
111,23,10,24.25,standard,2026-07-19T18:19:01Z
111,23,11,24.25,standard,2026-07-19T18:19:01Z
111,23,12,24.25,standard,2026-07-19T18:19:01Z
111,23,2,24.25,standard,2026-07-19T18:19:01Z
111,23,3,24.25,standard,2026-07-19T18:19:01Z
111,23,4,24.25,standard,2026-07-19T18:19:01Z
111,23,5,24.25,standard,2026-07-19T18:19:01Z
111,23,6,24.25,standard,2026-07-19T18:19:01Z
111,23,7,24.25,standard,2026-07-19T18:19:01Z
111,23,8,24.25,standard,2026-07-19T18:19:01Z
111,23,9,24.25,standard,2026-07-19T18:19:01Z
111,24,10,24.25,standard,2026-07-19T18:19:01Z
111,24,11,24.25,standard,2026-07-19T18:19:01Z
111,24,12,24.25,standard,2026-07-19T18:19:01Z
111,24,2,24.25,standard,2026-07-19T18:19:01Z
111,24,3,24.25,standard,2026-07-19T18:19:01Z
111,24,4,24.25,standard,2026-07-19T18:19:01Z
111,24,5,24.25,standard,2026-07-19T18:19:01Z
111,24,6,24.25,standard,2026-07-19T18:19:01Z
111,24,7,24.25,standard,2026-07-19T18:19:01Z
111,24,8,24.25,standard,2026-07-19T18:19:01Z
111,24,9,24.25,standard,2026-07-19T18:19:01Z
111,25,10,24.25,standard,2026-07-19T18:19:01Z
111,25,11,24.25,standard,2026-07-19T18:19:01Z
111,25,12,24.25,standard,2026-07-19T18:19:01Z
111,25,2,24.25,standard,2026-07-19T18:19:01Z
111,25,3,24.25,standard,2026-07-19T18:19:01Z
111,25,4,24.25,standard,2026-07-19T18:19:01Z
111,25,5,24.25,standard,2026-07-19T18:19:01Z
111,25,6,24.25,standard,2026-07-19T18:19:01Z
111,25,7,24.25,standard,2026-07-19T18:19:01Z
111,25,8,24.25,standard,2026-07-19T18:19:01Z
111,25,9,24.25,standard,2026-07-19T18:19:01Z
111,26,10,24.25,standard,2026-07-19T18:19:01Z
111,26,11,24.25,standard,2026-07-19T18:19:01Z
111,26,12,24.25,standard,2026-07-19T18:19:01Z
111,26,2,24.25,standard,2026-07-19T18:19:01Z
111,26,3,24.25,standard,2026-07-19T18:19:01Z
111,26,4,24.25,standard,2026-07-19T18:19:01Z
111,26,5,24.25,standard,2026-07-19T18:19:01Z
111,26,6,24.25,standard,2026-07-19T18:19:01Z
111,26,7,24.25,standard,2026-07-19T18:19:01Z
111,26,8,24.25,standard,2026-07-19T18:19:01Z
111,26,9,24.25,standard,2026-07-19T18:19:01Z
111,28,10,24.25,standard,2026-07-19T18:19:01Z
111,28,11,24.25,standard,2026-07-19T18:19:01Z
111,28,12,24.25,standard,2026-07-19T18:19:01Z
111,28,2,24.25,standard,2026-07-19T18:19:01Z
111,28,3,24.25,standard,2026-07-19T18:19:01Z
111,28,4,24.25,standard,2026-07-19T18:19:01Z
111,28,5,24.25,standard,2026-07-19T18:19:01Z
111,28,6,24.25,standard,2026-07-19T18:19:01Z
111,28,7,24.25,standard,2026-07-19T18:19:01Z
111,28,8,24.25,standard,2026-07-19T18:19:01Z
111,28,9,24.25,standard,2026-07-19T18:19:01Z
111,29,10,24.25,standard,2026-07-19T18:19:01Z
111,29,11,24.25,standard,2026-07-19T18:19:01Z
111,29,12,24.25,standard,2026-07-19T18:19:01Z
111,29,2,24.25,standard,2026-07-19T18:19:01Z
111,29,3,24.25,standard,2026-07-19T18:19:01Z
111,29,4,24.25,standard,2026-07-19T18:19:01Z
111,29,5,24.25,standard,2026-07-19T18:19:01Z
111,29,6,24.25,standard,2026-07-19T18:19:01Z
111,29,7,24.25,standard,2026-07-19T18:19:01Z
111,29,8,24.25,standard,2026-07-19T18:19:01Z
111,29,9,24.25,standard,2026-07-19T18:19:01Z
111,37,10,24.25,standard,2026-07-19T18:19:01Z
111,37,11,24.25,standard,2026-07-19T18:19:01Z
111,37,12,24.25,standard,2026-07-19T18:19:01Z
111,37,2,24.25,standard,2026-07-19T18:19:01Z
111,37,3,24.25,standard,2026-07-19T18:19:01Z
111,37,4,24.25,standard,2026-07-19T18:19:01Z
111,37,5,24.25,standard,2026-07-19T18:19:01Z
111,37,6,24.25,standard,2026-07-19T18:19:01Z
111,37,7,24.25,standard,2026-07-19T18:19:01Z
111,37,8,24.25,standard,2026-07-19T18:19:01Z
111,37,9,24.25,standard,2026-07-19T18:19:01Z
111,30,10,24.25,standard,2026-07-19T18:19:01Z
111,30,11,24.25,standard,2026-07-19T18:19:01Z
111,30,12,24.25,standard,2026-07-19T18:19:01Z
111,30,2,24.25,standard,2026-07-19T18:19:01Z
111,30,3,24.25,standard,2026-07-19T18:19:01Z
111,30,4,24.25,standard,2026-07-19T18:19:01Z
111,30,5,24.25,standard,2026-07-19T18:19:01Z
111,30,6,24.25,standard,2026-07-19T18:19:01Z
111,30,7,24.25,standard,2026-07-19T18:19:01Z
111,30,8,24.25,standard,2026-07-19T18:19:01Z
111,30,9,24.25,standard,2026-07-19T18:19:01Z
111,31,10,24.25,standard,2026-07-19T18:19:01Z
111,31,11,24.25,standard,2026-07-19T18:19:01Z
111,31,12,24.25,standard,2026-07-19T18:19:01Z
111,31,2,24.25,standard,2026-07-19T18:19:01Z
111,31,3,24.25,standard,2026-07-19T18:19:01Z
111,31,4,24.25,standard,2026-07-19T18:19:01Z
111,31,5,24.25,standard,2026-07-19T18:19:01Z
111,31,6,24.25,standard,2026-07-19T18:19:01Z
111,31,7,24.25,standard,2026-07-19T18:19:01Z
111,31,8,24.25,standard,2026-07-19T18:19:01Z
111,31,9,24.25,standard,2026-07-19T18:19:01Z
111,32,10,24.25,standard,2026-07-19T18:19:01Z
111,32,11,24.25,standard,2026-07-19T18:19:01Z
111,32,12,24.25,standard,2026-07-19T18:19:01Z
111,32,2,24.25,standard,2026-07-19T18:19:01Z
111,32,3,24.25,standard,2026-07-19T18:19:01Z
111,32,4,24.25,standard,2026-07-19T18:19:01Z
111,32,5,24.25,standard,2026-07-19T18:19:01Z
111,32,6,24.25,standard,2026-07-19T18:19:01Z
111,32,7,24.25,standard,2026-07-19T18:19:01Z
111,32,8,24.25,standard,2026-07-19T18:19:01Z
111,32,9,24.25,standard,2026-07-19T18:19:01Z
111,33,10,24.25,standard,2026-07-19T18:19:01Z
111,33,11,24.25,standard,2026-07-19T18:19:01Z
111,33,12,24.25,standard,2026-07-19T18:19:01Z
111,33,2,24.25,standard,2026-07-19T18:19:01Z
111,33,3,24.25,standard,2026-07-19T18:19:01Z
111,33,4,24.25,standard,2026-07-19T18:19:01Z
111,33,5,24.25,standard,2026-07-19T18:19:01Z
111,33,6,24.25,standard,2026-07-19T18:19:01Z
111,33,7,24.25,standard,2026-07-19T18:19:01Z
111,33,8,24.25,standard,2026-07-19T18:19:01Z
111,33,9,24.25,standard,2026-07-19T18:19:01Z
111,34,10,24.25,standard,2026-07-19T18:19:01Z
111,34,11,24.25,standard,2026-07-19T18:19:01Z
111,34,12,24.25,standard,2026-07-19T18:19:01Z
111,34,2,24.25,standard,2026-07-19T18:19:01Z
111,34,3,24.25,standard,2026-07-19T18:19:01Z
111,34,4,24.25,standard,2026-07-19T18:19:01Z
111,34,5,24.25,standard,2026-07-19T18:19:01Z
111,34,6,24.25,standard,2026-07-19T18:19:01Z
111,34,7,24.25,standard,2026-07-19T18:19:01Z
111,34,8,24.25,standard,2026-07-19T18:19:01Z
111,34,9,24.25,standard,2026-07-19T18:19:01Z
111,35,10,24.25,standard,2026-07-19T18:19:01Z
111,35,11,24.25,standard,2026-07-19T18:19:01Z
111,35,12,24.25,standard,2026-07-19T18:19:01Z
111,35,2,24.25,standard,2026-07-19T18:19:01Z
111,35,3,24.25,standard,2026-07-19T18:19:01Z
111,35,4,24.25,standard,2026-07-19T18:19:01Z
111,35,5,24.25,standard,2026-07-19T18:19:01Z
111,35,6,24.25,standard,2026-07-19T18:19:01Z
111,35,7,24.25,standard,2026-07-19T18:19:01Z
111,35,8,24.25,standard,2026-07-19T18:19:01Z
111,35,9,24.25,standard,2026-07-19T18:19:01Z
111,36,10,24.25,standard,2026-07-19T18:19:01Z
111,36,11,24.25,standard,2026-07-19T18:19:01Z
111,36,12,24.25,standard,2026-07-19T18:19:01Z
111,36,2,24.25,standard,2026-07-19T18:19:01Z
111,36,3,24.25,standard,2026-07-19T18:19:01Z
111,36,4,24.25,standard,2026-07-19T18:19:01Z
111,36,5,24.25,standard,2026-07-19T18:19:01Z
111,36,6,24.25,standard,2026-07-19T18:19:01Z
111,36,7,24.25,standard,2026-07-19T18:19:01Z
111,36,8,24.25,standard,2026-07-19T18:19:01Z
111,36,9,24.25,standard,2026-07-19T18:19:01Z
111,38,10,24.25,standard,2026-07-19T18:19:01Z
111,38,11,24.25,standard,2026-07-19T18:19:01Z
111,38,12,24.25,standard,2026-07-19T18:19:01Z
111,38,2,24.25,standard,2026-07-19T18:19:01Z
111,38,3,24.25,standard,2026-07-19T18:19:01Z
111,38,4,24.25,standard,2026-07-19T18:19:01Z
111,38,5,24.25,standard,2026-07-19T18:19:01Z
111,38,6,24.25,standard,2026-07-19T18:19:01Z
111,38,7,24.25,standard,2026-07-19T18:19:01Z
111,38,8,24.25,standard,2026-07-19T18:19:01Z
111,38,9,24.25,standard,2026-07-19T18:19:01Z
111W,W,1,24.25,standard,2026-07-19T18:19:01Z
111W,W,2,24.25,standard,2026-07-19T18:19:01Z
111W,W,3,24.25,standard,2026-07-19T18:19:01Z
111W,W,4,24.25,standard,2026-07-19T18:19:01Z
111W,W,5,24.25,standard,2026-07-19T18:19:01Z
111W,W,6,24.25,standard,2026-07-19T18:19:01Z
111W,W,7,24.25,standard,2026-07-19T18:19:01Z
112,17,10,24.25,standard,2026-07-19T18:19:01Z
112,17,11,24.25,standard,2026-07-19T18:19:01Z
112,17,2,24.25,standard,2026-07-19T18:19:01Z
112,17,3,24.25,standard,2026-07-19T18:19:01Z
112,17,4,24.25,standard,2026-07-19T18:19:01Z
112,17,5,24.25,standard,2026-07-19T18:19:01Z
112,17,6,24.25,standard,2026-07-19T18:19:01Z
112,17,7,24.25,standard,2026-07-19T18:19:01Z
112,17,8,24.25,standard,2026-07-19T18:19:01Z
112,17,9,24.25,standard,2026-07-19T18:19:01Z
112,11,5,24.25,standard,2026-07-19T18:19:01Z
112,11,6,24.25,standard,2026-07-19T18:19:01Z
112,11,7,24.25,standard,2026-07-19T18:19:01Z
112,11,8,24.25,standard,2026-07-19T18:19:01Z
112,12,3,24.25,standard,2026-07-19T18:19:01Z
112,12,4,24.25,standard,2026-07-19T18:19:01Z
112,12,5,24.25,standard,2026-07-19T18:19:01Z
112,12,6,24.25,standard,2026-07-19T18:19:01Z
112,13,1,24.25,standard,2026-07-19T18:19:01Z
112,13,2,24.25,standard,2026-07-19T18:19:01Z
112,13,3,24.25,standard,2026-07-19T18:19:01Z
112,13,4,24.25,standard,2026-07-19T18:19:01Z
112,13,5,24.25,standard,2026-07-19T18:19:01Z
112,13,6,24.25,standard,2026-07-19T18:19:01Z
112,13,7,24.25,standard,2026-07-19T18:19:01Z
112,14,10,24.25,standard,2026-07-19T18:19:01Z
112,14,11,24.25,standard,2026-07-19T18:19:01Z
112,14,2,24.25,standard,2026-07-19T18:19:01Z
112,14,3,24.25,standard,2026-07-19T18:19:01Z
112,14,4,24.25,standard,2026-07-19T18:19:01Z
112,14,5,24.25,standard,2026-07-19T18:19:01Z
112,14,6,24.25,standard,2026-07-19T18:19:01Z
112,14,7,24.25,standard,2026-07-19T18:19:01Z
112,14,8,24.25,standard,2026-07-19T18:19:01Z
112,14,9,24.25,standard,2026-07-19T18:19:01Z
112,15,10,24.25,standard,2026-07-19T18:19:01Z
112,15,11,24.25,standard,2026-07-19T18:19:01Z
112,15,2,24.25,standard,2026-07-19T18:19:01Z
112,15,3,24.25,standard,2026-07-19T18:19:01Z
112,15,4,24.25,standard,2026-07-19T18:19:01Z
112,15,5,24.25,standard,2026-07-19T18:19:01Z
112,15,6,24.25,standard,2026-07-19T18:19:01Z
112,15,7,24.25,standard,2026-07-19T18:19:01Z
112,15,8,24.25,standard,2026-07-19T18:19:01Z
112,15,9,24.25,standard,2026-07-19T18:19:01Z
112,16,10,24.25,standard,2026-07-19T18:19:01Z
112,16,11,24.25,standard,2026-07-19T18:19:01Z
112,16,2,24.25,standard,2026-07-19T18:19:01Z
112,16,3,24.25,standard,2026-07-19T18:19:01Z
112,16,4,24.25,standard,2026-07-19T18:19:01Z
112,16,5,24.25,standard,2026-07-19T18:19:01Z
112,16,6,24.25,standard,2026-07-19T18:19:01Z
112,16,7,24.25,standard,2026-07-19T18:19:01Z
112,16,8,24.25,standard,2026-07-19T18:19:01Z
112,16,9,24.25,standard,2026-07-19T18:19:01Z
112,18,10,24.25,standard,2026-07-19T18:19:01Z
112,18,11,24.25,standard,2026-07-19T18:19:01Z
112,18,2,24.25,standard,2026-07-19T18:19:01Z
112,18,3,24.25,standard,2026-07-19T18:19:01Z
112,18,4,24.25,standard,2026-07-19T18:19:01Z
112,18,5,24.25,standard,2026-07-19T18:19:01Z
112,18,6,24.25,standard,2026-07-19T18:19:01Z
112,18,7,24.25,standard,2026-07-19T18:19:01Z
112,18,8,24.25,standard,2026-07-19T18:19:01Z
112,18,9,24.25,standard,2026-07-19T18:19:01Z
112,19,10,24.25,standard,2026-07-19T18:19:01Z
112,19,11,24.25,standard,2026-07-19T18:19:01Z
112,19,2,24.25,standard,2026-07-19T18:19:01Z
112,19,3,24.25,standard,2026-07-19T18:19:01Z
112,19,4,24.25,standard,2026-07-19T18:19:01Z
112,19,5,24.25,standard,2026-07-19T18:19:01Z
112,19,6,24.25,standard,2026-07-19T18:19:01Z
112,19,7,24.25,standard,2026-07-19T18:19:01Z
112,19,8,24.25,standard,2026-07-19T18:19:01Z
112,19,9,24.25,standard,2026-07-19T18:19:01Z
112,27,10,24.25,standard,2026-07-19T18:19:01Z
112,27,11,24.25,standard,2026-07-19T18:19:01Z
112,27,2,24.25,standard,2026-07-19T18:19:01Z
112,27,3,24.25,standard,2026-07-19T18:19:01Z
112,27,4,24.25,standard,2026-07-19T18:19:01Z
112,27,5,24.25,standard,2026-07-19T18:19:01Z
112,27,6,24.25,standard,2026-07-19T18:19:01Z
112,27,7,24.25,standard,2026-07-19T18:19:01Z
112,27,8,24.25,standard,2026-07-19T18:19:01Z
112,27,9,24.25,standard,2026-07-19T18:19:01Z
112,20,10,24.25,standard,2026-07-19T18:19:01Z
112,20,11,24.25,standard,2026-07-19T18:19:01Z
112,20,2,24.25,standard,2026-07-19T18:19:01Z
112,20,3,24.25,standard,2026-07-19T18:19:01Z
112,20,4,24.25,standard,2026-07-19T18:19:01Z
112,20,5,24.25,standard,2026-07-19T18:19:01Z
112,20,6,24.25,standard,2026-07-19T18:19:01Z
112,20,7,24.25,standard,2026-07-19T18:19:01Z
112,20,8,24.25,standard,2026-07-19T18:19:01Z
112,20,9,24.25,standard,2026-07-19T18:19:01Z
112,21,10,24.25,standard,2026-07-19T18:19:01Z
112,21,11,24.25,standard,2026-07-19T18:19:01Z
112,21,2,24.25,standard,2026-07-19T18:19:01Z
112,21,3,24.25,standard,2026-07-19T18:19:01Z
112,21,4,24.25,standard,2026-07-19T18:19:01Z
112,21,5,24.25,standard,2026-07-19T18:19:01Z
112,21,6,24.25,standard,2026-07-19T18:19:01Z
112,21,7,24.25,standard,2026-07-19T18:19:01Z
112,21,8,24.25,standard,2026-07-19T18:19:01Z
112,21,9,24.25,standard,2026-07-19T18:19:01Z
112,22,10,24.25,standard,2026-07-19T18:19:01Z
112,22,11,24.25,standard,2026-07-19T18:19:01Z
112,22,2,24.25,standard,2026-07-19T18:19:01Z
112,22,3,24.25,standard,2026-07-19T18:19:01Z
112,22,4,24.25,standard,2026-07-19T18:19:01Z
112,22,5,24.25,standard,2026-07-19T18:19:01Z
112,22,6,24.25,standard,2026-07-19T18:19:01Z
112,22,7,24.25,standard,2026-07-19T18:19:01Z
112,22,8,24.25,standard,2026-07-19T18:19:01Z
112,22,9,24.25,standard,2026-07-19T18:19:01Z
112,23,10,24.25,standard,2026-07-19T18:19:01Z
112,23,11,24.25,standard,2026-07-19T18:19:01Z
112,23,2,24.25,standard,2026-07-19T18:19:01Z
112,23,3,24.25,standard,2026-07-19T18:19:01Z
112,23,4,24.25,standard,2026-07-19T18:19:01Z
112,23,5,24.25,standard,2026-07-19T18:19:01Z
112,23,6,24.25,standard,2026-07-19T18:19:01Z
112,23,7,24.25,standard,2026-07-19T18:19:01Z
112,23,8,24.25,standard,2026-07-19T18:19:01Z
112,23,9,24.25,standard,2026-07-19T18:19:01Z
112,24,10,24.25,standard,2026-07-19T18:19:01Z
112,24,11,24.25,standard,2026-07-19T18:19:01Z
112,24,2,24.25,standard,2026-07-19T18:19:01Z
112,24,3,24.25,standard,2026-07-19T18:19:01Z
112,24,4,24.25,standard,2026-07-19T18:19:01Z
112,24,5,24.25,standard,2026-07-19T18:19:01Z
112,24,6,24.25,standard,2026-07-19T18:19:01Z
112,24,7,24.25,standard,2026-07-19T18:19:01Z
112,24,8,24.25,standard,2026-07-19T18:19:01Z
112,24,9,24.25,standard,2026-07-19T18:19:01Z
112,25,10,24.25,standard,2026-07-19T18:19:01Z
112,25,11,24.25,standard,2026-07-19T18:19:01Z
112,25,2,24.25,standard,2026-07-19T18:19:01Z
112,25,3,24.25,standard,2026-07-19T18:19:01Z
112,25,4,24.25,standard,2026-07-19T18:19:01Z
112,25,5,24.25,standard,2026-07-19T18:19:01Z
112,25,6,24.25,standard,2026-07-19T18:19:01Z
112,25,7,24.25,standard,2026-07-19T18:19:01Z
112,25,8,24.25,standard,2026-07-19T18:19:01Z
112,25,9,24.25,standard,2026-07-19T18:19:01Z
112,26,10,24.25,standard,2026-07-19T18:19:01Z
112,26,11,24.25,standard,2026-07-19T18:19:01Z
112,26,2,24.25,standard,2026-07-19T18:19:01Z
112,26,3,24.25,standard,2026-07-19T18:19:01Z
112,26,4,24.25,standard,2026-07-19T18:19:01Z
112,26,5,24.25,standard,2026-07-19T18:19:01Z
112,26,6,24.25,standard,2026-07-19T18:19:01Z
112,26,7,24.25,standard,2026-07-19T18:19:01Z
112,26,8,24.25,standard,2026-07-19T18:19:01Z
112,26,9,24.25,standard,2026-07-19T18:19:01Z
112,28,10,24.25,standard,2026-07-19T18:19:01Z
112,28,11,24.25,standard,2026-07-19T18:19:01Z
112,28,2,24.25,standard,2026-07-19T18:19:01Z
112,28,3,24.25,standard,2026-07-19T18:19:01Z
112,28,4,24.25,standard,2026-07-19T18:19:01Z
112,28,5,24.25,standard,2026-07-19T18:19:01Z
112,28,6,24.25,standard,2026-07-19T18:19:01Z
112,28,7,24.25,standard,2026-07-19T18:19:01Z
112,28,8,24.25,standard,2026-07-19T18:19:01Z
112,28,9,24.25,standard,2026-07-19T18:19:01Z
112,29,10,24.25,standard,2026-07-19T18:19:01Z
112,29,11,24.25,standard,2026-07-19T18:19:01Z
112,29,2,24.25,standard,2026-07-19T18:19:01Z
112,29,3,24.25,standard,2026-07-19T18:19:01Z
112,29,4,24.25,standard,2026-07-19T18:19:01Z
112,29,5,24.25,standard,2026-07-19T18:19:01Z
112,29,6,24.25,standard,2026-07-19T18:19:01Z
112,29,7,24.25,standard,2026-07-19T18:19:01Z
112,29,8,24.25,standard,2026-07-19T18:19:01Z
112,29,9,24.25,standard,2026-07-19T18:19:01Z
112,37,10,24.25,standard,2026-07-19T18:19:01Z
112,37,11,24.25,standard,2026-07-19T18:19:01Z
112,37,2,24.25,standard,2026-07-19T18:19:01Z
112,37,3,24.25,standard,2026-07-19T18:19:01Z
112,37,4,24.25,standard,2026-07-19T18:19:01Z
112,37,5,24.25,standard,2026-07-19T18:19:01Z
112,37,6,24.25,standard,2026-07-19T18:19:01Z
112,37,7,24.25,standard,2026-07-19T18:19:01Z
112,37,8,24.25,standard,2026-07-19T18:19:01Z
112,37,9,24.25,standard,2026-07-19T18:19:01Z
112,30,10,24.25,standard,2026-07-19T18:19:01Z
112,30,11,24.25,standard,2026-07-19T18:19:01Z
112,30,2,24.25,standard,2026-07-19T18:19:01Z
112,30,3,24.25,standard,2026-07-19T18:19:01Z
112,30,4,24.25,standard,2026-07-19T18:19:01Z
112,30,5,24.25,standard,2026-07-19T18:19:01Z
112,30,6,24.25,standard,2026-07-19T18:19:01Z
112,30,7,24.25,standard,2026-07-19T18:19:01Z
112,30,8,24.25,standard,2026-07-19T18:19:01Z
112,30,9,24.25,standard,2026-07-19T18:19:01Z
112,31,10,24.25,standard,2026-07-19T18:19:01Z
112,31,11,24.25,standard,2026-07-19T18:19:01Z
112,31,2,24.25,standard,2026-07-19T18:19:01Z
112,31,3,24.25,standard,2026-07-19T18:19:01Z
112,31,4,24.25,standard,2026-07-19T18:19:01Z
112,31,5,24.25,standard,2026-07-19T18:19:01Z
112,31,6,24.25,standard,2026-07-19T18:19:01Z
112,31,7,24.25,standard,2026-07-19T18:19:01Z
112,31,8,24.25,standard,2026-07-19T18:19:01Z
112,31,9,24.25,standard,2026-07-19T18:19:01Z
112,32,10,24.25,standard,2026-07-19T18:19:01Z
112,32,11,24.25,standard,2026-07-19T18:19:01Z
112,32,2,24.25,standard,2026-07-19T18:19:01Z
112,32,3,24.25,standard,2026-07-19T18:19:01Z
112,32,4,24.25,standard,2026-07-19T18:19:01Z
112,32,5,24.25,standard,2026-07-19T18:19:01Z
112,32,6,24.25,standard,2026-07-19T18:19:01Z
112,32,7,24.25,standard,2026-07-19T18:19:01Z
112,32,8,24.25,standard,2026-07-19T18:19:01Z
112,32,9,24.25,standard,2026-07-19T18:19:01Z
112,33,1,24.25,standard,2026-07-19T18:19:01Z
112,33,2,24.25,standard,2026-07-19T18:19:01Z
112,33,3,24.25,standard,2026-07-19T18:19:01Z
112,33,4,24.25,standard,2026-07-19T18:19:01Z
112,33,5,24.25,standard,2026-07-19T18:19:01Z
112,33,6,24.25,standard,2026-07-19T18:19:01Z
112,33,7,24.25,standard,2026-07-19T18:19:01Z
112,33,8,24.25,standard,2026-07-19T18:19:01Z
112,33,9,24.25,standard,2026-07-19T18:19:01Z
112,34,1,24.25,standard,2026-07-19T18:19:01Z
112,34,2,24.25,standard,2026-07-19T18:19:01Z
112,34,3,24.25,standard,2026-07-19T18:19:01Z
112,34,4,24.25,standard,2026-07-19T18:19:01Z
112,34,5,24.25,standard,2026-07-19T18:19:01Z
112,34,6,24.25,standard,2026-07-19T18:19:01Z
112,35,10,24.25,standard,2026-07-19T18:19:01Z
112,35,11,24.25,standard,2026-07-19T18:19:01Z
112,35,2,24.25,standard,2026-07-19T18:19:01Z
112,35,3,24.25,standard,2026-07-19T18:19:01Z
112,35,4,24.25,standard,2026-07-19T18:19:01Z
112,35,5,24.25,standard,2026-07-19T18:19:01Z
112,35,6,24.25,standard,2026-07-19T18:19:01Z
112,35,7,24.25,standard,2026-07-19T18:19:01Z
112,35,8,24.25,standard,2026-07-19T18:19:01Z
112,35,9,24.25,standard,2026-07-19T18:19:01Z
112,36,10,24.25,standard,2026-07-19T18:19:01Z
112,36,11,24.25,standard,2026-07-19T18:19:01Z
112,36,2,24.25,standard,2026-07-19T18:19:01Z
112,36,3,24.25,standard,2026-07-19T18:19:01Z
112,36,4,24.25,standard,2026-07-19T18:19:01Z
112,36,5,24.25,standard,2026-07-19T18:19:01Z
112,36,6,24.25,standard,2026-07-19T18:19:01Z
112,36,7,24.25,standard,2026-07-19T18:19:01Z
112,36,8,24.25,standard,2026-07-19T18:19:01Z
112,36,9,24.25,standard,2026-07-19T18:19:01Z
112,38,10,24.25,standard,2026-07-19T18:19:01Z
112,38,11,24.25,standard,2026-07-19T18:19:01Z
112,38,2,24.25,standard,2026-07-19T18:19:01Z
112,38,3,24.25,standard,2026-07-19T18:19:01Z
112,38,4,24.25,standard,2026-07-19T18:19:01Z
112,38,5,24.25,standard,2026-07-19T18:19:01Z
112,38,6,24.25,standard,2026-07-19T18:19:01Z
112,38,7,24.25,standard,2026-07-19T18:19:01Z
112,38,8,24.25,standard,2026-07-19T18:19:01Z
112,38,9,24.25,standard,2026-07-19T18:19:01Z
112,6,7,24.25,standard,2026-07-19T18:19:01Z
112W,W,1,24.25,standard,2026-07-19T18:19:01Z
112W,W,2,24.25,standard,2026-07-19T18:19:01Z
112W,W,3,24.25,standard,2026-07-19T18:19:01Z
112W,W,4,24.25,standard,2026-07-19T18:19:01Z
112W,W,5,24.25,standard,2026-07-19T18:19:01Z
112W,W,6,24.25,standard,2026-07-19T18:19:01Z
112W,W,7,24.25,standard,2026-07-19T18:19:01Z
113,27,10,24.25,standard,2026-07-19T18:19:01Z
113,27,2,24.25,standard,2026-07-19T18:19:01Z
113,27,3,24.25,standard,2026-07-19T18:19:01Z
113,27,4,24.25,standard,2026-07-19T18:19:01Z
113,27,5,24.25,standard,2026-07-19T18:19:01Z
113,27,6,24.25,standard,2026-07-19T18:19:01Z
113,27,7,24.25,standard,2026-07-19T18:19:01Z
113,27,8,24.25,standard,2026-07-19T18:19:01Z
113,27,9,24.25,standard,2026-07-19T18:19:01Z
113,21,1,24.25,standard,2026-07-19T18:19:01Z
113,21,2,24.25,standard,2026-07-19T18:19:01Z
113,21,3,24.25,standard,2026-07-19T18:19:01Z
113,21,4,24.25,standard,2026-07-19T18:19:01Z
113,21,5,24.25,standard,2026-07-19T18:19:01Z
113,25,10,24.25,standard,2026-07-19T18:19:01Z
113,25,2,24.25,standard,2026-07-19T18:19:01Z
113,25,3,24.25,standard,2026-07-19T18:19:01Z
113,25,4,24.25,standard,2026-07-19T18:19:01Z
113,25,5,24.25,standard,2026-07-19T18:19:01Z
113,25,6,24.25,standard,2026-07-19T18:19:01Z
113,25,7,24.25,standard,2026-07-19T18:19:01Z
113,25,8,24.25,standard,2026-07-19T18:19:01Z
113,25,9,24.25,standard,2026-07-19T18:19:01Z
113,26,10,24.25,standard,2026-07-19T18:19:01Z
113,26,2,24.25,standard,2026-07-19T18:19:01Z
113,26,3,24.25,standard,2026-07-19T18:19:01Z
113,26,4,24.25,standard,2026-07-19T18:19:01Z
113,26,5,24.25,standard,2026-07-19T18:19:01Z
113,26,6,24.25,standard,2026-07-19T18:19:01Z
113,26,7,24.25,standard,2026-07-19T18:19:01Z
113,26,8,24.25,standard,2026-07-19T18:19:01Z
113,26,9,24.25,standard,2026-07-19T18:19:01Z
113,28,10,24.25,standard,2026-07-19T18:19:01Z
113,28,2,24.25,standard,2026-07-19T18:19:01Z
113,28,3,24.25,standard,2026-07-19T18:19:01Z
113,28,4,24.25,standard,2026-07-19T18:19:01Z
113,28,5,24.25,standard,2026-07-19T18:19:01Z
113,28,6,24.25,standard,2026-07-19T18:19:01Z
113,28,7,24.25,standard,2026-07-19T18:19:01Z
113,28,8,24.25,standard,2026-07-19T18:19:01Z
113,28,9,24.25,standard,2026-07-19T18:19:01Z
113,29,10,24.25,standard,2026-07-19T18:19:01Z
113,29,2,24.25,standard,2026-07-19T18:19:01Z
113,29,3,24.25,standard,2026-07-19T18:19:01Z
113,29,4,24.25,standard,2026-07-19T18:19:01Z
113,29,5,24.25,standard,2026-07-19T18:19:01Z
113,29,6,24.25,standard,2026-07-19T18:19:01Z
113,29,7,24.25,standard,2026-07-19T18:19:01Z
113,29,8,24.25,standard,2026-07-19T18:19:01Z
113,29,9,24.25,standard,2026-07-19T18:19:01Z
113,37,10,24.25,standard,2026-07-19T18:19:01Z
113,37,2,24.25,standard,2026-07-19T18:19:01Z
113,37,3,24.25,standard,2026-07-19T18:19:01Z
113,37,4,24.25,standard,2026-07-19T18:19:01Z
113,37,5,24.25,standard,2026-07-19T18:19:01Z
113,37,6,24.25,standard,2026-07-19T18:19:01Z
113,37,7,24.25,standard,2026-07-19T18:19:01Z
113,37,8,24.25,standard,2026-07-19T18:19:01Z
113,37,9,24.25,standard,2026-07-19T18:19:01Z
113,30,10,24.25,standard,2026-07-19T18:19:01Z
113,30,2,24.25,standard,2026-07-19T18:19:01Z
113,30,3,24.25,standard,2026-07-19T18:19:01Z
113,30,4,24.25,standard,2026-07-19T18:19:01Z
113,30,5,24.25,standard,2026-07-19T18:19:01Z
113,30,6,24.25,standard,2026-07-19T18:19:01Z
113,30,7,24.25,standard,2026-07-19T18:19:01Z
113,30,8,24.25,standard,2026-07-19T18:19:01Z
113,30,9,24.25,standard,2026-07-19T18:19:01Z
113,31,10,24.25,standard,2026-07-19T18:19:01Z
113,31,2,24.25,standard,2026-07-19T18:19:01Z
113,31,3,24.25,standard,2026-07-19T18:19:01Z
113,31,4,24.25,standard,2026-07-19T18:19:01Z
113,31,5,24.25,standard,2026-07-19T18:19:01Z
113,31,6,24.25,standard,2026-07-19T18:19:01Z
113,31,7,24.25,standard,2026-07-19T18:19:01Z
113,31,8,24.25,standard,2026-07-19T18:19:01Z
113,31,9,24.25,standard,2026-07-19T18:19:01Z
113,32,10,24.25,standard,2026-07-19T18:19:01Z
113,32,2,24.25,standard,2026-07-19T18:19:01Z
113,32,3,24.25,standard,2026-07-19T18:19:01Z
113,32,4,24.25,standard,2026-07-19T18:19:01Z
113,32,5,24.25,standard,2026-07-19T18:19:01Z
113,32,6,24.25,standard,2026-07-19T18:19:01Z
113,32,7,24.25,standard,2026-07-19T18:19:01Z
113,32,8,24.25,standard,2026-07-19T18:19:01Z
113,32,9,24.25,standard,2026-07-19T18:19:01Z
113,34,10,24.25,standard,2026-07-19T18:19:01Z
113,34,2,24.25,standard,2026-07-19T18:19:01Z
113,34,3,24.25,standard,2026-07-19T18:19:01Z
113,34,4,24.25,standard,2026-07-19T18:19:01Z
113,34,5,24.25,standard,2026-07-19T18:19:01Z
113,34,6,24.25,standard,2026-07-19T18:19:01Z
113,34,7,24.25,standard,2026-07-19T18:19:01Z
113,34,8,24.25,standard,2026-07-19T18:19:01Z
113,34,9,24.25,standard,2026-07-19T18:19:01Z
113,38,3,24.25,standard,2026-07-19T18:19:01Z
113,38,4,24.25,standard,2026-07-19T18:19:01Z
113,38,5,24.25,standard,2026-07-19T18:19:01Z
113,38,6,24.25,standard,2026-07-19T18:19:01Z
113,38,7,24.25,standard,2026-07-19T18:19:01Z
113,38,8,24.25,standard,2026-07-19T18:19:01Z
113,38,9,24.25,standard,2026-07-19T18:19:01Z
113W,W,1,24.25,standard,2026-07-19T18:19:01Z
113W,W,2,24.25,standard,2026-07-19T18:19:01Z
113W,W,3,24.25,standard,2026-07-19T18:19:01Z
113W,W,4,24.25,standard,2026-07-19T18:19:01Z
113W,W,5,24.25,standard,2026-07-19T18:19:01Z
113W,W,6,24.25,standard,2026-07-19T18:19:01Z
114,24,1,24.25,standard,2026-07-19T18:19:01Z
114,24,2,24.25,standard,2026-07-19T18:19:01Z
114,24,3,24.25,standard,2026-07-19T18:19:01Z
114,24,4,24.25,standard,2026-07-19T18:19:01Z
114,24,5,24.25,standard,2026-07-19T18:19:01Z
114,24,6,24.25,standard,2026-07-19T18:19:01Z
114,25,1,24.25,standard,2026-07-19T18:19:01Z
114,25,2,24.25,standard,2026-07-19T18:19:01Z
114,25,3,24.25,standard,2026-07-19T18:19:01Z
114,25,4,24.25,standard,2026-07-19T18:19:01Z
114,25,5,24.25,standard,2026-07-19T18:19:01Z
114,25,6,24.25,standard,2026-07-19T18:19:01Z
114,37,10,24.25,standard,2026-07-19T18:19:01Z
114,37,11,24.25,standard,2026-07-19T18:19:01Z
114,37,12,24.25,standard,2026-07-19T18:19:01Z
114,37,13,24.25,standard,2026-07-19T18:19:01Z
114,37,14,24.25,standard,2026-07-19T18:19:01Z
114,37,15,24.25,standard,2026-07-19T18:19:01Z
114,37,16,24.25,standard,2026-07-19T18:19:01Z
114,37,17,24.25,standard,2026-07-19T18:19:01Z
114,37,18,24.25,standard,2026-07-19T18:19:01Z
114,37,19,24.25,standard,2026-07-19T18:19:01Z
114,37,2,24.25,standard,2026-07-19T18:19:01Z
114,37,3,24.25,standard,2026-07-19T18:19:01Z
114,37,4,24.25,standard,2026-07-19T18:19:01Z
114,37,5,24.25,standard,2026-07-19T18:19:01Z
114,37,6,24.25,standard,2026-07-19T18:19:01Z
114,37,7,24.25,standard,2026-07-19T18:19:01Z
114,37,8,24.25,standard,2026-07-19T18:19:01Z
114,37,9,24.25,standard,2026-07-19T18:19:01Z
114,30,10,24.25,standard,2026-07-19T18:19:01Z
114,30,11,24.25,standard,2026-07-19T18:19:01Z
114,30,12,24.25,standard,2026-07-19T18:19:01Z
114,30,2,24.25,standard,2026-07-19T18:19:01Z
114,30,3,24.25,standard,2026-07-19T18:19:01Z
114,30,4,24.25,standard,2026-07-19T18:19:01Z
114,30,5,24.25,standard,2026-07-19T18:19:01Z
114,30,6,24.25,standard,2026-07-19T18:19:01Z
114,30,7,24.25,standard,2026-07-19T18:19:01Z
114,30,8,24.25,standard,2026-07-19T18:19:01Z
114,30,9,24.25,standard,2026-07-19T18:19:01Z
114,31,10,24.25,standard,2026-07-19T18:19:01Z
114,31,11,24.25,standard,2026-07-19T18:19:01Z
114,31,12,24.25,standard,2026-07-19T18:19:01Z
114,31,2,24.25,standard,2026-07-19T18:19:01Z
114,31,3,24.25,standard,2026-07-19T18:19:01Z
114,31,4,24.25,standard,2026-07-19T18:19:01Z
114,31,5,24.25,standard,2026-07-19T18:19:01Z
114,31,6,24.25,standard,2026-07-19T18:19:01Z
114,31,7,24.25,standard,2026-07-19T18:19:01Z
114,31,8,24.25,standard,2026-07-19T18:19:01Z
114,31,9,24.25,standard,2026-07-19T18:19:01Z
114,32,10,24.25,standard,2026-07-19T18:19:01Z
114,32,11,24.25,standard,2026-07-19T18:19:01Z
114,32,12,24.25,standard,2026-07-19T18:19:01Z
114,32,13,24.25,standard,2026-07-19T18:19:01Z
114,32,14,24.25,standard,2026-07-19T18:19:01Z
114,32,2,24.25,standard,2026-07-19T18:19:01Z
114,32,3,24.25,standard,2026-07-19T18:19:01Z
114,32,4,24.25,standard,2026-07-19T18:19:01Z
114,32,5,24.25,standard,2026-07-19T18:19:01Z
114,32,6,24.25,standard,2026-07-19T18:19:01Z
114,32,7,24.25,standard,2026-07-19T18:19:01Z
114,32,8,24.25,standard,2026-07-19T18:19:01Z
114,32,9,24.25,standard,2026-07-19T18:19:01Z
114,33,10,24.25,standard,2026-07-19T18:19:01Z
114,33,11,24.25,standard,2026-07-19T18:19:01Z
114,33,12,24.25,standard,2026-07-19T18:19:01Z
114,33,13,24.25,standard,2026-07-19T18:19:01Z
114,33,14,24.25,standard,2026-07-19T18:19:01Z
114,33,2,24.25,standard,2026-07-19T18:19:01Z
114,33,3,24.25,standard,2026-07-19T18:19:01Z
114,33,4,24.25,standard,2026-07-19T18:19:01Z
114,33,5,24.25,standard,2026-07-19T18:19:01Z
114,33,6,24.25,standard,2026-07-19T18:19:01Z
114,33,7,24.25,standard,2026-07-19T18:19:01Z
114,33,8,24.25,standard,2026-07-19T18:19:01Z
114,33,9,24.25,standard,2026-07-19T18:19:01Z
114,34,10,24.25,standard,2026-07-19T18:19:01Z
114,34,11,24.25,standard,2026-07-19T18:19:01Z
114,34,12,24.25,standard,2026-07-19T18:19:01Z
114,34,13,24.25,standard,2026-07-19T18:19:01Z
114,34,14,24.25,standard,2026-07-19T18:19:01Z
114,34,15,24.25,standard,2026-07-19T18:19:01Z
114,34,16,24.25,standard,2026-07-19T18:19:01Z
114,34,2,24.25,standard,2026-07-19T18:19:01Z
114,34,3,24.25,standard,2026-07-19T18:19:01Z
114,34,4,24.25,standard,2026-07-19T18:19:01Z
114,34,5,24.25,standard,2026-07-19T18:19:01Z
114,34,6,24.25,standard,2026-07-19T18:19:01Z
114,34,7,24.25,standard,2026-07-19T18:19:01Z
114,34,8,24.25,standard,2026-07-19T18:19:01Z
114,34,9,24.25,standard,2026-07-19T18:19:01Z
114,35,10,24.25,standard,2026-07-19T18:19:01Z
114,35,11,24.25,standard,2026-07-19T18:19:01Z
114,35,12,24.25,standard,2026-07-19T18:19:01Z
114,35,13,24.25,standard,2026-07-19T18:19:01Z
114,35,14,24.25,standard,2026-07-19T18:19:01Z
114,35,15,24.25,standard,2026-07-19T18:19:01Z
114,35,16,24.25,standard,2026-07-19T18:19:01Z
114,35,2,24.25,standard,2026-07-19T18:19:01Z
114,35,3,24.25,standard,2026-07-19T18:19:01Z
114,35,4,24.25,standard,2026-07-19T18:19:01Z
114,35,5,24.25,standard,2026-07-19T18:19:01Z
114,35,6,24.25,standard,2026-07-19T18:19:01Z
114,35,7,24.25,standard,2026-07-19T18:19:01Z
114,35,8,24.25,standard,2026-07-19T18:19:01Z
114,35,9,24.25,standard,2026-07-19T18:19:01Z
114,36,10,24.25,standard,2026-07-19T18:19:01Z
114,36,11,24.25,standard,2026-07-19T18:19:01Z
114,36,12,24.25,standard,2026-07-19T18:19:01Z
114,36,13,24.25,standard,2026-07-19T18:19:01Z
114,36,14,24.25,standard,2026-07-19T18:19:01Z
114,36,15,24.25,standard,2026-07-19T18:19:01Z
114,36,16,24.25,standard,2026-07-19T18:19:01Z
114,36,2,24.25,standard,2026-07-19T18:19:01Z
114,36,3,24.25,standard,2026-07-19T18:19:01Z
114,36,4,24.25,standard,2026-07-19T18:19:01Z
114,36,5,24.25,standard,2026-07-19T18:19:01Z
114,36,6,24.25,standard,2026-07-19T18:19:01Z
114,36,7,24.25,standard,2026-07-19T18:19:01Z
114,36,8,24.25,standard,2026-07-19T18:19:01Z
114,36,9,24.25,standard,2026-07-19T18:19:01Z
114,38,10,24.25,standard,2026-07-19T18:19:01Z
114,38,11,24.25,standard,2026-07-19T18:19:01Z
114,38,12,24.25,standard,2026-07-19T18:19:01Z
114,38,13,24.25,standard,2026-07-19T18:19:01Z
114,38,14,24.25,standard,2026-07-19T18:19:01Z
114,38,15,24.25,standard,2026-07-19T18:19:01Z
114,38,16,24.25,standard,2026-07-19T18:19:01Z
114,38,17,24.25,standard,2026-07-19T18:19:01Z
114,38,18,24.25,standard,2026-07-19T18:19:01Z
114,38,19,24.25,standard,2026-07-19T18:19:01Z
114,38,20,24.25,standard,2026-07-19T18:19:01Z
114,38,3,24.25,standard,2026-07-19T18:19:01Z
114,38,4,24.25,standard,2026-07-19T18:19:01Z
114,38,5,24.25,standard,2026-07-19T18:19:01Z
114,38,6,24.25,standard,2026-07-19T18:19:01Z
114,38,7,24.25,standard,2026-07-19T18:19:01Z
114,38,8,24.25,standard,2026-07-19T18:19:01Z
114,38,9,24.25,standard,2026-07-19T18:19:01Z
114W,W,1,24.25,standard,2026-07-19T18:19:01Z
114W,W,2,24.25,standard,2026-07-19T18:19:01Z
114W,W,3,24.25,standard,2026-07-19T18:19:01Z
114W,W,4,24.25,standard,2026-07-19T18:19:01Z
114W,W,5,24.25,standard,2026-07-19T18:19:01Z
114W,W,6,24.25,standard,2026-07-19T18:19:01Z
114W,W,7,24.25,standard,2026-07-19T18:19:01Z
114W,W,8,24.25,standard,2026-07-19T18:19:01Z
115,10,5,24.25,standard,2026-07-19T18:19:01Z
115,10,6,24.25,standard,2026-07-19T18:19:01Z
115,10,7,24.25,standard,2026-07-19T18:19:01Z
115,14,10,24.25,standard,2026-07-19T18:19:01Z
115,14,11,24.25,standard,2026-07-19T18:19:01Z
115,14,13,24.25,standard,2026-07-19T18:19:01Z
115,14,14,24.25,standard,2026-07-19T18:19:01Z
115,14,15,24.25,standard,2026-07-19T18:19:01Z
115,14,16,24.25,standard,2026-07-19T18:19:01Z
115,14,17,24.25,standard,2026-07-19T18:19:01Z
115,14,18,24.25,standard,2026-07-19T18:19:01Z
115,14,19,24.25,standard,2026-07-19T18:19:01Z
115,14,2,24.25,standard,2026-07-19T18:19:01Z
115,14,3,24.25,standard,2026-07-19T18:19:01Z
115,14,4,24.25,standard,2026-07-19T18:19:01Z
115,14,5,24.25,standard,2026-07-19T18:19:01Z
115,14,6,24.25,standard,2026-07-19T18:19:01Z
115,14,7,24.25,standard,2026-07-19T18:19:01Z
115,14,8,24.25,standard,2026-07-19T18:19:01Z
115,14,9,24.25,standard,2026-07-19T18:19:01Z
115,27,17,24.25,standard,2026-07-19T18:19:01Z
115,27,18,24.25,standard,2026-07-19T18:19:01Z
115,27,19,24.25,standard,2026-07-19T18:19:01Z
115,27,20,24.25,standard,2026-07-19T18:19:01Z
115,27,21,24.25,standard,2026-07-19T18:19:01Z
115,27,22,24.25,standard,2026-07-19T18:19:01Z
115,27,23,24.25,standard,2026-07-19T18:19:01Z
115,27,24,24.25,standard,2026-07-19T18:19:01Z
115,27,25,24.25,standard,2026-07-19T18:19:01Z
115,27,26,24.25,standard,2026-07-19T18:19:01Z
115,21,17,24.25,standard,2026-07-19T18:19:01Z
115,21,18,24.25,standard,2026-07-19T18:19:01Z
115,21,19,24.25,standard,2026-07-19T18:19:01Z
115,21,20,24.25,standard,2026-07-19T18:19:01Z
115,21,21,24.25,standard,2026-07-19T18:19:01Z
115,21,22,24.25,standard,2026-07-19T18:19:01Z
115,21,23,24.25,standard,2026-07-19T18:19:01Z
115,21,24,24.25,standard,2026-07-19T18:19:01Z
115,21,25,24.25,standard,2026-07-19T18:19:01Z
115,21,26,24.25,standard,2026-07-19T18:19:01Z
115,22,17,24.25,standard,2026-07-19T18:19:01Z
115,22,18,24.25,standard,2026-07-19T18:19:01Z
115,22,19,24.25,standard,2026-07-19T18:19:01Z
115,22,20,24.25,standard,2026-07-19T18:19:01Z
115,22,21,24.25,standard,2026-07-19T18:19:01Z
115,22,22,24.25,standard,2026-07-19T18:19:01Z
115,22,23,24.25,standard,2026-07-19T18:19:01Z
115,22,24,24.25,standard,2026-07-19T18:19:01Z
115,22,25,24.25,standard,2026-07-19T18:19:01Z
115,22,26,24.25,standard,2026-07-19T18:19:01Z
115,24,17,24.25,standard,2026-07-19T18:19:01Z
115,24,18,24.25,standard,2026-07-19T18:19:01Z
115,24,19,24.25,standard,2026-07-19T18:19:01Z
115,24,20,24.25,standard,2026-07-19T18:19:01Z
115,24,21,24.25,standard,2026-07-19T18:19:01Z
115,24,22,24.25,standard,2026-07-19T18:19:01Z
115,24,23,24.25,standard,2026-07-19T18:19:01Z
115,24,24,24.25,standard,2026-07-19T18:19:01Z
115,24,25,24.25,standard,2026-07-19T18:19:01Z
115,24,26,24.25,standard,2026-07-19T18:19:01Z
115,25,17,24.25,standard,2026-07-19T18:19:01Z
115,25,18,24.25,standard,2026-07-19T18:19:01Z
115,25,19,24.25,standard,2026-07-19T18:19:01Z
115,25,20,24.25,standard,2026-07-19T18:19:01Z
115,25,21,24.25,standard,2026-07-19T18:19:01Z
115,25,22,24.25,standard,2026-07-19T18:19:01Z
115,25,23,24.25,standard,2026-07-19T18:19:01Z
115,25,24,24.25,standard,2026-07-19T18:19:01Z
115,25,25,24.25,standard,2026-07-19T18:19:01Z
115,25,26,24.25,standard,2026-07-19T18:19:01Z
115,26,17,24.25,standard,2026-07-19T18:19:01Z
115,26,18,24.25,standard,2026-07-19T18:19:01Z
115,26,19,24.25,standard,2026-07-19T18:19:01Z
115,26,20,24.25,standard,2026-07-19T18:19:01Z
115,26,21,24.25,standard,2026-07-19T18:19:01Z
115,26,22,24.25,standard,2026-07-19T18:19:01Z
115,26,23,24.25,standard,2026-07-19T18:19:01Z
115,26,24,24.25,standard,2026-07-19T18:19:01Z
115,26,25,24.25,standard,2026-07-19T18:19:01Z
115,26,26,24.25,standard,2026-07-19T18:19:01Z
115,28,17,24.25,standard,2026-07-19T18:19:01Z
115,28,18,24.25,standard,2026-07-19T18:19:01Z
115,28,19,24.25,standard,2026-07-19T18:19:01Z
115,28,20,24.25,standard,2026-07-19T18:19:01Z
115,28,21,24.25,standard,2026-07-19T18:19:01Z
115,28,22,24.25,standard,2026-07-19T18:19:01Z
115,28,23,24.25,standard,2026-07-19T18:19:01Z
115,28,24,24.25,standard,2026-07-19T18:19:01Z
115,28,25,24.25,standard,2026-07-19T18:19:01Z
115,28,26,24.25,standard,2026-07-19T18:19:01Z
115,29,17,24.25,standard,2026-07-19T18:19:01Z
115,29,18,24.25,standard,2026-07-19T18:19:01Z
115,29,19,24.25,standard,2026-07-19T18:19:01Z
115,29,20,24.25,standard,2026-07-19T18:19:01Z
115,29,21,24.25,standard,2026-07-19T18:19:01Z
115,29,22,24.25,standard,2026-07-19T18:19:01Z
115,29,23,24.25,standard,2026-07-19T18:19:01Z
115,29,24,24.25,standard,2026-07-19T18:19:01Z
115,29,25,24.25,standard,2026-07-19T18:19:01Z
115,29,26,24.25,standard,2026-07-19T18:19:01Z
115,37,18,24.25,standard,2026-07-19T18:19:01Z
115,37,19,24.25,standard,2026-07-19T18:19:01Z
115,30,17,24.25,standard,2026-07-19T18:19:01Z
115,30,18,24.25,standard,2026-07-19T18:19:01Z
115,30,19,24.25,standard,2026-07-19T18:19:01Z
115,30,20,24.25,standard,2026-07-19T18:19:01Z
115,30,21,24.25,standard,2026-07-19T18:19:01Z
115,30,22,24.25,standard,2026-07-19T18:19:01Z
115,30,23,24.25,standard,2026-07-19T18:19:01Z
115,30,24,24.25,standard,2026-07-19T18:19:01Z
115,30,25,24.25,standard,2026-07-19T18:19:01Z
115,30,26,24.25,standard,2026-07-19T18:19:01Z
115,31,17,24.25,standard,2026-07-19T18:19:01Z
115,31,18,24.25,standard,2026-07-19T18:19:01Z
115,31,19,24.25,standard,2026-07-19T18:19:01Z
115,31,20,24.25,standard,2026-07-19T18:19:01Z
115,31,21,24.25,standard,2026-07-19T18:19:01Z
115,31,22,24.25,standard,2026-07-19T18:19:01Z
115,31,23,24.25,standard,2026-07-19T18:19:01Z
115,31,24,24.25,standard,2026-07-19T18:19:01Z
115,31,25,24.25,standard,2026-07-19T18:19:01Z
115,31,26,24.25,standard,2026-07-19T18:19:01Z
115,32,17,24.25,standard,2026-07-19T18:19:01Z
115,32,18,24.25,standard,2026-07-19T18:19:01Z
115,32,19,24.25,standard,2026-07-19T18:19:01Z
115,32,20,24.25,standard,2026-07-19T18:19:01Z
115,32,21,24.25,standard,2026-07-19T18:19:01Z
115,32,22,24.25,standard,2026-07-19T18:19:01Z
115,32,23,24.25,standard,2026-07-19T18:19:01Z
115,32,24,24.25,standard,2026-07-19T18:19:01Z
115,32,25,24.25,standard,2026-07-19T18:19:01Z
115,32,26,24.25,standard,2026-07-19T18:19:01Z
115,33,17,24.25,standard,2026-07-19T18:19:01Z
115,33,18,24.25,standard,2026-07-19T18:19:01Z
115,33,19,24.25,standard,2026-07-19T18:19:01Z
115,33,20,24.25,standard,2026-07-19T18:19:01Z
115,33,21,24.25,standard,2026-07-19T18:19:01Z
115,33,22,24.25,standard,2026-07-19T18:19:01Z
115,33,23,24.25,standard,2026-07-19T18:19:01Z
115,33,24,24.25,standard,2026-07-19T18:19:01Z
115,33,25,24.25,standard,2026-07-19T18:19:01Z
115,33,26,24.25,standard,2026-07-19T18:19:01Z
115,34,17,24.25,standard,2026-07-19T18:19:01Z
115,34,18,24.25,standard,2026-07-19T18:19:01Z
115,34,19,24.25,standard,2026-07-19T18:19:01Z
115,34,20,24.25,standard,2026-07-19T18:19:01Z
115,34,21,24.25,standard,2026-07-19T18:19:01Z
115,34,22,24.25,standard,2026-07-19T18:19:01Z
115,34,23,24.25,standard,2026-07-19T18:19:01Z
115,34,24,24.25,standard,2026-07-19T18:19:01Z
115,34,25,24.25,standard,2026-07-19T18:19:01Z
115,34,26,24.25,standard,2026-07-19T18:19:01Z
115,36,21,24.25,standard,2026-07-19T18:19:01Z
115,36,22,24.25,standard,2026-07-19T18:19:01Z
115,36,23,24.25,standard,2026-07-19T18:19:01Z
115,36,24,24.25,standard,2026-07-19T18:19:01Z
115,36,25,24.25,standard,2026-07-19T18:19:01Z
115W,W,5,24.25,standard,2026-07-19T18:19:01Z
115W,W,6,24.25,standard,2026-07-19T18:19:01Z
116,11,10,54.75,standard,2026-07-19T18:19:01Z
116,11,11,54.75,standard,2026-07-19T18:19:01Z
116,11,12,54.75,standard,2026-07-19T18:19:01Z
116,11,13,54.75,standard,2026-07-19T18:19:01Z
116,11,14,54.75,standard,2026-07-19T18:19:01Z
116,11,15,54.75,standard,2026-07-19T18:19:01Z
116,11,16,54.75,standard,2026-07-19T18:19:01Z
116,11,17,54.75,standard,2026-07-19T18:19:01Z
116,11,18,54.75,standard,2026-07-19T18:19:01Z
116,11,19,54.75,standard,2026-07-19T18:19:01Z
116,11,20,54.75,standard,2026-07-19T18:19:01Z
116,11,3,54.75,standard,2026-07-19T18:19:01Z
116,11,4,54.75,standard,2026-07-19T18:19:01Z
116,11,5,54.75,standard,2026-07-19T18:19:01Z
116,11,6,54.75,standard,2026-07-19T18:19:01Z
116,11,7,54.75,standard,2026-07-19T18:19:01Z
116,11,8,54.75,standard,2026-07-19T18:19:01Z
116,11,9,54.75,standard,2026-07-19T18:19:01Z
116,12,10,54.75,standard,2026-07-19T18:19:01Z
116,12,11,54.75,standard,2026-07-19T18:19:01Z
116,12,12,54.75,standard,2026-07-19T18:19:01Z
116,12,13,54.75,standard,2026-07-19T18:19:01Z
116,12,14,54.75,standard,2026-07-19T18:19:01Z
116,12,15,54.75,standard,2026-07-19T18:19:01Z
116,12,16,54.75,standard,2026-07-19T18:19:01Z
116,12,17,54.75,standard,2026-07-19T18:19:01Z
116,12,18,54.75,standard,2026-07-19T18:19:01Z
116,12,19,54.75,standard,2026-07-19T18:19:01Z
116,12,20,54.75,standard,2026-07-19T18:19:01Z
116,12,3,54.75,standard,2026-07-19T18:19:01Z
116,12,4,54.75,standard,2026-07-19T18:19:01Z
116,12,5,54.75,standard,2026-07-19T18:19:01Z
116,12,6,54.75,standard,2026-07-19T18:19:01Z
116,12,7,54.75,standard,2026-07-19T18:19:01Z
116,12,8,54.75,standard,2026-07-19T18:19:01Z
116,12,9,54.75,standard,2026-07-19T18:19:01Z
116,14,10,54.75,standard,2026-07-19T18:19:01Z
116,14,11,54.75,standard,2026-07-19T18:19:01Z
116,14,12,54.75,standard,2026-07-19T18:19:01Z
116,14,13,54.75,standard,2026-07-19T18:19:01Z
116,14,14,54.75,standard,2026-07-19T18:19:01Z
116,14,15,54.75,standard,2026-07-19T18:19:01Z
116,14,16,54.75,standard,2026-07-19T18:19:01Z
116,14,17,54.75,standard,2026-07-19T18:19:01Z
116,14,18,54.75,standard,2026-07-19T18:19:01Z
116,14,19,54.75,standard,2026-07-19T18:19:01Z
116,14,20,54.75,standard,2026-07-19T18:19:01Z
116,14,3,54.75,standard,2026-07-19T18:19:01Z
116,14,4,54.75,standard,2026-07-19T18:19:01Z
116,14,5,54.75,standard,2026-07-19T18:19:01Z
116,14,6,54.75,standard,2026-07-19T18:19:01Z
116,14,7,54.75,standard,2026-07-19T18:19:01Z
116,14,8,54.75,standard,2026-07-19T18:19:01Z
116,14,9,54.75,standard,2026-07-19T18:19:01Z
116,19,10,54.75,standard,2026-07-19T18:19:01Z
116,19,11,54.75,standard,2026-07-19T18:19:01Z
116,19,12,54.75,standard,2026-07-19T18:19:01Z
116,19,13,54.75,standard,2026-07-19T18:19:01Z
116,19,14,54.75,standard,2026-07-19T18:19:01Z
116,19,15,54.75,standard,2026-07-19T18:19:01Z
116,19,16,54.75,standard,2026-07-19T18:19:01Z
116,19,17,54.75,standard,2026-07-19T18:19:01Z
116,19,18,54.75,standard,2026-07-19T18:19:01Z
116,19,19,54.75,standard,2026-07-19T18:19:01Z
116,19,20,54.75,standard,2026-07-19T18:19:01Z
116,19,3,54.75,standard,2026-07-19T18:19:01Z
116,19,4,54.75,standard,2026-07-19T18:19:01Z
116,19,5,54.75,standard,2026-07-19T18:19:01Z
116,19,6,54.75,standard,2026-07-19T18:19:01Z
116,19,7,54.75,standard,2026-07-19T18:19:01Z
116,19,8,54.75,standard,2026-07-19T18:19:01Z
116,19,9,54.75,standard,2026-07-19T18:19:01Z
116,20,10,54.75,standard,2026-07-19T18:19:01Z
116,20,11,54.75,standard,2026-07-19T18:19:01Z
116,20,12,54.75,standard,2026-07-19T18:19:01Z
116,20,13,54.75,standard,2026-07-19T18:19:01Z
116,20,14,54.75,standard,2026-07-19T18:19:01Z
116,20,15,54.75,standard,2026-07-19T18:19:01Z
116,20,16,54.75,standard,2026-07-19T18:19:01Z
116,20,17,54.75,standard,2026-07-19T18:19:01Z
116,20,18,54.75,standard,2026-07-19T18:19:01Z
116,20,19,54.75,standard,2026-07-19T18:19:01Z
116,20,20,54.75,standard,2026-07-19T18:19:01Z
116,20,3,54.75,standard,2026-07-19T18:19:01Z
116,20,4,54.75,standard,2026-07-19T18:19:01Z
116,20,5,54.75,standard,2026-07-19T18:19:01Z
116,20,6,54.75,standard,2026-07-19T18:19:01Z
116,20,7,54.75,standard,2026-07-19T18:19:01Z
116,20,8,54.75,standard,2026-07-19T18:19:01Z
116,20,9,54.75,standard,2026-07-19T18:19:01Z
116,25,10,54.75,standard,2026-07-19T18:19:01Z
116,25,11,54.75,standard,2026-07-19T18:19:01Z
116,25,12,54.75,standard,2026-07-19T18:19:01Z
116,25,13,54.75,standard,2026-07-19T18:19:01Z
116,25,14,54.75,standard,2026-07-19T18:19:01Z
116,25,15,54.75,standard,2026-07-19T18:19:01Z
116,25,16,54.75,standard,2026-07-19T18:19:01Z
116,25,17,54.75,standard,2026-07-19T18:19:01Z
116,25,18,54.75,standard,2026-07-19T18:19:01Z
116,25,19,54.75,standard,2026-07-19T18:19:01Z
116,25,20,54.75,standard,2026-07-19T18:19:01Z
116,25,3,54.75,standard,2026-07-19T18:19:01Z
116,25,4,54.75,standard,2026-07-19T18:19:01Z
116,25,5,54.75,standard,2026-07-19T18:19:01Z
116,25,6,54.75,standard,2026-07-19T18:19:01Z
116,25,7,54.75,standard,2026-07-19T18:19:01Z
116,25,8,54.75,standard,2026-07-19T18:19:01Z
116,25,9,54.75,standard,2026-07-19T18:19:01Z
116,28,10,54.75,standard,2026-07-19T18:19:01Z
116,28,11,54.75,standard,2026-07-19T18:19:01Z
116,28,12,54.75,standard,2026-07-19T18:19:01Z
116,28,13,54.75,standard,2026-07-19T18:19:01Z
116,28,14,54.75,standard,2026-07-19T18:19:01Z
116,28,15,54.75,standard,2026-07-19T18:19:01Z
116,28,16,54.75,standard,2026-07-19T18:19:01Z
116,28,17,54.75,standard,2026-07-19T18:19:01Z
116,28,18,54.75,standard,2026-07-19T18:19:01Z
116,28,19,54.75,standard,2026-07-19T18:19:01Z
116,28,20,54.75,standard,2026-07-19T18:19:01Z
116,28,3,54.75,standard,2026-07-19T18:19:01Z
116,28,4,54.75,standard,2026-07-19T18:19:01Z
116,28,5,54.75,standard,2026-07-19T18:19:01Z
116,28,6,54.75,standard,2026-07-19T18:19:01Z
116,28,7,54.75,standard,2026-07-19T18:19:01Z
116,28,8,54.75,standard,2026-07-19T18:19:01Z
116,28,9,54.75,standard,2026-07-19T18:19:01Z
116,29,10,54.75,standard,2026-07-19T18:19:01Z
116,29,11,54.75,standard,2026-07-19T18:19:01Z
116,29,12,54.75,standard,2026-07-19T18:19:01Z
116,29,13,54.75,standard,2026-07-19T18:19:01Z
116,29,14,54.75,standard,2026-07-19T18:19:01Z
116,29,15,54.75,standard,2026-07-19T18:19:01Z
116,29,16,54.75,standard,2026-07-19T18:19:01Z
116,29,17,54.75,standard,2026-07-19T18:19:01Z
116,29,18,54.75,standard,2026-07-19T18:19:01Z
116,29,19,54.75,standard,2026-07-19T18:19:01Z
116,29,20,54.75,standard,2026-07-19T18:19:01Z
116,29,3,54.75,standard,2026-07-19T18:19:01Z
116,29,4,54.75,standard,2026-07-19T18:19:01Z
116,29,5,54.75,standard,2026-07-19T18:19:01Z
116,29,6,54.75,standard,2026-07-19T18:19:01Z
116,29,7,54.75,standard,2026-07-19T18:19:01Z
116,29,8,54.75,standard,2026-07-19T18:19:01Z
116,29,9,54.75,standard,2026-07-19T18:19:01Z
116,30,11,54.75,standard,2026-07-19T18:19:01Z
116,30,12,54.75,standard,2026-07-19T18:19:01Z
116,30,13,54.75,standard,2026-07-19T18:19:01Z
116,30,14,54.75,standard,2026-07-19T18:19:01Z
116,30,15,54.75,standard,2026-07-19T18:19:01Z
116,31,11,54.75,standard,2026-07-19T18:19:01Z
116,31,12,54.75,standard,2026-07-19T18:19:01Z
116,31,13,54.75,standard,2026-07-19T18:19:01Z
116,31,14,54.75,standard,2026-07-19T18:19:01Z
116,31,15,54.75,standard,2026-07-19T18:19:01Z
116,31,16,54.75,standard,2026-07-19T18:19:01Z
116,31,17,54.75,standard,2026-07-19T18:19:01Z
116,31,18,54.75,standard,2026-07-19T18:19:01Z
116,31,19,54.75,standard,2026-07-19T18:19:01Z
116,31,20,54.75,standard,2026-07-19T18:19:01Z
116,32,11,54.75,standard,2026-07-19T18:19:01Z
116,32,12,54.75,standard,2026-07-19T18:19:01Z
116,32,13,54.75,standard,2026-07-19T18:19:01Z
116,32,14,54.75,standard,2026-07-19T18:19:01Z
116,33,11,54.75,standard,2026-07-19T18:19:01Z
116,33,12,54.75,standard,2026-07-19T18:19:01Z
116,33,13,54.75,standard,2026-07-19T18:19:01Z
116,33,14,54.75,standard,2026-07-19T18:19:01Z
116,33,15,54.75,standard,2026-07-19T18:19:01Z
116,33,16,54.75,standard,2026-07-19T18:19:01Z
116,6,7,54.75,standard,2026-07-19T18:19:01Z
116,6,8,54.75,standard,2026-07-19T18:19:01Z
116,6,9,54.75,standard,2026-07-19T18:19:01Z
116,6,10,54.75,standard,2026-07-19T18:19:01Z
116,6,11,54.75,standard,2026-07-19T18:19:01Z
117,17,10,54.75,standard,2026-07-19T18:19:01Z
117,17,11,54.75,standard,2026-07-19T18:19:01Z
117,17,12,54.75,standard,2026-07-19T18:19:01Z
117,17,13,54.75,standard,2026-07-19T18:19:01Z
117,17,14,54.75,standard,2026-07-19T18:19:01Z
117,17,15,54.75,standard,2026-07-19T18:19:01Z
117,17,2,54.75,standard,2026-07-19T18:19:01Z
117,17,3,54.75,standard,2026-07-19T18:19:01Z
117,17,4,54.75,standard,2026-07-19T18:19:01Z
117,17,5,54.75,standard,2026-07-19T18:19:01Z
117,17,6,54.75,standard,2026-07-19T18:19:01Z
117,17,7,54.75,standard,2026-07-19T18:19:01Z
117,17,8,54.75,standard,2026-07-19T18:19:01Z
117,17,9,54.75,standard,2026-07-19T18:19:01Z
117,10,13,54.75,standard,2026-07-19T18:19:01Z
117,10,14,54.75,standard,2026-07-19T18:19:01Z
117,10,16,54.75,standard,2026-07-19T18:19:01Z
117,10,17,54.75,standard,2026-07-19T18:19:01Z
117,10,6,54.75,standard,2026-07-19T18:19:01Z
117,10,7,54.75,standard,2026-07-19T18:19:01Z
117,10,8,54.75,standard,2026-07-19T18:19:01Z
117,11,13,54.75,standard,2026-07-19T18:19:01Z
117,11,14,54.75,standard,2026-07-19T18:19:01Z
117,11,15,54.75,standard,2026-07-19T18:19:01Z
117,11,16,54.75,standard,2026-07-19T18:19:01Z
117,13,3,54.75,standard,2026-07-19T18:19:01Z
117,13,4,54.75,standard,2026-07-19T18:19:01Z
117,15,10,54.75,standard,2026-07-19T18:19:01Z
117,15,11,54.75,standard,2026-07-19T18:19:01Z
117,15,3,54.75,standard,2026-07-19T18:19:01Z
117,15,4,54.75,standard,2026-07-19T18:19:01Z
117,15,5,54.75,standard,2026-07-19T18:19:01Z
117,15,6,54.75,standard,2026-07-19T18:19:01Z
117,15,7,54.75,standard,2026-07-19T18:19:01Z
117,15,8,54.75,standard,2026-07-19T18:19:01Z
117,15,9,54.75,standard,2026-07-19T18:19:01Z
117,16,10,54.75,standard,2026-07-19T18:19:01Z
117,16,11,54.75,standard,2026-07-19T18:19:01Z
117,16,12,54.75,standard,2026-07-19T18:19:01Z
117,16,13,54.75,standard,2026-07-19T18:19:01Z
117,16,14,54.75,standard,2026-07-19T18:19:01Z
117,16,15,54.75,standard,2026-07-19T18:19:01Z
117,16,16,54.75,standard,2026-07-19T18:19:01Z
117,16,17,54.75,standard,2026-07-19T18:19:01Z
117,16,2,54.75,standard,2026-07-19T18:19:01Z
117,16,3,54.75,standard,2026-07-19T18:19:01Z
117,16,4,54.75,standard,2026-07-19T18:19:01Z
117,16,5,54.75,standard,2026-07-19T18:19:01Z
117,16,6,54.75,standard,2026-07-19T18:19:01Z
117,16,7,54.75,standard,2026-07-19T18:19:01Z
117,16,8,54.75,standard,2026-07-19T18:19:01Z
117,16,9,54.75,standard,2026-07-19T18:19:01Z
117,18,10,54.75,standard,2026-07-19T18:19:01Z
117,18,11,54.75,standard,2026-07-19T18:19:01Z
117,18,12,54.75,standard,2026-07-19T18:19:01Z
117,18,13,54.75,standard,2026-07-19T18:19:01Z
117,18,14,54.75,standard,2026-07-19T18:19:01Z
117,18,15,54.75,standard,2026-07-19T18:19:01Z
117,18,16,54.75,standard,2026-07-19T18:19:01Z
117,18,2,54.75,standard,2026-07-19T18:19:01Z
117,18,3,54.75,standard,2026-07-19T18:19:01Z
117,18,4,54.75,standard,2026-07-19T18:19:01Z
117,18,5,54.75,standard,2026-07-19T18:19:01Z
117,18,6,54.75,standard,2026-07-19T18:19:01Z
117,18,7,54.75,standard,2026-07-19T18:19:01Z
117,18,8,54.75,standard,2026-07-19T18:19:01Z
117,18,9,54.75,standard,2026-07-19T18:19:01Z
117,19,10,54.75,standard,2026-07-19T18:19:01Z
117,19,11,54.75,standard,2026-07-19T18:19:01Z
117,19,12,54.75,standard,2026-07-19T18:19:01Z
117,19,13,54.75,standard,2026-07-19T18:19:01Z
117,19,14,54.75,standard,2026-07-19T18:19:01Z
117,19,15,54.75,standard,2026-07-19T18:19:01Z
117,19,16,54.75,standard,2026-07-19T18:19:01Z
117,19,2,54.75,standard,2026-07-19T18:19:01Z
117,19,3,54.75,standard,2026-07-19T18:19:01Z
117,19,4,54.75,standard,2026-07-19T18:19:01Z
117,19,5,54.75,standard,2026-07-19T18:19:01Z
117,19,6,54.75,standard,2026-07-19T18:19:01Z
117,19,7,54.75,standard,2026-07-19T18:19:01Z
117,19,8,54.75,standard,2026-07-19T18:19:01Z
117,19,9,54.75,standard,2026-07-19T18:19:01Z
117,20,10,54.75,standard,2026-07-19T18:19:01Z
117,20,11,54.75,standard,2026-07-19T18:19:01Z
117,20,12,54.75,standard,2026-07-19T18:19:01Z
117,20,13,54.75,standard,2026-07-19T18:19:01Z
117,20,14,54.75,standard,2026-07-19T18:19:01Z
117,20,15,54.75,standard,2026-07-19T18:19:01Z
117,20,16,54.75,standard,2026-07-19T18:19:01Z
117,20,2,54.75,standard,2026-07-19T18:19:01Z
117,20,3,54.75,standard,2026-07-19T18:19:01Z
117,20,4,54.75,standard,2026-07-19T18:19:01Z
117,20,5,54.75,standard,2026-07-19T18:19:01Z
117,20,6,54.75,standard,2026-07-19T18:19:01Z
117,20,7,54.75,standard,2026-07-19T18:19:01Z
117,20,8,54.75,standard,2026-07-19T18:19:01Z
117,20,9,54.75,standard,2026-07-19T18:19:01Z
117,24,10,54.75,standard,2026-07-19T18:19:01Z
117,24,11,54.75,standard,2026-07-19T18:19:01Z
117,24,12,54.75,standard,2026-07-19T18:19:01Z
117,24,13,54.75,standard,2026-07-19T18:19:01Z
117,24,14,54.75,standard,2026-07-19T18:19:01Z
117,24,5,54.75,standard,2026-07-19T18:19:01Z
117,24,6,54.75,standard,2026-07-19T18:19:01Z
117,24,7,54.75,standard,2026-07-19T18:19:01Z
117,24,8,54.75,standard,2026-07-19T18:19:01Z
117,24,9,54.75,standard,2026-07-19T18:19:01Z
118,17,10,65.25,standard,2026-07-19T18:19:01Z
118,17,11,65.25,standard,2026-07-19T18:19:01Z
118,17,12,65.25,standard,2026-07-19T18:19:01Z
118,17,2,65.25,standard,2026-07-19T18:19:01Z
118,17,3,65.25,standard,2026-07-19T18:19:01Z
118,17,4,65.25,standard,2026-07-19T18:19:01Z
118,17,5,65.25,standard,2026-07-19T18:19:01Z
118,17,6,65.25,standard,2026-07-19T18:19:01Z
118,17,7,65.25,standard,2026-07-19T18:19:01Z
118,17,8,65.25,standard,2026-07-19T18:19:01Z
118,17,9,65.25,standard,2026-07-19T18:19:01Z
118,13,10,65.25,standard,2026-07-19T18:19:01Z
118,13,11,65.25,standard,2026-07-19T18:19:01Z
118,13,3,65.25,standard,2026-07-19T18:19:01Z
118,13,4,65.25,standard,2026-07-19T18:19:01Z
118,13,5,65.25,standard,2026-07-19T18:19:01Z
118,13,6,65.25,standard,2026-07-19T18:19:01Z
118,13,7,65.25,standard,2026-07-19T18:19:01Z
118,13,8,65.25,standard,2026-07-19T18:19:01Z
118,13,9,65.25,standard,2026-07-19T18:19:01Z
118,14,10,65.25,standard,2026-07-19T18:19:01Z
118,14,11,65.25,standard,2026-07-19T18:19:01Z
118,14,2,65.25,standard,2026-07-19T18:19:01Z
118,14,3,65.25,standard,2026-07-19T18:19:01Z
118,14,4,65.25,standard,2026-07-19T18:19:01Z
118,14,5,65.25,standard,2026-07-19T18:19:01Z
118,14,6,65.25,standard,2026-07-19T18:19:01Z
118,14,7,65.25,standard,2026-07-19T18:19:01Z
118,14,8,65.25,standard,2026-07-19T18:19:01Z
118,14,9,65.25,standard,2026-07-19T18:19:01Z
118,15,10,65.25,standard,2026-07-19T18:19:01Z
118,15,11,65.25,standard,2026-07-19T18:19:01Z
118,15,5,65.25,standard,2026-07-19T18:19:01Z
118,15,6,65.25,standard,2026-07-19T18:19:01Z
118,15,7,65.25,standard,2026-07-19T18:19:01Z
118,15,8,65.25,standard,2026-07-19T18:19:01Z
118,15,9,65.25,standard,2026-07-19T18:19:01Z
118,16,10,65.25,standard,2026-07-19T18:19:01Z
118,16,11,65.25,standard,2026-07-19T18:19:01Z
118,16,12,65.25,standard,2026-07-19T18:19:01Z
118,16,5,65.25,standard,2026-07-19T18:19:01Z
118,16,6,65.25,standard,2026-07-19T18:19:01Z
118,16,7,65.25,standard,2026-07-19T18:19:01Z
118,16,8,65.25,standard,2026-07-19T18:19:01Z
118,16,9,65.25,standard,2026-07-19T18:19:01Z
118,18,10,65.25,standard,2026-07-19T18:19:01Z
118,18,11,65.25,standard,2026-07-19T18:19:01Z
118,18,12,65.25,standard,2026-07-19T18:19:01Z
118,18,2,65.25,standard,2026-07-19T18:19:01Z
118,18,3,65.25,standard,2026-07-19T18:19:01Z
118,18,4,65.25,standard,2026-07-19T18:19:01Z
118,18,5,65.25,standard,2026-07-19T18:19:01Z
118,18,6,65.25,standard,2026-07-19T18:19:01Z
118,18,7,65.25,standard,2026-07-19T18:19:01Z
118,18,8,65.25,standard,2026-07-19T18:19:01Z
118,18,9,65.25,standard,2026-07-19T18:19:01Z
118,19,10,65.25,standard,2026-07-19T18:19:01Z
118,19,11,65.25,standard,2026-07-19T18:19:01Z
118,19,12,65.25,standard,2026-07-19T18:19:01Z
118,19,13,65.25,standard,2026-07-19T18:19:01Z
118,19,2,65.25,standard,2026-07-19T18:19:01Z
118,19,3,65.25,standard,2026-07-19T18:19:01Z
118,19,4,65.25,standard,2026-07-19T18:19:01Z
118,19,5,65.25,standard,2026-07-19T18:19:01Z
118,19,6,65.25,standard,2026-07-19T18:19:01Z
118,19,7,65.25,standard,2026-07-19T18:19:01Z
118,19,8,65.25,standard,2026-07-19T18:19:01Z
118,19,9,65.25,standard,2026-07-19T18:19:01Z
118,20,10,65.25,standard,2026-07-19T18:19:01Z
118,20,11,65.25,standard,2026-07-19T18:19:01Z
118,20,12,65.25,standard,2026-07-19T18:19:01Z
118,20,13,65.25,standard,2026-07-19T18:19:01Z
118,20,2,65.25,standard,2026-07-19T18:19:01Z
118,20,3,65.25,standard,2026-07-19T18:19:01Z
118,20,4,65.25,standard,2026-07-19T18:19:01Z
118,20,5,65.25,standard,2026-07-19T18:19:01Z
118,20,6,65.25,standard,2026-07-19T18:19:01Z
118,20,7,65.25,standard,2026-07-19T18:19:01Z
118,20,8,65.25,standard,2026-07-19T18:19:01Z
118,20,9,65.25,standard,2026-07-19T18:19:01Z
118,27,10,65.25,standard,2026-07-19T18:19:01Z
118,27,11,65.25,standard,2026-07-19T18:19:01Z
118,27,12,65.25,standard,2026-07-19T18:19:01Z
118,27,13,65.25,standard,2026-07-19T18:19:01Z
118,27,14,65.25,standard,2026-07-19T18:19:01Z
118,27,15,65.25,standard,2026-07-19T18:19:01Z
118,27,2,65.25,standard,2026-07-19T18:19:01Z
118,27,3,65.25,standard,2026-07-19T18:19:01Z
118,27,4,65.25,standard,2026-07-19T18:19:01Z
118,27,5,65.25,standard,2026-07-19T18:19:01Z
118,27,6,65.25,standard,2026-07-19T18:19:01Z
118,27,7,65.25,standard,2026-07-19T18:19:01Z
118,27,8,65.25,standard,2026-07-19T18:19:01Z
118,27,9,65.25,standard,2026-07-19T18:19:01Z
118,21,10,65.25,standard,2026-07-19T18:19:01Z
118,21,11,65.25,standard,2026-07-19T18:19:01Z
118,21,12,65.25,standard,2026-07-19T18:19:01Z
118,21,13,65.25,standard,2026-07-19T18:19:01Z
118,21,2,65.25,standard,2026-07-19T18:19:01Z
118,21,3,65.25,standard,2026-07-19T18:19:01Z
118,21,4,65.25,standard,2026-07-19T18:19:01Z
118,21,5,65.25,standard,2026-07-19T18:19:01Z
118,21,6,65.25,standard,2026-07-19T18:19:01Z
118,21,7,65.25,standard,2026-07-19T18:19:01Z
118,21,8,65.25,standard,2026-07-19T18:19:01Z
118,21,9,65.25,standard,2026-07-19T18:19:01Z
118,22,13,65.25,standard,2026-07-19T18:19:01Z
118,22,14,65.25,standard,2026-07-19T18:19:01Z
118,22,2,65.25,standard,2026-07-19T18:19:01Z
118,22,3,65.25,standard,2026-07-19T18:19:01Z
118,22,4,65.25,standard,2026-07-19T18:19:01Z
118,22,5,65.25,standard,2026-07-19T18:19:01Z
118,22,6,65.25,standard,2026-07-19T18:19:01Z
118,23,10,65.25,standard,2026-07-19T18:19:01Z
118,23,11,65.25,standard,2026-07-19T18:19:01Z
118,23,12,65.25,standard,2026-07-19T18:19:01Z
118,23,13,65.25,standard,2026-07-19T18:19:01Z
118,23,14,65.25,standard,2026-07-19T18:19:01Z
118,23,2,65.25,standard,2026-07-19T18:19:01Z
118,23,3,65.25,standard,2026-07-19T18:19:01Z
118,23,4,65.25,standard,2026-07-19T18:19:01Z
118,23,5,65.25,standard,2026-07-19T18:19:01Z
118,23,6,65.25,standard,2026-07-19T18:19:01Z
118,23,7,65.25,standard,2026-07-19T18:19:01Z
118,23,8,65.25,standard,2026-07-19T18:19:01Z
118,23,9,65.25,standard,2026-07-19T18:19:01Z
118,24,10,65.25,standard,2026-07-19T18:19:01Z
118,24,11,65.25,standard,2026-07-19T18:19:01Z
118,24,12,65.25,standard,2026-07-19T18:19:01Z
118,24,13,65.25,standard,2026-07-19T18:19:01Z
118,24,14,65.25,standard,2026-07-19T18:19:01Z
118,24,2,65.25,standard,2026-07-19T18:19:01Z
118,24,3,65.25,standard,2026-07-19T18:19:01Z
118,24,4,65.25,standard,2026-07-19T18:19:01Z
118,24,5,65.25,standard,2026-07-19T18:19:01Z
118,24,6,65.25,standard,2026-07-19T18:19:01Z
118,24,7,65.25,standard,2026-07-19T18:19:01Z
118,24,8,65.25,standard,2026-07-19T18:19:01Z
118,24,9,65.25,standard,2026-07-19T18:19:01Z
118,25,1,65.25,standard,2026-07-19T18:19:01Z
118,25,2,65.25,standard,2026-07-19T18:19:01Z
118,25,3,65.25,standard,2026-07-19T18:19:01Z
118,25,4,65.25,standard,2026-07-19T18:19:01Z
118,25,5,65.25,standard,2026-07-19T18:19:01Z
118,25,6,65.25,standard,2026-07-19T18:19:01Z
118,25,7,65.25,standard,2026-07-19T18:19:01Z
118,25,8,65.25,standard,2026-07-19T18:19:01Z
118,26,10,65.25,standard,2026-07-19T18:19:01Z
118,26,11,65.25,standard,2026-07-19T18:19:01Z
118,26,12,65.25,standard,2026-07-19T18:19:01Z
118,26,13,65.25,standard,2026-07-19T18:19:01Z
118,26,14,65.25,standard,2026-07-19T18:19:01Z
118,26,15,65.25,standard,2026-07-19T18:19:01Z
118,26,2,65.25,standard,2026-07-19T18:19:01Z
118,26,3,65.25,standard,2026-07-19T18:19:01Z
118,26,4,65.25,standard,2026-07-19T18:19:01Z
118,26,5,65.25,standard,2026-07-19T18:19:01Z
118,26,6,65.25,standard,2026-07-19T18:19:01Z
118,26,7,65.25,standard,2026-07-19T18:19:01Z
118,26,8,65.25,standard,2026-07-19T18:19:01Z
118,26,9,65.25,standard,2026-07-19T18:19:01Z
118,28,10,65.25,standard,2026-07-19T18:19:01Z
118,28,11,65.25,standard,2026-07-19T18:19:01Z
118,28,12,65.25,standard,2026-07-19T18:19:01Z
118,28,13,65.25,standard,2026-07-19T18:19:01Z
118,28,14,65.25,standard,2026-07-19T18:19:01Z
118,28,15,65.25,standard,2026-07-19T18:19:01Z
118,28,2,65.25,standard,2026-07-19T18:19:01Z
118,28,3,65.25,standard,2026-07-19T18:19:01Z
118,28,4,65.25,standard,2026-07-19T18:19:01Z
118,28,5,65.25,standard,2026-07-19T18:19:01Z
118,28,6,65.25,standard,2026-07-19T18:19:01Z
118,28,7,65.25,standard,2026-07-19T18:19:01Z
118,28,8,65.25,standard,2026-07-19T18:19:01Z
118,28,9,65.25,standard,2026-07-19T18:19:01Z
118,29,10,65.25,standard,2026-07-19T18:19:01Z
118,29,11,65.25,standard,2026-07-19T18:19:01Z
118,29,12,65.25,standard,2026-07-19T18:19:01Z
118,29,13,65.25,standard,2026-07-19T18:19:01Z
118,29,14,65.25,standard,2026-07-19T18:19:01Z
118,29,15,65.25,standard,2026-07-19T18:19:01Z
118,29,2,65.25,standard,2026-07-19T18:19:01Z
118,29,3,65.25,standard,2026-07-19T18:19:01Z
118,29,4,65.25,standard,2026-07-19T18:19:01Z
118,29,5,65.25,standard,2026-07-19T18:19:01Z
118,29,6,65.25,standard,2026-07-19T18:19:01Z
118,29,7,65.25,standard,2026-07-19T18:19:01Z
118,29,8,65.25,standard,2026-07-19T18:19:01Z
118,29,9,65.25,standard,2026-07-19T18:19:01Z
118,37,10,65.25,standard,2026-07-19T18:19:01Z
118,37,11,65.25,standard,2026-07-19T18:19:01Z
118,37,12,65.25,standard,2026-07-19T18:19:01Z
118,37,13,65.25,standard,2026-07-19T18:19:01Z
118,37,14,65.25,standard,2026-07-19T18:19:01Z
118,37,15,65.25,standard,2026-07-19T18:19:01Z
118,37,16,65.25,standard,2026-07-19T18:19:01Z
118,37,7,65.25,standard,2026-07-19T18:19:01Z
118,37,8,65.25,standard,2026-07-19T18:19:01Z
118,37,9,65.25,standard,2026-07-19T18:19:01Z
118,30,10,65.25,standard,2026-07-19T18:19:01Z
118,30,11,65.25,standard,2026-07-19T18:19:01Z
118,30,12,65.25,standard,2026-07-19T18:19:01Z
118,30,13,65.25,standard,2026-07-19T18:19:01Z
118,30,14,65.25,standard,2026-07-19T18:19:01Z
118,30,15,65.25,standard,2026-07-19T18:19:01Z
118,30,16,65.25,standard,2026-07-19T18:19:01Z
118,30,2,65.25,standard,2026-07-19T18:19:01Z
118,30,3,65.25,standard,2026-07-19T18:19:01Z
118,30,4,65.25,standard,2026-07-19T18:19:01Z
118,30,5,65.25,standard,2026-07-19T18:19:01Z
118,30,6,65.25,standard,2026-07-19T18:19:01Z
118,30,7,65.25,standard,2026-07-19T18:19:01Z
118,30,8,65.25,standard,2026-07-19T18:19:01Z
118,30,9,65.25,standard,2026-07-19T18:19:01Z
118,31,10,65.25,standard,2026-07-19T18:19:01Z
118,31,11,65.25,standard,2026-07-19T18:19:01Z
118,31,12,65.25,standard,2026-07-19T18:19:01Z
118,31,13,65.25,standard,2026-07-19T18:19:01Z
118,31,14,65.25,standard,2026-07-19T18:19:01Z
118,31,15,65.25,standard,2026-07-19T18:19:01Z
118,31,16,65.25,standard,2026-07-19T18:19:01Z
118,31,2,65.25,standard,2026-07-19T18:19:01Z
118,31,3,65.25,standard,2026-07-19T18:19:01Z
118,31,4,65.25,standard,2026-07-19T18:19:01Z
118,31,5,65.25,standard,2026-07-19T18:19:01Z
118,31,6,65.25,standard,2026-07-19T18:19:01Z
118,31,7,65.25,standard,2026-07-19T18:19:01Z
118,31,8,65.25,standard,2026-07-19T18:19:01Z
118,31,9,65.25,standard,2026-07-19T18:19:01Z
118,32,10,65.25,standard,2026-07-19T18:19:01Z
118,32,11,65.25,standard,2026-07-19T18:19:01Z
118,32,12,65.25,standard,2026-07-19T18:19:01Z
118,32,13,65.25,standard,2026-07-19T18:19:01Z
118,32,14,65.25,standard,2026-07-19T18:19:01Z
118,32,15,65.25,standard,2026-07-19T18:19:01Z
118,32,16,65.25,standard,2026-07-19T18:19:01Z
118,32,17,65.25,standard,2026-07-19T18:19:01Z
118,32,7,65.25,standard,2026-07-19T18:19:01Z
118,32,8,65.25,standard,2026-07-19T18:19:01Z
118,32,9,65.25,standard,2026-07-19T18:19:01Z
118,33,10,65.25,standard,2026-07-19T18:19:01Z
118,33,11,65.25,standard,2026-07-19T18:19:01Z
118,33,12,65.25,standard,2026-07-19T18:19:01Z
118,33,13,65.25,standard,2026-07-19T18:19:01Z
118,33,14,65.25,standard,2026-07-19T18:19:01Z
118,33,15,65.25,standard,2026-07-19T18:19:01Z
118,33,16,65.25,standard,2026-07-19T18:19:01Z
118,33,17,65.25,standard,2026-07-19T18:19:01Z
118,33,7,65.25,standard,2026-07-19T18:19:01Z
118,33,8,65.25,standard,2026-07-19T18:19:01Z
118,33,9,65.25,standard,2026-07-19T18:19:01Z
118,34,10,65.25,standard,2026-07-19T18:19:01Z
118,34,11,65.25,standard,2026-07-19T18:19:01Z
118,34,12,65.25,standard,2026-07-19T18:19:01Z
118,34,13,65.25,standard,2026-07-19T18:19:01Z
118,34,14,65.25,standard,2026-07-19T18:19:01Z
118,34,15,65.25,standard,2026-07-19T18:19:01Z
118,34,7,65.25,standard,2026-07-19T18:19:01Z
118,34,8,65.25,standard,2026-07-19T18:19:01Z
118,34,9,65.25,standard,2026-07-19T18:19:01Z
118,35,10,65.25,standard,2026-07-19T18:19:01Z
118,35,11,65.25,standard,2026-07-19T18:19:01Z
118,35,12,65.25,standard,2026-07-19T18:19:01Z
118,35,13,65.25,standard,2026-07-19T18:19:01Z
118,35,14,65.25,standard,2026-07-19T18:19:01Z
118,35,15,65.25,standard,2026-07-19T18:19:01Z
118,35,16,65.25,standard,2026-07-19T18:19:01Z
118,35,17,65.25,standard,2026-07-19T18:19:01Z
118,35,7,65.25,standard,2026-07-19T18:19:01Z
118,35,8,65.25,standard,2026-07-19T18:19:01Z
118,35,9,65.25,standard,2026-07-19T18:19:01Z
118,36,10,65.25,standard,2026-07-19T18:19:01Z
118,36,11,65.25,standard,2026-07-19T18:19:01Z
118,36,12,65.25,standard,2026-07-19T18:19:01Z
118,36,13,65.25,standard,2026-07-19T18:19:01Z
118,36,14,65.25,standard,2026-07-19T18:19:01Z
118,36,15,65.25,standard,2026-07-19T18:19:01Z
118,36,16,65.25,standard,2026-07-19T18:19:01Z
118,36,17,65.25,standard,2026-07-19T18:19:01Z
118,36,18,65.25,standard,2026-07-19T18:19:01Z
118,36,7,65.25,standard,2026-07-19T18:19:01Z
118,36,8,65.25,standard,2026-07-19T18:19:01Z
118,36,9,65.25,standard,2026-07-19T18:19:01Z
118,38,10,65.25,standard,2026-07-19T18:19:01Z
118,38,11,65.25,standard,2026-07-19T18:19:01Z
118,38,12,65.25,standard,2026-07-19T18:19:01Z
118,38,13,65.25,standard,2026-07-19T18:19:01Z
118,38,14,65.25,standard,2026-07-19T18:19:01Z
118,38,2,65.25,standard,2026-07-19T18:19:01Z
118,38,3,65.25,standard,2026-07-19T18:19:01Z
118,38,4,65.25,standard,2026-07-19T18:19:01Z
118,38,5,65.25,standard,2026-07-19T18:19:01Z
118,38,6,65.25,standard,2026-07-19T18:19:01Z
118,38,7,65.25,standard,2026-07-19T18:19:01Z
118,38,8,65.25,standard,2026-07-19T18:19:01Z
118,38,9,65.25,standard,2026-07-19T18:19:01Z
118W,W,1,65.25,standard,2026-07-19T18:19:01Z
118W,W,2,65.25,standard,2026-07-19T18:19:01Z
119,12,3,65.25,standard,2026-07-19T18:19:01Z
119,12,4,65.25,standard,2026-07-19T18:19:01Z
119,18,10,65.25,standard,2026-07-19T18:19:01Z
119,18,11,65.25,standard,2026-07-19T18:19:01Z
119,18,12,65.25,standard,2026-07-19T18:19:01Z
119,18,2,65.25,standard,2026-07-19T18:19:01Z
119,18,3,65.25,standard,2026-07-19T18:19:01Z
119,18,4,65.25,standard,2026-07-19T18:19:01Z
119,18,5,65.25,standard,2026-07-19T18:19:01Z
119,18,6,65.25,standard,2026-07-19T18:19:01Z
119,18,7,65.25,standard,2026-07-19T18:19:01Z
119,18,8,65.25,standard,2026-07-19T18:19:01Z
119,18,9,65.25,standard,2026-07-19T18:19:01Z
119,19,10,65.25,standard,2026-07-19T18:19:01Z
119,19,11,65.25,standard,2026-07-19T18:19:01Z
119,19,12,65.25,standard,2026-07-19T18:19:01Z
119,19,13,65.25,standard,2026-07-19T18:19:01Z
119,19,14,65.25,standard,2026-07-19T18:19:01Z
119,19,2,65.25,standard,2026-07-19T18:19:01Z
119,19,3,65.25,standard,2026-07-19T18:19:01Z
119,19,4,65.25,standard,2026-07-19T18:19:01Z
119,19,5,65.25,standard,2026-07-19T18:19:01Z
119,19,6,65.25,standard,2026-07-19T18:19:01Z
119,19,7,65.25,standard,2026-07-19T18:19:01Z
119,19,8,65.25,standard,2026-07-19T18:19:01Z
119,19,9,65.25,standard,2026-07-19T18:19:01Z
119,20,10,65.25,standard,2026-07-19T18:19:01Z
119,20,11,65.25,standard,2026-07-19T18:19:01Z
119,20,12,65.25,standard,2026-07-19T18:19:01Z
119,20,13,65.25,standard,2026-07-19T18:19:01Z
119,20,14,65.25,standard,2026-07-19T18:19:01Z
119,20,2,65.25,standard,2026-07-19T18:19:01Z
119,20,3,65.25,standard,2026-07-19T18:19:01Z
119,20,4,65.25,standard,2026-07-19T18:19:01Z
119,20,5,65.25,standard,2026-07-19T18:19:01Z
119,20,6,65.25,standard,2026-07-19T18:19:01Z
119,20,7,65.25,standard,2026-07-19T18:19:01Z
119,20,8,65.25,standard,2026-07-19T18:19:01Z
119,20,9,65.25,standard,2026-07-19T18:19:01Z
119,8,3,65.25,standard,2026-07-19T18:19:01Z
119,27,10,65.25,standard,2026-07-19T18:19:01Z
119,27,11,65.25,standard,2026-07-19T18:19:01Z
119,27,12,65.25,standard,2026-07-19T18:19:01Z
119,27,2,65.25,standard,2026-07-19T18:19:01Z
119,27,3,65.25,standard,2026-07-19T18:19:01Z
119,27,4,65.25,standard,2026-07-19T18:19:01Z
119,27,5,65.25,standard,2026-07-19T18:19:01Z
119,27,6,65.25,standard,2026-07-19T18:19:01Z
119,27,7,65.25,standard,2026-07-19T18:19:01Z
119,27,8,65.25,standard,2026-07-19T18:19:01Z
119,27,9,65.25,standard,2026-07-19T18:19:01Z
119,23,10,65.25,standard,2026-07-19T18:19:01Z
119,23,11,65.25,standard,2026-07-19T18:19:01Z
119,23,12,65.25,standard,2026-07-19T18:19:01Z
119,23,13,65.25,standard,2026-07-19T18:19:01Z
119,23,2,65.25,standard,2026-07-19T18:19:01Z
119,23,3,65.25,standard,2026-07-19T18:19:01Z
119,23,4,65.25,standard,2026-07-19T18:19:01Z
119,23,5,65.25,standard,2026-07-19T18:19:01Z
119,23,6,65.25,standard,2026-07-19T18:19:01Z
119,23,7,65.25,standard,2026-07-19T18:19:01Z
119,23,8,65.25,standard,2026-07-19T18:19:01Z
119,23,9,65.25,standard,2026-07-19T18:19:01Z
119,24,10,65.25,standard,2026-07-19T18:19:01Z
119,24,11,65.25,standard,2026-07-19T18:19:01Z
119,24,12,65.25,standard,2026-07-19T18:19:01Z
119,24,13,65.25,standard,2026-07-19T18:19:01Z
119,24,14,65.25,standard,2026-07-19T18:19:01Z
119,24,2,65.25,standard,2026-07-19T18:19:01Z
119,24,3,65.25,standard,2026-07-19T18:19:01Z
119,24,4,65.25,standard,2026-07-19T18:19:01Z
119,24,5,65.25,standard,2026-07-19T18:19:01Z
119,24,6,65.25,standard,2026-07-19T18:19:01Z
119,24,7,65.25,standard,2026-07-19T18:19:01Z
119,24,8,65.25,standard,2026-07-19T18:19:01Z
119,24,9,65.25,standard,2026-07-19T18:19:01Z
119,25,10,65.25,standard,2026-07-19T18:19:01Z
119,25,11,65.25,standard,2026-07-19T18:19:01Z
119,25,12,65.25,standard,2026-07-19T18:19:01Z
119,25,13,65.25,standard,2026-07-19T18:19:01Z
119,25,14,65.25,standard,2026-07-19T18:19:01Z
119,25,2,65.25,standard,2026-07-19T18:19:01Z
119,25,3,65.25,standard,2026-07-19T18:19:01Z
119,25,4,65.25,standard,2026-07-19T18:19:01Z
119,25,5,65.25,standard,2026-07-19T18:19:01Z
119,25,6,65.25,standard,2026-07-19T18:19:01Z
119,25,7,65.25,standard,2026-07-19T18:19:01Z
119,25,8,65.25,standard,2026-07-19T18:19:01Z
119,25,9,65.25,standard,2026-07-19T18:19:01Z
119,26,10,65.25,standard,2026-07-19T18:19:01Z
119,26,11,65.25,standard,2026-07-19T18:19:01Z
119,26,12,65.25,standard,2026-07-19T18:19:01Z
119,26,13,65.25,standard,2026-07-19T18:19:01Z
119,26,14,65.25,standard,2026-07-19T18:19:01Z
119,26,2,65.25,standard,2026-07-19T18:19:01Z
119,26,3,65.25,standard,2026-07-19T18:19:01Z
119,26,4,65.25,standard,2026-07-19T18:19:01Z
119,26,5,65.25,standard,2026-07-19T18:19:01Z
119,26,6,65.25,standard,2026-07-19T18:19:01Z
119,26,7,65.25,standard,2026-07-19T18:19:01Z
119,26,8,65.25,standard,2026-07-19T18:19:01Z
119,26,9,65.25,standard,2026-07-19T18:19:01Z
119,28,10,65.25,standard,2026-07-19T18:19:01Z
119,28,11,65.25,standard,2026-07-19T18:19:01Z
119,28,12,65.25,standard,2026-07-19T18:19:01Z
119,28,13,65.25,standard,2026-07-19T18:19:01Z
119,28,14,65.25,standard,2026-07-19T18:19:01Z
119,28,2,65.25,standard,2026-07-19T18:19:01Z
119,28,3,65.25,standard,2026-07-19T18:19:01Z
119,28,4,65.25,standard,2026-07-19T18:19:01Z
119,28,5,65.25,standard,2026-07-19T18:19:01Z
119,28,6,65.25,standard,2026-07-19T18:19:01Z
119,28,7,65.25,standard,2026-07-19T18:19:01Z
119,28,8,65.25,standard,2026-07-19T18:19:01Z
119,28,9,65.25,standard,2026-07-19T18:19:01Z
119,29,10,65.25,standard,2026-07-19T18:19:01Z
119,29,11,65.25,standard,2026-07-19T18:19:01Z
119,29,12,65.25,standard,2026-07-19T18:19:01Z
119,29,13,65.25,standard,2026-07-19T18:19:01Z
119,29,14,65.25,standard,2026-07-19T18:19:01Z
119,29,2,65.25,standard,2026-07-19T18:19:01Z
119,29,3,65.25,standard,2026-07-19T18:19:01Z
119,29,4,65.25,standard,2026-07-19T18:19:01Z
119,29,5,65.25,standard,2026-07-19T18:19:01Z
119,29,6,65.25,standard,2026-07-19T18:19:01Z
119,29,7,65.25,standard,2026-07-19T18:19:01Z
119,29,8,65.25,standard,2026-07-19T18:19:01Z
119,29,9,65.25,standard,2026-07-19T18:19:01Z
119,30,6,65.25,standard,2026-07-19T18:19:01Z
119,30,7,65.25,standard,2026-07-19T18:19:01Z
119,30,8,65.25,standard,2026-07-19T18:19:01Z
119,30,9,65.25,standard,2026-07-19T18:19:01Z
119,31,10,65.25,standard,2026-07-19T18:19:01Z
119,31,11,65.25,standard,2026-07-19T18:19:01Z
119,31,12,65.25,standard,2026-07-19T18:19:01Z
119,31,13,65.25,standard,2026-07-19T18:19:01Z
119,31,14,65.25,standard,2026-07-19T18:19:01Z
119,31,2,65.25,standard,2026-07-19T18:19:01Z
119,31,3,65.25,standard,2026-07-19T18:19:01Z
119,31,4,65.25,standard,2026-07-19T18:19:01Z
119,31,5,65.25,standard,2026-07-19T18:19:01Z
119,31,6,65.25,standard,2026-07-19T18:19:01Z
119,31,7,65.25,standard,2026-07-19T18:19:01Z
119,31,8,65.25,standard,2026-07-19T18:19:01Z
119,31,9,65.25,standard,2026-07-19T18:19:01Z
119,32,10,65.25,standard,2026-07-19T18:19:01Z
119,32,11,65.25,standard,2026-07-19T18:19:01Z
119,32,12,65.25,standard,2026-07-19T18:19:01Z
119,32,13,65.25,standard,2026-07-19T18:19:01Z
119,32,14,65.25,standard,2026-07-19T18:19:01Z
119,32,2,65.25,standard,2026-07-19T18:19:01Z
119,32,3,65.25,standard,2026-07-19T18:19:01Z
119,32,4,65.25,standard,2026-07-19T18:19:01Z
119,32,5,65.25,standard,2026-07-19T18:19:01Z
119,32,6,65.25,standard,2026-07-19T18:19:01Z
119,32,7,65.25,standard,2026-07-19T18:19:01Z
119,32,8,65.25,standard,2026-07-19T18:19:01Z
119,32,9,65.25,standard,2026-07-19T18:19:01Z
119,33,10,65.25,standard,2026-07-19T18:19:01Z
119,33,11,65.25,standard,2026-07-19T18:19:01Z
119,33,12,65.25,standard,2026-07-19T18:19:01Z
119,33,13,65.25,standard,2026-07-19T18:19:01Z
119,33,14,65.25,standard,2026-07-19T18:19:01Z
119,33,2,65.25,standard,2026-07-19T18:19:01Z
119,33,3,65.25,standard,2026-07-19T18:19:01Z
119,33,4,65.25,standard,2026-07-19T18:19:01Z
119,33,5,65.25,standard,2026-07-19T18:19:01Z
119,33,6,65.25,standard,2026-07-19T18:19:01Z
119,33,7,65.25,standard,2026-07-19T18:19:01Z
119,33,8,65.25,standard,2026-07-19T18:19:01Z
119,33,9,65.25,standard,2026-07-19T18:19:01Z
119,38,10,65.25,standard,2026-07-19T18:19:01Z
119,38,2,65.25,standard,2026-07-19T18:19:01Z
119,38,3,65.25,standard,2026-07-19T18:19:01Z
119,38,4,65.25,standard,2026-07-19T18:19:01Z
119,38,5,65.25,standard,2026-07-19T18:19:01Z
119,38,6,65.25,standard,2026-07-19T18:19:01Z
119,38,7,65.25,standard,2026-07-19T18:19:01Z
119,38,8,65.25,standard,2026-07-19T18:19:01Z
119,38,9,65.25,standard,2026-07-19T18:19:01Z
120,10,10,79.75,standard,2026-07-19T18:19:01Z
120,10,11,79.75,standard,2026-07-19T18:19:01Z
120,10,12,79.75,standard,2026-07-19T18:19:01Z
120,10,13,79.75,standard,2026-07-19T18:19:01Z
120,10,14,79.75,standard,2026-07-19T18:19:01Z
120,10,2,79.75,standard,2026-07-19T18:19:01Z
120,10,3,79.75,standard,2026-07-19T18:19:01Z
120,10,4,79.75,standard,2026-07-19T18:19:01Z
120,10,5,79.75,standard,2026-07-19T18:19:01Z
120,10,6,79.75,standard,2026-07-19T18:19:01Z
120,10,7,79.75,standard,2026-07-19T18:19:01Z
120,10,8,79.75,standard,2026-07-19T18:19:01Z
120,10,9,79.75,standard,2026-07-19T18:19:01Z
120,2,7,79.75,standard,2026-07-19T18:19:01Z
120,2,8,79.75,standard,2026-07-19T18:19:01Z
120,4,4,79.75,standard,2026-07-19T18:19:01Z
120,4,5,79.75,standard,2026-07-19T18:19:01Z
120,4,6,79.75,standard,2026-07-19T18:19:01Z
120,4,3,79.75,standard,2026-07-19T18:19:01Z
120,5,9,79.75,standard,2026-07-19T18:19:01Z
120,5,10,79.75,standard,2026-07-19T18:19:01Z
120,5,11,79.75,standard,2026-07-19T18:19:01Z
120,5,12,79.75,standard,2026-07-19T18:19:01Z
120,5,13,79.75,standard,2026-07-19T18:19:01Z
120,7,4,79.75,standard,2026-07-19T18:19:01Z
120,7,5,79.75,standard,2026-07-19T18:19:01Z
120,7,6,79.75,standard,2026-07-19T18:19:01Z
120,7,7,79.75,standard,2026-07-19T18:19:01Z
120,7,8,79.75,standard,2026-07-19T18:19:01Z
120,7,9,79.75,standard,2026-07-19T18:19:01Z
120,7,1,79.75,standard,2026-07-19T18:19:01Z
120,7,10,79.75,standard,2026-07-19T18:19:01Z
120,7,11,79.75,standard,2026-07-19T18:19:01Z
120,7,12,79.75,standard,2026-07-19T18:19:01Z
120,7,13,79.75,standard,2026-07-19T18:19:01Z
120,7,14,79.75,standard,2026-07-19T18:19:01Z
120,7,2,79.75,standard,2026-07-19T18:19:01Z
120,7,3,79.75,standard,2026-07-19T18:19:01Z
120,8,4,79.75,standard,2026-07-19T18:19:01Z
120,8,5,79.75,standard,2026-07-19T18:19:01Z
120,8,6,79.75,standard,2026-07-19T18:19:01Z
120,8,7,79.75,standard,2026-07-19T18:19:01Z
120,8,8,79.75,standard,2026-07-19T18:19:01Z
120,8,9,79.75,standard,2026-07-19T18:19:01Z
120,8,1,79.75,standard,2026-07-19T18:19:01Z
120,8,10,79.75,standard,2026-07-19T18:19:01Z
120,8,11,79.75,standard,2026-07-19T18:19:01Z
120,8,12,79.75,standard,2026-07-19T18:19:01Z
120,8,13,79.75,standard,2026-07-19T18:19:01Z
120,8,14,79.75,standard,2026-07-19T18:19:01Z
120,8,2,79.75,standard,2026-07-19T18:19:01Z
120,8,3,79.75,standard,2026-07-19T18:19:01Z
120,9,4,79.75,standard,2026-07-19T18:19:01Z
120,9,5,79.75,standard,2026-07-19T18:19:01Z
120,9,6,79.75,standard,2026-07-19T18:19:01Z
120,9,7,79.75,standard,2026-07-19T18:19:01Z
120,9,8,79.75,standard,2026-07-19T18:19:01Z
120,9,9,79.75,standard,2026-07-19T18:19:01Z
120,9,1,79.75,standard,2026-07-19T18:19:01Z
120,9,10,79.75,standard,2026-07-19T18:19:01Z
120,9,11,79.75,standard,2026-07-19T18:19:01Z
120,9,12,79.75,standard,2026-07-19T18:19:01Z
120,9,13,79.75,standard,2026-07-19T18:19:01Z
120,9,14,79.75,standard,2026-07-19T18:19:01Z
120,9,2,79.75,standard,2026-07-19T18:19:01Z
120,9,3,79.75,standard,2026-07-19T18:19:01Z
120,11,11,79.75,standard,2026-07-19T18:19:01Z
120,11,12,79.75,standard,2026-07-19T18:19:01Z
120,11,13,79.75,standard,2026-07-19T18:19:01Z
120,11,14,79.75,standard,2026-07-19T18:19:01Z
120,12,10,79.75,standard,2026-07-19T18:19:01Z
120,12,11,79.75,standard,2026-07-19T18:19:01Z
120,12,12,79.75,standard,2026-07-19T18:19:01Z
120,12,13,79.75,standard,2026-07-19T18:19:01Z
120,12,14,79.75,standard,2026-07-19T18:19:01Z
120,12,2,79.75,standard,2026-07-19T18:19:01Z
120,12,3,79.75,standard,2026-07-19T18:19:01Z
120,12,4,79.75,standard,2026-07-19T18:19:01Z
120,12,5,79.75,standard,2026-07-19T18:19:01Z
120,12,6,79.75,standard,2026-07-19T18:19:01Z
120,12,7,79.75,standard,2026-07-19T18:19:01Z
120,12,8,79.75,standard,2026-07-19T18:19:01Z
120,12,9,79.75,standard,2026-07-19T18:19:01Z
120,13,10,79.75,standard,2026-07-19T18:19:01Z
120,13,11,79.75,standard,2026-07-19T18:19:01Z
120,13,12,79.75,standard,2026-07-19T18:19:01Z
120,13,13,79.75,standard,2026-07-19T18:19:01Z
120,13,14,79.75,standard,2026-07-19T18:19:01Z
120,13,5,79.75,standard,2026-07-19T18:19:01Z
120,13,6,79.75,standard,2026-07-19T18:19:01Z
120,13,7,79.75,standard,2026-07-19T18:19:01Z
120,13,8,79.75,standard,2026-07-19T18:19:01Z
120,13,9,79.75,standard,2026-07-19T18:19:01Z
120,15,10,79.75,standard,2026-07-19T18:19:01Z
120,15,11,79.75,standard,2026-07-19T18:19:01Z
120,15,12,79.75,standard,2026-07-19T18:19:01Z
120,15,13,79.75,standard,2026-07-19T18:19:01Z
120,15,14,79.75,standard,2026-07-19T18:19:01Z
120,15,2,79.75,standard,2026-07-19T18:19:01Z
120,15,3,79.75,standard,2026-07-19T18:19:01Z
120,15,4,79.75,standard,2026-07-19T18:19:01Z
120,15,5,79.75,standard,2026-07-19T18:19:01Z
120,15,6,79.75,standard,2026-07-19T18:19:01Z
120,15,7,79.75,standard,2026-07-19T18:19:01Z
120,15,8,79.75,standard,2026-07-19T18:19:01Z
120,15,9,79.75,standard,2026-07-19T18:19:01Z
120,21,10,79.75,standard,2026-07-19T18:19:01Z
120,21,11,79.75,standard,2026-07-19T18:19:01Z
120,21,12,79.75,standard,2026-07-19T18:19:01Z
120,21,13,79.75,standard,2026-07-19T18:19:01Z
120,21,14,79.75,standard,2026-07-19T18:19:01Z
120,21,3,79.75,standard,2026-07-19T18:19:01Z
120,21,4,79.75,standard,2026-07-19T18:19:01Z
120,21,5,79.75,standard,2026-07-19T18:19:01Z
120,21,6,79.75,standard,2026-07-19T18:19:01Z
120,21,7,79.75,standard,2026-07-19T18:19:01Z
120,21,8,79.75,standard,2026-07-19T18:19:01Z
120,21,9,79.75,standard,2026-07-19T18:19:01Z
120,22,10,79.75,standard,2026-07-19T18:19:01Z
120,22,11,79.75,standard,2026-07-19T18:19:01Z
120,22,12,79.75,standard,2026-07-19T18:19:01Z
120,22,13,79.75,standard,2026-07-19T18:19:01Z
120,22,14,79.75,standard,2026-07-19T18:19:01Z
120,22,2,79.75,standard,2026-07-19T18:19:01Z
120,22,3,79.75,standard,2026-07-19T18:19:01Z
120,22,4,79.75,standard,2026-07-19T18:19:01Z
120,22,5,79.75,standard,2026-07-19T18:19:01Z
120,22,6,79.75,standard,2026-07-19T18:19:01Z
120,22,7,79.75,standard,2026-07-19T18:19:01Z
120,22,8,79.75,standard,2026-07-19T18:19:01Z
120,22,9,79.75,standard,2026-07-19T18:19:01Z
120,23,10,79.75,standard,2026-07-19T18:19:01Z
120,23,11,79.75,standard,2026-07-19T18:19:01Z
120,23,12,79.75,standard,2026-07-19T18:19:01Z
120,23,13,79.75,standard,2026-07-19T18:19:01Z
120,23,14,79.75,standard,2026-07-19T18:19:01Z
120,23,2,79.75,standard,2026-07-19T18:19:01Z
120,23,3,79.75,standard,2026-07-19T18:19:01Z
120,23,4,79.75,standard,2026-07-19T18:19:01Z
120,23,5,79.75,standard,2026-07-19T18:19:01Z
120,23,6,79.75,standard,2026-07-19T18:19:01Z
120,23,7,79.75,standard,2026-07-19T18:19:01Z
120,23,8,79.75,standard,2026-07-19T18:19:01Z
120,23,9,79.75,standard,2026-07-19T18:19:01Z
120,38,10,79.75,standard,2026-07-19T18:19:01Z
120,38,11,79.75,standard,2026-07-19T18:19:01Z
120,38,12,79.75,standard,2026-07-19T18:19:01Z
120,38,13,79.75,standard,2026-07-19T18:19:01Z
120,38,14,79.75,standard,2026-07-19T18:19:01Z
120,38,3,79.75,standard,2026-07-19T18:19:01Z
120,38,4,79.75,standard,2026-07-19T18:19:01Z
120,38,5,79.75,standard,2026-07-19T18:19:01Z
120,38,6,79.75,standard,2026-07-19T18:19:01Z
120,38,7,79.75,standard,2026-07-19T18:19:01Z
120,38,8,79.75,standard,2026-07-19T18:19:01Z
120,38,9,79.75,standard,2026-07-19T18:19:01Z
120W,W,5,79.75,standard,2026-07-19T18:19:01Z
120W,W,6,79.75,standard,2026-07-19T18:19:01Z
120W,W,7,79.75,standard,2026-07-19T18:19:01Z
120W,W,8,79.75,standard,2026-07-19T18:19:01Z
121,10,1,79.75,standard,2026-07-19T18:19:01Z
121,10,2,79.75,standard,2026-07-19T18:19:01Z
121,10,3,79.75,standard,2026-07-19T18:19:01Z
121,10,4,79.75,standard,2026-07-19T18:19:01Z
121,10,5,79.75,standard,2026-07-19T18:19:01Z
121,10,6,79.75,standard,2026-07-19T18:19:01Z
121,10,7,79.75,standard,2026-07-19T18:19:01Z
121,5,4,79.75,standard,2026-07-19T18:19:01Z
121,5,3,79.75,standard,2026-07-19T18:19:01Z
121,6,5,79.75,standard,2026-07-19T18:19:01Z
121,6,6,79.75,standard,2026-07-19T18:19:01Z
121,6,7,79.75,standard,2026-07-19T18:19:01Z
121,6,8,79.75,standard,2026-07-19T18:19:01Z
121,8,11,79.75,standard,2026-07-19T18:19:01Z
121,8,12,79.75,standard,2026-07-19T18:19:01Z
121,17,1,79.75,standard,2026-07-19T18:19:01Z
121,17,2,79.75,standard,2026-07-19T18:19:01Z
121,17,3,79.75,standard,2026-07-19T18:19:01Z
121,17,4,79.75,standard,2026-07-19T18:19:01Z
121,17,5,79.75,standard,2026-07-19T18:19:01Z
121,17,6,79.75,standard,2026-07-19T18:19:01Z
121,17,7,79.75,standard,2026-07-19T18:19:01Z
121,17,8,79.75,standard,2026-07-19T18:19:01Z
121,14,3,79.75,standard,2026-07-19T18:19:01Z
121,14,4,79.75,standard,2026-07-19T18:19:01Z
121,14,5,79.75,standard,2026-07-19T18:19:01Z
121,14,6,79.75,standard,2026-07-19T18:19:01Z
121,14,7,79.75,standard,2026-07-19T18:19:01Z
121,14,8,79.75,standard,2026-07-19T18:19:01Z
121,15,1,79.75,standard,2026-07-19T18:19:01Z
121,15,2,79.75,standard,2026-07-19T18:19:01Z
121,15,3,79.75,standard,2026-07-19T18:19:01Z
121,15,4,79.75,standard,2026-07-19T18:19:01Z
121,15,5,79.75,standard,2026-07-19T18:19:01Z
121,15,6,79.75,standard,2026-07-19T18:19:01Z
121,15,7,79.75,standard,2026-07-19T18:19:01Z
121,15,8,79.75,standard,2026-07-19T18:19:01Z
121,16,4,79.75,standard,2026-07-19T18:19:01Z
121,16,5,79.75,standard,2026-07-19T18:19:01Z
121,16,6,79.75,standard,2026-07-19T18:19:01Z
121,16,7,79.75,standard,2026-07-19T18:19:01Z
121,16,8,79.75,standard,2026-07-19T18:19:01Z
121,18,1,79.75,standard,2026-07-19T18:19:01Z
121,18,2,79.75,standard,2026-07-19T18:19:01Z
121,18,3,79.75,standard,2026-07-19T18:19:01Z
121,18,4,79.75,standard,2026-07-19T18:19:01Z
121,18,5,79.75,standard,2026-07-19T18:19:01Z
121,18,6,79.75,standard,2026-07-19T18:19:01Z
121,18,7,79.75,standard,2026-07-19T18:19:01Z
121,18,8,79.75,standard,2026-07-19T18:19:01Z
121,19,10,79.75,standard,2026-07-19T18:19:01Z
121,19,11,79.75,standard,2026-07-19T18:19:01Z
121,19,12,79.75,standard,2026-07-19T18:19:01Z
121,19,2,79.75,standard,2026-07-19T18:19:01Z
121,19,3,79.75,standard,2026-07-19T18:19:01Z
121,19,4,79.75,standard,2026-07-19T18:19:01Z
121,19,5,79.75,standard,2026-07-19T18:19:01Z
121,19,6,79.75,standard,2026-07-19T18:19:01Z
121,19,7,79.75,standard,2026-07-19T18:19:01Z
121,19,8,79.75,standard,2026-07-19T18:19:01Z
121,19,9,79.75,standard,2026-07-19T18:19:01Z
121,20,10,79.75,standard,2026-07-19T18:19:01Z
121,20,11,79.75,standard,2026-07-19T18:19:01Z
121,20,12,79.75,standard,2026-07-19T18:19:01Z
121,20,2,79.75,standard,2026-07-19T18:19:01Z
121,20,3,79.75,standard,2026-07-19T18:19:01Z
121,20,4,79.75,standard,2026-07-19T18:19:01Z
121,20,5,79.75,standard,2026-07-19T18:19:01Z
121,20,6,79.75,standard,2026-07-19T18:19:01Z
121,20,7,79.75,standard,2026-07-19T18:19:01Z
121,20,8,79.75,standard,2026-07-19T18:19:01Z
121,20,9,79.75,standard,2026-07-19T18:19:01Z
121,27,10,79.75,standard,2026-07-19T18:19:01Z
121,27,11,79.75,standard,2026-07-19T18:19:01Z
121,27,12,79.75,standard,2026-07-19T18:19:01Z
121,27,4,79.75,standard,2026-07-19T18:19:01Z
121,27,5,79.75,standard,2026-07-19T18:19:01Z
121,27,6,79.75,standard,2026-07-19T18:19:01Z
121,27,7,79.75,standard,2026-07-19T18:19:01Z
121,27,8,79.75,standard,2026-07-19T18:19:01Z
121,27,9,79.75,standard,2026-07-19T18:19:01Z
121,24,10,79.75,standard,2026-07-19T18:19:01Z
121,24,11,79.75,standard,2026-07-19T18:19:01Z
121,24,12,79.75,standard,2026-07-19T18:19:01Z
121,24,2,79.75,standard,2026-07-19T18:19:01Z
121,24,3,79.75,standard,2026-07-19T18:19:01Z
121,24,4,79.75,standard,2026-07-19T18:19:01Z
121,24,5,79.75,standard,2026-07-19T18:19:01Z
121,24,6,79.75,standard,2026-07-19T18:19:01Z
121,24,7,79.75,standard,2026-07-19T18:19:01Z
121,24,8,79.75,standard,2026-07-19T18:19:01Z
121,24,9,79.75,standard,2026-07-19T18:19:01Z
121,25,10,79.75,standard,2026-07-19T18:19:01Z
121,25,2,79.75,standard,2026-07-19T18:19:01Z
121,25,3,79.75,standard,2026-07-19T18:19:01Z
121,25,4,79.75,standard,2026-07-19T18:19:01Z
121,25,5,79.75,standard,2026-07-19T18:19:01Z
121,25,6,79.75,standard,2026-07-19T18:19:01Z
121,25,7,79.75,standard,2026-07-19T18:19:01Z
121,25,8,79.75,standard,2026-07-19T18:19:01Z
121,25,9,79.75,standard,2026-07-19T18:19:01Z
121,26,10,79.75,standard,2026-07-19T18:19:01Z
121,26,11,79.75,standard,2026-07-19T18:19:01Z
121,26,12,79.75,standard,2026-07-19T18:19:01Z
121,26,2,79.75,standard,2026-07-19T18:19:01Z
121,26,3,79.75,standard,2026-07-19T18:19:01Z
121,26,4,79.75,standard,2026-07-19T18:19:01Z
121,26,5,79.75,standard,2026-07-19T18:19:01Z
121,26,6,79.75,standard,2026-07-19T18:19:01Z
121,26,7,79.75,standard,2026-07-19T18:19:01Z
121,26,8,79.75,standard,2026-07-19T18:19:01Z
121,26,9,79.75,standard,2026-07-19T18:19:01Z
121,38,10,79.75,standard,2026-07-19T18:19:01Z
121,38,11,79.75,standard,2026-07-19T18:19:01Z
121,38,12,79.75,standard,2026-07-19T18:19:01Z
121,38,2,79.75,standard,2026-07-19T18:19:01Z
121,38,3,79.75,standard,2026-07-19T18:19:01Z
121,38,4,79.75,standard,2026-07-19T18:19:01Z
121,38,5,79.75,standard,2026-07-19T18:19:01Z
121,38,6,79.75,standard,2026-07-19T18:19:01Z
121,38,7,79.75,standard,2026-07-19T18:19:01Z
121,38,8,79.75,standard,2026-07-19T18:19:01Z
121,38,9,79.75,standard,2026-07-19T18:19:01Z
121W,W,1,79.75,standard,2026-07-19T18:19:01Z
121W,W,2,79.75,standard,2026-07-19T18:19:01Z
121W,W,3,79.75,standard,2026-07-19T18:19:01Z
121W,W,5,79.75,standard,2026-07-19T18:19:01Z
121W,W,6,79.75,standard,2026-07-19T18:19:01Z
121W,W,7,79.75,standard,2026-07-19T18:19:01Z
122,10,10,79.75,standard,2026-07-19T18:19:01Z
122,10,11,79.75,standard,2026-07-19T18:19:01Z
122,10,12,79.75,standard,2026-07-19T18:19:01Z
122,10,9,79.75,standard,2026-07-19T18:19:01Z
122,17,10,79.75,standard,2026-07-19T18:19:01Z
122,17,3,79.75,standard,2026-07-19T18:19:01Z
122,17,4,79.75,standard,2026-07-19T18:19:01Z
122,17,5,79.75,standard,2026-07-19T18:19:01Z
122,17,6,79.75,standard,2026-07-19T18:19:01Z
122,17,7,79.75,standard,2026-07-19T18:19:01Z
122,17,8,79.75,standard,2026-07-19T18:19:01Z
122,17,9,79.75,standard,2026-07-19T18:19:01Z
122,13,5,79.75,standard,2026-07-19T18:19:01Z
122,13,6,79.75,standard,2026-07-19T18:19:01Z
122,15,5,79.75,standard,2026-07-19T18:19:01Z
122,15,6,79.75,standard,2026-07-19T18:19:01Z
122,16,10,79.75,standard,2026-07-19T18:19:01Z
122,16,5,79.75,standard,2026-07-19T18:19:01Z
122,16,6,79.75,standard,2026-07-19T18:19:01Z
122,16,7,79.75,standard,2026-07-19T18:19:01Z
122,16,8,79.75,standard,2026-07-19T18:19:01Z
122,16,9,79.75,standard,2026-07-19T18:19:01Z
122,18,10,79.75,standard,2026-07-19T18:19:01Z
122,18,2,79.75,standard,2026-07-19T18:19:01Z
122,18,3,79.75,standard,2026-07-19T18:19:01Z
122,18,4,79.75,standard,2026-07-19T18:19:01Z
122,18,5,79.75,standard,2026-07-19T18:19:01Z
122,18,6,79.75,standard,2026-07-19T18:19:01Z
122,18,9,79.75,standard,2026-07-19T18:19:01Z
122,19,11,79.75,standard,2026-07-19T18:19:01Z
122,19,12,79.75,standard,2026-07-19T18:19:01Z
122,19,2,79.75,standard,2026-07-19T18:19:01Z
122,19,3,79.75,standard,2026-07-19T18:19:01Z
122,19,4,79.75,standard,2026-07-19T18:19:01Z
122,19,5,79.75,standard,2026-07-19T18:19:01Z
122,19,6,79.75,standard,2026-07-19T18:19:01Z
122,20,1,79.75,standard,2026-07-19T18:19:01Z
122,20,2,79.75,standard,2026-07-19T18:19:01Z
122,20,3,79.75,standard,2026-07-19T18:19:01Z
122,20,4,79.75,standard,2026-07-19T18:19:01Z
122,20,5,79.75,standard,2026-07-19T18:19:01Z
122,20,6,79.75,standard,2026-07-19T18:19:01Z
122,20,7,79.75,standard,2026-07-19T18:19:01Z
122,27,1,79.75,standard,2026-07-19T18:19:01Z
122,27,2,79.75,standard,2026-07-19T18:19:01Z
122,27,3,79.75,standard,2026-07-19T18:19:01Z
122,27,4,79.75,standard,2026-07-19T18:19:01Z
122,27,5,79.75,standard,2026-07-19T18:19:01Z
122,27,6,79.75,standard,2026-07-19T18:19:01Z
122,27,7,79.75,standard,2026-07-19T18:19:01Z
122,27,8,79.75,standard,2026-07-19T18:19:01Z
122,24,10,79.75,standard,2026-07-19T18:19:01Z
122,24,12,79.75,standard,2026-07-19T18:19:01Z
122,24,2,79.75,standard,2026-07-19T18:19:01Z
122,24,3,79.75,standard,2026-07-19T18:19:01Z
122,24,4,79.75,standard,2026-07-19T18:19:01Z
122,24,5,79.75,standard,2026-07-19T18:19:01Z
122,24,6,79.75,standard,2026-07-19T18:19:01Z
122,24,7,79.75,standard,2026-07-19T18:19:01Z
122,24,8,79.75,standard,2026-07-19T18:19:01Z
122,24,9,79.75,standard,2026-07-19T18:19:01Z
122,28,10,79.75,standard,2026-07-19T18:19:01Z
122,28,11,79.75,standard,2026-07-19T18:19:01Z
122,28,12,79.75,standard,2026-07-19T18:19:01Z
122,28,2,79.75,standard,2026-07-19T18:19:01Z
122,28,3,79.75,standard,2026-07-19T18:19:01Z
122,28,4,79.75,standard,2026-07-19T18:19:01Z
122,28,5,79.75,standard,2026-07-19T18:19:01Z
122,28,6,79.75,standard,2026-07-19T18:19:01Z
122,28,7,79.75,standard,2026-07-19T18:19:01Z
122,28,8,79.75,standard,2026-07-19T18:19:01Z
122,28,9,79.75,standard,2026-07-19T18:19:01Z
122,38,10,79.75,standard,2026-07-19T18:19:01Z
122,38,11,79.75,standard,2026-07-19T18:19:01Z
122,38,12,79.75,standard,2026-07-19T18:19:01Z
122,38,2,79.75,standard,2026-07-19T18:19:01Z
122,38,3,79.75,standard,2026-07-19T18:19:01Z
122,38,4,79.75,standard,2026-07-19T18:19:01Z
122,38,5,79.75,standard,2026-07-19T18:19:01Z
122,38,6,79.75,standard,2026-07-19T18:19:01Z
122,38,7,79.75,standard,2026-07-19T18:19:01Z
122,38,8,79.75,standard,2026-07-19T18:19:01Z
122,38,9,79.75,standard,2026-07-19T18:19:01Z
122,7,9,79.75,standard,2026-07-19T18:19:01Z
122,7,10,79.75,standard,2026-07-19T18:19:01Z
122,7,11,79.75,standard,2026-07-19T18:19:01Z
122,7,12,79.75,standard,2026-07-19T18:19:01Z
122W,W,4,79.75,standard,2026-07-19T18:19:01Z
122W,W,5,79.75,standard,2026-07-19T18:19:01Z
122W,W,6,79.75,standard,2026-07-19T18:19:01Z
122W,W,7,79.75,standard,2026-07-19T18:19:01Z
123,10,10,79.75,standard,2026-07-19T18:19:01Z
123,10,11,79.75,standard,2026-07-19T18:19:01Z
123,10,12,79.75,standard,2026-07-19T18:19:01Z
123,10,9,79.75,standard,2026-07-19T18:19:01Z
123,9,11,79.75,standard,2026-07-19T18:19:01Z
123,9,12,79.75,standard,2026-07-19T18:19:01Z
123,17,10,79.75,standard,2026-07-19T18:19:01Z
123,17,3,79.75,standard,2026-07-19T18:19:01Z
123,17,4,79.75,standard,2026-07-19T18:19:01Z
123,17,9,79.75,standard,2026-07-19T18:19:01Z
123,18,1,79.75,standard,2026-07-19T18:19:01Z
123,18,2,79.75,standard,2026-07-19T18:19:01Z
123,18,3,79.75,standard,2026-07-19T18:19:01Z
123,18,4,79.75,standard,2026-07-19T18:19:01Z
123,18,5,79.75,standard,2026-07-19T18:19:01Z
123,18,6,79.75,standard,2026-07-19T18:19:01Z
123,19,10,79.75,standard,2026-07-19T18:19:01Z
123,19,11,79.75,standard,2026-07-19T18:19:01Z
123,19,12,79.75,standard,2026-07-19T18:19:01Z
123,19,2,79.75,standard,2026-07-19T18:19:01Z
123,19,3,79.75,standard,2026-07-19T18:19:01Z
123,19,4,79.75,standard,2026-07-19T18:19:01Z
123,19,9,79.75,standard,2026-07-19T18:19:01Z
123,20,6,79.75,standard,2026-07-19T18:19:01Z
123,20,7,79.75,standard,2026-07-19T18:19:01Z
123,20,8,79.75,standard,2026-07-19T18:19:01Z
123,20,9,79.75,standard,2026-07-19T18:19:01Z
123,27,3,79.75,standard,2026-07-19T18:19:01Z
123,27,4,79.75,standard,2026-07-19T18:19:01Z
123,27,5,79.75,standard,2026-07-19T18:19:01Z
123,27,6,79.75,standard,2026-07-19T18:19:01Z
123,27,7,79.75,standard,2026-07-19T18:19:01Z
123,27,8,79.75,standard,2026-07-19T18:19:01Z
123,22,1,79.75,standard,2026-07-19T18:19:01Z
123,22,2,79.75,standard,2026-07-19T18:19:01Z
123,22,3,79.75,standard,2026-07-19T18:19:01Z
123,22,4,79.75,standard,2026-07-19T18:19:01Z
123,22,5,79.75,standard,2026-07-19T18:19:01Z
123,22,6,79.75,standard,2026-07-19T18:19:01Z
123,22,7,79.75,standard,2026-07-19T18:19:01Z
123,22,8,79.75,standard,2026-07-19T18:19:01Z
123,25,10,79.75,standard,2026-07-19T18:19:01Z
123,25,11,79.75,standard,2026-07-19T18:19:01Z
123,25,12,79.75,standard,2026-07-19T18:19:01Z
123,25,9,79.75,standard,2026-07-19T18:19:01Z
123,37,10,79.75,standard,2026-07-19T18:19:01Z
123,37,11,79.75,standard,2026-07-19T18:19:01Z
123,37,12,79.75,standard,2026-07-19T18:19:01Z
123,37,2,79.75,standard,2026-07-19T18:19:01Z
123,37,3,79.75,standard,2026-07-19T18:19:01Z
123,37,4,79.75,standard,2026-07-19T18:19:01Z
123,37,5,79.75,standard,2026-07-19T18:19:01Z
123,37,6,79.75,standard,2026-07-19T18:19:01Z
123,37,7,79.75,standard,2026-07-19T18:19:01Z
123,37,8,79.75,standard,2026-07-19T18:19:01Z
123,37,9,79.75,standard,2026-07-19T18:19:01Z
123,31,11,79.75,standard,2026-07-19T18:19:01Z
123,31,12,79.75,standard,2026-07-19T18:19:01Z
123,34,10,79.75,standard,2026-07-19T18:19:01Z
123,34,11,79.75,standard,2026-07-19T18:19:01Z
123,34,12,79.75,standard,2026-07-19T18:19:01Z
123,34,2,79.75,standard,2026-07-19T18:19:01Z
123,34,3,79.75,standard,2026-07-19T18:19:01Z
123,34,4,79.75,standard,2026-07-19T18:19:01Z
123,34,5,79.75,standard,2026-07-19T18:19:01Z
123,34,6,79.75,standard,2026-07-19T18:19:01Z
123,34,7,79.75,standard,2026-07-19T18:19:01Z
123,34,8,79.75,standard,2026-07-19T18:19:01Z
123,34,9,79.75,standard,2026-07-19T18:19:01Z
123,38,10,79.75,standard,2026-07-19T18:19:01Z
123,38,3,79.75,standard,2026-07-19T18:19:01Z
123,38,4,79.75,standard,2026-07-19T18:19:01Z
123,38,5,79.75,standard,2026-07-19T18:19:01Z
123,38,6,79.75,standard,2026-07-19T18:19:01Z
123,38,7,79.75,standard,2026-07-19T18:19:01Z
123,38,8,79.75,standard,2026-07-19T18:19:01Z
123,38,9,79.75,standard,2026-07-19T18:19:01Z
123,7,4,79.75,standard,2026-07-19T18:19:01Z
123,7,1,79.75,standard,2026-07-19T18:19:01Z
123,7,2,79.75,standard,2026-07-19T18:19:01Z
123,7,3,79.75,standard,2026-07-19T18:19:01Z
123,8,9,79.75,standard,2026-07-19T18:19:01Z
123,8,10,79.75,standard,2026-07-19T18:19:01Z
123,8,11,79.75,standard,2026-07-19T18:19:01Z
123,8,12,79.75,standard,2026-07-19T18:19:01Z
123W,W,5,79.75,standard,2026-07-19T18:19:01Z
123W,W,6,79.75,standard,2026-07-19T18:19:01Z
124,10,5,79.75,standard,2026-07-19T18:19:01Z
124,10,6,79.75,standard,2026-07-19T18:19:01Z
124,18,3,79.75,standard,2026-07-19T18:19:01Z
124,18,4,79.75,standard,2026-07-19T18:19:01Z
124,19,4,79.75,standard,2026-07-19T18:19:01Z
124,19,5,79.75,standard,2026-07-19T18:19:01Z
124,19,6,79.75,standard,2026-07-19T18:19:01Z
124,19,7,79.75,standard,2026-07-19T18:19:01Z
124,23,1,79.75,standard,2026-07-19T18:19:01Z
124,23,2,79.75,standard,2026-07-19T18:19:01Z
124,23,3,79.75,standard,2026-07-19T18:19:01Z
124,23,4,79.75,standard,2026-07-19T18:19:01Z
124,23,5,79.75,standard,2026-07-19T18:19:01Z
124,23,6,79.75,standard,2026-07-19T18:19:01Z
124,24,3,79.75,standard,2026-07-19T18:19:01Z
124,24,4,79.75,standard,2026-07-19T18:19:01Z
124,24,5,79.75,standard,2026-07-19T18:19:01Z
124,24,6,79.75,standard,2026-07-19T18:19:01Z
124,24,7,79.75,standard,2026-07-19T18:19:01Z
124,24,8,79.75,standard,2026-07-19T18:19:01Z
124,25,10,79.75,standard,2026-07-19T18:19:01Z
124,25,11,79.75,standard,2026-07-19T18:19:01Z
124,25,9,79.75,standard,2026-07-19T18:19:01Z
124,28,10,79.75,standard,2026-07-19T18:19:01Z
124,28,11,79.75,standard,2026-07-19T18:19:01Z
124,28,12,79.75,standard,2026-07-19T18:19:01Z
124,28,9,79.75,standard,2026-07-19T18:19:01Z
124,29,10,79.75,standard,2026-07-19T18:19:01Z
124,29,11,79.75,standard,2026-07-19T18:19:01Z
124,29,12,79.75,standard,2026-07-19T18:19:01Z
124,29,9,79.75,standard,2026-07-19T18:19:01Z
124,37,1,79.75,standard,2026-07-19T18:19:01Z
124,37,2,79.75,standard,2026-07-19T18:19:01Z
124,37,3,79.75,standard,2026-07-19T18:19:01Z
124,37,4,79.75,standard,2026-07-19T18:19:01Z
124,37,5,79.75,standard,2026-07-19T18:19:01Z
124,37,6,79.75,standard,2026-07-19T18:19:01Z
124,37,7,79.75,standard,2026-07-19T18:19:01Z
124,30,10,79.75,standard,2026-07-19T18:19:01Z
124,30,11,79.75,standard,2026-07-19T18:19:01Z
124,30,12,79.75,standard,2026-07-19T18:19:01Z
124,30,5,79.75,standard,2026-07-19T18:19:01Z
124,30,6,79.75,standard,2026-07-19T18:19:01Z
124,30,7,79.75,standard,2026-07-19T18:19:01Z
124,30,8,79.75,standard,2026-07-19T18:19:01Z
124,30,9,79.75,standard,2026-07-19T18:19:01Z
124,31,1,79.75,standard,2026-07-19T18:19:01Z
124,31,2,79.75,standard,2026-07-19T18:19:01Z
124,31,3,79.75,standard,2026-07-19T18:19:01Z
124,31,4,79.75,standard,2026-07-19T18:19:01Z
124,31,5,79.75,standard,2026-07-19T18:19:01Z
124,31,6,79.75,standard,2026-07-19T18:19:01Z
124,31,7,79.75,standard,2026-07-19T18:19:01Z
124,32,3,79.75,standard,2026-07-19T18:19:01Z
124,32,4,79.75,standard,2026-07-19T18:19:01Z
124,32,5,79.75,standard,2026-07-19T18:19:01Z
124,32,6,79.75,standard,2026-07-19T18:19:01Z
124,32,7,79.75,standard,2026-07-19T18:19:01Z
124,32,8,79.75,standard,2026-07-19T18:19:01Z
124,33,10,79.75,standard,2026-07-19T18:19:01Z
124,33,2,79.75,standard,2026-07-19T18:19:01Z
124,33,6,79.75,standard,2026-07-19T18:19:01Z
124,33,7,79.75,standard,2026-07-19T18:19:01Z
124,33,8,79.75,standard,2026-07-19T18:19:01Z
124,33,9,79.75,standard,2026-07-19T18:19:01Z
124,35,10,79.75,standard,2026-07-19T18:19:01Z
124,35,11,79.75,standard,2026-07-19T18:19:01Z
124,35,12,79.75,standard,2026-07-19T18:19:01Z
124,35,2,79.75,standard,2026-07-19T18:19:01Z
124,35,3,79.75,standard,2026-07-19T18:19:01Z
124,35,4,79.75,standard,2026-07-19T18:19:01Z
124,35,5,79.75,standard,2026-07-19T18:19:01Z
124,35,6,79.75,standard,2026-07-19T18:19:01Z
124,35,7,79.75,standard,2026-07-19T18:19:01Z
124,35,8,79.75,standard,2026-07-19T18:19:01Z
124,35,9,79.75,standard,2026-07-19T18:19:01Z
124,36,10,79.75,standard,2026-07-19T18:19:01Z
124,36,11,79.75,standard,2026-07-19T18:19:01Z
124,36,12,79.75,standard,2026-07-19T18:19:01Z
124,36,2,79.75,standard,2026-07-19T18:19:01Z
124,36,3,79.75,standard,2026-07-19T18:19:01Z
124,36,4,79.75,standard,2026-07-19T18:19:01Z
124,36,5,79.75,standard,2026-07-19T18:19:01Z
124,36,6,79.75,standard,2026-07-19T18:19:01Z
124,36,7,79.75,standard,2026-07-19T18:19:01Z
124,36,8,79.75,standard,2026-07-19T18:19:01Z
124,36,9,79.75,standard,2026-07-19T18:19:01Z
124,38,10,79.75,standard,2026-07-19T18:19:01Z
124,38,3,79.75,standard,2026-07-19T18:19:01Z
124,38,4,79.75,standard,2026-07-19T18:19:01Z
124,38,5,79.75,standard,2026-07-19T18:19:01Z
124,38,6,79.75,standard,2026-07-19T18:19:01Z
124,38,7,79.75,standard,2026-07-19T18:19:01Z
124,38,8,79.75,standard,2026-07-19T18:19:01Z
124,38,9,79.75,standard,2026-07-19T18:19:01Z
124,7,9,79.75,standard,2026-07-19T18:19:01Z
124,7,10,79.75,standard,2026-07-19T18:19:01Z
124,7,11,79.75,standard,2026-07-19T18:19:01Z
124,7,12,79.75,standard,2026-07-19T18:19:01Z
125,10,5,79.75,standard,2026-07-19T18:19:01Z
125,10,6,79.75,standard,2026-07-19T18:19:01Z
125,16,7,79.75,standard,2026-07-19T18:19:01Z
125,16,8,79.75,standard,2026-07-19T18:19:01Z
125,16,9,79.75,standard,2026-07-19T18:19:01Z
125,18,1,79.75,standard,2026-07-19T18:19:01Z
125,18,2,79.75,standard,2026-07-19T18:19:01Z
125,19,4,79.75,standard,2026-07-19T18:19:01Z
125,22,5,79.75,standard,2026-07-19T18:19:01Z
125,22,6,79.75,standard,2026-07-19T18:19:01Z
125,22,7,79.75,standard,2026-07-19T18:19:01Z
125,26,11,79.75,standard,2026-07-19T18:19:01Z
125,26,12,79.75,standard,2026-07-19T18:19:01Z
125,26,13,79.75,standard,2026-07-19T18:19:01Z
125,26,14,79.75,standard,2026-07-19T18:19:01Z
125,29,10,79.75,standard,2026-07-19T18:19:01Z
125,29,11,79.75,standard,2026-07-19T18:19:01Z
125,29,12,79.75,standard,2026-07-19T18:19:01Z
125,29,2,79.75,standard,2026-07-19T18:19:01Z
125,29,3,79.75,standard,2026-07-19T18:19:01Z
125,29,4,79.75,standard,2026-07-19T18:19:01Z
125,29,5,79.75,standard,2026-07-19T18:19:01Z
125,29,6,79.75,standard,2026-07-19T18:19:01Z
125,29,7,79.75,standard,2026-07-19T18:19:01Z
125,29,8,79.75,standard,2026-07-19T18:19:01Z
125,29,9,79.75,standard,2026-07-19T18:19:01Z
125,37,10,79.75,standard,2026-07-19T18:19:01Z
125,37,11,79.75,standard,2026-07-19T18:19:01Z
125,37,7,79.75,standard,2026-07-19T18:19:01Z
125,37,8,79.75,standard,2026-07-19T18:19:01Z
125,37,9,79.75,standard,2026-07-19T18:19:01Z
125,30,4,79.75,standard,2026-07-19T18:19:01Z
125,30,5,79.75,standard,2026-07-19T18:19:01Z
125,30,6,79.75,standard,2026-07-19T18:19:01Z
125,30,7,79.75,standard,2026-07-19T18:19:01Z
125,31,10,79.75,standard,2026-07-19T18:19:01Z
125,31,11,79.75,standard,2026-07-19T18:19:01Z
125,31,12,79.75,standard,2026-07-19T18:19:01Z
125,31,13,79.75,standard,2026-07-19T18:19:01Z
125,31,14,79.75,standard,2026-07-19T18:19:01Z
125,31,4,79.75,standard,2026-07-19T18:19:01Z
125,31,5,79.75,standard,2026-07-19T18:19:01Z
125,31,6,79.75,standard,2026-07-19T18:19:01Z
125,31,7,79.75,standard,2026-07-19T18:19:01Z
125,31,8,79.75,standard,2026-07-19T18:19:01Z
125,31,9,79.75,standard,2026-07-19T18:19:01Z
125,32,10,79.75,standard,2026-07-19T18:19:01Z
125,32,5,79.75,standard,2026-07-19T18:19:01Z
125,32,6,79.75,standard,2026-07-19T18:19:01Z
125,32,7,79.75,standard,2026-07-19T18:19:01Z
125,32,8,79.75,standard,2026-07-19T18:19:01Z
125,32,9,79.75,standard,2026-07-19T18:19:01Z
125,33,10,79.75,standard,2026-07-19T18:19:01Z
125,33,11,79.75,standard,2026-07-19T18:19:01Z
125,33,12,79.75,standard,2026-07-19T18:19:01Z
125,33,13,79.75,standard,2026-07-19T18:19:01Z
125,33,14,79.75,standard,2026-07-19T18:19:01Z
125,33,8,79.75,standard,2026-07-19T18:19:01Z
125,33,9,79.75,standard,2026-07-19T18:19:01Z
125,34,10,79.75,standard,2026-07-19T18:19:01Z
125,34,11,79.75,standard,2026-07-19T18:19:01Z
125,34,12,79.75,standard,2026-07-19T18:19:01Z
125,34,2,79.75,standard,2026-07-19T18:19:01Z
125,34,3,79.75,standard,2026-07-19T18:19:01Z
125,34,4,79.75,standard,2026-07-19T18:19:01Z
125,34,5,79.75,standard,2026-07-19T18:19:01Z
125,34,6,79.75,standard,2026-07-19T18:19:01Z
125,34,7,79.75,standard,2026-07-19T18:19:01Z
125,34,8,79.75,standard,2026-07-19T18:19:01Z
125,34,9,79.75,standard,2026-07-19T18:19:01Z
125,35,10,79.75,standard,2026-07-19T18:19:01Z
125,35,2,79.75,standard,2026-07-19T18:19:01Z
125,35,3,79.75,standard,2026-07-19T18:19:01Z
125,35,4,79.75,standard,2026-07-19T18:19:01Z
125,35,5,79.75,standard,2026-07-19T18:19:01Z
125,35,6,79.75,standard,2026-07-19T18:19:01Z
125,36,10,79.75,standard,2026-07-19T18:19:01Z
125,36,11,79.75,standard,2026-07-19T18:19:01Z
125,36,12,79.75,standard,2026-07-19T18:19:01Z
125,36,2,79.75,standard,2026-07-19T18:19:01Z
125,36,3,79.75,standard,2026-07-19T18:19:01Z
125,36,4,79.75,standard,2026-07-19T18:19:01Z
125,36,5,79.75,standard,2026-07-19T18:19:01Z
125,36,6,79.75,standard,2026-07-19T18:19:01Z
125,36,7,79.75,standard,2026-07-19T18:19:01Z
125,36,8,79.75,standard,2026-07-19T18:19:01Z
125,36,9,79.75,standard,2026-07-19T18:19:01Z
125,38,7,79.75,standard,2026-07-19T18:19:01Z
125,38,8,79.75,standard,2026-07-19T18:19:01Z
125,7,9,79.75,standard,2026-07-19T18:19:01Z
125,7,10,79.75,standard,2026-07-19T18:19:01Z
125,7,11,79.75,standard,2026-07-19T18:19:01Z
125,7,12,79.75,standard,2026-07-19T18:19:01Z
125W,W,1,79.75,standard,2026-07-19T18:19:01Z
125W,W,2,79.75,standard,2026-07-19T18:19:01Z
125W,W,3,79.75,standard,2026-07-19T18:19:01Z
126,16,3,79.75,standard,2026-07-19T18:19:01Z
126,28,3,79.75,standard,2026-07-19T18:19:01Z
126,28,4,79.75,standard,2026-07-19T18:19:01Z
126,28,5,79.75,standard,2026-07-19T18:19:01Z
126,28,6,79.75,standard,2026-07-19T18:19:01Z
126,28,7,79.75,standard,2026-07-19T18:19:01Z
126,28,8,79.75,standard,2026-07-19T18:19:01Z
126,28,9,79.75,standard,2026-07-19T18:19:01Z
126,29,10,79.75,standard,2026-07-19T18:19:01Z
126,29,11,79.75,standard,2026-07-19T18:19:01Z
126,29,2,79.75,standard,2026-07-19T18:19:01Z
126,29,3,79.75,standard,2026-07-19T18:19:01Z
126,29,4,79.75,standard,2026-07-19T18:19:01Z
126,29,5,79.75,standard,2026-07-19T18:19:01Z
126,29,6,79.75,standard,2026-07-19T18:19:01Z
126,29,7,79.75,standard,2026-07-19T18:19:01Z
126,29,8,79.75,standard,2026-07-19T18:19:01Z
126,29,9,79.75,standard,2026-07-19T18:19:01Z
126,30,10,79.75,standard,2026-07-19T18:19:01Z
126,30,11,79.75,standard,2026-07-19T18:19:01Z
126,30,2,79.75,standard,2026-07-19T18:19:01Z
126,30,3,79.75,standard,2026-07-19T18:19:01Z
126,30,4,79.75,standard,2026-07-19T18:19:01Z
126,30,5,79.75,standard,2026-07-19T18:19:01Z
126,30,6,79.75,standard,2026-07-19T18:19:01Z
126,30,7,79.75,standard,2026-07-19T18:19:01Z
126,30,8,79.75,standard,2026-07-19T18:19:01Z
126,30,9,79.75,standard,2026-07-19T18:19:01Z
126,31,10,79.75,standard,2026-07-19T18:19:01Z
126,31,11,79.75,standard,2026-07-19T18:19:01Z
126,31,2,79.75,standard,2026-07-19T18:19:01Z
126,31,3,79.75,standard,2026-07-19T18:19:01Z
126,31,4,79.75,standard,2026-07-19T18:19:01Z
126,31,5,79.75,standard,2026-07-19T18:19:01Z
126,31,6,79.75,standard,2026-07-19T18:19:01Z
126,31,7,79.75,standard,2026-07-19T18:19:01Z
126,31,8,79.75,standard,2026-07-19T18:19:01Z
126,31,9,79.75,standard,2026-07-19T18:19:01Z
126,32,10,79.75,standard,2026-07-19T18:19:01Z
126,32,11,79.75,standard,2026-07-19T18:19:01Z
126,32,12,79.75,standard,2026-07-19T18:19:01Z
126,32,3,79.75,standard,2026-07-19T18:19:01Z
126,32,4,79.75,standard,2026-07-19T18:19:01Z
126,32,5,79.75,standard,2026-07-19T18:19:01Z
126,32,6,79.75,standard,2026-07-19T18:19:01Z
126,32,7,79.75,standard,2026-07-19T18:19:01Z
126,32,8,79.75,standard,2026-07-19T18:19:01Z
126,32,9,79.75,standard,2026-07-19T18:19:01Z
126,33,5,79.75,standard,2026-07-19T18:19:01Z
126,33,6,79.75,standard,2026-07-19T18:19:01Z
126,33,7,79.75,standard,2026-07-19T18:19:01Z
126,33,8,79.75,standard,2026-07-19T18:19:01Z
126,4,5,79.75,standard,2026-07-19T18:19:01Z
126,4,6,79.75,standard,2026-07-19T18:19:01Z
126,4,7,79.75,standard,2026-07-19T18:19:01Z
126,5,5,79.75,standard,2026-07-19T18:19:01Z
126,5,6,79.75,standard,2026-07-19T18:19:01Z
126,5,7,79.75,standard,2026-07-19T18:19:01Z
126,9,1,79.75,standard,2026-07-19T18:19:01Z
126,9,2,79.75,standard,2026-07-19T18:19:01Z
126W,W,1,79.75,standard,2026-07-19T18:19:01Z
126W,W,2,79.75,standard,2026-07-19T18:19:01Z
126W,W,3,79.75,standard,2026-07-19T18:19:01Z
126W,W,5,79.75,standard,2026-07-19T18:19:01Z
126W,W,6,79.75,standard,2026-07-19T18:19:01Z
127,10,3,79.75,standard,2026-07-19T18:19:01Z
127,10,4,79.75,standard,2026-07-19T18:19:01Z
127,17,5,79.75,standard,2026-07-19T18:19:01Z
127,17,6,79.75,standard,2026-07-19T18:19:01Z
127,23,10,79.75,standard,2026-07-19T18:19:01Z
127,23,9,79.75,standard,2026-07-19T18:19:01Z
127,25,3,79.75,standard,2026-07-19T18:19:01Z
127,25,4,79.75,standard,2026-07-19T18:19:01Z
127,28,10,79.75,standard,2026-07-19T18:19:01Z
127,28,11,79.75,standard,2026-07-19T18:19:01Z
127,28,12,79.75,standard,2026-07-19T18:19:01Z
127,28,5,79.75,standard,2026-07-19T18:19:01Z
127,28,6,79.75,standard,2026-07-19T18:19:01Z
127,28,7,79.75,standard,2026-07-19T18:19:01Z
127,28,8,79.75,standard,2026-07-19T18:19:01Z
127,28,9,79.75,standard,2026-07-19T18:19:01Z
127,29,10,79.75,standard,2026-07-19T18:19:01Z
127,29,9,79.75,standard,2026-07-19T18:19:01Z
127,31,10,79.75,standard,2026-07-19T18:19:01Z
127,31,11,79.75,standard,2026-07-19T18:19:01Z
127,31,12,79.75,standard,2026-07-19T18:19:01Z
127,31,2,79.75,standard,2026-07-19T18:19:01Z
127,31,3,79.75,standard,2026-07-19T18:19:01Z
127,31,4,79.75,standard,2026-07-19T18:19:01Z
127,31,5,79.75,standard,2026-07-19T18:19:01Z
127,31,6,79.75,standard,2026-07-19T18:19:01Z
127,31,7,79.75,standard,2026-07-19T18:19:01Z
127,31,8,79.75,standard,2026-07-19T18:19:01Z
127,31,9,79.75,standard,2026-07-19T18:19:01Z
127,32,10,79.75,standard,2026-07-19T18:19:01Z
127,32,11,79.75,standard,2026-07-19T18:19:01Z
127,32,9,79.75,standard,2026-07-19T18:19:01Z
127,33,10,79.75,standard,2026-07-19T18:19:01Z
127,33,11,79.75,standard,2026-07-19T18:19:01Z
127,33,12,79.75,standard,2026-07-19T18:19:01Z
127,33,13,79.75,standard,2026-07-19T18:19:01Z
127,33,3,79.75,standard,2026-07-19T18:19:01Z
127,33,4,79.75,standard,2026-07-19T18:19:01Z
127,33,5,79.75,standard,2026-07-19T18:19:01Z
127,33,6,79.75,standard,2026-07-19T18:19:01Z
127,33,7,79.75,standard,2026-07-19T18:19:01Z
127,33,8,79.75,standard,2026-07-19T18:19:01Z
127,33,9,79.75,standard,2026-07-19T18:19:01Z
127,34,10,79.75,standard,2026-07-19T18:19:01Z
127,34,11,79.75,standard,2026-07-19T18:19:01Z
127,34,12,79.75,standard,2026-07-19T18:19:01Z
127,34,13,79.75,standard,2026-07-19T18:19:01Z
127,34,2,79.75,standard,2026-07-19T18:19:01Z
127,34,3,79.75,standard,2026-07-19T18:19:01Z
127,34,4,79.75,standard,2026-07-19T18:19:01Z
127,34,5,79.75,standard,2026-07-19T18:19:01Z
127,34,6,79.75,standard,2026-07-19T18:19:01Z
127,34,7,79.75,standard,2026-07-19T18:19:01Z
127,34,8,79.75,standard,2026-07-19T18:19:01Z
127,34,9,79.75,standard,2026-07-19T18:19:01Z
127,35,1,79.75,standard,2026-07-19T18:19:01Z
127,35,2,79.75,standard,2026-07-19T18:19:01Z
128,27,1,79.75,standard,2026-07-19T18:19:01Z
128,27,2,79.75,standard,2026-07-19T18:19:01Z
128,25,2,79.75,standard,2026-07-19T18:19:01Z
128,25,3,79.75,standard,2026-07-19T18:19:01Z
128,25,4,79.75,standard,2026-07-19T18:19:01Z
128,26,1,79.75,standard,2026-07-19T18:19:01Z
128,26,2,79.75,standard,2026-07-19T18:19:01Z
128,26,3,79.75,standard,2026-07-19T18:19:01Z
128,26,4,79.75,standard,2026-07-19T18:19:01Z
128,26,5,79.75,standard,2026-07-19T18:19:01Z
128,28,10,79.75,standard,2026-07-19T18:19:01Z
128,28,7,79.75,standard,2026-07-19T18:19:01Z
128,28,8,79.75,standard,2026-07-19T18:19:01Z
128,28,9,79.75,standard,2026-07-19T18:19:01Z
128,30,11,79.75,standard,2026-07-19T18:19:01Z
128,30,12,79.75,standard,2026-07-19T18:19:01Z
128,30,2,79.75,standard,2026-07-19T18:19:01Z
128,30,3,79.75,standard,2026-07-19T18:19:01Z
128,30,4,79.75,standard,2026-07-19T18:19:01Z
128,31,1,79.75,standard,2026-07-19T18:19:01Z
128,31,2,79.75,standard,2026-07-19T18:19:01Z
128,31,3,79.75,standard,2026-07-19T18:19:01Z
128,31,4,79.75,standard,2026-07-19T18:19:01Z
128,32,2,79.75,standard,2026-07-19T18:19:01Z
128,32,3,79.75,standard,2026-07-19T18:19:01Z
128,32,4,79.75,standard,2026-07-19T18:19:01Z
128,35,13,79.75,standard,2026-07-19T18:19:01Z
128,35,14,79.75,standard,2026-07-19T18:19:01Z
128,36,13,79.75,standard,2026-07-19T18:19:01Z
128,36,14,79.75,standard,2026-07-19T18:19:01Z
128,38,1,79.75,standard,2026-07-19T18:19:01Z
128,38,2,79.75,standard,2026-07-19T18:19:01Z
128,7,4,79.75,standard,2026-07-19T18:19:01Z
128,7,5,79.75,standard,2026-07-19T18:19:01Z
128,7,6,79.75,standard,2026-07-19T18:19:01Z
128,7,3,79.75,standard,2026-07-19T18:19:01Z
129,27,10,79.75,standard,2026-07-19T18:19:01Z
129,27,11,79.75,standard,2026-07-19T18:19:01Z
129,27,2,79.75,standard,2026-07-19T18:19:01Z
129,27,3,79.75,standard,2026-07-19T18:19:01Z
129,27,4,79.75,standard,2026-07-19T18:19:01Z
129,27,5,79.75,standard,2026-07-19T18:19:01Z
129,27,6,79.75,standard,2026-07-19T18:19:01Z
129,27,7,79.75,standard,2026-07-19T18:19:01Z
129,27,8,79.75,standard,2026-07-19T18:19:01Z
129,27,9,79.75,standard,2026-07-19T18:19:01Z
129,21,3,79.75,standard,2026-07-19T18:19:01Z
129,29,5,79.75,standard,2026-07-19T18:19:01Z
129,29,6,79.75,standard,2026-07-19T18:19:01Z
129,37,10,79.75,standard,2026-07-19T18:19:01Z
129,37,11,79.75,standard,2026-07-19T18:19:01Z
129,37,12,79.75,standard,2026-07-19T18:19:01Z
129,37,13,79.75,standard,2026-07-19T18:19:01Z
129,37,5,79.75,standard,2026-07-19T18:19:01Z
129,37,6,79.75,standard,2026-07-19T18:19:01Z
129,37,7,79.75,standard,2026-07-19T18:19:01Z
129,37,8,79.75,standard,2026-07-19T18:19:01Z
129,37,9,79.75,standard,2026-07-19T18:19:01Z
129,31,6,79.75,standard,2026-07-19T18:19:01Z
129,31,7,79.75,standard,2026-07-19T18:19:01Z
129,31,8,79.75,standard,2026-07-19T18:19:01Z
129,32,6,79.75,standard,2026-07-19T18:19:01Z
129,32,7,79.75,standard,2026-07-19T18:19:01Z
129,32,8,79.75,standard,2026-07-19T18:19:01Z
129,32,9,79.75,standard,2026-07-19T18:19:01Z
129,33,4,79.75,standard,2026-07-19T18:19:01Z
129,33,5,79.75,standard,2026-07-19T18:19:01Z
129,33,6,79.75,standard,2026-07-19T18:19:01Z
129,33,7,79.75,standard,2026-07-19T18:19:01Z
129,33,8,79.75,standard,2026-07-19T18:19:01Z
129,33,9,79.75,standard,2026-07-19T18:19:01Z
129,34,10,79.75,standard,2026-07-19T18:19:01Z
129,34,11,79.75,standard,2026-07-19T18:19:01Z
129,34,2,79.75,standard,2026-07-19T18:19:01Z
129,34,3,79.75,standard,2026-07-19T18:19:01Z
129,34,4,79.75,standard,2026-07-19T18:19:01Z
129,34,5,79.75,standard,2026-07-19T18:19:01Z
129,34,6,79.75,standard,2026-07-19T18:19:01Z
129,34,7,79.75,standard,2026-07-19T18:19:01Z
129,34,8,79.75,standard,2026-07-19T18:19:01Z
129,34,9,79.75,standard,2026-07-19T18:19:01Z
129,35,10,79.75,standard,2026-07-19T18:19:01Z
129,35,11,79.75,standard,2026-07-19T18:19:01Z
129,35,12,79.75,standard,2026-07-19T18:19:01Z
129,35,13,79.75,standard,2026-07-19T18:19:01Z
129,35,14,79.75,standard,2026-07-19T18:19:01Z
129,35,3,79.75,standard,2026-07-19T18:19:01Z
129,35,4,79.75,standard,2026-07-19T18:19:01Z
129,35,5,79.75,standard,2026-07-19T18:19:01Z
129,35,6,79.75,standard,2026-07-19T18:19:01Z
129,35,7,79.75,standard,2026-07-19T18:19:01Z
129,35,8,79.75,standard,2026-07-19T18:19:01Z
129,35,9,79.75,standard,2026-07-19T18:19:01Z
129,36,10,79.75,standard,2026-07-19T18:19:01Z
129,36,11,79.75,standard,2026-07-19T18:19:01Z
129,36,12,79.75,standard,2026-07-19T18:19:01Z
129,36,13,79.75,standard,2026-07-19T18:19:01Z
129,36,14,79.75,standard,2026-07-19T18:19:01Z
129,36,2,79.75,standard,2026-07-19T18:19:01Z
129,36,3,79.75,standard,2026-07-19T18:19:01Z
129,36,4,79.75,standard,2026-07-19T18:19:01Z
129,36,5,79.75,standard,2026-07-19T18:19:01Z
129,36,6,79.75,standard,2026-07-19T18:19:01Z
129,36,7,79.75,standard,2026-07-19T18:19:01Z
129,36,8,79.75,standard,2026-07-19T18:19:01Z
129,36,9,79.75,standard,2026-07-19T18:19:01Z
129,38,10,79.75,standard,2026-07-19T18:19:01Z
129,38,5,79.75,standard,2026-07-19T18:19:01Z
129,38,6,79.75,standard,2026-07-19T18:19:01Z
129,38,7,79.75,standard,2026-07-19T18:19:01Z
129,38,8,79.75,standard,2026-07-19T18:19:01Z
129,38,9,79.75,standard,2026-07-19T18:19:01Z
129,6,4,79.75,standard,2026-07-19T18:19:01Z
129,6,5,79.75,standard,2026-07-19T18:19:01Z
129,6,3,79.75,standard,2026-07-19T18:19:01Z
129,7,4,79.75,standard,2026-07-19T18:19:01Z
129,7,5,79.75,standard,2026-07-19T18:19:01Z
129,7,3,79.75,standard,2026-07-19T18:19:01Z
130,13,3,79.75,standard,2026-07-19T18:19:01Z
130,13,4,79.75,standard,2026-07-19T18:19:01Z
130,20,3,79.75,standard,2026-07-19T18:19:01Z
130,27,1,79.75,standard,2026-07-19T18:19:01Z
130,27,2,79.75,standard,2026-07-19T18:19:01Z
130,27,3,79.75,standard,2026-07-19T18:19:01Z
130,27,4,79.75,standard,2026-07-19T18:19:01Z
130,27,5,79.75,standard,2026-07-19T18:19:01Z
130,21,3,79.75,standard,2026-07-19T18:19:01Z
130,22,5,79.75,standard,2026-07-19T18:19:01Z
130,22,6,79.75,standard,2026-07-19T18:19:01Z
130,26,8,79.75,standard,2026-07-19T18:19:01Z
130,26,9,79.75,standard,2026-07-19T18:19:01Z
130,28,10,79.75,standard,2026-07-19T18:19:01Z
130,28,11,79.75,standard,2026-07-19T18:19:01Z
130,28,12,79.75,standard,2026-07-19T18:19:01Z
130,28,9,79.75,standard,2026-07-19T18:19:01Z
130,29,1,79.75,standard,2026-07-19T18:19:01Z
130,29,2,79.75,standard,2026-07-19T18:19:01Z
130,29,3,79.75,standard,2026-07-19T18:19:01Z
130,29,4,79.75,standard,2026-07-19T18:19:01Z
130,37,10,79.75,standard,2026-07-19T18:19:01Z
130,37,11,79.75,standard,2026-07-19T18:19:01Z
130,37,12,79.75,standard,2026-07-19T18:19:01Z
130,37,3,79.75,standard,2026-07-19T18:19:01Z
130,37,4,79.75,standard,2026-07-19T18:19:01Z
130,37,5,79.75,standard,2026-07-19T18:19:01Z
130,37,6,79.75,standard,2026-07-19T18:19:01Z
130,37,7,79.75,standard,2026-07-19T18:19:01Z
130,37,8,79.75,standard,2026-07-19T18:19:01Z
130,37,9,79.75,standard,2026-07-19T18:19:01Z
130,31,1,79.75,standard,2026-07-19T18:19:01Z
130,31,2,79.75,standard,2026-07-19T18:19:01Z
130,32,5,79.75,standard,2026-07-19T18:19:01Z
130,32,6,79.75,standard,2026-07-19T18:19:01Z
130,32,7,79.75,standard,2026-07-19T18:19:01Z
130,32,8,79.75,standard,2026-07-19T18:19:01Z
130,33,10,79.75,standard,2026-07-19T18:19:01Z
130,33,5,79.75,standard,2026-07-19T18:19:01Z
130,33,6,79.75,standard,2026-07-19T18:19:01Z
130,33,7,79.75,standard,2026-07-19T18:19:01Z
130,33,8,79.75,standard,2026-07-19T18:19:01Z
130,33,9,79.75,standard,2026-07-19T18:19:01Z
130,34,10,79.75,standard,2026-07-19T18:19:01Z
130,34,11,79.75,standard,2026-07-19T18:19:01Z
130,34,12,79.75,standard,2026-07-19T18:19:01Z
130,34,13,79.75,standard,2026-07-19T18:19:01Z
130,34,2,79.75,standard,2026-07-19T18:19:01Z
130,34,3,79.75,standard,2026-07-19T18:19:01Z
130,34,4,79.75,standard,2026-07-19T18:19:01Z
130,34,5,79.75,standard,2026-07-19T18:19:01Z
130,34,6,79.75,standard,2026-07-19T18:19:01Z
130,34,7,79.75,standard,2026-07-19T18:19:01Z
130,34,8,79.75,standard,2026-07-19T18:19:01Z
130,34,9,79.75,standard,2026-07-19T18:19:01Z
130,35,10,79.75,standard,2026-07-19T18:19:01Z
130,35,11,79.75,standard,2026-07-19T18:19:01Z
130,35,12,79.75,standard,2026-07-19T18:19:01Z
130,35,13,79.75,standard,2026-07-19T18:19:01Z
130,35,14,79.75,standard,2026-07-19T18:19:01Z
130,35,2,79.75,standard,2026-07-19T18:19:01Z
130,35,3,79.75,standard,2026-07-19T18:19:01Z
130,35,4,79.75,standard,2026-07-19T18:19:01Z
130,35,5,79.75,standard,2026-07-19T18:19:01Z
130,35,6,79.75,standard,2026-07-19T18:19:01Z
130,35,7,79.75,standard,2026-07-19T18:19:01Z
130,35,8,79.75,standard,2026-07-19T18:19:01Z
130,35,9,79.75,standard,2026-07-19T18:19:01Z
130,36,10,79.75,standard,2026-07-19T18:19:01Z
130,36,11,79.75,standard,2026-07-19T18:19:01Z
130,36,12,79.75,standard,2026-07-19T18:19:01Z
130,36,13,79.75,standard,2026-07-19T18:19:01Z
130,36,14,79.75,standard,2026-07-19T18:19:01Z
130,36,2,79.75,standard,2026-07-19T18:19:01Z
130,36,3,79.75,standard,2026-07-19T18:19:01Z
130,36,4,79.75,standard,2026-07-19T18:19:01Z
130,36,5,79.75,standard,2026-07-19T18:19:01Z
130,36,6,79.75,standard,2026-07-19T18:19:01Z
130,36,7,79.75,standard,2026-07-19T18:19:01Z
130,36,8,79.75,standard,2026-07-19T18:19:01Z
130,36,9,79.75,standard,2026-07-19T18:19:01Z
130,38,12,79.75,standard,2026-07-19T18:19:01Z
130,38,13,79.75,standard,2026-07-19T18:19:01Z
130,38,3,79.75,standard,2026-07-19T18:19:01Z
130,38,4,79.75,standard,2026-07-19T18:19:01Z
130,38,5,79.75,standard,2026-07-19T18:19:01Z
130,38,6,79.75,standard,2026-07-19T18:19:01Z
131,27,7,79.75,standard,2026-07-19T18:19:01Z
131,24,3,79.75,standard,2026-07-19T18:19:01Z
131,24,4,79.75,standard,2026-07-19T18:19:01Z
131,24,5,79.75,standard,2026-07-19T18:19:01Z
131,24,6,79.75,standard,2026-07-19T18:19:01Z
131,25,3,79.75,standard,2026-07-19T18:19:01Z
131,25,4,79.75,standard,2026-07-19T18:19:01Z
131,25,5,79.75,standard,2026-07-19T18:19:01Z
131,25,6,79.75,standard,2026-07-19T18:19:01Z
131,26,3,79.75,standard,2026-07-19T18:19:01Z
131,26,4,79.75,standard,2026-07-19T18:19:01Z
131,26,5,79.75,standard,2026-07-19T18:19:01Z
131,26,6,79.75,standard,2026-07-19T18:19:01Z
131,28,10,79.75,standard,2026-07-19T18:19:01Z
131,28,11,79.75,standard,2026-07-19T18:19:01Z
131,28,2,79.75,standard,2026-07-19T18:19:01Z
131,28,8,79.75,standard,2026-07-19T18:19:01Z
131,28,9,79.75,standard,2026-07-19T18:19:01Z
131,29,5,79.75,standard,2026-07-19T18:19:01Z
131,29,6,79.75,standard,2026-07-19T18:19:01Z
131,37,10,79.75,standard,2026-07-19T18:19:01Z
131,37,11,79.75,standard,2026-07-19T18:19:01Z
131,37,12,79.75,standard,2026-07-19T18:19:01Z
131,37,5,79.75,standard,2026-07-19T18:19:01Z
131,37,6,79.75,standard,2026-07-19T18:19:01Z
131,37,7,79.75,standard,2026-07-19T18:19:01Z
131,37,8,79.75,standard,2026-07-19T18:19:01Z
131,37,9,79.75,standard,2026-07-19T18:19:01Z
131,30,1,79.75,standard,2026-07-19T18:19:01Z
131,30,2,79.75,standard,2026-07-19T18:19:01Z
131,31,5,79.75,standard,2026-07-19T18:19:01Z
131,31,6,79.75,standard,2026-07-19T18:19:01Z
131,31,7,79.75,standard,2026-07-19T18:19:01Z
131,31,8,79.75,standard,2026-07-19T18:19:01Z
131,32,4,79.75,standard,2026-07-19T18:19:01Z
131,32,5,79.75,standard,2026-07-19T18:19:01Z
131,33,5,79.75,standard,2026-07-19T18:19:01Z
131,33,6,79.75,standard,2026-07-19T18:19:01Z
131,33,7,79.75,standard,2026-07-19T18:19:01Z
131,33,8,79.75,standard,2026-07-19T18:19:01Z
131,33,9,79.75,standard,2026-07-19T18:19:01Z
131,34,5,79.75,standard,2026-07-19T18:19:01Z
131,34,6,79.75,standard,2026-07-19T18:19:01Z
131,34,7,79.75,standard,2026-07-19T18:19:01Z
131,34,8,79.75,standard,2026-07-19T18:19:01Z
131,34,9,79.75,standard,2026-07-19T18:19:01Z
131,35,10,79.75,standard,2026-07-19T18:19:01Z
131,35,11,79.75,standard,2026-07-19T18:19:01Z
131,35,12,79.75,standard,2026-07-19T18:19:01Z
131,35,13,79.75,standard,2026-07-19T18:19:01Z
131,35,3,79.75,standard,2026-07-19T18:19:01Z
131,35,4,79.75,standard,2026-07-19T18:19:01Z
131,35,5,79.75,standard,2026-07-19T18:19:01Z
131,35,6,79.75,standard,2026-07-19T18:19:01Z
131,35,7,79.75,standard,2026-07-19T18:19:01Z
131,35,8,79.75,standard,2026-07-19T18:19:01Z
131,35,9,79.75,standard,2026-07-19T18:19:01Z
131,36,10,79.75,standard,2026-07-19T18:19:01Z
131,36,11,79.75,standard,2026-07-19T18:19:01Z
131,36,6,79.75,standard,2026-07-19T18:19:01Z
131,36,7,79.75,standard,2026-07-19T18:19:01Z
131,36,8,79.75,standard,2026-07-19T18:19:01Z
131,36,9,79.75,standard,2026-07-19T18:19:01Z
131,38,10,79.75,standard,2026-07-19T18:19:01Z
131,38,11,79.75,standard,2026-07-19T18:19:01Z
131,38,3,79.75,standard,2026-07-19T18:19:01Z
131,38,4,79.75,standard,2026-07-19T18:19:01Z
131,38,5,79.75,standard,2026-07-19T18:19:01Z
131,38,6,79.75,standard,2026-07-19T18:19:01Z
131,38,7,79.75,standard,2026-07-19T18:19:01Z
131,38,8,79.75,standard,2026-07-19T18:19:01Z
131,38,9,79.75,standard,2026-07-19T18:19:01Z
131W,W,6,79.75,standard,2026-07-19T18:19:01Z
131W,W,7,79.75,standard,2026-07-19T18:19:01Z
132,10,3,79.75,standard,2026-07-19T18:19:01Z
132,10,4,79.75,standard,2026-07-19T18:19:01Z
132,10,5,79.75,standard,2026-07-19T18:19:01Z
132,10,6,79.75,standard,2026-07-19T18:19:01Z
132,14,3,79.75,standard,2026-07-19T18:19:01Z
132,16,3,79.75,standard,2026-07-19T18:19:01Z
132,16,4,79.75,standard,2026-07-19T18:19:01Z
132,27,10,79.75,standard,2026-07-19T18:19:01Z
132,27,11,79.75,standard,2026-07-19T18:19:01Z
132,25,5,79.75,standard,2026-07-19T18:19:01Z
132,25,6,79.75,standard,2026-07-19T18:19:01Z
132,25,7,79.75,standard,2026-07-19T18:19:01Z
132,26,1,79.75,standard,2026-07-19T18:19:01Z
132,26,2,79.75,standard,2026-07-19T18:19:01Z
132,28,6,79.75,standard,2026-07-19T18:19:01Z
132,28,7,79.75,standard,2026-07-19T18:19:01Z
132,29,11,79.75,standard,2026-07-19T18:19:01Z
132,29,12,79.75,standard,2026-07-19T18:19:01Z
132,29,2,79.75,standard,2026-07-19T18:19:01Z
132,31,2,79.75,standard,2026-07-19T18:19:01Z
132,31,3,79.75,standard,2026-07-19T18:19:01Z
132,31,4,79.75,standard,2026-07-19T18:19:01Z
132,31,5,79.75,standard,2026-07-19T18:19:01Z
132,31,6,79.75,standard,2026-07-19T18:19:01Z
132,31,7,79.75,standard,2026-07-19T18:19:01Z
132,31,8,79.75,standard,2026-07-19T18:19:01Z
132,32,10,79.75,standard,2026-07-19T18:19:01Z
132,32,11,79.75,standard,2026-07-19T18:19:01Z
132,32,4,79.75,standard,2026-07-19T18:19:01Z
132,32,5,79.75,standard,2026-07-19T18:19:01Z
132,32,6,79.75,standard,2026-07-19T18:19:01Z
132,32,7,79.75,standard,2026-07-19T18:19:01Z
132,32,8,79.75,standard,2026-07-19T18:19:01Z
132,32,9,79.75,standard,2026-07-19T18:19:01Z
132,7,4,79.75,standard,2026-07-19T18:19:01Z
132,7,3,79.75,standard,2026-07-19T18:19:01Z
132,8,4,79.75,standard,2026-07-19T18:19:01Z
132,8,3,79.75,standard,2026-07-19T18:19:01Z
132W,W,6,79.75,standard,2026-07-19T18:19:01Z
132W,W,7,79.75,standard,2026-07-19T18:19:01Z
133,21,7,79.75,standard,2026-07-19T18:19:01Z
133,21,8,79.75,standard,2026-07-19T18:19:01Z
133,22,3,79.75,standard,2026-07-19T18:19:01Z
133,22,4,79.75,standard,2026-07-19T18:19:01Z
133,22,5,79.75,standard,2026-07-19T18:19:01Z
133,22,6,79.75,standard,2026-07-19T18:19:01Z
133,23,10,79.75,standard,2026-07-19T18:19:01Z
133,23,2,79.75,standard,2026-07-19T18:19:01Z
133,23,9,79.75,standard,2026-07-19T18:19:01Z
133,26,1,79.75,standard,2026-07-19T18:19:01Z
133,26,2,79.75,standard,2026-07-19T18:19:01Z
133,28,5,79.75,standard,2026-07-19T18:19:01Z
133,28,6,79.75,standard,2026-07-19T18:19:01Z
133,28,7,79.75,standard,2026-07-19T18:19:01Z
133,37,10,79.75,standard,2026-07-19T18:19:01Z
133,37,11,79.75,standard,2026-07-19T18:19:01Z
133,37,12,79.75,standard,2026-07-19T18:19:01Z
133,37,5,79.75,standard,2026-07-19T18:19:01Z
133,37,6,79.75,standard,2026-07-19T18:19:01Z
133,37,7,79.75,standard,2026-07-19T18:19:01Z
133,37,8,79.75,standard,2026-07-19T18:19:01Z
133,37,9,79.75,standard,2026-07-19T18:19:01Z
133,30,6,79.75,standard,2026-07-19T18:19:01Z
133,30,7,79.75,standard,2026-07-19T18:19:01Z
133,30,8,79.75,standard,2026-07-19T18:19:01Z
133,31,1,79.75,standard,2026-07-19T18:19:01Z
133,31,2,79.75,standard,2026-07-19T18:19:01Z
133,31,3,79.75,standard,2026-07-19T18:19:01Z
133,31,4,79.75,standard,2026-07-19T18:19:01Z
133,32,5,79.75,standard,2026-07-19T18:19:01Z
133,32,6,79.75,standard,2026-07-19T18:19:01Z
133,32,7,79.75,standard,2026-07-19T18:19:01Z
133,32,8,79.75,standard,2026-07-19T18:19:01Z
133,33,1,79.75,standard,2026-07-19T18:19:01Z
133,33,2,79.75,standard,2026-07-19T18:19:01Z
133,33,3,79.75,standard,2026-07-19T18:19:01Z
133,33,4,79.75,standard,2026-07-19T18:19:01Z
133,33,5,79.75,standard,2026-07-19T18:19:01Z
133,33,6,79.75,standard,2026-07-19T18:19:01Z
133,33,7,79.75,standard,2026-07-19T18:19:01Z
133,33,8,79.75,standard,2026-07-19T18:19:01Z
133,34,10,79.75,standard,2026-07-19T18:19:01Z
133,34,11,79.75,standard,2026-07-19T18:19:01Z
133,34,12,79.75,standard,2026-07-19T18:19:01Z
133,34,13,79.75,standard,2026-07-19T18:19:01Z
133,34,14,79.75,standard,2026-07-19T18:19:01Z
133,34,3,79.75,standard,2026-07-19T18:19:01Z
133,34,4,79.75,standard,2026-07-19T18:19:01Z
133,34,5,79.75,standard,2026-07-19T18:19:01Z
133,34,6,79.75,standard,2026-07-19T18:19:01Z
133,34,7,79.75,standard,2026-07-19T18:19:01Z
133,34,8,79.75,standard,2026-07-19T18:19:01Z
133,34,9,79.75,standard,2026-07-19T18:19:01Z
133,35,10,79.75,standard,2026-07-19T18:19:01Z
133,35,11,79.75,standard,2026-07-19T18:19:01Z
133,35,12,79.75,standard,2026-07-19T18:19:01Z
133,35,13,79.75,standard,2026-07-19T18:19:01Z
133,35,14,79.75,standard,2026-07-19T18:19:01Z
133,35,2,79.75,standard,2026-07-19T18:19:01Z
133,35,3,79.75,standard,2026-07-19T18:19:01Z
133,35,4,79.75,standard,2026-07-19T18:19:01Z
133,35,5,79.75,standard,2026-07-19T18:19:01Z
133,35,6,79.75,standard,2026-07-19T18:19:01Z
133,35,7,79.75,standard,2026-07-19T18:19:01Z
133,35,8,79.75,standard,2026-07-19T18:19:01Z
133,35,9,79.75,standard,2026-07-19T18:19:01Z
133,36,10,79.75,standard,2026-07-19T18:19:01Z
133,36,4,79.75,standard,2026-07-19T18:19:01Z
133,36,5,79.75,standard,2026-07-19T18:19:01Z
133,36,6,79.75,standard,2026-07-19T18:19:01Z
133,36,7,79.75,standard,2026-07-19T18:19:01Z
133,36,8,79.75,standard,2026-07-19T18:19:01Z
133,36,9,79.75,standard,2026-07-19T18:19:01Z
133,38,10,79.75,standard,2026-07-19T18:19:01Z
133,38,11,79.75,standard,2026-07-19T18:19:01Z
133W,W,5,79.75,standard,2026-07-19T18:19:01Z
134,27,1,79.75,standard,2026-07-19T18:19:01Z
134,27,2,79.75,standard,2026-07-19T18:19:01Z
134,25,1,79.75,standard,2026-07-19T18:19:01Z
134,25,2,79.75,standard,2026-07-19T18:19:01Z
134,28,1,79.75,standard,2026-07-19T18:19:01Z
134,28,2,79.75,standard,2026-07-19T18:19:01Z
134,28,3,79.75,standard,2026-07-19T18:19:01Z
134,28,4,79.75,standard,2026-07-19T18:19:01Z
134,30,6,79.75,standard,2026-07-19T18:19:01Z
134,30,7,79.75,standard,2026-07-19T18:19:01Z
134,30,8,79.75,standard,2026-07-19T18:19:01Z
134,31,10,79.75,standard,2026-07-19T18:19:01Z
134,31,9,79.75,standard,2026-07-19T18:19:01Z
134,32,3,79.75,standard,2026-07-19T18:19:01Z
134,32,4,79.75,standard,2026-07-19T18:19:01Z
134,32,5,79.75,standard,2026-07-19T18:19:01Z
134,32,6,79.75,standard,2026-07-19T18:19:01Z
134,32,7,79.75,standard,2026-07-19T18:19:01Z
134,32,8,79.75,standard,2026-07-19T18:19:01Z
134,32,9,79.75,standard,2026-07-19T18:19:01Z
134,33,10,79.75,standard,2026-07-19T18:19:01Z
134,33,11,79.75,standard,2026-07-19T18:19:01Z
134,33,8,79.75,standard,2026-07-19T18:19:01Z
134,33,9,79.75,standard,2026-07-19T18:19:01Z
134,34,12,79.75,standard,2026-07-19T18:19:01Z
134,34,13,79.75,standard,2026-07-19T18:19:01Z
134,34,2,79.75,standard,2026-07-19T18:19:01Z
134,34,3,79.75,standard,2026-07-19T18:19:01Z
134,34,4,79.75,standard,2026-07-19T18:19:01Z
134,34,5,79.75,standard,2026-07-19T18:19:01Z
134,34,6,79.75,standard,2026-07-19T18:19:01Z
134,34,7,79.75,standard,2026-07-19T18:19:01Z
134,34,8,79.75,standard,2026-07-19T18:19:01Z
134,34,9,79.75,standard,2026-07-19T18:19:01Z
134,4,5,79.75,standard,2026-07-19T18:19:01Z
134,4,6,79.75,standard,2026-07-19T18:19:01Z
134,4,8,79.75,standard,2026-07-19T18:19:01Z
134,8,5,79.75,standard,2026-07-19T18:19:01Z
134,8,6,79.75,standard,2026-07-19T18:19:01Z
134,9,5,79.75,standard,2026-07-19T18:19:01Z
134,9,6,79.75,standard,2026-07-19T18:19:01Z
135,25,1,79.75,standard,2026-07-19T18:19:01Z
135,25,2,79.75,standard,2026-07-19T18:19:01Z
135,26,1,79.75,standard,2026-07-19T18:19:01Z
135,26,2,79.75,standard,2026-07-19T18:19:01Z
135,32,10,79.75,standard,2026-07-19T18:19:01Z
135,32,6,79.75,standard,2026-07-19T18:19:01Z
135,32,7,79.75,standard,2026-07-19T18:19:01Z
135,32,8,79.75,standard,2026-07-19T18:19:01Z
135,32,9,79.75,standard,2026-07-19T18:19:01Z
135,6,1,79.75,standard,2026-07-19T18:19:01Z
135,6,2,79.75,standard,2026-07-19T18:19:01Z
135W,W,4,79.75,standard,2026-07-19T18:19:01Z
136,10,2,79.75,standard,2026-07-19T18:19:01Z
136,10,3,79.75,standard,2026-07-19T18:19:01Z
136,10,4,79.75,standard,2026-07-19T18:19:01Z
136,18,6,79.75,standard,2026-07-19T18:19:01Z
136,18,7,79.75,standard,2026-07-19T18:19:01Z
136,18,8,79.75,standard,2026-07-19T18:19:01Z
136,27,13,79.75,standard,2026-07-19T18:19:01Z
136,27,14,79.75,standard,2026-07-19T18:19:01Z
136,29,10,79.75,standard,2026-07-19T18:19:01Z
136,29,8,79.75,standard,2026-07-19T18:19:01Z
136,29,9,79.75,standard,2026-07-19T18:19:01Z
136,30,11,79.75,standard,2026-07-19T18:19:01Z
136,30,12,79.75,standard,2026-07-19T18:19:01Z
136,30,5,79.75,standard,2026-07-19T18:19:01Z
136,30,6,79.75,standard,2026-07-19T18:19:01Z
136,30,7,79.75,standard,2026-07-19T18:19:01Z
136,30,8,79.75,standard,2026-07-19T18:19:01Z
136,31,10,79.75,standard,2026-07-19T18:19:01Z
136,31,5,79.75,standard,2026-07-19T18:19:01Z
136,31,6,79.75,standard,2026-07-19T18:19:01Z
136,31,7,79.75,standard,2026-07-19T18:19:01Z
136,31,8,79.75,standard,2026-07-19T18:19:01Z
136,31,9,79.75,standard,2026-07-19T18:19:01Z
136,32,10,79.75,standard,2026-07-19T18:19:01Z
136,32,11,79.75,standard,2026-07-19T18:19:01Z
136,33,10,79.75,standard,2026-07-19T18:19:01Z
136,34,3,79.75,standard,2026-07-19T18:19:01Z
136,34,4,79.75,standard,2026-07-19T18:19:01Z
136,34,5,79.75,standard,2026-07-19T18:19:01Z
136,34,6,79.75,standard,2026-07-19T18:19:01Z
136,34,7,79.75,standard,2026-07-19T18:19:01Z
136,35,10,79.75,standard,2026-07-19T18:19:01Z
136,35,11,79.75,standard,2026-07-19T18:19:01Z
136,35,9,79.75,standard,2026-07-19T18:19:01Z
136,38,10,79.75,standard,2026-07-19T18:19:01Z
136,38,11,79.75,standard,2026-07-19T18:19:01Z
136,38,9,79.75,standard,2026-07-19T18:19:01Z
136,7,5,79.75,standard,2026-07-19T18:19:01Z
136,7,6,79.75,standard,2026-07-19T18:19:01Z
136,7,7,79.75,standard,2026-07-19T18:19:01Z
136,7,8,79.75,standard,2026-07-19T18:19:01Z
136,7,9,79.75,standard,2026-07-19T18:19:01Z
136,7,10,79.75,standard,2026-07-19T18:19:01Z
136,8,7,79.75,standard,2026-07-19T18:19:01Z
136,8,8,79.75,standard,2026-07-19T18:19:01Z
136,8,9,79.75,standard,2026-07-19T18:19:01Z
136,8,10,79.75,standard,2026-07-19T18:19:01Z
136,8,11,79.75,standard,2026-07-19T18:19:01Z
136,8,12,79.75,standard,2026-07-19T18:19:01Z
136,8,13,79.75,standard,2026-07-19T18:19:01Z
136,8,14,79.75,standard,2026-07-19T18:19:01Z
136W,W,4,79.75,standard,2026-07-19T18:19:01Z
136W,W,5,79.75,standard,2026-07-19T18:19:01Z
136W,W,6,79.75,standard,2026-07-19T18:19:01Z
137,18,11,79.75,standard,2026-07-19T18:19:01Z
137,18,12,79.75,standard,2026-07-19T18:19:01Z
137,18,3,79.75,standard,2026-07-19T18:19:01Z
137,18,4,79.75,standard,2026-07-19T18:19:01Z
137,18,5,79.75,standard,2026-07-19T18:19:01Z
137,18,6,79.75,standard,2026-07-19T18:19:01Z
137,18,7,79.75,standard,2026-07-19T18:19:01Z
137,18,8,79.75,standard,2026-07-19T18:19:01Z
137,27,1,79.75,standard,2026-07-19T18:19:01Z
137,27,2,79.75,standard,2026-07-19T18:19:01Z
137,27,3,79.75,standard,2026-07-19T18:19:01Z
137,27,4,79.75,standard,2026-07-19T18:19:01Z
137,37,5,79.75,standard,2026-07-19T18:19:01Z
137,37,6,79.75,standard,2026-07-19T18:19:01Z
137,37,7,79.75,standard,2026-07-19T18:19:01Z
137,37,8,79.75,standard,2026-07-19T18:19:01Z
137,30,10,79.75,standard,2026-07-19T18:19:01Z
137,30,7,79.75,standard,2026-07-19T18:19:01Z
137,30,8,79.75,standard,2026-07-19T18:19:01Z
137,30,9,79.75,standard,2026-07-19T18:19:01Z
137,33,5,79.75,standard,2026-07-19T18:19:01Z
137,33,6,79.75,standard,2026-07-19T18:19:01Z
137,33,7,79.75,standard,2026-07-19T18:19:01Z
137,34,10,79.75,standard,2026-07-19T18:19:01Z
137,34,7,79.75,standard,2026-07-19T18:19:01Z
137,34,8,79.75,standard,2026-07-19T18:19:01Z
137,34,9,79.75,standard,2026-07-19T18:19:01Z
137,35,3,79.75,standard,2026-07-19T18:19:01Z
137,35,4,79.75,standard,2026-07-19T18:19:01Z
137,35,5,79.75,standard,2026-07-19T18:19:01Z
137,35,6,79.75,standard,2026-07-19T18:19:01Z
137,35,7,79.75,standard,2026-07-19T18:19:01Z
137,36,3,79.75,standard,2026-07-19T18:19:01Z
137,36,4,79.75,standard,2026-07-19T18:19:01Z
137,36,5,79.75,standard,2026-07-19T18:19:01Z
137,36,6,79.75,standard,2026-07-19T18:19:01Z
137,38,3,79.75,standard,2026-07-19T18:19:01Z
137,38,4,79.75,standard,2026-07-19T18:19:01Z
137,38,5,79.75,standard,2026-07-19T18:19:01Z
137,38,6,79.75,standard,2026-07-19T18:19:01Z
137,6,8,79.75,standard,2026-07-19T18:19:01Z
137,6,9,79.75,standard,2026-07-19T18:19:01Z
137,6,10,79.75,standard,2026-07-19T18:19:01Z
137,7,5,79.75,standard,2026-07-19T18:19:01Z
137,7,6,79.75,standard,2026-07-19T18:19:01Z
137,7,7,79.75,standard,2026-07-19T18:19:01Z
137,7,8,79.75,standard,2026-07-19T18:19:01Z
137,8,9,79.75,standard,2026-07-19T18:19:01Z
137,8,10,79.75,standard,2026-07-19T18:19:01Z
138,16,10,79.75,standard,2026-07-19T18:19:01Z
138,16,9,79.75,standard,2026-07-19T18:19:01Z
138,18,10,79.75,standard,2026-07-19T18:19:01Z
138,18,11,79.75,standard,2026-07-19T18:19:01Z
138,18,12,79.75,standard,2026-07-19T18:19:01Z
138,18,2,79.75,standard,2026-07-19T18:19:01Z
138,18,3,79.75,standard,2026-07-19T18:19:01Z
138,18,4,79.75,standard,2026-07-19T18:19:01Z
138,18,5,79.75,standard,2026-07-19T18:19:01Z
138,18,6,79.75,standard,2026-07-19T18:19:01Z
138,18,7,79.75,standard,2026-07-19T18:19:01Z
138,18,8,79.75,standard,2026-07-19T18:19:01Z
138,18,9,79.75,standard,2026-07-19T18:19:01Z
138,20,10,79.75,standard,2026-07-19T18:19:01Z
138,20,9,79.75,standard,2026-07-19T18:19:01Z
138,23,11,79.75,standard,2026-07-19T18:19:01Z
138,23,12,79.75,standard,2026-07-19T18:19:01Z
138,25,10,79.75,standard,2026-07-19T18:19:01Z
138,25,11,79.75,standard,2026-07-19T18:19:01Z
138,25,12,79.75,standard,2026-07-19T18:19:01Z
138,25,5,79.75,standard,2026-07-19T18:19:01Z
138,25,6,79.75,standard,2026-07-19T18:19:01Z
138,25,7,79.75,standard,2026-07-19T18:19:01Z
138,25,8,79.75,standard,2026-07-19T18:19:01Z
138,25,9,79.75,standard,2026-07-19T18:19:01Z
138,37,10,79.75,standard,2026-07-19T18:19:01Z
138,37,4,79.75,standard,2026-07-19T18:19:01Z
138,37,5,79.75,standard,2026-07-19T18:19:01Z
138,37,6,79.75,standard,2026-07-19T18:19:01Z
138,37,7,79.75,standard,2026-07-19T18:19:01Z
138,37,8,79.75,standard,2026-07-19T18:19:01Z
138,37,9,79.75,standard,2026-07-19T18:19:01Z
138,30,8,79.75,standard,2026-07-19T18:19:01Z
138,30,9,79.75,standard,2026-07-19T18:19:01Z
138,31,5,79.75,standard,2026-07-19T18:19:01Z
138,31,6,79.75,standard,2026-07-19T18:19:01Z
138,32,3,79.75,standard,2026-07-19T18:19:01Z
138,32,4,79.75,standard,2026-07-19T18:19:01Z
138,32,5,79.75,standard,2026-07-19T18:19:01Z
138,32,6,79.75,standard,2026-07-19T18:19:01Z
138,32,7,79.75,standard,2026-07-19T18:19:01Z
138,32,8,79.75,standard,2026-07-19T18:19:01Z
138,32,9,79.75,standard,2026-07-19T18:19:01Z
138,36,10,79.75,standard,2026-07-19T18:19:01Z
138,36,11,79.75,standard,2026-07-19T18:19:01Z
138,36,12,79.75,standard,2026-07-19T18:19:01Z
138,36,4,79.75,standard,2026-07-19T18:19:01Z
138,36,5,79.75,standard,2026-07-19T18:19:01Z
138,36,8,79.75,standard,2026-07-19T18:19:01Z
138,36,9,79.75,standard,2026-07-19T18:19:01Z
138,38,3,79.75,standard,2026-07-19T18:19:01Z
138,38,4,79.75,standard,2026-07-19T18:19:01Z
138,38,5,79.75,standard,2026-07-19T18:19:01Z
138,38,6,79.75,standard,2026-07-19T18:19:01Z
138,38,7,79.75,standard,2026-07-19T18:19:01Z
138,38,8,79.75,standard,2026-07-19T18:19:01Z
138,5,4,79.75,standard,2026-07-19T18:19:01Z
138,5,3,79.75,standard,2026-07-19T18:19:01Z
138,6,4,79.75,standard,2026-07-19T18:19:01Z
138,6,1,79.75,standard,2026-07-19T18:19:01Z
138,6,2,79.75,standard,2026-07-19T18:19:01Z
138,6,3,79.75,standard,2026-07-19T18:19:01Z
138,7,9,79.75,standard,2026-07-19T18:19:01Z
138,7,10,79.75,standard,2026-07-19T18:19:01Z
138,7,11,79.75,standard,2026-07-19T18:19:01Z
138,7,12,79.75,standard,2026-07-19T18:19:01Z
139,10,5,79.75,standard,2026-07-19T18:19:01Z
139,10,6,79.75,standard,2026-07-19T18:19:01Z
139,10,7,79.75,standard,2026-07-19T18:19:01Z
139,10,8,79.75,standard,2026-07-19T18:19:01Z
139,9,7,79.75,standard,2026-07-19T18:19:01Z
139,9,8,79.75,standard,2026-07-19T18:19:01Z
139,9,9,79.75,standard,2026-07-19T18:19:01Z
139,17,5,79.75,standard,2026-07-19T18:19:01Z
139,17,6,79.75,standard,2026-07-19T18:19:01Z
139,17,7,79.75,standard,2026-07-19T18:19:01Z
139,17,8,79.75,standard,2026-07-19T18:19:01Z
139,13,10,79.75,standard,2026-07-19T18:19:01Z
139,13,7,79.75,standard,2026-07-19T18:19:01Z
139,13,8,79.75,standard,2026-07-19T18:19:01Z
139,13,9,79.75,standard,2026-07-19T18:19:01Z
139,15,4,79.75,standard,2026-07-19T18:19:01Z
139,15,5,79.75,standard,2026-07-19T18:19:01Z
139,15,6,79.75,standard,2026-07-19T18:19:01Z
139,16,3,79.75,standard,2026-07-19T18:19:01Z
139,16,4,79.75,standard,2026-07-19T18:19:01Z
139,16,5,79.75,standard,2026-07-19T18:19:01Z
139,16,6,79.75,standard,2026-07-19T18:19:01Z
139,16,7,79.75,standard,2026-07-19T18:19:01Z
139,16,8,79.75,standard,2026-07-19T18:19:01Z
139,18,10,79.75,standard,2026-07-19T18:19:01Z
139,18,3,79.75,standard,2026-07-19T18:19:01Z
139,18,4,79.75,standard,2026-07-19T18:19:01Z
139,18,5,79.75,standard,2026-07-19T18:19:01Z
139,18,6,79.75,standard,2026-07-19T18:19:01Z
139,18,7,79.75,standard,2026-07-19T18:19:01Z
139,18,8,79.75,standard,2026-07-19T18:19:01Z
139,18,9,79.75,standard,2026-07-19T18:19:01Z
139,20,10,79.75,standard,2026-07-19T18:19:01Z
139,20,11,79.75,standard,2026-07-19T18:19:01Z
139,20,12,79.75,standard,2026-07-19T18:19:01Z
139,20,3,79.75,standard,2026-07-19T18:19:01Z
139,20,4,79.75,standard,2026-07-19T18:19:01Z
139,20,5,79.75,standard,2026-07-19T18:19:01Z
139,20,6,79.75,standard,2026-07-19T18:19:01Z
139,20,7,79.75,standard,2026-07-19T18:19:01Z
139,20,8,79.75,standard,2026-07-19T18:19:01Z
139,20,9,79.75,standard,2026-07-19T18:19:01Z
139,27,3,79.75,standard,2026-07-19T18:19:01Z
139,27,4,79.75,standard,2026-07-19T18:19:01Z
139,27,7,79.75,standard,2026-07-19T18:19:01Z
139,27,8,79.75,standard,2026-07-19T18:19:01Z
139,27,9,79.75,standard,2026-07-19T18:19:01Z
139,24,11,79.75,standard,2026-07-19T18:19:01Z
139,24,12,79.75,standard,2026-07-19T18:19:01Z
139,25,10,79.75,standard,2026-07-19T18:19:01Z
139,25,11,79.75,standard,2026-07-19T18:19:01Z
139,25,12,79.75,standard,2026-07-19T18:19:01Z
139,25,3,79.75,standard,2026-07-19T18:19:01Z
139,25,4,79.75,standard,2026-07-19T18:19:01Z
139,25,5,79.75,standard,2026-07-19T18:19:01Z
139,25,6,79.75,standard,2026-07-19T18:19:01Z
139,25,7,79.75,standard,2026-07-19T18:19:01Z
139,25,8,79.75,standard,2026-07-19T18:19:01Z
139,25,9,79.75,standard,2026-07-19T18:19:01Z
139,28,10,79.75,standard,2026-07-19T18:19:01Z
139,28,11,79.75,standard,2026-07-19T18:19:01Z
139,28,12,79.75,standard,2026-07-19T18:19:01Z
139,28,2,79.75,standard,2026-07-19T18:19:01Z
139,28,3,79.75,standard,2026-07-19T18:19:01Z
139,28,4,79.75,standard,2026-07-19T18:19:01Z
139,28,5,79.75,standard,2026-07-19T18:19:01Z
139,28,6,79.75,standard,2026-07-19T18:19:01Z
139,28,7,79.75,standard,2026-07-19T18:19:01Z
139,28,8,79.75,standard,2026-07-19T18:19:01Z
139,28,9,79.75,standard,2026-07-19T18:19:01Z
139,38,10,79.75,standard,2026-07-19T18:19:01Z
139,38,11,79.75,standard,2026-07-19T18:19:01Z
139,38,12,79.75,standard,2026-07-19T18:19:01Z
139,38,3,79.75,standard,2026-07-19T18:19:01Z
139,38,4,79.75,standard,2026-07-19T18:19:01Z
139,38,5,79.75,standard,2026-07-19T18:19:01Z
139,38,6,79.75,standard,2026-07-19T18:19:01Z
139,38,7,79.75,standard,2026-07-19T18:19:01Z
139,38,8,79.75,standard,2026-07-19T18:19:01Z
139,38,9,79.75,standard,2026-07-19T18:19:01Z
139W,W,1,79.75,standard,2026-07-19T18:19:01Z
139W,W,2,79.75,standard,2026-07-19T18:19:01Z
139W,W,3,79.75,standard,2026-07-19T18:19:01Z
139W,W,4,79.75,standard,2026-07-19T18:19:01Z
139W,W,5,79.75,standard,2026-07-19T18:19:01Z
140,10,5,79.75,standard,2026-07-19T18:19:01Z
140,10,6,79.75,standard,2026-07-19T18:19:01Z
140,10,7,79.75,standard,2026-07-19T18:19:01Z
140,10,8,79.75,standard,2026-07-19T18:19:01Z
140,7,5,79.75,standard,2026-07-19T18:19:01Z
140,7,6,79.75,standard,2026-07-19T18:19:01Z
140,7,7,79.75,standard,2026-07-19T18:19:01Z
140,7,8,79.75,standard,2026-07-19T18:19:01Z
140,7,9,79.75,standard,2026-07-19T18:19:01Z
140,7,10,79.75,standard,2026-07-19T18:19:01Z
140,8,11,79.75,standard,2026-07-19T18:19:01Z
140,8,12,79.75,standard,2026-07-19T18:19:01Z
140,17,10,79.75,standard,2026-07-19T18:19:01Z
140,17,11,79.75,standard,2026-07-19T18:19:01Z
140,17,12,79.75,standard,2026-07-19T18:19:01Z
140,17,2,79.75,standard,2026-07-19T18:19:01Z
140,17,3,79.75,standard,2026-07-19T18:19:01Z
140,17,4,79.75,standard,2026-07-19T18:19:01Z
140,17,5,79.75,standard,2026-07-19T18:19:01Z
140,17,6,79.75,standard,2026-07-19T18:19:01Z
140,17,7,79.75,standard,2026-07-19T18:19:01Z
140,17,8,79.75,standard,2026-07-19T18:19:01Z
140,17,9,79.75,standard,2026-07-19T18:19:01Z
140,11,11,79.75,standard,2026-07-19T18:19:01Z
140,11,12,79.75,standard,2026-07-19T18:19:01Z
140,12,1,79.75,standard,2026-07-19T18:19:01Z
140,12,2,79.75,standard,2026-07-19T18:19:01Z
140,12,3,79.75,standard,2026-07-19T18:19:01Z
140,12,4,79.75,standard,2026-07-19T18:19:01Z
140,18,10,79.75,standard,2026-07-19T18:19:01Z
140,18,4,79.75,standard,2026-07-19T18:19:01Z
140,18,5,79.75,standard,2026-07-19T18:19:01Z
140,18,6,79.75,standard,2026-07-19T18:19:01Z
140,18,7,79.75,standard,2026-07-19T18:19:01Z
140,18,8,79.75,standard,2026-07-19T18:19:01Z
140,18,9,79.75,standard,2026-07-19T18:19:01Z
140,19,10,79.75,standard,2026-07-19T18:19:01Z
140,19,11,79.75,standard,2026-07-19T18:19:01Z
140,19,12,79.75,standard,2026-07-19T18:19:01Z
140,19,2,79.75,standard,2026-07-19T18:19:01Z
140,19,3,79.75,standard,2026-07-19T18:19:01Z
140,19,4,79.75,standard,2026-07-19T18:19:01Z
140,19,5,79.75,standard,2026-07-19T18:19:01Z
140,19,6,79.75,standard,2026-07-19T18:19:01Z
140,19,7,79.75,standard,2026-07-19T18:19:01Z
140,19,8,79.75,standard,2026-07-19T18:19:01Z
140,19,9,79.75,standard,2026-07-19T18:19:01Z
140,20,10,79.75,standard,2026-07-19T18:19:01Z
140,20,11,79.75,standard,2026-07-19T18:19:01Z
140,20,12,79.75,standard,2026-07-19T18:19:01Z
140,20,2,79.75,standard,2026-07-19T18:19:01Z
140,20,3,79.75,standard,2026-07-19T18:19:01Z
140,20,4,79.75,standard,2026-07-19T18:19:01Z
140,20,5,79.75,standard,2026-07-19T18:19:01Z
140,20,6,79.75,standard,2026-07-19T18:19:01Z
140,20,7,79.75,standard,2026-07-19T18:19:01Z
140,20,8,79.75,standard,2026-07-19T18:19:01Z
140,20,9,79.75,standard,2026-07-19T18:19:01Z
140,21,3,79.75,standard,2026-07-19T18:19:01Z
140,21,4,79.75,standard,2026-07-19T18:19:01Z
140,23,10,79.75,standard,2026-07-19T18:19:01Z
140,23,11,79.75,standard,2026-07-19T18:19:01Z
140,23,12,79.75,standard,2026-07-19T18:19:01Z
140,23,2,79.75,standard,2026-07-19T18:19:01Z
140,23,3,79.75,standard,2026-07-19T18:19:01Z
140,23,4,79.75,standard,2026-07-19T18:19:01Z
140,23,5,79.75,standard,2026-07-19T18:19:01Z
140,23,6,79.75,standard,2026-07-19T18:19:01Z
140,23,7,79.75,standard,2026-07-19T18:19:01Z
140,23,8,79.75,standard,2026-07-19T18:19:01Z
140,23,9,79.75,standard,2026-07-19T18:19:01Z
140,24,10,79.75,standard,2026-07-19T18:19:01Z
140,24,11,79.75,standard,2026-07-19T18:19:01Z
140,24,12,79.75,standard,2026-07-19T18:19:01Z
140,24,9,79.75,standard,2026-07-19T18:19:01Z
140,25,10,79.75,standard,2026-07-19T18:19:01Z
140,25,11,79.75,standard,2026-07-19T18:19:01Z
140,25,12,79.75,standard,2026-07-19T18:19:01Z
140,25,5,79.75,standard,2026-07-19T18:19:01Z
140,25,6,79.75,standard,2026-07-19T18:19:01Z
140,25,7,79.75,standard,2026-07-19T18:19:01Z
140,25,8,79.75,standard,2026-07-19T18:19:01Z
140,25,9,79.75,standard,2026-07-19T18:19:01Z
140,38,10,79.75,standard,2026-07-19T18:19:01Z
140,38,11,79.75,standard,2026-07-19T18:19:01Z
140,38,12,79.75,standard,2026-07-19T18:19:01Z
140,38,2,79.75,standard,2026-07-19T18:19:01Z
140,38,3,79.75,standard,2026-07-19T18:19:01Z
140,38,4,79.75,standard,2026-07-19T18:19:01Z
140,38,5,79.75,standard,2026-07-19T18:19:01Z
140,38,6,79.75,standard,2026-07-19T18:19:01Z
140,38,7,79.75,standard,2026-07-19T18:19:01Z
140,38,8,79.75,standard,2026-07-19T18:19:01Z
140,38,9,79.75,standard,2026-07-19T18:19:01Z
140W,W,5,79.75,standard,2026-07-19T18:19:01Z
140W,W,6,79.75,standard,2026-07-19T18:19:01Z
140W,W,7,79.75,standard,2026-07-19T18:19:01Z
141,10,10,79.75,standard,2026-07-19T18:19:01Z
141,10,11,79.75,standard,2026-07-19T18:19:01Z
141,10,12,79.75,standard,2026-07-19T18:19:01Z
141,10,13,79.75,standard,2026-07-19T18:19:01Z
141,10,14,79.75,standard,2026-07-19T18:19:01Z
141,10,2,79.75,standard,2026-07-19T18:19:01Z
141,10,3,79.75,standard,2026-07-19T18:19:01Z
141,10,4,79.75,standard,2026-07-19T18:19:01Z
141,10,5,79.75,standard,2026-07-19T18:19:01Z
141,10,6,79.75,standard,2026-07-19T18:19:01Z
141,10,7,79.75,standard,2026-07-19T18:19:01Z
141,10,8,79.75,standard,2026-07-19T18:19:01Z
141,10,9,79.75,standard,2026-07-19T18:19:01Z
141,2,5,79.75,standard,2026-07-19T18:19:01Z
141,2,6,79.75,standard,2026-07-19T18:19:01Z
141,2,7,79.75,standard,2026-07-19T18:19:01Z
141,2,8,79.75,standard,2026-07-19T18:19:01Z
141,3,4,79.75,standard,2026-07-19T18:19:01Z
141,3,5,79.75,standard,2026-07-19T18:19:01Z
141,3,6,79.75,standard,2026-07-19T18:19:01Z
141,3,3,79.75,standard,2026-07-19T18:19:01Z
141,4,4,79.75,standard,2026-07-19T18:19:01Z
141,4,5,79.75,standard,2026-07-19T18:19:01Z
141,4,6,79.75,standard,2026-07-19T18:19:01Z
141,4,3,79.75,standard,2026-07-19T18:19:01Z
141,8,4,79.75,standard,2026-07-19T18:19:01Z
141,8,5,79.75,standard,2026-07-19T18:19:01Z
141,8,6,79.75,standard,2026-07-19T18:19:01Z
141,8,7,79.75,standard,2026-07-19T18:19:01Z
141,8,8,79.75,standard,2026-07-19T18:19:01Z
141,8,9,79.75,standard,2026-07-19T18:19:01Z
141,8,10,79.75,standard,2026-07-19T18:19:01Z
141,8,11,79.75,standard,2026-07-19T18:19:01Z
141,8,12,79.75,standard,2026-07-19T18:19:01Z
141,8,13,79.75,standard,2026-07-19T18:19:01Z
141,8,14,79.75,standard,2026-07-19T18:19:01Z
141,8,3,79.75,standard,2026-07-19T18:19:01Z
141,9,4,79.75,standard,2026-07-19T18:19:01Z
141,9,5,79.75,standard,2026-07-19T18:19:01Z
141,9,6,79.75,standard,2026-07-19T18:19:01Z
141,9,7,79.75,standard,2026-07-19T18:19:01Z
141,9,8,79.75,standard,2026-07-19T18:19:01Z
141,9,9,79.75,standard,2026-07-19T18:19:01Z
141,9,10,79.75,standard,2026-07-19T18:19:01Z
141,9,11,79.75,standard,2026-07-19T18:19:01Z
141,9,12,79.75,standard,2026-07-19T18:19:01Z
141,9,13,79.75,standard,2026-07-19T18:19:01Z
141,9,14,79.75,standard,2026-07-19T18:19:01Z
141,9,3,79.75,standard,2026-07-19T18:19:01Z
141,17,11,79.75,standard,2026-07-19T18:19:01Z
141,17,12,79.75,standard,2026-07-19T18:19:01Z
141,17,13,79.75,standard,2026-07-19T18:19:01Z
141,17,14,79.75,standard,2026-07-19T18:19:01Z
141,17,2,79.75,standard,2026-07-19T18:19:01Z
141,17,3,79.75,standard,2026-07-19T18:19:01Z
141,17,4,79.75,standard,2026-07-19T18:19:01Z
141,17,5,79.75,standard,2026-07-19T18:19:01Z
141,17,6,79.75,standard,2026-07-19T18:19:01Z
141,12,1,79.75,standard,2026-07-19T18:19:01Z
141,12,2,79.75,standard,2026-07-19T18:19:01Z
141,12,3,79.75,standard,2026-07-19T18:19:01Z
141,12,4,79.75,standard,2026-07-19T18:19:01Z
141,13,1,79.75,standard,2026-07-19T18:19:01Z
141,13,2,79.75,standard,2026-07-19T18:19:01Z
141,13,3,79.75,standard,2026-07-19T18:19:01Z
141,13,4,79.75,standard,2026-07-19T18:19:01Z
141,14,10,79.75,standard,2026-07-19T18:19:01Z
141,14,11,79.75,standard,2026-07-19T18:19:01Z
141,14,12,79.75,standard,2026-07-19T18:19:01Z
141,14,13,79.75,standard,2026-07-19T18:19:01Z
141,14,14,79.75,standard,2026-07-19T18:19:01Z
141,14,2,79.75,standard,2026-07-19T18:19:01Z
141,14,3,79.75,standard,2026-07-19T18:19:01Z
141,14,4,79.75,standard,2026-07-19T18:19:01Z
141,14,5,79.75,standard,2026-07-19T18:19:01Z
141,14,6,79.75,standard,2026-07-19T18:19:01Z
141,14,7,79.75,standard,2026-07-19T18:19:01Z
141,14,8,79.75,standard,2026-07-19T18:19:01Z
141,14,9,79.75,standard,2026-07-19T18:19:01Z
141,18,10,79.75,standard,2026-07-19T18:19:01Z
141,18,11,79.75,standard,2026-07-19T18:19:01Z
141,18,12,79.75,standard,2026-07-19T18:19:01Z
141,18,13,79.75,standard,2026-07-19T18:19:01Z
141,18,14,79.75,standard,2026-07-19T18:19:01Z
141,18,2,79.75,standard,2026-07-19T18:19:01Z
141,18,3,79.75,standard,2026-07-19T18:19:01Z
141,18,4,79.75,standard,2026-07-19T18:19:01Z
141,18,5,79.75,standard,2026-07-19T18:19:01Z
141,18,6,79.75,standard,2026-07-19T18:19:01Z
141,18,7,79.75,standard,2026-07-19T18:19:01Z
141,18,8,79.75,standard,2026-07-19T18:19:01Z
141,18,9,79.75,standard,2026-07-19T18:19:01Z
141,19,10,79.75,standard,2026-07-19T18:19:01Z
141,19,11,79.75,standard,2026-07-19T18:19:01Z
141,19,12,79.75,standard,2026-07-19T18:19:01Z
141,19,13,79.75,standard,2026-07-19T18:19:01Z
141,19,14,79.75,standard,2026-07-19T18:19:01Z
141,19,2,79.75,standard,2026-07-19T18:19:01Z
141,19,3,79.75,standard,2026-07-19T18:19:01Z
141,19,4,79.75,standard,2026-07-19T18:19:01Z
141,19,5,79.75,standard,2026-07-19T18:19:01Z
141,19,6,79.75,standard,2026-07-19T18:19:01Z
141,19,7,79.75,standard,2026-07-19T18:19:01Z
141,19,8,79.75,standard,2026-07-19T18:19:01Z
141,19,9,79.75,standard,2026-07-19T18:19:01Z
141,21,1,79.75,standard,2026-07-19T18:19:01Z
141,21,2,79.75,standard,2026-07-19T18:19:01Z
141,21,3,79.75,standard,2026-07-19T18:19:01Z
141,21,4,79.75,standard,2026-07-19T18:19:01Z
141,22,10,79.75,standard,2026-07-19T18:19:01Z
141,22,11,79.75,standard,2026-07-19T18:19:01Z
141,22,12,79.75,standard,2026-07-19T18:19:01Z
141,22,13,79.75,standard,2026-07-19T18:19:01Z
141,22,14,79.75,standard,2026-07-19T18:19:01Z
141,22,2,79.75,standard,2026-07-19T18:19:01Z
141,22,3,79.75,standard,2026-07-19T18:19:01Z
141,22,4,79.75,standard,2026-07-19T18:19:01Z
141,22,5,79.75,standard,2026-07-19T18:19:01Z
141,22,6,79.75,standard,2026-07-19T18:19:01Z
141,22,7,79.75,standard,2026-07-19T18:19:01Z
141,22,8,79.75,standard,2026-07-19T18:19:01Z
141,22,9,79.75,standard,2026-07-19T18:19:01Z
141,23,10,79.75,standard,2026-07-19T18:19:01Z
141,23,11,79.75,standard,2026-07-19T18:19:01Z
141,23,12,79.75,standard,2026-07-19T18:19:01Z
141,23,13,79.75,standard,2026-07-19T18:19:01Z
141,23,14,79.75,standard,2026-07-19T18:19:01Z
141,23,2,79.75,standard,2026-07-19T18:19:01Z
141,23,3,79.75,standard,2026-07-19T18:19:01Z
141,23,4,79.75,standard,2026-07-19T18:19:01Z
141,23,5,79.75,standard,2026-07-19T18:19:01Z
141,23,6,79.75,standard,2026-07-19T18:19:01Z
141,23,7,79.75,standard,2026-07-19T18:19:01Z
141,23,8,79.75,standard,2026-07-19T18:19:01Z
141,23,9,79.75,standard,2026-07-19T18:19:01Z
141,25,10,79.75,standard,2026-07-19T18:19:01Z
141,25,11,79.75,standard,2026-07-19T18:19:01Z
141,25,12,79.75,standard,2026-07-19T18:19:01Z
141,25,13,79.75,standard,2026-07-19T18:19:01Z
141,25,14,79.75,standard,2026-07-19T18:19:01Z
141,25,6,79.75,standard,2026-07-19T18:19:01Z
141,25,7,79.75,standard,2026-07-19T18:19:01Z
141,25,8,79.75,standard,2026-07-19T18:19:01Z
141,25,9,79.75,standard,2026-07-19T18:19:01Z
141,38,10,79.75,standard,2026-07-19T18:19:01Z
141,38,11,79.75,standard,2026-07-19T18:19:01Z
141,38,12,79.75,standard,2026-07-19T18:19:01Z
141,38,13,79.75,standard,2026-07-19T18:19:01Z
141,38,5,79.75,standard,2026-07-19T18:19:01Z
141,38,6,79.75,standard,2026-07-19T18:19:01Z
141,38,7,79.75,standard,2026-07-19T18:19:01Z
141,38,8,79.75,standard,2026-07-19T18:19:01Z
141,38,9,79.75,standard,2026-07-19T18:19:01Z
142,17,10,65.25,standard,2026-07-19T18:19:01Z
142,17,6,65.25,standard,2026-07-19T18:19:01Z
142,17,7,65.25,standard,2026-07-19T18:19:01Z
142,17,8,65.25,standard,2026-07-19T18:19:01Z
142,17,9,65.25,standard,2026-07-19T18:19:01Z
142,13,10,65.25,standard,2026-07-19T18:19:01Z
142,13,11,65.25,standard,2026-07-19T18:19:01Z
142,13,9,65.25,standard,2026-07-19T18:19:01Z
142,18,1,65.25,standard,2026-07-19T18:19:01Z
142,18,2,65.25,standard,2026-07-19T18:19:01Z
142,19,10,65.25,standard,2026-07-19T18:19:01Z
142,19,6,65.25,standard,2026-07-19T18:19:01Z
142,19,7,65.25,standard,2026-07-19T18:19:01Z
142,19,8,65.25,standard,2026-07-19T18:19:01Z
142,19,9,65.25,standard,2026-07-19T18:19:01Z
142,20,10,65.25,standard,2026-07-19T18:19:01Z
142,20,11,65.25,standard,2026-07-19T18:19:01Z
142,20,12,65.25,standard,2026-07-19T18:19:01Z
142,20,13,65.25,standard,2026-07-19T18:19:01Z
142,20,14,65.25,standard,2026-07-19T18:19:01Z
142,20,3,65.25,standard,2026-07-19T18:19:01Z
142,20,4,65.25,standard,2026-07-19T18:19:01Z
142,20,5,65.25,standard,2026-07-19T18:19:01Z
142,20,6,65.25,standard,2026-07-19T18:19:01Z
142,20,7,65.25,standard,2026-07-19T18:19:01Z
142,20,8,65.25,standard,2026-07-19T18:19:01Z
142,20,9,65.25,standard,2026-07-19T18:19:01Z
142,27,5,65.25,standard,2026-07-19T18:19:01Z
142,27,6,65.25,standard,2026-07-19T18:19:01Z
142,27,7,65.25,standard,2026-07-19T18:19:01Z
142,27,8,65.25,standard,2026-07-19T18:19:01Z
142,24,10,65.25,standard,2026-07-19T18:19:01Z
142,24,11,65.25,standard,2026-07-19T18:19:01Z
142,24,12,65.25,standard,2026-07-19T18:19:01Z
142,24,13,65.25,standard,2026-07-19T18:19:01Z
142,24,14,65.25,standard,2026-07-19T18:19:01Z
142,24,2,65.25,standard,2026-07-19T18:19:01Z
142,24,3,65.25,standard,2026-07-19T18:19:01Z
142,24,4,65.25,standard,2026-07-19T18:19:01Z
142,24,5,65.25,standard,2026-07-19T18:19:01Z
142,24,6,65.25,standard,2026-07-19T18:19:01Z
142,24,7,65.25,standard,2026-07-19T18:19:01Z
142,24,8,65.25,standard,2026-07-19T18:19:01Z
142,24,9,65.25,standard,2026-07-19T18:19:01Z
142,25,10,65.25,standard,2026-07-19T18:19:01Z
142,25,11,65.25,standard,2026-07-19T18:19:01Z
142,25,12,65.25,standard,2026-07-19T18:19:01Z
142,25,13,65.25,standard,2026-07-19T18:19:01Z
142,25,14,65.25,standard,2026-07-19T18:19:01Z
142,25,3,65.25,standard,2026-07-19T18:19:01Z
142,25,4,65.25,standard,2026-07-19T18:19:01Z
142,25,5,65.25,standard,2026-07-19T18:19:01Z
142,25,6,65.25,standard,2026-07-19T18:19:01Z
142,25,7,65.25,standard,2026-07-19T18:19:01Z
142,25,8,65.25,standard,2026-07-19T18:19:01Z
142,25,9,65.25,standard,2026-07-19T18:19:01Z
142,26,10,65.25,standard,2026-07-19T18:19:01Z
142,26,11,65.25,standard,2026-07-19T18:19:01Z
142,26,12,65.25,standard,2026-07-19T18:19:01Z
142,26,13,65.25,standard,2026-07-19T18:19:01Z
142,26,14,65.25,standard,2026-07-19T18:19:01Z
142,26,4,65.25,standard,2026-07-19T18:19:01Z
142,26,5,65.25,standard,2026-07-19T18:19:01Z
142,26,6,65.25,standard,2026-07-19T18:19:01Z
142,26,7,65.25,standard,2026-07-19T18:19:01Z
142,26,8,65.25,standard,2026-07-19T18:19:01Z
142,26,9,65.25,standard,2026-07-19T18:19:01Z
142,31,1,65.25,standard,2026-07-19T18:19:01Z
142,31,2,65.25,standard,2026-07-19T18:19:01Z
142,31,3,65.25,standard,2026-07-19T18:19:01Z
142,31,4,65.25,standard,2026-07-19T18:19:01Z
142,33,1,65.25,standard,2026-07-19T18:19:01Z
142,33,2,65.25,standard,2026-07-19T18:19:01Z
142,34,7,65.25,standard,2026-07-19T18:19:01Z
142,34,8,65.25,standard,2026-07-19T18:19:01Z
143,17,10,65.25,standard,2026-07-19T18:19:01Z
143,17,11,65.25,standard,2026-07-19T18:19:01Z
143,17,12,65.25,standard,2026-07-19T18:19:01Z
143,17,5,65.25,standard,2026-07-19T18:19:01Z
143,17,6,65.25,standard,2026-07-19T18:19:01Z
143,17,7,65.25,standard,2026-07-19T18:19:01Z
143,17,8,65.25,standard,2026-07-19T18:19:01Z
143,17,9,65.25,standard,2026-07-19T18:19:01Z
143,11,1,65.25,standard,2026-07-19T18:19:01Z
143,11,2,65.25,standard,2026-07-19T18:19:01Z
143,11,3,65.25,standard,2026-07-19T18:19:01Z
143,11,4,65.25,standard,2026-07-19T18:19:01Z
143,13,10,65.25,standard,2026-07-19T18:19:01Z
143,13,11,65.25,standard,2026-07-19T18:19:01Z
143,13,9,65.25,standard,2026-07-19T18:19:01Z
143,14,10,65.25,standard,2026-07-19T18:19:01Z
143,14,11,65.25,standard,2026-07-19T18:19:01Z
143,14,2,65.25,standard,2026-07-19T18:19:01Z
143,14,3,65.25,standard,2026-07-19T18:19:01Z
143,14,4,65.25,standard,2026-07-19T18:19:01Z
143,14,5,65.25,standard,2026-07-19T18:19:01Z
143,14,6,65.25,standard,2026-07-19T18:19:01Z
143,14,7,65.25,standard,2026-07-19T18:19:01Z
143,14,8,65.25,standard,2026-07-19T18:19:01Z
143,14,9,65.25,standard,2026-07-19T18:19:01Z
143,15,10,65.25,standard,2026-07-19T18:19:01Z
143,15,11,65.25,standard,2026-07-19T18:19:01Z
143,15,2,65.25,standard,2026-07-19T18:19:01Z
143,15,3,65.25,standard,2026-07-19T18:19:01Z
143,15,4,65.25,standard,2026-07-19T18:19:01Z
143,15,5,65.25,standard,2026-07-19T18:19:01Z
143,15,6,65.25,standard,2026-07-19T18:19:01Z
143,15,7,65.25,standard,2026-07-19T18:19:01Z
143,15,8,65.25,standard,2026-07-19T18:19:01Z
143,15,9,65.25,standard,2026-07-19T18:19:01Z
143,16,10,65.25,standard,2026-07-19T18:19:01Z
143,16,11,65.25,standard,2026-07-19T18:19:01Z
143,16,12,65.25,standard,2026-07-19T18:19:01Z
143,16,2,65.25,standard,2026-07-19T18:19:01Z
143,16,3,65.25,standard,2026-07-19T18:19:01Z
143,16,4,65.25,standard,2026-07-19T18:19:01Z
143,16,5,65.25,standard,2026-07-19T18:19:01Z
143,16,6,65.25,standard,2026-07-19T18:19:01Z
143,16,7,65.25,standard,2026-07-19T18:19:01Z
143,16,8,65.25,standard,2026-07-19T18:19:01Z
143,16,9,65.25,standard,2026-07-19T18:19:01Z
143,18,10,65.25,standard,2026-07-19T18:19:01Z
143,18,11,65.25,standard,2026-07-19T18:19:01Z
143,18,12,65.25,standard,2026-07-19T18:19:01Z
143,18,2,65.25,standard,2026-07-19T18:19:01Z
143,18,3,65.25,standard,2026-07-19T18:19:01Z
143,18,4,65.25,standard,2026-07-19T18:19:01Z
143,18,5,65.25,standard,2026-07-19T18:19:01Z
143,18,6,65.25,standard,2026-07-19T18:19:01Z
143,18,7,65.25,standard,2026-07-19T18:19:01Z
143,18,8,65.25,standard,2026-07-19T18:19:01Z
143,18,9,65.25,standard,2026-07-19T18:19:01Z
143,19,10,65.25,standard,2026-07-19T18:19:01Z
143,19,11,65.25,standard,2026-07-19T18:19:01Z
143,19,12,65.25,standard,2026-07-19T18:19:01Z
143,19,2,65.25,standard,2026-07-19T18:19:01Z
143,19,3,65.25,standard,2026-07-19T18:19:01Z
143,19,4,65.25,standard,2026-07-19T18:19:01Z
143,19,5,65.25,standard,2026-07-19T18:19:01Z
143,19,6,65.25,standard,2026-07-19T18:19:01Z
143,19,7,65.25,standard,2026-07-19T18:19:01Z
143,19,8,65.25,standard,2026-07-19T18:19:01Z
143,19,9,65.25,standard,2026-07-19T18:19:01Z
143,20,10,65.25,standard,2026-07-19T18:19:01Z
143,20,11,65.25,standard,2026-07-19T18:19:01Z
143,20,12,65.25,standard,2026-07-19T18:19:01Z
143,20,13,65.25,standard,2026-07-19T18:19:01Z
143,20,2,65.25,standard,2026-07-19T18:19:01Z
143,20,3,65.25,standard,2026-07-19T18:19:01Z
143,20,4,65.25,standard,2026-07-19T18:19:01Z
143,20,5,65.25,standard,2026-07-19T18:19:01Z
143,20,6,65.25,standard,2026-07-19T18:19:01Z
143,20,7,65.25,standard,2026-07-19T18:19:01Z
143,20,8,65.25,standard,2026-07-19T18:19:01Z
143,20,9,65.25,standard,2026-07-19T18:19:01Z
143,27,10,65.25,standard,2026-07-19T18:19:01Z
143,27,11,65.25,standard,2026-07-19T18:19:01Z
143,27,12,65.25,standard,2026-07-19T18:19:01Z
143,27,13,65.25,standard,2026-07-19T18:19:01Z
143,27,14,65.25,standard,2026-07-19T18:19:01Z
143,27,15,65.25,standard,2026-07-19T18:19:01Z
143,27,4,65.25,standard,2026-07-19T18:19:01Z
143,27,5,65.25,standard,2026-07-19T18:19:01Z
143,27,6,65.25,standard,2026-07-19T18:19:01Z
143,27,7,65.25,standard,2026-07-19T18:19:01Z
143,27,8,65.25,standard,2026-07-19T18:19:01Z
143,27,9,65.25,standard,2026-07-19T18:19:01Z
143,21,11,65.25,standard,2026-07-19T18:19:01Z
143,21,12,65.25,standard,2026-07-19T18:19:01Z
143,21,13,65.25,standard,2026-07-19T18:19:01Z
143,22,11,65.25,standard,2026-07-19T18:19:01Z
143,22,12,65.25,standard,2026-07-19T18:19:01Z
143,22,13,65.25,standard,2026-07-19T18:19:01Z
143,23,11,65.25,standard,2026-07-19T18:19:01Z
143,23,12,65.25,standard,2026-07-19T18:19:01Z
143,23,13,65.25,standard,2026-07-19T18:19:01Z
143,23,14,65.25,standard,2026-07-19T18:19:01Z
143,24,11,65.25,standard,2026-07-19T18:19:01Z
143,24,12,65.25,standard,2026-07-19T18:19:01Z
143,24,13,65.25,standard,2026-07-19T18:19:01Z
143,24,14,65.25,standard,2026-07-19T18:19:01Z
143,25,11,65.25,standard,2026-07-19T18:19:01Z
143,25,12,65.25,standard,2026-07-19T18:19:01Z
143,26,11,65.25,standard,2026-07-19T18:19:01Z
143,26,12,65.25,standard,2026-07-19T18:19:01Z
143,26,13,65.25,standard,2026-07-19T18:19:01Z
143,26,14,65.25,standard,2026-07-19T18:19:01Z
143,28,10,65.25,standard,2026-07-19T18:19:01Z
143,28,11,65.25,standard,2026-07-19T18:19:01Z
143,28,12,65.25,standard,2026-07-19T18:19:01Z
143,28,2,65.25,standard,2026-07-19T18:19:01Z
143,28,3,65.25,standard,2026-07-19T18:19:01Z
143,28,4,65.25,standard,2026-07-19T18:19:01Z
143,28,5,65.25,standard,2026-07-19T18:19:01Z
143,28,6,65.25,standard,2026-07-19T18:19:01Z
143,28,7,65.25,standard,2026-07-19T18:19:01Z
143,28,8,65.25,standard,2026-07-19T18:19:01Z
143,28,9,65.25,standard,2026-07-19T18:19:01Z
143,29,10,65.25,standard,2026-07-19T18:19:01Z
143,29,11,65.25,standard,2026-07-19T18:19:01Z
143,29,12,65.25,standard,2026-07-19T18:19:01Z
143,29,13,65.25,standard,2026-07-19T18:19:01Z
143,29,14,65.25,standard,2026-07-19T18:19:01Z
143,29,15,65.25,standard,2026-07-19T18:19:01Z
143,29,16,65.25,standard,2026-07-19T18:19:01Z
143,30,10,65.25,standard,2026-07-19T18:19:01Z
143,30,11,65.25,standard,2026-07-19T18:19:01Z
143,30,12,65.25,standard,2026-07-19T18:19:01Z
143,31,10,65.25,standard,2026-07-19T18:19:01Z
143,31,11,65.25,standard,2026-07-19T18:19:01Z
143,31,12,65.25,standard,2026-07-19T18:19:01Z
143,31,13,65.25,standard,2026-07-19T18:19:01Z
143,33,10,65.25,standard,2026-07-19T18:19:01Z
143,33,11,65.25,standard,2026-07-19T18:19:01Z
143,33,12,65.25,standard,2026-07-19T18:19:01Z
143,33,13,65.25,standard,2026-07-19T18:19:01Z
143,33,14,65.25,standard,2026-07-19T18:19:01Z
143,34,10,65.25,standard,2026-07-19T18:19:01Z
143,34,11,65.25,standard,2026-07-19T18:19:01Z
143,34,12,65.25,standard,2026-07-19T18:19:01Z
143,34,13,65.25,standard,2026-07-19T18:19:01Z
143,34,4,65.25,standard,2026-07-19T18:19:01Z
143,34,5,65.25,standard,2026-07-19T18:19:01Z
143,34,6,65.25,standard,2026-07-19T18:19:01Z
143,34,7,65.25,standard,2026-07-19T18:19:01Z
143,34,8,65.25,standard,2026-07-19T18:19:01Z
143,34,9,65.25,standard,2026-07-19T18:19:01Z
143,35,13,65.25,standard,2026-07-19T18:19:01Z
143,35,14,65.25,standard,2026-07-19T18:19:01Z
144,10,10,54.75,standard,2026-07-19T18:19:01Z
144,10,11,54.75,standard,2026-07-19T18:19:01Z
144,10,12,54.75,standard,2026-07-19T18:19:01Z
144,10,13,54.75,standard,2026-07-19T18:19:01Z
144,10,14,54.75,standard,2026-07-19T18:19:01Z
144,10,15,54.75,standard,2026-07-19T18:19:01Z
144,10,16,54.75,standard,2026-07-19T18:19:01Z
144,10,2,54.75,standard,2026-07-19T18:19:01Z
144,10,3,54.75,standard,2026-07-19T18:19:01Z
144,10,4,54.75,standard,2026-07-19T18:19:01Z
144,10,5,54.75,standard,2026-07-19T18:19:01Z
144,10,6,54.75,standard,2026-07-19T18:19:01Z
144,10,7,54.75,standard,2026-07-19T18:19:01Z
144,10,8,54.75,standard,2026-07-19T18:19:01Z
144,10,9,54.75,standard,2026-07-19T18:19:01Z
144,11,10,54.75,standard,2026-07-19T18:19:01Z
144,11,11,54.75,standard,2026-07-19T18:19:01Z
144,11,12,54.75,standard,2026-07-19T18:19:01Z
144,11,13,54.75,standard,2026-07-19T18:19:01Z
144,11,14,54.75,standard,2026-07-19T18:19:01Z
144,11,15,54.75,standard,2026-07-19T18:19:01Z
144,11,16,54.75,standard,2026-07-19T18:19:01Z
144,11,2,54.75,standard,2026-07-19T18:19:01Z
144,11,3,54.75,standard,2026-07-19T18:19:01Z
144,11,4,54.75,standard,2026-07-19T18:19:01Z
144,11,5,54.75,standard,2026-07-19T18:19:01Z
144,11,6,54.75,standard,2026-07-19T18:19:01Z
144,11,7,54.75,standard,2026-07-19T18:19:01Z
144,11,8,54.75,standard,2026-07-19T18:19:01Z
144,11,9,54.75,standard,2026-07-19T18:19:01Z
144,12,10,54.75,standard,2026-07-19T18:19:01Z
144,12,11,54.75,standard,2026-07-19T18:19:01Z
144,12,12,54.75,standard,2026-07-19T18:19:01Z
144,12,13,54.75,standard,2026-07-19T18:19:01Z
144,12,14,54.75,standard,2026-07-19T18:19:01Z
144,12,15,54.75,standard,2026-07-19T18:19:01Z
144,12,16,54.75,standard,2026-07-19T18:19:01Z
144,12,9,54.75,standard,2026-07-19T18:19:01Z
144,31,5,54.75,standard,2026-07-19T18:19:01Z
144,36,11,54.75,standard,2026-07-19T18:19:01Z
144,36,12,54.75,standard,2026-07-19T18:19:01Z
144,38,10,54.75,standard,2026-07-19T18:19:01Z
144,38,8,54.75,standard,2026-07-19T18:19:01Z
144,38,9,54.75,standard,2026-07-19T18:19:01Z
145,10,10,54.75,standard,2026-07-19T18:19:01Z
145,10,11,54.75,standard,2026-07-19T18:19:01Z
145,10,12,54.75,standard,2026-07-19T18:19:01Z
145,10,13,54.75,standard,2026-07-19T18:19:01Z
145,10,14,54.75,standard,2026-07-19T18:19:01Z
145,10,15,54.75,standard,2026-07-19T18:19:01Z
145,10,16,54.75,standard,2026-07-19T18:19:01Z
145,10,17,54.75,standard,2026-07-19T18:19:01Z
145,10,18,54.75,standard,2026-07-19T18:19:01Z
145,10,3,54.75,standard,2026-07-19T18:19:01Z
145,10,4,54.75,standard,2026-07-19T18:19:01Z
145,10,5,54.75,standard,2026-07-19T18:19:01Z
145,10,6,54.75,standard,2026-07-19T18:19:01Z
145,10,7,54.75,standard,2026-07-19T18:19:01Z
145,10,8,54.75,standard,2026-07-19T18:19:01Z
145,10,9,54.75,standard,2026-07-19T18:19:01Z
145,11,10,54.75,standard,2026-07-19T18:19:01Z
145,11,11,54.75,standard,2026-07-19T18:19:01Z
145,11,12,54.75,standard,2026-07-19T18:19:01Z
145,11,13,54.75,standard,2026-07-19T18:19:01Z
145,11,14,54.75,standard,2026-07-19T18:19:01Z
145,11,15,54.75,standard,2026-07-19T18:19:01Z
145,11,16,54.75,standard,2026-07-19T18:19:01Z
145,11,17,54.75,standard,2026-07-19T18:19:01Z
145,11,18,54.75,standard,2026-07-19T18:19:01Z
145,11,3,54.75,standard,2026-07-19T18:19:01Z
145,11,4,54.75,standard,2026-07-19T18:19:01Z
145,11,5,54.75,standard,2026-07-19T18:19:01Z
145,11,6,54.75,standard,2026-07-19T18:19:01Z
145,11,7,54.75,standard,2026-07-19T18:19:01Z
145,11,8,54.75,standard,2026-07-19T18:19:01Z
145,11,9,54.75,standard,2026-07-19T18:19:01Z
145,12,10,54.75,standard,2026-07-19T18:19:01Z
145,12,11,54.75,standard,2026-07-19T18:19:01Z
145,12,12,54.75,standard,2026-07-19T18:19:01Z
145,12,13,54.75,standard,2026-07-19T18:19:01Z
145,12,14,54.75,standard,2026-07-19T18:19:01Z
145,12,3,54.75,standard,2026-07-19T18:19:01Z
145,12,4,54.75,standard,2026-07-19T18:19:01Z
145,12,5,54.75,standard,2026-07-19T18:19:01Z
145,12,6,54.75,standard,2026-07-19T18:19:01Z
145,12,7,54.75,standard,2026-07-19T18:19:01Z
145,12,8,54.75,standard,2026-07-19T18:19:01Z
145,12,9,54.75,standard,2026-07-19T18:19:01Z
145,29,8,54.75,standard,2026-07-19T18:19:01Z
145,37,5,54.75,standard,2026-07-19T18:19:01Z
145,30,10,54.75,standard,2026-07-19T18:19:01Z
145,32,10,54.75,standard,2026-07-19T18:19:01Z
145,33,12,54.75,standard,2026-07-19T18:19:01Z
145,35,5,54.75,standard,2026-07-19T18:19:01Z
145,35,6,54.75,standard,2026-07-19T18:19:01Z
145,36,5,54.75,standard,2026-07-19T18:19:01Z
145,36,6,54.75,standard,2026-07-19T18:19:01Z
146,26,14,24.25,standard,2026-07-19T18:19:01Z
146,37,5,24.25,standard,2026-07-19T18:19:01Z
146,37,6,24.25,standard,2026-07-19T18:19:01Z
146,32,10,24.25,standard,2026-07-19T18:19:01Z
146,32,11,24.25,standard,2026-07-19T18:19:01Z
146,32,12,24.25,standard,2026-07-19T18:19:01Z
146,33,10,24.25,standard,2026-07-19T18:19:01Z
146,33,11,24.25,standard,2026-07-19T18:19:01Z
146,33,12,24.25,standard,2026-07-19T18:19:01Z
146,33,3,24.25,standard,2026-07-19T18:19:01Z
146,33,4,24.25,standard,2026-07-19T18:19:01Z
146,33,5,24.25,standard,2026-07-19T18:19:01Z
146,33,6,24.25,standard,2026-07-19T18:19:01Z
146,33,7,24.25,standard,2026-07-19T18:19:01Z
146,33,8,24.25,standard,2026-07-19T18:19:01Z
146,33,9,24.25,standard,2026-07-19T18:19:01Z
146,34,10,24.25,standard,2026-07-19T18:19:01Z
146,34,11,24.25,standard,2026-07-19T18:19:01Z
146,34,12,24.25,standard,2026-07-19T18:19:01Z
146,34,7,24.25,standard,2026-07-19T18:19:01Z
146,34,8,24.25,standard,2026-07-19T18:19:01Z
146,34,9,24.25,standard,2026-07-19T18:19:01Z
146,36,3,24.25,standard,2026-07-19T18:19:01Z
146,36,4,24.25,standard,2026-07-19T18:19:01Z
146,36,5,24.25,standard,2026-07-19T18:19:01Z
146,36,6,24.25,standard,2026-07-19T18:19:01Z
146,7,4,24.25,standard,2026-07-19T18:19:01Z
146,7,5,24.25,standard,2026-07-19T18:19:01Z
146,7,6,24.25,standard,2026-07-19T18:19:01Z
146,7,7,24.25,standard,2026-07-19T18:19:01Z
146,7,8,24.25,standard,2026-07-19T18:19:01Z
146,7,9,24.25,standard,2026-07-19T18:19:01Z
146,7,1,24.25,standard,2026-07-19T18:19:01Z
146,7,10,24.25,standard,2026-07-19T18:19:01Z
146,7,11,24.25,standard,2026-07-19T18:19:01Z
146,7,12,24.25,standard,2026-07-19T18:19:01Z
146,7,13,24.25,standard,2026-07-19T18:19:01Z
146,7,14,24.25,standard,2026-07-19T18:19:01Z
146,7,2,24.25,standard,2026-07-19T18:19:01Z
146,7,3,24.25,standard,2026-07-19T18:19:01Z
146,8,4,24.25,standard,2026-07-19T18:19:01Z
146,8,5,24.25,standard,2026-07-19T18:19:01Z
146,8,6,24.25,standard,2026-07-19T18:19:01Z
146,8,7,24.25,standard,2026-07-19T18:19:01Z
146,8,8,24.25,standard,2026-07-19T18:19:01Z
146,8,9,24.25,standard,2026-07-19T18:19:01Z
146,8,1,24.25,standard,2026-07-19T18:19:01Z
146,8,10,24.25,standard,2026-07-19T18:19:01Z
146,8,11,24.25,standard,2026-07-19T18:19:01Z
146,8,12,24.25,standard,2026-07-19T18:19:01Z
146,8,13,24.25,standard,2026-07-19T18:19:01Z
146,8,14,24.25,standard,2026-07-19T18:19:01Z
146,8,2,24.25,standard,2026-07-19T18:19:01Z
146,8,3,24.25,standard,2026-07-19T18:19:01Z
147,37,10,24.25,standard,2026-07-19T18:19:01Z
147,37,2,24.25,standard,2026-07-19T18:19:01Z
147,37,3,24.25,standard,2026-07-19T18:19:01Z
147,37,4,24.25,standard,2026-07-19T18:19:01Z
147,37,5,24.25,standard,2026-07-19T18:19:01Z
147,37,6,24.25,standard,2026-07-19T18:19:01Z
147,37,7,24.25,standard,2026-07-19T18:19:01Z
147,37,8,24.25,standard,2026-07-19T18:19:01Z
147,37,9,24.25,standard,2026-07-19T18:19:01Z
147,33,10,24.25,standard,2026-07-19T18:19:01Z
147,33,2,24.25,standard,2026-07-19T18:19:01Z
147,33,3,24.25,standard,2026-07-19T18:19:01Z
147,33,4,24.25,standard,2026-07-19T18:19:01Z
147,33,5,24.25,standard,2026-07-19T18:19:01Z
147,33,6,24.25,standard,2026-07-19T18:19:01Z
147,33,7,24.25,standard,2026-07-19T18:19:01Z
147,33,8,24.25,standard,2026-07-19T18:19:01Z
147,33,9,24.25,standard,2026-07-19T18:19:01Z
147,34,10,24.25,standard,2026-07-19T18:19:01Z
147,34,2,24.25,standard,2026-07-19T18:19:01Z
147,34,3,24.25,standard,2026-07-19T18:19:01Z
147,34,4,24.25,standard,2026-07-19T18:19:01Z
147,34,5,24.25,standard,2026-07-19T18:19:01Z
147,34,6,24.25,standard,2026-07-19T18:19:01Z
147,34,7,24.25,standard,2026-07-19T18:19:01Z
147,34,8,24.25,standard,2026-07-19T18:19:01Z
147,34,9,24.25,standard,2026-07-19T18:19:01Z
147,35,10,24.25,standard,2026-07-19T18:19:01Z
147,35,3,24.25,standard,2026-07-19T18:19:01Z
147,35,4,24.25,standard,2026-07-19T18:19:01Z
147,35,5,24.25,standard,2026-07-19T18:19:01Z
147,35,6,24.25,standard,2026-07-19T18:19:01Z
147,35,7,24.25,standard,2026-07-19T18:19:01Z
147,35,8,24.25,standard,2026-07-19T18:19:01Z
147,35,9,24.25,standard,2026-07-19T18:19:01Z
147,36,10,24.25,standard,2026-07-19T18:19:01Z
147,36,3,24.25,standard,2026-07-19T18:19:01Z
147,36,4,24.25,standard,2026-07-19T18:19:01Z
147,36,5,24.25,standard,2026-07-19T18:19:01Z
147,36,6,24.25,standard,2026-07-19T18:19:01Z
147,36,7,24.25,standard,2026-07-19T18:19:01Z
147,36,8,24.25,standard,2026-07-19T18:19:01Z
147,36,9,24.25,standard,2026-07-19T18:19:01Z
147,38,10,24.25,standard,2026-07-19T18:19:01Z
147,38,4,24.25,standard,2026-07-19T18:19:01Z
147,38,5,24.25,standard,2026-07-19T18:19:01Z
147,38,6,24.25,standard,2026-07-19T18:19:01Z
147,38,7,24.25,standard,2026-07-19T18:19:01Z
147,38,8,24.25,standard,2026-07-19T18:19:01Z
147,38,9,24.25,standard,2026-07-19T18:19:01Z
147,8,4,24.25,standard,2026-07-19T18:19:01Z
147,8,5,24.25,standard,2026-07-19T18:19:01Z
147,8,6,24.25,standard,2026-07-19T18:19:01Z
147,8,7,24.25,standard,2026-07-19T18:19:01Z
147,8,8,24.25,standard,2026-07-19T18:19:01Z
147,8,9,24.25,standard,2026-07-19T18:19:01Z
147,8,1,24.25,standard,2026-07-19T18:19:01Z
147,8,10,24.25,standard,2026-07-19T18:19:01Z
147,8,11,24.25,standard,2026-07-19T18:19:01Z
147,8,12,24.25,standard,2026-07-19T18:19:01Z
147,8,13,24.25,standard,2026-07-19T18:19:01Z
147,8,2,24.25,standard,2026-07-19T18:19:01Z
147,8,3,24.25,standard,2026-07-19T18:19:01Z
148,14,7,24.25,standard,2026-07-19T18:19:01Z
148,14,8,24.25,standard,2026-07-19T18:19:01Z
148W,W,10,24.25,standard,2026-07-19T18:19:01Z
148W,W,11,24.25,standard,2026-07-19T18:19:01Z
148W,W,12,24.25,standard,2026-07-19T18:19:01Z
148W,W,13,24.25,standard,2026-07-19T18:19:01Z
148W,W,14,24.25,standard,2026-07-19T18:19:01Z
148W,W,5,24.25,standard,2026-07-19T18:19:01Z
148W,W,6,24.25,standard,2026-07-19T18:19:01Z
148W,W,7,24.25,standard,2026-07-19T18:19:01Z
148W,W,8,24.25,standard,2026-07-19T18:19:01Z
148W,W,9,24.25,standard,2026-07-19T18:19:01Z
149,14,5,24.25,standard,2026-07-19T18:19:01Z
149,14,6,24.25,standard,2026-07-19T18:19:01Z
149,19,10,24.25,standard,2026-07-19T18:19:01Z
149,19,11,24.25,standard,2026-07-19T18:19:01Z
149,19,8,24.25,standard,2026-07-19T18:19:01Z
149,19,9,24.25,standard,2026-07-19T18:19:01Z
149,27,10,24.25,standard,2026-07-19T18:19:01Z
149,27,11,24.25,standard,2026-07-19T18:19:01Z
149,27,12,24.25,standard,2026-07-19T18:19:01Z
149,27,13,24.25,standard,2026-07-19T18:19:01Z
149,27,14,24.25,standard,2026-07-19T18:19:01Z
149,27,15,24.25,standard,2026-07-19T18:19:01Z
149,27,2,24.25,standard,2026-07-19T18:19:01Z
149,27,3,24.25,standard,2026-07-19T18:19:01Z
149,27,4,24.25,standard,2026-07-19T18:19:01Z
149,27,5,24.25,standard,2026-07-19T18:19:01Z
149,27,6,24.25,standard,2026-07-19T18:19:01Z
149,27,7,24.25,standard,2026-07-19T18:19:01Z
149,27,8,24.25,standard,2026-07-19T18:19:01Z
149,27,9,24.25,standard,2026-07-19T18:19:01Z
149,20,11,24.25,standard,2026-07-19T18:19:01Z
149,20,12,24.25,standard,2026-07-19T18:19:01Z
149,21,11,24.25,standard,2026-07-19T18:19:01Z
149,21,12,24.25,standard,2026-07-19T18:19:01Z
149,22,10,24.25,standard,2026-07-19T18:19:01Z
149,22,11,24.25,standard,2026-07-19T18:19:01Z
149,22,12,24.25,standard,2026-07-19T18:19:01Z
149,22,13,24.25,standard,2026-07-19T18:19:01Z
149,22,2,24.25,standard,2026-07-19T18:19:01Z
149,22,3,24.25,standard,2026-07-19T18:19:01Z
149,22,4,24.25,standard,2026-07-19T18:19:01Z
149,22,5,24.25,standard,2026-07-19T18:19:01Z
149,22,6,24.25,standard,2026-07-19T18:19:01Z
149,22,7,24.25,standard,2026-07-19T18:19:01Z
149,22,8,24.25,standard,2026-07-19T18:19:01Z
149,22,9,24.25,standard,2026-07-19T18:19:01Z
149,23,10,24.25,standard,2026-07-19T18:19:01Z
149,23,11,24.25,standard,2026-07-19T18:19:01Z
149,23,12,24.25,standard,2026-07-19T18:19:01Z
149,23,13,24.25,standard,2026-07-19T18:19:01Z
149,23,2,24.25,standard,2026-07-19T18:19:01Z
149,23,3,24.25,standard,2026-07-19T18:19:01Z
149,23,4,24.25,standard,2026-07-19T18:19:01Z
149,23,5,24.25,standard,2026-07-19T18:19:01Z
149,23,6,24.25,standard,2026-07-19T18:19:01Z
149,23,7,24.25,standard,2026-07-19T18:19:01Z
149,23,8,24.25,standard,2026-07-19T18:19:01Z
149,23,9,24.25,standard,2026-07-19T18:19:01Z
149,24,10,24.25,standard,2026-07-19T18:19:01Z
149,24,11,24.25,standard,2026-07-19T18:19:01Z
149,24,12,24.25,standard,2026-07-19T18:19:01Z
149,24,13,24.25,standard,2026-07-19T18:19:01Z
149,24,14,24.25,standard,2026-07-19T18:19:01Z
149,24,2,24.25,standard,2026-07-19T18:19:01Z
149,24,3,24.25,standard,2026-07-19T18:19:01Z
149,24,4,24.25,standard,2026-07-19T18:19:01Z
149,24,5,24.25,standard,2026-07-19T18:19:01Z
149,24,6,24.25,standard,2026-07-19T18:19:01Z
149,24,7,24.25,standard,2026-07-19T18:19:01Z
149,24,8,24.25,standard,2026-07-19T18:19:01Z
149,24,9,24.25,standard,2026-07-19T18:19:01Z
149,25,10,24.25,standard,2026-07-19T18:19:01Z
149,25,11,24.25,standard,2026-07-19T18:19:01Z
149,25,12,24.25,standard,2026-07-19T18:19:01Z
149,25,13,24.25,standard,2026-07-19T18:19:01Z
149,25,14,24.25,standard,2026-07-19T18:19:01Z
149,25,2,24.25,standard,2026-07-19T18:19:01Z
149,25,3,24.25,standard,2026-07-19T18:19:01Z
149,25,4,24.25,standard,2026-07-19T18:19:01Z
149,25,5,24.25,standard,2026-07-19T18:19:01Z
149,25,6,24.25,standard,2026-07-19T18:19:01Z
149,25,7,24.25,standard,2026-07-19T18:19:01Z
149,25,8,24.25,standard,2026-07-19T18:19:01Z
149,25,9,24.25,standard,2026-07-19T18:19:01Z
149,26,10,24.25,standard,2026-07-19T18:19:01Z
149,26,11,24.25,standard,2026-07-19T18:19:01Z
149,26,12,24.25,standard,2026-07-19T18:19:01Z
149,26,13,24.25,standard,2026-07-19T18:19:01Z
149,26,14,24.25,standard,2026-07-19T18:19:01Z
149,26,15,24.25,standard,2026-07-19T18:19:01Z
149,26,2,24.25,standard,2026-07-19T18:19:01Z
149,26,3,24.25,standard,2026-07-19T18:19:01Z
149,26,4,24.25,standard,2026-07-19T18:19:01Z
149,26,5,24.25,standard,2026-07-19T18:19:01Z
149,26,6,24.25,standard,2026-07-19T18:19:01Z
149,26,7,24.25,standard,2026-07-19T18:19:01Z
149,26,8,24.25,standard,2026-07-19T18:19:01Z
149,26,9,24.25,standard,2026-07-19T18:19:01Z
149,28,10,24.25,standard,2026-07-19T18:19:01Z
149,28,11,24.25,standard,2026-07-19T18:19:01Z
149,28,12,24.25,standard,2026-07-19T18:19:01Z
149,28,13,24.25,standard,2026-07-19T18:19:01Z
149,28,14,24.25,standard,2026-07-19T18:19:01Z
149,28,15,24.25,standard,2026-07-19T18:19:01Z
149,28,16,24.25,standard,2026-07-19T18:19:01Z
149,28,2,24.25,standard,2026-07-19T18:19:01Z
149,28,3,24.25,standard,2026-07-19T18:19:01Z
149,28,4,24.25,standard,2026-07-19T18:19:01Z
149,28,5,24.25,standard,2026-07-19T18:19:01Z
149,28,6,24.25,standard,2026-07-19T18:19:01Z
149,28,7,24.25,standard,2026-07-19T18:19:01Z
149,28,8,24.25,standard,2026-07-19T18:19:01Z
149,28,9,24.25,standard,2026-07-19T18:19:01Z
149,29,10,24.25,standard,2026-07-19T18:19:01Z
149,29,11,24.25,standard,2026-07-19T18:19:01Z
149,29,12,24.25,standard,2026-07-19T18:19:01Z
149,29,13,24.25,standard,2026-07-19T18:19:01Z
149,29,14,24.25,standard,2026-07-19T18:19:01Z
149,29,15,24.25,standard,2026-07-19T18:19:01Z
149,29,16,24.25,standard,2026-07-19T18:19:01Z
149,29,2,24.25,standard,2026-07-19T18:19:01Z
149,29,3,24.25,standard,2026-07-19T18:19:01Z
149,29,4,24.25,standard,2026-07-19T18:19:01Z
149,29,5,24.25,standard,2026-07-19T18:19:01Z
149,29,6,24.25,standard,2026-07-19T18:19:01Z
149,29,7,24.25,standard,2026-07-19T18:19:01Z
149,29,8,24.25,standard,2026-07-19T18:19:01Z
149,29,9,24.25,standard,2026-07-19T18:19:01Z
149,37,11,24.25,standard,2026-07-19T18:19:01Z
149,37,12,24.25,standard,2026-07-19T18:19:01Z
149,37,13,24.25,standard,2026-07-19T18:19:01Z
149,37,14,24.25,standard,2026-07-19T18:19:01Z
149,37,15,24.25,standard,2026-07-19T18:19:01Z
149,37,16,24.25,standard,2026-07-19T18:19:01Z
149,37,17,24.25,standard,2026-07-19T18:19:01Z
149,37,18,24.25,standard,2026-07-19T18:19:01Z
149,37,19,24.25,standard,2026-07-19T18:19:01Z
149,30,10,24.25,standard,2026-07-19T18:19:01Z
149,30,11,24.25,standard,2026-07-19T18:19:01Z
149,30,12,24.25,standard,2026-07-19T18:19:01Z
149,30,13,24.25,standard,2026-07-19T18:19:01Z
149,30,14,24.25,standard,2026-07-19T18:19:01Z
149,30,15,24.25,standard,2026-07-19T18:19:01Z
149,30,16,24.25,standard,2026-07-19T18:19:01Z
149,30,17,24.25,standard,2026-07-19T18:19:01Z
149,30,2,24.25,standard,2026-07-19T18:19:01Z
149,30,3,24.25,standard,2026-07-19T18:19:01Z
149,30,4,24.25,standard,2026-07-19T18:19:01Z
149,30,5,24.25,standard,2026-07-19T18:19:01Z
149,30,6,24.25,standard,2026-07-19T18:19:01Z
149,30,7,24.25,standard,2026-07-19T18:19:01Z
149,30,8,24.25,standard,2026-07-19T18:19:01Z
149,30,9,24.25,standard,2026-07-19T18:19:01Z
149,31,10,24.25,standard,2026-07-19T18:19:01Z
149,31,11,24.25,standard,2026-07-19T18:19:01Z
149,31,12,24.25,standard,2026-07-19T18:19:01Z
149,31,13,24.25,standard,2026-07-19T18:19:01Z
149,31,14,24.25,standard,2026-07-19T18:19:01Z
149,31,15,24.25,standard,2026-07-19T18:19:01Z
149,31,16,24.25,standard,2026-07-19T18:19:01Z
149,31,17,24.25,standard,2026-07-19T18:19:01Z
149,31,2,24.25,standard,2026-07-19T18:19:01Z
149,31,3,24.25,standard,2026-07-19T18:19:01Z
149,31,4,24.25,standard,2026-07-19T18:19:01Z
149,31,5,24.25,standard,2026-07-19T18:19:01Z
149,31,6,24.25,standard,2026-07-19T18:19:01Z
149,31,7,24.25,standard,2026-07-19T18:19:01Z
149,31,8,24.25,standard,2026-07-19T18:19:01Z
149,31,9,24.25,standard,2026-07-19T18:19:01Z
149,32,10,24.25,standard,2026-07-19T18:19:01Z
149,32,11,24.25,standard,2026-07-19T18:19:01Z
149,32,12,24.25,standard,2026-07-19T18:19:01Z
149,32,13,24.25,standard,2026-07-19T18:19:01Z
149,32,14,24.25,standard,2026-07-19T18:19:01Z
149,32,15,24.25,standard,2026-07-19T18:19:01Z
149,32,16,24.25,standard,2026-07-19T18:19:01Z
149,32,17,24.25,standard,2026-07-19T18:19:01Z
149,32,18,24.25,standard,2026-07-19T18:19:01Z
149,32,2,24.25,standard,2026-07-19T18:19:01Z
149,32,3,24.25,standard,2026-07-19T18:19:01Z
149,32,4,24.25,standard,2026-07-19T18:19:01Z
149,32,5,24.25,standard,2026-07-19T18:19:01Z
149,32,6,24.25,standard,2026-07-19T18:19:01Z
149,32,7,24.25,standard,2026-07-19T18:19:01Z
149,32,8,24.25,standard,2026-07-19T18:19:01Z
149,32,9,24.25,standard,2026-07-19T18:19:01Z
149,33,10,24.25,standard,2026-07-19T18:19:01Z
149,33,11,24.25,standard,2026-07-19T18:19:01Z
149,33,12,24.25,standard,2026-07-19T18:19:01Z
149,33,13,24.25,standard,2026-07-19T18:19:01Z
149,33,14,24.25,standard,2026-07-19T18:19:01Z
149,33,15,24.25,standard,2026-07-19T18:19:01Z
149,33,16,24.25,standard,2026-07-19T18:19:01Z
149,33,17,24.25,standard,2026-07-19T18:19:01Z
149,33,18,24.25,standard,2026-07-19T18:19:01Z
149,33,2,24.25,standard,2026-07-19T18:19:01Z
149,33,3,24.25,standard,2026-07-19T18:19:01Z
149,33,4,24.25,standard,2026-07-19T18:19:01Z
149,33,5,24.25,standard,2026-07-19T18:19:01Z
149,33,6,24.25,standard,2026-07-19T18:19:01Z
149,33,7,24.25,standard,2026-07-19T18:19:01Z
149,33,8,24.25,standard,2026-07-19T18:19:01Z
149,33,9,24.25,standard,2026-07-19T18:19:01Z
149,34,10,24.25,standard,2026-07-19T18:19:01Z
149,34,11,24.25,standard,2026-07-19T18:19:01Z
149,34,12,24.25,standard,2026-07-19T18:19:01Z
149,34,13,24.25,standard,2026-07-19T18:19:01Z
149,34,14,24.25,standard,2026-07-19T18:19:01Z
149,34,15,24.25,standard,2026-07-19T18:19:01Z
149,34,16,24.25,standard,2026-07-19T18:19:01Z
149,34,17,24.25,standard,2026-07-19T18:19:01Z
149,34,18,24.25,standard,2026-07-19T18:19:01Z
149,34,19,24.25,standard,2026-07-19T18:19:01Z
149,34,2,24.25,standard,2026-07-19T18:19:01Z
149,34,3,24.25,standard,2026-07-19T18:19:01Z
149,34,4,24.25,standard,2026-07-19T18:19:01Z
149,34,5,24.25,standard,2026-07-19T18:19:01Z
149,34,6,24.25,standard,2026-07-19T18:19:01Z
149,34,7,24.25,standard,2026-07-19T18:19:01Z
149,34,8,24.25,standard,2026-07-19T18:19:01Z
149,34,9,24.25,standard,2026-07-19T18:19:01Z
149,35,10,24.25,standard,2026-07-19T18:19:01Z
149,35,11,24.25,standard,2026-07-19T18:19:01Z
149,35,12,24.25,standard,2026-07-19T18:19:01Z
149,35,13,24.25,standard,2026-07-19T18:19:01Z
149,35,14,24.25,standard,2026-07-19T18:19:01Z
149,35,15,24.25,standard,2026-07-19T18:19:01Z
149,35,16,24.25,standard,2026-07-19T18:19:01Z
149,35,17,24.25,standard,2026-07-19T18:19:01Z
149,35,18,24.25,standard,2026-07-19T18:19:01Z
149,35,19,24.25,standard,2026-07-19T18:19:01Z
149,35,20,24.25,standard,2026-07-19T18:19:01Z
149,35,5,24.25,standard,2026-07-19T18:19:01Z
149,35,6,24.25,standard,2026-07-19T18:19:01Z
149,35,7,24.25,standard,2026-07-19T18:19:01Z
149,35,8,24.25,standard,2026-07-19T18:19:01Z
149,35,9,24.25,standard,2026-07-19T18:19:01Z
149,36,10,24.25,standard,2026-07-19T18:19:01Z
149,36,11,24.25,standard,2026-07-19T18:19:01Z
149,36,12,24.25,standard,2026-07-19T18:19:01Z
149,36,13,24.25,standard,2026-07-19T18:19:01Z
149,36,14,24.25,standard,2026-07-19T18:19:01Z
149,36,15,24.25,standard,2026-07-19T18:19:01Z
149,36,16,24.25,standard,2026-07-19T18:19:01Z
149,36,17,24.25,standard,2026-07-19T18:19:01Z
149,36,18,24.25,standard,2026-07-19T18:19:01Z
149,36,19,24.25,standard,2026-07-19T18:19:01Z
149,36,20,24.25,standard,2026-07-19T18:19:01Z
149,36,5,24.25,standard,2026-07-19T18:19:01Z
149,36,6,24.25,standard,2026-07-19T18:19:01Z
149,36,7,24.25,standard,2026-07-19T18:19:01Z
149,36,8,24.25,standard,2026-07-19T18:19:01Z
149,36,9,24.25,standard,2026-07-19T18:19:01Z
149,38,11,24.25,standard,2026-07-19T18:19:01Z
149,38,12,24.25,standard,2026-07-19T18:19:01Z
149,38,13,24.25,standard,2026-07-19T18:19:01Z
149,38,14,24.25,standard,2026-07-19T18:19:01Z
149,38,15,24.25,standard,2026-07-19T18:19:01Z
149,38,16,24.25,standard,2026-07-19T18:19:01Z
149,38,17,24.25,standard,2026-07-19T18:19:01Z
149,38,18,24.25,standard,2026-07-19T18:19:01Z
149,38,19,24.25,standard,2026-07-19T18:19:01Z
149,38,20,24.25,standard,2026-07-19T18:19:01Z
149W,W,10,24.25,standard,2026-07-19T18:19:01Z
149W,W,11,24.25,standard,2026-07-19T18:19:01Z
149W,W,12,24.25,standard,2026-07-19T18:19:01Z
149W,W,13,24.25,standard,2026-07-19T18:19:01Z
149W,W,14,24.25,standard,2026-07-19T18:19:01Z
149W,W,2,24.25,standard,2026-07-19T18:19:01Z
149W,W,3,24.25,standard,2026-07-19T18:19:01Z
149W,W,4,24.25,standard,2026-07-19T18:19:01Z
149W,W,5,24.25,standard,2026-07-19T18:19:01Z
149W,W,6,24.25,standard,2026-07-19T18:19:01Z
149W,W,7,24.25,standard,2026-07-19T18:19:01Z
149W,W,8,24.25,standard,2026-07-19T18:19:01Z
149W,W,9,24.25,standard,2026-07-19T18:19:01Z
150,27,10,24.25,standard,2026-07-19T18:19:01Z
150,27,11,24.25,standard,2026-07-19T18:19:01Z
150,27,12,24.25,standard,2026-07-19T18:19:01Z
150,27,13,24.25,standard,2026-07-19T18:19:01Z
150,27,14,24.25,standard,2026-07-19T18:19:01Z
150,27,15,24.25,standard,2026-07-19T18:19:01Z
150,27,2,24.25,standard,2026-07-19T18:19:01Z
150,27,3,24.25,standard,2026-07-19T18:19:01Z
150,27,4,24.25,standard,2026-07-19T18:19:01Z
150,27,5,24.25,standard,2026-07-19T18:19:01Z
150,27,6,24.25,standard,2026-07-19T18:19:01Z
150,27,7,24.25,standard,2026-07-19T18:19:01Z
150,27,8,24.25,standard,2026-07-19T18:19:01Z
150,27,9,24.25,standard,2026-07-19T18:19:01Z
150,23,1,24.25,standard,2026-07-19T18:19:01Z
150,23,2,24.25,standard,2026-07-19T18:19:01Z
150,23,3,24.25,standard,2026-07-19T18:19:01Z
150,23,4,24.25,standard,2026-07-19T18:19:01Z
150,23,5,24.25,standard,2026-07-19T18:19:01Z
150,23,6,24.25,standard,2026-07-19T18:19:01Z
150,23,7,24.25,standard,2026-07-19T18:19:01Z
150,23,8,24.25,standard,2026-07-19T18:19:01Z
150,23,9,24.25,standard,2026-07-19T18:19:01Z
150,24,10,24.25,standard,2026-07-19T18:19:01Z
150,24,11,24.25,standard,2026-07-19T18:19:01Z
150,24,12,24.25,standard,2026-07-19T18:19:01Z
150,24,13,24.25,standard,2026-07-19T18:19:01Z
150,24,2,24.25,standard,2026-07-19T18:19:01Z
150,24,3,24.25,standard,2026-07-19T18:19:01Z
150,24,4,24.25,standard,2026-07-19T18:19:01Z
150,24,5,24.25,standard,2026-07-19T18:19:01Z
150,24,6,24.25,standard,2026-07-19T18:19:01Z
150,24,7,24.25,standard,2026-07-19T18:19:01Z
150,24,8,24.25,standard,2026-07-19T18:19:01Z
150,24,9,24.25,standard,2026-07-19T18:19:01Z
150,25,10,24.25,standard,2026-07-19T18:19:01Z
150,25,11,24.25,standard,2026-07-19T18:19:01Z
150,25,12,24.25,standard,2026-07-19T18:19:01Z
150,25,13,24.25,standard,2026-07-19T18:19:01Z
150,25,2,24.25,standard,2026-07-19T18:19:01Z
150,25,3,24.25,standard,2026-07-19T18:19:01Z
150,25,4,24.25,standard,2026-07-19T18:19:01Z
150,25,5,24.25,standard,2026-07-19T18:19:01Z
150,25,6,24.25,standard,2026-07-19T18:19:01Z
150,25,7,24.25,standard,2026-07-19T18:19:01Z
150,25,8,24.25,standard,2026-07-19T18:19:01Z
150,25,9,24.25,standard,2026-07-19T18:19:01Z
150,28,10,24.25,standard,2026-07-19T18:19:01Z
150,28,11,24.25,standard,2026-07-19T18:19:01Z
150,28,12,24.25,standard,2026-07-19T18:19:01Z
150,28,13,24.25,standard,2026-07-19T18:19:01Z
150,28,14,24.25,standard,2026-07-19T18:19:01Z
150,28,15,24.25,standard,2026-07-19T18:19:01Z
150,28,2,24.25,standard,2026-07-19T18:19:01Z
150,28,3,24.25,standard,2026-07-19T18:19:01Z
150,28,4,24.25,standard,2026-07-19T18:19:01Z
150,28,5,24.25,standard,2026-07-19T18:19:01Z
150,28,6,24.25,standard,2026-07-19T18:19:01Z
150,28,7,24.25,standard,2026-07-19T18:19:01Z
150,28,8,24.25,standard,2026-07-19T18:19:01Z
150,28,9,24.25,standard,2026-07-19T18:19:01Z
150,29,10,24.25,standard,2026-07-19T18:19:01Z
150,29,11,24.25,standard,2026-07-19T18:19:01Z
150,29,12,24.25,standard,2026-07-19T18:19:01Z
150,29,13,24.25,standard,2026-07-19T18:19:01Z
150,29,14,24.25,standard,2026-07-19T18:19:01Z
150,29,15,24.25,standard,2026-07-19T18:19:01Z
150,29,16,24.25,standard,2026-07-19T18:19:01Z
150,29,2,24.25,standard,2026-07-19T18:19:01Z
150,29,3,24.25,standard,2026-07-19T18:19:01Z
150,29,4,24.25,standard,2026-07-19T18:19:01Z
150,29,5,24.25,standard,2026-07-19T18:19:01Z
150,29,6,24.25,standard,2026-07-19T18:19:01Z
150,29,7,24.25,standard,2026-07-19T18:19:01Z
150,29,8,24.25,standard,2026-07-19T18:19:01Z
150,29,9,24.25,standard,2026-07-19T18:19:01Z
150,30,10,24.25,standard,2026-07-19T18:19:01Z
150,30,11,24.25,standard,2026-07-19T18:19:01Z
150,30,12,24.25,standard,2026-07-19T18:19:01Z
150,30,13,24.25,standard,2026-07-19T18:19:01Z
150,30,14,24.25,standard,2026-07-19T18:19:01Z
150,30,2,24.25,standard,2026-07-19T18:19:01Z
150,30,3,24.25,standard,2026-07-19T18:19:01Z
150,30,4,24.25,standard,2026-07-19T18:19:01Z
150,30,5,24.25,standard,2026-07-19T18:19:01Z
150,30,6,24.25,standard,2026-07-19T18:19:01Z
150,30,7,24.25,standard,2026-07-19T18:19:01Z
150,30,8,24.25,standard,2026-07-19T18:19:01Z
150,30,9,24.25,standard,2026-07-19T18:19:01Z
150,31,10,24.25,standard,2026-07-19T18:19:01Z
150,31,11,24.25,standard,2026-07-19T18:19:01Z
150,31,12,24.25,standard,2026-07-19T18:19:01Z
150,31,13,24.25,standard,2026-07-19T18:19:01Z
150,31,14,24.25,standard,2026-07-19T18:19:01Z
150,31,15,24.25,standard,2026-07-19T18:19:01Z
150,31,16,24.25,standard,2026-07-19T18:19:01Z
150,31,17,24.25,standard,2026-07-19T18:19:01Z
150,31,2,24.25,standard,2026-07-19T18:19:01Z
150,31,3,24.25,standard,2026-07-19T18:19:01Z
150,31,4,24.25,standard,2026-07-19T18:19:01Z
150,31,5,24.25,standard,2026-07-19T18:19:01Z
150,31,6,24.25,standard,2026-07-19T18:19:01Z
150,31,7,24.25,standard,2026-07-19T18:19:01Z
150,31,8,24.25,standard,2026-07-19T18:19:01Z
150,31,9,24.25,standard,2026-07-19T18:19:01Z
150,32,10,24.25,standard,2026-07-19T18:19:01Z
150,32,11,24.25,standard,2026-07-19T18:19:01Z
150,32,12,24.25,standard,2026-07-19T18:19:01Z
150,32,13,24.25,standard,2026-07-19T18:19:01Z
150,32,14,24.25,standard,2026-07-19T18:19:01Z
150,32,15,24.25,standard,2026-07-19T18:19:01Z
150,32,16,24.25,standard,2026-07-19T18:19:01Z
150,32,17,24.25,standard,2026-07-19T18:19:01Z
150,32,2,24.25,standard,2026-07-19T18:19:01Z
150,32,3,24.25,standard,2026-07-19T18:19:01Z
150,32,4,24.25,standard,2026-07-19T18:19:01Z
150,32,5,24.25,standard,2026-07-19T18:19:01Z
150,32,6,24.25,standard,2026-07-19T18:19:01Z
150,32,7,24.25,standard,2026-07-19T18:19:01Z
150,32,8,24.25,standard,2026-07-19T18:19:01Z
150,32,9,24.25,standard,2026-07-19T18:19:01Z
150,33,10,24.25,standard,2026-07-19T18:19:01Z
150,33,11,24.25,standard,2026-07-19T18:19:01Z
150,33,12,24.25,standard,2026-07-19T18:19:01Z
150,33,13,24.25,standard,2026-07-19T18:19:01Z
150,33,14,24.25,standard,2026-07-19T18:19:01Z
150,33,15,24.25,standard,2026-07-19T18:19:01Z
150,33,16,24.25,standard,2026-07-19T18:19:01Z
150,33,17,24.25,standard,2026-07-19T18:19:01Z
150,33,18,24.25,standard,2026-07-19T18:19:01Z
150,33,2,24.25,standard,2026-07-19T18:19:01Z
150,33,3,24.25,standard,2026-07-19T18:19:01Z
150,33,4,24.25,standard,2026-07-19T18:19:01Z
150,33,5,24.25,standard,2026-07-19T18:19:01Z
150,33,6,24.25,standard,2026-07-19T18:19:01Z
150,33,7,24.25,standard,2026-07-19T18:19:01Z
150,33,8,24.25,standard,2026-07-19T18:19:01Z
150,33,9,24.25,standard,2026-07-19T18:19:01Z
150,34,10,24.25,standard,2026-07-19T18:19:01Z
150,34,11,24.25,standard,2026-07-19T18:19:01Z
150,34,12,24.25,standard,2026-07-19T18:19:01Z
150,34,13,24.25,standard,2026-07-19T18:19:01Z
150,34,14,24.25,standard,2026-07-19T18:19:01Z
150,34,15,24.25,standard,2026-07-19T18:19:01Z
150,34,16,24.25,standard,2026-07-19T18:19:01Z
150,34,17,24.25,standard,2026-07-19T18:19:01Z
150,34,18,24.25,standard,2026-07-19T18:19:01Z
150,34,2,24.25,standard,2026-07-19T18:19:01Z
150,34,3,24.25,standard,2026-07-19T18:19:01Z
150,34,4,24.25,standard,2026-07-19T18:19:01Z
150,34,5,24.25,standard,2026-07-19T18:19:01Z
150,34,6,24.25,standard,2026-07-19T18:19:01Z
150,34,7,24.25,standard,2026-07-19T18:19:01Z
150,34,8,24.25,standard,2026-07-19T18:19:01Z
150,34,9,24.25,standard,2026-07-19T18:19:01Z
150,35,10,24.25,standard,2026-07-19T18:19:01Z
150,35,11,24.25,standard,2026-07-19T18:19:01Z
150,35,12,24.25,standard,2026-07-19T18:19:01Z
150,35,13,24.25,standard,2026-07-19T18:19:01Z
150,35,14,24.25,standard,2026-07-19T18:19:01Z
150,35,15,24.25,standard,2026-07-19T18:19:01Z
150,35,16,24.25,standard,2026-07-19T18:19:01Z
150,35,17,24.25,standard,2026-07-19T18:19:01Z
150,35,18,24.25,standard,2026-07-19T18:19:01Z
150,35,19,24.25,standard,2026-07-19T18:19:01Z
150,35,2,24.25,standard,2026-07-19T18:19:01Z
150,35,3,24.25,standard,2026-07-19T18:19:01Z
150,35,4,24.25,standard,2026-07-19T18:19:01Z
150,35,5,24.25,standard,2026-07-19T18:19:01Z
150,35,6,24.25,standard,2026-07-19T18:19:01Z
150,35,7,24.25,standard,2026-07-19T18:19:01Z
150,35,8,24.25,standard,2026-07-19T18:19:01Z
150,35,9,24.25,standard,2026-07-19T18:19:01Z
150,36,10,24.25,standard,2026-07-19T18:19:01Z
150,36,11,24.25,standard,2026-07-19T18:19:01Z
150,36,12,24.25,standard,2026-07-19T18:19:01Z
150,36,13,24.25,standard,2026-07-19T18:19:01Z
150,36,14,24.25,standard,2026-07-19T18:19:01Z
150,36,15,24.25,standard,2026-07-19T18:19:01Z
150,36,16,24.25,standard,2026-07-19T18:19:01Z
150,36,17,24.25,standard,2026-07-19T18:19:01Z
150,36,18,24.25,standard,2026-07-19T18:19:01Z
150,36,19,24.25,standard,2026-07-19T18:19:01Z
150,36,2,24.25,standard,2026-07-19T18:19:01Z
150,36,3,24.25,standard,2026-07-19T18:19:01Z
150,36,4,24.25,standard,2026-07-19T18:19:01Z
150,36,5,24.25,standard,2026-07-19T18:19:01Z
150,36,6,24.25,standard,2026-07-19T18:19:01Z
150,36,7,24.25,standard,2026-07-19T18:19:01Z
150,36,8,24.25,standard,2026-07-19T18:19:01Z
150,36,9,24.25,standard,2026-07-19T18:19:01Z
150,38,10,24.25,standard,2026-07-19T18:19:01Z
150,38,11,24.25,standard,2026-07-19T18:19:01Z
150,38,12,24.25,standard,2026-07-19T18:19:01Z
150,38,13,24.25,standard,2026-07-19T18:19:01Z
150,38,14,24.25,standard,2026-07-19T18:19:01Z
150,38,15,24.25,standard,2026-07-19T18:19:01Z
150,38,16,24.25,standard,2026-07-19T18:19:01Z
150,38,17,24.25,standard,2026-07-19T18:19:01Z
150,38,18,24.25,standard,2026-07-19T18:19:01Z
150,38,19,24.25,standard,2026-07-19T18:19:01Z
150,38,20,24.25,standard,2026-07-19T18:19:01Z
150,38,3,24.25,standard,2026-07-19T18:19:01Z
150,38,4,24.25,standard,2026-07-19T18:19:01Z
150,38,5,24.25,standard,2026-07-19T18:19:01Z
150,38,6,24.25,standard,2026-07-19T18:19:01Z
150,38,7,24.25,standard,2026-07-19T18:19:01Z
150,38,8,24.25,standard,2026-07-19T18:19:01Z
150,38,9,24.25,standard,2026-07-19T18:19:01Z
150W,W,10,24.25,standard,2026-07-19T18:19:01Z
150W,W,11,24.25,standard,2026-07-19T18:19:01Z
150W,W,12,24.25,standard,2026-07-19T18:19:01Z
150W,W,13,24.25,standard,2026-07-19T18:19:01Z
150W,W,14,24.25,standard,2026-07-19T18:19:01Z
150W,W,2,24.25,standard,2026-07-19T18:19:01Z
150W,W,3,24.25,standard,2026-07-19T18:19:01Z
150W,W,4,24.25,standard,2026-07-19T18:19:01Z
150W,W,5,24.25,standard,2026-07-19T18:19:01Z
150W,W,6,24.25,standard,2026-07-19T18:19:01Z
150W,W,7,24.25,standard,2026-07-19T18:19:01Z
150W,W,8,24.25,standard,2026-07-19T18:19:01Z
150W,W,9,24.25,standard,2026-07-19T18:19:01Z
151,11,10,24.25,standard,2026-07-19T18:19:01Z
151,11,11,24.25,standard,2026-07-19T18:19:01Z
151,11,2,24.25,standard,2026-07-19T18:19:01Z
151,11,3,24.25,standard,2026-07-19T18:19:01Z
151,11,4,24.25,standard,2026-07-19T18:19:01Z
151,11,5,24.25,standard,2026-07-19T18:19:01Z
151,11,6,24.25,standard,2026-07-19T18:19:01Z
151,11,7,24.25,standard,2026-07-19T18:19:01Z
151,11,8,24.25,standard,2026-07-19T18:19:01Z
151,11,9,24.25,standard,2026-07-19T18:19:01Z
151,14,10,24.25,standard,2026-07-19T18:19:01Z
151,14,11,24.25,standard,2026-07-19T18:19:01Z
151,14,2,24.25,standard,2026-07-19T18:19:01Z
151,14,3,24.25,standard,2026-07-19T18:19:01Z
151,14,4,24.25,standard,2026-07-19T18:19:01Z
151,14,5,24.25,standard,2026-07-19T18:19:01Z
151,14,6,24.25,standard,2026-07-19T18:19:01Z
151,14,7,24.25,standard,2026-07-19T18:19:01Z
151,14,8,24.25,standard,2026-07-19T18:19:01Z
151,14,9,24.25,standard,2026-07-19T18:19:01Z
151,15,10,24.25,standard,2026-07-19T18:19:01Z
151,15,11,24.25,standard,2026-07-19T18:19:01Z
151,15,2,24.25,standard,2026-07-19T18:19:01Z
151,15,3,24.25,standard,2026-07-19T18:19:01Z
151,15,4,24.25,standard,2026-07-19T18:19:01Z
151,15,5,24.25,standard,2026-07-19T18:19:01Z
151,15,6,24.25,standard,2026-07-19T18:19:01Z
151,15,7,24.25,standard,2026-07-19T18:19:01Z
151,15,8,24.25,standard,2026-07-19T18:19:01Z
151,15,9,24.25,standard,2026-07-19T18:19:01Z
151,18,10,24.25,standard,2026-07-19T18:19:01Z
151,18,11,24.25,standard,2026-07-19T18:19:01Z
151,18,2,24.25,standard,2026-07-19T18:19:01Z
151,18,3,24.25,standard,2026-07-19T18:19:01Z
151,18,4,24.25,standard,2026-07-19T18:19:01Z
151,18,5,24.25,standard,2026-07-19T18:19:01Z
151,18,6,24.25,standard,2026-07-19T18:19:01Z
151,18,7,24.25,standard,2026-07-19T18:19:01Z
151,18,8,24.25,standard,2026-07-19T18:19:01Z
151,18,9,24.25,standard,2026-07-19T18:19:01Z
151,19,10,24.25,standard,2026-07-19T18:19:01Z
151,19,11,24.25,standard,2026-07-19T18:19:01Z
151,19,2,24.25,standard,2026-07-19T18:19:01Z
151,19,3,24.25,standard,2026-07-19T18:19:01Z
151,19,4,24.25,standard,2026-07-19T18:19:01Z
151,19,5,24.25,standard,2026-07-19T18:19:01Z
151,19,6,24.25,standard,2026-07-19T18:19:01Z
151,19,7,24.25,standard,2026-07-19T18:19:01Z
151,19,8,24.25,standard,2026-07-19T18:19:01Z
151,19,9,24.25,standard,2026-07-19T18:19:01Z
151,20,10,24.25,standard,2026-07-19T18:19:01Z
151,20,11,24.25,standard,2026-07-19T18:19:01Z
151,20,2,24.25,standard,2026-07-19T18:19:01Z
151,20,3,24.25,standard,2026-07-19T18:19:01Z
151,20,4,24.25,standard,2026-07-19T18:19:01Z
151,20,5,24.25,standard,2026-07-19T18:19:01Z
151,20,6,24.25,standard,2026-07-19T18:19:01Z
151,20,7,24.25,standard,2026-07-19T18:19:01Z
151,20,8,24.25,standard,2026-07-19T18:19:01Z
151,20,9,24.25,standard,2026-07-19T18:19:01Z
151,21,10,24.25,standard,2026-07-19T18:19:01Z
151,21,11,24.25,standard,2026-07-19T18:19:01Z
151,21,2,24.25,standard,2026-07-19T18:19:01Z
151,21,3,24.25,standard,2026-07-19T18:19:01Z
151,21,4,24.25,standard,2026-07-19T18:19:01Z
151,21,5,24.25,standard,2026-07-19T18:19:01Z
151,21,6,24.25,standard,2026-07-19T18:19:01Z
151,21,7,24.25,standard,2026-07-19T18:19:01Z
151,21,8,24.25,standard,2026-07-19T18:19:01Z
151,21,9,24.25,standard,2026-07-19T18:19:01Z
151,22,10,24.25,standard,2026-07-19T18:19:01Z
151,22,11,24.25,standard,2026-07-19T18:19:01Z
151,22,2,24.25,standard,2026-07-19T18:19:01Z
151,22,3,24.25,standard,2026-07-19T18:19:01Z
151,22,4,24.25,standard,2026-07-19T18:19:01Z
151,22,5,24.25,standard,2026-07-19T18:19:01Z
151,22,6,24.25,standard,2026-07-19T18:19:01Z
151,22,7,24.25,standard,2026-07-19T18:19:01Z
151,22,8,24.25,standard,2026-07-19T18:19:01Z
151,22,9,24.25,standard,2026-07-19T18:19:01Z
151,23,10,24.25,standard,2026-07-19T18:19:01Z
151,23,11,24.25,standard,2026-07-19T18:19:01Z
151,23,2,24.25,standard,2026-07-19T18:19:01Z
151,23,3,24.25,standard,2026-07-19T18:19:01Z
151,23,4,24.25,standard,2026-07-19T18:19:01Z
151,23,5,24.25,standard,2026-07-19T18:19:01Z
151,23,6,24.25,standard,2026-07-19T18:19:01Z
151,23,7,24.25,standard,2026-07-19T18:19:01Z
151,23,8,24.25,standard,2026-07-19T18:19:01Z
151,23,9,24.25,standard,2026-07-19T18:19:01Z
152,17,10,24.25,standard,2026-07-19T18:19:01Z
152,17,11,24.25,standard,2026-07-19T18:19:01Z
152,17,12,24.25,standard,2026-07-19T18:19:01Z
152,17,13,24.25,standard,2026-07-19T18:19:01Z
152,17,14,24.25,standard,2026-07-19T18:19:01Z
152,17,15,24.25,standard,2026-07-19T18:19:01Z
152,17,16,24.25,standard,2026-07-19T18:19:01Z
152,17,17,24.25,standard,2026-07-19T18:19:01Z
152,17,18,24.25,standard,2026-07-19T18:19:01Z
152,17,5,24.25,standard,2026-07-19T18:19:01Z
152,17,6,24.25,standard,2026-07-19T18:19:01Z
152,17,7,24.25,standard,2026-07-19T18:19:01Z
152,17,8,24.25,standard,2026-07-19T18:19:01Z
152,17,9,24.25,standard,2026-07-19T18:19:01Z
152,10,2,24.25,standard,2026-07-19T18:19:01Z
152,10,3,24.25,standard,2026-07-19T18:19:01Z
152,10,4,24.25,standard,2026-07-19T18:19:01Z
152,11,17,24.25,standard,2026-07-19T18:19:01Z
152,11,18,24.25,standard,2026-07-19T18:19:01Z
152,14,10,24.25,standard,2026-07-19T18:19:01Z
152,14,4,24.25,standard,2026-07-19T18:19:01Z
152,14,5,24.25,standard,2026-07-19T18:19:01Z
152,14,6,24.25,standard,2026-07-19T18:19:01Z
152,14,7,24.25,standard,2026-07-19T18:19:01Z
152,14,8,24.25,standard,2026-07-19T18:19:01Z
152,14,9,24.25,standard,2026-07-19T18:19:01Z
152,15,10,24.25,standard,2026-07-19T18:19:01Z
152,15,11,24.25,standard,2026-07-19T18:19:01Z
152,15,12,24.25,standard,2026-07-19T18:19:01Z
152,15,13,24.25,standard,2026-07-19T18:19:01Z
152,15,14,24.25,standard,2026-07-19T18:19:01Z
152,15,15,24.25,standard,2026-07-19T18:19:01Z
152,15,16,24.25,standard,2026-07-19T18:19:01Z
152,15,17,24.25,standard,2026-07-19T18:19:01Z
152,15,18,24.25,standard,2026-07-19T18:19:01Z
152,15,2,24.25,standard,2026-07-19T18:19:01Z
152,15,3,24.25,standard,2026-07-19T18:19:01Z
152,15,4,24.25,standard,2026-07-19T18:19:01Z
152,15,5,24.25,standard,2026-07-19T18:19:01Z
152,15,6,24.25,standard,2026-07-19T18:19:01Z
152,15,7,24.25,standard,2026-07-19T18:19:01Z
152,15,8,24.25,standard,2026-07-19T18:19:01Z
152,15,9,24.25,standard,2026-07-19T18:19:01Z
152,16,15,24.25,standard,2026-07-19T18:19:01Z
152,16,16,24.25,standard,2026-07-19T18:19:01Z
152,16,17,24.25,standard,2026-07-19T18:19:01Z
152,16,18,24.25,standard,2026-07-19T18:19:01Z
152,18,10,24.25,standard,2026-07-19T18:19:01Z
152,18,11,24.25,standard,2026-07-19T18:19:01Z
152,18,12,24.25,standard,2026-07-19T18:19:01Z
152,18,13,24.25,standard,2026-07-19T18:19:01Z
152,18,14,24.25,standard,2026-07-19T18:19:01Z
152,18,15,24.25,standard,2026-07-19T18:19:01Z
152,18,16,24.25,standard,2026-07-19T18:19:01Z
152,18,17,24.25,standard,2026-07-19T18:19:01Z
152,18,18,24.25,standard,2026-07-19T18:19:01Z
152,18,8,24.25,standard,2026-07-19T18:19:01Z
152,18,9,24.25,standard,2026-07-19T18:19:01Z
152,19,10,24.25,standard,2026-07-19T18:19:01Z
152,19,11,24.25,standard,2026-07-19T18:19:01Z
152,19,12,24.25,standard,2026-07-19T18:19:01Z
152,19,13,24.25,standard,2026-07-19T18:19:01Z
152,19,14,24.25,standard,2026-07-19T18:19:01Z
152,19,15,24.25,standard,2026-07-19T18:19:01Z
152,19,16,24.25,standard,2026-07-19T18:19:01Z
152,19,17,24.25,standard,2026-07-19T18:19:01Z
152,19,18,24.25,standard,2026-07-19T18:19:01Z
152,19,2,24.25,standard,2026-07-19T18:19:01Z
152,19,3,24.25,standard,2026-07-19T18:19:01Z
152,19,4,24.25,standard,2026-07-19T18:19:01Z
152,19,5,24.25,standard,2026-07-19T18:19:01Z
152,19,6,24.25,standard,2026-07-19T18:19:01Z
152,19,7,24.25,standard,2026-07-19T18:19:01Z
152,19,8,24.25,standard,2026-07-19T18:19:01Z
152,19,9,24.25,standard,2026-07-19T18:19:01Z
152,20,10,24.25,standard,2026-07-19T18:19:01Z
152,20,11,24.25,standard,2026-07-19T18:19:01Z
152,20,12,24.25,standard,2026-07-19T18:19:01Z
152,20,13,24.25,standard,2026-07-19T18:19:01Z
152,20,14,24.25,standard,2026-07-19T18:19:01Z
152,20,15,24.25,standard,2026-07-19T18:19:01Z
152,20,16,24.25,standard,2026-07-19T18:19:01Z
152,20,17,24.25,standard,2026-07-19T18:19:01Z
152,20,18,24.25,standard,2026-07-19T18:19:01Z
152,20,2,24.25,standard,2026-07-19T18:19:01Z
152,20,3,24.25,standard,2026-07-19T18:19:01Z
152,20,4,24.25,standard,2026-07-19T18:19:01Z
152,20,5,24.25,standard,2026-07-19T18:19:01Z
152,20,6,24.25,standard,2026-07-19T18:19:01Z
152,20,7,24.25,standard,2026-07-19T18:19:01Z
152,20,8,24.25,standard,2026-07-19T18:19:01Z
152,20,9,24.25,standard,2026-07-19T18:19:01Z
152,21,10,24.25,standard,2026-07-19T18:19:01Z
152,21,11,24.25,standard,2026-07-19T18:19:01Z
152,21,12,24.25,standard,2026-07-19T18:19:01Z
152,21,13,24.25,standard,2026-07-19T18:19:01Z
152,21,14,24.25,standard,2026-07-19T18:19:01Z
152,21,15,24.25,standard,2026-07-19T18:19:01Z
152,21,16,24.25,standard,2026-07-19T18:19:01Z
152,21,17,24.25,standard,2026-07-19T18:19:01Z
152,21,18,24.25,standard,2026-07-19T18:19:01Z
152,21,2,24.25,standard,2026-07-19T18:19:01Z
152,21,3,24.25,standard,2026-07-19T18:19:01Z
152,21,4,24.25,standard,2026-07-19T18:19:01Z
152,21,5,24.25,standard,2026-07-19T18:19:01Z
152,21,6,24.25,standard,2026-07-19T18:19:01Z
152,21,7,24.25,standard,2026-07-19T18:19:01Z
152,21,8,24.25,standard,2026-07-19T18:19:01Z
152,21,9,24.25,standard,2026-07-19T18:19:01Z
152,22,10,24.25,standard,2026-07-19T18:19:01Z
152,22,11,24.25,standard,2026-07-19T18:19:01Z
152,22,12,24.25,standard,2026-07-19T18:19:01Z
152,22,13,24.25,standard,2026-07-19T18:19:01Z
152,22,14,24.25,standard,2026-07-19T18:19:01Z
152,22,15,24.25,standard,2026-07-19T18:19:01Z
152,22,16,24.25,standard,2026-07-19T18:19:01Z
152,22,17,24.25,standard,2026-07-19T18:19:01Z
152,22,18,24.25,standard,2026-07-19T18:19:01Z
152,22,2,24.25,standard,2026-07-19T18:19:01Z
152,22,3,24.25,standard,2026-07-19T18:19:01Z
152,22,4,24.25,standard,2026-07-19T18:19:01Z
152,22,5,24.25,standard,2026-07-19T18:19:01Z
152,22,6,24.25,standard,2026-07-19T18:19:01Z
152,22,7,24.25,standard,2026-07-19T18:19:01Z
152,22,8,24.25,standard,2026-07-19T18:19:01Z
152,22,9,24.25,standard,2026-07-19T18:19:01Z
152,23,10,24.25,standard,2026-07-19T18:19:01Z
152,23,11,24.25,standard,2026-07-19T18:19:01Z
152,23,12,24.25,standard,2026-07-19T18:19:01Z
152,23,13,24.25,standard,2026-07-19T18:19:01Z
152,23,14,24.25,standard,2026-07-19T18:19:01Z
152,23,15,24.25,standard,2026-07-19T18:19:01Z
152,23,16,24.25,standard,2026-07-19T18:19:01Z
152,23,17,24.25,standard,2026-07-19T18:19:01Z
152,23,18,24.25,standard,2026-07-19T18:19:01Z
152,23,2,24.25,standard,2026-07-19T18:19:01Z
152,23,3,24.25,standard,2026-07-19T18:19:01Z
152,23,4,24.25,standard,2026-07-19T18:19:01Z
152,23,5,24.25,standard,2026-07-19T18:19:01Z
152,23,6,24.25,standard,2026-07-19T18:19:01Z
152,23,7,24.25,standard,2026-07-19T18:19:01Z
152,23,8,24.25,standard,2026-07-19T18:19:01Z
152,23,9,24.25,standard,2026-07-19T18:19:01Z
152,9,9,24.25,standard,2026-07-19T18:19:01Z
152,9,10,24.25,standard,2026-07-19T18:19:01Z
152,9,11,24.25,standard,2026-07-19T18:19:01Z
152,9,12,24.25,standard,2026-07-19T18:19:01Z
152,9,13,24.25,standard,2026-07-19T18:19:01Z
152,9,14,24.25,standard,2026-07-19T18:19:01Z
152,9,15,24.25,standard,2026-07-19T18:19:01Z
152,9,16,24.25,standard,2026-07-19T18:19:01Z
152,9,17,24.25,standard,2026-07-19T18:19:01Z
153,17,10,24.25,standard,2026-07-19T18:19:01Z
153,17,11,24.25,standard,2026-07-19T18:19:01Z
153,17,12,24.25,standard,2026-07-19T18:19:01Z
153,17,13,24.25,standard,2026-07-19T18:19:01Z
153,17,14,24.25,standard,2026-07-19T18:19:01Z
153,17,15,24.25,standard,2026-07-19T18:19:01Z
153,17,16,24.25,standard,2026-07-19T18:19:01Z
153,17,17,24.25,standard,2026-07-19T18:19:01Z
153,17,18,24.25,standard,2026-07-19T18:19:01Z
153,17,2,24.25,standard,2026-07-19T18:19:01Z
153,17,3,24.25,standard,2026-07-19T18:19:01Z
153,17,4,24.25,standard,2026-07-19T18:19:01Z
153,17,5,24.25,standard,2026-07-19T18:19:01Z
153,17,6,24.25,standard,2026-07-19T18:19:01Z
153,17,7,24.25,standard,2026-07-19T18:19:01Z
153,17,8,24.25,standard,2026-07-19T18:19:01Z
153,17,9,24.25,standard,2026-07-19T18:19:01Z
153,13,10,24.25,standard,2026-07-19T18:19:01Z
153,13,11,24.25,standard,2026-07-19T18:19:01Z
153,13,12,24.25,standard,2026-07-19T18:19:01Z
153,13,13,24.25,standard,2026-07-19T18:19:01Z
153,13,14,24.25,standard,2026-07-19T18:19:01Z
153,13,15,24.25,standard,2026-07-19T18:19:01Z
153,13,5,24.25,standard,2026-07-19T18:19:01Z
153,13,6,24.25,standard,2026-07-19T18:19:01Z
153,13,7,24.25,standard,2026-07-19T18:19:01Z
153,13,8,24.25,standard,2026-07-19T18:19:01Z
153,13,9,24.25,standard,2026-07-19T18:19:01Z
153,15,10,24.25,standard,2026-07-19T18:19:01Z
153,15,11,24.25,standard,2026-07-19T18:19:01Z
153,15,12,24.25,standard,2026-07-19T18:19:01Z
153,15,13,24.25,standard,2026-07-19T18:19:01Z
153,15,2,24.25,standard,2026-07-19T18:19:01Z
153,15,3,24.25,standard,2026-07-19T18:19:01Z
153,15,4,24.25,standard,2026-07-19T18:19:01Z
153,15,5,24.25,standard,2026-07-19T18:19:01Z
153,15,6,24.25,standard,2026-07-19T18:19:01Z
153,15,7,24.25,standard,2026-07-19T18:19:01Z
153,15,8,24.25,standard,2026-07-19T18:19:01Z
153,15,9,24.25,standard,2026-07-19T18:19:01Z
153,16,10,24.25,standard,2026-07-19T18:19:01Z
153,16,11,24.25,standard,2026-07-19T18:19:01Z
153,16,12,24.25,standard,2026-07-19T18:19:01Z
153,16,13,24.25,standard,2026-07-19T18:19:01Z
153,16,2,24.25,standard,2026-07-19T18:19:01Z
153,16,3,24.25,standard,2026-07-19T18:19:01Z
153,16,4,24.25,standard,2026-07-19T18:19:01Z
153,16,5,24.25,standard,2026-07-19T18:19:01Z
153,16,6,24.25,standard,2026-07-19T18:19:01Z
153,16,7,24.25,standard,2026-07-19T18:19:01Z
153,16,8,24.25,standard,2026-07-19T18:19:01Z
153,16,9,24.25,standard,2026-07-19T18:19:01Z
153,18,10,24.25,standard,2026-07-19T18:19:01Z
153,18,11,24.25,standard,2026-07-19T18:19:01Z
153,18,12,24.25,standard,2026-07-19T18:19:01Z
153,18,13,24.25,standard,2026-07-19T18:19:01Z
153,18,14,24.25,standard,2026-07-19T18:19:01Z
153,18,15,24.25,standard,2026-07-19T18:19:01Z
153,18,16,24.25,standard,2026-07-19T18:19:01Z
153,18,17,24.25,standard,2026-07-19T18:19:01Z
153,18,18,24.25,standard,2026-07-19T18:19:01Z
153,18,2,24.25,standard,2026-07-19T18:19:01Z
153,18,3,24.25,standard,2026-07-19T18:19:01Z
153,18,4,24.25,standard,2026-07-19T18:19:01Z
153,18,5,24.25,standard,2026-07-19T18:19:01Z
153,18,6,24.25,standard,2026-07-19T18:19:01Z
153,18,7,24.25,standard,2026-07-19T18:19:01Z
153,18,8,24.25,standard,2026-07-19T18:19:01Z
153,18,9,24.25,standard,2026-07-19T18:19:01Z
153,19,10,24.25,standard,2026-07-19T18:19:01Z
153,19,11,24.25,standard,2026-07-19T18:19:01Z
153,19,12,24.25,standard,2026-07-19T18:19:01Z
153,19,13,24.25,standard,2026-07-19T18:19:01Z
153,19,14,24.25,standard,2026-07-19T18:19:01Z
153,19,15,24.25,standard,2026-07-19T18:19:01Z
153,19,16,24.25,standard,2026-07-19T18:19:01Z
153,19,17,24.25,standard,2026-07-19T18:19:01Z
153,19,18,24.25,standard,2026-07-19T18:19:01Z
153,19,2,24.25,standard,2026-07-19T18:19:01Z
153,19,3,24.25,standard,2026-07-19T18:19:01Z
153,19,4,24.25,standard,2026-07-19T18:19:01Z
153,19,5,24.25,standard,2026-07-19T18:19:01Z
153,19,6,24.25,standard,2026-07-19T18:19:01Z
153,19,7,24.25,standard,2026-07-19T18:19:01Z
153,19,8,24.25,standard,2026-07-19T18:19:01Z
153,19,9,24.25,standard,2026-07-19T18:19:01Z
153,20,10,24.25,standard,2026-07-19T18:19:01Z
153,20,11,24.25,standard,2026-07-19T18:19:01Z
153,20,12,24.25,standard,2026-07-19T18:19:01Z
153,20,13,24.25,standard,2026-07-19T18:19:01Z
153,20,14,24.25,standard,2026-07-19T18:19:01Z
153,20,15,24.25,standard,2026-07-19T18:19:01Z
153,20,16,24.25,standard,2026-07-19T18:19:01Z
153,20,17,24.25,standard,2026-07-19T18:19:01Z
153,20,18,24.25,standard,2026-07-19T18:19:01Z
153,20,2,24.25,standard,2026-07-19T18:19:01Z
153,20,3,24.25,standard,2026-07-19T18:19:01Z
153,20,4,24.25,standard,2026-07-19T18:19:01Z
153,20,5,24.25,standard,2026-07-19T18:19:01Z
153,20,6,24.25,standard,2026-07-19T18:19:01Z
153,20,7,24.25,standard,2026-07-19T18:19:01Z
153,20,8,24.25,standard,2026-07-19T18:19:01Z
153,20,9,24.25,standard,2026-07-19T18:19:01Z
153,5,4,24.25,standard,2026-07-19T18:19:01Z
153,5,5,24.25,standard,2026-07-19T18:19:01Z
153,5,6,24.25,standard,2026-07-19T18:19:01Z
153,5,7,24.25,standard,2026-07-19T18:19:01Z
153,5,8,24.25,standard,2026-07-19T18:19:01Z
153,5,9,24.25,standard,2026-07-19T18:19:01Z
153,5,10,24.25,standard,2026-07-19T18:19:01Z
153,5,3,24.25,standard,2026-07-19T18:19:01Z
154,17,10,24.25,standard,2026-07-19T18:19:01Z
154,17,11,24.25,standard,2026-07-19T18:19:01Z
154,17,12,24.25,standard,2026-07-19T18:19:01Z
154,17,13,24.25,standard,2026-07-19T18:19:01Z
154,17,14,24.25,standard,2026-07-19T18:19:01Z
154,17,2,24.25,standard,2026-07-19T18:19:01Z
154,17,3,24.25,standard,2026-07-19T18:19:01Z
154,17,4,24.25,standard,2026-07-19T18:19:01Z
154,17,5,24.25,standard,2026-07-19T18:19:01Z
154,17,6,24.25,standard,2026-07-19T18:19:01Z
154,17,7,24.25,standard,2026-07-19T18:19:01Z
154,17,8,24.25,standard,2026-07-19T18:19:01Z
154,17,9,24.25,standard,2026-07-19T18:19:01Z
154,12,10,24.25,standard,2026-07-19T18:19:01Z
154,12,11,24.25,standard,2026-07-19T18:19:01Z
154,12,12,24.25,standard,2026-07-19T18:19:01Z
154,12,13,24.25,standard,2026-07-19T18:19:01Z
154,12,14,24.25,standard,2026-07-19T18:19:01Z
154,12,15,24.25,standard,2026-07-19T18:19:01Z
154,12,7,24.25,standard,2026-07-19T18:19:01Z
154,12,8,24.25,standard,2026-07-19T18:19:01Z
154,12,9,24.25,standard,2026-07-19T18:19:01Z
154,13,10,24.25,standard,2026-07-19T18:19:01Z
154,13,11,24.25,standard,2026-07-19T18:19:01Z
154,13,12,24.25,standard,2026-07-19T18:19:01Z
154,13,13,24.25,standard,2026-07-19T18:19:01Z
154,13,14,24.25,standard,2026-07-19T18:19:01Z
154,13,15,24.25,standard,2026-07-19T18:19:01Z
154,13,16,24.25,standard,2026-07-19T18:19:01Z
154,13,17,24.25,standard,2026-07-19T18:19:01Z
154,13,18,24.25,standard,2026-07-19T18:19:01Z
154,13,2,24.25,standard,2026-07-19T18:19:01Z
154,13,3,24.25,standard,2026-07-19T18:19:01Z
154,13,4,24.25,standard,2026-07-19T18:19:01Z
154,13,5,24.25,standard,2026-07-19T18:19:01Z
154,13,6,24.25,standard,2026-07-19T18:19:01Z
154,13,7,24.25,standard,2026-07-19T18:19:01Z
154,13,8,24.25,standard,2026-07-19T18:19:01Z
154,13,9,24.25,standard,2026-07-19T18:19:01Z
154,14,10,24.25,standard,2026-07-19T18:19:01Z
154,14,11,24.25,standard,2026-07-19T18:19:01Z
154,14,12,24.25,standard,2026-07-19T18:19:01Z
154,14,13,24.25,standard,2026-07-19T18:19:01Z
154,14,14,24.25,standard,2026-07-19T18:19:01Z
154,14,15,24.25,standard,2026-07-19T18:19:01Z
154,14,16,24.25,standard,2026-07-19T18:19:01Z
154,14,17,24.25,standard,2026-07-19T18:19:01Z
154,14,18,24.25,standard,2026-07-19T18:19:01Z
154,14,2,24.25,standard,2026-07-19T18:19:01Z
154,14,3,24.25,standard,2026-07-19T18:19:01Z
154,14,4,24.25,standard,2026-07-19T18:19:01Z
154,14,5,24.25,standard,2026-07-19T18:19:01Z
154,14,6,24.25,standard,2026-07-19T18:19:01Z
154,14,7,24.25,standard,2026-07-19T18:19:01Z
154,14,8,24.25,standard,2026-07-19T18:19:01Z
154,14,9,24.25,standard,2026-07-19T18:19:01Z
154,15,10,24.25,standard,2026-07-19T18:19:01Z
154,15,11,24.25,standard,2026-07-19T18:19:01Z
154,15,12,24.25,standard,2026-07-19T18:19:01Z
154,15,13,24.25,standard,2026-07-19T18:19:01Z
154,15,14,24.25,standard,2026-07-19T18:19:01Z
154,15,15,24.25,standard,2026-07-19T18:19:01Z
154,15,16,24.25,standard,2026-07-19T18:19:01Z
154,15,17,24.25,standard,2026-07-19T18:19:01Z
154,15,18,24.25,standard,2026-07-19T18:19:01Z
154,15,2,24.25,standard,2026-07-19T18:19:01Z
154,15,3,24.25,standard,2026-07-19T18:19:01Z
154,15,4,24.25,standard,2026-07-19T18:19:01Z
154,15,5,24.25,standard,2026-07-19T18:19:01Z
154,15,6,24.25,standard,2026-07-19T18:19:01Z
154,15,7,24.25,standard,2026-07-19T18:19:01Z
154,15,8,24.25,standard,2026-07-19T18:19:01Z
154,15,9,24.25,standard,2026-07-19T18:19:01Z
154,16,10,24.25,standard,2026-07-19T18:19:01Z
154,16,11,24.25,standard,2026-07-19T18:19:01Z
154,16,12,24.25,standard,2026-07-19T18:19:01Z
154,16,13,24.25,standard,2026-07-19T18:19:01Z
154,16,14,24.25,standard,2026-07-19T18:19:01Z
154,16,2,24.25,standard,2026-07-19T18:19:01Z
154,16,3,24.25,standard,2026-07-19T18:19:01Z
154,16,4,24.25,standard,2026-07-19T18:19:01Z
154,16,5,24.25,standard,2026-07-19T18:19:01Z
154,16,6,24.25,standard,2026-07-19T18:19:01Z
154,16,7,24.25,standard,2026-07-19T18:19:01Z
154,16,8,24.25,standard,2026-07-19T18:19:01Z
154,16,9,24.25,standard,2026-07-19T18:19:01Z
154,18,10,24.25,standard,2026-07-19T18:19:01Z
154,18,11,24.25,standard,2026-07-19T18:19:01Z
154,18,12,24.25,standard,2026-07-19T18:19:01Z
154,18,13,24.25,standard,2026-07-19T18:19:01Z
154,18,14,24.25,standard,2026-07-19T18:19:01Z
154,18,15,24.25,standard,2026-07-19T18:19:01Z
154,18,16,24.25,standard,2026-07-19T18:19:01Z
154,18,17,24.25,standard,2026-07-19T18:19:01Z
154,18,18,24.25,standard,2026-07-19T18:19:01Z
154,18,5,24.25,standard,2026-07-19T18:19:01Z
154,18,6,24.25,standard,2026-07-19T18:19:01Z
154,18,7,24.25,standard,2026-07-19T18:19:01Z
154,18,8,24.25,standard,2026-07-19T18:19:01Z
154,18,9,24.25,standard,2026-07-19T18:19:01Z
154,19,10,24.25,standard,2026-07-19T18:19:01Z
154,19,11,24.25,standard,2026-07-19T18:19:01Z
154,19,12,24.25,standard,2026-07-19T18:19:01Z
154,19,13,24.25,standard,2026-07-19T18:19:01Z
154,19,14,24.25,standard,2026-07-19T18:19:01Z
154,19,15,24.25,standard,2026-07-19T18:19:01Z
154,19,16,24.25,standard,2026-07-19T18:19:01Z
154,19,17,24.25,standard,2026-07-19T18:19:01Z
154,19,18,24.25,standard,2026-07-19T18:19:01Z
154,19,5,24.25,standard,2026-07-19T18:19:01Z
154,19,6,24.25,standard,2026-07-19T18:19:01Z
154,19,7,24.25,standard,2026-07-19T18:19:01Z
154,19,8,24.25,standard,2026-07-19T18:19:01Z
154,19,9,24.25,standard,2026-07-19T18:19:01Z
154,20,10,24.25,standard,2026-07-19T18:19:01Z
154,20,11,24.25,standard,2026-07-19T18:19:01Z
154,20,12,24.25,standard,2026-07-19T18:19:01Z
154,20,13,24.25,standard,2026-07-19T18:19:01Z
154,20,14,24.25,standard,2026-07-19T18:19:01Z
154,20,15,24.25,standard,2026-07-19T18:19:01Z
154,20,16,24.25,standard,2026-07-19T18:19:01Z
154,20,17,24.25,standard,2026-07-19T18:19:01Z
154,20,18,24.25,standard,2026-07-19T18:19:01Z
154,20,5,24.25,standard,2026-07-19T18:19:01Z
154,20,6,24.25,standard,2026-07-19T18:19:01Z
154,20,7,24.25,standard,2026-07-19T18:19:01Z
154,20,8,24.25,standard,2026-07-19T18:19:01Z
154,20,9,24.25,standard,2026-07-19T18:19:01Z
154,4,5,24.25,standard,2026-07-19T18:19:01Z
154,4,6,24.25,standard,2026-07-19T18:19:01Z
154,7,4,24.25,standard,2026-07-19T18:19:01Z
154,7,5,24.25,standard,2026-07-19T18:19:01Z
154,7,6,24.25,standard,2026-07-19T18:19:01Z
154,7,7,24.25,standard,2026-07-19T18:19:01Z
154,7,8,24.25,standard,2026-07-19T18:19:01Z
154,7,1,24.25,standard,2026-07-19T18:19:01Z
154,7,2,24.25,standard,2026-07-19T18:19:01Z
154,7,3,24.25,standard,2026-07-19T18:19:01Z
154,8,1,24.25,standard,2026-07-19T18:19:01Z
154,8,2,24.25,standard,2026-07-19T18:19:01Z
154,9,15,24.25,standard,2026-07-19T18:19:01Z
154,9,16,24.25,standard,2026-07-19T18:19:01Z
154W,W,3,24.25,standard,2026-07-19T18:19:01Z
154W,W,4,24.25,standard,2026-07-19T18:19:01Z
155,17,10,24.25,standard,2026-07-19T18:19:01Z
155,17,11,24.25,standard,2026-07-19T18:19:01Z
155,17,12,24.25,standard,2026-07-19T18:19:01Z
155,17,13,24.25,standard,2026-07-19T18:19:01Z
155,17,14,24.25,standard,2026-07-19T18:19:01Z
155,17,15,24.25,standard,2026-07-19T18:19:01Z
155,17,16,24.25,standard,2026-07-19T18:19:01Z
155,17,17,24.25,standard,2026-07-19T18:19:01Z
155,17,18,24.25,standard,2026-07-19T18:19:01Z
155,17,2,24.25,standard,2026-07-19T18:19:01Z
155,17,3,24.25,standard,2026-07-19T18:19:01Z
155,17,4,24.25,standard,2026-07-19T18:19:01Z
155,17,5,24.25,standard,2026-07-19T18:19:01Z
155,17,6,24.25,standard,2026-07-19T18:19:01Z
155,17,7,24.25,standard,2026-07-19T18:19:01Z
155,17,8,24.25,standard,2026-07-19T18:19:01Z
155,17,9,24.25,standard,2026-07-19T18:19:01Z
155,10,13,24.25,standard,2026-07-19T18:19:01Z
155,10,14,24.25,standard,2026-07-19T18:19:01Z
155,10,2,24.25,standard,2026-07-19T18:19:01Z
155,10,3,24.25,standard,2026-07-19T18:19:01Z
155,10,4,24.25,standard,2026-07-19T18:19:01Z
155,12,10,24.25,standard,2026-07-19T18:19:01Z
155,12,11,24.25,standard,2026-07-19T18:19:01Z
155,12,12,24.25,standard,2026-07-19T18:19:01Z
155,12,13,24.25,standard,2026-07-19T18:19:01Z
155,12,5,24.25,standard,2026-07-19T18:19:01Z
155,12,6,24.25,standard,2026-07-19T18:19:01Z
155,12,7,24.25,standard,2026-07-19T18:19:01Z
155,12,8,24.25,standard,2026-07-19T18:19:01Z
155,12,9,24.25,standard,2026-07-19T18:19:01Z
155,13,10,24.25,standard,2026-07-19T18:19:01Z
155,13,11,24.25,standard,2026-07-19T18:19:01Z
155,13,12,24.25,standard,2026-07-19T18:19:01Z
155,13,13,24.25,standard,2026-07-19T18:19:01Z
155,13,14,24.25,standard,2026-07-19T18:19:01Z
155,13,15,24.25,standard,2026-07-19T18:19:01Z
155,13,16,24.25,standard,2026-07-19T18:19:01Z
155,13,17,24.25,standard,2026-07-19T18:19:01Z
155,13,18,24.25,standard,2026-07-19T18:19:01Z
155,13,5,24.25,standard,2026-07-19T18:19:01Z
155,13,6,24.25,standard,2026-07-19T18:19:01Z
155,13,7,24.25,standard,2026-07-19T18:19:01Z
155,13,8,24.25,standard,2026-07-19T18:19:01Z
155,13,9,24.25,standard,2026-07-19T18:19:01Z
155,14,10,24.25,standard,2026-07-19T18:19:01Z
155,14,11,24.25,standard,2026-07-19T18:19:01Z
155,14,12,24.25,standard,2026-07-19T18:19:01Z
155,14,13,24.25,standard,2026-07-19T18:19:01Z
155,14,14,24.25,standard,2026-07-19T18:19:01Z
155,14,15,24.25,standard,2026-07-19T18:19:01Z
155,14,16,24.25,standard,2026-07-19T18:19:01Z
155,14,17,24.25,standard,2026-07-19T18:19:01Z
155,14,18,24.25,standard,2026-07-19T18:19:01Z
155,14,2,24.25,standard,2026-07-19T18:19:01Z
155,14,3,24.25,standard,2026-07-19T18:19:01Z
155,14,4,24.25,standard,2026-07-19T18:19:01Z
155,14,5,24.25,standard,2026-07-19T18:19:01Z
155,14,6,24.25,standard,2026-07-19T18:19:01Z
155,14,7,24.25,standard,2026-07-19T18:19:01Z
155,14,8,24.25,standard,2026-07-19T18:19:01Z
155,14,9,24.25,standard,2026-07-19T18:19:01Z
155,15,10,24.25,standard,2026-07-19T18:19:01Z
155,15,11,24.25,standard,2026-07-19T18:19:01Z
155,15,12,24.25,standard,2026-07-19T18:19:01Z
155,15,13,24.25,standard,2026-07-19T18:19:01Z
155,15,14,24.25,standard,2026-07-19T18:19:01Z
155,15,15,24.25,standard,2026-07-19T18:19:01Z
155,15,16,24.25,standard,2026-07-19T18:19:01Z
155,15,17,24.25,standard,2026-07-19T18:19:01Z
155,15,18,24.25,standard,2026-07-19T18:19:01Z
155,15,2,24.25,standard,2026-07-19T18:19:01Z
155,15,3,24.25,standard,2026-07-19T18:19:01Z
155,15,4,24.25,standard,2026-07-19T18:19:01Z
155,15,5,24.25,standard,2026-07-19T18:19:01Z
155,15,6,24.25,standard,2026-07-19T18:19:01Z
155,15,7,24.25,standard,2026-07-19T18:19:01Z
155,15,8,24.25,standard,2026-07-19T18:19:01Z
155,15,9,24.25,standard,2026-07-19T18:19:01Z
155,16,10,24.25,standard,2026-07-19T18:19:01Z
155,16,11,24.25,standard,2026-07-19T18:19:01Z
155,16,12,24.25,standard,2026-07-19T18:19:01Z
155,16,13,24.25,standard,2026-07-19T18:19:01Z
155,16,14,24.25,standard,2026-07-19T18:19:01Z
155,16,15,24.25,standard,2026-07-19T18:19:01Z
155,16,16,24.25,standard,2026-07-19T18:19:01Z
155,16,17,24.25,standard,2026-07-19T18:19:01Z
155,16,18,24.25,standard,2026-07-19T18:19:01Z
155,16,2,24.25,standard,2026-07-19T18:19:01Z
155,16,3,24.25,standard,2026-07-19T18:19:01Z
155,16,4,24.25,standard,2026-07-19T18:19:01Z
155,16,5,24.25,standard,2026-07-19T18:19:01Z
155,16,6,24.25,standard,2026-07-19T18:19:01Z
155,16,7,24.25,standard,2026-07-19T18:19:01Z
155,16,8,24.25,standard,2026-07-19T18:19:01Z
155,16,9,24.25,standard,2026-07-19T18:19:01Z
155,18,10,24.25,standard,2026-07-19T18:19:01Z
155,18,11,24.25,standard,2026-07-19T18:19:01Z
155,18,12,24.25,standard,2026-07-19T18:19:01Z
155,18,13,24.25,standard,2026-07-19T18:19:01Z
155,18,14,24.25,standard,2026-07-19T18:19:01Z
155,18,15,24.25,standard,2026-07-19T18:19:01Z
155,18,16,24.25,standard,2026-07-19T18:19:01Z
155,18,17,24.25,standard,2026-07-19T18:19:01Z
155,18,18,24.25,standard,2026-07-19T18:19:01Z
155,18,3,24.25,standard,2026-07-19T18:19:01Z
155,18,4,24.25,standard,2026-07-19T18:19:01Z
155,18,5,24.25,standard,2026-07-19T18:19:01Z
155,18,6,24.25,standard,2026-07-19T18:19:01Z
155,18,7,24.25,standard,2026-07-19T18:19:01Z
155,18,8,24.25,standard,2026-07-19T18:19:01Z
155,18,9,24.25,standard,2026-07-19T18:19:01Z
155,19,10,24.25,standard,2026-07-19T18:19:01Z
155,19,11,24.25,standard,2026-07-19T18:19:01Z
155,19,12,24.25,standard,2026-07-19T18:19:01Z
155,19,13,24.25,standard,2026-07-19T18:19:01Z
155,19,14,24.25,standard,2026-07-19T18:19:01Z
155,19,15,24.25,standard,2026-07-19T18:19:01Z
155,19,16,24.25,standard,2026-07-19T18:19:01Z
155,19,17,24.25,standard,2026-07-19T18:19:01Z
155,19,18,24.25,standard,2026-07-19T18:19:01Z
155,19,2,24.25,standard,2026-07-19T18:19:01Z
155,19,3,24.25,standard,2026-07-19T18:19:01Z
155,19,4,24.25,standard,2026-07-19T18:19:01Z
155,19,5,24.25,standard,2026-07-19T18:19:01Z
155,19,6,24.25,standard,2026-07-19T18:19:01Z
155,19,7,24.25,standard,2026-07-19T18:19:01Z
155,19,8,24.25,standard,2026-07-19T18:19:01Z
155,19,9,24.25,standard,2026-07-19T18:19:01Z
155,20,10,24.25,standard,2026-07-19T18:19:01Z
155,20,11,24.25,standard,2026-07-19T18:19:01Z
155,20,12,24.25,standard,2026-07-19T18:19:01Z
155,20,13,24.25,standard,2026-07-19T18:19:01Z
155,20,14,24.25,standard,2026-07-19T18:19:01Z
155,20,15,24.25,standard,2026-07-19T18:19:01Z
155,20,16,24.25,standard,2026-07-19T18:19:01Z
155,20,17,24.25,standard,2026-07-19T18:19:01Z
155,20,18,24.25,standard,2026-07-19T18:19:01Z
155,20,2,24.25,standard,2026-07-19T18:19:01Z
155,20,3,24.25,standard,2026-07-19T18:19:01Z
155,20,4,24.25,standard,2026-07-19T18:19:01Z
155,20,5,24.25,standard,2026-07-19T18:19:01Z
155,20,6,24.25,standard,2026-07-19T18:19:01Z
155,20,7,24.25,standard,2026-07-19T18:19:01Z
155,20,8,24.25,standard,2026-07-19T18:19:01Z
155,20,9,24.25,standard,2026-07-19T18:19:01Z
155,6,1,24.25,standard,2026-07-19T18:19:01Z
155,6,2,24.25,standard,2026-07-19T18:19:01Z
155W,W,1,24.25,standard,2026-07-19T18:19:01Z
155W,W,2,24.25,standard,2026-07-19T18:19:01Z
155W,W,3,24.25,standard,2026-07-19T18:19:01Z
155W,W,4,24.25,standard,2026-07-19T18:19:01Z
155W,W,5,24.25,standard,2026-07-19T18:19:01Z
155W,W,6,24.25,standard,2026-07-19T18:19:01Z
155W,W,7,24.25,standard,2026-07-19T18:19:01Z
155W,W,8,24.25,standard,2026-07-19T18:19:01Z
155W,W,9,24.25,standard,2026-07-19T18:19:01Z
156,17,10,24.25,standard,2026-07-19T18:19:01Z
156,17,11,24.25,standard,2026-07-19T18:19:01Z
156,17,12,24.25,standard,2026-07-19T18:19:01Z
156,17,13,24.25,standard,2026-07-19T18:19:01Z
156,17,14,24.25,standard,2026-07-19T18:19:01Z
156,17,15,24.25,standard,2026-07-19T18:19:01Z
156,17,16,24.25,standard,2026-07-19T18:19:01Z
156,17,17,24.25,standard,2026-07-19T18:19:01Z
156,17,18,24.25,standard,2026-07-19T18:19:01Z
156,17,2,24.25,standard,2026-07-19T18:19:01Z
156,17,3,24.25,standard,2026-07-19T18:19:01Z
156,17,4,24.25,standard,2026-07-19T18:19:01Z
156,17,5,24.25,standard,2026-07-19T18:19:01Z
156,17,6,24.25,standard,2026-07-19T18:19:01Z
156,17,7,24.25,standard,2026-07-19T18:19:01Z
156,17,8,24.25,standard,2026-07-19T18:19:01Z
156,17,9,24.25,standard,2026-07-19T18:19:01Z
156,12,10,24.25,standard,2026-07-19T18:19:01Z
156,12,11,24.25,standard,2026-07-19T18:19:01Z
156,12,12,24.25,standard,2026-07-19T18:19:01Z
156,12,13,24.25,standard,2026-07-19T18:19:01Z
156,12,14,24.25,standard,2026-07-19T18:19:01Z
156,12,15,24.25,standard,2026-07-19T18:19:01Z
156,12,16,24.25,standard,2026-07-19T18:19:01Z
156,12,17,24.25,standard,2026-07-19T18:19:01Z
156,12,18,24.25,standard,2026-07-19T18:19:01Z
156,12,2,24.25,standard,2026-07-19T18:19:01Z
156,12,3,24.25,standard,2026-07-19T18:19:01Z
156,12,4,24.25,standard,2026-07-19T18:19:01Z
156,12,5,24.25,standard,2026-07-19T18:19:01Z
156,12,6,24.25,standard,2026-07-19T18:19:01Z
156,12,7,24.25,standard,2026-07-19T18:19:01Z
156,12,8,24.25,standard,2026-07-19T18:19:01Z
156,12,9,24.25,standard,2026-07-19T18:19:01Z
156,13,10,24.25,standard,2026-07-19T18:19:01Z
156,13,11,24.25,standard,2026-07-19T18:19:01Z
156,13,12,24.25,standard,2026-07-19T18:19:01Z
156,13,13,24.25,standard,2026-07-19T18:19:01Z
156,13,14,24.25,standard,2026-07-19T18:19:01Z
156,13,15,24.25,standard,2026-07-19T18:19:01Z
156,13,16,24.25,standard,2026-07-19T18:19:01Z
156,13,17,24.25,standard,2026-07-19T18:19:01Z
156,13,18,24.25,standard,2026-07-19T18:19:01Z
156,13,2,24.25,standard,2026-07-19T18:19:01Z
156,13,3,24.25,standard,2026-07-19T18:19:01Z
156,13,4,24.25,standard,2026-07-19T18:19:01Z
156,13,5,24.25,standard,2026-07-19T18:19:01Z
156,13,6,24.25,standard,2026-07-19T18:19:01Z
156,13,7,24.25,standard,2026-07-19T18:19:01Z
156,13,8,24.25,standard,2026-07-19T18:19:01Z
156,13,9,24.25,standard,2026-07-19T18:19:01Z
156,14,10,24.25,standard,2026-07-19T18:19:01Z
156,14,11,24.25,standard,2026-07-19T18:19:01Z
156,14,12,24.25,standard,2026-07-19T18:19:01Z
156,14,13,24.25,standard,2026-07-19T18:19:01Z
156,14,14,24.25,standard,2026-07-19T18:19:01Z
156,14,15,24.25,standard,2026-07-19T18:19:01Z
156,14,16,24.25,standard,2026-07-19T18:19:01Z
156,14,17,24.25,standard,2026-07-19T18:19:01Z
156,14,18,24.25,standard,2026-07-19T18:19:01Z
156,14,2,24.25,standard,2026-07-19T18:19:01Z
156,14,3,24.25,standard,2026-07-19T18:19:01Z
156,14,4,24.25,standard,2026-07-19T18:19:01Z
156,14,5,24.25,standard,2026-07-19T18:19:01Z
156,14,6,24.25,standard,2026-07-19T18:19:01Z
156,14,7,24.25,standard,2026-07-19T18:19:01Z
156,14,8,24.25,standard,2026-07-19T18:19:01Z
156,14,9,24.25,standard,2026-07-19T18:19:01Z
156,15,10,24.25,standard,2026-07-19T18:19:01Z
156,15,11,24.25,standard,2026-07-19T18:19:01Z
156,15,12,24.25,standard,2026-07-19T18:19:01Z
156,15,13,24.25,standard,2026-07-19T18:19:01Z
156,15,14,24.25,standard,2026-07-19T18:19:01Z
156,15,15,24.25,standard,2026-07-19T18:19:01Z
156,15,16,24.25,standard,2026-07-19T18:19:01Z
156,15,17,24.25,standard,2026-07-19T18:19:01Z
156,15,18,24.25,standard,2026-07-19T18:19:01Z
156,15,2,24.25,standard,2026-07-19T18:19:01Z
156,15,3,24.25,standard,2026-07-19T18:19:01Z
156,15,4,24.25,standard,2026-07-19T18:19:01Z
156,15,5,24.25,standard,2026-07-19T18:19:01Z
156,15,6,24.25,standard,2026-07-19T18:19:01Z
156,15,7,24.25,standard,2026-07-19T18:19:01Z
156,15,8,24.25,standard,2026-07-19T18:19:01Z
156,15,9,24.25,standard,2026-07-19T18:19:01Z
156,16,10,24.25,standard,2026-07-19T18:19:01Z
156,16,11,24.25,standard,2026-07-19T18:19:01Z
156,16,12,24.25,standard,2026-07-19T18:19:01Z
156,16,13,24.25,standard,2026-07-19T18:19:01Z
156,16,14,24.25,standard,2026-07-19T18:19:01Z
156,16,15,24.25,standard,2026-07-19T18:19:01Z
156,16,16,24.25,standard,2026-07-19T18:19:01Z
156,16,17,24.25,standard,2026-07-19T18:19:01Z
156,16,18,24.25,standard,2026-07-19T18:19:01Z
156,16,2,24.25,standard,2026-07-19T18:19:01Z
156,16,3,24.25,standard,2026-07-19T18:19:01Z
156,16,4,24.25,standard,2026-07-19T18:19:01Z
156,16,5,24.25,standard,2026-07-19T18:19:01Z
156,16,6,24.25,standard,2026-07-19T18:19:01Z
156,16,7,24.25,standard,2026-07-19T18:19:01Z
156,16,8,24.25,standard,2026-07-19T18:19:01Z
156,16,9,24.25,standard,2026-07-19T18:19:01Z
156,18,10,24.25,standard,2026-07-19T18:19:01Z
156,18,11,24.25,standard,2026-07-19T18:19:01Z
156,18,12,24.25,standard,2026-07-19T18:19:01Z
156,18,13,24.25,standard,2026-07-19T18:19:01Z
156,18,14,24.25,standard,2026-07-19T18:19:01Z
156,18,15,24.25,standard,2026-07-19T18:19:01Z
156,18,16,24.25,standard,2026-07-19T18:19:01Z
156,18,17,24.25,standard,2026-07-19T18:19:01Z
156,18,18,24.25,standard,2026-07-19T18:19:01Z
156,18,2,24.25,standard,2026-07-19T18:19:01Z
156,18,3,24.25,standard,2026-07-19T18:19:01Z
156,18,4,24.25,standard,2026-07-19T18:19:01Z
156,18,5,24.25,standard,2026-07-19T18:19:01Z
156,18,6,24.25,standard,2026-07-19T18:19:01Z
156,18,7,24.25,standard,2026-07-19T18:19:01Z
156,18,8,24.25,standard,2026-07-19T18:19:01Z
156,18,9,24.25,standard,2026-07-19T18:19:01Z
156,19,10,24.25,standard,2026-07-19T18:19:01Z
156,19,11,24.25,standard,2026-07-19T18:19:01Z
156,19,12,24.25,standard,2026-07-19T18:19:01Z
156,19,13,24.25,standard,2026-07-19T18:19:01Z
156,19,14,24.25,standard,2026-07-19T18:19:01Z
156,19,15,24.25,standard,2026-07-19T18:19:01Z
156,19,16,24.25,standard,2026-07-19T18:19:01Z
156,19,17,24.25,standard,2026-07-19T18:19:01Z
156,19,18,24.25,standard,2026-07-19T18:19:01Z
156,19,2,24.25,standard,2026-07-19T18:19:01Z
156,19,3,24.25,standard,2026-07-19T18:19:01Z
156,19,4,24.25,standard,2026-07-19T18:19:01Z
156,19,5,24.25,standard,2026-07-19T18:19:01Z
156,19,6,24.25,standard,2026-07-19T18:19:01Z
156,19,7,24.25,standard,2026-07-19T18:19:01Z
156,19,8,24.25,standard,2026-07-19T18:19:01Z
156,19,9,24.25,standard,2026-07-19T18:19:01Z
156,20,10,24.25,standard,2026-07-19T18:19:01Z
156,20,11,24.25,standard,2026-07-19T18:19:01Z
156,20,12,24.25,standard,2026-07-19T18:19:01Z
156,20,13,24.25,standard,2026-07-19T18:19:01Z
156,20,14,24.25,standard,2026-07-19T18:19:01Z
156,20,15,24.25,standard,2026-07-19T18:19:01Z
156,20,16,24.25,standard,2026-07-19T18:19:01Z
156,20,17,24.25,standard,2026-07-19T18:19:01Z
156,20,18,24.25,standard,2026-07-19T18:19:01Z
156,20,2,24.25,standard,2026-07-19T18:19:01Z
156,20,3,24.25,standard,2026-07-19T18:19:01Z
156,20,4,24.25,standard,2026-07-19T18:19:01Z
156,20,5,24.25,standard,2026-07-19T18:19:01Z
156,20,6,24.25,standard,2026-07-19T18:19:01Z
156,20,7,24.25,standard,2026-07-19T18:19:01Z
156,20,8,24.25,standard,2026-07-19T18:19:01Z
156,20,9,24.25,standard,2026-07-19T18:19:01Z
156,5,5,24.25,standard,2026-07-19T18:19:01Z
156,5,6,24.25,standard,2026-07-19T18:19:01Z
156,5,7,24.25,standard,2026-07-19T18:19:01Z
156,5,8,24.25,standard,2026-07-19T18:19:01Z
156,5,9,24.25,standard,2026-07-19T18:19:01Z
156,5,10,24.25,standard,2026-07-19T18:19:01Z
156,6,15,24.25,standard,2026-07-19T18:19:01Z
156,6,16,24.25,standard,2026-07-19T18:19:01Z
156,6,17,24.25,standard,2026-07-19T18:19:01Z
156,6,18,24.25,standard,2026-07-19T18:19:01Z
156W,W,10,24.25,standard,2026-07-19T18:19:01Z
156W,W,2,24.25,standard,2026-07-19T18:19:01Z
156W,W,3,24.25,standard,2026-07-19T18:19:01Z
156W,W,4,24.25,standard,2026-07-19T18:19:01Z
156W,W,5,24.25,standard,2026-07-19T18:19:01Z
156W,W,6,24.25,standard,2026-07-19T18:19:01Z
156W,W,7,24.25,standard,2026-07-19T18:19:01Z
156W,W,8,24.25,standard,2026-07-19T18:19:01Z
156W,W,9,24.25,standard,2026-07-19T18:19:01Z
157,17,10,24.25,standard,2026-07-19T18:19:01Z
157,17,11,24.25,standard,2026-07-19T18:19:01Z
157,17,12,24.25,standard,2026-07-19T18:19:01Z
157,17,13,24.25,standard,2026-07-19T18:19:01Z
157,17,14,24.25,standard,2026-07-19T18:19:01Z
157,17,2,24.25,standard,2026-07-19T18:19:01Z
157,17,3,24.25,standard,2026-07-19T18:19:01Z
157,17,4,24.25,standard,2026-07-19T18:19:01Z
157,17,5,24.25,standard,2026-07-19T18:19:01Z
157,17,6,24.25,standard,2026-07-19T18:19:01Z
157,17,7,24.25,standard,2026-07-19T18:19:01Z
157,17,8,24.25,standard,2026-07-19T18:19:01Z
157,17,9,24.25,standard,2026-07-19T18:19:01Z
157,15,10,24.25,standard,2026-07-19T18:19:01Z
157,15,11,24.25,standard,2026-07-19T18:19:01Z
157,15,12,24.25,standard,2026-07-19T18:19:01Z
157,15,13,24.25,standard,2026-07-19T18:19:01Z
157,15,2,24.25,standard,2026-07-19T18:19:01Z
157,15,3,24.25,standard,2026-07-19T18:19:01Z
157,15,4,24.25,standard,2026-07-19T18:19:01Z
157,15,5,24.25,standard,2026-07-19T18:19:01Z
157,15,6,24.25,standard,2026-07-19T18:19:01Z
157,15,7,24.25,standard,2026-07-19T18:19:01Z
157,15,8,24.25,standard,2026-07-19T18:19:01Z
157,15,9,24.25,standard,2026-07-19T18:19:01Z
157,20,10,24.25,standard,2026-07-19T18:19:01Z
157,20,11,24.25,standard,2026-07-19T18:19:01Z
157,20,12,24.25,standard,2026-07-19T18:19:01Z
157,20,13,24.25,standard,2026-07-19T18:19:01Z
157,20,14,24.25,standard,2026-07-19T18:19:01Z
157,20,15,24.25,standard,2026-07-19T18:19:01Z
157,20,16,24.25,standard,2026-07-19T18:19:01Z
157,20,2,24.25,standard,2026-07-19T18:19:01Z
157,20,3,24.25,standard,2026-07-19T18:19:01Z
157,20,4,24.25,standard,2026-07-19T18:19:01Z
157,20,5,24.25,standard,2026-07-19T18:19:01Z
157,20,6,24.25,standard,2026-07-19T18:19:01Z
157,20,7,24.25,standard,2026-07-19T18:19:01Z
157,20,8,24.25,standard,2026-07-19T18:19:01Z
157,20,9,24.25,standard,2026-07-19T18:19:01Z
157,8,6,24.25,standard,2026-07-19T18:19:01Z
157,8,7,24.25,standard,2026-07-19T18:19:01Z
157,8,8,24.25,standard,2026-07-19T18:19:01Z
157W,W,10,24.25,standard,2026-07-19T18:19:01Z
157W,W,11,24.25,standard,2026-07-19T18:19:01Z
157W,W,12,24.25,standard,2026-07-19T18:19:01Z
157W,W,2,24.25,standard,2026-07-19T18:19:01Z
157W,W,3,24.25,standard,2026-07-19T18:19:01Z
157W,W,4,24.25,standard,2026-07-19T18:19:01Z
157W,W,5,24.25,standard,2026-07-19T18:19:01Z
157W,W,6,24.25,standard,2026-07-19T18:19:01Z
157W,W,7,24.25,standard,2026-07-19T18:19:01Z
157W,W,8,24.25,standard,2026-07-19T18:19:01Z
157W,W,9,24.25,standard,2026-07-19T18:19:01Z
158,7,4,24.25,standard,2026-07-19T18:19:01Z
158,7,5,24.25,standard,2026-07-19T18:19:01Z
158,7,6,24.25,standard,2026-07-19T18:19:01Z
158,7,7,24.25,standard,2026-07-19T18:19:01Z
158,7,8,24.25,standard,2026-07-19T18:19:01Z
158,7,1,24.25,standard,2026-07-19T18:19:01Z
158,7,2,24.25,standard,2026-07-19T18:19:01Z
158,7,3,24.25,standard,2026-07-19T18:19:01Z
158,8,4,24.25,standard,2026-07-19T18:19:01Z
158,8,5,24.25,standard,2026-07-19T18:19:01Z
158,8,6,24.25,standard,2026-07-19T18:19:01Z
158,8,7,24.25,standard,2026-07-19T18:19:01Z
158,8,8,24.25,standard,2026-07-19T18:19:01Z
158,8,9,24.25,standard,2026-07-19T18:19:01Z
158,8,1,24.25,standard,2026-07-19T18:19:01Z
158,8,2,24.25,standard,2026-07-19T18:19:01Z
158,8,3,24.25,standard,2026-07-19T18:19:01Z
158,9,4,24.25,standard,2026-07-19T18:19:01Z
158,9,5,24.25,standard,2026-07-19T18:19:01Z
158,9,6,24.25,standard,2026-07-19T18:19:01Z
158,9,7,24.25,standard,2026-07-19T18:19:01Z
158,9,8,24.25,standard,2026-07-19T18:19:01Z
158,9,9,24.25,standard,2026-07-19T18:19:01Z
158,9,1,24.25,standard,2026-07-19T18:19:01Z
158,9,10,24.25,standard,2026-07-19T18:19:01Z
158,9,2,24.25,standard,2026-07-19T18:19:01Z
158,9,3,24.25,standard,2026-07-19T18:19:01Z
158W,W,10,24.25,standard,2026-07-19T18:19:01Z
158W,W,11,24.25,standard,2026-07-19T18:19:01Z
158W,W,12,24.25,standard,2026-07-19T18:19:01Z
158W,W,13,24.25,standard,2026-07-19T18:19:01Z
158W,W,2,24.25,standard,2026-07-19T18:19:01Z
158W,W,3,24.25,standard,2026-07-19T18:19:01Z
158W,W,4,24.25,standard,2026-07-19T18:19:01Z
158W,W,5,24.25,standard,2026-07-19T18:19:01Z
158W,W,6,24.25,standard,2026-07-19T18:19:01Z
158W,W,7,24.25,standard,2026-07-19T18:19:01Z
159,5,8,24.25,standard,2026-07-19T18:19:01Z
159,5,9,24.25,standard,2026-07-19T18:19:01Z
159,5,10,24.25,standard,2026-07-19T18:19:01Z
159,5,11,24.25,standard,2026-07-19T18:19:01Z
159,5,12,24.25,standard,2026-07-19T18:19:01Z
159,5,13,24.25,standard,2026-07-19T18:19:01Z
159,5,14,24.25,standard,2026-07-19T18:19:01Z
159,5,15,24.25,standard,2026-07-19T18:19:01Z
159,5,16,24.25,standard,2026-07-19T18:19:01Z
159,5,17,24.25,standard,2026-07-19T18:19:01Z
159,5,18,24.25,standard,2026-07-19T18:19:01Z
159,6,4,24.25,standard,2026-07-19T18:19:01Z
159,6,5,24.25,standard,2026-07-19T18:19:01Z
159,6,6,24.25,standard,2026-07-19T18:19:01Z
159,6,7,24.25,standard,2026-07-19T18:19:01Z
159,6,8,24.25,standard,2026-07-19T18:19:01Z
159,6,9,24.25,standard,2026-07-19T18:19:01Z
159,6,1,24.25,standard,2026-07-19T18:19:01Z
159,6,10,24.25,standard,2026-07-19T18:19:01Z
159,6,11,24.25,standard,2026-07-19T18:19:01Z
159,6,12,24.25,standard,2026-07-19T18:19:01Z
159,6,13,24.25,standard,2026-07-19T18:19:01Z
159,6,14,24.25,standard,2026-07-19T18:19:01Z
159,6,15,24.25,standard,2026-07-19T18:19:01Z
159,6,16,24.25,standard,2026-07-19T18:19:01Z
159,6,17,24.25,standard,2026-07-19T18:19:01Z
159,6,18,24.25,standard,2026-07-19T18:19:01Z
159,6,2,24.25,standard,2026-07-19T18:19:01Z
159,6,3,24.25,standard,2026-07-19T18:19:01Z
159,7,4,24.25,standard,2026-07-19T18:19:01Z
159,7,5,24.25,standard,2026-07-19T18:19:01Z
159,7,6,24.25,standard,2026-07-19T18:19:01Z
159,7,7,24.25,standard,2026-07-19T18:19:01Z
159,7,8,24.25,standard,2026-07-19T18:19:01Z
159,7,9,24.25,standard,2026-07-19T18:19:01Z
159,7,1,24.25,standard,2026-07-19T18:19:01Z
159,7,10,24.25,standard,2026-07-19T18:19:01Z
159,7,11,24.25,standard,2026-07-19T18:19:01Z
159,7,12,24.25,standard,2026-07-19T18:19:01Z
159,7,13,24.25,standard,2026-07-19T18:19:01Z
159,7,14,24.25,standard,2026-07-19T18:19:01Z
159,7,15,24.25,standard,2026-07-19T18:19:01Z
159,7,16,24.25,standard,2026-07-19T18:19:01Z
159,7,17,24.25,standard,2026-07-19T18:19:01Z
159,7,18,24.25,standard,2026-07-19T18:19:01Z
159,7,2,24.25,standard,2026-07-19T18:19:01Z
159,7,3,24.25,standard,2026-07-19T18:19:01Z
159,8,4,24.25,standard,2026-07-19T18:19:01Z
159,8,5,24.25,standard,2026-07-19T18:19:01Z
159,8,6,24.25,standard,2026-07-19T18:19:01Z
159,8,7,24.25,standard,2026-07-19T18:19:01Z
159,8,8,24.25,standard,2026-07-19T18:19:01Z
159,8,9,24.25,standard,2026-07-19T18:19:01Z
159,8,1,24.25,standard,2026-07-19T18:19:01Z
159,8,10,24.25,standard,2026-07-19T18:19:01Z
159,8,11,24.25,standard,2026-07-19T18:19:01Z
159,8,12,24.25,standard,2026-07-19T18:19:01Z
159,8,13,24.25,standard,2026-07-19T18:19:01Z
159,8,14,24.25,standard,2026-07-19T18:19:01Z
159,8,15,24.25,standard,2026-07-19T18:19:01Z
159,8,16,24.25,standard,2026-07-19T18:19:01Z
159,8,17,24.25,standard,2026-07-19T18:19:01Z
159,8,18,24.25,standard,2026-07-19T18:19:01Z
159,8,2,24.25,standard,2026-07-19T18:19:01Z
159,8,3,24.25,standard,2026-07-19T18:19:01Z
160,5,10,24.25,standard,2026-07-19T18:19:01Z
160,6,4,24.25,standard,2026-07-19T18:19:01Z
160,6,5,24.25,standard,2026-07-19T18:19:01Z
160,6,11,24.25,standard,2026-07-19T18:19:01Z
160,6,12,24.25,standard,2026-07-19T18:19:01Z
160,6,3,24.25,standard,2026-07-19T18:19:01Z
160,7,4,24.25,standard,2026-07-19T18:19:01Z
160,7,5,24.25,standard,2026-07-19T18:19:01Z
160,7,6,24.25,standard,2026-07-19T18:19:01Z
160,7,7,24.25,standard,2026-07-19T18:19:01Z
160,7,8,24.25,standard,2026-07-19T18:19:01Z
160,7,9,24.25,standard,2026-07-19T18:19:01Z
160,7,1,24.25,standard,2026-07-19T18:19:01Z
160,7,10,24.25,standard,2026-07-19T18:19:01Z
160,7,11,24.25,standard,2026-07-19T18:19:01Z
160,7,12,24.25,standard,2026-07-19T18:19:01Z
160,7,2,24.25,standard,2026-07-19T18:19:01Z
160,7,3,24.25,standard,2026-07-19T18:19:01Z
160,8,4,24.25,standard,2026-07-19T18:19:01Z
160,8,5,24.25,standard,2026-07-19T18:19:01Z
160,8,6,24.25,standard,2026-07-19T18:19:01Z
160,8,7,24.25,standard,2026-07-19T18:19:01Z
160,8,8,24.25,standard,2026-07-19T18:19:01Z
160,8,9,24.25,standard,2026-07-19T18:19:01Z
160,8,1,24.25,standard,2026-07-19T18:19:01Z
160,8,10,24.25,standard,2026-07-19T18:19:01Z
160,8,11,24.25,standard,2026-07-19T18:19:01Z
160,8,12,24.25,standard,2026-07-19T18:19:01Z
160,8,2,24.25,standard,2026-07-19T18:19:01Z
160,8,3,24.25,standard,2026-07-19T18:19:01Z
201,2,5,24.25,standard,2026-07-19T18:19:01Z
201,2,6,24.25,standard,2026-07-19T18:19:01Z
201,2,7,24.25,standard,2026-07-19T18:19:01Z
201,2,8,24.25,standard,2026-07-19T18:19:01Z
201,2,9,24.25,standard,2026-07-19T18:19:01Z
201,5,4,24.25,standard,2026-07-19T18:19:01Z
201,5,5,24.25,standard,2026-07-19T18:19:01Z
201,5,6,24.25,standard,2026-07-19T18:19:01Z
201,5,7,24.25,standard,2026-07-19T18:19:01Z
201,5,8,24.25,standard,2026-07-19T18:19:01Z
201,5,9,24.25,standard,2026-07-19T18:19:01Z
201,5,1,24.25,standard,2026-07-19T18:19:01Z
201,5,2,24.25,standard,2026-07-19T18:19:01Z
201,5,3,24.25,standard,2026-07-19T18:19:01Z
201,6,4,24.25,standard,2026-07-19T18:19:01Z
201,6,5,24.25,standard,2026-07-19T18:19:01Z
202,4,8,24.25,standard,2026-07-19T18:19:01Z
202,4,9,24.25,standard,2026-07-19T18:19:01Z
202,4,10,24.25,standard,2026-07-19T18:19:01Z
202,4,11,24.25,standard,2026-07-19T18:19:01Z
202,4,12,24.25,standard,2026-07-19T18:19:01Z
202,4,13,24.25,standard,2026-07-19T18:19:01Z
202,4,14,24.25,standard,2026-07-19T18:19:01Z
202,4,15,24.25,standard,2026-07-19T18:19:01Z
202,4,16,24.25,standard,2026-07-19T18:19:01Z
202,4,17,24.25,standard,2026-07-19T18:19:01Z
202,4,18,24.25,standard,2026-07-19T18:19:01Z
202,4,19,24.25,standard,2026-07-19T18:19:01Z
202,4,20,24.25,standard,2026-07-19T18:19:01Z
202,4,21,24.25,standard,2026-07-19T18:19:01Z
202,4,22,24.25,standard,2026-07-19T18:19:01Z
202,5,4,24.25,standard,2026-07-19T18:19:01Z
202,5,5,24.25,standard,2026-07-19T18:19:01Z
202,5,6,24.25,standard,2026-07-19T18:19:01Z
202,5,7,24.25,standard,2026-07-19T18:19:01Z
202,5,8,24.25,standard,2026-07-19T18:19:01Z
202,5,9,24.25,standard,2026-07-19T18:19:01Z
202,5,10,24.25,standard,2026-07-19T18:19:01Z
202,5,11,24.25,standard,2026-07-19T18:19:01Z
202,5,12,24.25,standard,2026-07-19T18:19:01Z
202,5,13,24.25,standard,2026-07-19T18:19:01Z
202,5,14,24.25,standard,2026-07-19T18:19:01Z
202,5,15,24.25,standard,2026-07-19T18:19:01Z
202,5,16,24.25,standard,2026-07-19T18:19:01Z
202,5,17,24.25,standard,2026-07-19T18:19:01Z
202,5,18,24.25,standard,2026-07-19T18:19:01Z
202,5,19,24.25,standard,2026-07-19T18:19:01Z
202,5,20,24.25,standard,2026-07-19T18:19:01Z
202,5,21,24.25,standard,2026-07-19T18:19:01Z
202,5,22,24.25,standard,2026-07-19T18:19:01Z
202,6,4,24.25,standard,2026-07-19T18:19:01Z
202,6,5,24.25,standard,2026-07-19T18:19:01Z
202,6,6,24.25,standard,2026-07-19T18:19:01Z
202,6,7,24.25,standard,2026-07-19T18:19:01Z
202,6,8,24.25,standard,2026-07-19T18:19:01Z
202,6,9,24.25,standard,2026-07-19T18:19:01Z
202,6,10,24.25,standard,2026-07-19T18:19:01Z
202,6,11,24.25,standard,2026-07-19T18:19:01Z
202,6,12,24.25,standard,2026-07-19T18:19:01Z
202,6,13,24.25,standard,2026-07-19T18:19:01Z
202,6,14,24.25,standard,2026-07-19T18:19:01Z
202,6,15,24.25,standard,2026-07-19T18:19:01Z
202,6,16,24.25,standard,2026-07-19T18:19:01Z
202,6,17,24.25,standard,2026-07-19T18:19:01Z
202,6,18,24.25,standard,2026-07-19T18:19:01Z
202,6,19,24.25,standard,2026-07-19T18:19:01Z
202,6,20,24.25,standard,2026-07-19T18:19:01Z
202,6,21,24.25,standard,2026-07-19T18:19:01Z
202,6,22,24.25,standard,2026-07-19T18:19:01Z
203,3,16,24.25,standard,2026-07-19T18:19:01Z
203,3,17,24.25,standard,2026-07-19T18:19:01Z
203,3,18,24.25,standard,2026-07-19T18:19:01Z
203,5,4,24.25,standard,2026-07-19T18:19:01Z
203,5,5,24.25,standard,2026-07-19T18:19:01Z
203,5,6,24.25,standard,2026-07-19T18:19:01Z
203,5,7,24.25,standard,2026-07-19T18:19:01Z
203,5,8,24.25,standard,2026-07-19T18:19:01Z
203,5,9,24.25,standard,2026-07-19T18:19:01Z
203,5,10,24.25,standard,2026-07-19T18:19:01Z
203,5,11,24.25,standard,2026-07-19T18:19:01Z
203,5,12,24.25,standard,2026-07-19T18:19:01Z
203,5,13,24.25,standard,2026-07-19T18:19:01Z
203,5,14,24.25,standard,2026-07-19T18:19:01Z
203,5,15,24.25,standard,2026-07-19T18:19:01Z
203,5,16,24.25,standard,2026-07-19T18:19:01Z
203,5,17,24.25,standard,2026-07-19T18:19:01Z
203,6,8,24.25,standard,2026-07-19T18:19:01Z
203,6,9,24.25,standard,2026-07-19T18:19:01Z
203,6,10,24.25,standard,2026-07-19T18:19:01Z
203,6,11,24.25,standard,2026-07-19T18:19:01Z
203,6,12,24.25,standard,2026-07-19T18:19:01Z
203,6,13,24.25,standard,2026-07-19T18:19:01Z
203,6,14,24.25,standard,2026-07-19T18:19:01Z
203,6,15,24.25,standard,2026-07-19T18:19:01Z
203,6,16,24.25,standard,2026-07-19T18:19:01Z
203,6,17,24.25,standard,2026-07-19T18:19:01Z
204,10,10,24.25,standard,2026-07-19T18:19:01Z
204,10,11,24.25,standard,2026-07-19T18:19:01Z
204,10,12,24.25,standard,2026-07-19T18:19:01Z
204,10,13,24.25,standard,2026-07-19T18:19:01Z
204,10,14,24.25,standard,2026-07-19T18:19:01Z
204,10,15,24.25,standard,2026-07-19T18:19:01Z
204,10,16,24.25,standard,2026-07-19T18:19:01Z
204,10,17,24.25,standard,2026-07-19T18:19:01Z
204,10,18,24.25,standard,2026-07-19T18:19:01Z
204,10,19,24.25,standard,2026-07-19T18:19:01Z
204,10,20,24.25,standard,2026-07-19T18:19:01Z
204,10,21,24.25,standard,2026-07-19T18:19:01Z
204,10,22,24.25,standard,2026-07-19T18:19:01Z
204,10,3,24.25,standard,2026-07-19T18:19:01Z
204,10,4,24.25,standard,2026-07-19T18:19:01Z
204,10,5,24.25,standard,2026-07-19T18:19:01Z
204,10,6,24.25,standard,2026-07-19T18:19:01Z
204,10,7,24.25,standard,2026-07-19T18:19:01Z
204,10,8,24.25,standard,2026-07-19T18:19:01Z
204,10,9,24.25,standard,2026-07-19T18:19:01Z
204,11,10,24.25,standard,2026-07-19T18:19:01Z
204,11,11,24.25,standard,2026-07-19T18:19:01Z
204,11,12,24.25,standard,2026-07-19T18:19:01Z
204,11,13,24.25,standard,2026-07-19T18:19:01Z
204,11,14,24.25,standard,2026-07-19T18:19:01Z
204,11,15,24.25,standard,2026-07-19T18:19:01Z
204,11,16,24.25,standard,2026-07-19T18:19:01Z
204,11,17,24.25,standard,2026-07-19T18:19:01Z
204,11,18,24.25,standard,2026-07-19T18:19:01Z
204,11,19,24.25,standard,2026-07-19T18:19:01Z
204,11,20,24.25,standard,2026-07-19T18:19:01Z
204,11,21,24.25,standard,2026-07-19T18:19:01Z
204,11,22,24.25,standard,2026-07-19T18:19:01Z
204,11,23,24.25,standard,2026-07-19T18:19:01Z
204,11,24,24.25,standard,2026-07-19T18:19:01Z
204,11,3,24.25,standard,2026-07-19T18:19:01Z
204,11,4,24.25,standard,2026-07-19T18:19:01Z
204,11,5,24.25,standard,2026-07-19T18:19:01Z
204,11,6,24.25,standard,2026-07-19T18:19:01Z
204,11,7,24.25,standard,2026-07-19T18:19:01Z
204,11,8,24.25,standard,2026-07-19T18:19:01Z
204,11,9,24.25,standard,2026-07-19T18:19:01Z
204,12,14,24.25,standard,2026-07-19T18:19:01Z
204,12,15,24.25,standard,2026-07-19T18:19:01Z
204,12,16,24.25,standard,2026-07-19T18:19:01Z
204,12,17,24.25,standard,2026-07-19T18:19:01Z
204,12,18,24.25,standard,2026-07-19T18:19:01Z
204,12,4,24.25,standard,2026-07-19T18:19:01Z
204,12,5,24.25,standard,2026-07-19T18:19:01Z
204,12,6,24.25,standard,2026-07-19T18:19:01Z
204,12,7,24.25,standard,2026-07-19T18:19:01Z
204,12,8,24.25,standard,2026-07-19T18:19:01Z
204,12,9,24.25,standard,2026-07-19T18:19:01Z
204,3,18,24.25,standard,2026-07-19T18:19:01Z
204,3,19,24.25,standard,2026-07-19T18:19:01Z
204,3,20,24.25,standard,2026-07-19T18:19:01Z
204,3,21,24.25,standard,2026-07-19T18:19:01Z
204,3,22,24.25,standard,2026-07-19T18:19:01Z
204,5,9,24.25,standard,2026-07-19T18:19:01Z
204,5,10,24.25,standard,2026-07-19T18:19:01Z
204,5,11,24.25,standard,2026-07-19T18:19:01Z
204,5,12,24.25,standard,2026-07-19T18:19:01Z
204,5,13,24.25,standard,2026-07-19T18:19:01Z
204,5,14,24.25,standard,2026-07-19T18:19:01Z
204,5,15,24.25,standard,2026-07-19T18:19:01Z
204,5,16,24.25,standard,2026-07-19T18:19:01Z
204,5,17,24.25,standard,2026-07-19T18:19:01Z
204,5,18,24.25,standard,2026-07-19T18:19:01Z
204,5,19,24.25,standard,2026-07-19T18:19:01Z
204,5,20,24.25,standard,2026-07-19T18:19:01Z
204,5,21,24.25,standard,2026-07-19T18:19:01Z
204,5,22,24.25,standard,2026-07-19T18:19:01Z
204,6,18,24.25,standard,2026-07-19T18:19:01Z
204,6,19,24.25,standard,2026-07-19T18:19:01Z
204,6,20,24.25,standard,2026-07-19T18:19:01Z
204,6,21,24.25,standard,2026-07-19T18:19:01Z
204,6,22,24.25,standard,2026-07-19T18:19:01Z
204,7,11,24.25,standard,2026-07-19T18:19:01Z
204,7,12,24.25,standard,2026-07-19T18:19:01Z
204,7,13,24.25,standard,2026-07-19T18:19:01Z
204,7,14,24.25,standard,2026-07-19T18:19:01Z
204,7,15,24.25,standard,2026-07-19T18:19:01Z
204,7,16,24.25,standard,2026-07-19T18:19:01Z
204,7,17,24.25,standard,2026-07-19T18:19:01Z
204,7,18,24.25,standard,2026-07-19T18:19:01Z
204,7,19,24.25,standard,2026-07-19T18:19:01Z
204,7,20,24.25,standard,2026-07-19T18:19:01Z
204,7,21,24.25,standard,2026-07-19T18:19:01Z
204,7,22,24.25,standard,2026-07-19T18:19:01Z
204,7,23,24.25,standard,2026-07-19T18:19:01Z
204,8,4,24.25,standard,2026-07-19T18:19:01Z
204,8,5,24.25,standard,2026-07-19T18:19:01Z
204,8,6,24.25,standard,2026-07-19T18:19:01Z
204,8,7,24.25,standard,2026-07-19T18:19:01Z
204,8,8,24.25,standard,2026-07-19T18:19:01Z
204,8,9,24.25,standard,2026-07-19T18:19:01Z
204,8,10,24.25,standard,2026-07-19T18:19:01Z
204,8,11,24.25,standard,2026-07-19T18:19:01Z
204,8,12,24.25,standard,2026-07-19T18:19:01Z
204,8,13,24.25,standard,2026-07-19T18:19:01Z
204,8,14,24.25,standard,2026-07-19T18:19:01Z
204,8,15,24.25,standard,2026-07-19T18:19:01Z
204,8,16,24.25,standard,2026-07-19T18:19:01Z
204,8,17,24.25,standard,2026-07-19T18:19:01Z
204,8,18,24.25,standard,2026-07-19T18:19:01Z
204,8,19,24.25,standard,2026-07-19T18:19:01Z
204,8,20,24.25,standard,2026-07-19T18:19:01Z
204,8,21,24.25,standard,2026-07-19T18:19:01Z
204,8,22,24.25,standard,2026-07-19T18:19:01Z
204,8,23,24.25,standard,2026-07-19T18:19:01Z
204,8,24,24.25,standard,2026-07-19T18:19:01Z
204,8,3,24.25,standard,2026-07-19T18:19:01Z
204,9,4,24.25,standard,2026-07-19T18:19:01Z
204,9,5,24.25,standard,2026-07-19T18:19:01Z
204,9,6,24.25,standard,2026-07-19T18:19:01Z
204,9,7,24.25,standard,2026-07-19T18:19:01Z
204,9,8,24.25,standard,2026-07-19T18:19:01Z
204,9,9,24.25,standard,2026-07-19T18:19:01Z
204,9,1,24.25,standard,2026-07-19T18:19:01Z
204,9,10,24.25,standard,2026-07-19T18:19:01Z
204,9,11,24.25,standard,2026-07-19T18:19:01Z
204,9,12,24.25,standard,2026-07-19T18:19:01Z
204,9,13,24.25,standard,2026-07-19T18:19:01Z
204,9,14,24.25,standard,2026-07-19T18:19:01Z
204,9,15,24.25,standard,2026-07-19T18:19:01Z
204,9,16,24.25,standard,2026-07-19T18:19:01Z
204,9,17,24.25,standard,2026-07-19T18:19:01Z
204,9,18,24.25,standard,2026-07-19T18:19:01Z
204,9,19,24.25,standard,2026-07-19T18:19:01Z
204,9,2,24.25,standard,2026-07-19T18:19:01Z
204,9,20,24.25,standard,2026-07-19T18:19:01Z
204,9,21,24.25,standard,2026-07-19T18:19:01Z
204,9,22,24.25,standard,2026-07-19T18:19:01Z
204,9,23,24.25,standard,2026-07-19T18:19:01Z
204,9,24,24.25,standard,2026-07-19T18:19:01Z
204,9,3,24.25,standard,2026-07-19T18:19:01Z
205,17,18,24.25,standard,2026-07-19T18:19:01Z
205,17,19,24.25,standard,2026-07-19T18:19:01Z
205,17,20,24.25,standard,2026-07-19T18:19:01Z
205,10,10,24.25,standard,2026-07-19T18:19:01Z
205,10,11,24.25,standard,2026-07-19T18:19:01Z
205,10,12,24.25,standard,2026-07-19T18:19:01Z
205,10,13,24.25,standard,2026-07-19T18:19:01Z
205,10,14,24.25,standard,2026-07-19T18:19:01Z
205,10,15,24.25,standard,2026-07-19T18:19:01Z
205,10,16,24.25,standard,2026-07-19T18:19:01Z
205,10,17,24.25,standard,2026-07-19T18:19:01Z
205,10,18,24.25,standard,2026-07-19T18:19:01Z
205,10,19,24.25,standard,2026-07-19T18:19:01Z
205,10,20,24.25,standard,2026-07-19T18:19:01Z
205,10,21,24.25,standard,2026-07-19T18:19:01Z
205,10,22,24.25,standard,2026-07-19T18:19:01Z
205,10,3,24.25,standard,2026-07-19T18:19:01Z
205,10,4,24.25,standard,2026-07-19T18:19:01Z
205,10,5,24.25,standard,2026-07-19T18:19:01Z
205,10,6,24.25,standard,2026-07-19T18:19:01Z
205,10,7,24.25,standard,2026-07-19T18:19:01Z
205,10,8,24.25,standard,2026-07-19T18:19:01Z
205,10,9,24.25,standard,2026-07-19T18:19:01Z
205,11,10,24.25,standard,2026-07-19T18:19:01Z
205,11,11,24.25,standard,2026-07-19T18:19:01Z
205,11,3,24.25,standard,2026-07-19T18:19:01Z
205,11,4,24.25,standard,2026-07-19T18:19:01Z
205,11,5,24.25,standard,2026-07-19T18:19:01Z
205,11,6,24.25,standard,2026-07-19T18:19:01Z
205,11,7,24.25,standard,2026-07-19T18:19:01Z
205,11,8,24.25,standard,2026-07-19T18:19:01Z
205,11,9,24.25,standard,2026-07-19T18:19:01Z
205,12,10,24.25,standard,2026-07-19T18:19:01Z
205,12,11,24.25,standard,2026-07-19T18:19:01Z
205,12,9,24.25,standard,2026-07-19T18:19:01Z
205,1,15,24.25,standard,2026-07-19T18:19:01Z
205,3,4,24.25,standard,2026-07-19T18:19:01Z
205,3,5,24.25,standard,2026-07-19T18:19:01Z
205,3,6,24.25,standard,2026-07-19T18:19:01Z
205,5,12,24.25,standard,2026-07-19T18:19:01Z
205,5,13,24.25,standard,2026-07-19T18:19:01Z
205,5,14,24.25,standard,2026-07-19T18:19:01Z
205,5,15,24.25,standard,2026-07-19T18:19:01Z
205,5,16,24.25,standard,2026-07-19T18:19:01Z
205,6,9,24.25,standard,2026-07-19T18:19:01Z
205,6,10,24.25,standard,2026-07-19T18:19:01Z
205,6,11,24.25,standard,2026-07-19T18:19:01Z
205,6,12,24.25,standard,2026-07-19T18:19:01Z
205,6,13,24.25,standard,2026-07-19T18:19:01Z
205,6,14,24.25,standard,2026-07-19T18:19:01Z
205,6,15,24.25,standard,2026-07-19T18:19:01Z
205,6,16,24.25,standard,2026-07-19T18:19:01Z
205,7,6,24.25,standard,2026-07-19T18:19:01Z
205,7,7,24.25,standard,2026-07-19T18:19:01Z
205,7,8,24.25,standard,2026-07-19T18:19:01Z
205,7,9,24.25,standard,2026-07-19T18:19:01Z
205,7,10,24.25,standard,2026-07-19T18:19:01Z
205,7,11,24.25,standard,2026-07-19T18:19:01Z
205,7,12,24.25,standard,2026-07-19T18:19:01Z
205,7,13,24.25,standard,2026-07-19T18:19:01Z
205,7,14,24.25,standard,2026-07-19T18:19:01Z
205,7,15,24.25,standard,2026-07-19T18:19:01Z
205,7,16,24.25,standard,2026-07-19T18:19:01Z
205,7,17,24.25,standard,2026-07-19T18:19:01Z
205,7,18,24.25,standard,2026-07-19T18:19:01Z
205,8,4,24.25,standard,2026-07-19T18:19:01Z
205,8,5,24.25,standard,2026-07-19T18:19:01Z
205,8,6,24.25,standard,2026-07-19T18:19:01Z
205,8,7,24.25,standard,2026-07-19T18:19:01Z
205,8,8,24.25,standard,2026-07-19T18:19:01Z
205,8,9,24.25,standard,2026-07-19T18:19:01Z
205,8,10,24.25,standard,2026-07-19T18:19:01Z
205,8,11,24.25,standard,2026-07-19T18:19:01Z
205,8,12,24.25,standard,2026-07-19T18:19:01Z
205,8,13,24.25,standard,2026-07-19T18:19:01Z
205,8,14,24.25,standard,2026-07-19T18:19:01Z
205,8,15,24.25,standard,2026-07-19T18:19:01Z
205,8,16,24.25,standard,2026-07-19T18:19:01Z
205,8,3,24.25,standard,2026-07-19T18:19:01Z
205,9,7,24.25,standard,2026-07-19T18:19:01Z
205,9,8,24.25,standard,2026-07-19T18:19:01Z
205,9,9,24.25,standard,2026-07-19T18:19:01Z
205,9,10,24.25,standard,2026-07-19T18:19:01Z
205,9,11,24.25,standard,2026-07-19T18:19:01Z
205,9,12,24.25,standard,2026-07-19T18:19:01Z
205,9,13,24.25,standard,2026-07-19T18:19:01Z
205,9,14,24.25,standard,2026-07-19T18:19:01Z
205,9,15,24.25,standard,2026-07-19T18:19:01Z
205,9,16,24.25,standard,2026-07-19T18:19:01Z
205W,W,2,24.25,standard,2026-07-19T18:19:01Z
205W,W,3,24.25,standard,2026-07-19T18:19:01Z
205W,W,4,24.25,standard,2026-07-19T18:19:01Z
205W,W,5,24.25,standard,2026-07-19T18:19:01Z
205W,W,6,24.25,standard,2026-07-19T18:19:01Z
205W,W,7,24.25,standard,2026-07-19T18:19:01Z
205W,W,8,24.25,standard,2026-07-19T18:19:01Z
206,17,17,24.25,standard,2026-07-19T18:19:01Z
206,17,18,24.25,standard,2026-07-19T18:19:01Z
206,10,10,24.25,standard,2026-07-19T18:19:01Z
206,10,11,24.25,standard,2026-07-19T18:19:01Z
206,10,12,24.25,standard,2026-07-19T18:19:01Z
206,10,13,24.25,standard,2026-07-19T18:19:01Z
206,10,14,24.25,standard,2026-07-19T18:19:01Z
206,10,15,24.25,standard,2026-07-19T18:19:01Z
206,10,16,24.25,standard,2026-07-19T18:19:01Z
206,10,17,24.25,standard,2026-07-19T18:19:01Z
206,10,18,24.25,standard,2026-07-19T18:19:01Z
206,10,19,24.25,standard,2026-07-19T18:19:01Z
206,10,20,24.25,standard,2026-07-19T18:19:01Z
206,10,5,24.25,standard,2026-07-19T18:19:01Z
206,10,6,24.25,standard,2026-07-19T18:19:01Z
206,10,7,24.25,standard,2026-07-19T18:19:01Z
206,10,8,24.25,standard,2026-07-19T18:19:01Z
206,10,9,24.25,standard,2026-07-19T18:19:01Z
206,11,10,24.25,standard,2026-07-19T18:19:01Z
206,11,11,24.25,standard,2026-07-19T18:19:01Z
206,11,12,24.25,standard,2026-07-19T18:19:01Z
206,11,13,24.25,standard,2026-07-19T18:19:01Z
206,11,14,24.25,standard,2026-07-19T18:19:01Z
206,11,15,24.25,standard,2026-07-19T18:19:01Z
206,11,16,24.25,standard,2026-07-19T18:19:01Z
206,11,17,24.25,standard,2026-07-19T18:19:01Z
206,11,18,24.25,standard,2026-07-19T18:19:01Z
206,11,19,24.25,standard,2026-07-19T18:19:01Z
206,11,20,24.25,standard,2026-07-19T18:19:01Z
206,11,21,24.25,standard,2026-07-19T18:19:01Z
206,11,22,24.25,standard,2026-07-19T18:19:01Z
206,11,23,24.25,standard,2026-07-19T18:19:01Z
206,11,24,24.25,standard,2026-07-19T18:19:01Z
206,11,3,24.25,standard,2026-07-19T18:19:01Z
206,11,4,24.25,standard,2026-07-19T18:19:01Z
206,11,5,24.25,standard,2026-07-19T18:19:01Z
206,11,6,24.25,standard,2026-07-19T18:19:01Z
206,11,7,24.25,standard,2026-07-19T18:19:01Z
206,11,8,24.25,standard,2026-07-19T18:19:01Z
206,11,9,24.25,standard,2026-07-19T18:19:01Z
206,12,10,24.25,standard,2026-07-19T18:19:01Z
206,12,11,24.25,standard,2026-07-19T18:19:01Z
206,12,14,24.25,standard,2026-07-19T18:19:01Z
206,12,15,24.25,standard,2026-07-19T18:19:01Z
206,12,16,24.25,standard,2026-07-19T18:19:01Z
206,12,17,24.25,standard,2026-07-19T18:19:01Z
206,12,18,24.25,standard,2026-07-19T18:19:01Z
206,12,19,24.25,standard,2026-07-19T18:19:01Z
206,12,20,24.25,standard,2026-07-19T18:19:01Z
206,12,21,24.25,standard,2026-07-19T18:19:01Z
206,12,22,24.25,standard,2026-07-19T18:19:01Z
206,12,23,24.25,standard,2026-07-19T18:19:01Z
206,12,24,24.25,standard,2026-07-19T18:19:01Z
206,12,3,24.25,standard,2026-07-19T18:19:01Z
206,12,4,24.25,standard,2026-07-19T18:19:01Z
206,12,5,24.25,standard,2026-07-19T18:19:01Z
206,12,6,24.25,standard,2026-07-19T18:19:01Z
206,12,7,24.25,standard,2026-07-19T18:19:01Z
206,12,8,24.25,standard,2026-07-19T18:19:01Z
206,12,9,24.25,standard,2026-07-19T18:19:01Z
206,13,16,24.25,standard,2026-07-19T18:19:01Z
206,13,17,24.25,standard,2026-07-19T18:19:01Z
206,13,18,24.25,standard,2026-07-19T18:19:01Z
206,13,19,24.25,standard,2026-07-19T18:19:01Z
206,13,20,24.25,standard,2026-07-19T18:19:01Z
206,14,15,24.25,standard,2026-07-19T18:19:01Z
206,14,16,24.25,standard,2026-07-19T18:19:01Z
206,14,17,24.25,standard,2026-07-19T18:19:01Z
206,14,18,24.25,standard,2026-07-19T18:19:01Z
206,14,19,24.25,standard,2026-07-19T18:19:01Z
206,14,20,24.25,standard,2026-07-19T18:19:01Z
206,14,21,24.25,standard,2026-07-19T18:19:01Z
206,14,22,24.25,standard,2026-07-19T18:19:01Z
206,14,23,24.25,standard,2026-07-19T18:19:01Z
206,14,24,24.25,standard,2026-07-19T18:19:01Z
206,15,15,24.25,standard,2026-07-19T18:19:01Z
206,15,16,24.25,standard,2026-07-19T18:19:01Z
206,15,17,24.25,standard,2026-07-19T18:19:01Z
206,15,18,24.25,standard,2026-07-19T18:19:01Z
206,16,15,24.25,standard,2026-07-19T18:19:01Z
206,16,16,24.25,standard,2026-07-19T18:19:01Z
206,16,17,24.25,standard,2026-07-19T18:19:01Z
206,16,18,24.25,standard,2026-07-19T18:19:01Z
206,16,19,24.25,standard,2026-07-19T18:19:01Z
206,16,20,24.25,standard,2026-07-19T18:19:01Z
206,4,14,24.25,standard,2026-07-19T18:19:01Z
206,4,15,24.25,standard,2026-07-19T18:19:01Z
206,4,16,24.25,standard,2026-07-19T18:19:01Z
206,5,17,24.25,standard,2026-07-19T18:19:01Z
206,5,18,24.25,standard,2026-07-19T18:19:01Z
206,6,13,24.25,standard,2026-07-19T18:19:01Z
206,6,14,24.25,standard,2026-07-19T18:19:01Z
206,6,15,24.25,standard,2026-07-19T18:19:01Z
206,6,16,24.25,standard,2026-07-19T18:19:01Z
206,6,17,24.25,standard,2026-07-19T18:19:01Z
206,6,18,24.25,standard,2026-07-19T18:19:01Z
206,6,19,24.25,standard,2026-07-19T18:19:01Z
206,6,20,24.25,standard,2026-07-19T18:19:01Z
206,6,21,24.25,standard,2026-07-19T18:19:01Z
206,6,22,24.25,standard,2026-07-19T18:19:01Z
206,7,4,24.25,standard,2026-07-19T18:19:01Z
206,7,5,24.25,standard,2026-07-19T18:19:01Z
206,7,6,24.25,standard,2026-07-19T18:19:01Z
206,7,7,24.25,standard,2026-07-19T18:19:01Z
206,7,8,24.25,standard,2026-07-19T18:19:01Z
206,7,9,24.25,standard,2026-07-19T18:19:01Z
206,7,10,24.25,standard,2026-07-19T18:19:01Z
206,7,11,24.25,standard,2026-07-19T18:19:01Z
206,7,12,24.25,standard,2026-07-19T18:19:01Z
206,7,13,24.25,standard,2026-07-19T18:19:01Z
206,7,14,24.25,standard,2026-07-19T18:19:01Z
206,7,15,24.25,standard,2026-07-19T18:19:01Z
206,7,16,24.25,standard,2026-07-19T18:19:01Z
206,7,17,24.25,standard,2026-07-19T18:19:01Z
206,7,18,24.25,standard,2026-07-19T18:19:01Z
206,7,19,24.25,standard,2026-07-19T18:19:01Z
206,7,20,24.25,standard,2026-07-19T18:19:01Z
206,7,21,24.25,standard,2026-07-19T18:19:01Z
206,7,22,24.25,standard,2026-07-19T18:19:01Z
206,7,3,24.25,standard,2026-07-19T18:19:01Z
206,8,6,24.25,standard,2026-07-19T18:19:01Z
206,8,7,24.25,standard,2026-07-19T18:19:01Z
206,8,8,24.25,standard,2026-07-19T18:19:01Z
206,8,9,24.25,standard,2026-07-19T18:19:01Z
206,8,10,24.25,standard,2026-07-19T18:19:01Z
206,8,11,24.25,standard,2026-07-19T18:19:01Z
206,8,12,24.25,standard,2026-07-19T18:19:01Z
206,8,13,24.25,standard,2026-07-19T18:19:01Z
206,8,14,24.25,standard,2026-07-19T18:19:01Z
206,8,15,24.25,standard,2026-07-19T18:19:01Z
206,8,16,24.25,standard,2026-07-19T18:19:01Z
206,8,17,24.25,standard,2026-07-19T18:19:01Z
206,8,18,24.25,standard,2026-07-19T18:19:01Z
206,8,19,24.25,standard,2026-07-19T18:19:01Z
206,8,20,24.25,standard,2026-07-19T18:19:01Z
206,8,21,24.25,standard,2026-07-19T18:19:01Z
206,9,5,24.25,standard,2026-07-19T18:19:01Z
206,9,6,24.25,standard,2026-07-19T18:19:01Z
206,9,7,24.25,standard,2026-07-19T18:19:01Z
206,9,8,24.25,standard,2026-07-19T18:19:01Z
206,9,9,24.25,standard,2026-07-19T18:19:01Z
206,9,10,24.25,standard,2026-07-19T18:19:01Z
206,9,11,24.25,standard,2026-07-19T18:19:01Z
206,9,12,24.25,standard,2026-07-19T18:19:01Z
206,9,13,24.25,standard,2026-07-19T18:19:01Z
206,9,14,24.25,standard,2026-07-19T18:19:01Z
206,9,15,24.25,standard,2026-07-19T18:19:01Z
206,9,16,24.25,standard,2026-07-19T18:19:01Z
206,9,17,24.25,standard,2026-07-19T18:19:01Z
206,9,18,24.25,standard,2026-07-19T18:19:01Z
206,9,19,24.25,standard,2026-07-19T18:19:01Z
206,9,20,24.25,standard,2026-07-19T18:19:01Z
206W,W,1,24.25,standard,2026-07-19T18:19:01Z
206W,W,2,24.25,standard,2026-07-19T18:19:01Z
206W,W,3,24.25,standard,2026-07-19T18:19:01Z
206W,W,4,24.25,standard,2026-07-19T18:19:01Z
206W,W,5,24.25,standard,2026-07-19T18:19:01Z
206W,W,6,24.25,standard,2026-07-19T18:19:01Z
207,17,10,24.25,standard,2026-07-19T18:19:01Z
207,17,16,24.25,standard,2026-07-19T18:19:01Z
207,17,17,24.25,standard,2026-07-19T18:19:01Z
207,17,18,24.25,standard,2026-07-19T18:19:01Z
207,17,19,24.25,standard,2026-07-19T18:19:01Z
207,17,20,24.25,standard,2026-07-19T18:19:01Z
207,17,21,24.25,standard,2026-07-19T18:19:01Z
207,17,23,24.25,standard,2026-07-19T18:19:01Z
207,17,24,24.25,standard,2026-07-19T18:19:01Z
207,17,7,24.25,standard,2026-07-19T18:19:01Z
207,17,8,24.25,standard,2026-07-19T18:19:01Z
207,17,9,24.25,standard,2026-07-19T18:19:01Z
207,10,13,24.25,standard,2026-07-19T18:19:01Z
207,10,14,24.25,standard,2026-07-19T18:19:01Z
207,10,15,24.25,standard,2026-07-19T18:19:01Z
207,10,16,24.25,standard,2026-07-19T18:19:01Z
207,10,17,24.25,standard,2026-07-19T18:19:01Z
207,10,18,24.25,standard,2026-07-19T18:19:01Z
207,10,19,24.25,standard,2026-07-19T18:19:01Z
207,10,20,24.25,standard,2026-07-19T18:19:01Z
207,11,11,24.25,standard,2026-07-19T18:19:01Z
207,11,12,24.25,standard,2026-07-19T18:19:01Z
207,11,13,24.25,standard,2026-07-19T18:19:01Z
207,11,14,24.25,standard,2026-07-19T18:19:01Z
207,11,15,24.25,standard,2026-07-19T18:19:01Z
207,11,16,24.25,standard,2026-07-19T18:19:01Z
207,11,17,24.25,standard,2026-07-19T18:19:01Z
207,11,18,24.25,standard,2026-07-19T18:19:01Z
207,11,19,24.25,standard,2026-07-19T18:19:01Z
207,11,20,24.25,standard,2026-07-19T18:19:01Z
207,11,21,24.25,standard,2026-07-19T18:19:01Z
207,11,22,24.25,standard,2026-07-19T18:19:01Z
207,11,23,24.25,standard,2026-07-19T18:19:01Z
207,11,24,24.25,standard,2026-07-19T18:19:01Z
207,12,10,24.25,standard,2026-07-19T18:19:01Z
207,12,11,24.25,standard,2026-07-19T18:19:01Z
207,12,14,24.25,standard,2026-07-19T18:19:01Z
207,12,15,24.25,standard,2026-07-19T18:19:01Z
207,12,16,24.25,standard,2026-07-19T18:19:01Z
207,12,17,24.25,standard,2026-07-19T18:19:01Z
207,12,18,24.25,standard,2026-07-19T18:19:01Z
207,12,19,24.25,standard,2026-07-19T18:19:01Z
207,12,20,24.25,standard,2026-07-19T18:19:01Z
207,12,21,24.25,standard,2026-07-19T18:19:01Z
207,12,22,24.25,standard,2026-07-19T18:19:01Z
207,12,23,24.25,standard,2026-07-19T18:19:01Z
207,12,24,24.25,standard,2026-07-19T18:19:01Z
207,12,5,24.25,standard,2026-07-19T18:19:01Z
207,12,6,24.25,standard,2026-07-19T18:19:01Z
207,12,7,24.25,standard,2026-07-19T18:19:01Z
207,12,8,24.25,standard,2026-07-19T18:19:01Z
207,12,9,24.25,standard,2026-07-19T18:19:01Z
207,13,10,24.25,standard,2026-07-19T18:19:01Z
207,13,11,24.25,standard,2026-07-19T18:19:01Z
207,13,16,24.25,standard,2026-07-19T18:19:01Z
207,13,17,24.25,standard,2026-07-19T18:19:01Z
207,13,18,24.25,standard,2026-07-19T18:19:01Z
207,13,19,24.25,standard,2026-07-19T18:19:01Z
207,13,20,24.25,standard,2026-07-19T18:19:01Z
207,13,21,24.25,standard,2026-07-19T18:19:01Z
207,13,22,24.25,standard,2026-07-19T18:19:01Z
207,13,23,24.25,standard,2026-07-19T18:19:01Z
207,13,24,24.25,standard,2026-07-19T18:19:01Z
207,13,5,24.25,standard,2026-07-19T18:19:01Z
207,13,6,24.25,standard,2026-07-19T18:19:01Z
207,13,7,24.25,standard,2026-07-19T18:19:01Z
207,13,8,24.25,standard,2026-07-19T18:19:01Z
207,13,9,24.25,standard,2026-07-19T18:19:01Z
207,14,10,24.25,standard,2026-07-19T18:19:01Z
207,14,11,24.25,standard,2026-07-19T18:19:01Z
207,14,16,24.25,standard,2026-07-19T18:19:01Z
207,14,17,24.25,standard,2026-07-19T18:19:01Z
207,14,18,24.25,standard,2026-07-19T18:19:01Z
207,14,19,24.25,standard,2026-07-19T18:19:01Z
207,14,20,24.25,standard,2026-07-19T18:19:01Z
207,14,21,24.25,standard,2026-07-19T18:19:01Z
207,14,22,24.25,standard,2026-07-19T18:19:01Z
207,14,5,24.25,standard,2026-07-19T18:19:01Z
207,14,6,24.25,standard,2026-07-19T18:19:01Z
207,14,7,24.25,standard,2026-07-19T18:19:01Z
207,14,8,24.25,standard,2026-07-19T18:19:01Z
207,14,9,24.25,standard,2026-07-19T18:19:01Z
207,15,10,24.25,standard,2026-07-19T18:19:01Z
207,15,11,24.25,standard,2026-07-19T18:19:01Z
207,15,16,24.25,standard,2026-07-19T18:19:01Z
207,15,17,24.25,standard,2026-07-19T18:19:01Z
207,15,18,24.25,standard,2026-07-19T18:19:01Z
207,15,19,24.25,standard,2026-07-19T18:19:01Z
207,15,20,24.25,standard,2026-07-19T18:19:01Z
207,15,21,24.25,standard,2026-07-19T18:19:01Z
207,15,22,24.25,standard,2026-07-19T18:19:01Z
207,15,23,24.25,standard,2026-07-19T18:19:01Z
207,15,24,24.25,standard,2026-07-19T18:19:01Z
207,15,3,24.25,standard,2026-07-19T18:19:01Z
207,15,4,24.25,standard,2026-07-19T18:19:01Z
207,15,5,24.25,standard,2026-07-19T18:19:01Z
207,15,6,24.25,standard,2026-07-19T18:19:01Z
207,15,7,24.25,standard,2026-07-19T18:19:01Z
207,15,8,24.25,standard,2026-07-19T18:19:01Z
207,15,9,24.25,standard,2026-07-19T18:19:01Z
207,16,10,24.25,standard,2026-07-19T18:19:01Z
207,16,16,24.25,standard,2026-07-19T18:19:01Z
207,16,17,24.25,standard,2026-07-19T18:19:01Z
207,16,18,24.25,standard,2026-07-19T18:19:01Z
207,16,19,24.25,standard,2026-07-19T18:19:01Z
207,16,20,24.25,standard,2026-07-19T18:19:01Z
207,16,21,24.25,standard,2026-07-19T18:19:01Z
207,16,22,24.25,standard,2026-07-19T18:19:01Z
207,16,3,24.25,standard,2026-07-19T18:19:01Z
207,16,4,24.25,standard,2026-07-19T18:19:01Z
207,16,5,24.25,standard,2026-07-19T18:19:01Z
207,16,6,24.25,standard,2026-07-19T18:19:01Z
207,16,7,24.25,standard,2026-07-19T18:19:01Z
207,16,8,24.25,standard,2026-07-19T18:19:01Z
207,16,9,24.25,standard,2026-07-19T18:19:01Z
207,2,6,24.25,standard,2026-07-19T18:19:01Z
207,2,7,24.25,standard,2026-07-19T18:19:01Z
207,3,6,24.25,standard,2026-07-19T18:19:01Z
207,3,7,24.25,standard,2026-07-19T18:19:01Z
207,3,19,24.25,standard,2026-07-19T18:19:01Z
207,3,20,24.25,standard,2026-07-19T18:19:01Z
207,3,21,24.25,standard,2026-07-19T18:19:01Z
207,3,22,24.25,standard,2026-07-19T18:19:01Z
207,5,12,24.25,standard,2026-07-19T18:19:01Z
207,5,13,24.25,standard,2026-07-19T18:19:01Z
207,5,14,24.25,standard,2026-07-19T18:19:01Z
207,5,15,24.25,standard,2026-07-19T18:19:01Z
207,5,16,24.25,standard,2026-07-19T18:19:01Z
207,5,17,24.25,standard,2026-07-19T18:19:01Z
207,5,18,24.25,standard,2026-07-19T18:19:01Z
207,5,19,24.25,standard,2026-07-19T18:19:01Z
207,5,20,24.25,standard,2026-07-19T18:19:01Z
207,5,21,24.25,standard,2026-07-19T18:19:01Z
207,5,22,24.25,standard,2026-07-19T18:19:01Z
207,6,12,24.25,standard,2026-07-19T18:19:01Z
207,6,13,24.25,standard,2026-07-19T18:19:01Z
207,6,14,24.25,standard,2026-07-19T18:19:01Z
207,6,17,24.25,standard,2026-07-19T18:19:01Z
207,6,18,24.25,standard,2026-07-19T18:19:01Z
207,6,19,24.25,standard,2026-07-19T18:19:01Z
207,7,21,24.25,standard,2026-07-19T18:19:01Z
207,7,22,24.25,standard,2026-07-19T18:19:01Z
207,7,23,24.25,standard,2026-07-19T18:19:01Z
207,7,24,24.25,standard,2026-07-19T18:19:01Z
207,8,9,24.25,standard,2026-07-19T18:19:01Z
207,8,10,24.25,standard,2026-07-19T18:19:01Z
207,8,11,24.25,standard,2026-07-19T18:19:01Z
207,8,12,24.25,standard,2026-07-19T18:19:01Z
207,8,13,24.25,standard,2026-07-19T18:19:01Z
207,8,14,24.25,standard,2026-07-19T18:19:01Z
207,8,15,24.25,standard,2026-07-19T18:19:01Z
207,8,16,24.25,standard,2026-07-19T18:19:01Z
207,8,17,24.25,standard,2026-07-19T18:19:01Z
207,8,18,24.25,standard,2026-07-19T18:19:01Z
207,8,19,24.25,standard,2026-07-19T18:19:01Z
207,8,20,24.25,standard,2026-07-19T18:19:01Z
207,8,21,24.25,standard,2026-07-19T18:19:01Z
207,9,9,24.25,standard,2026-07-19T18:19:01Z
207,9,10,24.25,standard,2026-07-19T18:19:01Z
207,9,11,24.25,standard,2026-07-19T18:19:01Z
207,9,12,24.25,standard,2026-07-19T18:19:01Z
207,9,13,24.25,standard,2026-07-19T18:19:01Z
207,9,14,24.25,standard,2026-07-19T18:19:01Z
207,9,15,24.25,standard,2026-07-19T18:19:01Z
207,9,16,24.25,standard,2026-07-19T18:19:01Z
207,9,17,24.25,standard,2026-07-19T18:19:01Z
207,9,18,24.25,standard,2026-07-19T18:19:01Z
207,9,19,24.25,standard,2026-07-19T18:19:01Z
207,9,20,24.25,standard,2026-07-19T18:19:01Z
207,9,21,24.25,standard,2026-07-19T18:19:01Z
208,17,1,24.25,standard,2026-07-19T18:19:01Z
208,17,20,24.25,standard,2026-07-19T18:19:01Z
208,17,21,24.25,standard,2026-07-19T18:19:01Z
208,17,22,24.25,standard,2026-07-19T18:19:01Z
208,17,23,24.25,standard,2026-07-19T18:19:01Z
208,17,24,24.25,standard,2026-07-19T18:19:01Z
208,17,3,24.25,standard,2026-07-19T18:19:01Z
208,17,4,24.25,standard,2026-07-19T18:19:01Z
208,17,5,24.25,standard,2026-07-19T18:19:01Z
208,17,6,24.25,standard,2026-07-19T18:19:01Z
208,17,7,24.25,standard,2026-07-19T18:19:01Z
208,17,8,24.25,standard,2026-07-19T18:19:01Z
208,10,12,24.25,standard,2026-07-19T18:19:01Z
208,10,13,24.25,standard,2026-07-19T18:19:01Z
208,10,14,24.25,standard,2026-07-19T18:19:01Z
208,10,15,24.25,standard,2026-07-19T18:19:01Z
208,10,16,24.25,standard,2026-07-19T18:19:01Z
208,10,17,24.25,standard,2026-07-19T18:19:01Z
208,10,18,24.25,standard,2026-07-19T18:19:01Z
208,10,19,24.25,standard,2026-07-19T18:19:01Z
208,10,20,24.25,standard,2026-07-19T18:19:01Z
208,10,21,24.25,standard,2026-07-19T18:19:01Z
208,10,22,24.25,standard,2026-07-19T18:19:01Z
208,10,23,24.25,standard,2026-07-19T18:19:01Z
208,10,24,24.25,standard,2026-07-19T18:19:01Z
208,10,3,24.25,standard,2026-07-19T18:19:01Z
208,10,4,24.25,standard,2026-07-19T18:19:01Z
208,10,5,24.25,standard,2026-07-19T18:19:01Z
208,10,6,24.25,standard,2026-07-19T18:19:01Z
208,10,7,24.25,standard,2026-07-19T18:19:01Z
208,10,8,24.25,standard,2026-07-19T18:19:01Z
208,11,12,24.25,standard,2026-07-19T18:19:01Z
208,11,13,24.25,standard,2026-07-19T18:19:01Z
208,11,14,24.25,standard,2026-07-19T18:19:01Z
208,11,15,24.25,standard,2026-07-19T18:19:01Z
208,11,16,24.25,standard,2026-07-19T18:19:01Z
208,11,17,24.25,standard,2026-07-19T18:19:01Z
208,11,18,24.25,standard,2026-07-19T18:19:01Z
208,11,19,24.25,standard,2026-07-19T18:19:01Z
208,11,20,24.25,standard,2026-07-19T18:19:01Z
208,11,21,24.25,standard,2026-07-19T18:19:01Z
208,11,22,24.25,standard,2026-07-19T18:19:01Z
208,11,23,24.25,standard,2026-07-19T18:19:01Z
208,11,24,24.25,standard,2026-07-19T18:19:01Z
208,11,3,24.25,standard,2026-07-19T18:19:01Z
208,11,4,24.25,standard,2026-07-19T18:19:01Z
208,11,5,24.25,standard,2026-07-19T18:19:01Z
208,11,6,24.25,standard,2026-07-19T18:19:01Z
208,11,7,24.25,standard,2026-07-19T18:19:01Z
208,11,8,24.25,standard,2026-07-19T18:19:01Z
208,12,15,24.25,standard,2026-07-19T18:19:01Z
208,12,16,24.25,standard,2026-07-19T18:19:01Z
208,12,17,24.25,standard,2026-07-19T18:19:01Z
208,12,18,24.25,standard,2026-07-19T18:19:01Z
208,12,19,24.25,standard,2026-07-19T18:19:01Z
208,12,20,24.25,standard,2026-07-19T18:19:01Z
208,12,21,24.25,standard,2026-07-19T18:19:01Z
208,12,22,24.25,standard,2026-07-19T18:19:01Z
208,12,23,24.25,standard,2026-07-19T18:19:01Z
208,12,24,24.25,standard,2026-07-19T18:19:01Z
208,12,3,24.25,standard,2026-07-19T18:19:01Z
208,12,4,24.25,standard,2026-07-19T18:19:01Z
208,12,5,24.25,standard,2026-07-19T18:19:01Z
208,12,6,24.25,standard,2026-07-19T18:19:01Z
208,12,7,24.25,standard,2026-07-19T18:19:01Z
208,12,8,24.25,standard,2026-07-19T18:19:01Z
208,13,19,24.25,standard,2026-07-19T18:19:01Z
208,13,20,24.25,standard,2026-07-19T18:19:01Z
208,13,21,24.25,standard,2026-07-19T18:19:01Z
208,13,22,24.25,standard,2026-07-19T18:19:01Z
208,13,23,24.25,standard,2026-07-19T18:19:01Z
208,13,24,24.25,standard,2026-07-19T18:19:01Z
208,13,3,24.25,standard,2026-07-19T18:19:01Z
208,13,4,24.25,standard,2026-07-19T18:19:01Z
208,13,5,24.25,standard,2026-07-19T18:19:01Z
208,13,6,24.25,standard,2026-07-19T18:19:01Z
208,13,7,24.25,standard,2026-07-19T18:19:01Z
208,13,8,24.25,standard,2026-07-19T18:19:01Z
208,14,19,24.25,standard,2026-07-19T18:19:01Z
208,14,20,24.25,standard,2026-07-19T18:19:01Z
208,14,21,24.25,standard,2026-07-19T18:19:01Z
208,14,22,24.25,standard,2026-07-19T18:19:01Z
208,14,23,24.25,standard,2026-07-19T18:19:01Z
208,14,24,24.25,standard,2026-07-19T18:19:01Z
208,14,3,24.25,standard,2026-07-19T18:19:01Z
208,14,4,24.25,standard,2026-07-19T18:19:01Z
208,14,5,24.25,standard,2026-07-19T18:19:01Z
208,14,6,24.25,standard,2026-07-19T18:19:01Z
208,14,7,24.25,standard,2026-07-19T18:19:01Z
208,14,8,24.25,standard,2026-07-19T18:19:01Z
208,15,19,24.25,standard,2026-07-19T18:19:01Z
208,15,20,24.25,standard,2026-07-19T18:19:01Z
208,15,21,24.25,standard,2026-07-19T18:19:01Z
208,15,22,24.25,standard,2026-07-19T18:19:01Z
208,15,23,24.25,standard,2026-07-19T18:19:01Z
208,15,24,24.25,standard,2026-07-19T18:19:01Z
208,15,3,24.25,standard,2026-07-19T18:19:01Z
208,15,4,24.25,standard,2026-07-19T18:19:01Z
208,15,5,24.25,standard,2026-07-19T18:19:01Z
208,15,6,24.25,standard,2026-07-19T18:19:01Z
208,15,7,24.25,standard,2026-07-19T18:19:01Z
208,15,8,24.25,standard,2026-07-19T18:19:01Z
208,16,19,24.25,standard,2026-07-19T18:19:01Z
208,16,20,24.25,standard,2026-07-19T18:19:01Z
208,16,21,24.25,standard,2026-07-19T18:19:01Z
208,16,22,24.25,standard,2026-07-19T18:19:01Z
208,16,23,24.25,standard,2026-07-19T18:19:01Z
208,16,24,24.25,standard,2026-07-19T18:19:01Z
208,16,3,24.25,standard,2026-07-19T18:19:01Z
208,16,4,24.25,standard,2026-07-19T18:19:01Z
208,16,5,24.25,standard,2026-07-19T18:19:01Z
208,16,6,24.25,standard,2026-07-19T18:19:01Z
208,16,7,24.25,standard,2026-07-19T18:19:01Z
208,16,8,24.25,standard,2026-07-19T18:19:01Z
208,1,4,24.25,standard,2026-07-19T18:19:01Z
208,1,5,24.25,standard,2026-07-19T18:19:01Z
208,1,6,24.25,standard,2026-07-19T18:19:01Z
208,1,7,24.25,standard,2026-07-19T18:19:01Z
208,1,8,24.25,standard,2026-07-19T18:19:01Z
208,1,20,24.25,standard,2026-07-19T18:19:01Z
208,1,21,24.25,standard,2026-07-19T18:19:01Z
208,1,22,24.25,standard,2026-07-19T18:19:01Z
208,2,6,24.25,standard,2026-07-19T18:19:01Z
208,2,7,24.25,standard,2026-07-19T18:19:01Z
208,2,8,24.25,standard,2026-07-19T18:19:01Z
208,2,12,24.25,standard,2026-07-19T18:19:01Z
208,2,13,24.25,standard,2026-07-19T18:19:01Z
208,2,14,24.25,standard,2026-07-19T18:19:01Z
208,3,12,24.25,standard,2026-07-19T18:19:01Z
208,3,13,24.25,standard,2026-07-19T18:19:01Z
208,3,14,24.25,standard,2026-07-19T18:19:01Z
208,3,15,24.25,standard,2026-07-19T18:19:01Z
208,3,16,24.25,standard,2026-07-19T18:19:01Z
208,3,17,24.25,standard,2026-07-19T18:19:01Z
208,3,18,24.25,standard,2026-07-19T18:19:01Z
208,3,19,24.25,standard,2026-07-19T18:19:01Z
208,3,20,24.25,standard,2026-07-19T18:19:01Z
208,3,21,24.25,standard,2026-07-19T18:19:01Z
208,3,22,24.25,standard,2026-07-19T18:19:01Z
208,4,12,24.25,standard,2026-07-19T18:19:01Z
208,4,13,24.25,standard,2026-07-19T18:19:01Z
208,4,14,24.25,standard,2026-07-19T18:19:01Z
208,4,15,24.25,standard,2026-07-19T18:19:01Z
208,4,16,24.25,standard,2026-07-19T18:19:01Z
208,4,17,24.25,standard,2026-07-19T18:19:01Z
208,4,18,24.25,standard,2026-07-19T18:19:01Z
208,4,19,24.25,standard,2026-07-19T18:19:01Z
208,4,20,24.25,standard,2026-07-19T18:19:01Z
208,4,21,24.25,standard,2026-07-19T18:19:01Z
208,4,22,24.25,standard,2026-07-19T18:19:01Z
208,5,4,24.25,standard,2026-07-19T18:19:01Z
208,5,5,24.25,standard,2026-07-19T18:19:01Z
208,5,6,24.25,standard,2026-07-19T18:19:01Z
208,5,7,24.25,standard,2026-07-19T18:19:01Z
208,5,8,24.25,standard,2026-07-19T18:19:01Z
208,5,12,24.25,standard,2026-07-19T18:19:01Z
208,5,13,24.25,standard,2026-07-19T18:19:01Z
208,5,14,24.25,standard,2026-07-19T18:19:01Z
208,5,15,24.25,standard,2026-07-19T18:19:01Z
208,5,16,24.25,standard,2026-07-19T18:19:01Z
208,5,17,24.25,standard,2026-07-19T18:19:01Z
208,5,18,24.25,standard,2026-07-19T18:19:01Z
208,5,19,24.25,standard,2026-07-19T18:19:01Z
208,5,20,24.25,standard,2026-07-19T18:19:01Z
208,5,21,24.25,standard,2026-07-19T18:19:01Z
208,5,22,24.25,standard,2026-07-19T18:19:01Z
208,6,4,24.25,standard,2026-07-19T18:19:01Z
208,6,5,24.25,standard,2026-07-19T18:19:01Z
208,6,6,24.25,standard,2026-07-19T18:19:01Z
208,6,7,24.25,standard,2026-07-19T18:19:01Z
208,6,8,24.25,standard,2026-07-19T18:19:01Z
208,6,12,24.25,standard,2026-07-19T18:19:01Z
208,6,13,24.25,standard,2026-07-19T18:19:01Z
208,6,14,24.25,standard,2026-07-19T18:19:01Z
208,6,15,24.25,standard,2026-07-19T18:19:01Z
208,6,16,24.25,standard,2026-07-19T18:19:01Z
208,6,17,24.25,standard,2026-07-19T18:19:01Z
208,6,18,24.25,standard,2026-07-19T18:19:01Z
208,6,19,24.25,standard,2026-07-19T18:19:01Z
208,6,20,24.25,standard,2026-07-19T18:19:01Z
208,6,21,24.25,standard,2026-07-19T18:19:01Z
208,6,22,24.25,standard,2026-07-19T18:19:01Z
208,7,4,24.25,standard,2026-07-19T18:19:01Z
208,7,5,24.25,standard,2026-07-19T18:19:01Z
208,7,6,24.25,standard,2026-07-19T18:19:01Z
208,7,7,24.25,standard,2026-07-19T18:19:01Z
208,7,8,24.25,standard,2026-07-19T18:19:01Z
208,7,12,24.25,standard,2026-07-19T18:19:01Z
208,7,13,24.25,standard,2026-07-19T18:19:01Z
208,7,14,24.25,standard,2026-07-19T18:19:01Z
208,7,15,24.25,standard,2026-07-19T18:19:01Z
208,7,16,24.25,standard,2026-07-19T18:19:01Z
208,7,17,24.25,standard,2026-07-19T18:19:01Z
208,7,18,24.25,standard,2026-07-19T18:19:01Z
208,7,19,24.25,standard,2026-07-19T18:19:01Z
208,7,20,24.25,standard,2026-07-19T18:19:01Z
208,7,21,24.25,standard,2026-07-19T18:19:01Z
208,7,22,24.25,standard,2026-07-19T18:19:01Z
208,7,3,24.25,standard,2026-07-19T18:19:01Z
208,8,4,24.25,standard,2026-07-19T18:19:01Z
208,8,5,24.25,standard,2026-07-19T18:19:01Z
208,8,6,24.25,standard,2026-07-19T18:19:01Z
208,8,7,24.25,standard,2026-07-19T18:19:01Z
208,8,1,24.25,standard,2026-07-19T18:19:01Z
208,8,12,24.25,standard,2026-07-19T18:19:01Z
208,8,13,24.25,standard,2026-07-19T18:19:01Z
208,8,14,24.25,standard,2026-07-19T18:19:01Z
208,8,15,24.25,standard,2026-07-19T18:19:01Z
208,8,16,24.25,standard,2026-07-19T18:19:01Z
208,8,17,24.25,standard,2026-07-19T18:19:01Z
208,8,18,24.25,standard,2026-07-19T18:19:01Z
208,8,19,24.25,standard,2026-07-19T18:19:01Z
208,8,2,24.25,standard,2026-07-19T18:19:01Z
208,8,20,24.25,standard,2026-07-19T18:19:01Z
208,8,21,24.25,standard,2026-07-19T18:19:01Z
208,8,22,24.25,standard,2026-07-19T18:19:01Z
208,8,23,24.25,standard,2026-07-19T18:19:01Z
208,8,24,24.25,standard,2026-07-19T18:19:01Z
208,8,3,24.25,standard,2026-07-19T18:19:01Z
208,9,4,24.25,standard,2026-07-19T18:19:01Z
208,9,5,24.25,standard,2026-07-19T18:19:01Z
208,9,6,24.25,standard,2026-07-19T18:19:01Z
208,9,7,24.25,standard,2026-07-19T18:19:01Z
208,9,8,24.25,standard,2026-07-19T18:19:01Z
208,9,1,24.25,standard,2026-07-19T18:19:01Z
208,9,12,24.25,standard,2026-07-19T18:19:01Z
208,9,13,24.25,standard,2026-07-19T18:19:01Z
208,9,14,24.25,standard,2026-07-19T18:19:01Z
208,9,15,24.25,standard,2026-07-19T18:19:01Z
208,9,16,24.25,standard,2026-07-19T18:19:01Z
208,9,17,24.25,standard,2026-07-19T18:19:01Z
208,9,18,24.25,standard,2026-07-19T18:19:01Z
208,9,19,24.25,standard,2026-07-19T18:19:01Z
208,9,2,24.25,standard,2026-07-19T18:19:01Z
208,9,20,24.25,standard,2026-07-19T18:19:01Z
208,9,21,24.25,standard,2026-07-19T18:19:01Z
208,9,22,24.25,standard,2026-07-19T18:19:01Z
208,9,23,24.25,standard,2026-07-19T18:19:01Z
208,9,24,24.25,standard,2026-07-19T18:19:01Z
208,9,3,24.25,standard,2026-07-19T18:19:01Z
209,17,10,24.25,standard,2026-07-19T18:19:01Z
209,17,11,24.25,standard,2026-07-19T18:19:01Z
209,17,12,24.25,standard,2026-07-19T18:19:01Z
209,17,2,24.25,standard,2026-07-19T18:19:01Z
209,17,3,24.25,standard,2026-07-19T18:19:01Z
209,17,4,24.25,standard,2026-07-19T18:19:01Z
209,17,5,24.25,standard,2026-07-19T18:19:01Z
209,17,6,24.25,standard,2026-07-19T18:19:01Z
209,17,7,24.25,standard,2026-07-19T18:19:01Z
209,17,8,24.25,standard,2026-07-19T18:19:01Z
209,17,9,24.25,standard,2026-07-19T18:19:01Z
209,10,10,24.25,standard,2026-07-19T18:19:01Z
209,10,11,24.25,standard,2026-07-19T18:19:01Z
209,10,12,24.25,standard,2026-07-19T18:19:01Z
209,10,2,24.25,standard,2026-07-19T18:19:01Z
209,10,3,24.25,standard,2026-07-19T18:19:01Z
209,10,4,24.25,standard,2026-07-19T18:19:01Z
209,10,5,24.25,standard,2026-07-19T18:19:01Z
209,10,6,24.25,standard,2026-07-19T18:19:01Z
209,10,7,24.25,standard,2026-07-19T18:19:01Z
209,10,8,24.25,standard,2026-07-19T18:19:01Z
209,10,9,24.25,standard,2026-07-19T18:19:01Z
209,11,10,24.25,standard,2026-07-19T18:19:01Z
209,11,11,24.25,standard,2026-07-19T18:19:01Z
209,11,12,24.25,standard,2026-07-19T18:19:01Z
209,11,2,24.25,standard,2026-07-19T18:19:01Z
209,11,3,24.25,standard,2026-07-19T18:19:01Z
209,11,4,24.25,standard,2026-07-19T18:19:01Z
209,11,5,24.25,standard,2026-07-19T18:19:01Z
209,11,6,24.25,standard,2026-07-19T18:19:01Z
209,11,7,24.25,standard,2026-07-19T18:19:01Z
209,11,8,24.25,standard,2026-07-19T18:19:01Z
209,11,9,24.25,standard,2026-07-19T18:19:01Z
209,12,10,24.25,standard,2026-07-19T18:19:01Z
209,12,11,24.25,standard,2026-07-19T18:19:01Z
209,12,2,24.25,standard,2026-07-19T18:19:01Z
209,12,3,24.25,standard,2026-07-19T18:19:01Z
209,12,4,24.25,standard,2026-07-19T18:19:01Z
209,12,5,24.25,standard,2026-07-19T18:19:01Z
209,12,6,24.25,standard,2026-07-19T18:19:01Z
209,12,7,24.25,standard,2026-07-19T18:19:01Z
209,12,8,24.25,standard,2026-07-19T18:19:01Z
209,12,9,24.25,standard,2026-07-19T18:19:01Z
209,13,10,24.25,standard,2026-07-19T18:19:01Z
209,13,11,24.25,standard,2026-07-19T18:19:01Z
209,13,12,24.25,standard,2026-07-19T18:19:01Z
209,13,2,24.25,standard,2026-07-19T18:19:01Z
209,13,3,24.25,standard,2026-07-19T18:19:01Z
209,13,4,24.25,standard,2026-07-19T18:19:01Z
209,13,5,24.25,standard,2026-07-19T18:19:01Z
209,13,6,24.25,standard,2026-07-19T18:19:01Z
209,13,7,24.25,standard,2026-07-19T18:19:01Z
209,13,8,24.25,standard,2026-07-19T18:19:01Z
209,13,9,24.25,standard,2026-07-19T18:19:01Z
209,14,10,24.25,standard,2026-07-19T18:19:01Z
209,14,11,24.25,standard,2026-07-19T18:19:01Z
209,14,12,24.25,standard,2026-07-19T18:19:01Z
209,14,2,24.25,standard,2026-07-19T18:19:01Z
209,14,3,24.25,standard,2026-07-19T18:19:01Z
209,14,4,24.25,standard,2026-07-19T18:19:01Z
209,14,5,24.25,standard,2026-07-19T18:19:01Z
209,14,6,24.25,standard,2026-07-19T18:19:01Z
209,14,7,24.25,standard,2026-07-19T18:19:01Z
209,14,8,24.25,standard,2026-07-19T18:19:01Z
209,14,9,24.25,standard,2026-07-19T18:19:01Z
209,15,10,24.25,standard,2026-07-19T18:19:01Z
209,15,11,24.25,standard,2026-07-19T18:19:01Z
209,15,12,24.25,standard,2026-07-19T18:19:01Z
209,15,2,24.25,standard,2026-07-19T18:19:01Z
209,15,3,24.25,standard,2026-07-19T18:19:01Z
209,15,4,24.25,standard,2026-07-19T18:19:01Z
209,15,5,24.25,standard,2026-07-19T18:19:01Z
209,15,6,24.25,standard,2026-07-19T18:19:01Z
209,15,7,24.25,standard,2026-07-19T18:19:01Z
209,15,8,24.25,standard,2026-07-19T18:19:01Z
209,15,9,24.25,standard,2026-07-19T18:19:01Z
209,16,10,24.25,standard,2026-07-19T18:19:01Z
209,16,11,24.25,standard,2026-07-19T18:19:01Z
209,16,12,24.25,standard,2026-07-19T18:19:01Z
209,16,2,24.25,standard,2026-07-19T18:19:01Z
209,16,3,24.25,standard,2026-07-19T18:19:01Z
209,16,4,24.25,standard,2026-07-19T18:19:01Z
209,16,5,24.25,standard,2026-07-19T18:19:01Z
209,16,6,24.25,standard,2026-07-19T18:19:01Z
209,16,7,24.25,standard,2026-07-19T18:19:01Z
209,16,8,24.25,standard,2026-07-19T18:19:01Z
209,16,9,24.25,standard,2026-07-19T18:19:01Z
209,2,4,24.25,standard,2026-07-19T18:19:01Z
209,2,5,24.25,standard,2026-07-19T18:19:01Z
209,2,6,24.25,standard,2026-07-19T18:19:01Z
209,2,7,24.25,standard,2026-07-19T18:19:01Z
209,2,8,24.25,standard,2026-07-19T18:19:01Z
209,2,9,24.25,standard,2026-07-19T18:19:01Z
209,2,10,24.25,standard,2026-07-19T18:19:01Z
209,2,11,24.25,standard,2026-07-19T18:19:01Z
209,2,12,24.25,standard,2026-07-19T18:19:01Z
209,3,4,24.25,standard,2026-07-19T18:19:01Z
209,3,5,24.25,standard,2026-07-19T18:19:01Z
209,3,6,24.25,standard,2026-07-19T18:19:01Z
209,3,7,24.25,standard,2026-07-19T18:19:01Z
209,3,8,24.25,standard,2026-07-19T18:19:01Z
209,3,9,24.25,standard,2026-07-19T18:19:01Z
209,3,10,24.25,standard,2026-07-19T18:19:01Z
209,3,11,24.25,standard,2026-07-19T18:19:01Z
209,3,12,24.25,standard,2026-07-19T18:19:01Z
209,4,4,24.25,standard,2026-07-19T18:19:01Z
209,4,5,24.25,standard,2026-07-19T18:19:01Z
209,4,6,24.25,standard,2026-07-19T18:19:01Z
209,4,7,24.25,standard,2026-07-19T18:19:01Z
209,4,8,24.25,standard,2026-07-19T18:19:01Z
209,4,9,24.25,standard,2026-07-19T18:19:01Z
209,4,10,24.25,standard,2026-07-19T18:19:01Z
209,4,11,24.25,standard,2026-07-19T18:19:01Z
209,4,12,24.25,standard,2026-07-19T18:19:01Z
209,5,4,24.25,standard,2026-07-19T18:19:01Z
209,5,5,24.25,standard,2026-07-19T18:19:01Z
209,5,6,24.25,standard,2026-07-19T18:19:01Z
209,5,7,24.25,standard,2026-07-19T18:19:01Z
209,5,8,24.25,standard,2026-07-19T18:19:01Z
209,5,9,24.25,standard,2026-07-19T18:19:01Z
209,5,10,24.25,standard,2026-07-19T18:19:01Z
209,5,11,24.25,standard,2026-07-19T18:19:01Z
209,5,12,24.25,standard,2026-07-19T18:19:01Z
209,6,4,24.25,standard,2026-07-19T18:19:01Z
209,6,5,24.25,standard,2026-07-19T18:19:01Z
209,6,6,24.25,standard,2026-07-19T18:19:01Z
209,6,7,24.25,standard,2026-07-19T18:19:01Z
209,6,8,24.25,standard,2026-07-19T18:19:01Z
209,6,9,24.25,standard,2026-07-19T18:19:01Z
209,6,10,24.25,standard,2026-07-19T18:19:01Z
209,6,11,24.25,standard,2026-07-19T18:19:01Z
209,6,12,24.25,standard,2026-07-19T18:19:01Z
209,7,4,24.25,standard,2026-07-19T18:19:01Z
209,7,5,24.25,standard,2026-07-19T18:19:01Z
209,7,6,24.25,standard,2026-07-19T18:19:01Z
209,7,7,24.25,standard,2026-07-19T18:19:01Z
209,7,8,24.25,standard,2026-07-19T18:19:01Z
209,7,9,24.25,standard,2026-07-19T18:19:01Z
209,7,10,24.25,standard,2026-07-19T18:19:01Z
209,7,11,24.25,standard,2026-07-19T18:19:01Z
209,7,12,24.25,standard,2026-07-19T18:19:01Z
209,7,3,24.25,standard,2026-07-19T18:19:01Z
209,8,4,24.25,standard,2026-07-19T18:19:01Z
209,8,5,24.25,standard,2026-07-19T18:19:01Z
209,8,6,24.25,standard,2026-07-19T18:19:01Z
209,8,7,24.25,standard,2026-07-19T18:19:01Z
209,8,8,24.25,standard,2026-07-19T18:19:01Z
209,8,9,24.25,standard,2026-07-19T18:19:01Z
209,8,1,24.25,standard,2026-07-19T18:19:01Z
209,8,10,24.25,standard,2026-07-19T18:19:01Z
209,8,11,24.25,standard,2026-07-19T18:19:01Z
209,8,12,24.25,standard,2026-07-19T18:19:01Z
209,8,2,24.25,standard,2026-07-19T18:19:01Z
209,8,3,24.25,standard,2026-07-19T18:19:01Z
209,9,4,24.25,standard,2026-07-19T18:19:01Z
209,9,5,24.25,standard,2026-07-19T18:19:01Z
209,9,6,24.25,standard,2026-07-19T18:19:01Z
209,9,7,24.25,standard,2026-07-19T18:19:01Z
209,9,8,24.25,standard,2026-07-19T18:19:01Z
209,9,9,24.25,standard,2026-07-19T18:19:01Z
209,9,1,24.25,standard,2026-07-19T18:19:01Z
209,9,10,24.25,standard,2026-07-19T18:19:01Z
209,9,11,24.25,standard,2026-07-19T18:19:01Z
209,9,12,24.25,standard,2026-07-19T18:19:01Z
209,9,2,24.25,standard,2026-07-19T18:19:01Z
209,9,3,24.25,standard,2026-07-19T18:19:01Z
214,10,1,75.25,standard,2026-07-19T18:19:01Z
214,10,2,75.25,standard,2026-07-19T18:19:01Z
214,10,3,75.25,standard,2026-07-19T18:19:01Z
214,10,4,75.25,standard,2026-07-19T18:19:01Z
214,11,1,75.25,standard,2026-07-19T18:19:01Z
214,11,2,75.25,standard,2026-07-19T18:19:01Z
214,11,3,75.25,standard,2026-07-19T18:19:01Z
214,11,4,75.25,standard,2026-07-19T18:19:01Z
214,12,1,75.25,standard,2026-07-19T18:19:01Z
214,12,2,75.25,standard,2026-07-19T18:19:01Z
214,12,3,75.25,standard,2026-07-19T18:19:01Z
214,12,4,75.25,standard,2026-07-19T18:19:01Z
214,13,1,75.25,standard,2026-07-19T18:19:01Z
214,13,2,75.25,standard,2026-07-19T18:19:01Z
214,13,3,75.25,standard,2026-07-19T18:19:01Z
214,13,4,75.25,standard,2026-07-19T18:19:01Z
214,1,1,75.25,standard,2026-07-19T18:19:01Z
214,1,2,75.25,standard,2026-07-19T18:19:01Z
214,2,4,75.25,standard,2026-07-19T18:19:01Z
214,2,1,75.25,standard,2026-07-19T18:19:01Z
214,2,2,75.25,standard,2026-07-19T18:19:01Z
214,2,3,75.25,standard,2026-07-19T18:19:01Z
214,3,4,75.25,standard,2026-07-19T18:19:01Z
214,3,1,75.25,standard,2026-07-19T18:19:01Z
214,3,2,75.25,standard,2026-07-19T18:19:01Z
214,3,3,75.25,standard,2026-07-19T18:19:01Z
214,4,4,75.25,standard,2026-07-19T18:19:01Z
214,4,1,75.25,standard,2026-07-19T18:19:01Z
214,4,2,75.25,standard,2026-07-19T18:19:01Z
214,4,3,75.25,standard,2026-07-19T18:19:01Z
214,5,4,75.25,standard,2026-07-19T18:19:01Z
214,5,1,75.25,standard,2026-07-19T18:19:01Z
214,5,2,75.25,standard,2026-07-19T18:19:01Z
214,5,3,75.25,standard,2026-07-19T18:19:01Z
214,6,4,75.25,standard,2026-07-19T18:19:01Z
214,6,1,75.25,standard,2026-07-19T18:19:01Z
214,6,2,75.25,standard,2026-07-19T18:19:01Z
214,6,3,75.25,standard,2026-07-19T18:19:01Z
214,7,4,75.25,standard,2026-07-19T18:19:01Z
214,7,1,75.25,standard,2026-07-19T18:19:01Z
214,7,2,75.25,standard,2026-07-19T18:19:01Z
214,7,3,75.25,standard,2026-07-19T18:19:01Z
214,8,4,75.25,standard,2026-07-19T18:19:01Z
214,8,1,75.25,standard,2026-07-19T18:19:01Z
214,8,2,75.25,standard,2026-07-19T18:19:01Z
214,8,3,75.25,standard,2026-07-19T18:19:01Z
214,9,4,75.25,standard,2026-07-19T18:19:01Z
214,9,1,75.25,standard,2026-07-19T18:19:01Z
214,9,2,75.25,standard,2026-07-19T18:19:01Z
214,9,3,75.25,standard,2026-07-19T18:19:01Z
215,10,10,75.25,standard,2026-07-19T18:19:01Z
215,10,11,75.25,standard,2026-07-19T18:19:01Z
215,10,12,75.25,standard,2026-07-19T18:19:01Z
215,10,13,75.25,standard,2026-07-19T18:19:01Z
215,10,14,75.25,standard,2026-07-19T18:19:01Z
215,10,15,75.25,standard,2026-07-19T18:19:01Z
215,10,16,75.25,standard,2026-07-19T18:19:01Z
215,10,17,75.25,standard,2026-07-19T18:19:01Z
215,10,2,75.25,standard,2026-07-19T18:19:01Z
215,10,3,75.25,standard,2026-07-19T18:19:01Z
215,10,4,75.25,standard,2026-07-19T18:19:01Z
215,10,5,75.25,standard,2026-07-19T18:19:01Z
215,10,6,75.25,standard,2026-07-19T18:19:01Z
215,10,7,75.25,standard,2026-07-19T18:19:01Z
215,10,8,75.25,standard,2026-07-19T18:19:01Z
215,10,9,75.25,standard,2026-07-19T18:19:01Z
215,11,10,75.25,standard,2026-07-19T18:19:01Z
215,11,11,75.25,standard,2026-07-19T18:19:01Z
215,11,12,75.25,standard,2026-07-19T18:19:01Z
215,11,13,75.25,standard,2026-07-19T18:19:01Z
215,11,14,75.25,standard,2026-07-19T18:19:01Z
215,11,15,75.25,standard,2026-07-19T18:19:01Z
215,11,16,75.25,standard,2026-07-19T18:19:01Z
215,11,17,75.25,standard,2026-07-19T18:19:01Z
215,11,2,75.25,standard,2026-07-19T18:19:01Z
215,11,3,75.25,standard,2026-07-19T18:19:01Z
215,11,4,75.25,standard,2026-07-19T18:19:01Z
215,11,5,75.25,standard,2026-07-19T18:19:01Z
215,11,6,75.25,standard,2026-07-19T18:19:01Z
215,11,7,75.25,standard,2026-07-19T18:19:01Z
215,11,8,75.25,standard,2026-07-19T18:19:01Z
215,11,9,75.25,standard,2026-07-19T18:19:01Z
215,12,10,75.25,standard,2026-07-19T18:19:01Z
215,12,11,75.25,standard,2026-07-19T18:19:01Z
215,12,12,75.25,standard,2026-07-19T18:19:01Z
215,12,13,75.25,standard,2026-07-19T18:19:01Z
215,12,14,75.25,standard,2026-07-19T18:19:01Z
215,12,15,75.25,standard,2026-07-19T18:19:01Z
215,12,16,75.25,standard,2026-07-19T18:19:01Z
215,12,17,75.25,standard,2026-07-19T18:19:01Z
215,12,2,75.25,standard,2026-07-19T18:19:01Z
215,12,3,75.25,standard,2026-07-19T18:19:01Z
215,12,4,75.25,standard,2026-07-19T18:19:01Z
215,12,5,75.25,standard,2026-07-19T18:19:01Z
215,12,6,75.25,standard,2026-07-19T18:19:01Z
215,12,7,75.25,standard,2026-07-19T18:19:01Z
215,12,8,75.25,standard,2026-07-19T18:19:01Z
215,12,9,75.25,standard,2026-07-19T18:19:01Z
215,13,10,75.25,standard,2026-07-19T18:19:01Z
215,13,11,75.25,standard,2026-07-19T18:19:01Z
215,13,12,75.25,standard,2026-07-19T18:19:01Z
215,13,13,75.25,standard,2026-07-19T18:19:01Z
215,13,14,75.25,standard,2026-07-19T18:19:01Z
215,13,15,75.25,standard,2026-07-19T18:19:01Z
215,13,2,75.25,standard,2026-07-19T18:19:01Z
215,13,3,75.25,standard,2026-07-19T18:19:01Z
215,13,4,75.25,standard,2026-07-19T18:19:01Z
215,13,5,75.25,standard,2026-07-19T18:19:01Z
215,13,6,75.25,standard,2026-07-19T18:19:01Z
215,13,7,75.25,standard,2026-07-19T18:19:01Z
215,13,8,75.25,standard,2026-07-19T18:19:01Z
215,13,9,75.25,standard,2026-07-19T18:19:01Z
215,1,4,75.25,standard,2026-07-19T18:19:01Z
215,1,5,75.25,standard,2026-07-19T18:19:01Z
215,1,6,75.25,standard,2026-07-19T18:19:01Z
215,1,7,75.25,standard,2026-07-19T18:19:01Z
215,1,8,75.25,standard,2026-07-19T18:19:01Z
215,1,9,75.25,standard,2026-07-19T18:19:01Z
215,1,1,75.25,standard,2026-07-19T18:19:01Z
215,1,10,75.25,standard,2026-07-19T18:19:01Z
215,1,11,75.25,standard,2026-07-19T18:19:01Z
215,1,12,75.25,standard,2026-07-19T18:19:01Z
215,1,13,75.25,standard,2026-07-19T18:19:01Z
215,1,14,75.25,standard,2026-07-19T18:19:01Z
215,1,15,75.25,standard,2026-07-19T18:19:01Z
215,1,2,75.25,standard,2026-07-19T18:19:01Z
215,1,3,75.25,standard,2026-07-19T18:19:01Z
215,2,4,75.25,standard,2026-07-19T18:19:01Z
215,2,5,75.25,standard,2026-07-19T18:19:01Z
215,2,6,75.25,standard,2026-07-19T18:19:01Z
215,2,7,75.25,standard,2026-07-19T18:19:01Z
215,2,8,75.25,standard,2026-07-19T18:19:01Z
215,2,9,75.25,standard,2026-07-19T18:19:01Z
215,2,1,75.25,standard,2026-07-19T18:19:01Z
215,2,10,75.25,standard,2026-07-19T18:19:01Z
215,2,11,75.25,standard,2026-07-19T18:19:01Z
215,2,12,75.25,standard,2026-07-19T18:19:01Z
215,2,13,75.25,standard,2026-07-19T18:19:01Z
215,2,14,75.25,standard,2026-07-19T18:19:01Z
215,2,15,75.25,standard,2026-07-19T18:19:01Z
215,2,16,75.25,standard,2026-07-19T18:19:01Z
215,2,17,75.25,standard,2026-07-19T18:19:01Z
215,2,2,75.25,standard,2026-07-19T18:19:01Z
215,2,3,75.25,standard,2026-07-19T18:19:01Z
215,3,4,75.25,standard,2026-07-19T18:19:01Z
215,3,5,75.25,standard,2026-07-19T18:19:01Z
215,3,6,75.25,standard,2026-07-19T18:19:01Z
215,3,7,75.25,standard,2026-07-19T18:19:01Z
215,3,8,75.25,standard,2026-07-19T18:19:01Z
215,3,9,75.25,standard,2026-07-19T18:19:01Z
215,3,1,75.25,standard,2026-07-19T18:19:01Z
215,3,10,75.25,standard,2026-07-19T18:19:01Z
215,3,11,75.25,standard,2026-07-19T18:19:01Z
215,3,12,75.25,standard,2026-07-19T18:19:01Z
215,3,13,75.25,standard,2026-07-19T18:19:01Z
215,3,14,75.25,standard,2026-07-19T18:19:01Z
215,3,15,75.25,standard,2026-07-19T18:19:01Z
215,3,16,75.25,standard,2026-07-19T18:19:01Z
215,3,17,75.25,standard,2026-07-19T18:19:01Z
215,3,2,75.25,standard,2026-07-19T18:19:01Z
215,3,3,75.25,standard,2026-07-19T18:19:01Z
215,4,4,75.25,standard,2026-07-19T18:19:01Z
215,4,5,75.25,standard,2026-07-19T18:19:01Z
215,4,6,75.25,standard,2026-07-19T18:19:01Z
215,4,7,75.25,standard,2026-07-19T18:19:01Z
215,4,8,75.25,standard,2026-07-19T18:19:01Z
215,4,9,75.25,standard,2026-07-19T18:19:01Z
215,4,1,75.25,standard,2026-07-19T18:19:01Z
215,4,10,75.25,standard,2026-07-19T18:19:01Z
215,4,11,75.25,standard,2026-07-19T18:19:01Z
215,4,12,75.25,standard,2026-07-19T18:19:01Z
215,4,13,75.25,standard,2026-07-19T18:19:01Z
215,4,14,75.25,standard,2026-07-19T18:19:01Z
215,4,15,75.25,standard,2026-07-19T18:19:01Z
215,4,16,75.25,standard,2026-07-19T18:19:01Z
215,4,17,75.25,standard,2026-07-19T18:19:01Z
215,4,2,75.25,standard,2026-07-19T18:19:01Z
215,4,3,75.25,standard,2026-07-19T18:19:01Z
215,5,4,75.25,standard,2026-07-19T18:19:01Z
215,5,5,75.25,standard,2026-07-19T18:19:01Z
215,5,6,75.25,standard,2026-07-19T18:19:01Z
215,5,7,75.25,standard,2026-07-19T18:19:01Z
215,5,8,75.25,standard,2026-07-19T18:19:01Z
215,5,9,75.25,standard,2026-07-19T18:19:01Z
215,5,1,75.25,standard,2026-07-19T18:19:01Z
215,5,10,75.25,standard,2026-07-19T18:19:01Z
215,5,11,75.25,standard,2026-07-19T18:19:01Z
215,5,12,75.25,standard,2026-07-19T18:19:01Z
215,5,13,75.25,standard,2026-07-19T18:19:01Z
215,5,14,75.25,standard,2026-07-19T18:19:01Z
215,5,15,75.25,standard,2026-07-19T18:19:01Z
215,5,16,75.25,standard,2026-07-19T18:19:01Z
215,5,17,75.25,standard,2026-07-19T18:19:01Z
215,5,2,75.25,standard,2026-07-19T18:19:01Z
215,5,3,75.25,standard,2026-07-19T18:19:01Z
215,6,4,75.25,standard,2026-07-19T18:19:01Z
215,6,5,75.25,standard,2026-07-19T18:19:01Z
215,6,6,75.25,standard,2026-07-19T18:19:01Z
215,6,7,75.25,standard,2026-07-19T18:19:01Z
215,6,8,75.25,standard,2026-07-19T18:19:01Z
215,6,9,75.25,standard,2026-07-19T18:19:01Z
215,6,1,75.25,standard,2026-07-19T18:19:01Z
215,6,10,75.25,standard,2026-07-19T18:19:01Z
215,6,11,75.25,standard,2026-07-19T18:19:01Z
215,6,12,75.25,standard,2026-07-19T18:19:01Z
215,6,13,75.25,standard,2026-07-19T18:19:01Z
215,6,14,75.25,standard,2026-07-19T18:19:01Z
215,6,15,75.25,standard,2026-07-19T18:19:01Z
215,6,16,75.25,standard,2026-07-19T18:19:01Z
215,6,17,75.25,standard,2026-07-19T18:19:01Z
215,6,2,75.25,standard,2026-07-19T18:19:01Z
215,6,3,75.25,standard,2026-07-19T18:19:01Z
215,7,4,75.25,standard,2026-07-19T18:19:01Z
215,7,5,75.25,standard,2026-07-19T18:19:01Z
215,7,6,75.25,standard,2026-07-19T18:19:01Z
215,7,7,75.25,standard,2026-07-19T18:19:01Z
215,7,8,75.25,standard,2026-07-19T18:19:01Z
215,7,9,75.25,standard,2026-07-19T18:19:01Z
215,7,1,75.25,standard,2026-07-19T18:19:01Z
215,7,10,75.25,standard,2026-07-19T18:19:01Z
215,7,11,75.25,standard,2026-07-19T18:19:01Z
215,7,12,75.25,standard,2026-07-19T18:19:01Z
215,7,13,75.25,standard,2026-07-19T18:19:01Z
215,7,14,75.25,standard,2026-07-19T18:19:01Z
215,7,15,75.25,standard,2026-07-19T18:19:01Z
215,7,16,75.25,standard,2026-07-19T18:19:01Z
215,7,17,75.25,standard,2026-07-19T18:19:01Z
215,7,2,75.25,standard,2026-07-19T18:19:01Z
215,7,3,75.25,standard,2026-07-19T18:19:01Z
215,8,4,75.25,standard,2026-07-19T18:19:01Z
215,8,5,75.25,standard,2026-07-19T18:19:01Z
215,8,6,75.25,standard,2026-07-19T18:19:01Z
215,8,7,75.25,standard,2026-07-19T18:19:01Z
215,8,8,75.25,standard,2026-07-19T18:19:01Z
215,8,9,75.25,standard,2026-07-19T18:19:01Z
215,8,1,75.25,standard,2026-07-19T18:19:01Z
215,8,10,75.25,standard,2026-07-19T18:19:01Z
215,8,11,75.25,standard,2026-07-19T18:19:01Z
215,8,12,75.25,standard,2026-07-19T18:19:01Z
215,8,13,75.25,standard,2026-07-19T18:19:01Z
215,8,14,75.25,standard,2026-07-19T18:19:01Z
215,8,15,75.25,standard,2026-07-19T18:19:01Z
215,8,16,75.25,standard,2026-07-19T18:19:01Z
215,8,17,75.25,standard,2026-07-19T18:19:01Z
215,8,2,75.25,standard,2026-07-19T18:19:01Z
215,8,3,75.25,standard,2026-07-19T18:19:01Z
215,9,4,75.25,standard,2026-07-19T18:19:01Z
215,9,5,75.25,standard,2026-07-19T18:19:01Z
215,9,6,75.25,standard,2026-07-19T18:19:01Z
215,9,7,75.25,standard,2026-07-19T18:19:01Z
215,9,8,75.25,standard,2026-07-19T18:19:01Z
215,9,9,75.25,standard,2026-07-19T18:19:01Z
215,9,1,75.25,standard,2026-07-19T18:19:01Z
215,9,10,75.25,standard,2026-07-19T18:19:01Z
215,9,11,75.25,standard,2026-07-19T18:19:01Z
215,9,12,75.25,standard,2026-07-19T18:19:01Z
215,9,13,75.25,standard,2026-07-19T18:19:01Z
215,9,14,75.25,standard,2026-07-19T18:19:01Z
215,9,15,75.25,standard,2026-07-19T18:19:01Z
215,9,16,75.25,standard,2026-07-19T18:19:01Z
215,9,17,75.25,standard,2026-07-19T18:19:01Z
215,9,2,75.25,standard,2026-07-19T18:19:01Z
215,9,3,75.25,standard,2026-07-19T18:19:01Z
216,12,10,75.25,standard,2026-07-19T18:19:01Z
216,12,11,75.25,standard,2026-07-19T18:19:01Z
216,12,12,75.25,standard,2026-07-19T18:19:01Z
216,12,13,75.25,standard,2026-07-19T18:19:01Z
216,12,14,75.25,standard,2026-07-19T18:19:01Z
216,12,15,75.25,standard,2026-07-19T18:19:01Z
216,12,16,75.25,standard,2026-07-19T18:19:01Z
216,12,17,75.25,standard,2026-07-19T18:19:01Z
216,12,2,75.25,standard,2026-07-19T18:19:01Z
216,12,3,75.25,standard,2026-07-19T18:19:01Z
216,12,4,75.25,standard,2026-07-19T18:19:01Z
216,12,5,75.25,standard,2026-07-19T18:19:01Z
216,12,6,75.25,standard,2026-07-19T18:19:01Z
216,12,7,75.25,standard,2026-07-19T18:19:01Z
216,12,8,75.25,standard,2026-07-19T18:19:01Z
216,12,9,75.25,standard,2026-07-19T18:19:01Z
216,13,10,75.25,standard,2026-07-19T18:19:01Z
216,13,11,75.25,standard,2026-07-19T18:19:01Z
216,13,12,75.25,standard,2026-07-19T18:19:01Z
216,13,13,75.25,standard,2026-07-19T18:19:01Z
216,13,14,75.25,standard,2026-07-19T18:19:01Z
216,13,15,75.25,standard,2026-07-19T18:19:01Z
216,13,16,75.25,standard,2026-07-19T18:19:01Z
216,13,17,75.25,standard,2026-07-19T18:19:01Z
216,13,2,75.25,standard,2026-07-19T18:19:01Z
216,13,3,75.25,standard,2026-07-19T18:19:01Z
216,13,4,75.25,standard,2026-07-19T18:19:01Z
216,13,5,75.25,standard,2026-07-19T18:19:01Z
216,13,6,75.25,standard,2026-07-19T18:19:01Z
216,13,7,75.25,standard,2026-07-19T18:19:01Z
216,13,8,75.25,standard,2026-07-19T18:19:01Z
216,13,9,75.25,standard,2026-07-19T18:19:01Z
216,1,4,75.25,standard,2026-07-19T18:19:01Z
216,1,5,75.25,standard,2026-07-19T18:19:01Z
216,1,6,75.25,standard,2026-07-19T18:19:01Z
216,1,7,75.25,standard,2026-07-19T18:19:01Z
216,1,8,75.25,standard,2026-07-19T18:19:01Z
216,1,9,75.25,standard,2026-07-19T18:19:01Z
216,1,1,75.25,standard,2026-07-19T18:19:01Z
216,1,10,75.25,standard,2026-07-19T18:19:01Z
216,1,11,75.25,standard,2026-07-19T18:19:01Z
216,1,12,75.25,standard,2026-07-19T18:19:01Z
216,1,13,75.25,standard,2026-07-19T18:19:01Z
216,1,14,75.25,standard,2026-07-19T18:19:01Z
216,1,15,75.25,standard,2026-07-19T18:19:01Z
216,1,2,75.25,standard,2026-07-19T18:19:01Z
216,1,3,75.25,standard,2026-07-19T18:19:01Z
217,1,7,75.25,standard,2026-07-19T18:19:01Z
217,1,8,75.25,standard,2026-07-19T18:19:01Z
217,1,9,75.25,standard,2026-07-19T18:19:01Z
217,1,10,75.25,standard,2026-07-19T18:19:01Z
217,1,11,75.25,standard,2026-07-19T18:19:01Z
217,1,12,75.25,standard,2026-07-19T18:19:01Z
217,1,13,75.25,standard,2026-07-19T18:19:01Z
217,1,14,75.25,standard,2026-07-19T18:19:01Z
217,1,15,75.25,standard,2026-07-19T18:19:01Z
218,1,9,75.25,standard,2026-07-19T18:19:01Z
218,1,10,75.25,standard,2026-07-19T18:19:01Z
218,1,11,75.25,standard,2026-07-19T18:19:01Z
218,1,12,75.25,standard,2026-07-19T18:19:01Z
218,1,13,75.25,standard,2026-07-19T18:19:01Z
218,3,11,75.25,standard,2026-07-19T18:19:01Z
218,3,12,75.25,standard,2026-07-19T18:19:01Z
218,3,13,75.25,standard,2026-07-19T18:19:01Z
218,3,14,75.25,standard,2026-07-19T18:19:01Z
218,3,15,75.25,standard,2026-07-19T18:19:01Z
218,3,16,75.25,standard,2026-07-19T18:19:01Z
218,3,17,75.25,standard,2026-07-19T18:19:01Z
218,4,10,75.25,standard,2026-07-19T18:19:01Z
218,4,11,75.25,standard,2026-07-19T18:19:01Z
218,4,12,75.25,standard,2026-07-19T18:19:01Z
218,4,13,75.25,standard,2026-07-19T18:19:01Z
218,4,14,75.25,standard,2026-07-19T18:19:01Z
218,4,15,75.25,standard,2026-07-19T18:19:01Z
218,5,17,75.25,standard,2026-07-19T18:19:01Z
218,6,17,75.25,standard,2026-07-19T18:19:01Z
218,7,17,75.25,standard,2026-07-19T18:19:01Z
219,1,7,75.25,standard,2026-07-19T18:19:01Z
219,1,8,75.25,standard,2026-07-19T18:19:01Z
219,1,11,75.25,standard,2026-07-19T18:19:01Z
219,1,12,75.25,standard,2026-07-19T18:19:01Z
219,2,13,75.25,standard,2026-07-19T18:19:01Z
219,2,14,75.25,standard,2026-07-19T18:19:01Z
219,3,13,75.25,standard,2026-07-19T18:19:01Z
219,3,14,75.25,standard,2026-07-19T18:19:01Z
219,5,4,75.25,standard,2026-07-19T18:19:01Z
219,5,5,75.25,standard,2026-07-19T18:19:01Z
219,5,6,75.25,standard,2026-07-19T18:19:01Z
219,5,7,75.25,standard,2026-07-19T18:19:01Z
219,5,8,75.25,standard,2026-07-19T18:19:01Z
219,5,9,75.25,standard,2026-07-19T18:19:01Z
219,5,1,75.25,standard,2026-07-19T18:19:01Z
219,5,10,75.25,standard,2026-07-19T18:19:01Z
219,5,11,75.25,standard,2026-07-19T18:19:01Z
219,5,12,75.25,standard,2026-07-19T18:19:01Z
219,5,13,75.25,standard,2026-07-19T18:19:01Z
219,5,14,75.25,standard,2026-07-19T18:19:01Z
219,5,15,75.25,standard,2026-07-19T18:19:01Z
219,5,16,75.25,standard,2026-07-19T18:19:01Z
219,5,2,75.25,standard,2026-07-19T18:19:01Z
219,5,3,75.25,standard,2026-07-19T18:19:01Z
219,6,4,75.25,standard,2026-07-19T18:19:01Z
219,6,5,75.25,standard,2026-07-19T18:19:01Z
219,6,6,75.25,standard,2026-07-19T18:19:01Z
219,6,7,75.25,standard,2026-07-19T18:19:01Z
219,6,8,75.25,standard,2026-07-19T18:19:01Z
219,6,9,75.25,standard,2026-07-19T18:19:01Z
219,6,1,75.25,standard,2026-07-19T18:19:01Z
219,6,10,75.25,standard,2026-07-19T18:19:01Z
219,6,11,75.25,standard,2026-07-19T18:19:01Z
219,6,12,75.25,standard,2026-07-19T18:19:01Z
219,6,13,75.25,standard,2026-07-19T18:19:01Z
219,6,14,75.25,standard,2026-07-19T18:19:01Z
219,6,2,75.25,standard,2026-07-19T18:19:01Z
219,6,3,75.25,standard,2026-07-19T18:19:01Z
219,8,5,75.25,standard,2026-07-19T18:19:01Z
219,8,6,75.25,standard,2026-07-19T18:19:01Z
219,8,7,75.25,standard,2026-07-19T18:19:01Z
219,9,4,75.25,standard,2026-07-19T18:19:01Z
219,9,5,75.25,standard,2026-07-19T18:19:01Z
219,9,6,75.25,standard,2026-07-19T18:19:01Z
219,9,7,75.25,standard,2026-07-19T18:19:01Z
219,9,3,75.25,standard,2026-07-19T18:19:01Z
221,10,10,94.25,standard,2026-07-19T18:19:01Z
221,10,11,94.25,standard,2026-07-19T18:19:01Z
221,10,12,94.25,standard,2026-07-19T18:19:01Z
221,10,2,94.25,standard,2026-07-19T18:19:01Z
221,10,3,94.25,standard,2026-07-19T18:19:01Z
221,10,4,94.25,standard,2026-07-19T18:19:01Z
221,10,5,94.25,standard,2026-07-19T18:19:01Z
221,10,6,94.25,standard,2026-07-19T18:19:01Z
221,10,7,94.25,standard,2026-07-19T18:19:01Z
221,10,8,94.25,standard,2026-07-19T18:19:01Z
221,10,9,94.25,standard,2026-07-19T18:19:01Z
221,2,5,94.25,standard,2026-07-19T18:19:01Z
221,2,6,94.25,standard,2026-07-19T18:19:01Z
221,2,7,94.25,standard,2026-07-19T18:19:01Z
221,3,4,94.25,standard,2026-07-19T18:19:01Z
221,3,5,94.25,standard,2026-07-19T18:19:01Z
221,3,6,94.25,standard,2026-07-19T18:19:01Z
221,3,7,94.25,standard,2026-07-19T18:19:01Z
221,3,8,94.25,standard,2026-07-19T18:19:01Z
221,3,9,94.25,standard,2026-07-19T18:19:01Z
221,3,1,94.25,standard,2026-07-19T18:19:01Z
221,3,10,94.25,standard,2026-07-19T18:19:01Z
221,3,11,94.25,standard,2026-07-19T18:19:01Z
221,3,12,94.25,standard,2026-07-19T18:19:01Z
221,3,2,94.25,standard,2026-07-19T18:19:01Z
221,3,3,94.25,standard,2026-07-19T18:19:01Z
221,4,4,94.25,standard,2026-07-19T18:19:01Z
221,4,5,94.25,standard,2026-07-19T18:19:01Z
221,4,6,94.25,standard,2026-07-19T18:19:01Z
221,4,7,94.25,standard,2026-07-19T18:19:01Z
221,4,8,94.25,standard,2026-07-19T18:19:01Z
221,4,9,94.25,standard,2026-07-19T18:19:01Z
221,4,1,94.25,standard,2026-07-19T18:19:01Z
221,4,10,94.25,standard,2026-07-19T18:19:01Z
221,4,11,94.25,standard,2026-07-19T18:19:01Z
221,4,12,94.25,standard,2026-07-19T18:19:01Z
221,4,2,94.25,standard,2026-07-19T18:19:01Z
221,4,3,94.25,standard,2026-07-19T18:19:01Z
221,5,4,94.25,standard,2026-07-19T18:19:01Z
221,5,5,94.25,standard,2026-07-19T18:19:01Z
221,5,6,94.25,standard,2026-07-19T18:19:01Z
221,5,7,94.25,standard,2026-07-19T18:19:01Z
221,5,8,94.25,standard,2026-07-19T18:19:01Z
221,5,9,94.25,standard,2026-07-19T18:19:01Z
221,5,1,94.25,standard,2026-07-19T18:19:01Z
221,5,10,94.25,standard,2026-07-19T18:19:01Z
221,5,11,94.25,standard,2026-07-19T18:19:01Z
221,5,12,94.25,standard,2026-07-19T18:19:01Z
221,5,13,94.25,standard,2026-07-19T18:19:01Z
221,5,14,94.25,standard,2026-07-19T18:19:01Z
221,5,15,94.25,standard,2026-07-19T18:19:01Z
221,5,16,94.25,standard,2026-07-19T18:19:01Z
221,5,2,94.25,standard,2026-07-19T18:19:01Z
221,5,3,94.25,standard,2026-07-19T18:19:01Z
221,6,4,94.25,standard,2026-07-19T18:19:01Z
221,6,5,94.25,standard,2026-07-19T18:19:01Z
221,6,6,94.25,standard,2026-07-19T18:19:01Z
221,6,7,94.25,standard,2026-07-19T18:19:01Z
221,6,8,94.25,standard,2026-07-19T18:19:01Z
221,6,9,94.25,standard,2026-07-19T18:19:01Z
221,6,1,94.25,standard,2026-07-19T18:19:01Z
221,6,10,94.25,standard,2026-07-19T18:19:01Z
221,6,11,94.25,standard,2026-07-19T18:19:01Z
221,6,12,94.25,standard,2026-07-19T18:19:01Z
221,6,13,94.25,standard,2026-07-19T18:19:01Z
221,6,14,94.25,standard,2026-07-19T18:19:01Z
221,6,15,94.25,standard,2026-07-19T18:19:01Z
221,6,16,94.25,standard,2026-07-19T18:19:01Z
221,6,2,94.25,standard,2026-07-19T18:19:01Z
221,6,3,94.25,standard,2026-07-19T18:19:01Z
221,7,4,94.25,standard,2026-07-19T18:19:01Z
221,7,5,94.25,standard,2026-07-19T18:19:01Z
221,7,6,94.25,standard,2026-07-19T18:19:01Z
221,7,7,94.25,standard,2026-07-19T18:19:01Z
221,7,8,94.25,standard,2026-07-19T18:19:01Z
221,7,9,94.25,standard,2026-07-19T18:19:01Z
221,7,1,94.25,standard,2026-07-19T18:19:01Z
221,7,10,94.25,standard,2026-07-19T18:19:01Z
221,7,11,94.25,standard,2026-07-19T18:19:01Z
221,7,12,94.25,standard,2026-07-19T18:19:01Z
221,7,13,94.25,standard,2026-07-19T18:19:01Z
221,7,14,94.25,standard,2026-07-19T18:19:01Z
221,7,15,94.25,standard,2026-07-19T18:19:01Z
221,7,16,94.25,standard,2026-07-19T18:19:01Z
221,7,2,94.25,standard,2026-07-19T18:19:01Z
221,7,3,94.25,standard,2026-07-19T18:19:01Z
221,8,4,94.25,standard,2026-07-19T18:19:01Z
221,8,5,94.25,standard,2026-07-19T18:19:01Z
221,8,6,94.25,standard,2026-07-19T18:19:01Z
221,8,7,94.25,standard,2026-07-19T18:19:01Z
221,8,8,94.25,standard,2026-07-19T18:19:01Z
221,8,9,94.25,standard,2026-07-19T18:19:01Z
221,8,1,94.25,standard,2026-07-19T18:19:01Z
221,8,10,94.25,standard,2026-07-19T18:19:01Z
221,8,2,94.25,standard,2026-07-19T18:19:01Z
221,8,3,94.25,standard,2026-07-19T18:19:01Z
221,9,4,94.25,standard,2026-07-19T18:19:01Z
221,9,5,94.25,standard,2026-07-19T18:19:01Z
221,9,6,94.25,standard,2026-07-19T18:19:01Z
221,9,7,94.25,standard,2026-07-19T18:19:01Z
221,9,8,94.25,standard,2026-07-19T18:19:01Z
221,9,9,94.25,standard,2026-07-19T18:19:01Z
221,9,1,94.25,standard,2026-07-19T18:19:01Z
221,9,10,94.25,standard,2026-07-19T18:19:01Z
221,9,11,94.25,standard,2026-07-19T18:19:01Z
221,9,12,94.25,standard,2026-07-19T18:19:01Z
221,9,13,94.25,standard,2026-07-19T18:19:01Z
221,9,2,94.25,standard,2026-07-19T18:19:01Z
221,9,3,94.25,standard,2026-07-19T18:19:01Z
222,10,10,94.25,standard,2026-07-19T18:19:01Z
222,10,11,94.25,standard,2026-07-19T18:19:01Z
222,10,5,94.25,standard,2026-07-19T18:19:01Z
222,10,6,94.25,standard,2026-07-19T18:19:01Z
222,10,7,94.25,standard,2026-07-19T18:19:01Z
222,10,8,94.25,standard,2026-07-19T18:19:01Z
222,10,9,94.25,standard,2026-07-19T18:19:01Z
222,2,13,94.25,standard,2026-07-19T18:19:01Z
222,2,14,94.25,standard,2026-07-19T18:19:01Z
222,5,6,94.25,standard,2026-07-19T18:19:01Z
222,5,7,94.25,standard,2026-07-19T18:19:01Z
222,5,8,94.25,standard,2026-07-19T18:19:01Z
222,5,9,94.25,standard,2026-07-19T18:19:01Z
222,5,10,94.25,standard,2026-07-19T18:19:01Z
222,6,6,94.25,standard,2026-07-19T18:19:01Z
222,6,7,94.25,standard,2026-07-19T18:19:01Z
222,6,8,94.25,standard,2026-07-19T18:19:01Z
222,6,9,94.25,standard,2026-07-19T18:19:01Z
222,6,10,94.25,standard,2026-07-19T18:19:01Z
222,6,11,94.25,standard,2026-07-19T18:19:01Z
222,6,12,94.25,standard,2026-07-19T18:19:01Z
222,6,13,94.25,standard,2026-07-19T18:19:01Z
222,7,4,94.25,standard,2026-07-19T18:19:01Z
222,7,5,94.25,standard,2026-07-19T18:19:01Z
222,7,6,94.25,standard,2026-07-19T18:19:01Z
222,7,7,94.25,standard,2026-07-19T18:19:01Z
222,7,8,94.25,standard,2026-07-19T18:19:01Z
222,7,9,94.25,standard,2026-07-19T18:19:01Z
222,7,1,94.25,standard,2026-07-19T18:19:01Z
222,7,10,94.25,standard,2026-07-19T18:19:01Z
222,7,11,94.25,standard,2026-07-19T18:19:01Z
222,7,12,94.25,standard,2026-07-19T18:19:01Z
222,7,2,94.25,standard,2026-07-19T18:19:01Z
222,7,3,94.25,standard,2026-07-19T18:19:01Z
222,8,1,94.25,standard,2026-07-19T18:19:01Z
222,8,15,94.25,standard,2026-07-19T18:19:01Z
222,8,16,94.25,standard,2026-07-19T18:19:01Z
222,8,2,94.25,standard,2026-07-19T18:19:01Z
222,9,8,94.25,standard,2026-07-19T18:19:01Z
222,9,9,94.25,standard,2026-07-19T18:19:01Z
222,9,10,94.25,standard,2026-07-19T18:19:01Z
222,9,11,94.25,standard,2026-07-19T18:19:01Z
222W,W,10,94.25,standard,2026-07-19T18:19:01Z
222W,W,11,94.25,standard,2026-07-19T18:19:01Z
222W,W,4,94.25,standard,2026-07-19T18:19:01Z
222W,W,5,94.25,standard,2026-07-19T18:19:01Z
222W,W,6,94.25,standard,2026-07-19T18:19:01Z
222W,W,7,94.25,standard,2026-07-19T18:19:01Z
222W,W,8,94.25,standard,2026-07-19T18:19:01Z
222W,W,9,94.25,standard,2026-07-19T18:19:01Z
223,10,3,94.25,standard,2026-07-19T18:19:01Z
223,10,4,94.25,standard,2026-07-19T18:19:01Z
223,10,5,94.25,standard,2026-07-19T18:19:01Z
223,10,6,94.25,standard,2026-07-19T18:19:01Z
223,4,13,94.25,standard,2026-07-19T18:19:01Z
223,4,14,94.25,standard,2026-07-19T18:19:01Z
223,4,15,94.25,standard,2026-07-19T18:19:01Z
223,4,16,94.25,standard,2026-07-19T18:19:01Z
223,5,4,94.25,standard,2026-07-19T18:19:01Z
223,5,5,94.25,standard,2026-07-19T18:19:01Z
223,5,6,94.25,standard,2026-07-19T18:19:01Z
223,5,7,94.25,standard,2026-07-19T18:19:01Z
223,5,8,94.25,standard,2026-07-19T18:19:01Z
223,5,9,94.25,standard,2026-07-19T18:19:01Z
223,5,10,94.25,standard,2026-07-19T18:19:01Z
223,5,11,94.25,standard,2026-07-19T18:19:01Z
223,5,3,94.25,standard,2026-07-19T18:19:01Z
223,6,4,94.25,standard,2026-07-19T18:19:01Z
223,6,5,94.25,standard,2026-07-19T18:19:01Z
223,6,6,94.25,standard,2026-07-19T18:19:01Z
223,6,7,94.25,standard,2026-07-19T18:19:01Z
223,6,8,94.25,standard,2026-07-19T18:19:01Z
223,6,9,94.25,standard,2026-07-19T18:19:01Z
223,6,1,94.25,standard,2026-07-19T18:19:01Z
223,6,2,94.25,standard,2026-07-19T18:19:01Z
223,6,3,94.25,standard,2026-07-19T18:19:01Z
223,7,4,94.25,standard,2026-07-19T18:19:01Z
223,7,5,94.25,standard,2026-07-19T18:19:01Z
223,7,6,94.25,standard,2026-07-19T18:19:01Z
223,7,7,94.25,standard,2026-07-19T18:19:01Z
223,7,8,94.25,standard,2026-07-19T18:19:01Z
223,7,9,94.25,standard,2026-07-19T18:19:01Z
223,7,1,94.25,standard,2026-07-19T18:19:01Z
223,7,10,94.25,standard,2026-07-19T18:19:01Z
223,7,11,94.25,standard,2026-07-19T18:19:01Z
223,7,12,94.25,standard,2026-07-19T18:19:01Z
223,7,2,94.25,standard,2026-07-19T18:19:01Z
223,7,3,94.25,standard,2026-07-19T18:19:01Z
223,8,9,94.25,standard,2026-07-19T18:19:01Z
223,8,10,94.25,standard,2026-07-19T18:19:01Z
223,8,11,94.25,standard,2026-07-19T18:19:01Z
223,8,12,94.25,standard,2026-07-19T18:19:01Z
223,8,13,94.25,standard,2026-07-19T18:19:01Z
223,8,14,94.25,standard,2026-07-19T18:19:01Z
223,9,5,94.25,standard,2026-07-19T18:19:01Z
223,9,6,94.25,standard,2026-07-19T18:19:01Z
223,9,7,94.25,standard,2026-07-19T18:19:01Z
223,9,8,94.25,standard,2026-07-19T18:19:01Z
223,9,9,94.25,standard,2026-07-19T18:19:01Z
223,9,10,94.25,standard,2026-07-19T18:19:01Z
223,9,11,94.25,standard,2026-07-19T18:19:01Z
223,9,12,94.25,standard,2026-07-19T18:19:01Z
223W,W,5,94.25,standard,2026-07-19T18:19:01Z
225,10,13,94.25,standard,2026-07-19T18:19:01Z
225,10,14,94.25,standard,2026-07-19T18:19:01Z
225,10,15,94.25,standard,2026-07-19T18:19:01Z
225,10,16,94.25,standard,2026-07-19T18:19:01Z
225,10,5,94.25,standard,2026-07-19T18:19:01Z
225,10,6,94.25,standard,2026-07-19T18:19:01Z
225,10,7,94.25,standard,2026-07-19T18:19:01Z
225,10,8,94.25,standard,2026-07-19T18:19:01Z
225,11,10,94.25,standard,2026-07-19T18:19:01Z
225,11,11,94.25,standard,2026-07-19T18:19:01Z
225,11,12,94.25,standard,2026-07-19T18:19:01Z
225,11,13,94.25,standard,2026-07-19T18:19:01Z
225,11,14,94.25,standard,2026-07-19T18:19:01Z
225,11,2,94.25,standard,2026-07-19T18:19:01Z
225,11,3,94.25,standard,2026-07-19T18:19:01Z
225,11,4,94.25,standard,2026-07-19T18:19:01Z
225,11,5,94.25,standard,2026-07-19T18:19:01Z
225,11,6,94.25,standard,2026-07-19T18:19:01Z
225,11,7,94.25,standard,2026-07-19T18:19:01Z
225,11,8,94.25,standard,2026-07-19T18:19:01Z
225,11,9,94.25,standard,2026-07-19T18:19:01Z
225,12,10,94.25,standard,2026-07-19T18:19:01Z
225,12,11,94.25,standard,2026-07-19T18:19:01Z
225,12,12,94.25,standard,2026-07-19T18:19:01Z
225,12,13,94.25,standard,2026-07-19T18:19:01Z
225,12,15,94.25,standard,2026-07-19T18:19:01Z
225,12,16,94.25,standard,2026-07-19T18:19:01Z
225,12,2,94.25,standard,2026-07-19T18:19:01Z
225,12,3,94.25,standard,2026-07-19T18:19:01Z
225,12,4,94.25,standard,2026-07-19T18:19:01Z
225,12,5,94.25,standard,2026-07-19T18:19:01Z
225,12,6,94.25,standard,2026-07-19T18:19:01Z
225,12,7,94.25,standard,2026-07-19T18:19:01Z
225,12,8,94.25,standard,2026-07-19T18:19:01Z
225,12,9,94.25,standard,2026-07-19T18:19:01Z
225,13,11,94.25,standard,2026-07-19T18:19:01Z
225,13,12,94.25,standard,2026-07-19T18:19:01Z
225,13,13,94.25,standard,2026-07-19T18:19:01Z
225,13,14,94.25,standard,2026-07-19T18:19:01Z
225,13,3,94.25,standard,2026-07-19T18:19:01Z
225,13,4,94.25,standard,2026-07-19T18:19:01Z
225,13,5,94.25,standard,2026-07-19T18:19:01Z
225,13,6,94.25,standard,2026-07-19T18:19:01Z
225,13,7,94.25,standard,2026-07-19T18:19:01Z
225,13,8,94.25,standard,2026-07-19T18:19:01Z
225,2,13,94.25,standard,2026-07-19T18:19:01Z
225,2,14,94.25,standard,2026-07-19T18:19:01Z
225,4,15,94.25,standard,2026-07-19T18:19:01Z
225,4,16,94.25,standard,2026-07-19T18:19:01Z
225,4,3,94.25,standard,2026-07-19T18:19:01Z
225,7,4,94.25,standard,2026-07-19T18:19:01Z
225,7,5,94.25,standard,2026-07-19T18:19:01Z
225,7,6,94.25,standard,2026-07-19T18:19:01Z
225,7,7,94.25,standard,2026-07-19T18:19:01Z
225,7,8,94.25,standard,2026-07-19T18:19:01Z
225,7,9,94.25,standard,2026-07-19T18:19:01Z
225,7,10,94.25,standard,2026-07-19T18:19:01Z
225,7,11,94.25,standard,2026-07-19T18:19:01Z
225,7,12,94.25,standard,2026-07-19T18:19:01Z
225,7,13,94.25,standard,2026-07-19T18:19:01Z
225,8,7,94.25,standard,2026-07-19T18:19:01Z
225,8,8,94.25,standard,2026-07-19T18:19:01Z
225,8,9,94.25,standard,2026-07-19T18:19:01Z
225,8,10,94.25,standard,2026-07-19T18:19:01Z
225,8,11,94.25,standard,2026-07-19T18:19:01Z
225,8,12,94.25,standard,2026-07-19T18:19:01Z
225,9,13,94.25,standard,2026-07-19T18:19:01Z
225,9,14,94.25,standard,2026-07-19T18:19:01Z
225,9,15,94.25,standard,2026-07-19T18:19:01Z
225,9,16,94.25,standard,2026-07-19T18:19:01Z
226,10,10,94.25,standard,2026-07-19T18:19:01Z
226,10,11,94.25,standard,2026-07-19T18:19:01Z
226,10,12,94.25,standard,2026-07-19T18:19:01Z
226,10,13,94.25,standard,2026-07-19T18:19:01Z
226,10,14,94.25,standard,2026-07-19T18:19:01Z
226,10,3,94.25,standard,2026-07-19T18:19:01Z
226,10,4,94.25,standard,2026-07-19T18:19:01Z
226,10,7,94.25,standard,2026-07-19T18:19:01Z
226,10,8,94.25,standard,2026-07-19T18:19:01Z
226,10,9,94.25,standard,2026-07-19T18:19:01Z
226,11,10,94.25,standard,2026-07-19T18:19:01Z
226,11,11,94.25,standard,2026-07-19T18:19:01Z
226,11,12,94.25,standard,2026-07-19T18:19:01Z
226,11,13,94.25,standard,2026-07-19T18:19:01Z
226,11,14,94.25,standard,2026-07-19T18:19:01Z
226,11,15,94.25,standard,2026-07-19T18:19:01Z
226,11,16,94.25,standard,2026-07-19T18:19:01Z
226,11,5,94.25,standard,2026-07-19T18:19:01Z
226,11,6,94.25,standard,2026-07-19T18:19:01Z
226,11,7,94.25,standard,2026-07-19T18:19:01Z
226,11,8,94.25,standard,2026-07-19T18:19:01Z
226,11,9,94.25,standard,2026-07-19T18:19:01Z
226,12,13,94.25,standard,2026-07-19T18:19:01Z
226,12,14,94.25,standard,2026-07-19T18:19:01Z
226,12,5,94.25,standard,2026-07-19T18:19:01Z
226,12,6,94.25,standard,2026-07-19T18:19:01Z
226,12,7,94.25,standard,2026-07-19T18:19:01Z
226,13,15,94.25,standard,2026-07-19T18:19:01Z
226,13,16,94.25,standard,2026-07-19T18:19:01Z
226,13,8,94.25,standard,2026-07-19T18:19:01Z
226,13,9,94.25,standard,2026-07-19T18:19:01Z
226,5,4,94.25,standard,2026-07-19T18:19:01Z
226,5,1,94.25,standard,2026-07-19T18:19:01Z
226,5,11,94.25,standard,2026-07-19T18:19:01Z
226,5,12,94.25,standard,2026-07-19T18:19:01Z
226,5,2,94.25,standard,2026-07-19T18:19:01Z
226,5,3,94.25,standard,2026-07-19T18:19:01Z
226,6,11,94.25,standard,2026-07-19T18:19:01Z
226,6,12,94.25,standard,2026-07-19T18:19:01Z
226,6,13,94.25,standard,2026-07-19T18:19:01Z
226,6,14,94.25,standard,2026-07-19T18:19:01Z
226,8,9,94.25,standard,2026-07-19T18:19:01Z
226,8,10,94.25,standard,2026-07-19T18:19:01Z
226,8,11,94.25,standard,2026-07-19T18:19:01Z
226,8,12,94.25,standard,2026-07-19T18:19:01Z
226,8,13,94.25,standard,2026-07-19T18:19:01Z
226,8,14,94.25,standard,2026-07-19T18:19:01Z
226,9,6,94.25,standard,2026-07-19T18:19:01Z
226,9,7,94.25,standard,2026-07-19T18:19:01Z
226,9,8,94.25,standard,2026-07-19T18:19:01Z
226,9,9,94.25,standard,2026-07-19T18:19:01Z
226,9,14,94.25,standard,2026-07-19T18:19:01Z
226,9,15,94.25,standard,2026-07-19T18:19:01Z
227,10,11,94.25,standard,2026-07-19T18:19:01Z
227,10,12,94.25,standard,2026-07-19T18:19:01Z
227,10,13,94.25,standard,2026-07-19T18:19:01Z
227,10,14,94.25,standard,2026-07-19T18:19:01Z
227,10,15,94.25,standard,2026-07-19T18:19:01Z
227,10,16,94.25,standard,2026-07-19T18:19:01Z
227,10,17,94.25,standard,2026-07-19T18:19:01Z
227,10,18,94.25,standard,2026-07-19T18:19:01Z
227,10,19,94.25,standard,2026-07-19T18:19:01Z
227,11,10,94.25,standard,2026-07-19T18:19:01Z
227,11,11,94.25,standard,2026-07-19T18:19:01Z
227,11,12,94.25,standard,2026-07-19T18:19:01Z
227,11,9,94.25,standard,2026-07-19T18:19:01Z
227,12,10,94.25,standard,2026-07-19T18:19:01Z
227,12,11,94.25,standard,2026-07-19T18:19:01Z
227,12,12,94.25,standard,2026-07-19T18:19:01Z
227,12,9,94.25,standard,2026-07-19T18:19:01Z
227,13,11,94.25,standard,2026-07-19T18:19:01Z
227,13,12,94.25,standard,2026-07-19T18:19:01Z
227,13,7,94.25,standard,2026-07-19T18:19:01Z
227,13,8,94.25,standard,2026-07-19T18:19:01Z
227,3,5,94.25,standard,2026-07-19T18:19:01Z
227,3,6,94.25,standard,2026-07-19T18:19:01Z
227,3,8,94.25,standard,2026-07-19T18:19:01Z
227,7,4,94.25,standard,2026-07-19T18:19:01Z
227,7,5,94.25,standard,2026-07-19T18:19:01Z
227,7,6,94.25,standard,2026-07-19T18:19:01Z
227,7,7,94.25,standard,2026-07-19T18:19:01Z
227,7,8,94.25,standard,2026-07-19T18:19:01Z
227,7,9,94.25,standard,2026-07-19T18:19:01Z
227,8,9,94.25,standard,2026-07-19T18:19:01Z
227,8,10,94.25,standard,2026-07-19T18:19:01Z
227,8,13,94.25,standard,2026-07-19T18:19:01Z
227,8,14,94.25,standard,2026-07-19T18:19:01Z
227,8,15,94.25,standard,2026-07-19T18:19:01Z
227,8,16,94.25,standard,2026-07-19T18:19:01Z
227,8,17,94.25,standard,2026-07-19T18:19:01Z
227,8,18,94.25,standard,2026-07-19T18:19:01Z
227,9,13,94.25,standard,2026-07-19T18:19:01Z
227,9,14,94.25,standard,2026-07-19T18:19:01Z
227,9,15,94.25,standard,2026-07-19T18:19:01Z
227,9,16,94.25,standard,2026-07-19T18:19:01Z
227,9,17,94.25,standard,2026-07-19T18:19:01Z
227,9,18,94.25,standard,2026-07-19T18:19:01Z
227,9,19,94.25,standard,2026-07-19T18:19:01Z
234,10,10,94.25,standard,2026-07-19T18:19:01Z
234,10,7,94.25,standard,2026-07-19T18:19:01Z
234,10,8,94.25,standard,2026-07-19T18:19:01Z
234,10,9,94.25,standard,2026-07-19T18:19:01Z
234,11,11,94.25,standard,2026-07-19T18:19:01Z
234,11,12,94.25,standard,2026-07-19T18:19:01Z
234,11,15,94.25,standard,2026-07-19T18:19:01Z
234,11,16,94.25,standard,2026-07-19T18:19:01Z
234,12,10,94.25,standard,2026-07-19T18:19:01Z
234,12,9,94.25,standard,2026-07-19T18:19:01Z
234,13,10,94.25,standard,2026-07-19T18:19:01Z
234,13,11,94.25,standard,2026-07-19T18:19:01Z
234,13,12,94.25,standard,2026-07-19T18:19:01Z
234,13,19,94.25,standard,2026-07-19T18:19:01Z
234,13,20,94.25,standard,2026-07-19T18:19:01Z
234,2,4,94.25,standard,2026-07-19T18:19:01Z
234,2,2,94.25,standard,2026-07-19T18:19:01Z
234,2,3,94.25,standard,2026-07-19T18:19:01Z
234,3,6,94.25,standard,2026-07-19T18:19:01Z
234,3,7,94.25,standard,2026-07-19T18:19:01Z
234,4,4,94.25,standard,2026-07-19T18:19:01Z
234,4,5,94.25,standard,2026-07-19T18:19:01Z
234,4,6,94.25,standard,2026-07-19T18:19:01Z
234,4,7,94.25,standard,2026-07-19T18:19:01Z
234,4,10,94.25,standard,2026-07-19T18:19:01Z
234,4,11,94.25,standard,2026-07-19T18:19:01Z
234,5,10,94.25,standard,2026-07-19T18:19:01Z
234,6,4,94.25,standard,2026-07-19T18:19:01Z
234,6,5,94.25,standard,2026-07-19T18:19:01Z
234,6,6,94.25,standard,2026-07-19T18:19:01Z
234,6,7,94.25,standard,2026-07-19T18:19:01Z
234,6,12,94.25,standard,2026-07-19T18:19:01Z
234,6,13,94.25,standard,2026-07-19T18:19:01Z
234,6,3,94.25,standard,2026-07-19T18:19:01Z
234,7,13,94.25,standard,2026-07-19T18:19:01Z
234,7,14,94.25,standard,2026-07-19T18:19:01Z
234,7,15,94.25,standard,2026-07-19T18:19:01Z
234,8,7,94.25,standard,2026-07-19T18:19:01Z
234,8,8,94.25,standard,2026-07-19T18:19:01Z
234,8,1,94.25,standard,2026-07-19T18:19:01Z
234,8,2,94.25,standard,2026-07-19T18:19:01Z
234,9,17,94.25,standard,2026-07-19T18:19:01Z
235,10,3,94.25,standard,2026-07-19T18:19:01Z
235,10,4,94.25,standard,2026-07-19T18:19:01Z
235,10,5,94.25,standard,2026-07-19T18:19:01Z
235,10,6,94.25,standard,2026-07-19T18:19:01Z
235,10,7,94.25,standard,2026-07-19T18:19:01Z
235,10,8,94.25,standard,2026-07-19T18:19:01Z
235,10,9,94.25,standard,2026-07-19T18:19:01Z
235,11,3,94.25,standard,2026-07-19T18:19:01Z
235,11,4,94.25,standard,2026-07-19T18:19:01Z
235,11,5,94.25,standard,2026-07-19T18:19:01Z
235,11,6,94.25,standard,2026-07-19T18:19:01Z
235,11,7,94.25,standard,2026-07-19T18:19:01Z
235,11,8,94.25,standard,2026-07-19T18:19:01Z
235,12,14,94.25,standard,2026-07-19T18:19:01Z
235,1,10,94.25,standard,2026-07-19T18:19:01Z
235,1,11,94.25,standard,2026-07-19T18:19:01Z
235,1,12,94.25,standard,2026-07-19T18:19:01Z
235,1,13,94.25,standard,2026-07-19T18:19:01Z
235,2,5,94.25,standard,2026-07-19T18:19:01Z
235,2,6,94.25,standard,2026-07-19T18:19:01Z
235,2,14,94.25,standard,2026-07-19T18:19:01Z
235,2,15,94.25,standard,2026-07-19T18:19:01Z
235,7,12,94.25,standard,2026-07-19T18:19:01Z
235,7,13,94.25,standard,2026-07-19T18:19:01Z
236,10,11,94.25,standard,2026-07-19T18:19:01Z
236,10,12,94.25,standard,2026-07-19T18:19:01Z
236,10,2,94.25,standard,2026-07-19T18:19:01Z
236,11,10,94.25,standard,2026-07-19T18:19:01Z
236,11,11,94.25,standard,2026-07-19T18:19:01Z
236,11,12,94.25,standard,2026-07-19T18:19:01Z
236,11,15,94.25,standard,2026-07-19T18:19:01Z
236,11,16,94.25,standard,2026-07-19T18:19:01Z
236,11,9,94.25,standard,2026-07-19T18:19:01Z
236,12,2,94.25,standard,2026-07-19T18:19:01Z
236,1,14,94.25,standard,2026-07-19T18:19:01Z
236,1,15,94.25,standard,2026-07-19T18:19:01Z
236,2,7,94.25,standard,2026-07-19T18:19:01Z
236,2,8,94.25,standard,2026-07-19T18:19:01Z
236,2,9,94.25,standard,2026-07-19T18:19:01Z
236,2,10,94.25,standard,2026-07-19T18:19:01Z
236,2,11,94.25,standard,2026-07-19T18:19:01Z
236,2,12,94.25,standard,2026-07-19T18:19:01Z
236,4,7,94.25,standard,2026-07-19T18:19:01Z
236,4,8,94.25,standard,2026-07-19T18:19:01Z
236,4,1,94.25,standard,2026-07-19T18:19:01Z
236,4,14,94.25,standard,2026-07-19T18:19:01Z
236,4,2,94.25,standard,2026-07-19T18:19:01Z
236,5,1,94.25,standard,2026-07-19T18:19:01Z
236,5,2,94.25,standard,2026-07-19T18:19:01Z
236,6,9,94.25,standard,2026-07-19T18:19:01Z
236,6,10,94.25,standard,2026-07-19T18:19:01Z
236,6,15,94.25,standard,2026-07-19T18:19:01Z
236,6,16,94.25,standard,2026-07-19T18:19:01Z
236,7,15,94.25,standard,2026-07-19T18:19:01Z
236,7,16,94.25,standard,2026-07-19T18:19:01Z
236,8,4,94.25,standard,2026-07-19T18:19:01Z
236,8,3,94.25,standard,2026-07-19T18:19:01Z
238,10,10,94.25,standard,2026-07-19T18:19:01Z
238,10,11,94.25,standard,2026-07-19T18:19:01Z
238,1,9,94.25,standard,2026-07-19T18:19:01Z
238,1,10,94.25,standard,2026-07-19T18:19:01Z
238,2,15,94.25,standard,2026-07-19T18:19:01Z
238,2,16,94.25,standard,2026-07-19T18:19:01Z
238,3,15,94.25,standard,2026-07-19T18:19:01Z
238,3,16,94.25,standard,2026-07-19T18:19:01Z
238,4,5,94.25,standard,2026-07-19T18:19:01Z
238,4,6,94.25,standard,2026-07-19T18:19:01Z
238,5,4,94.25,standard,2026-07-19T18:19:01Z
238,5,5,94.25,standard,2026-07-19T18:19:01Z
238,5,6,94.25,standard,2026-07-19T18:19:01Z
238,5,3,94.25,standard,2026-07-19T18:19:01Z
238,6,8,94.25,standard,2026-07-19T18:19:01Z
238,6,9,94.25,standard,2026-07-19T18:19:01Z
238,7,9,94.25,standard,2026-07-19T18:19:01Z
238,7,10,94.25,standard,2026-07-19T18:19:01Z
238,7,11,94.25,standard,2026-07-19T18:19:01Z
238,7,12,94.25,standard,2026-07-19T18:19:01Z
238,7,13,94.25,standard,2026-07-19T18:19:01Z
238W,W,9,94.25,standard,2026-07-19T18:19:01Z
239,3,5,94.25,standard,2026-07-19T18:19:01Z
239,3,6,94.25,standard,2026-07-19T18:19:01Z
239,3,7,94.25,standard,2026-07-19T18:19:01Z
239,3,8,94.25,standard,2026-07-19T18:19:01Z
239,3,9,94.25,standard,2026-07-19T18:19:01Z
239,3,10,94.25,standard,2026-07-19T18:19:01Z
239,4,10,94.25,standard,2026-07-19T18:19:01Z
239,5,5,94.25,standard,2026-07-19T18:19:01Z
239,5,6,94.25,standard,2026-07-19T18:19:01Z
239,5,7,94.25,standard,2026-07-19T18:19:01Z
239,5,8,94.25,standard,2026-07-19T18:19:01Z
239,5,9,94.25,standard,2026-07-19T18:19:01Z
239,5,10,94.25,standard,2026-07-19T18:19:01Z
239,5,11,94.25,standard,2026-07-19T18:19:01Z
239,5,12,94.25,standard,2026-07-19T18:19:01Z
239,5,15,94.25,standard,2026-07-19T18:19:01Z
239,5,16,94.25,standard,2026-07-19T18:19:01Z
239,6,4,94.25,standard,2026-07-19T18:19:01Z
239,6,5,94.25,standard,2026-07-19T18:19:01Z
239,6,6,94.25,standard,2026-07-19T18:19:01Z
239,6,7,94.25,standard,2026-07-19T18:19:01Z
239,6,8,94.25,standard,2026-07-19T18:19:01Z
239,6,9,94.25,standard,2026-07-19T18:19:01Z
239,6,10,94.25,standard,2026-07-19T18:19:01Z
239,6,11,94.25,standard,2026-07-19T18:19:01Z
239,6,12,94.25,standard,2026-07-19T18:19:01Z
239,6,13,94.25,standard,2026-07-19T18:19:01Z
239,6,14,94.25,standard,2026-07-19T18:19:01Z
239,6,3,94.25,standard,2026-07-19T18:19:01Z
239,7,7,94.25,standard,2026-07-19T18:19:01Z
239,7,8,94.25,standard,2026-07-19T18:19:01Z
239,7,9,94.25,standard,2026-07-19T18:19:01Z
239,7,10,94.25,standard,2026-07-19T18:19:01Z
239,7,11,94.25,standard,2026-07-19T18:19:01Z
239,8,5,94.25,standard,2026-07-19T18:19:01Z
239,8,6,94.25,standard,2026-07-19T18:19:01Z
239,8,7,94.25,standard,2026-07-19T18:19:01Z
239,8,8,94.25,standard,2026-07-19T18:19:01Z
239,8,9,94.25,standard,2026-07-19T18:19:01Z
239,9,7,94.25,standard,2026-07-19T18:19:01Z
239,9,8,94.25,standard,2026-07-19T18:19:01Z
239,9,13,94.25,standard,2026-07-19T18:19:01Z
239,9,14,94.25,standard,2026-07-19T18:19:01Z
239,9,15,94.25,standard,2026-07-19T18:19:01Z
241,10,10,94.25,standard,2026-07-19T18:19:01Z
241,10,11,94.25,standard,2026-07-19T18:19:01Z
241,10,3,94.25,standard,2026-07-19T18:19:01Z
241,10,4,94.25,standard,2026-07-19T18:19:01Z
241,10,5,94.25,standard,2026-07-19T18:19:01Z
241,10,6,94.25,standard,2026-07-19T18:19:01Z
241,10,7,94.25,standard,2026-07-19T18:19:01Z
241,10,8,94.25,standard,2026-07-19T18:19:01Z
241,10,9,94.25,standard,2026-07-19T18:19:01Z
241,1,11,94.25,standard,2026-07-19T18:19:01Z
241,1,12,94.25,standard,2026-07-19T18:19:01Z
241,1,13,94.25,standard,2026-07-19T18:19:01Z
241,1,14,94.25,standard,2026-07-19T18:19:01Z
241,2,4,94.25,standard,2026-07-19T18:19:01Z
241,2,5,94.25,standard,2026-07-19T18:19:01Z
241,2,6,94.25,standard,2026-07-19T18:19:01Z
241,2,7,94.25,standard,2026-07-19T18:19:01Z
241,2,8,94.25,standard,2026-07-19T18:19:01Z
241,2,2,94.25,standard,2026-07-19T18:19:01Z
241,2,3,94.25,standard,2026-07-19T18:19:01Z
241,3,4,94.25,standard,2026-07-19T18:19:01Z
241,3,5,94.25,standard,2026-07-19T18:19:01Z
241,3,6,94.25,standard,2026-07-19T18:19:01Z
241,3,7,94.25,standard,2026-07-19T18:19:01Z
241,3,8,94.25,standard,2026-07-19T18:19:01Z
241,3,9,94.25,standard,2026-07-19T18:19:01Z
241,3,10,94.25,standard,2026-07-19T18:19:01Z
241,3,11,94.25,standard,2026-07-19T18:19:01Z
241,3,12,94.25,standard,2026-07-19T18:19:01Z
241,3,13,94.25,standard,2026-07-19T18:19:01Z
241,3,14,94.25,standard,2026-07-19T18:19:01Z
241,3,3,94.25,standard,2026-07-19T18:19:01Z
241,4,4,94.25,standard,2026-07-19T18:19:01Z
241,4,5,94.25,standard,2026-07-19T18:19:01Z
241,4,6,94.25,standard,2026-07-19T18:19:01Z
241,4,7,94.25,standard,2026-07-19T18:19:01Z
241,4,8,94.25,standard,2026-07-19T18:19:01Z
241,4,9,94.25,standard,2026-07-19T18:19:01Z
241,4,10,94.25,standard,2026-07-19T18:19:01Z
241,4,11,94.25,standard,2026-07-19T18:19:01Z
241,4,12,94.25,standard,2026-07-19T18:19:01Z
241,4,13,94.25,standard,2026-07-19T18:19:01Z
241,4,14,94.25,standard,2026-07-19T18:19:01Z
241,4,2,94.25,standard,2026-07-19T18:19:01Z
241,4,3,94.25,standard,2026-07-19T18:19:01Z
241,5,4,94.25,standard,2026-07-19T18:19:01Z
241,5,5,94.25,standard,2026-07-19T18:19:01Z
241,5,6,94.25,standard,2026-07-19T18:19:01Z
241,5,7,94.25,standard,2026-07-19T18:19:01Z
241,5,8,94.25,standard,2026-07-19T18:19:01Z
241,5,9,94.25,standard,2026-07-19T18:19:01Z
241,5,10,94.25,standard,2026-07-19T18:19:01Z
241,5,11,94.25,standard,2026-07-19T18:19:01Z
241,5,3,94.25,standard,2026-07-19T18:19:01Z
241,6,5,94.25,standard,2026-07-19T18:19:01Z
241,6,6,94.25,standard,2026-07-19T18:19:01Z
241,6,7,94.25,standard,2026-07-19T18:19:01Z
241,6,8,94.25,standard,2026-07-19T18:19:01Z
241,6,9,94.25,standard,2026-07-19T18:19:01Z
241,6,10,94.25,standard,2026-07-19T18:19:01Z
241,6,11,94.25,standard,2026-07-19T18:19:01Z
241,6,12,94.25,standard,2026-07-19T18:19:01Z
241,6,13,94.25,standard,2026-07-19T18:19:01Z
241,6,14,94.25,standard,2026-07-19T18:19:01Z
241,7,5,94.25,standard,2026-07-19T18:19:01Z
241,7,6,94.25,standard,2026-07-19T18:19:01Z
241,7,7,94.25,standard,2026-07-19T18:19:01Z
241,7,8,94.25,standard,2026-07-19T18:19:01Z
241,7,9,94.25,standard,2026-07-19T18:19:01Z
241,7,10,94.25,standard,2026-07-19T18:19:01Z
241,7,11,94.25,standard,2026-07-19T18:19:01Z
241,7,12,94.25,standard,2026-07-19T18:19:01Z
241,7,13,94.25,standard,2026-07-19T18:19:01Z
241,7,14,94.25,standard,2026-07-19T18:19:01Z
241,8,5,94.25,standard,2026-07-19T18:19:01Z
241,8,6,94.25,standard,2026-07-19T18:19:01Z
241,8,7,94.25,standard,2026-07-19T18:19:01Z
241,8,8,94.25,standard,2026-07-19T18:19:01Z
241,8,9,94.25,standard,2026-07-19T18:19:01Z
241,8,10,94.25,standard,2026-07-19T18:19:01Z
241,8,11,94.25,standard,2026-07-19T18:19:01Z
241,8,12,94.25,standard,2026-07-19T18:19:01Z
241,9,5,94.25,standard,2026-07-19T18:19:01Z
241,9,6,94.25,standard,2026-07-19T18:19:01Z
241,9,7,94.25,standard,2026-07-19T18:19:01Z
241,9,8,94.25,standard,2026-07-19T18:19:01Z
241,9,9,94.25,standard,2026-07-19T18:19:01Z
241,9,10,94.25,standard,2026-07-19T18:19:01Z
241,9,11,94.25,standard,2026-07-19T18:19:01Z
242,10,7,75.25,standard,2026-07-19T18:19:01Z
242,10,8,75.25,standard,2026-07-19T18:19:01Z
242,10,9,75.25,standard,2026-07-19T18:19:01Z
243,11,10,75.25,standard,2026-07-19T18:19:01Z
243,11,11,75.25,standard,2026-07-19T18:19:01Z
243,11,12,75.25,standard,2026-07-19T18:19:01Z
243,11,8,75.25,standard,2026-07-19T18:19:01Z
243,11,9,75.25,standard,2026-07-19T18:19:01Z
243,12,11,75.25,standard,2026-07-19T18:19:01Z
243,12,12,75.25,standard,2026-07-19T18:19:01Z
243,4,6,75.25,standard,2026-07-19T18:19:01Z
243,4,7,75.25,standard,2026-07-19T18:19:01Z
243,4,8,75.25,standard,2026-07-19T18:19:01Z
243,6,10,75.25,standard,2026-07-19T18:19:01Z
243,6,11,75.25,standard,2026-07-19T18:19:01Z
243,6,12,75.25,standard,2026-07-19T18:19:01Z
243,7,8,75.25,standard,2026-07-19T18:19:01Z
243,7,9,75.25,standard,2026-07-19T18:19:01Z
243,7,10,75.25,standard,2026-07-19T18:19:01Z
243,8,5,75.25,standard,2026-07-19T18:19:01Z
243,8,6,75.25,standard,2026-07-19T18:19:01Z
243,9,8,75.25,standard,2026-07-19T18:19:01Z
243,9,9,75.25,standard,2026-07-19T18:19:01Z
243,9,10,75.25,standard,2026-07-19T18:19:01Z
244,10,10,75.25,standard,2026-07-19T18:19:01Z
244,10,11,75.25,standard,2026-07-19T18:19:01Z
244,10,12,75.25,standard,2026-07-19T18:19:01Z
244,10,13,75.25,standard,2026-07-19T18:19:01Z
244,10,14,75.25,standard,2026-07-19T18:19:01Z
244,10,3,75.25,standard,2026-07-19T18:19:01Z
244,10,4,75.25,standard,2026-07-19T18:19:01Z
244,10,5,75.25,standard,2026-07-19T18:19:01Z
244,10,6,75.25,standard,2026-07-19T18:19:01Z
244,10,7,75.25,standard,2026-07-19T18:19:01Z
244,10,8,75.25,standard,2026-07-19T18:19:01Z
244,10,9,75.25,standard,2026-07-19T18:19:01Z
244,11,5,75.25,standard,2026-07-19T18:19:01Z
244,11,6,75.25,standard,2026-07-19T18:19:01Z
244,11,7,75.25,standard,2026-07-19T18:19:01Z
244,12,5,75.25,standard,2026-07-19T18:19:01Z
244,12,6,75.25,standard,2026-07-19T18:19:01Z
244,12,7,75.25,standard,2026-07-19T18:19:01Z
244,1,11,75.25,standard,2026-07-19T18:19:01Z
244,1,12,75.25,standard,2026-07-19T18:19:01Z
244,1,15,75.25,standard,2026-07-19T18:19:01Z
244,1,16,75.25,standard,2026-07-19T18:19:01Z
244,3,13,75.25,standard,2026-07-19T18:19:01Z
244,3,14,75.25,standard,2026-07-19T18:19:01Z
244,3,15,75.25,standard,2026-07-19T18:19:01Z
244,3,16,75.25,standard,2026-07-19T18:19:01Z
244,4,12,75.25,standard,2026-07-19T18:19:01Z
244,4,13,75.25,standard,2026-07-19T18:19:01Z
244,4,14,75.25,standard,2026-07-19T18:19:01Z
244,4,15,75.25,standard,2026-07-19T18:19:01Z
244,4,16,75.25,standard,2026-07-19T18:19:01Z
244,5,9,75.25,standard,2026-07-19T18:19:01Z
244,5,10,75.25,standard,2026-07-19T18:19:01Z
244,5,11,75.25,standard,2026-07-19T18:19:01Z
244,5,12,75.25,standard,2026-07-19T18:19:01Z
244,5,13,75.25,standard,2026-07-19T18:19:01Z
244,5,14,75.25,standard,2026-07-19T18:19:01Z
244,7,4,75.25,standard,2026-07-19T18:19:01Z
244,7,5,75.25,standard,2026-07-19T18:19:01Z
244,7,6,75.25,standard,2026-07-19T18:19:01Z
244,7,7,75.25,standard,2026-07-19T18:19:01Z
244,7,8,75.25,standard,2026-07-19T18:19:01Z
244,7,9,75.25,standard,2026-07-19T18:19:01Z
244,7,10,75.25,standard,2026-07-19T18:19:01Z
244,7,11,75.25,standard,2026-07-19T18:19:01Z
244,7,12,75.25,standard,2026-07-19T18:19:01Z
244,8,4,75.25,standard,2026-07-19T18:19:01Z
244,8,5,75.25,standard,2026-07-19T18:19:01Z
244,8,6,75.25,standard,2026-07-19T18:19:01Z
244,8,7,75.25,standard,2026-07-19T18:19:01Z
244,8,8,75.25,standard,2026-07-19T18:19:01Z
244,8,9,75.25,standard,2026-07-19T18:19:01Z
244,8,10,75.25,standard,2026-07-19T18:19:01Z
244,8,11,75.25,standard,2026-07-19T18:19:01Z
244,8,12,75.25,standard,2026-07-19T18:19:01Z
244,8,3,75.25,standard,2026-07-19T18:19:01Z
244,9,5,75.25,standard,2026-07-19T18:19:01Z
244,9,6,75.25,standard,2026-07-19T18:19:01Z
244,9,7,75.25,standard,2026-07-19T18:19:01Z
244,9,8,75.25,standard,2026-07-19T18:19:01Z
244,9,9,75.25,standard,2026-07-19T18:19:01Z
244,9,10,75.25,standard,2026-07-19T18:19:01Z
244,9,11,75.25,standard,2026-07-19T18:19:01Z
244,9,12,75.25,standard,2026-07-19T18:19:01Z
244,9,13,75.25,standard,2026-07-19T18:19:01Z
244,9,14,75.25,standard,2026-07-19T18:19:01Z
245,10,3,75.25,standard,2026-07-19T18:19:01Z
245,10,4,75.25,standard,2026-07-19T18:19:01Z
245,10,5,75.25,standard,2026-07-19T18:19:01Z
245,10,6,75.25,standard,2026-07-19T18:19:01Z
245,10,7,75.25,standard,2026-07-19T18:19:01Z
245,10,8,75.25,standard,2026-07-19T18:19:01Z
245,11,10,75.25,standard,2026-07-19T18:19:01Z
245,11,11,75.25,standard,2026-07-19T18:19:01Z
245,11,12,75.25,standard,2026-07-19T18:19:01Z
245,11,13,75.25,standard,2026-07-19T18:19:01Z
245,11,14,75.25,standard,2026-07-19T18:19:01Z
245,11,3,75.25,standard,2026-07-19T18:19:01Z
245,11,4,75.25,standard,2026-07-19T18:19:01Z
245,11,5,75.25,standard,2026-07-19T18:19:01Z
245,11,6,75.25,standard,2026-07-19T18:19:01Z
245,11,7,75.25,standard,2026-07-19T18:19:01Z
245,11,8,75.25,standard,2026-07-19T18:19:01Z
245,11,9,75.25,standard,2026-07-19T18:19:01Z
245,12,10,75.25,standard,2026-07-19T18:19:01Z
245,12,5,75.25,standard,2026-07-19T18:19:01Z
245,12,6,75.25,standard,2026-07-19T18:19:01Z
245,12,7,75.25,standard,2026-07-19T18:19:01Z
245,12,8,75.25,standard,2026-07-19T18:19:01Z
245,12,9,75.25,standard,2026-07-19T18:19:01Z
245,13,11,75.25,standard,2026-07-19T18:19:01Z
245,2,4,75.25,standard,2026-07-19T18:19:01Z
245,2,5,75.25,standard,2026-07-19T18:19:01Z
245,2,6,75.25,standard,2026-07-19T18:19:01Z
245,2,7,75.25,standard,2026-07-19T18:19:01Z
245,2,8,75.25,standard,2026-07-19T18:19:01Z
245,2,9,75.25,standard,2026-07-19T18:19:01Z
245,2,10,75.25,standard,2026-07-19T18:19:01Z
245,2,11,75.25,standard,2026-07-19T18:19:01Z
245,2,12,75.25,standard,2026-07-19T18:19:01Z
245,2,13,75.25,standard,2026-07-19T18:19:01Z
245,2,14,75.25,standard,2026-07-19T18:19:01Z
245,2,15,75.25,standard,2026-07-19T18:19:01Z
245,2,16,75.25,standard,2026-07-19T18:19:01Z
245,2,3,75.25,standard,2026-07-19T18:19:01Z
245,3,4,75.25,standard,2026-07-19T18:19:01Z
245,3,5,75.25,standard,2026-07-19T18:19:01Z
245,3,6,75.25,standard,2026-07-19T18:19:01Z
245,3,7,75.25,standard,2026-07-19T18:19:01Z
245,3,8,75.25,standard,2026-07-19T18:19:01Z
245,3,9,75.25,standard,2026-07-19T18:19:01Z
245,3,1,75.25,standard,2026-07-19T18:19:01Z
245,3,10,75.25,standard,2026-07-19T18:19:01Z
245,3,11,75.25,standard,2026-07-19T18:19:01Z
245,3,12,75.25,standard,2026-07-19T18:19:01Z
245,3,13,75.25,standard,2026-07-19T18:19:01Z
245,3,14,75.25,standard,2026-07-19T18:19:01Z
245,3,15,75.25,standard,2026-07-19T18:19:01Z
245,3,16,75.25,standard,2026-07-19T18:19:01Z
245,3,2,75.25,standard,2026-07-19T18:19:01Z
245,3,3,75.25,standard,2026-07-19T18:19:01Z
245,4,4,75.25,standard,2026-07-19T18:19:01Z
245,4,5,75.25,standard,2026-07-19T18:19:01Z
245,4,6,75.25,standard,2026-07-19T18:19:01Z
245,4,7,75.25,standard,2026-07-19T18:19:01Z
245,4,8,75.25,standard,2026-07-19T18:19:01Z
245,4,9,75.25,standard,2026-07-19T18:19:01Z
245,4,10,75.25,standard,2026-07-19T18:19:01Z
245,4,11,75.25,standard,2026-07-19T18:19:01Z
245,5,4,75.25,standard,2026-07-19T18:19:01Z
245,5,5,75.25,standard,2026-07-19T18:19:01Z
245,5,6,75.25,standard,2026-07-19T18:19:01Z
245,5,7,75.25,standard,2026-07-19T18:19:01Z
245,5,8,75.25,standard,2026-07-19T18:19:01Z
245,5,9,75.25,standard,2026-07-19T18:19:01Z
245,5,10,75.25,standard,2026-07-19T18:19:01Z
245,5,11,75.25,standard,2026-07-19T18:19:01Z
245,5,12,75.25,standard,2026-07-19T18:19:01Z
245,5,13,75.25,standard,2026-07-19T18:19:01Z
245,5,14,75.25,standard,2026-07-19T18:19:01Z
245,5,15,75.25,standard,2026-07-19T18:19:01Z
245,5,16,75.25,standard,2026-07-19T18:19:01Z
245,6,7,75.25,standard,2026-07-19T18:19:01Z
245,6,8,75.25,standard,2026-07-19T18:19:01Z
245,6,9,75.25,standard,2026-07-19T18:19:01Z
245,6,1,75.25,standard,2026-07-19T18:19:01Z
245,6,10,75.25,standard,2026-07-19T18:19:01Z
245,6,11,75.25,standard,2026-07-19T18:19:01Z
245,6,12,75.25,standard,2026-07-19T18:19:01Z
245,6,13,75.25,standard,2026-07-19T18:19:01Z
245,6,14,75.25,standard,2026-07-19T18:19:01Z
245,6,15,75.25,standard,2026-07-19T18:19:01Z
245,6,16,75.25,standard,2026-07-19T18:19:01Z
245,6,2,75.25,standard,2026-07-19T18:19:01Z
245,7,4,75.25,standard,2026-07-19T18:19:01Z
245,7,5,75.25,standard,2026-07-19T18:19:01Z
245,7,6,75.25,standard,2026-07-19T18:19:01Z
245,7,7,75.25,standard,2026-07-19T18:19:01Z
245,7,8,75.25,standard,2026-07-19T18:19:01Z
245,7,9,75.25,standard,2026-07-19T18:19:01Z
245,7,10,75.25,standard,2026-07-19T18:19:01Z
245,7,11,75.25,standard,2026-07-19T18:19:01Z
245,7,12,75.25,standard,2026-07-19T18:19:01Z
245,7,13,75.25,standard,2026-07-19T18:19:01Z
245,7,14,75.25,standard,2026-07-19T18:19:01Z
245,7,15,75.25,standard,2026-07-19T18:19:01Z
245,7,16,75.25,standard,2026-07-19T18:19:01Z
245,7,2,75.25,standard,2026-07-19T18:19:01Z
245,7,3,75.25,standard,2026-07-19T18:19:01Z
245,8,7,75.25,standard,2026-07-19T18:19:01Z
245,8,8,75.25,standard,2026-07-19T18:19:01Z
245,8,9,75.25,standard,2026-07-19T18:19:01Z
245,8,10,75.25,standard,2026-07-19T18:19:01Z
245,8,11,75.25,standard,2026-07-19T18:19:01Z
245,8,12,75.25,standard,2026-07-19T18:19:01Z
245,9,4,75.25,standard,2026-07-19T18:19:01Z
245,9,5,75.25,standard,2026-07-19T18:19:01Z
245,9,6,75.25,standard,2026-07-19T18:19:01Z
245,9,7,75.25,standard,2026-07-19T18:19:01Z
245,9,8,75.25,standard,2026-07-19T18:19:01Z
245,9,9,75.25,standard,2026-07-19T18:19:01Z
245,9,10,75.25,standard,2026-07-19T18:19:01Z
245,9,11,75.25,standard,2026-07-19T18:19:01Z
245,9,12,75.25,standard,2026-07-19T18:19:01Z
246,10,10,75.25,standard,2026-07-19T18:19:01Z
246,10,11,75.25,standard,2026-07-19T18:19:01Z
246,10,12,75.25,standard,2026-07-19T18:19:01Z
246,10,13,75.25,standard,2026-07-19T18:19:01Z
246,10,14,75.25,standard,2026-07-19T18:19:01Z
246,10,15,75.25,standard,2026-07-19T18:19:01Z
246,10,16,75.25,standard,2026-07-19T18:19:01Z
246,10,3,75.25,standard,2026-07-19T18:19:01Z
246,10,4,75.25,standard,2026-07-19T18:19:01Z
246,10,5,75.25,standard,2026-07-19T18:19:01Z
246,10,6,75.25,standard,2026-07-19T18:19:01Z
246,10,7,75.25,standard,2026-07-19T18:19:01Z
246,10,8,75.25,standard,2026-07-19T18:19:01Z
246,10,9,75.25,standard,2026-07-19T18:19:01Z
246,11,10,75.25,standard,2026-07-19T18:19:01Z
246,11,11,75.25,standard,2026-07-19T18:19:01Z
246,11,12,75.25,standard,2026-07-19T18:19:01Z
246,11,13,75.25,standard,2026-07-19T18:19:01Z
246,11,14,75.25,standard,2026-07-19T18:19:01Z
246,11,15,75.25,standard,2026-07-19T18:19:01Z
246,11,16,75.25,standard,2026-07-19T18:19:01Z
246,11,3,75.25,standard,2026-07-19T18:19:01Z
246,11,4,75.25,standard,2026-07-19T18:19:01Z
246,11,5,75.25,standard,2026-07-19T18:19:01Z
246,11,6,75.25,standard,2026-07-19T18:19:01Z
246,11,7,75.25,standard,2026-07-19T18:19:01Z
246,11,8,75.25,standard,2026-07-19T18:19:01Z
246,11,9,75.25,standard,2026-07-19T18:19:01Z
246,12,10,75.25,standard,2026-07-19T18:19:01Z
246,12,11,75.25,standard,2026-07-19T18:19:01Z
246,12,12,75.25,standard,2026-07-19T18:19:01Z
246,12,13,75.25,standard,2026-07-19T18:19:01Z
246,12,15,75.25,standard,2026-07-19T18:19:01Z
246,12,16,75.25,standard,2026-07-19T18:19:01Z
246,12,3,75.25,standard,2026-07-19T18:19:01Z
246,12,4,75.25,standard,2026-07-19T18:19:01Z
246,12,5,75.25,standard,2026-07-19T18:19:01Z
246,12,6,75.25,standard,2026-07-19T18:19:01Z
246,12,7,75.25,standard,2026-07-19T18:19:01Z
246,12,8,75.25,standard,2026-07-19T18:19:01Z
246,12,9,75.25,standard,2026-07-19T18:19:01Z
246,13,10,75.25,standard,2026-07-19T18:19:01Z
246,13,11,75.25,standard,2026-07-19T18:19:01Z
246,13,12,75.25,standard,2026-07-19T18:19:01Z
246,13,13,75.25,standard,2026-07-19T18:19:01Z
246,13,14,75.25,standard,2026-07-19T18:19:01Z
246,13,6,75.25,standard,2026-07-19T18:19:01Z
246,13,7,75.25,standard,2026-07-19T18:19:01Z
246,13,8,75.25,standard,2026-07-19T18:19:01Z
246,13,9,75.25,standard,2026-07-19T18:19:01Z
246,1,4,75.25,standard,2026-07-19T18:19:01Z
246,1,5,75.25,standard,2026-07-19T18:19:01Z
246,1,6,75.25,standard,2026-07-19T18:19:01Z
246,2,8,75.25,standard,2026-07-19T18:19:01Z
246,2,9,75.25,standard,2026-07-19T18:19:01Z
246,2,10,75.25,standard,2026-07-19T18:19:01Z
246,2,11,75.25,standard,2026-07-19T18:19:01Z
246,2,12,75.25,standard,2026-07-19T18:19:01Z
246,2,13,75.25,standard,2026-07-19T18:19:01Z
246,2,14,75.25,standard,2026-07-19T18:19:01Z
246,2,15,75.25,standard,2026-07-19T18:19:01Z
246,2,16,75.25,standard,2026-07-19T18:19:01Z
246,3,4,75.25,standard,2026-07-19T18:19:01Z
246,3,5,75.25,standard,2026-07-19T18:19:01Z
246,3,6,75.25,standard,2026-07-19T18:19:01Z
246,3,7,75.25,standard,2026-07-19T18:19:01Z
246,3,8,75.25,standard,2026-07-19T18:19:01Z
246,3,9,75.25,standard,2026-07-19T18:19:01Z
246,3,1,75.25,standard,2026-07-19T18:19:01Z
246,3,10,75.25,standard,2026-07-19T18:19:01Z
246,3,11,75.25,standard,2026-07-19T18:19:01Z
246,3,12,75.25,standard,2026-07-19T18:19:01Z
246,3,13,75.25,standard,2026-07-19T18:19:01Z
246,3,14,75.25,standard,2026-07-19T18:19:01Z
246,3,15,75.25,standard,2026-07-19T18:19:01Z
246,3,16,75.25,standard,2026-07-19T18:19:01Z
246,3,2,75.25,standard,2026-07-19T18:19:01Z
246,3,3,75.25,standard,2026-07-19T18:19:01Z
246,4,4,75.25,standard,2026-07-19T18:19:01Z
246,4,5,75.25,standard,2026-07-19T18:19:01Z
246,4,6,75.25,standard,2026-07-19T18:19:01Z
246,4,7,75.25,standard,2026-07-19T18:19:01Z
246,4,8,75.25,standard,2026-07-19T18:19:01Z
246,4,9,75.25,standard,2026-07-19T18:19:01Z
246,4,1,75.25,standard,2026-07-19T18:19:01Z
246,4,10,75.25,standard,2026-07-19T18:19:01Z
246,4,11,75.25,standard,2026-07-19T18:19:01Z
246,4,12,75.25,standard,2026-07-19T18:19:01Z
246,4,13,75.25,standard,2026-07-19T18:19:01Z
246,4,14,75.25,standard,2026-07-19T18:19:01Z
246,4,15,75.25,standard,2026-07-19T18:19:01Z
246,4,16,75.25,standard,2026-07-19T18:19:01Z
246,4,2,75.25,standard,2026-07-19T18:19:01Z
246,4,3,75.25,standard,2026-07-19T18:19:01Z
246,5,4,75.25,standard,2026-07-19T18:19:01Z
246,5,5,75.25,standard,2026-07-19T18:19:01Z
246,5,6,75.25,standard,2026-07-19T18:19:01Z
246,5,7,75.25,standard,2026-07-19T18:19:01Z
246,5,8,75.25,standard,2026-07-19T18:19:01Z
246,5,9,75.25,standard,2026-07-19T18:19:01Z
246,5,1,75.25,standard,2026-07-19T18:19:01Z
246,5,10,75.25,standard,2026-07-19T18:19:01Z
246,5,11,75.25,standard,2026-07-19T18:19:01Z
246,5,12,75.25,standard,2026-07-19T18:19:01Z
246,5,13,75.25,standard,2026-07-19T18:19:01Z
246,5,14,75.25,standard,2026-07-19T18:19:01Z
246,5,15,75.25,standard,2026-07-19T18:19:01Z
246,5,16,75.25,standard,2026-07-19T18:19:01Z
246,5,2,75.25,standard,2026-07-19T18:19:01Z
246,5,3,75.25,standard,2026-07-19T18:19:01Z
246,6,4,75.25,standard,2026-07-19T18:19:01Z
246,6,5,75.25,standard,2026-07-19T18:19:01Z
246,6,6,75.25,standard,2026-07-19T18:19:01Z
246,6,7,75.25,standard,2026-07-19T18:19:01Z
246,6,8,75.25,standard,2026-07-19T18:19:01Z
246,6,9,75.25,standard,2026-07-19T18:19:01Z
246,6,1,75.25,standard,2026-07-19T18:19:01Z
246,6,10,75.25,standard,2026-07-19T18:19:01Z
246,6,11,75.25,standard,2026-07-19T18:19:01Z
246,6,12,75.25,standard,2026-07-19T18:19:01Z
246,6,13,75.25,standard,2026-07-19T18:19:01Z
246,6,14,75.25,standard,2026-07-19T18:19:01Z
246,6,15,75.25,standard,2026-07-19T18:19:01Z
246,6,16,75.25,standard,2026-07-19T18:19:01Z
246,6,2,75.25,standard,2026-07-19T18:19:01Z
246,6,3,75.25,standard,2026-07-19T18:19:01Z
246,7,4,75.25,standard,2026-07-19T18:19:01Z
246,7,5,75.25,standard,2026-07-19T18:19:01Z
246,7,6,75.25,standard,2026-07-19T18:19:01Z
246,7,7,75.25,standard,2026-07-19T18:19:01Z
246,7,8,75.25,standard,2026-07-19T18:19:01Z
246,7,9,75.25,standard,2026-07-19T18:19:01Z
246,7,1,75.25,standard,2026-07-19T18:19:01Z
246,7,10,75.25,standard,2026-07-19T18:19:01Z
246,7,11,75.25,standard,2026-07-19T18:19:01Z
246,7,12,75.25,standard,2026-07-19T18:19:01Z
246,7,13,75.25,standard,2026-07-19T18:19:01Z
246,7,14,75.25,standard,2026-07-19T18:19:01Z
246,7,15,75.25,standard,2026-07-19T18:19:01Z
246,7,16,75.25,standard,2026-07-19T18:19:01Z
246,7,2,75.25,standard,2026-07-19T18:19:01Z
246,7,3,75.25,standard,2026-07-19T18:19:01Z
246,8,4,75.25,standard,2026-07-19T18:19:01Z
246,8,5,75.25,standard,2026-07-19T18:19:01Z
246,8,6,75.25,standard,2026-07-19T18:19:01Z
246,8,7,75.25,standard,2026-07-19T18:19:01Z
246,8,8,75.25,standard,2026-07-19T18:19:01Z
246,8,9,75.25,standard,2026-07-19T18:19:01Z
246,8,1,75.25,standard,2026-07-19T18:19:01Z
246,8,10,75.25,standard,2026-07-19T18:19:01Z
246,8,11,75.25,standard,2026-07-19T18:19:01Z
246,8,12,75.25,standard,2026-07-19T18:19:01Z
246,8,13,75.25,standard,2026-07-19T18:19:01Z
246,8,14,75.25,standard,2026-07-19T18:19:01Z
246,8,15,75.25,standard,2026-07-19T18:19:01Z
246,8,16,75.25,standard,2026-07-19T18:19:01Z
246,8,2,75.25,standard,2026-07-19T18:19:01Z
246,8,3,75.25,standard,2026-07-19T18:19:01Z
246,9,4,75.25,standard,2026-07-19T18:19:01Z
246,9,5,75.25,standard,2026-07-19T18:19:01Z
246,9,6,75.25,standard,2026-07-19T18:19:01Z
246,9,7,75.25,standard,2026-07-19T18:19:01Z
246,9,8,75.25,standard,2026-07-19T18:19:01Z
246,9,9,75.25,standard,2026-07-19T18:19:01Z
246,9,10,75.25,standard,2026-07-19T18:19:01Z
246,9,11,75.25,standard,2026-07-19T18:19:01Z
246,9,12,75.25,standard,2026-07-19T18:19:01Z
246,9,13,75.25,standard,2026-07-19T18:19:01Z
246,9,14,75.25,standard,2026-07-19T18:19:01Z
246,9,15,75.25,standard,2026-07-19T18:19:01Z
246,9,16,75.25,standard,2026-07-19T18:19:01Z
246,9,3,75.25,standard,2026-07-19T18:19:01Z
247,1,4,75.25,standard,2026-07-19T18:19:01Z
247,1,5,75.25,standard,2026-07-19T18:19:01Z
247,1,6,75.25,standard,2026-07-19T18:19:01Z
247,1,7,75.25,standard,2026-07-19T18:19:01Z
247,1,8,75.25,standard,2026-07-19T18:19:01Z
247,1,9,75.25,standard,2026-07-19T18:19:01Z
247,1,1,75.25,standard,2026-07-19T18:19:01Z
247,1,10,75.25,standard,2026-07-19T18:19:01Z
247,1,11,75.25,standard,2026-07-19T18:19:01Z
247,1,12,75.25,standard,2026-07-19T18:19:01Z
247,1,13,75.25,standard,2026-07-19T18:19:01Z
247,1,14,75.25,standard,2026-07-19T18:19:01Z
247,1,15,75.25,standard,2026-07-19T18:19:01Z
247,1,16,75.25,standard,2026-07-19T18:19:01Z
247,1,17,75.25,standard,2026-07-19T18:19:01Z
247,1,2,75.25,standard,2026-07-19T18:19:01Z
247,1,3,75.25,standard,2026-07-19T18:19:01Z
311W,W,2,24.25,standard,2026-07-19T18:19:01Z
311W,W,6,24.25,standard,2026-07-19T18:19:01Z
313W,W,1,24.25,standard,2026-07-19T18:19:01Z
313W,W,2,24.25,standard,2026-07-19T18:19:01Z
313W,W,5,24.25,standard,2026-07-19T18:19:01Z
313W,W,6,24.25,standard,2026-07-19T18:19:01Z
315W,W,10,24.25,standard,2026-07-19T18:19:01Z
315W,W,11,24.25,standard,2026-07-19T18:19:01Z
315W,W,12,24.25,standard,2026-07-19T18:19:01Z
315W,W,13,24.25,standard,2026-07-19T18:19:01Z
315W,W,14,24.25,standard,2026-07-19T18:19:01Z
315W,W,15,24.25,standard,2026-07-19T18:19:01Z
315W,W,16,24.25,standard,2026-07-19T18:19:01Z
315W,W,17,24.25,standard,2026-07-19T18:19:01Z
315W,W,18,24.25,standard,2026-07-19T18:19:01Z
315W,W,2,24.25,standard,2026-07-19T18:19:01Z
315W,W,3,24.25,standard,2026-07-19T18:19:01Z
315W,W,4,24.25,standard,2026-07-19T18:19:01Z
315W,W,5,24.25,standard,2026-07-19T18:19:01Z
315W,W,6,24.25,standard,2026-07-19T18:19:01Z
315W,W,7,24.25,standard,2026-07-19T18:19:01Z
315W,W,8,24.25,standard,2026-07-19T18:19:01Z
315W,W,9,24.25,standard,2026-07-19T18:19:01Z
316W,W,10,24.25,standard,2026-07-19T18:19:01Z
316W,W,11,24.25,standard,2026-07-19T18:19:01Z
316W,W,12,24.25,standard,2026-07-19T18:19:01Z
316W,W,13,24.25,standard,2026-07-19T18:19:01Z
316W,W,14,24.25,standard,2026-07-19T18:19:01Z
316W,W,15,24.25,standard,2026-07-19T18:19:01Z
316W,W,16,24.25,standard,2026-07-19T18:19:01Z
316W,W,17,24.25,standard,2026-07-19T18:19:01Z
316W,W,2,24.25,standard,2026-07-19T18:19:01Z
316W,W,3,24.25,standard,2026-07-19T18:19:01Z
316W,W,4,24.25,standard,2026-07-19T18:19:01Z
316W,W,5,24.25,standard,2026-07-19T18:19:01Z
316W,W,6,24.25,standard,2026-07-19T18:19:01Z
316W,W,7,24.25,standard,2026-07-19T18:19:01Z
316W,W,8,24.25,standard,2026-07-19T18:19:01Z
316W,W,9,24.25,standard,2026-07-19T18:19:01Z
318W,W,11,24.25,standard,2026-07-19T18:19:01Z
318W,W,12,24.25,standard,2026-07-19T18:19:01Z
318W,W,13,24.25,standard,2026-07-19T18:19:01Z
318W,W,14,24.25,standard,2026-07-19T18:19:01Z
321W,W,10,24.25,standard,2026-07-19T18:19:01Z
321W,W,11,24.25,standard,2026-07-19T18:19:01Z
321W,W,12,24.25,standard,2026-07-19T18:19:01Z
321W,W,3,24.25,standard,2026-07-19T18:19:01Z
321W,W,4,24.25,standard,2026-07-19T18:19:01Z
321W,W,5,24.25,standard,2026-07-19T18:19:01Z
321W,W,6,24.25,standard,2026-07-19T18:19:01Z
321W,W,7,24.25,standard,2026-07-19T18:19:01Z
321W,W,8,24.25,standard,2026-07-19T18:19:01Z
321W,W,9,24.25,standard,2026-07-19T18:19:01Z
323W,W,10,24.25,standard,2026-07-19T18:19:01Z
323W,W,15,24.25,standard,2026-07-19T18:19:01Z
323W,W,16,24.25,standard,2026-07-19T18:19:01Z
323W,W,3,24.25,standard,2026-07-19T18:19:01Z
323W,W,4,24.25,standard,2026-07-19T18:19:01Z
323W,W,5,24.25,standard,2026-07-19T18:19:01Z
323W,W,6,24.25,standard,2026-07-19T18:19:01Z
323W,W,7,24.25,standard,2026-07-19T18:19:01Z
323W,W,8,24.25,standard,2026-07-19T18:19:01Z
323W,W,9,24.25,standard,2026-07-19T18:19:01Z
326W,W,10,24.25,standard,2026-07-19T18:19:01Z
326W,W,11,24.25,standard,2026-07-19T18:19:01Z
326W,W,9,24.25,standard,2026-07-19T18:19:01Z
327W,W,7,24.25,standard,2026-07-19T18:19:01Z
327W,W,8,24.25,standard,2026-07-19T18:19:01Z
327W,W,9,24.25,standard,2026-07-19T18:19:01Z
328W,W,4,24.25,standard,2026-07-19T18:19:01Z
328W,W,5,24.25,standard,2026-07-19T18:19:01Z
328W,W,6,24.25,standard,2026-07-19T18:19:01Z
328W,W,7,24.25,standard,2026-07-19T18:19:01Z
328W,W,8,24.25,standard,2026-07-19T18:19:01Z
330W,W,1,24.25,standard,2026-07-19T18:19:01Z
330W,W,2,24.25,standard,2026-07-19T18:19:01Z
330W,W,5,24.25,standard,2026-07-19T18:19:01Z
334W,W,4,24.25,standard,2026-07-19T18:19:01Z
334W,W,5,24.25,standard,2026-07-19T18:19:01Z
342W,W,10,24.25,standard,2026-07-19T18:19:01Z
342W,W,11,24.25,standard,2026-07-19T18:19:01Z
342W,W,12,24.25,standard,2026-07-19T18:19:01Z
342W,W,13,24.25,standard,2026-07-19T18:19:01Z
342W,W,14,24.25,standard,2026-07-19T18:19:01Z
342W,W,3,24.25,standard,2026-07-19T18:19:01Z
342W,W,4,24.25,standard,2026-07-19T18:19:01Z
342W,W,5,24.25,standard,2026-07-19T18:19:01Z
342W,W,6,24.25,standard,2026-07-19T18:19:01Z
342W,W,7,24.25,standard,2026-07-19T18:19:01Z
342W,W,8,24.25,standard,2026-07-19T18:19:01Z
342W,W,9,24.25,standard,2026-07-19T18:19:01Z
344W,W,10,24.25,standard,2026-07-19T18:19:01Z
344W,W,11,24.25,standard,2026-07-19T18:19:01Z
344W,W,12,24.25,standard,2026-07-19T18:19:01Z
344W,W,13,24.25,standard,2026-07-19T18:19:01Z
344W,W,14,24.25,standard,2026-07-19T18:19:01Z
344W,W,15,24.25,standard,2026-07-19T18:19:01Z
344W,W,16,24.25,standard,2026-07-19T18:19:01Z
344W,W,17,24.25,standard,2026-07-19T18:19:01Z
344W,W,9,24.25,standard,2026-07-19T18:19:01Z
346W,W,10,24.25,standard,2026-07-19T18:19:01Z
346W,W,11,24.25,standard,2026-07-19T18:19:01Z
346W,W,12,24.25,standard,2026-07-19T18:19:01Z
346W,W,13,24.25,standard,2026-07-19T18:19:01Z
346W,W,14,24.25,standard,2026-07-19T18:19:01Z
346W,W,15,24.25,standard,2026-07-19T18:19:01Z
346W,W,16,24.25,standard,2026-07-19T18:19:01Z
346W,W,2,24.25,standard,2026-07-19T18:19:01Z
346W,W,3,24.25,standard,2026-07-19T18:19:01Z
346W,W,4,24.25,standard,2026-07-19T18:19:01Z
346W,W,5,24.25,standard,2026-07-19T18:19:01Z
346W,W,6,24.25,standard,2026-07-19T18:19:01Z
346W,W,7,24.25,standard,2026-07-19T18:19:01Z
346W,W,8,24.25,standard,2026-07-19T18:19:01Z
346W,W,9,24.25,standard,2026-07-19T18:19:01Z
401,16,13,14.25,standard,2026-07-19T18:19:01Z
401,16,14,14.25,standard,2026-07-19T18:19:01Z
401,16,15,14.25,standard,2026-07-19T18:19:01Z
401,18,10,14.25,standard,2026-07-19T18:19:01Z
401,18,11,14.25,standard,2026-07-19T18:19:01Z
401,18,12,14.25,standard,2026-07-19T18:19:01Z
401,18,2,14.25,standard,2026-07-19T18:19:01Z
401,18,3,14.25,standard,2026-07-19T18:19:01Z
401,18,4,14.25,standard,2026-07-19T18:19:01Z
401,18,5,14.25,standard,2026-07-19T18:19:01Z
401,18,6,14.25,standard,2026-07-19T18:19:01Z
401,18,7,14.25,standard,2026-07-19T18:19:01Z
401,18,8,14.25,standard,2026-07-19T18:19:01Z
401,18,9,14.25,standard,2026-07-19T18:19:01Z
401,19,10,14.25,standard,2026-07-19T18:19:01Z
401,19,11,14.25,standard,2026-07-19T18:19:01Z
401,19,12,14.25,standard,2026-07-19T18:19:01Z
401,19,13,14.25,standard,2026-07-19T18:19:01Z
401,19,14,14.25,standard,2026-07-19T18:19:01Z
401,19,15,14.25,standard,2026-07-19T18:19:01Z
401,19,2,14.25,standard,2026-07-19T18:19:01Z
401,19,3,14.25,standard,2026-07-19T18:19:01Z
401,19,4,14.25,standard,2026-07-19T18:19:01Z
401,19,5,14.25,standard,2026-07-19T18:19:01Z
401,19,6,14.25,standard,2026-07-19T18:19:01Z
401,19,7,14.25,standard,2026-07-19T18:19:01Z
401,19,8,14.25,standard,2026-07-19T18:19:01Z
401,19,9,14.25,standard,2026-07-19T18:19:01Z
401,20,10,14.25,standard,2026-07-19T18:19:01Z
401,20,11,14.25,standard,2026-07-19T18:19:01Z
401,20,12,14.25,standard,2026-07-19T18:19:01Z
401,20,13,14.25,standard,2026-07-19T18:19:01Z
401,20,2,14.25,standard,2026-07-19T18:19:01Z
401,20,3,14.25,standard,2026-07-19T18:19:01Z
401,20,4,14.25,standard,2026-07-19T18:19:01Z
401,20,5,14.25,standard,2026-07-19T18:19:01Z
401,20,6,14.25,standard,2026-07-19T18:19:01Z
401,20,7,14.25,standard,2026-07-19T18:19:01Z
401,20,8,14.25,standard,2026-07-19T18:19:01Z
401,20,9,14.25,standard,2026-07-19T18:19:01Z
401,21,10,14.25,standard,2026-07-19T18:19:01Z
401,21,11,14.25,standard,2026-07-19T18:19:01Z
401,21,12,14.25,standard,2026-07-19T18:19:01Z
401,21,13,14.25,standard,2026-07-19T18:19:01Z
401,21,14,14.25,standard,2026-07-19T18:19:01Z
401,21,15,14.25,standard,2026-07-19T18:19:01Z
401,21,3,14.25,standard,2026-07-19T18:19:01Z
401,21,4,14.25,standard,2026-07-19T18:19:01Z
401,21,5,14.25,standard,2026-07-19T18:19:01Z
401,21,6,14.25,standard,2026-07-19T18:19:01Z
401,21,7,14.25,standard,2026-07-19T18:19:01Z
401,21,8,14.25,standard,2026-07-19T18:19:01Z
401,21,9,14.25,standard,2026-07-19T18:19:01Z
401,22,10,14.25,standard,2026-07-19T18:19:01Z
401,22,11,14.25,standard,2026-07-19T18:19:01Z
401,22,12,14.25,standard,2026-07-19T18:19:01Z
401,22,13,14.25,standard,2026-07-19T18:19:01Z
401,22,14,14.25,standard,2026-07-19T18:19:01Z
401,22,15,14.25,standard,2026-07-19T18:19:01Z
401,22,2,14.25,standard,2026-07-19T18:19:01Z
401,22,3,14.25,standard,2026-07-19T18:19:01Z
401,22,4,14.25,standard,2026-07-19T18:19:01Z
401,22,5,14.25,standard,2026-07-19T18:19:01Z
401,22,6,14.25,standard,2026-07-19T18:19:01Z
401,22,7,14.25,standard,2026-07-19T18:19:01Z
401,22,8,14.25,standard,2026-07-19T18:19:01Z
401,22,9,14.25,standard,2026-07-19T18:19:01Z
401,23,10,14.25,standard,2026-07-19T18:19:01Z
401,23,11,14.25,standard,2026-07-19T18:19:01Z
401,23,12,14.25,standard,2026-07-19T18:19:01Z
401,23,13,14.25,standard,2026-07-19T18:19:01Z
401,23,14,14.25,standard,2026-07-19T18:19:01Z
401,23,15,14.25,standard,2026-07-19T18:19:01Z
401,23,16,14.25,standard,2026-07-19T18:19:01Z
401,23,17,14.25,standard,2026-07-19T18:19:01Z
401,23,18,14.25,standard,2026-07-19T18:19:01Z
401,23,19,14.25,standard,2026-07-19T18:19:01Z
401,23,20,14.25,standard,2026-07-19T18:19:01Z
401,23,21,14.25,standard,2026-07-19T18:19:01Z
401,23,22,14.25,standard,2026-07-19T18:19:01Z
401,23,5,14.25,standard,2026-07-19T18:19:01Z
401,23,6,14.25,standard,2026-07-19T18:19:01Z
401,23,7,14.25,standard,2026-07-19T18:19:01Z
401,23,8,14.25,standard,2026-07-19T18:19:01Z
401,23,9,14.25,standard,2026-07-19T18:19:01Z
402,17,16,14.25,standard,2026-07-19T18:19:01Z
402,17,17,14.25,standard,2026-07-19T18:19:01Z
402,17,18,14.25,standard,2026-07-19T18:19:01Z
402,17,19,14.25,standard,2026-07-19T18:19:01Z
402,17,20,14.25,standard,2026-07-19T18:19:01Z
402,17,21,14.25,standard,2026-07-19T18:19:01Z
402,17,22,14.25,standard,2026-07-19T18:19:01Z
402,17,23,14.25,standard,2026-07-19T18:19:01Z
402,17,24,14.25,standard,2026-07-19T18:19:01Z
402,17,25,14.25,standard,2026-07-19T18:19:01Z
402,17,26,14.25,standard,2026-07-19T18:19:01Z
402,17,35,14.25,standard,2026-07-19T18:19:01Z
402,17,36,14.25,standard,2026-07-19T18:19:01Z
402,17,37,14.25,standard,2026-07-19T18:19:01Z
402,17,38,14.25,standard,2026-07-19T18:19:01Z
402,17,39,14.25,standard,2026-07-19T18:19:01Z
402,17,40,14.25,standard,2026-07-19T18:19:01Z
402,17,41,14.25,standard,2026-07-19T18:19:01Z
402,17,42,14.25,standard,2026-07-19T18:19:01Z
402,17,43,14.25,standard,2026-07-19T18:19:01Z
402,14,19,14.25,standard,2026-07-19T18:19:01Z
402,14,20,14.25,standard,2026-07-19T18:19:01Z
402,14,25,14.25,standard,2026-07-19T18:19:01Z
402,14,26,14.25,standard,2026-07-19T18:19:01Z
402,14,27,14.25,standard,2026-07-19T18:19:01Z
402,14,28,14.25,standard,2026-07-19T18:19:01Z
402,14,29,14.25,standard,2026-07-19T18:19:01Z
402,14,30,14.25,standard,2026-07-19T18:19:01Z
402,14,31,14.25,standard,2026-07-19T18:19:01Z
402,14,32,14.25,standard,2026-07-19T18:19:01Z
402,14,33,14.25,standard,2026-07-19T18:19:01Z
402,14,34,14.25,standard,2026-07-19T18:19:01Z
402,14,35,14.25,standard,2026-07-19T18:19:01Z
402,14,36,14.25,standard,2026-07-19T18:19:01Z
402,14,37,14.25,standard,2026-07-19T18:19:01Z
402,14,40,14.25,standard,2026-07-19T18:19:01Z
402,14,41,14.25,standard,2026-07-19T18:19:01Z
402,14,42,14.25,standard,2026-07-19T18:19:01Z
402,15,10,14.25,standard,2026-07-19T18:19:01Z
402,15,11,14.25,standard,2026-07-19T18:19:01Z
402,15,12,14.25,standard,2026-07-19T18:19:01Z
402,15,13,14.25,standard,2026-07-19T18:19:01Z
402,15,14,14.25,standard,2026-07-19T18:19:01Z
402,15,15,14.25,standard,2026-07-19T18:19:01Z
402,15,16,14.25,standard,2026-07-19T18:19:01Z
402,15,17,14.25,standard,2026-07-19T18:19:01Z
402,15,18,14.25,standard,2026-07-19T18:19:01Z
402,15,19,14.25,standard,2026-07-19T18:19:01Z
402,15,20,14.25,standard,2026-07-19T18:19:01Z
402,15,21,14.25,standard,2026-07-19T18:19:01Z
402,15,22,14.25,standard,2026-07-19T18:19:01Z
402,15,23,14.25,standard,2026-07-19T18:19:01Z
402,15,24,14.25,standard,2026-07-19T18:19:01Z
402,15,25,14.25,standard,2026-07-19T18:19:01Z
402,15,26,14.25,standard,2026-07-19T18:19:01Z
402,15,27,14.25,standard,2026-07-19T18:19:01Z
402,15,28,14.25,standard,2026-07-19T18:19:01Z
402,15,29,14.25,standard,2026-07-19T18:19:01Z
402,15,30,14.25,standard,2026-07-19T18:19:01Z
402,15,31,14.25,standard,2026-07-19T18:19:01Z
402,15,32,14.25,standard,2026-07-19T18:19:01Z
402,15,33,14.25,standard,2026-07-19T18:19:01Z
402,15,34,14.25,standard,2026-07-19T18:19:01Z
402,15,35,14.25,standard,2026-07-19T18:19:01Z
402,15,36,14.25,standard,2026-07-19T18:19:01Z
402,15,37,14.25,standard,2026-07-19T18:19:01Z
402,15,38,14.25,standard,2026-07-19T18:19:01Z
402,15,39,14.25,standard,2026-07-19T18:19:01Z
402,15,40,14.25,standard,2026-07-19T18:19:01Z
402,15,41,14.25,standard,2026-07-19T18:19:01Z
402,15,42,14.25,standard,2026-07-19T18:19:01Z
402,15,43,14.25,standard,2026-07-19T18:19:01Z
402,15,5,14.25,standard,2026-07-19T18:19:01Z
402,15,6,14.25,standard,2026-07-19T18:19:01Z
402,15,7,14.25,standard,2026-07-19T18:19:01Z
402,15,8,14.25,standard,2026-07-19T18:19:01Z
402,15,9,14.25,standard,2026-07-19T18:19:01Z
402,16,10,14.25,standard,2026-07-19T18:19:01Z
402,16,11,14.25,standard,2026-07-19T18:19:01Z
402,16,12,14.25,standard,2026-07-19T18:19:01Z
402,16,13,14.25,standard,2026-07-19T18:19:01Z
402,16,14,14.25,standard,2026-07-19T18:19:01Z
402,16,15,14.25,standard,2026-07-19T18:19:01Z
402,16,16,14.25,standard,2026-07-19T18:19:01Z
402,16,17,14.25,standard,2026-07-19T18:19:01Z
402,16,18,14.25,standard,2026-07-19T18:19:01Z
402,16,19,14.25,standard,2026-07-19T18:19:01Z
402,16,20,14.25,standard,2026-07-19T18:19:01Z
402,16,21,14.25,standard,2026-07-19T18:19:01Z
402,16,22,14.25,standard,2026-07-19T18:19:01Z
402,16,23,14.25,standard,2026-07-19T18:19:01Z
402,16,24,14.25,standard,2026-07-19T18:19:01Z
402,16,25,14.25,standard,2026-07-19T18:19:01Z
402,16,26,14.25,standard,2026-07-19T18:19:01Z
402,16,27,14.25,standard,2026-07-19T18:19:01Z
402,16,28,14.25,standard,2026-07-19T18:19:01Z
402,16,29,14.25,standard,2026-07-19T18:19:01Z
402,16,30,14.25,standard,2026-07-19T18:19:01Z
402,16,31,14.25,standard,2026-07-19T18:19:01Z
402,16,32,14.25,standard,2026-07-19T18:19:01Z
402,16,33,14.25,standard,2026-07-19T18:19:01Z
402,16,34,14.25,standard,2026-07-19T18:19:01Z
402,16,35,14.25,standard,2026-07-19T18:19:01Z
402,16,36,14.25,standard,2026-07-19T18:19:01Z
402,16,37,14.25,standard,2026-07-19T18:19:01Z
402,16,38,14.25,standard,2026-07-19T18:19:01Z
402,16,39,14.25,standard,2026-07-19T18:19:01Z
402,16,40,14.25,standard,2026-07-19T18:19:01Z
402,16,41,14.25,standard,2026-07-19T18:19:01Z
402,16,42,14.25,standard,2026-07-19T18:19:01Z
402,16,43,14.25,standard,2026-07-19T18:19:01Z
402,16,44,14.25,standard,2026-07-19T18:19:01Z
402,16,5,14.25,standard,2026-07-19T18:19:01Z
402,16,6,14.25,standard,2026-07-19T18:19:01Z
402,16,7,14.25,standard,2026-07-19T18:19:01Z
402,16,8,14.25,standard,2026-07-19T18:19:01Z
402,16,9,14.25,standard,2026-07-19T18:19:01Z
402,18,17,14.25,standard,2026-07-19T18:19:01Z
402,18,18,14.25,standard,2026-07-19T18:19:01Z
402,18,19,14.25,standard,2026-07-19T18:19:01Z
402,18,20,14.25,standard,2026-07-19T18:19:01Z
402,18,21,14.25,standard,2026-07-19T18:19:01Z
402,18,22,14.25,standard,2026-07-19T18:19:01Z
402,18,23,14.25,standard,2026-07-19T18:19:01Z
402,18,24,14.25,standard,2026-07-19T18:19:01Z
402,18,25,14.25,standard,2026-07-19T18:19:01Z
402,18,26,14.25,standard,2026-07-19T18:19:01Z
402,18,27,14.25,standard,2026-07-19T18:19:01Z
402,18,28,14.25,standard,2026-07-19T18:19:01Z
402,18,29,14.25,standard,2026-07-19T18:19:01Z
402,18,30,14.25,standard,2026-07-19T18:19:01Z
402,18,31,14.25,standard,2026-07-19T18:19:01Z
402,18,32,14.25,standard,2026-07-19T18:19:01Z
402,18,33,14.25,standard,2026-07-19T18:19:01Z
402,18,34,14.25,standard,2026-07-19T18:19:01Z
402,18,35,14.25,standard,2026-07-19T18:19:01Z
402,18,36,14.25,standard,2026-07-19T18:19:01Z
402,18,37,14.25,standard,2026-07-19T18:19:01Z
402,18,38,14.25,standard,2026-07-19T18:19:01Z
402,19,11,14.25,standard,2026-07-19T18:19:01Z
402,19,12,14.25,standard,2026-07-19T18:19:01Z
402,19,13,14.25,standard,2026-07-19T18:19:01Z
402,19,14,14.25,standard,2026-07-19T18:19:01Z
402,19,15,14.25,standard,2026-07-19T18:19:01Z
402,19,16,14.25,standard,2026-07-19T18:19:01Z
402,19,17,14.25,standard,2026-07-19T18:19:01Z
402,19,18,14.25,standard,2026-07-19T18:19:01Z
402,19,19,14.25,standard,2026-07-19T18:19:01Z
402,19,20,14.25,standard,2026-07-19T18:19:01Z
402,19,21,14.25,standard,2026-07-19T18:19:01Z
402,19,22,14.25,standard,2026-07-19T18:19:01Z
402,19,23,14.25,standard,2026-07-19T18:19:01Z
402,19,24,14.25,standard,2026-07-19T18:19:01Z
402,19,25,14.25,standard,2026-07-19T18:19:01Z
402,19,26,14.25,standard,2026-07-19T18:19:01Z
402,19,27,14.25,standard,2026-07-19T18:19:01Z
402,19,28,14.25,standard,2026-07-19T18:19:01Z
402,19,29,14.25,standard,2026-07-19T18:19:01Z
402,19,30,14.25,standard,2026-07-19T18:19:01Z
402,19,31,14.25,standard,2026-07-19T18:19:01Z
402,19,32,14.25,standard,2026-07-19T18:19:01Z
402,19,33,14.25,standard,2026-07-19T18:19:01Z
402,19,34,14.25,standard,2026-07-19T18:19:01Z
402,19,35,14.25,standard,2026-07-19T18:19:01Z
402,19,36,14.25,standard,2026-07-19T18:19:01Z
402,19,37,14.25,standard,2026-07-19T18:19:01Z
402,19,38,14.25,standard,2026-07-19T18:19:01Z
402,19,39,14.25,standard,2026-07-19T18:19:01Z
402,19,40,14.25,standard,2026-07-19T18:19:01Z
402,19,41,14.25,standard,2026-07-19T18:19:01Z
402,19,42,14.25,standard,2026-07-19T18:19:01Z
402,19,43,14.25,standard,2026-07-19T18:19:01Z
402,19,44,14.25,standard,2026-07-19T18:19:01Z
402,20,11,14.25,standard,2026-07-19T18:19:01Z
402,20,12,14.25,standard,2026-07-19T18:19:01Z
402,20,13,14.25,standard,2026-07-19T18:19:01Z
402,20,14,14.25,standard,2026-07-19T18:19:01Z
402,20,15,14.25,standard,2026-07-19T18:19:01Z
402,20,16,14.25,standard,2026-07-19T18:19:01Z
402,20,17,14.25,standard,2026-07-19T18:19:01Z
402,20,18,14.25,standard,2026-07-19T18:19:01Z
402,20,19,14.25,standard,2026-07-19T18:19:01Z
402,20,20,14.25,standard,2026-07-19T18:19:01Z
402,20,21,14.25,standard,2026-07-19T18:19:01Z
402,20,22,14.25,standard,2026-07-19T18:19:01Z
402,20,23,14.25,standard,2026-07-19T18:19:01Z
402,20,24,14.25,standard,2026-07-19T18:19:01Z
402,20,25,14.25,standard,2026-07-19T18:19:01Z
402,20,26,14.25,standard,2026-07-19T18:19:01Z
402,20,27,14.25,standard,2026-07-19T18:19:01Z
402,20,28,14.25,standard,2026-07-19T18:19:01Z
402,20,29,14.25,standard,2026-07-19T18:19:01Z
402,20,30,14.25,standard,2026-07-19T18:19:01Z
402,20,31,14.25,standard,2026-07-19T18:19:01Z
402,20,32,14.25,standard,2026-07-19T18:19:01Z
402,20,33,14.25,standard,2026-07-19T18:19:01Z
402,20,34,14.25,standard,2026-07-19T18:19:01Z
402,20,35,14.25,standard,2026-07-19T18:19:01Z
402,20,36,14.25,standard,2026-07-19T18:19:01Z
402,20,37,14.25,standard,2026-07-19T18:19:01Z
402,20,38,14.25,standard,2026-07-19T18:19:01Z
402,20,39,14.25,standard,2026-07-19T18:19:01Z
402,20,40,14.25,standard,2026-07-19T18:19:01Z
402,20,41,14.25,standard,2026-07-19T18:19:01Z
402,20,42,14.25,standard,2026-07-19T18:19:01Z
402,20,43,14.25,standard,2026-07-19T18:19:01Z
402,20,44,14.25,standard,2026-07-19T18:19:01Z
402,21,13,14.25,standard,2026-07-19T18:19:01Z
402,21,14,14.25,standard,2026-07-19T18:19:01Z
402,21,15,14.25,standard,2026-07-19T18:19:01Z
402,21,16,14.25,standard,2026-07-19T18:19:01Z
402,21,17,14.25,standard,2026-07-19T18:19:01Z
402,21,18,14.25,standard,2026-07-19T18:19:01Z
402,21,19,14.25,standard,2026-07-19T18:19:01Z
402,21,20,14.25,standard,2026-07-19T18:19:01Z
402,21,21,14.25,standard,2026-07-19T18:19:01Z
402,21,22,14.25,standard,2026-07-19T18:19:01Z
402,21,23,14.25,standard,2026-07-19T18:19:01Z
402,21,24,14.25,standard,2026-07-19T18:19:01Z
402,21,25,14.25,standard,2026-07-19T18:19:01Z
402,21,26,14.25,standard,2026-07-19T18:19:01Z
402,21,27,14.25,standard,2026-07-19T18:19:01Z
402,21,28,14.25,standard,2026-07-19T18:19:01Z
402,21,29,14.25,standard,2026-07-19T18:19:01Z
402,21,30,14.25,standard,2026-07-19T18:19:01Z
402,21,31,14.25,standard,2026-07-19T18:19:01Z
402,21,32,14.25,standard,2026-07-19T18:19:01Z
402,21,35,14.25,standard,2026-07-19T18:19:01Z
402,21,36,14.25,standard,2026-07-19T18:19:01Z
402,21,37,14.25,standard,2026-07-19T18:19:01Z
402,21,38,14.25,standard,2026-07-19T18:19:01Z
402,21,39,14.25,standard,2026-07-19T18:19:01Z
402,21,40,14.25,standard,2026-07-19T18:19:01Z
402,21,41,14.25,standard,2026-07-19T18:19:01Z
402,21,42,14.25,standard,2026-07-19T18:19:01Z
402,21,43,14.25,standard,2026-07-19T18:19:01Z
402,21,44,14.25,standard,2026-07-19T18:19:01Z
402,22,11,14.25,standard,2026-07-19T18:19:01Z
402,22,12,14.25,standard,2026-07-19T18:19:01Z
402,22,13,14.25,standard,2026-07-19T18:19:01Z
402,22,14,14.25,standard,2026-07-19T18:19:01Z
402,22,15,14.25,standard,2026-07-19T18:19:01Z
402,22,16,14.25,standard,2026-07-19T18:19:01Z
402,22,17,14.25,standard,2026-07-19T18:19:01Z
402,22,18,14.25,standard,2026-07-19T18:19:01Z
402,22,19,14.25,standard,2026-07-19T18:19:01Z
402,22,20,14.25,standard,2026-07-19T18:19:01Z
402,22,21,14.25,standard,2026-07-19T18:19:01Z
402,22,22,14.25,standard,2026-07-19T18:19:01Z
402,22,23,14.25,standard,2026-07-19T18:19:01Z
402,22,24,14.25,standard,2026-07-19T18:19:01Z
402,22,25,14.25,standard,2026-07-19T18:19:01Z
402,22,26,14.25,standard,2026-07-19T18:19:01Z
402,22,27,14.25,standard,2026-07-19T18:19:01Z
402,22,28,14.25,standard,2026-07-19T18:19:01Z
402,22,29,14.25,standard,2026-07-19T18:19:01Z
402,22,30,14.25,standard,2026-07-19T18:19:01Z
402,22,31,14.25,standard,2026-07-19T18:19:01Z
402,22,32,14.25,standard,2026-07-19T18:19:01Z
402,22,33,14.25,standard,2026-07-19T18:19:01Z
402,22,34,14.25,standard,2026-07-19T18:19:01Z
402,22,35,14.25,standard,2026-07-19T18:19:01Z
402,22,36,14.25,standard,2026-07-19T18:19:01Z
402,22,37,14.25,standard,2026-07-19T18:19:01Z
402,22,38,14.25,standard,2026-07-19T18:19:01Z
402,22,39,14.25,standard,2026-07-19T18:19:01Z
402,22,40,14.25,standard,2026-07-19T18:19:01Z
402,22,41,14.25,standard,2026-07-19T18:19:01Z
402,22,42,14.25,standard,2026-07-19T18:19:01Z
402,28,10,14.25,standard,2026-07-19T18:19:01Z
402,28,11,14.25,standard,2026-07-19T18:19:01Z
402,28,12,14.25,standard,2026-07-19T18:19:01Z
402,28,13,14.25,standard,2026-07-19T18:19:01Z
402,28,14,14.25,standard,2026-07-19T18:19:01Z
402,28,15,14.25,standard,2026-07-19T18:19:01Z
402,28,16,14.25,standard,2026-07-19T18:19:01Z
402,28,17,14.25,standard,2026-07-19T18:19:01Z
402,28,18,14.25,standard,2026-07-19T18:19:01Z
402,28,19,14.25,standard,2026-07-19T18:19:01Z
402,28,20,14.25,standard,2026-07-19T18:19:01Z
402,28,21,14.25,standard,2026-07-19T18:19:01Z
402,28,22,14.25,standard,2026-07-19T18:19:01Z
402,28,23,14.25,standard,2026-07-19T18:19:01Z
402,28,24,14.25,standard,2026-07-19T18:19:01Z
402,28,25,14.25,standard,2026-07-19T18:19:01Z
402,28,26,14.25,standard,2026-07-19T18:19:01Z
402,28,27,14.25,standard,2026-07-19T18:19:01Z
402,28,28,14.25,standard,2026-07-19T18:19:01Z
402,28,29,14.25,standard,2026-07-19T18:19:01Z
402,28,30,14.25,standard,2026-07-19T18:19:01Z
402,28,31,14.25,standard,2026-07-19T18:19:01Z
402,28,32,14.25,standard,2026-07-19T18:19:01Z
402,28,33,14.25,standard,2026-07-19T18:19:01Z
402,28,34,14.25,standard,2026-07-19T18:19:01Z
402,28,35,14.25,standard,2026-07-19T18:19:01Z
402,28,36,14.25,standard,2026-07-19T18:19:01Z
402,28,37,14.25,standard,2026-07-19T18:19:01Z
402,28,38,14.25,standard,2026-07-19T18:19:01Z
402,28,39,14.25,standard,2026-07-19T18:19:01Z
402,28,40,14.25,standard,2026-07-19T18:19:01Z
402,28,41,14.25,standard,2026-07-19T18:19:01Z
402,28,42,14.25,standard,2026-07-19T18:19:01Z
402,28,43,14.25,standard,2026-07-19T18:19:01Z
402,28,44,14.25,standard,2026-07-19T18:19:01Z
402,28,5,14.25,standard,2026-07-19T18:19:01Z
402,28,6,14.25,standard,2026-07-19T18:19:01Z
402,28,7,14.25,standard,2026-07-19T18:19:01Z
402,28,8,14.25,standard,2026-07-19T18:19:01Z
402,28,9,14.25,standard,2026-07-19T18:19:01Z
402,30,10,14.25,standard,2026-07-19T18:19:01Z
402,30,11,14.25,standard,2026-07-19T18:19:01Z
402,30,12,14.25,standard,2026-07-19T18:19:01Z
402,30,13,14.25,standard,2026-07-19T18:19:01Z
402,30,14,14.25,standard,2026-07-19T18:19:01Z
402,30,15,14.25,standard,2026-07-19T18:19:01Z
402,30,16,14.25,standard,2026-07-19T18:19:01Z
402,30,17,14.25,standard,2026-07-19T18:19:01Z
402,30,18,14.25,standard,2026-07-19T18:19:01Z
402,30,19,14.25,standard,2026-07-19T18:19:01Z
402,30,20,14.25,standard,2026-07-19T18:19:01Z
402,30,21,14.25,standard,2026-07-19T18:19:01Z
402,30,22,14.25,standard,2026-07-19T18:19:01Z
402,30,23,14.25,standard,2026-07-19T18:19:01Z
402,30,24,14.25,standard,2026-07-19T18:19:01Z
402,30,25,14.25,standard,2026-07-19T18:19:01Z
402,30,26,14.25,standard,2026-07-19T18:19:01Z
402,30,27,14.25,standard,2026-07-19T18:19:01Z
402,30,28,14.25,standard,2026-07-19T18:19:01Z
402,30,29,14.25,standard,2026-07-19T18:19:01Z
402,30,30,14.25,standard,2026-07-19T18:19:01Z
402,30,31,14.25,standard,2026-07-19T18:19:01Z
402,30,32,14.25,standard,2026-07-19T18:19:01Z
402,30,33,14.25,standard,2026-07-19T18:19:01Z
402,30,34,14.25,standard,2026-07-19T18:19:01Z
402,30,35,14.25,standard,2026-07-19T18:19:01Z
402,30,36,14.25,standard,2026-07-19T18:19:01Z
402,30,37,14.25,standard,2026-07-19T18:19:01Z
402,30,38,14.25,standard,2026-07-19T18:19:01Z
402,30,39,14.25,standard,2026-07-19T18:19:01Z
402,30,40,14.25,standard,2026-07-19T18:19:01Z
402,30,41,14.25,standard,2026-07-19T18:19:01Z
402,30,42,14.25,standard,2026-07-19T18:19:01Z
402,30,43,14.25,standard,2026-07-19T18:19:01Z
402,30,44,14.25,standard,2026-07-19T18:19:01Z
402,30,5,14.25,standard,2026-07-19T18:19:01Z
402,30,6,14.25,standard,2026-07-19T18:19:01Z
402,30,7,14.25,standard,2026-07-19T18:19:01Z
402,30,8,14.25,standard,2026-07-19T18:19:01Z
402,30,9,14.25,standard,2026-07-19T18:19:01Z
402,31,10,14.25,standard,2026-07-19T18:19:01Z
402,31,11,14.25,standard,2026-07-19T18:19:01Z
402,31,12,14.25,standard,2026-07-19T18:19:01Z
402,31,13,14.25,standard,2026-07-19T18:19:01Z
402,31,14,14.25,standard,2026-07-19T18:19:01Z
402,31,15,14.25,standard,2026-07-19T18:19:01Z
402,31,16,14.25,standard,2026-07-19T18:19:01Z
402,31,17,14.25,standard,2026-07-19T18:19:01Z
402,31,18,14.25,standard,2026-07-19T18:19:01Z
402,31,19,14.25,standard,2026-07-19T18:19:01Z
402,31,20,14.25,standard,2026-07-19T18:19:01Z
402,31,21,14.25,standard,2026-07-19T18:19:01Z
402,31,22,14.25,standard,2026-07-19T18:19:01Z
402,31,23,14.25,standard,2026-07-19T18:19:01Z
402,31,24,14.25,standard,2026-07-19T18:19:01Z
402,31,25,14.25,standard,2026-07-19T18:19:01Z
402,31,26,14.25,standard,2026-07-19T18:19:01Z
402,31,27,14.25,standard,2026-07-19T18:19:01Z
402,31,28,14.25,standard,2026-07-19T18:19:01Z
402,31,29,14.25,standard,2026-07-19T18:19:01Z
402,31,30,14.25,standard,2026-07-19T18:19:01Z
402,31,31,14.25,standard,2026-07-19T18:19:01Z
402,31,32,14.25,standard,2026-07-19T18:19:01Z
402,31,33,14.25,standard,2026-07-19T18:19:01Z
402,31,34,14.25,standard,2026-07-19T18:19:01Z
402,31,35,14.25,standard,2026-07-19T18:19:01Z
402,31,36,14.25,standard,2026-07-19T18:19:01Z
402,31,37,14.25,standard,2026-07-19T18:19:01Z
402,31,38,14.25,standard,2026-07-19T18:19:01Z
402,31,39,14.25,standard,2026-07-19T18:19:01Z
402,31,6,14.25,standard,2026-07-19T18:19:01Z
402,31,7,14.25,standard,2026-07-19T18:19:01Z
402,31,8,14.25,standard,2026-07-19T18:19:01Z
402,31,9,14.25,standard,2026-07-19T18:19:01Z
402,32,10,14.25,standard,2026-07-19T18:19:01Z
402,32,11,14.25,standard,2026-07-19T18:19:01Z
402,32,12,14.25,standard,2026-07-19T18:19:01Z
402,32,13,14.25,standard,2026-07-19T18:19:01Z
402,32,14,14.25,standard,2026-07-19T18:19:01Z
402,32,15,14.25,standard,2026-07-19T18:19:01Z
402,32,16,14.25,standard,2026-07-19T18:19:01Z
402,32,17,14.25,standard,2026-07-19T18:19:01Z
402,32,18,14.25,standard,2026-07-19T18:19:01Z
402,32,19,14.25,standard,2026-07-19T18:19:01Z
402,32,20,14.25,standard,2026-07-19T18:19:01Z
402,32,21,14.25,standard,2026-07-19T18:19:01Z
402,32,22,14.25,standard,2026-07-19T18:19:01Z
402,32,23,14.25,standard,2026-07-19T18:19:01Z
402,32,24,14.25,standard,2026-07-19T18:19:01Z
402,32,25,14.25,standard,2026-07-19T18:19:01Z
402,32,26,14.25,standard,2026-07-19T18:19:01Z
402,32,27,14.25,standard,2026-07-19T18:19:01Z
402,32,28,14.25,standard,2026-07-19T18:19:01Z
402,32,29,14.25,standard,2026-07-19T18:19:01Z
402,32,30,14.25,standard,2026-07-19T18:19:01Z
402,32,31,14.25,standard,2026-07-19T18:19:01Z
402,32,32,14.25,standard,2026-07-19T18:19:01Z
402,32,33,14.25,standard,2026-07-19T18:19:01Z
402,32,34,14.25,standard,2026-07-19T18:19:01Z
402,32,35,14.25,standard,2026-07-19T18:19:01Z
402,32,36,14.25,standard,2026-07-19T18:19:01Z
402,32,37,14.25,standard,2026-07-19T18:19:01Z
402,32,38,14.25,standard,2026-07-19T18:19:01Z
402,32,39,14.25,standard,2026-07-19T18:19:01Z
402,32,40,14.25,standard,2026-07-19T18:19:01Z
402,32,5,14.25,standard,2026-07-19T18:19:01Z
402,32,6,14.25,standard,2026-07-19T18:19:01Z
402,32,7,14.25,standard,2026-07-19T18:19:01Z
402,32,8,14.25,standard,2026-07-19T18:19:01Z
402,32,9,14.25,standard,2026-07-19T18:19:01Z
403,17,10,14.25,standard,2026-07-19T18:19:01Z
403,17,11,14.25,standard,2026-07-19T18:19:01Z
403,17,12,14.25,standard,2026-07-19T18:19:01Z
403,17,13,14.25,standard,2026-07-19T18:19:01Z
403,17,14,14.25,standard,2026-07-19T18:19:01Z
403,17,15,14.25,standard,2026-07-19T18:19:01Z
403,17,16,14.25,standard,2026-07-19T18:19:01Z
403,17,17,14.25,standard,2026-07-19T18:19:01Z
403,17,18,14.25,standard,2026-07-19T18:19:01Z
403,17,19,14.25,standard,2026-07-19T18:19:01Z
403,17,20,14.25,standard,2026-07-19T18:19:01Z
403,17,21,14.25,standard,2026-07-19T18:19:01Z
403,17,22,14.25,standard,2026-07-19T18:19:01Z
403,17,9,14.25,standard,2026-07-19T18:19:01Z
403,10,16,14.25,standard,2026-07-19T18:19:01Z
403,10,17,14.25,standard,2026-07-19T18:19:01Z
403,10,18,14.25,standard,2026-07-19T18:19:01Z
403,11,10,14.25,standard,2026-07-19T18:19:01Z
403,11,11,14.25,standard,2026-07-19T18:19:01Z
403,11,12,14.25,standard,2026-07-19T18:19:01Z
403,11,13,14.25,standard,2026-07-19T18:19:01Z
403,11,14,14.25,standard,2026-07-19T18:19:01Z
403,11,15,14.25,standard,2026-07-19T18:19:01Z
403,11,16,14.25,standard,2026-07-19T18:19:01Z
403,11,17,14.25,standard,2026-07-19T18:19:01Z
403,11,18,14.25,standard,2026-07-19T18:19:01Z
403,11,19,14.25,standard,2026-07-19T18:19:01Z
403,11,20,14.25,standard,2026-07-19T18:19:01Z
403,11,21,14.25,standard,2026-07-19T18:19:01Z
403,11,22,14.25,standard,2026-07-19T18:19:01Z
403,11,6,14.25,standard,2026-07-19T18:19:01Z
403,11,7,14.25,standard,2026-07-19T18:19:01Z
403,11,8,14.25,standard,2026-07-19T18:19:01Z
403,11,9,14.25,standard,2026-07-19T18:19:01Z
403,12,10,14.25,standard,2026-07-19T18:19:01Z
403,12,11,14.25,standard,2026-07-19T18:19:01Z
403,12,12,14.25,standard,2026-07-19T18:19:01Z
403,12,13,14.25,standard,2026-07-19T18:19:01Z
403,12,14,14.25,standard,2026-07-19T18:19:01Z
403,12,15,14.25,standard,2026-07-19T18:19:01Z
403,12,16,14.25,standard,2026-07-19T18:19:01Z
403,12,17,14.25,standard,2026-07-19T18:19:01Z
403,12,18,14.25,standard,2026-07-19T18:19:01Z
403,12,19,14.25,standard,2026-07-19T18:19:01Z
403,12,20,14.25,standard,2026-07-19T18:19:01Z
403,12,21,14.25,standard,2026-07-19T18:19:01Z
403,12,22,14.25,standard,2026-07-19T18:19:01Z
403,12,5,14.25,standard,2026-07-19T18:19:01Z
403,12,6,14.25,standard,2026-07-19T18:19:01Z
403,12,7,14.25,standard,2026-07-19T18:19:01Z
403,12,8,14.25,standard,2026-07-19T18:19:01Z
403,12,9,14.25,standard,2026-07-19T18:19:01Z
403,13,10,14.25,standard,2026-07-19T18:19:01Z
403,13,11,14.25,standard,2026-07-19T18:19:01Z
403,13,12,14.25,standard,2026-07-19T18:19:01Z
403,13,13,14.25,standard,2026-07-19T18:19:01Z
403,13,14,14.25,standard,2026-07-19T18:19:01Z
403,13,15,14.25,standard,2026-07-19T18:19:01Z
403,13,16,14.25,standard,2026-07-19T18:19:01Z
403,13,17,14.25,standard,2026-07-19T18:19:01Z
403,13,18,14.25,standard,2026-07-19T18:19:01Z
403,13,19,14.25,standard,2026-07-19T18:19:01Z
403,13,20,14.25,standard,2026-07-19T18:19:01Z
403,13,21,14.25,standard,2026-07-19T18:19:01Z
403,13,22,14.25,standard,2026-07-19T18:19:01Z
403,13,3,14.25,standard,2026-07-19T18:19:01Z
403,13,4,14.25,standard,2026-07-19T18:19:01Z
403,13,5,14.25,standard,2026-07-19T18:19:01Z
403,13,6,14.25,standard,2026-07-19T18:19:01Z
403,13,7,14.25,standard,2026-07-19T18:19:01Z
403,13,8,14.25,standard,2026-07-19T18:19:01Z
403,13,9,14.25,standard,2026-07-19T18:19:01Z
403,14,10,14.25,standard,2026-07-19T18:19:01Z
403,14,11,14.25,standard,2026-07-19T18:19:01Z
403,14,12,14.25,standard,2026-07-19T18:19:01Z
403,14,13,14.25,standard,2026-07-19T18:19:01Z
403,14,14,14.25,standard,2026-07-19T18:19:01Z
403,14,15,14.25,standard,2026-07-19T18:19:01Z
403,14,16,14.25,standard,2026-07-19T18:19:01Z
403,14,17,14.25,standard,2026-07-19T18:19:01Z
403,14,18,14.25,standard,2026-07-19T18:19:01Z
403,14,19,14.25,standard,2026-07-19T18:19:01Z
403,14,20,14.25,standard,2026-07-19T18:19:01Z
403,14,21,14.25,standard,2026-07-19T18:19:01Z
403,14,22,14.25,standard,2026-07-19T18:19:01Z
403,14,3,14.25,standard,2026-07-19T18:19:01Z
403,14,4,14.25,standard,2026-07-19T18:19:01Z
403,14,5,14.25,standard,2026-07-19T18:19:01Z
403,14,6,14.25,standard,2026-07-19T18:19:01Z
403,14,7,14.25,standard,2026-07-19T18:19:01Z
403,14,8,14.25,standard,2026-07-19T18:19:01Z
403,14,9,14.25,standard,2026-07-19T18:19:01Z
403,15,10,14.25,standard,2026-07-19T18:19:01Z
403,15,11,14.25,standard,2026-07-19T18:19:01Z
403,15,12,14.25,standard,2026-07-19T18:19:01Z
403,15,13,14.25,standard,2026-07-19T18:19:01Z
403,15,14,14.25,standard,2026-07-19T18:19:01Z
403,15,15,14.25,standard,2026-07-19T18:19:01Z
403,15,16,14.25,standard,2026-07-19T18:19:01Z
403,15,17,14.25,standard,2026-07-19T18:19:01Z
403,15,18,14.25,standard,2026-07-19T18:19:01Z
403,15,19,14.25,standard,2026-07-19T18:19:01Z
403,15,20,14.25,standard,2026-07-19T18:19:01Z
403,15,21,14.25,standard,2026-07-19T18:19:01Z
403,15,22,14.25,standard,2026-07-19T18:19:01Z
403,15,3,14.25,standard,2026-07-19T18:19:01Z
403,15,6,14.25,standard,2026-07-19T18:19:01Z
403,15,7,14.25,standard,2026-07-19T18:19:01Z
403,15,8,14.25,standard,2026-07-19T18:19:01Z
403,15,9,14.25,standard,2026-07-19T18:19:01Z
403,16,10,14.25,standard,2026-07-19T18:19:01Z
403,16,11,14.25,standard,2026-07-19T18:19:01Z
403,16,12,14.25,standard,2026-07-19T18:19:01Z
403,16,13,14.25,standard,2026-07-19T18:19:01Z
403,16,14,14.25,standard,2026-07-19T18:19:01Z
403,16,15,14.25,standard,2026-07-19T18:19:01Z
403,16,16,14.25,standard,2026-07-19T18:19:01Z
403,16,17,14.25,standard,2026-07-19T18:19:01Z
403,16,18,14.25,standard,2026-07-19T18:19:01Z
403,16,19,14.25,standard,2026-07-19T18:19:01Z
403,16,20,14.25,standard,2026-07-19T18:19:01Z
403,16,21,14.25,standard,2026-07-19T18:19:01Z
403,16,22,14.25,standard,2026-07-19T18:19:01Z
403,16,8,14.25,standard,2026-07-19T18:19:01Z
403,16,9,14.25,standard,2026-07-19T18:19:01Z
403,18,10,14.25,standard,2026-07-19T18:19:01Z
403,18,11,14.25,standard,2026-07-19T18:19:01Z
403,18,12,14.25,standard,2026-07-19T18:19:01Z
403,18,13,14.25,standard,2026-07-19T18:19:01Z
403,18,14,14.25,standard,2026-07-19T18:19:01Z
403,18,15,14.25,standard,2026-07-19T18:19:01Z
403,18,16,14.25,standard,2026-07-19T18:19:01Z
403,18,17,14.25,standard,2026-07-19T18:19:01Z
403,18,18,14.25,standard,2026-07-19T18:19:01Z
403,18,19,14.25,standard,2026-07-19T18:19:01Z
403,18,20,14.25,standard,2026-07-19T18:19:01Z
403,18,21,14.25,standard,2026-07-19T18:19:01Z
403,18,22,14.25,standard,2026-07-19T18:19:01Z
403,18,8,14.25,standard,2026-07-19T18:19:01Z
403,18,9,14.25,standard,2026-07-19T18:19:01Z
403,19,10,14.25,standard,2026-07-19T18:19:01Z
403,19,11,14.25,standard,2026-07-19T18:19:01Z
403,19,12,14.25,standard,2026-07-19T18:19:01Z
403,19,13,14.25,standard,2026-07-19T18:19:01Z
403,19,14,14.25,standard,2026-07-19T18:19:01Z
403,19,15,14.25,standard,2026-07-19T18:19:01Z
403,19,16,14.25,standard,2026-07-19T18:19:01Z
403,19,17,14.25,standard,2026-07-19T18:19:01Z
403,19,18,14.25,standard,2026-07-19T18:19:01Z
403,19,19,14.25,standard,2026-07-19T18:19:01Z
403,19,20,14.25,standard,2026-07-19T18:19:01Z
403,19,21,14.25,standard,2026-07-19T18:19:01Z
403,19,22,14.25,standard,2026-07-19T18:19:01Z
403,19,8,14.25,standard,2026-07-19T18:19:01Z
403,19,9,14.25,standard,2026-07-19T18:19:01Z
403,20,10,14.25,standard,2026-07-19T18:19:01Z
403,20,11,14.25,standard,2026-07-19T18:19:01Z
403,20,12,14.25,standard,2026-07-19T18:19:01Z
403,20,13,14.25,standard,2026-07-19T18:19:01Z
403,20,14,14.25,standard,2026-07-19T18:19:01Z
403,20,15,14.25,standard,2026-07-19T18:19:01Z
403,20,16,14.25,standard,2026-07-19T18:19:01Z
403,20,17,14.25,standard,2026-07-19T18:19:01Z
403,20,18,14.25,standard,2026-07-19T18:19:01Z
403,20,19,14.25,standard,2026-07-19T18:19:01Z
403,20,20,14.25,standard,2026-07-19T18:19:01Z
403,20,21,14.25,standard,2026-07-19T18:19:01Z
403,20,22,14.25,standard,2026-07-19T18:19:01Z
403,20,8,14.25,standard,2026-07-19T18:19:01Z
403,20,9,14.25,standard,2026-07-19T18:19:01Z
403,21,10,14.25,standard,2026-07-19T18:19:01Z
403,21,11,14.25,standard,2026-07-19T18:19:01Z
403,21,12,14.25,standard,2026-07-19T18:19:01Z
403,21,13,14.25,standard,2026-07-19T18:19:01Z
403,21,14,14.25,standard,2026-07-19T18:19:01Z
403,21,15,14.25,standard,2026-07-19T18:19:01Z
403,21,16,14.25,standard,2026-07-19T18:19:01Z
403,21,17,14.25,standard,2026-07-19T18:19:01Z
403,21,18,14.25,standard,2026-07-19T18:19:01Z
403,21,19,14.25,standard,2026-07-19T18:19:01Z
403,21,20,14.25,standard,2026-07-19T18:19:01Z
403,21,21,14.25,standard,2026-07-19T18:19:01Z
403,21,22,14.25,standard,2026-07-19T18:19:01Z
403,21,8,14.25,standard,2026-07-19T18:19:01Z
403,21,9,14.25,standard,2026-07-19T18:19:01Z
403,22,10,14.25,standard,2026-07-19T18:19:01Z
403,22,11,14.25,standard,2026-07-19T18:19:01Z
403,22,12,14.25,standard,2026-07-19T18:19:01Z
403,22,13,14.25,standard,2026-07-19T18:19:01Z
403,22,14,14.25,standard,2026-07-19T18:19:01Z
403,22,15,14.25,standard,2026-07-19T18:19:01Z
403,22,16,14.25,standard,2026-07-19T18:19:01Z
403,22,17,14.25,standard,2026-07-19T18:19:01Z
403,22,18,14.25,standard,2026-07-19T18:19:01Z
403,22,19,14.25,standard,2026-07-19T18:19:01Z
403,22,20,14.25,standard,2026-07-19T18:19:01Z
403,22,21,14.25,standard,2026-07-19T18:19:01Z
403,22,22,14.25,standard,2026-07-19T18:19:01Z
403,22,9,14.25,standard,2026-07-19T18:19:01Z
403,26,10,14.25,standard,2026-07-19T18:19:01Z
403,26,11,14.25,standard,2026-07-19T18:19:01Z
403,26,12,14.25,standard,2026-07-19T18:19:01Z
403,26,13,14.25,standard,2026-07-19T18:19:01Z
403,26,14,14.25,standard,2026-07-19T18:19:01Z
403,26,15,14.25,standard,2026-07-19T18:19:01Z
403,26,16,14.25,standard,2026-07-19T18:19:01Z
403,26,2,14.25,standard,2026-07-19T18:19:01Z
403,26,3,14.25,standard,2026-07-19T18:19:01Z
403,26,4,14.25,standard,2026-07-19T18:19:01Z
403,26,5,14.25,standard,2026-07-19T18:19:01Z
403,26,6,14.25,standard,2026-07-19T18:19:01Z
403,26,7,14.25,standard,2026-07-19T18:19:01Z
403,26,8,14.25,standard,2026-07-19T18:19:01Z
403,26,9,14.25,standard,2026-07-19T18:19:01Z
403,28,10,14.25,standard,2026-07-19T18:19:01Z
403,28,2,14.25,standard,2026-07-19T18:19:01Z
403,28,3,14.25,standard,2026-07-19T18:19:01Z
403,28,4,14.25,standard,2026-07-19T18:19:01Z
403,28,5,14.25,standard,2026-07-19T18:19:01Z
403,28,6,14.25,standard,2026-07-19T18:19:01Z
403,28,7,14.25,standard,2026-07-19T18:19:01Z
403,28,8,14.25,standard,2026-07-19T18:19:01Z
403,28,9,14.25,standard,2026-07-19T18:19:01Z
L301,1,10,24.25,standard,2026-07-19T18:19:01Z
L301,1,11,24.25,standard,2026-07-19T18:19:01Z
L301,1,12,24.25,standard,2026-07-19T18:19:01Z
L301,1,9,24.25,standard,2026-07-19T18:19:01Z
L301,2,1,24.25,standard,2026-07-19T18:19:01Z
L301,2,2,24.25,standard,2026-07-19T18:19:01Z
L301,2,3,24.25,standard,2026-07-19T18:19:01Z
L301,2,4,24.25,standard,2026-07-19T18:19:01Z
L301,2,5,24.25,standard,2026-07-19T18:19:01Z
L301,2,6,24.25,standard,2026-07-19T18:19:01Z
L301,2,7,24.25,standard,2026-07-19T18:19:01Z
L301,2,8,24.25,standard,2026-07-19T18:19:01Z
L301,3,1,24.25,standard,2026-07-19T18:19:01Z
L301,4,10,24.25,standard,2026-07-19T18:19:01Z
L301,4,11,24.25,standard,2026-07-19T18:19:01Z
L301,4,12,24.25,standard,2026-07-19T18:19:01Z
L301,4,2,24.25,standard,2026-07-19T18:19:01Z
L301,4,3,24.25,standard,2026-07-19T18:19:01Z
L301,4,4,24.25,standard,2026-07-19T18:19:01Z
L301,4,5,24.25,standard,2026-07-19T18:19:01Z
L301,4,6,24.25,standard,2026-07-19T18:19:01Z
L301,4,7,24.25,standard,2026-07-19T18:19:01Z
L301,4,8,24.25,standard,2026-07-19T18:19:01Z
L301,4,9,24.25,standard,2026-07-19T18:19:01Z
L301,5,10,24.25,standard,2026-07-19T18:19:01Z
L301,5,11,24.25,standard,2026-07-19T18:19:01Z
L301,5,12,24.25,standard,2026-07-19T18:19:01Z
L301,5,2,24.25,standard,2026-07-19T18:19:01Z
L301,5,3,24.25,standard,2026-07-19T18:19:01Z
L301,5,4,24.25,standard,2026-07-19T18:19:01Z
L301,5,5,24.25,standard,2026-07-19T18:19:01Z
L301,5,6,24.25,standard,2026-07-19T18:19:01Z
L301,5,7,24.25,standard,2026-07-19T18:19:01Z
L301,5,8,24.25,standard,2026-07-19T18:19:01Z
L301,5,9,24.25,standard,2026-07-19T18:19:01Z
L302,1,10,24.25,standard,2026-07-19T18:19:01Z
L302,1,3,24.25,standard,2026-07-19T18:19:01Z
L302,1,4,24.25,standard,2026-07-19T18:19:01Z
L302,1,8,24.25,standard,2026-07-19T18:19:01Z
L302,1,9,24.25,standard,2026-07-19T18:19:01Z
L302,2,10,24.25,standard,2026-07-19T18:19:01Z
L302,2,11,24.25,standard,2026-07-19T18:19:01Z
L302,2,12,24.25,standard,2026-07-19T18:19:01Z
L302,2,13,24.25,standard,2026-07-19T18:19:01Z
L302,2,14,24.25,standard,2026-07-19T18:19:01Z
L302,2,24,24.25,standard,2026-07-19T18:19:01Z
L302,2,3,24.25,standard,2026-07-19T18:19:01Z
L302,2,4,24.25,standard,2026-07-19T18:19:01Z
L302,2,5,24.25,standard,2026-07-19T18:19:01Z
L302,2,6,24.25,standard,2026-07-19T18:19:01Z
L302,2,7,24.25,standard,2026-07-19T18:19:01Z
L302,2,8,24.25,standard,2026-07-19T18:19:01Z
L302,2,9,24.25,standard,2026-07-19T18:19:01Z
L302,3,10,24.25,standard,2026-07-19T18:19:01Z
L302,3,24,24.25,standard,2026-07-19T18:19:01Z
L302,3,3,24.25,standard,2026-07-19T18:19:01Z
L302,3,4,24.25,standard,2026-07-19T18:19:01Z
L302,3,5,24.25,standard,2026-07-19T18:19:01Z
L302,3,6,24.25,standard,2026-07-19T18:19:01Z
L302,3,7,24.25,standard,2026-07-19T18:19:01Z
L302,3,8,24.25,standard,2026-07-19T18:19:01Z
L302,3,9,24.25,standard,2026-07-19T18:19:01Z
L302,4,10,24.25,standard,2026-07-19T18:19:01Z
L302,4,11,24.25,standard,2026-07-19T18:19:01Z
L302,4,12,24.25,standard,2026-07-19T18:19:01Z
L302,4,13,24.25,standard,2026-07-19T18:19:01Z
L302,4,14,24.25,standard,2026-07-19T18:19:01Z
L302,4,15,24.25,standard,2026-07-19T18:19:01Z
L302,4,16,24.25,standard,2026-07-19T18:19:01Z
L302,4,17,24.25,standard,2026-07-19T18:19:01Z
L302,4,18,24.25,standard,2026-07-19T18:19:01Z
L302,4,19,24.25,standard,2026-07-19T18:19:01Z
L302,4,20,24.25,standard,2026-07-19T18:19:01Z
L302,4,21,24.25,standard,2026-07-19T18:19:01Z
L302,4,22,24.25,standard,2026-07-19T18:19:01Z
L302,4,23,24.25,standard,2026-07-19T18:19:01Z
L302,4,24,24.25,standard,2026-07-19T18:19:01Z
L302,4,3,24.25,standard,2026-07-19T18:19:01Z
L302,4,4,24.25,standard,2026-07-19T18:19:01Z
L302,4,5,24.25,standard,2026-07-19T18:19:01Z
L302,4,6,24.25,standard,2026-07-19T18:19:01Z
L302,4,7,24.25,standard,2026-07-19T18:19:01Z
L302,4,8,24.25,standard,2026-07-19T18:19:01Z
L302,4,9,24.25,standard,2026-07-19T18:19:01Z
L302,5,10,24.25,standard,2026-07-19T18:19:01Z
L302,5,11,24.25,standard,2026-07-19T18:19:01Z
L302,5,12,24.25,standard,2026-07-19T18:19:01Z
L302,5,13,24.25,standard,2026-07-19T18:19:01Z
L302,5,14,24.25,standard,2026-07-19T18:19:01Z
L302,5,15,24.25,standard,2026-07-19T18:19:01Z
L302,5,16,24.25,standard,2026-07-19T18:19:01Z
L302,5,17,24.25,standard,2026-07-19T18:19:01Z
L302,5,18,24.25,standard,2026-07-19T18:19:01Z
L302,5,19,24.25,standard,2026-07-19T18:19:01Z
L302,5,20,24.25,standard,2026-07-19T18:19:01Z
L302,5,21,24.25,standard,2026-07-19T18:19:01Z
L302,5,22,24.25,standard,2026-07-19T18:19:01Z
L302,5,23,24.25,standard,2026-07-19T18:19:01Z
L302,5,24,24.25,standard,2026-07-19T18:19:01Z
L302,5,3,24.25,standard,2026-07-19T18:19:01Z
L302,5,4,24.25,standard,2026-07-19T18:19:01Z
L302,5,5,24.25,standard,2026-07-19T18:19:01Z
L302,5,6,24.25,standard,2026-07-19T18:19:01Z
L302,5,7,24.25,standard,2026-07-19T18:19:01Z
L302,5,8,24.25,standard,2026-07-19T18:19:01Z
L302,5,9,24.25,standard,2026-07-19T18:19:01Z
L303,1,10,24.25,standard,2026-07-19T18:19:01Z
L303,1,11,24.25,standard,2026-07-19T18:19:01Z
L303,1,12,24.25,standard,2026-07-19T18:19:01Z
L303,1,21,24.25,standard,2026-07-19T18:19:01Z
L303,1,22,24.25,standard,2026-07-19T18:19:01Z
L303,1,23,24.25,standard,2026-07-19T18:19:01Z
L303,1,24,24.25,standard,2026-07-19T18:19:01Z
L303,2,10,24.25,standard,2026-07-19T18:19:01Z
L303,2,19,24.25,standard,2026-07-19T18:19:01Z
L303,2,20,24.25,standard,2026-07-19T18:19:01Z
L303,2,21,24.25,standard,2026-07-19T18:19:01Z
L303,2,22,24.25,standard,2026-07-19T18:19:01Z
L303,2,23,24.25,standard,2026-07-19T18:19:01Z
L303,2,24,24.25,standard,2026-07-19T18:19:01Z
L303,2,3,24.25,standard,2026-07-19T18:19:01Z
L303,2,4,24.25,standard,2026-07-19T18:19:01Z
L303,2,5,24.25,standard,2026-07-19T18:19:01Z
L303,2,6,24.25,standard,2026-07-19T18:19:01Z
L303,2,7,24.25,standard,2026-07-19T18:19:01Z
L303,2,8,24.25,standard,2026-07-19T18:19:01Z
L303,2,9,24.25,standard,2026-07-19T18:19:01Z
L303,3,24,24.25,standard,2026-07-19T18:19:01Z
L303,4,10,24.25,standard,2026-07-19T18:19:01Z
L303,4,11,24.25,standard,2026-07-19T18:19:01Z
L303,4,12,24.25,standard,2026-07-19T18:19:01Z
L303,4,13,24.25,standard,2026-07-19T18:19:01Z
L303,4,14,24.25,standard,2026-07-19T18:19:01Z
L303,4,15,24.25,standard,2026-07-19T18:19:01Z
L303,4,16,24.25,standard,2026-07-19T18:19:01Z
L303,4,17,24.25,standard,2026-07-19T18:19:01Z
L303,4,18,24.25,standard,2026-07-19T18:19:01Z
L303,4,19,24.25,standard,2026-07-19T18:19:01Z
L303,4,20,24.25,standard,2026-07-19T18:19:01Z
L303,4,21,24.25,standard,2026-07-19T18:19:01Z
L303,4,22,24.25,standard,2026-07-19T18:19:01Z
L303,4,23,24.25,standard,2026-07-19T18:19:01Z
L303,4,24,24.25,standard,2026-07-19T18:19:01Z
L303,4,5,24.25,standard,2026-07-19T18:19:01Z
L303,4,6,24.25,standard,2026-07-19T18:19:01Z
L303,4,7,24.25,standard,2026-07-19T18:19:01Z
L303,4,8,24.25,standard,2026-07-19T18:19:01Z
L303,4,9,24.25,standard,2026-07-19T18:19:01Z
L303,5,10,24.25,standard,2026-07-19T18:19:01Z
L303,5,11,24.25,standard,2026-07-19T18:19:01Z
L303,5,12,24.25,standard,2026-07-19T18:19:01Z
L303,5,13,24.25,standard,2026-07-19T18:19:01Z
L303,5,14,24.25,standard,2026-07-19T18:19:01Z
L303,5,15,24.25,standard,2026-07-19T18:19:01Z
L303,5,16,24.25,standard,2026-07-19T18:19:01Z
L303,5,17,24.25,standard,2026-07-19T18:19:01Z
L303,5,18,24.25,standard,2026-07-19T18:19:01Z
L303,5,19,24.25,standard,2026-07-19T18:19:01Z
L303,5,20,24.25,standard,2026-07-19T18:19:01Z
L303,5,21,24.25,standard,2026-07-19T18:19:01Z
L303,5,22,24.25,standard,2026-07-19T18:19:01Z
L303,5,23,24.25,standard,2026-07-19T18:19:01Z
L303,5,24,24.25,standard,2026-07-19T18:19:01Z
L303,5,5,24.25,standard,2026-07-19T18:19:01Z
L303,5,6,24.25,standard,2026-07-19T18:19:01Z
L303,5,7,24.25,standard,2026-07-19T18:19:01Z
L303,5,8,24.25,standard,2026-07-19T18:19:01Z
L303,5,9,24.25,standard,2026-07-19T18:19:01Z
L304,1,16,24.25,standard,2026-07-19T18:19:01Z
L304,1,17,24.25,standard,2026-07-19T18:19:01Z
L304,1,18,24.25,standard,2026-07-19T18:19:01Z
L304,1,19,24.25,standard,2026-07-19T18:19:01Z
L304,1,20,24.25,standard,2026-07-19T18:19:01Z
L304,1,21,24.25,standard,2026-07-19T18:19:01Z
L304,1,22,24.25,standard,2026-07-19T18:19:01Z
L304,2,1,24.25,standard,2026-07-19T18:19:01Z
L304,2,24,24.25,standard,2026-07-19T18:19:01Z
L304,3,1,24.25,standard,2026-07-19T18:19:01Z
L304,4,10,24.25,standard,2026-07-19T18:19:01Z
L304,4,11,24.25,standard,2026-07-19T18:19:01Z
L304,4,12,24.25,standard,2026-07-19T18:19:01Z
L304,4,13,24.25,standard,2026-07-19T18:19:01Z
L304,4,14,24.25,standard,2026-07-19T18:19:01Z
L304,4,15,24.25,standard,2026-07-19T18:19:01Z
L304,4,16,24.25,standard,2026-07-19T18:19:01Z
L304,4,17,24.25,standard,2026-07-19T18:19:01Z
L304,4,18,24.25,standard,2026-07-19T18:19:01Z
L304,4,19,24.25,standard,2026-07-19T18:19:01Z
L304,4,20,24.25,standard,2026-07-19T18:19:01Z
L304,4,21,24.25,standard,2026-07-19T18:19:01Z
L304,4,22,24.25,standard,2026-07-19T18:19:01Z
L304,4,23,24.25,standard,2026-07-19T18:19:01Z
L304,4,24,24.25,standard,2026-07-19T18:19:01Z
L304,4,5,24.25,standard,2026-07-19T18:19:01Z
L304,4,6,24.25,standard,2026-07-19T18:19:01Z
L304,4,8,24.25,standard,2026-07-19T18:19:01Z
L304,4,9,24.25,standard,2026-07-19T18:19:01Z
L304,5,10,24.25,standard,2026-07-19T18:19:01Z
L304,5,11,24.25,standard,2026-07-19T18:19:01Z
L304,5,12,24.25,standard,2026-07-19T18:19:01Z
L304,5,13,24.25,standard,2026-07-19T18:19:01Z
L304,5,14,24.25,standard,2026-07-19T18:19:01Z
L304,5,15,24.25,standard,2026-07-19T18:19:01Z
L304,5,16,24.25,standard,2026-07-19T18:19:01Z
L304,5,17,24.25,standard,2026-07-19T18:19:01Z
L304,5,18,24.25,standard,2026-07-19T18:19:01Z
L304,5,19,24.25,standard,2026-07-19T18:19:01Z
L304,5,20,24.25,standard,2026-07-19T18:19:01Z
L304,5,21,24.25,standard,2026-07-19T18:19:01Z
L304,5,22,24.25,standard,2026-07-19T18:19:01Z
L304,5,23,24.25,standard,2026-07-19T18:19:01Z
L304,5,24,24.25,standard,2026-07-19T18:19:01Z
L304,5,3,24.25,standard,2026-07-19T18:19:01Z
L304,5,4,24.25,standard,2026-07-19T18:19:01Z
L304,5,5,24.25,standard,2026-07-19T18:19:01Z
L304,5,6,24.25,standard,2026-07-19T18:19:01Z
L304,5,7,24.25,standard,2026-07-19T18:19:01Z
L304,5,8,24.25,standard,2026-07-19T18:19:01Z
L304,5,9,24.25,standard,2026-07-19T18:19:01Z
L305,1,10,24.25,standard,2026-07-19T18:19:01Z
L305,1,11,24.25,standard,2026-07-19T18:19:01Z
L305,1,12,24.25,standard,2026-07-19T18:19:01Z
L305,1,15,24.25,standard,2026-07-19T18:19:01Z
L305,1,16,24.25,standard,2026-07-19T18:19:01Z
L305,1,17,24.25,standard,2026-07-19T18:19:01Z
L305,1,18,24.25,standard,2026-07-19T18:19:01Z
L305,1,19,24.25,standard,2026-07-19T18:19:01Z
L305,1,20,24.25,standard,2026-07-19T18:19:01Z
L305,1,21,24.25,standard,2026-07-19T18:19:01Z
L305,1,22,24.25,standard,2026-07-19T18:19:01Z
L305,2,10,24.25,standard,2026-07-19T18:19:01Z
L305,2,11,24.25,standard,2026-07-19T18:19:01Z
L305,2,12,24.25,standard,2026-07-19T18:19:01Z
L305,2,13,24.25,standard,2026-07-19T18:19:01Z
L305,2,14,24.25,standard,2026-07-19T18:19:01Z
L305,2,21,24.25,standard,2026-07-19T18:19:01Z
L305,2,22,24.25,standard,2026-07-19T18:19:01Z
L305,2,23,24.25,standard,2026-07-19T18:19:01Z
L305,2,24,24.25,standard,2026-07-19T18:19:01Z
L305,3,10,24.25,standard,2026-07-19T18:19:01Z
L305,3,11,24.25,standard,2026-07-19T18:19:01Z
L305,3,12,24.25,standard,2026-07-19T18:19:01Z
L305,3,21,24.25,standard,2026-07-19T18:19:01Z
L305,3,22,24.25,standard,2026-07-19T18:19:01Z
L305,3,3,24.25,standard,2026-07-19T18:19:01Z
L305,3,4,24.25,standard,2026-07-19T18:19:01Z
L305,3,5,24.25,standard,2026-07-19T18:19:01Z
L305,3,6,24.25,standard,2026-07-19T18:19:01Z
L305,3,7,24.25,standard,2026-07-19T18:19:01Z
L305,3,8,24.25,standard,2026-07-19T18:19:01Z
L305,3,9,24.25,standard,2026-07-19T18:19:01Z
L305,4,10,24.25,standard,2026-07-19T18:19:01Z
L305,4,11,24.25,standard,2026-07-19T18:19:01Z
L305,4,12,24.25,standard,2026-07-19T18:19:01Z
L305,4,13,24.25,standard,2026-07-19T18:19:01Z
L305,4,14,24.25,standard,2026-07-19T18:19:01Z
L305,4,15,24.25,standard,2026-07-19T18:19:01Z
L305,4,16,24.25,standard,2026-07-19T18:19:01Z
L305,4,17,24.25,standard,2026-07-19T18:19:01Z
L305,4,18,24.25,standard,2026-07-19T18:19:01Z
L305,4,19,24.25,standard,2026-07-19T18:19:01Z
L305,4,20,24.25,standard,2026-07-19T18:19:01Z
L305,4,21,24.25,standard,2026-07-19T18:19:01Z
L305,4,22,24.25,standard,2026-07-19T18:19:01Z
L305,4,23,24.25,standard,2026-07-19T18:19:01Z
L305,4,24,24.25,standard,2026-07-19T18:19:01Z
L305,4,3,24.25,standard,2026-07-19T18:19:01Z
L305,4,4,24.25,standard,2026-07-19T18:19:01Z
L305,4,5,24.25,standard,2026-07-19T18:19:01Z
L305,4,6,24.25,standard,2026-07-19T18:19:01Z
L305,4,7,24.25,standard,2026-07-19T18:19:01Z
L305,4,8,24.25,standard,2026-07-19T18:19:01Z
L305,4,9,24.25,standard,2026-07-19T18:19:01Z
L305,5,10,24.25,standard,2026-07-19T18:19:01Z
L305,5,11,24.25,standard,2026-07-19T18:19:01Z
L305,5,12,24.25,standard,2026-07-19T18:19:01Z
L305,5,13,24.25,standard,2026-07-19T18:19:01Z
L305,5,14,24.25,standard,2026-07-19T18:19:01Z
L305,5,15,24.25,standard,2026-07-19T18:19:01Z
L305,5,16,24.25,standard,2026-07-19T18:19:01Z
L305,5,17,24.25,standard,2026-07-19T18:19:01Z
L305,5,18,24.25,standard,2026-07-19T18:19:01Z
L305,5,19,24.25,standard,2026-07-19T18:19:01Z
L305,5,20,24.25,standard,2026-07-19T18:19:01Z
L305,5,21,24.25,standard,2026-07-19T18:19:01Z
L305,5,22,24.25,standard,2026-07-19T18:19:01Z
L305,5,23,24.25,standard,2026-07-19T18:19:01Z
L305,5,24,24.25,standard,2026-07-19T18:19:01Z
L305,5,4,24.25,standard,2026-07-19T18:19:01Z
L305,5,5,24.25,standard,2026-07-19T18:19:01Z
L305,5,6,24.25,standard,2026-07-19T18:19:01Z
L305,5,7,24.25,standard,2026-07-19T18:19:01Z
L305,5,8,24.25,standard,2026-07-19T18:19:01Z
L305,5,9,24.25,standard,2026-07-19T18:19:01Z
L306,1,11,24.25,standard,2026-07-19T18:19:01Z
L306,1,12,24.25,standard,2026-07-19T18:19:01Z
L306,1,13,24.25,standard,2026-07-19T18:19:01Z
L306,1,14,24.25,standard,2026-07-19T18:19:01Z
L306,1,15,24.25,standard,2026-07-19T18:19:01Z
L306,1,16,24.25,standard,2026-07-19T18:19:01Z
L306,1,19,24.25,standard,2026-07-19T18:19:01Z
L306,1,20,24.25,standard,2026-07-19T18:19:01Z
L306,1,23,24.25,standard,2026-07-19T18:19:01Z
L306,1,24,24.25,standard,2026-07-19T18:19:01Z
L306,1,5,24.25,standard,2026-07-19T18:19:01Z
L306,1,6,24.25,standard,2026-07-19T18:19:01Z
L306,2,16,24.25,standard,2026-07-19T18:19:01Z
L306,2,17,24.25,standard,2026-07-19T18:19:01Z
L306,2,18,24.25,standard,2026-07-19T18:19:01Z
L306,2,19,24.25,standard,2026-07-19T18:19:01Z
L306,2,20,24.25,standard,2026-07-19T18:19:01Z
L306,2,21,24.25,standard,2026-07-19T18:19:01Z
L306,2,22,24.25,standard,2026-07-19T18:19:01Z
L306,2,23,24.25,standard,2026-07-19T18:19:01Z
L306,2,24,24.25,standard,2026-07-19T18:19:01Z
L306,3,17,24.25,standard,2026-07-19T18:19:01Z
L306,3,18,24.25,standard,2026-07-19T18:19:01Z
L306,3,19,24.25,standard,2026-07-19T18:19:01Z
L306,3,20,24.25,standard,2026-07-19T18:19:01Z
L306,3,21,24.25,standard,2026-07-19T18:19:01Z
L306,3,22,24.25,standard,2026-07-19T18:19:01Z
L306,3,23,24.25,standard,2026-07-19T18:19:01Z
L306,3,24,24.25,standard,2026-07-19T18:19:01Z
L306,3,3,24.25,standard,2026-07-19T18:19:01Z
L306,3,4,24.25,standard,2026-07-19T18:19:01Z
L306,3,5,24.25,standard,2026-07-19T18:19:01Z
L306,3,6,24.25,standard,2026-07-19T18:19:01Z
L306,3,7,24.25,standard,2026-07-19T18:19:01Z
L306,3,8,24.25,standard,2026-07-19T18:19:01Z
L306,3,9,24.25,standard,2026-07-19T18:19:01Z
L306,4,10,24.25,standard,2026-07-19T18:19:01Z
L306,4,11,24.25,standard,2026-07-19T18:19:01Z
L306,4,12,24.25,standard,2026-07-19T18:19:01Z
L306,4,13,24.25,standard,2026-07-19T18:19:01Z
L306,4,14,24.25,standard,2026-07-19T18:19:01Z
L306,4,15,24.25,standard,2026-07-19T18:19:01Z
L306,4,16,24.25,standard,2026-07-19T18:19:01Z
L306,4,17,24.25,standard,2026-07-19T18:19:01Z
L306,4,18,24.25,standard,2026-07-19T18:19:01Z
L306,5,10,24.25,standard,2026-07-19T18:19:01Z
L306,5,11,24.25,standard,2026-07-19T18:19:01Z
L306,5,12,24.25,standard,2026-07-19T18:19:01Z
L306,5,13,24.25,standard,2026-07-19T18:19:01Z
L306,5,14,24.25,standard,2026-07-19T18:19:01Z
L306,5,15,24.25,standard,2026-07-19T18:19:01Z
L306,5,16,24.25,standard,2026-07-19T18:19:01Z
L306,5,17,24.25,standard,2026-07-19T18:19:01Z
L306,5,18,24.25,standard,2026-07-19T18:19:01Z
L306,5,19,24.25,standard,2026-07-19T18:19:01Z
L306,5,23,24.25,standard,2026-07-19T18:19:01Z
L306,5,24,24.25,standard,2026-07-19T18:19:01Z
L306,5,3,24.25,standard,2026-07-19T18:19:01Z
L306,5,4,24.25,standard,2026-07-19T18:19:01Z
L306,5,5,24.25,standard,2026-07-19T18:19:01Z
L306,5,6,24.25,standard,2026-07-19T18:19:01Z
L306,5,7,24.25,standard,2026-07-19T18:19:01Z
L306,5,8,24.25,standard,2026-07-19T18:19:01Z
L306,5,9,24.25,standard,2026-07-19T18:19:01Z
L307,1,10,24.25,standard,2026-07-19T18:19:01Z
L307,1,13,24.25,standard,2026-07-19T18:19:01Z
L307,1,14,24.25,standard,2026-07-19T18:19:01Z
L307,1,15,24.25,standard,2026-07-19T18:19:01Z
L307,1,18,24.25,standard,2026-07-19T18:19:01Z
L307,1,22,24.25,standard,2026-07-19T18:19:01Z
L307,1,23,24.25,standard,2026-07-19T18:19:01Z
L307,1,24,24.25,standard,2026-07-19T18:19:01Z
L307,2,15,24.25,standard,2026-07-19T18:19:01Z
L307,2,16,24.25,standard,2026-07-19T18:19:01Z
L307,2,17,24.25,standard,2026-07-19T18:19:01Z
L307,2,18,24.25,standard,2026-07-19T18:19:01Z
L307,2,19,24.25,standard,2026-07-19T18:19:01Z
L307,2,20,24.25,standard,2026-07-19T18:19:01Z
L307,2,21,24.25,standard,2026-07-19T18:19:01Z
L307,2,22,24.25,standard,2026-07-19T18:19:01Z
L307,2,23,24.25,standard,2026-07-19T18:19:01Z
L307,2,3,24.25,standard,2026-07-19T18:19:01Z
L307,2,4,24.25,standard,2026-07-19T18:19:01Z
L307,2,5,24.25,standard,2026-07-19T18:19:01Z
L307,3,10,24.25,standard,2026-07-19T18:19:01Z
L307,3,11,24.25,standard,2026-07-19T18:19:01Z
L307,3,12,24.25,standard,2026-07-19T18:19:01Z
L307,3,13,24.25,standard,2026-07-19T18:19:01Z
L307,3,14,24.25,standard,2026-07-19T18:19:01Z
L307,3,15,24.25,standard,2026-07-19T18:19:01Z
L307,3,16,24.25,standard,2026-07-19T18:19:01Z
L307,3,17,24.25,standard,2026-07-19T18:19:01Z
L307,3,18,24.25,standard,2026-07-19T18:19:01Z
L307,3,19,24.25,standard,2026-07-19T18:19:01Z
L307,3,20,24.25,standard,2026-07-19T18:19:01Z
L307,3,21,24.25,standard,2026-07-19T18:19:01Z
L307,3,22,24.25,standard,2026-07-19T18:19:01Z
L307,3,23,24.25,standard,2026-07-19T18:19:01Z
L307,3,24,24.25,standard,2026-07-19T18:19:01Z
L307,3,3,24.25,standard,2026-07-19T18:19:01Z
L307,3,4,24.25,standard,2026-07-19T18:19:01Z
L307,3,5,24.25,standard,2026-07-19T18:19:01Z
L307,3,6,24.25,standard,2026-07-19T18:19:01Z
L307,3,7,24.25,standard,2026-07-19T18:19:01Z
L307,3,8,24.25,standard,2026-07-19T18:19:01Z
L307,3,9,24.25,standard,2026-07-19T18:19:01Z
L307,4,10,24.25,standard,2026-07-19T18:19:01Z
L307,4,11,24.25,standard,2026-07-19T18:19:01Z
L307,4,12,24.25,standard,2026-07-19T18:19:01Z
L307,4,13,24.25,standard,2026-07-19T18:19:01Z
L307,4,14,24.25,standard,2026-07-19T18:19:01Z
L307,4,15,24.25,standard,2026-07-19T18:19:01Z
L307,4,16,24.25,standard,2026-07-19T18:19:01Z
L307,4,17,24.25,standard,2026-07-19T18:19:01Z
L307,4,18,24.25,standard,2026-07-19T18:19:01Z
L307,4,2,24.25,standard,2026-07-19T18:19:01Z
L307,4,3,24.25,standard,2026-07-19T18:19:01Z
L307,4,4,24.25,standard,2026-07-19T18:19:01Z
L307,4,5,24.25,standard,2026-07-19T18:19:01Z
L307,4,6,24.25,standard,2026-07-19T18:19:01Z
L307,4,7,24.25,standard,2026-07-19T18:19:01Z
L307,4,8,24.25,standard,2026-07-19T18:19:01Z
L307,4,9,24.25,standard,2026-07-19T18:19:01Z
L307,5,10,24.25,standard,2026-07-19T18:19:01Z
L307,5,11,24.25,standard,2026-07-19T18:19:01Z
L307,5,12,24.25,standard,2026-07-19T18:19:01Z
L307,5,13,24.25,standard,2026-07-19T18:19:01Z
L307,5,14,24.25,standard,2026-07-19T18:19:01Z
L307,5,15,24.25,standard,2026-07-19T18:19:01Z
L307,5,16,24.25,standard,2026-07-19T18:19:01Z
L307,5,17,24.25,standard,2026-07-19T18:19:01Z
L307,5,4,24.25,standard,2026-07-19T18:19:01Z
L307,5,5,24.25,standard,2026-07-19T18:19:01Z
L307,5,6,24.25,standard,2026-07-19T18:19:01Z
L307,5,7,24.25,standard,2026-07-19T18:19:01Z
L307,5,8,24.25,standard,2026-07-19T18:19:01Z
L307,5,9,24.25,standard,2026-07-19T18:19:01Z
L308,1,2,24.25,standard,2026-07-19T18:19:01Z
L308,1,3,24.25,standard,2026-07-19T18:19:01Z
L308,1,4,24.25,standard,2026-07-19T18:19:01Z
L308,2,1,24.25,standard,2026-07-19T18:19:01Z
L308,2,2,24.25,standard,2026-07-19T18:19:01Z
L308,2,3,24.25,standard,2026-07-19T18:19:01Z
L308,2,4,24.25,standard,2026-07-19T18:19:01Z
L308,2,5,24.25,standard,2026-07-19T18:19:01Z
L308,2,6,24.25,standard,2026-07-19T18:19:01Z
L308,2,7,24.25,standard,2026-07-19T18:19:01Z
L308,2,8,24.25,standard,2026-07-19T18:19:01Z
L308,3,2,24.25,standard,2026-07-19T18:19:01Z
L308,3,3,24.25,standard,2026-07-19T18:19:01Z
L308,3,4,24.25,standard,2026-07-19T18:19:01Z
L308,3,5,24.25,standard,2026-07-19T18:19:01Z
L308,3,6,24.25,standard,2026-07-19T18:19:01Z
L308,3,7,24.25,standard,2026-07-19T18:19:01Z
L308,3,8,24.25,standard,2026-07-19T18:19:01Z
L308,4,14,24.25,standard,2026-07-19T18:19:01Z
L308,4,15,24.25,standard,2026-07-19T18:19:01Z
L308,4,16,24.25,standard,2026-07-19T18:19:01Z
L308,4,2,24.25,standard,2026-07-19T18:19:01Z
L308,4,3,24.25,standard,2026-07-19T18:19:01Z
L308,4,4,24.25,standard,2026-07-19T18:19:01Z
L308,4,5,24.25,standard,2026-07-19T18:19:01Z
L308,4,6,24.25,standard,2026-07-19T18:19:01Z
L308,4,7,24.25,standard,2026-07-19T18:19:01Z
L308,4,8,24.25,standard,2026-07-19T18:19:01Z
L308,5,11,24.25,standard,2026-07-19T18:19:01Z
L308,5,12,24.25,standard,2026-07-19T18:19:01Z
L308,5,13,24.25,standard,2026-07-19T18:19:01Z
L308,5,14,24.25,standard,2026-07-19T18:19:01Z
L308,5,15,24.25,standard,2026-07-19T18:19:01Z
L308,5,16,24.25,standard,2026-07-19T18:19:01Z
L308,5,2,24.25,standard,2026-07-19T18:19:01Z
L308,5,3,24.25,standard,2026-07-19T18:19:01Z
L308,5,4,24.25,standard,2026-07-19T18:19:01Z
L308,5,5,24.25,standard,2026-07-19T18:19:01Z
L308,5,6,24.25,standard,2026-07-19T18:19:01Z
L308,5,7,24.25,standard,2026-07-19T18:19:01Z
L308,5,8,24.25,standard,2026-07-19T18:19:01Z
L309,2,12,24.25,standard,2026-07-19T18:19:01Z
L309,2,13,24.25,standard,2026-07-19T18:19:01Z
L309,2,14,24.25,standard,2026-07-19T18:19:01Z
L309,2,15,24.25,standard,2026-07-19T18:19:01Z
L309,2,16,24.25,standard,2026-07-19T18:19:01Z
L309,2,17,24.25,standard,2026-07-19T18:19:01Z
L309,2,18,24.25,standard,2026-07-19T18:19:01Z
L309,2,19,24.25,standard,2026-07-19T18:19:01Z
L309,3,10,24.25,standard,2026-07-19T18:19:01Z
L309,3,11,24.25,standard,2026-07-19T18:19:01Z
L309,3,12,24.25,standard,2026-07-19T18:19:01Z
L309,3,13,24.25,standard,2026-07-19T18:19:01Z
L309,3,14,24.25,standard,2026-07-19T18:19:01Z
L309,3,15,24.25,standard,2026-07-19T18:19:01Z
L309,3,16,24.25,standard,2026-07-19T18:19:01Z
L309,3,17,24.25,standard,2026-07-19T18:19:01Z
L309,3,18,24.25,standard,2026-07-19T18:19:01Z
L309,3,19,24.25,standard,2026-07-19T18:19:01Z
L309,3,20,24.25,standard,2026-07-19T18:19:01Z
L309,3,3,24.25,standard,2026-07-19T18:19:01Z
L309,3,4,24.25,standard,2026-07-19T18:19:01Z
L309,3,5,24.25,standard,2026-07-19T18:19:01Z
L309,3,6,24.25,standard,2026-07-19T18:19:01Z
L309,3,7,24.25,standard,2026-07-19T18:19:01Z
L309,3,8,24.25,standard,2026-07-19T18:19:01Z
L309,3,9,24.25,standard,2026-07-19T18:19:01Z
L309,4,10,24.25,standard,2026-07-19T18:19:01Z
L309,4,11,24.25,standard,2026-07-19T18:19:01Z
L309,4,12,24.25,standard,2026-07-19T18:19:01Z
L309,4,13,24.25,standard,2026-07-19T18:19:01Z
L309,4,14,24.25,standard,2026-07-19T18:19:01Z
L309,4,15,24.25,standard,2026-07-19T18:19:01Z
L309,4,16,24.25,standard,2026-07-19T18:19:01Z
L309,4,17,24.25,standard,2026-07-19T18:19:01Z
L309,4,18,24.25,standard,2026-07-19T18:19:01Z
L309,4,19,24.25,standard,2026-07-19T18:19:01Z
L309,4,20,24.25,standard,2026-07-19T18:19:01Z
L309,4,21,24.25,standard,2026-07-19T18:19:01Z
L309,4,22,24.25,standard,2026-07-19T18:19:01Z
L309,4,3,24.25,standard,2026-07-19T18:19:01Z
L309,4,4,24.25,standard,2026-07-19T18:19:01Z
L309,4,5,24.25,standard,2026-07-19T18:19:01Z
L309,4,6,24.25,standard,2026-07-19T18:19:01Z
L309,4,7,24.25,standard,2026-07-19T18:19:01Z
L309,4,8,24.25,standard,2026-07-19T18:19:01Z
L309,4,9,24.25,standard,2026-07-19T18:19:01Z
L309,5,10,24.25,standard,2026-07-19T18:19:01Z
L309,5,11,24.25,standard,2026-07-19T18:19:01Z
L309,5,12,24.25,standard,2026-07-19T18:19:01Z
L309,5,13,24.25,standard,2026-07-19T18:19:01Z
L309,5,14,24.25,standard,2026-07-19T18:19:01Z
L309,5,15,24.25,standard,2026-07-19T18:19:01Z
L309,5,16,24.25,standard,2026-07-19T18:19:01Z
L309,5,17,24.25,standard,2026-07-19T18:19:01Z
L309,5,18,24.25,standard,2026-07-19T18:19:01Z
L309,5,19,24.25,standard,2026-07-19T18:19:01Z
L309,5,20,24.25,standard,2026-07-19T18:19:01Z
L309,5,21,24.25,standard,2026-07-19T18:19:01Z
L309,5,22,24.25,standard,2026-07-19T18:19:01Z
L309,5,23,24.25,standard,2026-07-19T18:19:01Z
L309,5,24,24.25,standard,2026-07-19T18:19:01Z
L309,5,4,24.25,standard,2026-07-19T18:19:01Z
L309,5,5,24.25,standard,2026-07-19T18:19:01Z
L309,5,6,24.25,standard,2026-07-19T18:19:01Z
L309,5,7,24.25,standard,2026-07-19T18:19:01Z
L309,5,8,24.25,standard,2026-07-19T18:19:01Z
L309,5,9,24.25,standard,2026-07-19T18:19:01Z
L311,1,1,24.25,standard,2026-07-19T18:19:01Z
L311,1,2,24.25,standard,2026-07-19T18:19:01Z
L311,1,3,24.25,standard,2026-07-19T18:19:01Z
L311,1,4,24.25,standard,2026-07-19T18:19:01Z
L311,1,5,24.25,standard,2026-07-19T18:19:01Z
L311,2,1,24.25,standard,2026-07-19T18:19:01Z
L311,2,2,24.25,standard,2026-07-19T18:19:01Z
L311,2,3,24.25,standard,2026-07-19T18:19:01Z
L311,2,4,24.25,standard,2026-07-19T18:19:01Z
L311,2,5,24.25,standard,2026-07-19T18:19:01Z
L311,2,6,24.25,standard,2026-07-19T18:19:01Z
L311,2,7,24.25,standard,2026-07-19T18:19:01Z
L311,3,2,24.25,standard,2026-07-19T18:19:01Z
L311,3,3,24.25,standard,2026-07-19T18:19:01Z
L311,3,4,24.25,standard,2026-07-19T18:19:01Z
L311,3,5,24.25,standard,2026-07-19T18:19:01Z
L311,3,6,24.25,standard,2026-07-19T18:19:01Z
L311,3,7,24.25,standard,2026-07-19T18:19:01Z
L311,3,8,24.25,standard,2026-07-19T18:19:01Z
L311,3,9,24.25,standard,2026-07-19T18:19:01Z
L311,4,1,24.25,standard,2026-07-19T18:19:01Z
L311,4,2,24.25,standard,2026-07-19T18:19:01Z
L311,4,3,24.25,standard,2026-07-19T18:19:01Z
L311,4,4,24.25,standard,2026-07-19T18:19:01Z
L311,4,5,24.25,standard,2026-07-19T18:19:01Z
L311,4,6,24.25,standard,2026-07-19T18:19:01Z
L311,4,7,24.25,standard,2026-07-19T18:19:01Z
L311,4,8,24.25,standard,2026-07-19T18:19:01Z
L311,4,9,24.25,standard,2026-07-19T18:19:01Z
L311,5,1,24.25,standard,2026-07-19T18:19:01Z
L311,5,2,24.25,standard,2026-07-19T18:19:01Z
L311,5,3,24.25,standard,2026-07-19T18:19:01Z
L311,5,4,24.25,standard,2026-07-19T18:19:01Z
L311,5,5,24.25,standard,2026-07-19T18:19:01Z
L311,5,6,24.25,standard,2026-07-19T18:19:01Z
L311,5,7,24.25,standard,2026-07-19T18:19:01Z
L311,5,8,24.25,standard,2026-07-19T18:19:01Z
L311,5,9,24.25,standard,2026-07-19T18:19:01Z
L312,7,10,24.25,standard,2026-07-19T18:19:01Z
L312,7,11,24.25,standard,2026-07-19T18:19:01Z
L312,7,12,24.25,standard,2026-07-19T18:19:01Z
L312,7,13,24.25,standard,2026-07-19T18:19:01Z
L312,7,14,24.25,standard,2026-07-19T18:19:01Z
L312,7,15,24.25,standard,2026-07-19T18:19:01Z
L312,7,16,24.25,standard,2026-07-19T18:19:01Z
L312,7,17,24.25,standard,2026-07-19T18:19:01Z
L312,7,18,24.25,standard,2026-07-19T18:19:01Z
L312,7,19,24.25,standard,2026-07-19T18:19:01Z
L312,7,20,24.25,standard,2026-07-19T18:19:01Z
L312,7,21,24.25,standard,2026-07-19T18:19:01Z
L312,7,22,24.25,standard,2026-07-19T18:19:01Z
L312,7,3,24.25,standard,2026-07-19T18:19:01Z
L312,7,4,24.25,standard,2026-07-19T18:19:01Z
L312,7,5,24.25,standard,2026-07-19T18:19:01Z
L312,7,6,24.25,standard,2026-07-19T18:19:01Z
L312,7,7,24.25,standard,2026-07-19T18:19:01Z
L312,7,8,24.25,standard,2026-07-19T18:19:01Z
L312,7,9,24.25,standard,2026-07-19T18:19:01Z
L312,1,15,24.25,standard,2026-07-19T18:19:01Z
L312,1,20,24.25,standard,2026-07-19T18:19:01Z
L312,1,3,24.25,standard,2026-07-19T18:19:01Z
L312,1,7,24.25,standard,2026-07-19T18:19:01Z
L312,2,10,24.25,standard,2026-07-19T18:19:01Z
L312,2,11,24.25,standard,2026-07-19T18:19:01Z
L312,2,12,24.25,standard,2026-07-19T18:19:01Z
L312,2,13,24.25,standard,2026-07-19T18:19:01Z
L312,2,14,24.25,standard,2026-07-19T18:19:01Z
L312,2,15,24.25,standard,2026-07-19T18:19:01Z
L312,2,2,24.25,standard,2026-07-19T18:19:01Z
L312,2,3,24.25,standard,2026-07-19T18:19:01Z
L312,2,4,24.25,standard,2026-07-19T18:19:01Z
L312,2,5,24.25,standard,2026-07-19T18:19:01Z
L312,2,6,24.25,standard,2026-07-19T18:19:01Z
L312,2,7,24.25,standard,2026-07-19T18:19:01Z
L312,2,8,24.25,standard,2026-07-19T18:19:01Z
L312,2,9,24.25,standard,2026-07-19T18:19:01Z
L312,3,11,24.25,standard,2026-07-19T18:19:01Z
L312,3,12,24.25,standard,2026-07-19T18:19:01Z
L312,3,13,24.25,standard,2026-07-19T18:19:01Z
L312,3,14,24.25,standard,2026-07-19T18:19:01Z
L312,3,15,24.25,standard,2026-07-19T18:19:01Z
L312,3,16,24.25,standard,2026-07-19T18:19:01Z
L312,3,17,24.25,standard,2026-07-19T18:19:01Z
L312,3,18,24.25,standard,2026-07-19T18:19:01Z
L312,3,19,24.25,standard,2026-07-19T18:19:01Z
L312,3,20,24.25,standard,2026-07-19T18:19:01Z
L312,3,21,24.25,standard,2026-07-19T18:19:01Z
L312,3,22,24.25,standard,2026-07-19T18:19:01Z
L312,3,23,24.25,standard,2026-07-19T18:19:01Z
L312,3,24,24.25,standard,2026-07-19T18:19:01Z
L312,4,14,24.25,standard,2026-07-19T18:19:01Z
L312,4,15,24.25,standard,2026-07-19T18:19:01Z
L312,4,16,24.25,standard,2026-07-19T18:19:01Z
L312,4,17,24.25,standard,2026-07-19T18:19:01Z
L312,4,18,24.25,standard,2026-07-19T18:19:01Z
L312,4,19,24.25,standard,2026-07-19T18:19:01Z
L312,4,20,24.25,standard,2026-07-19T18:19:01Z
L312,4,21,24.25,standard,2026-07-19T18:19:01Z
L312,4,5,24.25,standard,2026-07-19T18:19:01Z
L312,5,10,24.25,standard,2026-07-19T18:19:01Z
L312,5,11,24.25,standard,2026-07-19T18:19:01Z
L312,5,12,24.25,standard,2026-07-19T18:19:01Z
L312,5,13,24.25,standard,2026-07-19T18:19:01Z
L312,5,14,24.25,standard,2026-07-19T18:19:01Z
L312,5,15,24.25,standard,2026-07-19T18:19:01Z
L312,5,16,24.25,standard,2026-07-19T18:19:01Z
L312,5,17,24.25,standard,2026-07-19T18:19:01Z
L312,5,18,24.25,standard,2026-07-19T18:19:01Z
L312,5,19,24.25,standard,2026-07-19T18:19:01Z
L312,5,20,24.25,standard,2026-07-19T18:19:01Z
L312,5,21,24.25,standard,2026-07-19T18:19:01Z
L312,5,22,24.25,standard,2026-07-19T18:19:01Z
L312,5,23,24.25,standard,2026-07-19T18:19:01Z
L312,5,24,24.25,standard,2026-07-19T18:19:01Z
L312,6,10,24.25,standard,2026-07-19T18:19:01Z
L312,6,11,24.25,standard,2026-07-19T18:19:01Z
L312,6,12,24.25,standard,2026-07-19T18:19:01Z
L312,6,13,24.25,standard,2026-07-19T18:19:01Z
L312,6,14,24.25,standard,2026-07-19T18:19:01Z
L312,6,15,24.25,standard,2026-07-19T18:19:01Z
L312,6,16,24.25,standard,2026-07-19T18:19:01Z
L312,6,17,24.25,standard,2026-07-19T18:19:01Z
L312,6,18,24.25,standard,2026-07-19T18:19:01Z
L312,6,19,24.25,standard,2026-07-19T18:19:01Z
L312,6,20,24.25,standard,2026-07-19T18:19:01Z
L312,6,21,24.25,standard,2026-07-19T18:19:01Z
L312,6,22,24.25,standard,2026-07-19T18:19:01Z
L312,6,23,24.25,standard,2026-07-19T18:19:01Z
L312,6,24,24.25,standard,2026-07-19T18:19:01Z
L312,6,3,24.25,standard,2026-07-19T18:19:01Z
L312,6,4,24.25,standard,2026-07-19T18:19:01Z
L312,6,5,24.25,standard,2026-07-19T18:19:01Z
L312,6,6,24.25,standard,2026-07-19T18:19:01Z
L312,6,7,24.25,standard,2026-07-19T18:19:01Z
L312,6,8,24.25,standard,2026-07-19T18:19:01Z
L312,6,9,24.25,standard,2026-07-19T18:19:01Z
L312,8,10,24.25,standard,2026-07-19T18:19:01Z
L312,8,11,24.25,standard,2026-07-19T18:19:01Z
L312,8,12,24.25,standard,2026-07-19T18:19:01Z
L312,8,13,24.25,standard,2026-07-19T18:19:01Z
L312,8,14,24.25,standard,2026-07-19T18:19:01Z
L312,8,15,24.25,standard,2026-07-19T18:19:01Z
L312,8,16,24.25,standard,2026-07-19T18:19:01Z
L312,8,3,24.25,standard,2026-07-19T18:19:01Z
L312,8,4,24.25,standard,2026-07-19T18:19:01Z
L312,8,5,24.25,standard,2026-07-19T18:19:01Z
L312,8,6,24.25,standard,2026-07-19T18:19:01Z
L312,8,7,24.25,standard,2026-07-19T18:19:01Z
L312,8,8,24.25,standard,2026-07-19T18:19:01Z
L312,8,9,24.25,standard,2026-07-19T18:19:01Z
L312,9,10,24.25,standard,2026-07-19T18:19:01Z
L312,9,11,24.25,standard,2026-07-19T18:19:01Z
L312,9,12,24.25,standard,2026-07-19T18:19:01Z
L312,9,13,24.25,standard,2026-07-19T18:19:01Z
L312,9,14,24.25,standard,2026-07-19T18:19:01Z
L312,9,15,24.25,standard,2026-07-19T18:19:01Z
L312,9,16,24.25,standard,2026-07-19T18:19:01Z
L312,9,17,24.25,standard,2026-07-19T18:19:01Z
L312,9,18,24.25,standard,2026-07-19T18:19:01Z
L312,9,8,24.25,standard,2026-07-19T18:19:01Z
L312,9,9,24.25,standard,2026-07-19T18:19:01Z
L313,1,7,24.25,standard,2026-07-19T18:19:01Z
L313,1,8,24.25,standard,2026-07-19T18:19:01Z
L313,1,9,24.25,standard,2026-07-19T18:19:01Z
L313,2,1,24.25,standard,2026-07-19T18:19:01Z
L313,2,2,24.25,standard,2026-07-19T18:19:01Z
L313,2,9,24.25,standard,2026-07-19T18:19:01Z
L313,3,9,24.25,standard,2026-07-19T18:19:01Z
L313,4,3,24.25,standard,2026-07-19T18:19:01Z
L313,4,4,24.25,standard,2026-07-19T18:19:01Z
L313,4,5,24.25,standard,2026-07-19T18:19:01Z
L313,4,6,24.25,standard,2026-07-19T18:19:01Z
L313,4,7,24.25,standard,2026-07-19T18:19:01Z
L313,4,8,24.25,standard,2026-07-19T18:19:01Z
L313,4,9,24.25,standard,2026-07-19T18:19:01Z
L313,5,3,24.25,standard,2026-07-19T18:19:01Z
L313,5,4,24.25,standard,2026-07-19T18:19:01Z
L313,5,8,24.25,standard,2026-07-19T18:19:01Z
L313,5,9,24.25,standard,2026-07-19T18:19:01Z
L315,2,10,29.25,standard,2026-07-19T18:19:01Z
L315,2,11,29.25,standard,2026-07-19T18:19:01Z
L315,2,12,29.25,standard,2026-07-19T18:19:01Z
L315,2,18,29.25,standard,2026-07-19T18:19:01Z
L315,2,19,29.25,standard,2026-07-19T18:19:01Z
L315,2,2,29.25,standard,2026-07-19T18:19:01Z
L315,2,3,29.25,standard,2026-07-19T18:19:01Z
L315,2,4,29.25,standard,2026-07-19T18:19:01Z
L315,2,5,29.25,standard,2026-07-19T18:19:01Z
L315,2,6,29.25,standard,2026-07-19T18:19:01Z
L315,2,7,29.25,standard,2026-07-19T18:19:01Z
L315,2,8,29.25,standard,2026-07-19T18:19:01Z
L315,2,9,29.25,standard,2026-07-19T18:19:01Z
L315,3,10,29.25,standard,2026-07-19T18:19:01Z
L315,3,18,29.25,standard,2026-07-19T18:19:01Z
L315,3,19,29.25,standard,2026-07-19T18:19:01Z
L315,3,20,29.25,standard,2026-07-19T18:19:01Z
L315,3,3,29.25,standard,2026-07-19T18:19:01Z
L315,3,4,29.25,standard,2026-07-19T18:19:01Z
L315,3,5,29.25,standard,2026-07-19T18:19:01Z
L315,3,6,29.25,standard,2026-07-19T18:19:01Z
L315,3,7,29.25,standard,2026-07-19T18:19:01Z
L315,3,8,29.25,standard,2026-07-19T18:19:01Z
L315,3,9,29.25,standard,2026-07-19T18:19:01Z
L315,4,10,29.25,standard,2026-07-19T18:19:01Z
L315,4,11,29.25,standard,2026-07-19T18:19:01Z
L315,4,12,29.25,standard,2026-07-19T18:19:01Z
L315,4,13,29.25,standard,2026-07-19T18:19:01Z
L315,4,14,29.25,standard,2026-07-19T18:19:01Z
L315,4,15,29.25,standard,2026-07-19T18:19:01Z
L315,4,16,29.25,standard,2026-07-19T18:19:01Z
L315,4,17,29.25,standard,2026-07-19T18:19:01Z
L315,4,18,29.25,standard,2026-07-19T18:19:01Z
L315,4,19,29.25,standard,2026-07-19T18:19:01Z
L315,4,20,29.25,standard,2026-07-19T18:19:01Z
L315,4,21,29.25,standard,2026-07-19T18:19:01Z
L315,4,22,29.25,standard,2026-07-19T18:19:01Z
L315,4,3,29.25,standard,2026-07-19T18:19:01Z
L315,4,4,29.25,standard,2026-07-19T18:19:01Z
L315,4,5,29.25,standard,2026-07-19T18:19:01Z
L315,4,6,29.25,standard,2026-07-19T18:19:01Z
L315,4,7,29.25,standard,2026-07-19T18:19:01Z
L315,4,8,29.25,standard,2026-07-19T18:19:01Z
L315,4,9,29.25,standard,2026-07-19T18:19:01Z
L315,5,10,29.25,standard,2026-07-19T18:19:01Z
L315,5,11,29.25,standard,2026-07-19T18:19:01Z
L315,5,12,29.25,standard,2026-07-19T18:19:01Z
L315,5,13,29.25,standard,2026-07-19T18:19:01Z
L315,5,14,29.25,standard,2026-07-19T18:19:01Z
L315,5,15,29.25,standard,2026-07-19T18:19:01Z
L315,5,16,29.25,standard,2026-07-19T18:19:01Z
L315,5,17,29.25,standard,2026-07-19T18:19:01Z
L315,5,18,29.25,standard,2026-07-19T18:19:01Z
L315,5,19,29.25,standard,2026-07-19T18:19:01Z
L315,5,20,29.25,standard,2026-07-19T18:19:01Z
L315,5,21,29.25,standard,2026-07-19T18:19:01Z
L315,5,22,29.25,standard,2026-07-19T18:19:01Z
L315,5,23,29.25,standard,2026-07-19T18:19:01Z
L315,5,24,29.25,standard,2026-07-19T18:19:01Z
L315,5,3,29.25,standard,2026-07-19T18:19:01Z
L315,5,4,29.25,standard,2026-07-19T18:19:01Z
L315,5,5,29.25,standard,2026-07-19T18:19:01Z
L315,5,6,29.25,standard,2026-07-19T18:19:01Z
L315,5,7,29.25,standard,2026-07-19T18:19:01Z
L315,5,8,29.25,standard,2026-07-19T18:19:01Z
L315,5,9,29.25,standard,2026-07-19T18:19:01Z
L316,2,10,29.25,standard,2026-07-19T18:19:01Z
L316,2,11,29.25,standard,2026-07-19T18:19:01Z
L316,2,12,29.25,standard,2026-07-19T18:19:01Z
L316,2,13,29.25,standard,2026-07-19T18:19:01Z
L316,2,14,29.25,standard,2026-07-19T18:19:01Z
L316,2,15,29.25,standard,2026-07-19T18:19:01Z
L316,2,16,29.25,standard,2026-07-19T18:19:01Z
L316,2,17,29.25,standard,2026-07-19T18:19:01Z
L316,2,18,29.25,standard,2026-07-19T18:19:01Z
L316,2,19,29.25,standard,2026-07-19T18:19:01Z
L316,2,2,29.25,standard,2026-07-19T18:19:01Z
L316,2,3,29.25,standard,2026-07-19T18:19:01Z
L316,2,4,29.25,standard,2026-07-19T18:19:01Z
L316,2,5,29.25,standard,2026-07-19T18:19:01Z
L316,2,6,29.25,standard,2026-07-19T18:19:01Z
L316,2,7,29.25,standard,2026-07-19T18:19:01Z
L316,2,8,29.25,standard,2026-07-19T18:19:01Z
L316,2,9,29.25,standard,2026-07-19T18:19:01Z
L317,8,10,29.25,standard,2026-07-19T18:19:01Z
L317,8,11,29.25,standard,2026-07-19T18:19:01Z
L317,8,12,29.25,standard,2026-07-19T18:19:01Z
L317,8,13,29.25,standard,2026-07-19T18:19:01Z
L317,8,14,29.25,standard,2026-07-19T18:19:01Z
L317,8,15,29.25,standard,2026-07-19T18:19:01Z
L317,8,16,29.25,standard,2026-07-19T18:19:01Z
L317,8,17,29.25,standard,2026-07-19T18:19:01Z
L317,8,18,29.25,standard,2026-07-19T18:19:01Z
L317,8,19,29.25,standard,2026-07-19T18:19:01Z
L317,8,20,29.25,standard,2026-07-19T18:19:01Z
L317,8,3,29.25,standard,2026-07-19T18:19:01Z
L317,8,4,29.25,standard,2026-07-19T18:19:01Z
L317,8,5,29.25,standard,2026-07-19T18:19:01Z
L317,8,6,29.25,standard,2026-07-19T18:19:01Z
L317,8,7,29.25,standard,2026-07-19T18:19:01Z
L317,8,8,29.25,standard,2026-07-19T18:19:01Z
L317,8,9,29.25,standard,2026-07-19T18:19:01Z
L317,9,10,29.25,standard,2026-07-19T18:19:01Z
L317,9,11,29.25,standard,2026-07-19T18:19:01Z
L317,9,12,29.25,standard,2026-07-19T18:19:01Z
L317,9,13,29.25,standard,2026-07-19T18:19:01Z
L317,9,14,29.25,standard,2026-07-19T18:19:01Z
L317,9,15,29.25,standard,2026-07-19T18:19:01Z
L317,9,16,29.25,standard,2026-07-19T18:19:01Z
L317,9,17,29.25,standard,2026-07-19T18:19:01Z
L317,9,18,29.25,standard,2026-07-19T18:19:01Z
L317,9,19,29.25,standard,2026-07-19T18:19:01Z
L317,9,20,29.25,standard,2026-07-19T18:19:01Z
L317,9,8,29.25,standard,2026-07-19T18:19:01Z
L317,9,9,29.25,standard,2026-07-19T18:19:01Z
L318,4,3,29.25,standard,2026-07-19T18:19:01Z
L318,4,4,29.25,standard,2026-07-19T18:19:01Z
L318,4,5,29.25,standard,2026-07-19T18:19:01Z
L318,4,6,29.25,standard,2026-07-19T18:19:01Z
L318,4,7,29.25,standard,2026-07-19T18:19:01Z
L318,5,5,29.25,standard,2026-07-19T18:19:01Z
L318,5,6,29.25,standard,2026-07-19T18:19:01Z
L318,5,7,29.25,standard,2026-07-19T18:19:01Z
L318,5,8,29.25,standard,2026-07-19T18:19:01Z
L318,5,9,29.25,standard,2026-07-19T18:19:01Z
L319,7,17,29.25,standard,2026-07-19T18:19:01Z
L319,7,18,29.25,standard,2026-07-19T18:19:01Z
L319,5,1,29.25,standard,2026-07-19T18:19:01Z
L319,5,2,29.25,standard,2026-07-19T18:19:01Z
L319,8,10,29.25,standard,2026-07-19T18:19:01Z
L319,8,3,29.25,standard,2026-07-19T18:19:01Z
L319,8,4,29.25,standard,2026-07-19T18:19:01Z
L319,8,5,29.25,standard,2026-07-19T18:19:01Z
L319,8,6,29.25,standard,2026-07-19T18:19:01Z
L319,8,7,29.25,standard,2026-07-19T18:19:01Z
L319,8,8,29.25,standard,2026-07-19T18:19:01Z
L319,8,9,29.25,standard,2026-07-19T18:19:01Z
L319,9,10,29.25,standard,2026-07-19T18:19:01Z
L319,9,11,29.25,standard,2026-07-19T18:19:01Z
L319,9,16,29.25,standard,2026-07-19T18:19:01Z
L319,9,17,29.25,standard,2026-07-19T18:19:01Z
L319,9,18,29.25,standard,2026-07-19T18:19:01Z
L319,9,19,29.25,standard,2026-07-19T18:19:01Z
L319,9,20,29.25,standard,2026-07-19T18:19:01Z
L319,9,4,29.25,standard,2026-07-19T18:19:01Z
L319,9,5,29.25,standard,2026-07-19T18:19:01Z
L321,2,10,46.75,standard,2026-07-19T18:19:01Z
L321,2,11,46.75,standard,2026-07-19T18:19:01Z
L321,2,12,46.75,standard,2026-07-19T18:19:01Z
L321,2,13,46.75,standard,2026-07-19T18:19:01Z
L321,2,14,46.75,standard,2026-07-19T18:19:01Z
L321,2,15,46.75,standard,2026-07-19T18:19:01Z
L321,2,16,46.75,standard,2026-07-19T18:19:01Z
L321,2,17,46.75,standard,2026-07-19T18:19:01Z
L321,2,9,46.75,standard,2026-07-19T18:19:01Z
L321,3,10,46.75,standard,2026-07-19T18:19:01Z
L321,3,11,46.75,standard,2026-07-19T18:19:01Z
L321,3,12,46.75,standard,2026-07-19T18:19:01Z
L321,3,13,46.75,standard,2026-07-19T18:19:01Z
L321,3,14,46.75,standard,2026-07-19T18:19:01Z
L321,3,15,46.75,standard,2026-07-19T18:19:01Z
L321,3,16,46.75,standard,2026-07-19T18:19:01Z
L321,3,17,46.75,standard,2026-07-19T18:19:01Z
L321,3,18,46.75,standard,2026-07-19T18:19:01Z
L321,3,19,46.75,standard,2026-07-19T18:19:01Z
L321,3,20,46.75,standard,2026-07-19T18:19:01Z
L321,3,9,46.75,standard,2026-07-19T18:19:01Z
L323,2,15,46.75,standard,2026-07-19T18:19:01Z
L323,2,16,46.75,standard,2026-07-19T18:19:01Z
L323,2,17,46.75,standard,2026-07-19T18:19:01Z
L323,2,18,46.75,standard,2026-07-19T18:19:01Z
L325,7,10,46.75,standard,2026-07-19T18:19:01Z
L325,7,11,46.75,standard,2026-07-19T18:19:01Z
L325,7,12,46.75,standard,2026-07-19T18:19:01Z
L325,7,13,46.75,standard,2026-07-19T18:19:01Z
L325,7,14,46.75,standard,2026-07-19T18:19:01Z
L325,7,15,46.75,standard,2026-07-19T18:19:01Z
L325,7,16,46.75,standard,2026-07-19T18:19:01Z
L325,7,17,46.75,standard,2026-07-19T18:19:01Z
L325,7,18,46.75,standard,2026-07-19T18:19:01Z
L325,7,19,46.75,standard,2026-07-19T18:19:01Z
L325,7,20,46.75,standard,2026-07-19T18:19:01Z
L325,7,3,46.75,standard,2026-07-19T18:19:01Z
L325,7,4,46.75,standard,2026-07-19T18:19:01Z
L325,7,5,46.75,standard,2026-07-19T18:19:01Z
L325,7,6,46.75,standard,2026-07-19T18:19:01Z
L325,7,7,46.75,standard,2026-07-19T18:19:01Z
L325,7,8,46.75,standard,2026-07-19T18:19:01Z
L325,7,9,46.75,standard,2026-07-19T18:19:01Z
L325,2,10,46.75,standard,2026-07-19T18:19:01Z
L325,2,9,46.75,standard,2026-07-19T18:19:01Z
L325,3,19,46.75,standard,2026-07-19T18:19:01Z
L325,3,20,46.75,standard,2026-07-19T18:19:01Z
L325,3,21,46.75,standard,2026-07-19T18:19:01Z
L325,3,22,46.75,standard,2026-07-19T18:19:01Z
L325,8,10,46.75,standard,2026-07-19T18:19:01Z
L325,8,11,46.75,standard,2026-07-19T18:19:01Z
L325,8,12,46.75,standard,2026-07-19T18:19:01Z
L325,8,13,46.75,standard,2026-07-19T18:19:01Z
L325,8,14,46.75,standard,2026-07-19T18:19:01Z
L325,8,15,46.75,standard,2026-07-19T18:19:01Z
L325,8,16,46.75,standard,2026-07-19T18:19:01Z
L325,8,17,46.75,standard,2026-07-19T18:19:01Z
L325,8,18,46.75,standard,2026-07-19T18:19:01Z
L325,8,3,46.75,standard,2026-07-19T18:19:01Z
L325,8,4,46.75,standard,2026-07-19T18:19:01Z
L325,8,5,46.75,standard,2026-07-19T18:19:01Z
L325,8,6,46.75,standard,2026-07-19T18:19:01Z
L325,8,7,46.75,standard,2026-07-19T18:19:01Z
L325,8,8,46.75,standard,2026-07-19T18:19:01Z
L325,8,9,46.75,standard,2026-07-19T18:19:01Z
L325,9,10,46.75,standard,2026-07-19T18:19:01Z
L325,9,11,46.75,standard,2026-07-19T18:19:01Z
L325,9,12,46.75,standard,2026-07-19T18:19:01Z
L325,9,13,46.75,standard,2026-07-19T18:19:01Z
L325,9,14,46.75,standard,2026-07-19T18:19:01Z
L325,9,15,46.75,standard,2026-07-19T18:19:01Z
L325,9,16,46.75,standard,2026-07-19T18:19:01Z
L325,9,17,46.75,standard,2026-07-19T18:19:01Z
L325,9,18,46.75,standard,2026-07-19T18:19:01Z
L325,9,19,46.75,standard,2026-07-19T18:19:01Z
L325,9,4,46.75,standard,2026-07-19T18:19:01Z
L325,9,5,46.75,standard,2026-07-19T18:19:01Z
L325,9,6,46.75,standard,2026-07-19T18:19:01Z
L325,9,7,46.75,standard,2026-07-19T18:19:01Z
L325,9,8,46.75,standard,2026-07-19T18:19:01Z
L325,9,9,46.75,standard,2026-07-19T18:19:01Z
L326,2,5,46.75,standard,2026-07-19T18:19:01Z
L326,2,6,46.75,standard,2026-07-19T18:19:01Z
L326,2,7,46.75,standard,2026-07-19T18:19:01Z
L326,3,15,46.75,standard,2026-07-19T18:19:01Z
L326,3,16,46.75,standard,2026-07-19T18:19:01Z
L326,3,2,46.75,standard,2026-07-19T18:19:01Z
L326,3,3,46.75,standard,2026-07-19T18:19:01Z
L326,3,4,46.75,standard,2026-07-19T18:19:01Z
L326,3,5,46.75,standard,2026-07-19T18:19:01Z
L326,3,6,46.75,standard,2026-07-19T18:19:01Z
L326,3,7,46.75,standard,2026-07-19T18:19:01Z
L326,4,10,46.75,standard,2026-07-19T18:19:01Z
L326,4,12,46.75,standard,2026-07-19T18:19:01Z
L326,4,13,46.75,standard,2026-07-19T18:19:01Z
L326,4,14,46.75,standard,2026-07-19T18:19:01Z
L326,4,15,46.75,standard,2026-07-19T18:19:01Z
L326,4,16,46.75,standard,2026-07-19T18:19:01Z
L326,4,17,46.75,standard,2026-07-19T18:19:01Z
L326,4,2,46.75,standard,2026-07-19T18:19:01Z
L326,4,3,46.75,standard,2026-07-19T18:19:01Z
L326,4,4,46.75,standard,2026-07-19T18:19:01Z
L326,4,5,46.75,standard,2026-07-19T18:19:01Z
L326,4,6,46.75,standard,2026-07-19T18:19:01Z
L326,4,7,46.75,standard,2026-07-19T18:19:01Z
L326,4,8,46.75,standard,2026-07-19T18:19:01Z
L326,4,9,46.75,standard,2026-07-19T18:19:01Z
L326,5,10,46.75,standard,2026-07-19T18:19:01Z
L326,5,11,46.75,standard,2026-07-19T18:19:01Z
L326,5,12,46.75,standard,2026-07-19T18:19:01Z
L326,5,13,46.75,standard,2026-07-19T18:19:01Z
L326,5,14,46.75,standard,2026-07-19T18:19:01Z
L326,5,15,46.75,standard,2026-07-19T18:19:01Z
L326,5,3,46.75,standard,2026-07-19T18:19:01Z
L326,5,4,46.75,standard,2026-07-19T18:19:01Z
L326,5,5,46.75,standard,2026-07-19T18:19:01Z
L326,5,6,46.75,standard,2026-07-19T18:19:01Z
L326,5,7,46.75,standard,2026-07-19T18:19:01Z
L326,5,8,46.75,standard,2026-07-19T18:19:01Z
L326,5,9,46.75,standard,2026-07-19T18:19:01Z
L327,3,10,46.75,standard,2026-07-19T18:19:01Z
L327,3,11,46.75,standard,2026-07-19T18:19:01Z
L327,3,12,46.75,standard,2026-07-19T18:19:01Z
L327,3,13,46.75,standard,2026-07-19T18:19:01Z
L327,3,14,46.75,standard,2026-07-19T18:19:01Z
L327,3,3,46.75,standard,2026-07-19T18:19:01Z
L327,3,4,46.75,standard,2026-07-19T18:19:01Z
L327,3,5,46.75,standard,2026-07-19T18:19:01Z
L327,3,6,46.75,standard,2026-07-19T18:19:01Z
L327,3,7,46.75,standard,2026-07-19T18:19:01Z
L327,3,8,46.75,standard,2026-07-19T18:19:01Z
L327,3,9,46.75,standard,2026-07-19T18:19:01Z
L327,4,10,46.75,standard,2026-07-19T18:19:01Z
L327,4,11,46.75,standard,2026-07-19T18:19:01Z
L327,4,12,46.75,standard,2026-07-19T18:19:01Z
L327,4,13,46.75,standard,2026-07-19T18:19:01Z
L327,4,14,46.75,standard,2026-07-19T18:19:01Z
L327,4,15,46.75,standard,2026-07-19T18:19:01Z
L327,4,2,46.75,standard,2026-07-19T18:19:01Z
L327,4,3,46.75,standard,2026-07-19T18:19:01Z
L327,4,4,46.75,standard,2026-07-19T18:19:01Z
L327,4,5,46.75,standard,2026-07-19T18:19:01Z
L327,4,6,46.75,standard,2026-07-19T18:19:01Z
L327,4,7,46.75,standard,2026-07-19T18:19:01Z
L327,4,8,46.75,standard,2026-07-19T18:19:01Z
L327,4,9,46.75,standard,2026-07-19T18:19:01Z
L327,5,10,46.75,standard,2026-07-19T18:19:01Z
L327,5,11,46.75,standard,2026-07-19T18:19:01Z
L327,5,12,46.75,standard,2026-07-19T18:19:01Z
L327,5,13,46.75,standard,2026-07-19T18:19:01Z
L327,5,3,46.75,standard,2026-07-19T18:19:01Z
L327,5,4,46.75,standard,2026-07-19T18:19:01Z
L327,5,5,46.75,standard,2026-07-19T18:19:01Z
L327,5,6,46.75,standard,2026-07-19T18:19:01Z
L327,5,7,46.75,standard,2026-07-19T18:19:01Z
L327,5,8,46.75,standard,2026-07-19T18:19:01Z
L327,5,9,46.75,standard,2026-07-19T18:19:01Z
L328,4,10,46.75,standard,2026-07-19T18:19:01Z
L328,4,11,46.75,standard,2026-07-19T18:19:01Z
L328,4,12,46.75,standard,2026-07-19T18:19:01Z
L328,4,13,46.75,standard,2026-07-19T18:19:01Z
L328,4,14,46.75,standard,2026-07-19T18:19:01Z
L328,4,2,46.75,standard,2026-07-19T18:19:01Z
L328,4,3,46.75,standard,2026-07-19T18:19:01Z
L328,4,4,46.75,standard,2026-07-19T18:19:01Z
L328,4,5,46.75,standard,2026-07-19T18:19:01Z
L328,4,6,46.75,standard,2026-07-19T18:19:01Z
L328,4,7,46.75,standard,2026-07-19T18:19:01Z
L328,4,8,46.75,standard,2026-07-19T18:19:01Z
L328,4,9,46.75,standard,2026-07-19T18:19:01Z
L328,5,10,46.75,standard,2026-07-19T18:19:01Z
L328,5,11,46.75,standard,2026-07-19T18:19:01Z
L328,5,12,46.75,standard,2026-07-19T18:19:01Z
L328,5,13,46.75,standard,2026-07-19T18:19:01Z
L328,5,14,46.75,standard,2026-07-19T18:19:01Z
L328,5,15,46.75,standard,2026-07-19T18:19:01Z
L328,5,3,46.75,standard,2026-07-19T18:19:01Z
L328,5,4,46.75,standard,2026-07-19T18:19:01Z
L328,5,5,46.75,standard,2026-07-19T18:19:01Z
L328,5,6,46.75,standard,2026-07-19T18:19:01Z
L328,5,7,46.75,standard,2026-07-19T18:19:01Z
L328,5,8,46.75,standard,2026-07-19T18:19:01Z
L328,5,9,46.75,standard,2026-07-19T18:19:01Z
L329,7,10,46.75,standard,2026-07-19T18:19:01Z
L329,7,11,46.75,standard,2026-07-19T18:19:01Z
L329,7,12,46.75,standard,2026-07-19T18:19:01Z
L329,7,13,46.75,standard,2026-07-19T18:19:01Z
L329,7,14,46.75,standard,2026-07-19T18:19:01Z
L329,7,4,46.75,standard,2026-07-19T18:19:01Z
L329,7,5,46.75,standard,2026-07-19T18:19:01Z
L329,7,6,46.75,standard,2026-07-19T18:19:01Z
L329,7,7,46.75,standard,2026-07-19T18:19:01Z
L329,7,8,46.75,standard,2026-07-19T18:19:01Z
L329,7,9,46.75,standard,2026-07-19T18:19:01Z
L329,5,10,46.75,standard,2026-07-19T18:19:01Z
L329,5,11,46.75,standard,2026-07-19T18:19:01Z
L329,5,12,46.75,standard,2026-07-19T18:19:01Z
L329,5,13,46.75,standard,2026-07-19T18:19:01Z
L329,5,14,46.75,standard,2026-07-19T18:19:01Z
L329,5,15,46.75,standard,2026-07-19T18:19:01Z
L329,5,2,46.75,standard,2026-07-19T18:19:01Z
L329,5,3,46.75,standard,2026-07-19T18:19:01Z
L329,5,4,46.75,standard,2026-07-19T18:19:01Z
L329,5,7,46.75,standard,2026-07-19T18:19:01Z
L329,5,8,46.75,standard,2026-07-19T18:19:01Z
L329,5,9,46.75,standard,2026-07-19T18:19:01Z
L329,8,10,46.75,standard,2026-07-19T18:19:01Z
L329,8,11,46.75,standard,2026-07-19T18:19:01Z
L329,8,12,46.75,standard,2026-07-19T18:19:01Z
L329,8,13,46.75,standard,2026-07-19T18:19:01Z
L329,8,14,46.75,standard,2026-07-19T18:19:01Z
L329,8,15,46.75,standard,2026-07-19T18:19:01Z
L329,8,5,46.75,standard,2026-07-19T18:19:01Z
L329,8,6,46.75,standard,2026-07-19T18:19:01Z
L329,8,7,46.75,standard,2026-07-19T18:19:01Z
L329,8,8,46.75,standard,2026-07-19T18:19:01Z
L329,8,9,46.75,standard,2026-07-19T18:19:01Z
L329,9,10,46.75,standard,2026-07-19T18:19:01Z
L329,9,11,46.75,standard,2026-07-19T18:19:01Z
L329,9,12,46.75,standard,2026-07-19T18:19:01Z
L329,9,13,46.75,standard,2026-07-19T18:19:01Z
L329,9,14,46.75,standard,2026-07-19T18:19:01Z
L329,9,6,46.75,standard,2026-07-19T18:19:01Z
L329,9,7,46.75,standard,2026-07-19T18:19:01Z
L329,9,8,46.75,standard,2026-07-19T18:19:01Z
L329,9,9,46.75,standard,2026-07-19T18:19:01Z
L330,4,10,46.75,standard,2026-07-19T18:19:01Z
L330,4,11,46.75,standard,2026-07-19T18:19:01Z
L330,4,3,46.75,standard,2026-07-19T18:19:01Z
L330,4,4,46.75,standard,2026-07-19T18:19:01Z
L330,4,5,46.75,standard,2026-07-19T18:19:01Z
L330,4,6,46.75,standard,2026-07-19T18:19:01Z
L330,4,7,46.75,standard,2026-07-19T18:19:01Z
L330,4,8,46.75,standard,2026-07-19T18:19:01Z
L330,4,9,46.75,standard,2026-07-19T18:19:01Z
L330,5,3,46.75,standard,2026-07-19T18:19:01Z
L330,5,4,46.75,standard,2026-07-19T18:19:01Z
L330,5,5,46.75,standard,2026-07-19T18:19:01Z
L330,5,6,46.75,standard,2026-07-19T18:19:01Z
L330,5,7,46.75,standard,2026-07-19T18:19:01Z
L330,5,8,46.75,standard,2026-07-19T18:19:01Z
L330,5,9,46.75,standard,2026-07-19T18:19:01Z
L331,2,13,46.75,standard,2026-07-19T18:19:01Z
L331,2,14,46.75,standard,2026-07-19T18:19:01Z
L331,4,10,46.75,standard,2026-07-19T18:19:01Z
L331,4,14,46.75,standard,2026-07-19T18:19:01Z
L331,4,15,46.75,standard,2026-07-19T18:19:01Z
L331,4,9,46.75,standard,2026-07-19T18:19:01Z
L331,5,10,46.75,standard,2026-07-19T18:19:01Z
L331,5,11,46.75,standard,2026-07-19T18:19:01Z
L331,5,2,46.75,standard,2026-07-19T18:19:01Z
L331,5,3,46.75,standard,2026-07-19T18:19:01Z
L331,5,4,46.75,standard,2026-07-19T18:19:01Z
L331,5,5,46.75,standard,2026-07-19T18:19:01Z
L331,5,6,46.75,standard,2026-07-19T18:19:01Z
L331,5,7,46.75,standard,2026-07-19T18:19:01Z
L331,5,8,46.75,standard,2026-07-19T18:19:01Z
L331,5,9,46.75,standard,2026-07-19T18:19:01Z
L332,7,10,46.75,standard,2026-07-19T18:19:01Z
L332,7,11,46.75,standard,2026-07-19T18:19:01Z
L332,7,12,46.75,standard,2026-07-19T18:19:01Z
L332,7,13,46.75,standard,2026-07-19T18:19:01Z
L332,7,14,46.75,standard,2026-07-19T18:19:01Z
L332,7,3,46.75,standard,2026-07-19T18:19:01Z
L332,7,4,46.75,standard,2026-07-19T18:19:01Z
L332,7,6,46.75,standard,2026-07-19T18:19:01Z
L332,7,7,46.75,standard,2026-07-19T18:19:01Z
L332,7,8,46.75,standard,2026-07-19T18:19:01Z
L332,7,9,46.75,standard,2026-07-19T18:19:01Z
L332,3,1,46.75,standard,2026-07-19T18:19:01Z
L332,3,2,46.75,standard,2026-07-19T18:19:01Z
L332,3,3,46.75,standard,2026-07-19T18:19:01Z
L332,3,4,46.75,standard,2026-07-19T18:19:01Z
L332,3,5,46.75,standard,2026-07-19T18:19:01Z
L332,3,6,46.75,standard,2026-07-19T18:19:01Z
L332,3,7,46.75,standard,2026-07-19T18:19:01Z
L332,3,8,46.75,standard,2026-07-19T18:19:01Z
L332,3,9,46.75,standard,2026-07-19T18:19:01Z
L332,5,6,46.75,standard,2026-07-19T18:19:01Z
L332,5,7,46.75,standard,2026-07-19T18:19:01Z
L332,5,8,46.75,standard,2026-07-19T18:19:01Z
L332,5,9,46.75,standard,2026-07-19T18:19:01Z
L332,6,10,46.75,standard,2026-07-19T18:19:01Z
L332,6,11,46.75,standard,2026-07-19T18:19:01Z
L332,6,12,46.75,standard,2026-07-19T18:19:01Z
L332,6,13,46.75,standard,2026-07-19T18:19:01Z
L332,6,3,46.75,standard,2026-07-19T18:19:01Z
L332,6,4,46.75,standard,2026-07-19T18:19:01Z
L332,6,5,46.75,standard,2026-07-19T18:19:01Z
L332,6,6,46.75,standard,2026-07-19T18:19:01Z
L332,6,7,46.75,standard,2026-07-19T18:19:01Z
L332,6,8,46.75,standard,2026-07-19T18:19:01Z
L332,6,9,46.75,standard,2026-07-19T18:19:01Z
L332,8,10,46.75,standard,2026-07-19T18:19:01Z
L332,8,11,46.75,standard,2026-07-19T18:19:01Z
L332,8,12,46.75,standard,2026-07-19T18:19:01Z
L332,8,13,46.75,standard,2026-07-19T18:19:01Z
L332,8,5,46.75,standard,2026-07-19T18:19:01Z
L332,8,6,46.75,standard,2026-07-19T18:19:01Z
L332,8,7,46.75,standard,2026-07-19T18:19:01Z
L332,8,8,46.75,standard,2026-07-19T18:19:01Z
L332,8,9,46.75,standard,2026-07-19T18:19:01Z
L332,9,10,46.75,standard,2026-07-19T18:19:01Z
L332,9,11,46.75,standard,2026-07-19T18:19:01Z
L332,9,12,46.75,standard,2026-07-19T18:19:01Z
L332,9,13,46.75,standard,2026-07-19T18:19:01Z
L332,9,14,46.75,standard,2026-07-19T18:19:01Z
L332,9,6,46.75,standard,2026-07-19T18:19:01Z
L332,9,7,46.75,standard,2026-07-19T18:19:01Z
L333,5,10,46.75,standard,2026-07-19T18:19:01Z
L333,5,13,46.75,standard,2026-07-19T18:19:01Z
L333,5,14,46.75,standard,2026-07-19T18:19:01Z
L333,5,3,46.75,standard,2026-07-19T18:19:01Z
L333,5,4,46.75,standard,2026-07-19T18:19:01Z
L333,5,5,46.75,standard,2026-07-19T18:19:01Z
L333,5,6,46.75,standard,2026-07-19T18:19:01Z
L333,5,7,46.75,standard,2026-07-19T18:19:01Z
L333,5,8,46.75,standard,2026-07-19T18:19:01Z
L333,5,9,46.75,standard,2026-07-19T18:19:01Z
L334,3,6,46.75,standard,2026-07-19T18:19:01Z
L334,3,7,46.75,standard,2026-07-19T18:19:01Z
L334,3,8,46.75,standard,2026-07-19T18:19:01Z
L334,5,10,46.75,standard,2026-07-19T18:19:01Z
L334,5,11,46.75,standard,2026-07-19T18:19:01Z
L334,5,12,46.75,standard,2026-07-19T18:19:01Z
L334,5,13,46.75,standard,2026-07-19T18:19:01Z
L334,5,3,46.75,standard,2026-07-19T18:19:01Z
L334,5,4,46.75,standard,2026-07-19T18:19:01Z
L334,5,5,46.75,standard,2026-07-19T18:19:01Z
L334,5,6,46.75,standard,2026-07-19T18:19:01Z
L334,5,7,46.75,standard,2026-07-19T18:19:01Z
L334,5,8,46.75,standard,2026-07-19T18:19:01Z
L334,5,9,46.75,standard,2026-07-19T18:19:01Z
L335,2,11,46.75,standard,2026-07-19T18:19:01Z
L335,2,12,46.75,standard,2026-07-19T18:19:01Z
L335,2,13,46.75,standard,2026-07-19T18:19:01Z
L335,2,14,46.75,standard,2026-07-19T18:19:01Z
L335,2,15,46.75,standard,2026-07-19T18:19:01Z
L335,2,16,46.75,standard,2026-07-19T18:19:01Z
L335,2,6,46.75,standard,2026-07-19T18:19:01Z
L335,2,7,46.75,standard,2026-07-19T18:19:01Z
L335,2,8,46.75,standard,2026-07-19T18:19:01Z
L336,7,10,46.75,standard,2026-07-19T18:19:01Z
L336,7,11,46.75,standard,2026-07-19T18:19:01Z
L336,7,12,46.75,standard,2026-07-19T18:19:01Z
L336,7,13,46.75,standard,2026-07-19T18:19:01Z
L336,7,14,46.75,standard,2026-07-19T18:19:01Z
L336,7,15,46.75,standard,2026-07-19T18:19:01Z
L336,7,16,46.75,standard,2026-07-19T18:19:01Z
L336,7,17,46.75,standard,2026-07-19T18:19:01Z
L336,7,18,46.75,standard,2026-07-19T18:19:01Z
L336,7,19,46.75,standard,2026-07-19T18:19:01Z
L336,7,20,46.75,standard,2026-07-19T18:19:01Z
L336,2,19,46.75,standard,2026-07-19T18:19:01Z
L336,2,20,46.75,standard,2026-07-19T18:19:01Z
L336,3,10,46.75,standard,2026-07-19T18:19:01Z
L336,3,11,46.75,standard,2026-07-19T18:19:01Z
L336,3,12,46.75,standard,2026-07-19T18:19:01Z
L336,3,13,46.75,standard,2026-07-19T18:19:01Z
L336,3,14,46.75,standard,2026-07-19T18:19:01Z
L336,3,17,46.75,standard,2026-07-19T18:19:01Z
L336,3,18,46.75,standard,2026-07-19T18:19:01Z
L336,3,19,46.75,standard,2026-07-19T18:19:01Z
L336,3,20,46.75,standard,2026-07-19T18:19:01Z
L336,3,6,46.75,standard,2026-07-19T18:19:01Z
L336,3,7,46.75,standard,2026-07-19T18:19:01Z
L336,3,8,46.75,standard,2026-07-19T18:19:01Z
L336,3,9,46.75,standard,2026-07-19T18:19:01Z
L336,5,11,46.75,standard,2026-07-19T18:19:01Z
L336,5,12,46.75,standard,2026-07-19T18:19:01Z
L336,5,13,46.75,standard,2026-07-19T18:19:01Z
L336,5,14,46.75,standard,2026-07-19T18:19:01Z
L336,5,15,46.75,standard,2026-07-19T18:19:01Z
L336,5,16,46.75,standard,2026-07-19T18:19:01Z
L336,5,17,46.75,standard,2026-07-19T18:19:01Z
L336,5,18,46.75,standard,2026-07-19T18:19:01Z
L336,5,19,46.75,standard,2026-07-19T18:19:01Z
L336,5,20,46.75,standard,2026-07-19T18:19:01Z
L336,5,21,46.75,standard,2026-07-19T18:19:01Z
L336,5,22,46.75,standard,2026-07-19T18:19:01Z
L336,6,11,46.75,standard,2026-07-19T18:19:01Z
L336,6,12,46.75,standard,2026-07-19T18:19:01Z
L336,6,13,46.75,standard,2026-07-19T18:19:01Z
L336,6,14,46.75,standard,2026-07-19T18:19:01Z
L336,6,15,46.75,standard,2026-07-19T18:19:01Z
L336,6,16,46.75,standard,2026-07-19T18:19:01Z
L336,6,17,46.75,standard,2026-07-19T18:19:01Z
L336,6,18,46.75,standard,2026-07-19T18:19:01Z
L336,6,19,46.75,standard,2026-07-19T18:19:01Z
L336,6,20,46.75,standard,2026-07-19T18:19:01Z
L336,6,21,46.75,standard,2026-07-19T18:19:01Z
L336,6,22,46.75,standard,2026-07-19T18:19:01Z
L336,8,10,46.75,standard,2026-07-19T18:19:01Z
L336,8,11,46.75,standard,2026-07-19T18:19:01Z
L336,8,12,46.75,standard,2026-07-19T18:19:01Z
L336,8,13,46.75,standard,2026-07-19T18:19:01Z
L336,8,14,46.75,standard,2026-07-19T18:19:01Z
L336,8,15,46.75,standard,2026-07-19T18:19:01Z
L336,8,16,46.75,standard,2026-07-19T18:19:01Z
L336,8,17,46.75,standard,2026-07-19T18:19:01Z
L336,8,18,46.75,standard,2026-07-19T18:19:01Z
L336,8,19,46.75,standard,2026-07-19T18:19:01Z
L336,8,20,46.75,standard,2026-07-19T18:19:01Z
L336,9,12,46.75,standard,2026-07-19T18:19:01Z
L336,9,13,46.75,standard,2026-07-19T18:19:01Z
L336,9,14,46.75,standard,2026-07-19T18:19:01Z
L336,9,15,46.75,standard,2026-07-19T18:19:01Z
L336,9,16,46.75,standard,2026-07-19T18:19:01Z
L336,9,17,46.75,standard,2026-07-19T18:19:01Z
L338,5,10,46.75,standard,2026-07-19T18:19:01Z
L338,5,11,46.75,standard,2026-07-19T18:19:01Z
L338,5,12,46.75,standard,2026-07-19T18:19:01Z
L338,5,5,46.75,standard,2026-07-19T18:19:01Z
L338,5,6,46.75,standard,2026-07-19T18:19:01Z
L338,5,9,46.75,standard,2026-07-19T18:19:01Z
L340,7,10,46.75,standard,2026-07-19T18:19:01Z
L340,7,11,46.75,standard,2026-07-19T18:19:01Z
L340,7,12,46.75,standard,2026-07-19T18:19:01Z
L340,7,13,46.75,standard,2026-07-19T18:19:01Z
L340,7,14,46.75,standard,2026-07-19T18:19:01Z
L340,7,15,46.75,standard,2026-07-19T18:19:01Z
L340,7,16,46.75,standard,2026-07-19T18:19:01Z
L340,7,17,46.75,standard,2026-07-19T18:19:01Z
L340,7,18,46.75,standard,2026-07-19T18:19:01Z
L340,7,19,46.75,standard,2026-07-19T18:19:01Z
L340,7,20,46.75,standard,2026-07-19T18:19:01Z
L340,7,21,46.75,standard,2026-07-19T18:19:01Z
L340,7,22,46.75,standard,2026-07-19T18:19:01Z
L340,7,3,46.75,standard,2026-07-19T18:19:01Z
L340,7,4,46.75,standard,2026-07-19T18:19:01Z
L340,7,5,46.75,standard,2026-07-19T18:19:01Z
L340,7,6,46.75,standard,2026-07-19T18:19:01Z
L340,7,7,46.75,standard,2026-07-19T18:19:01Z
L340,7,8,46.75,standard,2026-07-19T18:19:01Z
L340,7,9,46.75,standard,2026-07-19T18:19:01Z
L340,2,12,46.75,standard,2026-07-19T18:19:01Z
L340,2,13,46.75,standard,2026-07-19T18:19:01Z
L340,2,14,46.75,standard,2026-07-19T18:19:01Z
L340,2,15,46.75,standard,2026-07-19T18:19:01Z
L340,3,10,46.75,standard,2026-07-19T18:19:01Z
L340,3,11,46.75,standard,2026-07-19T18:19:01Z
L340,3,12,46.75,standard,2026-07-19T18:19:01Z
L340,3,13,46.75,standard,2026-07-19T18:19:01Z
L340,3,14,46.75,standard,2026-07-19T18:19:01Z
L340,3,8,46.75,standard,2026-07-19T18:19:01Z
L340,3,9,46.75,standard,2026-07-19T18:19:01Z
L340,4,10,46.75,standard,2026-07-19T18:19:01Z
L340,4,11,46.75,standard,2026-07-19T18:19:01Z
L340,4,12,46.75,standard,2026-07-19T18:19:01Z
L340,4,13,46.75,standard,2026-07-19T18:19:01Z
L340,4,14,46.75,standard,2026-07-19T18:19:01Z
L340,4,15,46.75,standard,2026-07-19T18:19:01Z
L340,4,16,46.75,standard,2026-07-19T18:19:01Z
L340,4,17,46.75,standard,2026-07-19T18:19:01Z
L340,4,18,46.75,standard,2026-07-19T18:19:01Z
L340,4,19,46.75,standard,2026-07-19T18:19:01Z
L340,4,20,46.75,standard,2026-07-19T18:19:01Z
L340,4,21,46.75,standard,2026-07-19T18:19:01Z
L340,4,22,46.75,standard,2026-07-19T18:19:01Z
L340,4,23,46.75,standard,2026-07-19T18:19:01Z
L340,4,24,46.75,standard,2026-07-19T18:19:01Z
L340,4,3,46.75,standard,2026-07-19T18:19:01Z
L340,4,4,46.75,standard,2026-07-19T18:19:01Z
L340,4,5,46.75,standard,2026-07-19T18:19:01Z
L340,4,6,46.75,standard,2026-07-19T18:19:01Z
L340,4,7,46.75,standard,2026-07-19T18:19:01Z
L340,4,8,46.75,standard,2026-07-19T18:19:01Z
L340,4,9,46.75,standard,2026-07-19T18:19:01Z
L340,5,10,46.75,standard,2026-07-19T18:19:01Z
L340,5,11,46.75,standard,2026-07-19T18:19:01Z
L340,5,12,46.75,standard,2026-07-19T18:19:01Z
L340,5,13,46.75,standard,2026-07-19T18:19:01Z
L340,5,14,46.75,standard,2026-07-19T18:19:01Z
L340,5,15,46.75,standard,2026-07-19T18:19:01Z
L340,5,16,46.75,standard,2026-07-19T18:19:01Z
L340,5,17,46.75,standard,2026-07-19T18:19:01Z
L340,5,18,46.75,standard,2026-07-19T18:19:01Z
L340,5,19,46.75,standard,2026-07-19T18:19:01Z
L340,5,20,46.75,standard,2026-07-19T18:19:01Z
L340,5,21,46.75,standard,2026-07-19T18:19:01Z
L340,5,22,46.75,standard,2026-07-19T18:19:01Z
L340,5,23,46.75,standard,2026-07-19T18:19:01Z
L340,5,24,46.75,standard,2026-07-19T18:19:01Z
L340,5,3,46.75,standard,2026-07-19T18:19:01Z
L340,5,4,46.75,standard,2026-07-19T18:19:01Z
L340,5,5,46.75,standard,2026-07-19T18:19:01Z
L340,5,6,46.75,standard,2026-07-19T18:19:01Z
L340,5,7,46.75,standard,2026-07-19T18:19:01Z
L340,5,8,46.75,standard,2026-07-19T18:19:01Z
L340,5,9,46.75,standard,2026-07-19T18:19:01Z
L340,6,10,46.75,standard,2026-07-19T18:19:01Z
L340,6,11,46.75,standard,2026-07-19T18:19:01Z
L340,6,12,46.75,standard,2026-07-19T18:19:01Z
L340,6,13,46.75,standard,2026-07-19T18:19:01Z
L340,6,14,46.75,standard,2026-07-19T18:19:01Z
L340,6,15,46.75,standard,2026-07-19T18:19:01Z
L340,6,16,46.75,standard,2026-07-19T18:19:01Z
L340,6,17,46.75,standard,2026-07-19T18:19:01Z
L340,6,18,46.75,standard,2026-07-19T18:19:01Z
L340,6,19,46.75,standard,2026-07-19T18:19:01Z
L340,6,20,46.75,standard,2026-07-19T18:19:01Z
L340,6,21,46.75,standard,2026-07-19T18:19:01Z
L340,6,22,46.75,standard,2026-07-19T18:19:01Z
L340,6,23,46.75,standard,2026-07-19T18:19:01Z
L340,6,24,46.75,standard,2026-07-19T18:19:01Z
L340,6,3,46.75,standard,2026-07-19T18:19:01Z
L340,6,4,46.75,standard,2026-07-19T18:19:01Z
L340,6,5,46.75,standard,2026-07-19T18:19:01Z
L340,6,6,46.75,standard,2026-07-19T18:19:01Z
L340,6,7,46.75,standard,2026-07-19T18:19:01Z
L340,6,8,46.75,standard,2026-07-19T18:19:01Z
L340,6,9,46.75,standard,2026-07-19T18:19:01Z
L340,8,10,46.75,standard,2026-07-19T18:19:01Z
L340,8,11,46.75,standard,2026-07-19T18:19:01Z
L340,8,12,46.75,standard,2026-07-19T18:19:01Z
L340,8,13,46.75,standard,2026-07-19T18:19:01Z
L340,8,14,46.75,standard,2026-07-19T18:19:01Z
L340,8,15,46.75,standard,2026-07-19T18:19:01Z
L340,8,16,46.75,standard,2026-07-19T18:19:01Z
L340,8,17,46.75,standard,2026-07-19T18:19:01Z
L340,8,18,46.75,standard,2026-07-19T18:19:01Z
L340,8,19,46.75,standard,2026-07-19T18:19:01Z
L340,8,20,46.75,standard,2026-07-19T18:19:01Z
L340,8,21,46.75,standard,2026-07-19T18:19:01Z
L340,8,22,46.75,standard,2026-07-19T18:19:01Z
L340,8,3,46.75,standard,2026-07-19T18:19:01Z
L340,8,4,46.75,standard,2026-07-19T18:19:01Z
L340,8,5,46.75,standard,2026-07-19T18:19:01Z
L340,8,6,46.75,standard,2026-07-19T18:19:01Z
L340,8,7,46.75,standard,2026-07-19T18:19:01Z
L340,8,8,46.75,standard,2026-07-19T18:19:01Z
L340,8,9,46.75,standard,2026-07-19T18:19:01Z
L340,9,10,46.75,standard,2026-07-19T18:19:01Z
L340,9,11,46.75,standard,2026-07-19T18:19:01Z
L340,9,12,46.75,standard,2026-07-19T18:19:01Z
L340,9,13,46.75,standard,2026-07-19T18:19:01Z
L340,9,14,46.75,standard,2026-07-19T18:19:01Z
L340,9,15,46.75,standard,2026-07-19T18:19:01Z
L340,9,16,46.75,standard,2026-07-19T18:19:01Z
L340,9,17,46.75,standard,2026-07-19T18:19:01Z
L340,9,18,46.75,standard,2026-07-19T18:19:01Z
L340,9,19,46.75,standard,2026-07-19T18:19:01Z
L340,9,20,46.75,standard,2026-07-19T18:19:01Z
L340,9,21,46.75,standard,2026-07-19T18:19:01Z
L340,9,7,46.75,standard,2026-07-19T18:19:01Z
L340,9,8,46.75,standard,2026-07-19T18:19:01Z
L340,9,9,46.75,standard,2026-07-19T18:19:01Z
L344,3,1,29.25,standard,2026-07-19T18:19:01Z
L344,3,2,29.25,standard,2026-07-19T18:19:01Z
L344,5,10,29.25,standard,2026-07-19T18:19:01Z
L344,5,11,29.25,standard,2026-07-19T18:19:01Z
L344,5,12,29.25,standard,2026-07-19T18:19:01Z
L344,5,13,29.25,standard,2026-07-19T18:19:01Z
L344,5,14,29.25,standard,2026-07-19T18:19:01Z
L344,5,15,29.25,standard,2026-07-19T18:19:01Z
L344,5,16,29.25,standard,2026-07-19T18:19:01Z
L344,5,17,29.25,standard,2026-07-19T18:19:01Z
L344,5,18,29.25,standard,2026-07-19T18:19:01Z
L344,5,19,29.25,standard,2026-07-19T18:19:01Z
L344,5,20,29.25,standard,2026-07-19T18:19:01Z
L344,5,21,29.25,standard,2026-07-19T18:19:01Z
L344,5,22,29.25,standard,2026-07-19T18:19:01Z
L344,5,23,29.25,standard,2026-07-19T18:19:01Z
L344,5,24,29.25,standard,2026-07-19T18:19:01Z
L344,5,3,29.25,standard,2026-07-19T18:19:01Z
L344,5,4,29.25,standard,2026-07-19T18:19:01Z
L344,5,5,29.25,standard,2026-07-19T18:19:01Z
L344,5,6,29.25,standard,2026-07-19T18:19:01Z
L344,5,7,29.25,standard,2026-07-19T18:19:01Z
L344,5,8,29.25,standard,2026-07-19T18:19:01Z
L344,5,9,29.25,standard,2026-07-19T18:19:01Z
L345,7,10,29.25,standard,2026-07-19T18:19:01Z
L345,7,11,29.25,standard,2026-07-19T18:19:01Z
L345,7,12,29.25,standard,2026-07-19T18:19:01Z
L345,7,13,29.25,standard,2026-07-19T18:19:01Z
L345,7,14,29.25,standard,2026-07-19T18:19:01Z
L345,7,15,29.25,standard,2026-07-19T18:19:01Z
L345,7,16,29.25,standard,2026-07-19T18:19:01Z
L345,7,17,29.25,standard,2026-07-19T18:19:01Z
L345,7,18,29.25,standard,2026-07-19T18:19:01Z
L345,7,19,29.25,standard,2026-07-19T18:19:01Z
L345,7,20,29.25,standard,2026-07-19T18:19:01Z
L345,7,21,29.25,standard,2026-07-19T18:19:01Z
L345,7,22,29.25,standard,2026-07-19T18:19:01Z
L345,7,3,29.25,standard,2026-07-19T18:19:01Z
L345,7,4,29.25,standard,2026-07-19T18:19:01Z
L345,7,5,29.25,standard,2026-07-19T18:19:01Z
L345,7,6,29.25,standard,2026-07-19T18:19:01Z
L345,7,7,29.25,standard,2026-07-19T18:19:01Z
L345,7,8,29.25,standard,2026-07-19T18:19:01Z
L345,7,9,29.25,standard,2026-07-19T18:19:01Z
L345,2,10,29.25,standard,2026-07-19T18:19:01Z
L345,2,11,29.25,standard,2026-07-19T18:19:01Z
L345,2,12,29.25,standard,2026-07-19T18:19:01Z
L345,2,13,29.25,standard,2026-07-19T18:19:01Z
L345,2,14,29.25,standard,2026-07-19T18:19:01Z
L345,2,15,29.25,standard,2026-07-19T18:19:01Z
L345,2,16,29.25,standard,2026-07-19T18:19:01Z
L345,2,17,29.25,standard,2026-07-19T18:19:01Z
L345,2,18,29.25,standard,2026-07-19T18:19:01Z
L345,2,19,29.25,standard,2026-07-19T18:19:01Z
L345,2,20,29.25,standard,2026-07-19T18:19:01Z
L345,2,21,29.25,standard,2026-07-19T18:19:01Z
L345,2,22,29.25,standard,2026-07-19T18:19:01Z
L345,2,23,29.25,standard,2026-07-19T18:19:01Z
L345,2,24,29.25,standard,2026-07-19T18:19:01Z
L345,2,5,29.25,standard,2026-07-19T18:19:01Z
L345,2,6,29.25,standard,2026-07-19T18:19:01Z
L345,2,7,29.25,standard,2026-07-19T18:19:01Z
L345,2,8,29.25,standard,2026-07-19T18:19:01Z
L345,2,9,29.25,standard,2026-07-19T18:19:01Z
L345,3,10,29.25,standard,2026-07-19T18:19:01Z
L345,3,11,29.25,standard,2026-07-19T18:19:01Z
L345,3,12,29.25,standard,2026-07-19T18:19:01Z
L345,3,13,29.25,standard,2026-07-19T18:19:01Z
L345,3,14,29.25,standard,2026-07-19T18:19:01Z
L345,3,15,29.25,standard,2026-07-19T18:19:01Z
L345,3,16,29.25,standard,2026-07-19T18:19:01Z
L345,3,17,29.25,standard,2026-07-19T18:19:01Z
L345,3,18,29.25,standard,2026-07-19T18:19:01Z
L345,3,19,29.25,standard,2026-07-19T18:19:01Z
L345,3,20,29.25,standard,2026-07-19T18:19:01Z
L345,3,21,29.25,standard,2026-07-19T18:19:01Z
L345,3,22,29.25,standard,2026-07-19T18:19:01Z
L345,3,23,29.25,standard,2026-07-19T18:19:01Z
L345,3,24,29.25,standard,2026-07-19T18:19:01Z
L345,3,3,29.25,standard,2026-07-19T18:19:01Z
L345,3,4,29.25,standard,2026-07-19T18:19:01Z
L345,3,5,29.25,standard,2026-07-19T18:19:01Z
L345,3,6,29.25,standard,2026-07-19T18:19:01Z
L345,3,7,29.25,standard,2026-07-19T18:19:01Z
L345,3,8,29.25,standard,2026-07-19T18:19:01Z
L345,3,9,29.25,standard,2026-07-19T18:19:01Z
L345,4,10,29.25,standard,2026-07-19T18:19:01Z
L345,4,11,29.25,standard,2026-07-19T18:19:01Z
L345,4,12,29.25,standard,2026-07-19T18:19:01Z
L345,4,13,29.25,standard,2026-07-19T18:19:01Z
L345,4,14,29.25,standard,2026-07-19T18:19:01Z
L345,4,15,29.25,standard,2026-07-19T18:19:01Z
L345,4,16,29.25,standard,2026-07-19T18:19:01Z
L345,4,17,29.25,standard,2026-07-19T18:19:01Z
L345,4,18,29.25,standard,2026-07-19T18:19:01Z
L345,4,19,29.25,standard,2026-07-19T18:19:01Z
L345,4,20,29.25,standard,2026-07-19T18:19:01Z
L345,4,21,29.25,standard,2026-07-19T18:19:01Z
L345,4,22,29.25,standard,2026-07-19T18:19:01Z
L345,4,23,29.25,standard,2026-07-19T18:19:01Z
L345,4,24,29.25,standard,2026-07-19T18:19:01Z
L345,4,3,29.25,standard,2026-07-19T18:19:01Z
L345,4,4,29.25,standard,2026-07-19T18:19:01Z
L345,4,5,29.25,standard,2026-07-19T18:19:01Z
L345,4,6,29.25,standard,2026-07-19T18:19:01Z
L345,4,7,29.25,standard,2026-07-19T18:19:01Z
L345,4,8,29.25,standard,2026-07-19T18:19:01Z
L345,4,9,29.25,standard,2026-07-19T18:19:01Z
L345,5,10,29.25,standard,2026-07-19T18:19:01Z
L345,5,11,29.25,standard,2026-07-19T18:19:01Z
L345,5,12,29.25,standard,2026-07-19T18:19:01Z
L345,5,13,29.25,standard,2026-07-19T18:19:01Z
L345,5,14,29.25,standard,2026-07-19T18:19:01Z
L345,5,15,29.25,standard,2026-07-19T18:19:01Z
L345,5,16,29.25,standard,2026-07-19T18:19:01Z
L345,5,17,29.25,standard,2026-07-19T18:19:01Z
L345,5,18,29.25,standard,2026-07-19T18:19:01Z
L345,5,19,29.25,standard,2026-07-19T18:19:01Z
L345,5,20,29.25,standard,2026-07-19T18:19:01Z
L345,5,21,29.25,standard,2026-07-19T18:19:01Z
L345,5,22,29.25,standard,2026-07-19T18:19:01Z
L345,5,23,29.25,standard,2026-07-19T18:19:01Z
L345,5,24,29.25,standard,2026-07-19T18:19:01Z
L345,5,3,29.25,standard,2026-07-19T18:19:01Z
L345,5,4,29.25,standard,2026-07-19T18:19:01Z
L345,5,5,29.25,standard,2026-07-19T18:19:01Z
L345,5,6,29.25,standard,2026-07-19T18:19:01Z
L345,5,7,29.25,standard,2026-07-19T18:19:01Z
L345,5,8,29.25,standard,2026-07-19T18:19:01Z
L345,5,9,29.25,standard,2026-07-19T18:19:01Z
L345,6,10,29.25,standard,2026-07-19T18:19:01Z
L345,6,11,29.25,standard,2026-07-19T18:19:01Z
L345,6,12,29.25,standard,2026-07-19T18:19:01Z
L345,6,13,29.25,standard,2026-07-19T18:19:01Z
L345,6,14,29.25,standard,2026-07-19T18:19:01Z
L345,6,15,29.25,standard,2026-07-19T18:19:01Z
L345,6,16,29.25,standard,2026-07-19T18:19:01Z
L345,6,17,29.25,standard,2026-07-19T18:19:01Z
L345,6,18,29.25,standard,2026-07-19T18:19:01Z
L345,6,19,29.25,standard,2026-07-19T18:19:01Z
L345,6,20,29.25,standard,2026-07-19T18:19:01Z
L345,6,21,29.25,standard,2026-07-19T18:19:01Z
L345,6,22,29.25,standard,2026-07-19T18:19:01Z
L345,6,23,29.25,standard,2026-07-19T18:19:01Z
L345,6,24,29.25,standard,2026-07-19T18:19:01Z
L345,6,3,29.25,standard,2026-07-19T18:19:01Z
L345,6,4,29.25,standard,2026-07-19T18:19:01Z
L345,6,5,29.25,standard,2026-07-19T18:19:01Z
L345,6,6,29.25,standard,2026-07-19T18:19:01Z
L345,6,7,29.25,standard,2026-07-19T18:19:01Z
L345,6,8,29.25,standard,2026-07-19T18:19:01Z
L345,6,9,29.25,standard,2026-07-19T18:19:01Z
L345,8,10,29.25,standard,2026-07-19T18:19:01Z
L345,8,11,29.25,standard,2026-07-19T18:19:01Z
L345,8,12,29.25,standard,2026-07-19T18:19:01Z
L345,8,13,29.25,standard,2026-07-19T18:19:01Z
L345,8,14,29.25,standard,2026-07-19T18:19:01Z
L345,8,15,29.25,standard,2026-07-19T18:19:01Z
L345,8,16,29.25,standard,2026-07-19T18:19:01Z
L345,8,17,29.25,standard,2026-07-19T18:19:01Z
L345,8,18,29.25,standard,2026-07-19T18:19:01Z
L345,8,19,29.25,standard,2026-07-19T18:19:01Z
L345,8,20,29.25,standard,2026-07-19T18:19:01Z
L345,8,21,29.25,standard,2026-07-19T18:19:01Z
L345,8,22,29.25,standard,2026-07-19T18:19:01Z
L345,8,3,29.25,standard,2026-07-19T18:19:01Z
L345,8,4,29.25,standard,2026-07-19T18:19:01Z
L345,8,5,29.25,standard,2026-07-19T18:19:01Z
L345,8,6,29.25,standard,2026-07-19T18:19:01Z
L345,8,7,29.25,standard,2026-07-19T18:19:01Z
L345,8,8,29.25,standard,2026-07-19T18:19:01Z
L345,8,9,29.25,standard,2026-07-19T18:19:01Z
L345,9,10,29.25,standard,2026-07-19T18:19:01Z
L345,9,11,29.25,standard,2026-07-19T18:19:01Z
L345,9,12,29.25,standard,2026-07-19T18:19:01Z
L345,9,13,29.25,standard,2026-07-19T18:19:01Z
L345,9,14,29.25,standard,2026-07-19T18:19:01Z
L345,9,15,29.25,standard,2026-07-19T18:19:01Z
L345,9,16,29.25,standard,2026-07-19T18:19:01Z
L345,9,17,29.25,standard,2026-07-19T18:19:01Z
L345,9,6,29.25,standard,2026-07-19T18:19:01Z
L345,9,7,29.25,standard,2026-07-19T18:19:01Z
L345,9,8,29.25,standard,2026-07-19T18:19:01Z
L345,9,9,29.25,standard,2026-07-19T18:19:01Z
L346,1,11,29.25,standard,2026-07-19T18:19:01Z
L346,1,12,29.25,standard,2026-07-19T18:19:01Z
L346,2,10,29.25,standard,2026-07-19T18:19:01Z
L346,2,11,29.25,standard,2026-07-19T18:19:01Z
L346,2,12,29.25,standard,2026-07-19T18:19:01Z
L346,2,13,29.25,standard,2026-07-19T18:19:01Z
L346,2,14,29.25,standard,2026-07-19T18:19:01Z
L346,2,15,29.25,standard,2026-07-19T18:19:01Z
L346,2,16,29.25,standard,2026-07-19T18:19:01Z
L346,2,17,29.25,standard,2026-07-19T18:19:01Z
L346,2,18,29.25,standard,2026-07-19T18:19:01Z
L346,2,19,29.25,standard,2026-07-19T18:19:01Z
L346,2,20,29.25,standard,2026-07-19T18:19:01Z
L346,2,21,29.25,standard,2026-07-19T18:19:01Z
L346,2,22,29.25,standard,2026-07-19T18:19:01Z
L346,2,23,29.25,standard,2026-07-19T18:19:01Z
L346,2,24,29.25,standard,2026-07-19T18:19:01Z
L346,2,5,29.25,standard,2026-07-19T18:19:01Z
L346,2,6,29.25,standard,2026-07-19T18:19:01Z
L346,2,7,29.25,standard,2026-07-19T18:19:01Z
L346,2,8,29.25,standard,2026-07-19T18:19:01Z
L346,2,9,29.25,standard,2026-07-19T18:19:01Z
L346,3,10,29.25,standard,2026-07-19T18:19:01Z
L346,3,11,29.25,standard,2026-07-19T18:19:01Z
L346,3,12,29.25,standard,2026-07-19T18:19:01Z
L346,3,13,29.25,standard,2026-07-19T18:19:01Z
L346,3,14,29.25,standard,2026-07-19T18:19:01Z
L346,3,15,29.25,standard,2026-07-19T18:19:01Z
L346,3,16,29.25,standard,2026-07-19T18:19:01Z
L346,3,17,29.25,standard,2026-07-19T18:19:01Z
L346,3,18,29.25,standard,2026-07-19T18:19:01Z
L346,3,19,29.25,standard,2026-07-19T18:19:01Z
L346,3,20,29.25,standard,2026-07-19T18:19:01Z
L346,3,21,29.25,standard,2026-07-19T18:19:01Z
L346,3,22,29.25,standard,2026-07-19T18:19:01Z
L346,3,23,29.25,standard,2026-07-19T18:19:01Z
L346,3,24,29.25,standard,2026-07-19T18:19:01Z
L346,3,3,29.25,standard,2026-07-19T18:19:01Z
L346,3,4,29.25,standard,2026-07-19T18:19:01Z
L346,3,5,29.25,standard,2026-07-19T18:19:01Z
L346,3,6,29.25,standard,2026-07-19T18:19:01Z
L346,3,7,29.25,standard,2026-07-19T18:19:01Z
L346,3,8,29.25,standard,2026-07-19T18:19:01Z
L346,3,9,29.25,standard,2026-07-19T18:19:01Z
L346,4,10,29.25,standard,2026-07-19T18:19:01Z
L346,4,11,29.25,standard,2026-07-19T18:19:01Z
L346,4,12,29.25,standard,2026-07-19T18:19:01Z
L346,4,13,29.25,standard,2026-07-19T18:19:01Z
L346,4,14,29.25,standard,2026-07-19T18:19:01Z
L346,4,15,29.25,standard,2026-07-19T18:19:01Z
L346,4,16,29.25,standard,2026-07-19T18:19:01Z
L346,4,17,29.25,standard,2026-07-19T18:19:01Z
L346,4,18,29.25,standard,2026-07-19T18:19:01Z
L346,4,19,29.25,standard,2026-07-19T18:19:01Z
L346,4,20,29.25,standard,2026-07-19T18:19:01Z
L346,4,21,29.25,standard,2026-07-19T18:19:01Z
L346,4,22,29.25,standard,2026-07-19T18:19:01Z
L346,4,23,29.25,standard,2026-07-19T18:19:01Z
L346,4,3,29.25,standard,2026-07-19T18:19:01Z
L346,4,4,29.25,standard,2026-07-19T18:19:01Z
L346,4,5,29.25,standard,2026-07-19T18:19:01Z
L346,4,6,29.25,standard,2026-07-19T18:19:01Z
L346,4,7,29.25,standard,2026-07-19T18:19:01Z
L346,4,8,29.25,standard,2026-07-19T18:19:01Z
L346,4,9,29.25,standard,2026-07-19T18:19:01Z
L346,5,10,29.25,standard,2026-07-19T18:19:01Z
L346,5,11,29.25,standard,2026-07-19T18:19:01Z
L346,5,12,29.25,standard,2026-07-19T18:19:01Z
L346,5,13,29.25,standard,2026-07-19T18:19:01Z
L346,5,14,29.25,standard,2026-07-19T18:19:01Z
L346,5,15,29.25,standard,2026-07-19T18:19:01Z
L346,5,16,29.25,standard,2026-07-19T18:19:01Z
L346,5,17,29.25,standard,2026-07-19T18:19:01Z
L346,5,18,29.25,standard,2026-07-19T18:19:01Z
L346,5,19,29.25,standard,2026-07-19T18:19:01Z
L346,5,20,29.25,standard,2026-07-19T18:19:01Z
L346,5,21,29.25,standard,2026-07-19T18:19:01Z
L346,5,22,29.25,standard,2026-07-19T18:19:01Z
L346,5,3,29.25,standard,2026-07-19T18:19:01Z
L346,5,4,29.25,standard,2026-07-19T18:19:01Z
L346,5,5,29.25,standard,2026-07-19T18:19:01Z
L346,5,6,29.25,standard,2026-07-19T18:19:01Z
L346,5,7,29.25,standard,2026-07-19T18:19:01Z
L346,5,8,29.25,standard,2026-07-19T18:19:01Z
L346,5,9,29.25,standard,2026-07-19T18:19:01Z
LC2,1,7,341.25,standard,2026-07-19T18:19:01Z
LC2,1,8,341.25,standard,2026-07-19T18:19:01Z
MRC,T17,1,143.75,standard,2026-07-19T18:19:01Z
MRC,T17,2,143.75,standard,2026-07-19T18:19:01Z
MRC,T17,3,143.75,standard,2026-07-19T18:19:01Z
PC2,2,5,301.25,standard,2026-07-19T18:19:01Z
PC2,2,6,301.25,standard,2026-07-19T18:19:01Z
PC2,2,7,301.25,standard,2026-07-19T18:19:01Z
U203,R1,1,82.75,standard,2026-07-19T18:19:01Z
U203,R1,10,82.75,standard,2026-07-19T18:19:01Z
U203,R1,11,82.75,standard,2026-07-19T18:19:01Z
U203,R1,2,82.75,standard,2026-07-19T18:19:01Z
U203,R1,3,82.75,standard,2026-07-19T18:19:01Z
U203,R1,4,82.75,standard,2026-07-19T18:19:01Z
U203,R1,5,82.75,standard,2026-07-19T18:19:01Z
U203,R1,6,82.75,standard,2026-07-19T18:19:01Z
U203,R1,7,82.75,standard,2026-07-19T18:19:01Z
U203,R1,8,82.75,standard,2026-07-19T18:19:01Z
U203,R1,9,82.75,standard,2026-07-19T18:19:01Z
U203,R2,1,82.75,standard,2026-07-19T18:19:01Z
U203,R2,10,82.75,standard,2026-07-19T18:19:01Z
U203,R2,11,82.75,standard,2026-07-19T18:19:01Z
U203,R2,2,82.75,standard,2026-07-19T18:19:01Z
U203,R2,3,82.75,standard,2026-07-19T18:19:01Z
U203,R2,4,82.75,standard,2026-07-19T18:19:01Z
U203,R2,5,82.75,standard,2026-07-19T18:19:01Z
U203,R2,6,82.75,standard,2026-07-19T18:19:01Z
U203,R2,7,82.75,standard,2026-07-19T18:19:01Z
U203,R2,8,82.75,standard,2026-07-19T18:19:01Z
U203,R2,9,82.75,standard,2026-07-19T18:19:01Z
U319,14,1,24.25,standard,2026-07-19T18:19:01Z
U319,14,10,24.25,standard,2026-07-19T18:19:01Z
U319,14,11,24.25,standard,2026-07-19T18:19:01Z
U319,14,12,24.25,standard,2026-07-19T18:19:01Z
U319,14,13,24.25,standard,2026-07-19T18:19:01Z
U319,14,14,24.25,standard,2026-07-19T18:19:01Z
U319,14,15,24.25,standard,2026-07-19T18:19:01Z
U319,14,16,24.25,standard,2026-07-19T18:19:01Z
U319,14,2,24.25,standard,2026-07-19T18:19:01Z
U319,14,20,24.25,standard,2026-07-19T18:19:01Z
U319,14,21,24.25,standard,2026-07-19T18:19:01Z
U319,14,22,24.25,standard,2026-07-19T18:19:01Z
U319,14,23,24.25,standard,2026-07-19T18:19:01Z
U319,14,24,24.25,standard,2026-07-19T18:19:01Z
U319,14,3,24.25,standard,2026-07-19T18:19:01Z
U319,14,4,24.25,standard,2026-07-19T18:19:01Z
U319,14,5,24.25,standard,2026-07-19T18:19:01Z
U319,14,6,24.25,standard,2026-07-19T18:19:01Z
U319,14,7,24.25,standard,2026-07-19T18:19:01Z
U319,14,8,24.25,standard,2026-07-19T18:19:01Z
U319,14,9,24.25,standard,2026-07-19T18:19:01Z
U319,15,1,24.25,standard,2026-07-19T18:19:01Z
U319,15,10,24.25,standard,2026-07-19T18:19:01Z
U319,15,11,24.25,standard,2026-07-19T18:19:01Z
U319,15,12,24.25,standard,2026-07-19T18:19:01Z
U319,15,13,24.25,standard,2026-07-19T18:19:01Z
U319,15,14,24.25,standard,2026-07-19T18:19:01Z
U319,15,15,24.25,standard,2026-07-19T18:19:01Z
U319,15,19,24.25,standard,2026-07-19T18:19:01Z
U319,15,2,24.25,standard,2026-07-19T18:19:01Z
U319,15,20,24.25,standard,2026-07-19T18:19:01Z
U319,15,21,24.25,standard,2026-07-19T18:19:01Z
U319,15,22,24.25,standard,2026-07-19T18:19:01Z
U319,15,23,24.25,standard,2026-07-19T18:19:01Z
U319,15,24,24.25,standard,2026-07-19T18:19:01Z
U319,15,3,24.25,standard,2026-07-19T18:19:01Z
U319,15,4,24.25,standard,2026-07-19T18:19:01Z
U319,15,5,24.25,standard,2026-07-19T18:19:01Z
U319,15,6,24.25,standard,2026-07-19T18:19:01Z
U319,15,7,24.25,standard,2026-07-19T18:19:01Z
U319,15,8,24.25,standard,2026-07-19T18:19:01Z
U319,15,9,24.25,standard,2026-07-19T18:19:01Z
U319,16,1,24.25,standard,2026-07-19T18:19:01Z
U319,16,10,24.25,standard,2026-07-19T18:19:01Z
U319,16,11,24.25,standard,2026-07-19T18:19:01Z
U319,16,12,24.25,standard,2026-07-19T18:19:01Z
U319,16,13,24.25,standard,2026-07-19T18:19:01Z
U319,16,14,24.25,standard,2026-07-19T18:19:01Z
U319,16,15,24.25,standard,2026-07-19T18:19:01Z
U319,16,16,24.25,standard,2026-07-19T18:19:01Z
U319,16,17,24.25,standard,2026-07-19T18:19:01Z
U319,16,18,24.25,standard,2026-07-19T18:19:01Z
U319,16,19,24.25,standard,2026-07-19T18:19:01Z
U319,16,2,24.25,standard,2026-07-19T18:19:01Z
U319,16,20,24.25,standard,2026-07-19T18:19:01Z
U319,16,21,24.25,standard,2026-07-19T18:19:01Z
U319,16,22,24.25,standard,2026-07-19T18:19:01Z
U319,16,23,24.25,standard,2026-07-19T18:19:01Z
U319,16,24,24.25,standard,2026-07-19T18:19:01Z
U319,16,3,24.25,standard,2026-07-19T18:19:01Z
U319,16,4,24.25,standard,2026-07-19T18:19:01Z
U319,16,5,24.25,standard,2026-07-19T18:19:01Z
U319,16,6,24.25,standard,2026-07-19T18:19:01Z
U319,16,7,24.25,standard,2026-07-19T18:19:01Z
U319,16,8,24.25,standard,2026-07-19T18:19:01Z
U319,16,9,24.25,standard,2026-07-19T18:19:01Z
U319,17,1,24.25,standard,2026-07-19T18:19:01Z
U319,17,10,24.25,standard,2026-07-19T18:19:01Z
U319,17,11,24.25,standard,2026-07-19T18:19:01Z
U319,17,12,24.25,standard,2026-07-19T18:19:01Z
U319,17,13,24.25,standard,2026-07-19T18:19:01Z
U319,17,14,24.25,standard,2026-07-19T18:19:01Z
U319,17,15,24.25,standard,2026-07-19T18:19:01Z
U319,17,16,24.25,standard,2026-07-19T18:19:01Z
U319,17,17,24.25,standard,2026-07-19T18:19:01Z
U319,17,18,24.25,standard,2026-07-19T18:19:01Z
U319,17,19,24.25,standard,2026-07-19T18:19:01Z
U319,17,2,24.25,standard,2026-07-19T18:19:01Z
U319,17,20,24.25,standard,2026-07-19T18:19:01Z
U319,17,21,24.25,standard,2026-07-19T18:19:01Z
U319,17,22,24.25,standard,2026-07-19T18:19:01Z
U319,17,23,24.25,standard,2026-07-19T18:19:01Z
U319,17,24,24.25,standard,2026-07-19T18:19:01Z
U319,17,3,24.25,standard,2026-07-19T18:19:01Z
U319,17,4,24.25,standard,2026-07-19T18:19:01Z
U319,17,5,24.25,standard,2026-07-19T18:19:01Z
U319,17,6,24.25,standard,2026-07-19T18:19:01Z
U319,17,7,24.25,standard,2026-07-19T18:19:01Z
U319,17,8,24.25,standard,2026-07-19T18:19:01Z
U319,17,9,24.25,standard,2026-07-19T18:19:01Z
U319,18,1,24.25,standard,2026-07-19T18:19:01Z
U319,18,10,24.25,standard,2026-07-19T18:19:01Z
U319,18,11,24.25,standard,2026-07-19T18:19:01Z
U319,18,12,24.25,standard,2026-07-19T18:19:01Z
U319,18,13,24.25,standard,2026-07-19T18:19:01Z
U319,18,14,24.25,standard,2026-07-19T18:19:01Z
U319,18,15,24.25,standard,2026-07-19T18:19:01Z
U319,18,16,24.25,standard,2026-07-19T18:19:01Z
U319,18,17,24.25,standard,2026-07-19T18:19:01Z
U319,18,18,24.25,standard,2026-07-19T18:19:01Z
U319,18,19,24.25,standard,2026-07-19T18:19:01Z
U319,18,2,24.25,standard,2026-07-19T18:19:01Z
U319,18,20,24.25,standard,2026-07-19T18:19:01Z
U319,18,21,24.25,standard,2026-07-19T18:19:01Z
U319,18,22,24.25,standard,2026-07-19T18:19:01Z
U319,18,23,24.25,standard,2026-07-19T18:19:01Z
U319,18,24,24.25,standard,2026-07-19T18:19:01Z
U319,18,3,24.25,standard,2026-07-19T18:19:01Z
U319,18,4,24.25,standard,2026-07-19T18:19:01Z
U319,18,5,24.25,standard,2026-07-19T18:19:01Z
U319,18,6,24.25,standard,2026-07-19T18:19:01Z
U319,18,7,24.25,standard,2026-07-19T18:19:01Z
U319,18,8,24.25,standard,2026-07-19T18:19:01Z
U319,18,9,24.25,standard,2026-07-19T18:19:01Z
U319,19,1,24.25,standard,2026-07-19T18:19:01Z
U319,19,10,24.25,standard,2026-07-19T18:19:01Z
U319,19,11,24.25,standard,2026-07-19T18:19:01Z
U319,19,12,24.25,standard,2026-07-19T18:19:01Z
U319,19,13,24.25,standard,2026-07-19T18:19:01Z
U319,19,14,24.25,standard,2026-07-19T18:19:01Z
U319,19,15,24.25,standard,2026-07-19T18:19:01Z
U319,19,16,24.25,standard,2026-07-19T18:19:01Z
U319,19,17,24.25,standard,2026-07-19T18:19:01Z
U319,19,18,24.25,standard,2026-07-19T18:19:01Z
U319,19,19,24.25,standard,2026-07-19T18:19:01Z
U319,19,2,24.25,standard,2026-07-19T18:19:01Z
U319,19,20,24.25,standard,2026-07-19T18:19:01Z
U319,19,21,24.25,standard,2026-07-19T18:19:01Z
U319,19,22,24.25,standard,2026-07-19T18:19:01Z
U319,19,23,24.25,standard,2026-07-19T18:19:01Z
U319,19,24,24.25,standard,2026-07-19T18:19:01Z
U319,19,3,24.25,standard,2026-07-19T18:19:01Z
U319,19,4,24.25,standard,2026-07-19T18:19:01Z
U319,19,5,24.25,standard,2026-07-19T18:19:01Z
U319,19,6,24.25,standard,2026-07-19T18:19:01Z
U319,19,7,24.25,standard,2026-07-19T18:19:01Z
U319,19,8,24.25,standard,2026-07-19T18:19:01Z
U319,19,9,24.25,standard,2026-07-19T18:19:01Z
U319,10,10,24.25,standard,2026-07-19T18:19:01Z
U319,10,11,24.25,standard,2026-07-19T18:19:01Z
U319,10,12,24.25,standard,2026-07-19T18:19:01Z
U319,10,13,24.25,standard,2026-07-19T18:19:01Z
U319,10,14,24.25,standard,2026-07-19T18:19:01Z
U319,10,15,24.25,standard,2026-07-19T18:19:01Z
U319,10,16,24.25,standard,2026-07-19T18:19:01Z
U319,10,17,24.25,standard,2026-07-19T18:19:01Z
U319,10,18,24.25,standard,2026-07-19T18:19:01Z
U319,10,21,24.25,standard,2026-07-19T18:19:01Z
U319,10,22,24.25,standard,2026-07-19T18:19:01Z
U319,10,6,24.25,standard,2026-07-19T18:19:01Z
U319,10,7,24.25,standard,2026-07-19T18:19:01Z
U319,10,8,24.25,standard,2026-07-19T18:19:01Z
U319,10,9,24.25,standard,2026-07-19T18:19:01Z
U319,11,10,24.25,standard,2026-07-19T18:19:01Z
U319,11,11,24.25,standard,2026-07-19T18:19:01Z
U319,11,12,24.25,standard,2026-07-19T18:19:01Z
U319,11,13,24.25,standard,2026-07-19T18:19:01Z
U319,11,14,24.25,standard,2026-07-19T18:19:01Z
U319,11,15,24.25,standard,2026-07-19T18:19:01Z
U319,11,16,24.25,standard,2026-07-19T18:19:01Z
U319,11,17,24.25,standard,2026-07-19T18:19:01Z
U319,11,18,24.25,standard,2026-07-19T18:19:01Z
U319,11,19,24.25,standard,2026-07-19T18:19:01Z
U319,11,20,24.25,standard,2026-07-19T18:19:01Z
U319,11,6,24.25,standard,2026-07-19T18:19:01Z
U319,11,7,24.25,standard,2026-07-19T18:19:01Z
U319,11,8,24.25,standard,2026-07-19T18:19:01Z
U319,11,9,24.25,standard,2026-07-19T18:19:01Z
U319,12,10,24.25,standard,2026-07-19T18:19:01Z
U319,12,11,24.25,standard,2026-07-19T18:19:01Z
U319,12,12,24.25,standard,2026-07-19T18:19:01Z
U319,12,13,24.25,standard,2026-07-19T18:19:01Z
U319,12,14,24.25,standard,2026-07-19T18:19:01Z
U319,12,15,24.25,standard,2026-07-19T18:19:01Z
U319,12,16,24.25,standard,2026-07-19T18:19:01Z
U319,12,17,24.25,standard,2026-07-19T18:19:01Z
U319,12,18,24.25,standard,2026-07-19T18:19:01Z
U319,12,19,24.25,standard,2026-07-19T18:19:01Z
U319,12,6,24.25,standard,2026-07-19T18:19:01Z
U319,12,7,24.25,standard,2026-07-19T18:19:01Z
U319,12,8,24.25,standard,2026-07-19T18:19:01Z
U319,12,9,24.25,standard,2026-07-19T18:19:01Z
U319,13,1,24.25,standard,2026-07-19T18:19:01Z
U319,13,10,24.25,standard,2026-07-19T18:19:01Z
U319,13,11,24.25,standard,2026-07-19T18:19:01Z
U319,13,12,24.25,standard,2026-07-19T18:19:01Z
U319,13,13,24.25,standard,2026-07-19T18:19:01Z
U319,13,14,24.25,standard,2026-07-19T18:19:01Z
U319,13,15,24.25,standard,2026-07-19T18:19:01Z
U319,13,16,24.25,standard,2026-07-19T18:19:01Z
U319,13,17,24.25,standard,2026-07-19T18:19:01Z
U319,13,2,24.25,standard,2026-07-19T18:19:01Z
U319,13,22,24.25,standard,2026-07-19T18:19:01Z
U319,13,23,24.25,standard,2026-07-19T18:19:01Z
U319,13,24,24.25,standard,2026-07-19T18:19:01Z
U319,13,3,24.25,standard,2026-07-19T18:19:01Z
U319,13,4,24.25,standard,2026-07-19T18:19:01Z
U319,13,5,24.25,standard,2026-07-19T18:19:01Z
U319,13,6,24.25,standard,2026-07-19T18:19:01Z
U319,13,7,24.25,standard,2026-07-19T18:19:01Z
U319,13,8,24.25,standard,2026-07-19T18:19:01Z
U319,13,9,24.25,standard,2026-07-19T18:19:01Z
U319,24,1,24.25,standard,2026-07-19T18:19:01Z
U319,24,10,24.25,standard,2026-07-19T18:19:01Z
U319,24,11,24.25,standard,2026-07-19T18:19:01Z
U319,24,12,24.25,standard,2026-07-19T18:19:01Z
U319,24,13,24.25,standard,2026-07-19T18:19:01Z
U319,24,14,24.25,standard,2026-07-19T18:19:01Z
U319,24,15,24.25,standard,2026-07-19T18:19:01Z
U319,24,16,24.25,standard,2026-07-19T18:19:01Z
U319,24,17,24.25,standard,2026-07-19T18:19:01Z
U319,24,18,24.25,standard,2026-07-19T18:19:01Z
U319,24,19,24.25,standard,2026-07-19T18:19:01Z
U319,24,2,24.25,standard,2026-07-19T18:19:01Z
U319,24,20,24.25,standard,2026-07-19T18:19:01Z
U319,24,21,24.25,standard,2026-07-19T18:19:01Z
U319,24,22,24.25,standard,2026-07-19T18:19:01Z
U319,24,23,24.25,standard,2026-07-19T18:19:01Z
U319,24,24,24.25,standard,2026-07-19T18:19:01Z
U319,24,3,24.25,standard,2026-07-19T18:19:01Z
U319,24,4,24.25,standard,2026-07-19T18:19:01Z
U319,24,5,24.25,standard,2026-07-19T18:19:01Z
U319,24,6,24.25,standard,2026-07-19T18:19:01Z
U319,24,7,24.25,standard,2026-07-19T18:19:01Z
U319,24,8,24.25,standard,2026-07-19T18:19:01Z
U319,24,9,24.25,standard,2026-07-19T18:19:01Z
U319,25,1,24.25,standard,2026-07-19T18:19:01Z
U319,25,16,24.25,standard,2026-07-19T18:19:01Z
U319,25,17,24.25,standard,2026-07-19T18:19:01Z
U319,25,18,24.25,standard,2026-07-19T18:19:01Z
U319,25,19,24.25,standard,2026-07-19T18:19:01Z
U319,25,2,24.25,standard,2026-07-19T18:19:01Z
U319,25,20,24.25,standard,2026-07-19T18:19:01Z
U319,25,21,24.25,standard,2026-07-19T18:19:01Z
U319,25,22,24.25,standard,2026-07-19T18:19:01Z
U319,25,23,24.25,standard,2026-07-19T18:19:01Z
U319,25,24,24.25,standard,2026-07-19T18:19:01Z
U319,25,25,24.25,standard,2026-07-19T18:19:01Z
U319,25,26,24.25,standard,2026-07-19T18:19:01Z
U319,25,3,24.25,standard,2026-07-19T18:19:01Z
U319,25,4,24.25,standard,2026-07-19T18:19:01Z
U319,25,5,24.25,standard,2026-07-19T18:19:01Z
U319,25,6,24.25,standard,2026-07-19T18:19:01Z
U319,25,7,24.25,standard,2026-07-19T18:19:01Z
U319,25,8,24.25,standard,2026-07-19T18:19:01Z
U319,20,1,24.25,standard,2026-07-19T18:19:01Z
U319,20,10,24.25,standard,2026-07-19T18:19:01Z
U319,20,11,24.25,standard,2026-07-19T18:19:01Z
U319,20,12,24.25,standard,2026-07-19T18:19:01Z
U319,20,13,24.25,standard,2026-07-19T18:19:01Z
U319,20,14,24.25,standard,2026-07-19T18:19:01Z
U319,20,15,24.25,standard,2026-07-19T18:19:01Z
U319,20,16,24.25,standard,2026-07-19T18:19:01Z
U319,20,17,24.25,standard,2026-07-19T18:19:01Z
U319,20,18,24.25,standard,2026-07-19T18:19:01Z
U319,20,19,24.25,standard,2026-07-19T18:19:01Z
U319,20,2,24.25,standard,2026-07-19T18:19:01Z
U319,20,20,24.25,standard,2026-07-19T18:19:01Z
U319,20,21,24.25,standard,2026-07-19T18:19:01Z
U319,20,22,24.25,standard,2026-07-19T18:19:01Z
U319,20,3,24.25,standard,2026-07-19T18:19:01Z
U319,20,4,24.25,standard,2026-07-19T18:19:01Z
U319,20,5,24.25,standard,2026-07-19T18:19:01Z
U319,20,6,24.25,standard,2026-07-19T18:19:01Z
U319,20,7,24.25,standard,2026-07-19T18:19:01Z
U319,20,8,24.25,standard,2026-07-19T18:19:01Z
U319,20,9,24.25,standard,2026-07-19T18:19:01Z
U319,21,1,24.25,standard,2026-07-19T18:19:01Z
U319,21,10,24.25,standard,2026-07-19T18:19:01Z
U319,21,11,24.25,standard,2026-07-19T18:19:01Z
U319,21,12,24.25,standard,2026-07-19T18:19:01Z
U319,21,13,24.25,standard,2026-07-19T18:19:01Z
U319,21,14,24.25,standard,2026-07-19T18:19:01Z
U319,21,15,24.25,standard,2026-07-19T18:19:01Z
U319,21,16,24.25,standard,2026-07-19T18:19:01Z
U319,21,17,24.25,standard,2026-07-19T18:19:01Z
U319,21,18,24.25,standard,2026-07-19T18:19:01Z
U319,21,19,24.25,standard,2026-07-19T18:19:01Z
U319,21,2,24.25,standard,2026-07-19T18:19:01Z
U319,21,20,24.25,standard,2026-07-19T18:19:01Z
U319,21,21,24.25,standard,2026-07-19T18:19:01Z
U319,21,22,24.25,standard,2026-07-19T18:19:01Z
U319,21,23,24.25,standard,2026-07-19T18:19:01Z
U319,21,24,24.25,standard,2026-07-19T18:19:01Z
U319,21,3,24.25,standard,2026-07-19T18:19:01Z
U319,21,4,24.25,standard,2026-07-19T18:19:01Z
U319,21,5,24.25,standard,2026-07-19T18:19:01Z
U319,21,6,24.25,standard,2026-07-19T18:19:01Z
U319,21,7,24.25,standard,2026-07-19T18:19:01Z
U319,21,8,24.25,standard,2026-07-19T18:19:01Z
U319,21,9,24.25,standard,2026-07-19T18:19:01Z
U319,22,1,24.25,standard,2026-07-19T18:19:01Z
U319,22,10,24.25,standard,2026-07-19T18:19:01Z
U319,22,11,24.25,standard,2026-07-19T18:19:01Z
U319,22,12,24.25,standard,2026-07-19T18:19:01Z
U319,22,13,24.25,standard,2026-07-19T18:19:01Z
U319,22,14,24.25,standard,2026-07-19T18:19:01Z
U319,22,15,24.25,standard,2026-07-19T18:19:01Z
U319,22,16,24.25,standard,2026-07-19T18:19:01Z
U319,22,17,24.25,standard,2026-07-19T18:19:01Z
U319,22,18,24.25,standard,2026-07-19T18:19:01Z
U319,22,19,24.25,standard,2026-07-19T18:19:01Z
U319,22,2,24.25,standard,2026-07-19T18:19:01Z
U319,22,20,24.25,standard,2026-07-19T18:19:01Z
U319,22,21,24.25,standard,2026-07-19T18:19:01Z
U319,22,22,24.25,standard,2026-07-19T18:19:01Z
U319,22,23,24.25,standard,2026-07-19T18:19:01Z
U319,22,24,24.25,standard,2026-07-19T18:19:01Z
U319,22,3,24.25,standard,2026-07-19T18:19:01Z
U319,22,4,24.25,standard,2026-07-19T18:19:01Z
U319,22,5,24.25,standard,2026-07-19T18:19:01Z
U319,22,6,24.25,standard,2026-07-19T18:19:01Z
U319,22,7,24.25,standard,2026-07-19T18:19:01Z
U319,22,8,24.25,standard,2026-07-19T18:19:01Z
U319,22,9,24.25,standard,2026-07-19T18:19:01Z
U319,23,1,24.25,standard,2026-07-19T18:19:01Z
U319,23,10,24.25,standard,2026-07-19T18:19:01Z
U319,23,11,24.25,standard,2026-07-19T18:19:01Z
U319,23,12,24.25,standard,2026-07-19T18:19:01Z
U319,23,13,24.25,standard,2026-07-19T18:19:01Z
U319,23,14,24.25,standard,2026-07-19T18:19:01Z
U319,23,15,24.25,standard,2026-07-19T18:19:01Z
U319,23,16,24.25,standard,2026-07-19T18:19:01Z
U319,23,17,24.25,standard,2026-07-19T18:19:01Z
U319,23,18,24.25,standard,2026-07-19T18:19:01Z
U319,23,19,24.25,standard,2026-07-19T18:19:01Z
U319,23,2,24.25,standard,2026-07-19T18:19:01Z
U319,23,20,24.25,standard,2026-07-19T18:19:01Z
U319,23,21,24.25,standard,2026-07-19T18:19:01Z
U319,23,22,24.25,standard,2026-07-19T18:19:01Z
U319,23,23,24.25,standard,2026-07-19T18:19:01Z
U319,23,24,24.25,standard,2026-07-19T18:19:01Z
U319,23,3,24.25,standard,2026-07-19T18:19:01Z
U319,23,4,24.25,standard,2026-07-19T18:19:01Z
U319,23,5,24.25,standard,2026-07-19T18:19:01Z
U319,23,6,24.25,standard,2026-07-19T18:19:01Z
U319,23,7,24.25,standard,2026-07-19T18:19:01Z
U319,23,8,24.25,standard,2026-07-19T18:19:01Z
U319,23,9,24.25,standard,2026-07-19T18:19:01Z
U321,14,1,24.25,standard,2026-07-19T18:19:01Z
U321,14,2,24.25,standard,2026-07-19T18:19:01Z
U321,14,23,24.25,standard,2026-07-19T18:19:01Z
U321,14,24,24.25,standard,2026-07-19T18:19:01Z
U321,14,3,24.25,standard,2026-07-19T18:19:01Z
U321,14,4,24.25,standard,2026-07-19T18:19:01Z
U321,15,1,24.25,standard,2026-07-19T18:19:01Z
U321,15,13,24.25,standard,2026-07-19T18:19:01Z
U321,15,14,24.25,standard,2026-07-19T18:19:01Z
U321,15,15,24.25,standard,2026-07-19T18:19:01Z
U321,15,16,24.25,standard,2026-07-19T18:19:01Z
U321,15,17,24.25,standard,2026-07-19T18:19:01Z
U321,15,18,24.25,standard,2026-07-19T18:19:01Z
U321,15,19,24.25,standard,2026-07-19T18:19:01Z
U321,15,2,24.25,standard,2026-07-19T18:19:01Z
U321,15,20,24.25,standard,2026-07-19T18:19:01Z
U321,15,21,24.25,standard,2026-07-19T18:19:01Z
U321,15,22,24.25,standard,2026-07-19T18:19:01Z
U321,15,3,24.25,standard,2026-07-19T18:19:01Z
U321,15,4,24.25,standard,2026-07-19T18:19:01Z
U321,11,17,24.25,standard,2026-07-19T18:19:01Z
U321,11,18,24.25,standard,2026-07-19T18:19:01Z
U321,12,1,24.25,standard,2026-07-19T18:19:01Z
U321,12,17,24.25,standard,2026-07-19T18:19:01Z
U321,12,18,24.25,standard,2026-07-19T18:19:01Z
U321,12,19,24.25,standard,2026-07-19T18:19:01Z
U321,12,2,24.25,standard,2026-07-19T18:19:01Z
U321,12,20,24.25,standard,2026-07-19T18:19:01Z
U321,12,3,24.25,standard,2026-07-19T18:19:01Z
U321,12,4,24.25,standard,2026-07-19T18:19:01Z
U321,13,1,24.25,standard,2026-07-19T18:19:01Z
U321,13,13,24.25,standard,2026-07-19T18:19:01Z
U321,13,14,24.25,standard,2026-07-19T18:19:01Z
U321,13,15,24.25,standard,2026-07-19T18:19:01Z
U321,13,16,24.25,standard,2026-07-19T18:19:01Z
U321,13,17,24.25,standard,2026-07-19T18:19:01Z
U321,13,2,24.25,standard,2026-07-19T18:19:01Z
U321,13,3,24.25,standard,2026-07-19T18:19:01Z
U321,13,4,24.25,standard,2026-07-19T18:19:01Z
U323,14,10,24.25,standard,2026-07-19T18:19:01Z
U323,14,11,24.25,standard,2026-07-19T18:19:01Z
U323,14,12,24.25,standard,2026-07-19T18:19:01Z
U323,14,13,24.25,standard,2026-07-19T18:19:01Z
U323,14,14,24.25,standard,2026-07-19T18:19:01Z
U323,14,15,24.25,standard,2026-07-19T18:19:01Z
U323,14,16,24.25,standard,2026-07-19T18:19:01Z
U323,14,17,24.25,standard,2026-07-19T18:19:01Z
U323,14,18,24.25,standard,2026-07-19T18:19:01Z
U323,14,19,24.25,standard,2026-07-19T18:19:01Z
U323,14,20,24.25,standard,2026-07-19T18:19:01Z
U323,14,21,24.25,standard,2026-07-19T18:19:01Z
U323,14,3,24.25,standard,2026-07-19T18:19:01Z
U323,14,4,24.25,standard,2026-07-19T18:19:01Z
U323,14,5,24.25,standard,2026-07-19T18:19:01Z
U323,14,6,24.25,standard,2026-07-19T18:19:01Z
U323,14,7,24.25,standard,2026-07-19T18:19:01Z
U323,14,8,24.25,standard,2026-07-19T18:19:01Z
U323,14,9,24.25,standard,2026-07-19T18:19:01Z
U323,16,1,24.25,standard,2026-07-19T18:19:01Z
U323,16,10,24.25,standard,2026-07-19T18:19:01Z
U323,16,11,24.25,standard,2026-07-19T18:19:01Z
U323,16,12,24.25,standard,2026-07-19T18:19:01Z
U323,16,13,24.25,standard,2026-07-19T18:19:01Z
U323,16,14,24.25,standard,2026-07-19T18:19:01Z
U323,16,15,24.25,standard,2026-07-19T18:19:01Z
U323,16,16,24.25,standard,2026-07-19T18:19:01Z
U323,16,17,24.25,standard,2026-07-19T18:19:01Z
U323,16,18,24.25,standard,2026-07-19T18:19:01Z
U323,16,19,24.25,standard,2026-07-19T18:19:01Z
U323,16,2,24.25,standard,2026-07-19T18:19:01Z
U323,16,20,24.25,standard,2026-07-19T18:19:01Z
U323,16,21,24.25,standard,2026-07-19T18:19:01Z
U323,16,22,24.25,standard,2026-07-19T18:19:01Z
U323,16,23,24.25,standard,2026-07-19T18:19:01Z
U323,16,24,24.25,standard,2026-07-19T18:19:01Z
U323,16,8,24.25,standard,2026-07-19T18:19:01Z
U323,16,9,24.25,standard,2026-07-19T18:19:01Z
U323,10,20,24.25,standard,2026-07-19T18:19:01Z
U323,10,21,24.25,standard,2026-07-19T18:19:01Z
U323,11,20,24.25,standard,2026-07-19T18:19:01Z
U323,11,21,24.25,standard,2026-07-19T18:19:01Z
U323,13,10,24.25,standard,2026-07-19T18:19:01Z
U323,13,11,24.25,standard,2026-07-19T18:19:01Z
U323,13,12,24.25,standard,2026-07-19T18:19:01Z
U323,13,13,24.25,standard,2026-07-19T18:19:01Z
U323,13,14,24.25,standard,2026-07-19T18:19:01Z
U323,13,15,24.25,standard,2026-07-19T18:19:01Z
U323,13,16,24.25,standard,2026-07-19T18:19:01Z
U323,13,17,24.25,standard,2026-07-19T18:19:01Z
U323,13,18,24.25,standard,2026-07-19T18:19:01Z
U323,13,19,24.25,standard,2026-07-19T18:19:01Z
U323,13,20,24.25,standard,2026-07-19T18:19:01Z
U323,13,21,24.25,standard,2026-07-19T18:19:01Z
U323,13,4,24.25,standard,2026-07-19T18:19:01Z
U323,13,5,24.25,standard,2026-07-19T18:19:01Z
U323,13,6,24.25,standard,2026-07-19T18:19:01Z
U323,13,7,24.25,standard,2026-07-19T18:19:01Z
U323,13,8,24.25,standard,2026-07-19T18:19:01Z
U323,13,9,24.25,standard,2026-07-19T18:19:01Z
U325,16,1,24.25,standard,2026-07-19T18:19:01Z
U325,16,13,24.25,standard,2026-07-19T18:19:01Z
U325,16,14,24.25,standard,2026-07-19T18:19:01Z
U325,16,15,24.25,standard,2026-07-19T18:19:01Z
U325,16,16,24.25,standard,2026-07-19T18:19:01Z
U325,16,17,24.25,standard,2026-07-19T18:19:01Z
U325,16,18,24.25,standard,2026-07-19T18:19:01Z
U325,16,19,24.25,standard,2026-07-19T18:19:01Z
U325,16,2,24.25,standard,2026-07-19T18:19:01Z
U325,16,20,24.25,standard,2026-07-19T18:19:01Z
U325,16,21,24.25,standard,2026-07-19T18:19:01Z
U325,16,22,24.25,standard,2026-07-19T18:19:01Z
U325,16,3,24.25,standard,2026-07-19T18:19:01Z
U325,16,4,24.25,standard,2026-07-19T18:19:01Z
U325,17,13,24.25,standard,2026-07-19T18:19:01Z
U325,17,14,24.25,standard,2026-07-19T18:19:01Z
U325,17,17,24.25,standard,2026-07-19T18:19:01Z
U325,17,18,24.25,standard,2026-07-19T18:19:01Z
U325,17,19,24.25,standard,2026-07-19T18:19:01Z
U325,17,20,24.25,standard,2026-07-19T18:19:01Z
U325,17,21,24.25,standard,2026-07-19T18:19:01Z
U325,17,22,24.25,standard,2026-07-19T18:19:01Z
U325,17,3,24.25,standard,2026-07-19T18:19:01Z
U325,17,4,24.25,standard,2026-07-19T18:19:01Z
U325,18,1,24.25,standard,2026-07-19T18:19:01Z
U325,18,13,24.25,standard,2026-07-19T18:19:01Z
U325,18,14,24.25,standard,2026-07-19T18:19:01Z
U325,18,15,24.25,standard,2026-07-19T18:19:01Z
U325,18,16,24.25,standard,2026-07-19T18:19:01Z
U325,18,17,24.25,standard,2026-07-19T18:19:01Z
U325,18,18,24.25,standard,2026-07-19T18:19:01Z
U325,18,19,24.25,standard,2026-07-19T18:19:01Z
U325,18,2,24.25,standard,2026-07-19T18:19:01Z
U325,18,20,24.25,standard,2026-07-19T18:19:01Z
U325,18,21,24.25,standard,2026-07-19T18:19:01Z
U325,18,22,24.25,standard,2026-07-19T18:19:01Z
U325,18,3,24.25,standard,2026-07-19T18:19:01Z
U325,18,4,24.25,standard,2026-07-19T18:19:01Z
U325,10,17,24.25,standard,2026-07-19T18:19:01Z
U325,10,18,24.25,standard,2026-07-19T18:19:01Z
U325,10,19,24.25,standard,2026-07-19T18:19:01Z
U325,12,10,24.25,standard,2026-07-19T18:19:01Z
U325,12,11,24.25,standard,2026-07-19T18:19:01Z
U325,12,12,24.25,standard,2026-07-19T18:19:01Z
U325,12,13,24.25,standard,2026-07-19T18:19:01Z
U325,12,14,24.25,standard,2026-07-19T18:19:01Z
U325,12,15,24.25,standard,2026-07-19T18:19:01Z
U325,12,16,24.25,standard,2026-07-19T18:19:01Z
U325,12,17,24.25,standard,2026-07-19T18:19:01Z
U325,12,18,24.25,standard,2026-07-19T18:19:01Z
U325,12,19,24.25,standard,2026-07-19T18:19:01Z
U325,12,2,24.25,standard,2026-07-19T18:19:01Z
U325,12,3,24.25,standard,2026-07-19T18:19:01Z
U325,12,4,24.25,standard,2026-07-19T18:19:01Z
U325,12,5,24.25,standard,2026-07-19T18:19:01Z
U325,12,6,24.25,standard,2026-07-19T18:19:01Z
U325,12,7,24.25,standard,2026-07-19T18:19:01Z
U325,12,8,24.25,standard,2026-07-19T18:19:01Z
U325,12,9,24.25,standard,2026-07-19T18:19:01Z
U326,15,10,24.25,standard,2026-07-19T18:19:01Z
U326,15,11,24.25,standard,2026-07-19T18:19:01Z
U326,15,12,24.25,standard,2026-07-19T18:19:01Z
U326,15,13,24.25,standard,2026-07-19T18:19:01Z
U326,15,14,24.25,standard,2026-07-19T18:19:01Z
U326,15,15,24.25,standard,2026-07-19T18:19:01Z
U326,15,16,24.25,standard,2026-07-19T18:19:01Z
U326,15,17,24.25,standard,2026-07-19T18:19:01Z
U326,15,18,24.25,standard,2026-07-19T18:19:01Z
U326,15,19,24.25,standard,2026-07-19T18:19:01Z
U326,15,20,24.25,standard,2026-07-19T18:19:01Z
U326,15,5,24.25,standard,2026-07-19T18:19:01Z
U326,15,6,24.25,standard,2026-07-19T18:19:01Z
U326,15,7,24.25,standard,2026-07-19T18:19:01Z
U326,15,8,24.25,standard,2026-07-19T18:19:01Z
U326,15,9,24.25,standard,2026-07-19T18:19:01Z
U326,16,10,24.25,standard,2026-07-19T18:19:01Z
U326,16,11,24.25,standard,2026-07-19T18:19:01Z
U326,16,12,24.25,standard,2026-07-19T18:19:01Z
U326,16,13,24.25,standard,2026-07-19T18:19:01Z
U326,16,14,24.25,standard,2026-07-19T18:19:01Z
U326,16,15,24.25,standard,2026-07-19T18:19:01Z
U326,16,16,24.25,standard,2026-07-19T18:19:01Z
U326,16,17,24.25,standard,2026-07-19T18:19:01Z
U326,16,18,24.25,standard,2026-07-19T18:19:01Z
U326,16,19,24.25,standard,2026-07-19T18:19:01Z
U326,16,20,24.25,standard,2026-07-19T18:19:01Z
U326,16,21,24.25,standard,2026-07-19T18:19:01Z
U326,16,5,24.25,standard,2026-07-19T18:19:01Z
U326,16,6,24.25,standard,2026-07-19T18:19:01Z
U326,16,7,24.25,standard,2026-07-19T18:19:01Z
U326,16,8,24.25,standard,2026-07-19T18:19:01Z
U326,16,9,24.25,standard,2026-07-19T18:19:01Z
U326,17,10,24.25,standard,2026-07-19T18:19:01Z
U326,17,11,24.25,standard,2026-07-19T18:19:01Z
U326,17,12,24.25,standard,2026-07-19T18:19:01Z
U326,17,13,24.25,standard,2026-07-19T18:19:01Z
U326,17,14,24.25,standard,2026-07-19T18:19:01Z
U326,17,19,24.25,standard,2026-07-19T18:19:01Z
U326,17,20,24.25,standard,2026-07-19T18:19:01Z
U326,17,21,24.25,standard,2026-07-19T18:19:01Z
U326,17,5,24.25,standard,2026-07-19T18:19:01Z
U326,17,6,24.25,standard,2026-07-19T18:19:01Z
U326,17,7,24.25,standard,2026-07-19T18:19:01Z
U326,17,8,24.25,standard,2026-07-19T18:19:01Z
U326,17,9,24.25,standard,2026-07-19T18:19:01Z
U326,19,1,24.25,standard,2026-07-19T18:19:01Z
U326,19,10,24.25,standard,2026-07-19T18:19:01Z
U326,19,11,24.25,standard,2026-07-19T18:19:01Z
U326,19,12,24.25,standard,2026-07-19T18:19:01Z
U326,19,13,24.25,standard,2026-07-19T18:19:01Z
U326,19,14,24.25,standard,2026-07-19T18:19:01Z
U326,19,2,24.25,standard,2026-07-19T18:19:01Z
U326,19,3,24.25,standard,2026-07-19T18:19:01Z
U326,19,4,24.25,standard,2026-07-19T18:19:01Z
U326,19,5,24.25,standard,2026-07-19T18:19:01Z
U326,19,6,24.25,standard,2026-07-19T18:19:01Z
U326,19,7,24.25,standard,2026-07-19T18:19:01Z
U326,19,8,24.25,standard,2026-07-19T18:19:01Z
U326,19,9,24.25,standard,2026-07-19T18:19:01Z
U326,12,11,24.25,standard,2026-07-19T18:19:01Z
U326,12,12,24.25,standard,2026-07-19T18:19:01Z
U326,12,13,24.25,standard,2026-07-19T18:19:01Z
U326,13,10,24.25,standard,2026-07-19T18:19:01Z
U326,13,11,24.25,standard,2026-07-19T18:19:01Z
U326,13,12,24.25,standard,2026-07-19T18:19:01Z
U326,13,13,24.25,standard,2026-07-19T18:19:01Z
U326,13,14,24.25,standard,2026-07-19T18:19:01Z
U326,13,15,24.25,standard,2026-07-19T18:19:01Z
U326,13,16,24.25,standard,2026-07-19T18:19:01Z
U326,13,17,24.25,standard,2026-07-19T18:19:01Z
U326,13,18,24.25,standard,2026-07-19T18:19:01Z
U326,13,8,24.25,standard,2026-07-19T18:19:01Z
U326,13,9,24.25,standard,2026-07-19T18:19:01Z
U327,14,10,24.25,standard,2026-07-19T18:19:01Z
U327,14,11,24.25,standard,2026-07-19T18:19:01Z
U327,14,12,24.25,standard,2026-07-19T18:19:01Z
U327,14,13,24.25,standard,2026-07-19T18:19:01Z
U327,14,14,24.25,standard,2026-07-19T18:19:01Z
U327,14,15,24.25,standard,2026-07-19T18:19:01Z
U327,14,16,24.25,standard,2026-07-19T18:19:01Z
U327,14,17,24.25,standard,2026-07-19T18:19:01Z
U327,14,18,24.25,standard,2026-07-19T18:19:01Z
U327,14,2,24.25,standard,2026-07-19T18:19:01Z
U327,14,3,24.25,standard,2026-07-19T18:19:01Z
U327,14,4,24.25,standard,2026-07-19T18:19:01Z
U327,14,5,24.25,standard,2026-07-19T18:19:01Z
U327,14,6,24.25,standard,2026-07-19T18:19:01Z
U327,14,7,24.25,standard,2026-07-19T18:19:01Z
U327,14,8,24.25,standard,2026-07-19T18:19:01Z
U327,14,9,24.25,standard,2026-07-19T18:19:01Z
U327,15,1,24.25,standard,2026-07-19T18:19:01Z
U327,15,10,24.25,standard,2026-07-19T18:19:01Z
U327,15,11,24.25,standard,2026-07-19T18:19:01Z
U327,15,12,24.25,standard,2026-07-19T18:19:01Z
U327,15,13,24.25,standard,2026-07-19T18:19:01Z
U327,15,14,24.25,standard,2026-07-19T18:19:01Z
U327,15,15,24.25,standard,2026-07-19T18:19:01Z
U327,15,16,24.25,standard,2026-07-19T18:19:01Z
U327,15,17,24.25,standard,2026-07-19T18:19:01Z
U327,15,18,24.25,standard,2026-07-19T18:19:01Z
U327,15,2,24.25,standard,2026-07-19T18:19:01Z
U327,15,3,24.25,standard,2026-07-19T18:19:01Z
U327,15,4,24.25,standard,2026-07-19T18:19:01Z
U327,15,5,24.25,standard,2026-07-19T18:19:01Z
U327,15,6,24.25,standard,2026-07-19T18:19:01Z
U327,15,7,24.25,standard,2026-07-19T18:19:01Z
U327,15,8,24.25,standard,2026-07-19T18:19:01Z
U327,15,9,24.25,standard,2026-07-19T18:19:01Z
U327,16,1,24.25,standard,2026-07-19T18:19:01Z
U327,16,10,24.25,standard,2026-07-19T18:19:01Z
U327,16,11,24.25,standard,2026-07-19T18:19:01Z
U327,16,12,24.25,standard,2026-07-19T18:19:01Z
U327,16,13,24.25,standard,2026-07-19T18:19:01Z
U327,16,14,24.25,standard,2026-07-19T18:19:01Z
U327,16,15,24.25,standard,2026-07-19T18:19:01Z
U327,16,16,24.25,standard,2026-07-19T18:19:01Z
U327,16,17,24.25,standard,2026-07-19T18:19:01Z
U327,16,18,24.25,standard,2026-07-19T18:19:01Z
U327,16,2,24.25,standard,2026-07-19T18:19:01Z
U327,16,3,24.25,standard,2026-07-19T18:19:01Z
U327,16,4,24.25,standard,2026-07-19T18:19:01Z
U327,16,5,24.25,standard,2026-07-19T18:19:01Z
U327,16,6,24.25,standard,2026-07-19T18:19:01Z
U327,16,7,24.25,standard,2026-07-19T18:19:01Z
U327,16,8,24.25,standard,2026-07-19T18:19:01Z
U327,16,9,24.25,standard,2026-07-19T18:19:01Z
U327,17,1,24.25,standard,2026-07-19T18:19:01Z
U327,17,10,24.25,standard,2026-07-19T18:19:01Z
U327,17,11,24.25,standard,2026-07-19T18:19:01Z
U327,17,12,24.25,standard,2026-07-19T18:19:01Z
U327,17,13,24.25,standard,2026-07-19T18:19:01Z
U327,17,14,24.25,standard,2026-07-19T18:19:01Z
U327,17,15,24.25,standard,2026-07-19T18:19:01Z
U327,17,16,24.25,standard,2026-07-19T18:19:01Z
U327,17,17,24.25,standard,2026-07-19T18:19:01Z
U327,17,18,24.25,standard,2026-07-19T18:19:01Z
U327,17,19,24.25,standard,2026-07-19T18:19:01Z
U327,17,2,24.25,standard,2026-07-19T18:19:01Z
U327,17,3,24.25,standard,2026-07-19T18:19:01Z
U327,17,4,24.25,standard,2026-07-19T18:19:01Z
U327,17,5,24.25,standard,2026-07-19T18:19:01Z
U327,17,6,24.25,standard,2026-07-19T18:19:01Z
U327,17,7,24.25,standard,2026-07-19T18:19:01Z
U327,17,8,24.25,standard,2026-07-19T18:19:01Z
U327,17,9,24.25,standard,2026-07-19T18:19:01Z
U327,18,1,24.25,standard,2026-07-19T18:19:01Z
U327,18,10,24.25,standard,2026-07-19T18:19:01Z
U327,18,11,24.25,standard,2026-07-19T18:19:01Z
U327,18,12,24.25,standard,2026-07-19T18:19:01Z
U327,18,13,24.25,standard,2026-07-19T18:19:01Z
U327,18,14,24.25,standard,2026-07-19T18:19:01Z
U327,18,15,24.25,standard,2026-07-19T18:19:01Z
U327,18,16,24.25,standard,2026-07-19T18:19:01Z
U327,18,17,24.25,standard,2026-07-19T18:19:01Z
U327,18,18,24.25,standard,2026-07-19T18:19:01Z
U327,18,19,24.25,standard,2026-07-19T18:19:01Z
U327,18,2,24.25,standard,2026-07-19T18:19:01Z
U327,18,3,24.25,standard,2026-07-19T18:19:01Z
U327,18,4,24.25,standard,2026-07-19T18:19:01Z
U327,18,5,24.25,standard,2026-07-19T18:19:01Z
U327,18,6,24.25,standard,2026-07-19T18:19:01Z
U327,18,7,24.25,standard,2026-07-19T18:19:01Z
U327,18,8,24.25,standard,2026-07-19T18:19:01Z
U327,18,9,24.25,standard,2026-07-19T18:19:01Z
U327,19,1,24.25,standard,2026-07-19T18:19:01Z
U327,19,10,24.25,standard,2026-07-19T18:19:01Z
U327,19,11,24.25,standard,2026-07-19T18:19:01Z
U327,19,12,24.25,standard,2026-07-19T18:19:01Z
U327,19,13,24.25,standard,2026-07-19T18:19:01Z
U327,19,14,24.25,standard,2026-07-19T18:19:01Z
U327,19,15,24.25,standard,2026-07-19T18:19:01Z
U327,19,16,24.25,standard,2026-07-19T18:19:01Z
U327,19,17,24.25,standard,2026-07-19T18:19:01Z
U327,19,18,24.25,standard,2026-07-19T18:19:01Z
U327,19,19,24.25,standard,2026-07-19T18:19:01Z
U327,19,2,24.25,standard,2026-07-19T18:19:01Z
U327,19,3,24.25,standard,2026-07-19T18:19:01Z
U327,19,4,24.25,standard,2026-07-19T18:19:01Z
U327,19,5,24.25,standard,2026-07-19T18:19:01Z
U327,19,6,24.25,standard,2026-07-19T18:19:01Z
U327,19,7,24.25,standard,2026-07-19T18:19:01Z
U327,19,8,24.25,standard,2026-07-19T18:19:01Z
U327,19,9,24.25,standard,2026-07-19T18:19:01Z
U327,12,10,24.25,standard,2026-07-19T18:19:01Z
U327,12,11,24.25,standard,2026-07-19T18:19:01Z
U327,12,12,24.25,standard,2026-07-19T18:19:01Z
U327,12,13,24.25,standard,2026-07-19T18:19:01Z
U327,12,14,24.25,standard,2026-07-19T18:19:01Z
U327,12,15,24.25,standard,2026-07-19T18:19:01Z
U327,12,16,24.25,standard,2026-07-19T18:19:01Z
U327,12,3,24.25,standard,2026-07-19T18:19:01Z
U327,12,4,24.25,standard,2026-07-19T18:19:01Z
U327,12,5,24.25,standard,2026-07-19T18:19:01Z
U327,12,6,24.25,standard,2026-07-19T18:19:01Z
U327,12,7,24.25,standard,2026-07-19T18:19:01Z
U327,12,8,24.25,standard,2026-07-19T18:19:01Z
U327,12,9,24.25,standard,2026-07-19T18:19:01Z
U327,13,10,24.25,standard,2026-07-19T18:19:01Z
U327,13,11,24.25,standard,2026-07-19T18:19:01Z
U327,13,12,24.25,standard,2026-07-19T18:19:01Z
U327,13,13,24.25,standard,2026-07-19T18:19:01Z
U327,13,14,24.25,standard,2026-07-19T18:19:01Z
U327,13,15,24.25,standard,2026-07-19T18:19:01Z
U327,13,16,24.25,standard,2026-07-19T18:19:01Z
U327,13,17,24.25,standard,2026-07-19T18:19:01Z
U327,13,3,24.25,standard,2026-07-19T18:19:01Z
U327,13,4,24.25,standard,2026-07-19T18:19:01Z
U327,13,5,24.25,standard,2026-07-19T18:19:01Z
U327,13,6,24.25,standard,2026-07-19T18:19:01Z
U327,13,7,24.25,standard,2026-07-19T18:19:01Z
U327,13,8,24.25,standard,2026-07-19T18:19:01Z
U327,13,9,24.25,standard,2026-07-19T18:19:01Z
U328,14,1,24.25,standard,2026-07-19T18:19:01Z
U328,14,10,24.25,standard,2026-07-19T18:19:01Z
U328,14,11,24.25,standard,2026-07-19T18:19:01Z
U328,14,12,24.25,standard,2026-07-19T18:19:01Z
U328,14,13,24.25,standard,2026-07-19T18:19:01Z
U328,14,14,24.25,standard,2026-07-19T18:19:01Z
U328,14,15,24.25,standard,2026-07-19T18:19:01Z
U328,14,16,24.25,standard,2026-07-19T18:19:01Z
U328,14,17,24.25,standard,2026-07-19T18:19:01Z
U328,14,18,24.25,standard,2026-07-19T18:19:01Z
U328,14,2,24.25,standard,2026-07-19T18:19:01Z
U328,14,3,24.25,standard,2026-07-19T18:19:01Z
U328,14,4,24.25,standard,2026-07-19T18:19:01Z
U328,14,5,24.25,standard,2026-07-19T18:19:01Z
U328,14,6,24.25,standard,2026-07-19T18:19:01Z
U328,14,7,24.25,standard,2026-07-19T18:19:01Z
U328,14,8,24.25,standard,2026-07-19T18:19:01Z
U328,14,9,24.25,standard,2026-07-19T18:19:01Z
U328,15,10,24.25,standard,2026-07-19T18:19:01Z
U328,15,11,24.25,standard,2026-07-19T18:19:01Z
U328,15,12,24.25,standard,2026-07-19T18:19:01Z
U328,15,13,24.25,standard,2026-07-19T18:19:01Z
U328,15,14,24.25,standard,2026-07-19T18:19:01Z
U328,15,15,24.25,standard,2026-07-19T18:19:01Z
U328,15,16,24.25,standard,2026-07-19T18:19:01Z
U328,15,17,24.25,standard,2026-07-19T18:19:01Z
U328,15,18,24.25,standard,2026-07-19T18:19:01Z
U328,15,9,24.25,standard,2026-07-19T18:19:01Z
U328,16,1,24.25,standard,2026-07-19T18:19:01Z
U328,16,10,24.25,standard,2026-07-19T18:19:01Z
U328,16,11,24.25,standard,2026-07-19T18:19:01Z
U328,16,12,24.25,standard,2026-07-19T18:19:01Z
U328,16,13,24.25,standard,2026-07-19T18:19:01Z
U328,16,14,24.25,standard,2026-07-19T18:19:01Z
U328,16,15,24.25,standard,2026-07-19T18:19:01Z
U328,16,16,24.25,standard,2026-07-19T18:19:01Z
U328,16,17,24.25,standard,2026-07-19T18:19:01Z
U328,16,18,24.25,standard,2026-07-19T18:19:01Z
U328,16,2,24.25,standard,2026-07-19T18:19:01Z
U328,16,3,24.25,standard,2026-07-19T18:19:01Z
U328,16,4,24.25,standard,2026-07-19T18:19:01Z
U328,16,5,24.25,standard,2026-07-19T18:19:01Z
U328,16,6,24.25,standard,2026-07-19T18:19:01Z
U328,16,7,24.25,standard,2026-07-19T18:19:01Z
U328,16,8,24.25,standard,2026-07-19T18:19:01Z
U328,16,9,24.25,standard,2026-07-19T18:19:01Z
U328,17,1,24.25,standard,2026-07-19T18:19:01Z
U328,17,10,24.25,standard,2026-07-19T18:19:01Z
U328,17,11,24.25,standard,2026-07-19T18:19:01Z
U328,17,12,24.25,standard,2026-07-19T18:19:01Z
U328,17,13,24.25,standard,2026-07-19T18:19:01Z
U328,17,14,24.25,standard,2026-07-19T18:19:01Z
U328,17,15,24.25,standard,2026-07-19T18:19:01Z
U328,17,16,24.25,standard,2026-07-19T18:19:01Z
U328,17,17,24.25,standard,2026-07-19T18:19:01Z
U328,17,18,24.25,standard,2026-07-19T18:19:01Z
U328,17,19,24.25,standard,2026-07-19T18:19:01Z
U328,17,2,24.25,standard,2026-07-19T18:19:01Z
U328,17,3,24.25,standard,2026-07-19T18:19:01Z
U328,17,4,24.25,standard,2026-07-19T18:19:01Z
U328,17,5,24.25,standard,2026-07-19T18:19:01Z
U328,17,6,24.25,standard,2026-07-19T18:19:01Z
U328,17,7,24.25,standard,2026-07-19T18:19:01Z
U328,17,8,24.25,standard,2026-07-19T18:19:01Z
U328,17,9,24.25,standard,2026-07-19T18:19:01Z
U328,18,1,24.25,standard,2026-07-19T18:19:01Z
U328,18,10,24.25,standard,2026-07-19T18:19:01Z
U328,18,11,24.25,standard,2026-07-19T18:19:01Z
U328,18,12,24.25,standard,2026-07-19T18:19:01Z
U328,18,13,24.25,standard,2026-07-19T18:19:01Z
U328,18,14,24.25,standard,2026-07-19T18:19:01Z
U328,18,15,24.25,standard,2026-07-19T18:19:01Z
U328,18,16,24.25,standard,2026-07-19T18:19:01Z
U328,18,17,24.25,standard,2026-07-19T18:19:01Z
U328,18,18,24.25,standard,2026-07-19T18:19:01Z
U328,18,19,24.25,standard,2026-07-19T18:19:01Z
U328,18,2,24.25,standard,2026-07-19T18:19:01Z
U328,18,3,24.25,standard,2026-07-19T18:19:01Z
U328,18,4,24.25,standard,2026-07-19T18:19:01Z
U328,18,5,24.25,standard,2026-07-19T18:19:01Z
U328,18,6,24.25,standard,2026-07-19T18:19:01Z
U328,18,7,24.25,standard,2026-07-19T18:19:01Z
U328,18,8,24.25,standard,2026-07-19T18:19:01Z
U328,18,9,24.25,standard,2026-07-19T18:19:01Z
U328,19,1,24.25,standard,2026-07-19T18:19:01Z
U328,19,10,24.25,standard,2026-07-19T18:19:01Z
U328,19,11,24.25,standard,2026-07-19T18:19:01Z
U328,19,12,24.25,standard,2026-07-19T18:19:01Z
U328,19,13,24.25,standard,2026-07-19T18:19:01Z
U328,19,14,24.25,standard,2026-07-19T18:19:01Z
U328,19,15,24.25,standard,2026-07-19T18:19:01Z
U328,19,16,24.25,standard,2026-07-19T18:19:01Z
U328,19,17,24.25,standard,2026-07-19T18:19:01Z
U328,19,18,24.25,standard,2026-07-19T18:19:01Z
U328,19,19,24.25,standard,2026-07-19T18:19:01Z
U328,19,2,24.25,standard,2026-07-19T18:19:01Z
U328,19,3,24.25,standard,2026-07-19T18:19:01Z
U328,19,4,24.25,standard,2026-07-19T18:19:01Z
U328,19,5,24.25,standard,2026-07-19T18:19:01Z
U328,19,6,24.25,standard,2026-07-19T18:19:01Z
U328,19,7,24.25,standard,2026-07-19T18:19:01Z
U328,19,8,24.25,standard,2026-07-19T18:19:01Z
U328,19,9,24.25,standard,2026-07-19T18:19:01Z
U328,10,12,24.25,standard,2026-07-19T18:19:01Z
U328,11,12,24.25,standard,2026-07-19T18:19:01Z
U328,11,13,24.25,standard,2026-07-19T18:19:01Z
U328,11,14,24.25,standard,2026-07-19T18:19:01Z
U328,11,15,24.25,standard,2026-07-19T18:19:01Z
U328,13,10,24.25,standard,2026-07-19T18:19:01Z
U328,13,11,24.25,standard,2026-07-19T18:19:01Z
U328,13,12,24.25,standard,2026-07-19T18:19:01Z
U328,13,13,24.25,standard,2026-07-19T18:19:01Z
U328,13,14,24.25,standard,2026-07-19T18:19:01Z
U328,13,15,24.25,standard,2026-07-19T18:19:01Z
U328,13,16,24.25,standard,2026-07-19T18:19:01Z
U328,13,17,24.25,standard,2026-07-19T18:19:01Z
U328,13,18,24.25,standard,2026-07-19T18:19:01Z
U328,13,3,24.25,standard,2026-07-19T18:19:01Z
U328,13,4,24.25,standard,2026-07-19T18:19:01Z
U328,13,5,24.25,standard,2026-07-19T18:19:01Z
U328,13,6,24.25,standard,2026-07-19T18:19:01Z
U328,13,7,24.25,standard,2026-07-19T18:19:01Z
U328,13,8,24.25,standard,2026-07-19T18:19:01Z
U328,13,9,24.25,standard,2026-07-19T18:19:01Z
U329,14,1,24.25,standard,2026-07-19T18:19:01Z
U329,14,10,24.25,standard,2026-07-19T18:19:01Z
U329,14,11,24.25,standard,2026-07-19T18:19:01Z
U329,14,12,24.25,standard,2026-07-19T18:19:01Z
U329,14,13,24.25,standard,2026-07-19T18:19:01Z
U329,14,14,24.25,standard,2026-07-19T18:19:01Z
U329,14,15,24.25,standard,2026-07-19T18:19:01Z
U329,14,16,24.25,standard,2026-07-19T18:19:01Z
U329,14,2,24.25,standard,2026-07-19T18:19:01Z
U329,14,3,24.25,standard,2026-07-19T18:19:01Z
U329,14,4,24.25,standard,2026-07-19T18:19:01Z
U329,14,5,24.25,standard,2026-07-19T18:19:01Z
U329,14,6,24.25,standard,2026-07-19T18:19:01Z
U329,14,7,24.25,standard,2026-07-19T18:19:01Z
U329,14,8,24.25,standard,2026-07-19T18:19:01Z
U329,14,9,24.25,standard,2026-07-19T18:19:01Z
U329,15,1,24.25,standard,2026-07-19T18:19:01Z
U329,15,10,24.25,standard,2026-07-19T18:19:01Z
U329,15,11,24.25,standard,2026-07-19T18:19:01Z
U329,15,12,24.25,standard,2026-07-19T18:19:01Z
U329,15,13,24.25,standard,2026-07-19T18:19:01Z
U329,15,14,24.25,standard,2026-07-19T18:19:01Z
U329,15,15,24.25,standard,2026-07-19T18:19:01Z
U329,15,16,24.25,standard,2026-07-19T18:19:01Z
U329,15,17,24.25,standard,2026-07-19T18:19:01Z
U329,15,18,24.25,standard,2026-07-19T18:19:01Z
U329,15,2,24.25,standard,2026-07-19T18:19:01Z
U329,15,3,24.25,standard,2026-07-19T18:19:01Z
U329,15,4,24.25,standard,2026-07-19T18:19:01Z
U329,15,5,24.25,standard,2026-07-19T18:19:01Z
U329,15,6,24.25,standard,2026-07-19T18:19:01Z
U329,15,7,24.25,standard,2026-07-19T18:19:01Z
U329,15,8,24.25,standard,2026-07-19T18:19:01Z
U329,15,9,24.25,standard,2026-07-19T18:19:01Z
U329,16,1,24.25,standard,2026-07-19T18:19:01Z
U329,16,10,24.25,standard,2026-07-19T18:19:01Z
U329,16,11,24.25,standard,2026-07-19T18:19:01Z
U329,16,12,24.25,standard,2026-07-19T18:19:01Z
U329,16,13,24.25,standard,2026-07-19T18:19:01Z
U329,16,14,24.25,standard,2026-07-19T18:19:01Z
U329,16,15,24.25,standard,2026-07-19T18:19:01Z
U329,16,16,24.25,standard,2026-07-19T18:19:01Z
U329,16,17,24.25,standard,2026-07-19T18:19:01Z
U329,16,18,24.25,standard,2026-07-19T18:19:01Z
U329,16,2,24.25,standard,2026-07-19T18:19:01Z
U329,16,3,24.25,standard,2026-07-19T18:19:01Z
U329,16,4,24.25,standard,2026-07-19T18:19:01Z
U329,16,5,24.25,standard,2026-07-19T18:19:01Z
U329,16,6,24.25,standard,2026-07-19T18:19:01Z
U329,16,7,24.25,standard,2026-07-19T18:19:01Z
U329,16,8,24.25,standard,2026-07-19T18:19:01Z
U329,16,9,24.25,standard,2026-07-19T18:19:01Z
U329,17,10,24.25,standard,2026-07-19T18:19:01Z
U329,17,11,24.25,standard,2026-07-19T18:19:01Z
U329,17,12,24.25,standard,2026-07-19T18:19:01Z
U329,17,13,24.25,standard,2026-07-19T18:19:01Z
U329,17,14,24.25,standard,2026-07-19T18:19:01Z
U329,17,15,24.25,standard,2026-07-19T18:19:01Z
U329,17,16,24.25,standard,2026-07-19T18:19:01Z
U329,17,17,24.25,standard,2026-07-19T18:19:01Z
U329,17,18,24.25,standard,2026-07-19T18:19:01Z
U329,17,19,24.25,standard,2026-07-19T18:19:01Z
U329,17,4,24.25,standard,2026-07-19T18:19:01Z
U329,17,5,24.25,standard,2026-07-19T18:19:01Z
U329,17,6,24.25,standard,2026-07-19T18:19:01Z
U329,17,7,24.25,standard,2026-07-19T18:19:01Z
U329,17,8,24.25,standard,2026-07-19T18:19:01Z
U329,17,9,24.25,standard,2026-07-19T18:19:01Z
U329,18,1,24.25,standard,2026-07-19T18:19:01Z
U329,18,10,24.25,standard,2026-07-19T18:19:01Z
U329,18,11,24.25,standard,2026-07-19T18:19:01Z
U329,18,12,24.25,standard,2026-07-19T18:19:01Z
U329,18,13,24.25,standard,2026-07-19T18:19:01Z
U329,18,14,24.25,standard,2026-07-19T18:19:01Z
U329,18,15,24.25,standard,2026-07-19T18:19:01Z
U329,18,16,24.25,standard,2026-07-19T18:19:01Z
U329,18,17,24.25,standard,2026-07-19T18:19:01Z
U329,18,18,24.25,standard,2026-07-19T18:19:01Z
U329,18,19,24.25,standard,2026-07-19T18:19:01Z
U329,18,2,24.25,standard,2026-07-19T18:19:01Z
U329,18,3,24.25,standard,2026-07-19T18:19:01Z
U329,18,4,24.25,standard,2026-07-19T18:19:01Z
U329,18,5,24.25,standard,2026-07-19T18:19:01Z
U329,18,6,24.25,standard,2026-07-19T18:19:01Z
U329,18,7,24.25,standard,2026-07-19T18:19:01Z
U329,18,8,24.25,standard,2026-07-19T18:19:01Z
U329,18,9,24.25,standard,2026-07-19T18:19:01Z
U329,19,1,24.25,standard,2026-07-19T18:19:01Z
U329,19,10,24.25,standard,2026-07-19T18:19:01Z
U329,19,11,24.25,standard,2026-07-19T18:19:01Z
U329,19,12,24.25,standard,2026-07-19T18:19:01Z
U329,19,13,24.25,standard,2026-07-19T18:19:01Z
U329,19,14,24.25,standard,2026-07-19T18:19:01Z
U329,19,15,24.25,standard,2026-07-19T18:19:01Z
U329,19,16,24.25,standard,2026-07-19T18:19:01Z
U329,19,17,24.25,standard,2026-07-19T18:19:01Z
U329,19,18,24.25,standard,2026-07-19T18:19:01Z
U329,19,19,24.25,standard,2026-07-19T18:19:01Z
U329,19,2,24.25,standard,2026-07-19T18:19:01Z
U329,19,3,24.25,standard,2026-07-19T18:19:01Z
U329,19,4,24.25,standard,2026-07-19T18:19:01Z
U329,19,5,24.25,standard,2026-07-19T18:19:01Z
U329,19,6,24.25,standard,2026-07-19T18:19:01Z
U329,19,7,24.25,standard,2026-07-19T18:19:01Z
U329,19,8,24.25,standard,2026-07-19T18:19:01Z
U329,19,9,24.25,standard,2026-07-19T18:19:01Z
U329,11,14,24.25,standard,2026-07-19T18:19:01Z
U329,11,15,24.25,standard,2026-07-19T18:19:01Z
U329,11,16,24.25,standard,2026-07-19T18:19:01Z
U329,11,17,24.25,standard,2026-07-19T18:19:01Z
U329,13,10,24.25,standard,2026-07-19T18:19:01Z
U329,13,11,24.25,standard,2026-07-19T18:19:01Z
U329,13,12,24.25,standard,2026-07-19T18:19:01Z
U329,13,13,24.25,standard,2026-07-19T18:19:01Z
U329,13,14,24.25,standard,2026-07-19T18:19:01Z
U329,13,15,24.25,standard,2026-07-19T18:19:01Z
U329,13,16,24.25,standard,2026-07-19T18:19:01Z
U329,13,17,24.25,standard,2026-07-19T18:19:01Z
U329,13,18,24.25,standard,2026-07-19T18:19:01Z
U329,13,2,24.25,standard,2026-07-19T18:19:01Z
U329,13,3,24.25,standard,2026-07-19T18:19:01Z
U329,13,4,24.25,standard,2026-07-19T18:19:01Z
U329,13,5,24.25,standard,2026-07-19T18:19:01Z
U329,13,6,24.25,standard,2026-07-19T18:19:01Z
U329,13,7,24.25,standard,2026-07-19T18:19:01Z
U329,13,8,24.25,standard,2026-07-19T18:19:01Z
U329,13,9,24.25,standard,2026-07-19T18:19:01Z
U329,24,10,24.25,standard,2026-07-19T18:19:01Z
U329,24,11,24.25,standard,2026-07-19T18:19:01Z
U329,24,12,24.25,standard,2026-07-19T18:19:01Z
U329,24,13,24.25,standard,2026-07-19T18:19:01Z
U329,24,14,24.25,standard,2026-07-19T18:19:01Z
U329,24,15,24.25,standard,2026-07-19T18:19:01Z
U329,24,16,24.25,standard,2026-07-19T18:19:01Z
U329,24,17,24.25,standard,2026-07-19T18:19:01Z
U329,24,18,24.25,standard,2026-07-19T18:19:01Z
U329,24,19,24.25,standard,2026-07-19T18:19:01Z
U329,24,20,24.25,standard,2026-07-19T18:19:01Z
U329,24,21,24.25,standard,2026-07-19T18:19:01Z
U329,24,5,24.25,standard,2026-07-19T18:19:01Z
U329,24,6,24.25,standard,2026-07-19T18:19:01Z
U329,24,7,24.25,standard,2026-07-19T18:19:01Z
U329,24,8,24.25,standard,2026-07-19T18:19:01Z
U329,24,9,24.25,standard,2026-07-19T18:19:01Z
U329,25,1,24.25,standard,2026-07-19T18:19:01Z
U329,25,15,24.25,standard,2026-07-19T18:19:01Z
U329,25,16,24.25,standard,2026-07-19T18:19:01Z
U329,25,17,24.25,standard,2026-07-19T18:19:01Z
U329,25,18,24.25,standard,2026-07-19T18:19:01Z
U329,25,19,24.25,standard,2026-07-19T18:19:01Z
U329,25,2,24.25,standard,2026-07-19T18:19:01Z
U329,25,20,24.25,standard,2026-07-19T18:19:01Z
U329,25,21,24.25,standard,2026-07-19T18:19:01Z
U329,25,22,24.25,standard,2026-07-19T18:19:01Z
U329,25,23,24.25,standard,2026-07-19T18:19:01Z
U329,25,24,24.25,standard,2026-07-19T18:19:01Z
U329,25,3,24.25,standard,2026-07-19T18:19:01Z
U329,25,4,24.25,standard,2026-07-19T18:19:01Z
U329,25,5,24.25,standard,2026-07-19T18:19:01Z
U329,25,6,24.25,standard,2026-07-19T18:19:01Z
U329,25,7,24.25,standard,2026-07-19T18:19:01Z
U330,14,10,24.25,standard,2026-07-19T18:19:01Z
U330,14,11,24.25,standard,2026-07-19T18:19:01Z
U330,14,12,24.25,standard,2026-07-19T18:19:01Z
U330,14,3,24.25,standard,2026-07-19T18:19:01Z
U330,14,4,24.25,standard,2026-07-19T18:19:01Z
U330,15,10,24.25,standard,2026-07-19T18:19:01Z
U330,15,3,24.25,standard,2026-07-19T18:19:01Z
U330,15,4,24.25,standard,2026-07-19T18:19:01Z
U330,15,5,24.25,standard,2026-07-19T18:19:01Z
U330,15,6,24.25,standard,2026-07-19T18:19:01Z
U330,15,7,24.25,standard,2026-07-19T18:19:01Z
U330,15,8,24.25,standard,2026-07-19T18:19:01Z
U330,15,9,24.25,standard,2026-07-19T18:19:01Z
U330,16,10,24.25,standard,2026-07-19T18:19:01Z
U330,16,11,24.25,standard,2026-07-19T18:19:01Z
U330,16,12,24.25,standard,2026-07-19T18:19:01Z
U330,16,13,24.25,standard,2026-07-19T18:19:01Z
U330,16,14,24.25,standard,2026-07-19T18:19:01Z
U330,16,15,24.25,standard,2026-07-19T18:19:01Z
U330,16,16,24.25,standard,2026-07-19T18:19:01Z
U330,16,4,24.25,standard,2026-07-19T18:19:01Z
U330,16,5,24.25,standard,2026-07-19T18:19:01Z
U330,16,6,24.25,standard,2026-07-19T18:19:01Z
U330,16,7,24.25,standard,2026-07-19T18:19:01Z
U330,16,8,24.25,standard,2026-07-19T18:19:01Z
U330,16,9,24.25,standard,2026-07-19T18:19:01Z
U330,17,10,24.25,standard,2026-07-19T18:19:01Z
U330,17,11,24.25,standard,2026-07-19T18:19:01Z
U330,17,12,24.25,standard,2026-07-19T18:19:01Z
U330,17,13,24.25,standard,2026-07-19T18:19:01Z
U330,17,14,24.25,standard,2026-07-19T18:19:01Z
U330,17,15,24.25,standard,2026-07-19T18:19:01Z
U330,17,16,24.25,standard,2026-07-19T18:19:01Z
U330,17,17,24.25,standard,2026-07-19T18:19:01Z
U330,17,18,24.25,standard,2026-07-19T18:19:01Z
U330,17,8,24.25,standard,2026-07-19T18:19:01Z
U330,17,9,24.25,standard,2026-07-19T18:19:01Z
U330,18,13,24.25,standard,2026-07-19T18:19:01Z
U330,18,14,24.25,standard,2026-07-19T18:19:01Z
U330,18,15,24.25,standard,2026-07-19T18:19:01Z
U330,18,16,24.25,standard,2026-07-19T18:19:01Z
U330,18,17,24.25,standard,2026-07-19T18:19:01Z
U330,19,11,24.25,standard,2026-07-19T18:19:01Z
U330,19,12,24.25,standard,2026-07-19T18:19:01Z
U330,19,13,24.25,standard,2026-07-19T18:19:01Z
U330,19,14,24.25,standard,2026-07-19T18:19:01Z
U330,19,15,24.25,standard,2026-07-19T18:19:01Z
U330,19,16,24.25,standard,2026-07-19T18:19:01Z
U330,19,17,24.25,standard,2026-07-19T18:19:01Z
U330,19,18,24.25,standard,2026-07-19T18:19:01Z
U330,19,19,24.25,standard,2026-07-19T18:19:01Z
U330,11,14,24.25,standard,2026-07-19T18:19:01Z
U330,11,15,24.25,standard,2026-07-19T18:19:01Z
U330,12,12,24.25,standard,2026-07-19T18:19:01Z
U330,12,13,24.25,standard,2026-07-19T18:19:01Z
U330,13,11,24.25,standard,2026-07-19T18:19:01Z
U330,13,12,24.25,standard,2026-07-19T18:19:01Z
U330,25,1,24.25,standard,2026-07-19T18:19:01Z
U330,25,15,24.25,standard,2026-07-19T18:19:01Z
U330,25,16,24.25,standard,2026-07-19T18:19:01Z
U330,25,17,24.25,standard,2026-07-19T18:19:01Z
U330,25,18,24.25,standard,2026-07-19T18:19:01Z
U330,25,19,24.25,standard,2026-07-19T18:19:01Z
U330,25,2,24.25,standard,2026-07-19T18:19:01Z
U330,25,20,24.25,standard,2026-07-19T18:19:01Z
U330,25,21,24.25,standard,2026-07-19T18:19:01Z
U330,25,22,24.25,standard,2026-07-19T18:19:01Z
U330,25,23,24.25,standard,2026-07-19T18:19:01Z
U330,25,24,24.25,standard,2026-07-19T18:19:01Z
U330,25,3,24.25,standard,2026-07-19T18:19:01Z
U330,25,4,24.25,standard,2026-07-19T18:19:01Z
U330,25,5,24.25,standard,2026-07-19T18:19:01Z
U330,25,6,24.25,standard,2026-07-19T18:19:01Z
U330,25,7,24.25,standard,2026-07-19T18:19:01Z
U330,20,11,24.25,standard,2026-07-19T18:19:01Z
U330,20,12,24.25,standard,2026-07-19T18:19:01Z
U330,20,13,24.25,standard,2026-07-19T18:19:01Z
U330,20,14,24.25,standard,2026-07-19T18:19:01Z
U330,20,15,24.25,standard,2026-07-19T18:19:01Z
U330,21,10,24.25,standard,2026-07-19T18:19:01Z
U330,21,11,24.25,standard,2026-07-19T18:19:01Z
U330,21,12,24.25,standard,2026-07-19T18:19:01Z
U330,21,13,24.25,standard,2026-07-19T18:19:01Z
U330,21,14,24.25,standard,2026-07-19T18:19:01Z
U330,21,15,24.25,standard,2026-07-19T18:19:01Z
U330,21,16,24.25,standard,2026-07-19T18:19:01Z
U330,21,17,24.25,standard,2026-07-19T18:19:01Z
U330,21,18,24.25,standard,2026-07-19T18:19:01Z
U330,21,19,24.25,standard,2026-07-19T18:19:01Z
U330,21,20,24.25,standard,2026-07-19T18:19:01Z
U330,21,4,24.25,standard,2026-07-19T18:19:01Z
U330,21,5,24.25,standard,2026-07-19T18:19:01Z
U330,21,6,24.25,standard,2026-07-19T18:19:01Z
U330,21,7,24.25,standard,2026-07-19T18:19:01Z
U330,21,8,24.25,standard,2026-07-19T18:19:01Z
U330,21,9,24.25,standard,2026-07-19T18:19:01Z
U331,14,6,24.25,standard,2026-07-19T18:19:01Z
U331,14,7,24.25,standard,2026-07-19T18:19:01Z
U331,15,6,24.25,standard,2026-07-19T18:19:01Z
U331,15,7,24.25,standard,2026-07-19T18:19:01Z
U331,16,6,24.25,standard,2026-07-19T18:19:01Z
U331,16,7,24.25,standard,2026-07-19T18:19:01Z
U331,17,6,24.25,standard,2026-07-19T18:19:01Z
U331,17,7,24.25,standard,2026-07-19T18:19:01Z
U331,18,1,24.25,standard,2026-07-19T18:19:01Z
U331,18,2,24.25,standard,2026-07-19T18:19:01Z
U331,18,3,24.25,standard,2026-07-19T18:19:01Z
U331,18,4,24.25,standard,2026-07-19T18:19:01Z
U331,18,5,24.25,standard,2026-07-19T18:19:01Z
U331,18,6,24.25,standard,2026-07-19T18:19:01Z
U331,18,7,24.25,standard,2026-07-19T18:19:01Z
U331,19,1,24.25,standard,2026-07-19T18:19:01Z
U331,19,15,24.25,standard,2026-07-19T18:19:01Z
U331,19,16,24.25,standard,2026-07-19T18:19:01Z
U331,19,17,24.25,standard,2026-07-19T18:19:01Z
U331,19,2,24.25,standard,2026-07-19T18:19:01Z
U331,19,3,24.25,standard,2026-07-19T18:19:01Z
U331,19,4,24.25,standard,2026-07-19T18:19:01Z
U331,19,5,24.25,standard,2026-07-19T18:19:01Z
U331,19,6,24.25,standard,2026-07-19T18:19:01Z
U331,19,7,24.25,standard,2026-07-19T18:19:01Z
U331,19,8,24.25,standard,2026-07-19T18:19:01Z
U331,13,10,24.25,standard,2026-07-19T18:19:01Z
U331,13,11,24.25,standard,2026-07-19T18:19:01Z
U331,13,5,24.25,standard,2026-07-19T18:19:01Z
U331,13,6,24.25,standard,2026-07-19T18:19:01Z
U331,13,7,24.25,standard,2026-07-19T18:19:01Z
U331,13,8,24.25,standard,2026-07-19T18:19:01Z
U331,13,9,24.25,standard,2026-07-19T18:19:01Z
U331,24,1,24.25,standard,2026-07-19T18:19:01Z
U331,24,12,24.25,standard,2026-07-19T18:19:01Z
U331,24,13,24.25,standard,2026-07-19T18:19:01Z
U331,24,14,24.25,standard,2026-07-19T18:19:01Z
U331,24,15,24.25,standard,2026-07-19T18:19:01Z
U331,24,16,24.25,standard,2026-07-19T18:19:01Z
U331,24,17,24.25,standard,2026-07-19T18:19:01Z
U331,24,18,24.25,standard,2026-07-19T18:19:01Z
U331,24,19,24.25,standard,2026-07-19T18:19:01Z
U331,24,2,24.25,standard,2026-07-19T18:19:01Z
U331,24,20,24.25,standard,2026-07-19T18:19:01Z
U331,24,21,24.25,standard,2026-07-19T18:19:01Z
U331,24,3,24.25,standard,2026-07-19T18:19:01Z
U331,24,4,24.25,standard,2026-07-19T18:19:01Z
U331,24,5,24.25,standard,2026-07-19T18:19:01Z
U331,24,6,24.25,standard,2026-07-19T18:19:01Z
U331,24,7,24.25,standard,2026-07-19T18:19:01Z
U331,24,8,24.25,standard,2026-07-19T18:19:01Z
U331,25,1,24.25,standard,2026-07-19T18:19:01Z
U331,25,18,24.25,standard,2026-07-19T18:19:01Z
U331,25,19,24.25,standard,2026-07-19T18:19:01Z
U331,25,2,24.25,standard,2026-07-19T18:19:01Z
U331,25,20,24.25,standard,2026-07-19T18:19:01Z
U331,25,3,24.25,standard,2026-07-19T18:19:01Z
U331,25,4,24.25,standard,2026-07-19T18:19:01Z
U331,25,5,24.25,standard,2026-07-19T18:19:01Z
U331,25,6,24.25,standard,2026-07-19T18:19:01Z
U331,25,7,24.25,standard,2026-07-19T18:19:01Z
U331,20,12,24.25,standard,2026-07-19T18:19:01Z
U331,20,13,24.25,standard,2026-07-19T18:19:01Z
U331,20,16,24.25,standard,2026-07-19T18:19:01Z
U331,20,17,24.25,standard,2026-07-19T18:19:01Z
U331,20,18,24.25,standard,2026-07-19T18:19:01Z
U331,20,2,24.25,standard,2026-07-19T18:19:01Z
U331,20,3,24.25,standard,2026-07-19T18:19:01Z
U331,20,4,24.25,standard,2026-07-19T18:19:01Z
U331,20,5,24.25,standard,2026-07-19T18:19:01Z
U332,14,1,24.25,standard,2026-07-19T18:19:01Z
U332,14,10,24.25,standard,2026-07-19T18:19:01Z
U332,14,11,24.25,standard,2026-07-19T18:19:01Z
U332,14,12,24.25,standard,2026-07-19T18:19:01Z
U332,14,13,24.25,standard,2026-07-19T18:19:01Z
U332,14,14,24.25,standard,2026-07-19T18:19:01Z
U332,14,15,24.25,standard,2026-07-19T18:19:01Z
U332,14,16,24.25,standard,2026-07-19T18:19:01Z
U332,14,2,24.25,standard,2026-07-19T18:19:01Z
U332,14,3,24.25,standard,2026-07-19T18:19:01Z
U332,14,4,24.25,standard,2026-07-19T18:19:01Z
U332,14,5,24.25,standard,2026-07-19T18:19:01Z
U332,14,6,24.25,standard,2026-07-19T18:19:01Z
U332,14,7,24.25,standard,2026-07-19T18:19:01Z
U332,14,8,24.25,standard,2026-07-19T18:19:01Z
U332,14,9,24.25,standard,2026-07-19T18:19:01Z
U332,15,10,24.25,standard,2026-07-19T18:19:01Z
U332,15,11,24.25,standard,2026-07-19T18:19:01Z
U332,15,12,24.25,standard,2026-07-19T18:19:01Z
U332,15,13,24.25,standard,2026-07-19T18:19:01Z
U332,15,6,24.25,standard,2026-07-19T18:19:01Z
U332,15,7,24.25,standard,2026-07-19T18:19:01Z
U332,15,8,24.25,standard,2026-07-19T18:19:01Z
U332,15,9,24.25,standard,2026-07-19T18:19:01Z
U332,16,1,24.25,standard,2026-07-19T18:19:01Z
U332,16,10,24.25,standard,2026-07-19T18:19:01Z
U332,16,11,24.25,standard,2026-07-19T18:19:01Z
U332,16,12,24.25,standard,2026-07-19T18:19:01Z
U332,16,13,24.25,standard,2026-07-19T18:19:01Z
U332,16,14,24.25,standard,2026-07-19T18:19:01Z
U332,16,15,24.25,standard,2026-07-19T18:19:01Z
U332,16,16,24.25,standard,2026-07-19T18:19:01Z
U332,16,17,24.25,standard,2026-07-19T18:19:01Z
U332,16,18,24.25,standard,2026-07-19T18:19:01Z
U332,16,2,24.25,standard,2026-07-19T18:19:01Z
U332,16,3,24.25,standard,2026-07-19T18:19:01Z
U332,16,4,24.25,standard,2026-07-19T18:19:01Z
U332,16,5,24.25,standard,2026-07-19T18:19:01Z
U332,16,6,24.25,standard,2026-07-19T18:19:01Z
U332,16,7,24.25,standard,2026-07-19T18:19:01Z
U332,16,8,24.25,standard,2026-07-19T18:19:01Z
U332,16,9,24.25,standard,2026-07-19T18:19:01Z
U332,17,1,24.25,standard,2026-07-19T18:19:01Z
U332,17,10,24.25,standard,2026-07-19T18:19:01Z
U332,17,12,24.25,standard,2026-07-19T18:19:01Z
U332,17,13,24.25,standard,2026-07-19T18:19:01Z
U332,17,14,24.25,standard,2026-07-19T18:19:01Z
U332,17,15,24.25,standard,2026-07-19T18:19:01Z
U332,17,16,24.25,standard,2026-07-19T18:19:01Z
U332,17,17,24.25,standard,2026-07-19T18:19:01Z
U332,17,18,24.25,standard,2026-07-19T18:19:01Z
U332,17,19,24.25,standard,2026-07-19T18:19:01Z
U332,17,2,24.25,standard,2026-07-19T18:19:01Z
U332,17,3,24.25,standard,2026-07-19T18:19:01Z
U332,17,4,24.25,standard,2026-07-19T18:19:01Z
U332,17,5,24.25,standard,2026-07-19T18:19:01Z
U332,17,6,24.25,standard,2026-07-19T18:19:01Z
U332,17,7,24.25,standard,2026-07-19T18:19:01Z
U332,17,8,24.25,standard,2026-07-19T18:19:01Z
U332,17,9,24.25,standard,2026-07-19T18:19:01Z
U332,18,1,24.25,standard,2026-07-19T18:19:01Z
U332,18,10,24.25,standard,2026-07-19T18:19:01Z
U332,18,11,24.25,standard,2026-07-19T18:19:01Z
U332,18,12,24.25,standard,2026-07-19T18:19:01Z
U332,18,13,24.25,standard,2026-07-19T18:19:01Z
U332,18,14,24.25,standard,2026-07-19T18:19:01Z
U332,18,15,24.25,standard,2026-07-19T18:19:01Z
U332,18,16,24.25,standard,2026-07-19T18:19:01Z
U332,18,17,24.25,standard,2026-07-19T18:19:01Z
U332,18,2,24.25,standard,2026-07-19T18:19:01Z
U332,18,3,24.25,standard,2026-07-19T18:19:01Z
U332,18,4,24.25,standard,2026-07-19T18:19:01Z
U332,18,5,24.25,standard,2026-07-19T18:19:01Z
U332,18,6,24.25,standard,2026-07-19T18:19:01Z
U332,18,7,24.25,standard,2026-07-19T18:19:01Z
U332,18,8,24.25,standard,2026-07-19T18:19:01Z
U332,18,9,24.25,standard,2026-07-19T18:19:01Z
U332,19,10,24.25,standard,2026-07-19T18:19:01Z
U332,19,11,24.25,standard,2026-07-19T18:19:01Z
U332,19,12,24.25,standard,2026-07-19T18:19:01Z
U332,19,13,24.25,standard,2026-07-19T18:19:01Z
U332,19,14,24.25,standard,2026-07-19T18:19:01Z
U332,19,15,24.25,standard,2026-07-19T18:19:01Z
U332,19,16,24.25,standard,2026-07-19T18:19:01Z
U332,19,17,24.25,standard,2026-07-19T18:19:01Z
U332,19,18,24.25,standard,2026-07-19T18:19:01Z
U332,19,19,24.25,standard,2026-07-19T18:19:01Z
U332,19,5,24.25,standard,2026-07-19T18:19:01Z
U332,19,6,24.25,standard,2026-07-19T18:19:01Z
U332,19,7,24.25,standard,2026-07-19T18:19:01Z
U332,19,8,24.25,standard,2026-07-19T18:19:01Z
U332,19,9,24.25,standard,2026-07-19T18:19:01Z
U332,10,16,24.25,standard,2026-07-19T18:19:01Z
U332,12,1,24.25,standard,2026-07-19T18:19:01Z
U332,25,15,24.25,standard,2026-07-19T18:19:01Z
U332,25,16,24.25,standard,2026-07-19T18:19:01Z
U332,25,17,24.25,standard,2026-07-19T18:19:01Z
U332,25,18,24.25,standard,2026-07-19T18:19:01Z
U332,25,19,24.25,standard,2026-07-19T18:19:01Z
U332,25,20,24.25,standard,2026-07-19T18:19:01Z
U332,25,21,24.25,standard,2026-07-19T18:19:01Z
U332,25,22,24.25,standard,2026-07-19T18:19:01Z
U332,25,23,24.25,standard,2026-07-19T18:19:01Z
U332,25,24,24.25,standard,2026-07-19T18:19:01Z
U332,25,3,24.25,standard,2026-07-19T18:19:01Z
U332,25,4,24.25,standard,2026-07-19T18:19:01Z
U332,25,5,24.25,standard,2026-07-19T18:19:01Z
U332,25,6,24.25,standard,2026-07-19T18:19:01Z
U332,25,7,24.25,standard,2026-07-19T18:19:01Z
U333,15,1,24.25,standard,2026-07-19T18:19:01Z
U333,15,10,24.25,standard,2026-07-19T18:19:01Z
U333,15,11,24.25,standard,2026-07-19T18:19:01Z
U333,15,12,24.25,standard,2026-07-19T18:19:01Z
U333,15,13,24.25,standard,2026-07-19T18:19:01Z
U333,15,6,24.25,standard,2026-07-19T18:19:01Z
U333,15,7,24.25,standard,2026-07-19T18:19:01Z
U333,15,8,24.25,standard,2026-07-19T18:19:01Z
U333,15,9,24.25,standard,2026-07-19T18:19:01Z
U333,16,1,24.25,standard,2026-07-19T18:19:01Z
U333,16,10,24.25,standard,2026-07-19T18:19:01Z
U333,16,11,24.25,standard,2026-07-19T18:19:01Z
U333,16,12,24.25,standard,2026-07-19T18:19:01Z
U333,16,13,24.25,standard,2026-07-19T18:19:01Z
U333,16,2,24.25,standard,2026-07-19T18:19:01Z
U333,16,3,24.25,standard,2026-07-19T18:19:01Z
U333,16,4,24.25,standard,2026-07-19T18:19:01Z
U333,16,5,24.25,standard,2026-07-19T18:19:01Z
U333,16,6,24.25,standard,2026-07-19T18:19:01Z
U333,16,7,24.25,standard,2026-07-19T18:19:01Z
U333,16,8,24.25,standard,2026-07-19T18:19:01Z
U333,16,9,24.25,standard,2026-07-19T18:19:01Z
U333,17,10,24.25,standard,2026-07-19T18:19:01Z
U333,17,11,24.25,standard,2026-07-19T18:19:01Z
U333,17,12,24.25,standard,2026-07-19T18:19:01Z
U333,17,13,24.25,standard,2026-07-19T18:19:01Z
U333,17,14,24.25,standard,2026-07-19T18:19:01Z
U333,17,15,24.25,standard,2026-07-19T18:19:01Z
U333,17,16,24.25,standard,2026-07-19T18:19:01Z
U333,17,17,24.25,standard,2026-07-19T18:19:01Z
U333,17,3,24.25,standard,2026-07-19T18:19:01Z
U333,17,4,24.25,standard,2026-07-19T18:19:01Z
U333,17,5,24.25,standard,2026-07-19T18:19:01Z
U333,17,6,24.25,standard,2026-07-19T18:19:01Z
U333,17,7,24.25,standard,2026-07-19T18:19:01Z
U333,17,8,24.25,standard,2026-07-19T18:19:01Z
U333,17,9,24.25,standard,2026-07-19T18:19:01Z
U333,18,1,24.25,standard,2026-07-19T18:19:01Z
U333,18,12,24.25,standard,2026-07-19T18:19:01Z
U333,18,13,24.25,standard,2026-07-19T18:19:01Z
U333,18,14,24.25,standard,2026-07-19T18:19:01Z
U333,18,15,24.25,standard,2026-07-19T18:19:01Z
U333,18,16,24.25,standard,2026-07-19T18:19:01Z
U333,18,17,24.25,standard,2026-07-19T18:19:01Z
U333,18,2,24.25,standard,2026-07-19T18:19:01Z
U333,18,3,24.25,standard,2026-07-19T18:19:01Z
U333,18,4,24.25,standard,2026-07-19T18:19:01Z
U333,18,5,24.25,standard,2026-07-19T18:19:01Z
U333,18,6,24.25,standard,2026-07-19T18:19:01Z
U333,18,7,24.25,standard,2026-07-19T18:19:01Z
U333,18,8,24.25,standard,2026-07-19T18:19:01Z
U333,19,10,24.25,standard,2026-07-19T18:19:01Z
U333,19,6,24.25,standard,2026-07-19T18:19:01Z
U333,19,7,24.25,standard,2026-07-19T18:19:01Z
U333,19,8,24.25,standard,2026-07-19T18:19:01Z
U333,19,9,24.25,standard,2026-07-19T18:19:01Z
U333,13,2,24.25,standard,2026-07-19T18:19:01Z
U333,13,3,24.25,standard,2026-07-19T18:19:01Z
U333,13,4,24.25,standard,2026-07-19T18:19:01Z
U333,24,1,24.25,standard,2026-07-19T18:19:01Z
U333,24,10,24.25,standard,2026-07-19T18:19:01Z
U333,24,11,24.25,standard,2026-07-19T18:19:01Z
U333,24,12,24.25,standard,2026-07-19T18:19:01Z
U333,24,13,24.25,standard,2026-07-19T18:19:01Z
U333,24,14,24.25,standard,2026-07-19T18:19:01Z
U333,24,15,24.25,standard,2026-07-19T18:19:01Z
U333,24,16,24.25,standard,2026-07-19T18:19:01Z
U333,24,17,24.25,standard,2026-07-19T18:19:01Z
U333,24,18,24.25,standard,2026-07-19T18:19:01Z
U333,24,19,24.25,standard,2026-07-19T18:19:01Z
U333,24,2,24.25,standard,2026-07-19T18:19:01Z
U333,24,20,24.25,standard,2026-07-19T18:19:01Z
U333,24,21,24.25,standard,2026-07-19T18:19:01Z
U333,24,3,24.25,standard,2026-07-19T18:19:01Z
U333,24,4,24.25,standard,2026-07-19T18:19:01Z
U333,24,5,24.25,standard,2026-07-19T18:19:01Z
U333,24,6,24.25,standard,2026-07-19T18:19:01Z
U333,24,7,24.25,standard,2026-07-19T18:19:01Z
U333,24,8,24.25,standard,2026-07-19T18:19:01Z
U333,24,9,24.25,standard,2026-07-19T18:19:01Z
U333,25,1,24.25,standard,2026-07-19T18:19:01Z
U333,25,15,24.25,standard,2026-07-19T18:19:01Z
U333,25,16,24.25,standard,2026-07-19T18:19:01Z
U333,25,17,24.25,standard,2026-07-19T18:19:01Z
U333,25,18,24.25,standard,2026-07-19T18:19:01Z
U333,25,19,24.25,standard,2026-07-19T18:19:01Z
U333,25,2,24.25,standard,2026-07-19T18:19:01Z
U333,25,20,24.25,standard,2026-07-19T18:19:01Z
U333,25,21,24.25,standard,2026-07-19T18:19:01Z
U333,25,3,24.25,standard,2026-07-19T18:19:01Z
U333,25,4,24.25,standard,2026-07-19T18:19:01Z
U333,25,5,24.25,standard,2026-07-19T18:19:01Z
U333,21,1,24.25,standard,2026-07-19T18:19:01Z
U333,21,10,24.25,standard,2026-07-19T18:19:01Z
U333,21,11,24.25,standard,2026-07-19T18:19:01Z
U333,21,12,24.25,standard,2026-07-19T18:19:01Z
U333,21,13,24.25,standard,2026-07-19T18:19:01Z
U333,21,14,24.25,standard,2026-07-19T18:19:01Z
U333,21,15,24.25,standard,2026-07-19T18:19:01Z
U333,21,16,24.25,standard,2026-07-19T18:19:01Z
U333,21,17,24.25,standard,2026-07-19T18:19:01Z
U333,21,18,24.25,standard,2026-07-19T18:19:01Z
U333,21,19,24.25,standard,2026-07-19T18:19:01Z
U333,21,2,24.25,standard,2026-07-19T18:19:01Z
U333,21,20,24.25,standard,2026-07-19T18:19:01Z
U333,21,3,24.25,standard,2026-07-19T18:19:01Z
U333,21,4,24.25,standard,2026-07-19T18:19:01Z
U333,21,5,24.25,standard,2026-07-19T18:19:01Z
U333,21,6,24.25,standard,2026-07-19T18:19:01Z
U333,21,7,24.25,standard,2026-07-19T18:19:01Z
U333,21,8,24.25,standard,2026-07-19T18:19:01Z
U333,21,9,24.25,standard,2026-07-19T18:19:01Z
U333,22,6,24.25,standard,2026-07-19T18:19:01Z
U333,22,7,24.25,standard,2026-07-19T18:19:01Z
U333,22,8,24.25,standard,2026-07-19T18:19:01Z
U333,23,1,24.25,standard,2026-07-19T18:19:01Z
U333,23,10,24.25,standard,2026-07-19T18:19:01Z
U333,23,11,24.25,standard,2026-07-19T18:19:01Z
U333,23,12,24.25,standard,2026-07-19T18:19:01Z
U333,23,13,24.25,standard,2026-07-19T18:19:01Z
U333,23,14,24.25,standard,2026-07-19T18:19:01Z
U333,23,15,24.25,standard,2026-07-19T18:19:01Z
U333,23,16,24.25,standard,2026-07-19T18:19:01Z
U333,23,17,24.25,standard,2026-07-19T18:19:01Z
U333,23,18,24.25,standard,2026-07-19T18:19:01Z
U333,23,19,24.25,standard,2026-07-19T18:19:01Z
U333,23,2,24.25,standard,2026-07-19T18:19:01Z
U333,23,20,24.25,standard,2026-07-19T18:19:01Z
U333,23,21,24.25,standard,2026-07-19T18:19:01Z
U333,23,3,24.25,standard,2026-07-19T18:19:01Z
U333,23,4,24.25,standard,2026-07-19T18:19:01Z
U333,23,5,24.25,standard,2026-07-19T18:19:01Z
U333,23,6,24.25,standard,2026-07-19T18:19:01Z
U333,23,7,24.25,standard,2026-07-19T18:19:01Z
U333,23,8,24.25,standard,2026-07-19T18:19:01Z
U333,23,9,24.25,standard,2026-07-19T18:19:01Z
U334,11,5,24.25,standard,2026-07-19T18:19:01Z
U334,11,6,24.25,standard,2026-07-19T18:19:01Z
U334,24,1,24.25,standard,2026-07-19T18:19:01Z
U334,24,2,24.25,standard,2026-07-19T18:19:01Z
U334,24,3,24.25,standard,2026-07-19T18:19:01Z
U334,24,4,24.25,standard,2026-07-19T18:19:01Z
U334,24,5,24.25,standard,2026-07-19T18:19:01Z
U334,24,6,24.25,standard,2026-07-19T18:19:01Z
U334,25,1,24.25,standard,2026-07-19T18:19:01Z
U334,25,2,24.25,standard,2026-07-19T18:19:01Z
U334,25,3,24.25,standard,2026-07-19T18:19:01Z
U334,25,4,24.25,standard,2026-07-19T18:19:01Z
U334,25,5,24.25,standard,2026-07-19T18:19:01Z
U334,25,6,24.25,standard,2026-07-19T18:19:01Z
U334,22,1,24.25,standard,2026-07-19T18:19:01Z
U334,22,2,24.25,standard,2026-07-19T18:19:01Z
U334,22,3,24.25,standard,2026-07-19T18:19:01Z
U334,22,4,24.25,standard,2026-07-19T18:19:01Z
U334,22,5,24.25,standard,2026-07-19T18:19:01Z
U334,23,1,24.25,standard,2026-07-19T18:19:01Z
U334,23,2,24.25,standard,2026-07-19T18:19:01Z
U334,23,3,24.25,standard,2026-07-19T18:19:01Z
U334,23,4,24.25,standard,2026-07-19T18:19:01Z
U334,23,5,24.25,standard,2026-07-19T18:19:01Z
U334,23,6,24.25,standard,2026-07-19T18:19:01Z
U335,14,11,24.25,standard,2026-07-19T18:19:01Z
U335,14,12,24.25,standard,2026-07-19T18:19:01Z
U335,14,13,24.25,standard,2026-07-19T18:19:01Z
U335,15,15,24.25,standard,2026-07-19T18:19:01Z
U335,15,16,24.25,standard,2026-07-19T18:19:01Z
U335,15,17,24.25,standard,2026-07-19T18:19:01Z
U335,15,18,24.25,standard,2026-07-19T18:19:01Z
U335,11,5,24.25,standard,2026-07-19T18:19:01Z
U335,11,6,24.25,standard,2026-07-19T18:19:01Z
U335,11,7,24.25,standard,2026-07-19T18:19:01Z
U335,11,8,24.25,standard,2026-07-19T18:19:01Z
U335,11,9,24.25,standard,2026-07-19T18:19:01Z
U335,13,3,24.25,standard,2026-07-19T18:19:01Z
U335,13,4,24.25,standard,2026-07-19T18:19:01Z
U335,25,16,24.25,standard,2026-07-19T18:19:01Z
U335,25,17,24.25,standard,2026-07-19T18:19:01Z
U335,25,18,24.25,standard,2026-07-19T18:19:01Z
U335,25,19,24.25,standard,2026-07-19T18:19:01Z
U335,25,20,24.25,standard,2026-07-19T18:19:01Z
U335,25,21,24.25,standard,2026-07-19T18:19:01Z
U335,25,22,24.25,standard,2026-07-19T18:19:01Z
U335,25,23,24.25,standard,2026-07-19T18:19:01Z
U335,25,24,24.25,standard,2026-07-19T18:19:01Z
U335,25,25,24.25,standard,2026-07-19T18:19:01Z
U335,25,26,24.25,standard,2026-07-19T18:19:01Z
U336,14,2,24.25,standard,2026-07-19T18:19:01Z
U336,17,10,24.25,standard,2026-07-19T18:19:01Z
U336,17,11,24.25,standard,2026-07-19T18:19:01Z
U336,17,12,24.25,standard,2026-07-19T18:19:01Z
U336,18,11,24.25,standard,2026-07-19T18:19:01Z
U336,18,12,24.25,standard,2026-07-19T18:19:01Z
U336,18,21,24.25,standard,2026-07-19T18:19:01Z
U336,18,22,24.25,standard,2026-07-19T18:19:01Z
U336,19,15,24.25,standard,2026-07-19T18:19:01Z
U336,19,16,24.25,standard,2026-07-19T18:19:01Z
U336,19,17,24.25,standard,2026-07-19T18:19:01Z
U336,19,18,24.25,standard,2026-07-19T18:19:01Z
U336,10,21,24.25,standard,2026-07-19T18:19:01Z
U336,10,22,24.25,standard,2026-07-19T18:19:01Z
U336,24,1,24.25,standard,2026-07-19T18:19:01Z
U336,24,10,24.25,standard,2026-07-19T18:19:01Z
U336,24,11,24.25,standard,2026-07-19T18:19:01Z
U336,24,12,24.25,standard,2026-07-19T18:19:01Z
U336,24,13,24.25,standard,2026-07-19T18:19:01Z
U336,24,14,24.25,standard,2026-07-19T18:19:01Z
U336,24,15,24.25,standard,2026-07-19T18:19:01Z
U336,24,16,24.25,standard,2026-07-19T18:19:01Z
U336,24,17,24.25,standard,2026-07-19T18:19:01Z
U336,24,18,24.25,standard,2026-07-19T18:19:01Z
U336,24,19,24.25,standard,2026-07-19T18:19:01Z
U336,24,2,24.25,standard,2026-07-19T18:19:01Z
U336,24,20,24.25,standard,2026-07-19T18:19:01Z
U336,24,21,24.25,standard,2026-07-19T18:19:01Z
U336,24,22,24.25,standard,2026-07-19T18:19:01Z
U336,24,3,24.25,standard,2026-07-19T18:19:01Z
U336,24,4,24.25,standard,2026-07-19T18:19:01Z
U336,24,5,24.25,standard,2026-07-19T18:19:01Z
U336,24,6,24.25,standard,2026-07-19T18:19:01Z
U336,24,7,24.25,standard,2026-07-19T18:19:01Z
U336,24,8,24.25,standard,2026-07-19T18:19:01Z
U336,24,9,24.25,standard,2026-07-19T18:19:01Z
U336,25,14,24.25,standard,2026-07-19T18:19:01Z
U336,25,15,24.25,standard,2026-07-19T18:19:01Z
U336,25,16,24.25,standard,2026-07-19T18:19:01Z
U336,25,17,24.25,standard,2026-07-19T18:19:01Z
U336,25,18,24.25,standard,2026-07-19T18:19:01Z
U336,25,19,24.25,standard,2026-07-19T18:19:01Z
U336,25,20,24.25,standard,2026-07-19T18:19:01Z
U336,25,21,24.25,standard,2026-07-19T18:19:01Z
U336,25,22,24.25,standard,2026-07-19T18:19:01Z
U336,25,23,24.25,standard,2026-07-19T18:19:01Z
U336,25,24,24.25,standard,2026-07-19T18:19:01Z
U336,25,6,24.25,standard,2026-07-19T18:19:01Z
U336,20,10,24.25,standard,2026-07-19T18:19:01Z
U336,20,11,24.25,standard,2026-07-19T18:19:01Z
U336,20,12,24.25,standard,2026-07-19T18:19:01Z
U336,20,13,24.25,standard,2026-07-19T18:19:01Z
U336,20,14,24.25,standard,2026-07-19T18:19:01Z
U336,20,15,24.25,standard,2026-07-19T18:19:01Z
U336,20,16,24.25,standard,2026-07-19T18:19:01Z
U336,20,17,24.25,standard,2026-07-19T18:19:01Z
U336,20,18,24.25,standard,2026-07-19T18:19:01Z
U336,20,19,24.25,standard,2026-07-19T18:19:01Z
U336,20,20,24.25,standard,2026-07-19T18:19:01Z
U336,20,21,24.25,standard,2026-07-19T18:19:01Z
U336,20,22,24.25,standard,2026-07-19T18:19:01Z
U336,20,5,24.25,standard,2026-07-19T18:19:01Z
U336,20,6,24.25,standard,2026-07-19T18:19:01Z
U336,20,7,24.25,standard,2026-07-19T18:19:01Z
U336,20,8,24.25,standard,2026-07-19T18:19:01Z
U336,20,9,24.25,standard,2026-07-19T18:19:01Z
U336,21,10,24.25,standard,2026-07-19T18:19:01Z
U336,21,11,24.25,standard,2026-07-19T18:19:01Z
U336,21,12,24.25,standard,2026-07-19T18:19:01Z
U336,21,13,24.25,standard,2026-07-19T18:19:01Z
U336,21,14,24.25,standard,2026-07-19T18:19:01Z
U336,21,15,24.25,standard,2026-07-19T18:19:01Z
U336,21,16,24.25,standard,2026-07-19T18:19:01Z
U336,21,17,24.25,standard,2026-07-19T18:19:01Z
U336,21,18,24.25,standard,2026-07-19T18:19:01Z
U336,21,19,24.25,standard,2026-07-19T18:19:01Z
U336,21,20,24.25,standard,2026-07-19T18:19:01Z
U336,21,21,24.25,standard,2026-07-19T18:19:01Z
U336,21,22,24.25,standard,2026-07-19T18:19:01Z
U336,21,6,24.25,standard,2026-07-19T18:19:01Z
U336,21,7,24.25,standard,2026-07-19T18:19:01Z
U336,21,8,24.25,standard,2026-07-19T18:19:01Z
U336,21,9,24.25,standard,2026-07-19T18:19:01Z
U336,22,10,24.25,standard,2026-07-19T18:19:01Z
U336,22,11,24.25,standard,2026-07-19T18:19:01Z
U336,22,12,24.25,standard,2026-07-19T18:19:01Z
U336,22,13,24.25,standard,2026-07-19T18:19:01Z
U336,22,14,24.25,standard,2026-07-19T18:19:01Z
U336,22,15,24.25,standard,2026-07-19T18:19:01Z
U336,22,16,24.25,standard,2026-07-19T18:19:01Z
U336,22,17,24.25,standard,2026-07-19T18:19:01Z
U336,22,18,24.25,standard,2026-07-19T18:19:01Z
U336,22,19,24.25,standard,2026-07-19T18:19:01Z
U336,22,20,24.25,standard,2026-07-19T18:19:01Z
U336,22,21,24.25,standard,2026-07-19T18:19:01Z
U336,22,22,24.25,standard,2026-07-19T18:19:01Z
U336,22,4,24.25,standard,2026-07-19T18:19:01Z
U336,22,5,24.25,standard,2026-07-19T18:19:01Z
U336,22,6,24.25,standard,2026-07-19T18:19:01Z
U336,22,7,24.25,standard,2026-07-19T18:19:01Z
U336,22,8,24.25,standard,2026-07-19T18:19:01Z
U336,22,9,24.25,standard,2026-07-19T18:19:01Z
U336,23,1,24.25,standard,2026-07-19T18:19:01Z
U336,23,10,24.25,standard,2026-07-19T18:19:01Z
U336,23,11,24.25,standard,2026-07-19T18:19:01Z
U336,23,12,24.25,standard,2026-07-19T18:19:01Z
U336,23,13,24.25,standard,2026-07-19T18:19:01Z
U336,23,14,24.25,standard,2026-07-19T18:19:01Z
U336,23,15,24.25,standard,2026-07-19T18:19:01Z
U336,23,16,24.25,standard,2026-07-19T18:19:01Z
U336,23,17,24.25,standard,2026-07-19T18:19:01Z
U336,23,18,24.25,standard,2026-07-19T18:19:01Z
U336,23,19,24.25,standard,2026-07-19T18:19:01Z
U336,23,2,24.25,standard,2026-07-19T18:19:01Z
U336,23,20,24.25,standard,2026-07-19T18:19:01Z
U336,23,21,24.25,standard,2026-07-19T18:19:01Z
U336,23,22,24.25,standard,2026-07-19T18:19:01Z
U336,23,3,24.25,standard,2026-07-19T18:19:01Z
U336,23,4,24.25,standard,2026-07-19T18:19:01Z
U336,23,5,24.25,standard,2026-07-19T18:19:01Z
U336,23,6,24.25,standard,2026-07-19T18:19:01Z
U336,23,7,24.25,standard,2026-07-19T18:19:01Z
U336,23,8,24.25,standard,2026-07-19T18:19:01Z
U336,23,9,24.25,standard,2026-07-19T18:19:01Z
U338,14,16,24.25,standard,2026-07-19T18:19:01Z
U338,14,17,24.25,standard,2026-07-19T18:19:01Z
U338,14,18,24.25,standard,2026-07-19T18:19:01Z
U338,14,19,24.25,standard,2026-07-19T18:19:01Z
U338,16,12,24.25,standard,2026-07-19T18:19:01Z
U338,16,13,24.25,standard,2026-07-19T18:19:01Z
U338,16,14,24.25,standard,2026-07-19T18:19:01Z
U338,16,15,24.25,standard,2026-07-19T18:19:01Z
U338,16,16,24.25,standard,2026-07-19T18:19:01Z
U338,17,12,24.25,standard,2026-07-19T18:19:01Z
U338,17,13,24.25,standard,2026-07-19T18:19:01Z
U338,17,14,24.25,standard,2026-07-19T18:19:01Z
U338,17,15,24.25,standard,2026-07-19T18:19:01Z
U338,17,16,24.25,standard,2026-07-19T18:19:01Z
U338,17,17,24.25,standard,2026-07-19T18:19:01Z
U338,17,18,24.25,standard,2026-07-19T18:19:01Z
U338,17,19,24.25,standard,2026-07-19T18:19:01Z
U338,17,20,24.25,standard,2026-07-19T18:19:01Z
U338,17,21,24.25,standard,2026-07-19T18:19:01Z
U338,17,22,24.25,standard,2026-07-19T18:19:01Z
U338,17,23,24.25,standard,2026-07-19T18:19:01Z
U338,17,24,24.25,standard,2026-07-19T18:19:01Z
U338,18,12,24.25,standard,2026-07-19T18:19:01Z
U338,18,13,24.25,standard,2026-07-19T18:19:01Z
U338,18,14,24.25,standard,2026-07-19T18:19:01Z
U338,18,15,24.25,standard,2026-07-19T18:19:01Z
U338,18,16,24.25,standard,2026-07-19T18:19:01Z
U338,18,17,24.25,standard,2026-07-19T18:19:01Z
U338,18,18,24.25,standard,2026-07-19T18:19:01Z
U338,18,19,24.25,standard,2026-07-19T18:19:01Z
U338,18,20,24.25,standard,2026-07-19T18:19:01Z
U338,18,21,24.25,standard,2026-07-19T18:19:01Z
U338,18,22,24.25,standard,2026-07-19T18:19:01Z
U338,18,23,24.25,standard,2026-07-19T18:19:01Z
U338,18,24,24.25,standard,2026-07-19T18:19:01Z
U338,19,11,24.25,standard,2026-07-19T18:19:01Z
U338,19,12,24.25,standard,2026-07-19T18:19:01Z
U338,19,13,24.25,standard,2026-07-19T18:19:01Z
U338,19,14,24.25,standard,2026-07-19T18:19:01Z
U338,19,15,24.25,standard,2026-07-19T18:19:01Z
U338,19,16,24.25,standard,2026-07-19T18:19:01Z
U338,19,17,24.25,standard,2026-07-19T18:19:01Z
U338,19,18,24.25,standard,2026-07-19T18:19:01Z
U338,19,19,24.25,standard,2026-07-19T18:19:01Z
U338,19,20,24.25,standard,2026-07-19T18:19:01Z
U338,19,21,24.25,standard,2026-07-19T18:19:01Z
U338,19,22,24.25,standard,2026-07-19T18:19:01Z
U338,19,23,24.25,standard,2026-07-19T18:19:01Z
U338,19,24,24.25,standard,2026-07-19T18:19:01Z
U338,20,11,24.25,standard,2026-07-19T18:19:01Z
U338,20,12,24.25,standard,2026-07-19T18:19:01Z
U338,20,13,24.25,standard,2026-07-19T18:19:01Z
U338,20,14,24.25,standard,2026-07-19T18:19:01Z
U338,20,15,24.25,standard,2026-07-19T18:19:01Z
U338,20,16,24.25,standard,2026-07-19T18:19:01Z
U338,20,17,24.25,standard,2026-07-19T18:19:01Z
U338,20,18,24.25,standard,2026-07-19T18:19:01Z
U338,20,19,24.25,standard,2026-07-19T18:19:01Z
U338,20,20,24.25,standard,2026-07-19T18:19:01Z
U338,20,21,24.25,standard,2026-07-19T18:19:01Z
U340,14,7,24.25,standard,2026-07-19T18:19:01Z
U340,14,8,24.25,standard,2026-07-19T18:19:01Z
U340,14,9,24.25,standard,2026-07-19T18:19:01Z
U340,13,6,24.25,standard,2026-07-19T18:19:01Z
U340,13,7,24.25,standard,2026-07-19T18:19:01Z
U340,13,8,24.25,standard,2026-07-19T18:19:01Z
U340,13,9,24.25,standard,2026-07-19T18:19:01Z
U342,14,10,24.25,standard,2026-07-19T18:19:01Z
U342,14,11,24.25,standard,2026-07-19T18:19:01Z
U342,14,12,24.25,standard,2026-07-19T18:19:01Z
U342,14,13,24.25,standard,2026-07-19T18:19:01Z
U342,14,14,24.25,standard,2026-07-19T18:19:01Z
U342,14,15,24.25,standard,2026-07-19T18:19:01Z
U342,14,16,24.25,standard,2026-07-19T18:19:01Z
U342,14,17,24.25,standard,2026-07-19T18:19:01Z
U342,14,18,24.25,standard,2026-07-19T18:19:01Z
U342,14,19,24.25,standard,2026-07-19T18:19:01Z
U342,14,20,24.25,standard,2026-07-19T18:19:01Z
U342,14,6,24.25,standard,2026-07-19T18:19:01Z
U342,14,7,24.25,standard,2026-07-19T18:19:01Z
U342,14,8,24.25,standard,2026-07-19T18:19:01Z
U342,14,9,24.25,standard,2026-07-19T18:19:01Z
U342,15,14,24.25,standard,2026-07-19T18:19:01Z
U342,15,15,24.25,standard,2026-07-19T18:19:01Z
U342,15,16,24.25,standard,2026-07-19T18:19:01Z
U342,15,17,24.25,standard,2026-07-19T18:19:01Z
U342,15,18,24.25,standard,2026-07-19T18:19:01Z
U342,15,19,24.25,standard,2026-07-19T18:19:01Z
U342,15,20,24.25,standard,2026-07-19T18:19:01Z
U342,15,21,24.25,standard,2026-07-19T18:19:01Z
U342,15,22,24.25,standard,2026-07-19T18:19:01Z
U342,15,23,24.25,standard,2026-07-19T18:19:01Z
U342,16,10,24.25,standard,2026-07-19T18:19:01Z
U342,16,11,24.25,standard,2026-07-19T18:19:01Z
U342,16,12,24.25,standard,2026-07-19T18:19:01Z
U342,16,13,24.25,standard,2026-07-19T18:19:01Z
U342,16,14,24.25,standard,2026-07-19T18:19:01Z
U342,16,15,24.25,standard,2026-07-19T18:19:01Z
U342,16,16,24.25,standard,2026-07-19T18:19:01Z
U342,16,17,24.25,standard,2026-07-19T18:19:01Z
U342,16,18,24.25,standard,2026-07-19T18:19:01Z
U342,16,19,24.25,standard,2026-07-19T18:19:01Z
U342,16,20,24.25,standard,2026-07-19T18:19:01Z
U342,16,21,24.25,standard,2026-07-19T18:19:01Z
U342,16,22,24.25,standard,2026-07-19T18:19:01Z
U342,16,23,24.25,standard,2026-07-19T18:19:01Z
U342,16,24,24.25,standard,2026-07-19T18:19:01Z
U342,16,7,24.25,standard,2026-07-19T18:19:01Z
U342,16,8,24.25,standard,2026-07-19T18:19:01Z
U342,16,9,24.25,standard,2026-07-19T18:19:01Z
U342,17,10,24.25,standard,2026-07-19T18:19:01Z
U342,17,11,24.25,standard,2026-07-19T18:19:01Z
U342,17,12,24.25,standard,2026-07-19T18:19:01Z
U342,17,13,24.25,standard,2026-07-19T18:19:01Z
U342,17,14,24.25,standard,2026-07-19T18:19:01Z
U342,17,15,24.25,standard,2026-07-19T18:19:01Z
U342,17,16,24.25,standard,2026-07-19T18:19:01Z
U342,17,17,24.25,standard,2026-07-19T18:19:01Z
U342,17,18,24.25,standard,2026-07-19T18:19:01Z
U342,17,19,24.25,standard,2026-07-19T18:19:01Z
U342,17,20,24.25,standard,2026-07-19T18:19:01Z
U342,17,21,24.25,standard,2026-07-19T18:19:01Z
U342,17,22,24.25,standard,2026-07-19T18:19:01Z
U342,17,23,24.25,standard,2026-07-19T18:19:01Z
U342,17,24,24.25,standard,2026-07-19T18:19:01Z
U342,17,8,24.25,standard,2026-07-19T18:19:01Z
U342,17,9,24.25,standard,2026-07-19T18:19:01Z
U342,18,10,24.25,standard,2026-07-19T18:19:01Z
U342,18,11,24.25,standard,2026-07-19T18:19:01Z
U342,18,12,24.25,standard,2026-07-19T18:19:01Z
U342,18,13,24.25,standard,2026-07-19T18:19:01Z
U342,18,14,24.25,standard,2026-07-19T18:19:01Z
U342,18,15,24.25,standard,2026-07-19T18:19:01Z
U342,18,16,24.25,standard,2026-07-19T18:19:01Z
U342,18,17,24.25,standard,2026-07-19T18:19:01Z
U342,18,18,24.25,standard,2026-07-19T18:19:01Z
U342,18,19,24.25,standard,2026-07-19T18:19:01Z
U342,18,20,24.25,standard,2026-07-19T18:19:01Z
U342,18,21,24.25,standard,2026-07-19T18:19:01Z
U342,18,4,24.25,standard,2026-07-19T18:19:01Z
U342,18,5,24.25,standard,2026-07-19T18:19:01Z
U342,18,6,24.25,standard,2026-07-19T18:19:01Z
U342,18,7,24.25,standard,2026-07-19T18:19:01Z
U342,18,8,24.25,standard,2026-07-19T18:19:01Z
U342,18,9,24.25,standard,2026-07-19T18:19:01Z
U342,19,10,24.25,standard,2026-07-19T18:19:01Z
U342,19,11,24.25,standard,2026-07-19T18:19:01Z
U342,19,12,24.25,standard,2026-07-19T18:19:01Z
U342,19,13,24.25,standard,2026-07-19T18:19:01Z
U342,19,14,24.25,standard,2026-07-19T18:19:01Z
U342,19,15,24.25,standard,2026-07-19T18:19:01Z
U342,19,16,24.25,standard,2026-07-19T18:19:01Z
U342,19,17,24.25,standard,2026-07-19T18:19:01Z
U342,19,18,24.25,standard,2026-07-19T18:19:01Z
U342,19,19,24.25,standard,2026-07-19T18:19:01Z
U342,19,20,24.25,standard,2026-07-19T18:19:01Z
U342,19,21,24.25,standard,2026-07-19T18:19:01Z
U342,19,22,24.25,standard,2026-07-19T18:19:01Z
U342,19,23,24.25,standard,2026-07-19T18:19:01Z
U342,19,3,24.25,standard,2026-07-19T18:19:01Z
U342,19,4,24.25,standard,2026-07-19T18:19:01Z
U342,19,5,24.25,standard,2026-07-19T18:19:01Z
U342,19,6,24.25,standard,2026-07-19T18:19:01Z
U342,19,7,24.25,standard,2026-07-19T18:19:01Z
U342,19,8,24.25,standard,2026-07-19T18:19:01Z
U342,19,9,24.25,standard,2026-07-19T18:19:01Z
U342,10,18,24.25,standard,2026-07-19T18:19:01Z
U342,10,19,24.25,standard,2026-07-19T18:19:01Z
U342,10,20,24.25,standard,2026-07-19T18:19:01Z
U342,10,7,24.25,standard,2026-07-19T18:19:01Z
U342,10,8,24.25,standard,2026-07-19T18:19:01Z
U342,10,9,24.25,standard,2026-07-19T18:19:01Z
U342,11,15,24.25,standard,2026-07-19T18:19:01Z
U342,12,11,24.25,standard,2026-07-19T18:19:01Z
U342,12,12,24.25,standard,2026-07-19T18:19:01Z
U342,12,13,24.25,standard,2026-07-19T18:19:01Z
U342,12,14,24.25,standard,2026-07-19T18:19:01Z
U342,12,15,24.25,standard,2026-07-19T18:19:01Z
U342,12,16,24.25,standard,2026-07-19T18:19:01Z
U342,12,17,24.25,standard,2026-07-19T18:19:01Z
U342,13,10,24.25,standard,2026-07-19T18:19:01Z
U342,13,11,24.25,standard,2026-07-19T18:19:01Z
U342,13,12,24.25,standard,2026-07-19T18:19:01Z
U342,13,13,24.25,standard,2026-07-19T18:19:01Z
U342,13,14,24.25,standard,2026-07-19T18:19:01Z
U342,13,15,24.25,standard,2026-07-19T18:19:01Z
U342,13,16,24.25,standard,2026-07-19T18:19:01Z
U342,13,17,24.25,standard,2026-07-19T18:19:01Z
U342,13,4,24.25,standard,2026-07-19T18:19:01Z
U342,13,5,24.25,standard,2026-07-19T18:19:01Z
U342,13,6,24.25,standard,2026-07-19T18:19:01Z
U342,13,7,24.25,standard,2026-07-19T18:19:01Z
U342,13,8,24.25,standard,2026-07-19T18:19:01Z
U342,13,9,24.25,standard,2026-07-19T18:19:01Z
U342,24,10,24.25,standard,2026-07-19T18:19:01Z
U342,24,11,24.25,standard,2026-07-19T18:19:01Z
U342,24,12,24.25,standard,2026-07-19T18:19:01Z
U342,24,13,24.25,standard,2026-07-19T18:19:01Z
U342,24,14,24.25,standard,2026-07-19T18:19:01Z
U342,24,15,24.25,standard,2026-07-19T18:19:01Z
U342,24,16,24.25,standard,2026-07-19T18:19:01Z
U342,24,17,24.25,standard,2026-07-19T18:19:01Z
U342,24,18,24.25,standard,2026-07-19T18:19:01Z
U342,24,19,24.25,standard,2026-07-19T18:19:01Z
U342,24,20,24.25,standard,2026-07-19T18:19:01Z
U342,24,21,24.25,standard,2026-07-19T18:19:01Z
U342,24,22,24.25,standard,2026-07-19T18:19:01Z
U342,24,23,24.25,standard,2026-07-19T18:19:01Z
U342,24,24,24.25,standard,2026-07-19T18:19:01Z
U342,24,6,24.25,standard,2026-07-19T18:19:01Z
U342,24,7,24.25,standard,2026-07-19T18:19:01Z
U342,24,8,24.25,standard,2026-07-19T18:19:01Z
U342,24,9,24.25,standard,2026-07-19T18:19:01Z
U342,25,17,24.25,standard,2026-07-19T18:19:01Z
U342,25,18,24.25,standard,2026-07-19T18:19:01Z
U342,25,19,24.25,standard,2026-07-19T18:19:01Z
U342,25,20,24.25,standard,2026-07-19T18:19:01Z
U342,25,21,24.25,standard,2026-07-19T18:19:01Z
U342,25,22,24.25,standard,2026-07-19T18:19:01Z
U342,25,23,24.25,standard,2026-07-19T18:19:01Z
U342,25,24,24.25,standard,2026-07-19T18:19:01Z
U342,25,25,24.25,standard,2026-07-19T18:19:01Z
U342,25,26,24.25,standard,2026-07-19T18:19:01Z
U342,25,27,24.25,standard,2026-07-19T18:19:01Z
U342,25,3,24.25,standard,2026-07-19T18:19:01Z
U342,25,4,24.25,standard,2026-07-19T18:19:01Z
U342,25,5,24.25,standard,2026-07-19T18:19:01Z
U342,25,6,24.25,standard,2026-07-19T18:19:01Z
U342,25,7,24.25,standard,2026-07-19T18:19:01Z
U342,25,8,24.25,standard,2026-07-19T18:19:01Z
U342,20,10,24.25,standard,2026-07-19T18:19:01Z
U342,20,11,24.25,standard,2026-07-19T18:19:01Z
U342,20,12,24.25,standard,2026-07-19T18:19:01Z
U342,20,13,24.25,standard,2026-07-19T18:19:01Z
U342,20,14,24.25,standard,2026-07-19T18:19:01Z
U342,20,15,24.25,standard,2026-07-19T18:19:01Z
U342,20,16,24.25,standard,2026-07-19T18:19:01Z
U342,20,17,24.25,standard,2026-07-19T18:19:01Z
U342,20,18,24.25,standard,2026-07-19T18:19:01Z
U342,20,19,24.25,standard,2026-07-19T18:19:01Z
U342,20,20,24.25,standard,2026-07-19T18:19:01Z
U342,20,21,24.25,standard,2026-07-19T18:19:01Z
U342,20,22,24.25,standard,2026-07-19T18:19:01Z
U342,20,6,24.25,standard,2026-07-19T18:19:01Z
U342,20,7,24.25,standard,2026-07-19T18:19:01Z
U342,20,8,24.25,standard,2026-07-19T18:19:01Z
U342,20,9,24.25,standard,2026-07-19T18:19:01Z
U342,21,10,24.25,standard,2026-07-19T18:19:01Z
U342,21,11,24.25,standard,2026-07-19T18:19:01Z
U342,21,16,24.25,standard,2026-07-19T18:19:01Z
U342,21,17,24.25,standard,2026-07-19T18:19:01Z
U342,21,18,24.25,standard,2026-07-19T18:19:01Z
U342,21,19,24.25,standard,2026-07-19T18:19:01Z
U342,21,20,24.25,standard,2026-07-19T18:19:01Z
U342,21,21,24.25,standard,2026-07-19T18:19:01Z
U342,21,22,24.25,standard,2026-07-19T18:19:01Z
U342,21,23,24.25,standard,2026-07-19T18:19:01Z
U342,21,6,24.25,standard,2026-07-19T18:19:01Z
U342,21,7,24.25,standard,2026-07-19T18:19:01Z
U342,21,8,24.25,standard,2026-07-19T18:19:01Z
U342,21,9,24.25,standard,2026-07-19T18:19:01Z
U342,22,10,24.25,standard,2026-07-19T18:19:01Z
U342,22,11,24.25,standard,2026-07-19T18:19:01Z
U342,22,12,24.25,standard,2026-07-19T18:19:01Z
U342,22,13,24.25,standard,2026-07-19T18:19:01Z
U342,22,14,24.25,standard,2026-07-19T18:19:01Z
U342,22,15,24.25,standard,2026-07-19T18:19:01Z
U342,22,16,24.25,standard,2026-07-19T18:19:01Z
U342,22,17,24.25,standard,2026-07-19T18:19:01Z
U342,22,18,24.25,standard,2026-07-19T18:19:01Z
U342,22,19,24.25,standard,2026-07-19T18:19:01Z
U342,22,20,24.25,standard,2026-07-19T18:19:01Z
U342,22,8,24.25,standard,2026-07-19T18:19:01Z
U342,22,9,24.25,standard,2026-07-19T18:19:01Z
U342,23,1,24.25,standard,2026-07-19T18:19:01Z
U342,23,10,24.25,standard,2026-07-19T18:19:01Z
U342,23,11,24.25,standard,2026-07-19T18:19:01Z
U342,23,12,24.25,standard,2026-07-19T18:19:01Z
U342,23,13,24.25,standard,2026-07-19T18:19:01Z
U342,23,14,24.25,standard,2026-07-19T18:19:01Z
U342,23,15,24.25,standard,2026-07-19T18:19:01Z
U342,23,16,24.25,standard,2026-07-19T18:19:01Z
U342,23,17,24.25,standard,2026-07-19T18:19:01Z
U342,23,18,24.25,standard,2026-07-19T18:19:01Z
U342,23,19,24.25,standard,2026-07-19T18:19:01Z
U342,23,2,24.25,standard,2026-07-19T18:19:01Z
U342,23,20,24.25,standard,2026-07-19T18:19:01Z
U342,23,21,24.25,standard,2026-07-19T18:19:01Z
U342,23,9,24.25,standard,2026-07-19T18:19:01Z
W402,W,10,14.25,standard,2026-07-19T18:19:01Z
W402,W,11,14.25,standard,2026-07-19T18:19:01Z
W402,W,12,14.25,standard,2026-07-19T18:19:01Z
W402,W,13,14.25,standard,2026-07-19T18:19:01Z
W402,W,7,14.25,standard,2026-07-19T18:19:01Z
W402,W,8,14.25,standard,2026-07-19T18:19:01Z
W402,W,9,14.25,standard,2026-07-19T18:19:01Z
