section,row,seat,price_usd,selection_type,scraped_at
110,13,7,18.4,standard,2026-07-30T22:23:13Z
110,13,8,18.4,standard,2026-07-30T22:23:13Z
110,14,7,18.4,standard,2026-07-30T22:23:13Z
110,14,8,18.4,standard,2026-07-30T22:23:13Z
113,11,11,18.4,standard,2026-07-30T22:23:13Z
113,11,12,18.4,standard,2026-07-30T22:23:13Z
113,11,21,18.4,standard,2026-07-30T22:23:13Z
113,14,7,18.4,standard,2026-07-30T22:23:13Z
113,14,8,18.4,standard,2026-07-30T22:23:13Z
113,16,19,18.4,standard,2026-07-30T22:23:13Z
113,16,20,18.4,standard,2026-07-30T22:23:13Z
113,16,21,18.4,standard,2026-07-30T22:23:13Z
113,16,22,18.4,standard,2026-07-30T22:23:13Z
113,16,23,18.4,standard,2026-07-30T22:23:13Z
113,16,24,18.4,standard,2026-07-30T22:23:13Z
113,WC,7,18.4,standard,2026-07-30T22:23:13Z
113,WC,8,18.4,standard,2026-07-30T22:23:13Z
120,19,13,18.4,standard,2026-07-30T22:23:13Z
120,19,14,18.4,standard,2026-07-30T22:23:13Z
13,10,13,18.4,standard,2026-07-30T22:23:13Z
13,10,14,18.4,standard,2026-07-30T22:23:13Z
131,17,10,18.4,standard,2026-07-30T22:23:13Z
131,17,11,18.4,standard,2026-07-30T22:23:13Z
131,17,14,18.4,standard,2026-07-30T22:23:13Z
131,17,15,18.4,standard,2026-07-30T22:23:13Z
131,17,2,18.4,standard,2026-07-30T22:23:13Z
131,18,10,18.4,standard,2026-07-30T22:23:13Z
131,18,11,18.4,standard,2026-07-30T22:23:13Z
131,18,12,18.4,standard,2026-07-30T22:23:13Z
131,18,13,18.4,standard,2026-07-30T22:23:13Z
131,18,14,18.4,standard,2026-07-30T22:23:13Z
131,18,15,18.4,standard,2026-07-30T22:23:13Z
131,18,16,18.4,standard,2026-07-30T22:23:13Z
131,18,17,18.4,standard,2026-07-30T22:23:13Z
131,18,18,18.4,standard,2026-07-30T22:23:13Z
131,18,4,18.4,standard,2026-07-30T22:23:13Z
131,18,5,18.4,standard,2026-07-30T22:23:13Z
131,18,6,18.4,standard,2026-07-30T22:23:13Z
131,18,7,18.4,standard,2026-07-30T22:23:13Z
131,18,8,18.4,standard,2026-07-30T22:23:13Z
131,18,9,18.4,standard,2026-07-30T22:23:13Z
131,19,14,18.4,standard,2026-07-30T22:23:13Z
131,19,15,18.4,standard,2026-07-30T22:23:13Z
131,19,16,18.4,standard,2026-07-30T22:23:13Z
131,19,17,18.4,standard,2026-07-30T22:23:13Z
131,19,18,18.4,standard,2026-07-30T22:23:13Z
131,19,5,18.4,standard,2026-07-30T22:23:13Z
131,19,6,18.4,standard,2026-07-30T22:23:13Z
131,19,7,18.4,standard,2026-07-30T22:23:13Z
131,19,8,18.4,standard,2026-07-30T22:23:13Z
131,20,3,18.4,standard,2026-07-30T22:23:13Z
131,20,4,18.4,standard,2026-07-30T22:23:13Z
131,20,5,18.4,standard,2026-07-30T22:23:13Z
131,20,6,18.4,standard,2026-07-30T22:23:13Z
131,20,7,18.4,standard,2026-07-30T22:23:13Z
131,20,8,18.4,standard,2026-07-30T22:23:13Z
135,14,11,18.4,standard,2026-07-30T22:23:13Z
135,14,12,18.4,standard,2026-07-30T22:23:13Z
135,14,13,18.4,standard,2026-07-30T22:23:13Z
135,16,11,18.4,standard,2026-07-30T22:23:13Z
138,10,14,18.4,standard,2026-07-30T22:23:13Z
138,10,15,18.4,standard,2026-07-30T22:23:13Z
138,10,16,18.4,standard,2026-07-30T22:23:13Z
138,10,17,18.4,standard,2026-07-30T22:23:13Z
138,10,18,18.4,standard,2026-07-30T22:23:13Z
138,11,10,18.4,standard,2026-07-30T22:23:13Z
138,11,11,18.4,standard,2026-07-30T22:23:13Z
138,11,12,18.4,standard,2026-07-30T22:23:13Z
138,11,9,18.4,standard,2026-07-30T22:23:13Z
138,13,10,18.4,standard,2026-07-30T22:23:13Z
138,13,3,18.4,standard,2026-07-30T22:23:13Z
138,13,4,18.4,standard,2026-07-30T22:23:13Z
138,13,9,18.4,standard,2026-07-30T22:23:13Z
138,14,11,18.4,standard,2026-07-30T22:23:13Z
138,14,12,18.4,standard,2026-07-30T22:23:13Z
138,14,13,18.4,standard,2026-07-30T22:23:13Z
138,14,18,18.4,standard,2026-07-30T22:23:13Z
138,14,19,18.4,standard,2026-07-30T22:23:13Z
138,15,3,18.4,standard,2026-07-30T22:23:13Z
138,15,4,18.4,standard,2026-07-30T22:23:13Z
138,WC,11,18.4,standard,2026-07-30T22:23:13Z
138,WC,15,18.4,standard,2026-07-30T22:23:13Z
138,WC,16,18.4,standard,2026-07-30T22:23:13Z
140,17,17,18.4,standard,2026-07-30T22:23:13Z
140,17,18,18.4,standard,2026-07-30T22:23:13Z
140,17,19,18.4,standard,2026-07-30T22:23:13Z
140,17,20,18.4,standard,2026-07-30T22:23:13Z
140,17,21,18.4,standard,2026-07-30T22:23:13Z
140,15,24,18.4,standard,2026-07-30T22:23:13Z
140,15,25,18.4,standard,2026-07-30T22:23:13Z
140,16,10,18.4,standard,2026-07-30T22:23:13Z
140,16,11,18.4,standard,2026-07-30T22:23:13Z
140,16,12,18.4,standard,2026-07-30T22:23:13Z
140,16,13,18.4,standard,2026-07-30T22:23:13Z
140,18,18,18.4,standard,2026-07-30T22:23:13Z
140,18,19,18.4,standard,2026-07-30T22:23:13Z
140,18,20,18.4,standard,2026-07-30T22:23:13Z
140,18,21,18.4,standard,2026-07-30T22:23:13Z
141,14,8,18.4,standard,2026-07-30T22:23:13Z
141,16,25,18.4,standard,2026-07-30T22:23:13Z
141,16,26,18.4,standard,2026-07-30T22:23:13Z
142,17,10,18.4,standard,2026-07-30T22:23:13Z
142,17,11,18.4,standard,2026-07-30T22:23:13Z
142,17,12,18.4,standard,2026-07-30T22:23:13Z
142,17,5,18.4,standard,2026-07-30T22:23:13Z
142,17,6,18.4,standard,2026-07-30T22:23:13Z
142,17,7,18.4,standard,2026-07-30T22:23:13Z
142,17,8,18.4,standard,2026-07-30T22:23:13Z
142,17,9,18.4,standard,2026-07-30T22:23:13Z
142,10,10,18.4,standard,2026-07-30T22:23:13Z
142,10,15,18.4,standard,2026-07-30T22:23:13Z
142,10,16,18.4,standard,2026-07-30T22:23:13Z
142,10,17,18.4,standard,2026-07-30T22:23:13Z
142,10,8,18.4,standard,2026-07-30T22:23:13Z
142,10,9,18.4,standard,2026-07-30T22:23:13Z
142,11,19,18.4,standard,2026-07-30T22:23:13Z
142,11,20,18.4,standard,2026-07-30T22:23:13Z
142,12,19,18.4,standard,2026-07-30T22:23:13Z
142,12,20,18.4,standard,2026-07-30T22:23:13Z
142,13,12,18.4,standard,2026-07-30T22:23:13Z
142,13,13,18.4,standard,2026-07-30T22:23:13Z
142,13,14,18.4,standard,2026-07-30T22:23:13Z
142,13,15,18.4,standard,2026-07-30T22:23:13Z
142,13,16,18.4,standard,2026-07-30T22:23:13Z
142,13,21,18.4,standard,2026-07-30T22:23:13Z
142,13,22,18.4,standard,2026-07-30T22:23:13Z
142,15,18,18.4,standard,2026-07-30T22:23:13Z
142,15,19,18.4,standard,2026-07-30T22:23:13Z
142,15,20,18.4,standard,2026-07-30T22:23:13Z
142,15,21,18.4,standard,2026-07-30T22:23:13Z
142,15,22,18.4,standard,2026-07-30T22:23:13Z
142,16,19,18.4,standard,2026-07-30T22:23:13Z
142,16,20,18.4,standard,2026-07-30T22:23:13Z
142,16,21,18.4,standard,2026-07-30T22:23:13Z
142,8,16,18.4,standard,2026-07-30T22:23:13Z
142,8,17,18.4,standard,2026-07-30T22:23:13Z
142,8,18,18.4,standard,2026-07-30T22:23:13Z
143,17,13,18.4,standard,2026-07-30T22:23:13Z
143,17,14,18.4,standard,2026-07-30T22:23:13Z
143,17,15,18.4,standard,2026-07-30T22:23:13Z
143,17,16,18.4,standard,2026-07-30T22:23:13Z
143,10,13,18.4,standard,2026-07-30T22:23:13Z
143,10,14,18.4,standard,2026-07-30T22:23:13Z
143,11,14,18.4,standard,2026-07-30T22:23:13Z
143,11,15,18.4,standard,2026-07-30T22:23:13Z
143,12,14,18.4,standard,2026-07-30T22:23:13Z
143,12,15,18.4,standard,2026-07-30T22:23:13Z
143,13,12,18.4,standard,2026-07-30T22:23:13Z
143,13,13,18.4,standard,2026-07-30T22:23:13Z
143,13,14,18.4,standard,2026-07-30T22:23:13Z
143,13,15,18.4,standard,2026-07-30T22:23:13Z
143,13,16,18.4,standard,2026-07-30T22:23:13Z
143,13,17,18.4,standard,2026-07-30T22:23:13Z
143,13,18,18.4,standard,2026-07-30T22:23:13Z
143,13,19,18.4,standard,2026-07-30T22:23:13Z
143,15,15,18.4,standard,2026-07-30T22:23:13Z
143,15,16,18.4,standard,2026-07-30T22:23:13Z
143,16,10,18.4,standard,2026-07-30T22:23:13Z
143,16,11,18.4,standard,2026-07-30T22:23:13Z
143,16,12,18.4,standard,2026-07-30T22:23:13Z
143,16,13,18.4,standard,2026-07-30T22:23:13Z
143,16,14,18.4,standard,2026-07-30T22:23:13Z
143,16,15,18.4,standard,2026-07-30T22:23:13Z
143,16,16,18.4,standard,2026-07-30T22:23:13Z
143,16,2,18.4,standard,2026-07-30T22:23:13Z
143,16,3,18.4,standard,2026-07-30T22:23:13Z
143,16,4,18.4,standard,2026-07-30T22:23:13Z
143,16,5,18.4,standard,2026-07-30T22:23:13Z
143,16,6,18.4,standard,2026-07-30T22:23:13Z
143,16,7,18.4,standard,2026-07-30T22:23:13Z
143,16,8,18.4,standard,2026-07-30T22:23:13Z
143,16,9,18.4,standard,2026-07-30T22:23:13Z
143,9,12,18.4,standard,2026-07-30T22:23:13Z
143,9,13,18.4,standard,2026-07-30T22:23:13Z
145,14,13,18.4,standard,2026-07-30T22:23:13Z
145,14,14,18.4,standard,2026-07-30T22:23:13Z
145,21,14,18.4,standard,2026-07-30T22:23:13Z
145,21,15,18.4,standard,2026-07-30T22:23:13Z
145,23,16,18.4,standard,2026-07-30T22:23:13Z
145,23,17,18.4,standard,2026-07-30T22:23:13Z
145,24,17,18.4,standard,2026-07-30T22:23:13Z
145,24,18,18.4,standard,2026-07-30T22:23:13Z
145,25,16,18.4,standard,2026-07-30T22:23:13Z
145,25,17,18.4,standard,2026-07-30T22:23:13Z
145,26,10,18.4,standard,2026-07-30T22:23:13Z
145,26,11,18.4,standard,2026-07-30T22:23:13Z
145,26,12,18.4,standard,2026-07-30T22:23:13Z
145,26,13,18.4,standard,2026-07-30T22:23:13Z
146,18,10,18.4,standard,2026-07-30T22:23:13Z
146,18,9,18.4,standard,2026-07-30T22:23:13Z
146,24,15,18.4,standard,2026-07-30T22:23:13Z
146,24,16,18.4,standard,2026-07-30T22:23:13Z
146,24,5,18.4,standard,2026-07-30T22:23:13Z
146,24,6,18.4,standard,2026-07-30T22:23:13Z
147,16,17,18.4,standard,2026-07-30T22:23:13Z
147,16,18,18.4,standard,2026-07-30T22:23:13Z
147,29,12,18.4,standard,2026-07-30T22:23:13Z
147,29,13,18.4,standard,2026-07-30T22:23:13Z
147,29,14,18.4,standard,2026-07-30T22:23:13Z
147,29,15,18.4,standard,2026-07-30T22:23:13Z
147,29,16,18.4,standard,2026-07-30T22:23:13Z
147,29,17,18.4,standard,2026-07-30T22:23:13Z
147,29,18,18.4,standard,2026-07-30T22:23:13Z
147,9,7,18.4,standard,2026-07-30T22:23:13Z
147,9,8,18.4,standard,2026-07-30T22:23:13Z
147,9,14,18.4,standard,2026-07-30T22:23:13Z
147,9,15,18.4,standard,2026-07-30T22:23:13Z
148,27,11,18.4,standard,2026-07-30T22:23:13Z
148,27,12,18.4,standard,2026-07-30T22:23:13Z
148,27,13,18.4,standard,2026-07-30T22:23:13Z
148,27,14,18.4,standard,2026-07-30T22:23:13Z
148,27,15,18.4,standard,2026-07-30T22:23:13Z
148,27,16,18.4,standard,2026-07-30T22:23:13Z
148,27,17,18.4,standard,2026-07-30T22:23:13Z
148,27,18,18.4,standard,2026-07-30T22:23:13Z
148,27,19,18.4,standard,2026-07-30T22:23:13Z
148,27,20,18.4,standard,2026-07-30T22:23:13Z
148,27,21,18.4,standard,2026-07-30T22:23:13Z
148,27,22,18.4,standard,2026-07-30T22:23:13Z
148,27,23,18.4,standard,2026-07-30T22:23:13Z
148,27,24,18.4,standard,2026-07-30T22:23:13Z
148,27,25,18.4,standard,2026-07-30T22:23:13Z
148,27,26,18.4,standard,2026-07-30T22:23:13Z
148,27,27,18.4,standard,2026-07-30T22:23:13Z
148,20,13,18.4,standard,2026-07-30T22:23:13Z
148,20,14,18.4,standard,2026-07-30T22:23:13Z
148,21,17,18.4,standard,2026-07-30T22:23:13Z
148,21,18,18.4,standard,2026-07-30T22:23:13Z
148,22,10,18.4,standard,2026-07-30T22:23:13Z
148,22,11,18.4,standard,2026-07-30T22:23:13Z
148,22,12,18.4,standard,2026-07-30T22:23:13Z
148,22,13,18.4,standard,2026-07-30T22:23:13Z
148,22,14,18.4,standard,2026-07-30T22:23:13Z
148,22,15,18.4,standard,2026-07-30T22:23:13Z
148,22,16,18.4,standard,2026-07-30T22:23:13Z
148,22,17,18.4,standard,2026-07-30T22:23:13Z
148,22,18,18.4,standard,2026-07-30T22:23:13Z
148,22,19,18.4,standard,2026-07-30T22:23:13Z
148,22,20,18.4,standard,2026-07-30T22:23:13Z
148,22,21,18.4,standard,2026-07-30T22:23:13Z
148,22,22,18.4,standard,2026-07-30T22:23:13Z
148,22,23,18.4,standard,2026-07-30T22:23:13Z
148,22,24,18.4,standard,2026-07-30T22:23:13Z
148,22,3,18.4,standard,2026-07-30T22:23:13Z
148,22,4,18.4,standard,2026-07-30T22:23:13Z
148,22,5,18.4,standard,2026-07-30T22:23:13Z
148,22,6,18.4,standard,2026-07-30T22:23:13Z
148,22,7,18.4,standard,2026-07-30T22:23:13Z
148,22,8,18.4,standard,2026-07-30T22:23:13Z
148,22,9,18.4,standard,2026-07-30T22:23:13Z
148,23,10,18.4,standard,2026-07-30T22:23:13Z
148,23,11,18.4,standard,2026-07-30T22:23:13Z
148,23,12,18.4,standard,2026-07-30T22:23:13Z
148,23,13,18.4,standard,2026-07-30T22:23:13Z
148,23,14,18.4,standard,2026-07-30T22:23:13Z
148,23,15,18.4,standard,2026-07-30T22:23:13Z
148,23,16,18.4,standard,2026-07-30T22:23:13Z
148,23,17,18.4,standard,2026-07-30T22:23:13Z
148,23,18,18.4,standard,2026-07-30T22:23:13Z
148,23,19,18.4,standard,2026-07-30T22:23:13Z
148,23,20,18.4,standard,2026-07-30T22:23:13Z
148,23,21,18.4,standard,2026-07-30T22:23:13Z
148,23,22,18.4,standard,2026-07-30T22:23:13Z
148,23,4,18.4,standard,2026-07-30T22:23:13Z
148,23,5,18.4,standard,2026-07-30T22:23:13Z
148,23,6,18.4,standard,2026-07-30T22:23:13Z
148,23,7,18.4,standard,2026-07-30T22:23:13Z
148,23,8,18.4,standard,2026-07-30T22:23:13Z
148,23,9,18.4,standard,2026-07-30T22:23:13Z
148,24,10,18.4,standard,2026-07-30T22:23:13Z
148,24,11,18.4,standard,2026-07-30T22:23:13Z
148,24,12,18.4,standard,2026-07-30T22:23:13Z
148,24,13,18.4,standard,2026-07-30T22:23:13Z
148,24,14,18.4,standard,2026-07-30T22:23:13Z
148,24,15,18.4,standard,2026-07-30T22:23:13Z
148,24,16,18.4,standard,2026-07-30T22:23:13Z
148,24,17,18.4,standard,2026-07-30T22:23:13Z
148,24,18,18.4,standard,2026-07-30T22:23:13Z
148,24,19,18.4,standard,2026-07-30T22:23:13Z
148,24,20,18.4,standard,2026-07-30T22:23:13Z
148,24,21,18.4,standard,2026-07-30T22:23:13Z
148,24,22,18.4,standard,2026-07-30T22:23:13Z
148,24,23,18.4,standard,2026-07-30T22:23:13Z
148,24,24,18.4,standard,2026-07-30T22:23:13Z
148,24,25,18.4,standard,2026-07-30T22:23:13Z
148,24,3,18.4,standard,2026-07-30T22:23:13Z
148,24,4,18.4,standard,2026-07-30T22:23:13Z
148,24,5,18.4,standard,2026-07-30T22:23:13Z
148,24,6,18.4,standard,2026-07-30T22:23:13Z
148,24,7,18.4,standard,2026-07-30T22:23:13Z
148,24,8,18.4,standard,2026-07-30T22:23:13Z
148,24,9,18.4,standard,2026-07-30T22:23:13Z
148,25,10,18.4,standard,2026-07-30T22:23:13Z
148,25,11,18.4,standard,2026-07-30T22:23:13Z
148,25,12,18.4,standard,2026-07-30T22:23:13Z
148,25,13,18.4,standard,2026-07-30T22:23:13Z
148,25,14,18.4,standard,2026-07-30T22:23:13Z
148,25,15,18.4,standard,2026-07-30T22:23:13Z
148,25,16,18.4,standard,2026-07-30T22:23:13Z
148,25,17,18.4,standard,2026-07-30T22:23:13Z
148,25,18,18.4,standard,2026-07-30T22:23:13Z
148,25,19,18.4,standard,2026-07-30T22:23:13Z
148,25,20,18.4,standard,2026-07-30T22:23:13Z
148,25,21,18.4,standard,2026-07-30T22:23:13Z
148,25,22,18.4,standard,2026-07-30T22:23:13Z
148,25,23,18.4,standard,2026-07-30T22:23:13Z
148,25,24,18.4,standard,2026-07-30T22:23:13Z
148,25,25,18.4,standard,2026-07-30T22:23:13Z
148,25,26,18.4,standard,2026-07-30T22:23:13Z
148,25,27,18.4,standard,2026-07-30T22:23:13Z
148,25,3,18.4,standard,2026-07-30T22:23:13Z
148,25,4,18.4,standard,2026-07-30T22:23:13Z
148,25,5,18.4,standard,2026-07-30T22:23:13Z
148,25,6,18.4,standard,2026-07-30T22:23:13Z
148,25,7,18.4,standard,2026-07-30T22:23:13Z
148,25,8,18.4,standard,2026-07-30T22:23:13Z
148,25,9,18.4,standard,2026-07-30T22:23:13Z
148,26,10,18.4,standard,2026-07-30T22:23:13Z
148,26,11,18.4,standard,2026-07-30T22:23:13Z
148,26,12,18.4,standard,2026-07-30T22:23:13Z
148,26,13,18.4,standard,2026-07-30T22:23:13Z
148,26,14,18.4,standard,2026-07-30T22:23:13Z
148,26,15,18.4,standard,2026-07-30T22:23:13Z
148,26,16,18.4,standard,2026-07-30T22:23:13Z
148,26,17,18.4,standard,2026-07-30T22:23:13Z
148,26,18,18.4,standard,2026-07-30T22:23:13Z
148,26,19,18.4,standard,2026-07-30T22:23:13Z
148,26,20,18.4,standard,2026-07-30T22:23:13Z
148,26,21,18.4,standard,2026-07-30T22:23:13Z
148,26,22,18.4,standard,2026-07-30T22:23:13Z
148,26,23,18.4,standard,2026-07-30T22:23:13Z
148,26,24,18.4,standard,2026-07-30T22:23:13Z
148,26,25,18.4,standard,2026-07-30T22:23:13Z
148,26,26,18.4,standard,2026-07-30T22:23:13Z
148,26,27,18.4,standard,2026-07-30T22:23:13Z
148,26,3,18.4,standard,2026-07-30T22:23:13Z
148,26,4,18.4,standard,2026-07-30T22:23:13Z
148,26,5,18.4,standard,2026-07-30T22:23:13Z
148,26,6,18.4,standard,2026-07-30T22:23:13Z
148,26,7,18.4,standard,2026-07-30T22:23:13Z
148,26,8,18.4,standard,2026-07-30T22:23:13Z
148,26,9,18.4,standard,2026-07-30T22:23:13Z
148,28,10,18.4,standard,2026-07-30T22:23:13Z
148,28,11,18.4,standard,2026-07-30T22:23:13Z
148,28,12,18.4,standard,2026-07-30T22:23:13Z
148,28,13,18.4,standard,2026-07-30T22:23:13Z
148,28,14,18.4,standard,2026-07-30T22:23:13Z
148,28,15,18.4,standard,2026-07-30T22:23:13Z
148,28,16,18.4,standard,2026-07-30T22:23:13Z
148,28,17,18.4,standard,2026-07-30T22:23:13Z
148,28,18,18.4,standard,2026-07-30T22:23:13Z
148,28,2,18.4,standard,2026-07-30T22:23:13Z
148,28,3,18.4,standard,2026-07-30T22:23:13Z
148,28,4,18.4,standard,2026-07-30T22:23:13Z
148,28,5,18.4,standard,2026-07-30T22:23:13Z
148,28,6,18.4,standard,2026-07-30T22:23:13Z
148,28,7,18.4,standard,2026-07-30T22:23:13Z
148,28,8,18.4,standard,2026-07-30T22:23:13Z
148,28,9,18.4,standard,2026-07-30T22:23:13Z
148,29,11,18.4,standard,2026-07-30T22:23:13Z
148,29,12,18.4,standard,2026-07-30T22:23:13Z
148,29,13,18.4,standard,2026-07-30T22:23:13Z
148,29,14,18.4,standard,2026-07-30T22:23:13Z
148,29,15,18.4,standard,2026-07-30T22:23:13Z
148,29,16,18.4,standard,2026-07-30T22:23:13Z
148,29,17,18.4,standard,2026-07-30T22:23:13Z
148,29,18,18.4,standard,2026-07-30T22:23:13Z
148,29,19,18.4,standard,2026-07-30T22:23:13Z
148,29,20,18.4,standard,2026-07-30T22:23:13Z
148,29,21,18.4,standard,2026-07-30T22:23:13Z
148,29,22,18.4,standard,2026-07-30T22:23:13Z
148,29,23,18.4,standard,2026-07-30T22:23:13Z
148,29,24,18.4,standard,2026-07-30T22:23:13Z
148,4,11,18.4,standard,2026-07-30T22:23:13Z
148,4,12,18.4,standard,2026-07-30T22:23:13Z
149,10,18,18.4,standard,2026-07-30T22:23:13Z
149,10,19,18.4,standard,2026-07-30T22:23:13Z
149,6,13,18.4,standard,2026-07-30T22:23:13Z
149,6,14,18.4,standard,2026-07-30T22:23:13Z
149,7,17,18.4,standard,2026-07-30T22:23:13Z
149,7,18,18.4,standard,2026-07-30T22:23:13Z
149,13,17,18.4,standard,2026-07-30T22:23:13Z
149,13,18,18.4,standard,2026-07-30T22:23:13Z
149,19,10,18.4,standard,2026-07-30T22:23:13Z
149,19,8,18.4,standard,2026-07-30T22:23:13Z
149,19,9,18.4,standard,2026-07-30T22:23:13Z
149,27,15,18.4,standard,2026-07-30T22:23:13Z
149,27,16,18.4,standard,2026-07-30T22:23:13Z
149,27,17,18.4,standard,2026-07-30T22:23:13Z
149,27,18,18.4,standard,2026-07-30T22:23:13Z
149,27,19,18.4,standard,2026-07-30T22:23:13Z
149,27,20,18.4,standard,2026-07-30T22:23:13Z
149,27,21,18.4,standard,2026-07-30T22:23:13Z
149,21,17,18.4,standard,2026-07-30T22:23:13Z
149,21,18,18.4,standard,2026-07-30T22:23:13Z
149,21,19,18.4,standard,2026-07-30T22:23:13Z
149,21,20,18.4,standard,2026-07-30T22:23:13Z
149,21,5,18.4,standard,2026-07-30T22:23:13Z
149,21,6,18.4,standard,2026-07-30T22:23:13Z
149,21,7,18.4,standard,2026-07-30T22:23:13Z
149,21,8,18.4,standard,2026-07-30T22:23:13Z
149,22,10,18.4,standard,2026-07-30T22:23:13Z
149,22,11,18.4,standard,2026-07-30T22:23:13Z
149,22,12,18.4,standard,2026-07-30T22:23:13Z
149,22,13,18.4,standard,2026-07-30T22:23:13Z
149,22,14,18.4,standard,2026-07-30T22:23:13Z
149,22,15,18.4,standard,2026-07-30T22:23:13Z
149,22,16,18.4,standard,2026-07-30T22:23:13Z
149,22,17,18.4,standard,2026-07-30T22:23:13Z
149,22,18,18.4,standard,2026-07-30T22:23:13Z
149,22,19,18.4,standard,2026-07-30T22:23:13Z
149,22,20,18.4,standard,2026-07-30T22:23:13Z
149,22,3,18.4,standard,2026-07-30T22:23:13Z
149,22,4,18.4,standard,2026-07-30T22:23:13Z
149,22,5,18.4,standard,2026-07-30T22:23:13Z
149,22,6,18.4,standard,2026-07-30T22:23:13Z
149,22,7,18.4,standard,2026-07-30T22:23:13Z
149,22,8,18.4,standard,2026-07-30T22:23:13Z
149,22,9,18.4,standard,2026-07-30T22:23:13Z
149,23,10,18.4,standard,2026-07-30T22:23:13Z
149,23,11,18.4,standard,2026-07-30T22:23:13Z
149,23,12,18.4,standard,2026-07-30T22:23:13Z
149,23,13,18.4,standard,2026-07-30T22:23:13Z
149,23,14,18.4,standard,2026-07-30T22:23:13Z
149,23,15,18.4,standard,2026-07-30T22:23:13Z
149,23,16,18.4,standard,2026-07-30T22:23:13Z
149,23,17,18.4,standard,2026-07-30T22:23:13Z
149,23,18,18.4,standard,2026-07-30T22:23:13Z
149,23,19,18.4,standard,2026-07-30T22:23:13Z
149,23,20,18.4,standard,2026-07-30T22:23:13Z
149,23,3,18.4,standard,2026-07-30T22:23:13Z
149,23,4,18.4,standard,2026-07-30T22:23:13Z
149,23,5,18.4,standard,2026-07-30T22:23:13Z
149,23,6,18.4,standard,2026-07-30T22:23:13Z
149,23,7,18.4,standard,2026-07-30T22:23:13Z
149,23,8,18.4,standard,2026-07-30T22:23:13Z
149,23,9,18.4,standard,2026-07-30T22:23:13Z
149,24,10,18.4,standard,2026-07-30T22:23:13Z
149,24,11,18.4,standard,2026-07-30T22:23:13Z
149,24,12,18.4,standard,2026-07-30T22:23:13Z
149,24,13,18.4,standard,2026-07-30T22:23:13Z
149,24,14,18.4,standard,2026-07-30T22:23:13Z
149,24,15,18.4,standard,2026-07-30T22:23:13Z
149,24,16,18.4,standard,2026-07-30T22:23:13Z
149,24,17,18.4,standard,2026-07-30T22:23:13Z
149,24,2,18.4,standard,2026-07-30T22:23:13Z
149,24,3,18.4,standard,2026-07-30T22:23:13Z
149,24,4,18.4,standard,2026-07-30T22:23:13Z
149,24,5,18.4,standard,2026-07-30T22:23:13Z
149,24,6,18.4,standard,2026-07-30T22:23:13Z
149,24,7,18.4,standard,2026-07-30T22:23:13Z
149,24,8,18.4,standard,2026-07-30T22:23:13Z
149,24,9,18.4,standard,2026-07-30T22:23:13Z
149,25,10,18.4,standard,2026-07-30T22:23:13Z
149,25,11,18.4,standard,2026-07-30T22:23:13Z
149,25,12,18.4,standard,2026-07-30T22:23:13Z
149,25,13,18.4,standard,2026-07-30T22:23:13Z
149,25,14,18.4,standard,2026-07-30T22:23:13Z
149,25,15,18.4,standard,2026-07-30T22:23:13Z
149,25,16,18.4,standard,2026-07-30T22:23:13Z
149,25,17,18.4,standard,2026-07-30T22:23:13Z
149,25,19,18.4,standard,2026-07-30T22:23:13Z
149,25,20,18.4,standard,2026-07-30T22:23:13Z
149,25,21,18.4,standard,2026-07-30T22:23:13Z
149,25,22,18.4,standard,2026-07-30T22:23:13Z
149,25,3,18.4,standard,2026-07-30T22:23:13Z
149,25,4,18.4,standard,2026-07-30T22:23:13Z
149,25,5,18.4,standard,2026-07-30T22:23:13Z
149,25,6,18.4,standard,2026-07-30T22:23:13Z
149,25,7,18.4,standard,2026-07-30T22:23:13Z
149,25,8,18.4,standard,2026-07-30T22:23:13Z
149,25,9,18.4,standard,2026-07-30T22:23:13Z
149,26,10,18.4,standard,2026-07-30T22:23:13Z
149,26,11,18.4,standard,2026-07-30T22:23:13Z
149,26,12,18.4,standard,2026-07-30T22:23:13Z
149,26,13,18.4,standard,2026-07-30T22:23:13Z
149,26,14,18.4,standard,2026-07-30T22:23:13Z
149,26,15,18.4,standard,2026-07-30T22:23:13Z
149,26,16,18.4,standard,2026-07-30T22:23:13Z
149,26,17,18.4,standard,2026-07-30T22:23:13Z
149,26,18,18.4,standard,2026-07-30T22:23:13Z
149,26,19,18.4,standard,2026-07-30T22:23:13Z
149,26,20,18.4,standard,2026-07-30T22:23:13Z
149,26,21,18.4,standard,2026-07-30T22:23:13Z
149,26,22,18.4,standard,2026-07-30T22:23:13Z
149,26,3,18.4,standard,2026-07-30T22:23:13Z
149,26,4,18.4,standard,2026-07-30T22:23:13Z
149,26,5,18.4,standard,2026-07-30T22:23:13Z
149,26,6,18.4,standard,2026-07-30T22:23:13Z
149,26,7,18.4,standard,2026-07-30T22:23:13Z
149,26,8,18.4,standard,2026-07-30T22:23:13Z
149,26,9,18.4,standard,2026-07-30T22:23:13Z
149,28,10,18.4,standard,2026-07-30T22:23:13Z
149,28,11,18.4,standard,2026-07-30T22:23:13Z
149,28,12,18.4,standard,2026-07-30T22:23:13Z
149,28,2,18.4,standard,2026-07-30T22:23:13Z
149,28,3,18.4,standard,2026-07-30T22:23:13Z
149,28,4,18.4,standard,2026-07-30T22:23:13Z
149,28,5,18.4,standard,2026-07-30T22:23:13Z
149,28,6,18.4,standard,2026-07-30T22:23:13Z
149,28,7,18.4,standard,2026-07-30T22:23:13Z
149,28,8,18.4,standard,2026-07-30T22:23:13Z
149,29,11,18.4,standard,2026-07-30T22:23:13Z
149,29,12,18.4,standard,2026-07-30T22:23:13Z
149,29,13,18.4,standard,2026-07-30T22:23:13Z
149,29,14,18.4,standard,2026-07-30T22:23:13Z
149,29,15,18.4,standard,2026-07-30T22:23:13Z
149,29,16,18.4,standard,2026-07-30T22:23:13Z
149,29,17,18.4,standard,2026-07-30T22:23:13Z
149,29,18,18.4,standard,2026-07-30T22:23:13Z
15,9,1,18.4,standard,2026-07-30T22:23:13Z
15,9,2,18.4,standard,2026-07-30T22:23:13Z
15,9,3,18.4,standard,2026-07-30T22:23:13Z
15,9,4,18.4,standard,2026-07-30T22:23:13Z
150,10,14,18.4,standard,2026-07-30T22:23:13Z
150,10,15,18.4,standard,2026-07-30T22:23:13Z
150,4,6,18.4,standard,2026-07-30T22:23:13Z
150,4,7,18.4,standard,2026-07-30T22:23:13Z
150,4,8,18.4,standard,2026-07-30T22:23:13Z
150,5,11,18.4,standard,2026-07-30T22:23:13Z
150,5,12,18.4,standard,2026-07-30T22:23:13Z
150,14,5,18.4,standard,2026-07-30T22:23:13Z
150,14,6,18.4,standard,2026-07-30T22:23:13Z
150,27,14,18.4,standard,2026-07-30T22:23:13Z
150,27,15,18.4,standard,2026-07-30T22:23:13Z
150,27,16,18.4,standard,2026-07-30T22:23:13Z
150,27,17,18.4,standard,2026-07-30T22:23:13Z
150,27,18,18.4,standard,2026-07-30T22:23:13Z
150,27,19,18.4,standard,2026-07-30T22:23:13Z
150,27,20,18.4,standard,2026-07-30T22:23:13Z
150,27,21,18.4,standard,2026-07-30T22:23:13Z
150,27,22,18.4,standard,2026-07-30T22:23:13Z
150,20,7,18.4,standard,2026-07-30T22:23:13Z
150,20,8,18.4,standard,2026-07-30T22:23:13Z
150,21,10,18.4,standard,2026-07-30T22:23:13Z
150,21,11,18.4,standard,2026-07-30T22:23:13Z
150,21,17,18.4,standard,2026-07-30T22:23:13Z
150,21,18,18.4,standard,2026-07-30T22:23:13Z
150,21,19,18.4,standard,2026-07-30T22:23:13Z
150,21,20,18.4,standard,2026-07-30T22:23:13Z
150,22,10,18.4,standard,2026-07-30T22:23:13Z
150,22,11,18.4,standard,2026-07-30T22:23:13Z
150,22,12,18.4,standard,2026-07-30T22:23:13Z
150,22,17,18.4,standard,2026-07-30T22:23:13Z
150,22,18,18.4,standard,2026-07-30T22:23:13Z
150,22,19,18.4,standard,2026-07-30T22:23:13Z
150,22,20,18.4,standard,2026-07-30T22:23:13Z
150,22,6,18.4,standard,2026-07-30T22:23:13Z
150,22,7,18.4,standard,2026-07-30T22:23:13Z
150,22,8,18.4,standard,2026-07-30T22:23:13Z
150,22,9,18.4,standard,2026-07-30T22:23:13Z
150,23,10,18.4,standard,2026-07-30T22:23:13Z
150,23,11,18.4,standard,2026-07-30T22:23:13Z
150,23,12,18.4,standard,2026-07-30T22:23:13Z
150,23,13,18.4,standard,2026-07-30T22:23:13Z
150,23,14,18.4,standard,2026-07-30T22:23:13Z
150,23,15,18.4,standard,2026-07-30T22:23:13Z
150,23,16,18.4,standard,2026-07-30T22:23:13Z
150,23,17,18.4,standard,2026-07-30T22:23:13Z
150,23,18,18.4,standard,2026-07-30T22:23:13Z
150,23,2,18.4,standard,2026-07-30T22:23:13Z
150,23,3,18.4,standard,2026-07-30T22:23:13Z
150,23,4,18.4,standard,2026-07-30T22:23:13Z
150,23,5,18.4,standard,2026-07-30T22:23:13Z
150,23,6,18.4,standard,2026-07-30T22:23:13Z
150,23,7,18.4,standard,2026-07-30T22:23:13Z
150,23,8,18.4,standard,2026-07-30T22:23:13Z
150,23,9,18.4,standard,2026-07-30T22:23:13Z
150,24,10,18.4,standard,2026-07-30T22:23:13Z
150,24,11,18.4,standard,2026-07-30T22:23:13Z
150,24,12,18.4,standard,2026-07-30T22:23:13Z
150,24,13,18.4,standard,2026-07-30T22:23:13Z
150,24,14,18.4,standard,2026-07-30T22:23:13Z
150,24,15,18.4,standard,2026-07-30T22:23:13Z
150,24,16,18.4,standard,2026-07-30T22:23:13Z
150,24,17,18.4,standard,2026-07-30T22:23:13Z
150,24,18,18.4,standard,2026-07-30T22:23:13Z
150,24,19,18.4,standard,2026-07-30T22:23:13Z
150,24,20,18.4,standard,2026-07-30T22:23:13Z
150,24,21,18.4,standard,2026-07-30T22:23:13Z
150,24,22,18.4,standard,2026-07-30T22:23:13Z
150,24,3,18.4,standard,2026-07-30T22:23:13Z
150,24,4,18.4,standard,2026-07-30T22:23:13Z
150,24,5,18.4,standard,2026-07-30T22:23:13Z
150,24,6,18.4,standard,2026-07-30T22:23:13Z
150,24,7,18.4,standard,2026-07-30T22:23:13Z
150,24,8,18.4,standard,2026-07-30T22:23:13Z
150,24,9,18.4,standard,2026-07-30T22:23:13Z
150,25,10,18.4,standard,2026-07-30T22:23:13Z
150,25,11,18.4,standard,2026-07-30T22:23:13Z
150,25,12,18.4,standard,2026-07-30T22:23:13Z
150,25,13,18.4,standard,2026-07-30T22:23:13Z
150,25,14,18.4,standard,2026-07-30T22:23:13Z
150,25,15,18.4,standard,2026-07-30T22:23:13Z
150,25,16,18.4,standard,2026-07-30T22:23:13Z
150,25,17,18.4,standard,2026-07-30T22:23:13Z
150,25,18,18.4,standard,2026-07-30T22:23:13Z
150,25,19,18.4,standard,2026-07-30T22:23:13Z
150,25,20,18.4,standard,2026-07-30T22:23:13Z
150,25,21,18.4,standard,2026-07-30T22:23:13Z
150,25,22,18.4,standard,2026-07-30T22:23:13Z
150,25,3,18.4,standard,2026-07-30T22:23:13Z
150,25,4,18.4,standard,2026-07-30T22:23:13Z
150,25,5,18.4,standard,2026-07-30T22:23:13Z
150,25,6,18.4,standard,2026-07-30T22:23:13Z
150,25,7,18.4,standard,2026-07-30T22:23:13Z
150,25,8,18.4,standard,2026-07-30T22:23:13Z
150,25,9,18.4,standard,2026-07-30T22:23:13Z
150,26,10,18.4,standard,2026-07-30T22:23:13Z
150,26,11,18.4,standard,2026-07-30T22:23:13Z
150,26,12,18.4,standard,2026-07-30T22:23:13Z
150,26,13,18.4,standard,2026-07-30T22:23:13Z
150,26,14,18.4,standard,2026-07-30T22:23:13Z
150,26,15,18.4,standard,2026-07-30T22:23:13Z
150,26,16,18.4,standard,2026-07-30T22:23:13Z
150,26,17,18.4,standard,2026-07-30T22:23:13Z
150,26,18,18.4,standard,2026-07-30T22:23:13Z
150,26,19,18.4,standard,2026-07-30T22:23:13Z
150,26,20,18.4,standard,2026-07-30T22:23:13Z
150,26,21,18.4,standard,2026-07-30T22:23:13Z
150,26,22,18.4,standard,2026-07-30T22:23:13Z
150,26,5,18.4,standard,2026-07-30T22:23:13Z
150,26,6,18.4,standard,2026-07-30T22:23:13Z
150,26,7,18.4,standard,2026-07-30T22:23:13Z
150,26,8,18.4,standard,2026-07-30T22:23:13Z
150,26,9,18.4,standard,2026-07-30T22:23:13Z
151,10,10,18.4,standard,2026-07-30T22:23:13Z
151,10,5,18.4,standard,2026-07-30T22:23:13Z
151,10,6,18.4,standard,2026-07-30T22:23:13Z
151,10,7,18.4,standard,2026-07-30T22:23:13Z
151,10,8,18.4,standard,2026-07-30T22:23:13Z
151,10,9,18.4,standard,2026-07-30T22:23:13Z
151,8,4,18.4,standard,2026-07-30T22:23:13Z
151,8,3,18.4,standard,2026-07-30T22:23:13Z
151,9,10,18.4,standard,2026-07-30T22:23:13Z
151,9,11,18.4,standard,2026-07-30T22:23:13Z
151,9,12,18.4,standard,2026-07-30T22:23:13Z
151,18,6,18.4,standard,2026-07-30T22:23:13Z
151,18,7,18.4,standard,2026-07-30T22:23:13Z
151,18,8,18.4,standard,2026-07-30T22:23:13Z
151,18,9,18.4,standard,2026-07-30T22:23:13Z
151,20,10,18.4,standard,2026-07-30T22:23:13Z
151,20,4,18.4,standard,2026-07-30T22:23:13Z
151,20,5,18.4,standard,2026-07-30T22:23:13Z
151,20,6,18.4,standard,2026-07-30T22:23:13Z
151,20,7,18.4,standard,2026-07-30T22:23:13Z
151,20,8,18.4,standard,2026-07-30T22:23:13Z
151,20,9,18.4,standard,2026-07-30T22:23:13Z
16,12,5,18.4,standard,2026-07-30T22:23:13Z
16,12,6,18.4,standard,2026-07-30T22:23:13Z
16,12,7,18.4,standard,2026-07-30T22:23:13Z
16,12,8,18.4,standard,2026-07-30T22:23:13Z
16,7,7,18.4,standard,2026-07-30T22:23:13Z
16,7,5,18.4,standard,2026-07-30T22:23:13Z
16,7,6,18.4,standard,2026-07-30T22:23:13Z
16,7,8,18.4,standard,2026-07-30T22:23:13Z
16,8,7,18.4,standard,2026-07-30T22:23:13Z
16,8,5,18.4,standard,2026-07-30T22:23:13Z
16,8,6,18.4,standard,2026-07-30T22:23:13Z
210,8,4,18.4,standard,2026-07-30T22:23:13Z
210,8,5,18.4,standard,2026-07-30T22:23:13Z
211,11,2,18.4,standard,2026-07-30T22:23:13Z
211,11,3,18.4,standard,2026-07-30T22:23:13Z
211,11,4,18.4,standard,2026-07-30T22:23:13Z
211,11,5,18.4,standard,2026-07-30T22:23:13Z
212,10,10,18.4,standard,2026-07-30T22:23:13Z
212,10,11,18.4,standard,2026-07-30T22:23:13Z
212,10,12,18.4,standard,2026-07-30T22:23:13Z
212,10,13,18.4,standard,2026-07-30T22:23:13Z
212,10,14,18.4,standard,2026-07-30T22:23:13Z
212,10,15,18.4,standard,2026-07-30T22:23:13Z
212,10,16,18.4,standard,2026-07-30T22:23:13Z
212,10,17,18.4,standard,2026-07-30T22:23:13Z
212,10,18,18.4,standard,2026-07-30T22:23:13Z
212,10,19,18.4,standard,2026-07-30T22:23:13Z
212,10,3,18.4,standard,2026-07-30T22:23:13Z
212,10,4,18.4,standard,2026-07-30T22:23:13Z
212,10,5,18.4,standard,2026-07-30T22:23:13Z
212,10,6,18.4,standard,2026-07-30T22:23:13Z
212,10,7,18.4,standard,2026-07-30T22:23:13Z
212,10,8,18.4,standard,2026-07-30T22:23:13Z
212,10,9,18.4,standard,2026-07-30T22:23:13Z
212,11,10,18.4,standard,2026-07-30T22:23:13Z
212,11,11,18.4,standard,2026-07-30T22:23:13Z
212,11,12,18.4,standard,2026-07-30T22:23:13Z
212,11,13,18.4,standard,2026-07-30T22:23:13Z
212,11,14,18.4,standard,2026-07-30T22:23:13Z
212,11,15,18.4,standard,2026-07-30T22:23:13Z
212,11,16,18.4,standard,2026-07-30T22:23:13Z
212,11,17,18.4,standard,2026-07-30T22:23:13Z
212,11,18,18.4,standard,2026-07-30T22:23:13Z
212,11,19,18.4,standard,2026-07-30T22:23:13Z
212,11,20,18.4,standard,2026-07-30T22:23:13Z
212,11,21,18.4,standard,2026-07-30T22:23:13Z
212,11,22,18.4,standard,2026-07-30T22:23:13Z
212,11,3,18.4,standard,2026-07-30T22:23:13Z
212,11,4,18.4,standard,2026-07-30T22:23:13Z
212,11,5,18.4,standard,2026-07-30T22:23:13Z
212,11,6,18.4,standard,2026-07-30T22:23:13Z
212,11,7,18.4,standard,2026-07-30T22:23:13Z
212,11,8,18.4,standard,2026-07-30T22:23:13Z
212,11,9,18.4,standard,2026-07-30T22:23:13Z
212,12,10,18.4,standard,2026-07-30T22:23:13Z
212,12,11,18.4,standard,2026-07-30T22:23:13Z
212,12,12,18.4,standard,2026-07-30T22:23:13Z
212,12,13,18.4,standard,2026-07-30T22:23:13Z
212,12,14,18.4,standard,2026-07-30T22:23:13Z
212,12,15,18.4,standard,2026-07-30T22:23:13Z
212,12,16,18.4,standard,2026-07-30T22:23:13Z
212,12,17,18.4,standard,2026-07-30T22:23:13Z
212,12,18,18.4,standard,2026-07-30T22:23:13Z
212,12,19,18.4,standard,2026-07-30T22:23:13Z
212,12,20,18.4,standard,2026-07-30T22:23:13Z
212,12,21,18.4,standard,2026-07-30T22:23:13Z
212,12,22,18.4,standard,2026-07-30T22:23:13Z
212,12,23,18.4,standard,2026-07-30T22:23:13Z
212,12,24,18.4,standard,2026-07-30T22:23:13Z
212,12,25,18.4,standard,2026-07-30T22:23:13Z
212,12,26,18.4,standard,2026-07-30T22:23:13Z
212,12,27,18.4,standard,2026-07-30T22:23:13Z
212,12,3,18.4,standard,2026-07-30T22:23:13Z
212,12,4,18.4,standard,2026-07-30T22:23:13Z
212,12,5,18.4,standard,2026-07-30T22:23:13Z
212,12,6,18.4,standard,2026-07-30T22:23:13Z
212,12,7,18.4,standard,2026-07-30T22:23:13Z
212,12,8,18.4,standard,2026-07-30T22:23:13Z
212,12,9,18.4,standard,2026-07-30T22:23:13Z
212,9,4,18.4,standard,2026-07-30T22:23:13Z
212,9,5,18.4,standard,2026-07-30T22:23:13Z
212,9,6,18.4,standard,2026-07-30T22:23:13Z
212,9,7,18.4,standard,2026-07-30T22:23:13Z
212,9,8,18.4,standard,2026-07-30T22:23:13Z
212,9,9,18.4,standard,2026-07-30T22:23:13Z
212,9,10,18.4,standard,2026-07-30T22:23:13Z
212,9,11,18.4,standard,2026-07-30T22:23:13Z
212,9,12,18.4,standard,2026-07-30T22:23:13Z
212,9,13,18.4,standard,2026-07-30T22:23:13Z
212,9,14,18.4,standard,2026-07-30T22:23:13Z
212,9,15,18.4,standard,2026-07-30T22:23:13Z
212,9,16,18.4,standard,2026-07-30T22:23:13Z
212,9,3,18.4,standard,2026-07-30T22:23:13Z
213,10,12,18.4,standard,2026-07-30T22:23:13Z
213,10,13,18.4,standard,2026-07-30T22:23:13Z
213,14,11,18.4,standard,2026-07-30T22:23:13Z
213,14,12,18.4,standard,2026-07-30T22:23:13Z
213,15,13,18.4,standard,2026-07-30T22:23:13Z
213,15,14,18.4,standard,2026-07-30T22:23:13Z
213,15,17,18.4,standard,2026-07-30T22:23:13Z
213,9,5,18.4,standard,2026-07-30T22:23:13Z
213,9,6,18.4,standard,2026-07-30T22:23:13Z
214,10,19,18.4,standard,2026-07-30T22:23:13Z
214,10,20,18.4,standard,2026-07-30T22:23:13Z
214,13,21,18.4,standard,2026-07-30T22:23:13Z
214,13,22,18.4,standard,2026-07-30T22:23:13Z
214,16,25,18.4,standard,2026-07-30T22:23:13Z
214,16,26,18.4,standard,2026-07-30T22:23:13Z
214,16,7,18.4,standard,2026-07-30T22:23:13Z
214,16,8,18.4,standard,2026-07-30T22:23:13Z
216,7,4,18.4,standard,2026-07-30T22:23:13Z
216,7,5,18.4,standard,2026-07-30T22:23:13Z
216,7,6,18.4,standard,2026-07-30T22:23:13Z
216,7,9,18.4,standard,2026-07-30T22:23:13Z
216,7,10,18.4,standard,2026-07-30T22:23:13Z
216,7,11,18.4,standard,2026-07-30T22:23:13Z
216,7,12,18.4,standard,2026-07-30T22:23:13Z
216,7,13,18.4,standard,2026-07-30T22:23:13Z
216,7,14,18.4,standard,2026-07-30T22:23:13Z
216,7,3,18.4,standard,2026-07-30T22:23:13Z
216,8,4,18.4,standard,2026-07-30T22:23:13Z
216,8,5,18.4,standard,2026-07-30T22:23:13Z
216,8,6,18.4,standard,2026-07-30T22:23:13Z
216,8,7,18.4,standard,2026-07-30T22:23:13Z
216,8,8,18.4,standard,2026-07-30T22:23:13Z
216,8,9,18.4,standard,2026-07-30T22:23:13Z
216,8,10,18.4,standard,2026-07-30T22:23:13Z
216,8,11,18.4,standard,2026-07-30T22:23:13Z
216,8,12,18.4,standard,2026-07-30T22:23:13Z
216,8,13,18.4,standard,2026-07-30T22:23:13Z
216,8,3,18.4,standard,2026-07-30T22:23:13Z
217,15,5,18.4,standard,2026-07-30T22:23:13Z
217,15,6,18.4,standard,2026-07-30T22:23:13Z
217,4,7,18.4,standard,2026-07-30T22:23:13Z
217,4,8,18.4,standard,2026-07-30T22:23:13Z
217,4,9,18.4,standard,2026-07-30T22:23:13Z
217,4,10,18.4,standard,2026-07-30T22:23:13Z
217,4,11,18.4,standard,2026-07-30T22:23:13Z
217,4,12,18.4,standard,2026-07-30T22:23:13Z
218,10,10,18.4,standard,2026-07-30T22:23:13Z
218,10,11,18.4,standard,2026-07-30T22:23:13Z
218,10,12,18.4,standard,2026-07-30T22:23:13Z
218,10,13,18.4,standard,2026-07-30T22:23:13Z
218,10,9,18.4,standard,2026-07-30T22:23:13Z
218,12,18,18.4,standard,2026-07-30T22:23:13Z
218,13,10,18.4,standard,2026-07-30T22:23:13Z
218,13,11,18.4,standard,2026-07-30T22:23:13Z
218,13,12,18.4,standard,2026-07-30T22:23:13Z
218,13,13,18.4,standard,2026-07-30T22:23:13Z
218,13,14,18.4,standard,2026-07-30T22:23:13Z
218,13,15,18.4,standard,2026-07-30T22:23:13Z
218,13,16,18.4,standard,2026-07-30T22:23:13Z
218,13,5,18.4,standard,2026-07-30T22:23:13Z
218,13,6,18.4,standard,2026-07-30T22:23:13Z
218,13,7,18.4,standard,2026-07-30T22:23:13Z
218,13,8,18.4,standard,2026-07-30T22:23:13Z
218,13,9,18.4,standard,2026-07-30T22:23:13Z
218,14,10,18.4,standard,2026-07-30T22:23:13Z
218,14,11,18.4,standard,2026-07-30T22:23:13Z
218,14,12,18.4,standard,2026-07-30T22:23:13Z
218,14,8,18.4,standard,2026-07-30T22:23:13Z
218,14,9,18.4,standard,2026-07-30T22:23:13Z
218,6,9,18.4,standard,2026-07-30T22:23:13Z
218,6,10,18.4,standard,2026-07-30T22:23:13Z
218,6,11,18.4,standard,2026-07-30T22:23:13Z
218,6,12,18.4,standard,2026-07-30T22:23:13Z
218,6,13,18.4,standard,2026-07-30T22:23:13Z
218,7,5,18.4,standard,2026-07-30T22:23:13Z
218,7,6,18.4,standard,2026-07-30T22:23:13Z
218,7,7,18.4,standard,2026-07-30T22:23:13Z
218,7,8,18.4,standard,2026-07-30T22:23:13Z
218,7,9,18.4,standard,2026-07-30T22:23:13Z
218,7,10,18.4,standard,2026-07-30T22:23:13Z
218,7,11,18.4,standard,2026-07-30T22:23:13Z
218,7,12,18.4,standard,2026-07-30T22:23:13Z
218,7,13,18.4,standard,2026-07-30T22:23:13Z
218,7,14,18.4,standard,2026-07-30T22:23:13Z
218,8,7,18.4,standard,2026-07-30T22:23:13Z
218,8,8,18.4,standard,2026-07-30T22:23:13Z
218,8,9,18.4,standard,2026-07-30T22:23:13Z
218,8,10,18.4,standard,2026-07-30T22:23:13Z
218,8,11,18.4,standard,2026-07-30T22:23:13Z
218,8,12,18.4,standard,2026-07-30T22:23:13Z
218,8,13,18.4,standard,2026-07-30T22:23:13Z
218,8,14,18.4,standard,2026-07-30T22:23:13Z
218,8,15,18.4,standard,2026-07-30T22:23:13Z
218,8,16,18.4,standard,2026-07-30T22:23:13Z
233,15,16,18.4,standard,2026-07-30T22:23:13Z
233,15,17,18.4,standard,2026-07-30T22:23:13Z
233,15,18,18.4,standard,2026-07-30T22:23:13Z
233,16,10,18.4,standard,2026-07-30T22:23:13Z
233,16,13,18.4,standard,2026-07-30T22:23:13Z
233,16,14,18.4,standard,2026-07-30T22:23:13Z
233,16,15,18.4,standard,2026-07-30T22:23:13Z
233,16,6,18.4,standard,2026-07-30T22:23:13Z
233,16,7,18.4,standard,2026-07-30T22:23:13Z
233,16,8,18.4,standard,2026-07-30T22:23:13Z
233,16,9,18.4,standard,2026-07-30T22:23:13Z
233,2,8,18.4,standard,2026-07-30T22:23:13Z
233,2,9,18.4,standard,2026-07-30T22:23:13Z
233,2,10,18.4,standard,2026-07-30T22:23:13Z
233,9,17,18.4,standard,2026-07-30T22:23:13Z
233,9,18,18.4,standard,2026-07-30T22:23:13Z
235,12,6,18.4,standard,2026-07-30T22:23:13Z
235,12,7,18.4,standard,2026-07-30T22:23:13Z
235,5,16,18.4,standard,2026-07-30T22:23:13Z
235,5,17,18.4,standard,2026-07-30T22:23:13Z
235,5,18,18.4,standard,2026-07-30T22:23:13Z
235,9,9,18.4,standard,2026-07-30T22:23:13Z
235,9,10,18.4,standard,2026-07-30T22:23:13Z
235,9,11,18.4,standard,2026-07-30T22:23:13Z
235,9,12,18.4,standard,2026-07-30T22:23:13Z
235,9,13,18.4,standard,2026-07-30T22:23:13Z
235,9,14,18.4,standard,2026-07-30T22:23:13Z
237,10,15,18.4,standard,2026-07-30T22:23:13Z
237,10,16,18.4,standard,2026-07-30T22:23:13Z
237,10,17,18.4,standard,2026-07-30T22:23:13Z
237,10,18,18.4,standard,2026-07-30T22:23:13Z
237,11,10,18.4,standard,2026-07-30T22:23:13Z
237,11,11,18.4,standard,2026-07-30T22:23:13Z
237,11,12,18.4,standard,2026-07-30T22:23:13Z
237,11,13,18.4,standard,2026-07-30T22:23:13Z
237,11,14,18.4,standard,2026-07-30T22:23:13Z
237,11,15,18.4,standard,2026-07-30T22:23:13Z
237,11,16,18.4,standard,2026-07-30T22:23:13Z
237,11,17,18.4,standard,2026-07-30T22:23:13Z
237,11,18,18.4,standard,2026-07-30T22:23:13Z
237,11,3,18.4,standard,2026-07-30T22:23:13Z
237,11,4,18.4,standard,2026-07-30T22:23:13Z
237,11,5,18.4,standard,2026-07-30T22:23:13Z
237,11,6,18.4,standard,2026-07-30T22:23:13Z
237,11,7,18.4,standard,2026-07-30T22:23:13Z
237,11,8,18.4,standard,2026-07-30T22:23:13Z
237,11,9,18.4,standard,2026-07-30T22:23:13Z
237,12,17,18.4,standard,2026-07-30T22:23:13Z
237,12,18,18.4,standard,2026-07-30T22:23:13Z
237,12,19,18.4,standard,2026-07-30T22:23:13Z
237,12,20,18.4,standard,2026-07-30T22:23:13Z
237,13,10,18.4,standard,2026-07-30T22:23:13Z
237,13,11,18.4,standard,2026-07-30T22:23:13Z
237,13,12,18.4,standard,2026-07-30T22:23:13Z
237,13,13,18.4,standard,2026-07-30T22:23:13Z
237,13,14,18.4,standard,2026-07-30T22:23:13Z
237,13,15,18.4,standard,2026-07-30T22:23:13Z
237,13,16,18.4,standard,2026-07-30T22:23:13Z
237,13,17,18.4,standard,2026-07-30T22:23:13Z
237,13,18,18.4,standard,2026-07-30T22:23:13Z
237,13,19,18.4,standard,2026-07-30T22:23:13Z
237,13,20,18.4,standard,2026-07-30T22:23:13Z
237,13,5,18.4,standard,2026-07-30T22:23:13Z
237,13,6,18.4,standard,2026-07-30T22:23:13Z
237,13,7,18.4,standard,2026-07-30T22:23:13Z
237,13,8,18.4,standard,2026-07-30T22:23:13Z
237,13,9,18.4,standard,2026-07-30T22:23:13Z
237,14,10,18.4,standard,2026-07-30T22:23:13Z
237,14,11,18.4,standard,2026-07-30T22:23:13Z
237,14,12,18.4,standard,2026-07-30T22:23:13Z
237,14,13,18.4,standard,2026-07-30T22:23:13Z
237,14,14,18.4,standard,2026-07-30T22:23:13Z
237,14,15,18.4,standard,2026-07-30T22:23:13Z
237,14,16,18.4,standard,2026-07-30T22:23:13Z
237,14,17,18.4,standard,2026-07-30T22:23:13Z
237,14,18,18.4,standard,2026-07-30T22:23:13Z
237,14,19,18.4,standard,2026-07-30T22:23:13Z
237,14,20,18.4,standard,2026-07-30T22:23:13Z
237,14,3,18.4,standard,2026-07-30T22:23:13Z
237,14,4,18.4,standard,2026-07-30T22:23:13Z
237,14,5,18.4,standard,2026-07-30T22:23:13Z
237,14,6,18.4,standard,2026-07-30T22:23:13Z
237,14,7,18.4,standard,2026-07-30T22:23:13Z
237,14,8,18.4,standard,2026-07-30T22:23:13Z
237,14,9,18.4,standard,2026-07-30T22:23:13Z
237,7,11,18.4,standard,2026-07-30T22:23:13Z
237,7,12,18.4,standard,2026-07-30T22:23:13Z
237,7,13,18.4,standard,2026-07-30T22:23:13Z
237,7,14,18.4,standard,2026-07-30T22:23:13Z
237,7,15,18.4,standard,2026-07-30T22:23:13Z
237,7,16,18.4,standard,2026-07-30T22:23:13Z
237,7,17,18.4,standard,2026-07-30T22:23:13Z
237,7,18,18.4,standard,2026-07-30T22:23:13Z
237,7,19,18.4,standard,2026-07-30T22:23:13Z
237,8,4,18.4,standard,2026-07-30T22:23:13Z
237,8,5,18.4,standard,2026-07-30T22:23:13Z
237,8,6,18.4,standard,2026-07-30T22:23:13Z
237,8,7,18.4,standard,2026-07-30T22:23:13Z
237,8,8,18.4,standard,2026-07-30T22:23:13Z
237,8,9,18.4,standard,2026-07-30T22:23:13Z
237,8,10,18.4,standard,2026-07-30T22:23:13Z
237,8,11,18.4,standard,2026-07-30T22:23:13Z
237,8,12,18.4,standard,2026-07-30T22:23:13Z
237,8,13,18.4,standard,2026-07-30T22:23:13Z
237,8,14,18.4,standard,2026-07-30T22:23:13Z
237,8,15,18.4,standard,2026-07-30T22:23:13Z
237,8,16,18.4,standard,2026-07-30T22:23:13Z
237,8,17,18.4,standard,2026-07-30T22:23:13Z
237,8,18,18.4,standard,2026-07-30T22:23:13Z
237,8,3,18.4,standard,2026-07-30T22:23:13Z
237,9,13,18.4,standard,2026-07-30T22:23:13Z
237,9,14,18.4,standard,2026-07-30T22:23:13Z
237,9,15,18.4,standard,2026-07-30T22:23:13Z
237,9,16,18.4,standard,2026-07-30T22:23:13Z
238,10,10,18.4,standard,2026-07-30T22:23:13Z
238,10,11,18.4,standard,2026-07-30T22:23:13Z
238,10,12,18.4,standard,2026-07-30T22:23:13Z
238,10,13,18.4,standard,2026-07-30T22:23:13Z
238,10,14,18.4,standard,2026-07-30T22:23:13Z
238,10,15,18.4,standard,2026-07-30T22:23:13Z
238,10,16,18.4,standard,2026-07-30T22:23:13Z
238,10,17,18.4,standard,2026-07-30T22:23:13Z
238,10,18,18.4,standard,2026-07-30T22:23:13Z
238,11,10,18.4,standard,2026-07-30T22:23:13Z
238,11,11,18.4,standard,2026-07-30T22:23:13Z
238,11,12,18.4,standard,2026-07-30T22:23:13Z
238,11,13,18.4,standard,2026-07-30T22:23:13Z
238,11,14,18.4,standard,2026-07-30T22:23:13Z
238,11,15,18.4,standard,2026-07-30T22:23:13Z
238,11,16,18.4,standard,2026-07-30T22:23:13Z
238,11,17,18.4,standard,2026-07-30T22:23:13Z
238,11,18,18.4,standard,2026-07-30T22:23:13Z
238,11,9,18.4,standard,2026-07-30T22:23:13Z
238,12,10,18.4,standard,2026-07-30T22:23:13Z
238,12,11,18.4,standard,2026-07-30T22:23:13Z
238,12,12,18.4,standard,2026-07-30T22:23:13Z
238,12,13,18.4,standard,2026-07-30T22:23:13Z
238,12,14,18.4,standard,2026-07-30T22:23:13Z
238,12,15,18.4,standard,2026-07-30T22:23:13Z
238,12,16,18.4,standard,2026-07-30T22:23:13Z
238,12,17,18.4,standard,2026-07-30T22:23:13Z
238,12,18,18.4,standard,2026-07-30T22:23:13Z
238,12,9,18.4,standard,2026-07-30T22:23:13Z
238,13,10,18.4,standard,2026-07-30T22:23:13Z
238,13,11,18.4,standard,2026-07-30T22:23:13Z
238,13,12,18.4,standard,2026-07-30T22:23:13Z
238,13,13,18.4,standard,2026-07-30T22:23:13Z
238,13,14,18.4,standard,2026-07-30T22:23:13Z
238,13,15,18.4,standard,2026-07-30T22:23:13Z
238,13,16,18.4,standard,2026-07-30T22:23:13Z
238,13,17,18.4,standard,2026-07-30T22:23:13Z
238,13,18,18.4,standard,2026-07-30T22:23:13Z
238,13,3,18.4,standard,2026-07-30T22:23:13Z
238,13,4,18.4,standard,2026-07-30T22:23:13Z
238,13,5,18.4,standard,2026-07-30T22:23:13Z
238,13,6,18.4,standard,2026-07-30T22:23:13Z
238,13,7,18.4,standard,2026-07-30T22:23:13Z
238,13,8,18.4,standard,2026-07-30T22:23:13Z
238,13,9,18.4,standard,2026-07-30T22:23:13Z
238,14,10,18.4,standard,2026-07-30T22:23:13Z
238,14,11,18.4,standard,2026-07-30T22:23:13Z
238,14,12,18.4,standard,2026-07-30T22:23:13Z
238,14,13,18.4,standard,2026-07-30T22:23:13Z
238,14,14,18.4,standard,2026-07-30T22:23:13Z
238,14,15,18.4,standard,2026-07-30T22:23:13Z
238,14,16,18.4,standard,2026-07-30T22:23:13Z
238,14,17,18.4,standard,2026-07-30T22:23:13Z
238,14,18,18.4,standard,2026-07-30T22:23:13Z
238,14,2,18.4,standard,2026-07-30T22:23:13Z
238,14,3,18.4,standard,2026-07-30T22:23:13Z
238,14,4,18.4,standard,2026-07-30T22:23:13Z
238,14,5,18.4,standard,2026-07-30T22:23:13Z
238,14,6,18.4,standard,2026-07-30T22:23:13Z
238,14,7,18.4,standard,2026-07-30T22:23:13Z
238,14,8,18.4,standard,2026-07-30T22:23:13Z
238,14,9,18.4,standard,2026-07-30T22:23:13Z
238,15,10,18.4,standard,2026-07-30T22:23:13Z
238,15,2,18.4,standard,2026-07-30T22:23:13Z
238,15,3,18.4,standard,2026-07-30T22:23:13Z
238,15,4,18.4,standard,2026-07-30T22:23:13Z
238,15,5,18.4,standard,2026-07-30T22:23:13Z
238,15,6,18.4,standard,2026-07-30T22:23:13Z
238,15,7,18.4,standard,2026-07-30T22:23:13Z
238,15,8,18.4,standard,2026-07-30T22:23:13Z
238,15,9,18.4,standard,2026-07-30T22:23:13Z
238,16,10,18.4,standard,2026-07-30T22:23:13Z
238,16,11,18.4,standard,2026-07-30T22:23:13Z
238,16,12,18.4,standard,2026-07-30T22:23:13Z
238,16,13,18.4,standard,2026-07-30T22:23:13Z
238,16,14,18.4,standard,2026-07-30T22:23:13Z
238,16,15,18.4,standard,2026-07-30T22:23:13Z
238,16,16,18.4,standard,2026-07-30T22:23:13Z
238,16,9,18.4,standard,2026-07-30T22:23:13Z
238,5,4,18.4,standard,2026-07-30T22:23:13Z
238,5,5,18.4,standard,2026-07-30T22:23:13Z
238,5,6,18.4,standard,2026-07-30T22:23:13Z
238,5,7,18.4,standard,2026-07-30T22:23:13Z
238,5,8,18.4,standard,2026-07-30T22:23:13Z
238,5,9,18.4,standard,2026-07-30T22:23:13Z
238,5,10,18.4,standard,2026-07-30T22:23:13Z
238,5,3,18.4,standard,2026-07-30T22:23:13Z
238,6,4,18.4,standard,2026-07-30T22:23:13Z
238,6,5,18.4,standard,2026-07-30T22:23:13Z
238,6,6,18.4,standard,2026-07-30T22:23:13Z
238,6,7,18.4,standard,2026-07-30T22:23:13Z
238,6,8,18.4,standard,2026-07-30T22:23:13Z
238,6,9,18.4,standard,2026-07-30T22:23:13Z
238,6,10,18.4,standard,2026-07-30T22:23:13Z
238,6,11,18.4,standard,2026-07-30T22:23:13Z
238,6,12,18.4,standard,2026-07-30T22:23:13Z
238,6,13,18.4,standard,2026-07-30T22:23:13Z
238,6,14,18.4,standard,2026-07-30T22:23:13Z
238,6,15,18.4,standard,2026-07-30T22:23:13Z
238,6,16,18.4,standard,2026-07-30T22:23:13Z
238,6,17,18.4,standard,2026-07-30T22:23:13Z
238,6,18,18.4,standard,2026-07-30T22:23:13Z
238,6,2,18.4,standard,2026-07-30T22:23:13Z
238,6,3,18.4,standard,2026-07-30T22:23:13Z
238,7,4,18.4,standard,2026-07-30T22:23:13Z
238,7,5,18.4,standard,2026-07-30T22:23:13Z
238,7,6,18.4,standard,2026-07-30T22:23:13Z
238,7,7,18.4,standard,2026-07-30T22:23:13Z
238,7,8,18.4,standard,2026-07-30T22:23:13Z
238,7,9,18.4,standard,2026-07-30T22:23:13Z
238,7,10,18.4,standard,2026-07-30T22:23:13Z
238,7,11,18.4,standard,2026-07-30T22:23:13Z
238,7,12,18.4,standard,2026-07-30T22:23:13Z
238,7,13,18.4,standard,2026-07-30T22:23:13Z
238,7,14,18.4,standard,2026-07-30T22:23:13Z
238,7,15,18.4,standard,2026-07-30T22:23:13Z
238,7,16,18.4,standard,2026-07-30T22:23:13Z
238,7,3,18.4,standard,2026-07-30T22:23:13Z
238,8,5,18.4,standard,2026-07-30T22:23:13Z
238,8,6,18.4,standard,2026-07-30T22:23:13Z
238,8,7,18.4,standard,2026-07-30T22:23:13Z
238,8,8,18.4,standard,2026-07-30T22:23:13Z
238,8,9,18.4,standard,2026-07-30T22:23:13Z
238,8,10,18.4,standard,2026-07-30T22:23:13Z
238,8,11,18.4,standard,2026-07-30T22:23:13Z
238,8,12,18.4,standard,2026-07-30T22:23:13Z
238,8,13,18.4,standard,2026-07-30T22:23:13Z
238,8,14,18.4,standard,2026-07-30T22:23:13Z
238,8,15,18.4,standard,2026-07-30T22:23:13Z
238,8,16,18.4,standard,2026-07-30T22:23:13Z
238,9,4,18.4,standard,2026-07-30T22:23:13Z
238,9,5,18.4,standard,2026-07-30T22:23:13Z
238,9,6,18.4,standard,2026-07-30T22:23:13Z
238,9,7,18.4,standard,2026-07-30T22:23:13Z
238,9,8,18.4,standard,2026-07-30T22:23:13Z
238,9,17,18.4,standard,2026-07-30T22:23:13Z
238,9,18,18.4,standard,2026-07-30T22:23:13Z
238,9,3,18.4,standard,2026-07-30T22:23:13Z
239,10,13,18.4,standard,2026-07-30T22:23:13Z
239,10,14,18.4,standard,2026-07-30T22:23:13Z
239,11,11,18.4,standard,2026-07-30T22:23:13Z
239,11,12,18.4,standard,2026-07-30T22:23:13Z
239,11,13,18.4,standard,2026-07-30T22:23:13Z
239,9,13,18.4,standard,2026-07-30T22:23:13Z
239,9,14,18.4,standard,2026-07-30T22:23:13Z
240,10,17,18.4,standard,2026-07-30T22:23:13Z
240,10,18,18.4,standard,2026-07-30T22:23:13Z
240,10,19,18.4,standard,2026-07-30T22:23:13Z
240,10,20,18.4,standard,2026-07-30T22:23:13Z
240,10,5,18.4,standard,2026-07-30T22:23:13Z
240,10,6,18.4,standard,2026-07-30T22:23:13Z
240,10,7,18.4,standard,2026-07-30T22:23:13Z
240,10,8,18.4,standard,2026-07-30T22:23:13Z
240,11,10,18.4,standard,2026-07-30T22:23:13Z
240,11,11,18.4,standard,2026-07-30T22:23:13Z
240,11,12,18.4,standard,2026-07-30T22:23:13Z
240,11,13,18.4,standard,2026-07-30T22:23:13Z
240,11,14,18.4,standard,2026-07-30T22:23:13Z
240,11,15,18.4,standard,2026-07-30T22:23:13Z
240,11,16,18.4,standard,2026-07-30T22:23:13Z
240,11,17,18.4,standard,2026-07-30T22:23:13Z
240,11,18,18.4,standard,2026-07-30T22:23:13Z
240,11,19,18.4,standard,2026-07-30T22:23:13Z
240,11,20,18.4,standard,2026-07-30T22:23:13Z
240,11,4,18.4,standard,2026-07-30T22:23:13Z
240,11,5,18.4,standard,2026-07-30T22:23:13Z
240,11,6,18.4,standard,2026-07-30T22:23:13Z
240,11,7,18.4,standard,2026-07-30T22:23:13Z
240,11,8,18.4,standard,2026-07-30T22:23:13Z
240,11,9,18.4,standard,2026-07-30T22:23:13Z
240,12,10,18.4,standard,2026-07-30T22:23:13Z
240,12,11,18.4,standard,2026-07-30T22:23:13Z
240,12,12,18.4,standard,2026-07-30T22:23:13Z
240,12,13,18.4,standard,2026-07-30T22:23:13Z
240,12,14,18.4,standard,2026-07-30T22:23:13Z
240,12,15,18.4,standard,2026-07-30T22:23:13Z
240,12,16,18.4,standard,2026-07-30T22:23:13Z
240,12,2,18.4,standard,2026-07-30T22:23:13Z
240,12,3,18.4,standard,2026-07-30T22:23:13Z
240,12,4,18.4,standard,2026-07-30T22:23:13Z
240,12,5,18.4,standard,2026-07-30T22:23:13Z
240,12,6,18.4,standard,2026-07-30T22:23:13Z
240,12,7,18.4,standard,2026-07-30T22:23:13Z
240,12,8,18.4,standard,2026-07-30T22:23:13Z
240,12,9,18.4,standard,2026-07-30T22:23:13Z
240,13,10,18.4,standard,2026-07-30T22:23:13Z
240,13,11,18.4,standard,2026-07-30T22:23:13Z
240,13,12,18.4,standard,2026-07-30T22:23:13Z
240,13,13,18.4,standard,2026-07-30T22:23:13Z
240,13,14,18.4,standard,2026-07-30T22:23:13Z
240,13,15,18.4,standard,2026-07-30T22:23:13Z
240,13,16,18.4,standard,2026-07-30T22:23:13Z
240,13,17,18.4,standard,2026-07-30T22:23:13Z
240,13,18,18.4,standard,2026-07-30T22:23:13Z
240,13,19,18.4,standard,2026-07-30T22:23:13Z
240,13,20,18.4,standard,2026-07-30T22:23:13Z
240,13,21,18.4,standard,2026-07-30T22:23:13Z
240,13,3,18.4,standard,2026-07-30T22:23:13Z
240,13,4,18.4,standard,2026-07-30T22:23:13Z
240,13,5,18.4,standard,2026-07-30T22:23:13Z
240,13,6,18.4,standard,2026-07-30T22:23:13Z
240,13,7,18.4,standard,2026-07-30T22:23:13Z
240,13,8,18.4,standard,2026-07-30T22:23:13Z
240,13,9,18.4,standard,2026-07-30T22:23:13Z
240,14,10,18.4,standard,2026-07-30T22:23:13Z
240,14,11,18.4,standard,2026-07-30T22:23:13Z
240,14,12,18.4,standard,2026-07-30T22:23:13Z
240,14,13,18.4,standard,2026-07-30T22:23:13Z
240,14,14,18.4,standard,2026-07-30T22:23:13Z
240,14,15,18.4,standard,2026-07-30T22:23:13Z
240,14,16,18.4,standard,2026-07-30T22:23:13Z
240,14,17,18.4,standard,2026-07-30T22:23:13Z
240,14,18,18.4,standard,2026-07-30T22:23:13Z
240,14,19,18.4,standard,2026-07-30T22:23:13Z
240,14,20,18.4,standard,2026-07-30T22:23:13Z
240,14,21,18.4,standard,2026-07-30T22:23:13Z
240,14,3,18.4,standard,2026-07-30T22:23:13Z
240,14,4,18.4,standard,2026-07-30T22:23:13Z
240,14,5,18.4,standard,2026-07-30T22:23:13Z
240,14,6,18.4,standard,2026-07-30T22:23:13Z
240,14,7,18.4,standard,2026-07-30T22:23:13Z
240,14,8,18.4,standard,2026-07-30T22:23:13Z
240,14,9,18.4,standard,2026-07-30T22:23:13Z
240,3,10,18.4,standard,2026-07-30T22:23:13Z
240,3,11,18.4,standard,2026-07-30T22:23:13Z
240,3,12,18.4,standard,2026-07-30T22:23:13Z
240,4,6,18.4,standard,2026-07-30T22:23:13Z
240,4,7,18.4,standard,2026-07-30T22:23:13Z
240,4,8,18.4,standard,2026-07-30T22:23:13Z
240,4,13,18.4,standard,2026-07-30T22:23:13Z
240,4,14,18.4,standard,2026-07-30T22:23:13Z
240,4,15,18.4,standard,2026-07-30T22:23:13Z
240,5,7,18.4,standard,2026-07-30T22:23:13Z
240,5,8,18.4,standard,2026-07-30T22:23:13Z
240,6,13,18.4,standard,2026-07-30T22:23:13Z
240,6,14,18.4,standard,2026-07-30T22:23:13Z
240,7,12,18.4,standard,2026-07-30T22:23:13Z
240,7,13,18.4,standard,2026-07-30T22:23:13Z
240,7,14,18.4,standard,2026-07-30T22:23:13Z
240,7,15,18.4,standard,2026-07-30T22:23:13Z
240,7,16,18.4,standard,2026-07-30T22:23:13Z
240,7,17,18.4,standard,2026-07-30T22:23:13Z
240,7,18,18.4,standard,2026-07-30T22:23:13Z
240,8,4,18.4,standard,2026-07-30T22:23:13Z
240,8,5,18.4,standard,2026-07-30T22:23:13Z
240,8,6,18.4,standard,2026-07-30T22:23:13Z
240,8,7,18.4,standard,2026-07-30T22:23:13Z
240,8,8,18.4,standard,2026-07-30T22:23:13Z
240,8,9,18.4,standard,2026-07-30T22:23:13Z
240,8,1,18.4,standard,2026-07-30T22:23:13Z
240,8,10,18.4,standard,2026-07-30T22:23:13Z
240,8,11,18.4,standard,2026-07-30T22:23:13Z
240,8,12,18.4,standard,2026-07-30T22:23:13Z
240,8,13,18.4,standard,2026-07-30T22:23:13Z
240,8,14,18.4,standard,2026-07-30T22:23:13Z
240,8,15,18.4,standard,2026-07-30T22:23:13Z
240,8,16,18.4,standard,2026-07-30T22:23:13Z
240,8,17,18.4,standard,2026-07-30T22:23:13Z
240,8,18,18.4,standard,2026-07-30T22:23:13Z
240,8,19,18.4,standard,2026-07-30T22:23:13Z
240,8,2,18.4,standard,2026-07-30T22:23:13Z
240,8,3,18.4,standard,2026-07-30T22:23:13Z
240,9,4,18.4,standard,2026-07-30T22:23:13Z
240,9,5,18.4,standard,2026-07-30T22:23:13Z
240,9,6,18.4,standard,2026-07-30T22:23:13Z
240,9,7,18.4,standard,2026-07-30T22:23:13Z
240,9,8,18.4,standard,2026-07-30T22:23:13Z
240,9,9,18.4,standard,2026-07-30T22:23:13Z
240,9,1,18.4,standard,2026-07-30T22:23:13Z
240,9,10,18.4,standard,2026-07-30T22:23:13Z
240,9,11,18.4,standard,2026-07-30T22:23:13Z
240,9,12,18.4,standard,2026-07-30T22:23:13Z
240,9,13,18.4,standard,2026-07-30T22:23:13Z
240,9,14,18.4,standard,2026-07-30T22:23:13Z
240,9,15,18.4,standard,2026-07-30T22:23:13Z
240,9,16,18.4,standard,2026-07-30T22:23:13Z
240,9,17,18.4,standard,2026-07-30T22:23:13Z
240,9,18,18.4,standard,2026-07-30T22:23:13Z
240,9,19,18.4,standard,2026-07-30T22:23:13Z
240,9,2,18.4,standard,2026-07-30T22:23:13Z
240,9,3,18.4,standard,2026-07-30T22:23:13Z
241,10,10,18.4,standard,2026-07-30T22:23:13Z
241,10,11,18.4,standard,2026-07-30T22:23:13Z
241,10,12,18.4,standard,2026-07-30T22:23:13Z
241,10,13,18.4,standard,2026-07-30T22:23:13Z
241,10,14,18.4,standard,2026-07-30T22:23:13Z
241,10,15,18.4,standard,2026-07-30T22:23:13Z
241,10,2,18.4,standard,2026-07-30T22:23:13Z
241,10,3,18.4,standard,2026-07-30T22:23:13Z
241,10,8,18.4,standard,2026-07-30T22:23:13Z
241,10,9,18.4,standard,2026-07-30T22:23:13Z
241,11,10,18.4,standard,2026-07-30T22:23:13Z
241,11,11,18.4,standard,2026-07-30T22:23:13Z
241,11,12,18.4,standard,2026-07-30T22:23:13Z
241,11,13,18.4,standard,2026-07-30T22:23:13Z
241,11,14,18.4,standard,2026-07-30T22:23:13Z
241,11,15,18.4,standard,2026-07-30T22:23:13Z
241,11,2,18.4,standard,2026-07-30T22:23:13Z
241,11,3,18.4,standard,2026-07-30T22:23:13Z
241,11,4,18.4,standard,2026-07-30T22:23:13Z
241,11,5,18.4,standard,2026-07-30T22:23:13Z
241,11,6,18.4,standard,2026-07-30T22:23:13Z
241,11,7,18.4,standard,2026-07-30T22:23:13Z
241,11,8,18.4,standard,2026-07-30T22:23:13Z
241,11,9,18.4,standard,2026-07-30T22:23:13Z
241,12,10,18.4,standard,2026-07-30T22:23:13Z
241,12,11,18.4,standard,2026-07-30T22:23:13Z
241,12,12,18.4,standard,2026-07-30T22:23:13Z
241,12,13,18.4,standard,2026-07-30T22:23:13Z
241,12,14,18.4,standard,2026-07-30T22:23:13Z
241,12,15,18.4,standard,2026-07-30T22:23:13Z
241,12,2,18.4,standard,2026-07-30T22:23:13Z
241,12,3,18.4,standard,2026-07-30T22:23:13Z
241,12,4,18.4,standard,2026-07-30T22:23:13Z
241,12,5,18.4,standard,2026-07-30T22:23:13Z
241,12,6,18.4,standard,2026-07-30T22:23:13Z
241,12,7,18.4,standard,2026-07-30T22:23:13Z
241,12,8,18.4,standard,2026-07-30T22:23:13Z
241,12,9,18.4,standard,2026-07-30T22:23:13Z
241,13,10,18.4,standard,2026-07-30T22:23:13Z
241,13,11,18.4,standard,2026-07-30T22:23:13Z
241,13,12,18.4,standard,2026-07-30T22:23:13Z
241,13,13,18.4,standard,2026-07-30T22:23:13Z
241,13,14,18.4,standard,2026-07-30T22:23:13Z
241,13,15,18.4,standard,2026-07-30T22:23:13Z
241,13,16,18.4,standard,2026-07-30T22:23:13Z
241,13,2,18.4,standard,2026-07-30T22:23:13Z
241,13,3,18.4,standard,2026-07-30T22:23:13Z
241,13,4,18.4,standard,2026-07-30T22:23:13Z
241,13,5,18.4,standard,2026-07-30T22:23:13Z
241,13,6,18.4,standard,2026-07-30T22:23:13Z
241,13,7,18.4,standard,2026-07-30T22:23:13Z
241,13,8,18.4,standard,2026-07-30T22:23:13Z
241,13,9,18.4,standard,2026-07-30T22:23:13Z
241,14,10,18.4,standard,2026-07-30T22:23:13Z
241,14,11,18.4,standard,2026-07-30T22:23:13Z
241,14,12,18.4,standard,2026-07-30T22:23:13Z
241,14,9,18.4,standard,2026-07-30T22:23:13Z
241,15,10,18.4,standard,2026-07-30T22:23:13Z
241,15,11,18.4,standard,2026-07-30T22:23:13Z
241,15,12,18.4,standard,2026-07-30T22:23:13Z
241,15,13,18.4,standard,2026-07-30T22:23:13Z
241,15,14,18.4,standard,2026-07-30T22:23:13Z
241,15,15,18.4,standard,2026-07-30T22:23:13Z
241,15,16,18.4,standard,2026-07-30T22:23:13Z
241,15,9,18.4,standard,2026-07-30T22:23:13Z
241,16,4,18.4,standard,2026-07-30T22:23:13Z
241,16,5,18.4,standard,2026-07-30T22:23:13Z
241,16,6,18.4,standard,2026-07-30T22:23:13Z
241,16,7,18.4,standard,2026-07-30T22:23:13Z
241,16,8,18.4,standard,2026-07-30T22:23:13Z
241,2,10,18.4,standard,2026-07-30T22:23:13Z
241,2,11,18.4,standard,2026-07-30T22:23:13Z
241,3,9,18.4,standard,2026-07-30T22:23:13Z
241,3,10,18.4,standard,2026-07-30T22:23:13Z
241,3,11,18.4,standard,2026-07-30T22:23:13Z
241,3,12,18.4,standard,2026-07-30T22:23:13Z
241,4,4,18.4,standard,2026-07-30T22:23:13Z
241,4,5,18.4,standard,2026-07-30T22:23:13Z
241,4,6,18.4,standard,2026-07-30T22:23:13Z
241,4,7,18.4,standard,2026-07-30T22:23:13Z
241,4,8,18.4,standard,2026-07-30T22:23:13Z
241,4,9,18.4,standard,2026-07-30T22:23:13Z
241,4,10,18.4,standard,2026-07-30T22:23:13Z
241,4,11,18.4,standard,2026-07-30T22:23:13Z
241,4,12,18.4,standard,2026-07-30T22:23:13Z
241,4,3,18.4,standard,2026-07-30T22:23:13Z
241,5,4,18.4,standard,2026-07-30T22:23:13Z
241,5,5,18.4,standard,2026-07-30T22:23:13Z
241,5,6,18.4,standard,2026-07-30T22:23:13Z
241,5,7,18.4,standard,2026-07-30T22:23:13Z
241,5,8,18.4,standard,2026-07-30T22:23:13Z
241,5,9,18.4,standard,2026-07-30T22:23:13Z
241,5,1,18.4,standard,2026-07-30T22:23:13Z
241,5,10,18.4,standard,2026-07-30T22:23:13Z
241,5,11,18.4,standard,2026-07-30T22:23:13Z
241,5,12,18.4,standard,2026-07-30T22:23:13Z
241,5,2,18.4,standard,2026-07-30T22:23:13Z
241,5,3,18.4,standard,2026-07-30T22:23:13Z
241,6,5,18.4,standard,2026-07-30T22:23:13Z
241,6,6,18.4,standard,2026-07-30T22:23:13Z
241,6,7,18.4,standard,2026-07-30T22:23:13Z
241,6,8,18.4,standard,2026-07-30T22:23:13Z
241,6,9,18.4,standard,2026-07-30T22:23:13Z
241,8,4,18.4,standard,2026-07-30T22:23:13Z
241,8,5,18.4,standard,2026-07-30T22:23:13Z
241,8,6,18.4,standard,2026-07-30T22:23:13Z
241,8,7,18.4,standard,2026-07-30T22:23:13Z
241,8,8,18.4,standard,2026-07-30T22:23:13Z
241,8,9,18.4,standard,2026-07-30T22:23:13Z
241,8,1,18.4,standard,2026-07-30T22:23:13Z
241,8,10,18.4,standard,2026-07-30T22:23:13Z
241,8,11,18.4,standard,2026-07-30T22:23:13Z
241,8,12,18.4,standard,2026-07-30T22:23:13Z
241,8,13,18.4,standard,2026-07-30T22:23:13Z
241,8,14,18.4,standard,2026-07-30T22:23:13Z
241,8,2,18.4,standard,2026-07-30T22:23:13Z
241,8,3,18.4,standard,2026-07-30T22:23:13Z
241,9,4,18.4,standard,2026-07-30T22:23:13Z
241,9,5,18.4,standard,2026-07-30T22:23:13Z
241,9,6,18.4,standard,2026-07-30T22:23:13Z
241,9,7,18.4,standard,2026-07-30T22:23:13Z
241,9,8,18.4,standard,2026-07-30T22:23:13Z
241,9,9,18.4,standard,2026-07-30T22:23:13Z
241,9,1,18.4,standard,2026-07-30T22:23:13Z
241,9,10,18.4,standard,2026-07-30T22:23:13Z
241,9,11,18.4,standard,2026-07-30T22:23:13Z
241,9,12,18.4,standard,2026-07-30T22:23:13Z
241,9,13,18.4,standard,2026-07-30T22:23:13Z
241,9,14,18.4,standard,2026-07-30T22:23:13Z
241,9,2,18.4,standard,2026-07-30T22:23:13Z
241,9,3,18.4,standard,2026-07-30T22:23:13Z
242,3,1,18.4,standard,2026-07-30T22:23:13Z
242,3,2,18.4,standard,2026-07-30T22:23:13Z
242,3,21,18.4,standard,2026-07-30T22:23:13Z
242,3,22,18.4,standard,2026-07-30T22:23:13Z
243,15,10,18.4,standard,2026-07-30T22:23:13Z
243,15,11,18.4,standard,2026-07-30T22:23:13Z
243,15,12,18.4,standard,2026-07-30T22:23:13Z
243,15,13,18.4,standard,2026-07-30T22:23:13Z
243,15,14,18.4,standard,2026-07-30T22:23:13Z
243,15,15,18.4,standard,2026-07-30T22:23:13Z
243,15,16,18.4,standard,2026-07-30T22:23:13Z
243,15,9,18.4,standard,2026-07-30T22:23:13Z
312,10,8,18.4,standard,2026-07-30T22:23:13Z
313,5,10,18.4,standard,2026-07-30T22:23:13Z
313,6,19,18.4,standard,2026-07-30T22:23:13Z
313,6,20,18.4,standard,2026-07-30T22:23:13Z
313,7,9,18.4,standard,2026-07-30T22:23:13Z
315,10,5,18.4,standard,2026-07-30T22:23:13Z
315,10,6,18.4,standard,2026-07-30T22:23:13Z
315,10,7,18.4,standard,2026-07-30T22:23:13Z
315,10,8,18.4,standard,2026-07-30T22:23:13Z
316,10,16,18.4,standard,2026-07-30T22:23:13Z
316,10,17,18.4,standard,2026-07-30T22:23:13Z
316,10,3,18.4,standard,2026-07-30T22:23:13Z
316,10,4,18.4,standard,2026-07-30T22:23:13Z
316,5,10,18.4,standard,2026-07-30T22:23:13Z
316,5,11,18.4,standard,2026-07-30T22:23:13Z
316,5,12,18.4,standard,2026-07-30T22:23:13Z
316,5,13,18.4,standard,2026-07-30T22:23:13Z
316,5,14,18.4,standard,2026-07-30T22:23:13Z
316,5,15,18.4,standard,2026-07-30T22:23:13Z
316,9,5,18.4,standard,2026-07-30T22:23:13Z
316,9,6,18.4,standard,2026-07-30T22:23:13Z
316,9,13,18.4,standard,2026-07-30T22:23:13Z
316,9,14,18.4,standard,2026-07-30T22:23:13Z
318,9,12,18.4,standard,2026-07-30T22:23:13Z
318,9,13,18.4,standard,2026-07-30T22:23:13Z
32,11,4,18.4,standard,2026-07-30T22:23:13Z
32,11,3,18.4,standard,2026-07-30T22:23:13Z
322,13,14,18.4,standard,2026-07-30T22:23:13Z
322,13,15,18.4,standard,2026-07-30T22:23:13Z
323,WC,5,18.4,standard,2026-07-30T22:23:13Z
328,7,21,18.4,standard,2026-07-30T22:23:13Z
328,7,22,18.4,standard,2026-07-30T22:23:13Z
33,10,6,18.4,standard,2026-07-30T22:23:13Z
33,10,7,18.4,standard,2026-07-30T22:23:13Z
33,10,8,18.4,standard,2026-07-30T22:23:13Z
33,13,7,18.4,standard,2026-07-30T22:23:13Z
33,13,8,18.4,standard,2026-07-30T22:23:13Z
330,12,10,18.4,standard,2026-07-30T22:23:13Z
330,12,11,18.4,standard,2026-07-30T22:23:13Z
330,12,12,18.4,standard,2026-07-30T22:23:13Z
330,12,13,18.4,standard,2026-07-30T22:23:13Z
330,12,14,18.4,standard,2026-07-30T22:23:13Z
330,12,9,18.4,standard,2026-07-30T22:23:13Z
330,9,13,18.4,standard,2026-07-30T22:23:13Z
330,9,14,18.4,standard,2026-07-30T22:23:13Z
330,9,17,18.4,standard,2026-07-30T22:23:13Z
330,9,18,18.4,standard,2026-07-30T22:23:13Z
331,11,10,18.4,standard,2026-07-30T22:23:13Z
331,11,11,18.4,standard,2026-07-30T22:23:13Z
331,11,12,18.4,standard,2026-07-30T22:23:13Z
331,11,9,18.4,standard,2026-07-30T22:23:13Z
331,7,19,18.4,standard,2026-07-30T22:23:13Z
331,7,20,18.4,standard,2026-07-30T22:23:13Z
337,11,15,18.4,standard,2026-07-30T22:23:13Z
337,12,10,18.4,standard,2026-07-30T22:23:13Z
337,12,21,18.4,standard,2026-07-30T22:23:13Z
337,12,22,18.4,standard,2026-07-30T22:23:13Z
337,12,9,18.4,standard,2026-07-30T22:23:13Z
337,13,10,18.4,standard,2026-07-30T22:23:13Z
337,13,8,18.4,standard,2026-07-30T22:23:13Z
337,13,9,18.4,standard,2026-07-30T22:23:13Z
337,6,13,18.4,standard,2026-07-30T22:23:13Z
337,6,14,18.4,standard,2026-07-30T22:23:13Z
337,6,19,18.4,standard,2026-07-30T22:23:13Z
337,6,20,18.4,standard,2026-07-30T22:23:13Z
337,7,1,18.4,standard,2026-07-30T22:23:13Z
337,7,11,18.4,standard,2026-07-30T22:23:13Z
337,7,12,18.4,standard,2026-07-30T22:23:13Z
337,7,15,18.4,standard,2026-07-30T22:23:13Z
337,7,16,18.4,standard,2026-07-30T22:23:13Z
337,7,17,18.4,standard,2026-07-30T22:23:13Z
337,7,18,18.4,standard,2026-07-30T22:23:13Z
337,7,19,18.4,standard,2026-07-30T22:23:13Z
337,7,2,18.4,standard,2026-07-30T22:23:13Z
337,7,22,18.4,standard,2026-07-30T22:23:13Z
337,7,23,18.4,standard,2026-07-30T22:23:13Z
339,4,17,18.4,standard,2026-07-30T22:23:13Z
339,4,18,18.4,standard,2026-07-30T22:23:13Z
339,5,14,18.4,standard,2026-07-30T22:23:13Z
339,5,15,18.4,standard,2026-07-30T22:23:13Z
339,5,16,18.4,standard,2026-07-30T22:23:13Z
339,6,15,18.4,standard,2026-07-30T22:23:13Z
339,6,16,18.4,standard,2026-07-30T22:23:13Z
339,6,17,18.4,standard,2026-07-30T22:23:13Z
339,6,18,18.4,standard,2026-07-30T22:23:13Z
339,7,5,18.4,standard,2026-07-30T22:23:13Z
339,7,6,18.4,standard,2026-07-30T22:23:13Z
339,7,7,18.4,standard,2026-07-30T22:23:13Z
339,7,8,18.4,standard,2026-07-30T22:23:13Z
339,7,9,18.4,standard,2026-07-30T22:23:13Z
339,7,10,18.4,standard,2026-07-30T22:23:13Z
339,7,11,18.4,standard,2026-07-30T22:23:13Z
339,7,12,18.4,standard,2026-07-30T22:23:13Z
339,7,13,18.4,standard,2026-07-30T22:23:13Z
339,7,14,18.4,standard,2026-07-30T22:23:13Z
339,7,15,18.4,standard,2026-07-30T22:23:13Z
339,7,16,18.4,standard,2026-07-30T22:23:13Z
339,7,17,18.4,standard,2026-07-30T22:23:13Z
339,7,18,18.4,standard,2026-07-30T22:23:13Z
339,7,23,18.4,standard,2026-07-30T22:23:13Z
339,7,24,18.4,standard,2026-07-30T22:23:13Z
339,8,10,18.4,standard,2026-07-30T22:23:13Z
339,8,11,18.4,standard,2026-07-30T22:23:13Z
339,8,12,18.4,standard,2026-07-30T22:23:13Z
339,8,13,18.4,standard,2026-07-30T22:23:13Z
339,8,14,18.4,standard,2026-07-30T22:23:13Z
339,8,15,18.4,standard,2026-07-30T22:23:13Z
339,8,16,18.4,standard,2026-07-30T22:23:13Z
339,8,17,18.4,standard,2026-07-30T22:23:13Z
339,8,18,18.4,standard,2026-07-30T22:23:13Z
339,8,19,18.4,standard,2026-07-30T22:23:13Z
339,8,20,18.4,standard,2026-07-30T22:23:13Z
339,8,23,18.4,standard,2026-07-30T22:23:13Z
339,8,24,18.4,standard,2026-07-30T22:23:13Z
339,8,25,18.4,standard,2026-07-30T22:23:13Z
339,9,10,18.4,standard,2026-07-30T22:23:13Z
339,9,11,18.4,standard,2026-07-30T22:23:13Z
339,9,12,18.4,standard,2026-07-30T22:23:13Z
339,9,13,18.4,standard,2026-07-30T22:23:13Z
339,9,14,18.4,standard,2026-07-30T22:23:13Z
339,9,15,18.4,standard,2026-07-30T22:23:13Z
339,9,16,18.4,standard,2026-07-30T22:23:13Z
340,12,13,18.4,standard,2026-07-30T22:23:13Z
340,12,14,18.4,standard,2026-07-30T22:23:13Z
340,12,15,18.4,standard,2026-07-30T22:23:13Z
341,3,14,18.4,standard,2026-07-30T22:23:13Z
341,3,15,18.4,standard,2026-07-30T22:23:13Z
341,3,16,18.4,standard,2026-07-30T22:23:13Z
341,3,17,18.4,standard,2026-07-30T22:23:13Z
341,5,14,18.4,standard,2026-07-30T22:23:13Z
341,5,15,18.4,standard,2026-07-30T22:23:13Z
342,10,14,18.4,standard,2026-07-30T22:23:13Z
342,10,15,18.4,standard,2026-07-30T22:23:13Z
342,10,5,18.4,standard,2026-07-30T22:23:13Z
342,10,6,18.4,standard,2026-07-30T22:23:13Z
342,10,7,18.4,standard,2026-07-30T22:23:13Z
342,10,8,18.4,standard,2026-07-30T22:23:13Z
342,10,9,18.4,standard,2026-07-30T22:23:13Z
342,11,10,18.4,standard,2026-07-30T22:23:13Z
342,11,11,18.4,standard,2026-07-30T22:23:13Z
342,11,12,18.4,standard,2026-07-30T22:23:13Z
342,11,6,18.4,standard,2026-07-30T22:23:13Z
342,11,7,18.4,standard,2026-07-30T22:23:13Z
342,11,8,18.4,standard,2026-07-30T22:23:13Z
342,11,9,18.4,standard,2026-07-30T22:23:13Z
342,12,13,18.4,standard,2026-07-30T22:23:13Z
342,12,14,18.4,standard,2026-07-30T22:23:13Z
342,5,10,18.4,standard,2026-07-30T22:23:13Z
342,5,11,18.4,standard,2026-07-30T22:23:13Z
342,8,11,18.4,standard,2026-07-30T22:23:13Z
342,8,12,18.4,standard,2026-07-30T22:23:13Z
342,9,4,18.4,standard,2026-07-30T22:23:13Z
342,9,5,18.4,standard,2026-07-30T22:23:13Z
342,9,6,18.4,standard,2026-07-30T22:23:13Z
342,9,7,18.4,standard,2026-07-30T22:23:13Z
342,9,8,18.4,standard,2026-07-30T22:23:13Z
342,9,9,18.4,standard,2026-07-30T22:23:13Z
342,9,10,18.4,standard,2026-07-30T22:23:13Z
343,10,10,18.4,standard,2026-07-30T22:23:13Z
343,10,11,18.4,standard,2026-07-30T22:23:13Z
343,10,12,18.4,standard,2026-07-30T22:23:13Z
343,10,13,18.4,standard,2026-07-30T22:23:13Z
343,10,14,18.4,standard,2026-07-30T22:23:13Z
343,10,15,18.4,standard,2026-07-30T22:23:13Z
343,10,16,18.4,standard,2026-07-30T22:23:13Z
343,10,4,18.4,standard,2026-07-30T22:23:13Z
343,10,5,18.4,standard,2026-07-30T22:23:13Z
343,10,6,18.4,standard,2026-07-30T22:23:13Z
343,10,7,18.4,standard,2026-07-30T22:23:13Z
343,10,8,18.4,standard,2026-07-30T22:23:13Z
343,10,9,18.4,standard,2026-07-30T22:23:13Z
343,11,10,18.4,standard,2026-07-30T22:23:13Z
343,11,11,18.4,standard,2026-07-30T22:23:13Z
343,11,12,18.4,standard,2026-07-30T22:23:13Z
343,11,13,18.4,standard,2026-07-30T22:23:13Z
343,11,14,18.4,standard,2026-07-30T22:23:13Z
343,11,15,18.4,standard,2026-07-30T22:23:13Z
343,11,16,18.4,standard,2026-07-30T22:23:13Z
343,11,17,18.4,standard,2026-07-30T22:23:13Z
343,11,18,18.4,standard,2026-07-30T22:23:13Z
343,11,19,18.4,standard,2026-07-30T22:23:13Z
343,11,20,18.4,standard,2026-07-30T22:23:13Z
343,11,21,18.4,standard,2026-07-30T22:23:13Z
343,11,22,18.4,standard,2026-07-30T22:23:13Z
343,11,23,18.4,standard,2026-07-30T22:23:13Z
343,11,24,18.4,standard,2026-07-30T22:23:13Z
343,11,4,18.4,standard,2026-07-30T22:23:13Z
343,11,5,18.4,standard,2026-07-30T22:23:13Z
343,11,6,18.4,standard,2026-07-30T22:23:13Z
343,11,7,18.4,standard,2026-07-30T22:23:13Z
343,11,8,18.4,standard,2026-07-30T22:23:13Z
343,11,9,18.4,standard,2026-07-30T22:23:13Z
343,12,10,18.4,standard,2026-07-30T22:23:13Z
343,12,11,18.4,standard,2026-07-30T22:23:13Z
343,12,12,18.4,standard,2026-07-30T22:23:13Z
343,12,13,18.4,standard,2026-07-30T22:23:13Z
343,12,14,18.4,standard,2026-07-30T22:23:13Z
343,12,15,18.4,standard,2026-07-30T22:23:13Z
343,12,16,18.4,standard,2026-07-30T22:23:13Z
343,12,17,18.4,standard,2026-07-30T22:23:13Z
343,12,18,18.4,standard,2026-07-30T22:23:13Z
343,12,5,18.4,standard,2026-07-30T22:23:13Z
343,12,6,18.4,standard,2026-07-30T22:23:13Z
343,12,7,18.4,standard,2026-07-30T22:23:13Z
343,12,8,18.4,standard,2026-07-30T22:23:13Z
343,12,9,18.4,standard,2026-07-30T22:23:13Z
343,2,7,18.4,standard,2026-07-30T22:23:13Z
343,2,8,18.4,standard,2026-07-30T22:23:13Z
343,2,9,18.4,standard,2026-07-30T22:23:13Z
343,2,1,18.4,standard,2026-07-30T22:23:13Z
343,2,10,18.4,standard,2026-07-30T22:23:13Z
343,2,11,18.4,standard,2026-07-30T22:23:13Z
343,2,20,18.4,standard,2026-07-30T22:23:13Z
343,2,21,18.4,standard,2026-07-30T22:23:13Z
343,2,22,18.4,standard,2026-07-30T22:23:13Z
343,2,23,18.4,standard,2026-07-30T22:23:13Z
343,4,4,18.4,standard,2026-07-30T22:23:13Z
343,4,5,18.4,standard,2026-07-30T22:23:13Z
343,4,6,18.4,standard,2026-07-30T22:23:13Z
343,4,7,18.4,standard,2026-07-30T22:23:13Z
343,4,8,18.4,standard,2026-07-30T22:23:13Z
343,4,19,18.4,standard,2026-07-30T22:23:13Z
343,4,20,18.4,standard,2026-07-30T22:23:13Z
343,4,21,18.4,standard,2026-07-30T22:23:13Z
343,4,22,18.4,standard,2026-07-30T22:23:13Z
343,5,11,18.4,standard,2026-07-30T22:23:13Z
343,5,12,18.4,standard,2026-07-30T22:23:13Z
343,5,13,18.4,standard,2026-07-30T22:23:13Z
343,5,14,18.4,standard,2026-07-30T22:23:13Z
343,6,1,18.4,standard,2026-07-30T22:23:13Z
343,6,19,18.4,standard,2026-07-30T22:23:13Z
343,6,2,18.4,standard,2026-07-30T22:23:13Z
343,6,20,18.4,standard,2026-07-30T22:23:13Z
343,6,21,18.4,standard,2026-07-30T22:23:13Z
343,6,22,18.4,standard,2026-07-30T22:23:13Z
343,6,23,18.4,standard,2026-07-30T22:23:13Z
343,7,4,18.4,standard,2026-07-30T22:23:13Z
343,7,5,18.4,standard,2026-07-30T22:23:13Z
343,7,6,18.4,standard,2026-07-30T22:23:13Z
343,7,1,18.4,standard,2026-07-30T22:23:13Z
343,7,15,18.4,standard,2026-07-30T22:23:13Z
343,7,16,18.4,standard,2026-07-30T22:23:13Z
343,7,17,18.4,standard,2026-07-30T22:23:13Z
343,7,18,18.4,standard,2026-07-30T22:23:13Z
343,7,19,18.4,standard,2026-07-30T22:23:13Z
343,7,2,18.4,standard,2026-07-30T22:23:13Z
343,7,20,18.4,standard,2026-07-30T22:23:13Z
343,7,21,18.4,standard,2026-07-30T22:23:13Z
343,7,22,18.4,standard,2026-07-30T22:23:13Z
343,7,23,18.4,standard,2026-07-30T22:23:13Z
343,7,24,18.4,standard,2026-07-30T22:23:13Z
343,7,3,18.4,standard,2026-07-30T22:23:13Z
343,8,5,18.4,standard,2026-07-30T22:23:13Z
343,8,6,18.4,standard,2026-07-30T22:23:13Z
343,8,7,18.4,standard,2026-07-30T22:23:13Z
343,8,8,18.4,standard,2026-07-30T22:23:13Z
343,8,9,18.4,standard,2026-07-30T22:23:13Z
343,8,10,18.4,standard,2026-07-30T22:23:13Z
343,8,11,18.4,standard,2026-07-30T22:23:13Z
343,8,12,18.4,standard,2026-07-30T22:23:13Z
343,8,21,18.4,standard,2026-07-30T22:23:13Z
343,8,22,18.4,standard,2026-07-30T22:23:13Z
343,8,23,18.4,standard,2026-07-30T22:23:13Z
343,8,24,18.4,standard,2026-07-30T22:23:13Z
343,9,1,18.4,standard,2026-07-30T22:23:13Z
343,9,2,18.4,standard,2026-07-30T22:23:13Z
344,10,10,18.4,standard,2026-07-30T22:23:13Z
344,10,11,18.4,standard,2026-07-30T22:23:13Z
344,10,12,18.4,standard,2026-07-30T22:23:13Z
344,10,9,18.4,standard,2026-07-30T22:23:13Z
344,2,4,18.4,standard,2026-07-30T22:23:13Z
344,2,6,18.4,standard,2026-07-30T22:23:13Z
344,2,7,18.4,standard,2026-07-30T22:23:13Z
344,2,8,18.4,standard,2026-07-30T22:23:13Z
344,2,17,18.4,standard,2026-07-30T22:23:13Z
344,2,18,18.4,standard,2026-07-30T22:23:13Z
344,2,19,18.4,standard,2026-07-30T22:23:13Z
344,2,20,18.4,standard,2026-07-30T22:23:13Z
344,2,21,18.4,standard,2026-07-30T22:23:13Z
344,2,3,18.4,standard,2026-07-30T22:23:13Z
344,3,4,18.4,standard,2026-07-30T22:23:13Z
344,3,5,18.4,standard,2026-07-30T22:23:13Z
344,3,8,18.4,standard,2026-07-30T22:23:13Z
344,3,9,18.4,standard,2026-07-30T22:23:13Z
344,3,3,18.4,standard,2026-07-30T22:23:13Z
344,4,4,18.4,standard,2026-07-30T22:23:13Z
344,4,5,18.4,standard,2026-07-30T22:23:13Z
344,4,1,18.4,standard,2026-07-30T22:23:13Z
344,4,10,18.4,standard,2026-07-30T22:23:13Z
344,4,11,18.4,standard,2026-07-30T22:23:13Z
344,4,12,18.4,standard,2026-07-30T22:23:13Z
344,4,13,18.4,standard,2026-07-30T22:23:13Z
344,4,14,18.4,standard,2026-07-30T22:23:13Z
344,4,15,18.4,standard,2026-07-30T22:23:13Z
344,4,2,18.4,standard,2026-07-30T22:23:13Z
344,4,20,18.4,standard,2026-07-30T22:23:13Z
344,4,21,18.4,standard,2026-07-30T22:23:13Z
344,4,22,18.4,standard,2026-07-30T22:23:13Z
344,4,3,18.4,standard,2026-07-30T22:23:13Z
344,5,5,18.4,standard,2026-07-30T22:23:13Z
344,5,6,18.4,standard,2026-07-30T22:23:13Z
344,5,7,18.4,standard,2026-07-30T22:23:13Z
344,5,8,18.4,standard,2026-07-30T22:23:13Z
344,5,9,18.4,standard,2026-07-30T22:23:13Z
344,5,1,18.4,standard,2026-07-30T22:23:13Z
344,5,10,18.4,standard,2026-07-30T22:23:13Z
344,5,11,18.4,standard,2026-07-30T22:23:13Z
344,5,12,18.4,standard,2026-07-30T22:23:13Z
344,5,13,18.4,standard,2026-07-30T22:23:13Z
344,5,14,18.4,standard,2026-07-30T22:23:13Z
344,5,15,18.4,standard,2026-07-30T22:23:13Z
344,5,16,18.4,standard,2026-07-30T22:23:13Z
344,5,17,18.4,standard,2026-07-30T22:23:13Z
344,5,18,18.4,standard,2026-07-30T22:23:13Z
344,5,19,18.4,standard,2026-07-30T22:23:13Z
344,5,2,18.4,standard,2026-07-30T22:23:13Z
344,5,20,18.4,standard,2026-07-30T22:23:13Z
344,5,21,18.4,standard,2026-07-30T22:23:13Z
344,5,22,18.4,standard,2026-07-30T22:23:13Z
344,5,23,18.4,standard,2026-07-30T22:23:13Z
344,5,24,18.4,standard,2026-07-30T22:23:13Z
344,6,4,18.4,standard,2026-07-30T22:23:13Z
344,6,5,18.4,standard,2026-07-30T22:23:13Z
344,6,6,18.4,standard,2026-07-30T22:23:13Z
344,6,7,18.4,standard,2026-07-30T22:23:13Z
344,6,8,18.4,standard,2026-07-30T22:23:13Z
344,6,9,18.4,standard,2026-07-30T22:23:13Z
344,6,10,18.4,standard,2026-07-30T22:23:13Z
344,6,11,18.4,standard,2026-07-30T22:23:13Z
344,6,12,18.4,standard,2026-07-30T22:23:13Z
344,6,13,18.4,standard,2026-07-30T22:23:13Z
344,6,14,18.4,standard,2026-07-30T22:23:13Z
344,6,15,18.4,standard,2026-07-30T22:23:13Z
344,6,16,18.4,standard,2026-07-30T22:23:13Z
344,6,17,18.4,standard,2026-07-30T22:23:13Z
344,6,18,18.4,standard,2026-07-30T22:23:13Z
344,6,19,18.4,standard,2026-07-30T22:23:13Z
344,6,2,18.4,standard,2026-07-30T22:23:13Z
344,6,20,18.4,standard,2026-07-30T22:23:13Z
344,6,21,18.4,standard,2026-07-30T22:23:13Z
344,6,22,18.4,standard,2026-07-30T22:23:13Z
344,6,23,18.4,standard,2026-07-30T22:23:13Z
344,6,24,18.4,standard,2026-07-30T22:23:13Z
344,6,25,18.4,standard,2026-07-30T22:23:13Z
344,6,3,18.4,standard,2026-07-30T22:23:13Z
344,7,4,18.4,standard,2026-07-30T22:23:13Z
344,7,5,18.4,standard,2026-07-30T22:23:13Z
344,7,6,18.4,standard,2026-07-30T22:23:13Z
344,7,7,18.4,standard,2026-07-30T22:23:13Z
344,7,8,18.4,standard,2026-07-30T22:23:13Z
344,7,9,18.4,standard,2026-07-30T22:23:13Z
344,7,10,18.4,standard,2026-07-30T22:23:13Z
344,7,24,18.4,standard,2026-07-30T22:23:13Z
344,7,25,18.4,standard,2026-07-30T22:23:13Z
344,7,26,18.4,standard,2026-07-30T22:23:13Z
344,7,3,18.4,standard,2026-07-30T22:23:13Z
344,8,4,18.4,standard,2026-07-30T22:23:13Z
344,8,5,18.4,standard,2026-07-30T22:23:13Z
344,8,6,18.4,standard,2026-07-30T22:23:13Z
344,8,7,18.4,standard,2026-07-30T22:23:13Z
344,8,8,18.4,standard,2026-07-30T22:23:13Z
344,8,9,18.4,standard,2026-07-30T22:23:13Z
344,8,1,18.4,standard,2026-07-30T22:23:13Z
344,8,10,18.4,standard,2026-07-30T22:23:13Z
344,8,11,18.4,standard,2026-07-30T22:23:13Z
344,8,12,18.4,standard,2026-07-30T22:23:13Z
344,8,13,18.4,standard,2026-07-30T22:23:13Z
344,8,14,18.4,standard,2026-07-30T22:23:13Z
344,8,15,18.4,standard,2026-07-30T22:23:13Z
344,8,16,18.4,standard,2026-07-30T22:23:13Z
344,8,17,18.4,standard,2026-07-30T22:23:13Z
344,8,18,18.4,standard,2026-07-30T22:23:13Z
344,8,19,18.4,standard,2026-07-30T22:23:13Z
344,8,2,18.4,standard,2026-07-30T22:23:13Z
344,8,20,18.4,standard,2026-07-30T22:23:13Z
344,8,21,18.4,standard,2026-07-30T22:23:13Z
344,8,22,18.4,standard,2026-07-30T22:23:13Z
344,8,23,18.4,standard,2026-07-30T22:23:13Z
344,8,24,18.4,standard,2026-07-30T22:23:13Z
344,8,25,18.4,standard,2026-07-30T22:23:13Z
344,8,26,18.4,standard,2026-07-30T22:23:13Z
344,8,27,18.4,standard,2026-07-30T22:23:13Z
344,8,28,18.4,standard,2026-07-30T22:23:13Z
344,8,3,18.4,standard,2026-07-30T22:23:13Z
344,9,9,18.4,standard,2026-07-30T22:23:13Z
344,9,10,18.4,standard,2026-07-30T22:23:13Z
344,9,11,18.4,standard,2026-07-30T22:23:13Z
344,9,12,18.4,standard,2026-07-30T22:23:13Z
344,9,13,18.4,standard,2026-07-30T22:23:13Z
344,9,14,18.4,standard,2026-07-30T22:23:13Z
344,9,15,18.4,standard,2026-07-30T22:23:13Z
344,9,16,18.4,standard,2026-07-30T22:23:13Z
344,9,17,18.4,standard,2026-07-30T22:23:13Z
344,9,18,18.4,standard,2026-07-30T22:23:13Z
344,9,19,18.4,standard,2026-07-30T22:23:13Z
344,9,20,18.4,standard,2026-07-30T22:23:13Z
344,9,21,18.4,standard,2026-07-30T22:23:13Z
344,9,22,18.4,standard,2026-07-30T22:23:13Z
344,9,23,18.4,standard,2026-07-30T22:23:13Z
344,9,24,18.4,standard,2026-07-30T22:23:13Z
344,9,25,18.4,standard,2026-07-30T22:23:13Z
344,9,26,18.4,standard,2026-07-30T22:23:13Z
344,9,27,18.4,standard,2026-07-30T22:23:13Z
345,10,13,39.58,standard,2026-07-30T22:23:13Z
345,10,14,39.58,standard,2026-07-30T22:23:13Z
345,10,15,39.58,standard,2026-07-30T22:23:13Z
345,10,16,39.58,standard,2026-07-30T22:23:13Z
345,10,17,39.58,standard,2026-07-30T22:23:13Z
345,10,18,39.58,standard,2026-07-30T22:23:13Z
345,10,19,39.58,standard,2026-07-30T22:23:13Z
345,10,20,39.58,standard,2026-07-30T22:23:13Z
345,10,21,39.58,standard,2026-07-30T22:23:13Z
345,10,22,39.58,standard,2026-07-30T22:23:13Z
345,10,23,39.58,standard,2026-07-30T22:23:13Z
345,10,24,39.58,standard,2026-07-30T22:23:13Z
345,11,13,39.58,standard,2026-07-30T22:23:13Z
345,11,14,39.58,standard,2026-07-30T22:23:13Z
345,11,15,39.58,standard,2026-07-30T22:23:13Z
345,11,16,39.58,standard,2026-07-30T22:23:13Z
345,11,17,39.58,standard,2026-07-30T22:23:13Z
345,11,18,39.58,standard,2026-07-30T22:23:13Z
345,11,19,39.58,standard,2026-07-30T22:23:13Z
345,11,20,39.58,standard,2026-07-30T22:23:13Z
345,11,21,39.58,standard,2026-07-30T22:23:13Z
345,11,22,39.58,standard,2026-07-30T22:23:13Z
345,11,23,39.58,standard,2026-07-30T22:23:13Z
345,11,24,39.58,standard,2026-07-30T22:23:13Z
345,12,11,39.58,standard,2026-07-30T22:23:13Z
345,12,12,39.58,standard,2026-07-30T22:23:13Z
345,12,13,39.58,standard,2026-07-30T22:23:13Z
345,12,14,39.58,standard,2026-07-30T22:23:13Z
345,12,15,39.58,standard,2026-07-30T22:23:13Z
345,12,16,39.58,standard,2026-07-30T22:23:13Z
345,13,11,39.58,standard,2026-07-30T22:23:13Z
345,13,12,39.58,standard,2026-07-30T22:23:13Z
345,13,13,39.58,standard,2026-07-30T22:23:13Z
345,13,14,39.58,standard,2026-07-30T22:23:13Z
345,13,15,39.58,standard,2026-07-30T22:23:13Z
345,13,16,39.58,standard,2026-07-30T22:23:13Z
345,2,14,39.58,standard,2026-07-30T22:23:13Z
345,2,15,39.58,standard,2026-07-30T22:23:13Z
345,2,16,39.58,standard,2026-07-30T22:23:13Z
345,2,17,39.58,standard,2026-07-30T22:23:13Z
345,2,18,39.58,standard,2026-07-30T22:23:13Z
345,2,19,39.58,standard,2026-07-30T22:23:13Z
345,2,20,39.58,standard,2026-07-30T22:23:13Z
345,3,22,39.58,standard,2026-07-30T22:23:13Z
345,3,23,39.58,standard,2026-07-30T22:23:13Z
345,3,24,39.58,standard,2026-07-30T22:23:13Z
345,4,4,39.58,standard,2026-07-30T22:23:13Z
345,4,5,39.58,standard,2026-07-30T22:23:13Z
345,4,6,39.58,standard,2026-07-30T22:23:13Z
345,4,7,39.58,standard,2026-07-30T22:23:13Z
345,4,8,39.58,standard,2026-07-30T22:23:13Z
345,4,9,39.58,standard,2026-07-30T22:23:13Z
345,4,1,39.58,standard,2026-07-30T22:23:13Z
345,4,10,39.58,standard,2026-07-30T22:23:13Z
345,4,11,39.58,standard,2026-07-30T22:23:13Z
345,4,12,39.58,standard,2026-07-30T22:23:13Z
345,4,13,39.58,standard,2026-07-30T22:23:13Z
345,4,14,39.58,standard,2026-07-30T22:23:13Z
345,4,15,39.58,standard,2026-07-30T22:23:13Z
345,4,16,39.58,standard,2026-07-30T22:23:13Z
345,4,17,39.58,standard,2026-07-30T22:23:13Z
345,4,18,39.58,standard,2026-07-30T22:23:13Z
345,4,19,39.58,standard,2026-07-30T22:23:13Z
345,4,2,39.58,standard,2026-07-30T22:23:13Z
345,4,20,39.58,standard,2026-07-30T22:23:13Z
345,4,21,39.58,standard,2026-07-30T22:23:13Z
345,4,22,39.58,standard,2026-07-30T22:23:13Z
345,4,23,39.58,standard,2026-07-30T22:23:13Z
345,4,24,39.58,standard,2026-07-30T22:23:13Z
345,4,3,39.58,standard,2026-07-30T22:23:13Z
345,5,4,39.58,standard,2026-07-30T22:23:13Z
345,5,5,39.58,standard,2026-07-30T22:23:13Z
345,5,6,39.58,standard,2026-07-30T22:23:13Z
345,5,7,39.58,standard,2026-07-30T22:23:13Z
345,5,8,39.58,standard,2026-07-30T22:23:13Z
345,5,9,39.58,standard,2026-07-30T22:23:13Z
345,5,1,39.58,standard,2026-07-30T22:23:13Z
345,5,10,39.58,standard,2026-07-30T22:23:13Z
345,5,11,39.58,standard,2026-07-30T22:23:13Z
345,5,12,39.58,standard,2026-07-30T22:23:13Z
345,5,13,39.58,standard,2026-07-30T22:23:13Z
345,5,14,39.58,standard,2026-07-30T22:23:13Z
345,5,15,39.58,standard,2026-07-30T22:23:13Z
345,5,16,39.58,standard,2026-07-30T22:23:13Z
345,5,17,39.58,standard,2026-07-30T22:23:13Z
345,5,2,39.58,standard,2026-07-30T22:23:13Z
345,5,3,39.58,standard,2026-07-30T22:23:13Z
345,6,4,39.58,standard,2026-07-30T22:23:13Z
345,6,5,39.58,standard,2026-07-30T22:23:13Z
345,6,6,39.58,standard,2026-07-30T22:23:13Z
345,6,7,39.58,standard,2026-07-30T22:23:13Z
345,6,8,39.58,standard,2026-07-30T22:23:13Z
345,6,1,39.58,standard,2026-07-30T22:23:13Z
345,6,2,39.58,standard,2026-07-30T22:23:13Z
345,6,3,39.58,standard,2026-07-30T22:23:13Z
345,7,4,39.58,standard,2026-07-30T22:23:13Z
345,7,5,39.58,standard,2026-07-30T22:23:13Z
345,7,6,39.58,standard,2026-07-30T22:23:13Z
345,7,7,39.58,standard,2026-07-30T22:23:13Z
345,7,8,39.58,standard,2026-07-30T22:23:13Z
345,7,9,39.58,standard,2026-07-30T22:23:13Z
345,7,1,39.58,standard,2026-07-30T22:23:13Z
345,7,10,39.58,standard,2026-07-30T22:23:13Z
345,7,11,39.58,standard,2026-07-30T22:23:13Z
345,7,12,39.58,standard,2026-07-30T22:23:13Z
345,7,13,39.58,standard,2026-07-30T22:23:13Z
345,7,14,39.58,standard,2026-07-30T22:23:13Z
345,7,15,39.58,standard,2026-07-30T22:23:13Z
345,7,16,39.58,standard,2026-07-30T22:23:13Z
345,7,17,39.58,standard,2026-07-30T22:23:13Z
345,7,18,39.58,standard,2026-07-30T22:23:13Z
345,7,19,39.58,standard,2026-07-30T22:23:13Z
345,7,2,39.58,standard,2026-07-30T22:23:13Z
345,7,20,39.58,standard,2026-07-30T22:23:13Z
345,7,21,39.58,standard,2026-07-30T22:23:13Z
345,7,22,39.58,standard,2026-07-30T22:23:13Z
345,7,23,39.58,standard,2026-07-30T22:23:13Z
345,7,24,39.58,standard,2026-07-30T22:23:13Z
345,7,3,39.58,standard,2026-07-30T22:23:13Z
345,8,4,39.58,standard,2026-07-30T22:23:13Z
345,8,5,39.58,standard,2026-07-30T22:23:13Z
345,8,6,39.58,standard,2026-07-30T22:23:13Z
345,8,7,39.58,standard,2026-07-30T22:23:13Z
345,8,8,39.58,standard,2026-07-30T22:23:13Z
345,8,9,39.58,standard,2026-07-30T22:23:13Z
345,8,1,39.58,standard,2026-07-30T22:23:13Z
345,8,10,39.58,standard,2026-07-30T22:23:13Z
345,8,11,39.58,standard,2026-07-30T22:23:13Z
345,8,12,39.58,standard,2026-07-30T22:23:13Z
345,8,13,39.58,standard,2026-07-30T22:23:13Z
345,8,14,39.58,standard,2026-07-30T22:23:13Z
345,8,15,39.58,standard,2026-07-30T22:23:13Z
345,8,16,39.58,standard,2026-07-30T22:23:13Z
345,8,17,39.58,standard,2026-07-30T22:23:13Z
345,8,18,39.58,standard,2026-07-30T22:23:13Z
345,8,19,39.58,standard,2026-07-30T22:23:13Z
345,8,2,39.58,standard,2026-07-30T22:23:13Z
345,8,20,39.58,standard,2026-07-30T22:23:13Z
345,8,21,39.58,standard,2026-07-30T22:23:13Z
345,8,22,39.58,standard,2026-07-30T22:23:13Z
345,8,23,39.58,standard,2026-07-30T22:23:13Z
345,8,24,39.58,standard,2026-07-30T22:23:13Z
345,8,3,39.58,standard,2026-07-30T22:23:13Z
345,9,13,39.58,standard,2026-07-30T22:23:13Z
345,9,14,39.58,standard,2026-07-30T22:23:13Z
345,9,15,39.58,standard,2026-07-30T22:23:13Z
345,9,16,39.58,standard,2026-07-30T22:23:13Z
345,9,17,39.58,standard,2026-07-30T22:23:13Z
345,9,18,39.58,standard,2026-07-30T22:23:13Z
345,9,19,39.58,standard,2026-07-30T22:23:13Z
345,9,20,39.58,standard,2026-07-30T22:23:13Z
345,9,21,39.58,standard,2026-07-30T22:23:13Z
345,9,22,39.58,standard,2026-07-30T22:23:13Z
345,9,23,39.58,standard,2026-07-30T22:23:13Z
345,9,24,39.58,standard,2026-07-30T22:23:13Z
346,10,10,39.58,standard,2026-07-30T22:23:13Z
346,10,11,39.58,standard,2026-07-30T22:23:13Z
346,10,12,39.58,standard,2026-07-30T22:23:13Z
346,10,13,39.58,standard,2026-07-30T22:23:13Z
346,10,14,39.58,standard,2026-07-30T22:23:13Z
346,10,15,39.58,standard,2026-07-30T22:23:13Z
346,10,16,39.58,standard,2026-07-30T22:23:13Z
346,10,9,39.58,standard,2026-07-30T22:23:13Z
346,3,10,39.58,standard,2026-07-30T22:23:13Z
346,3,15,39.58,standard,2026-07-30T22:23:13Z
346,3,16,39.58,standard,2026-07-30T22:23:13Z
346,5,4,39.58,standard,2026-07-30T22:23:13Z
346,5,5,39.58,standard,2026-07-30T22:23:13Z
346,5,6,39.58,standard,2026-07-30T22:23:13Z
346,5,7,39.58,standard,2026-07-30T22:23:13Z
346,5,8,39.58,standard,2026-07-30T22:23:13Z
346,5,9,39.58,standard,2026-07-30T22:23:13Z
346,5,1,39.58,standard,2026-07-30T22:23:13Z
346,5,10,39.58,standard,2026-07-30T22:23:13Z
346,5,11,39.58,standard,2026-07-30T22:23:13Z
346,5,12,39.58,standard,2026-07-30T22:23:13Z
346,5,13,39.58,standard,2026-07-30T22:23:13Z
346,5,14,39.58,standard,2026-07-30T22:23:13Z
346,5,15,39.58,standard,2026-07-30T22:23:13Z
346,5,16,39.58,standard,2026-07-30T22:23:13Z
346,5,17,39.58,standard,2026-07-30T22:23:13Z
346,5,18,39.58,standard,2026-07-30T22:23:13Z
346,5,19,39.58,standard,2026-07-30T22:23:13Z
346,5,2,39.58,standard,2026-07-30T22:23:13Z
346,5,20,39.58,standard,2026-07-30T22:23:13Z
346,5,21,39.58,standard,2026-07-30T22:23:13Z
346,5,22,39.58,standard,2026-07-30T22:23:13Z
346,5,23,39.58,standard,2026-07-30T22:23:13Z
346,5,24,39.58,standard,2026-07-30T22:23:13Z
346,5,3,39.58,standard,2026-07-30T22:23:13Z
346,6,4,39.58,standard,2026-07-30T22:23:13Z
346,6,5,39.58,standard,2026-07-30T22:23:13Z
346,6,6,39.58,standard,2026-07-30T22:23:13Z
346,6,7,39.58,standard,2026-07-30T22:23:13Z
346,6,8,39.58,standard,2026-07-30T22:23:13Z
346,6,9,39.58,standard,2026-07-30T22:23:13Z
346,6,1,39.58,standard,2026-07-30T22:23:13Z
346,6,10,39.58,standard,2026-07-30T22:23:13Z
346,6,11,39.58,standard,2026-07-30T22:23:13Z
346,6,12,39.58,standard,2026-07-30T22:23:13Z
346,6,13,39.58,standard,2026-07-30T22:23:13Z
346,6,14,39.58,standard,2026-07-30T22:23:13Z
346,6,15,39.58,standard,2026-07-30T22:23:13Z
346,6,16,39.58,standard,2026-07-30T22:23:13Z
346,6,17,39.58,standard,2026-07-30T22:23:13Z
346,6,18,39.58,standard,2026-07-30T22:23:13Z
346,6,19,39.58,standard,2026-07-30T22:23:13Z
346,6,2,39.58,standard,2026-07-30T22:23:13Z
346,6,20,39.58,standard,2026-07-30T22:23:13Z
346,6,21,39.58,standard,2026-07-30T22:23:13Z
346,6,22,39.58,standard,2026-07-30T22:23:13Z
346,6,23,39.58,standard,2026-07-30T22:23:13Z
346,6,24,39.58,standard,2026-07-30T22:23:13Z
346,6,3,39.58,standard,2026-07-30T22:23:13Z
346,7,4,39.58,standard,2026-07-30T22:23:13Z
346,7,5,39.58,standard,2026-07-30T22:23:13Z
346,7,6,39.58,standard,2026-07-30T22:23:13Z
346,7,7,39.58,standard,2026-07-30T22:23:13Z
346,7,8,39.58,standard,2026-07-30T22:23:13Z
346,7,9,39.58,standard,2026-07-30T22:23:13Z
346,7,1,39.58,standard,2026-07-30T22:23:13Z
346,7,10,39.58,standard,2026-07-30T22:23:13Z
346,7,11,39.58,standard,2026-07-30T22:23:13Z
346,7,12,39.58,standard,2026-07-30T22:23:13Z
346,7,13,39.58,standard,2026-07-30T22:23:13Z
346,7,14,39.58,standard,2026-07-30T22:23:13Z
346,7,15,39.58,standard,2026-07-30T22:23:13Z
346,7,16,39.58,standard,2026-07-30T22:23:13Z
346,7,17,39.58,standard,2026-07-30T22:23:13Z
346,7,18,39.58,standard,2026-07-30T22:23:13Z
346,7,19,39.58,standard,2026-07-30T22:23:13Z
346,7,2,39.58,standard,2026-07-30T22:23:13Z
346,7,20,39.58,standard,2026-07-30T22:23:13Z
346,7,21,39.58,standard,2026-07-30T22:23:13Z
346,7,22,39.58,standard,2026-07-30T22:23:13Z
346,7,23,39.58,standard,2026-07-30T22:23:13Z
346,7,24,39.58,standard,2026-07-30T22:23:13Z
346,7,3,39.58,standard,2026-07-30T22:23:13Z
346,8,4,39.58,standard,2026-07-30T22:23:13Z
346,8,5,39.58,standard,2026-07-30T22:23:13Z
346,8,6,39.58,standard,2026-07-30T22:23:13Z
346,8,7,39.58,standard,2026-07-30T22:23:13Z
346,8,8,39.58,standard,2026-07-30T22:23:13Z
346,8,9,39.58,standard,2026-07-30T22:23:13Z
346,8,1,39.58,standard,2026-07-30T22:23:13Z
346,8,10,39.58,standard,2026-07-30T22:23:13Z
346,8,11,39.58,standard,2026-07-30T22:23:13Z
346,8,12,39.58,standard,2026-07-30T22:23:13Z
346,8,13,39.58,standard,2026-07-30T22:23:13Z
346,8,14,39.58,standard,2026-07-30T22:23:13Z
346,8,15,39.58,standard,2026-07-30T22:23:13Z
346,8,16,39.58,standard,2026-07-30T22:23:13Z
346,8,2,39.58,standard,2026-07-30T22:23:13Z
346,8,3,39.58,standard,2026-07-30T22:23:13Z
346,9,4,39.58,standard,2026-07-30T22:23:13Z
346,9,5,39.58,standard,2026-07-30T22:23:13Z
346,9,6,39.58,standard,2026-07-30T22:23:13Z
346,9,7,39.58,standard,2026-07-30T22:23:13Z
346,9,8,39.58,standard,2026-07-30T22:23:13Z
346,9,9,39.58,standard,2026-07-30T22:23:13Z
346,9,1,39.58,standard,2026-07-30T22:23:13Z
346,9,10,39.58,standard,2026-07-30T22:23:13Z
346,9,11,39.58,standard,2026-07-30T22:23:13Z
346,9,12,39.58,standard,2026-07-30T22:23:13Z
346,9,13,39.58,standard,2026-07-30T22:23:13Z
346,9,14,39.58,standard,2026-07-30T22:23:13Z
346,9,15,39.58,standard,2026-07-30T22:23:13Z
346,9,16,39.58,standard,2026-07-30T22:23:13Z
346,9,2,39.58,standard,2026-07-30T22:23:13Z
346,9,3,39.58,standard,2026-07-30T22:23:13Z
347,10,17,39.58,standard,2026-07-30T22:23:13Z
347,10,18,39.58,standard,2026-07-30T22:23:13Z
347,10,2,39.58,standard,2026-07-30T22:23:13Z
347,10,3,39.58,standard,2026-07-30T22:23:13Z
347,10,4,39.58,standard,2026-07-30T22:23:13Z
347,10,5,39.58,standard,2026-07-30T22:23:13Z
347,10,6,39.58,standard,2026-07-30T22:23:13Z
347,10,7,39.58,standard,2026-07-30T22:23:13Z
347,10,8,39.58,standard,2026-07-30T22:23:13Z
347,11,10,39.58,standard,2026-07-30T22:23:13Z
347,11,11,39.58,standard,2026-07-30T22:23:13Z
347,11,12,39.58,standard,2026-07-30T22:23:13Z
347,11,13,39.58,standard,2026-07-30T22:23:13Z
347,11,14,39.58,standard,2026-07-30T22:23:13Z
347,11,15,39.58,standard,2026-07-30T22:23:13Z
347,11,16,39.58,standard,2026-07-30T22:23:13Z
347,11,2,39.58,standard,2026-07-30T22:23:13Z
347,11,3,39.58,standard,2026-07-30T22:23:13Z
347,11,4,39.58,standard,2026-07-30T22:23:13Z
347,11,5,39.58,standard,2026-07-30T22:23:13Z
347,11,6,39.58,standard,2026-07-30T22:23:13Z
347,11,7,39.58,standard,2026-07-30T22:23:13Z
347,11,8,39.58,standard,2026-07-30T22:23:13Z
347,11,9,39.58,standard,2026-07-30T22:23:13Z
347,12,10,39.58,standard,2026-07-30T22:23:13Z
347,12,11,39.58,standard,2026-07-30T22:23:13Z
347,12,12,39.58,standard,2026-07-30T22:23:13Z
347,12,13,39.58,standard,2026-07-30T22:23:13Z
347,12,14,39.58,standard,2026-07-30T22:23:13Z
347,12,15,39.58,standard,2026-07-30T22:23:13Z
347,12,16,39.58,standard,2026-07-30T22:23:13Z
347,12,17,39.58,standard,2026-07-30T22:23:13Z
347,12,18,39.58,standard,2026-07-30T22:23:13Z
347,12,19,39.58,standard,2026-07-30T22:23:13Z
347,12,9,39.58,standard,2026-07-30T22:23:13Z
347,13,10,39.58,standard,2026-07-30T22:23:13Z
347,13,11,39.58,standard,2026-07-30T22:23:13Z
347,13,12,39.58,standard,2026-07-30T22:23:13Z
347,13,13,39.58,standard,2026-07-30T22:23:13Z
347,13,14,39.58,standard,2026-07-30T22:23:13Z
347,13,15,39.58,standard,2026-07-30T22:23:13Z
347,13,16,39.58,standard,2026-07-30T22:23:13Z
347,13,9,39.58,standard,2026-07-30T22:23:13Z
347,4,13,39.58,standard,2026-07-30T22:23:13Z
347,4,14,39.58,standard,2026-07-30T22:23:13Z
347,4,15,39.58,standard,2026-07-30T22:23:13Z
347,5,4,39.58,standard,2026-07-30T22:23:13Z
347,5,5,39.58,standard,2026-07-30T22:23:13Z
347,5,6,39.58,standard,2026-07-30T22:23:13Z
347,5,7,39.58,standard,2026-07-30T22:23:13Z
347,5,8,39.58,standard,2026-07-30T22:23:13Z
347,5,9,39.58,standard,2026-07-30T22:23:13Z
347,5,10,39.58,standard,2026-07-30T22:23:13Z
347,5,11,39.58,standard,2026-07-30T22:23:13Z
347,5,12,39.58,standard,2026-07-30T22:23:13Z
347,5,13,39.58,standard,2026-07-30T22:23:13Z
347,5,14,39.58,standard,2026-07-30T22:23:13Z
347,5,15,39.58,standard,2026-07-30T22:23:13Z
347,5,16,39.58,standard,2026-07-30T22:23:13Z
347,5,2,39.58,standard,2026-07-30T22:23:13Z
347,5,3,39.58,standard,2026-07-30T22:23:13Z
347,6,4,39.58,standard,2026-07-30T22:23:13Z
347,6,5,39.58,standard,2026-07-30T22:23:13Z
347,6,6,39.58,standard,2026-07-30T22:23:13Z
347,6,7,39.58,standard,2026-07-30T22:23:13Z
347,6,8,39.58,standard,2026-07-30T22:23:13Z
347,6,9,39.58,standard,2026-07-30T22:23:13Z
347,6,1,39.58,standard,2026-07-30T22:23:13Z
347,6,10,39.58,standard,2026-07-30T22:23:13Z
347,6,11,39.58,standard,2026-07-30T22:23:13Z
347,6,12,39.58,standard,2026-07-30T22:23:13Z
347,6,13,39.58,standard,2026-07-30T22:23:13Z
347,6,14,39.58,standard,2026-07-30T22:23:13Z
347,6,15,39.58,standard,2026-07-30T22:23:13Z
347,6,16,39.58,standard,2026-07-30T22:23:13Z
347,6,2,39.58,standard,2026-07-30T22:23:13Z
347,6,3,39.58,standard,2026-07-30T22:23:13Z
347,7,4,39.58,standard,2026-07-30T22:23:13Z
347,7,5,39.58,standard,2026-07-30T22:23:13Z
347,7,6,39.58,standard,2026-07-30T22:23:13Z
347,7,7,39.58,standard,2026-07-30T22:23:13Z
347,7,8,39.58,standard,2026-07-30T22:23:13Z
347,7,9,39.58,standard,2026-07-30T22:23:13Z
347,7,10,39.58,standard,2026-07-30T22:23:13Z
347,7,11,39.58,standard,2026-07-30T22:23:13Z
347,7,12,39.58,standard,2026-07-30T22:23:13Z
347,7,13,39.58,standard,2026-07-30T22:23:13Z
347,7,14,39.58,standard,2026-07-30T22:23:13Z
347,7,15,39.58,standard,2026-07-30T22:23:13Z
347,7,16,39.58,standard,2026-07-30T22:23:13Z
347,7,17,39.58,standard,2026-07-30T22:23:13Z
347,7,3,39.58,standard,2026-07-30T22:23:13Z
347,8,4,39.58,standard,2026-07-30T22:23:13Z
347,8,5,39.58,standard,2026-07-30T22:23:13Z
347,8,6,39.58,standard,2026-07-30T22:23:13Z
347,8,7,39.58,standard,2026-07-30T22:23:13Z
347,8,8,39.58,standard,2026-07-30T22:23:13Z
347,8,9,39.58,standard,2026-07-30T22:23:13Z
347,8,1,39.58,standard,2026-07-30T22:23:13Z
347,8,10,39.58,standard,2026-07-30T22:23:13Z
347,8,11,39.58,standard,2026-07-30T22:23:13Z
347,8,12,39.58,standard,2026-07-30T22:23:13Z
347,8,13,39.58,standard,2026-07-30T22:23:13Z
347,8,14,39.58,standard,2026-07-30T22:23:13Z
347,8,15,39.58,standard,2026-07-30T22:23:13Z
347,8,16,39.58,standard,2026-07-30T22:23:13Z
347,8,17,39.58,standard,2026-07-30T22:23:13Z
347,8,2,39.58,standard,2026-07-30T22:23:13Z
347,8,3,39.58,standard,2026-07-30T22:23:13Z
347,9,4,39.58,standard,2026-07-30T22:23:13Z
347,9,5,39.58,standard,2026-07-30T22:23:13Z
347,9,6,39.58,standard,2026-07-30T22:23:13Z
347,9,7,39.58,standard,2026-07-30T22:23:13Z
347,9,8,39.58,standard,2026-07-30T22:23:13Z
347,9,1,39.58,standard,2026-07-30T22:23:13Z
347,9,17,39.58,standard,2026-07-30T22:23:13Z
347,9,18,39.58,standard,2026-07-30T22:23:13Z
347,9,2,39.58,standard,2026-07-30T22:23:13Z
347,9,3,39.58,standard,2026-07-30T22:23:13Z
36,13,4,18.4,standard,2026-07-30T22:23:13Z
36,13,3,18.4,standard,2026-07-30T22:23:13Z
39,13,7,18.4,standard,2026-07-30T22:23:13Z
39,13,8,18.4,standard,2026-07-30T22:23:13Z
39,13,9,18.4,standard,2026-07-30T22:23:13Z
39,13,10,18.4,standard,2026-07-30T22:23:13Z
39,WC,12,18.4,standard,2026-07-30T22:23:13Z
39,WC,13,18.4,standard,2026-07-30T22:23:13Z
39,WC,14,18.4,standard,2026-07-30T22:23:13Z
410,10,2,18.4,standard,2026-07-30T22:23:13Z
410,10,3,18.4,standard,2026-07-30T22:23:13Z
410,10,4,18.4,standard,2026-07-30T22:23:13Z
410,10,5,18.4,standard,2026-07-30T22:23:13Z
410,10,6,18.4,standard,2026-07-30T22:23:13Z
410,10,7,18.4,standard,2026-07-30T22:23:13Z
410,10,8,18.4,standard,2026-07-30T22:23:13Z
410,10,9,18.4,standard,2026-07-30T22:23:13Z
410,11,10,18.4,standard,2026-07-30T22:23:13Z
410,11,11,18.4,standard,2026-07-30T22:23:13Z
410,11,12,18.4,standard,2026-07-30T22:23:13Z
410,11,13,18.4,standard,2026-07-30T22:23:13Z
410,11,14,18.4,standard,2026-07-30T22:23:13Z
410,11,15,18.4,standard,2026-07-30T22:23:13Z
410,11,16,18.4,standard,2026-07-30T22:23:13Z
410,11,2,18.4,standard,2026-07-30T22:23:13Z
410,11,3,18.4,standard,2026-07-30T22:23:13Z
410,11,4,18.4,standard,2026-07-30T22:23:13Z
410,11,5,18.4,standard,2026-07-30T22:23:13Z
410,11,6,18.4,standard,2026-07-30T22:23:13Z
410,11,7,18.4,standard,2026-07-30T22:23:13Z
410,11,8,18.4,standard,2026-07-30T22:23:13Z
410,11,9,18.4,standard,2026-07-30T22:23:13Z
410,12,13,18.4,standard,2026-07-30T22:23:13Z
410,12,14,18.4,standard,2026-07-30T22:23:13Z
410,12,15,18.4,standard,2026-07-30T22:23:13Z
410,12,16,18.4,standard,2026-07-30T22:23:13Z
410,12,17,18.4,standard,2026-07-30T22:23:13Z
410,12,18,18.4,standard,2026-07-30T22:23:13Z
410,12,19,18.4,standard,2026-07-30T22:23:13Z
410,12,20,18.4,standard,2026-07-30T22:23:13Z
410,2,11,18.4,standard,2026-07-30T22:23:13Z
410,2,12,18.4,standard,2026-07-30T22:23:13Z
410,2,13,18.4,standard,2026-07-30T22:23:13Z
410,2,23,18.4,standard,2026-07-30T22:23:13Z
410,2,24,18.4,standard,2026-07-30T22:23:13Z
410,3,24,18.4,standard,2026-07-30T22:23:13Z
410,3,25,18.4,standard,2026-07-30T22:23:13Z
410,3,26,18.4,standard,2026-07-30T22:23:13Z
410,4,9,18.4,standard,2026-07-30T22:23:13Z
410,4,10,18.4,standard,2026-07-30T22:23:13Z
410,4,11,18.4,standard,2026-07-30T22:23:13Z
410,4,12,18.4,standard,2026-07-30T22:23:13Z
410,4,13,18.4,standard,2026-07-30T22:23:13Z
410,4,14,18.4,standard,2026-07-30T22:23:13Z
410,4,15,18.4,standard,2026-07-30T22:23:13Z
410,4,16,18.4,standard,2026-07-30T22:23:13Z
410,5,8,18.4,standard,2026-07-30T22:23:13Z
410,5,9,18.4,standard,2026-07-30T22:23:13Z
410,5,10,18.4,standard,2026-07-30T22:23:13Z
410,5,11,18.4,standard,2026-07-30T22:23:13Z
410,5,12,18.4,standard,2026-07-30T22:23:13Z
410,5,13,18.4,standard,2026-07-30T22:23:13Z
410,5,14,18.4,standard,2026-07-30T22:23:13Z
410,5,15,18.4,standard,2026-07-30T22:23:13Z
410,5,16,18.4,standard,2026-07-30T22:23:13Z
410,5,17,18.4,standard,2026-07-30T22:23:13Z
410,5,18,18.4,standard,2026-07-30T22:23:13Z
410,5,19,18.4,standard,2026-07-30T22:23:13Z
410,5,20,18.4,standard,2026-07-30T22:23:13Z
410,5,21,18.4,standard,2026-07-30T22:23:13Z
410,5,22,18.4,standard,2026-07-30T22:23:13Z
410,5,23,18.4,standard,2026-07-30T22:23:13Z
410,5,24,18.4,standard,2026-07-30T22:23:13Z
410,5,25,18.4,standard,2026-07-30T22:23:13Z
410,5,26,18.4,standard,2026-07-30T22:23:13Z
410,6,6,18.4,standard,2026-07-30T22:23:13Z
410,6,7,18.4,standard,2026-07-30T22:23:13Z
410,6,8,18.4,standard,2026-07-30T22:23:13Z
410,6,9,18.4,standard,2026-07-30T22:23:13Z
410,6,10,18.4,standard,2026-07-30T22:23:13Z
410,6,11,18.4,standard,2026-07-30T22:23:13Z
410,6,12,18.4,standard,2026-07-30T22:23:13Z
410,6,13,18.4,standard,2026-07-30T22:23:13Z
410,6,14,18.4,standard,2026-07-30T22:23:13Z
410,6,15,18.4,standard,2026-07-30T22:23:13Z
410,6,16,18.4,standard,2026-07-30T22:23:13Z
410,6,17,18.4,standard,2026-07-30T22:23:13Z
410,6,18,18.4,standard,2026-07-30T22:23:13Z
410,6,19,18.4,standard,2026-07-30T22:23:13Z
410,6,20,18.4,standard,2026-07-30T22:23:13Z
410,6,21,18.4,standard,2026-07-30T22:23:13Z
410,7,6,18.4,standard,2026-07-30T22:23:13Z
410,7,7,18.4,standard,2026-07-30T22:23:13Z
410,7,8,18.4,standard,2026-07-30T22:23:13Z
410,7,9,18.4,standard,2026-07-30T22:23:13Z
410,7,10,18.4,standard,2026-07-30T22:23:13Z
410,7,11,18.4,standard,2026-07-30T22:23:13Z
410,7,12,18.4,standard,2026-07-30T22:23:13Z
410,7,13,18.4,standard,2026-07-30T22:23:13Z
410,7,14,18.4,standard,2026-07-30T22:23:13Z
410,7,15,18.4,standard,2026-07-30T22:23:13Z
410,7,16,18.4,standard,2026-07-30T22:23:13Z
410,7,17,18.4,standard,2026-07-30T22:23:13Z
410,7,18,18.4,standard,2026-07-30T22:23:13Z
410,7,19,18.4,standard,2026-07-30T22:23:13Z
410,7,20,18.4,standard,2026-07-30T22:23:13Z
410,7,21,18.4,standard,2026-07-30T22:23:13Z
410,7,22,18.4,standard,2026-07-30T22:23:13Z
410,7,23,18.4,standard,2026-07-30T22:23:13Z
410,7,24,18.4,standard,2026-07-30T22:23:13Z
410,7,25,18.4,standard,2026-07-30T22:23:13Z
410,7,26,18.4,standard,2026-07-30T22:23:13Z
410,8,4,18.4,standard,2026-07-30T22:23:13Z
410,8,5,18.4,standard,2026-07-30T22:23:13Z
410,8,6,18.4,standard,2026-07-30T22:23:13Z
410,8,7,18.4,standard,2026-07-30T22:23:13Z
410,8,8,18.4,standard,2026-07-30T22:23:13Z
410,8,9,18.4,standard,2026-07-30T22:23:13Z
410,8,10,18.4,standard,2026-07-30T22:23:13Z
410,8,11,18.4,standard,2026-07-30T22:23:13Z
410,8,12,18.4,standard,2026-07-30T22:23:13Z
410,8,13,18.4,standard,2026-07-30T22:23:13Z
410,8,14,18.4,standard,2026-07-30T22:23:13Z
410,8,15,18.4,standard,2026-07-30T22:23:13Z
410,8,16,18.4,standard,2026-07-30T22:23:13Z
410,8,17,18.4,standard,2026-07-30T22:23:13Z
410,8,18,18.4,standard,2026-07-30T22:23:13Z
410,8,19,18.4,standard,2026-07-30T22:23:13Z
410,8,20,18.4,standard,2026-07-30T22:23:13Z
410,8,21,18.4,standard,2026-07-30T22:23:13Z
410,8,22,18.4,standard,2026-07-30T22:23:13Z
410,8,23,18.4,standard,2026-07-30T22:23:13Z
410,8,24,18.4,standard,2026-07-30T22:23:13Z
410,8,25,18.4,standard,2026-07-30T22:23:13Z
410,8,26,18.4,standard,2026-07-30T22:23:13Z
410,8,3,18.4,standard,2026-07-30T22:23:13Z
410,9,4,18.4,standard,2026-07-30T22:23:13Z
410,9,5,18.4,standard,2026-07-30T22:23:13Z
410,9,6,18.4,standard,2026-07-30T22:23:13Z
410,9,7,18.4,standard,2026-07-30T22:23:13Z
410,9,8,18.4,standard,2026-07-30T22:23:13Z
410,9,9,18.4,standard,2026-07-30T22:23:13Z
410,9,10,18.4,standard,2026-07-30T22:23:13Z
410,9,11,18.4,standard,2026-07-30T22:23:13Z
410,9,12,18.4,standard,2026-07-30T22:23:13Z
410,9,13,18.4,standard,2026-07-30T22:23:13Z
410,9,14,18.4,standard,2026-07-30T22:23:13Z
410,9,15,18.4,standard,2026-07-30T22:23:13Z
410,9,16,18.4,standard,2026-07-30T22:23:13Z
410,9,17,18.4,standard,2026-07-30T22:23:13Z
410,9,18,18.4,standard,2026-07-30T22:23:13Z
410,9,19,18.4,standard,2026-07-30T22:23:13Z
410,9,2,18.4,standard,2026-07-30T22:23:13Z
410,9,20,18.4,standard,2026-07-30T22:23:13Z
410,9,21,18.4,standard,2026-07-30T22:23:13Z
410,9,22,18.4,standard,2026-07-30T22:23:13Z
410,9,23,18.4,standard,2026-07-30T22:23:13Z
410,9,24,18.4,standard,2026-07-30T22:23:13Z
410,9,25,18.4,standard,2026-07-30T22:23:13Z
410,9,26,18.4,standard,2026-07-30T22:23:13Z
410,9,3,18.4,standard,2026-07-30T22:23:13Z
411,10,10,18.4,standard,2026-07-30T22:23:13Z
411,10,11,18.4,standard,2026-07-30T22:23:13Z
411,10,12,18.4,standard,2026-07-30T22:23:13Z
411,10,13,18.4,standard,2026-07-30T22:23:13Z
411,10,14,18.4,standard,2026-07-30T22:23:13Z
411,10,15,18.4,standard,2026-07-30T22:23:13Z
411,10,16,18.4,standard,2026-07-30T22:23:13Z
411,10,9,18.4,standard,2026-07-30T22:23:13Z
411,11,10,18.4,standard,2026-07-30T22:23:13Z
411,11,11,18.4,standard,2026-07-30T22:23:13Z
411,11,12,18.4,standard,2026-07-30T22:23:13Z
411,11,13,18.4,standard,2026-07-30T22:23:13Z
411,11,14,18.4,standard,2026-07-30T22:23:13Z
411,11,15,18.4,standard,2026-07-30T22:23:13Z
411,11,16,18.4,standard,2026-07-30T22:23:13Z
411,11,2,18.4,standard,2026-07-30T22:23:13Z
411,11,3,18.4,standard,2026-07-30T22:23:13Z
411,11,4,18.4,standard,2026-07-30T22:23:13Z
411,11,5,18.4,standard,2026-07-30T22:23:13Z
411,11,6,18.4,standard,2026-07-30T22:23:13Z
411,11,7,18.4,standard,2026-07-30T22:23:13Z
411,11,8,18.4,standard,2026-07-30T22:23:13Z
411,11,9,18.4,standard,2026-07-30T22:23:13Z
411,12,10,18.4,standard,2026-07-30T22:23:13Z
411,12,11,18.4,standard,2026-07-30T22:23:13Z
411,12,12,18.4,standard,2026-07-30T22:23:13Z
411,12,13,18.4,standard,2026-07-30T22:23:13Z
411,12,14,18.4,standard,2026-07-30T22:23:13Z
411,12,15,18.4,standard,2026-07-30T22:23:13Z
411,12,16,18.4,standard,2026-07-30T22:23:13Z
411,12,9,18.4,standard,2026-07-30T22:23:13Z
411,3,6,18.4,standard,2026-07-30T22:23:13Z
411,3,7,18.4,standard,2026-07-30T22:23:13Z
411,3,8,18.4,standard,2026-07-30T22:23:13Z
411,3,17,18.4,standard,2026-07-30T22:23:13Z
411,3,18,18.4,standard,2026-07-30T22:23:13Z
411,3,19,18.4,standard,2026-07-30T22:23:13Z
411,4,4,18.4,standard,2026-07-30T22:23:13Z
411,4,5,18.4,standard,2026-07-30T22:23:13Z
411,4,6,18.4,standard,2026-07-30T22:23:13Z
411,4,7,18.4,standard,2026-07-30T22:23:13Z
411,4,8,18.4,standard,2026-07-30T22:23:13Z
411,4,9,18.4,standard,2026-07-30T22:23:13Z
411,4,10,18.4,standard,2026-07-30T22:23:13Z
411,4,11,18.4,standard,2026-07-30T22:23:13Z
411,4,12,18.4,standard,2026-07-30T22:23:13Z
411,4,13,18.4,standard,2026-07-30T22:23:13Z
411,4,14,18.4,standard,2026-07-30T22:23:13Z
411,4,15,18.4,standard,2026-07-30T22:23:13Z
411,4,16,18.4,standard,2026-07-30T22:23:13Z
411,4,17,18.4,standard,2026-07-30T22:23:13Z
411,4,18,18.4,standard,2026-07-30T22:23:13Z
411,4,19,18.4,standard,2026-07-30T22:23:13Z
411,5,4,18.4,standard,2026-07-30T22:23:13Z
411,5,5,18.4,standard,2026-07-30T22:23:13Z
411,5,6,18.4,standard,2026-07-30T22:23:13Z
411,5,7,18.4,standard,2026-07-30T22:23:13Z
411,5,8,18.4,standard,2026-07-30T22:23:13Z
411,5,9,18.4,standard,2026-07-30T22:23:13Z
411,5,1,18.4,standard,2026-07-30T22:23:13Z
411,5,10,18.4,standard,2026-07-30T22:23:13Z
411,5,11,18.4,standard,2026-07-30T22:23:13Z
411,5,12,18.4,standard,2026-07-30T22:23:13Z
411,5,13,18.4,standard,2026-07-30T22:23:13Z
411,5,14,18.4,standard,2026-07-30T22:23:13Z
411,5,15,18.4,standard,2026-07-30T22:23:13Z
411,5,16,18.4,standard,2026-07-30T22:23:13Z
411,5,17,18.4,standard,2026-07-30T22:23:13Z
411,5,18,18.4,standard,2026-07-30T22:23:13Z
411,5,19,18.4,standard,2026-07-30T22:23:13Z
411,5,2,18.4,standard,2026-07-30T22:23:13Z
411,5,3,18.4,standard,2026-07-30T22:23:13Z
411,6,4,18.4,standard,2026-07-30T22:23:13Z
411,6,5,18.4,standard,2026-07-30T22:23:13Z
411,6,6,18.4,standard,2026-07-30T22:23:13Z
411,6,7,18.4,standard,2026-07-30T22:23:13Z
411,6,8,18.4,standard,2026-07-30T22:23:13Z
411,6,9,18.4,standard,2026-07-30T22:23:13Z
411,6,1,18.4,standard,2026-07-30T22:23:13Z
411,6,10,18.4,standard,2026-07-30T22:23:13Z
411,6,11,18.4,standard,2026-07-30T22:23:13Z
411,6,12,18.4,standard,2026-07-30T22:23:13Z
411,6,13,18.4,standard,2026-07-30T22:23:13Z
411,6,14,18.4,standard,2026-07-30T22:23:13Z
411,6,15,18.4,standard,2026-07-30T22:23:13Z
411,6,16,18.4,standard,2026-07-30T22:23:13Z
411,6,17,18.4,standard,2026-07-30T22:23:13Z
411,6,18,18.4,standard,2026-07-30T22:23:13Z
411,6,19,18.4,standard,2026-07-30T22:23:13Z
411,6,2,18.4,standard,2026-07-30T22:23:13Z
411,6,3,18.4,standard,2026-07-30T22:23:13Z
411,7,4,18.4,standard,2026-07-30T22:23:13Z
411,7,5,18.4,standard,2026-07-30T22:23:13Z
411,7,6,18.4,standard,2026-07-30T22:23:13Z
411,7,7,18.4,standard,2026-07-30T22:23:13Z
411,7,8,18.4,standard,2026-07-30T22:23:13Z
411,7,9,18.4,standard,2026-07-30T22:23:13Z
411,7,1,18.4,standard,2026-07-30T22:23:13Z
411,7,10,18.4,standard,2026-07-30T22:23:13Z
411,7,11,18.4,standard,2026-07-30T22:23:13Z
411,7,12,18.4,standard,2026-07-30T22:23:13Z
411,7,13,18.4,standard,2026-07-30T22:23:13Z
411,7,14,18.4,standard,2026-07-30T22:23:13Z
411,7,15,18.4,standard,2026-07-30T22:23:13Z
411,7,16,18.4,standard,2026-07-30T22:23:13Z
411,7,17,18.4,standard,2026-07-30T22:23:13Z
411,7,18,18.4,standard,2026-07-30T22:23:13Z
411,7,19,18.4,standard,2026-07-30T22:23:13Z
411,7,2,18.4,standard,2026-07-30T22:23:13Z
411,7,3,18.4,standard,2026-07-30T22:23:13Z
411,8,4,18.4,standard,2026-07-30T22:23:13Z
411,8,5,18.4,standard,2026-07-30T22:23:13Z
411,8,6,18.4,standard,2026-07-30T22:23:13Z
411,8,7,18.4,standard,2026-07-30T22:23:13Z
411,8,8,18.4,standard,2026-07-30T22:23:13Z
411,8,9,18.4,standard,2026-07-30T22:23:13Z
411,8,10,18.4,standard,2026-07-30T22:23:13Z
411,8,11,18.4,standard,2026-07-30T22:23:13Z
411,8,12,18.4,standard,2026-07-30T22:23:13Z
411,8,13,18.4,standard,2026-07-30T22:23:13Z
411,8,14,18.4,standard,2026-07-30T22:23:13Z
411,8,15,18.4,standard,2026-07-30T22:23:13Z
411,8,16,18.4,standard,2026-07-30T22:23:13Z
411,8,17,18.4,standard,2026-07-30T22:23:13Z
411,8,18,18.4,standard,2026-07-30T22:23:13Z
411,8,19,18.4,standard,2026-07-30T22:23:13Z
411,8,2,18.4,standard,2026-07-30T22:23:13Z
411,8,20,18.4,standard,2026-07-30T22:23:13Z
411,8,21,18.4,standard,2026-07-30T22:23:13Z
411,8,22,18.4,standard,2026-07-30T22:23:13Z
411,8,23,18.4,standard,2026-07-30T22:23:13Z
411,8,24,18.4,standard,2026-07-30T22:23:13Z
411,8,3,18.4,standard,2026-07-30T22:23:13Z
411,9,4,18.4,standard,2026-07-30T22:23:13Z
411,9,5,18.4,standard,2026-07-30T22:23:13Z
411,9,6,18.4,standard,2026-07-30T22:23:13Z
411,9,7,18.4,standard,2026-07-30T22:23:13Z
411,9,8,18.4,standard,2026-07-30T22:23:13Z
411,9,9,18.4,standard,2026-07-30T22:23:13Z
411,9,1,18.4,standard,2026-07-30T22:23:13Z
411,9,10,18.4,standard,2026-07-30T22:23:13Z
411,9,11,18.4,standard,2026-07-30T22:23:13Z
411,9,12,18.4,standard,2026-07-30T22:23:13Z
411,9,13,18.4,standard,2026-07-30T22:23:13Z
411,9,14,18.4,standard,2026-07-30T22:23:13Z
411,9,15,18.4,standard,2026-07-30T22:23:13Z
411,9,16,18.4,standard,2026-07-30T22:23:13Z
411,9,17,18.4,standard,2026-07-30T22:23:13Z
411,9,18,18.4,standard,2026-07-30T22:23:13Z
411,9,19,18.4,standard,2026-07-30T22:23:13Z
411,9,2,18.4,standard,2026-07-30T22:23:13Z
411,9,20,18.4,standard,2026-07-30T22:23:13Z
411,9,21,18.4,standard,2026-07-30T22:23:13Z
411,9,22,18.4,standard,2026-07-30T22:23:13Z
411,9,23,18.4,standard,2026-07-30T22:23:13Z
411,9,24,18.4,standard,2026-07-30T22:23:13Z
411,9,3,18.4,standard,2026-07-30T22:23:13Z
412,10,11,18.4,standard,2026-07-30T22:23:13Z
412,10,12,18.4,standard,2026-07-30T22:23:13Z
412,10,13,18.4,standard,2026-07-30T22:23:13Z
412,10,14,18.4,standard,2026-07-30T22:23:13Z
412,10,15,18.4,standard,2026-07-30T22:23:13Z
412,10,16,18.4,standard,2026-07-30T22:23:13Z
412,10,17,18.4,standard,2026-07-30T22:23:13Z
412,10,18,18.4,standard,2026-07-30T22:23:13Z
412,10,19,18.4,standard,2026-07-30T22:23:13Z
412,10,20,18.4,standard,2026-07-30T22:23:13Z
412,10,21,18.4,standard,2026-07-30T22:23:13Z
412,10,22,18.4,standard,2026-07-30T22:23:13Z
412,10,23,18.4,standard,2026-07-30T22:23:13Z
412,10,24,18.4,standard,2026-07-30T22:23:13Z
412,10,25,18.4,standard,2026-07-30T22:23:13Z
412,10,26,18.4,standard,2026-07-30T22:23:13Z
412,10,27,18.4,standard,2026-07-30T22:23:13Z
412,10,28,18.4,standard,2026-07-30T22:23:13Z
412,10,29,18.4,standard,2026-07-30T22:23:13Z
412,10,30,18.4,standard,2026-07-30T22:23:13Z
412,10,31,18.4,standard,2026-07-30T22:23:13Z
412,10,32,18.4,standard,2026-07-30T22:23:13Z
412,11,10,18.4,standard,2026-07-30T22:23:13Z
412,11,11,18.4,standard,2026-07-30T22:23:13Z
412,11,12,18.4,standard,2026-07-30T22:23:13Z
412,11,13,18.4,standard,2026-07-30T22:23:13Z
412,11,14,18.4,standard,2026-07-30T22:23:13Z
412,11,15,18.4,standard,2026-07-30T22:23:13Z
412,11,16,18.4,standard,2026-07-30T22:23:13Z
412,11,17,18.4,standard,2026-07-30T22:23:13Z
412,11,18,18.4,standard,2026-07-30T22:23:13Z
412,11,3,18.4,standard,2026-07-30T22:23:13Z
412,11,4,18.4,standard,2026-07-30T22:23:13Z
412,11,5,18.4,standard,2026-07-30T22:23:13Z
412,11,6,18.4,standard,2026-07-30T22:23:13Z
412,11,7,18.4,standard,2026-07-30T22:23:13Z
412,11,8,18.4,standard,2026-07-30T22:23:13Z
412,11,9,18.4,standard,2026-07-30T22:23:13Z
412,12,10,18.4,standard,2026-07-30T22:23:13Z
412,12,11,18.4,standard,2026-07-30T22:23:13Z
412,12,12,18.4,standard,2026-07-30T22:23:13Z
412,12,13,18.4,standard,2026-07-30T22:23:13Z
412,12,14,18.4,standard,2026-07-30T22:23:13Z
412,12,15,18.4,standard,2026-07-30T22:23:13Z
412,12,16,18.4,standard,2026-07-30T22:23:13Z
412,12,17,18.4,standard,2026-07-30T22:23:13Z
412,12,18,18.4,standard,2026-07-30T22:23:13Z
412,12,19,18.4,standard,2026-07-30T22:23:13Z
412,12,20,18.4,standard,2026-07-30T22:23:13Z
412,12,21,18.4,standard,2026-07-30T22:23:13Z
412,12,22,18.4,standard,2026-07-30T22:23:13Z
412,12,23,18.4,standard,2026-07-30T22:23:13Z
412,12,24,18.4,standard,2026-07-30T22:23:13Z
412,12,3,18.4,standard,2026-07-30T22:23:13Z
412,12,4,18.4,standard,2026-07-30T22:23:13Z
412,12,5,18.4,standard,2026-07-30T22:23:13Z
412,12,6,18.4,standard,2026-07-30T22:23:13Z
412,12,7,18.4,standard,2026-07-30T22:23:13Z
412,12,8,18.4,standard,2026-07-30T22:23:13Z
412,12,9,18.4,standard,2026-07-30T22:23:13Z
412,5,15,18.4,standard,2026-07-30T22:23:13Z
412,5,16,18.4,standard,2026-07-30T22:23:13Z
412,5,17,18.4,standard,2026-07-30T22:23:13Z
412,5,18,18.4,standard,2026-07-30T22:23:13Z
412,5,19,18.4,standard,2026-07-30T22:23:13Z
412,5,20,18.4,standard,2026-07-30T22:23:13Z
412,5,21,18.4,standard,2026-07-30T22:23:13Z
412,5,22,18.4,standard,2026-07-30T22:23:13Z
412,6,7,18.4,standard,2026-07-30T22:23:13Z
412,6,8,18.4,standard,2026-07-30T22:23:13Z
412,6,9,18.4,standard,2026-07-30T22:23:13Z
412,6,10,18.4,standard,2026-07-30T22:23:13Z
412,6,11,18.4,standard,2026-07-30T22:23:13Z
412,6,12,18.4,standard,2026-07-30T22:23:13Z
412,6,13,18.4,standard,2026-07-30T22:23:13Z
412,6,14,18.4,standard,2026-07-30T22:23:13Z
412,6,15,18.4,standard,2026-07-30T22:23:13Z
412,6,16,18.4,standard,2026-07-30T22:23:13Z
412,6,17,18.4,standard,2026-07-30T22:23:13Z
412,6,18,18.4,standard,2026-07-30T22:23:13Z
412,6,19,18.4,standard,2026-07-30T22:23:13Z
412,6,20,18.4,standard,2026-07-30T22:23:13Z
412,6,21,18.4,standard,2026-07-30T22:23:13Z
412,6,22,18.4,standard,2026-07-30T22:23:13Z
412,6,23,18.4,standard,2026-07-30T22:23:13Z
412,6,24,18.4,standard,2026-07-30T22:23:13Z
412,6,25,18.4,standard,2026-07-30T22:23:13Z
412,6,26,18.4,standard,2026-07-30T22:23:13Z
412,7,4,18.4,standard,2026-07-30T22:23:13Z
412,7,5,18.4,standard,2026-07-30T22:23:13Z
412,7,6,18.4,standard,2026-07-30T22:23:13Z
412,7,7,18.4,standard,2026-07-30T22:23:13Z
412,7,8,18.4,standard,2026-07-30T22:23:13Z
412,7,9,18.4,standard,2026-07-30T22:23:13Z
412,7,1,18.4,standard,2026-07-30T22:23:13Z
412,7,10,18.4,standard,2026-07-30T22:23:13Z
412,7,11,18.4,standard,2026-07-30T22:23:13Z
412,7,12,18.4,standard,2026-07-30T22:23:13Z
412,7,13,18.4,standard,2026-07-30T22:23:13Z
412,7,14,18.4,standard,2026-07-30T22:23:13Z
412,7,15,18.4,standard,2026-07-30T22:23:13Z
412,7,16,18.4,standard,2026-07-30T22:23:13Z
412,7,17,18.4,standard,2026-07-30T22:23:13Z
412,7,18,18.4,standard,2026-07-30T22:23:13Z
412,7,19,18.4,standard,2026-07-30T22:23:13Z
412,7,2,18.4,standard,2026-07-30T22:23:13Z
412,7,20,18.4,standard,2026-07-30T22:23:13Z
412,7,21,18.4,standard,2026-07-30T22:23:13Z
412,7,22,18.4,standard,2026-07-30T22:23:13Z
412,7,23,18.4,standard,2026-07-30T22:23:13Z
412,7,24,18.4,standard,2026-07-30T22:23:13Z
412,7,25,18.4,standard,2026-07-30T22:23:13Z
412,7,26,18.4,standard,2026-07-30T22:23:13Z
412,7,27,18.4,standard,2026-07-30T22:23:13Z
412,7,28,18.4,standard,2026-07-30T22:23:13Z
412,7,29,18.4,standard,2026-07-30T22:23:13Z
412,7,3,18.4,standard,2026-07-30T22:23:13Z
412,7,30,18.4,standard,2026-07-30T22:23:13Z
412,7,31,18.4,standard,2026-07-30T22:23:13Z
412,8,4,18.4,standard,2026-07-30T22:23:13Z
412,8,5,18.4,standard,2026-07-30T22:23:13Z
412,8,6,18.4,standard,2026-07-30T22:23:13Z
412,8,7,18.4,standard,2026-07-30T22:23:13Z
412,8,8,18.4,standard,2026-07-30T22:23:13Z
412,8,9,18.4,standard,2026-07-30T22:23:13Z
412,8,10,18.4,standard,2026-07-30T22:23:13Z
412,8,11,18.4,standard,2026-07-30T22:23:13Z
412,8,12,18.4,standard,2026-07-30T22:23:13Z
412,8,13,18.4,standard,2026-07-30T22:23:13Z
412,8,14,18.4,standard,2026-07-30T22:23:13Z
412,8,15,18.4,standard,2026-07-30T22:23:13Z
412,8,16,18.4,standard,2026-07-30T22:23:13Z
412,8,17,18.4,standard,2026-07-30T22:23:13Z
412,8,18,18.4,standard,2026-07-30T22:23:13Z
412,8,19,18.4,standard,2026-07-30T22:23:13Z
412,8,20,18.4,standard,2026-07-30T22:23:13Z
412,8,21,18.4,standard,2026-07-30T22:23:13Z
412,8,22,18.4,standard,2026-07-30T22:23:13Z
412,8,23,18.4,standard,2026-07-30T22:23:13Z
412,8,24,18.4,standard,2026-07-30T22:23:13Z
412,8,25,18.4,standard,2026-07-30T22:23:13Z
412,8,26,18.4,standard,2026-07-30T22:23:13Z
412,8,27,18.4,standard,2026-07-30T22:23:13Z
412,8,28,18.4,standard,2026-07-30T22:23:13Z
412,8,29,18.4,standard,2026-07-30T22:23:13Z
412,8,3,18.4,standard,2026-07-30T22:23:13Z
412,8,30,18.4,standard,2026-07-30T22:23:13Z
412,8,31,18.4,standard,2026-07-30T22:23:13Z
412,8,32,18.4,standard,2026-07-30T22:23:13Z
412,8,33,18.4,standard,2026-07-30T22:23:13Z
412,8,34,18.4,standard,2026-07-30T22:23:13Z
412,8,35,18.4,standard,2026-07-30T22:23:13Z
412,8,36,18.4,standard,2026-07-30T22:23:13Z
412,9,4,18.4,standard,2026-07-30T22:23:13Z
412,9,5,18.4,standard,2026-07-30T22:23:13Z
412,9,6,18.4,standard,2026-07-30T22:23:13Z
412,9,7,18.4,standard,2026-07-30T22:23:13Z
412,9,8,18.4,standard,2026-07-30T22:23:13Z
412,9,9,18.4,standard,2026-07-30T22:23:13Z
412,9,1,18.4,standard,2026-07-30T22:23:13Z
412,9,10,18.4,standard,2026-07-30T22:23:13Z
412,9,11,18.4,standard,2026-07-30T22:23:13Z
412,9,12,18.4,standard,2026-07-30T22:23:13Z
412,9,13,18.4,standard,2026-07-30T22:23:13Z
412,9,14,18.4,standard,2026-07-30T22:23:13Z
412,9,15,18.4,standard,2026-07-30T22:23:13Z
412,9,16,18.4,standard,2026-07-30T22:23:13Z
412,9,17,18.4,standard,2026-07-30T22:23:13Z
412,9,18,18.4,standard,2026-07-30T22:23:13Z
412,9,19,18.4,standard,2026-07-30T22:23:13Z
412,9,2,18.4,standard,2026-07-30T22:23:13Z
412,9,20,18.4,standard,2026-07-30T22:23:13Z
412,9,21,18.4,standard,2026-07-30T22:23:13Z
412,9,22,18.4,standard,2026-07-30T22:23:13Z
412,9,23,18.4,standard,2026-07-30T22:23:13Z
412,9,24,18.4,standard,2026-07-30T22:23:13Z
412,9,25,18.4,standard,2026-07-30T22:23:13Z
412,9,26,18.4,standard,2026-07-30T22:23:13Z
412,9,27,18.4,standard,2026-07-30T22:23:13Z
412,9,28,18.4,standard,2026-07-30T22:23:13Z
412,9,29,18.4,standard,2026-07-30T22:23:13Z
412,9,3,18.4,standard,2026-07-30T22:23:13Z
412,9,30,18.4,standard,2026-07-30T22:23:13Z
412,9,31,18.4,standard,2026-07-30T22:23:13Z
412,9,32,18.4,standard,2026-07-30T22:23:13Z
412,9,33,18.4,standard,2026-07-30T22:23:13Z
412,9,34,18.4,standard,2026-07-30T22:23:13Z
412,9,35,18.4,standard,2026-07-30T22:23:13Z
412,9,36,18.4,standard,2026-07-30T22:23:13Z
412,9,37,18.4,standard,2026-07-30T22:23:13Z
413,3,18,18.4,standard,2026-07-30T22:23:13Z
413,8,8,18.4,standard,2026-07-30T22:23:13Z
413,8,9,18.4,standard,2026-07-30T22:23:13Z
413,8,12,18.4,standard,2026-07-30T22:23:13Z
413,8,13,18.4,standard,2026-07-30T22:23:13Z
413,9,11,18.4,standard,2026-07-30T22:23:13Z
413,9,12,18.4,standard,2026-07-30T22:23:13Z
413,9,13,18.4,standard,2026-07-30T22:23:13Z
413,9,14,18.4,standard,2026-07-30T22:23:13Z
415,12,3,18.4,standard,2026-07-30T22:23:13Z
415,12,5,18.4,standard,2026-07-30T22:23:13Z
415,12,6,18.4,standard,2026-07-30T22:23:13Z
417,11,15,18.4,standard,2026-07-30T22:23:13Z
417,11,16,18.4,standard,2026-07-30T22:23:13Z
417,11,17,18.4,standard,2026-07-30T22:23:13Z
417,11,18,18.4,standard,2026-07-30T22:23:13Z
417,11,19,18.4,standard,2026-07-30T22:23:13Z
417,12,11,18.4,standard,2026-07-30T22:23:13Z
417,12,12,18.4,standard,2026-07-30T22:23:13Z
417,12,13,18.4,standard,2026-07-30T22:23:13Z
417,12,14,18.4,standard,2026-07-30T22:23:13Z
417,12,15,18.4,standard,2026-07-30T22:23:13Z
417,12,16,18.4,standard,2026-07-30T22:23:13Z
417,12,17,18.4,standard,2026-07-30T22:23:13Z
417,12,18,18.4,standard,2026-07-30T22:23:13Z
417,12,19,18.4,standard,2026-07-30T22:23:13Z
417,12,20,18.4,standard,2026-07-30T22:23:13Z
417,12,21,18.4,standard,2026-07-30T22:23:13Z
417,12,22,18.4,standard,2026-07-30T22:23:13Z
417,12,23,18.4,standard,2026-07-30T22:23:13Z
417,12,24,18.4,standard,2026-07-30T22:23:13Z
417,12,25,18.4,standard,2026-07-30T22:23:13Z
417,12,26,18.4,standard,2026-07-30T22:23:13Z
417,9,10,18.4,standard,2026-07-30T22:23:13Z
418,11,15,18.4,standard,2026-07-30T22:23:13Z
418,11,16,18.4,standard,2026-07-30T22:23:13Z
418,12,17,18.4,standard,2026-07-30T22:23:13Z
418,12,18,18.4,standard,2026-07-30T22:23:13Z
418,12,19,18.4,standard,2026-07-30T22:23:13Z
418,12,20,18.4,standard,2026-07-30T22:23:13Z
418,12,21,18.4,standard,2026-07-30T22:23:13Z
418,6,4,18.4,standard,2026-07-30T22:23:13Z
418,6,5,18.4,standard,2026-07-30T22:23:13Z
42,10,11,18.4,standard,2026-07-30T22:23:13Z
42,10,12,18.4,standard,2026-07-30T22:23:13Z
420,2,7,18.4,standard,2026-07-30T22:23:13Z
420,2,8,18.4,standard,2026-07-30T22:23:13Z
420,3,5,18.4,standard,2026-07-30T22:23:13Z
420,3,6,18.4,standard,2026-07-30T22:23:13Z
420,3,15,18.4,standard,2026-07-30T22:23:13Z
420,3,16,18.4,standard,2026-07-30T22:23:13Z
420,8,5,18.4,standard,2026-07-30T22:23:13Z
420,8,6,18.4,standard,2026-07-30T22:23:13Z
422,1,17,18.4,standard,2026-07-30T22:23:13Z
422,1,18,18.4,standard,2026-07-30T22:23:13Z
422,5,21,18.4,standard,2026-07-30T22:23:13Z
422,5,22,18.4,standard,2026-07-30T22:23:13Z
422,7,8,18.4,standard,2026-07-30T22:23:13Z
422,7,9,18.4,standard,2026-07-30T22:23:13Z
423,3,1,18.4,standard,2026-07-30T22:23:13Z
423,3,2,18.4,standard,2026-07-30T22:23:13Z
424,10,19,18.4,standard,2026-07-30T22:23:13Z
424,10,20,18.4,standard,2026-07-30T22:23:13Z
425,11,21,18.4,standard,2026-07-30T22:23:13Z
425,11,22,18.4,standard,2026-07-30T22:23:13Z
425,9,13,18.4,standard,2026-07-30T22:23:13Z
425,9,14,18.4,standard,2026-07-30T22:23:13Z
426,11,22,18.4,standard,2026-07-30T22:23:13Z
426,11,23,18.4,standard,2026-07-30T22:23:13Z
426,12,12,18.4,standard,2026-07-30T22:23:13Z
426,12,13,18.4,standard,2026-07-30T22:23:13Z
426,12,14,18.4,standard,2026-07-30T22:23:13Z
426,12,15,18.4,standard,2026-07-30T22:23:13Z
426,4,18,18.4,standard,2026-07-30T22:23:13Z
426,4,19,18.4,standard,2026-07-30T22:23:13Z
427,10,24,18.4,standard,2026-07-30T22:23:13Z
427,10,25,18.4,standard,2026-07-30T22:23:13Z
427,11,18,18.4,standard,2026-07-30T22:23:13Z
427,11,19,18.4,standard,2026-07-30T22:23:13Z
427,11,6,18.4,standard,2026-07-30T22:23:13Z
427,11,7,18.4,standard,2026-07-30T22:23:13Z
427,11,8,18.4,standard,2026-07-30T22:23:13Z
427,8,7,18.4,standard,2026-07-30T22:23:13Z
427,8,8,18.4,standard,2026-07-30T22:23:13Z
427,9,7,18.4,standard,2026-07-30T22:23:13Z
427,9,8,18.4,standard,2026-07-30T22:23:13Z
428,10,8,18.4,standard,2026-07-30T22:23:13Z
428,10,9,18.4,standard,2026-07-30T22:23:13Z
428,11,13,18.4,standard,2026-07-30T22:23:13Z
428,11,14,18.4,standard,2026-07-30T22:23:13Z
428,11,15,18.4,standard,2026-07-30T22:23:13Z
428,11,16,18.4,standard,2026-07-30T22:23:13Z
428,8,2,18.4,standard,2026-07-30T22:23:13Z
428,8,3,18.4,standard,2026-07-30T22:23:13Z
428,9,11,18.4,standard,2026-07-30T22:23:13Z
428,9,12,18.4,standard,2026-07-30T22:23:13Z
429,10,10,18.4,standard,2026-07-30T22:23:13Z
429,10,11,18.4,standard,2026-07-30T22:23:13Z
429,10,12,18.4,standard,2026-07-30T22:23:13Z
429,10,14,18.4,standard,2026-07-30T22:23:13Z
429,10,15,18.4,standard,2026-07-30T22:23:13Z
429,12,10,18.4,standard,2026-07-30T22:23:13Z
429,12,11,18.4,standard,2026-07-30T22:23:13Z
429,12,12,18.4,standard,2026-07-30T22:23:13Z
429,12,13,18.4,standard,2026-07-30T22:23:13Z
429,12,14,18.4,standard,2026-07-30T22:23:13Z
429,12,15,18.4,standard,2026-07-30T22:23:13Z
429,12,16,18.4,standard,2026-07-30T22:23:13Z
429,12,2,18.4,standard,2026-07-30T22:23:13Z
429,12,3,18.4,standard,2026-07-30T22:23:13Z
429,12,4,18.4,standard,2026-07-30T22:23:13Z
429,12,5,18.4,standard,2026-07-30T22:23:13Z
429,12,6,18.4,standard,2026-07-30T22:23:13Z
429,12,7,18.4,standard,2026-07-30T22:23:13Z
429,12,8,18.4,standard,2026-07-30T22:23:13Z
429,12,9,18.4,standard,2026-07-30T22:23:13Z
429,9,4,18.4,standard,2026-07-30T22:23:13Z
429,9,5,18.4,standard,2026-07-30T22:23:13Z
429,9,8,18.4,standard,2026-07-30T22:23:13Z
429,9,9,18.4,standard,2026-07-30T22:23:13Z
429,9,10,18.4,standard,2026-07-30T22:23:13Z
429,9,11,18.4,standard,2026-07-30T22:23:13Z
429,9,12,18.4,standard,2026-07-30T22:23:13Z
429,9,13,18.4,standard,2026-07-30T22:23:13Z
429,9,3,18.4,standard,2026-07-30T22:23:13Z
430,11,11,18.4,standard,2026-07-30T22:23:13Z
430,11,12,18.4,standard,2026-07-30T22:23:13Z
430,11,13,18.4,standard,2026-07-30T22:23:13Z
430,11,14,18.4,standard,2026-07-30T22:23:13Z
430,11,15,18.4,standard,2026-07-30T22:23:13Z
430,11,16,18.4,standard,2026-07-30T22:23:13Z
430,11,17,18.4,standard,2026-07-30T22:23:13Z
430,11,18,18.4,standard,2026-07-30T22:23:13Z
430,11,19,18.4,standard,2026-07-30T22:23:13Z
430,11,20,18.4,standard,2026-07-30T22:23:13Z
430,11,21,18.4,standard,2026-07-30T22:23:13Z
430,11,22,18.4,standard,2026-07-30T22:23:13Z
430,11,23,18.4,standard,2026-07-30T22:23:13Z
430,11,24,18.4,standard,2026-07-30T22:23:13Z
430,12,11,18.4,standard,2026-07-30T22:23:13Z
430,12,12,18.4,standard,2026-07-30T22:23:13Z
430,12,13,18.4,standard,2026-07-30T22:23:13Z
430,12,14,18.4,standard,2026-07-30T22:23:13Z
430,12,15,18.4,standard,2026-07-30T22:23:13Z
430,12,16,18.4,standard,2026-07-30T22:23:13Z
430,12,17,18.4,standard,2026-07-30T22:23:13Z
430,12,18,18.4,standard,2026-07-30T22:23:13Z
430,12,19,18.4,standard,2026-07-30T22:23:13Z
430,12,20,18.4,standard,2026-07-30T22:23:13Z
430,12,21,18.4,standard,2026-07-30T22:23:13Z
430,12,22,18.4,standard,2026-07-30T22:23:13Z
430,12,23,18.4,standard,2026-07-30T22:23:13Z
430,12,24,18.4,standard,2026-07-30T22:23:13Z
430,2,27,18.4,standard,2026-07-30T22:23:13Z
430,2,28,18.4,standard,2026-07-30T22:23:13Z
430,3,7,18.4,standard,2026-07-30T22:23:13Z
430,3,8,18.4,standard,2026-07-30T22:23:13Z
430,3,9,18.4,standard,2026-07-30T22:23:13Z
430,5,6,18.4,standard,2026-07-30T22:23:13Z
430,6,15,18.4,standard,2026-07-30T22:23:13Z
430,6,16,18.4,standard,2026-07-30T22:23:13Z
430,6,17,18.4,standard,2026-07-30T22:23:13Z
430,6,18,18.4,standard,2026-07-30T22:23:13Z
430,6,19,18.4,standard,2026-07-30T22:23:13Z
430,6,20,18.4,standard,2026-07-30T22:23:13Z
430,6,21,18.4,standard,2026-07-30T22:23:13Z
430,6,26,18.4,standard,2026-07-30T22:23:13Z
430,6,27,18.4,standard,2026-07-30T22:23:13Z
430,7,19,18.4,standard,2026-07-30T22:23:13Z
430,7,21,18.4,standard,2026-07-30T22:23:13Z
430,7,22,18.4,standard,2026-07-30T22:23:13Z
430,7,23,18.4,standard,2026-07-30T22:23:13Z
430,7,24,18.4,standard,2026-07-30T22:23:13Z
430,7,25,18.4,standard,2026-07-30T22:23:13Z
430,8,7,18.4,standard,2026-07-30T22:23:13Z
430,8,8,18.4,standard,2026-07-30T22:23:13Z
431,10,10,18.4,standard,2026-07-30T22:23:13Z
431,10,11,18.4,standard,2026-07-30T22:23:13Z
431,10,12,18.4,standard,2026-07-30T22:23:13Z
431,10,13,18.4,standard,2026-07-30T22:23:13Z
431,10,14,18.4,standard,2026-07-30T22:23:13Z
431,10,15,18.4,standard,2026-07-30T22:23:13Z
431,10,16,18.4,standard,2026-07-30T22:23:13Z
431,10,17,18.4,standard,2026-07-30T22:23:13Z
431,10,18,18.4,standard,2026-07-30T22:23:13Z
431,10,19,18.4,standard,2026-07-30T22:23:13Z
431,10,20,18.4,standard,2026-07-30T22:23:13Z
431,10,21,18.4,standard,2026-07-30T22:23:13Z
431,10,22,18.4,standard,2026-07-30T22:23:13Z
431,10,23,18.4,standard,2026-07-30T22:23:13Z
431,10,24,18.4,standard,2026-07-30T22:23:13Z
431,10,3,18.4,standard,2026-07-30T22:23:13Z
431,10,4,18.4,standard,2026-07-30T22:23:13Z
431,10,5,18.4,standard,2026-07-30T22:23:13Z
431,10,6,18.4,standard,2026-07-30T22:23:13Z
431,10,7,18.4,standard,2026-07-30T22:23:13Z
431,10,8,18.4,standard,2026-07-30T22:23:13Z
431,10,9,18.4,standard,2026-07-30T22:23:13Z
431,11,10,18.4,standard,2026-07-30T22:23:13Z
431,11,11,18.4,standard,2026-07-30T22:23:13Z
431,11,12,18.4,standard,2026-07-30T22:23:13Z
431,11,13,18.4,standard,2026-07-30T22:23:13Z
431,11,14,18.4,standard,2026-07-30T22:23:13Z
431,11,15,18.4,standard,2026-07-30T22:23:13Z
431,11,16,18.4,standard,2026-07-30T22:23:13Z
431,11,2,18.4,standard,2026-07-30T22:23:13Z
431,11,3,18.4,standard,2026-07-30T22:23:13Z
431,11,4,18.4,standard,2026-07-30T22:23:13Z
431,11,5,18.4,standard,2026-07-30T22:23:13Z
431,11,6,18.4,standard,2026-07-30T22:23:13Z
431,11,7,18.4,standard,2026-07-30T22:23:13Z
431,11,8,18.4,standard,2026-07-30T22:23:13Z
431,11,9,18.4,standard,2026-07-30T22:23:13Z
431,12,10,18.4,standard,2026-07-30T22:23:13Z
431,12,11,18.4,standard,2026-07-30T22:23:13Z
431,12,12,18.4,standard,2026-07-30T22:23:13Z
431,12,13,18.4,standard,2026-07-30T22:23:13Z
431,12,14,18.4,standard,2026-07-30T22:23:13Z
431,12,15,18.4,standard,2026-07-30T22:23:13Z
431,12,16,18.4,standard,2026-07-30T22:23:13Z
431,12,9,18.4,standard,2026-07-30T22:23:13Z
431,4,14,18.4,standard,2026-07-30T22:23:13Z
431,4,15,18.4,standard,2026-07-30T22:23:13Z
431,4,16,18.4,standard,2026-07-30T22:23:13Z
431,4,17,18.4,standard,2026-07-30T22:23:13Z
431,5,9,18.4,standard,2026-07-30T22:23:13Z
431,5,10,18.4,standard,2026-07-30T22:23:13Z
431,6,10,18.4,standard,2026-07-30T22:23:13Z
431,6,11,18.4,standard,2026-07-30T22:23:13Z
431,6,12,18.4,standard,2026-07-30T22:23:13Z
431,6,13,18.4,standard,2026-07-30T22:23:13Z
431,7,1,18.4,standard,2026-07-30T22:23:13Z
431,7,2,18.4,standard,2026-07-30T22:23:13Z
431,8,4,18.4,standard,2026-07-30T22:23:13Z
431,8,5,18.4,standard,2026-07-30T22:23:13Z
431,8,6,18.4,standard,2026-07-30T22:23:13Z
431,8,12,18.4,standard,2026-07-30T22:23:13Z
431,8,13,18.4,standard,2026-07-30T22:23:13Z
431,8,15,18.4,standard,2026-07-30T22:23:13Z
431,8,16,18.4,standard,2026-07-30T22:23:13Z
431,8,17,18.4,standard,2026-07-30T22:23:13Z
431,8,18,18.4,standard,2026-07-30T22:23:13Z
431,8,3,18.4,standard,2026-07-30T22:23:13Z
431,9,5,18.4,standard,2026-07-30T22:23:13Z
431,9,6,18.4,standard,2026-07-30T22:23:13Z
431,9,7,18.4,standard,2026-07-30T22:23:13Z
431,9,8,18.4,standard,2026-07-30T22:23:13Z
431,9,9,18.4,standard,2026-07-30T22:23:13Z
431,9,1,18.4,standard,2026-07-30T22:23:13Z
431,9,10,18.4,standard,2026-07-30T22:23:13Z
431,9,11,18.4,standard,2026-07-30T22:23:13Z
431,9,12,18.4,standard,2026-07-30T22:23:13Z
431,9,2,18.4,standard,2026-07-30T22:23:13Z
431,9,21,18.4,standard,2026-07-30T22:23:13Z
431,9,22,18.4,standard,2026-07-30T22:23:13Z
431,9,23,18.4,standard,2026-07-30T22:23:13Z
431,9,24,18.4,standard,2026-07-30T22:23:13Z
433,10,10,18.4,standard,2026-07-30T22:23:13Z
433,10,3,18.4,standard,2026-07-30T22:23:13Z
433,10,4,18.4,standard,2026-07-30T22:23:13Z
433,10,5,18.4,standard,2026-07-30T22:23:13Z
433,10,6,18.4,standard,2026-07-30T22:23:13Z
433,10,7,18.4,standard,2026-07-30T22:23:13Z
433,10,8,18.4,standard,2026-07-30T22:23:13Z
433,10,9,18.4,standard,2026-07-30T22:23:13Z
433,11,10,18.4,standard,2026-07-30T22:23:13Z
433,11,11,18.4,standard,2026-07-30T22:23:13Z
433,11,12,18.4,standard,2026-07-30T22:23:13Z
433,11,13,18.4,standard,2026-07-30T22:23:13Z
433,11,14,18.4,standard,2026-07-30T22:23:13Z
433,11,15,18.4,standard,2026-07-30T22:23:13Z
433,11,16,18.4,standard,2026-07-30T22:23:13Z
433,11,2,18.4,standard,2026-07-30T22:23:13Z
433,11,3,18.4,standard,2026-07-30T22:23:13Z
433,11,4,18.4,standard,2026-07-30T22:23:13Z
433,11,5,18.4,standard,2026-07-30T22:23:13Z
433,11,6,18.4,standard,2026-07-30T22:23:13Z
433,11,7,18.4,standard,2026-07-30T22:23:13Z
433,11,8,18.4,standard,2026-07-30T22:23:13Z
433,11,9,18.4,standard,2026-07-30T22:23:13Z
433,12,10,18.4,standard,2026-07-30T22:23:13Z
433,12,11,18.4,standard,2026-07-30T22:23:13Z
433,12,12,18.4,standard,2026-07-30T22:23:13Z
433,12,13,18.4,standard,2026-07-30T22:23:13Z
433,12,14,18.4,standard,2026-07-30T22:23:13Z
433,12,15,18.4,standard,2026-07-30T22:23:13Z
433,12,16,18.4,standard,2026-07-30T22:23:13Z
433,12,17,18.4,standard,2026-07-30T22:23:13Z
433,12,18,18.4,standard,2026-07-30T22:23:13Z
433,12,19,18.4,standard,2026-07-30T22:23:13Z
433,12,20,18.4,standard,2026-07-30T22:23:13Z
433,12,21,18.4,standard,2026-07-30T22:23:13Z
433,12,22,18.4,standard,2026-07-30T22:23:13Z
433,12,23,18.4,standard,2026-07-30T22:23:13Z
433,12,24,18.4,standard,2026-07-30T22:23:13Z
433,4,4,18.4,standard,2026-07-30T22:23:13Z
433,4,5,18.4,standard,2026-07-30T22:23:13Z
433,4,6,18.4,standard,2026-07-30T22:23:13Z
433,4,9,18.4,standard,2026-07-30T22:23:13Z
433,4,10,18.4,standard,2026-07-30T22:23:13Z
433,5,7,18.4,standard,2026-07-30T22:23:13Z
433,5,8,18.4,standard,2026-07-30T22:23:13Z
433,5,9,18.4,standard,2026-07-30T22:23:13Z
433,6,1,18.4,standard,2026-07-30T22:23:13Z
433,6,14,18.4,standard,2026-07-30T22:23:13Z
433,6,15,18.4,standard,2026-07-30T22:23:13Z
433,6,16,18.4,standard,2026-07-30T22:23:13Z
433,6,17,18.4,standard,2026-07-30T22:23:13Z
433,6,2,18.4,standard,2026-07-30T22:23:13Z
433,7,8,18.4,standard,2026-07-30T22:23:13Z
433,7,9,18.4,standard,2026-07-30T22:23:13Z
433,7,10,18.4,standard,2026-07-30T22:23:13Z
433,7,11,18.4,standard,2026-07-30T22:23:13Z
433,7,12,18.4,standard,2026-07-30T22:23:13Z
433,7,13,18.4,standard,2026-07-30T22:23:13Z
433,7,14,18.4,standard,2026-07-30T22:23:13Z
433,7,15,18.4,standard,2026-07-30T22:23:13Z
433,8,20,18.4,standard,2026-07-30T22:23:13Z
433,8,21,18.4,standard,2026-07-30T22:23:13Z
433,9,4,18.4,standard,2026-07-30T22:23:13Z
433,9,5,18.4,standard,2026-07-30T22:23:13Z
433,9,6,18.4,standard,2026-07-30T22:23:13Z
433,9,7,18.4,standard,2026-07-30T22:23:13Z
433,9,8,18.4,standard,2026-07-30T22:23:13Z
433,9,9,18.4,standard,2026-07-30T22:23:13Z
433,9,10,18.4,standard,2026-07-30T22:23:13Z
433,9,11,18.4,standard,2026-07-30T22:23:13Z
433,9,12,18.4,standard,2026-07-30T22:23:13Z
433,9,13,18.4,standard,2026-07-30T22:23:13Z
433,9,14,18.4,standard,2026-07-30T22:23:13Z
433,9,15,18.4,standard,2026-07-30T22:23:13Z
433,9,16,18.4,standard,2026-07-30T22:23:13Z
433,9,17,18.4,standard,2026-07-30T22:23:13Z
433,9,18,18.4,standard,2026-07-30T22:23:13Z
433,9,19,18.4,standard,2026-07-30T22:23:13Z
433,9,20,18.4,standard,2026-07-30T22:23:13Z
433,9,21,18.4,standard,2026-07-30T22:23:13Z
433,9,22,18.4,standard,2026-07-30T22:23:13Z
433,9,23,18.4,standard,2026-07-30T22:23:13Z
433,9,24,18.4,standard,2026-07-30T22:23:13Z
435,10,10,18.4,standard,2026-07-30T22:23:13Z
435,10,11,18.4,standard,2026-07-30T22:23:13Z
435,10,12,18.4,standard,2026-07-30T22:23:13Z
435,10,13,18.4,standard,2026-07-30T22:23:13Z
435,10,14,18.4,standard,2026-07-30T22:23:13Z
435,10,15,18.4,standard,2026-07-30T22:23:13Z
435,10,16,18.4,standard,2026-07-30T22:23:13Z
435,10,17,18.4,standard,2026-07-30T22:23:13Z
435,10,18,18.4,standard,2026-07-30T22:23:13Z
435,10,19,18.4,standard,2026-07-30T22:23:13Z
435,10,20,18.4,standard,2026-07-30T22:23:13Z
435,10,21,18.4,standard,2026-07-30T22:23:13Z
435,10,22,18.4,standard,2026-07-30T22:23:13Z
435,10,23,18.4,standard,2026-07-30T22:23:13Z
435,10,24,18.4,standard,2026-07-30T22:23:13Z
435,10,3,18.4,standard,2026-07-30T22:23:13Z
435,10,4,18.4,standard,2026-07-30T22:23:13Z
435,10,5,18.4,standard,2026-07-30T22:23:13Z
435,10,6,18.4,standard,2026-07-30T22:23:13Z
435,10,7,18.4,standard,2026-07-30T22:23:13Z
435,10,8,18.4,standard,2026-07-30T22:23:13Z
435,10,9,18.4,standard,2026-07-30T22:23:13Z
435,11,10,18.4,standard,2026-07-30T22:23:13Z
435,11,11,18.4,standard,2026-07-30T22:23:13Z
435,11,12,18.4,standard,2026-07-30T22:23:13Z
435,11,13,18.4,standard,2026-07-30T22:23:13Z
435,11,14,18.4,standard,2026-07-30T22:23:13Z
435,11,15,18.4,standard,2026-07-30T22:23:13Z
435,11,16,18.4,standard,2026-07-30T22:23:13Z
435,11,2,18.4,standard,2026-07-30T22:23:13Z
435,11,3,18.4,standard,2026-07-30T22:23:13Z
435,11,4,18.4,standard,2026-07-30T22:23:13Z
435,11,5,18.4,standard,2026-07-30T22:23:13Z
435,11,6,18.4,standard,2026-07-30T22:23:13Z
435,11,7,18.4,standard,2026-07-30T22:23:13Z
435,11,8,18.4,standard,2026-07-30T22:23:13Z
435,11,9,18.4,standard,2026-07-30T22:23:13Z
435,12,10,18.4,standard,2026-07-30T22:23:13Z
435,12,11,18.4,standard,2026-07-30T22:23:13Z
435,12,12,18.4,standard,2026-07-30T22:23:13Z
435,12,13,18.4,standard,2026-07-30T22:23:13Z
435,12,14,18.4,standard,2026-07-30T22:23:13Z
435,12,15,18.4,standard,2026-07-30T22:23:13Z
435,12,16,18.4,standard,2026-07-30T22:23:13Z
435,12,17,18.4,standard,2026-07-30T22:23:13Z
435,12,18,18.4,standard,2026-07-30T22:23:13Z
435,12,19,18.4,standard,2026-07-30T22:23:13Z
435,12,20,18.4,standard,2026-07-30T22:23:13Z
435,12,21,18.4,standard,2026-07-30T22:23:13Z
435,12,22,18.4,standard,2026-07-30T22:23:13Z
435,12,23,18.4,standard,2026-07-30T22:23:13Z
435,12,24,18.4,standard,2026-07-30T22:23:13Z
435,12,25,18.4,standard,2026-07-30T22:23:13Z
435,12,26,18.4,standard,2026-07-30T22:23:13Z
435,12,9,18.4,standard,2026-07-30T22:23:13Z
435,7,4,18.4,standard,2026-07-30T22:23:13Z
435,7,5,18.4,standard,2026-07-30T22:23:13Z
435,7,6,18.4,standard,2026-07-30T22:23:13Z
435,7,7,18.4,standard,2026-07-30T22:23:13Z
435,7,8,18.4,standard,2026-07-30T22:23:13Z
435,7,9,18.4,standard,2026-07-30T22:23:13Z
435,7,10,18.4,standard,2026-07-30T22:23:13Z
435,7,11,18.4,standard,2026-07-30T22:23:13Z
435,7,12,18.4,standard,2026-07-30T22:23:13Z
435,7,13,18.4,standard,2026-07-30T22:23:13Z
435,7,3,18.4,standard,2026-07-30T22:23:13Z
435,8,4,18.4,standard,2026-07-30T22:23:13Z
435,8,5,18.4,standard,2026-07-30T22:23:13Z
435,8,6,18.4,standard,2026-07-30T22:23:13Z
435,8,7,18.4,standard,2026-07-30T22:23:13Z
435,8,8,18.4,standard,2026-07-30T22:23:13Z
435,8,9,18.4,standard,2026-07-30T22:23:13Z
435,8,1,18.4,standard,2026-07-30T22:23:13Z
435,8,10,18.4,standard,2026-07-30T22:23:13Z
435,8,11,18.4,standard,2026-07-30T22:23:13Z
435,8,12,18.4,standard,2026-07-30T22:23:13Z
435,8,13,18.4,standard,2026-07-30T22:23:13Z
435,8,14,18.4,standard,2026-07-30T22:23:13Z
435,8,15,18.4,standard,2026-07-30T22:23:13Z
435,8,16,18.4,standard,2026-07-30T22:23:13Z
435,8,17,18.4,standard,2026-07-30T22:23:13Z
435,8,18,18.4,standard,2026-07-30T22:23:13Z
435,8,19,18.4,standard,2026-07-30T22:23:13Z
435,8,2,18.4,standard,2026-07-30T22:23:13Z
435,8,20,18.4,standard,2026-07-30T22:23:13Z
435,8,21,18.4,standard,2026-07-30T22:23:13Z
435,8,22,18.4,standard,2026-07-30T22:23:13Z
435,8,23,18.4,standard,2026-07-30T22:23:13Z
435,8,24,18.4,standard,2026-07-30T22:23:13Z
435,8,3,18.4,standard,2026-07-30T22:23:13Z
435,9,4,18.4,standard,2026-07-30T22:23:13Z
435,9,5,18.4,standard,2026-07-30T22:23:13Z
435,9,6,18.4,standard,2026-07-30T22:23:13Z
435,9,7,18.4,standard,2026-07-30T22:23:13Z
435,9,8,18.4,standard,2026-07-30T22:23:13Z
435,9,9,18.4,standard,2026-07-30T22:23:13Z
435,9,10,18.4,standard,2026-07-30T22:23:13Z
435,9,11,18.4,standard,2026-07-30T22:23:13Z
435,9,12,18.4,standard,2026-07-30T22:23:13Z
435,9,13,18.4,standard,2026-07-30T22:23:13Z
435,9,14,18.4,standard,2026-07-30T22:23:13Z
435,9,15,18.4,standard,2026-07-30T22:23:13Z
435,9,16,18.4,standard,2026-07-30T22:23:13Z
435,9,17,18.4,standard,2026-07-30T22:23:13Z
435,9,18,18.4,standard,2026-07-30T22:23:13Z
435,9,19,18.4,standard,2026-07-30T22:23:13Z
435,9,2,18.4,standard,2026-07-30T22:23:13Z
435,9,20,18.4,standard,2026-07-30T22:23:13Z
435,9,21,18.4,standard,2026-07-30T22:23:13Z
435,9,22,18.4,standard,2026-07-30T22:23:13Z
435,9,23,18.4,standard,2026-07-30T22:23:13Z
435,9,24,18.4,standard,2026-07-30T22:23:13Z
435,9,3,18.4,standard,2026-07-30T22:23:13Z
437,10,10,18.4,standard,2026-07-30T22:23:13Z
437,10,11,18.4,standard,2026-07-30T22:23:13Z
437,10,12,18.4,standard,2026-07-30T22:23:13Z
437,10,13,18.4,standard,2026-07-30T22:23:13Z
437,10,14,18.4,standard,2026-07-30T22:23:13Z
437,10,15,18.4,standard,2026-07-30T22:23:13Z
437,10,16,18.4,standard,2026-07-30T22:23:13Z
437,10,17,18.4,standard,2026-07-30T22:23:13Z
437,10,18,18.4,standard,2026-07-30T22:23:13Z
437,10,19,18.4,standard,2026-07-30T22:23:13Z
437,10,20,18.4,standard,2026-07-30T22:23:13Z
437,10,21,18.4,standard,2026-07-30T22:23:13Z
437,10,22,18.4,standard,2026-07-30T22:23:13Z
437,10,23,18.4,standard,2026-07-30T22:23:13Z
437,10,24,18.4,standard,2026-07-30T22:23:13Z
437,10,3,18.4,standard,2026-07-30T22:23:13Z
437,10,4,18.4,standard,2026-07-30T22:23:13Z
437,10,5,18.4,standard,2026-07-30T22:23:13Z
437,10,6,18.4,standard,2026-07-30T22:23:13Z
437,10,7,18.4,standard,2026-07-30T22:23:13Z
437,10,8,18.4,standard,2026-07-30T22:23:13Z
437,10,9,18.4,standard,2026-07-30T22:23:13Z
437,11,10,18.4,standard,2026-07-30T22:23:13Z
437,11,11,18.4,standard,2026-07-30T22:23:13Z
437,11,12,18.4,standard,2026-07-30T22:23:13Z
437,11,13,18.4,standard,2026-07-30T22:23:13Z
437,11,14,18.4,standard,2026-07-30T22:23:13Z
437,11,15,18.4,standard,2026-07-30T22:23:13Z
437,11,16,18.4,standard,2026-07-30T22:23:13Z
437,11,2,18.4,standard,2026-07-30T22:23:13Z
437,11,3,18.4,standard,2026-07-30T22:23:13Z
437,11,4,18.4,standard,2026-07-30T22:23:13Z
437,11,5,18.4,standard,2026-07-30T22:23:13Z
437,11,6,18.4,standard,2026-07-30T22:23:13Z
437,11,7,18.4,standard,2026-07-30T22:23:13Z
437,11,8,18.4,standard,2026-07-30T22:23:13Z
437,11,9,18.4,standard,2026-07-30T22:23:13Z
437,12,10,18.4,standard,2026-07-30T22:23:13Z
437,12,11,18.4,standard,2026-07-30T22:23:13Z
437,12,12,18.4,standard,2026-07-30T22:23:13Z
437,12,13,18.4,standard,2026-07-30T22:23:13Z
437,12,14,18.4,standard,2026-07-30T22:23:13Z
437,12,15,18.4,standard,2026-07-30T22:23:13Z
437,12,16,18.4,standard,2026-07-30T22:23:13Z
437,12,17,18.4,standard,2026-07-30T22:23:13Z
437,12,18,18.4,standard,2026-07-30T22:23:13Z
437,12,19,18.4,standard,2026-07-30T22:23:13Z
437,12,20,18.4,standard,2026-07-30T22:23:13Z
437,12,21,18.4,standard,2026-07-30T22:23:13Z
437,12,22,18.4,standard,2026-07-30T22:23:13Z
437,12,23,18.4,standard,2026-07-30T22:23:13Z
437,12,9,18.4,standard,2026-07-30T22:23:13Z
437,9,4,18.4,standard,2026-07-30T22:23:13Z
437,9,5,18.4,standard,2026-07-30T22:23:13Z
437,9,6,18.4,standard,2026-07-30T22:23:13Z
437,9,7,18.4,standard,2026-07-30T22:23:13Z
437,9,8,18.4,standard,2026-07-30T22:23:13Z
437,9,9,18.4,standard,2026-07-30T22:23:13Z
437,9,10,18.4,standard,2026-07-30T22:23:13Z
437,9,11,18.4,standard,2026-07-30T22:23:13Z
437,9,12,18.4,standard,2026-07-30T22:23:13Z
437,9,13,18.4,standard,2026-07-30T22:23:13Z
437,9,14,18.4,standard,2026-07-30T22:23:13Z
437,9,15,18.4,standard,2026-07-30T22:23:13Z
437,9,16,18.4,standard,2026-07-30T22:23:13Z
437,9,17,18.4,standard,2026-07-30T22:23:13Z
437,9,18,18.4,standard,2026-07-30T22:23:13Z
437,9,19,18.4,standard,2026-07-30T22:23:13Z
437,9,20,18.4,standard,2026-07-30T22:23:13Z
437,9,21,18.4,standard,2026-07-30T22:23:13Z
437,9,22,18.4,standard,2026-07-30T22:23:13Z
437,9,23,18.4,standard,2026-07-30T22:23:13Z
437,9,24,18.4,standard,2026-07-30T22:23:13Z
437,9,3,18.4,standard,2026-07-30T22:23:13Z
438,5,8,18.4,standard,2026-07-30T22:23:13Z
438,5,9,18.4,standard,2026-07-30T22:23:13Z
438,5,10,18.4,standard,2026-07-30T22:23:13Z
438,5,11,18.4,standard,2026-07-30T22:23:13Z
438,5,12,18.4,standard,2026-07-30T22:23:13Z
438,5,13,18.4,standard,2026-07-30T22:23:13Z
438,5,14,18.4,standard,2026-07-30T22:23:13Z
438,5,15,18.4,standard,2026-07-30T22:23:13Z
438,5,16,18.4,standard,2026-07-30T22:23:13Z
438,5,17,18.4,standard,2026-07-30T22:23:13Z
438,5,18,18.4,standard,2026-07-30T22:23:13Z
438,5,19,18.4,standard,2026-07-30T22:23:13Z
438,6,5,18.4,standard,2026-07-30T22:23:13Z
438,6,6,18.4,standard,2026-07-30T22:23:13Z
438,6,7,18.4,standard,2026-07-30T22:23:13Z
438,6,8,18.4,standard,2026-07-30T22:23:13Z
438,6,9,18.4,standard,2026-07-30T22:23:13Z
438,6,1,18.4,standard,2026-07-30T22:23:13Z
438,6,10,18.4,standard,2026-07-30T22:23:13Z
438,6,11,18.4,standard,2026-07-30T22:23:13Z
438,6,12,18.4,standard,2026-07-30T22:23:13Z
438,6,13,18.4,standard,2026-07-30T22:23:13Z
438,6,14,18.4,standard,2026-07-30T22:23:13Z
438,6,15,18.4,standard,2026-07-30T22:23:13Z
438,6,16,18.4,standard,2026-07-30T22:23:13Z
438,6,17,18.4,standard,2026-07-30T22:23:13Z
438,6,18,18.4,standard,2026-07-30T22:23:13Z
438,6,19,18.4,standard,2026-07-30T22:23:13Z
438,7,4,18.4,standard,2026-07-30T22:23:13Z
438,7,5,18.4,standard,2026-07-30T22:23:13Z
438,7,6,18.4,standard,2026-07-30T22:23:13Z
438,7,7,18.4,standard,2026-07-30T22:23:13Z
438,7,8,18.4,standard,2026-07-30T22:23:13Z
438,7,9,18.4,standard,2026-07-30T22:23:13Z
438,7,1,18.4,standard,2026-07-30T22:23:13Z
438,7,10,18.4,standard,2026-07-30T22:23:13Z
438,7,11,18.4,standard,2026-07-30T22:23:13Z
438,7,12,18.4,standard,2026-07-30T22:23:13Z
438,7,13,18.4,standard,2026-07-30T22:23:13Z
438,7,14,18.4,standard,2026-07-30T22:23:13Z
438,7,15,18.4,standard,2026-07-30T22:23:13Z
438,7,16,18.4,standard,2026-07-30T22:23:13Z
438,7,17,18.4,standard,2026-07-30T22:23:13Z
438,7,18,18.4,standard,2026-07-30T22:23:13Z
438,7,19,18.4,standard,2026-07-30T22:23:13Z
438,7,2,18.4,standard,2026-07-30T22:23:13Z
438,7,3,18.4,standard,2026-07-30T22:23:13Z
438,8,4,18.4,standard,2026-07-30T22:23:13Z
438,8,5,18.4,standard,2026-07-30T22:23:13Z
438,8,6,18.4,standard,2026-07-30T22:23:13Z
438,8,7,18.4,standard,2026-07-30T22:23:13Z
438,8,8,18.4,standard,2026-07-30T22:23:13Z
438,8,9,18.4,standard,2026-07-30T22:23:13Z
438,8,10,18.4,standard,2026-07-30T22:23:13Z
438,8,11,18.4,standard,2026-07-30T22:23:13Z
438,8,12,18.4,standard,2026-07-30T22:23:13Z
438,8,13,18.4,standard,2026-07-30T22:23:13Z
438,8,14,18.4,standard,2026-07-30T22:23:13Z
438,8,15,18.4,standard,2026-07-30T22:23:13Z
438,8,16,18.4,standard,2026-07-30T22:23:13Z
438,8,17,18.4,standard,2026-07-30T22:23:13Z
438,8,18,18.4,standard,2026-07-30T22:23:13Z
438,8,19,18.4,standard,2026-07-30T22:23:13Z
438,8,2,18.4,standard,2026-07-30T22:23:13Z
438,8,20,18.4,standard,2026-07-30T22:23:13Z
438,8,21,18.4,standard,2026-07-30T22:23:13Z
438,8,22,18.4,standard,2026-07-30T22:23:13Z
438,8,23,18.4,standard,2026-07-30T22:23:13Z
438,8,24,18.4,standard,2026-07-30T22:23:13Z
438,8,3,18.4,standard,2026-07-30T22:23:13Z
438,9,9,18.4,standard,2026-07-30T22:23:13Z
438,9,10,18.4,standard,2026-07-30T22:23:13Z
438,9,11,18.4,standard,2026-07-30T22:23:13Z
438,9,12,18.4,standard,2026-07-30T22:23:13Z
438,9,13,18.4,standard,2026-07-30T22:23:13Z
438,9,14,18.4,standard,2026-07-30T22:23:13Z
438,9,15,18.4,standard,2026-07-30T22:23:13Z
438,9,16,18.4,standard,2026-07-30T22:23:13Z
438,9,17,18.4,standard,2026-07-30T22:23:13Z
438,9,18,18.4,standard,2026-07-30T22:23:13Z
438,9,19,18.4,standard,2026-07-30T22:23:13Z
438,9,20,18.4,standard,2026-07-30T22:23:13Z
438,9,21,18.4,standard,2026-07-30T22:23:13Z
438,9,22,18.4,standard,2026-07-30T22:23:13Z
438,9,23,18.4,standard,2026-07-30T22:23:13Z
438,9,24,18.4,standard,2026-07-30T22:23:13Z
