section,row,seat,price_usd,selection_type,scraped_at
510,20,7,65.19,resale,2026-10-04T16:03:01Z
510,20,8,65.19,resale,2026-10-04T16:03:01Z
510,20,9,65.19,resale,2026-10-04T16:03:01Z
510,20,10,65.19,resale,2026-10-04T16:03:01Z
536,15,16,52.89,resale,2026-10-04T16:03:01Z
536,15,17,52.89,resale,2026-10-04T16:03:01Z
536,15,18,52.89,resale,2026-10-04T16:03:01Z
536,15,19,52.89,resale,2026-10-04T16:03:01Z
537,24,21,43.05,resale,2026-10-04T16:03:01Z
537,24,22,43.05,resale,2026-10-04T16:03:01Z
538,13,13,43.05,resale,2026-10-04T16:03:01Z
538,13,14,43.05,resale,2026-10-04T16:03:01Z
543,20,11,52.89,resale,2026-10-04T16:03:01Z
543,20,12,52.89,resale,2026-10-04T16:03:01Z
543,20,13,52.89,resale,2026-10-04T16:03:01Z
543,20,14,52.89,resale,2026-10-04T16:03:01Z
531,18,14,43.05,resale,2026-10-04T16:03:01Z
531,18,15,43.05,resale,2026-10-04T16:03:01Z
541,25,11,39.36,resale,2026-10-04T16:03:01Z
541,25,12,39.36,resale,2026-10-04T16:03:01Z
105,24,11,153.75,resale,2026-10-04T16:03:01Z
105,24,12,153.75,resale,2026-10-04T16:03:01Z
144,35,1,98.4,resale,2026-10-04T16:03:01Z
144,35,2,98.4,resale,2026-10-04T16:03:01Z
532,11,13,43.05,resale,2026-10-04T16:03:01Z
532,11,14,43.05,resale,2026-10-04T16:03:01Z
132,2,1,172.2,resale,2026-10-04T16:03:01Z
132,2,2,172.2,resale,2026-10-04T16:03:01Z
514,22,19,52.89,resale,2026-10-04T16:03:01Z
514,22,20,52.89,resale,2026-10-04T16:03:01Z
140,34,3,94.71,resale,2026-10-04T16:03:01Z
140,34,4,94.71,resale,2026-10-04T16:03:01Z
202,13,5,382.53,resale,2026-10-04T16:03:01Z
202,13,6,382.53,resale,2026-10-04T16:03:01Z
202,13,7,382.53,resale,2026-10-04T16:03:01Z
202,13,8,382.53,resale,2026-10-04T16:03:01Z
528,27,6,95.94,resale,2026-10-04T16:03:01Z
528,27,7,95.94,resale,2026-10-04T16:03:01Z
121,21,3,223.86,resale,2026-10-04T16:03:01Z
121,21,4,223.86,resale,2026-10-04T16:03:01Z
251,2,11,383.76,resale,2026-10-04T16:03:01Z
251,2,12,383.76,resale,2026-10-04T16:03:01Z
504,23,1,95.94,resale,2026-10-04T16:03:01Z
504,23,2,95.94,resale,2026-10-04T16:03:01Z
504,23,3,95.94,resale,2026-10-04T16:03:01Z
504,23,4,95.94,resale,2026-10-04T16:03:01Z
551,24,23,95.94,resale,2026-10-04T16:03:01Z
551,24,24,95.94,resale,2026-10-04T16:03:01Z
551,24,25,95.94,resale,2026-10-04T16:03:01Z
551,14,14,95.94,resale,2026-10-04T16:03:01Z
551,14,15,95.94,resale,2026-10-04T16:03:01Z
102,41,15,307.5,resale,2026-10-04T16:03:01Z
151,32,1,172.2,resale,2026-10-04T16:03:01Z
151,32,2,172.2,resale,2026-10-04T16:03:01Z
151,32,3,172.2,resale,2026-10-04T16:03:01Z
151,32,4,172.2,resale,2026-10-04T16:03:01Z
153,9,7,221.4,resale,2026-10-04T16:03:01Z
153,9,8,221.4,resale,2026-10-04T16:03:01Z
153,9,9,221.4,resale,2026-10-04T16:03:01Z
153,9,10,221.4,resale,2026-10-04T16:03:01Z
151,13,11,196.8,resale,2026-10-04T16:03:01Z
151,13,12,196.8,resale,2026-10-04T16:03:01Z
151,13,13,196.8,resale,2026-10-04T16:03:01Z
151,13,14,196.8,resale,2026-10-04T16:03:01Z
515,20,12,86.1,resale,2026-10-04T16:03:01Z
515,20,13,86.1,resale,2026-10-04T16:03:01Z
126,24,10,461.25,resale,2026-10-04T16:03:01Z
126,24,11,461.25,resale,2026-10-04T16:03:01Z
150,41,18,135.3,resale,2026-10-04T16:03:01Z
150,41,19,135.3,resale,2026-10-04T16:03:01Z
112,35,19,79.95,resale,2026-10-04T16:03:01Z
112,35,20,79.95,resale,2026-10-04T16:03:01Z
107,36,9,86.1,resale,2026-10-04T16:03:01Z
517,17,7,86.1,resale,2026-10-04T16:03:01Z
517,17,8,86.1,resale,2026-10-04T16:03:01Z
552,22,7,51.66,resale,2026-10-04T16:03:01Z
552,22,8,51.66,resale,2026-10-04T16:03:01Z
107,31,7,202.95,resale,2026-10-04T16:03:01Z
107,31,8,202.95,resale,2026-10-04T16:03:01Z
107,31,9,202.95,resale,2026-10-04T16:03:01Z
107,31,10,202.95,resale,2026-10-04T16:03:01Z
525,29,1,130.38,resale,2026-10-04T16:03:01Z
525,29,2,130.38,resale,2026-10-04T16:03:01Z
504,20,23,135.3,resale,2026-10-04T16:03:01Z
504,20,24,135.3,resale,2026-10-04T16:03:01Z
115,5,6,338.25,resale,2026-10-04T16:03:01Z
115,5,7,338.25,resale,2026-10-04T16:03:01Z
115,5,8,338.25,resale,2026-10-04T16:03:01Z
115,5,9,338.25,resale,2026-10-04T16:03:01Z
134,28,1,221.4,resale,2026-10-04T16:03:01Z
134,28,2,221.4,resale,2026-10-04T16:03:01Z
127,25,5,184.5,resale,2026-10-04T16:03:01Z
127,25,6,184.5,resale,2026-10-04T16:03:01Z
549,17,3,153.75,resale,2026-10-04T16:03:01Z
549,17,4,153.75,resale,2026-10-04T16:03:01Z
152,5,7,307.5,resale,2026-10-04T16:03:01Z
152,5,8,307.5,resale,2026-10-04T16:03:01Z
103,1,4,307.5,resale,2026-10-04T16:03:01Z
103,1,5,307.5,resale,2026-10-04T16:03:01Z
107,33,13,123.0,resale,2026-10-04T16:03:01Z
107,33,14,123.0,resale,2026-10-04T16:03:01Z
114,36,12,110.7,resale,2026-10-04T16:03:01Z
114,36,13,110.7,resale,2026-10-04T16:03:01Z
114,36,14,110.7,resale,2026-10-04T16:03:01Z
114,36,15,110.7,resale,2026-10-04T16:03:01Z
549,27,5,55.35,resale,2026-10-04T16:03:01Z
549,27,6,55.35,resale,2026-10-04T16:03:01Z
113,4,3,215.25,resale,2026-10-04T16:03:01Z
113,4,4,215.25,resale,2026-10-04T16:03:01Z
107,32,5,147.6,resale,2026-10-04T16:03:01Z
107,32,6,147.6,resale,2026-10-04T16:03:01Z
135,39,18,196.8,resale,2026-10-04T16:03:01Z
135,39,19,196.8,resale,2026-10-04T16:03:01Z
539,10,7,135.3,resale,2026-10-04T16:03:01Z
539,10,8,135.3,resale,2026-10-04T16:03:01Z
107,5,5,153.75,resale,2026-10-04T16:03:01Z
119,1,17,613.77,resale,2026-10-04T16:03:01Z
119,1,18,613.77,resale,2026-10-04T16:03:01Z
526,27,18,123.0,resale,2026-10-04T16:03:01Z
526,27,19,123.0,resale,2026-10-04T16:03:01Z
140,26,3,184.5,resale,2026-10-04T16:03:01Z
140,26,4,184.5,resale,2026-10-04T16:03:01Z
243,3,4,215.25,resale,2026-10-04T16:03:01Z
243,3,5,215.25,resale,2026-10-04T16:03:01Z
117,31,10,227.55,resale,2026-10-04T16:03:01Z
523,22,9,67.65,resale,2026-10-04T16:03:01Z
523,22,10,67.65,resale,2026-10-04T16:03:01Z
502,23,1,79.95,resale,2026-10-04T16:03:01Z
502,23,2,79.95,resale,2026-10-04T16:03:01Z
144,1,5,618.69,resale,2026-10-04T16:03:01Z
509,22,12,107.01,resale,2026-10-04T16:03:01Z
509,22,13,107.01,resale,2026-10-04T16:03:01Z
538,15,3,79.95,resale,2026-10-04T16:03:01Z
538,15,4,79.95,resale,2026-10-04T16:03:01Z
125,30,12,430.5,resale,2026-10-04T16:03:01Z
125,30,13,430.5,resale,2026-10-04T16:03:01Z
152,3,10,301.35,resale,2026-10-04T16:03:01Z
152,3,11,301.35,resale,2026-10-04T16:03:01Z
152,3,12,301.35,resale,2026-10-04T16:03:01Z
152,3,13,301.35,resale,2026-10-04T16:03:01Z
530,14,16,124.23,resale,2026-10-04T16:03:01Z
530,14,17,124.23,resale,2026-10-04T16:03:01Z
134,36,11,123.0,resale,2026-10-04T16:03:01Z
134,36,12,123.0,resale,2026-10-04T16:03:01Z
103,11,11,123.0,resale,2026-10-04T16:03:01Z
103,11,12,123.0,resale,2026-10-04T16:03:01Z
126,3,7,270.6,resale,2026-10-04T16:03:01Z
126,3,8,270.6,resale,2026-10-04T16:03:01Z
141,41,20,123.0,resale,2026-10-04T16:03:01Z
141,41,21,123.0,resale,2026-10-04T16:03:01Z
141,41,22,123.0,resale,2026-10-04T16:03:01Z
141,41,23,123.0,resale,2026-10-04T16:03:01Z
107,1,9,338.25,resale,2026-10-04T16:03:01Z
107,1,10,338.25,resale,2026-10-04T16:03:01Z
133,39,12,215.25,resale,2026-10-04T16:03:01Z
133,39,13,215.25,resale,2026-10-04T16:03:01Z
133,39,14,215.25,resale,2026-10-04T16:03:01Z
519,8,1,261.99,resale,2026-10-04T16:03:01Z
519,8,2,261.99,resale,2026-10-04T16:03:01Z
519,8,3,261.99,resale,2026-10-04T16:03:01Z
517,22,5,43.05,resale,2026-10-04T16:03:01Z
517,22,6,43.05,resale,2026-10-04T16:03:01Z
542,19,8,55.35,resale,2026-10-04T16:03:01Z
542,19,9,55.35,resale,2026-10-04T16:03:01Z
515,20,3,55.35,resale,2026-10-04T16:03:01Z
515,20,4,55.35,resale,2026-10-04T16:03:01Z
200,3,8,276.75,resale,2026-10-04T16:03:01Z
200,3,9,276.75,resale,2026-10-04T16:03:01Z
544,10,8,67.65,resale,2026-10-04T16:03:01Z
544,10,9,67.65,resale,2026-10-04T16:03:01Z
524,31,15,73.8,resale,2026-10-04T16:03:01Z
524,31,16,73.8,resale,2026-10-04T16:03:01Z
506,12,3,43.05,resale,2026-10-04T16:03:01Z
506,12,4,43.05,resale,2026-10-04T16:03:01Z
501,23,7,61.5,resale,2026-10-04T16:03:01Z
501,23,8,61.5,resale,2026-10-04T16:03:01Z
550,31,19,123.0,resale,2026-10-04T16:03:01Z
550,31,20,123.0,resale,2026-10-04T16:03:01Z
148,9,1,250.92,resale,2026-10-04T16:03:01Z
148,9,2,250.92,resale,2026-10-04T16:03:01Z
148,9,3,250.92,resale,2026-10-04T16:03:01Z
142,26,5,98.4,resale,2026-10-04T16:03:01Z
142,26,6,98.4,resale,2026-10-04T16:03:01Z
501,12,24,50.43,resale,2026-10-04T16:03:01Z
501,12,25,50.43,resale,2026-10-04T16:03:01Z
530,14,8,50.43,resale,2026-10-04T16:03:01Z
530,14,9,50.43,resale,2026-10-04T16:03:01Z
146,35,8,105.78,resale,2026-10-04T16:03:01Z
146,35,9,105.78,resale,2026-10-04T16:03:01Z
532,9,15,50.43,resale,2026-10-04T16:03:01Z
532,9,16,50.43,resale,2026-10-04T16:03:01Z
550,4,11,94.71,resale,2026-10-04T16:03:01Z
550,4,12,94.71,resale,2026-10-04T16:03:01Z
113,10,1,247.23,resale,2026-10-04T16:03:01Z
113,10,2,247.23,resale,2026-10-04T16:03:01Z
501,19,1,49.2,resale,2026-10-04T16:03:01Z
501,19,2,49.2,resale,2026-10-04T16:03:01Z
138,40,16,172.2,resale,2026-10-04T16:03:01Z
138,40,17,172.2,resale,2026-10-04T16:03:01Z
142,40,16,172.2,resale,2026-10-04T16:03:01Z
142,40,17,172.2,resale,2026-10-04T16:03:01Z
138,35,1,172.2,resale,2026-10-04T16:03:01Z
138,35,2,172.2,resale,2026-10-04T16:03:01Z
138,35,3,172.2,resale,2026-10-04T16:03:01Z
138,35,4,172.2,resale,2026-10-04T16:03:01Z
136,13,1,153.75,resale,2026-10-04T16:03:01Z
136,13,2,153.75,resale,2026-10-04T16:03:01Z
540,19,20,123.0,resale,2026-10-04T16:03:01Z
540,19,21,123.0,resale,2026-10-04T16:03:01Z
504,29,3,49.2,resale,2026-10-04T16:03:01Z
504,29,4,49.2,resale,2026-10-04T16:03:01Z
550,28,22,73.8,resale,2026-10-04T16:03:01Z
550,28,23,73.8,resale,2026-10-04T16:03:01Z
150,6,17,239.85,resale,2026-10-04T16:03:01Z
150,6,18,239.85,resale,2026-10-04T16:03:01Z
152,1,13,246.0,resale,2026-10-04T16:03:01Z
152,1,14,246.0,resale,2026-10-04T16:03:01Z
144,39,7,195.57,resale,2026-10-04T16:03:01Z
144,39,8,195.57,resale,2026-10-04T16:03:01Z
144,39,9,195.57,resale,2026-10-04T16:03:01Z
503,5,1,196.8,resale,2026-10-04T16:03:01Z
503,5,2,196.8,resale,2026-10-04T16:03:01Z
521,28,3,123.0,resale,2026-10-04T16:03:01Z
521,28,4,123.0,resale,2026-10-04T16:03:01Z
521,28,5,123.0,resale,2026-10-04T16:03:01Z
523,6,1,77.49,resale,2026-10-04T16:03:01Z
523,6,2,77.49,resale,2026-10-04T16:03:01Z
243,4,1,307.5,resale,2026-10-04T16:03:01Z
243,4,2,307.5,resale,2026-10-04T16:03:01Z
243,4,3,307.5,resale,2026-10-04T16:03:01Z
243,4,4,307.5,resale,2026-10-04T16:03:01Z
248,1,1,479.7,resale,2026-10-04T16:03:01Z
248,1,2,479.7,resale,2026-10-04T16:03:01Z
117,15,18,104.55,resale,2026-10-04T16:03:01Z
117,15,19,104.55,resale,2026-10-04T16:03:01Z
500,9,5,50.43,resale,2026-10-04T16:03:01Z
500,9,6,50.43,resale,2026-10-04T16:03:01Z
106,23,9,276.75,resale,2026-10-04T16:03:01Z
109,39,21,276.75,resale,2026-10-04T16:03:01Z
150,2,18,178.35,resale,2026-10-04T16:03:01Z
150,2,19,178.35,resale,2026-10-04T16:03:01Z
150,2,20,178.35,resale,2026-10-04T16:03:01Z
150,2,21,178.35,resale,2026-10-04T16:03:01Z
549,9,8,49.2,resale,2026-10-04T16:03:01Z
549,9,9,49.2,resale,2026-10-04T16:03:01Z
552,29,3,61.5,resale,2026-10-04T16:03:01Z
552,29,4,61.5,resale,2026-10-04T16:03:01Z
552,29,5,61.5,resale,2026-10-04T16:03:01Z
552,29,6,61.5,resale,2026-10-04T16:03:01Z
552,17,22,68.88,resale,2026-10-04T16:03:01Z
552,17,23,68.88,resale,2026-10-04T16:03:01Z
552,17,24,68.88,resale,2026-10-04T16:03:01Z
552,17,25,68.88,resale,2026-10-04T16:03:01Z
527,11,17,89.79,resale,2026-10-04T16:03:01Z
527,11,18,89.79,resale,2026-10-04T16:03:01Z
527,11,19,89.79,resale,2026-10-04T16:03:01Z
527,11,20,89.79,resale,2026-10-04T16:03:01Z
100,35,12,257.07,resale,2026-10-04T16:03:01Z
100,35,13,257.07,resale,2026-10-04T16:03:01Z
100,35,14,257.07,resale,2026-10-04T16:03:01Z
100,35,15,257.07,resale,2026-10-04T16:03:01Z
100,4,14,313.65,resale,2026-10-04T16:03:01Z
100,4,15,313.65,resale,2026-10-04T16:03:01Z
117,27,1,124.23,resale,2026-10-04T16:03:01Z
117,27,2,124.23,resale,2026-10-04T16:03:01Z
147,42,13,277.98,resale,2026-10-04T16:03:01Z
147,42,14,277.98,resale,2026-10-04T16:03:01Z
152,34,16,209.1,resale,2026-10-04T16:03:01Z
152,34,17,209.1,resale,2026-10-04T16:03:01Z
105,32,11,184.5,resale,2026-10-04T16:03:01Z
105,32,12,184.5,resale,2026-10-04T16:03:01Z
508,14,4,98.4,resale,2026-10-04T16:03:01Z
508,14,5,98.4,resale,2026-10-04T16:03:01Z
536,26,17,98.4,resale,2026-10-04T16:03:01Z
536,26,18,98.4,resale,2026-10-04T16:03:01Z
542,11,17,98.4,resale,2026-10-04T16:03:01Z
542,11,18,98.4,resale,2026-10-04T16:03:01Z
539,19,20,98.4,resale,2026-10-04T16:03:01Z
539,19,21,98.4,resale,2026-10-04T16:03:01Z
136,34,17,137.76,resale,2026-10-04T16:03:01Z
153,4,16,584.25,resale,2026-10-04T16:03:01Z
153,4,17,584.25,resale,2026-10-04T16:03:01Z
550,29,1,67.65,resale,2026-10-04T16:03:01Z
550,29,2,67.65,resale,2026-10-04T16:03:01Z
230,8,3,707.25,resale,2026-10-04T16:03:01Z
230,8,4,707.25,resale,2026-10-04T16:03:01Z
142,41,1,168.51,resale,2026-10-04T16:03:01Z
142,41,2,168.51,resale,2026-10-04T16:03:01Z
530,27,1,33.21,resale,2026-10-04T16:03:01Z
530,27,2,33.21,resale,2026-10-04T16:03:01Z
109,30,21,110.7,resale,2026-10-04T16:03:01Z
109,30,22,110.7,resale,2026-10-04T16:03:01Z
504,19,9,239.85,resale,2026-10-04T16:03:01Z
504,19,10,239.85,resale,2026-10-04T16:03:01Z
152,1,9,264.45,resale,2026-10-04T16:03:01Z
152,1,10,264.45,resale,2026-10-04T16:03:01Z
139,11,6,135.3,resale,2026-10-04T16:03:01Z
139,11,7,135.3,resale,2026-10-04T16:03:01Z
139,11,8,135.3,resale,2026-10-04T16:03:01Z
139,11,9,135.3,resale,2026-10-04T16:03:01Z
535,22,10,49.2,resale,2026-10-04T16:03:01Z
535,22,11,49.2,resale,2026-10-04T16:03:01Z
114,4,1,615.0,resale,2026-10-04T16:03:01Z
114,4,2,615.0,resale,2026-10-04T16:03:01Z
209,3,7,922.5,resale,2026-10-04T16:03:01Z
209,3,8,922.5,resale,2026-10-04T16:03:01Z
209,3,9,922.5,resale,2026-10-04T16:03:01Z
209,3,10,922.5,resale,2026-10-04T16:03:01Z
549,15,16,61.5,resale,2026-10-04T16:03:01Z
549,15,17,61.5,resale,2026-10-04T16:03:01Z
549,15,18,61.5,resale,2026-10-04T16:03:01Z
221,9,3,190.65,resale,2026-10-04T16:03:01Z
221,9,4,190.65,resale,2026-10-04T16:03:01Z
543,15,20,30.75,resale,2026-10-04T16:03:01Z
543,15,21,30.75,resale,2026-10-04T16:03:01Z
103,9,9,184.5,resale,2026-10-04T16:03:01Z
103,9,10,184.5,resale,2026-10-04T16:03:01Z
100,15,15,276.75,resale,2026-10-04T16:03:01Z
100,15,16,276.75,resale,2026-10-04T16:03:01Z
534,11,12,121.77,resale,2026-10-04T16:03:01Z
504,12,5,61.5,resale,2026-10-04T16:03:01Z
504,12,6,61.5,resale,2026-10-04T16:03:01Z
522,10,14,73.8,resale,2026-10-04T16:03:01Z
522,10,15,73.8,resale,2026-10-04T16:03:01Z
127,12,11,306.27,resale,2026-10-04T16:03:01Z
127,12,12,306.27,resale,2026-10-04T16:03:01Z
523,26,3,63.96,resale,2026-10-04T16:03:01Z
523,26,4,63.96,resale,2026-10-04T16:03:01Z
103,2,7,153.75,resale,2026-10-04T16:03:01Z
103,2,8,153.75,resale,2026-10-04T16:03:01Z
208,8,1,461.25,resale,2026-10-04T16:03:01Z
528,16,7,153.75,resale,2026-10-04T16:03:01Z
528,16,8,153.75,resale,2026-10-04T16:03:01Z
226,2,14,392.37,resale,2026-10-04T16:03:01Z
226,2,15,392.37,resale,2026-10-04T16:03:01Z
226,2,16,392.37,resale,2026-10-04T16:03:01Z
226,2,17,392.37,resale,2026-10-04T16:03:01Z
226,2,18,392.37,resale,2026-10-04T16:03:01Z
226,2,19,392.37,resale,2026-10-04T16:03:01Z
135,33,18,123.0,resale,2026-10-04T16:03:01Z
135,33,19,123.0,resale,2026-10-04T16:03:01Z
224,5,12,608.85,resale,2026-10-04T16:03:01Z
224,5,13,608.85,resale,2026-10-04T16:03:01Z
142,38,15,239.85,resale,2026-10-04T16:03:01Z
142,38,16,239.85,resale,2026-10-04T16:03:01Z
142,38,17,239.85,resale,2026-10-04T16:03:01Z
142,38,18,239.85,resale,2026-10-04T16:03:01Z
253,3,10,233.7,resale,2026-10-04T16:03:01Z
253,3,11,233.7,resale,2026-10-04T16:03:01Z
253,3,12,233.7,resale,2026-10-04T16:03:01Z
253,3,13,233.7,resale,2026-10-04T16:03:01Z
529,15,3,72.57,resale,2026-10-04T16:03:01Z
529,15,4,72.57,resale,2026-10-04T16:03:01Z
228,11,11,282.9,resale,2026-10-04T16:03:01Z
228,11,12,282.9,resale,2026-10-04T16:03:01Z
153,25,3,369.0,resale,2026-10-04T16:03:01Z
153,25,4,369.0,resale,2026-10-04T16:03:01Z
510,20,3,98.4,resale,2026-10-04T16:03:01Z
510,20,4,98.4,resale,2026-10-04T16:03:01Z
500,9,7,98.4,resale,2026-10-04T16:03:01Z
500,9,8,98.4,resale,2026-10-04T16:03:01Z
105,32,5,221.4,resale,2026-10-04T16:03:01Z
105,32,6,221.4,resale,2026-10-04T16:03:01Z
526,25,9,110.7,resale,2026-10-04T16:03:01Z
526,25,10,110.7,resale,2026-10-04T16:03:01Z
142,10,3,261.99,resale,2026-10-04T16:03:01Z
142,10,4,261.99,resale,2026-10-04T16:03:01Z
108,30,1,156.21,resale,2026-10-04T16:03:01Z
108,30,2,156.21,resale,2026-10-04T16:03:01Z
148,4,5,221.4,resale,2026-10-04T16:03:01Z
148,4,6,221.4,resale,2026-10-04T16:03:01Z
552,27,7,49.2,resale,2026-10-04T16:03:01Z
552,27,8,49.2,resale,2026-10-04T16:03:01Z
552,27,9,49.2,resale,2026-10-04T16:03:01Z
552,27,10,49.2,resale,2026-10-04T16:03:01Z
513,12,22,123.0,resale,2026-10-04T16:03:01Z
513,12,23,123.0,resale,2026-10-04T16:03:01Z
142,30,8,307.5,resale,2026-10-04T16:03:01Z
142,30,9,307.5,resale,2026-10-04T16:03:01Z
151,10,3,123.0,resale,2026-10-04T16:03:01Z
151,10,4,123.0,resale,2026-10-04T16:03:01Z
113,36,17,215.25,resale,2026-10-04T16:03:01Z
113,36,18,215.25,resale,2026-10-04T16:03:01Z
148,4,9,268.14,resale,2026-10-04T16:03:01Z
148,4,10,268.14,resale,2026-10-04T16:03:01Z
250,1,9,183.27,resale,2026-10-04T16:03:01Z
250,1,10,183.27,resale,2026-10-04T16:03:01Z
250,1,11,183.27,resale,2026-10-04T16:03:01Z
250,1,12,183.27,resale,2026-10-04T16:03:01Z
151,40,17,158.67,resale,2026-10-04T16:03:01Z
151,40,18,158.67,resale,2026-10-04T16:03:01Z
151,40,19,158.67,resale,2026-10-04T16:03:01Z
151,40,20,158.67,resale,2026-10-04T16:03:01Z
538,12,17,55.35,resale,2026-10-04T16:03:01Z
538,12,18,55.35,resale,2026-10-04T16:03:01Z
502,4,7,84.87,resale,2026-10-04T16:03:01Z
502,4,8,84.87,resale,2026-10-04T16:03:01Z
152,38,3,404.67,resale,2026-10-04T16:03:01Z
152,38,4,404.67,resale,2026-10-04T16:03:01Z
101,34,17,380.07,resale,2026-10-04T16:03:01Z
101,34,18,380.07,resale,2026-10-04T16:03:01Z
146,12,8,193.11,resale,2026-10-04T16:03:01Z
146,12,9,193.11,resale,2026-10-04T16:03:01Z
146,12,10,193.11,resale,2026-10-04T16:03:01Z
152,6,5,147.6,resale,2026-10-04T16:03:01Z
152,6,6,147.6,resale,2026-10-04T16:03:01Z
152,6,7,147.6,resale,2026-10-04T16:03:01Z
152,6,8,147.6,resale,2026-10-04T16:03:01Z
126,7,7,270.6,resale,2026-10-04T16:03:01Z
126,7,8,270.6,resale,2026-10-04T16:03:01Z
219,11,7,307.5,resale,2026-10-04T16:03:01Z
219,11,8,307.5,resale,2026-10-04T16:03:01Z
153,8,11,184.5,resale,2026-10-04T16:03:01Z
153,8,12,184.5,resale,2026-10-04T16:03:01Z
125,11,1,232.47,resale,2026-10-04T16:03:01Z
125,11,2,232.47,resale,2026-10-04T16:03:01Z
125,11,3,232.47,resale,2026-10-04T16:03:01Z
125,11,4,232.47,resale,2026-10-04T16:03:01Z
537,19,13,36.9,resale,2026-10-04T16:03:01Z
537,19,14,36.9,resale,2026-10-04T16:03:01Z
101,31,22,134.07,resale,2026-10-04T16:03:01Z
101,31,23,134.07,resale,2026-10-04T16:03:01Z
549,22,6,110.7,resale,2026-10-04T16:03:01Z
549,22,7,110.7,resale,2026-10-04T16:03:01Z
522,18,16,61.5,resale,2026-10-04T16:03:01Z
522,18,17,61.5,resale,2026-10-04T16:03:01Z
532,17,6,49.2,resale,2026-10-04T16:03:01Z
532,17,7,49.2,resale,2026-10-04T16:03:01Z
502,17,11,49.2,resale,2026-10-04T16:03:01Z
502,17,12,49.2,resale,2026-10-04T16:03:01Z
500,10,17,82.41,resale,2026-10-04T16:03:01Z
500,10,18,82.41,resale,2026-10-04T16:03:01Z
500,10,19,82.41,resale,2026-10-04T16:03:01Z
500,10,20,82.41,resale,2026-10-04T16:03:01Z
151,1,16,252.15,resale,2026-10-04T16:03:01Z
151,1,17,252.15,resale,2026-10-04T16:03:01Z
222,11,7,170.97,resale,2026-10-04T16:03:01Z
222,11,8,170.97,resale,2026-10-04T16:03:01Z
112,40,14,196.8,resale,2026-10-04T16:03:01Z
112,40,15,196.8,resale,2026-10-04T16:03:01Z
133,27,7,246.0,resale,2026-10-04T16:03:01Z
133,27,8,246.0,resale,2026-10-04T16:03:01Z
512,23,16,132.84,resale,2026-10-04T16:03:01Z
250,11,21,196.8,resale,2026-10-04T16:03:01Z
250,11,22,196.8,resale,2026-10-04T16:03:01Z
101,35,22,158.67,resale,2026-10-04T16:03:01Z
101,35,23,158.67,resale,2026-10-04T16:03:01Z
132,27,7,135.3,resale,2026-10-04T16:03:01Z
132,27,8,135.3,resale,2026-10-04T16:03:01Z
515,9,1,116.85,resale,2026-10-04T16:03:01Z
515,9,2,116.85,resale,2026-10-04T16:03:01Z
114,3,11,166.05,resale,2026-10-04T16:03:01Z
114,3,12,166.05,resale,2026-10-04T16:03:01Z
231,1,11,567.03,resale,2026-10-04T16:03:01Z
231,1,12,567.03,resale,2026-10-04T16:03:01Z
501,17,13,61.5,resale,2026-10-04T16:03:01Z
501,17,14,61.5,resale,2026-10-04T16:03:01Z
501,17,17,61.5,resale,2026-10-04T16:03:01Z
501,17,18,61.5,resale,2026-10-04T16:03:01Z
551,19,17,61.5,resale,2026-10-04T16:03:01Z
551,19,18,61.5,resale,2026-10-04T16:03:01Z
552,17,18,61.5,resale,2026-10-04T16:03:01Z
552,17,19,61.5,resale,2026-10-04T16:03:01Z
552,12,7,61.5,resale,2026-10-04T16:03:01Z
552,12,8,61.5,resale,2026-10-04T16:03:01Z
502,13,20,79.95,resale,2026-10-04T16:03:01Z
502,13,21,79.95,resale,2026-10-04T16:03:01Z
502,13,22,79.95,resale,2026-10-04T16:03:01Z
502,13,23,79.95,resale,2026-10-04T16:03:01Z
502,13,24,79.95,resale,2026-10-04T16:03:01Z
502,13,25,79.95,resale,2026-10-04T16:03:01Z
531,19,11,61.5,resale,2026-10-04T16:03:01Z
531,19,12,61.5,resale,2026-10-04T16:03:01Z
542,11,5,159.9,resale,2026-10-04T16:03:01Z
542,11,6,159.9,resale,2026-10-04T16:03:01Z
133,37,5,113.16,resale,2026-10-04T16:03:01Z
133,37,6,113.16,resale,2026-10-04T16:03:01Z
133,37,7,113.16,resale,2026-10-04T16:03:01Z
133,37,8,113.16,resale,2026-10-04T16:03:01Z
500,19,20,44.28,resale,2026-10-04T16:03:01Z
500,19,21,44.28,resale,2026-10-04T16:03:01Z
500,19,22,43.05,resale,2026-10-04T16:03:01Z
500,19,23,43.05,resale,2026-10-04T16:03:01Z
120,32,9,104.55,resale,2026-10-04T16:03:01Z
120,32,10,104.55,resale,2026-10-04T16:03:01Z
120,32,11,104.55,resale,2026-10-04T16:03:01Z
120,32,12,104.55,resale,2026-10-04T16:03:01Z
136,33,10,252.15,resale,2026-10-04T16:03:01Z
136,33,11,252.15,resale,2026-10-04T16:03:01Z
136,33,12,252.15,resale,2026-10-04T16:03:01Z
136,33,13,252.15,resale,2026-10-04T16:03:01Z
151,12,6,146.37,resale,2026-10-04T16:03:01Z
151,12,7,146.37,resale,2026-10-04T16:03:01Z
144,39,24,153.75,resale,2026-10-04T16:03:01Z
144,39,25,153.75,resale,2026-10-04T16:03:01Z
127,6,5,338.25,resale,2026-10-04T16:03:01Z
127,6,6,338.25,resale,2026-10-04T16:03:01Z
127,6,7,338.25,resale,2026-10-04T16:03:01Z
127,6,8,338.25,resale,2026-10-04T16:03:01Z
113,37,5,172.2,resale,2026-10-04T16:03:01Z
113,37,6,172.2,resale,2026-10-04T16:03:01Z
548,19,21,36.9,resale,2026-10-04T16:03:01Z
548,19,22,36.9,resale,2026-10-04T16:03:01Z
100,40,11,159.9,resale,2026-10-04T16:03:01Z
100,40,12,159.9,resale,2026-10-04T16:03:01Z
100,33,10,185.73,resale,2026-10-04T16:03:01Z
100,33,11,185.73,resale,2026-10-04T16:03:01Z
100,33,12,185.73,resale,2026-10-04T16:03:01Z
100,33,13,185.73,resale,2026-10-04T16:03:01Z
100,31,16,194.34,resale,2026-10-04T16:03:01Z
100,31,17,194.34,resale,2026-10-04T16:03:01Z
100,31,18,194.34,resale,2026-10-04T16:03:01Z
100,31,19,194.34,resale,2026-10-04T16:03:01Z
236,13,11,162.36,resale,2026-10-04T16:03:01Z
236,13,12,162.36,resale,2026-10-04T16:03:01Z
153,40,9,178.35,resale,2026-10-04T16:03:01Z
153,40,10,178.35,resale,2026-10-04T16:03:01Z
153,40,11,178.35,resale,2026-10-04T16:03:01Z
153,40,12,178.35,resale,2026-10-04T16:03:01Z
500,27,16,52.89,resale,2026-10-04T16:03:01Z
500,27,17,52.89,resale,2026-10-04T16:03:01Z
251,1,15,225.09,resale,2026-10-04T16:03:01Z
251,1,16,225.09,resale,2026-10-04T16:03:01Z
144,38,4,214.02,resale,2026-10-04T16:03:01Z
144,38,5,214.02,resale,2026-10-04T16:03:01Z
144,38,6,214.02,resale,2026-10-04T16:03:01Z
536,19,19,49.2,resale,2026-10-04T16:03:01Z
536,19,20,49.2,resale,2026-10-04T16:03:01Z
151,15,11,132.84,resale,2026-10-04T16:03:01Z
151,15,12,132.84,resale,2026-10-04T16:03:01Z
517,19,1,30.75,resale,2026-10-04T16:03:01Z
517,19,2,30.75,resale,2026-10-04T16:03:01Z
532,14,3,190.65,resale,2026-10-04T16:03:01Z
532,14,4,190.65,resale,2026-10-04T16:03:01Z
138,42,15,79.95,resale,2026-10-04T16:03:01Z
138,42,16,79.95,resale,2026-10-04T16:03:01Z
111,34,7,153.75,resale,2026-10-04T16:03:01Z
111,34,8,153.75,resale,2026-10-04T16:03:01Z
503,15,12,44.28,resale,2026-10-04T16:03:01Z
503,15,13,44.28,resale,2026-10-04T16:03:01Z
541,20,15,123.0,resale,2026-10-04T16:03:01Z
541,20,16,123.0,resale,2026-10-04T16:03:01Z
117,13,16,184.5,resale,2026-10-04T16:03:01Z
117,13,17,184.5,resale,2026-10-04T16:03:01Z
525,21,1,60.27,resale,2026-10-04T16:03:01Z
525,21,2,60.27,resale,2026-10-04T16:03:01Z
219,13,16,184.5,resale,2026-10-04T16:03:01Z
219,13,17,184.5,resale,2026-10-04T16:03:01Z
219,13,18,184.5,resale,2026-10-04T16:03:01Z
219,13,19,184.5,resale,2026-10-04T16:03:01Z
538,19,15,55.35,resale,2026-10-04T16:03:01Z
538,19,16,55.35,resale,2026-10-04T16:03:01Z
105,14,2,307.5,resale,2026-10-04T16:03:01Z
105,14,3,307.5,resale,2026-10-04T16:03:01Z
228,10,9,435.42,resale,2026-10-04T16:03:01Z
228,10,10,435.42,resale,2026-10-04T16:03:01Z
136,13,11,125.46,resale,2026-10-04T16:03:01Z
136,13,12,125.46,resale,2026-10-04T16:03:01Z
101,30,16,307.5,resale,2026-10-04T16:03:01Z
101,30,17,307.5,resale,2026-10-04T16:03:01Z
153,15,19,490.77,resale,2026-10-04T16:03:01Z
153,15,20,490.77,resale,2026-10-04T16:03:01Z
153,15,21,490.77,resale,2026-10-04T16:03:01Z
153,15,22,490.77,resale,2026-10-04T16:03:01Z
553,13,1,44.28,resale,2026-10-04T16:03:01Z
553,13,2,44.28,resale,2026-10-04T16:03:01Z
234,13,16,584.25,resale,2026-10-04T16:03:01Z
234,13,17,584.25,resale,2026-10-04T16:03:01Z
108,37,19,190.65,resale,2026-10-04T16:03:01Z
108,37,20,190.65,resale,2026-10-04T16:03:01Z
102,41,16,129.15,resale,2026-10-04T16:03:01Z
102,41,17,129.15,resale,2026-10-04T16:03:01Z
118,31,15,276.75,resale,2026-10-04T16:03:01Z
118,31,16,276.75,resale,2026-10-04T16:03:01Z
117,2,5,338.25,resale,2026-10-04T16:03:01Z
117,2,6,338.25,resale,2026-10-04T16:03:01Z
517,11,15,97.17,resale,2026-10-04T16:03:01Z
517,11,16,97.17,resale,2026-10-04T16:03:01Z
109,38,25,184.5,resale,2026-10-04T16:03:01Z
109,38,26,184.5,resale,2026-10-04T16:03:01Z
150,10,13,277.98,resale,2026-10-04T16:03:01Z
150,10,14,277.98,resale,2026-10-04T16:03:01Z
537,7,8,61.5,resale,2026-10-04T16:03:01Z
537,7,9,61.5,resale,2026-10-04T16:03:01Z
525,22,15,95.94,resale,2026-10-04T16:03:01Z
128,34,13,123.0,resale,2026-10-04T16:03:01Z
128,34,14,123.0,resale,2026-10-04T16:03:01Z
140,42,7,123.0,resale,2026-10-04T16:03:01Z
140,42,8,123.0,resale,2026-10-04T16:03:01Z
552,12,19,55.35,resale,2026-10-04T16:03:01Z
552,12,20,55.35,resale,2026-10-04T16:03:01Z
552,12,21,55.35,resale,2026-10-04T16:03:01Z
552,12,22,55.35,resale,2026-10-04T16:03:01Z
107,14,3,227.55,resale,2026-10-04T16:03:01Z
107,14,4,227.55,resale,2026-10-04T16:03:01Z
543,16,20,61.5,resale,2026-10-04T16:03:01Z
543,16,21,61.5,resale,2026-10-04T16:03:01Z
114,13,12,244.77,resale,2026-10-04T16:03:01Z
114,13,13,244.77,resale,2026-10-04T16:03:01Z
501,10,5,61.5,resale,2026-10-04T16:03:01Z
501,10,6,61.5,resale,2026-10-04T16:03:01Z
108,23,7,184.5,resale,2026-10-04T16:03:01Z
219,11,15,159.9,resale,2026-10-04T16:03:01Z
219,11,14,159.9,resale,2026-10-04T16:03:01Z
511,14,21,30.75,resale,2026-10-04T16:03:01Z
511,14,22,30.75,resale,2026-10-04T16:03:01Z
525,11,9,55.35,resale,2026-10-04T16:03:01Z
525,11,10,55.35,resale,2026-10-04T16:03:01Z
543,20,15,184.5,resale,2026-10-04T16:03:01Z
543,20,16,184.5,resale,2026-10-04T16:03:01Z
543,20,17,184.5,resale,2026-10-04T16:03:01Z
126,12,7,285.36,resale,2026-10-04T16:03:01Z
126,12,8,285.36,resale,2026-10-04T16:03:01Z
126,12,9,285.36,resale,2026-10-04T16:03:01Z
126,12,10,285.36,resale,2026-10-04T16:03:01Z
126,12,11,285.36,resale,2026-10-04T16:03:01Z
126,12,12,285.36,resale,2026-10-04T16:03:01Z
126,12,13,285.36,resale,2026-10-04T16:03:01Z
126,12,14,285.36,resale,2026-10-04T16:03:01Z
127,2,5,602.7,resale,2026-10-04T16:03:01Z
127,2,6,602.7,resale,2026-10-04T16:03:01Z
504,20,7,159.9,resale,2026-10-04T16:03:01Z
504,20,8,159.9,resale,2026-10-04T16:03:01Z
123,10,7,246.0,resale,2026-10-04T16:03:01Z
123,10,8,246.0,resale,2026-10-04T16:03:01Z
114,30,6,137.76,resale,2026-10-04T16:03:01Z
114,30,7,137.76,resale,2026-10-04T16:03:01Z
142,30,4,166.05,resale,2026-10-04T16:03:01Z
142,30,5,166.05,resale,2026-10-04T16:03:01Z
524,16,3,61.5,resale,2026-10-04T16:03:01Z
524,16,4,61.5,resale,2026-10-04T16:03:01Z
102,30,20,313.65,resale,2026-10-04T16:03:01Z
102,30,21,313.65,resale,2026-10-04T16:03:01Z
102,30,22,313.65,resale,2026-10-04T16:03:01Z
102,30,23,313.65,resale,2026-10-04T16:03:01Z
114,25,8,153.75,resale,2026-10-04T16:03:01Z
114,25,9,153.75,resale,2026-10-04T16:03:01Z
510,25,11,121.77,resale,2026-10-04T16:03:01Z
510,25,12,121.77,resale,2026-10-04T16:03:01Z
527,27,5,134.07,resale,2026-10-04T16:03:01Z
527,27,6,134.07,resale,2026-10-04T16:03:01Z
141,9,16,258.3,resale,2026-10-04T16:03:01Z
141,9,17,258.3,resale,2026-10-04T16:03:01Z
537,23,4,159.9,resale,2026-10-04T16:03:01Z
235,8,4,307.5,resale,2026-10-04T16:03:01Z
235,8,5,307.5,resale,2026-10-04T16:03:01Z
130,33,14,307.5,resale,2026-10-04T16:03:01Z
130,33,15,307.5,resale,2026-10-04T16:03:01Z
150,35,13,184.5,resale,2026-10-04T16:03:01Z
150,35,14,184.5,resale,2026-10-04T16:03:01Z
146,38,11,184.5,resale,2026-10-04T16:03:01Z
146,38,12,184.5,resale,2026-10-04T16:03:01Z
504,12,15,123.0,resale,2026-10-04T16:03:01Z
504,12,16,123.0,resale,2026-10-04T16:03:01Z
123,31,3,246.0,resale,2026-10-04T16:03:01Z
529,22,18,125.46,resale,2026-10-04T16:03:01Z
529,22,19,125.46,resale,2026-10-04T16:03:01Z
114,42,9,258.3,resale,2026-10-04T16:03:01Z
114,42,10,258.3,resale,2026-10-04T16:03:01Z
107,3,1,307.5,resale,2026-10-04T16:03:01Z
107,3,2,307.5,resale,2026-10-04T16:03:01Z
153,4,21,153.75,resale,2026-10-04T16:03:01Z
153,4,22,153.75,resale,2026-10-04T16:03:01Z
512,22,9,67.65,resale,2026-10-04T16:03:01Z
512,22,10,67.65,resale,2026-10-04T16:03:01Z
522,18,18,63.96,resale,2026-10-04T16:03:01Z
235,9,7,184.5,resale,2026-10-04T16:03:01Z
235,9,8,184.5,resale,2026-10-04T16:03:01Z
120,40,9,98.4,resale,2026-10-04T16:03:01Z
514,14,15,59.04,resale,2026-10-04T16:03:01Z
514,14,16,59.04,resale,2026-10-04T16:03:01Z
232,4,5,553.5,resale,2026-10-04T16:03:01Z
227,1,3,270.6,resale,2026-10-04T16:03:01Z
227,1,4,270.6,resale,2026-10-04T16:03:01Z
529,2,12,153.75,resale,2026-10-04T16:03:01Z
529,2,13,153.75,resale,2026-10-04T16:03:01Z
551,32,9,38.13,resale,2026-10-04T16:03:01Z
551,32,10,38.13,resale,2026-10-04T16:03:01Z
153,6,1,196.8,resale,2026-10-04T16:03:01Z
153,6,2,196.8,resale,2026-10-04T16:03:01Z
510,26,19,61.5,resale,2026-10-04T16:03:01Z
510,26,20,61.5,resale,2026-10-04T16:03:01Z
510,26,21,61.5,resale,2026-10-04T16:03:01Z
510,26,22,61.5,resale,2026-10-04T16:03:01Z
528,4,13,246.0,resale,2026-10-04T16:03:01Z
528,4,14,246.0,resale,2026-10-04T16:03:01Z
515,16,22,68.88,resale,2026-10-04T16:03:01Z
515,16,23,68.88,resale,2026-10-04T16:03:01Z
515,16,24,68.88,resale,2026-10-04T16:03:01Z
515,16,25,68.88,resale,2026-10-04T16:03:01Z
126,7,1,430.5,resale,2026-10-04T16:03:01Z
126,7,2,430.5,resale,2026-10-04T16:03:01Z
525,20,11,43.05,resale,2026-10-04T16:03:01Z
525,20,12,43.05,resale,2026-10-04T16:03:01Z
525,12,18,129.15,resale,2026-10-04T16:03:01Z
525,12,19,129.15,resale,2026-10-04T16:03:01Z
109,37,5,170.97,resale,2026-10-04T16:03:01Z
109,37,6,170.97,resale,2026-10-04T16:03:01Z
109,37,7,170.97,resale,2026-10-04T16:03:01Z
109,37,8,170.97,resale,2026-10-04T16:03:01Z
109,37,9,170.97,resale,2026-10-04T16:03:01Z
109,37,10,170.97,resale,2026-10-04T16:03:01Z
145,33,10,195.57,resale,2026-10-04T16:03:01Z
145,33,11,195.57,resale,2026-10-04T16:03:01Z
145,33,12,195.57,resale,2026-10-04T16:03:01Z
145,33,13,195.57,resale,2026-10-04T16:03:01Z
145,33,14,195.57,resale,2026-10-04T16:03:01Z
144,39,16,178.35,resale,2026-10-04T16:03:01Z
144,39,17,178.35,resale,2026-10-04T16:03:01Z
144,39,18,178.35,resale,2026-10-04T16:03:01Z
144,39,19,178.35,resale,2026-10-04T16:03:01Z
144,39,20,178.35,resale,2026-10-04T16:03:01Z
144,39,21,178.35,resale,2026-10-04T16:03:01Z
144,39,22,178.35,resale,2026-10-04T16:03:01Z
144,39,23,178.35,resale,2026-10-04T16:03:01Z
146,24,5,202.95,resale,2026-10-04T16:03:01Z
146,24,6,202.95,resale,2026-10-04T16:03:01Z
146,24,7,202.95,resale,2026-10-04T16:03:01Z
146,24,8,202.95,resale,2026-10-04T16:03:01Z
146,24,9,202.95,resale,2026-10-04T16:03:01Z
523,9,17,97.17,resale,2026-10-04T16:03:01Z
523,9,18,97.17,resale,2026-10-04T16:03:01Z
523,9,19,97.17,resale,2026-10-04T16:03:01Z
523,9,20,97.17,resale,2026-10-04T16:03:01Z
536,5,4,97.17,resale,2026-10-04T16:03:01Z
536,5,5,97.17,resale,2026-10-04T16:03:01Z
541,7,11,84.87,resale,2026-10-04T16:03:01Z
541,7,12,84.87,resale,2026-10-04T16:03:01Z
541,7,13,84.87,resale,2026-10-04T16:03:01Z
541,7,14,84.87,resale,2026-10-04T16:03:01Z
542,20,8,72.57,resale,2026-10-04T16:03:01Z
542,20,9,72.57,resale,2026-10-04T16:03:01Z
542,20,10,72.57,resale,2026-10-04T16:03:01Z
542,20,11,72.57,resale,2026-10-04T16:03:01Z
542,20,12,72.57,resale,2026-10-04T16:03:01Z
542,20,13,72.57,resale,2026-10-04T16:03:01Z
542,20,14,72.57,resale,2026-10-04T16:03:01Z
542,25,14,72.57,resale,2026-10-04T16:03:01Z
542,25,15,72.57,resale,2026-10-04T16:03:01Z
542,25,16,72.57,resale,2026-10-04T16:03:01Z
542,25,17,72.57,resale,2026-10-04T16:03:01Z
542,25,18,72.57,resale,2026-10-04T16:03:01Z
542,25,19,72.57,resale,2026-10-04T16:03:01Z
542,25,20,72.57,resale,2026-10-04T16:03:01Z
542,25,21,72.57,resale,2026-10-04T16:03:01Z
542,25,22,72.57,resale,2026-10-04T16:03:01Z
542,25,23,72.57,resale,2026-10-04T16:03:01Z
542,25,24,72.57,resale,2026-10-04T16:03:01Z
542,25,25,72.57,resale,2026-10-04T16:03:01Z
542,25,26,72.57,resale,2026-10-04T16:03:01Z
508,9,5,67.65,resale,2026-10-04T16:03:01Z
508,9,6,67.65,resale,2026-10-04T16:03:01Z
508,9,7,67.65,resale,2026-10-04T16:03:01Z
508,9,8,67.65,resale,2026-10-04T16:03:01Z
514,8,5,66.42,resale,2026-10-04T16:03:01Z
514,8,6,66.42,resale,2026-10-04T16:03:01Z
153,38,18,257.07,resale,2026-10-04T16:03:01Z
153,38,19,257.07,resale,2026-10-04T16:03:01Z
153,38,20,257.07,resale,2026-10-04T16:03:01Z
152,2,17,330.87,resale,2026-10-04T16:03:01Z
152,2,18,330.87,resale,2026-10-04T16:03:01Z
152,4,16,301.35,resale,2026-10-04T16:03:01Z
152,4,17,301.35,resale,2026-10-04T16:03:01Z
542,24,3,79.95,resale,2026-10-04T16:03:01Z
542,24,4,79.95,resale,2026-10-04T16:03:01Z
542,24,5,79.95,resale,2026-10-04T16:03:01Z
542,24,6,79.95,resale,2026-10-04T16:03:01Z
542,24,7,79.95,resale,2026-10-04T16:03:01Z
542,24,8,79.95,resale,2026-10-04T16:03:01Z
542,24,9,79.95,resale,2026-10-04T16:03:01Z
542,24,10,79.95,resale,2026-10-04T16:03:01Z
542,24,11,79.95,resale,2026-10-04T16:03:01Z
542,24,12,79.95,resale,2026-10-04T16:03:01Z
542,24,13,79.95,resale,2026-10-04T16:03:01Z
542,24,14,79.95,resale,2026-10-04T16:03:01Z
542,24,15,79.95,resale,2026-10-04T16:03:01Z
542,24,16,79.95,resale,2026-10-04T16:03:01Z
542,24,17,79.95,resale,2026-10-04T16:03:01Z
542,24,18,79.95,resale,2026-10-04T16:03:01Z
542,24,19,79.95,resale,2026-10-04T16:03:01Z
542,24,20,79.95,resale,2026-10-04T16:03:01Z
542,24,21,79.95,resale,2026-10-04T16:03:01Z
542,24,22,79.95,resale,2026-10-04T16:03:01Z
542,24,23,79.95,resale,2026-10-04T16:03:01Z
542,24,24,79.95,resale,2026-10-04T16:03:01Z
542,24,25,79.95,resale,2026-10-04T16:03:01Z
542,24,26,79.95,resale,2026-10-04T16:03:01Z
140,14,11,195.57,resale,2026-10-04T16:03:01Z
140,14,12,195.57,resale,2026-10-04T16:03:01Z
140,14,13,195.57,resale,2026-10-04T16:03:01Z
140,14,14,195.57,resale,2026-10-04T16:03:01Z
140,14,15,195.57,resale,2026-10-04T16:03:01Z
140,14,16,195.57,resale,2026-10-04T16:03:01Z
144,11,5,237.39,resale,2026-10-04T16:03:01Z
144,11,6,237.39,resale,2026-10-04T16:03:01Z
105,4,3,252.15,resale,2026-10-04T16:03:01Z
111,31,20,153.75,resale,2026-10-04T16:03:01Z
111,31,21,153.75,resale,2026-10-04T16:03:01Z
523,19,24,184.5,resale,2026-10-04T16:03:01Z
523,19,25,184.5,resale,2026-10-04T16:03:01Z
127,4,18,239.85,resale,2026-10-04T16:03:01Z
127,4,19,239.85,resale,2026-10-04T16:03:01Z
127,31,9,246.0,resale,2026-10-04T16:03:01Z
136,20,13,123.0,resale,2026-10-04T16:03:01Z
136,20,14,123.0,resale,2026-10-04T16:03:01Z
244,4,7,412.05,resale,2026-10-04T16:03:01Z
251,3,14,184.5,resale,2026-10-04T16:03:01Z
251,3,15,184.5,resale,2026-10-04T16:03:01Z
251,3,16,184.5,resale,2026-10-04T16:03:01Z
251,3,17,184.5,resale,2026-10-04T16:03:01Z
141,12,10,246.0,resale,2026-10-04T16:03:01Z
141,12,11,246.0,resale,2026-10-04T16:03:01Z
543,23,16,73.8,resale,2026-10-04T16:03:01Z
132,14,11,553.5,resale,2026-10-04T16:03:01Z
132,14,12,553.5,resale,2026-10-04T16:03:01Z
135,36,6,276.75,resale,2026-10-04T16:03:01Z
135,36,7,276.75,resale,2026-10-04T16:03:01Z
135,36,8,276.75,resale,2026-10-04T16:03:01Z
135,36,9,276.75,resale,2026-10-04T16:03:01Z
517,17,16,73.8,resale,2026-10-04T16:03:01Z
517,17,17,73.8,resale,2026-10-04T16:03:01Z
121,22,6,141.45,resale,2026-10-04T16:03:01Z
121,22,7,141.45,resale,2026-10-04T16:03:01Z
117,15,3,276.75,resale,2026-10-04T16:03:01Z
117,15,4,276.75,resale,2026-10-04T16:03:01Z
112,12,7,132.84,resale,2026-10-04T16:03:01Z
112,12,8,132.84,resale,2026-10-04T16:03:01Z
112,12,9,132.84,resale,2026-10-04T16:03:01Z
505,20,19,62.73,resale,2026-10-04T16:03:01Z
505,20,20,62.73,resale,2026-10-04T16:03:01Z
505,20,21,62.73,resale,2026-10-04T16:03:01Z
505,20,22,62.73,resale,2026-10-04T16:03:01Z
152,9,13,136.53,resale,2026-10-04T16:03:01Z
152,9,14,136.53,resale,2026-10-04T16:03:01Z
102,40,23,369.0,resale,2026-10-04T16:03:01Z
500,5,6,172.2,resale,2026-10-04T16:03:01Z
124,5,17,159.9,resale,2026-10-04T16:03:01Z
124,5,18,159.9,resale,2026-10-04T16:03:01Z
106,38,3,98.4,resale,2026-10-04T16:03:01Z
106,38,4,98.4,resale,2026-10-04T16:03:01Z
153,32,14,183.27,resale,2026-10-04T16:03:01Z
153,32,15,183.27,resale,2026-10-04T16:03:01Z
543,9,16,153.75,resale,2026-10-04T16:03:01Z
543,10,16,153.75,resale,2026-10-04T16:03:01Z
543,10,17,153.75,resale,2026-10-04T16:03:01Z
151,42,1,276.75,resale,2026-10-04T16:03:01Z
151,42,2,276.75,resale,2026-10-04T16:03:01Z
141,12,12,276.75,resale,2026-10-04T16:03:01Z
141,12,13,276.75,resale,2026-10-04T16:03:01Z
132,14,5,246.0,resale,2026-10-04T16:03:01Z
132,14,6,246.0,resale,2026-10-04T16:03:01Z
112,42,7,193.11,resale,2026-10-04T16:03:01Z
112,42,8,193.11,resale,2026-10-04T16:03:01Z
127,7,15,492.0,resale,2026-10-04T16:03:01Z
127,7,16,492.0,resale,2026-10-04T16:03:01Z
127,7,17,492.0,resale,2026-10-04T16:03:01Z
127,7,18,492.0,resale,2026-10-04T16:03:01Z
504,28,24,49.2,resale,2026-10-04T16:03:01Z
504,28,25,49.2,resale,2026-10-04T16:03:01Z
126,13,7,196.8,resale,2026-10-04T16:03:01Z
126,13,8,196.8,resale,2026-10-04T16:03:01Z
126,13,9,196.8,resale,2026-10-04T16:03:01Z
126,13,10,196.8,resale,2026-10-04T16:03:01Z
126,13,11,196.8,resale,2026-10-04T16:03:01Z
126,13,12,196.8,resale,2026-10-04T16:03:01Z
153,2,3,196.8,resale,2026-10-04T16:03:01Z
153,2,4,196.8,resale,2026-10-04T16:03:01Z
503,13,11,125.46,resale,2026-10-04T16:03:01Z
503,13,12,125.46,resale,2026-10-04T16:03:01Z
105,8,3,123.0,resale,2026-10-04T16:03:01Z
105,8,4,123.0,resale,2026-10-04T16:03:01Z
115,30,14,209.1,resale,2026-10-04T16:03:01Z
115,30,15,209.1,resale,2026-10-04T16:03:01Z
510,19,13,67.65,resale,2026-10-04T16:03:01Z
510,19,14,67.65,resale,2026-10-04T16:03:01Z
510,19,15,67.65,resale,2026-10-04T16:03:01Z
510,19,16,67.65,resale,2026-10-04T16:03:01Z
538,1,16,66.42,resale,2026-10-04T16:03:01Z
538,1,17,66.42,resale,2026-10-04T16:03:01Z
505,9,6,59.04,resale,2026-10-04T16:03:01Z
504,23,22,43.05,resale,2026-10-04T16:03:01Z
504,23,23,43.05,resale,2026-10-04T16:03:01Z
112,39,3,104.55,resale,2026-10-04T16:03:01Z
112,39,4,104.55,resale,2026-10-04T16:03:01Z
114,8,13,233.7,resale,2026-10-04T16:03:01Z
114,8,14,233.7,resale,2026-10-04T16:03:01Z
502,26,22,36.9,resale,2026-10-04T16:03:01Z
502,26,23,36.9,resale,2026-10-04T16:03:01Z
539,17,20,43.05,resale,2026-10-04T16:03:01Z
539,17,21,43.05,resale,2026-10-04T16:03:01Z
525,13,9,52.89,resale,2026-10-04T16:03:01Z
525,13,10,52.89,resale,2026-10-04T16:03:01Z
515,23,12,92.25,resale,2026-10-04T16:03:01Z
515,23,13,92.25,resale,2026-10-04T16:03:01Z
153,29,20,166.05,resale,2026-10-04T16:03:01Z
153,29,21,166.05,resale,2026-10-04T16:03:01Z
146,10,5,123.0,resale,2026-10-04T16:03:01Z
146,10,6,123.0,resale,2026-10-04T16:03:01Z
524,14,1,83.64,resale,2026-10-04T16:03:01Z
524,14,2,83.64,resale,2026-10-04T16:03:01Z
516,16,1,45.51,resale,2026-10-04T16:03:01Z
516,16,2,45.51,resale,2026-10-04T16:03:01Z
531,23,6,49.2,resale,2026-10-04T16:03:01Z
531,23,7,49.2,resale,2026-10-04T16:03:01Z
253,8,11,233.7,resale,2026-10-04T16:03:01Z
253,8,12,233.7,resale,2026-10-04T16:03:01Z
142,31,1,135.3,resale,2026-10-04T16:03:01Z
142,31,2,135.3,resale,2026-10-04T16:03:01Z
102,6,5,174.66,resale,2026-10-04T16:03:01Z
102,6,6,174.66,resale,2026-10-04T16:03:01Z
520,14,1,49.2,resale,2026-10-04T16:03:01Z
520,14,2,49.2,resale,2026-10-04T16:03:01Z
100,4,12,258.3,resale,2026-10-04T16:03:01Z
100,4,13,258.3,resale,2026-10-04T16:03:01Z
532,24,5,59.04,resale,2026-10-04T16:03:01Z
532,24,6,59.04,resale,2026-10-04T16:03:01Z
511,17,22,55.35,resale,2026-10-04T16:03:01Z
511,17,23,55.35,resale,2026-10-04T16:03:01Z
511,17,24,55.35,resale,2026-10-04T16:03:01Z
511,17,25,55.35,resale,2026-10-04T16:03:01Z
528,29,1,79.95,resale,2026-10-04T16:03:01Z
528,29,2,79.95,resale,2026-10-04T16:03:01Z
230,11,15,246.0,resale,2026-10-04T16:03:01Z
230,11,16,246.0,resale,2026-10-04T16:03:01Z
506,9,7,71.34,resale,2026-10-04T16:03:01Z
506,9,8,71.34,resale,2026-10-04T16:03:01Z
515,19,20,49.2,resale,2026-10-04T16:03:01Z
515,19,21,49.2,resale,2026-10-04T16:03:01Z
153,15,9,184.5,resale,2026-10-04T16:03:01Z
153,15,10,184.5,resale,2026-10-04T16:03:01Z
153,15,11,184.5,resale,2026-10-04T16:03:01Z
153,15,12,184.5,resale,2026-10-04T16:03:01Z
151,3,17,246.0,resale,2026-10-04T16:03:01Z
151,3,18,246.0,resale,2026-10-04T16:03:01Z
222,3,5,153.75,resale,2026-10-04T16:03:01Z
222,3,6,153.75,resale,2026-10-04T16:03:01Z
522,25,11,43.05,resale,2026-10-04T16:03:01Z
522,25,12,43.05,resale,2026-10-04T16:03:01Z
148,9,9,153.75,resale,2026-10-04T16:03:01Z
148,9,10,153.75,resale,2026-10-04T16:03:01Z
539,22,1,67.65,resale,2026-10-04T16:03:01Z
539,22,2,67.65,resale,2026-10-04T16:03:01Z
539,22,3,67.65,resale,2026-10-04T16:03:01Z
539,22,4,67.65,resale,2026-10-04T16:03:01Z
202,12,3,492.0,resale,2026-10-04T16:03:01Z
202,12,4,492.0,resale,2026-10-04T16:03:01Z
205,7,9,201.72,resale,2026-10-04T16:03:01Z
205,7,10,201.72,resale,2026-10-04T16:03:01Z
519,12,4,68.88,resale,2026-10-04T16:03:01Z
519,12,5,68.88,resale,2026-10-04T16:03:01Z
103,39,15,153.75,resale,2026-10-04T16:03:01Z
103,39,16,153.75,resale,2026-10-04T16:03:01Z
234,5,5,211.56,resale,2026-10-04T16:03:01Z
234,5,6,211.56,resale,2026-10-04T16:03:01Z
508,22,14,73.8,resale,2026-10-04T16:03:01Z
508,22,15,73.8,resale,2026-10-04T16:03:01Z
508,22,16,73.8,resale,2026-10-04T16:03:01Z
503,16,14,36.9,resale,2026-10-04T16:03:01Z
503,16,15,36.9,resale,2026-10-04T16:03:01Z
106,34,16,104.55,resale,2026-10-04T16:03:01Z
106,34,17,104.55,resale,2026-10-04T16:03:01Z
553,7,1,135.3,resale,2026-10-04T16:03:01Z
553,7,2,135.3,resale,2026-10-04T16:03:01Z
151,25,5,184.5,resale,2026-10-04T16:03:01Z
151,25,6,184.5,resale,2026-10-04T16:03:01Z
514,20,12,52.89,resale,2026-10-04T16:03:01Z
514,20,13,52.89,resale,2026-10-04T16:03:01Z
553,21,13,44.28,resale,2026-10-04T16:03:01Z
553,21,14,44.28,resale,2026-10-04T16:03:01Z
537,15,16,30.75,resale,2026-10-04T16:03:01Z
537,15,17,30.75,resale,2026-10-04T16:03:01Z
542,5,11,65.19,resale,2026-10-04T16:03:01Z
542,5,12,65.19,resale,2026-10-04T16:03:01Z
140,34,7,276.75,resale,2026-10-04T16:03:01Z
140,34,8,276.75,resale,2026-10-04T16:03:01Z
140,34,9,276.75,resale,2026-10-04T16:03:01Z
140,34,10,276.75,resale,2026-10-04T16:03:01Z
102,7,19,179.58,resale,2026-10-04T16:03:01Z
102,7,20,179.58,resale,2026-10-04T16:03:01Z
518,17,17,73.8,resale,2026-10-04T16:03:01Z
518,17,18,73.8,resale,2026-10-04T16:03:01Z
518,17,19,73.8,resale,2026-10-04T16:03:01Z
518,17,20,73.8,resale,2026-10-04T16:03:01Z
519,16,8,57.81,resale,2026-10-04T16:03:01Z
519,16,9,57.81,resale,2026-10-04T16:03:01Z
144,33,13,123.0,resale,2026-10-04T16:03:01Z
144,33,14,123.0,resale,2026-10-04T16:03:01Z
521,6,10,76.26,resale,2026-10-04T16:03:01Z
521,6,11,76.26,resale,2026-10-04T16:03:01Z
109,10,1,159.9,resale,2026-10-04T16:03:01Z
109,10,2,159.9,resale,2026-10-04T16:03:01Z
541,14,15,59.04,resale,2026-10-04T16:03:01Z
541,14,16,59.04,resale,2026-10-04T16:03:01Z
117,24,13,123.0,resale,2026-10-04T16:03:01Z
117,24,14,123.0,resale,2026-10-04T16:03:01Z
552,32,22,88.56,resale,2026-10-04T16:03:01Z
552,32,23,88.56,resale,2026-10-04T16:03:01Z
552,32,24,88.56,resale,2026-10-04T16:03:01Z
552,32,25,88.56,resale,2026-10-04T16:03:01Z
138,34,20,123.0,resale,2026-10-04T16:03:01Z
501,22,13,44.28,resale,2026-10-04T16:03:01Z
501,22,14,44.28,resale,2026-10-04T16:03:01Z
112,19,11,172.2,resale,2026-10-04T16:03:01Z
501,12,12,61.5,resale,2026-10-04T16:03:01Z
501,12,13,61.5,resale,2026-10-04T16:03:01Z
501,12,14,61.5,resale,2026-10-04T16:03:01Z
501,12,15,61.5,resale,2026-10-04T16:03:01Z
525,14,5,49.2,resale,2026-10-04T16:03:01Z
525,14,6,49.2,resale,2026-10-04T16:03:01Z
537,14,7,49.2,resale,2026-10-04T16:03:01Z
537,14,8,49.2,resale,2026-10-04T16:03:01Z
249,13,16,183.27,resale,2026-10-04T16:03:01Z
249,13,17,183.27,resale,2026-10-04T16:03:01Z
152,30,16,146.37,resale,2026-10-04T16:03:01Z
152,30,17,146.37,resale,2026-10-04T16:03:01Z
235,7,9,191.88,resale,2026-10-04T16:03:01Z
235,7,10,191.88,resale,2026-10-04T16:03:01Z
125,35,9,178.35,resale,2026-10-04T16:03:01Z
125,35,10,172.2,resale,2026-10-04T16:03:01Z
551,7,5,70.11,resale,2026-10-04T16:03:01Z
551,7,6,70.11,resale,2026-10-04T16:03:01Z
542,14,15,98.4,resale,2026-10-04T16:03:01Z
542,14,16,98.4,resale,2026-10-04T16:03:01Z
538,16,2,61.5,resale,2026-10-04T16:03:01Z
538,16,3,61.5,resale,2026-10-04T16:03:01Z
521,14,1,45.51,resale,2026-10-04T16:03:01Z
521,14,2,45.51,resale,2026-10-04T16:03:01Z
227,13,1,492.0,resale,2026-10-04T16:03:01Z
227,13,2,492.0,resale,2026-10-04T16:03:01Z
136,22,13,108.24,resale,2026-10-04T16:03:01Z
136,22,14,108.24,resale,2026-10-04T16:03:01Z
219,12,1,246.0,resale,2026-10-04T16:03:01Z
219,12,2,246.0,resale,2026-10-04T16:03:01Z
204,13,20,184.5,resale,2026-10-04T16:03:01Z
204,13,21,184.5,resale,2026-10-04T16:03:01Z
125,19,8,246.0,resale,2026-10-04T16:03:01Z
125,19,9,246.0,resale,2026-10-04T16:03:01Z
120,22,9,142.68,resale,2026-10-04T16:03:01Z
120,22,3,148.83,resale,2026-10-04T16:03:01Z
120,22,4,148.83,resale,2026-10-04T16:03:01Z
548,15,6,123.0,resale,2026-10-04T16:03:01Z
548,15,7,123.0,resale,2026-10-04T16:03:01Z
216,15,3,153.75,resale,2026-10-04T16:03:01Z
216,15,4,153.75,resale,2026-10-04T16:03:01Z
502,28,3,61.5,resale,2026-10-04T16:03:01Z
502,28,4,61.5,resale,2026-10-04T16:03:01Z
246,4,8,369.0,resale,2026-10-04T16:03:01Z
246,4,9,369.0,resale,2026-10-04T16:03:01Z
148,23,11,123.0,resale,2026-10-04T16:03:01Z
148,23,12,123.0,resale,2026-10-04T16:03:01Z
249,11,17,180.81,resale,2026-10-04T16:03:01Z
249,11,18,180.81,resale,2026-10-04T16:03:01Z
135,37,14,184.5,resale,2026-10-04T16:03:01Z
135,37,15,184.5,resale,2026-10-04T16:03:01Z
127,29,18,281.67,resale,2026-10-04T16:03:01Z
127,29,19,281.67,resale,2026-10-04T16:03:01Z
115,34,5,120.54,resale,2026-10-04T16:03:01Z
115,34,6,120.54,resale,2026-10-04T16:03:01Z
107,8,20,113.16,resale,2026-10-04T16:03:01Z
107,8,21,113.16,resale,2026-10-04T16:03:01Z
535,10,9,31.98,resale,2026-10-04T16:03:01Z
535,10,10,31.98,resale,2026-10-04T16:03:01Z
145,24,4,110.7,resale,2026-10-04T16:03:01Z
145,24,5,110.7,resale,2026-10-04T16:03:01Z
515,12,11,66.42,resale,2026-10-04T16:03:01Z
515,12,12,66.42,resale,2026-10-04T16:03:01Z
516,26,6,49.2,resale,2026-10-04T16:03:01Z
516,26,7,49.2,resale,2026-10-04T16:03:01Z
100,20,6,246.0,resale,2026-10-04T16:03:01Z
100,20,7,246.0,resale,2026-10-04T16:03:01Z
531,9,13,67.65,resale,2026-10-04T16:03:01Z
531,9,14,67.65,resale,2026-10-04T16:03:01Z
224,13,1,215.25,resale,2026-10-04T16:03:01Z
224,13,2,215.25,resale,2026-10-04T16:03:01Z
224,13,3,215.25,resale,2026-10-04T16:03:01Z
224,13,4,215.25,resale,2026-10-04T16:03:01Z
113,39,3,110.7,resale,2026-10-04T16:03:01Z
113,39,4,110.7,resale,2026-10-04T16:03:01Z
203,2,7,174.66,resale,2026-10-04T16:03:01Z
203,2,8,174.66,resale,2026-10-04T16:03:01Z
203,2,9,174.66,resale,2026-10-04T16:03:01Z
203,2,10,174.66,resale,2026-10-04T16:03:01Z
503,17,5,30.75,resale,2026-10-04T16:03:01Z
503,17,6,30.75,resale,2026-10-04T16:03:01Z
125,15,13,215.25,resale,2026-10-04T16:03:01Z
125,15,14,215.25,resale,2026-10-04T16:03:01Z
500,11,13,67.65,resale,2026-10-04T16:03:01Z
500,11,14,67.65,resale,2026-10-04T16:03:01Z
527,29,1,87.33,resale,2026-10-04T16:03:01Z
527,29,2,87.33,resale,2026-10-04T16:03:01Z
527,29,3,87.33,resale,2026-10-04T16:03:01Z
527,29,4,87.33,resale,2026-10-04T16:03:01Z
101,1,11,445.26,resale,2026-10-04T16:03:01Z
101,1,12,445.26,resale,2026-10-04T16:03:01Z
236,16,9,246.0,resale,2026-10-04T16:03:01Z
236,16,10,246.0,resale,2026-10-04T16:03:01Z
236,16,11,246.0,resale,2026-10-04T16:03:01Z
236,16,12,246.0,resale,2026-10-04T16:03:01Z
105,4,1,159.9,resale,2026-10-04T16:03:01Z
105,4,2,159.9,resale,2026-10-04T16:03:01Z
503,32,7,30.75,resale,2026-10-04T16:03:01Z
503,32,8,30.75,resale,2026-10-04T16:03:01Z
553,25,1,67.65,resale,2026-10-04T16:03:01Z
553,25,2,67.65,resale,2026-10-04T16:03:01Z
109,35,10,123.0,resale,2026-10-04T16:03:01Z
503,13,9,86.1,resale,2026-10-04T16:03:01Z
503,13,10,86.1,resale,2026-10-04T16:03:01Z
544,19,15,50.43,resale,2026-10-04T16:03:01Z
544,19,16,50.43,resale,2026-10-04T16:03:01Z
549,13,2,86.1,resale,2026-10-04T16:03:01Z
549,13,3,86.1,resale,2026-10-04T16:03:01Z
549,13,4,86.1,resale,2026-10-04T16:03:01Z
518,25,8,49.2,resale,2026-10-04T16:03:01Z
518,25,9,49.2,resale,2026-10-04T16:03:01Z
503,10,12,72.57,resale,2026-10-04T16:03:01Z
106,27,3,109.47,resale,2026-10-04T16:03:01Z
106,27,4,109.47,resale,2026-10-04T16:03:01Z
515,13,21,59.04,resale,2026-10-04T16:03:01Z
515,13,22,59.04,resale,2026-10-04T16:03:01Z
536,23,21,62.73,resale,2026-10-04T16:03:01Z
536,23,22,62.73,resale,2026-10-04T16:03:01Z
536,23,23,62.73,resale,2026-10-04T16:03:01Z
141,15,15,138.99,resale,2026-10-04T16:03:01Z
513,12,1,92.25,resale,2026-10-04T16:03:01Z
513,12,2,92.25,resale,2026-10-04T16:03:01Z
132,40,9,178.35,resale,2026-10-04T16:03:01Z
132,40,10,178.35,resale,2026-10-04T16:03:01Z
132,40,11,178.35,resale,2026-10-04T16:03:01Z
132,40,12,178.35,resale,2026-10-04T16:03:01Z
130,30,22,138.99,resale,2026-10-04T16:03:01Z
130,30,23,138.99,resale,2026-10-04T16:03:01Z
150,4,7,184.5,resale,2026-10-04T16:03:01Z
150,4,8,184.5,resale,2026-10-04T16:03:01Z
541,18,13,52.89,resale,2026-10-04T16:03:01Z
541,18,14,52.89,resale,2026-10-04T16:03:01Z
524,32,13,60.27,resale,2026-10-04T16:03:01Z
524,32,14,60.27,resale,2026-10-04T16:03:01Z
510,19,11,36.9,resale,2026-10-04T16:03:01Z
510,19,12,36.9,resale,2026-10-04T16:03:01Z
501,17,7,67.65,resale,2026-10-04T16:03:01Z
501,17,8,67.65,resale,2026-10-04T16:03:01Z
550,12,20,43.05,resale,2026-10-04T16:03:01Z
550,12,21,43.05,resale,2026-10-04T16:03:01Z
115,12,6,244.77,resale,2026-10-04T16:03:01Z
115,12,7,244.77,resale,2026-10-04T16:03:01Z
115,12,8,244.77,resale,2026-10-04T16:03:01Z
132,35,4,184.5,resale,2026-10-04T16:03:01Z
501,11,15,92.25,resale,2026-10-04T16:03:01Z
501,11,16,92.25,resale,2026-10-04T16:03:01Z
109,5,3,123.0,resale,2026-10-04T16:03:01Z
109,5,4,123.0,resale,2026-10-04T16:03:01Z
544,9,12,36.9,resale,2026-10-04T16:03:01Z
544,9,13,36.9,resale,2026-10-04T16:03:01Z
513,17,6,55.35,resale,2026-10-04T16:03:01Z
513,17,7,55.35,resale,2026-10-04T16:03:01Z
209,3,3,276.75,resale,2026-10-04T16:03:01Z
108,33,5,153.75,resale,2026-10-04T16:03:01Z
108,33,6,153.75,resale,2026-10-04T16:03:01Z
217,11,13,153.75,resale,2026-10-04T16:03:01Z
217,11,14,153.75,resale,2026-10-04T16:03:01Z
530,14,10,63.96,resale,2026-10-04T16:03:01Z
530,14,11,63.96,resale,2026-10-04T16:03:01Z
525,16,8,68.88,resale,2026-10-04T16:03:01Z
525,16,9,68.88,resale,2026-10-04T16:03:01Z
151,5,5,166.05,resale,2026-10-04T16:03:01Z
151,5,6,166.05,resale,2026-10-04T16:03:01Z
100,21,7,183.27,resale,2026-10-04T16:03:01Z
100,21,8,183.27,resale,2026-10-04T16:03:01Z
527,29,9,67.65,resale,2026-10-04T16:03:01Z
527,29,10,67.65,resale,2026-10-04T16:03:01Z
531,17,1,63.96,resale,2026-10-04T16:03:01Z
531,17,2,63.96,resale,2026-10-04T16:03:01Z
115,36,21,86.1,resale,2026-10-04T16:03:01Z
115,36,22,86.1,resale,2026-10-04T16:03:01Z
539,20,16,73.8,resale,2026-10-04T16:03:01Z
539,20,17,73.8,resale,2026-10-04T16:03:01Z
532,21,10,137.76,resale,2026-10-04T16:03:01Z
532,21,11,137.76,resale,2026-10-04T16:03:01Z
551,16,3,35.67,resale,2026-10-04T16:03:01Z
551,16,4,35.67,resale,2026-10-04T16:03:01Z
524,31,17,61.5,resale,2026-10-04T16:03:01Z
524,31,18,61.5,resale,2026-10-04T16:03:01Z
524,31,19,61.5,resale,2026-10-04T16:03:01Z
524,31,20,61.5,resale,2026-10-04T16:03:01Z
120,32,15,116.85,resale,2026-10-04T16:03:01Z
120,32,16,116.85,resale,2026-10-04T16:03:01Z
230,6,10,436.65,resale,2026-10-04T16:03:01Z
230,6,11,436.65,resale,2026-10-04T16:03:01Z
230,6,12,436.65,resale,2026-10-04T16:03:01Z
230,6,13,436.65,resale,2026-10-04T16:03:01Z
127,6,19,246.0,resale,2026-10-04T16:03:01Z
127,6,20,246.0,resale,2026-10-04T16:03:01Z
523,30,1,61.5,resale,2026-10-04T16:03:01Z
552,25,7,79.95,resale,2026-10-04T16:03:01Z
552,25,8,79.95,resale,2026-10-04T16:03:01Z
552,30,17,50.43,resale,2026-10-04T16:03:01Z
552,30,18,50.43,resale,2026-10-04T16:03:01Z
140,26,1,110.7,resale,2026-10-04T16:03:01Z
140,26,2,110.7,resale,2026-10-04T16:03:01Z
113,3,9,168.51,resale,2026-10-04T16:03:01Z
113,3,10,168.51,resale,2026-10-04T16:03:01Z
517,4,4,55.35,resale,2026-10-04T16:03:01Z
517,4,5,55.35,resale,2026-10-04T16:03:01Z
140,26,5,110.7,resale,2026-10-04T16:03:01Z
140,26,6,110.7,resale,2026-10-04T16:03:01Z
501,27,12,34.44,resale,2026-10-04T16:03:01Z
501,27,13,34.44,resale,2026-10-04T16:03:01Z
514,6,12,73.8,resale,2026-10-04T16:03:01Z
503,8,3,63.96,resale,2026-10-04T16:03:01Z
503,8,4,63.96,resale,2026-10-04T16:03:01Z
542,4,8,51.66,resale,2026-10-04T16:03:01Z
542,4,9,51.66,resale,2026-10-04T16:03:01Z
542,4,10,51.66,resale,2026-10-04T16:03:01Z
542,4,11,51.66,resale,2026-10-04T16:03:01Z
204,5,7,369.0,resale,2026-10-04T16:03:01Z
204,5,8,369.0,resale,2026-10-04T16:03:01Z
204,5,9,369.0,resale,2026-10-04T16:03:01Z
204,5,10,369.0,resale,2026-10-04T16:03:01Z
134,24,5,135.3,resale,2026-10-04T16:03:01Z
524,16,5,38.13,resale,2026-10-04T16:03:01Z
524,16,6,38.13,resale,2026-10-04T16:03:01Z
132,36,8,123.0,resale,2026-10-04T16:03:01Z
132,36,9,123.0,resale,2026-10-04T16:03:01Z
525,22,21,60.27,resale,2026-10-04T16:03:01Z
525,22,22,60.27,resale,2026-10-04T16:03:01Z
547,10,3,55.35,resale,2026-10-04T16:03:01Z
547,10,4,55.35,resale,2026-10-04T16:03:01Z
500,11,15,59.04,resale,2026-10-04T16:03:01Z
500,11,16,59.04,resale,2026-10-04T16:03:01Z
530,29,18,50.43,resale,2026-10-04T16:03:01Z
530,29,19,50.43,resale,2026-10-04T16:03:01Z
542,12,21,60.27,resale,2026-10-04T16:03:01Z
542,12,22,60.27,resale,2026-10-04T16:03:01Z
524,18,15,73.8,resale,2026-10-04T16:03:01Z
524,18,16,73.8,resale,2026-10-04T16:03:01Z
524,18,17,73.8,resale,2026-10-04T16:03:01Z
552,22,5,59.04,resale,2026-10-04T16:03:01Z
552,22,6,59.04,resale,2026-10-04T16:03:01Z
521,24,18,73.8,resale,2026-10-04T16:03:01Z
521,24,19,73.8,resale,2026-10-04T16:03:01Z
539,18,1,49.2,resale,2026-10-04T16:03:01Z
539,18,2,49.2,resale,2026-10-04T16:03:01Z
253,6,12,328.41,resale,2026-10-04T16:03:01Z
253,6,13,328.41,resale,2026-10-04T16:03:01Z
540,15,9,77.49,resale,2026-10-04T16:03:01Z
523,15,12,33.21,resale,2026-10-04T16:03:01Z
523,15,13,33.21,resale,2026-10-04T16:03:01Z
136,11,13,92.25,resale,2026-10-04T16:03:01Z
136,11,14,92.25,resale,2026-10-04T16:03:01Z
124,25,12,215.25,resale,2026-10-04T16:03:01Z
124,25,13,215.25,resale,2026-10-04T16:03:01Z
236,10,15,231.24,resale,2026-10-04T16:03:01Z
236,10,16,231.24,resale,2026-10-04T16:03:01Z
544,15,10,55.35,resale,2026-10-04T16:03:01Z
102,36,7,134.07,resale,2026-10-04T16:03:01Z
102,36,8,134.07,resale,2026-10-04T16:03:01Z
119,30,2,151.29,resale,2026-10-04T16:03:01Z
130,18,3,153.75,resale,2026-10-04T16:03:01Z
130,18,4,153.75,resale,2026-10-04T16:03:01Z
518,9,7,109.47,resale,2026-10-04T16:03:01Z
518,9,8,109.47,resale,2026-10-04T16:03:01Z
118,30,1,159.9,resale,2026-10-04T16:03:01Z
118,30,2,159.9,resale,2026-10-04T16:03:01Z
209,11,13,184.5,resale,2026-10-04T16:03:01Z
209,11,14,184.5,resale,2026-10-04T16:03:01Z
539,13,1,76.26,resale,2026-10-04T16:03:01Z
539,13,2,76.26,resale,2026-10-04T16:03:01Z
543,23,1,123.0,resale,2026-10-04T16:03:01Z
543,23,2,123.0,resale,2026-10-04T16:03:01Z
543,23,3,123.0,resale,2026-10-04T16:03:01Z
530,16,8,78.72,resale,2026-10-04T16:03:01Z
530,16,9,78.72,resale,2026-10-04T16:03:01Z
544,22,3,30.75,resale,2026-10-04T16:03:01Z
544,22,4,30.75,resale,2026-10-04T16:03:01Z
522,25,3,55.35,resale,2026-10-04T16:03:01Z
523,24,15,67.65,resale,2026-10-04T16:03:01Z
134,8,1,169.74,resale,2026-10-04T16:03:01Z
134,9,1,173.43,resale,2026-10-04T16:03:01Z
134,9,2,173.43,resale,2026-10-04T16:03:01Z
120,31,1,169.74,resale,2026-10-04T16:03:01Z
120,31,2,169.74,resale,2026-10-04T16:03:01Z
505,20,1,86.1,resale,2026-10-04T16:03:01Z
505,20,2,86.1,resale,2026-10-04T16:03:01Z
203,7,1,268.14,resale,2026-10-04T16:03:01Z
203,7,2,268.14,resale,2026-10-04T16:03:01Z
123,34,8,153.75,resale,2026-10-04T16:03:01Z
123,34,9,153.75,resale,2026-10-04T16:03:01Z
503,21,13,71.34,resale,2026-10-04T16:03:01Z
503,21,14,71.34,resale,2026-10-04T16:03:01Z
511,24,23,55.35,resale,2026-10-04T16:03:01Z
511,24,24,55.35,resale,2026-10-04T16:03:01Z
512,15,9,30.75,resale,2026-10-04T16:03:01Z
512,15,10,30.75,resale,2026-10-04T16:03:01Z
535,9,9,55.35,resale,2026-10-04T16:03:01Z
535,9,10,55.35,resale,2026-10-04T16:03:01Z
505,5,1,61.5,resale,2026-10-04T16:03:01Z
505,5,2,61.5,resale,2026-10-04T16:03:01Z
511,4,10,60.27,resale,2026-10-04T16:03:01Z
511,4,11,60.27,resale,2026-10-04T16:03:01Z
527,19,7,73.8,resale,2026-10-04T16:03:01Z
527,19,8,73.8,resale,2026-10-04T16:03:01Z
210,14,3,193.11,resale,2026-10-04T16:03:01Z
210,14,4,193.11,resale,2026-10-04T16:03:01Z
514,13,15,68.88,resale,2026-10-04T16:03:01Z
514,13,16,68.88,resale,2026-10-04T16:03:01Z
525,29,7,39.36,resale,2026-10-04T16:03:01Z
525,29,8,39.36,resale,2026-10-04T16:03:01Z
108,30,18,121.77,resale,2026-10-04T16:03:01Z
506,10,13,49.2,resale,2026-10-04T16:03:01Z
523,9,1,73.8,resale,2026-10-04T16:03:01Z
523,9,2,73.8,resale,2026-10-04T16:03:01Z
115,39,4,131.61,resale,2026-10-04T16:03:01Z
115,39,5,131.61,resale,2026-10-04T16:03:01Z
115,39,6,131.61,resale,2026-10-04T16:03:01Z
115,39,7,131.61,resale,2026-10-04T16:03:01Z
528,17,15,61.5,resale,2026-10-04T16:03:01Z
528,17,16,61.5,resale,2026-10-04T16:03:01Z
144,9,13,202.95,resale,2026-10-04T16:03:01Z
144,9,14,202.95,resale,2026-10-04T16:03:01Z
100,14,21,246.0,resale,2026-10-04T16:03:01Z
100,14,22,246.0,resale,2026-10-04T16:03:01Z
513,20,6,61.5,resale,2026-10-04T16:03:01Z
513,20,7,61.5,resale,2026-10-04T16:03:01Z
503,13,21,123.0,resale,2026-10-04T16:03:01Z
503,13,22,123.0,resale,2026-10-04T16:03:01Z
503,13,23,123.0,resale,2026-10-04T16:03:01Z
126,33,1,246.0,resale,2026-10-04T16:03:01Z
126,33,2,246.0,resale,2026-10-04T16:03:01Z
513,14,9,70.11,resale,2026-10-04T16:03:01Z
513,14,10,70.11,resale,2026-10-04T16:03:01Z
538,6,7,72.57,resale,2026-10-04T16:03:01Z
538,6,8,72.57,resale,2026-10-04T16:03:01Z
538,5,7,71.34,resale,2026-10-04T16:03:01Z
538,5,8,71.34,resale,2026-10-04T16:03:01Z
101,14,19,189.42,resale,2026-10-04T16:03:01Z
101,14,20,189.42,resale,2026-10-04T16:03:01Z
529,5,8,66.42,resale,2026-10-04T16:03:01Z
529,5,9,66.42,resale,2026-10-04T16:03:01Z
515,22,20,60.27,resale,2026-10-04T16:03:01Z
515,22,21,60.27,resale,2026-10-04T16:03:01Z
542,19,24,55.35,resale,2026-10-04T16:03:01Z
542,19,25,55.35,resale,2026-10-04T16:03:01Z
200,4,7,369.0,resale,2026-10-04T16:03:01Z
549,9,1,73.8,resale,2026-10-04T16:03:01Z
549,13,15,68.88,resale,2026-10-04T16:03:01Z
549,13,16,68.88,resale,2026-10-04T16:03:01Z
210,3,5,169.74,resale,2026-10-04T16:03:01Z
210,3,6,169.74,resale,2026-10-04T16:03:01Z
210,3,7,169.74,resale,2026-10-04T16:03:01Z
248,4,7,270.6,resale,2026-10-04T16:03:01Z
248,4,8,270.6,resale,2026-10-04T16:03:01Z
248,4,9,270.6,resale,2026-10-04T16:03:01Z
101,6,15,233.7,resale,2026-10-04T16:03:01Z
101,6,16,233.7,resale,2026-10-04T16:03:01Z
234,13,1,178.35,resale,2026-10-04T16:03:01Z
234,13,2,178.35,resale,2026-10-04T16:03:01Z
234,13,3,178.35,resale,2026-10-04T16:03:01Z
234,13,4,178.35,resale,2026-10-04T16:03:01Z
518,19,4,55.35,resale,2026-10-04T16:03:01Z
518,19,5,55.35,resale,2026-10-04T16:03:01Z
550,28,10,67.65,resale,2026-10-04T16:03:01Z
550,28,11,67.65,resale,2026-10-04T16:03:01Z
550,28,12,67.65,resale,2026-10-04T16:03:01Z
550,28,13,67.65,resale,2026-10-04T16:03:01Z
550,28,14,67.65,resale,2026-10-04T16:03:01Z
550,28,15,67.65,resale,2026-10-04T16:03:01Z
550,28,16,67.65,resale,2026-10-04T16:03:01Z
550,28,17,67.65,resale,2026-10-04T16:03:01Z
536,14,15,44.28,resale,2026-10-04T16:03:01Z
536,14,16,44.28,resale,2026-10-04T16:03:01Z
130,8,15,184.5,resale,2026-10-04T16:03:01Z
130,8,16,184.5,resale,2026-10-04T16:03:01Z
513,12,17,68.88,resale,2026-10-04T16:03:01Z
513,12,18,68.88,resale,2026-10-04T16:03:01Z
115,32,1,147.6,resale,2026-10-04T16:03:01Z
115,32,2,147.6,resale,2026-10-04T16:03:01Z
136,37,28,123.0,resale,2026-10-04T16:03:01Z
136,37,29,123.0,resale,2026-10-04T16:03:01Z
114,6,4,184.5,resale,2026-10-04T16:03:01Z
118,28,1,153.75,resale,2026-10-04T16:03:01Z
118,28,2,153.75,resale,2026-10-04T16:03:01Z
118,29,1,153.75,resale,2026-10-04T16:03:01Z
118,29,2,153.75,resale,2026-10-04T16:03:01Z
120,34,15,124.23,resale,2026-10-04T16:03:01Z
506,5,1,73.8,resale,2026-10-04T16:03:01Z
506,5,2,73.8,resale,2026-10-04T16:03:01Z
513,17,21,62.73,resale,2026-10-04T16:03:01Z
513,17,22,62.73,resale,2026-10-04T16:03:01Z
118,34,9,135.3,resale,2026-10-04T16:03:01Z
118,34,10,135.3,resale,2026-10-04T16:03:01Z
109,6,10,132.84,resale,2026-10-04T16:03:01Z
109,6,11,132.84,resale,2026-10-04T16:03:01Z
527,20,18,45.51,resale,2026-10-04T16:03:01Z
527,20,19,45.51,resale,2026-10-04T16:03:01Z
530,17,5,73.8,resale,2026-10-04T16:03:01Z
530,17,6,73.8,resale,2026-10-04T16:03:01Z
223,13,9,214.02,resale,2026-10-04T16:03:01Z
102,32,11,230.01,resale,2026-10-04T16:03:01Z
102,32,12,230.01,resale,2026-10-04T16:03:01Z
553,28,3,153.75,resale,2026-10-04T16:03:01Z
553,28,4,153.75,resale,2026-10-04T16:03:01Z
528,21,1,73.8,resale,2026-10-04T16:03:01Z
528,21,2,73.8,resale,2026-10-04T16:03:01Z
153,31,16,184.5,resale,2026-10-04T16:03:01Z
153,31,17,184.5,resale,2026-10-04T16:03:01Z
153,31,18,184.5,resale,2026-10-04T16:03:01Z
153,31,19,184.5,resale,2026-10-04T16:03:01Z
123,24,5,196.8,resale,2026-10-04T16:03:01Z
123,24,6,196.8,resale,2026-10-04T16:03:01Z
530,13,4,49.2,resale,2026-10-04T16:03:01Z
530,13,5,49.2,resale,2026-10-04T16:03:01Z
113,13,18,104.55,resale,2026-10-04T16:03:01Z
113,13,19,104.55,resale,2026-10-04T16:03:01Z
505,10,5,70.11,resale,2026-10-04T16:03:01Z
505,10,6,70.11,resale,2026-10-04T16:03:01Z
502,32,4,55.35,resale,2026-10-04T16:03:01Z
502,32,5,55.35,resale,2026-10-04T16:03:01Z
502,32,6,55.35,resale,2026-10-04T16:03:01Z
510,17,9,157.44,resale,2026-10-04T16:03:01Z
510,17,10,157.44,resale,2026-10-04T16:03:01Z
142,19,1,246.0,resale,2026-10-04T16:03:01Z
142,19,2,246.0,resale,2026-10-04T16:03:01Z
142,19,3,246.0,resale,2026-10-04T16:03:01Z
117,5,13,221.4,resale,2026-10-04T16:03:01Z
117,5,14,221.4,resale,2026-10-04T16:03:01Z
502,23,7,36.9,resale,2026-10-04T16:03:01Z
502,23,8,36.9,resale,2026-10-04T16:03:01Z
132,5,12,172.2,resale,2026-10-04T16:03:01Z
105,15,7,153.75,resale,2026-10-04T16:03:01Z
105,15,8,153.75,resale,2026-10-04T16:03:01Z
130,32,7,121.77,resale,2026-10-04T16:03:01Z
130,32,8,121.77,resale,2026-10-04T16:03:01Z
553,13,7,63.96,resale,2026-10-04T16:03:01Z
553,13,8,63.96,resale,2026-10-04T16:03:01Z
117,3,12,166.05,resale,2026-10-04T16:03:01Z
117,3,13,166.05,resale,2026-10-04T16:03:01Z
108,40,20,123.0,resale,2026-10-04T16:03:01Z
108,40,21,123.0,resale,2026-10-04T16:03:01Z
532,17,10,73.8,resale,2026-10-04T16:03:01Z
532,17,11,73.8,resale,2026-10-04T16:03:01Z
532,17,12,73.8,resale,2026-10-04T16:03:01Z
532,17,13,73.8,resale,2026-10-04T16:03:01Z
529,13,17,55.35,resale,2026-10-04T16:03:01Z
529,13,18,55.35,resale,2026-10-04T16:03:01Z
500,10,1,81.18,resale,2026-10-04T16:03:01Z
500,10,2,81.18,resale,2026-10-04T16:03:01Z
500,10,3,81.18,resale,2026-10-04T16:03:01Z
500,10,4,81.18,resale,2026-10-04T16:03:01Z
201,2,1,415.74,resale,2026-10-04T16:03:01Z
201,2,2,415.74,resale,2026-10-04T16:03:01Z
201,2,3,415.74,resale,2026-10-04T16:03:01Z
201,2,4,415.74,resale,2026-10-04T16:03:01Z
500,11,9,67.65,resale,2026-10-04T16:03:01Z
500,11,10,67.65,resale,2026-10-04T16:03:01Z
526,13,8,73.8,resale,2026-10-04T16:03:01Z
526,13,9,73.8,resale,2026-10-04T16:03:01Z
526,13,10,73.8,resale,2026-10-04T16:03:01Z
526,13,11,73.8,resale,2026-10-04T16:03:01Z
515,26,29,55.35,resale,2026-10-04T16:03:01Z
515,26,30,55.35,resale,2026-10-04T16:03:01Z
123,11,11,177.12,resale,2026-10-04T16:03:01Z
123,11,12,177.12,resale,2026-10-04T16:03:01Z
516,9,18,92.25,resale,2026-10-04T16:03:01Z
516,9,19,92.25,resale,2026-10-04T16:03:01Z
524,21,19,50.43,resale,2026-10-04T16:03:01Z
524,21,20,50.43,resale,2026-10-04T16:03:01Z
217,7,5,276.75,resale,2026-10-04T16:03:01Z
217,7,6,276.75,resale,2026-10-04T16:03:01Z
510,20,21,47.97,resale,2026-10-04T16:03:01Z
510,20,22,47.97,resale,2026-10-04T16:03:01Z
221,1,7,493.23,resale,2026-10-04T16:03:01Z
221,1,8,493.23,resale,2026-10-04T16:03:01Z
515,1,15,61.5,resale,2026-10-04T16:03:01Z
515,1,16,61.5,resale,2026-10-04T16:03:01Z
515,1,17,61.5,resale,2026-10-04T16:03:01Z
515,1,18,61.5,resale,2026-10-04T16:03:01Z
136,34,20,123.0,resale,2026-10-04T16:03:01Z
136,34,21,123.0,resale,2026-10-04T16:03:01Z
205,10,9,207.87,resale,2026-10-04T16:03:01Z
205,10,10,207.87,resale,2026-10-04T16:03:01Z
119,13,5,150.06,resale,2026-10-04T16:03:01Z
119,13,6,150.06,resale,2026-10-04T16:03:01Z
244,13,15,232.47,resale,2026-10-04T16:03:01Z
244,13,16,232.47,resale,2026-10-04T16:03:01Z
253,13,13,432.96,resale,2026-10-04T16:03:01Z
253,13,14,432.96,resale,2026-10-04T16:03:01Z
103,20,12,246.0,resale,2026-10-04T16:03:01Z
103,20,13,246.0,resale,2026-10-04T16:03:01Z
508,18,1,49.2,resale,2026-10-04T16:03:01Z
508,18,2,49.2,resale,2026-10-04T16:03:01Z
550,19,10,73.8,resale,2026-10-04T16:03:01Z
550,19,11,73.8,resale,2026-10-04T16:03:01Z
510,15,1,50.43,resale,2026-10-04T16:03:01Z
510,15,2,50.43,resale,2026-10-04T16:03:01Z
510,15,3,50.43,resale,2026-10-04T16:03:01Z
510,15,4,50.43,resale,2026-10-04T16:03:01Z
503,10,13,61.5,resale,2026-10-04T16:03:01Z
503,10,14,61.5,resale,2026-10-04T16:03:01Z
503,10,15,61.5,resale,2026-10-04T16:03:01Z
503,10,16,61.5,resale,2026-10-04T16:03:01Z
504,5,5,61.5,resale,2026-10-04T16:03:01Z
504,5,6,61.5,resale,2026-10-04T16:03:01Z
539,13,3,246.0,resale,2026-10-04T16:03:01Z
539,13,4,246.0,resale,2026-10-04T16:03:01Z
553,8,14,62.73,resale,2026-10-04T16:03:01Z
553,8,15,62.73,resale,2026-10-04T16:03:01Z
503,29,16,49.2,resale,2026-10-04T16:03:01Z
503,29,17,49.2,resale,2026-10-04T16:03:01Z
227,13,18,399.75,resale,2026-10-04T16:03:01Z
227,13,19,399.75,resale,2026-10-04T16:03:01Z
227,13,20,399.75,resale,2026-10-04T16:03:01Z
227,13,21,399.75,resale,2026-10-04T16:03:01Z
529,4,1,246.0,resale,2026-10-04T16:03:01Z
529,4,2,246.0,resale,2026-10-04T16:03:01Z
112,38,7,159.9,resale,2026-10-04T16:03:01Z
112,38,8,159.9,resale,2026-10-04T16:03:01Z
502,20,11,55.35,resale,2026-10-04T16:03:01Z
502,20,12,55.35,resale,2026-10-04T16:03:01Z
526,11,1,92.25,resale,2026-10-04T16:03:01Z
526,11,2,92.25,resale,2026-10-04T16:03:01Z
526,11,3,92.25,resale,2026-10-04T16:03:01Z
526,11,4,92.25,resale,2026-10-04T16:03:01Z
528,16,11,92.25,resale,2026-10-04T16:03:01Z
528,16,12,92.25,resale,2026-10-04T16:03:01Z
528,16,13,92.25,resale,2026-10-04T16:03:01Z
528,16,14,92.25,resale,2026-10-04T16:03:01Z
503,17,3,63.96,resale,2026-10-04T16:03:01Z
503,17,4,63.96,resale,2026-10-04T16:03:01Z
112,29,18,110.7,resale,2026-10-04T16:03:01Z
112,29,19,110.7,resale,2026-10-04T16:03:01Z
522,15,8,127.92,resale,2026-10-04T16:03:01Z
522,15,9,127.92,resale,2026-10-04T16:03:01Z
141,37,3,153.75,resale,2026-10-04T16:03:01Z
141,37,4,153.75,resale,2026-10-04T16:03:01Z
545,20,12,92.25,resale,2026-10-04T16:03:01Z
545,20,13,92.25,resale,2026-10-04T16:03:01Z
545,20,14,92.25,resale,2026-10-04T16:03:01Z
545,20,15,92.25,resale,2026-10-04T16:03:01Z
529,10,15,123.0,resale,2026-10-04T16:03:01Z
529,10,16,123.0,resale,2026-10-04T16:03:01Z
150,40,6,367.77,resale,2026-10-04T16:03:01Z
150,40,7,367.77,resale,2026-10-04T16:03:01Z
150,40,8,367.77,resale,2026-10-04T16:03:01Z
508,26,6,47.97,resale,2026-10-04T16:03:01Z
508,26,7,47.97,resale,2026-10-04T16:03:01Z
224,9,9,429.27,resale,2026-10-04T16:03:01Z
224,9,10,429.27,resale,2026-10-04T16:03:01Z
501,13,12,55.35,resale,2026-10-04T16:03:01Z
501,13,13,55.35,resale,2026-10-04T16:03:01Z
549,18,8,49.2,resale,2026-10-04T16:03:01Z
549,18,9,49.2,resale,2026-10-04T16:03:01Z
502,21,17,110.7,resale,2026-10-04T16:03:01Z
502,21,18,110.7,resale,2026-10-04T16:03:01Z
134,22,3,233.7,resale,2026-10-04T16:03:01Z
134,22,4,233.7,resale,2026-10-04T16:03:01Z
134,22,5,233.7,resale,2026-10-04T16:03:01Z
134,22,6,233.7,resale,2026-10-04T16:03:01Z
553,16,24,123.0,resale,2026-10-04T16:03:01Z
553,16,25,123.0,resale,2026-10-04T16:03:01Z
112,23,9,184.5,resale,2026-10-04T16:03:01Z
252,5,4,435.42,resale,2026-10-04T16:03:01Z
252,5,5,435.42,resale,2026-10-04T16:03:01Z
553,20,6,123.0,resale,2026-10-04T16:03:01Z
553,20,7,123.0,resale,2026-10-04T16:03:01Z
125,24,4,215.25,resale,2026-10-04T16:03:01Z
125,24,5,215.25,resale,2026-10-04T16:03:01Z
100,26,1,369.0,resale,2026-10-04T16:03:01Z
100,26,2,369.0,resale,2026-10-04T16:03:01Z
100,26,3,369.0,resale,2026-10-04T16:03:01Z
100,26,4,369.0,resale,2026-10-04T16:03:01Z
541,23,6,61.5,resale,2026-10-04T16:03:01Z
541,23,7,61.5,resale,2026-10-04T16:03:01Z
548,14,18,92.25,resale,2026-10-04T16:03:01Z
548,14,19,92.25,resale,2026-10-04T16:03:01Z
530,10,7,98.4,resale,2026-10-04T16:03:01Z
530,10,8,98.4,resale,2026-10-04T16:03:01Z
523,21,3,55.35,resale,2026-10-04T16:03:01Z
105,23,1,196.8,resale,2026-10-04T16:03:01Z
105,23,2,196.8,resale,2026-10-04T16:03:01Z
503,29,5,59.04,resale,2026-10-04T16:03:01Z
503,7,3,55.35,resale,2026-10-04T16:03:01Z
503,7,4,55.35,resale,2026-10-04T16:03:01Z
121,32,15,123.0,resale,2026-10-04T16:03:01Z
121,32,16,123.0,resale,2026-10-04T16:03:01Z
525,20,13,120.54,resale,2026-10-04T16:03:01Z
525,21,15,116.85,resale,2026-10-04T16:03:01Z
537,12,3,83.64,resale,2026-10-04T16:03:01Z
537,12,4,83.64,resale,2026-10-04T16:03:01Z
552,7,1,92.25,resale,2026-10-04T16:03:01Z
552,7,2,92.25,resale,2026-10-04T16:03:01Z
523,11,13,46.74,resale,2026-10-04T16:03:01Z
523,11,14,46.74,resale,2026-10-04T16:03:01Z
504,2,9,123.0,resale,2026-10-04T16:03:01Z
504,2,10,123.0,resale,2026-10-04T16:03:01Z
124,35,16,184.5,resale,2026-10-04T16:03:01Z
124,35,17,184.5,resale,2026-10-04T16:03:01Z
106,30,13,202.95,resale,2026-10-04T16:03:01Z
106,30,14,202.95,resale,2026-10-04T16:03:01Z
108,30,9,200.49,resale,2026-10-04T16:03:01Z
108,30,10,200.49,resale,2026-10-04T16:03:01Z
103,34,5,110.7,resale,2026-10-04T16:03:01Z
103,34,6,110.7,resale,2026-10-04T16:03:01Z
508,19,1,108.24,resale,2026-10-04T16:03:01Z
508,19,2,108.24,resale,2026-10-04T16:03:01Z
508,19,3,108.24,resale,2026-10-04T16:03:01Z
511,14,19,104.55,resale,2026-10-04T16:03:01Z
511,14,20,104.55,resale,2026-10-04T16:03:01Z
502,16,5,47.97,resale,2026-10-04T16:03:01Z
502,16,6,47.97,resale,2026-10-04T16:03:01Z
531,25,5,102.09,resale,2026-10-04T16:03:01Z
531,25,6,102.09,resale,2026-10-04T16:03:01Z
224,11,5,184.5,resale,2026-10-04T16:03:01Z
224,11,6,184.5,resale,2026-10-04T16:03:01Z
512,6,9,98.4,resale,2026-10-04T16:03:01Z
512,6,10,98.4,resale,2026-10-04T16:03:01Z
505,24,6,49.2,resale,2026-10-04T16:03:01Z
505,24,7,49.2,resale,2026-10-04T16:03:01Z
512,19,10,110.7,resale,2026-10-04T16:03:01Z
512,19,11,110.7,resale,2026-10-04T16:03:01Z
512,19,12,110.7,resale,2026-10-04T16:03:01Z
512,19,13,110.7,resale,2026-10-04T16:03:01Z
531,23,22,110.7,resale,2026-10-04T16:03:01Z
531,23,23,110.7,resale,2026-10-04T16:03:01Z
503,17,13,86.1,resale,2026-10-04T16:03:01Z
550,12,18,49.2,resale,2026-10-04T16:03:01Z
550,12,19,49.2,resale,2026-10-04T16:03:01Z
532,14,12,43.05,resale,2026-10-04T16:03:01Z
532,14,13,43.05,resale,2026-10-04T16:03:01Z
142,35,13,188.19,resale,2026-10-04T16:03:01Z
142,35,14,188.19,resale,2026-10-04T16:03:01Z
536,25,6,89.79,resale,2026-10-04T16:03:01Z
536,25,7,89.79,resale,2026-10-04T16:03:01Z
150,34,1,230.01,resale,2026-10-04T16:03:01Z
150,34,2,230.01,resale,2026-10-04T16:03:01Z
150,34,3,230.01,resale,2026-10-04T16:03:01Z
113,7,1,269.37,resale,2026-10-04T16:03:01Z
113,7,2,269.37,resale,2026-10-04T16:03:01Z
542,13,21,67.65,resale,2026-10-04T16:03:01Z
542,13,22,67.65,resale,2026-10-04T16:03:01Z
542,13,23,67.65,resale,2026-10-04T16:03:01Z
542,13,24,67.65,resale,2026-10-04T16:03:01Z
550,22,24,73.8,resale,2026-10-04T16:03:01Z
550,22,25,73.8,resale,2026-10-04T16:03:01Z
500,4,5,169.74,resale,2026-10-04T16:03:01Z
500,4,6,169.74,resale,2026-10-04T16:03:01Z
548,12,7,40.59,resale,2026-10-04T16:03:01Z
548,12,8,40.59,resale,2026-10-04T16:03:01Z
510,15,20,36.9,resale,2026-10-04T16:03:01Z
510,15,21,36.9,resale,2026-10-04T16:03:01Z
500,13,12,92.25,resale,2026-10-04T16:03:01Z
500,13,13,92.25,resale,2026-10-04T16:03:01Z
500,13,14,92.25,resale,2026-10-04T16:03:01Z
119,29,4,207.87,resale,2026-10-04T16:03:01Z
119,29,5,207.87,resale,2026-10-04T16:03:01Z
502,21,1,157.44,resale,2026-10-04T16:03:01Z
502,21,2,157.44,resale,2026-10-04T16:03:01Z
522,22,9,92.25,resale,2026-10-04T16:03:01Z
522,22,10,92.25,resale,2026-10-04T16:03:01Z
146,11,18,98.4,resale,2026-10-04T16:03:01Z
146,11,19,98.4,resale,2026-10-04T16:03:01Z
106,24,3,92.25,resale,2026-10-04T16:03:01Z
106,24,4,92.25,resale,2026-10-04T16:03:01Z
109,31,22,92.25,resale,2026-10-04T16:03:01Z
109,31,23,92.25,resale,2026-10-04T16:03:01Z
144,33,23,153.75,resale,2026-10-04T16:03:01Z
144,33,24,153.75,resale,2026-10-04T16:03:01Z
510,16,3,28.29,resale,2026-10-04T16:03:01Z
510,16,4,28.29,resale,2026-10-04T16:03:01Z
107,39,5,180.81,resale,2026-10-04T16:03:01Z
107,39,6,180.81,resale,2026-10-04T16:03:01Z
105,36,1,233.7,resale,2026-10-04T16:03:01Z
105,36,2,233.7,resale,2026-10-04T16:03:01Z
501,21,1,61.5,resale,2026-10-04T16:03:01Z
501,21,2,61.5,resale,2026-10-04T16:03:01Z
501,21,3,61.5,resale,2026-10-04T16:03:01Z
501,21,4,61.5,resale,2026-10-04T16:03:01Z
512,25,1,39.36,resale,2026-10-04T16:03:01Z
512,25,2,39.36,resale,2026-10-04T16:03:01Z
542,22,5,93.48,resale,2026-10-04T16:03:01Z
542,22,6,93.48,resale,2026-10-04T16:03:01Z
541,13,11,49.2,resale,2026-10-04T16:03:01Z
541,13,12,49.2,resale,2026-10-04T16:03:01Z
553,26,15,92.25,resale,2026-10-04T16:03:01Z
553,26,16,92.25,resale,2026-10-04T16:03:01Z
115,29,18,123.0,resale,2026-10-04T16:03:01Z
115,29,19,123.0,resale,2026-10-04T16:03:01Z
544,20,13,97.17,resale,2026-10-04T16:03:01Z
544,20,14,97.17,resale,2026-10-04T16:03:01Z
134,20,1,153.75,resale,2026-10-04T16:03:01Z
134,20,2,153.75,resale,2026-10-04T16:03:01Z
518,17,5,61.5,resale,2026-10-04T16:03:01Z
518,17,6,61.5,resale,2026-10-04T16:03:01Z
518,17,7,61.5,resale,2026-10-04T16:03:01Z
518,17,8,61.5,resale,2026-10-04T16:03:01Z
553,20,24,183.27,resale,2026-10-04T16:03:01Z
553,20,25,183.27,resale,2026-10-04T16:03:01Z
117,7,14,184.5,resale,2026-10-04T16:03:01Z
117,7,15,184.5,resale,2026-10-04T16:03:01Z
535,26,14,79.95,resale,2026-10-04T16:03:01Z
535,26,15,79.95,resale,2026-10-04T16:03:01Z
525,32,28,49.2,resale,2026-10-04T16:03:01Z
525,32,29,49.2,resale,2026-10-04T16:03:01Z
504,10,3,110.7,resale,2026-10-04T16:03:01Z
504,10,4,110.7,resale,2026-10-04T16:03:01Z
509,22,10,147.6,resale,2026-10-04T16:03:01Z
142,38,1,184.5,resale,2026-10-04T16:03:01Z
142,38,2,184.5,resale,2026-10-04T16:03:01Z
102,32,3,153.75,resale,2026-10-04T16:03:01Z
102,32,4,153.75,resale,2026-10-04T16:03:01Z
138,12,14,276.75,resale,2026-10-04T16:03:01Z
138,12,15,276.75,resale,2026-10-04T16:03:01Z
511,20,1,61.5,resale,2026-10-04T16:03:01Z
511,20,2,61.5,resale,2026-10-04T16:03:01Z
511,20,3,61.5,resale,2026-10-04T16:03:01Z
113,35,18,108.24,resale,2026-10-04T16:03:01Z
113,35,19,108.24,resale,2026-10-04T16:03:01Z
548,22,1,99.63,resale,2026-10-04T16:03:01Z
548,22,2,99.63,resale,2026-10-04T16:03:01Z
144,40,3,123.0,resale,2026-10-04T16:03:01Z
144,40,4,123.0,resale,2026-10-04T16:03:01Z
108,27,3,123.0,resale,2026-10-04T16:03:01Z
108,27,4,123.0,resale,2026-10-04T16:03:01Z
549,20,21,123.0,resale,2026-10-04T16:03:01Z
549,20,22,123.0,resale,2026-10-04T16:03:01Z
549,20,23,123.0,resale,2026-10-04T16:03:01Z
549,20,24,123.0,resale,2026-10-04T16:03:01Z
147,24,5,120.54,resale,2026-10-04T16:03:01Z
147,24,6,120.54,resale,2026-10-04T16:03:01Z
144,31,15,183.27,resale,2026-10-04T16:03:01Z
144,31,16,183.27,resale,2026-10-04T16:03:01Z
553,17,1,43.05,resale,2026-10-04T16:03:01Z
553,17,2,43.05,resale,2026-10-04T16:03:01Z
514,12,5,79.95,resale,2026-10-04T16:03:01Z
514,12,6,79.95,resale,2026-10-04T16:03:01Z
514,12,7,79.95,resale,2026-10-04T16:03:01Z
514,12,8,79.95,resale,2026-10-04T16:03:01Z
138,32,20,209.1,resale,2026-10-04T16:03:01Z
138,32,21,209.1,resale,2026-10-04T16:03:01Z
203,3,7,227.55,resale,2026-10-04T16:03:01Z
203,3,8,227.55,resale,2026-10-04T16:03:01Z
105,42,30,221.4,resale,2026-10-04T16:03:01Z
105,42,31,221.4,resale,2026-10-04T16:03:01Z
525,11,8,116.85,resale,2026-10-04T16:03:01Z
108,27,7,243.54,resale,2026-10-04T16:03:01Z
108,27,8,243.54,resale,2026-10-04T16:03:01Z
108,27,9,243.54,resale,2026-10-04T16:03:01Z
108,27,10,243.54,resale,2026-10-04T16:03:01Z
136,33,4,110.7,resale,2026-10-04T16:03:01Z
136,33,5,110.7,resale,2026-10-04T16:03:01Z
100,5,5,344.4,resale,2026-10-04T16:03:01Z
100,5,6,344.4,resale,2026-10-04T16:03:01Z
126,35,23,264.45,resale,2026-10-04T16:03:01Z
126,35,24,264.45,resale,2026-10-04T16:03:01Z
142,34,16,98.4,resale,2026-10-04T16:03:01Z
142,34,17,98.4,resale,2026-10-04T16:03:01Z
552,19,18,61.5,resale,2026-10-04T16:03:01Z
552,19,19,61.5,resale,2026-10-04T16:03:01Z
547,10,5,91.02,resale,2026-10-04T16:03:01Z
547,10,6,91.02,resale,2026-10-04T16:03:01Z
136,42,31,338.25,resale,2026-10-04T16:03:01Z
136,42,32,338.25,resale,2026-10-04T16:03:01Z
136,42,33,338.25,resale,2026-10-04T16:03:01Z
515,18,12,43.05,resale,2026-10-04T16:03:01Z
515,18,13,43.05,resale,2026-10-04T16:03:01Z
524,24,7,43.05,resale,2026-10-04T16:03:01Z
524,24,8,43.05,resale,2026-10-04T16:03:01Z
144,32,7,184.5,resale,2026-10-04T16:03:01Z
144,32,8,184.5,resale,2026-10-04T16:03:01Z
528,28,24,68.88,resale,2026-10-04T16:03:01Z
528,28,25,68.88,resale,2026-10-04T16:03:01Z
101,5,21,196.8,resale,2026-10-04T16:03:01Z
101,5,22,196.8,resale,2026-10-04T16:03:01Z
552,26,22,54.12,resale,2026-10-04T16:03:01Z
552,26,23,54.12,resale,2026-10-04T16:03:01Z
506,8,3,60.27,resale,2026-10-04T16:03:01Z
107,35,11,178.35,resale,2026-10-04T16:03:01Z
107,35,12,178.35,resale,2026-10-04T16:03:01Z
138,29,8,127.92,resale,2026-10-04T16:03:01Z
138,29,9,127.92,resale,2026-10-04T16:03:01Z
511,15,14,45.51,resale,2026-10-04T16:03:01Z
511,15,15,45.51,resale,2026-10-04T16:03:01Z
112,35,5,153.75,resale,2026-10-04T16:03:01Z
112,35,6,153.75,resale,2026-10-04T16:03:01Z
553,10,5,159.9,resale,2026-10-04T16:03:01Z
113,8,4,95.94,resale,2026-10-04T16:03:01Z
113,8,5,95.94,resale,2026-10-04T16:03:01Z
535,22,14,61.5,resale,2026-10-04T16:03:01Z
535,22,15,61.5,resale,2026-10-04T16:03:01Z
535,22,16,61.5,resale,2026-10-04T16:03:01Z
535,22,17,61.5,resale,2026-10-04T16:03:01Z
551,27,20,141.45,resale,2026-10-04T16:03:01Z
551,27,21,141.45,resale,2026-10-04T16:03:01Z
551,27,22,141.45,resale,2026-10-04T16:03:01Z
551,27,23,141.45,resale,2026-10-04T16:03:01Z
106,39,18,120.54,resale,2026-10-04T16:03:01Z
106,39,19,120.54,resale,2026-10-04T16:03:01Z
544,23,14,43.05,resale,2026-10-04T16:03:01Z
544,23,15,43.05,resale,2026-10-04T16:03:01Z
144,34,9,98.4,resale,2026-10-04T16:03:01Z
144,34,10,98.4,resale,2026-10-04T16:03:01Z
515,2,13,61.5,resale,2026-10-04T16:03:01Z
515,2,14,61.5,resale,2026-10-04T16:03:01Z
119,15,9,135.3,resale,2026-10-04T16:03:01Z
119,15,10,135.3,resale,2026-10-04T16:03:01Z
112,36,3,110.7,resale,2026-10-04T16:03:01Z
112,36,4,110.7,resale,2026-10-04T16:03:01Z
112,36,5,110.7,resale,2026-10-04T16:03:01Z
112,36,6,110.7,resale,2026-10-04T16:03:01Z
542,6,9,73.8,resale,2026-10-04T16:03:01Z
542,6,10,73.8,resale,2026-10-04T16:03:01Z
542,6,11,73.8,resale,2026-10-04T16:03:01Z
542,6,12,73.8,resale,2026-10-04T16:03:01Z
105,22,10,110.7,resale,2026-10-04T16:03:01Z
105,22,11,110.7,resale,2026-10-04T16:03:01Z
502,22,5,73.8,resale,2026-10-04T16:03:01Z
502,22,6,73.8,resale,2026-10-04T16:03:01Z
103,31,18,183.27,resale,2026-10-04T16:03:01Z
103,31,19,183.27,resale,2026-10-04T16:03:01Z
144,33,15,104.55,resale,2026-10-04T16:03:01Z
144,33,16,104.55,resale,2026-10-04T16:03:01Z
101,5,1,338.25,resale,2026-10-04T16:03:01Z
101,5,2,338.25,resale,2026-10-04T16:03:01Z
101,5,3,338.25,resale,2026-10-04T16:03:01Z
101,5,4,338.25,resale,2026-10-04T16:03:01Z
141,27,7,190.65,resale,2026-10-04T16:03:01Z
510,14,17,45.51,resale,2026-10-04T16:03:01Z
510,14,18,45.51,resale,2026-10-04T16:03:01Z
510,14,19,45.51,resale,2026-10-04T16:03:01Z
510,14,20,45.51,resale,2026-10-04T16:03:01Z
509,23,1,47.97,resale,2026-10-04T16:03:01Z
509,23,2,47.97,resale,2026-10-04T16:03:01Z
541,22,21,88.56,resale,2026-10-04T16:03:01Z
541,22,22,88.56,resale,2026-10-04T16:03:01Z
216,17,3,184.5,resale,2026-10-04T16:03:01Z
216,17,4,184.5,resale,2026-10-04T16:03:01Z
152,5,5,178.35,resale,2026-10-04T16:03:01Z
152,5,6,178.35,resale,2026-10-04T16:03:01Z
522,21,19,59.04,resale,2026-10-04T16:03:01Z
522,21,20,59.04,resale,2026-10-04T16:03:01Z
532,14,7,61.5,resale,2026-10-04T16:03:01Z
532,14,8,61.5,resale,2026-10-04T16:03:01Z
532,14,9,61.5,resale,2026-10-04T16:03:01Z
532,14,10,61.5,resale,2026-10-04T16:03:01Z
538,15,18,43.05,resale,2026-10-04T16:03:01Z
538,15,19,43.05,resale,2026-10-04T16:03:01Z
222,11,3,185.73,resale,2026-10-04T16:03:01Z
222,11,4,185.73,resale,2026-10-04T16:03:01Z
141,9,13,137.76,resale,2026-10-04T16:03:01Z
528,16,1,123.0,resale,2026-10-04T16:03:01Z
528,16,2,123.0,resale,2026-10-04T16:03:01Z
120,29,13,123.0,resale,2026-10-04T16:03:01Z
120,29,14,123.0,resale,2026-10-04T16:03:01Z
509,14,15,73.8,resale,2026-10-04T16:03:01Z
509,14,16,73.8,resale,2026-10-04T16:03:01Z
153,34,18,247.23,resale,2026-10-04T16:03:01Z
153,34,19,247.23,resale,2026-10-04T16:03:01Z
516,19,7,43.05,resale,2026-10-04T16:03:01Z
516,19,8,43.05,resale,2026-10-04T16:03:01Z
140,32,12,123.0,resale,2026-10-04T16:03:01Z
140,32,13,123.0,resale,2026-10-04T16:03:01Z
119,1,13,307.5,resale,2026-10-04T16:03:01Z
119,1,14,307.5,resale,2026-10-04T16:03:01Z
200,10,11,215.25,resale,2026-10-04T16:03:01Z
200,10,12,215.25,resale,2026-10-04T16:03:01Z
115,8,7,153.75,resale,2026-10-04T16:03:01Z
115,8,8,153.75,resale,2026-10-04T16:03:01Z
549,13,7,43.05,resale,2026-10-04T16:03:01Z
549,13,8,43.05,resale,2026-10-04T16:03:01Z
528,25,12,86.1,resale,2026-10-04T16:03:01Z
528,25,13,86.1,resale,2026-10-04T16:03:01Z
528,25,14,86.1,resale,2026-10-04T16:03:01Z
528,25,15,86.1,resale,2026-10-04T16:03:01Z
108,25,3,98.4,resale,2026-10-04T16:03:01Z
108,25,4,98.4,resale,2026-10-04T16:03:01Z
510,12,13,36.9,resale,2026-10-04T16:03:01Z
510,12,14,36.9,resale,2026-10-04T16:03:01Z
108,28,12,239.85,resale,2026-10-04T16:03:01Z
108,28,13,239.85,resale,2026-10-04T16:03:01Z
108,28,14,239.85,resale,2026-10-04T16:03:01Z
108,28,15,239.85,resale,2026-10-04T16:03:01Z
108,28,16,239.85,resale,2026-10-04T16:03:01Z
108,28,17,239.85,resale,2026-10-04T16:03:01Z
124,12,1,269.37,resale,2026-10-04T16:03:01Z
124,12,2,269.37,resale,2026-10-04T16:03:01Z
109,15,9,185.73,resale,2026-10-04T16:03:01Z
230,12,7,159.9,resale,2026-10-04T16:03:01Z
230,12,8,159.9,resale,2026-10-04T16:03:01Z
551,14,3,108.24,resale,2026-10-04T16:03:01Z
551,14,4,108.24,resale,2026-10-04T16:03:01Z
542,21,9,67.65,resale,2026-10-04T16:03:01Z
542,21,10,67.65,resale,2026-10-04T16:03:01Z
542,21,11,67.65,resale,2026-10-04T16:03:01Z
542,21,12,67.65,resale,2026-10-04T16:03:01Z
106,42,4,190.65,resale,2026-10-04T16:03:01Z
106,42,5,190.65,resale,2026-10-04T16:03:01Z
106,42,6,190.65,resale,2026-10-04T16:03:01Z
106,42,7,190.65,resale,2026-10-04T16:03:01Z
518,10,17,84.87,resale,2026-10-04T16:03:01Z
518,10,18,84.87,resale,2026-10-04T16:03:01Z
140,14,1,123.0,resale,2026-10-04T16:03:01Z
140,14,2,123.0,resale,2026-10-04T16:03:01Z
140,14,3,123.0,resale,2026-10-04T16:03:01Z
140,14,4,123.0,resale,2026-10-04T16:03:01Z
140,13,1,123.0,resale,2026-10-04T16:03:01Z
140,13,2,123.0,resale,2026-10-04T16:03:01Z
138,37,21,123.0,resale,2026-10-04T16:03:01Z
138,37,22,123.0,resale,2026-10-04T16:03:01Z
503,14,14,107.01,resale,2026-10-04T16:03:01Z
503,14,15,107.01,resale,2026-10-04T16:03:01Z
508,18,3,68.88,resale,2026-10-04T16:03:01Z
508,18,4,68.88,resale,2026-10-04T16:03:01Z
233,4,5,416.97,resale,2026-10-04T16:03:01Z
100,9,13,369.0,resale,2026-10-04T16:03:01Z
100,9,14,369.0,resale,2026-10-04T16:03:01Z
539,15,14,123.0,resale,2026-10-04T16:03:01Z
539,15,15,123.0,resale,2026-10-04T16:03:01Z
516,20,21,61.5,resale,2026-10-04T16:03:01Z
516,20,22,61.5,resale,2026-10-04T16:03:01Z
503,26,9,92.25,resale,2026-10-04T16:03:01Z
503,26,10,92.25,resale,2026-10-04T16:03:01Z
118,28,3,230.01,resale,2026-10-04T16:03:01Z
118,28,4,230.01,resale,2026-10-04T16:03:01Z
118,28,5,230.01,resale,2026-10-04T16:03:01Z
118,28,6,230.01,resale,2026-10-04T16:03:01Z
107,5,19,313.65,resale,2026-10-04T16:03:01Z
107,5,20,313.65,resale,2026-10-04T16:03:01Z
511,17,2,73.8,resale,2026-10-04T16:03:01Z
152,39,7,151.29,resale,2026-10-04T16:03:01Z
152,39,8,151.29,resale,2026-10-04T16:03:01Z
504,29,9,79.95,resale,2026-10-04T16:03:01Z
504,29,10,79.95,resale,2026-10-04T16:03:01Z
504,29,11,79.95,resale,2026-10-04T16:03:01Z
153,34,20,311.19,resale,2026-10-04T16:03:01Z
153,34,21,311.19,resale,2026-10-04T16:03:01Z
153,34,22,311.19,resale,2026-10-04T16:03:01Z
153,34,23,311.19,resale,2026-10-04T16:03:01Z
128,8,1,289.05,resale,2026-10-04T16:03:01Z
128,8,2,289.05,resale,2026-10-04T16:03:01Z
142,40,20,153.75,resale,2026-10-04T16:03:01Z
142,40,21,153.75,resale,2026-10-04T16:03:01Z
142,40,22,153.75,resale,2026-10-04T16:03:01Z
142,40,23,153.75,resale,2026-10-04T16:03:01Z
547,4,1,55.35,resale,2026-10-04T16:03:01Z
547,4,2,55.35,resale,2026-10-04T16:03:01Z
547,4,3,55.35,resale,2026-10-04T16:03:01Z
537,21,6,79.95,resale,2026-10-04T16:03:01Z
537,21,7,79.95,resale,2026-10-04T16:03:01Z
537,21,8,79.95,resale,2026-10-04T16:03:01Z
537,21,9,79.95,resale,2026-10-04T16:03:01Z
537,21,10,79.95,resale,2026-10-04T16:03:01Z
537,21,11,79.95,resale,2026-10-04T16:03:01Z
537,22,10,92.25,resale,2026-10-04T16:03:01Z
537,22,11,92.25,resale,2026-10-04T16:03:01Z
103,42,7,141.45,resale,2026-10-04T16:03:01Z
103,42,8,141.45,resale,2026-10-04T16:03:01Z
142,30,20,103.32,resale,2026-10-04T16:03:01Z
142,30,21,103.32,resale,2026-10-04T16:03:01Z
514,14,3,100.86,resale,2026-10-04T16:03:01Z
514,14,4,100.86,resale,2026-10-04T16:03:01Z
521,20,11,98.4,resale,2026-10-04T16:03:01Z
521,20,12,98.4,resale,2026-10-04T16:03:01Z
500,8,1,84.87,resale,2026-10-04T16:03:01Z
500,8,2,84.87,resale,2026-10-04T16:03:01Z
500,8,3,84.87,resale,2026-10-04T16:03:01Z
500,8,4,84.87,resale,2026-10-04T16:03:01Z
141,10,18,123.0,resale,2026-10-04T16:03:01Z
141,10,19,123.0,resale,2026-10-04T16:03:01Z
235,1,10,215.25,resale,2026-10-04T16:03:01Z
235,1,11,215.25,resale,2026-10-04T16:03:01Z
151,42,19,147.6,resale,2026-10-04T16:03:01Z
151,42,20,147.6,resale,2026-10-04T16:03:01Z
113,19,10,202.95,resale,2026-10-04T16:03:01Z
113,19,11,202.95,resale,2026-10-04T16:03:01Z
515,23,14,50.43,resale,2026-10-04T16:03:01Z
515,23,15,50.43,resale,2026-10-04T16:03:01Z
221,5,1,246.0,resale,2026-10-04T16:03:01Z
221,5,2,246.0,resale,2026-10-04T16:03:01Z
549,25,1,47.97,resale,2026-10-04T16:03:01Z
549,25,2,47.97,resale,2026-10-04T16:03:01Z
549,25,3,47.97,resale,2026-10-04T16:03:01Z
549,25,4,47.97,resale,2026-10-04T16:03:01Z
128,22,1,258.3,resale,2026-10-04T16:03:01Z
128,22,2,258.3,resale,2026-10-04T16:03:01Z
128,22,3,258.3,resale,2026-10-04T16:03:01Z
128,22,4,258.3,resale,2026-10-04T16:03:01Z
539,9,23,61.5,resale,2026-10-04T16:03:01Z
539,9,24,61.5,resale,2026-10-04T16:03:01Z
500,12,24,93.48,resale,2026-10-04T16:03:01Z
500,12,25,93.48,resale,2026-10-04T16:03:01Z
102,3,14,239.85,resale,2026-10-04T16:03:01Z
102,3,15,239.85,resale,2026-10-04T16:03:01Z
236,17,11,184.5,resale,2026-10-04T16:03:01Z
236,17,12,184.5,resale,2026-10-04T16:03:01Z
502,21,24,43.05,resale,2026-10-04T16:03:01Z
502,21,25,43.05,resale,2026-10-04T16:03:01Z
141,26,9,123.0,resale,2026-10-04T16:03:01Z
550,17,15,86.1,resale,2026-10-04T16:03:01Z
538,9,21,61.5,resale,2026-10-04T16:03:01Z
538,9,22,61.5,resale,2026-10-04T16:03:01Z
550,17,12,86.1,resale,2026-10-04T16:03:01Z
515,1,19,60.27,resale,2026-10-04T16:03:01Z
515,1,20,60.27,resale,2026-10-04T16:03:01Z
117,35,5,178.35,resale,2026-10-04T16:03:01Z
117,35,6,178.35,resale,2026-10-04T16:03:01Z
515,21,3,98.4,resale,2026-10-04T16:03:01Z
515,21,4,98.4,resale,2026-10-04T16:03:01Z
552,12,11,79.95,resale,2026-10-04T16:03:01Z
103,7,13,190.65,resale,2026-10-04T16:03:01Z
103,7,14,190.65,resale,2026-10-04T16:03:01Z
527,22,12,114.39,resale,2026-10-04T16:03:01Z
527,22,13,114.39,resale,2026-10-04T16:03:01Z
502,9,7,61.5,resale,2026-10-04T16:03:01Z
502,9,8,61.5,resale,2026-10-04T16:03:01Z
134,5,10,123.0,resale,2026-10-04T16:03:01Z
134,5,11,123.0,resale,2026-10-04T16:03:01Z
540,6,11,49.2,resale,2026-10-04T16:03:01Z
540,6,12,49.2,resale,2026-10-04T16:03:01Z
542,9,21,88.56,resale,2026-10-04T16:03:01Z
542,9,22,88.56,resale,2026-10-04T16:03:01Z
531,12,8,103.32,resale,2026-10-04T16:03:01Z
531,12,9,103.32,resale,2026-10-04T16:03:01Z
542,13,13,49.2,resale,2026-10-04T16:03:01Z
542,13,14,49.2,resale,2026-10-04T16:03:01Z
141,8,15,258.3,resale,2026-10-04T16:03:01Z
141,8,16,258.3,resale,2026-10-04T16:03:01Z
148,30,11,92.25,resale,2026-10-04T16:03:01Z
148,30,12,92.25,resale,2026-10-04T16:03:01Z
510,12,19,91.02,resale,2026-10-04T16:03:01Z
510,12,20,91.02,resale,2026-10-04T16:03:01Z
152,4,6,246.0,resale,2026-10-04T16:03:01Z
152,4,7,246.0,resale,2026-10-04T16:03:01Z
523,21,24,49.2,resale,2026-10-04T16:03:01Z
523,21,25,49.2,resale,2026-10-04T16:03:01Z
540,20,17,46.74,resale,2026-10-04T16:03:01Z
540,20,18,46.74,resale,2026-10-04T16:03:01Z
134,33,11,166.05,resale,2026-10-04T16:03:01Z
134,33,12,166.05,resale,2026-10-04T16:03:01Z
530,15,16,86.1,resale,2026-10-04T16:03:01Z
530,15,17,86.1,resale,2026-10-04T16:03:01Z
136,36,23,116.85,resale,2026-10-04T16:03:01Z
136,36,24,116.85,resale,2026-10-04T16:03:01Z
136,37,26,116.85,resale,2026-10-04T16:03:01Z
136,37,27,116.85,resale,2026-10-04T16:03:01Z
150,10,21,214.02,resale,2026-10-04T16:03:01Z
150,10,22,214.02,resale,2026-10-04T16:03:01Z
500,31,11,68.88,resale,2026-10-04T16:03:01Z
500,31,12,68.88,resale,2026-10-04T16:03:01Z
105,9,3,141.45,resale,2026-10-04T16:03:01Z
105,9,4,141.45,resale,2026-10-04T16:03:01Z
127,32,1,246.0,resale,2026-10-04T16:03:01Z
127,32,2,246.0,resale,2026-10-04T16:03:01Z
528,27,14,114.39,resale,2026-10-04T16:03:01Z
528,27,15,114.39,resale,2026-10-04T16:03:01Z
551,14,10,49.2,resale,2026-10-04T16:03:01Z
551,14,11,49.2,resale,2026-10-04T16:03:01Z
501,23,24,40.59,resale,2026-10-04T16:03:01Z
501,23,25,40.59,resale,2026-10-04T16:03:01Z
513,23,26,67.65,resale,2026-10-04T16:03:01Z
142,31,7,123.0,resale,2026-10-04T16:03:01Z
142,31,8,123.0,resale,2026-10-04T16:03:01Z
146,13,7,153.75,resale,2026-10-04T16:03:01Z
146,13,8,153.75,resale,2026-10-04T16:03:01Z
115,13,10,387.45,resale,2026-10-04T16:03:01Z
515,22,9,59.04,resale,2026-10-04T16:03:01Z
515,22,10,59.04,resale,2026-10-04T16:03:01Z
114,37,7,141.45,resale,2026-10-04T16:03:01Z
114,37,8,141.45,resale,2026-10-04T16:03:01Z
101,10,19,307.5,resale,2026-10-04T16:03:01Z
101,10,20,307.5,resale,2026-10-04T16:03:01Z
101,10,21,307.5,resale,2026-10-04T16:03:01Z
101,10,22,307.5,resale,2026-10-04T16:03:01Z
151,1,5,215.25,resale,2026-10-04T16:03:01Z
151,1,6,215.25,resale,2026-10-04T16:03:01Z
231,2,10,157.44,resale,2026-10-04T16:03:01Z
231,2,11,157.44,resale,2026-10-04T16:03:01Z
109,12,1,195.57,resale,2026-10-04T16:03:01Z
109,12,2,195.57,resale,2026-10-04T16:03:01Z
523,4,14,135.3,resale,2026-10-04T16:03:01Z
144,41,6,172.2,resale,2026-10-04T16:03:01Z
144,41,7,172.2,resale,2026-10-04T16:03:01Z
144,41,8,172.2,resale,2026-10-04T16:03:01Z
144,41,9,172.2,resale,2026-10-04T16:03:01Z
144,41,10,172.2,resale,2026-10-04T16:03:01Z
144,41,11,172.2,resale,2026-10-04T16:03:01Z
508,24,1,56.58,resale,2026-10-04T16:03:01Z
508,24,2,56.58,resale,2026-10-04T16:03:01Z
508,24,3,56.58,resale,2026-10-04T16:03:01Z
508,24,4,56.58,resale,2026-10-04T16:03:01Z
513,15,3,87.33,resale,2026-10-04T16:03:01Z
513,15,4,87.33,resale,2026-10-04T16:03:01Z
107,14,15,123.0,resale,2026-10-04T16:03:01Z
107,14,16,123.0,resale,2026-10-04T16:03:01Z
113,8,1,220.17,resale,2026-10-04T16:03:01Z
113,8,2,220.17,resale,2026-10-04T16:03:01Z
113,8,3,220.17,resale,2026-10-04T16:03:01Z
141,34,6,178.35,resale,2026-10-04T16:03:01Z
141,34,7,178.35,resale,2026-10-04T16:03:01Z
113,6,1,217.71,resale,2026-10-04T16:03:01Z
113,6,2,217.71,resale,2026-10-04T16:03:01Z
538,12,13,79.95,resale,2026-10-04T16:03:01Z
538,12,14,79.95,resale,2026-10-04T16:03:01Z
519,11,8,98.4,resale,2026-10-04T16:03:01Z
519,11,9,98.4,resale,2026-10-04T16:03:01Z
521,22,18,46.74,resale,2026-10-04T16:03:01Z
521,22,19,46.74,resale,2026-10-04T16:03:01Z
521,22,20,46.74,resale,2026-10-04T16:03:01Z
521,22,21,46.74,resale,2026-10-04T16:03:01Z
140,20,8,175.89,resale,2026-10-04T16:03:01Z
119,32,1,173.43,resale,2026-10-04T16:03:01Z
119,32,2,173.43,resale,2026-10-04T16:03:01Z
521,25,4,98.4,resale,2026-10-04T16:03:01Z
141,14,12,110.7,resale,2026-10-04T16:03:01Z
141,14,13,110.7,resale,2026-10-04T16:03:01Z
148,8,11,153.75,resale,2026-10-04T16:03:01Z
148,8,12,153.75,resale,2026-10-04T16:03:01Z
113,39,19,98.4,resale,2026-10-04T16:03:01Z
113,39,20,98.4,resale,2026-10-04T16:03:01Z
548,25,6,60.27,resale,2026-10-04T16:03:01Z
548,25,7,60.27,resale,2026-10-04T16:03:01Z
124,30,7,270.6,resale,2026-10-04T16:03:01Z
514,13,5,43.05,resale,2026-10-04T16:03:01Z
514,13,6,43.05,resale,2026-10-04T16:03:01Z
203,1,1,184.5,resale,2026-10-04T16:03:01Z
203,1,2,184.5,resale,2026-10-04T16:03:01Z
203,1,3,184.5,resale,2026-10-04T16:03:01Z
203,1,4,184.5,resale,2026-10-04T16:03:01Z
133,37,15,88.56,resale,2026-10-04T16:03:01Z
133,37,16,88.56,resale,2026-10-04T16:03:01Z
142,33,20,158.67,resale,2026-10-04T16:03:01Z
142,33,21,158.67,resale,2026-10-04T16:03:01Z
142,33,22,158.67,resale,2026-10-04T16:03:01Z
127,33,12,276.75,resale,2026-10-04T16:03:01Z
127,33,13,276.75,resale,2026-10-04T16:03:01Z
521,17,20,43.05,resale,2026-10-04T16:03:01Z
521,17,21,43.05,resale,2026-10-04T16:03:01Z
515,26,5,36.9,resale,2026-10-04T16:03:01Z
515,26,6,36.9,resale,2026-10-04T16:03:01Z
142,25,4,104.55,resale,2026-10-04T16:03:01Z
142,25,5,104.55,resale,2026-10-04T16:03:01Z
152,15,9,153.75,resale,2026-10-04T16:03:01Z
152,15,10,153.75,resale,2026-10-04T16:03:01Z
235,12,1,178.35,resale,2026-10-04T16:03:01Z
235,12,2,178.35,resale,2026-10-04T16:03:01Z
203,5,8,227.55,resale,2026-10-04T16:03:01Z
203,5,9,227.55,resale,2026-10-04T16:03:01Z
552,18,1,61.5,resale,2026-10-04T16:03:01Z
552,18,2,61.5,resale,2026-10-04T16:03:01Z
552,18,3,61.5,resale,2026-10-04T16:03:01Z
552,18,4,61.5,resale,2026-10-04T16:03:01Z
223,13,16,184.5,resale,2026-10-04T16:03:01Z
223,13,17,184.5,resale,2026-10-04T16:03:01Z
223,13,18,184.5,resale,2026-10-04T16:03:01Z
223,13,19,184.5,resale,2026-10-04T16:03:01Z
507,11,1,121.77,resale,2026-10-04T16:03:01Z
524,25,18,55.35,resale,2026-10-04T16:03:01Z
524,25,19,55.35,resale,2026-10-04T16:03:01Z
142,34,21,147.6,resale,2026-10-04T16:03:01Z
142,34,22,147.6,resale,2026-10-04T16:03:01Z
512,23,17,92.25,resale,2026-10-04T16:03:01Z
512,23,18,92.25,resale,2026-10-04T16:03:01Z
525,25,20,55.35,resale,2026-10-04T16:03:01Z
525,25,21,55.35,resale,2026-10-04T16:03:01Z
517,18,3,36.9,resale,2026-10-04T16:03:01Z
517,18,4,36.9,resale,2026-10-04T16:03:01Z
506,17,3,49.2,resale,2026-10-04T16:03:01Z
506,17,4,49.2,resale,2026-10-04T16:03:01Z
532,11,15,141.45,resale,2026-10-04T16:03:01Z
532,11,16,141.45,resale,2026-10-04T16:03:01Z
532,11,17,141.45,resale,2026-10-04T16:03:01Z
532,11,18,141.45,resale,2026-10-04T16:03:01Z
513,21,24,91.02,resale,2026-10-04T16:03:01Z
513,21,25,91.02,resale,2026-10-04T16:03:01Z
113,39,17,110.7,resale,2026-10-04T16:03:01Z
113,39,18,110.7,resale,2026-10-04T16:03:01Z
503,22,18,109.47,resale,2026-10-04T16:03:01Z
503,22,19,109.47,resale,2026-10-04T16:03:01Z
521,17,14,109.47,resale,2026-10-04T16:03:01Z
521,17,15,109.47,resale,2026-10-04T16:03:01Z
551,20,16,114.39,resale,2026-10-04T16:03:01Z
551,20,17,114.39,resale,2026-10-04T16:03:01Z
130,26,5,184.5,resale,2026-10-04T16:03:01Z
530,24,5,73.8,resale,2026-10-04T16:03:01Z
530,24,6,73.8,resale,2026-10-04T16:03:01Z
119,7,17,492.0,resale,2026-10-04T16:03:01Z
119,7,18,492.0,resale,2026-10-04T16:03:01Z
243,1,1,246.0,resale,2026-10-04T16:03:01Z
243,1,2,246.0,resale,2026-10-04T16:03:01Z
243,1,3,246.0,resale,2026-10-04T16:03:01Z
243,1,4,246.0,resale,2026-10-04T16:03:01Z
148,26,13,123.0,resale,2026-10-04T16:03:01Z
148,26,14,123.0,resale,2026-10-04T16:03:01Z
511,24,25,43.05,resale,2026-10-04T16:03:01Z
511,24,26,43.05,resale,2026-10-04T16:03:01Z
500,26,3,61.5,resale,2026-10-04T16:03:01Z
222,10,17,369.0,resale,2026-10-04T16:03:01Z
222,10,18,369.0,resale,2026-10-04T16:03:01Z
144,12,9,157.44,resale,2026-10-04T16:03:01Z
144,12,10,157.44,resale,2026-10-04T16:03:01Z
503,9,7,73.8,resale,2026-10-04T16:03:01Z
503,9,8,73.8,resale,2026-10-04T16:03:01Z
524,22,13,95.94,resale,2026-10-04T16:03:01Z
524,22,14,95.94,resale,2026-10-04T16:03:01Z
500,21,1,92.25,resale,2026-10-04T16:03:01Z
500,21,2,92.25,resale,2026-10-04T16:03:01Z
529,21,11,118.08,resale,2026-10-04T16:03:01Z
529,21,12,118.08,resale,2026-10-04T16:03:01Z
529,21,13,118.08,resale,2026-10-04T16:03:01Z
544,11,18,61.5,resale,2026-10-04T16:03:01Z
543,10,18,67.65,resale,2026-10-04T16:03:01Z
543,10,19,67.65,resale,2026-10-04T16:03:01Z
501,15,10,92.25,resale,2026-10-04T16:03:01Z
501,15,11,92.25,resale,2026-10-04T16:03:01Z
136,21,7,119.31,resale,2026-10-04T16:03:01Z
136,21,8,119.31,resale,2026-10-04T16:03:01Z
501,22,9,61.5,resale,2026-10-04T16:03:01Z
501,22,10,61.5,resale,2026-10-04T16:03:01Z
501,22,7,35.67,resale,2026-10-04T16:03:01Z
501,22,8,35.67,resale,2026-10-04T16:03:01Z
543,23,17,73.8,resale,2026-10-04T16:03:01Z
103,32,22,111.93,resale,2026-10-04T16:03:01Z
103,32,23,111.93,resale,2026-10-04T16:03:01Z
522,25,4,55.35,resale,2026-10-04T16:03:01Z
530,11,11,39.36,resale,2026-10-04T16:03:01Z
530,11,12,39.36,resale,2026-10-04T16:03:01Z
525,13,1,73.8,resale,2026-10-04T16:03:01Z
525,13,2,73.8,resale,2026-10-04T16:03:01Z
525,13,3,73.8,resale,2026-10-04T16:03:01Z
525,13,4,73.8,resale,2026-10-04T16:03:01Z
103,33,8,179.58,resale,2026-10-04T16:03:01Z
103,33,9,179.58,resale,2026-10-04T16:03:01Z
525,14,3,50.43,resale,2026-10-04T16:03:01Z
525,14,4,50.43,resale,2026-10-04T16:03:01Z
105,33,19,135.3,resale,2026-10-04T16:03:01Z
105,33,20,135.3,resale,2026-10-04T16:03:01Z
500,29,19,55.35,resale,2026-10-04T16:03:01Z
500,29,20,55.35,resale,2026-10-04T16:03:01Z
528,9,19,135.3,resale,2026-10-04T16:03:01Z
528,9,20,135.3,resale,2026-10-04T16:03:01Z
205,11,6,260.76,resale,2026-10-04T16:03:01Z
205,11,7,260.76,resale,2026-10-04T16:03:01Z
525,8,10,131.61,resale,2026-10-04T16:03:01Z
525,8,11,131.61,resale,2026-10-04T16:03:01Z
115,29,7,215.25,resale,2026-10-04T16:03:01Z
544,18,3,43.05,resale,2026-10-04T16:03:01Z
544,18,4,43.05,resale,2026-10-04T16:03:01Z
517,5,6,73.8,resale,2026-10-04T16:03:01Z
517,5,7,73.8,resale,2026-10-04T16:03:01Z
517,14,6,67.65,resale,2026-10-04T16:03:01Z
125,9,5,307.5,resale,2026-10-04T16:03:01Z
125,9,6,307.5,resale,2026-10-04T16:03:01Z
152,22,8,344.4,resale,2026-10-04T16:03:01Z
152,22,9,344.4,resale,2026-10-04T16:03:01Z
102,5,21,172.2,resale,2026-10-04T16:03:01Z
102,5,22,172.2,resale,2026-10-04T16:03:01Z
100,3,8,375.15,resale,2026-10-04T16:03:01Z
100,3,9,375.15,resale,2026-10-04T16:03:01Z
134,32,5,153.75,resale,2026-10-04T16:03:01Z
134,32,6,153.75,resale,2026-10-04T16:03:01Z
134,32,7,153.75,resale,2026-10-04T16:03:01Z
134,32,8,153.75,resale,2026-10-04T16:03:01Z
105,41,24,153.75,resale,2026-10-04T16:03:01Z
105,41,25,153.75,resale,2026-10-04T16:03:01Z
500,32,17,39.36,resale,2026-10-04T16:03:01Z
500,32,18,39.36,resale,2026-10-04T16:03:01Z
550,6,11,43.05,resale,2026-10-04T16:03:01Z
550,6,12,43.05,resale,2026-10-04T16:03:01Z
FSN,A,14,615.0,resale,2026-10-04T16:03:01Z
FSN,A,15,615.0,resale,2026-10-04T16:03:01Z
551,30,20,47.97,resale,2026-10-04T16:03:01Z
551,30,21,47.97,resale,2026-10-04T16:03:01Z
234,13,14,215.25,resale,2026-10-04T16:03:01Z
234,13,15,215.25,resale,2026-10-04T16:03:01Z
123,7,11,212.79,resale,2026-10-04T16:03:01Z
123,7,12,212.79,resale,2026-10-04T16:03:01Z
123,7,13,212.79,resale,2026-10-04T16:03:01Z
123,7,14,212.79,resale,2026-10-04T16:03:01Z
522,12,12,89.79,resale,2026-10-04T16:03:01Z
522,12,13,89.79,resale,2026-10-04T16:03:01Z
102,13,7,210.33,resale,2026-10-04T16:03:01Z
102,13,8,210.33,resale,2026-10-04T16:03:01Z
553,10,17,110.7,resale,2026-10-04T16:03:01Z
553,10,18,110.7,resale,2026-10-04T16:03:01Z
553,10,19,110.7,resale,2026-10-04T16:03:01Z
553,10,20,110.7,resale,2026-10-04T16:03:01Z
121,36,15,98.4,resale,2026-10-04T16:03:01Z
121,36,16,98.4,resale,2026-10-04T16:03:01Z
250,12,5,338.25,resale,2026-10-04T16:03:01Z
250,12,6,338.25,resale,2026-10-04T16:03:01Z
152,11,1,246.0,resale,2026-10-04T16:03:01Z
152,11,2,246.0,resale,2026-10-04T16:03:01Z
152,11,3,246.0,resale,2026-10-04T16:03:01Z
152,11,4,246.0,resale,2026-10-04T16:03:01Z
501,22,11,61.5,resale,2026-10-04T16:03:01Z
501,22,12,61.5,resale,2026-10-04T16:03:01Z
503,20,22,61.5,resale,2026-10-04T16:03:01Z
503,20,23,61.5,resale,2026-10-04T16:03:01Z
523,23,16,61.5,resale,2026-10-04T16:03:01Z
523,23,17,61.5,resale,2026-10-04T16:03:01Z
523,22,7,61.5,resale,2026-10-04T16:03:01Z
523,22,8,61.5,resale,2026-10-04T16:03:01Z
111,21,8,190.65,resale,2026-10-04T16:03:01Z
111,21,9,190.65,resale,2026-10-04T16:03:01Z
111,21,10,190.65,resale,2026-10-04T16:03:01Z
111,21,11,190.65,resale,2026-10-04T16:03:01Z
119,7,5,183.27,resale,2026-10-04T16:03:01Z
119,7,6,183.27,resale,2026-10-04T16:03:01Z
124,13,1,258.3,resale,2026-10-04T16:03:01Z
124,13,2,258.3,resale,2026-10-04T16:03:01Z
535,10,5,68.88,resale,2026-10-04T16:03:01Z
535,10,6,68.88,resale,2026-10-04T16:03:01Z
134,12,3,175.89,resale,2026-10-04T16:03:01Z
134,12,4,175.89,resale,2026-10-04T16:03:01Z
512,26,22,43.05,resale,2026-10-04T16:03:01Z
512,26,23,43.05,resale,2026-10-04T16:03:01Z
553,30,14,88.56,resale,2026-10-04T16:03:01Z
553,30,15,88.56,resale,2026-10-04T16:03:01Z
528,30,18,92.25,resale,2026-10-04T16:03:01Z
528,30,19,92.25,resale,2026-10-04T16:03:01Z
145,32,1,123.0,resale,2026-10-04T16:03:01Z
145,32,2,123.0,resale,2026-10-04T16:03:01Z
148,9,15,123.0,resale,2026-10-04T16:03:01Z
148,9,16,123.0,resale,2026-10-04T16:03:01Z
512,17,3,86.1,resale,2026-10-04T16:03:01Z
512,17,4,86.1,resale,2026-10-04T16:03:01Z
533,10,2,82.41,resale,2026-10-04T16:03:01Z
533,10,3,82.41,resale,2026-10-04T16:03:01Z
130,7,7,246.0,resale,2026-10-04T16:03:01Z
130,7,8,246.0,resale,2026-10-04T16:03:01Z
130,7,9,246.0,resale,2026-10-04T16:03:01Z
130,7,10,246.0,resale,2026-10-04T16:03:01Z
531,17,10,98.4,resale,2026-10-04T16:03:01Z
531,17,11,98.4,resale,2026-10-04T16:03:01Z
141,29,4,135.3,resale,2026-10-04T16:03:01Z
141,29,5,135.3,resale,2026-10-04T16:03:01Z
152,12,5,205.41,resale,2026-10-04T16:03:01Z
152,12,6,205.41,resale,2026-10-04T16:03:01Z
540,11,11,104.55,resale,2026-10-04T16:03:01Z
540,11,12,104.55,resale,2026-10-04T16:03:01Z
521,5,9,76.26,resale,2026-10-04T16:03:01Z
521,5,10,76.26,resale,2026-10-04T16:03:01Z
526,18,19,97.17,resale,2026-10-04T16:03:01Z
553,24,1,88.56,resale,2026-10-04T16:03:01Z
553,24,2,88.56,resale,2026-10-04T16:03:01Z
100,22,1,178.35,resale,2026-10-04T16:03:01Z
100,22,2,178.35,resale,2026-10-04T16:03:01Z
540,5,7,110.7,resale,2026-10-04T16:03:01Z
540,5,8,110.7,resale,2026-10-04T16:03:01Z
524,8,14,86.1,resale,2026-10-04T16:03:01Z
524,8,15,86.1,resale,2026-10-04T16:03:01Z
531,17,8,73.8,resale,2026-10-04T16:03:01Z
531,17,9,73.8,resale,2026-10-04T16:03:01Z
133,23,3,174.66,resale,2026-10-04T16:03:01Z
133,23,4,174.66,resale,2026-10-04T16:03:01Z
502,25,19,61.5,resale,2026-10-04T16:03:01Z
502,25,20,61.5,resale,2026-10-04T16:03:01Z
502,25,21,61.5,resale,2026-10-04T16:03:01Z
502,25,22,61.5,resale,2026-10-04T16:03:01Z
538,3,15,104.55,resale,2026-10-04T16:03:01Z
538,3,16,104.55,resale,2026-10-04T16:03:01Z
142,32,17,92.25,resale,2026-10-04T16:03:01Z
142,32,18,92.25,resale,2026-10-04T16:03:01Z
114,31,15,142.68,resale,2026-10-04T16:03:01Z
146,38,10,169.74,resale,2026-10-04T16:03:01Z
509,6,6,86.1,resale,2026-10-04T16:03:01Z
509,6,7,86.1,resale,2026-10-04T16:03:01Z
509,6,8,86.1,resale,2026-10-04T16:03:01Z
509,6,9,86.1,resale,2026-10-04T16:03:01Z
111,31,9,159.9,resale,2026-10-04T16:03:01Z
515,4,10,67.65,resale,2026-10-04T16:03:01Z
515,4,11,67.65,resale,2026-10-04T16:03:01Z
503,12,22,36.9,resale,2026-10-04T16:03:01Z
503,12,23,36.9,resale,2026-10-04T16:03:01Z
100,20,13,369.0,resale,2026-10-04T16:03:01Z
516,15,18,55.35,resale,2026-10-04T16:03:01Z
516,15,17,55.35,resale,2026-10-04T16:03:01Z
510,22,3,43.05,resale,2026-10-04T16:03:01Z
510,22,4,43.05,resale,2026-10-04T16:03:01Z
516,15,19,55.35,resale,2026-10-04T16:03:01Z
153,42,18,286.59,resale,2026-10-04T16:03:01Z
153,42,19,286.59,resale,2026-10-04T16:03:01Z
105,7,11,215.25,resale,2026-10-04T16:03:01Z
103,13,3,188.19,resale,2026-10-04T16:03:01Z
103,14,3,178.35,resale,2026-10-04T16:03:01Z
527,22,8,44.28,resale,2026-10-04T16:03:01Z
527,22,9,44.28,resale,2026-10-04T16:03:01Z
539,11,19,39.36,resale,2026-10-04T16:03:01Z
539,11,20,39.36,resale,2026-10-04T16:03:01Z
201,7,11,290.28,resale,2026-10-04T16:03:01Z
201,7,12,290.28,resale,2026-10-04T16:03:01Z
516,19,13,66.42,resale,2026-10-04T16:03:01Z
516,19,14,66.42,resale,2026-10-04T16:03:01Z
531,9,5,55.35,resale,2026-10-04T16:03:01Z
531,9,6,55.35,resale,2026-10-04T16:03:01Z
132,34,11,147.6,resale,2026-10-04T16:03:01Z
146,12,7,147.6,resale,2026-10-04T16:03:01Z
536,14,13,61.5,resale,2026-10-04T16:03:01Z
536,14,14,61.5,resale,2026-10-04T16:03:01Z
113,37,9,184.5,resale,2026-10-04T16:03:01Z
540,18,20,31.98,resale,2026-10-04T16:03:01Z
540,18,21,31.98,resale,2026-10-04T16:03:01Z
539,20,5,73.8,resale,2026-10-04T16:03:01Z
539,20,6,73.8,resale,2026-10-04T16:03:01Z
221,4,8,252.15,resale,2026-10-04T16:03:01Z
221,4,9,252.15,resale,2026-10-04T16:03:01Z
205,9,5,184.5,resale,2026-10-04T16:03:01Z
205,9,6,184.5,resale,2026-10-04T16:03:01Z
521,17,5,72.57,resale,2026-10-04T16:03:01Z
521,17,6,72.57,resale,2026-10-04T16:03:01Z
148,30,21,116.85,resale,2026-10-04T16:03:01Z
148,30,22,116.85,resale,2026-10-04T16:03:01Z
148,30,23,116.85,resale,2026-10-04T16:03:01Z
148,30,24,116.85,resale,2026-10-04T16:03:01Z
552,6,6,61.5,resale,2026-10-04T16:03:01Z
552,6,7,61.5,resale,2026-10-04T16:03:01Z
251,9,9,141.45,resale,2026-10-04T16:03:01Z
251,9,10,141.45,resale,2026-10-04T16:03:01Z
515,7,5,49.2,resale,2026-10-04T16:03:01Z
515,7,6,49.2,resale,2026-10-04T16:03:01Z
503,12,16,123.0,resale,2026-10-04T16:03:01Z
503,12,17,123.0,resale,2026-10-04T16:03:01Z
536,14,3,65.19,resale,2026-10-04T16:03:01Z
102,27,5,169.74,resale,2026-10-04T16:03:01Z
102,27,6,169.74,resale,2026-10-04T16:03:01Z
525,5,12,92.25,resale,2026-10-04T16:03:01Z
525,5,13,92.25,resale,2026-10-04T16:03:01Z
151,22,4,209.1,resale,2026-10-04T16:03:01Z
151,22,5,209.1,resale,2026-10-04T16:03:01Z
518,19,8,78.72,resale,2026-10-04T16:03:01Z
518,19,9,78.72,resale,2026-10-04T16:03:01Z
533,9,9,92.25,resale,2026-10-04T16:03:01Z
533,9,10,92.25,resale,2026-10-04T16:03:01Z
533,9,11,92.25,resale,2026-10-04T16:03:01Z
533,9,12,92.25,resale,2026-10-04T16:03:01Z
503,6,1,92.25,resale,2026-10-04T16:03:01Z
503,6,2,92.25,resale,2026-10-04T16:03:01Z
136,15,19,147.6,resale,2026-10-04T16:03:01Z
136,15,20,147.6,resale,2026-10-04T16:03:01Z
153,8,5,175.89,resale,2026-10-04T16:03:01Z
153,8,6,175.89,resale,2026-10-04T16:03:01Z
541,10,19,47.97,resale,2026-10-04T16:03:01Z
541,10,20,47.97,resale,2026-10-04T16:03:01Z
133,42,5,184.5,resale,2026-10-04T16:03:01Z
133,42,6,184.5,resale,2026-10-04T16:03:01Z
532,14,20,98.4,resale,2026-10-04T16:03:01Z
532,14,21,98.4,resale,2026-10-04T16:03:01Z
522,7,4,86.1,resale,2026-10-04T16:03:01Z
522,7,5,86.1,resale,2026-10-04T16:03:01Z
542,5,9,73.8,resale,2026-10-04T16:03:01Z
542,5,10,73.8,resale,2026-10-04T16:03:01Z
525,11,23,124.23,resale,2026-10-04T16:03:01Z
525,11,24,124.23,resale,2026-10-04T16:03:01Z
141,10,14,135.3,resale,2026-10-04T16:03:01Z
141,10,15,135.3,resale,2026-10-04T16:03:01Z
114,15,18,178.35,resale,2026-10-04T16:03:01Z
114,15,19,178.35,resale,2026-10-04T16:03:01Z
130,12,11,204.18,resale,2026-10-04T16:03:01Z
130,12,12,204.18,resale,2026-10-04T16:03:01Z
503,22,5,82.41,resale,2026-10-04T16:03:01Z
503,22,6,82.41,resale,2026-10-04T16:03:01Z
129,4,17,242.31,resale,2026-10-04T16:03:01Z
129,4,18,242.31,resale,2026-10-04T16:03:01Z
102,23,3,301.35,resale,2026-10-04T16:03:01Z
526,12,20,109.47,resale,2026-10-04T16:03:01Z
526,12,21,109.47,resale,2026-10-04T16:03:01Z
113,13,14,92.25,resale,2026-10-04T16:03:01Z
113,13,15,92.25,resale,2026-10-04T16:03:01Z
113,13,16,92.25,resale,2026-10-04T16:03:01Z
113,13,17,92.25,resale,2026-10-04T16:03:01Z
130,35,10,123.0,resale,2026-10-04T16:03:01Z
130,35,11,123.0,resale,2026-10-04T16:03:01Z
541,14,19,215.25,resale,2026-10-04T16:03:01Z
541,14,20,215.25,resale,2026-10-04T16:03:01Z
227,7,3,246.0,resale,2026-10-04T16:03:01Z
108,23,8,184.5,resale,2026-10-04T16:03:01Z
108,23,9,184.5,resale,2026-10-04T16:03:01Z
136,32,19,151.29,resale,2026-10-04T16:03:01Z
136,32,20,151.29,resale,2026-10-04T16:03:01Z
507,18,2,55.35,resale,2026-10-04T16:03:01Z
105,21,5,177.12,resale,2026-10-04T16:03:01Z
105,21,6,177.12,resale,2026-10-04T16:03:01Z
105,21,7,177.12,resale,2026-10-04T16:03:01Z
105,21,8,177.12,resale,2026-10-04T16:03:01Z
553,23,17,92.25,resale,2026-10-04T16:03:01Z
553,23,18,92.25,resale,2026-10-04T16:03:01Z
552,14,9,95.94,resale,2026-10-04T16:03:01Z
552,14,10,95.94,resale,2026-10-04T16:03:01Z
508,10,17,68.88,resale,2026-10-04T16:03:01Z
508,10,18,68.88,resale,2026-10-04T16:03:01Z
153,30,20,151.29,resale,2026-10-04T16:03:01Z
153,30,21,151.29,resale,2026-10-04T16:03:01Z
153,30,22,151.29,resale,2026-10-04T16:03:01Z
153,30,23,151.29,resale,2026-10-04T16:03:01Z
145,38,15,215.25,resale,2026-10-04T16:03:01Z
145,38,16,215.25,resale,2026-10-04T16:03:01Z
107,37,5,123.0,resale,2026-10-04T16:03:01Z
107,37,6,123.0,resale,2026-10-04T16:03:01Z
120,35,1,184.5,resale,2026-10-04T16:03:01Z
202,13,16,169.74,resale,2026-10-04T16:03:01Z
119,40,9,108.24,resale,2026-10-04T16:03:01Z
119,40,10,108.24,resale,2026-10-04T16:03:01Z
119,40,11,108.24,resale,2026-10-04T16:03:01Z
538,23,3,43.05,resale,2026-10-04T16:03:01Z
538,23,4,43.05,resale,2026-10-04T16:03:01Z
503,11,11,46.74,resale,2026-10-04T16:03:01Z
503,11,12,46.74,resale,2026-10-04T16:03:01Z
520,9,8,41.82,resale,2026-10-04T16:03:01Z
520,9,9,41.82,resale,2026-10-04T16:03:01Z
526,1,8,135.3,resale,2026-10-04T16:03:01Z
526,1,9,135.3,resale,2026-10-04T16:03:01Z
252,1,18,246.0,resale,2026-10-04T16:03:01Z
252,1,19,246.0,resale,2026-10-04T16:03:01Z
252,1,20,246.0,resale,2026-10-04T16:03:01Z
252,1,21,246.0,resale,2026-10-04T16:03:01Z
526,12,14,55.35,resale,2026-10-04T16:03:01Z
526,12,15,55.35,resale,2026-10-04T16:03:01Z
515,12,15,61.5,resale,2026-10-04T16:03:01Z
245,6,9,123.0,resale,2026-10-04T16:03:01Z
245,6,10,123.0,resale,2026-10-04T16:03:01Z
109,29,6,71.34,resale,2026-10-04T16:03:01Z
518,20,14,30.75,resale,2026-10-04T16:03:01Z
518,20,15,30.75,resale,2026-10-04T16:03:01Z
513,11,5,46.74,resale,2026-10-04T16:03:01Z
513,11,6,46.74,resale,2026-10-04T16:03:01Z
550,16,10,34.44,resale,2026-10-04T16:03:01Z
550,16,11,34.44,resale,2026-10-04T16:03:01Z
502,27,9,46.74,resale,2026-10-04T16:03:01Z
502,27,10,46.74,resale,2026-10-04T16:03:01Z
551,26,7,33.21,resale,2026-10-04T16:03:01Z
551,26,8,33.21,resale,2026-10-04T16:03:01Z
141,30,20,103.32,resale,2026-10-04T16:03:01Z
134,25,9,184.5,resale,2026-10-04T16:03:01Z
501,25,12,41.82,resale,2026-10-04T16:03:01Z
501,25,13,41.82,resale,2026-10-04T16:03:01Z
549,4,3,73.8,resale,2026-10-04T16:03:01Z
114,33,13,105.78,resale,2026-10-04T16:03:01Z
114,33,14,105.78,resale,2026-10-04T16:03:01Z
144,34,20,196.8,resale,2026-10-04T16:03:01Z
144,34,21,196.8,resale,2026-10-04T16:03:01Z
525,28,4,36.9,resale,2026-10-04T16:03:01Z
525,28,5,36.9,resale,2026-10-04T16:03:01Z
114,1,15,369.0,resale,2026-10-04T16:03:01Z
114,1,16,369.0,resale,2026-10-04T16:03:01Z
233,8,4,172.2,resale,2026-10-04T16:03:01Z
233,8,5,172.2,resale,2026-10-04T16:03:01Z
233,8,6,172.2,resale,2026-10-04T16:03:01Z
233,8,7,172.2,resale,2026-10-04T16:03:01Z
248,1,10,215.25,resale,2026-10-04T16:03:01Z
248,1,11,215.25,resale,2026-10-04T16:03:01Z
115,20,7,170.97,resale,2026-10-04T16:03:01Z
115,20,8,170.97,resale,2026-10-04T16:03:01Z
141,8,7,132.84,resale,2026-10-04T16:03:01Z
141,8,8,132.84,resale,2026-10-04T16:03:01Z
141,8,9,132.84,resale,2026-10-04T16:03:01Z
543,22,16,52.89,resale,2026-10-04T16:03:01Z
543,22,17,52.89,resale,2026-10-04T16:03:01Z
227,1,9,388.68,resale,2026-10-04T16:03:01Z
227,1,10,388.68,resale,2026-10-04T16:03:01Z
227,1,11,388.68,resale,2026-10-04T16:03:01Z
227,1,12,388.68,resale,2026-10-04T16:03:01Z
227,1,13,388.68,resale,2026-10-04T16:03:01Z
227,1,14,388.68,resale,2026-10-04T16:03:01Z
227,1,15,388.68,resale,2026-10-04T16:03:01Z
503,12,8,307.5,resale,2026-10-04T16:03:01Z
503,12,9,307.5,resale,2026-10-04T16:03:01Z
130,2,20,167.28,resale,2026-10-04T16:03:01Z
130,2,21,167.28,resale,2026-10-04T16:03:01Z
102,24,12,134.07,resale,2026-10-04T16:03:01Z
102,24,13,134.07,resale,2026-10-04T16:03:01Z
505,21,11,86.1,resale,2026-10-04T16:03:01Z
505,21,12,86.1,resale,2026-10-04T16:03:01Z
152,42,18,98.4,resale,2026-10-04T16:03:01Z
152,42,19,98.4,resale,2026-10-04T16:03:01Z
141,33,4,86.1,resale,2026-10-04T16:03:01Z
100,21,4,166.05,resale,2026-10-04T16:03:01Z
100,21,5,166.05,resale,2026-10-04T16:03:01Z
114,11,3,109.47,resale,2026-10-04T16:03:01Z
139,20,6,110.7,resale,2026-10-04T16:03:01Z
139,20,7,110.7,resale,2026-10-04T16:03:01Z
140,33,7,104.55,resale,2026-10-04T16:03:01Z
140,33,8,104.55,resale,2026-10-04T16:03:01Z
151,6,14,123.0,resale,2026-10-04T16:03:01Z
151,6,15,123.0,resale,2026-10-04T16:03:01Z
150,13,17,116.85,resale,2026-10-04T16:03:01Z
528,21,10,49.2,resale,2026-10-04T16:03:01Z
138,38,15,98.4,resale,2026-10-04T16:03:01Z
138,38,16,98.4,resale,2026-10-04T16:03:01Z
115,8,5,135.3,resale,2026-10-04T16:03:01Z
115,8,6,135.3,resale,2026-10-04T16:03:01Z
120,23,1,109.47,resale,2026-10-04T16:03:01Z
120,23,2,109.47,resale,2026-10-04T16:03:01Z
124,31,18,107.01,resale,2026-10-04T16:03:01Z
124,31,19,107.01,resale,2026-10-04T16:03:01Z
553,8,12,63.96,resale,2026-10-04T16:03:01Z
553,8,13,63.96,resale,2026-10-04T16:03:01Z
150,10,4,127.92,resale,2026-10-04T16:03:01Z
117,9,16,221.4,resale,2026-10-04T16:03:01Z
114,25,5,121.77,resale,2026-10-04T16:03:01Z
546,9,4,61.5,resale,2026-10-04T16:03:01Z
552,12,15,39.36,resale,2026-10-04T16:03:01Z
552,12,16,39.36,resale,2026-10-04T16:03:01Z
505,21,21,41.82,resale,2026-10-04T16:03:01Z
505,21,22,41.82,resale,2026-10-04T16:03:01Z
140,23,4,95.94,resale,2026-10-04T16:03:01Z
547,14,1,49.2,resale,2026-10-04T16:03:01Z
547,14,2,49.2,resale,2026-10-04T16:03:01Z
547,14,3,49.2,resale,2026-10-04T16:03:01Z
547,14,4,49.2,resale,2026-10-04T16:03:01Z
117,33,7,202.95,resale,2026-10-04T16:03:01Z
117,33,8,202.95,resale,2026-10-04T16:03:01Z
117,33,9,202.95,resale,2026-10-04T16:03:01Z
117,33,10,202.95,resale,2026-10-04T16:03:01Z
117,33,11,202.95,resale,2026-10-04T16:03:01Z
117,33,12,202.95,resale,2026-10-04T16:03:01Z
117,33,13,202.95,resale,2026-10-04T16:03:01Z
504,12,7,35.67,resale,2026-10-04T16:03:01Z
504,12,8,35.67,resale,2026-10-04T16:03:01Z
545,20,8,30.75,resale,2026-10-04T16:03:01Z
545,20,9,30.75,resale,2026-10-04T16:03:01Z
202,13,9,162.36,resale,2026-10-04T16:03:01Z
202,13,10,162.36,resale,2026-10-04T16:03:01Z
220,5,9,118.08,resale,2026-10-04T16:03:01Z
528,27,4,36.9,resale,2026-10-04T16:03:01Z
528,27,5,36.9,resale,2026-10-04T16:03:01Z
512,11,19,29.52,resale,2026-10-04T16:03:01Z
512,11,20,29.52,resale,2026-10-04T16:03:01Z
531,10,3,73.8,resale,2026-10-04T16:03:01Z
203,11,11,270.6,resale,2026-10-04T16:03:01Z
542,14,9,43.05,resale,2026-10-04T16:03:01Z
542,14,10,43.05,resale,2026-10-04T16:03:01Z
120,24,9,115.62,resale,2026-10-04T16:03:01Z
549,24,24,30.75,resale,2026-10-04T16:03:01Z
549,24,25,30.75,resale,2026-10-04T16:03:01Z
132,10,16,129.15,resale,2026-10-04T16:03:01Z
132,10,17,129.15,resale,2026-10-04T16:03:01Z
120,25,7,141.45,resale,2026-10-04T16:03:01Z
120,25,8,141.45,resale,2026-10-04T16:03:01Z
136,33,6,92.25,resale,2026-10-04T16:03:01Z
136,33,7,92.25,resale,2026-10-04T16:03:01Z
120,25,9,141.45,resale,2026-10-04T16:03:01Z
503,22,16,33.21,resale,2026-10-04T16:03:01Z
503,22,17,33.21,resale,2026-10-04T16:03:01Z
120,25,10,141.45,resale,2026-10-04T16:03:01Z
207,8,6,227.55,resale,2026-10-04T16:03:01Z
207,8,7,227.55,resale,2026-10-04T16:03:01Z
141,38,4,92.25,resale,2026-10-04T16:03:01Z
540,8,10,123.0,resale,2026-10-04T16:03:01Z
540,8,11,123.0,resale,2026-10-04T16:03:01Z
144,8,13,123.0,resale,2026-10-04T16:03:01Z
541,14,11,31.98,resale,2026-10-04T16:03:01Z
541,14,12,31.98,resale,2026-10-04T16:03:01Z
510,9,16,61.5,resale,2026-10-04T16:03:01Z
510,9,17,61.5,resale,2026-10-04T16:03:01Z
504,14,21,113.16,resale,2026-10-04T16:03:01Z
105,36,19,72.57,resale,2026-10-04T16:03:01Z
105,36,20,72.57,resale,2026-10-04T16:03:01Z
248,4,3,132.84,resale,2026-10-04T16:03:01Z
248,4,4,132.84,resale,2026-10-04T16:03:01Z
529,10,22,61.5,resale,2026-10-04T16:03:01Z
529,10,23,61.5,resale,2026-10-04T16:03:01Z
529,10,24,61.5,resale,2026-10-04T16:03:01Z
124,8,21,307.5,resale,2026-10-04T16:03:01Z
124,8,22,307.5,resale,2026-10-04T16:03:01Z
128,31,7,110.7,resale,2026-10-04T16:03:01Z
128,31,8,110.7,resale,2026-10-04T16:03:01Z
121,41,1,88.56,resale,2026-10-04T16:03:01Z
147,41,19,120.54,resale,2026-10-04T16:03:01Z
147,41,20,120.54,resale,2026-10-04T16:03:01Z
147,41,21,120.54,resale,2026-10-04T16:03:01Z
148,27,15,98.4,resale,2026-10-04T16:03:01Z
148,27,16,98.4,resale,2026-10-04T16:03:01Z
148,27,17,98.4,resale,2026-10-04T16:03:01Z
148,27,18,98.4,resale,2026-10-04T16:03:01Z
127,28,1,190.65,resale,2026-10-04T16:03:01Z
127,28,2,190.65,resale,2026-10-04T16:03:01Z
138,39,16,178.35,resale,2026-10-04T16:03:01Z
138,39,17,178.35,resale,2026-10-04T16:03:01Z
138,39,18,178.35,resale,2026-10-04T16:03:01Z
548,14,20,61.5,resale,2026-10-04T16:03:01Z
548,14,21,61.5,resale,2026-10-04T16:03:01Z
551,18,1,47.97,resale,2026-10-04T16:03:01Z
551,18,2,47.97,resale,2026-10-04T16:03:01Z
139,42,3,79.95,resale,2026-10-04T16:03:01Z
139,42,4,79.95,resale,2026-10-04T16:03:01Z
521,31,11,35.67,resale,2026-10-04T16:03:01Z
144,12,11,71.34,resale,2026-10-04T16:03:01Z
144,12,12,71.34,resale,2026-10-04T16:03:01Z
517,19,5,25.0,resale,2026-10-04T16:03:01Z
517,19,6,25.0,resale,2026-10-04T16:03:01Z
107,40,16,95.94,resale,2026-10-04T16:03:01Z
501,29,19,68.88,resale,2026-10-04T16:03:01Z
501,29,20,68.88,resale,2026-10-04T16:03:01Z
501,29,21,68.88,resale,2026-10-04T16:03:01Z
501,29,22,68.88,resale,2026-10-04T16:03:01Z
501,29,23,68.88,resale,2026-10-04T16:03:01Z
123,10,15,118.08,resale,2026-10-04T16:03:01Z
105,30,13,92.25,resale,2026-10-04T16:03:01Z
148,42,11,84.87,resale,2026-10-04T16:03:01Z
148,42,12,84.87,resale,2026-10-04T16:03:01Z
251,1,9,215.25,resale,2026-10-04T16:03:01Z
251,1,10,215.25,resale,2026-10-04T16:03:01Z
107,14,29,244.77,resale,2026-10-04T16:03:01Z
107,14,30,244.77,resale,2026-10-04T16:03:01Z
106,41,4,141.45,resale,2026-10-04T16:03:01Z
106,41,3,141.45,resale,2026-10-04T16:03:01Z
549,5,1,43.05,resale,2026-10-04T16:03:01Z
549,5,2,43.05,resale,2026-10-04T16:03:01Z
140,33,1,92.25,resale,2026-10-04T16:03:01Z
140,33,2,92.25,resale,2026-10-04T16:03:01Z
504,26,23,61.5,resale,2026-10-04T16:03:01Z
504,26,24,61.5,resale,2026-10-04T16:03:01Z
548,18,9,46.74,resale,2026-10-04T16:03:01Z
548,18,10,46.74,resale,2026-10-04T16:03:01Z
551,22,21,98.4,resale,2026-10-04T16:03:01Z
102,10,9,184.5,resale,2026-10-04T16:03:01Z
102,10,10,184.5,resale,2026-10-04T16:03:01Z
543,20,18,50.43,resale,2026-10-04T16:03:01Z
543,20,19,50.43,resale,2026-10-04T16:03:01Z
523,10,3,73.8,resale,2026-10-04T16:03:01Z
523,10,4,73.8,resale,2026-10-04T16:03:01Z
118,37,7,116.85,resale,2026-10-04T16:03:01Z
118,37,8,116.85,resale,2026-10-04T16:03:01Z
132,29,3,123.0,resale,2026-10-04T16:03:01Z
132,29,4,123.0,resale,2026-10-04T16:03:01Z
512,25,25,55.35,resale,2026-10-04T16:03:01Z
512,25,26,55.35,resale,2026-10-04T16:03:01Z
145,29,17,135.3,resale,2026-10-04T16:03:01Z
145,29,18,135.3,resale,2026-10-04T16:03:01Z
553,25,7,65.19,resale,2026-10-04T16:03:01Z
553,25,8,65.19,resale,2026-10-04T16:03:01Z
526,31,1,68.88,resale,2026-10-04T16:03:01Z
526,31,2,68.88,resale,2026-10-04T16:03:01Z
118,37,13,153.75,resale,2026-10-04T16:03:01Z
118,37,14,153.75,resale,2026-10-04T16:03:01Z
522,19,21,54.12,resale,2026-10-04T16:03:01Z
522,19,22,54.12,resale,2026-10-04T16:03:01Z
509,24,21,92.25,resale,2026-10-04T16:03:01Z
509,24,22,92.25,resale,2026-10-04T16:03:01Z
551,23,5,68.88,resale,2026-10-04T16:03:01Z
551,23,6,68.88,resale,2026-10-04T16:03:01Z
530,7,4,98.4,resale,2026-10-04T16:03:01Z
530,7,5,98.4,resale,2026-10-04T16:03:01Z
503,30,14,52.89,resale,2026-10-04T16:03:01Z
503,30,15,52.89,resale,2026-10-04T16:03:01Z
522,7,6,61.5,resale,2026-10-04T16:03:01Z
526,21,15,61.5,resale,2026-10-04T16:03:01Z
526,21,16,61.5,resale,2026-10-04T16:03:01Z
500,31,9,63.96,resale,2026-10-04T16:03:01Z
500,31,10,63.96,resale,2026-10-04T16:03:01Z
529,28,11,49.2,resale,2026-10-04T16:03:01Z
529,28,12,49.2,resale,2026-10-04T16:03:01Z
530,26,22,50.43,resale,2026-10-04T16:03:01Z
530,26,23,50.43,resale,2026-10-04T16:03:01Z
146,7,5,115.62,resale,2026-10-04T16:03:01Z
146,7,6,115.62,resale,2026-10-04T16:03:01Z
139,33,19,123.0,resale,2026-10-04T16:03:01Z
139,33,20,123.0,resale,2026-10-04T16:03:01Z
501,4,5,79.95,resale,2026-10-04T16:03:01Z
501,4,6,79.95,resale,2026-10-04T16:03:01Z
117,14,5,215.25,resale,2026-10-04T16:03:01Z
117,14,6,215.25,resale,2026-10-04T16:03:01Z
117,14,7,215.25,resale,2026-10-04T16:03:01Z
117,14,8,215.25,resale,2026-10-04T16:03:01Z
530,32,3,92.25,resale,2026-10-04T16:03:01Z
530,32,4,92.25,resale,2026-10-04T16:03:01Z
504,27,25,46.74,resale,2026-10-04T16:03:01Z
504,27,26,46.74,resale,2026-10-04T16:03:01Z
502,11,21,55.35,resale,2026-10-04T16:03:01Z
502,11,22,55.35,resale,2026-10-04T16:03:01Z
540,20,13,45.51,resale,2026-10-04T16:03:01Z
540,20,14,45.51,resale,2026-10-04T16:03:01Z
114,4,5,215.25,resale,2026-10-04T16:03:01Z
114,4,6,215.25,resale,2026-10-04T16:03:01Z
114,4,7,215.25,resale,2026-10-04T16:03:01Z
114,4,8,215.25,resale,2026-10-04T16:03:01Z
550,17,16,67.65,resale,2026-10-04T16:03:01Z
550,17,17,67.65,resale,2026-10-04T16:03:01Z
236,10,5,166.05,resale,2026-10-04T16:03:01Z
236,10,6,166.05,resale,2026-10-04T16:03:01Z
521,13,19,49.2,resale,2026-10-04T16:03:01Z
521,13,20,49.2,resale,2026-10-04T16:03:01Z
523,28,20,51.66,resale,2026-10-04T16:03:01Z
523,28,21,51.66,resale,2026-10-04T16:03:01Z
530,23,20,61.5,resale,2026-10-04T16:03:01Z
530,23,21,61.5,resale,2026-10-04T16:03:01Z
551,32,7,57.81,resale,2026-10-04T16:03:01Z
551,32,8,57.81,resale,2026-10-04T16:03:01Z
101,42,24,153.75,resale,2026-10-04T16:03:01Z
101,42,25,153.75,resale,2026-10-04T16:03:01Z
207,8,3,195.57,resale,2026-10-04T16:03:01Z
106,42,25,146.99,resale,2026-10-04T16:03:01Z
529,27,14,60.27,resale,2026-10-04T16:03:01Z
529,27,15,60.27,resale,2026-10-04T16:03:01Z
529,27,16,60.27,resale,2026-10-04T16:03:01Z
529,27,17,60.27,resale,2026-10-04T16:03:01Z
124,7,11,162.36,resale,2026-10-04T16:03:01Z
124,7,12,162.36,resale,2026-10-04T16:03:01Z
130,30,1,190.65,resale,2026-10-04T16:03:01Z
130,30,2,190.65,resale,2026-10-04T16:03:01Z
130,30,3,190.65,resale,2026-10-04T16:03:01Z
103,31,12,246.0,resale,2026-10-04T16:03:01Z
103,31,13,246.0,resale,2026-10-04T16:03:01Z
123,31,4,153.75,resale,2026-10-04T16:03:01Z
504,28,26,61.5,resale,2026-10-04T16:03:01Z
504,28,27,61.5,resale,2026-10-04T16:03:01Z
539,11,15,43.05,resale,2026-10-04T16:03:01Z
539,11,16,43.05,resale,2026-10-04T16:03:01Z
105,20,4,123.0,resale,2026-10-04T16:03:01Z
105,20,5,123.0,resale,2026-10-04T16:03:01Z
530,31,24,50.43,resale,2026-10-04T16:03:01Z
530,31,25,50.43,resale,2026-10-04T16:03:01Z
547,11,11,43.05,resale,2026-10-04T16:03:01Z
547,11,12,43.05,resale,2026-10-04T16:03:01Z
532,14,1,55.35,resale,2026-10-04T16:03:01Z
532,14,2,55.35,resale,2026-10-04T16:03:01Z
553,28,10,68.88,resale,2026-10-04T16:03:01Z
553,28,11,68.88,resale,2026-10-04T16:03:01Z
553,28,12,68.88,resale,2026-10-04T16:03:01Z
553,28,13,68.88,resale,2026-10-04T16:03:01Z
551,17,20,55.35,resale,2026-10-04T16:03:01Z
551,17,21,55.35,resale,2026-10-04T16:03:01Z
550,15,20,36.9,resale,2026-10-04T16:03:01Z
550,15,21,36.9,resale,2026-10-04T16:03:01Z
505,29,9,45.51,resale,2026-10-04T16:03:01Z
505,29,10,45.51,resale,2026-10-04T16:03:01Z
536,23,8,45.51,resale,2026-10-04T16:03:01Z
536,23,9,45.51,resale,2026-10-04T16:03:01Z
521,11,19,43.05,resale,2026-10-04T16:03:01Z
521,11,20,43.05,resale,2026-10-04T16:03:01Z
142,32,19,98.4,resale,2026-10-04T16:03:01Z
142,32,20,98.4,resale,2026-10-04T16:03:01Z
136,6,4,135.3,resale,2026-10-04T16:03:01Z
526,23,17,81.18,resale,2026-10-04T16:03:01Z
526,23,18,81.18,resale,2026-10-04T16:03:01Z
231,8,7,166.05,resale,2026-10-04T16:03:01Z
231,8,8,166.05,resale,2026-10-04T16:03:01Z
526,8,2,73.8,resale,2026-10-04T16:03:01Z
526,8,3,73.8,resale,2026-10-04T16:03:01Z
526,23,15,78.72,resale,2026-10-04T16:03:01Z
526,23,16,78.72,resale,2026-10-04T16:03:01Z
248,7,7,227.55,resale,2026-10-04T16:03:01Z
248,7,8,227.55,resale,2026-10-04T16:03:01Z
248,7,9,227.55,resale,2026-10-04T16:03:01Z
248,7,10,227.55,resale,2026-10-04T16:03:01Z
514,13,1,55.35,resale,2026-10-04T16:03:01Z
514,13,2,55.35,resale,2026-10-04T16:03:01Z
530,32,18,52.89,resale,2026-10-04T16:03:01Z
530,32,19,52.89,resale,2026-10-04T16:03:01Z
530,32,20,52.89,resale,2026-10-04T16:03:01Z
530,32,21,52.89,resale,2026-10-04T16:03:01Z
250,2,13,195.57,resale,2026-10-04T16:03:01Z
250,2,14,195.57,resale,2026-10-04T16:03:01Z
224,10,3,269.37,resale,2026-10-04T16:03:01Z
224,10,4,269.37,resale,2026-10-04T16:03:01Z
522,25,25,45.51,resale,2026-10-04T16:03:01Z
522,25,26,45.51,resale,2026-10-04T16:03:01Z
135,34,4,318.57,resale,2026-10-04T16:03:01Z
502,30,22,49.2,resale,2026-10-04T16:03:01Z
502,30,23,49.2,resale,2026-10-04T16:03:01Z
553,27,7,59.04,resale,2026-10-04T16:03:01Z
553,27,8,59.04,resale,2026-10-04T16:03:01Z
526,29,14,61.5,resale,2026-10-04T16:03:01Z
526,29,15,61.5,resale,2026-10-04T16:03:01Z
526,29,16,61.5,resale,2026-10-04T16:03:01Z
111,29,16,116.85,resale,2026-10-04T16:03:01Z
111,29,17,116.85,resale,2026-10-04T16:03:01Z
540,9,7,43.05,resale,2026-10-04T16:03:01Z
540,9,8,43.05,resale,2026-10-04T16:03:01Z
118,30,5,114.39,resale,2026-10-04T16:03:01Z
118,30,6,114.39,resale,2026-10-04T16:03:01Z
150,12,1,138.99,resale,2026-10-04T16:03:01Z
150,12,2,138.99,resale,2026-10-04T16:03:01Z
553,30,10,68.88,resale,2026-10-04T16:03:01Z
553,30,11,68.88,resale,2026-10-04T16:03:01Z
530,22,12,62.73,resale,2026-10-04T16:03:01Z
530,22,13,62.73,resale,2026-10-04T16:03:01Z
512,21,4,46.74,resale,2026-10-04T16:03:01Z
512,21,5,46.74,resale,2026-10-04T16:03:01Z
531,25,3,49.2,resale,2026-10-04T16:03:01Z
531,25,4,49.2,resale,2026-10-04T16:03:01Z
551,13,8,36.9,resale,2026-10-04T16:03:01Z
551,13,9,36.9,resale,2026-10-04T16:03:01Z
515,22,16,36.9,resale,2026-10-04T16:03:01Z
515,22,17,36.9,resale,2026-10-04T16:03:01Z
550,24,18,50.43,resale,2026-10-04T16:03:01Z
550,24,19,50.43,resale,2026-10-04T16:03:01Z
146,6,7,123.0,resale,2026-10-04T16:03:01Z
146,6,8,123.0,resale,2026-10-04T16:03:01Z
523,29,7,50.43,resale,2026-10-04T16:03:01Z
523,29,8,50.43,resale,2026-10-04T16:03:01Z
500,26,1,60.27,resale,2026-10-04T16:03:01Z
500,26,2,60.27,resale,2026-10-04T16:03:01Z
203,7,3,177.12,resale,2026-10-04T16:03:01Z
203,7,4,177.12,resale,2026-10-04T16:03:01Z
203,7,5,177.12,resale,2026-10-04T16:03:01Z
203,7,6,177.12,resale,2026-10-04T16:03:01Z
504,23,15,54.12,resale,2026-10-04T16:03:01Z
504,23,16,54.12,resale,2026-10-04T16:03:01Z
546,4,3,40.59,resale,2026-10-04T16:03:01Z
546,4,4,40.59,resale,2026-10-04T16:03:01Z
529,32,1,59.04,resale,2026-10-04T16:03:01Z
529,32,2,59.04,resale,2026-10-04T16:03:01Z
529,32,3,59.04,resale,2026-10-04T16:03:01Z
139,42,17,123.0,resale,2026-10-04T16:03:01Z
550,9,9,41.82,resale,2026-10-04T16:03:01Z
550,9,10,41.82,resale,2026-10-04T16:03:01Z
550,30,11,59.04,resale,2026-10-04T16:03:01Z
550,30,12,59.04,resale,2026-10-04T16:03:01Z
550,30,13,59.04,resale,2026-10-04T16:03:01Z
550,30,14,59.04,resale,2026-10-04T16:03:01Z
503,31,20,52.89,resale,2026-10-04T16:03:01Z
503,31,21,52.89,resale,2026-10-04T16:03:01Z
532,32,1,52.89,resale,2026-10-04T16:03:01Z
532,32,2,52.89,resale,2026-10-04T16:03:01Z
505,25,15,47.97,resale,2026-10-04T16:03:01Z
505,25,16,47.97,resale,2026-10-04T16:03:01Z
527,28,9,68.88,resale,2026-10-04T16:03:01Z
515,16,7,45.51,resale,2026-10-04T16:03:01Z
529,28,1,63.96,resale,2026-10-04T16:03:01Z
529,28,2,63.96,resale,2026-10-04T16:03:01Z
111,40,9,184.5,resale,2026-10-04T16:03:01Z
252,2,9,230.01,resale,2026-10-04T16:03:01Z
252,3,9,230.01,resale,2026-10-04T16:03:01Z
502,25,5,49.2,resale,2026-10-04T16:03:01Z
502,25,6,49.2,resale,2026-10-04T16:03:01Z
526,28,13,68.88,resale,2026-10-04T16:03:01Z
526,28,14,68.88,resale,2026-10-04T16:03:01Z
504,29,1,44.28,resale,2026-10-04T16:03:01Z
504,29,2,44.28,resale,2026-10-04T16:03:01Z
552,20,5,70.11,resale,2026-10-04T16:03:01Z
552,20,6,70.11,resale,2026-10-04T16:03:01Z
139,9,16,135.3,resale,2026-10-04T16:03:01Z
139,9,17,135.3,resale,2026-10-04T16:03:01Z
500,27,24,59.04,resale,2026-10-04T16:03:01Z
500,27,25,59.04,resale,2026-10-04T16:03:01Z
536,9,16,153.75,resale,2026-10-04T16:03:01Z
536,9,17,153.75,resale,2026-10-04T16:03:01Z
552,32,1,67.65,resale,2026-10-04T16:03:01Z
552,32,2,67.65,resale,2026-10-04T16:03:01Z
552,32,3,67.65,resale,2026-10-04T16:03:01Z
524,19,3,60.27,resale,2026-10-04T16:03:01Z
524,19,4,60.27,resale,2026-10-04T16:03:01Z
550,29,20,44.28,resale,2026-10-04T16:03:01Z
550,29,21,44.28,resale,2026-10-04T16:03:01Z
549,24,1,52.89,resale,2026-10-04T16:03:01Z
549,24,2,52.89,resale,2026-10-04T16:03:01Z
551,24,3,52.89,resale,2026-10-04T16:03:01Z
551,24,4,52.89,resale,2026-10-04T16:03:01Z
538,20,13,39.36,resale,2026-10-04T16:03:01Z
538,20,14,39.36,resale,2026-10-04T16:03:01Z
552,26,24,50.43,resale,2026-10-04T16:03:01Z
552,26,25,50.43,resale,2026-10-04T16:03:01Z
528,32,24,62.73,resale,2026-10-04T16:03:01Z
528,32,25,62.73,resale,2026-10-04T16:03:01Z
528,32,26,62.73,resale,2026-10-04T16:03:01Z
528,32,27,62.73,resale,2026-10-04T16:03:01Z
521,11,17,55.35,resale,2026-10-04T16:03:01Z
521,11,18,55.35,resale,2026-10-04T16:03:01Z
521,25,17,43.05,resale,2026-10-04T16:03:01Z
521,25,18,43.05,resale,2026-10-04T16:03:01Z
500,28,11,60.27,resale,2026-10-04T16:03:01Z
500,28,12,60.27,resale,2026-10-04T16:03:01Z
501,25,22,61.5,resale,2026-10-04T16:03:01Z
501,25,23,61.5,resale,2026-10-04T16:03:01Z
544,21,6,40.59,resale,2026-10-04T16:03:01Z
544,21,7,40.59,resale,2026-10-04T16:03:01Z
550,31,9,56.58,resale,2026-10-04T16:03:01Z
550,31,10,56.58,resale,2026-10-04T16:03:01Z
550,31,11,56.58,resale,2026-10-04T16:03:01Z
550,31,12,56.58,resale,2026-10-04T16:03:01Z
549,24,16,52.89,resale,2026-10-04T16:03:01Z
549,24,17,52.89,resale,2026-10-04T16:03:01Z
553,27,23,70.11,resale,2026-10-04T16:03:01Z
553,27,24,70.11,resale,2026-10-04T16:03:01Z
553,27,25,70.11,resale,2026-10-04T16:03:01Z
525,24,23,68.88,resale,2026-10-04T16:03:01Z
552,30,1,61.5,resale,2026-10-04T16:03:01Z
552,30,2,61.5,resale,2026-10-04T16:03:01Z
524,23,11,35.67,resale,2026-10-04T16:03:01Z
524,23,12,35.67,resale,2026-10-04T16:03:01Z
511,21,3,51.66,resale,2026-10-04T16:03:01Z
511,21,4,51.66,resale,2026-10-04T16:03:01Z
512,18,16,52.89,resale,2026-10-04T16:03:01Z
512,18,17,52.89,resale,2026-10-04T16:03:01Z
526,26,8,61.5,resale,2026-10-04T16:03:01Z
526,26,9,61.5,resale,2026-10-04T16:03:01Z
502,31,1,68.88,resale,2026-10-04T16:03:01Z
502,31,2,68.88,resale,2026-10-04T16:03:01Z
502,31,3,68.88,resale,2026-10-04T16:03:01Z
502,31,4,68.88,resale,2026-10-04T16:03:01Z
528,31,15,52.89,resale,2026-10-04T16:03:01Z
528,31,16,52.89,resale,2026-10-04T16:03:01Z
532,29,13,46.74,resale,2026-10-04T16:03:01Z
532,29,14,46.74,resale,2026-10-04T16:03:01Z
525,16,24,87.33,resale,2026-10-04T16:03:01Z
525,16,25,87.33,resale,2026-10-04T16:03:01Z
523,31,3,56.58,resale,2026-10-04T16:03:01Z
523,31,4,56.58,resale,2026-10-04T16:03:01Z
500,25,11,78.72,resale,2026-10-04T16:03:01Z
500,25,12,78.72,resale,2026-10-04T16:03:01Z
500,25,13,78.72,resale,2026-10-04T16:03:01Z
549,25,17,47.97,resale,2026-10-04T16:03:01Z
549,25,18,47.97,resale,2026-10-04T16:03:01Z
553,28,16,59.04,resale,2026-10-04T16:03:01Z
553,28,17,59.04,resale,2026-10-04T16:03:01Z
551,30,1,51.66,resale,2026-10-04T16:03:01Z
551,30,2,51.66,resale,2026-10-04T16:03:01Z
522,23,6,79.95,resale,2026-10-04T16:03:01Z
524,25,24,51.66,resale,2026-10-04T16:03:01Z
524,25,25,51.66,resale,2026-10-04T16:03:01Z
552,32,22,71.34,resale,2026-10-04T16:03:01Z
552,32,23,71.34,resale,2026-10-04T16:03:01Z
552,32,24,71.34,resale,2026-10-04T16:03:01Z
552,32,25,71.34,resale,2026-10-04T16:03:01Z
530,31,5,46.74,resale,2026-10-04T16:03:01Z
530,31,6,46.74,resale,2026-10-04T16:03:01Z
524,25,9,50.43,resale,2026-10-04T16:03:01Z
524,25,10,50.43,resale,2026-10-04T16:03:01Z
501,23,1,56.58,resale,2026-10-04T16:03:01Z
501,23,2,56.58,resale,2026-10-04T16:03:01Z
521,25,15,43.05,resale,2026-10-04T16:03:01Z
521,25,16,43.05,resale,2026-10-04T16:03:01Z
509,24,19,43.05,resale,2026-10-04T16:03:01Z
509,24,20,43.05,resale,2026-10-04T16:03:01Z
521,23,5,43.05,resale,2026-10-04T16:03:01Z
521,23,6,43.05,resale,2026-10-04T16:03:01Z
512,20,18,40.59,resale,2026-10-04T16:03:01Z
512,20,19,40.59,resale,2026-10-04T16:03:01Z
500,30,1,70.11,resale,2026-10-04T16:03:01Z
500,30,2,70.11,resale,2026-10-04T16:03:01Z
500,30,3,70.11,resale,2026-10-04T16:03:01Z
500,30,4,70.11,resale,2026-10-04T16:03:01Z
513,21,11,36.9,resale,2026-10-04T16:03:01Z
513,21,12,36.9,resale,2026-10-04T16:03:01Z
521,27,13,47.97,resale,2026-10-04T16:03:01Z
521,27,14,47.97,resale,2026-10-04T16:03:01Z
551,32,27,57.81,resale,2026-10-04T16:03:01Z
551,32,28,57.81,resale,2026-10-04T16:03:01Z
551,32,29,57.81,resale,2026-10-04T16:03:01Z
509,24,3,43.05,resale,2026-10-04T16:03:01Z
509,24,4,43.05,resale,2026-10-04T16:03:01Z
550,22,6,45.51,resale,2026-10-04T16:03:01Z
550,22,7,45.51,resale,2026-10-04T16:03:01Z
502,27,11,57.81,resale,2026-10-04T16:03:01Z
502,27,12,57.81,resale,2026-10-04T16:03:01Z
549,24,8,52.89,resale,2026-10-04T16:03:01Z
549,24,9,52.89,resale,2026-10-04T16:03:01Z
527,29,7,61.5,resale,2026-10-04T16:03:01Z
527,29,8,61.5,resale,2026-10-04T16:03:01Z
551,31,1,52.89,resale,2026-10-04T16:03:01Z
551,31,2,52.89,resale,2026-10-04T16:03:01Z
551,29,15,66.42,resale,2026-10-04T16:03:01Z
551,29,16,66.42,resale,2026-10-04T16:03:01Z
551,29,17,66.42,resale,2026-10-04T16:03:01Z
538,21,5,47.97,resale,2026-10-04T16:03:01Z
538,21,6,47.97,resale,2026-10-04T16:03:01Z
505,32,15,44.28,resale,2026-10-04T16:03:01Z
505,32,16,44.28,resale,2026-10-04T16:03:01Z
505,26,7,41.82,resale,2026-10-04T16:03:01Z
505,26,8,41.82,resale,2026-10-04T16:03:01Z
532,26,1,44.28,resale,2026-10-04T16:03:01Z
532,26,2,44.28,resale,2026-10-04T16:03:01Z
553,27,19,59.04,resale,2026-10-04T16:03:01Z
553,27,20,59.04,resale,2026-10-04T16:03:01Z
504,21,15,46.74,resale,2026-10-04T16:03:01Z
504,21,16,46.74,resale,2026-10-04T16:03:01Z
528,30,22,55.35,resale,2026-10-04T16:03:01Z
528,30,23,55.35,resale,2026-10-04T16:03:01Z
551,27,14,62.73,resale,2026-10-04T16:03:01Z
551,27,15,62.73,resale,2026-10-04T16:03:01Z
529,26,9,62.73,resale,2026-10-04T16:03:01Z
529,26,10,62.73,resale,2026-10-04T16:03:01Z
542,26,19,46.74,resale,2026-10-04T16:03:01Z
542,26,20,46.74,resale,2026-10-04T16:03:01Z
505,24,1,40.59,resale,2026-10-04T16:03:01Z
505,24,2,40.59,resale,2026-10-04T16:03:01Z
526,30,3,81.18,resale,2026-10-04T16:03:01Z
526,30,4,81.18,resale,2026-10-04T16:03:01Z
526,30,5,81.18,resale,2026-10-04T16:03:01Z
526,30,6,81.18,resale,2026-10-04T16:03:01Z
526,30,7,81.18,resale,2026-10-04T16:03:01Z
526,30,8,81.18,resale,2026-10-04T16:03:01Z
503,28,9,56.58,resale,2026-10-04T16:03:01Z
503,28,10,56.58,resale,2026-10-04T16:03:01Z
530,26,5,63.96,resale,2026-10-04T16:03:01Z
530,26,6,63.96,resale,2026-10-04T16:03:01Z
531,20,5,46.74,resale,2026-10-04T16:03:01Z
531,20,6,46.74,resale,2026-10-04T16:03:01Z
502,31,17,60.27,resale,2026-10-04T16:03:01Z
502,31,18,60.27,resale,2026-10-04T16:03:01Z
502,31,19,60.27,resale,2026-10-04T16:03:01Z
502,31,20,60.27,resale,2026-10-04T16:03:01Z
502,31,21,60.27,resale,2026-10-04T16:03:01Z
502,31,22,60.27,resale,2026-10-04T16:03:01Z
117,38,21,209.1,resale,2026-10-04T16:03:01Z
117,38,22,209.1,resale,2026-10-04T16:03:01Z
524,27,9,49.2,resale,2026-10-04T16:03:01Z
524,27,10,49.2,resale,2026-10-04T16:03:01Z
524,23,18,59.04,resale,2026-10-04T16:03:01Z
524,23,19,59.04,resale,2026-10-04T16:03:01Z
549,26,15,50.43,resale,2026-10-04T16:03:01Z
549,26,16,50.43,resale,2026-10-04T16:03:01Z
549,26,17,50.43,resale,2026-10-04T16:03:01Z
549,26,18,50.43,resale,2026-10-04T16:03:01Z
500,32,22,75.03,resale,2026-10-04T16:03:01Z
500,32,23,75.03,resale,2026-10-04T16:03:01Z
500,32,24,75.03,resale,2026-10-04T16:03:01Z
500,32,25,75.03,resale,2026-10-04T16:03:01Z
500,32,26,75.03,resale,2026-10-04T16:03:01Z
552,26,18,61.5,resale,2026-10-04T16:03:01Z
552,26,19,61.5,resale,2026-10-04T16:03:01Z
511,23,15,45.51,resale,2026-10-04T16:03:01Z
511,23,16,45.51,resale,2026-10-04T16:03:01Z
112,11,16,129.15,resale,2026-10-04T16:03:01Z
531,21,17,46.74,resale,2026-10-04T16:03:01Z
531,21,18,46.74,resale,2026-10-04T16:03:01Z
528,32,8,68.88,resale,2026-10-04T16:03:01Z
528,32,9,68.88,resale,2026-10-04T16:03:01Z
528,32,10,68.88,resale,2026-10-04T16:03:01Z
528,32,11,68.88,resale,2026-10-04T16:03:01Z
529,21,5,65.19,resale,2026-10-04T16:03:01Z
529,21,6,65.19,resale,2026-10-04T16:03:01Z
500,29,1,57.81,resale,2026-10-04T16:03:01Z
500,29,2,57.81,resale,2026-10-04T16:03:01Z
531,27,15,60.27,resale,2026-10-04T16:03:01Z
531,27,16,60.27,resale,2026-10-04T16:03:01Z
531,27,17,60.27,resale,2026-10-04T16:03:01Z
531,27,18,60.27,resale,2026-10-04T16:03:01Z
525,29,22,51.66,resale,2026-10-04T16:03:01Z
525,29,23,51.66,resale,2026-10-04T16:03:01Z
503,25,12,49.2,resale,2026-10-04T16:03:01Z
503,25,13,49.2,resale,2026-10-04T16:03:01Z
553,29,24,66.42,resale,2026-10-04T16:03:01Z
553,29,25,66.42,resale,2026-10-04T16:03:01Z
503,24,18,51.66,resale,2026-10-04T16:03:01Z
503,24,19,51.66,resale,2026-10-04T16:03:01Z
150,29,7,276.75,resale,2026-10-04T16:03:01Z
150,29,8,276.75,resale,2026-10-04T16:03:01Z
521,29,1,50.43,resale,2026-10-04T16:03:01Z
521,29,2,50.43,resale,2026-10-04T16:03:01Z
501,6,7,97.17,resale,2026-10-04T16:03:01Z
501,6,8,97.17,resale,2026-10-04T16:03:01Z
521,26,12,44.28,resale,2026-10-04T16:03:01Z
521,26,13,44.28,resale,2026-10-04T16:03:01Z
552,29,9,51.66,resale,2026-10-04T16:03:01Z
552,29,10,51.66,resale,2026-10-04T16:03:01Z
551,25,11,57.81,resale,2026-10-04T16:03:01Z
551,25,12,57.81,resale,2026-10-04T16:03:01Z
225,1,10,270.6,resale,2026-10-04T16:03:01Z
225,1,11,270.6,resale,2026-10-04T16:03:01Z
539,25,25,47.97,resale,2026-10-04T16:03:01Z
539,25,26,47.97,resale,2026-10-04T16:03:01Z
521,30,1,47.97,resale,2026-10-04T16:03:01Z
521,30,2,47.97,resale,2026-10-04T16:03:01Z
529,31,1,61.5,resale,2026-10-04T16:03:01Z
529,31,2,61.5,resale,2026-10-04T16:03:01Z
529,31,3,61.5,resale,2026-10-04T16:03:01Z
529,31,4,61.5,resale,2026-10-04T16:03:01Z
500,29,15,72.57,resale,2026-10-04T16:03:01Z
500,29,16,72.57,resale,2026-10-04T16:03:01Z
552,27,5,52.89,resale,2026-10-04T16:03:01Z
552,27,6,52.89,resale,2026-10-04T16:03:01Z
100,32,20,141.45,resale,2026-10-04T16:03:01Z
100,32,21,141.45,resale,2026-10-04T16:03:01Z
549,21,19,44.28,resale,2026-10-04T16:03:01Z
549,21,20,44.28,resale,2026-10-04T16:03:01Z
504,25,1,52.89,resale,2026-10-04T16:03:01Z
504,25,2,52.89,resale,2026-10-04T16:03:01Z
504,25,3,52.89,resale,2026-10-04T16:03:01Z
504,25,4,52.89,resale,2026-10-04T16:03:01Z
552,24,10,57.81,resale,2026-10-04T16:03:01Z
552,24,11,57.81,resale,2026-10-04T16:03:01Z
553,25,21,67.65,resale,2026-10-04T16:03:01Z
553,25,22,67.65,resale,2026-10-04T16:03:01Z
503,30,16,49.2,resale,2026-10-04T16:03:01Z
503,30,17,49.2,resale,2026-10-04T16:03:01Z
523,18,12,76.26,resale,2026-10-04T16:03:01Z
523,18,13,76.26,resale,2026-10-04T16:03:01Z
523,18,14,76.26,resale,2026-10-04T16:03:01Z
523,18,15,76.26,resale,2026-10-04T16:03:01Z
532,32,5,44.28,resale,2026-10-04T16:03:01Z
532,32,6,44.28,resale,2026-10-04T16:03:01Z
526,32,1,79.95,resale,2026-10-04T16:03:01Z
526,32,2,79.95,resale,2026-10-04T16:03:01Z
526,32,3,79.95,resale,2026-10-04T16:03:01Z
526,32,4,79.95,resale,2026-10-04T16:03:01Z
522,26,21,44.28,resale,2026-10-04T16:03:01Z
522,26,22,44.28,resale,2026-10-04T16:03:01Z
521,26,3,45.51,resale,2026-10-04T16:03:01Z
521,26,4,45.51,resale,2026-10-04T16:03:01Z
531,25,25,54.12,resale,2026-10-04T16:03:01Z
531,25,26,54.12,resale,2026-10-04T16:03:01Z
553,27,15,60.27,resale,2026-10-04T16:03:01Z
553,27,16,60.27,resale,2026-10-04T16:03:01Z
539,16,3,52.89,resale,2026-10-04T16:03:01Z
539,16,4,52.89,resale,2026-10-04T16:03:01Z
551,23,9,56.58,resale,2026-10-04T16:03:01Z
551,23,10,56.58,resale,2026-10-04T16:03:01Z
503,22,14,51.66,resale,2026-10-04T16:03:01Z
503,22,15,51.66,resale,2026-10-04T16:03:01Z
503,12,12,54.12,resale,2026-10-04T16:03:01Z
503,12,13,54.12,resale,2026-10-04T16:03:01Z
502,21,11,60.27,resale,2026-10-04T16:03:01Z
502,21,12,60.27,resale,2026-10-04T16:03:01Z
553,29,3,67.65,resale,2026-10-04T16:03:01Z
553,29,4,67.65,resale,2026-10-04T16:03:01Z
553,29,5,67.65,resale,2026-10-04T16:03:01Z
553,29,6,67.65,resale,2026-10-04T16:03:01Z
553,29,7,67.65,resale,2026-10-04T16:03:01Z
553,29,8,67.65,resale,2026-10-04T16:03:01Z
510,21,9,116.85,resale,2026-10-04T16:03:01Z
510,21,10,116.85,resale,2026-10-04T16:03:01Z
500,26,20,63.96,resale,2026-10-04T16:03:01Z
500,26,21,63.96,resale,2026-10-04T16:03:01Z
528,25,20,60.27,resale,2026-10-04T16:03:01Z
528,25,21,60.27,resale,2026-10-04T16:03:01Z
525,27,16,61.5,resale,2026-10-04T16:03:01Z
525,27,17,61.5,resale,2026-10-04T16:03:01Z
552,26,14,51.66,resale,2026-10-04T16:03:01Z
552,26,15,51.66,resale,2026-10-04T16:03:01Z
512,22,24,92.25,resale,2026-10-04T16:03:01Z
512,22,25,92.25,resale,2026-10-04T16:03:01Z
512,22,26,92.25,resale,2026-10-04T16:03:01Z
552,31,20,59.04,resale,2026-10-04T16:03:01Z
552,31,21,59.04,resale,2026-10-04T16:03:01Z
552,31,22,59.04,resale,2026-10-04T16:03:01Z
504,20,5,54.12,resale,2026-10-04T16:03:01Z
504,20,6,54.12,resale,2026-10-04T16:03:01Z
553,31,1,56.58,resale,2026-10-04T16:03:01Z
553,31,2,56.58,resale,2026-10-04T16:03:01Z
511,20,4,50.43,resale,2026-10-04T16:03:01Z
511,20,5,50.43,resale,2026-10-04T16:03:01Z
521,12,19,62.73,resale,2026-10-04T16:03:01Z
521,12,20,62.73,resale,2026-10-04T16:03:01Z
527,25,6,75.03,resale,2026-10-04T16:03:01Z
527,25,7,75.03,resale,2026-10-04T16:03:01Z
505,28,3,45.51,resale,2026-10-04T16:03:01Z
505,28,4,45.51,resale,2026-10-04T16:03:01Z
529,29,22,57.81,resale,2026-10-04T16:03:01Z
529,29,23,57.81,resale,2026-10-04T16:03:01Z
537,24,23,44.28,resale,2026-10-04T16:03:01Z
537,24,24,44.28,resale,2026-10-04T16:03:01Z
525,22,3,65.19,resale,2026-10-04T16:03:01Z
525,22,4,65.19,resale,2026-10-04T16:03:01Z
539,25,17,49.2,resale,2026-10-04T16:03:01Z
539,25,18,49.2,resale,2026-10-04T16:03:01Z
502,32,11,61.5,resale,2026-10-04T16:03:01Z
502,32,12,61.5,resale,2026-10-04T16:03:01Z
502,32,13,61.5,resale,2026-10-04T16:03:01Z
502,32,14,61.5,resale,2026-10-04T16:03:01Z
502,25,15,65.19,resale,2026-10-04T16:03:01Z
502,25,16,65.19,resale,2026-10-04T16:03:01Z
502,25,17,65.19,resale,2026-10-04T16:03:01Z
502,25,18,65.19,resale,2026-10-04T16:03:01Z
501,25,6,75.03,resale,2026-10-04T16:03:01Z
501,25,7,75.03,resale,2026-10-04T16:03:01Z
501,25,8,75.03,resale,2026-10-04T16:03:01Z
501,25,9,75.03,resale,2026-10-04T16:03:01Z
512,15,18,61.5,resale,2026-10-04T16:03:01Z
512,15,19,61.5,resale,2026-10-04T16:03:01Z
512,15,20,61.5,resale,2026-10-04T16:03:01Z
512,15,21,61.5,resale,2026-10-04T16:03:01Z
511,23,6,47.97,resale,2026-10-04T16:03:01Z
511,23,7,47.97,resale,2026-10-04T16:03:01Z
525,31,5,62.73,resale,2026-10-04T16:03:01Z
525,31,6,62.73,resale,2026-10-04T16:03:01Z
525,31,7,62.73,resale,2026-10-04T16:03:01Z
525,31,8,62.73,resale,2026-10-04T16:03:01Z
521,18,17,54.12,resale,2026-10-04T16:03:01Z
521,18,18,54.12,resale,2026-10-04T16:03:01Z
502,30,12,46.74,resale,2026-10-04T16:03:01Z
502,30,13,46.74,resale,2026-10-04T16:03:01Z
521,20,5,45.51,resale,2026-10-04T16:03:01Z
521,20,6,45.51,resale,2026-10-04T16:03:01Z
553,30,1,66.42,resale,2026-10-04T16:03:01Z
553,30,2,66.42,resale,2026-10-04T16:03:01Z
527,30,5,77.49,resale,2026-10-04T16:03:01Z
527,30,6,77.49,resale,2026-10-04T16:03:01Z
527,30,7,77.49,resale,2026-10-04T16:03:01Z
527,30,8,77.49,resale,2026-10-04T16:03:01Z
514,20,7,50.43,resale,2026-10-04T16:03:01Z
514,20,8,50.43,resale,2026-10-04T16:03:01Z
552,20,13,61.5,resale,2026-10-04T16:03:01Z
552,20,14,61.5,resale,2026-10-04T16:03:01Z
550,31,13,49.2,resale,2026-10-04T16:03:01Z
550,31,14,49.2,resale,2026-10-04T16:03:01Z
523,31,16,83.64,resale,2026-10-04T16:03:01Z
523,31,17,83.64,resale,2026-10-04T16:03:01Z
523,31,18,83.64,resale,2026-10-04T16:03:01Z
523,31,19,83.64,resale,2026-10-04T16:03:01Z
523,31,20,83.64,resale,2026-10-04T16:03:01Z
523,31,21,83.64,resale,2026-10-04T16:03:01Z
531,28,7,47.97,resale,2026-10-04T16:03:01Z
531,28,8,47.97,resale,2026-10-04T16:03:01Z
523,31,7,49.2,resale,2026-10-04T16:03:01Z
523,31,8,49.2,resale,2026-10-04T16:03:01Z
553,25,13,73.8,resale,2026-10-04T16:03:01Z
553,25,14,73.8,resale,2026-10-04T16:03:01Z
553,25,15,73.8,resale,2026-10-04T16:03:01Z
553,25,16,73.8,resale,2026-10-04T16:03:01Z
553,25,17,73.8,resale,2026-10-04T16:03:01Z
553,25,18,73.8,resale,2026-10-04T16:03:01Z
523,23,22,47.97,resale,2026-10-04T16:03:01Z
523,23,23,47.97,resale,2026-10-04T16:03:01Z
522,20,5,57.81,resale,2026-10-04T16:03:01Z
522,20,6,57.81,resale,2026-10-04T16:03:01Z
505,32,1,43.05,resale,2026-10-04T16:03:01Z
505,32,2,43.05,resale,2026-10-04T16:03:01Z
524,32,27,49.2,resale,2026-10-04T16:03:01Z
524,32,28,49.2,resale,2026-10-04T16:03:01Z
500,28,16,70.11,resale,2026-10-04T16:03:01Z
500,28,17,70.11,resale,2026-10-04T16:03:01Z
550,31,21,44.28,resale,2026-10-04T16:03:01Z
550,31,22,44.28,resale,2026-10-04T16:03:01Z
501,32,26,54.12,resale,2026-10-04T16:03:01Z
501,32,27,54.12,resale,2026-10-04T16:03:01Z
500,29,7,86.1,resale,2026-10-04T16:03:01Z
500,29,8,86.1,resale,2026-10-04T16:03:01Z
500,29,9,86.1,resale,2026-10-04T16:03:01Z
500,29,10,86.1,resale,2026-10-04T16:03:01Z
511,24,4,38.13,resale,2026-10-04T16:03:01Z
511,24,5,38.13,resale,2026-10-04T16:03:01Z
522,24,15,51.66,resale,2026-10-04T16:03:01Z
522,24,16,51.66,resale,2026-10-04T16:03:01Z
513,19,20,54.12,resale,2026-10-04T16:03:01Z
513,19,21,54.12,resale,2026-10-04T16:03:01Z
505,31,12,44.28,resale,2026-10-04T16:03:01Z
505,31,13,44.28,resale,2026-10-04T16:03:01Z
551,32,17,51.66,resale,2026-10-04T16:03:01Z
551,32,18,51.66,resale,2026-10-04T16:03:01Z
502,24,15,51.66,resale,2026-10-04T16:03:01Z
502,24,16,51.66,resale,2026-10-04T16:03:01Z
528,30,3,66.42,resale,2026-10-04T16:03:01Z
528,30,4,66.42,resale,2026-10-04T16:03:01Z
528,30,5,66.42,resale,2026-10-04T16:03:01Z
528,30,6,66.42,resale,2026-10-04T16:03:01Z
527,27,11,66.42,resale,2026-10-04T16:03:01Z
527,27,12,66.42,resale,2026-10-04T16:03:01Z
527,28,1,84.87,resale,2026-10-04T16:03:01Z
527,28,2,84.87,resale,2026-10-04T16:03:01Z
527,28,3,84.87,resale,2026-10-04T16:03:01Z
527,28,4,84.87,resale,2026-10-04T16:03:01Z
524,9,21,84.87,resale,2026-10-04T16:03:01Z
524,9,22,84.87,resale,2026-10-04T16:03:01Z
528,31,9,78.72,resale,2026-10-04T16:03:01Z
528,31,10,78.72,resale,2026-10-04T16:03:01Z
528,31,11,78.72,resale,2026-10-04T16:03:01Z
528,31,12,78.72,resale,2026-10-04T16:03:01Z
531,21,13,67.65,resale,2026-10-04T16:03:01Z
531,21,14,67.65,resale,2026-10-04T16:03:01Z
531,21,15,67.65,resale,2026-10-04T16:03:01Z
531,21,16,67.65,resale,2026-10-04T16:03:01Z
532,32,13,43.05,resale,2026-10-04T16:03:01Z
532,32,14,43.05,resale,2026-10-04T16:03:01Z
503,24,3,47.97,resale,2026-10-04T16:03:01Z
503,24,4,47.97,resale,2026-10-04T16:03:01Z
502,28,22,57.81,resale,2026-10-04T16:03:01Z
502,28,23,57.81,resale,2026-10-04T16:03:01Z
502,28,24,57.81,resale,2026-10-04T16:03:01Z
502,28,25,57.81,resale,2026-10-04T16:03:01Z
523,27,9,56.58,resale,2026-10-04T16:03:01Z
523,27,10,56.58,resale,2026-10-04T16:03:01Z
542,26,10,44.28,resale,2026-10-04T16:03:01Z
542,26,11,44.28,resale,2026-10-04T16:03:01Z
539,17,12,51.66,resale,2026-10-04T16:03:01Z
539,17,13,51.66,resale,2026-10-04T16:03:01Z
530,19,13,51.66,resale,2026-10-04T16:03:01Z
530,19,14,51.66,resale,2026-10-04T16:03:01Z
539,20,3,41.82,resale,2026-10-04T16:03:01Z
539,20,4,41.82,resale,2026-10-04T16:03:01Z
523,31,22,47.97,resale,2026-10-04T16:03:01Z
523,31,23,47.97,resale,2026-10-04T16:03:01Z
512,5,3,55.35,resale,2026-10-04T16:03:01Z
512,5,4,55.35,resale,2026-10-04T16:03:01Z
549,14,14,92.25,resale,2026-10-04T16:03:01Z
549,14,21,92.25,resale,2026-10-04T16:03:01Z
528,12,14,92.25,resale,2026-10-04T16:03:01Z
528,12,15,92.25,resale,2026-10-04T16:03:01Z
528,12,16,92.25,resale,2026-10-04T16:03:01Z
528,12,17,92.25,resale,2026-10-04T16:03:01Z
133,21,8,135.3,resale,2026-10-04T16:03:01Z
133,21,9,135.3,resale,2026-10-04T16:03:01Z
146,14,27,104.55,resale,2026-10-04T16:03:01Z
146,14,28,104.55,resale,2026-10-04T16:03:01Z
521,14,3,44.28,resale,2026-10-04T16:03:01Z
521,14,4,44.28,resale,2026-10-04T16:03:01Z
523,18,6,47.97,resale,2026-10-04T16:03:01Z
523,18,7,47.97,resale,2026-10-04T16:03:01Z
134,40,7,110.7,resale,2026-10-04T16:03:01Z
134,40,8,110.7,resale,2026-10-04T16:03:01Z
225,2,5,258.3,resale,2026-10-04T16:03:01Z
225,2,6,258.3,resale,2026-10-04T16:03:01Z
529,24,1,56.58,resale,2026-10-04T16:03:01Z
529,24,2,56.58,resale,2026-10-04T16:03:01Z
551,30,4,184.5,resale,2026-10-04T16:03:01Z
551,30,5,184.5,resale,2026-10-04T16:03:01Z
502,14,19,38.13,resale,2026-10-04T16:03:01Z
502,14,20,38.13,resale,2026-10-04T16:03:01Z
132,5,5,246.0,resale,2026-10-04T16:03:01Z
132,5,6,246.0,resale,2026-10-04T16:03:01Z
141,40,9,98.4,resale,2026-10-04T16:03:01Z
151,3,11,164.82,resale,2026-10-04T16:03:01Z
151,3,12,164.82,resale,2026-10-04T16:03:01Z
525,5,6,98.4,resale,2026-10-04T16:03:01Z
236,7,5,184.5,resale,2026-10-04T16:03:01Z
236,7,6,184.5,resale,2026-10-04T16:03:01Z
510,14,8,67.65,resale,2026-10-04T16:03:01Z
507,9,5,123.0,resale,2026-10-04T16:03:01Z
507,9,6,123.0,resale,2026-10-04T16:03:01Z
507,9,7,123.0,resale,2026-10-04T16:03:01Z
507,9,8,123.0,resale,2026-10-04T16:03:01Z
536,26,15,43.05,resale,2026-10-04T16:03:01Z
536,26,16,43.05,resale,2026-10-04T16:03:01Z
132,29,17,196.8,resale,2026-10-04T16:03:01Z
132,29,18,196.8,resale,2026-10-04T16:03:01Z
504,15,14,34.44,resale,2026-10-04T16:03:01Z
504,15,15,34.44,resale,2026-10-04T16:03:01Z
510,9,8,47.97,resale,2026-10-04T16:03:01Z
510,9,9,47.97,resale,2026-10-04T16:03:01Z
252,12,19,246.0,resale,2026-10-04T16:03:01Z
543,21,20,41.82,resale,2026-10-04T16:03:01Z
543,21,21,41.82,resale,2026-10-04T16:03:01Z
529,23,5,49.2,resale,2026-10-04T16:03:01Z
529,23,6,49.2,resale,2026-10-04T16:03:01Z
124,10,9,153.75,resale,2026-10-04T16:03:01Z
124,10,10,153.75,resale,2026-10-04T16:03:01Z
543,21,19,86.1,resale,2026-10-04T16:03:01Z
543,21,18,86.1,resale,2026-10-04T16:03:01Z
523,21,1,68.88,resale,2026-10-04T16:03:01Z
505,18,17,43.05,resale,2026-10-04T16:03:01Z
505,18,18,43.05,resale,2026-10-04T16:03:01Z
524,16,16,61.5,resale,2026-10-04T16:03:01Z
524,16,17,61.5,resale,2026-10-04T16:03:01Z
517,23,1,45.51,resale,2026-10-04T16:03:01Z
517,23,2,45.51,resale,2026-10-04T16:03:01Z
543,10,12,47.97,resale,2026-10-04T16:03:01Z
543,10,13,47.97,resale,2026-10-04T16:03:01Z
503,21,9,50.43,resale,2026-10-04T16:03:01Z
503,21,10,50.43,resale,2026-10-04T16:03:01Z
521,21,17,41.82,resale,2026-10-04T16:03:01Z
521,21,18,41.82,resale,2026-10-04T16:03:01Z
142,29,1,111.93,resale,2026-10-04T16:03:01Z
142,29,2,111.93,resale,2026-10-04T16:03:01Z
106,33,12,103.32,resale,2026-10-04T16:03:01Z
106,33,13,103.32,resale,2026-10-04T16:03:01Z
548,7,1,95.94,resale,2026-10-04T16:03:01Z
548,7,2,95.94,resale,2026-10-04T16:03:01Z
539,15,16,46.74,resale,2026-10-04T16:03:01Z
539,15,17,46.74,resale,2026-10-04T16:03:01Z
542,17,24,45.51,resale,2026-10-04T16:03:01Z
542,17,25,45.51,resale,2026-10-04T16:03:01Z
228,5,5,153.75,resale,2026-10-04T16:03:01Z
228,5,6,153.75,resale,2026-10-04T16:03:01Z
536,25,19,51.66,resale,2026-10-04T16:03:01Z
150,9,5,129.15,resale,2026-10-04T16:03:01Z
150,9,6,129.15,resale,2026-10-04T16:03:01Z
515,15,3,67.65,resale,2026-10-04T16:03:01Z
515,15,4,67.65,resale,2026-10-04T16:03:01Z
142,35,5,123.0,resale,2026-10-04T16:03:01Z
142,35,6,123.0,resale,2026-10-04T16:03:01Z
142,35,7,123.0,resale,2026-10-04T16:03:01Z
142,35,8,123.0,resale,2026-10-04T16:03:01Z
515,16,3,67.65,resale,2026-10-04T16:03:01Z
515,16,4,67.65,resale,2026-10-04T16:03:01Z
553,10,15,92.25,resale,2026-10-04T16:03:01Z
553,10,16,92.25,resale,2026-10-04T16:03:01Z
121,32,9,227.55,resale,2026-10-04T16:03:01Z
121,32,10,227.55,resale,2026-10-04T16:03:01Z
109,40,9,110.7,resale,2026-10-04T16:03:01Z
109,40,10,110.7,resale,2026-10-04T16:03:01Z
520,17,4,45.51,resale,2026-10-04T16:03:01Z
520,17,5,45.51,resale,2026-10-04T16:03:01Z
139,31,12,98.4,resale,2026-10-04T16:03:01Z
139,31,13,98.4,resale,2026-10-04T16:03:01Z
501,28,15,49.2,resale,2026-10-04T16:03:01Z
501,28,16,49.2,resale,2026-10-04T16:03:01Z
139,31,11,110.7,resale,2026-10-04T16:03:01Z
140,15,7,110.7,resale,2026-10-04T16:03:01Z
107,25,1,92.25,resale,2026-10-04T16:03:01Z
107,25,2,92.25,resale,2026-10-04T16:03:01Z
550,31,15,49.2,resale,2026-10-04T16:03:01Z
550,31,16,49.2,resale,2026-10-04T16:03:01Z
539,16,24,47.97,resale,2026-10-04T16:03:01Z
539,16,25,47.97,resale,2026-10-04T16:03:01Z
542,10,13,44.28,resale,2026-10-04T16:03:01Z
542,10,14,44.28,resale,2026-10-04T16:03:01Z
107,15,11,141.45,resale,2026-10-04T16:03:01Z
100,41,5,215.25,resale,2026-10-04T16:03:01Z
100,41,6,215.25,resale,2026-10-04T16:03:01Z
220,5,7,184.5,resale,2026-10-04T16:03:01Z
220,5,8,184.5,resale,2026-10-04T16:03:01Z
128,23,1,246.0,resale,2026-10-04T16:03:01Z
128,23,2,246.0,resale,2026-10-04T16:03:01Z
128,23,3,246.0,resale,2026-10-04T16:03:01Z
128,23,4,246.0,resale,2026-10-04T16:03:01Z
124,27,1,184.5,resale,2026-10-04T16:03:01Z
124,27,2,184.5,resale,2026-10-04T16:03:01Z
527,17,24,68.88,resale,2026-10-04T16:03:01Z
527,17,25,68.88,resale,2026-10-04T16:03:01Z
513,14,7,34.44,resale,2026-10-04T16:03:01Z
513,14,8,34.44,resale,2026-10-04T16:03:01Z
522,22,17,49.2,resale,2026-10-04T16:03:01Z
522,22,18,49.2,resale,2026-10-04T16:03:01Z
511,13,19,68.88,resale,2026-10-04T16:03:01Z
511,13,20,68.88,resale,2026-10-04T16:03:01Z
529,19,6,35.67,resale,2026-10-04T16:03:01Z
529,19,7,35.67,resale,2026-10-04T16:03:01Z
514,12,1,61.5,resale,2026-10-04T16:03:01Z
514,12,2,61.5,resale,2026-10-04T16:03:01Z
507,5,1,123.0,resale,2026-10-04T16:03:01Z
507,5,2,123.0,resale,2026-10-04T16:03:01Z
114,7,14,195.57,resale,2026-10-04T16:03:01Z
114,7,15,195.57,resale,2026-10-04T16:03:01Z
105,11,6,110.7,resale,2026-10-04T16:03:01Z
105,11,7,110.7,resale,2026-10-04T16:03:01Z
125,30,16,124.23,resale,2026-10-04T16:03:01Z
125,30,17,124.23,resale,2026-10-04T16:03:01Z
125,13,15,170.97,resale,2026-10-04T16:03:01Z
125,13,16,170.97,resale,2026-10-04T16:03:01Z
217,1,8,154.98,resale,2026-10-04T16:03:01Z
217,1,9,154.98,resale,2026-10-04T16:03:01Z
217,1,10,154.98,resale,2026-10-04T16:03:01Z
217,1,11,154.98,resale,2026-10-04T16:03:01Z
217,1,12,154.98,resale,2026-10-04T16:03:01Z
217,1,13,154.98,resale,2026-10-04T16:03:01Z
244,5,8,184.5,resale,2026-10-04T16:03:01Z
244,5,9,184.5,resale,2026-10-04T16:03:01Z
523,6,15,86.1,resale,2026-10-04T16:03:01Z
533,5,5,49.2,resale,2026-10-04T16:03:01Z
533,5,6,49.2,resale,2026-10-04T16:03:01Z
516,25,23,36.9,resale,2026-10-04T16:03:01Z
516,25,24,36.9,resale,2026-10-04T16:03:01Z
504,17,13,40.59,resale,2026-10-04T16:03:01Z
504,17,14,40.59,resale,2026-10-04T16:03:01Z
512,10,13,49.2,resale,2026-10-04T16:03:01Z
512,10,14,49.2,resale,2026-10-04T16:03:01Z
538,2,7,61.5,resale,2026-10-04T16:03:01Z
538,2,8,61.5,resale,2026-10-04T16:03:01Z
528,30,24,52.89,resale,2026-10-04T16:03:01Z
528,30,25,52.89,resale,2026-10-04T16:03:01Z
102,40,20,276.75,resale,2026-10-04T16:03:01Z
245,8,5,109.47,resale,2026-10-04T16:03:01Z
245,8,6,109.47,resale,2026-10-04T16:03:01Z
205,11,10,166.05,resale,2026-10-04T16:03:01Z
205,11,11,166.05,resale,2026-10-04T16:03:01Z
205,4,1,205.41,resale,2026-10-04T16:03:01Z
205,4,2,205.41,resale,2026-10-04T16:03:01Z
553,1,3,76.26,resale,2026-10-04T16:03:01Z
553,1,4,76.26,resale,2026-10-04T16:03:01Z
501,20,12,39.36,resale,2026-10-04T16:03:01Z
501,20,13,39.36,resale,2026-10-04T16:03:01Z
537,7,5,61.5,resale,2026-10-04T16:03:01Z
228,6,12,184.5,resale,2026-10-04T16:03:01Z
228,6,13,184.5,resale,2026-10-04T16:03:01Z
541,10,21,67.65,resale,2026-10-04T16:03:01Z
541,10,22,67.65,resale,2026-10-04T16:03:01Z
107,13,3,111.93,resale,2026-10-04T16:03:01Z
107,13,4,111.93,resale,2026-10-04T16:03:01Z
523,5,14,40.59,resale,2026-10-04T16:03:01Z
523,5,15,40.59,resale,2026-10-04T16:03:01Z
515,11,7,39.36,resale,2026-10-04T16:03:01Z
515,11,8,39.36,resale,2026-10-04T16:03:01Z
224,12,11,215.25,resale,2026-10-04T16:03:01Z
224,12,12,215.25,resale,2026-10-04T16:03:01Z
146,40,7,105.78,resale,2026-10-04T16:03:01Z
146,40,8,105.78,resale,2026-10-04T16:03:01Z
135,38,5,123.0,resale,2026-10-04T16:03:01Z
135,38,6,123.0,resale,2026-10-04T16:03:01Z
542,16,16,36.9,resale,2026-10-04T16:03:01Z
542,16,17,36.9,resale,2026-10-04T16:03:01Z
513,9,18,41.82,resale,2026-10-04T16:03:01Z
513,9,19,41.82,resale,2026-10-04T16:03:01Z
523,25,20,61.5,resale,2026-10-04T16:03:01Z
523,25,21,61.5,resale,2026-10-04T16:03:01Z
119,14,23,147.6,resale,2026-10-04T16:03:01Z
119,14,24,147.6,resale,2026-10-04T16:03:01Z
105,37,10,110.7,resale,2026-10-04T16:03:01Z
105,37,11,110.7,resale,2026-10-04T16:03:01Z
227,2,13,676.5,resale,2026-10-04T16:03:01Z
100,6,9,153.75,resale,2026-10-04T16:03:01Z
100,6,10,153.75,resale,2026-10-04T16:03:01Z
100,6,11,153.75,resale,2026-10-04T16:03:01Z
100,6,12,153.75,resale,2026-10-04T16:03:01Z
502,11,5,59.04,resale,2026-10-04T16:03:01Z
502,11,6,59.04,resale,2026-10-04T16:03:01Z
532,18,18,126.69,resale,2026-10-04T16:03:01Z
543,17,6,52.89,resale,2026-10-04T16:03:01Z
251,13,16,209.1,resale,2026-10-04T16:03:01Z
251,13,17,209.1,resale,2026-10-04T16:03:01Z
126,30,8,316.11,resale,2026-10-04T16:03:01Z
141,34,10,184.5,resale,2026-10-04T16:03:01Z
501,25,20,41.82,resale,2026-10-04T16:03:01Z
501,25,21,41.82,resale,2026-10-04T16:03:01Z
535,26,9,49.2,resale,2026-10-04T16:03:01Z
535,26,10,49.2,resale,2026-10-04T16:03:01Z
210,13,3,154.98,resale,2026-10-04T16:03:01Z
210,13,4,154.98,resale,2026-10-04T16:03:01Z
515,9,15,84.87,resale,2026-10-04T16:03:01Z
515,9,16,84.87,resale,2026-10-04T16:03:01Z
515,9,17,84.87,resale,2026-10-04T16:03:01Z
515,9,18,84.87,resale,2026-10-04T16:03:01Z
102,33,15,115.62,resale,2026-10-04T16:03:01Z
102,33,16,115.62,resale,2026-10-04T16:03:01Z
102,33,17,115.62,resale,2026-10-04T16:03:01Z
152,11,5,147.6,resale,2026-10-04T16:03:01Z
152,11,6,147.6,resale,2026-10-04T16:03:01Z
524,15,13,68.88,resale,2026-10-04T16:03:01Z
524,15,14,68.88,resale,2026-10-04T16:03:01Z
524,15,15,68.88,resale,2026-10-04T16:03:01Z
120,29,5,100.86,resale,2026-10-04T16:03:01Z
120,29,6,100.86,resale,2026-10-04T16:03:01Z
118,25,9,135.3,resale,2026-10-04T16:03:01Z
118,25,10,135.3,resale,2026-10-04T16:03:01Z
225,1,9,270.6,resale,2026-10-04T16:03:01Z
513,22,9,35.67,resale,2026-10-04T16:03:01Z
513,22,10,35.67,resale,2026-10-04T16:03:01Z
524,29,18,47.97,resale,2026-10-04T16:03:01Z
524,29,19,47.97,resale,2026-10-04T16:03:01Z
152,33,3,113.16,resale,2026-10-04T16:03:01Z
152,33,4,113.16,resale,2026-10-04T16:03:01Z
