section,row,seat,price_usd,selection_type,scraped_at
100AW,1,11,,,2026-07-02T00:41:38Z
100AW,1,14,,,2026-07-02T00:41:38Z
100AW,1,24,,,2026-07-02T00:41:38Z
100AW,1,27,,,2026-07-02T00:41:38Z
100AW,1,31,,,2026-07-02T00:41:38Z
100AW,1,42,,,2026-07-02T00:41:38Z
100AW,1,7,,,2026-07-02T00:41:38Z
100AW,1,12,,,2026-07-02T00:41:38Z
100AW,1,13,,,2026-07-02T00:41:38Z
100AW,1,17,,,2026-07-02T00:41:38Z
100AW,1,18,,,2026-07-02T00:41:38Z
100AW,1,20,,,2026-07-02T00:41:38Z
100AW,1,21,,,2026-07-02T00:41:38Z
100AW,1,25,,,2026-07-02T00:41:38Z
100AW,1,26,,,2026-07-02T00:41:38Z
100AW,1,30,,,2026-07-02T00:41:38Z
100AW,1,4,,,2026-07-02T00:41:38Z
100AW,1,43,,,2026-07-02T00:41:38Z
100AW,1,44,,,2026-07-02T00:41:38Z
100AW,1,8,,,2026-07-02T00:41:38Z
100BW,1,50,,,2026-07-02T00:41:38Z
100BW,1,53,,,2026-07-02T00:41:38Z
100BW,1,58,,,2026-07-02T00:41:38Z
100BW,1,59,,,2026-07-02T00:41:38Z
100BW,1,62,,,2026-07-02T00:41:38Z
100BW,1,63,,,2026-07-02T00:41:38Z
100BW,1,66,,,2026-07-02T00:41:38Z
100BW,1,67,,,2026-07-02T00:41:38Z
100BW,1,70,,,2026-07-02T00:41:38Z
100BW,1,71,,,2026-07-02T00:41:38Z
100BW,1,73,,,2026-07-02T00:41:38Z
100BW,1,51,,,2026-07-02T00:41:38Z
100BW,1,52,,,2026-07-02T00:41:38Z
100BW,1,57,,,2026-07-02T00:41:38Z
100BW,1,60,,,2026-07-02T00:41:38Z
100BW,1,61,,,2026-07-02T00:41:38Z
100BW,1,64,,,2026-07-02T00:41:38Z
100BW,1,65,,,2026-07-02T00:41:38Z
100BW,1,72,,,2026-07-02T00:41:38Z
101,27,13,,,2026-07-02T00:41:38Z
101,27,14,,,2026-07-02T00:41:38Z
101,27,15,,,2026-07-02T00:41:38Z
101,27,16,,,2026-07-02T00:41:38Z
101,27,17,,,2026-07-02T00:41:38Z
101,27,18,,,2026-07-02T00:41:38Z
101,27,19,,,2026-07-02T00:41:38Z
101,27,20,,,2026-07-02T00:41:38Z
101,27,21,,,2026-07-02T00:41:38Z
101,27,22,,,2026-07-02T00:41:38Z
101,24,10,,,2026-07-02T00:41:38Z
101,24,11,,,2026-07-02T00:41:38Z
101,24,12,,,2026-07-02T00:41:38Z
101,24,13,,,2026-07-02T00:41:38Z
101,24,9,,,2026-07-02T00:41:38Z
101,25,10,,,2026-07-02T00:41:38Z
101,25,11,,,2026-07-02T00:41:38Z
101,25,12,,,2026-07-02T00:41:38Z
101,25,13,,,2026-07-02T00:41:38Z
101,25,14,,,2026-07-02T00:41:38Z
101,25,15,,,2026-07-02T00:41:38Z
101,25,16,,,2026-07-02T00:41:38Z
101,25,17,,,2026-07-02T00:41:38Z
101,25,18,,,2026-07-02T00:41:38Z
101,25,19,,,2026-07-02T00:41:38Z
101,25,20,,,2026-07-02T00:41:38Z
101,25,21,,,2026-07-02T00:41:38Z
101,25,22,,,2026-07-02T00:41:38Z
101,25,9,,,2026-07-02T00:41:38Z
101,26,11,,,2026-07-02T00:41:38Z
101,26,12,,,2026-07-02T00:41:38Z
101,26,13,,,2026-07-02T00:41:38Z
101,26,14,,,2026-07-02T00:41:38Z
101,26,15,,,2026-07-02T00:41:38Z
101,26,16,,,2026-07-02T00:41:38Z
101,26,17,,,2026-07-02T00:41:38Z
101,26,18,,,2026-07-02T00:41:38Z
101,26,19,,,2026-07-02T00:41:38Z
101,26,20,,,2026-07-02T00:41:38Z
101,26,21,,,2026-07-02T00:41:38Z
101,26,22,,,2026-07-02T00:41:38Z
101,28,15,,,2026-07-02T00:41:38Z
101,28,16,,,2026-07-02T00:41:38Z
101,28,17,,,2026-07-02T00:41:38Z
101,28,18,,,2026-07-02T00:41:38Z
101,28,19,,,2026-07-02T00:41:38Z
101,28,20,,,2026-07-02T00:41:38Z
101,28,21,,,2026-07-02T00:41:38Z
101,28,22,,,2026-07-02T00:41:38Z
101,29,17,,,2026-07-02T00:41:38Z
101,29,18,,,2026-07-02T00:41:38Z
101,29,19,,,2026-07-02T00:41:38Z
101,29,20,,,2026-07-02T00:41:38Z
101,29,21,,,2026-07-02T00:41:38Z
101,29,22,,,2026-07-02T00:41:38Z
101,30,19,,,2026-07-02T00:41:38Z
101,30,20,,,2026-07-02T00:41:38Z
101,30,21,,,2026-07-02T00:41:38Z
101,30,22,,,2026-07-02T00:41:38Z
101,31,21,,,2026-07-02T00:41:38Z
101,31,22,,,2026-07-02T00:41:38Z
102,17,10,,,2026-07-02T00:41:38Z
102,17,11,,,2026-07-02T00:41:38Z
102,17,12,,,2026-07-02T00:41:38Z
102,17,9,,,2026-07-02T00:41:38Z
102,18,10,,,2026-07-02T00:41:38Z
102,18,11,,,2026-07-02T00:41:38Z
102,18,12,,,2026-07-02T00:41:38Z
102,18,5,,,2026-07-02T00:41:38Z
102,18,6,,,2026-07-02T00:41:38Z
102,18,7,,,2026-07-02T00:41:38Z
102,18,8,,,2026-07-02T00:41:38Z
102,18,9,,,2026-07-02T00:41:38Z
102,19,10,,,2026-07-02T00:41:38Z
102,19,11,,,2026-07-02T00:41:38Z
102,19,12,,,2026-07-02T00:41:38Z
102,19,9,,,2026-07-02T00:41:38Z
102,27,10,,,2026-07-02T00:41:38Z
102,27,11,,,2026-07-02T00:41:38Z
102,27,12,,,2026-07-02T00:41:38Z
102,27,13,,,2026-07-02T00:41:38Z
102,27,14,,,2026-07-02T00:41:38Z
102,27,15,,,2026-07-02T00:41:38Z
102,27,16,,,2026-07-02T00:41:38Z
102,27,17,,,2026-07-02T00:41:38Z
102,27,18,,,2026-07-02T00:41:38Z
102,27,19,,,2026-07-02T00:41:38Z
102,27,20,,,2026-07-02T00:41:38Z
102,27,3,,,2026-07-02T00:41:38Z
102,27,4,,,2026-07-02T00:41:38Z
102,27,5,,,2026-07-02T00:41:38Z
102,27,6,,,2026-07-02T00:41:38Z
102,27,7,,,2026-07-02T00:41:38Z
102,27,8,,,2026-07-02T00:41:38Z
102,27,9,,,2026-07-02T00:41:38Z
102,20,17,,,2026-07-02T00:41:38Z
102,20,18,,,2026-07-02T00:41:38Z
102,20,19,,,2026-07-02T00:41:38Z
102,20,20,,,2026-07-02T00:41:38Z
102,20,4,,,2026-07-02T00:41:38Z
102,20,5,,,2026-07-02T00:41:38Z
102,20,6,,,2026-07-02T00:41:38Z
102,20,7,,,2026-07-02T00:41:38Z
102,21,10,,,2026-07-02T00:41:38Z
102,21,11,,,2026-07-02T00:41:38Z
102,21,12,,,2026-07-02T00:41:38Z
102,21,13,,,2026-07-02T00:41:38Z
102,21,14,,,2026-07-02T00:41:38Z
102,21,15,,,2026-07-02T00:41:38Z
102,21,16,,,2026-07-02T00:41:38Z
102,21,2,,,2026-07-02T00:41:38Z
102,21,3,,,2026-07-02T00:41:38Z
102,21,4,,,2026-07-02T00:41:38Z
102,21,5,,,2026-07-02T00:41:38Z
102,21,6,,,2026-07-02T00:41:38Z
102,21,7,,,2026-07-02T00:41:38Z
102,21,8,,,2026-07-02T00:41:38Z
102,21,9,,,2026-07-02T00:41:38Z
102,23,13,,,2026-07-02T00:41:38Z
102,23,14,,,2026-07-02T00:41:38Z
102,23,15,,,2026-07-02T00:41:38Z
102,23,16,,,2026-07-02T00:41:38Z
102,24,10,,,2026-07-02T00:41:38Z
102,24,11,,,2026-07-02T00:41:38Z
102,24,12,,,2026-07-02T00:41:38Z
102,24,13,,,2026-07-02T00:41:38Z
102,24,14,,,2026-07-02T00:41:38Z
102,24,15,,,2026-07-02T00:41:38Z
102,24,16,,,2026-07-02T00:41:38Z
102,24,17,,,2026-07-02T00:41:38Z
102,24,18,,,2026-07-02T00:41:38Z
102,24,19,,,2026-07-02T00:41:38Z
102,24,20,,,2026-07-02T00:41:38Z
102,24,3,,,2026-07-02T00:41:38Z
102,24,4,,,2026-07-02T00:41:38Z
102,24,5,,,2026-07-02T00:41:38Z
102,24,6,,,2026-07-02T00:41:38Z
102,24,7,,,2026-07-02T00:41:38Z
102,24,8,,,2026-07-02T00:41:38Z
102,24,9,,,2026-07-02T00:41:38Z
102,25,10,,,2026-07-02T00:41:38Z
102,25,11,,,2026-07-02T00:41:38Z
102,25,12,,,2026-07-02T00:41:38Z
102,25,13,,,2026-07-02T00:41:38Z
102,25,14,,,2026-07-02T00:41:38Z
102,25,15,,,2026-07-02T00:41:38Z
102,25,16,,,2026-07-02T00:41:38Z
102,25,17,,,2026-07-02T00:41:38Z
102,25,18,,,2026-07-02T00:41:38Z
102,25,19,,,2026-07-02T00:41:38Z
102,25,20,,,2026-07-02T00:41:38Z
102,25,3,,,2026-07-02T00:41:38Z
102,25,4,,,2026-07-02T00:41:38Z
102,25,5,,,2026-07-02T00:41:38Z
102,25,6,,,2026-07-02T00:41:38Z
102,25,7,,,2026-07-02T00:41:38Z
102,25,8,,,2026-07-02T00:41:38Z
102,25,9,,,2026-07-02T00:41:38Z
102,26,10,,,2026-07-02T00:41:38Z
102,26,11,,,2026-07-02T00:41:38Z
102,26,12,,,2026-07-02T00:41:38Z
102,26,13,,,2026-07-02T00:41:38Z
102,26,14,,,2026-07-02T00:41:38Z
102,26,15,,,2026-07-02T00:41:38Z
102,26,16,,,2026-07-02T00:41:38Z
102,26,17,,,2026-07-02T00:41:38Z
102,26,18,,,2026-07-02T00:41:38Z
102,26,19,,,2026-07-02T00:41:38Z
102,26,20,,,2026-07-02T00:41:38Z
102,26,3,,,2026-07-02T00:41:38Z
102,26,4,,,2026-07-02T00:41:38Z
102,26,5,,,2026-07-02T00:41:38Z
102,26,6,,,2026-07-02T00:41:38Z
102,26,7,,,2026-07-02T00:41:38Z
102,26,8,,,2026-07-02T00:41:38Z
102,26,9,,,2026-07-02T00:41:38Z
102,28,10,,,2026-07-02T00:41:38Z
102,28,11,,,2026-07-02T00:41:38Z
102,28,12,,,2026-07-02T00:41:38Z
102,28,13,,,2026-07-02T00:41:38Z
102,28,14,,,2026-07-02T00:41:38Z
102,28,15,,,2026-07-02T00:41:38Z
102,28,16,,,2026-07-02T00:41:38Z
102,28,17,,,2026-07-02T00:41:38Z
102,28,18,,,2026-07-02T00:41:38Z
102,28,19,,,2026-07-02T00:41:38Z
102,28,20,,,2026-07-02T00:41:38Z
102,28,3,,,2026-07-02T00:41:38Z
102,28,4,,,2026-07-02T00:41:38Z
102,28,5,,,2026-07-02T00:41:38Z
102,28,6,,,2026-07-02T00:41:38Z
102,28,7,,,2026-07-02T00:41:38Z
102,28,8,,,2026-07-02T00:41:38Z
102,28,9,,,2026-07-02T00:41:38Z
102,29,10,,,2026-07-02T00:41:38Z
102,29,11,,,2026-07-02T00:41:38Z
102,29,12,,,2026-07-02T00:41:38Z
102,29,13,,,2026-07-02T00:41:38Z
102,29,14,,,2026-07-02T00:41:38Z
102,29,15,,,2026-07-02T00:41:38Z
102,29,16,,,2026-07-02T00:41:38Z
102,29,17,,,2026-07-02T00:41:38Z
102,29,18,,,2026-07-02T00:41:38Z
102,29,19,,,2026-07-02T00:41:38Z
102,29,20,,,2026-07-02T00:41:38Z
102,29,3,,,2026-07-02T00:41:38Z
102,29,4,,,2026-07-02T00:41:38Z
102,29,5,,,2026-07-02T00:41:38Z
102,29,6,,,2026-07-02T00:41:38Z
102,29,7,,,2026-07-02T00:41:38Z
102,29,8,,,2026-07-02T00:41:38Z
102,29,9,,,2026-07-02T00:41:38Z
102,37,10,,,2026-07-02T00:41:38Z
102,37,11,,,2026-07-02T00:41:38Z
102,37,12,,,2026-07-02T00:41:38Z
102,37,13,,,2026-07-02T00:41:38Z
102,37,14,,,2026-07-02T00:41:38Z
102,37,15,,,2026-07-02T00:41:38Z
102,37,16,,,2026-07-02T00:41:38Z
102,37,17,,,2026-07-02T00:41:38Z
102,37,18,,,2026-07-02T00:41:38Z
102,37,19,,,2026-07-02T00:41:38Z
102,37,20,,,2026-07-02T00:41:38Z
102,37,9,,,2026-07-02T00:41:38Z
102,30,10,,,2026-07-02T00:41:38Z
102,30,11,,,2026-07-02T00:41:38Z
102,30,12,,,2026-07-02T00:41:38Z
102,30,13,,,2026-07-02T00:41:38Z
102,30,14,,,2026-07-02T00:41:38Z
102,30,15,,,2026-07-02T00:41:38Z
102,30,16,,,2026-07-02T00:41:38Z
102,30,17,,,2026-07-02T00:41:38Z
102,30,18,,,2026-07-02T00:41:38Z
102,30,19,,,2026-07-02T00:41:38Z
102,30,20,,,2026-07-02T00:41:38Z
102,30,3,,,2026-07-02T00:41:38Z
102,30,4,,,2026-07-02T00:41:38Z
102,30,5,,,2026-07-02T00:41:38Z
102,30,6,,,2026-07-02T00:41:38Z
102,30,7,,,2026-07-02T00:41:38Z
102,30,8,,,2026-07-02T00:41:38Z
102,30,9,,,2026-07-02T00:41:38Z
102,31,10,,,2026-07-02T00:41:38Z
102,31,11,,,2026-07-02T00:41:38Z
102,31,12,,,2026-07-02T00:41:38Z
102,31,13,,,2026-07-02T00:41:38Z
102,31,14,,,2026-07-02T00:41:38Z
102,31,15,,,2026-07-02T00:41:38Z
102,31,16,,,2026-07-02T00:41:38Z
102,31,17,,,2026-07-02T00:41:38Z
102,31,18,,,2026-07-02T00:41:38Z
102,31,19,,,2026-07-02T00:41:38Z
102,31,20,,,2026-07-02T00:41:38Z
102,31,3,,,2026-07-02T00:41:38Z
102,31,4,,,2026-07-02T00:41:38Z
102,31,5,,,2026-07-02T00:41:38Z
102,31,6,,,2026-07-02T00:41:38Z
102,31,7,,,2026-07-02T00:41:38Z
102,31,8,,,2026-07-02T00:41:38Z
102,31,9,,,2026-07-02T00:41:38Z
102,32,10,,,2026-07-02T00:41:38Z
102,32,11,,,2026-07-02T00:41:38Z
102,32,12,,,2026-07-02T00:41:38Z
102,32,13,,,2026-07-02T00:41:38Z
102,32,14,,,2026-07-02T00:41:38Z
102,32,15,,,2026-07-02T00:41:38Z
102,32,16,,,2026-07-02T00:41:38Z
102,32,17,,,2026-07-02T00:41:38Z
102,32,18,,,2026-07-02T00:41:38Z
102,32,19,,,2026-07-02T00:41:38Z
102,32,20,,,2026-07-02T00:41:38Z
102,32,3,,,2026-07-02T00:41:38Z
102,32,4,,,2026-07-02T00:41:38Z
102,32,5,,,2026-07-02T00:41:38Z
102,32,6,,,2026-07-02T00:41:38Z
102,32,7,,,2026-07-02T00:41:38Z
102,32,8,,,2026-07-02T00:41:38Z
102,32,9,,,2026-07-02T00:41:38Z
102,33,10,,,2026-07-02T00:41:38Z
102,33,11,,,2026-07-02T00:41:38Z
102,33,12,,,2026-07-02T00:41:38Z
102,33,13,,,2026-07-02T00:41:38Z
102,33,14,,,2026-07-02T00:41:38Z
102,33,15,,,2026-07-02T00:41:38Z
102,33,16,,,2026-07-02T00:41:38Z
102,33,17,,,2026-07-02T00:41:38Z
102,33,18,,,2026-07-02T00:41:38Z
102,33,19,,,2026-07-02T00:41:38Z
102,33,20,,,2026-07-02T00:41:38Z
102,33,3,,,2026-07-02T00:41:38Z
102,33,4,,,2026-07-02T00:41:38Z
102,33,5,,,2026-07-02T00:41:38Z
102,33,6,,,2026-07-02T00:41:38Z
102,33,7,,,2026-07-02T00:41:38Z
102,33,8,,,2026-07-02T00:41:38Z
102,33,9,,,2026-07-02T00:41:38Z
102,34,10,,,2026-07-02T00:41:38Z
102,34,11,,,2026-07-02T00:41:38Z
102,34,12,,,2026-07-02T00:41:38Z
102,34,13,,,2026-07-02T00:41:38Z
102,34,14,,,2026-07-02T00:41:38Z
102,34,15,,,2026-07-02T00:41:38Z
102,34,16,,,2026-07-02T00:41:38Z
102,34,17,,,2026-07-02T00:41:38Z
102,34,18,,,2026-07-02T00:41:38Z
102,34,19,,,2026-07-02T00:41:38Z
102,34,20,,,2026-07-02T00:41:38Z
102,34,3,,,2026-07-02T00:41:38Z
102,34,4,,,2026-07-02T00:41:38Z
102,34,5,,,2026-07-02T00:41:38Z
102,34,6,,,2026-07-02T00:41:38Z
102,34,7,,,2026-07-02T00:41:38Z
102,34,8,,,2026-07-02T00:41:38Z
102,34,9,,,2026-07-02T00:41:38Z
102,35,10,,,2026-07-02T00:41:38Z
102,35,11,,,2026-07-02T00:41:38Z
102,35,12,,,2026-07-02T00:41:38Z
102,35,13,,,2026-07-02T00:41:38Z
102,35,14,,,2026-07-02T00:41:38Z
102,35,15,,,2026-07-02T00:41:38Z
102,35,16,,,2026-07-02T00:41:38Z
102,35,17,,,2026-07-02T00:41:38Z
102,35,18,,,2026-07-02T00:41:38Z
102,35,19,,,2026-07-02T00:41:38Z
102,35,20,,,2026-07-02T00:41:38Z
102,35,5,,,2026-07-02T00:41:38Z
102,35,6,,,2026-07-02T00:41:38Z
102,35,7,,,2026-07-02T00:41:38Z
102,35,8,,,2026-07-02T00:41:38Z
102,35,9,,,2026-07-02T00:41:38Z
102,36,10,,,2026-07-02T00:41:38Z
102,36,11,,,2026-07-02T00:41:38Z
102,36,12,,,2026-07-02T00:41:38Z
102,36,13,,,2026-07-02T00:41:38Z
102,36,14,,,2026-07-02T00:41:38Z
102,36,15,,,2026-07-02T00:41:38Z
102,36,16,,,2026-07-02T00:41:38Z
102,36,17,,,2026-07-02T00:41:38Z
102,36,18,,,2026-07-02T00:41:38Z
102,36,19,,,2026-07-02T00:41:38Z
102,36,20,,,2026-07-02T00:41:38Z
102,36,7,,,2026-07-02T00:41:38Z
102,36,8,,,2026-07-02T00:41:38Z
102,36,9,,,2026-07-02T00:41:38Z
103,18,10,,,2026-07-02T00:41:38Z
103,18,11,,,2026-07-02T00:41:38Z
103,18,12,,,2026-07-02T00:41:38Z
103,18,13,,,2026-07-02T00:41:38Z
103,18,14,,,2026-07-02T00:41:38Z
103,18,15,,,2026-07-02T00:41:38Z
103,18,16,,,2026-07-02T00:41:38Z
103,18,17,,,2026-07-02T00:41:38Z
103,18,18,,,2026-07-02T00:41:38Z
103,18,3,,,2026-07-02T00:41:38Z
103,18,4,,,2026-07-02T00:41:38Z
103,18,5,,,2026-07-02T00:41:38Z
103,18,6,,,2026-07-02T00:41:38Z
103,18,7,,,2026-07-02T00:41:38Z
103,18,8,,,2026-07-02T00:41:38Z
103,18,9,,,2026-07-02T00:41:38Z
103,19,10,,,2026-07-02T00:41:38Z
103,19,11,,,2026-07-02T00:41:38Z
103,19,12,,,2026-07-02T00:41:38Z
103,19,13,,,2026-07-02T00:41:38Z
103,19,14,,,2026-07-02T00:41:38Z
103,19,15,,,2026-07-02T00:41:38Z
103,19,16,,,2026-07-02T00:41:38Z
103,19,17,,,2026-07-02T00:41:38Z
103,19,18,,,2026-07-02T00:41:38Z
103,19,19,,,2026-07-02T00:41:38Z
103,19,2,,,2026-07-02T00:41:38Z
103,19,7,,,2026-07-02T00:41:38Z
103,19,8,,,2026-07-02T00:41:38Z
103,19,9,,,2026-07-02T00:41:38Z
103,27,10,,,2026-07-02T00:41:38Z
103,27,11,,,2026-07-02T00:41:38Z
103,27,12,,,2026-07-02T00:41:38Z
103,27,13,,,2026-07-02T00:41:38Z
103,27,14,,,2026-07-02T00:41:38Z
103,27,15,,,2026-07-02T00:41:38Z
103,27,16,,,2026-07-02T00:41:38Z
103,27,17,,,2026-07-02T00:41:38Z
103,27,18,,,2026-07-02T00:41:38Z
103,27,19,,,2026-07-02T00:41:38Z
103,27,20,,,2026-07-02T00:41:38Z
103,27,21,,,2026-07-02T00:41:38Z
103,27,22,,,2026-07-02T00:41:38Z
103,27,3,,,2026-07-02T00:41:38Z
103,27,4,,,2026-07-02T00:41:38Z
103,27,5,,,2026-07-02T00:41:38Z
103,27,6,,,2026-07-02T00:41:38Z
103,27,7,,,2026-07-02T00:41:38Z
103,27,8,,,2026-07-02T00:41:38Z
103,27,9,,,2026-07-02T00:41:38Z
103,20,1,,,2026-07-02T00:41:38Z
103,20,21,,,2026-07-02T00:41:38Z
103,20,22,,,2026-07-02T00:41:38Z
103,20,3,,,2026-07-02T00:41:38Z
103,20,4,,,2026-07-02T00:41:38Z
103,20,5,,,2026-07-02T00:41:38Z
103,20,6,,,2026-07-02T00:41:38Z
103,21,10,,,2026-07-02T00:41:38Z
103,21,11,,,2026-07-02T00:41:38Z
103,21,12,,,2026-07-02T00:41:38Z
103,21,13,,,2026-07-02T00:41:38Z
103,21,14,,,2026-07-02T00:41:38Z
103,21,15,,,2026-07-02T00:41:38Z
103,21,16,,,2026-07-02T00:41:38Z
103,21,17,,,2026-07-02T00:41:38Z
103,21,18,,,2026-07-02T00:41:38Z
103,21,19,,,2026-07-02T00:41:38Z
103,21,20,,,2026-07-02T00:41:38Z
103,21,21,,,2026-07-02T00:41:38Z
103,21,22,,,2026-07-02T00:41:38Z
103,21,3,,,2026-07-02T00:41:38Z
103,21,4,,,2026-07-02T00:41:38Z
103,21,5,,,2026-07-02T00:41:38Z
103,21,6,,,2026-07-02T00:41:38Z
103,21,7,,,2026-07-02T00:41:38Z
103,21,8,,,2026-07-02T00:41:38Z
103,21,9,,,2026-07-02T00:41:38Z
103,22,10,,,2026-07-02T00:41:38Z
103,22,11,,,2026-07-02T00:41:38Z
103,22,12,,,2026-07-02T00:41:38Z
103,22,13,,,2026-07-02T00:41:38Z
103,22,14,,,2026-07-02T00:41:38Z
103,22,15,,,2026-07-02T00:41:38Z
103,22,16,,,2026-07-02T00:41:38Z
103,22,17,,,2026-07-02T00:41:38Z
103,22,18,,,2026-07-02T00:41:38Z
103,22,19,,,2026-07-02T00:41:38Z
103,22,20,,,2026-07-02T00:41:38Z
103,22,21,,,2026-07-02T00:41:38Z
103,22,22,,,2026-07-02T00:41:38Z
103,22,3,,,2026-07-02T00:41:38Z
103,22,4,,,2026-07-02T00:41:38Z
103,22,5,,,2026-07-02T00:41:38Z
103,22,6,,,2026-07-02T00:41:38Z
103,22,7,,,2026-07-02T00:41:38Z
103,22,8,,,2026-07-02T00:41:38Z
103,22,9,,,2026-07-02T00:41:38Z
103,23,10,,,2026-07-02T00:41:38Z
103,23,11,,,2026-07-02T00:41:38Z
103,23,12,,,2026-07-02T00:41:38Z
103,23,13,,,2026-07-02T00:41:38Z
103,23,14,,,2026-07-02T00:41:38Z
103,23,15,,,2026-07-02T00:41:38Z
103,23,16,,,2026-07-02T00:41:38Z
103,23,17,,,2026-07-02T00:41:38Z
103,23,18,,,2026-07-02T00:41:38Z
103,23,19,,,2026-07-02T00:41:38Z
103,23,20,,,2026-07-02T00:41:38Z
103,23,21,,,2026-07-02T00:41:38Z
103,23,22,,,2026-07-02T00:41:38Z
103,23,3,,,2026-07-02T00:41:38Z
103,23,4,,,2026-07-02T00:41:38Z
103,23,5,,,2026-07-02T00:41:38Z
103,23,6,,,2026-07-02T00:41:38Z
103,23,7,,,2026-07-02T00:41:38Z
103,23,8,,,2026-07-02T00:41:38Z
103,23,9,,,2026-07-02T00:41:38Z
103,24,10,,,2026-07-02T00:41:38Z
103,24,11,,,2026-07-02T00:41:38Z
103,24,12,,,2026-07-02T00:41:38Z
103,24,13,,,2026-07-02T00:41:38Z
103,24,14,,,2026-07-02T00:41:38Z
103,24,15,,,2026-07-02T00:41:38Z
103,24,16,,,2026-07-02T00:41:38Z
103,24,17,,,2026-07-02T00:41:38Z
103,24,18,,,2026-07-02T00:41:38Z
103,24,19,,,2026-07-02T00:41:38Z
103,24,20,,,2026-07-02T00:41:38Z
103,24,21,,,2026-07-02T00:41:38Z
103,24,22,,,2026-07-02T00:41:38Z
103,24,3,,,2026-07-02T00:41:38Z
103,24,4,,,2026-07-02T00:41:38Z
103,24,5,,,2026-07-02T00:41:38Z
103,24,6,,,2026-07-02T00:41:38Z
103,24,7,,,2026-07-02T00:41:38Z
103,24,8,,,2026-07-02T00:41:38Z
103,24,9,,,2026-07-02T00:41:38Z
103,25,10,,,2026-07-02T00:41:38Z
103,25,11,,,2026-07-02T00:41:38Z
103,25,12,,,2026-07-02T00:41:38Z
103,25,13,,,2026-07-02T00:41:38Z
103,25,14,,,2026-07-02T00:41:38Z
103,25,15,,,2026-07-02T00:41:38Z
103,25,16,,,2026-07-02T00:41:38Z
103,25,17,,,2026-07-02T00:41:38Z
103,25,18,,,2026-07-02T00:41:38Z
103,25,19,,,2026-07-02T00:41:38Z
103,25,20,,,2026-07-02T00:41:38Z
103,25,21,,,2026-07-02T00:41:38Z
103,25,22,,,2026-07-02T00:41:38Z
103,25,3,,,2026-07-02T00:41:38Z
103,25,4,,,2026-07-02T00:41:38Z
103,25,5,,,2026-07-02T00:41:38Z
103,25,6,,,2026-07-02T00:41:38Z
103,25,7,,,2026-07-02T00:41:38Z
103,25,8,,,2026-07-02T00:41:38Z
103,25,9,,,2026-07-02T00:41:38Z
103,26,10,,,2026-07-02T00:41:38Z
103,26,11,,,2026-07-02T00:41:38Z
103,26,12,,,2026-07-02T00:41:38Z
103,26,13,,,2026-07-02T00:41:38Z
103,26,14,,,2026-07-02T00:41:38Z
103,26,15,,,2026-07-02T00:41:38Z
103,26,16,,,2026-07-02T00:41:38Z
103,26,17,,,2026-07-02T00:41:38Z
103,26,18,,,2026-07-02T00:41:38Z
103,26,19,,,2026-07-02T00:41:38Z
103,26,20,,,2026-07-02T00:41:38Z
103,26,21,,,2026-07-02T00:41:38Z
103,26,22,,,2026-07-02T00:41:38Z
103,26,3,,,2026-07-02T00:41:38Z
103,26,4,,,2026-07-02T00:41:38Z
103,26,5,,,2026-07-02T00:41:38Z
103,26,6,,,2026-07-02T00:41:38Z
103,26,7,,,2026-07-02T00:41:38Z
103,26,8,,,2026-07-02T00:41:38Z
103,26,9,,,2026-07-02T00:41:38Z
103,28,10,,,2026-07-02T00:41:38Z
103,28,11,,,2026-07-02T00:41:38Z
103,28,12,,,2026-07-02T00:41:38Z
103,28,13,,,2026-07-02T00:41:38Z
103,28,14,,,2026-07-02T00:41:38Z
103,28,15,,,2026-07-02T00:41:38Z
103,28,16,,,2026-07-02T00:41:38Z
103,28,17,,,2026-07-02T00:41:38Z
103,28,18,,,2026-07-02T00:41:38Z
103,28,19,,,2026-07-02T00:41:38Z
103,28,20,,,2026-07-02T00:41:38Z
103,28,21,,,2026-07-02T00:41:38Z
103,28,22,,,2026-07-02T00:41:38Z
103,28,3,,,2026-07-02T00:41:38Z
103,28,4,,,2026-07-02T00:41:38Z
103,28,5,,,2026-07-02T00:41:38Z
103,28,6,,,2026-07-02T00:41:38Z
103,28,7,,,2026-07-02T00:41:38Z
103,28,8,,,2026-07-02T00:41:38Z
103,28,9,,,2026-07-02T00:41:38Z
103,29,10,,,2026-07-02T00:41:38Z
103,29,11,,,2026-07-02T00:41:38Z
103,29,12,,,2026-07-02T00:41:38Z
103,29,13,,,2026-07-02T00:41:38Z
103,29,14,,,2026-07-02T00:41:38Z
103,29,15,,,2026-07-02T00:41:38Z
103,29,16,,,2026-07-02T00:41:38Z
103,29,17,,,2026-07-02T00:41:38Z
103,29,18,,,2026-07-02T00:41:38Z
103,29,19,,,2026-07-02T00:41:38Z
103,29,20,,,2026-07-02T00:41:38Z
103,29,21,,,2026-07-02T00:41:38Z
103,29,22,,,2026-07-02T00:41:38Z
103,29,3,,,2026-07-02T00:41:38Z
103,29,4,,,2026-07-02T00:41:38Z
103,29,5,,,2026-07-02T00:41:38Z
103,29,6,,,2026-07-02T00:41:38Z
103,29,7,,,2026-07-02T00:41:38Z
103,29,8,,,2026-07-02T00:41:38Z
103,29,9,,,2026-07-02T00:41:38Z
103,37,10,,,2026-07-02T00:41:38Z
103,37,11,,,2026-07-02T00:41:38Z
103,37,12,,,2026-07-02T00:41:38Z
103,37,13,,,2026-07-02T00:41:38Z
103,37,14,,,2026-07-02T00:41:38Z
103,37,15,,,2026-07-02T00:41:38Z
103,37,16,,,2026-07-02T00:41:38Z
103,37,17,,,2026-07-02T00:41:38Z
103,37,18,,,2026-07-02T00:41:38Z
103,37,19,,,2026-07-02T00:41:38Z
103,37,20,,,2026-07-02T00:41:38Z
103,37,21,,,2026-07-02T00:41:38Z
103,37,22,,,2026-07-02T00:41:38Z
103,37,3,,,2026-07-02T00:41:38Z
103,37,4,,,2026-07-02T00:41:38Z
103,37,5,,,2026-07-02T00:41:38Z
103,37,6,,,2026-07-02T00:41:38Z
103,37,7,,,2026-07-02T00:41:38Z
103,37,8,,,2026-07-02T00:41:38Z
103,37,9,,,2026-07-02T00:41:38Z
103,30,10,,,2026-07-02T00:41:38Z
103,30,11,,,2026-07-02T00:41:38Z
103,30,12,,,2026-07-02T00:41:38Z
103,30,13,,,2026-07-02T00:41:38Z
103,30,14,,,2026-07-02T00:41:38Z
103,30,15,,,2026-07-02T00:41:38Z
103,30,16,,,2026-07-02T00:41:38Z
103,30,17,,,2026-07-02T00:41:38Z
103,30,18,,,2026-07-02T00:41:38Z
103,30,19,,,2026-07-02T00:41:38Z
103,30,20,,,2026-07-02T00:41:38Z
103,30,21,,,2026-07-02T00:41:38Z
103,30,22,,,2026-07-02T00:41:38Z
103,30,3,,,2026-07-02T00:41:38Z
103,30,4,,,2026-07-02T00:41:38Z
103,30,5,,,2026-07-02T00:41:38Z
103,30,6,,,2026-07-02T00:41:38Z
103,30,7,,,2026-07-02T00:41:38Z
103,30,8,,,2026-07-02T00:41:38Z
103,30,9,,,2026-07-02T00:41:38Z
103,31,10,,,2026-07-02T00:41:38Z
103,31,11,,,2026-07-02T00:41:38Z
103,31,12,,,2026-07-02T00:41:38Z
103,31,13,,,2026-07-02T00:41:38Z
103,31,14,,,2026-07-02T00:41:38Z
103,31,15,,,2026-07-02T00:41:38Z
103,31,16,,,2026-07-02T00:41:38Z
103,31,17,,,2026-07-02T00:41:38Z
103,31,18,,,2026-07-02T00:41:38Z
103,31,19,,,2026-07-02T00:41:38Z
103,31,20,,,2026-07-02T00:41:38Z
103,31,21,,,2026-07-02T00:41:38Z
103,31,22,,,2026-07-02T00:41:38Z
103,31,3,,,2026-07-02T00:41:38Z
103,31,4,,,2026-07-02T00:41:38Z
103,31,5,,,2026-07-02T00:41:38Z
103,31,6,,,2026-07-02T00:41:38Z
103,31,7,,,2026-07-02T00:41:38Z
103,31,8,,,2026-07-02T00:41:38Z
103,31,9,,,2026-07-02T00:41:38Z
103,32,10,,,2026-07-02T00:41:38Z
103,32,11,,,2026-07-02T00:41:38Z
103,32,12,,,2026-07-02T00:41:38Z
103,32,13,,,2026-07-02T00:41:38Z
103,32,14,,,2026-07-02T00:41:38Z
103,32,15,,,2026-07-02T00:41:38Z
103,32,16,,,2026-07-02T00:41:38Z
103,32,17,,,2026-07-02T00:41:38Z
103,32,18,,,2026-07-02T00:41:38Z
103,32,19,,,2026-07-02T00:41:38Z
103,32,20,,,2026-07-02T00:41:38Z
103,32,21,,,2026-07-02T00:41:38Z
103,32,22,,,2026-07-02T00:41:38Z
103,32,3,,,2026-07-02T00:41:38Z
103,32,4,,,2026-07-02T00:41:38Z
103,32,5,,,2026-07-02T00:41:38Z
103,32,6,,,2026-07-02T00:41:38Z
103,32,7,,,2026-07-02T00:41:38Z
103,32,8,,,2026-07-02T00:41:38Z
103,32,9,,,2026-07-02T00:41:38Z
103,33,10,,,2026-07-02T00:41:38Z
103,33,11,,,2026-07-02T00:41:38Z
103,33,12,,,2026-07-02T00:41:38Z
103,33,13,,,2026-07-02T00:41:38Z
103,33,14,,,2026-07-02T00:41:38Z
103,33,15,,,2026-07-02T00:41:38Z
103,33,16,,,2026-07-02T00:41:38Z
103,33,17,,,2026-07-02T00:41:38Z
103,33,18,,,2026-07-02T00:41:38Z
103,33,19,,,2026-07-02T00:41:38Z
103,33,20,,,2026-07-02T00:41:38Z
103,33,21,,,2026-07-02T00:41:38Z
103,33,22,,,2026-07-02T00:41:38Z
103,33,3,,,2026-07-02T00:41:38Z
103,33,4,,,2026-07-02T00:41:38Z
103,33,5,,,2026-07-02T00:41:38Z
103,33,6,,,2026-07-02T00:41:38Z
103,33,7,,,2026-07-02T00:41:38Z
103,33,8,,,2026-07-02T00:41:38Z
103,33,9,,,2026-07-02T00:41:38Z
103,34,10,,,2026-07-02T00:41:38Z
103,34,11,,,2026-07-02T00:41:38Z
103,34,12,,,2026-07-02T00:41:38Z
103,34,13,,,2026-07-02T00:41:38Z
103,34,14,,,2026-07-02T00:41:38Z
103,34,15,,,2026-07-02T00:41:38Z
103,34,16,,,2026-07-02T00:41:38Z
103,34,17,,,2026-07-02T00:41:38Z
103,34,18,,,2026-07-02T00:41:38Z
103,34,19,,,2026-07-02T00:41:38Z
103,34,20,,,2026-07-02T00:41:38Z
103,34,21,,,2026-07-02T00:41:38Z
103,34,22,,,2026-07-02T00:41:38Z
103,34,3,,,2026-07-02T00:41:38Z
103,34,4,,,2026-07-02T00:41:38Z
103,34,5,,,2026-07-02T00:41:38Z
103,34,6,,,2026-07-02T00:41:38Z
103,34,7,,,2026-07-02T00:41:38Z
103,34,8,,,2026-07-02T00:41:38Z
103,34,9,,,2026-07-02T00:41:38Z
103,35,10,,,2026-07-02T00:41:38Z
103,35,11,,,2026-07-02T00:41:38Z
103,35,12,,,2026-07-02T00:41:38Z
103,35,13,,,2026-07-02T00:41:38Z
103,35,14,,,2026-07-02T00:41:38Z
103,35,15,,,2026-07-02T00:41:38Z
103,35,16,,,2026-07-02T00:41:38Z
103,35,17,,,2026-07-02T00:41:38Z
103,35,18,,,2026-07-02T00:41:38Z
103,35,19,,,2026-07-02T00:41:38Z
103,35,20,,,2026-07-02T00:41:38Z
103,35,21,,,2026-07-02T00:41:38Z
103,35,22,,,2026-07-02T00:41:38Z
103,35,3,,,2026-07-02T00:41:38Z
103,35,4,,,2026-07-02T00:41:38Z
103,35,5,,,2026-07-02T00:41:38Z
103,35,6,,,2026-07-02T00:41:38Z
103,35,7,,,2026-07-02T00:41:38Z
103,35,8,,,2026-07-02T00:41:38Z
103,35,9,,,2026-07-02T00:41:38Z
103,36,10,,,2026-07-02T00:41:38Z
103,36,11,,,2026-07-02T00:41:38Z
103,36,12,,,2026-07-02T00:41:38Z
103,36,13,,,2026-07-02T00:41:38Z
103,36,14,,,2026-07-02T00:41:38Z
103,36,15,,,2026-07-02T00:41:38Z
103,36,16,,,2026-07-02T00:41:38Z
103,36,17,,,2026-07-02T00:41:38Z
103,36,18,,,2026-07-02T00:41:38Z
103,36,19,,,2026-07-02T00:41:38Z
103,36,20,,,2026-07-02T00:41:38Z
103,36,21,,,2026-07-02T00:41:38Z
103,36,22,,,2026-07-02T00:41:38Z
103,36,3,,,2026-07-02T00:41:38Z
103,36,4,,,2026-07-02T00:41:38Z
103,36,5,,,2026-07-02T00:41:38Z
103,36,6,,,2026-07-02T00:41:38Z
103,36,7,,,2026-07-02T00:41:38Z
103,36,8,,,2026-07-02T00:41:38Z
103,36,9,,,2026-07-02T00:41:38Z
103,38,10,,,2026-07-02T00:41:38Z
103,38,11,,,2026-07-02T00:41:38Z
103,38,12,,,2026-07-02T00:41:38Z
103,38,13,,,2026-07-02T00:41:38Z
103,38,14,,,2026-07-02T00:41:38Z
103,38,15,,,2026-07-02T00:41:38Z
103,38,16,,,2026-07-02T00:41:38Z
103,38,17,,,2026-07-02T00:41:38Z
103,38,18,,,2026-07-02T00:41:38Z
103,38,19,,,2026-07-02T00:41:38Z
103,38,20,,,2026-07-02T00:41:38Z
103,38,21,,,2026-07-02T00:41:38Z
103,38,22,,,2026-07-02T00:41:38Z
103,38,3,,,2026-07-02T00:41:38Z
103,38,4,,,2026-07-02T00:41:38Z
103,38,5,,,2026-07-02T00:41:38Z
103,38,6,,,2026-07-02T00:41:38Z
103,38,7,,,2026-07-02T00:41:38Z
103,38,8,,,2026-07-02T00:41:38Z
103,38,9,,,2026-07-02T00:41:38Z
103W,40,1,,,2026-07-02T00:41:38Z
103W,40,10,,,2026-07-02T00:41:38Z
103W,40,11,,,2026-07-02T00:41:38Z
103W,40,12,,,2026-07-02T00:41:38Z
103W,40,2,,,2026-07-02T00:41:38Z
103W,40,3,,,2026-07-02T00:41:38Z
103W,40,4,,,2026-07-02T00:41:38Z
103W,40,5,,,2026-07-02T00:41:38Z
103W,40,6,,,2026-07-02T00:41:38Z
103W,40,7,,,2026-07-02T00:41:38Z
103W,40,8,,,2026-07-02T00:41:38Z
103W,40,9,,,2026-07-02T00:41:38Z
104,17,10,,,2026-07-02T00:41:38Z
104,17,11,,,2026-07-02T00:41:38Z
104,17,12,,,2026-07-02T00:41:38Z
104,17,13,,,2026-07-02T00:41:38Z
104,17,14,,,2026-07-02T00:41:38Z
104,17,15,,,2026-07-02T00:41:38Z
104,17,16,,,2026-07-02T00:41:38Z
104,17,3,,,2026-07-02T00:41:38Z
104,17,4,,,2026-07-02T00:41:38Z
104,17,5,,,2026-07-02T00:41:38Z
104,17,6,,,2026-07-02T00:41:38Z
104,17,7,,,2026-07-02T00:41:38Z
104,17,8,,,2026-07-02T00:41:38Z
104,17,9,,,2026-07-02T00:41:38Z
104,18,10,,,2026-07-02T00:41:38Z
104,18,11,,,2026-07-02T00:41:38Z
104,18,12,,,2026-07-02T00:41:38Z
104,18,13,,,2026-07-02T00:41:38Z
104,18,14,,,2026-07-02T00:41:38Z
104,18,19,,,2026-07-02T00:41:38Z
104,18,20,,,2026-07-02T00:41:38Z
104,18,7,,,2026-07-02T00:41:38Z
104,18,8,,,2026-07-02T00:41:38Z
104,18,9,,,2026-07-02T00:41:38Z
104,19,10,,,2026-07-02T00:41:38Z
104,19,11,,,2026-07-02T00:41:38Z
104,19,12,,,2026-07-02T00:41:38Z
104,19,13,,,2026-07-02T00:41:38Z
104,19,14,,,2026-07-02T00:41:38Z
104,19,15,,,2026-07-02T00:41:38Z
104,19,16,,,2026-07-02T00:41:38Z
104,19,17,,,2026-07-02T00:41:38Z
104,19,18,,,2026-07-02T00:41:38Z
104,19,19,,,2026-07-02T00:41:38Z
104,19,2,,,2026-07-02T00:41:38Z
104,19,3,,,2026-07-02T00:41:38Z
104,19,4,,,2026-07-02T00:41:38Z
104,19,5,,,2026-07-02T00:41:38Z
104,19,6,,,2026-07-02T00:41:38Z
104,19,7,,,2026-07-02T00:41:38Z
104,19,8,,,2026-07-02T00:41:38Z
104,19,9,,,2026-07-02T00:41:38Z
104,27,10,,,2026-07-02T00:41:38Z
104,27,11,,,2026-07-02T00:41:38Z
104,27,12,,,2026-07-02T00:41:38Z
104,27,13,,,2026-07-02T00:41:38Z
104,27,14,,,2026-07-02T00:41:38Z
104,27,15,,,2026-07-02T00:41:38Z
104,27,16,,,2026-07-02T00:41:38Z
104,27,17,,,2026-07-02T00:41:38Z
104,27,18,,,2026-07-02T00:41:38Z
104,27,19,,,2026-07-02T00:41:38Z
104,27,20,,,2026-07-02T00:41:38Z
104,27,21,,,2026-07-02T00:41:38Z
104,27,22,,,2026-07-02T00:41:38Z
104,27,3,,,2026-07-02T00:41:38Z
104,27,4,,,2026-07-02T00:41:38Z
104,27,5,,,2026-07-02T00:41:38Z
104,27,6,,,2026-07-02T00:41:38Z
104,27,7,,,2026-07-02T00:41:38Z
104,27,8,,,2026-07-02T00:41:38Z
104,27,9,,,2026-07-02T00:41:38Z
104,20,10,,,2026-07-02T00:41:38Z
104,20,11,,,2026-07-02T00:41:38Z
104,20,12,,,2026-07-02T00:41:38Z
104,20,13,,,2026-07-02T00:41:38Z
104,20,14,,,2026-07-02T00:41:38Z
104,20,15,,,2026-07-02T00:41:38Z
104,20,16,,,2026-07-02T00:41:38Z
104,20,17,,,2026-07-02T00:41:38Z
104,20,18,,,2026-07-02T00:41:38Z
104,20,19,,,2026-07-02T00:41:38Z
104,20,20,,,2026-07-02T00:41:38Z
104,20,21,,,2026-07-02T00:41:38Z
104,20,22,,,2026-07-02T00:41:38Z
104,20,3,,,2026-07-02T00:41:38Z
104,20,4,,,2026-07-02T00:41:38Z
104,20,5,,,2026-07-02T00:41:38Z
104,20,6,,,2026-07-02T00:41:38Z
104,20,7,,,2026-07-02T00:41:38Z
104,20,8,,,2026-07-02T00:41:38Z
104,20,9,,,2026-07-02T00:41:38Z
104,21,10,,,2026-07-02T00:41:38Z
104,21,11,,,2026-07-02T00:41:38Z
104,21,12,,,2026-07-02T00:41:38Z
104,21,13,,,2026-07-02T00:41:38Z
104,21,14,,,2026-07-02T00:41:38Z
104,21,15,,,2026-07-02T00:41:38Z
104,21,16,,,2026-07-02T00:41:38Z
104,21,17,,,2026-07-02T00:41:38Z
104,21,18,,,2026-07-02T00:41:38Z
104,21,19,,,2026-07-02T00:41:38Z
104,21,20,,,2026-07-02T00:41:38Z
104,21,21,,,2026-07-02T00:41:38Z
104,21,22,,,2026-07-02T00:41:38Z
104,21,3,,,2026-07-02T00:41:38Z
104,21,4,,,2026-07-02T00:41:38Z
104,21,5,,,2026-07-02T00:41:38Z
104,21,6,,,2026-07-02T00:41:38Z
104,21,7,,,2026-07-02T00:41:38Z
104,21,8,,,2026-07-02T00:41:38Z
104,21,9,,,2026-07-02T00:41:38Z
104,22,10,,,2026-07-02T00:41:38Z
104,22,11,,,2026-07-02T00:41:38Z
104,22,12,,,2026-07-02T00:41:38Z
104,22,13,,,2026-07-02T00:41:38Z
104,22,14,,,2026-07-02T00:41:38Z
104,22,15,,,2026-07-02T00:41:38Z
104,22,16,,,2026-07-02T00:41:38Z
104,22,17,,,2026-07-02T00:41:38Z
104,22,18,,,2026-07-02T00:41:38Z
104,22,19,,,2026-07-02T00:41:38Z
104,22,20,,,2026-07-02T00:41:38Z
104,22,21,,,2026-07-02T00:41:38Z
104,22,22,,,2026-07-02T00:41:38Z
104,22,3,,,2026-07-02T00:41:38Z
104,22,4,,,2026-07-02T00:41:38Z
104,22,5,,,2026-07-02T00:41:38Z
104,22,6,,,2026-07-02T00:41:38Z
104,22,7,,,2026-07-02T00:41:38Z
104,22,8,,,2026-07-02T00:41:38Z
104,22,9,,,2026-07-02T00:41:38Z
104,23,1,,,2026-07-02T00:41:38Z
104,23,2,,,2026-07-02T00:41:38Z
104,24,10,,,2026-07-02T00:41:38Z
104,24,11,,,2026-07-02T00:41:38Z
104,24,12,,,2026-07-02T00:41:38Z
104,24,13,,,2026-07-02T00:41:38Z
104,24,14,,,2026-07-02T00:41:38Z
104,24,15,,,2026-07-02T00:41:38Z
104,24,16,,,2026-07-02T00:41:38Z
104,24,17,,,2026-07-02T00:41:38Z
104,24,18,,,2026-07-02T00:41:38Z
104,24,19,,,2026-07-02T00:41:38Z
104,24,20,,,2026-07-02T00:41:38Z
104,24,21,,,2026-07-02T00:41:38Z
104,24,22,,,2026-07-02T00:41:38Z
104,24,3,,,2026-07-02T00:41:38Z
104,24,4,,,2026-07-02T00:41:38Z
104,24,5,,,2026-07-02T00:41:38Z
104,24,6,,,2026-07-02T00:41:38Z
104,24,7,,,2026-07-02T00:41:38Z
104,24,8,,,2026-07-02T00:41:38Z
104,24,9,,,2026-07-02T00:41:38Z
104,25,10,,,2026-07-02T00:41:38Z
104,25,11,,,2026-07-02T00:41:38Z
104,25,12,,,2026-07-02T00:41:38Z
104,25,13,,,2026-07-02T00:41:38Z
104,25,14,,,2026-07-02T00:41:38Z
104,25,15,,,2026-07-02T00:41:38Z
104,25,16,,,2026-07-02T00:41:38Z
104,25,17,,,2026-07-02T00:41:38Z
104,25,18,,,2026-07-02T00:41:38Z
104,25,19,,,2026-07-02T00:41:38Z
104,25,20,,,2026-07-02T00:41:38Z
104,25,21,,,2026-07-02T00:41:38Z
104,25,22,,,2026-07-02T00:41:38Z
104,25,3,,,2026-07-02T00:41:38Z
104,25,4,,,2026-07-02T00:41:38Z
104,25,5,,,2026-07-02T00:41:38Z
104,25,6,,,2026-07-02T00:41:38Z
104,25,7,,,2026-07-02T00:41:38Z
104,25,8,,,2026-07-02T00:41:38Z
104,25,9,,,2026-07-02T00:41:38Z
104,26,10,,,2026-07-02T00:41:38Z
104,26,11,,,2026-07-02T00:41:38Z
104,26,12,,,2026-07-02T00:41:38Z
104,26,13,,,2026-07-02T00:41:38Z
104,26,14,,,2026-07-02T00:41:38Z
104,26,15,,,2026-07-02T00:41:38Z
104,26,16,,,2026-07-02T00:41:38Z
104,26,17,,,2026-07-02T00:41:38Z
104,26,18,,,2026-07-02T00:41:38Z
104,26,19,,,2026-07-02T00:41:38Z
104,26,20,,,2026-07-02T00:41:38Z
104,26,21,,,2026-07-02T00:41:38Z
104,26,22,,,2026-07-02T00:41:38Z
104,26,3,,,2026-07-02T00:41:38Z
104,26,4,,,2026-07-02T00:41:38Z
104,26,5,,,2026-07-02T00:41:38Z
104,26,6,,,2026-07-02T00:41:38Z
104,26,7,,,2026-07-02T00:41:38Z
104,26,8,,,2026-07-02T00:41:38Z
104,26,9,,,2026-07-02T00:41:38Z
104,28,10,,,2026-07-02T00:41:38Z
104,28,11,,,2026-07-02T00:41:38Z
104,28,12,,,2026-07-02T00:41:38Z
104,28,13,,,2026-07-02T00:41:38Z
104,28,14,,,2026-07-02T00:41:38Z
104,28,15,,,2026-07-02T00:41:38Z
104,28,16,,,2026-07-02T00:41:38Z
104,28,17,,,2026-07-02T00:41:38Z
104,28,18,,,2026-07-02T00:41:38Z
104,28,19,,,2026-07-02T00:41:38Z
104,28,20,,,2026-07-02T00:41:38Z
104,28,21,,,2026-07-02T00:41:38Z
104,28,22,,,2026-07-02T00:41:38Z
104,28,3,,,2026-07-02T00:41:38Z
104,28,4,,,2026-07-02T00:41:38Z
104,28,5,,,2026-07-02T00:41:38Z
104,28,6,,,2026-07-02T00:41:38Z
104,28,7,,,2026-07-02T00:41:38Z
104,28,8,,,2026-07-02T00:41:38Z
104,28,9,,,2026-07-02T00:41:38Z
104,29,10,,,2026-07-02T00:41:38Z
104,29,11,,,2026-07-02T00:41:38Z
104,29,12,,,2026-07-02T00:41:38Z
104,29,13,,,2026-07-02T00:41:38Z
104,29,14,,,2026-07-02T00:41:38Z
104,29,15,,,2026-07-02T00:41:38Z
104,29,16,,,2026-07-02T00:41:38Z
104,29,17,,,2026-07-02T00:41:38Z
104,29,18,,,2026-07-02T00:41:38Z
104,29,19,,,2026-07-02T00:41:38Z
104,29,20,,,2026-07-02T00:41:38Z
104,29,21,,,2026-07-02T00:41:38Z
104,29,22,,,2026-07-02T00:41:38Z
104,29,3,,,2026-07-02T00:41:38Z
104,29,4,,,2026-07-02T00:41:38Z
104,29,5,,,2026-07-02T00:41:38Z
104,29,6,,,2026-07-02T00:41:38Z
104,29,7,,,2026-07-02T00:41:38Z
104,29,8,,,2026-07-02T00:41:38Z
104,29,9,,,2026-07-02T00:41:38Z
104,37,10,,,2026-07-02T00:41:38Z
104,37,11,,,2026-07-02T00:41:38Z
104,37,12,,,2026-07-02T00:41:38Z
104,37,13,,,2026-07-02T00:41:38Z
104,37,14,,,2026-07-02T00:41:38Z
104,37,15,,,2026-07-02T00:41:38Z
104,37,16,,,2026-07-02T00:41:38Z
104,37,17,,,2026-07-02T00:41:38Z
104,37,18,,,2026-07-02T00:41:38Z
104,37,19,,,2026-07-02T00:41:38Z
104,37,20,,,2026-07-02T00:41:38Z
104,37,21,,,2026-07-02T00:41:38Z
104,37,22,,,2026-07-02T00:41:38Z
104,37,3,,,2026-07-02T00:41:38Z
104,37,4,,,2026-07-02T00:41:38Z
104,37,5,,,2026-07-02T00:41:38Z
104,37,6,,,2026-07-02T00:41:38Z
104,37,7,,,2026-07-02T00:41:38Z
104,37,8,,,2026-07-02T00:41:38Z
104,37,9,,,2026-07-02T00:41:38Z
104,30,10,,,2026-07-02T00:41:38Z
104,30,11,,,2026-07-02T00:41:38Z
104,30,12,,,2026-07-02T00:41:38Z
104,30,13,,,2026-07-02T00:41:38Z
104,30,14,,,2026-07-02T00:41:38Z
104,30,15,,,2026-07-02T00:41:38Z
104,30,16,,,2026-07-02T00:41:38Z
104,30,17,,,2026-07-02T00:41:38Z
104,30,18,,,2026-07-02T00:41:38Z
104,30,19,,,2026-07-02T00:41:38Z
104,30,20,,,2026-07-02T00:41:38Z
104,30,21,,,2026-07-02T00:41:38Z
104,30,22,,,2026-07-02T00:41:38Z
104,30,3,,,2026-07-02T00:41:38Z
104,30,4,,,2026-07-02T00:41:38Z
104,30,5,,,2026-07-02T00:41:38Z
104,30,6,,,2026-07-02T00:41:38Z
104,30,7,,,2026-07-02T00:41:38Z
104,30,8,,,2026-07-02T00:41:38Z
104,30,9,,,2026-07-02T00:41:38Z
104,31,10,,,2026-07-02T00:41:38Z
104,31,11,,,2026-07-02T00:41:38Z
104,31,12,,,2026-07-02T00:41:38Z
104,31,13,,,2026-07-02T00:41:38Z
104,31,14,,,2026-07-02T00:41:38Z
104,31,15,,,2026-07-02T00:41:38Z
104,31,16,,,2026-07-02T00:41:38Z
104,31,17,,,2026-07-02T00:41:38Z
104,31,18,,,2026-07-02T00:41:38Z
104,31,19,,,2026-07-02T00:41:38Z
104,31,20,,,2026-07-02T00:41:38Z
104,31,21,,,2026-07-02T00:41:38Z
104,31,22,,,2026-07-02T00:41:38Z
104,31,3,,,2026-07-02T00:41:38Z
104,31,4,,,2026-07-02T00:41:38Z
104,31,5,,,2026-07-02T00:41:38Z
104,31,6,,,2026-07-02T00:41:38Z
104,31,7,,,2026-07-02T00:41:38Z
104,31,8,,,2026-07-02T00:41:38Z
104,31,9,,,2026-07-02T00:41:38Z
104,32,10,,,2026-07-02T00:41:38Z
104,32,11,,,2026-07-02T00:41:38Z
104,32,12,,,2026-07-02T00:41:38Z
104,32,13,,,2026-07-02T00:41:38Z
104,32,14,,,2026-07-02T00:41:38Z
104,32,15,,,2026-07-02T00:41:38Z
104,32,16,,,2026-07-02T00:41:38Z
104,32,17,,,2026-07-02T00:41:38Z
104,32,18,,,2026-07-02T00:41:38Z
104,32,19,,,2026-07-02T00:41:38Z
104,32,20,,,2026-07-02T00:41:38Z
104,32,21,,,2026-07-02T00:41:38Z
104,32,22,,,2026-07-02T00:41:38Z
104,32,3,,,2026-07-02T00:41:38Z
104,32,4,,,2026-07-02T00:41:38Z
104,32,5,,,2026-07-02T00:41:38Z
104,32,6,,,2026-07-02T00:41:38Z
104,32,7,,,2026-07-02T00:41:38Z
104,32,8,,,2026-07-02T00:41:38Z
104,32,9,,,2026-07-02T00:41:38Z
104,33,10,,,2026-07-02T00:41:38Z
104,33,11,,,2026-07-02T00:41:38Z
104,33,12,,,2026-07-02T00:41:38Z
104,33,13,,,2026-07-02T00:41:38Z
104,33,14,,,2026-07-02T00:41:38Z
104,33,15,,,2026-07-02T00:41:38Z
104,33,16,,,2026-07-02T00:41:38Z
104,33,17,,,2026-07-02T00:41:38Z
104,33,18,,,2026-07-02T00:41:38Z
104,33,19,,,2026-07-02T00:41:38Z
104,33,20,,,2026-07-02T00:41:38Z
104,33,21,,,2026-07-02T00:41:38Z
104,33,22,,,2026-07-02T00:41:38Z
104,33,3,,,2026-07-02T00:41:38Z
104,33,4,,,2026-07-02T00:41:38Z
104,33,5,,,2026-07-02T00:41:38Z
104,33,6,,,2026-07-02T00:41:38Z
104,33,7,,,2026-07-02T00:41:38Z
104,33,8,,,2026-07-02T00:41:38Z
104,33,9,,,2026-07-02T00:41:38Z
104,34,10,,,2026-07-02T00:41:38Z
104,34,11,,,2026-07-02T00:41:38Z
104,34,12,,,2026-07-02T00:41:38Z
104,34,13,,,2026-07-02T00:41:38Z
104,34,14,,,2026-07-02T00:41:38Z
104,34,15,,,2026-07-02T00:41:38Z
104,34,16,,,2026-07-02T00:41:38Z
104,34,17,,,2026-07-02T00:41:38Z
104,34,18,,,2026-07-02T00:41:38Z
104,34,19,,,2026-07-02T00:41:38Z
104,34,20,,,2026-07-02T00:41:38Z
104,34,21,,,2026-07-02T00:41:38Z
104,34,22,,,2026-07-02T00:41:38Z
104,34,3,,,2026-07-02T00:41:38Z
104,34,4,,,2026-07-02T00:41:38Z
104,34,5,,,2026-07-02T00:41:38Z
104,34,6,,,2026-07-02T00:41:38Z
104,34,7,,,2026-07-02T00:41:38Z
104,34,8,,,2026-07-02T00:41:38Z
104,34,9,,,2026-07-02T00:41:38Z
104,35,10,,,2026-07-02T00:41:38Z
104,35,11,,,2026-07-02T00:41:38Z
104,35,12,,,2026-07-02T00:41:38Z
104,35,13,,,2026-07-02T00:41:38Z
104,35,14,,,2026-07-02T00:41:38Z
104,35,15,,,2026-07-02T00:41:38Z
104,35,16,,,2026-07-02T00:41:38Z
104,35,17,,,2026-07-02T00:41:38Z
104,35,18,,,2026-07-02T00:41:38Z
104,35,19,,,2026-07-02T00:41:38Z
104,35,20,,,2026-07-02T00:41:38Z
104,35,21,,,2026-07-02T00:41:38Z
104,35,22,,,2026-07-02T00:41:38Z
104,35,3,,,2026-07-02T00:41:38Z
104,35,4,,,2026-07-02T00:41:38Z
104,35,5,,,2026-07-02T00:41:38Z
104,35,6,,,2026-07-02T00:41:38Z
104,35,7,,,2026-07-02T00:41:38Z
104,35,8,,,2026-07-02T00:41:38Z
104,35,9,,,2026-07-02T00:41:38Z
104,36,10,,,2026-07-02T00:41:38Z
104,36,11,,,2026-07-02T00:41:38Z
104,36,12,,,2026-07-02T00:41:38Z
104,36,13,,,2026-07-02T00:41:38Z
104,36,14,,,2026-07-02T00:41:38Z
104,36,15,,,2026-07-02T00:41:38Z
104,36,16,,,2026-07-02T00:41:38Z
104,36,17,,,2026-07-02T00:41:38Z
104,36,18,,,2026-07-02T00:41:38Z
104,36,19,,,2026-07-02T00:41:38Z
104,36,20,,,2026-07-02T00:41:38Z
104,36,21,,,2026-07-02T00:41:38Z
104,36,22,,,2026-07-02T00:41:38Z
104,36,3,,,2026-07-02T00:41:38Z
104,36,4,,,2026-07-02T00:41:38Z
104,36,5,,,2026-07-02T00:41:38Z
104,36,6,,,2026-07-02T00:41:38Z
104,36,7,,,2026-07-02T00:41:38Z
104,36,8,,,2026-07-02T00:41:38Z
104,36,9,,,2026-07-02T00:41:38Z
105,19,5,,,2026-07-02T00:41:38Z
105,19,6,,,2026-07-02T00:41:38Z
105,19,7,,,2026-07-02T00:41:38Z
105,19,8,,,2026-07-02T00:41:38Z
105,27,10,,,2026-07-02T00:41:38Z
105,27,11,,,2026-07-02T00:41:38Z
105,27,12,,,2026-07-02T00:41:38Z
105,27,13,,,2026-07-02T00:41:38Z
105,27,14,,,2026-07-02T00:41:38Z
105,27,15,,,2026-07-02T00:41:38Z
105,27,2,,,2026-07-02T00:41:38Z
105,27,3,,,2026-07-02T00:41:38Z
105,27,4,,,2026-07-02T00:41:38Z
105,27,5,,,2026-07-02T00:41:38Z
105,27,6,,,2026-07-02T00:41:38Z
105,27,7,,,2026-07-02T00:41:38Z
105,27,8,,,2026-07-02T00:41:38Z
105,27,9,,,2026-07-02T00:41:38Z
105,20,10,,,2026-07-02T00:41:38Z
105,20,11,,,2026-07-02T00:41:38Z
105,20,12,,,2026-07-02T00:41:38Z
105,20,3,,,2026-07-02T00:41:38Z
105,20,4,,,2026-07-02T00:41:38Z
105,20,5,,,2026-07-02T00:41:38Z
105,20,6,,,2026-07-02T00:41:38Z
105,20,7,,,2026-07-02T00:41:38Z
105,20,8,,,2026-07-02T00:41:38Z
105,20,9,,,2026-07-02T00:41:38Z
105,21,10,,,2026-07-02T00:41:38Z
105,21,2,,,2026-07-02T00:41:38Z
105,21,3,,,2026-07-02T00:41:38Z
105,21,4,,,2026-07-02T00:41:38Z
105,21,5,,,2026-07-02T00:41:38Z
105,21,6,,,2026-07-02T00:41:38Z
105,21,7,,,2026-07-02T00:41:38Z
105,21,8,,,2026-07-02T00:41:38Z
105,21,9,,,2026-07-02T00:41:38Z
105,22,1,,,2026-07-02T00:41:38Z
105,22,2,,,2026-07-02T00:41:38Z
105,22,3,,,2026-07-02T00:41:38Z
105,22,4,,,2026-07-02T00:41:38Z
105,22,5,,,2026-07-02T00:41:38Z
105,22,6,,,2026-07-02T00:41:38Z
105,22,7,,,2026-07-02T00:41:38Z
105,22,8,,,2026-07-02T00:41:38Z
105,23,10,,,2026-07-02T00:41:38Z
105,23,11,,,2026-07-02T00:41:38Z
105,23,12,,,2026-07-02T00:41:38Z
105,23,2,,,2026-07-02T00:41:38Z
105,23,3,,,2026-07-02T00:41:38Z
105,23,4,,,2026-07-02T00:41:38Z
105,23,5,,,2026-07-02T00:41:38Z
105,23,6,,,2026-07-02T00:41:38Z
105,23,7,,,2026-07-02T00:41:38Z
105,23,8,,,2026-07-02T00:41:38Z
105,23,9,,,2026-07-02T00:41:38Z
105,24,10,,,2026-07-02T00:41:38Z
105,24,11,,,2026-07-02T00:41:38Z
105,24,12,,,2026-07-02T00:41:38Z
105,24,13,,,2026-07-02T00:41:38Z
105,24,2,,,2026-07-02T00:41:38Z
105,24,3,,,2026-07-02T00:41:38Z
105,24,4,,,2026-07-02T00:41:38Z
105,24,5,,,2026-07-02T00:41:38Z
105,24,6,,,2026-07-02T00:41:38Z
105,24,7,,,2026-07-02T00:41:38Z
105,24,8,,,2026-07-02T00:41:38Z
105,24,9,,,2026-07-02T00:41:38Z
105,26,10,,,2026-07-02T00:41:38Z
105,26,11,,,2026-07-02T00:41:38Z
105,26,12,,,2026-07-02T00:41:38Z
105,26,13,,,2026-07-02T00:41:38Z
105,26,14,,,2026-07-02T00:41:38Z
105,26,2,,,2026-07-02T00:41:38Z
105,26,3,,,2026-07-02T00:41:38Z
105,26,4,,,2026-07-02T00:41:38Z
105,26,5,,,2026-07-02T00:41:38Z
105,26,6,,,2026-07-02T00:41:38Z
105,26,7,,,2026-07-02T00:41:38Z
105,26,8,,,2026-07-02T00:41:38Z
105,26,9,,,2026-07-02T00:41:38Z
105,28,10,,,2026-07-02T00:41:38Z
105,28,11,,,2026-07-02T00:41:38Z
105,28,12,,,2026-07-02T00:41:38Z
105,28,13,,,2026-07-02T00:41:38Z
105,28,14,,,2026-07-02T00:41:38Z
105,28,15,,,2026-07-02T00:41:38Z
105,28,16,,,2026-07-02T00:41:38Z
105,28,2,,,2026-07-02T00:41:38Z
105,28,3,,,2026-07-02T00:41:38Z
105,28,4,,,2026-07-02T00:41:38Z
105,28,5,,,2026-07-02T00:41:38Z
105,28,6,,,2026-07-02T00:41:38Z
105,28,7,,,2026-07-02T00:41:38Z
105,28,8,,,2026-07-02T00:41:38Z
105,28,9,,,2026-07-02T00:41:38Z
105,29,10,,,2026-07-02T00:41:38Z
105,29,11,,,2026-07-02T00:41:38Z
105,29,12,,,2026-07-02T00:41:38Z
105,29,13,,,2026-07-02T00:41:38Z
105,29,14,,,2026-07-02T00:41:38Z
105,29,15,,,2026-07-02T00:41:38Z
105,29,16,,,2026-07-02T00:41:38Z
105,29,17,,,2026-07-02T00:41:38Z
105,29,2,,,2026-07-02T00:41:38Z
105,29,3,,,2026-07-02T00:41:38Z
105,29,4,,,2026-07-02T00:41:38Z
105,29,5,,,2026-07-02T00:41:38Z
105,29,6,,,2026-07-02T00:41:38Z
105,29,7,,,2026-07-02T00:41:38Z
105,29,8,,,2026-07-02T00:41:38Z
105,29,9,,,2026-07-02T00:41:38Z
105,30,10,,,2026-07-02T00:41:38Z
105,30,11,,,2026-07-02T00:41:38Z
105,30,12,,,2026-07-02T00:41:38Z
105,30,13,,,2026-07-02T00:41:38Z
105,30,14,,,2026-07-02T00:41:38Z
105,30,15,,,2026-07-02T00:41:38Z
105,30,16,,,2026-07-02T00:41:38Z
105,30,17,,,2026-07-02T00:41:38Z
105,30,18,,,2026-07-02T00:41:38Z
105,30,2,,,2026-07-02T00:41:38Z
105,30,3,,,2026-07-02T00:41:38Z
105,30,4,,,2026-07-02T00:41:38Z
105,30,5,,,2026-07-02T00:41:38Z
105,30,6,,,2026-07-02T00:41:38Z
105,30,7,,,2026-07-02T00:41:38Z
105,30,8,,,2026-07-02T00:41:38Z
105,30,9,,,2026-07-02T00:41:38Z
105,31,10,,,2026-07-02T00:41:38Z
105,31,11,,,2026-07-02T00:41:38Z
105,31,12,,,2026-07-02T00:41:38Z
105,31,13,,,2026-07-02T00:41:38Z
105,31,14,,,2026-07-02T00:41:38Z
105,31,15,,,2026-07-02T00:41:38Z
105,31,16,,,2026-07-02T00:41:38Z
105,31,17,,,2026-07-02T00:41:38Z
105,31,18,,,2026-07-02T00:41:38Z
105,31,2,,,2026-07-02T00:41:38Z
105,31,3,,,2026-07-02T00:41:38Z
105,31,4,,,2026-07-02T00:41:38Z
105,31,5,,,2026-07-02T00:41:38Z
105,31,6,,,2026-07-02T00:41:38Z
105,31,7,,,2026-07-02T00:41:38Z
105,31,8,,,2026-07-02T00:41:38Z
105,31,9,,,2026-07-02T00:41:38Z
105,32,10,,,2026-07-02T00:41:38Z
105,32,11,,,2026-07-02T00:41:38Z
105,32,12,,,2026-07-02T00:41:38Z
105,32,13,,,2026-07-02T00:41:38Z
105,32,14,,,2026-07-02T00:41:38Z
105,32,15,,,2026-07-02T00:41:38Z
105,32,16,,,2026-07-02T00:41:38Z
105,32,17,,,2026-07-02T00:41:38Z
105,32,18,,,2026-07-02T00:41:38Z
105,32,19,,,2026-07-02T00:41:38Z
105,32,2,,,2026-07-02T00:41:38Z
105,32,3,,,2026-07-02T00:41:38Z
105,32,4,,,2026-07-02T00:41:38Z
105,32,5,,,2026-07-02T00:41:38Z
105,32,6,,,2026-07-02T00:41:38Z
105,32,7,,,2026-07-02T00:41:38Z
105,32,8,,,2026-07-02T00:41:38Z
105,32,9,,,2026-07-02T00:41:38Z
105,33,10,,,2026-07-02T00:41:38Z
105,33,11,,,2026-07-02T00:41:38Z
105,33,12,,,2026-07-02T00:41:38Z
105,33,13,,,2026-07-02T00:41:38Z
105,33,14,,,2026-07-02T00:41:38Z
105,33,15,,,2026-07-02T00:41:38Z
105,33,16,,,2026-07-02T00:41:38Z
105,33,17,,,2026-07-02T00:41:38Z
105,33,18,,,2026-07-02T00:41:38Z
105,33,19,,,2026-07-02T00:41:38Z
105,33,20,,,2026-07-02T00:41:38Z
105,33,3,,,2026-07-02T00:41:38Z
105,33,4,,,2026-07-02T00:41:38Z
105,33,5,,,2026-07-02T00:41:38Z
105,33,6,,,2026-07-02T00:41:38Z
105,33,7,,,2026-07-02T00:41:38Z
105,33,8,,,2026-07-02T00:41:38Z
105,33,9,,,2026-07-02T00:41:38Z
105,34,10,,,2026-07-02T00:41:38Z
105,34,11,,,2026-07-02T00:41:38Z
105,34,12,,,2026-07-02T00:41:38Z
105,34,13,,,2026-07-02T00:41:38Z
105,34,14,,,2026-07-02T00:41:38Z
105,34,15,,,2026-07-02T00:41:38Z
105,34,16,,,2026-07-02T00:41:38Z
105,34,17,,,2026-07-02T00:41:38Z
105,34,18,,,2026-07-02T00:41:38Z
105,34,19,,,2026-07-02T00:41:38Z
105,34,20,,,2026-07-02T00:41:38Z
105,34,21,,,2026-07-02T00:41:38Z
105,34,3,,,2026-07-02T00:41:38Z
105,34,4,,,2026-07-02T00:41:38Z
105,34,5,,,2026-07-02T00:41:38Z
105,34,6,,,2026-07-02T00:41:38Z
105,34,7,,,2026-07-02T00:41:38Z
105,34,8,,,2026-07-02T00:41:38Z
105,34,9,,,2026-07-02T00:41:38Z
105,35,10,,,2026-07-02T00:41:38Z
105,35,11,,,2026-07-02T00:41:38Z
105,35,12,,,2026-07-02T00:41:38Z
105,35,13,,,2026-07-02T00:41:38Z
105,35,14,,,2026-07-02T00:41:38Z
105,35,15,,,2026-07-02T00:41:38Z
105,35,16,,,2026-07-02T00:41:38Z
105,35,17,,,2026-07-02T00:41:38Z
105,35,18,,,2026-07-02T00:41:38Z
105,35,19,,,2026-07-02T00:41:38Z
105,35,20,,,2026-07-02T00:41:38Z
105,35,21,,,2026-07-02T00:41:38Z
105,35,22,,,2026-07-02T00:41:38Z
105,35,3,,,2026-07-02T00:41:38Z
105,35,4,,,2026-07-02T00:41:38Z
105,35,5,,,2026-07-02T00:41:38Z
105,35,6,,,2026-07-02T00:41:38Z
105,35,7,,,2026-07-02T00:41:38Z
105,35,8,,,2026-07-02T00:41:38Z
105,35,9,,,2026-07-02T00:41:38Z
105,36,21,,,2026-07-02T00:41:38Z
105,36,22,,,2026-07-02T00:41:38Z
105,38,10,,,2026-07-02T00:41:38Z
105,38,11,,,2026-07-02T00:41:38Z
105,38,12,,,2026-07-02T00:41:38Z
105,38,14,,,2026-07-02T00:41:38Z
105,38,15,,,2026-07-02T00:41:38Z
105,38,16,,,2026-07-02T00:41:38Z
105,38,17,,,2026-07-02T00:41:38Z
105,38,18,,,2026-07-02T00:41:38Z
105,38,19,,,2026-07-02T00:41:38Z
105,38,20,,,2026-07-02T00:41:38Z
105,38,21,,,2026-07-02T00:41:38Z
105,38,22,,,2026-07-02T00:41:38Z
105,38,23,,,2026-07-02T00:41:38Z
105,38,24,,,2026-07-02T00:41:38Z
105,38,3,,,2026-07-02T00:41:38Z
105,38,4,,,2026-07-02T00:41:38Z
105,38,5,,,2026-07-02T00:41:38Z
105,38,6,,,2026-07-02T00:41:38Z
105,38,7,,,2026-07-02T00:41:38Z
105,38,8,,,2026-07-02T00:41:38Z
105,38,9,,,2026-07-02T00:41:38Z
106,27,10,,,2026-07-02T00:41:38Z
106,27,11,,,2026-07-02T00:41:38Z
106,27,12,,,2026-07-02T00:41:38Z
106,27,2,,,2026-07-02T00:41:38Z
106,27,3,,,2026-07-02T00:41:38Z
106,27,4,,,2026-07-02T00:41:38Z
106,27,5,,,2026-07-02T00:41:38Z
106,27,6,,,2026-07-02T00:41:38Z
106,27,7,,,2026-07-02T00:41:38Z
106,27,8,,,2026-07-02T00:41:38Z
106,27,9,,,2026-07-02T00:41:38Z
106,24,2,,,2026-07-02T00:41:38Z
106,24,3,,,2026-07-02T00:41:38Z
106,25,3,,,2026-07-02T00:41:38Z
106,25,4,,,2026-07-02T00:41:38Z
106,25,5,,,2026-07-02T00:41:38Z
106,25,6,,,2026-07-02T00:41:38Z
106,26,11,,,2026-07-02T00:41:38Z
106,26,2,,,2026-07-02T00:41:38Z
106,26,4,,,2026-07-02T00:41:38Z
106,26,5,,,2026-07-02T00:41:38Z
106,26,6,,,2026-07-02T00:41:38Z
106,26,7,,,2026-07-02T00:41:38Z
106,26,8,,,2026-07-02T00:41:38Z
106,28,10,,,2026-07-02T00:41:38Z
106,28,2,,,2026-07-02T00:41:38Z
106,28,3,,,2026-07-02T00:41:38Z
106,28,4,,,2026-07-02T00:41:38Z
106,28,5,,,2026-07-02T00:41:38Z
106,28,6,,,2026-07-02T00:41:38Z
106,28,7,,,2026-07-02T00:41:38Z
106,28,8,,,2026-07-02T00:41:38Z
106,28,9,,,2026-07-02T00:41:38Z
106,29,10,,,2026-07-02T00:41:38Z
106,29,2,,,2026-07-02T00:41:38Z
106,29,3,,,2026-07-02T00:41:38Z
106,29,4,,,2026-07-02T00:41:38Z
106,29,5,,,2026-07-02T00:41:38Z
106,29,6,,,2026-07-02T00:41:38Z
106,29,7,,,2026-07-02T00:41:38Z
106,29,8,,,2026-07-02T00:41:38Z
106,29,9,,,2026-07-02T00:41:38Z
106,37,10,,,2026-07-02T00:41:38Z
106,37,11,,,2026-07-02T00:41:38Z
106,37,12,,,2026-07-02T00:41:38Z
106,37,13,,,2026-07-02T00:41:38Z
106,37,14,,,2026-07-02T00:41:38Z
106,37,15,,,2026-07-02T00:41:38Z
106,37,16,,,2026-07-02T00:41:38Z
106,37,17,,,2026-07-02T00:41:38Z
106,37,18,,,2026-07-02T00:41:38Z
106,37,19,,,2026-07-02T00:41:38Z
106,37,20,,,2026-07-02T00:41:38Z
106,37,21,,,2026-07-02T00:41:38Z
106,37,22,,,2026-07-02T00:41:38Z
106,37,7,,,2026-07-02T00:41:38Z
106,37,8,,,2026-07-02T00:41:38Z
106,37,9,,,2026-07-02T00:41:38Z
106,30,10,,,2026-07-02T00:41:38Z
106,30,15,,,2026-07-02T00:41:38Z
106,30,16,,,2026-07-02T00:41:38Z
106,30,17,,,2026-07-02T00:41:38Z
106,30,2,,,2026-07-02T00:41:38Z
106,30,3,,,2026-07-02T00:41:38Z
106,30,4,,,2026-07-02T00:41:38Z
106,30,5,,,2026-07-02T00:41:38Z
106,30,6,,,2026-07-02T00:41:38Z
106,30,7,,,2026-07-02T00:41:38Z
106,30,8,,,2026-07-02T00:41:38Z
106,30,9,,,2026-07-02T00:41:38Z
106,31,1,,,2026-07-02T00:41:38Z
106,31,2,,,2026-07-02T00:41:38Z
106,31,3,,,2026-07-02T00:41:38Z
106,31,4,,,2026-07-02T00:41:38Z
106,31,5,,,2026-07-02T00:41:38Z
106,31,6,,,2026-07-02T00:41:38Z
106,31,7,,,2026-07-02T00:41:38Z
106,31,8,,,2026-07-02T00:41:38Z
106,32,12,,,2026-07-02T00:41:38Z
106,32,13,,,2026-07-02T00:41:38Z
106,32,14,,,2026-07-02T00:41:38Z
106,32,15,,,2026-07-02T00:41:38Z
106,32,16,,,2026-07-02T00:41:38Z
106,32,17,,,2026-07-02T00:41:38Z
106,32,18,,,2026-07-02T00:41:38Z
106,32,19,,,2026-07-02T00:41:38Z
106,32,2,,,2026-07-02T00:41:38Z
106,32,3,,,2026-07-02T00:41:38Z
106,32,4,,,2026-07-02T00:41:38Z
106,32,5,,,2026-07-02T00:41:38Z
106,32,6,,,2026-07-02T00:41:38Z
106,32,7,,,2026-07-02T00:41:38Z
106,33,11,,,2026-07-02T00:41:38Z
106,33,12,,,2026-07-02T00:41:38Z
106,33,13,,,2026-07-02T00:41:38Z
106,33,14,,,2026-07-02T00:41:38Z
106,33,15,,,2026-07-02T00:41:38Z
106,33,16,,,2026-07-02T00:41:38Z
106,33,17,,,2026-07-02T00:41:38Z
106,33,18,,,2026-07-02T00:41:38Z
106,33,19,,,2026-07-02T00:41:38Z
106,33,2,,,2026-07-02T00:41:38Z
106,33,3,,,2026-07-02T00:41:38Z
106,33,4,,,2026-07-02T00:41:38Z
106,33,5,,,2026-07-02T00:41:38Z
106,33,6,,,2026-07-02T00:41:38Z
106,34,10,,,2026-07-02T00:41:38Z
106,34,11,,,2026-07-02T00:41:38Z
106,34,12,,,2026-07-02T00:41:38Z
106,34,13,,,2026-07-02T00:41:38Z
106,34,14,,,2026-07-02T00:41:38Z
106,34,15,,,2026-07-02T00:41:38Z
106,34,16,,,2026-07-02T00:41:38Z
106,34,17,,,2026-07-02T00:41:38Z
106,34,18,,,2026-07-02T00:41:38Z
106,34,19,,,2026-07-02T00:41:38Z
106,34,20,,,2026-07-02T00:41:38Z
106,34,3,,,2026-07-02T00:41:38Z
106,34,4,,,2026-07-02T00:41:38Z
106,34,5,,,2026-07-02T00:41:38Z
106,35,10,,,2026-07-02T00:41:38Z
106,35,11,,,2026-07-02T00:41:38Z
106,35,12,,,2026-07-02T00:41:38Z
106,35,13,,,2026-07-02T00:41:38Z
106,35,14,,,2026-07-02T00:41:38Z
106,35,15,,,2026-07-02T00:41:38Z
106,35,16,,,2026-07-02T00:41:38Z
106,35,17,,,2026-07-02T00:41:38Z
106,35,18,,,2026-07-02T00:41:38Z
106,35,19,,,2026-07-02T00:41:38Z
106,35,20,,,2026-07-02T00:41:38Z
106,35,21,,,2026-07-02T00:41:38Z
106,35,3,,,2026-07-02T00:41:38Z
106,35,4,,,2026-07-02T00:41:38Z
106,35,9,,,2026-07-02T00:41:38Z
106,36,10,,,2026-07-02T00:41:38Z
106,36,11,,,2026-07-02T00:41:38Z
106,36,12,,,2026-07-02T00:41:38Z
106,36,13,,,2026-07-02T00:41:38Z
106,36,14,,,2026-07-02T00:41:38Z
106,36,15,,,2026-07-02T00:41:38Z
106,36,16,,,2026-07-02T00:41:38Z
106,36,17,,,2026-07-02T00:41:38Z
106,36,18,,,2026-07-02T00:41:38Z
106,36,19,,,2026-07-02T00:41:38Z
106,36,20,,,2026-07-02T00:41:38Z
106,36,21,,,2026-07-02T00:41:38Z
106,36,22,,,2026-07-02T00:41:38Z
106,36,8,,,2026-07-02T00:41:38Z
106,36,9,,,2026-07-02T00:41:38Z
106,38,10,,,2026-07-02T00:41:38Z
106,38,11,,,2026-07-02T00:41:38Z
106,38,12,,,2026-07-02T00:41:38Z
106,38,13,,,2026-07-02T00:41:38Z
106,38,14,,,2026-07-02T00:41:38Z
106,38,15,,,2026-07-02T00:41:38Z
106,38,16,,,2026-07-02T00:41:38Z
106,38,17,,,2026-07-02T00:41:38Z
106,38,18,,,2026-07-02T00:41:38Z
106,38,19,,,2026-07-02T00:41:38Z
106,38,20,,,2026-07-02T00:41:38Z
106,38,21,,,2026-07-02T00:41:38Z
106,38,22,,,2026-07-02T00:41:38Z
106,38,23,,,2026-07-02T00:41:38Z
106,38,7,,,2026-07-02T00:41:38Z
106,38,8,,,2026-07-02T00:41:38Z
106,38,9,,,2026-07-02T00:41:38Z
106,39,10,,,2026-07-02T00:41:38Z
106,39,11,,,2026-07-02T00:41:38Z
106,39,12,,,2026-07-02T00:41:38Z
106,39,13,,,2026-07-02T00:41:38Z
106,39,14,,,2026-07-02T00:41:38Z
106,39,15,,,2026-07-02T00:41:38Z
106,39,16,,,2026-07-02T00:41:38Z
106,39,17,,,2026-07-02T00:41:38Z
106,39,18,,,2026-07-02T00:41:38Z
106,39,19,,,2026-07-02T00:41:38Z
106,39,20,,,2026-07-02T00:41:38Z
106,39,21,,,2026-07-02T00:41:38Z
106,39,22,,,2026-07-02T00:41:38Z
106,39,23,,,2026-07-02T00:41:38Z
106,39,24,,,2026-07-02T00:41:38Z
106,39,7,,,2026-07-02T00:41:38Z
106,39,8,,,2026-07-02T00:41:38Z
106,39,9,,,2026-07-02T00:41:38Z
106W,40,10,,,2026-07-02T00:41:38Z
106W,40,11,,,2026-07-02T00:41:38Z
106W,40,12,,,2026-07-02T00:41:38Z
106W,40,13,,,2026-07-02T00:41:38Z
106W,40,4,,,2026-07-02T00:41:38Z
106W,40,5,,,2026-07-02T00:41:38Z
106W,40,6,,,2026-07-02T00:41:38Z
106W,40,7,,,2026-07-02T00:41:38Z
106W,40,8,,,2026-07-02T00:41:38Z
106W,40,9,,,2026-07-02T00:41:38Z
107,27,11,,,2026-07-02T00:41:38Z
107,27,12,,,2026-07-02T00:41:38Z
107,27,13,,,2026-07-02T00:41:38Z
107,27,14,,,2026-07-02T00:41:38Z
107,27,15,,,2026-07-02T00:41:38Z
107,27,16,,,2026-07-02T00:41:38Z
107,27,17,,,2026-07-02T00:41:38Z
107,27,18,,,2026-07-02T00:41:38Z
107,27,19,,,2026-07-02T00:41:38Z
107,27,20,,,2026-07-02T00:41:38Z
107,27,4,,,2026-07-02T00:41:38Z
107,27,5,,,2026-07-02T00:41:38Z
107,27,6,,,2026-07-02T00:41:38Z
107,27,7,,,2026-07-02T00:41:38Z
107,27,8,,,2026-07-02T00:41:38Z
107,27,9,,,2026-07-02T00:41:38Z
107,25,13,,,2026-07-02T00:41:38Z
107,25,15,,,2026-07-02T00:41:38Z
107,25,16,,,2026-07-02T00:41:38Z
107,25,4,,,2026-07-02T00:41:38Z
107,26,1,,,2026-07-02T00:41:38Z
107,26,2,,,2026-07-02T00:41:38Z
107,26,5,,,2026-07-02T00:41:38Z
107,26,6,,,2026-07-02T00:41:38Z
107,26,7,,,2026-07-02T00:41:38Z
107,26,8,,,2026-07-02T00:41:38Z
107,26,9,,,2026-07-02T00:41:38Z
107,28,19,,,2026-07-02T00:41:38Z
107,28,20,,,2026-07-02T00:41:38Z
107,28,3,,,2026-07-02T00:41:38Z
107,28,4,,,2026-07-02T00:41:38Z
107,28,5,,,2026-07-02T00:41:38Z
107,28,6,,,2026-07-02T00:41:38Z
107,28,7,,,2026-07-02T00:41:38Z
107,29,6,,,2026-07-02T00:41:38Z
107,29,7,,,2026-07-02T00:41:38Z
107,29,8,,,2026-07-02T00:41:38Z
107,29,9,,,2026-07-02T00:41:38Z
107,37,10,,,2026-07-02T00:41:38Z
107,37,11,,,2026-07-02T00:41:38Z
107,37,12,,,2026-07-02T00:41:38Z
107,37,13,,,2026-07-02T00:41:38Z
107,37,14,,,2026-07-02T00:41:38Z
107,37,15,,,2026-07-02T00:41:38Z
107,37,16,,,2026-07-02T00:41:38Z
107,37,17,,,2026-07-02T00:41:38Z
107,37,18,,,2026-07-02T00:41:38Z
107,37,19,,,2026-07-02T00:41:38Z
107,37,20,,,2026-07-02T00:41:38Z
107,37,3,,,2026-07-02T00:41:38Z
107,37,4,,,2026-07-02T00:41:38Z
107,37,5,,,2026-07-02T00:41:38Z
107,37,6,,,2026-07-02T00:41:38Z
107,37,7,,,2026-07-02T00:41:38Z
107,37,8,,,2026-07-02T00:41:38Z
107,37,9,,,2026-07-02T00:41:38Z
107,30,10,,,2026-07-02T00:41:38Z
107,30,11,,,2026-07-02T00:41:38Z
107,30,12,,,2026-07-02T00:41:38Z
107,30,13,,,2026-07-02T00:41:38Z
107,30,14,,,2026-07-02T00:41:38Z
107,30,15,,,2026-07-02T00:41:38Z
107,30,16,,,2026-07-02T00:41:38Z
107,30,17,,,2026-07-02T00:41:38Z
107,30,18,,,2026-07-02T00:41:38Z
107,30,19,,,2026-07-02T00:41:38Z
107,30,20,,,2026-07-02T00:41:38Z
107,30,9,,,2026-07-02T00:41:38Z
107,31,10,,,2026-07-02T00:41:38Z
107,31,11,,,2026-07-02T00:41:38Z
107,31,12,,,2026-07-02T00:41:38Z
107,31,13,,,2026-07-02T00:41:38Z
107,31,14,,,2026-07-02T00:41:38Z
107,31,15,,,2026-07-02T00:41:38Z
107,31,16,,,2026-07-02T00:41:38Z
107,31,17,,,2026-07-02T00:41:38Z
107,31,18,,,2026-07-02T00:41:38Z
107,31,19,,,2026-07-02T00:41:38Z
107,31,20,,,2026-07-02T00:41:38Z
107,31,3,,,2026-07-02T00:41:38Z
107,31,4,,,2026-07-02T00:41:38Z
107,31,5,,,2026-07-02T00:41:38Z
107,31,6,,,2026-07-02T00:41:38Z
107,31,7,,,2026-07-02T00:41:38Z
107,31,8,,,2026-07-02T00:41:38Z
107,31,9,,,2026-07-02T00:41:38Z
107,32,10,,,2026-07-02T00:41:38Z
107,32,11,,,2026-07-02T00:41:38Z
107,32,12,,,2026-07-02T00:41:38Z
107,32,13,,,2026-07-02T00:41:38Z
107,32,14,,,2026-07-02T00:41:38Z
107,32,15,,,2026-07-02T00:41:38Z
107,32,16,,,2026-07-02T00:41:38Z
107,32,17,,,2026-07-02T00:41:38Z
107,32,18,,,2026-07-02T00:41:38Z
107,32,19,,,2026-07-02T00:41:38Z
107,32,20,,,2026-07-02T00:41:38Z
107,32,3,,,2026-07-02T00:41:38Z
107,32,4,,,2026-07-02T00:41:38Z
107,32,5,,,2026-07-02T00:41:38Z
107,32,6,,,2026-07-02T00:41:38Z
107,32,7,,,2026-07-02T00:41:38Z
107,32,8,,,2026-07-02T00:41:38Z
107,32,9,,,2026-07-02T00:41:38Z
107,33,10,,,2026-07-02T00:41:38Z
107,33,11,,,2026-07-02T00:41:38Z
107,33,12,,,2026-07-02T00:41:38Z
107,33,13,,,2026-07-02T00:41:38Z
107,33,14,,,2026-07-02T00:41:38Z
107,33,15,,,2026-07-02T00:41:38Z
107,33,16,,,2026-07-02T00:41:38Z
107,33,17,,,2026-07-02T00:41:38Z
107,33,18,,,2026-07-02T00:41:38Z
107,33,19,,,2026-07-02T00:41:38Z
107,33,20,,,2026-07-02T00:41:38Z
107,33,3,,,2026-07-02T00:41:38Z
107,33,4,,,2026-07-02T00:41:38Z
107,33,5,,,2026-07-02T00:41:38Z
107,33,6,,,2026-07-02T00:41:38Z
107,33,7,,,2026-07-02T00:41:38Z
107,33,8,,,2026-07-02T00:41:38Z
107,33,9,,,2026-07-02T00:41:38Z
107,34,10,,,2026-07-02T00:41:38Z
107,34,11,,,2026-07-02T00:41:38Z
107,34,12,,,2026-07-02T00:41:38Z
107,34,13,,,2026-07-02T00:41:38Z
107,34,14,,,2026-07-02T00:41:38Z
107,34,15,,,2026-07-02T00:41:38Z
107,34,16,,,2026-07-02T00:41:38Z
107,34,17,,,2026-07-02T00:41:38Z
107,34,18,,,2026-07-02T00:41:38Z
107,34,19,,,2026-07-02T00:41:38Z
107,34,20,,,2026-07-02T00:41:38Z
107,34,3,,,2026-07-02T00:41:38Z
107,34,4,,,2026-07-02T00:41:38Z
107,34,5,,,2026-07-02T00:41:38Z
107,34,6,,,2026-07-02T00:41:38Z
107,34,7,,,2026-07-02T00:41:38Z
107,34,8,,,2026-07-02T00:41:38Z
107,34,9,,,2026-07-02T00:41:38Z
107,35,10,,,2026-07-02T00:41:38Z
107,35,11,,,2026-07-02T00:41:38Z
107,35,12,,,2026-07-02T00:41:38Z
107,35,13,,,2026-07-02T00:41:38Z
107,35,14,,,2026-07-02T00:41:38Z
107,35,15,,,2026-07-02T00:41:38Z
107,35,16,,,2026-07-02T00:41:38Z
107,35,17,,,2026-07-02T00:41:38Z
107,35,18,,,2026-07-02T00:41:38Z
107,35,19,,,2026-07-02T00:41:38Z
107,35,20,,,2026-07-02T00:41:38Z
107,35,3,,,2026-07-02T00:41:38Z
107,35,4,,,2026-07-02T00:41:38Z
107,35,5,,,2026-07-02T00:41:38Z
107,35,6,,,2026-07-02T00:41:38Z
107,35,7,,,2026-07-02T00:41:38Z
107,35,8,,,2026-07-02T00:41:38Z
107,35,9,,,2026-07-02T00:41:38Z
107,36,10,,,2026-07-02T00:41:38Z
107,36,11,,,2026-07-02T00:41:38Z
107,36,12,,,2026-07-02T00:41:38Z
107,36,13,,,2026-07-02T00:41:38Z
107,36,14,,,2026-07-02T00:41:38Z
107,36,15,,,2026-07-02T00:41:38Z
107,36,16,,,2026-07-02T00:41:38Z
107,36,17,,,2026-07-02T00:41:38Z
107,36,18,,,2026-07-02T00:41:38Z
107,36,19,,,2026-07-02T00:41:38Z
107,36,20,,,2026-07-02T00:41:38Z
107,36,3,,,2026-07-02T00:41:38Z
107,36,4,,,2026-07-02T00:41:38Z
107,36,5,,,2026-07-02T00:41:38Z
107,36,6,,,2026-07-02T00:41:38Z
107,36,7,,,2026-07-02T00:41:38Z
107,36,8,,,2026-07-02T00:41:38Z
107,36,9,,,2026-07-02T00:41:38Z
107,38,10,,,2026-07-02T00:41:38Z
107,38,11,,,2026-07-02T00:41:38Z
107,38,12,,,2026-07-02T00:41:38Z
107,38,13,,,2026-07-02T00:41:38Z
107,38,14,,,2026-07-02T00:41:38Z
107,38,15,,,2026-07-02T00:41:38Z
107,38,16,,,2026-07-02T00:41:38Z
107,38,17,,,2026-07-02T00:41:38Z
107,38,18,,,2026-07-02T00:41:38Z
107,38,19,,,2026-07-02T00:41:38Z
107,38,20,,,2026-07-02T00:41:38Z
107,38,3,,,2026-07-02T00:41:38Z
107,38,4,,,2026-07-02T00:41:38Z
107,38,5,,,2026-07-02T00:41:38Z
107,38,6,,,2026-07-02T00:41:38Z
107,38,7,,,2026-07-02T00:41:38Z
107,38,8,,,2026-07-02T00:41:38Z
107,38,9,,,2026-07-02T00:41:38Z
107,39,10,,,2026-07-02T00:41:38Z
107,39,11,,,2026-07-02T00:41:38Z
107,39,12,,,2026-07-02T00:41:38Z
107,39,13,,,2026-07-02T00:41:38Z
107,39,14,,,2026-07-02T00:41:38Z
107,39,15,,,2026-07-02T00:41:38Z
107,39,16,,,2026-07-02T00:41:38Z
107,39,17,,,2026-07-02T00:41:38Z
107,39,18,,,2026-07-02T00:41:38Z
107,39,19,,,2026-07-02T00:41:38Z
107,39,20,,,2026-07-02T00:41:38Z
107,39,3,,,2026-07-02T00:41:38Z
107,39,4,,,2026-07-02T00:41:38Z
107,39,5,,,2026-07-02T00:41:38Z
107,39,6,,,2026-07-02T00:41:38Z
107,39,7,,,2026-07-02T00:41:38Z
107,39,8,,,2026-07-02T00:41:38Z
107,39,9,,,2026-07-02T00:41:38Z
107W,40,1,,,2026-07-02T00:41:38Z
107W,40,10,,,2026-07-02T00:41:38Z
107W,40,11,,,2026-07-02T00:41:38Z
107W,40,2,,,2026-07-02T00:41:38Z
107W,40,5,,,2026-07-02T00:41:38Z
107W,40,6,,,2026-07-02T00:41:38Z
107W,40,7,,,2026-07-02T00:41:38Z
107W,40,8,,,2026-07-02T00:41:38Z
107W,40,9,,,2026-07-02T00:41:38Z
108,27,13,,,2026-07-02T00:41:38Z
108,27,14,,,2026-07-02T00:41:38Z
108,27,15,,,2026-07-02T00:41:38Z
108,27,16,,,2026-07-02T00:41:38Z
108,27,4,,,2026-07-02T00:41:38Z
108,27,5,,,2026-07-02T00:41:38Z
108,27,6,,,2026-07-02T00:41:38Z
108,27,7,,,2026-07-02T00:41:38Z
108,24,15,,,2026-07-02T00:41:38Z
108,24,16,,,2026-07-02T00:41:38Z
108,24,17,,,2026-07-02T00:41:38Z
108,24,18,,,2026-07-02T00:41:38Z
108,25,11,,,2026-07-02T00:41:38Z
108,25,12,,,2026-07-02T00:41:38Z
108,26,11,,,2026-07-02T00:41:38Z
108,26,12,,,2026-07-02T00:41:38Z
108,26,2,,,2026-07-02T00:41:38Z
108,26,3,,,2026-07-02T00:41:38Z
108,26,4,,,2026-07-02T00:41:38Z
108,26,5,,,2026-07-02T00:41:38Z
108,28,15,,,2026-07-02T00:41:38Z
108,28,16,,,2026-07-02T00:41:38Z
108,28,17,,,2026-07-02T00:41:38Z
108,28,18,,,2026-07-02T00:41:38Z
108,28,19,,,2026-07-02T00:41:38Z
108,28,20,,,2026-07-02T00:41:38Z
108,28,5,,,2026-07-02T00:41:38Z
108,28,6,,,2026-07-02T00:41:38Z
108,28,7,,,2026-07-02T00:41:38Z
108,29,10,,,2026-07-02T00:41:38Z
108,29,15,,,2026-07-02T00:41:38Z
108,29,16,,,2026-07-02T00:41:38Z
108,29,19,,,2026-07-02T00:41:38Z
108,29,20,,,2026-07-02T00:41:38Z
108,29,5,,,2026-07-02T00:41:38Z
108,29,6,,,2026-07-02T00:41:38Z
108,29,7,,,2026-07-02T00:41:38Z
108,29,9,,,2026-07-02T00:41:38Z
108,37,10,,,2026-07-02T00:41:38Z
108,37,11,,,2026-07-02T00:41:38Z
108,37,12,,,2026-07-02T00:41:38Z
108,37,13,,,2026-07-02T00:41:38Z
108,37,14,,,2026-07-02T00:41:38Z
108,37,15,,,2026-07-02T00:41:38Z
108,37,16,,,2026-07-02T00:41:38Z
108,37,17,,,2026-07-02T00:41:38Z
108,37,18,,,2026-07-02T00:41:38Z
108,37,19,,,2026-07-02T00:41:38Z
108,37,2,,,2026-07-02T00:41:38Z
108,37,3,,,2026-07-02T00:41:38Z
108,37,4,,,2026-07-02T00:41:38Z
108,37,5,,,2026-07-02T00:41:38Z
108,37,6,,,2026-07-02T00:41:38Z
108,37,7,,,2026-07-02T00:41:38Z
108,37,8,,,2026-07-02T00:41:38Z
108,37,9,,,2026-07-02T00:41:38Z
108,30,10,,,2026-07-02T00:41:38Z
108,30,2,,,2026-07-02T00:41:38Z
108,30,3,,,2026-07-02T00:41:38Z
108,30,4,,,2026-07-02T00:41:38Z
108,30,5,,,2026-07-02T00:41:38Z
108,30,6,,,2026-07-02T00:41:38Z
108,30,7,,,2026-07-02T00:41:38Z
108,30,8,,,2026-07-02T00:41:38Z
108,30,9,,,2026-07-02T00:41:38Z
108,31,1,,,2026-07-02T00:41:38Z
108,31,2,,,2026-07-02T00:41:38Z
108,31,3,,,2026-07-02T00:41:38Z
108,31,4,,,2026-07-02T00:41:38Z
108,31,5,,,2026-07-02T00:41:38Z
108,31,6,,,2026-07-02T00:41:38Z
108,31,7,,,2026-07-02T00:41:38Z
108,31,8,,,2026-07-02T00:41:38Z
108,32,1,,,2026-07-02T00:41:38Z
108,32,2,,,2026-07-02T00:41:38Z
108,32,3,,,2026-07-02T00:41:38Z
108,32,4,,,2026-07-02T00:41:38Z
108,32,5,,,2026-07-02T00:41:38Z
108,32,6,,,2026-07-02T00:41:38Z
108,32,7,,,2026-07-02T00:41:38Z
108,33,1,,,2026-07-02T00:41:38Z
108,33,2,,,2026-07-02T00:41:38Z
108,33,3,,,2026-07-02T00:41:38Z
108,33,4,,,2026-07-02T00:41:38Z
108,33,5,,,2026-07-02T00:41:38Z
108,33,6,,,2026-07-02T00:41:38Z
108,33,7,,,2026-07-02T00:41:38Z
108,33,8,,,2026-07-02T00:41:38Z
108,34,1,,,2026-07-02T00:41:38Z
108,34,2,,,2026-07-02T00:41:38Z
108,34,3,,,2026-07-02T00:41:38Z
108,34,4,,,2026-07-02T00:41:38Z
108,34,5,,,2026-07-02T00:41:38Z
108,34,6,,,2026-07-02T00:41:38Z
108,34,7,,,2026-07-02T00:41:38Z
108,34,8,,,2026-07-02T00:41:38Z
108,34,9,,,2026-07-02T00:41:38Z
108,35,10,,,2026-07-02T00:41:38Z
108,35,11,,,2026-07-02T00:41:38Z
108,35,12,,,2026-07-02T00:41:38Z
108,35,13,,,2026-07-02T00:41:38Z
108,35,14,,,2026-07-02T00:41:38Z
108,35,15,,,2026-07-02T00:41:38Z
108,35,16,,,2026-07-02T00:41:38Z
108,35,17,,,2026-07-02T00:41:38Z
108,35,18,,,2026-07-02T00:41:38Z
108,35,19,,,2026-07-02T00:41:38Z
108,35,20,,,2026-07-02T00:41:38Z
108,35,3,,,2026-07-02T00:41:38Z
108,35,4,,,2026-07-02T00:41:38Z
108,35,5,,,2026-07-02T00:41:38Z
108,35,6,,,2026-07-02T00:41:38Z
108,35,7,,,2026-07-02T00:41:38Z
108,35,8,,,2026-07-02T00:41:38Z
108,35,9,,,2026-07-02T00:41:38Z
108,36,10,,,2026-07-02T00:41:38Z
108,36,11,,,2026-07-02T00:41:38Z
108,36,12,,,2026-07-02T00:41:38Z
108,36,13,,,2026-07-02T00:41:38Z
108,36,14,,,2026-07-02T00:41:38Z
108,36,15,,,2026-07-02T00:41:38Z
108,36,16,,,2026-07-02T00:41:38Z
108,36,17,,,2026-07-02T00:41:38Z
108,36,18,,,2026-07-02T00:41:38Z
108,36,19,,,2026-07-02T00:41:38Z
108,36,20,,,2026-07-02T00:41:38Z
108,36,3,,,2026-07-02T00:41:38Z
108,36,4,,,2026-07-02T00:41:38Z
108,36,5,,,2026-07-02T00:41:38Z
108,36,6,,,2026-07-02T00:41:38Z
108,36,7,,,2026-07-02T00:41:38Z
108,36,8,,,2026-07-02T00:41:38Z
108,36,9,,,2026-07-02T00:41:38Z
108,38,10,,,2026-07-02T00:41:38Z
108,38,11,,,2026-07-02T00:41:38Z
108,38,12,,,2026-07-02T00:41:38Z
108,38,13,,,2026-07-02T00:41:38Z
108,38,14,,,2026-07-02T00:41:38Z
108,38,15,,,2026-07-02T00:41:38Z
108,38,16,,,2026-07-02T00:41:38Z
108,38,17,,,2026-07-02T00:41:38Z
108,38,18,,,2026-07-02T00:41:38Z
108,38,19,,,2026-07-02T00:41:38Z
108,38,20,,,2026-07-02T00:41:38Z
108,38,3,,,2026-07-02T00:41:38Z
108,38,4,,,2026-07-02T00:41:38Z
108,38,5,,,2026-07-02T00:41:38Z
108,38,6,,,2026-07-02T00:41:38Z
108,38,7,,,2026-07-02T00:41:38Z
108,38,8,,,2026-07-02T00:41:38Z
108,38,9,,,2026-07-02T00:41:38Z
108,39,10,,,2026-07-02T00:41:38Z
108,39,11,,,2026-07-02T00:41:38Z
108,39,12,,,2026-07-02T00:41:38Z
108,39,13,,,2026-07-02T00:41:38Z
108,39,14,,,2026-07-02T00:41:38Z
108,39,15,,,2026-07-02T00:41:38Z
108,39,16,,,2026-07-02T00:41:38Z
108,39,17,,,2026-07-02T00:41:38Z
108,39,18,,,2026-07-02T00:41:38Z
108,39,19,,,2026-07-02T00:41:38Z
108,39,20,,,2026-07-02T00:41:38Z
108,39,3,,,2026-07-02T00:41:38Z
108,39,4,,,2026-07-02T00:41:38Z
108,39,5,,,2026-07-02T00:41:38Z
108,39,6,,,2026-07-02T00:41:38Z
108,39,7,,,2026-07-02T00:41:38Z
108,39,8,,,2026-07-02T00:41:38Z
108,39,9,,,2026-07-02T00:41:38Z
108W,40,1,,,2026-07-02T00:41:38Z
108W,40,10,,,2026-07-02T00:41:38Z
108W,40,11,,,2026-07-02T00:41:38Z
108W,40,2,,,2026-07-02T00:41:38Z
108W,40,3,,,2026-07-02T00:41:38Z
108W,40,4,,,2026-07-02T00:41:38Z
108W,40,8,,,2026-07-02T00:41:38Z
108W,40,9,,,2026-07-02T00:41:38Z
109,17,10,,,2026-07-02T00:41:38Z
109,17,11,,,2026-07-02T00:41:38Z
109,17,12,,,2026-07-02T00:41:38Z
109,17,13,,,2026-07-02T00:41:38Z
109,17,2,,,2026-07-02T00:41:38Z
109,17,3,,,2026-07-02T00:41:38Z
109,17,4,,,2026-07-02T00:41:38Z
109,17,5,,,2026-07-02T00:41:38Z
109,17,6,,,2026-07-02T00:41:38Z
109,17,7,,,2026-07-02T00:41:38Z
109,17,8,,,2026-07-02T00:41:38Z
109,17,9,,,2026-07-02T00:41:38Z
109,10,10,,,2026-07-02T00:41:38Z
109,10,5,,,2026-07-02T00:41:38Z
109,10,6,,,2026-07-02T00:41:38Z
109,10,7,,,2026-07-02T00:41:38Z
109,10,8,,,2026-07-02T00:41:38Z
109,10,9,,,2026-07-02T00:41:38Z
109,11,10,,,2026-07-02T00:41:38Z
109,11,7,,,2026-07-02T00:41:38Z
109,11,8,,,2026-07-02T00:41:38Z
109,11,9,,,2026-07-02T00:41:38Z
109,12,10,,,2026-07-02T00:41:38Z
109,12,11,,,2026-07-02T00:41:38Z
109,12,2,,,2026-07-02T00:41:38Z
109,12,3,,,2026-07-02T00:41:38Z
109,12,4,,,2026-07-02T00:41:38Z
109,12,5,,,2026-07-02T00:41:38Z
109,12,6,,,2026-07-02T00:41:38Z
109,12,7,,,2026-07-02T00:41:38Z
109,12,8,,,2026-07-02T00:41:38Z
109,12,9,,,2026-07-02T00:41:38Z
109,13,10,,,2026-07-02T00:41:38Z
109,13,11,,,2026-07-02T00:41:38Z
109,13,2,,,2026-07-02T00:41:38Z
109,13,3,,,2026-07-02T00:41:38Z
109,13,4,,,2026-07-02T00:41:38Z
109,13,5,,,2026-07-02T00:41:38Z
109,13,6,,,2026-07-02T00:41:38Z
109,13,7,,,2026-07-02T00:41:38Z
109,13,8,,,2026-07-02T00:41:38Z
109,13,9,,,2026-07-02T00:41:38Z
109,14,10,,,2026-07-02T00:41:38Z
109,14,11,,,2026-07-02T00:41:38Z
109,14,12,,,2026-07-02T00:41:38Z
109,14,2,,,2026-07-02T00:41:38Z
109,14,3,,,2026-07-02T00:41:38Z
109,14,4,,,2026-07-02T00:41:38Z
109,14,5,,,2026-07-02T00:41:38Z
109,14,6,,,2026-07-02T00:41:38Z
109,14,7,,,2026-07-02T00:41:38Z
109,14,8,,,2026-07-02T00:41:38Z
109,14,9,,,2026-07-02T00:41:38Z
109,15,10,,,2026-07-02T00:41:38Z
109,15,11,,,2026-07-02T00:41:38Z
109,15,12,,,2026-07-02T00:41:38Z
109,15,2,,,2026-07-02T00:41:38Z
109,15,3,,,2026-07-02T00:41:38Z
109,15,4,,,2026-07-02T00:41:38Z
109,15,5,,,2026-07-02T00:41:38Z
109,15,6,,,2026-07-02T00:41:38Z
109,15,7,,,2026-07-02T00:41:38Z
109,15,8,,,2026-07-02T00:41:38Z
109,15,9,,,2026-07-02T00:41:38Z
109,16,10,,,2026-07-02T00:41:38Z
109,16,11,,,2026-07-02T00:41:38Z
109,16,12,,,2026-07-02T00:41:38Z
109,16,13,,,2026-07-02T00:41:38Z
109,16,2,,,2026-07-02T00:41:38Z
109,16,3,,,2026-07-02T00:41:38Z
109,16,4,,,2026-07-02T00:41:38Z
109,16,5,,,2026-07-02T00:41:38Z
109,16,6,,,2026-07-02T00:41:38Z
109,16,7,,,2026-07-02T00:41:38Z
109,16,8,,,2026-07-02T00:41:38Z
109,16,9,,,2026-07-02T00:41:38Z
109,18,10,,,2026-07-02T00:41:38Z
109,18,11,,,2026-07-02T00:41:38Z
109,18,12,,,2026-07-02T00:41:38Z
109,18,13,,,2026-07-02T00:41:38Z
109,18,14,,,2026-07-02T00:41:38Z
109,18,2,,,2026-07-02T00:41:38Z
109,18,3,,,2026-07-02T00:41:38Z
109,18,4,,,2026-07-02T00:41:38Z
109,18,5,,,2026-07-02T00:41:38Z
109,18,6,,,2026-07-02T00:41:38Z
109,18,7,,,2026-07-02T00:41:38Z
109,18,8,,,2026-07-02T00:41:38Z
109,18,9,,,2026-07-02T00:41:38Z
109,19,10,,,2026-07-02T00:41:38Z
109,19,11,,,2026-07-02T00:41:38Z
109,19,12,,,2026-07-02T00:41:38Z
109,19,13,,,2026-07-02T00:41:38Z
109,19,14,,,2026-07-02T00:41:38Z
109,19,2,,,2026-07-02T00:41:38Z
109,19,3,,,2026-07-02T00:41:38Z
109,19,4,,,2026-07-02T00:41:38Z
109,19,5,,,2026-07-02T00:41:38Z
109,19,6,,,2026-07-02T00:41:38Z
109,19,7,,,2026-07-02T00:41:38Z
109,19,8,,,2026-07-02T00:41:38Z
109,19,9,,,2026-07-02T00:41:38Z
109,27,10,,,2026-07-02T00:41:38Z
109,27,11,,,2026-07-02T00:41:38Z
109,27,12,,,2026-07-02T00:41:38Z
109,27,13,,,2026-07-02T00:41:38Z
109,27,14,,,2026-07-02T00:41:38Z
109,27,15,,,2026-07-02T00:41:38Z
109,27,16,,,2026-07-02T00:41:38Z
109,27,17,,,2026-07-02T00:41:38Z
109,27,18,,,2026-07-02T00:41:38Z
109,27,2,,,2026-07-02T00:41:38Z
109,27,3,,,2026-07-02T00:41:38Z
109,27,4,,,2026-07-02T00:41:38Z
109,27,5,,,2026-07-02T00:41:38Z
109,27,6,,,2026-07-02T00:41:38Z
109,27,7,,,2026-07-02T00:41:38Z
109,27,8,,,2026-07-02T00:41:38Z
109,27,9,,,2026-07-02T00:41:38Z
109,23,10,,,2026-07-02T00:41:38Z
109,23,11,,,2026-07-02T00:41:38Z
109,23,12,,,2026-07-02T00:41:38Z
109,23,13,,,2026-07-02T00:41:38Z
109,23,14,,,2026-07-02T00:41:38Z
109,23,15,,,2026-07-02T00:41:38Z
109,23,16,,,2026-07-02T00:41:38Z
109,24,10,,,2026-07-02T00:41:38Z
109,24,11,,,2026-07-02T00:41:38Z
109,24,12,,,2026-07-02T00:41:38Z
109,24,13,,,2026-07-02T00:41:38Z
109,24,14,,,2026-07-02T00:41:38Z
109,24,15,,,2026-07-02T00:41:38Z
109,24,16,,,2026-07-02T00:41:38Z
109,24,2,,,2026-07-02T00:41:38Z
109,24,3,,,2026-07-02T00:41:38Z
109,24,4,,,2026-07-02T00:41:38Z
109,24,5,,,2026-07-02T00:41:38Z
109,24,6,,,2026-07-02T00:41:38Z
109,24,7,,,2026-07-02T00:41:38Z
109,24,8,,,2026-07-02T00:41:38Z
109,24,9,,,2026-07-02T00:41:38Z
109,25,10,,,2026-07-02T00:41:38Z
109,25,11,,,2026-07-02T00:41:38Z
109,25,12,,,2026-07-02T00:41:38Z
109,25,13,,,2026-07-02T00:41:38Z
109,25,14,,,2026-07-02T00:41:38Z
109,25,15,,,2026-07-02T00:41:38Z
109,25,16,,,2026-07-02T00:41:38Z
109,25,17,,,2026-07-02T00:41:38Z
109,25,2,,,2026-07-02T00:41:38Z
109,25,3,,,2026-07-02T00:41:38Z
109,25,4,,,2026-07-02T00:41:38Z
109,25,5,,,2026-07-02T00:41:38Z
109,25,6,,,2026-07-02T00:41:38Z
109,25,7,,,2026-07-02T00:41:38Z
109,25,8,,,2026-07-02T00:41:38Z
109,25,9,,,2026-07-02T00:41:38Z
109,26,10,,,2026-07-02T00:41:38Z
109,26,11,,,2026-07-02T00:41:38Z
109,26,12,,,2026-07-02T00:41:38Z
109,26,13,,,2026-07-02T00:41:38Z
109,26,14,,,2026-07-02T00:41:38Z
109,26,15,,,2026-07-02T00:41:38Z
109,26,16,,,2026-07-02T00:41:38Z
109,26,17,,,2026-07-02T00:41:38Z
109,26,2,,,2026-07-02T00:41:38Z
109,26,3,,,2026-07-02T00:41:38Z
109,26,4,,,2026-07-02T00:41:38Z
109,26,5,,,2026-07-02T00:41:38Z
109,26,6,,,2026-07-02T00:41:38Z
109,26,7,,,2026-07-02T00:41:38Z
109,26,8,,,2026-07-02T00:41:38Z
109,26,9,,,2026-07-02T00:41:38Z
109,28,10,,,2026-07-02T00:41:38Z
109,28,11,,,2026-07-02T00:41:38Z
109,28,12,,,2026-07-02T00:41:38Z
109,28,13,,,2026-07-02T00:41:38Z
109,28,14,,,2026-07-02T00:41:38Z
109,28,15,,,2026-07-02T00:41:38Z
109,28,16,,,2026-07-02T00:41:38Z
109,28,17,,,2026-07-02T00:41:38Z
109,28,18,,,2026-07-02T00:41:38Z
109,28,2,,,2026-07-02T00:41:38Z
109,28,3,,,2026-07-02T00:41:38Z
109,28,4,,,2026-07-02T00:41:38Z
109,28,5,,,2026-07-02T00:41:38Z
109,28,6,,,2026-07-02T00:41:38Z
109,28,7,,,2026-07-02T00:41:38Z
109,28,8,,,2026-07-02T00:41:38Z
109,28,9,,,2026-07-02T00:41:38Z
109,29,10,,,2026-07-02T00:41:38Z
109,29,11,,,2026-07-02T00:41:38Z
109,29,12,,,2026-07-02T00:41:38Z
109,29,13,,,2026-07-02T00:41:38Z
109,29,14,,,2026-07-02T00:41:38Z
109,29,15,,,2026-07-02T00:41:38Z
109,29,16,,,2026-07-02T00:41:38Z
109,29,17,,,2026-07-02T00:41:38Z
109,29,18,,,2026-07-02T00:41:38Z
109,29,19,,,2026-07-02T00:41:38Z
109,29,2,,,2026-07-02T00:41:38Z
109,29,3,,,2026-07-02T00:41:38Z
109,29,4,,,2026-07-02T00:41:38Z
109,29,5,,,2026-07-02T00:41:38Z
109,29,6,,,2026-07-02T00:41:38Z
109,29,7,,,2026-07-02T00:41:38Z
109,29,8,,,2026-07-02T00:41:38Z
109,29,9,,,2026-07-02T00:41:38Z
109,37,10,,,2026-07-02T00:41:38Z
109,37,11,,,2026-07-02T00:41:38Z
109,37,12,,,2026-07-02T00:41:38Z
109,37,13,,,2026-07-02T00:41:38Z
109,37,14,,,2026-07-02T00:41:38Z
109,37,15,,,2026-07-02T00:41:38Z
109,37,16,,,2026-07-02T00:41:38Z
109,37,17,,,2026-07-02T00:41:38Z
109,37,18,,,2026-07-02T00:41:38Z
109,37,19,,,2026-07-02T00:41:38Z
109,37,20,,,2026-07-02T00:41:38Z
109,37,21,,,2026-07-02T00:41:38Z
109,37,22,,,2026-07-02T00:41:38Z
109,37,3,,,2026-07-02T00:41:38Z
109,37,4,,,2026-07-02T00:41:38Z
109,37,5,,,2026-07-02T00:41:38Z
109,37,6,,,2026-07-02T00:41:38Z
109,37,7,,,2026-07-02T00:41:38Z
109,37,8,,,2026-07-02T00:41:38Z
109,37,9,,,2026-07-02T00:41:38Z
109,30,10,,,2026-07-02T00:41:38Z
109,30,11,,,2026-07-02T00:41:38Z
109,30,12,,,2026-07-02T00:41:38Z
109,30,13,,,2026-07-02T00:41:38Z
109,30,14,,,2026-07-02T00:41:38Z
109,30,15,,,2026-07-02T00:41:38Z
109,30,16,,,2026-07-02T00:41:38Z
109,30,17,,,2026-07-02T00:41:38Z
109,30,18,,,2026-07-02T00:41:38Z
109,30,19,,,2026-07-02T00:41:38Z
109,30,2,,,2026-07-02T00:41:38Z
109,30,3,,,2026-07-02T00:41:38Z
109,30,4,,,2026-07-02T00:41:38Z
109,30,5,,,2026-07-02T00:41:38Z
109,30,6,,,2026-07-02T00:41:38Z
109,30,7,,,2026-07-02T00:41:38Z
109,30,8,,,2026-07-02T00:41:38Z
109,30,9,,,2026-07-02T00:41:38Z
109,31,10,,,2026-07-02T00:41:38Z
109,31,11,,,2026-07-02T00:41:38Z
109,31,12,,,2026-07-02T00:41:38Z
109,31,13,,,2026-07-02T00:41:38Z
109,31,14,,,2026-07-02T00:41:38Z
109,31,15,,,2026-07-02T00:41:38Z
109,31,16,,,2026-07-02T00:41:38Z
109,31,17,,,2026-07-02T00:41:38Z
109,31,18,,,2026-07-02T00:41:38Z
109,31,19,,,2026-07-02T00:41:38Z
109,31,20,,,2026-07-02T00:41:38Z
109,31,3,,,2026-07-02T00:41:38Z
109,31,4,,,2026-07-02T00:41:38Z
109,31,5,,,2026-07-02T00:41:38Z
109,31,6,,,2026-07-02T00:41:38Z
109,31,7,,,2026-07-02T00:41:38Z
109,31,8,,,2026-07-02T00:41:38Z
109,31,9,,,2026-07-02T00:41:38Z
109,32,10,,,2026-07-02T00:41:38Z
109,32,11,,,2026-07-02T00:41:38Z
109,32,12,,,2026-07-02T00:41:38Z
109,32,13,,,2026-07-02T00:41:38Z
109,32,14,,,2026-07-02T00:41:38Z
109,32,15,,,2026-07-02T00:41:38Z
109,32,16,,,2026-07-02T00:41:38Z
109,32,17,,,2026-07-02T00:41:38Z
109,32,18,,,2026-07-02T00:41:38Z
109,32,19,,,2026-07-02T00:41:38Z
109,32,20,,,2026-07-02T00:41:38Z
109,32,3,,,2026-07-02T00:41:38Z
109,32,4,,,2026-07-02T00:41:38Z
109,32,5,,,2026-07-02T00:41:38Z
109,32,6,,,2026-07-02T00:41:38Z
109,32,7,,,2026-07-02T00:41:38Z
109,32,8,,,2026-07-02T00:41:38Z
109,32,9,,,2026-07-02T00:41:38Z
109,33,10,,,2026-07-02T00:41:38Z
109,33,11,,,2026-07-02T00:41:38Z
109,33,12,,,2026-07-02T00:41:38Z
109,33,13,,,2026-07-02T00:41:38Z
109,33,14,,,2026-07-02T00:41:38Z
109,33,15,,,2026-07-02T00:41:38Z
109,33,16,,,2026-07-02T00:41:38Z
109,33,17,,,2026-07-02T00:41:38Z
109,33,18,,,2026-07-02T00:41:38Z
109,33,19,,,2026-07-02T00:41:38Z
109,33,20,,,2026-07-02T00:41:38Z
109,33,21,,,2026-07-02T00:41:38Z
109,33,3,,,2026-07-02T00:41:38Z
109,33,4,,,2026-07-02T00:41:38Z
109,33,5,,,2026-07-02T00:41:38Z
109,33,6,,,2026-07-02T00:41:38Z
109,33,7,,,2026-07-02T00:41:38Z
109,33,8,,,2026-07-02T00:41:38Z
109,33,9,,,2026-07-02T00:41:38Z
109,34,10,,,2026-07-02T00:41:38Z
109,34,11,,,2026-07-02T00:41:38Z
109,34,12,,,2026-07-02T00:41:38Z
109,34,13,,,2026-07-02T00:41:38Z
109,34,14,,,2026-07-02T00:41:38Z
109,34,15,,,2026-07-02T00:41:38Z
109,34,16,,,2026-07-02T00:41:38Z
109,34,17,,,2026-07-02T00:41:38Z
109,34,18,,,2026-07-02T00:41:38Z
109,34,19,,,2026-07-02T00:41:38Z
109,34,20,,,2026-07-02T00:41:38Z
109,34,21,,,2026-07-02T00:41:38Z
109,34,3,,,2026-07-02T00:41:38Z
109,34,4,,,2026-07-02T00:41:38Z
109,34,5,,,2026-07-02T00:41:38Z
109,34,6,,,2026-07-02T00:41:38Z
109,34,7,,,2026-07-02T00:41:38Z
109,34,8,,,2026-07-02T00:41:38Z
109,34,9,,,2026-07-02T00:41:38Z
109,35,10,,,2026-07-02T00:41:38Z
109,35,11,,,2026-07-02T00:41:38Z
109,35,12,,,2026-07-02T00:41:38Z
109,35,13,,,2026-07-02T00:41:38Z
109,35,14,,,2026-07-02T00:41:38Z
109,35,15,,,2026-07-02T00:41:38Z
109,35,16,,,2026-07-02T00:41:38Z
109,35,17,,,2026-07-02T00:41:38Z
109,35,18,,,2026-07-02T00:41:38Z
109,35,19,,,2026-07-02T00:41:38Z
109,35,20,,,2026-07-02T00:41:38Z
109,35,21,,,2026-07-02T00:41:38Z
109,35,22,,,2026-07-02T00:41:38Z
109,35,3,,,2026-07-02T00:41:38Z
109,35,4,,,2026-07-02T00:41:38Z
109,35,5,,,2026-07-02T00:41:38Z
109,35,6,,,2026-07-02T00:41:38Z
109,35,7,,,2026-07-02T00:41:38Z
109,35,8,,,2026-07-02T00:41:38Z
109,35,9,,,2026-07-02T00:41:38Z
109,36,10,,,2026-07-02T00:41:38Z
109,36,11,,,2026-07-02T00:41:38Z
109,36,12,,,2026-07-02T00:41:38Z
109,36,13,,,2026-07-02T00:41:38Z
109,36,14,,,2026-07-02T00:41:38Z
109,36,15,,,2026-07-02T00:41:38Z
109,36,16,,,2026-07-02T00:41:38Z
109,36,17,,,2026-07-02T00:41:38Z
109,36,18,,,2026-07-02T00:41:38Z
109,36,19,,,2026-07-02T00:41:38Z
109,36,20,,,2026-07-02T00:41:38Z
109,36,21,,,2026-07-02T00:41:38Z
109,36,22,,,2026-07-02T00:41:38Z
109,36,3,,,2026-07-02T00:41:38Z
109,36,4,,,2026-07-02T00:41:38Z
109,36,5,,,2026-07-02T00:41:38Z
109,36,6,,,2026-07-02T00:41:38Z
109,36,7,,,2026-07-02T00:41:38Z
109,36,8,,,2026-07-02T00:41:38Z
109,36,9,,,2026-07-02T00:41:38Z
109,38,10,,,2026-07-02T00:41:38Z
109,38,11,,,2026-07-02T00:41:38Z
109,38,12,,,2026-07-02T00:41:38Z
109,38,13,,,2026-07-02T00:41:38Z
109,38,14,,,2026-07-02T00:41:38Z
109,38,15,,,2026-07-02T00:41:38Z
109,38,16,,,2026-07-02T00:41:38Z
109,38,17,,,2026-07-02T00:41:38Z
109,38,18,,,2026-07-02T00:41:38Z
109,38,19,,,2026-07-02T00:41:38Z
109,38,20,,,2026-07-02T00:41:38Z
109,38,21,,,2026-07-02T00:41:38Z
109,38,22,,,2026-07-02T00:41:38Z
109,38,23,,,2026-07-02T00:41:38Z
109,38,3,,,2026-07-02T00:41:38Z
109,38,4,,,2026-07-02T00:41:38Z
109,38,5,,,2026-07-02T00:41:38Z
109,38,6,,,2026-07-02T00:41:38Z
109,38,7,,,2026-07-02T00:41:38Z
109,38,8,,,2026-07-02T00:41:38Z
109,38,9,,,2026-07-02T00:41:38Z
109,39,10,,,2026-07-02T00:41:38Z
109,39,11,,,2026-07-02T00:41:38Z
109,39,12,,,2026-07-02T00:41:38Z
109,39,13,,,2026-07-02T00:41:38Z
109,39,14,,,2026-07-02T00:41:38Z
109,39,15,,,2026-07-02T00:41:38Z
109,39,16,,,2026-07-02T00:41:38Z
109,39,17,,,2026-07-02T00:41:38Z
109,39,18,,,2026-07-02T00:41:38Z
109,39,19,,,2026-07-02T00:41:38Z
109,39,20,,,2026-07-02T00:41:38Z
109,39,21,,,2026-07-02T00:41:38Z
109,39,22,,,2026-07-02T00:41:38Z
109,39,23,,,2026-07-02T00:41:38Z
109,39,5,,,2026-07-02T00:41:38Z
109,39,6,,,2026-07-02T00:41:38Z
109,39,7,,,2026-07-02T00:41:38Z
109,39,8,,,2026-07-02T00:41:38Z
109,39,9,,,2026-07-02T00:41:38Z
109,8,5,,,2026-07-02T00:41:38Z
109,8,6,,,2026-07-02T00:41:38Z
109,8,7,,,2026-07-02T00:41:38Z
109,9,6,,,2026-07-02T00:41:38Z
109,9,7,,,2026-07-02T00:41:38Z
109W,40,2,,,2026-07-02T00:41:38Z
109W,40,3,,,2026-07-02T00:41:38Z
109W,40,4,,,2026-07-02T00:41:38Z
109W,40,5,,,2026-07-02T00:41:38Z
109W,40,6,,,2026-07-02T00:41:38Z
109W,40,7,,,2026-07-02T00:41:38Z
109W,40,8,,,2026-07-02T00:41:38Z
110,17,10,,,2026-07-02T00:41:38Z
110,17,11,,,2026-07-02T00:41:38Z
110,17,2,,,2026-07-02T00:41:38Z
110,17,3,,,2026-07-02T00:41:38Z
110,17,4,,,2026-07-02T00:41:38Z
110,17,5,,,2026-07-02T00:41:38Z
110,17,6,,,2026-07-02T00:41:38Z
110,17,7,,,2026-07-02T00:41:38Z
110,17,8,,,2026-07-02T00:41:38Z
110,17,9,,,2026-07-02T00:41:38Z
110,10,1,,,2026-07-02T00:41:38Z
110,10,2,,,2026-07-02T00:41:38Z
110,11,1,,,2026-07-02T00:41:38Z
110,11,2,,,2026-07-02T00:41:38Z
110,11,3,,,2026-07-02T00:41:38Z
110,11,4,,,2026-07-02T00:41:38Z
110,11,5,,,2026-07-02T00:41:38Z
110,11,6,,,2026-07-02T00:41:38Z
110,12,1,,,2026-07-02T00:41:38Z
110,12,2,,,2026-07-02T00:41:38Z
110,12,3,,,2026-07-02T00:41:38Z
110,12,4,,,2026-07-02T00:41:38Z
110,13,5,,,2026-07-02T00:41:38Z
110,13,6,,,2026-07-02T00:41:38Z
110,14,1,,,2026-07-02T00:41:38Z
110,14,2,,,2026-07-02T00:41:38Z
110,14,3,,,2026-07-02T00:41:38Z
110,14,4,,,2026-07-02T00:41:38Z
110,14,5,,,2026-07-02T00:41:38Z
110,14,6,,,2026-07-02T00:41:38Z
110,15,10,,,2026-07-02T00:41:38Z
110,15,2,,,2026-07-02T00:41:38Z
110,15,3,,,2026-07-02T00:41:38Z
110,15,4,,,2026-07-02T00:41:38Z
110,15,5,,,2026-07-02T00:41:38Z
110,15,6,,,2026-07-02T00:41:38Z
110,15,7,,,2026-07-02T00:41:38Z
110,15,8,,,2026-07-02T00:41:38Z
110,15,9,,,2026-07-02T00:41:38Z
110,16,10,,,2026-07-02T00:41:38Z
110,16,2,,,2026-07-02T00:41:38Z
110,16,3,,,2026-07-02T00:41:38Z
110,16,4,,,2026-07-02T00:41:38Z
110,16,5,,,2026-07-02T00:41:38Z
110,16,6,,,2026-07-02T00:41:38Z
110,16,7,,,2026-07-02T00:41:38Z
110,16,8,,,2026-07-02T00:41:38Z
110,16,9,,,2026-07-02T00:41:38Z
110,18,10,,,2026-07-02T00:41:38Z
110,18,11,,,2026-07-02T00:41:38Z
110,18,2,,,2026-07-02T00:41:38Z
110,18,3,,,2026-07-02T00:41:38Z
110,18,4,,,2026-07-02T00:41:38Z
110,18,5,,,2026-07-02T00:41:38Z
110,18,6,,,2026-07-02T00:41:38Z
110,18,7,,,2026-07-02T00:41:38Z
110,18,8,,,2026-07-02T00:41:38Z
110,18,9,,,2026-07-02T00:41:38Z
110,19,10,,,2026-07-02T00:41:38Z
110,19,11,,,2026-07-02T00:41:38Z
110,19,12,,,2026-07-02T00:41:38Z
110,19,2,,,2026-07-02T00:41:38Z
110,19,3,,,2026-07-02T00:41:38Z
110,19,4,,,2026-07-02T00:41:38Z
110,19,5,,,2026-07-02T00:41:38Z
110,19,6,,,2026-07-02T00:41:38Z
110,19,7,,,2026-07-02T00:41:38Z
110,19,8,,,2026-07-02T00:41:38Z
110,19,9,,,2026-07-02T00:41:38Z
110,27,10,,,2026-07-02T00:41:38Z
110,27,11,,,2026-07-02T00:41:38Z
110,27,12,,,2026-07-02T00:41:38Z
110,27,13,,,2026-07-02T00:41:38Z
110,27,14,,,2026-07-02T00:41:38Z
110,27,15,,,2026-07-02T00:41:38Z
110,27,16,,,2026-07-02T00:41:38Z
110,27,2,,,2026-07-02T00:41:38Z
110,27,3,,,2026-07-02T00:41:38Z
110,27,4,,,2026-07-02T00:41:38Z
110,27,5,,,2026-07-02T00:41:38Z
110,27,6,,,2026-07-02T00:41:38Z
110,27,7,,,2026-07-02T00:41:38Z
110,27,8,,,2026-07-02T00:41:38Z
110,27,9,,,2026-07-02T00:41:38Z
110,20,10,,,2026-07-02T00:41:38Z
110,20,11,,,2026-07-02T00:41:38Z
110,20,12,,,2026-07-02T00:41:38Z
110,20,2,,,2026-07-02T00:41:38Z
110,20,3,,,2026-07-02T00:41:38Z
110,20,4,,,2026-07-02T00:41:38Z
110,20,5,,,2026-07-02T00:41:38Z
110,20,6,,,2026-07-02T00:41:38Z
110,20,7,,,2026-07-02T00:41:38Z
110,20,8,,,2026-07-02T00:41:38Z
110,20,9,,,2026-07-02T00:41:38Z
110,21,10,,,2026-07-02T00:41:38Z
110,21,11,,,2026-07-02T00:41:38Z
110,21,12,,,2026-07-02T00:41:38Z
110,21,13,,,2026-07-02T00:41:38Z
110,21,2,,,2026-07-02T00:41:38Z
110,21,3,,,2026-07-02T00:41:38Z
110,21,4,,,2026-07-02T00:41:38Z
110,21,5,,,2026-07-02T00:41:38Z
110,21,6,,,2026-07-02T00:41:38Z
110,21,7,,,2026-07-02T00:41:38Z
110,21,8,,,2026-07-02T00:41:38Z
110,21,9,,,2026-07-02T00:41:38Z
110,22,10,,,2026-07-02T00:41:38Z
110,22,11,,,2026-07-02T00:41:38Z
110,22,12,,,2026-07-02T00:41:38Z
110,22,13,,,2026-07-02T00:41:38Z
110,22,2,,,2026-07-02T00:41:38Z
110,22,3,,,2026-07-02T00:41:38Z
110,22,4,,,2026-07-02T00:41:38Z
110,22,5,,,2026-07-02T00:41:38Z
110,22,6,,,2026-07-02T00:41:38Z
110,22,7,,,2026-07-02T00:41:38Z
110,22,8,,,2026-07-02T00:41:38Z
110,22,9,,,2026-07-02T00:41:38Z
110,23,10,,,2026-07-02T00:41:38Z
110,23,11,,,2026-07-02T00:41:38Z
110,23,12,,,2026-07-02T00:41:38Z
110,23,13,,,2026-07-02T00:41:38Z
110,23,14,,,2026-07-02T00:41:38Z
110,23,2,,,2026-07-02T00:41:38Z
110,23,3,,,2026-07-02T00:41:38Z
110,23,4,,,2026-07-02T00:41:38Z
110,23,5,,,2026-07-02T00:41:38Z
110,23,6,,,2026-07-02T00:41:38Z
110,23,7,,,2026-07-02T00:41:38Z
110,23,8,,,2026-07-02T00:41:38Z
110,23,9,,,2026-07-02T00:41:38Z
110,24,10,,,2026-07-02T00:41:38Z
110,24,11,,,2026-07-02T00:41:38Z
110,24,12,,,2026-07-02T00:41:38Z
110,24,13,,,2026-07-02T00:41:38Z
110,24,14,,,2026-07-02T00:41:38Z
110,24,2,,,2026-07-02T00:41:38Z
110,24,3,,,2026-07-02T00:41:38Z
110,24,4,,,2026-07-02T00:41:38Z
110,24,5,,,2026-07-02T00:41:38Z
110,24,6,,,2026-07-02T00:41:38Z
110,24,7,,,2026-07-02T00:41:38Z
110,24,8,,,2026-07-02T00:41:38Z
110,24,9,,,2026-07-02T00:41:38Z
110,25,10,,,2026-07-02T00:41:38Z
110,25,11,,,2026-07-02T00:41:38Z
110,25,12,,,2026-07-02T00:41:38Z
110,25,13,,,2026-07-02T00:41:38Z
110,25,14,,,2026-07-02T00:41:38Z
110,25,15,,,2026-07-02T00:41:38Z
110,25,2,,,2026-07-02T00:41:38Z
110,25,3,,,2026-07-02T00:41:38Z
110,25,4,,,2026-07-02T00:41:38Z
110,25,5,,,2026-07-02T00:41:38Z
110,25,6,,,2026-07-02T00:41:38Z
110,25,7,,,2026-07-02T00:41:38Z
110,25,8,,,2026-07-02T00:41:38Z
110,25,9,,,2026-07-02T00:41:38Z
110,26,10,,,2026-07-02T00:41:38Z
110,26,11,,,2026-07-02T00:41:38Z
110,26,12,,,2026-07-02T00:41:38Z
110,26,13,,,2026-07-02T00:41:38Z
110,26,14,,,2026-07-02T00:41:38Z
110,26,15,,,2026-07-02T00:41:38Z
110,26,2,,,2026-07-02T00:41:38Z
110,26,3,,,2026-07-02T00:41:38Z
110,26,4,,,2026-07-02T00:41:38Z
110,26,5,,,2026-07-02T00:41:38Z
110,26,6,,,2026-07-02T00:41:38Z
110,26,7,,,2026-07-02T00:41:38Z
110,26,8,,,2026-07-02T00:41:38Z
110,26,9,,,2026-07-02T00:41:38Z
110,28,10,,,2026-07-02T00:41:38Z
110,28,11,,,2026-07-02T00:41:38Z
110,28,12,,,2026-07-02T00:41:38Z
110,28,13,,,2026-07-02T00:41:38Z
110,28,14,,,2026-07-02T00:41:38Z
110,28,15,,,2026-07-02T00:41:38Z
110,28,16,,,2026-07-02T00:41:38Z
110,28,2,,,2026-07-02T00:41:38Z
110,28,3,,,2026-07-02T00:41:38Z
110,28,4,,,2026-07-02T00:41:38Z
110,28,5,,,2026-07-02T00:41:38Z
110,28,6,,,2026-07-02T00:41:38Z
110,28,7,,,2026-07-02T00:41:38Z
110,28,8,,,2026-07-02T00:41:38Z
110,28,9,,,2026-07-02T00:41:38Z
110,29,10,,,2026-07-02T00:41:38Z
110,29,11,,,2026-07-02T00:41:38Z
110,29,12,,,2026-07-02T00:41:38Z
110,29,13,,,2026-07-02T00:41:38Z
110,29,14,,,2026-07-02T00:41:38Z
110,29,15,,,2026-07-02T00:41:38Z
110,29,16,,,2026-07-02T00:41:38Z
110,29,2,,,2026-07-02T00:41:38Z
110,29,3,,,2026-07-02T00:41:38Z
110,29,4,,,2026-07-02T00:41:38Z
110,29,5,,,2026-07-02T00:41:38Z
110,29,6,,,2026-07-02T00:41:38Z
110,29,7,,,2026-07-02T00:41:38Z
110,29,8,,,2026-07-02T00:41:38Z
110,29,9,,,2026-07-02T00:41:38Z
110,37,10,,,2026-07-02T00:41:38Z
110,37,11,,,2026-07-02T00:41:38Z
110,37,12,,,2026-07-02T00:41:38Z
110,37,13,,,2026-07-02T00:41:38Z
110,37,14,,,2026-07-02T00:41:38Z
110,37,15,,,2026-07-02T00:41:38Z
110,37,16,,,2026-07-02T00:41:38Z
110,37,17,,,2026-07-02T00:41:38Z
110,37,18,,,2026-07-02T00:41:38Z
110,37,19,,,2026-07-02T00:41:38Z
110,37,20,,,2026-07-02T00:41:38Z
110,37,3,,,2026-07-02T00:41:38Z
110,37,4,,,2026-07-02T00:41:38Z
110,37,5,,,2026-07-02T00:41:38Z
110,37,6,,,2026-07-02T00:41:38Z
110,37,7,,,2026-07-02T00:41:38Z
110,37,8,,,2026-07-02T00:41:38Z
110,37,9,,,2026-07-02T00:41:38Z
110,30,10,,,2026-07-02T00:41:38Z
110,30,11,,,2026-07-02T00:41:38Z
110,30,12,,,2026-07-02T00:41:38Z
110,30,13,,,2026-07-02T00:41:38Z
110,30,14,,,2026-07-02T00:41:38Z
110,30,15,,,2026-07-02T00:41:38Z
110,30,16,,,2026-07-02T00:41:38Z
110,30,17,,,2026-07-02T00:41:38Z
110,30,2,,,2026-07-02T00:41:38Z
110,30,3,,,2026-07-02T00:41:38Z
110,30,4,,,2026-07-02T00:41:38Z
110,30,5,,,2026-07-02T00:41:38Z
110,30,6,,,2026-07-02T00:41:38Z
110,30,7,,,2026-07-02T00:41:38Z
110,30,8,,,2026-07-02T00:41:38Z
110,30,9,,,2026-07-02T00:41:38Z
110,31,10,,,2026-07-02T00:41:38Z
110,31,11,,,2026-07-02T00:41:38Z
110,31,12,,,2026-07-02T00:41:38Z
110,31,13,,,2026-07-02T00:41:38Z
110,31,14,,,2026-07-02T00:41:38Z
110,31,15,,,2026-07-02T00:41:38Z
110,31,16,,,2026-07-02T00:41:38Z
110,31,17,,,2026-07-02T00:41:38Z
110,31,2,,,2026-07-02T00:41:38Z
110,31,3,,,2026-07-02T00:41:38Z
110,31,4,,,2026-07-02T00:41:38Z
110,31,5,,,2026-07-02T00:41:38Z
110,31,6,,,2026-07-02T00:41:38Z
110,31,7,,,2026-07-02T00:41:38Z
110,31,8,,,2026-07-02T00:41:38Z
110,31,9,,,2026-07-02T00:41:38Z
110,32,10,,,2026-07-02T00:41:38Z
110,32,11,,,2026-07-02T00:41:38Z
110,32,12,,,2026-07-02T00:41:38Z
110,32,13,,,2026-07-02T00:41:38Z
110,32,14,,,2026-07-02T00:41:38Z
110,32,15,,,2026-07-02T00:41:38Z
110,32,16,,,2026-07-02T00:41:38Z
110,32,17,,,2026-07-02T00:41:38Z
110,32,18,,,2026-07-02T00:41:38Z
110,32,2,,,2026-07-02T00:41:38Z
110,32,3,,,2026-07-02T00:41:38Z
110,32,4,,,2026-07-02T00:41:38Z
110,32,5,,,2026-07-02T00:41:38Z
110,32,6,,,2026-07-02T00:41:38Z
110,32,7,,,2026-07-02T00:41:38Z
110,32,8,,,2026-07-02T00:41:38Z
110,32,9,,,2026-07-02T00:41:38Z
110,33,10,,,2026-07-02T00:41:38Z
110,33,11,,,2026-07-02T00:41:38Z
110,33,12,,,2026-07-02T00:41:38Z
110,33,13,,,2026-07-02T00:41:38Z
110,33,14,,,2026-07-02T00:41:38Z
110,33,15,,,2026-07-02T00:41:38Z
110,33,16,,,2026-07-02T00:41:38Z
110,33,17,,,2026-07-02T00:41:38Z
110,33,18,,,2026-07-02T00:41:38Z
110,33,2,,,2026-07-02T00:41:38Z
110,33,3,,,2026-07-02T00:41:38Z
110,33,4,,,2026-07-02T00:41:38Z
110,33,5,,,2026-07-02T00:41:38Z
110,33,6,,,2026-07-02T00:41:38Z
110,33,7,,,2026-07-02T00:41:38Z
110,33,8,,,2026-07-02T00:41:38Z
110,33,9,,,2026-07-02T00:41:38Z
110,34,10,,,2026-07-02T00:41:38Z
110,34,11,,,2026-07-02T00:41:38Z
110,34,12,,,2026-07-02T00:41:38Z
110,34,13,,,2026-07-02T00:41:38Z
110,34,14,,,2026-07-02T00:41:38Z
110,34,15,,,2026-07-02T00:41:38Z
110,34,16,,,2026-07-02T00:41:38Z
110,34,17,,,2026-07-02T00:41:38Z
110,34,18,,,2026-07-02T00:41:38Z
110,34,19,,,2026-07-02T00:41:38Z
110,34,2,,,2026-07-02T00:41:38Z
110,34,3,,,2026-07-02T00:41:38Z
110,34,4,,,2026-07-02T00:41:38Z
110,34,5,,,2026-07-02T00:41:38Z
110,34,6,,,2026-07-02T00:41:38Z
110,34,7,,,2026-07-02T00:41:38Z
110,34,8,,,2026-07-02T00:41:38Z
110,34,9,,,2026-07-02T00:41:38Z
110,35,10,,,2026-07-02T00:41:38Z
110,35,11,,,2026-07-02T00:41:38Z
110,35,12,,,2026-07-02T00:41:38Z
110,35,13,,,2026-07-02T00:41:38Z
110,35,14,,,2026-07-02T00:41:38Z
110,35,15,,,2026-07-02T00:41:38Z
110,35,16,,,2026-07-02T00:41:38Z
110,35,17,,,2026-07-02T00:41:38Z
110,35,18,,,2026-07-02T00:41:38Z
110,35,19,,,2026-07-02T00:41:38Z
110,35,2,,,2026-07-02T00:41:38Z
110,35,3,,,2026-07-02T00:41:38Z
110,35,4,,,2026-07-02T00:41:38Z
110,35,5,,,2026-07-02T00:41:38Z
110,35,6,,,2026-07-02T00:41:38Z
110,35,7,,,2026-07-02T00:41:38Z
110,35,8,,,2026-07-02T00:41:38Z
110,35,9,,,2026-07-02T00:41:38Z
110,36,10,,,2026-07-02T00:41:38Z
110,36,11,,,2026-07-02T00:41:38Z
110,36,12,,,2026-07-02T00:41:38Z
110,36,13,,,2026-07-02T00:41:38Z
110,36,14,,,2026-07-02T00:41:38Z
110,36,15,,,2026-07-02T00:41:38Z
110,36,16,,,2026-07-02T00:41:38Z
110,36,17,,,2026-07-02T00:41:38Z
110,36,18,,,2026-07-02T00:41:38Z
110,36,19,,,2026-07-02T00:41:38Z
110,36,20,,,2026-07-02T00:41:38Z
110,36,3,,,2026-07-02T00:41:38Z
110,36,4,,,2026-07-02T00:41:38Z
110,36,5,,,2026-07-02T00:41:38Z
110,36,6,,,2026-07-02T00:41:38Z
110,36,7,,,2026-07-02T00:41:38Z
110,36,8,,,2026-07-02T00:41:38Z
110,36,9,,,2026-07-02T00:41:38Z
110,38,10,,,2026-07-02T00:41:38Z
110,38,11,,,2026-07-02T00:41:38Z
110,38,12,,,2026-07-02T00:41:38Z
110,38,13,,,2026-07-02T00:41:38Z
110,38,14,,,2026-07-02T00:41:38Z
110,38,15,,,2026-07-02T00:41:38Z
110,38,16,,,2026-07-02T00:41:38Z
110,38,17,,,2026-07-02T00:41:38Z
110,38,18,,,2026-07-02T00:41:38Z
110,38,19,,,2026-07-02T00:41:38Z
110,38,20,,,2026-07-02T00:41:38Z
110,38,21,,,2026-07-02T00:41:38Z
110,38,3,,,2026-07-02T00:41:38Z
110,38,4,,,2026-07-02T00:41:38Z
110,38,5,,,2026-07-02T00:41:38Z
110,38,6,,,2026-07-02T00:41:38Z
110,38,7,,,2026-07-02T00:41:38Z
110,38,8,,,2026-07-02T00:41:38Z
110,38,9,,,2026-07-02T00:41:38Z
110,39,10,,,2026-07-02T00:41:38Z
110,39,11,,,2026-07-02T00:41:38Z
110,39,12,,,2026-07-02T00:41:38Z
110,39,13,,,2026-07-02T00:41:38Z
110,39,14,,,2026-07-02T00:41:38Z
110,39,15,,,2026-07-02T00:41:38Z
110,39,16,,,2026-07-02T00:41:38Z
110,39,17,,,2026-07-02T00:41:38Z
110,39,2,,,2026-07-02T00:41:38Z
110,39,3,,,2026-07-02T00:41:38Z
110,39,4,,,2026-07-02T00:41:38Z
110,39,5,,,2026-07-02T00:41:38Z
110,39,6,,,2026-07-02T00:41:38Z
110,39,7,,,2026-07-02T00:41:38Z
110,39,8,,,2026-07-02T00:41:38Z
110,39,9,,,2026-07-02T00:41:38Z
110W,40,1,,,2026-07-02T00:41:38Z
110W,40,10,,,2026-07-02T00:41:38Z
110W,40,11,,,2026-07-02T00:41:38Z
110W,40,12,,,2026-07-02T00:41:38Z
110W,40,2,,,2026-07-02T00:41:38Z
110W,40,3,,,2026-07-02T00:41:38Z
110W,40,4,,,2026-07-02T00:41:38Z
110W,40,5,,,2026-07-02T00:41:38Z
110W,40,6,,,2026-07-02T00:41:38Z
110W,40,7,,,2026-07-02T00:41:38Z
110W,40,8,,,2026-07-02T00:41:38Z
110W,40,9,,,2026-07-02T00:41:38Z
111,17,10,,,2026-07-02T00:41:38Z
111,17,11,,,2026-07-02T00:41:38Z
111,17,12,,,2026-07-02T00:41:38Z
111,17,13,,,2026-07-02T00:41:38Z
111,17,14,,,2026-07-02T00:41:38Z
111,17,15,,,2026-07-02T00:41:38Z
111,17,16,,,2026-07-02T00:41:38Z
111,17,17,,,2026-07-02T00:41:38Z
111,17,18,,,2026-07-02T00:41:38Z
111,17,19,,,2026-07-02T00:41:38Z
111,17,20,,,2026-07-02T00:41:38Z
111,17,3,,,2026-07-02T00:41:38Z
111,17,4,,,2026-07-02T00:41:38Z
111,17,5,,,2026-07-02T00:41:38Z
111,17,6,,,2026-07-02T00:41:38Z
111,17,7,,,2026-07-02T00:41:38Z
111,17,8,,,2026-07-02T00:41:38Z
111,17,9,,,2026-07-02T00:41:38Z
111,11,13,,,2026-07-02T00:41:38Z
111,11,14,,,2026-07-02T00:41:38Z
111,11,15,,,2026-07-02T00:41:38Z
111,11,16,,,2026-07-02T00:41:38Z
111,11,17,,,2026-07-02T00:41:38Z
111,11,18,,,2026-07-02T00:41:38Z
111,11,19,,,2026-07-02T00:41:38Z
111,12,10,,,2026-07-02T00:41:38Z
111,12,11,,,2026-07-02T00:41:38Z
111,12,12,,,2026-07-02T00:41:38Z
111,12,13,,,2026-07-02T00:41:38Z
111,12,14,,,2026-07-02T00:41:38Z
111,12,15,,,2026-07-02T00:41:38Z
111,12,16,,,2026-07-02T00:41:38Z
111,12,17,,,2026-07-02T00:41:38Z
111,12,9,,,2026-07-02T00:41:38Z
111,13,10,,,2026-07-02T00:41:38Z
111,13,11,,,2026-07-02T00:41:38Z
111,13,12,,,2026-07-02T00:41:38Z
111,13,13,,,2026-07-02T00:41:38Z
111,13,14,,,2026-07-02T00:41:38Z
111,13,15,,,2026-07-02T00:41:38Z
111,13,16,,,2026-07-02T00:41:38Z
111,13,17,,,2026-07-02T00:41:38Z
111,13,2,,,2026-07-02T00:41:38Z
111,13,3,,,2026-07-02T00:41:38Z
111,13,4,,,2026-07-02T00:41:38Z
111,13,5,,,2026-07-02T00:41:38Z
111,13,6,,,2026-07-02T00:41:38Z
111,13,7,,,2026-07-02T00:41:38Z
111,13,8,,,2026-07-02T00:41:38Z
111,13,9,,,2026-07-02T00:41:38Z
111,14,14,,,2026-07-02T00:41:38Z
111,14,15,,,2026-07-02T00:41:38Z
111,14,16,,,2026-07-02T00:41:38Z
111,14,17,,,2026-07-02T00:41:38Z
111,14,3,,,2026-07-02T00:41:38Z
111,14,4,,,2026-07-02T00:41:38Z
111,14,5,,,2026-07-02T00:41:38Z
111,14,6,,,2026-07-02T00:41:38Z
111,15,10,,,2026-07-02T00:41:38Z
111,15,11,,,2026-07-02T00:41:38Z
111,15,12,,,2026-07-02T00:41:38Z
111,15,13,,,2026-07-02T00:41:38Z
111,15,14,,,2026-07-02T00:41:38Z
111,15,15,,,2026-07-02T00:41:38Z
111,15,16,,,2026-07-02T00:41:38Z
111,15,17,,,2026-07-02T00:41:38Z
111,15,18,,,2026-07-02T00:41:38Z
111,15,2,,,2026-07-02T00:41:38Z
111,15,3,,,2026-07-02T00:41:38Z
111,15,4,,,2026-07-02T00:41:38Z
111,15,5,,,2026-07-02T00:41:38Z
111,15,6,,,2026-07-02T00:41:38Z
111,15,7,,,2026-07-02T00:41:38Z
111,15,8,,,2026-07-02T00:41:38Z
111,15,9,,,2026-07-02T00:41:38Z
111,16,13,,,2026-07-02T00:41:38Z
111,16,14,,,2026-07-02T00:41:38Z
111,16,15,,,2026-07-02T00:41:38Z
111,16,16,,,2026-07-02T00:41:38Z
111,16,17,,,2026-07-02T00:41:38Z
111,16,18,,,2026-07-02T00:41:38Z
111,16,19,,,2026-07-02T00:41:38Z
111,16,20,,,2026-07-02T00:41:38Z
111,18,10,,,2026-07-02T00:41:38Z
111,18,11,,,2026-07-02T00:41:38Z
111,18,12,,,2026-07-02T00:41:38Z
111,18,13,,,2026-07-02T00:41:38Z
111,18,14,,,2026-07-02T00:41:38Z
111,18,15,,,2026-07-02T00:41:38Z
111,18,16,,,2026-07-02T00:41:38Z
111,18,17,,,2026-07-02T00:41:38Z
111,18,18,,,2026-07-02T00:41:38Z
111,18,19,,,2026-07-02T00:41:38Z
111,18,20,,,2026-07-02T00:41:38Z
111,18,3,,,2026-07-02T00:41:38Z
111,18,4,,,2026-07-02T00:41:38Z
111,18,5,,,2026-07-02T00:41:38Z
111,18,6,,,2026-07-02T00:41:38Z
111,18,7,,,2026-07-02T00:41:38Z
111,18,8,,,2026-07-02T00:41:38Z
111,18,9,,,2026-07-02T00:41:38Z
111,19,10,,,2026-07-02T00:41:38Z
111,19,11,,,2026-07-02T00:41:38Z
111,19,12,,,2026-07-02T00:41:38Z
111,19,13,,,2026-07-02T00:41:38Z
111,19,14,,,2026-07-02T00:41:38Z
111,19,15,,,2026-07-02T00:41:38Z
111,19,16,,,2026-07-02T00:41:38Z
111,19,17,,,2026-07-02T00:41:38Z
111,19,18,,,2026-07-02T00:41:38Z
111,19,19,,,2026-07-02T00:41:38Z
111,19,20,,,2026-07-02T00:41:38Z
111,19,3,,,2026-07-02T00:41:38Z
111,19,4,,,2026-07-02T00:41:38Z
111,19,5,,,2026-07-02T00:41:38Z
111,19,6,,,2026-07-02T00:41:38Z
111,19,7,,,2026-07-02T00:41:38Z
111,19,8,,,2026-07-02T00:41:38Z
111,19,9,,,2026-07-02T00:41:38Z
111,27,10,,,2026-07-02T00:41:38Z
111,27,11,,,2026-07-02T00:41:38Z
111,27,12,,,2026-07-02T00:41:38Z
111,27,13,,,2026-07-02T00:41:38Z
111,27,14,,,2026-07-02T00:41:38Z
111,27,15,,,2026-07-02T00:41:38Z
111,27,16,,,2026-07-02T00:41:38Z
111,27,17,,,2026-07-02T00:41:38Z
111,27,18,,,2026-07-02T00:41:38Z
111,27,19,,,2026-07-02T00:41:38Z
111,27,20,,,2026-07-02T00:41:38Z
111,27,3,,,2026-07-02T00:41:38Z
111,27,4,,,2026-07-02T00:41:38Z
111,27,5,,,2026-07-02T00:41:38Z
111,27,6,,,2026-07-02T00:41:38Z
111,27,7,,,2026-07-02T00:41:38Z
111,27,8,,,2026-07-02T00:41:38Z
111,27,9,,,2026-07-02T00:41:38Z
111,20,10,,,2026-07-02T00:41:38Z
111,20,11,,,2026-07-02T00:41:38Z
111,20,12,,,2026-07-02T00:41:38Z
111,20,13,,,2026-07-02T00:41:38Z
111,20,14,,,2026-07-02T00:41:38Z
111,20,15,,,2026-07-02T00:41:38Z
111,20,16,,,2026-07-02T00:41:38Z
111,20,17,,,2026-07-02T00:41:38Z
111,20,18,,,2026-07-02T00:41:38Z
111,20,19,,,2026-07-02T00:41:38Z
111,20,20,,,2026-07-02T00:41:38Z
111,20,3,,,2026-07-02T00:41:38Z
111,20,4,,,2026-07-02T00:41:38Z
111,20,5,,,2026-07-02T00:41:38Z
111,20,6,,,2026-07-02T00:41:38Z
111,20,7,,,2026-07-02T00:41:38Z
111,20,8,,,2026-07-02T00:41:38Z
111,20,9,,,2026-07-02T00:41:38Z
111,21,10,,,2026-07-02T00:41:38Z
111,21,11,,,2026-07-02T00:41:38Z
111,21,12,,,2026-07-02T00:41:38Z
111,21,13,,,2026-07-02T00:41:38Z
111,21,14,,,2026-07-02T00:41:38Z
111,21,15,,,2026-07-02T00:41:38Z
111,21,16,,,2026-07-02T00:41:38Z
111,21,17,,,2026-07-02T00:41:38Z
111,21,18,,,2026-07-02T00:41:38Z
111,21,19,,,2026-07-02T00:41:38Z
111,21,20,,,2026-07-02T00:41:38Z
111,21,3,,,2026-07-02T00:41:38Z
111,21,4,,,2026-07-02T00:41:38Z
111,21,5,,,2026-07-02T00:41:38Z
111,21,6,,,2026-07-02T00:41:38Z
111,21,7,,,2026-07-02T00:41:38Z
111,21,8,,,2026-07-02T00:41:38Z
111,21,9,,,2026-07-02T00:41:38Z
111,22,10,,,2026-07-02T00:41:38Z
111,22,2,,,2026-07-02T00:41:38Z
111,22,3,,,2026-07-02T00:41:38Z
111,22,4,,,2026-07-02T00:41:38Z
111,22,5,,,2026-07-02T00:41:38Z
111,22,6,,,2026-07-02T00:41:38Z
111,22,7,,,2026-07-02T00:41:38Z
111,22,8,,,2026-07-02T00:41:38Z
111,22,9,,,2026-07-02T00:41:38Z
111,23,10,,,2026-07-02T00:41:38Z
111,23,11,,,2026-07-02T00:41:38Z
111,23,12,,,2026-07-02T00:41:38Z
111,23,13,,,2026-07-02T00:41:38Z
111,23,14,,,2026-07-02T00:41:38Z
111,23,15,,,2026-07-02T00:41:38Z
111,23,16,,,2026-07-02T00:41:38Z
111,23,17,,,2026-07-02T00:41:38Z
111,23,18,,,2026-07-02T00:41:38Z
111,23,19,,,2026-07-02T00:41:38Z
111,23,20,,,2026-07-02T00:41:38Z
111,23,3,,,2026-07-02T00:41:38Z
111,23,4,,,2026-07-02T00:41:38Z
111,23,5,,,2026-07-02T00:41:38Z
111,23,6,,,2026-07-02T00:41:38Z
111,23,7,,,2026-07-02T00:41:38Z
111,23,8,,,2026-07-02T00:41:38Z
111,23,9,,,2026-07-02T00:41:38Z
111,24,10,,,2026-07-02T00:41:38Z
111,24,11,,,2026-07-02T00:41:38Z
111,24,12,,,2026-07-02T00:41:38Z
111,24,13,,,2026-07-02T00:41:38Z
111,24,14,,,2026-07-02T00:41:38Z
111,24,15,,,2026-07-02T00:41:38Z
111,24,16,,,2026-07-02T00:41:38Z
111,24,17,,,2026-07-02T00:41:38Z
111,24,2,,,2026-07-02T00:41:38Z
111,24,3,,,2026-07-02T00:41:38Z
111,24,4,,,2026-07-02T00:41:38Z
111,24,5,,,2026-07-02T00:41:38Z
111,24,6,,,2026-07-02T00:41:38Z
111,24,7,,,2026-07-02T00:41:38Z
111,24,8,,,2026-07-02T00:41:38Z
111,24,9,,,2026-07-02T00:41:38Z
111,25,10,,,2026-07-02T00:41:38Z
111,25,11,,,2026-07-02T00:41:38Z
111,25,12,,,2026-07-02T00:41:38Z
111,25,13,,,2026-07-02T00:41:38Z
111,25,14,,,2026-07-02T00:41:38Z
111,25,15,,,2026-07-02T00:41:38Z
111,25,16,,,2026-07-02T00:41:38Z
111,25,17,,,2026-07-02T00:41:38Z
111,25,18,,,2026-07-02T00:41:38Z
111,25,2,,,2026-07-02T00:41:38Z
111,25,3,,,2026-07-02T00:41:38Z
111,25,4,,,2026-07-02T00:41:38Z
111,25,5,,,2026-07-02T00:41:38Z
111,25,6,,,2026-07-02T00:41:38Z
111,25,7,,,2026-07-02T00:41:38Z
111,25,8,,,2026-07-02T00:41:38Z
111,25,9,,,2026-07-02T00:41:38Z
111,26,10,,,2026-07-02T00:41:38Z
111,26,11,,,2026-07-02T00:41:38Z
111,26,12,,,2026-07-02T00:41:38Z
111,26,13,,,2026-07-02T00:41:38Z
111,26,14,,,2026-07-02T00:41:38Z
111,26,15,,,2026-07-02T00:41:38Z
111,26,16,,,2026-07-02T00:41:38Z
111,26,17,,,2026-07-02T00:41:38Z
111,26,18,,,2026-07-02T00:41:38Z
111,26,19,,,2026-07-02T00:41:38Z
111,26,20,,,2026-07-02T00:41:38Z
111,26,3,,,2026-07-02T00:41:38Z
111,26,4,,,2026-07-02T00:41:38Z
111,26,5,,,2026-07-02T00:41:38Z
111,26,6,,,2026-07-02T00:41:38Z
111,26,7,,,2026-07-02T00:41:38Z
111,26,8,,,2026-07-02T00:41:38Z
111,26,9,,,2026-07-02T00:41:38Z
111,28,10,,,2026-07-02T00:41:38Z
111,28,11,,,2026-07-02T00:41:38Z
111,28,12,,,2026-07-02T00:41:38Z
111,28,13,,,2026-07-02T00:41:38Z
111,28,14,,,2026-07-02T00:41:38Z
111,28,15,,,2026-07-02T00:41:38Z
111,28,16,,,2026-07-02T00:41:38Z
111,28,17,,,2026-07-02T00:41:38Z
111,28,18,,,2026-07-02T00:41:38Z
111,28,19,,,2026-07-02T00:41:38Z
111,28,20,,,2026-07-02T00:41:38Z
111,28,3,,,2026-07-02T00:41:38Z
111,28,4,,,2026-07-02T00:41:38Z
111,28,5,,,2026-07-02T00:41:38Z
111,28,6,,,2026-07-02T00:41:38Z
111,28,7,,,2026-07-02T00:41:38Z
111,28,8,,,2026-07-02T00:41:38Z
111,28,9,,,2026-07-02T00:41:38Z
111,29,10,,,2026-07-02T00:41:38Z
111,29,11,,,2026-07-02T00:41:38Z
111,29,12,,,2026-07-02T00:41:38Z
111,29,13,,,2026-07-02T00:41:38Z
111,29,14,,,2026-07-02T00:41:38Z
111,29,15,,,2026-07-02T00:41:38Z
111,29,16,,,2026-07-02T00:41:38Z
111,29,17,,,2026-07-02T00:41:38Z
111,29,18,,,2026-07-02T00:41:38Z
111,29,19,,,2026-07-02T00:41:38Z
111,29,20,,,2026-07-02T00:41:38Z
111,29,3,,,2026-07-02T00:41:38Z
111,29,4,,,2026-07-02T00:41:38Z
111,29,5,,,2026-07-02T00:41:38Z
111,29,6,,,2026-07-02T00:41:38Z
111,29,7,,,2026-07-02T00:41:38Z
111,29,8,,,2026-07-02T00:41:38Z
111,29,9,,,2026-07-02T00:41:38Z
111,37,10,,,2026-07-02T00:41:38Z
111,37,11,,,2026-07-02T00:41:38Z
111,37,12,,,2026-07-02T00:41:38Z
111,37,13,,,2026-07-02T00:41:38Z
111,37,14,,,2026-07-02T00:41:38Z
111,37,15,,,2026-07-02T00:41:38Z
111,37,16,,,2026-07-02T00:41:38Z
111,37,17,,,2026-07-02T00:41:38Z
111,37,18,,,2026-07-02T00:41:38Z
111,37,19,,,2026-07-02T00:41:38Z
111,37,20,,,2026-07-02T00:41:38Z
111,37,3,,,2026-07-02T00:41:38Z
111,37,4,,,2026-07-02T00:41:38Z
111,37,5,,,2026-07-02T00:41:38Z
111,37,6,,,2026-07-02T00:41:38Z
111,37,7,,,2026-07-02T00:41:38Z
111,37,8,,,2026-07-02T00:41:38Z
111,37,9,,,2026-07-02T00:41:38Z
111,30,10,,,2026-07-02T00:41:38Z
111,30,11,,,2026-07-02T00:41:38Z
111,30,12,,,2026-07-02T00:41:38Z
111,30,13,,,2026-07-02T00:41:38Z
111,30,14,,,2026-07-02T00:41:38Z
111,30,15,,,2026-07-02T00:41:38Z
111,30,16,,,2026-07-02T00:41:38Z
111,30,17,,,2026-07-02T00:41:38Z
111,30,18,,,2026-07-02T00:41:38Z
111,30,19,,,2026-07-02T00:41:38Z
111,30,20,,,2026-07-02T00:41:38Z
111,30,3,,,2026-07-02T00:41:38Z
111,30,4,,,2026-07-02T00:41:38Z
111,30,5,,,2026-07-02T00:41:38Z
111,30,6,,,2026-07-02T00:41:38Z
111,30,7,,,2026-07-02T00:41:38Z
111,30,8,,,2026-07-02T00:41:38Z
111,30,9,,,2026-07-02T00:41:38Z
111,31,10,,,2026-07-02T00:41:38Z
111,31,11,,,2026-07-02T00:41:38Z
111,31,12,,,2026-07-02T00:41:38Z
111,31,13,,,2026-07-02T00:41:38Z
111,31,14,,,2026-07-02T00:41:38Z
111,31,15,,,2026-07-02T00:41:38Z
111,31,16,,,2026-07-02T00:41:38Z
111,31,17,,,2026-07-02T00:41:38Z
111,31,18,,,2026-07-02T00:41:38Z
111,31,19,,,2026-07-02T00:41:38Z
111,31,20,,,2026-07-02T00:41:38Z
111,31,3,,,2026-07-02T00:41:38Z
111,31,4,,,2026-07-02T00:41:38Z
111,31,5,,,2026-07-02T00:41:38Z
111,31,6,,,2026-07-02T00:41:38Z
111,31,7,,,2026-07-02T00:41:38Z
111,31,8,,,2026-07-02T00:41:38Z
111,31,9,,,2026-07-02T00:41:38Z
111,32,10,,,2026-07-02T00:41:38Z
111,32,11,,,2026-07-02T00:41:38Z
111,32,12,,,2026-07-02T00:41:38Z
111,32,13,,,2026-07-02T00:41:38Z
111,32,14,,,2026-07-02T00:41:38Z
111,32,15,,,2026-07-02T00:41:38Z
111,32,16,,,2026-07-02T00:41:38Z
111,32,17,,,2026-07-02T00:41:38Z
111,32,18,,,2026-07-02T00:41:38Z
111,32,19,,,2026-07-02T00:41:38Z
111,32,20,,,2026-07-02T00:41:38Z
111,32,3,,,2026-07-02T00:41:38Z
111,32,4,,,2026-07-02T00:41:38Z
111,32,5,,,2026-07-02T00:41:38Z
111,32,6,,,2026-07-02T00:41:38Z
111,32,7,,,2026-07-02T00:41:38Z
111,32,8,,,2026-07-02T00:41:38Z
111,32,9,,,2026-07-02T00:41:38Z
111,33,10,,,2026-07-02T00:41:38Z
111,33,11,,,2026-07-02T00:41:38Z
111,33,12,,,2026-07-02T00:41:38Z
111,33,13,,,2026-07-02T00:41:38Z
111,33,14,,,2026-07-02T00:41:38Z
111,33,15,,,2026-07-02T00:41:38Z
111,33,16,,,2026-07-02T00:41:38Z
111,33,17,,,2026-07-02T00:41:38Z
111,33,18,,,2026-07-02T00:41:38Z
111,33,19,,,2026-07-02T00:41:38Z
111,33,20,,,2026-07-02T00:41:38Z
111,33,3,,,2026-07-02T00:41:38Z
111,33,4,,,2026-07-02T00:41:38Z
111,33,5,,,2026-07-02T00:41:38Z
111,33,6,,,2026-07-02T00:41:38Z
111,33,7,,,2026-07-02T00:41:38Z
111,33,8,,,2026-07-02T00:41:38Z
111,33,9,,,2026-07-02T00:41:38Z
111,34,10,,,2026-07-02T00:41:38Z
111,34,11,,,2026-07-02T00:41:38Z
111,34,12,,,2026-07-02T00:41:38Z
111,34,13,,,2026-07-02T00:41:38Z
111,34,14,,,2026-07-02T00:41:38Z
111,34,15,,,2026-07-02T00:41:38Z
111,34,16,,,2026-07-02T00:41:38Z
111,34,17,,,2026-07-02T00:41:38Z
111,34,18,,,2026-07-02T00:41:38Z
111,34,19,,,2026-07-02T00:41:38Z
111,34,20,,,2026-07-02T00:41:38Z
111,34,3,,,2026-07-02T00:41:38Z
111,34,4,,,2026-07-02T00:41:38Z
111,34,5,,,2026-07-02T00:41:38Z
111,34,6,,,2026-07-02T00:41:38Z
111,34,7,,,2026-07-02T00:41:38Z
111,34,8,,,2026-07-02T00:41:38Z
111,34,9,,,2026-07-02T00:41:38Z
111,35,10,,,2026-07-02T00:41:38Z
111,35,11,,,2026-07-02T00:41:38Z
111,35,12,,,2026-07-02T00:41:38Z
111,35,13,,,2026-07-02T00:41:38Z
111,35,14,,,2026-07-02T00:41:38Z
111,35,15,,,2026-07-02T00:41:38Z
111,35,16,,,2026-07-02T00:41:38Z
111,35,17,,,2026-07-02T00:41:38Z
111,35,18,,,2026-07-02T00:41:38Z
111,35,19,,,2026-07-02T00:41:38Z
111,35,20,,,2026-07-02T00:41:38Z
111,35,3,,,2026-07-02T00:41:38Z
111,35,4,,,2026-07-02T00:41:38Z
111,35,5,,,2026-07-02T00:41:38Z
111,35,6,,,2026-07-02T00:41:38Z
111,35,7,,,2026-07-02T00:41:38Z
111,35,8,,,2026-07-02T00:41:38Z
111,35,9,,,2026-07-02T00:41:38Z
111,36,10,,,2026-07-02T00:41:38Z
111,36,11,,,2026-07-02T00:41:38Z
111,36,12,,,2026-07-02T00:41:38Z
111,36,13,,,2026-07-02T00:41:38Z
111,36,14,,,2026-07-02T00:41:38Z
111,36,15,,,2026-07-02T00:41:38Z
111,36,16,,,2026-07-02T00:41:38Z
111,36,17,,,2026-07-02T00:41:38Z
111,36,18,,,2026-07-02T00:41:38Z
111,36,19,,,2026-07-02T00:41:38Z
111,36,20,,,2026-07-02T00:41:38Z
111,36,3,,,2026-07-02T00:41:38Z
111,36,4,,,2026-07-02T00:41:38Z
111,36,5,,,2026-07-02T00:41:38Z
111,36,6,,,2026-07-02T00:41:38Z
111,36,7,,,2026-07-02T00:41:38Z
111,36,8,,,2026-07-02T00:41:38Z
111,36,9,,,2026-07-02T00:41:38Z
111,38,10,,,2026-07-02T00:41:38Z
111,38,11,,,2026-07-02T00:41:38Z
111,38,12,,,2026-07-02T00:41:38Z
111,38,13,,,2026-07-02T00:41:38Z
111,38,14,,,2026-07-02T00:41:38Z
111,38,15,,,2026-07-02T00:41:38Z
111,38,16,,,2026-07-02T00:41:38Z
111,38,17,,,2026-07-02T00:41:38Z
111,38,18,,,2026-07-02T00:41:38Z
111,38,19,,,2026-07-02T00:41:38Z
111,38,20,,,2026-07-02T00:41:38Z
111,38,3,,,2026-07-02T00:41:38Z
111,38,4,,,2026-07-02T00:41:38Z
111,38,5,,,2026-07-02T00:41:38Z
111,38,6,,,2026-07-02T00:41:38Z
111,38,7,,,2026-07-02T00:41:38Z
111,38,8,,,2026-07-02T00:41:38Z
111,38,9,,,2026-07-02T00:41:38Z
111,39,10,,,2026-07-02T00:41:38Z
111,39,11,,,2026-07-02T00:41:38Z
111,39,12,,,2026-07-02T00:41:38Z
111,39,13,,,2026-07-02T00:41:38Z
111,39,14,,,2026-07-02T00:41:38Z
111,39,15,,,2026-07-02T00:41:38Z
111,39,16,,,2026-07-02T00:41:38Z
111,39,17,,,2026-07-02T00:41:38Z
111,39,18,,,2026-07-02T00:41:38Z
111,39,19,,,2026-07-02T00:41:38Z
111,39,20,,,2026-07-02T00:41:38Z
111,39,3,,,2026-07-02T00:41:38Z
111,39,4,,,2026-07-02T00:41:38Z
111,39,5,,,2026-07-02T00:41:38Z
111,39,6,,,2026-07-02T00:41:38Z
111,39,7,,,2026-07-02T00:41:38Z
111,39,8,,,2026-07-02T00:41:38Z
111,39,9,,,2026-07-02T00:41:38Z
111,9,5,,,2026-07-02T00:41:38Z
111,9,6,,,2026-07-02T00:41:38Z
111,9,7,,,2026-07-02T00:41:38Z
111,9,8,,,2026-07-02T00:41:38Z
111,9,9,,,2026-07-02T00:41:38Z
111,9,1,,,2026-07-02T00:41:38Z
111,9,10,,,2026-07-02T00:41:38Z
111,9,11,,,2026-07-02T00:41:38Z
111,9,12,,,2026-07-02T00:41:38Z
111,9,2,,,2026-07-02T00:41:38Z
111W,40,1,,,2026-07-02T00:41:38Z
111W,40,10,,,2026-07-02T00:41:38Z
111W,40,2,,,2026-07-02T00:41:38Z
111W,40,3,,,2026-07-02T00:41:38Z
111W,40,4,,,2026-07-02T00:41:38Z
111W,40,5,,,2026-07-02T00:41:38Z
111W,40,6,,,2026-07-02T00:41:38Z
111W,40,7,,,2026-07-02T00:41:38Z
111W,40,8,,,2026-07-02T00:41:38Z
111W,40,9,,,2026-07-02T00:41:38Z
112,17,10,,,2026-07-02T00:41:38Z
112,17,11,,,2026-07-02T00:41:38Z
112,17,12,,,2026-07-02T00:41:38Z
112,17,13,,,2026-07-02T00:41:38Z
112,17,14,,,2026-07-02T00:41:38Z
112,17,15,,,2026-07-02T00:41:38Z
112,17,16,,,2026-07-02T00:41:38Z
112,17,17,,,2026-07-02T00:41:38Z
112,17,18,,,2026-07-02T00:41:38Z
112,17,19,,,2026-07-02T00:41:38Z
112,17,20,,,2026-07-02T00:41:38Z
112,17,3,,,2026-07-02T00:41:38Z
112,17,4,,,2026-07-02T00:41:38Z
112,17,5,,,2026-07-02T00:41:38Z
112,17,6,,,2026-07-02T00:41:38Z
112,17,7,,,2026-07-02T00:41:38Z
112,17,8,,,2026-07-02T00:41:38Z
112,17,9,,,2026-07-02T00:41:38Z
112,10,13,,,2026-07-02T00:41:38Z
112,10,14,,,2026-07-02T00:41:38Z
112,10,15,,,2026-07-02T00:41:38Z
112,10,3,,,2026-07-02T00:41:38Z
112,10,4,,,2026-07-02T00:41:38Z
112,10,5,,,2026-07-02T00:41:38Z
112,11,10,,,2026-07-02T00:41:38Z
112,11,11,,,2026-07-02T00:41:38Z
112,11,12,,,2026-07-02T00:41:38Z
112,11,2,,,2026-07-02T00:41:38Z
112,11,3,,,2026-07-02T00:41:38Z
112,11,4,,,2026-07-02T00:41:38Z
112,11,5,,,2026-07-02T00:41:38Z
112,11,6,,,2026-07-02T00:41:38Z
112,11,7,,,2026-07-02T00:41:38Z
112,11,8,,,2026-07-02T00:41:38Z
112,11,9,,,2026-07-02T00:41:38Z
112,12,10,,,2026-07-02T00:41:38Z
112,12,11,,,2026-07-02T00:41:38Z
112,12,12,,,2026-07-02T00:41:38Z
112,12,13,,,2026-07-02T00:41:38Z
112,12,3,,,2026-07-02T00:41:38Z
112,12,4,,,2026-07-02T00:41:38Z
112,12,5,,,2026-07-02T00:41:38Z
112,12,6,,,2026-07-02T00:41:38Z
112,12,7,,,2026-07-02T00:41:38Z
112,12,8,,,2026-07-02T00:41:38Z
112,12,9,,,2026-07-02T00:41:38Z
112,13,10,,,2026-07-02T00:41:38Z
112,13,11,,,2026-07-02T00:41:38Z
112,13,12,,,2026-07-02T00:41:38Z
112,13,13,,,2026-07-02T00:41:38Z
112,13,14,,,2026-07-02T00:41:38Z
112,13,15,,,2026-07-02T00:41:38Z
112,13,16,,,2026-07-02T00:41:38Z
112,13,17,,,2026-07-02T00:41:38Z
112,13,18,,,2026-07-02T00:41:38Z
112,13,2,,,2026-07-02T00:41:38Z
112,13,3,,,2026-07-02T00:41:38Z
112,13,4,,,2026-07-02T00:41:38Z
112,13,5,,,2026-07-02T00:41:38Z
112,13,6,,,2026-07-02T00:41:38Z
112,13,7,,,2026-07-02T00:41:38Z
112,13,8,,,2026-07-02T00:41:38Z
112,13,9,,,2026-07-02T00:41:38Z
112,14,10,,,2026-07-02T00:41:38Z
112,14,11,,,2026-07-02T00:41:38Z
112,14,3,,,2026-07-02T00:41:38Z
112,14,4,,,2026-07-02T00:41:38Z
112,14,5,,,2026-07-02T00:41:38Z
112,14,6,,,2026-07-02T00:41:38Z
112,14,7,,,2026-07-02T00:41:38Z
112,14,8,,,2026-07-02T00:41:38Z
112,14,9,,,2026-07-02T00:41:38Z
112,15,10,,,2026-07-02T00:41:38Z
112,15,11,,,2026-07-02T00:41:38Z
112,15,12,,,2026-07-02T00:41:38Z
112,15,13,,,2026-07-02T00:41:38Z
112,15,14,,,2026-07-02T00:41:38Z
112,15,15,,,2026-07-02T00:41:38Z
112,15,16,,,2026-07-02T00:41:38Z
112,15,17,,,2026-07-02T00:41:38Z
112,15,18,,,2026-07-02T00:41:38Z
112,15,19,,,2026-07-02T00:41:38Z
112,15,20,,,2026-07-02T00:41:38Z
112,15,3,,,2026-07-02T00:41:38Z
112,15,4,,,2026-07-02T00:41:38Z
112,15,5,,,2026-07-02T00:41:38Z
112,15,6,,,2026-07-02T00:41:38Z
112,15,7,,,2026-07-02T00:41:38Z
112,15,8,,,2026-07-02T00:41:38Z
112,15,9,,,2026-07-02T00:41:38Z
112,16,10,,,2026-07-02T00:41:38Z
112,16,11,,,2026-07-02T00:41:38Z
112,16,12,,,2026-07-02T00:41:38Z
112,16,13,,,2026-07-02T00:41:38Z
112,16,14,,,2026-07-02T00:41:38Z
112,16,15,,,2026-07-02T00:41:38Z
112,16,16,,,2026-07-02T00:41:38Z
112,16,17,,,2026-07-02T00:41:38Z
112,16,18,,,2026-07-02T00:41:38Z
112,16,19,,,2026-07-02T00:41:38Z
112,16,20,,,2026-07-02T00:41:38Z
112,16,3,,,2026-07-02T00:41:38Z
112,16,4,,,2026-07-02T00:41:38Z
112,16,5,,,2026-07-02T00:41:38Z
112,16,6,,,2026-07-02T00:41:38Z
112,16,7,,,2026-07-02T00:41:38Z
112,16,8,,,2026-07-02T00:41:38Z
112,16,9,,,2026-07-02T00:41:38Z
112,18,10,,,2026-07-02T00:41:38Z
112,18,11,,,2026-07-02T00:41:38Z
112,18,12,,,2026-07-02T00:41:38Z
112,18,13,,,2026-07-02T00:41:38Z
112,18,14,,,2026-07-02T00:41:38Z
112,18,15,,,2026-07-02T00:41:38Z
112,18,16,,,2026-07-02T00:41:38Z
112,18,17,,,2026-07-02T00:41:38Z
112,18,18,,,2026-07-02T00:41:38Z
112,18,19,,,2026-07-02T00:41:38Z
112,18,20,,,2026-07-02T00:41:38Z
112,18,3,,,2026-07-02T00:41:38Z
112,18,4,,,2026-07-02T00:41:38Z
112,18,5,,,2026-07-02T00:41:38Z
112,18,6,,,2026-07-02T00:41:38Z
112,18,7,,,2026-07-02T00:41:38Z
112,18,8,,,2026-07-02T00:41:38Z
112,18,9,,,2026-07-02T00:41:38Z
112,19,10,,,2026-07-02T00:41:38Z
112,19,11,,,2026-07-02T00:41:38Z
112,19,12,,,2026-07-02T00:41:38Z
112,19,13,,,2026-07-02T00:41:38Z
112,19,14,,,2026-07-02T00:41:38Z
112,19,15,,,2026-07-02T00:41:38Z
112,19,16,,,2026-07-02T00:41:38Z
112,19,17,,,2026-07-02T00:41:38Z
112,19,18,,,2026-07-02T00:41:38Z
112,19,19,,,2026-07-02T00:41:38Z
112,19,20,,,2026-07-02T00:41:38Z
112,19,3,,,2026-07-02T00:41:38Z
112,19,4,,,2026-07-02T00:41:38Z
112,19,5,,,2026-07-02T00:41:38Z
112,19,6,,,2026-07-02T00:41:38Z
112,19,7,,,2026-07-02T00:41:38Z
112,19,8,,,2026-07-02T00:41:38Z
112,19,9,,,2026-07-02T00:41:38Z
112,27,10,,,2026-07-02T00:41:38Z
112,27,11,,,2026-07-02T00:41:38Z
112,27,12,,,2026-07-02T00:41:38Z
112,27,13,,,2026-07-02T00:41:38Z
112,27,14,,,2026-07-02T00:41:38Z
112,27,15,,,2026-07-02T00:41:38Z
112,27,16,,,2026-07-02T00:41:38Z
112,27,17,,,2026-07-02T00:41:38Z
112,27,18,,,2026-07-02T00:41:38Z
112,27,19,,,2026-07-02T00:41:38Z
112,27,20,,,2026-07-02T00:41:38Z
112,27,3,,,2026-07-02T00:41:38Z
112,27,4,,,2026-07-02T00:41:38Z
112,27,5,,,2026-07-02T00:41:38Z
112,27,6,,,2026-07-02T00:41:38Z
112,27,7,,,2026-07-02T00:41:38Z
112,27,8,,,2026-07-02T00:41:38Z
112,27,9,,,2026-07-02T00:41:38Z
112,20,10,,,2026-07-02T00:41:38Z
112,20,11,,,2026-07-02T00:41:38Z
112,20,12,,,2026-07-02T00:41:38Z
112,20,13,,,2026-07-02T00:41:38Z
112,20,14,,,2026-07-02T00:41:38Z
112,20,15,,,2026-07-02T00:41:38Z
112,20,16,,,2026-07-02T00:41:38Z
112,20,17,,,2026-07-02T00:41:38Z
112,20,18,,,2026-07-02T00:41:38Z
112,20,19,,,2026-07-02T00:41:38Z
112,20,20,,,2026-07-02T00:41:38Z
112,20,3,,,2026-07-02T00:41:38Z
112,20,4,,,2026-07-02T00:41:38Z
112,20,5,,,2026-07-02T00:41:38Z
112,20,6,,,2026-07-02T00:41:38Z
112,20,7,,,2026-07-02T00:41:38Z
112,20,8,,,2026-07-02T00:41:38Z
112,20,9,,,2026-07-02T00:41:38Z
112,21,10,,,2026-07-02T00:41:38Z
112,21,11,,,2026-07-02T00:41:38Z
112,21,12,,,2026-07-02T00:41:38Z
112,21,13,,,2026-07-02T00:41:38Z
112,21,14,,,2026-07-02T00:41:38Z
112,21,15,,,2026-07-02T00:41:38Z
112,21,16,,,2026-07-02T00:41:38Z
112,21,17,,,2026-07-02T00:41:38Z
112,21,18,,,2026-07-02T00:41:38Z
112,21,19,,,2026-07-02T00:41:38Z
112,21,20,,,2026-07-02T00:41:38Z
112,21,3,,,2026-07-02T00:41:38Z
112,21,4,,,2026-07-02T00:41:38Z
112,21,5,,,2026-07-02T00:41:38Z
112,21,6,,,2026-07-02T00:41:38Z
112,21,7,,,2026-07-02T00:41:38Z
112,21,8,,,2026-07-02T00:41:38Z
112,21,9,,,2026-07-02T00:41:38Z
112,22,10,,,2026-07-02T00:41:38Z
112,22,11,,,2026-07-02T00:41:38Z
112,22,12,,,2026-07-02T00:41:38Z
112,22,13,,,2026-07-02T00:41:38Z
112,22,14,,,2026-07-02T00:41:38Z
112,22,15,,,2026-07-02T00:41:38Z
112,22,16,,,2026-07-02T00:41:38Z
112,22,17,,,2026-07-02T00:41:38Z
112,22,18,,,2026-07-02T00:41:38Z
112,22,19,,,2026-07-02T00:41:38Z
112,22,20,,,2026-07-02T00:41:38Z
112,22,3,,,2026-07-02T00:41:38Z
112,22,4,,,2026-07-02T00:41:38Z
112,22,5,,,2026-07-02T00:41:38Z
112,22,6,,,2026-07-02T00:41:38Z
112,22,7,,,2026-07-02T00:41:38Z
112,22,8,,,2026-07-02T00:41:38Z
112,22,9,,,2026-07-02T00:41:38Z
112,23,10,,,2026-07-02T00:41:38Z
112,23,11,,,2026-07-02T00:41:38Z
112,23,12,,,2026-07-02T00:41:38Z
112,23,13,,,2026-07-02T00:41:38Z
112,23,14,,,2026-07-02T00:41:38Z
112,23,15,,,2026-07-02T00:41:38Z
112,23,16,,,2026-07-02T00:41:38Z
112,23,17,,,2026-07-02T00:41:38Z
112,23,18,,,2026-07-02T00:41:38Z
112,23,19,,,2026-07-02T00:41:38Z
112,23,20,,,2026-07-02T00:41:38Z
112,23,3,,,2026-07-02T00:41:38Z
112,23,4,,,2026-07-02T00:41:38Z
112,23,5,,,2026-07-02T00:41:38Z
112,23,6,,,2026-07-02T00:41:38Z
112,23,7,,,2026-07-02T00:41:38Z
112,23,8,,,2026-07-02T00:41:38Z
112,23,9,,,2026-07-02T00:41:38Z
112,24,10,,,2026-07-02T00:41:38Z
112,24,11,,,2026-07-02T00:41:38Z
112,24,12,,,2026-07-02T00:41:38Z
112,24,13,,,2026-07-02T00:41:38Z
112,24,14,,,2026-07-02T00:41:38Z
112,24,15,,,2026-07-02T00:41:38Z
112,24,16,,,2026-07-02T00:41:38Z
112,24,17,,,2026-07-02T00:41:38Z
112,24,18,,,2026-07-02T00:41:38Z
112,24,19,,,2026-07-02T00:41:38Z
112,24,20,,,2026-07-02T00:41:38Z
112,24,3,,,2026-07-02T00:41:38Z
112,24,4,,,2026-07-02T00:41:38Z
112,24,5,,,2026-07-02T00:41:38Z
112,24,6,,,2026-07-02T00:41:38Z
112,24,7,,,2026-07-02T00:41:38Z
112,24,8,,,2026-07-02T00:41:38Z
112,24,9,,,2026-07-02T00:41:38Z
112,25,10,,,2026-07-02T00:41:38Z
112,25,11,,,2026-07-02T00:41:38Z
112,25,12,,,2026-07-02T00:41:38Z
112,25,13,,,2026-07-02T00:41:38Z
112,25,14,,,2026-07-02T00:41:38Z
112,25,15,,,2026-07-02T00:41:38Z
112,25,16,,,2026-07-02T00:41:38Z
112,25,17,,,2026-07-02T00:41:38Z
112,25,18,,,2026-07-02T00:41:38Z
112,25,19,,,2026-07-02T00:41:38Z
112,25,20,,,2026-07-02T00:41:38Z
112,25,3,,,2026-07-02T00:41:38Z
112,25,4,,,2026-07-02T00:41:38Z
112,25,5,,,2026-07-02T00:41:38Z
112,25,6,,,2026-07-02T00:41:38Z
112,25,7,,,2026-07-02T00:41:38Z
112,25,8,,,2026-07-02T00:41:38Z
112,25,9,,,2026-07-02T00:41:38Z
112,26,10,,,2026-07-02T00:41:38Z
112,26,11,,,2026-07-02T00:41:38Z
112,26,12,,,2026-07-02T00:41:38Z
112,26,13,,,2026-07-02T00:41:38Z
112,26,14,,,2026-07-02T00:41:38Z
112,26,15,,,2026-07-02T00:41:38Z
112,26,16,,,2026-07-02T00:41:38Z
112,26,17,,,2026-07-02T00:41:38Z
112,26,18,,,2026-07-02T00:41:38Z
112,26,19,,,2026-07-02T00:41:38Z
112,26,20,,,2026-07-02T00:41:38Z
112,26,3,,,2026-07-02T00:41:38Z
112,26,4,,,2026-07-02T00:41:38Z
112,26,5,,,2026-07-02T00:41:38Z
112,26,6,,,2026-07-02T00:41:38Z
112,26,7,,,2026-07-02T00:41:38Z
112,26,8,,,2026-07-02T00:41:38Z
112,26,9,,,2026-07-02T00:41:38Z
112,28,10,,,2026-07-02T00:41:38Z
112,28,11,,,2026-07-02T00:41:38Z
112,28,12,,,2026-07-02T00:41:38Z
112,28,13,,,2026-07-02T00:41:38Z
112,28,14,,,2026-07-02T00:41:38Z
112,28,15,,,2026-07-02T00:41:38Z
112,28,16,,,2026-07-02T00:41:38Z
112,28,17,,,2026-07-02T00:41:38Z
112,28,18,,,2026-07-02T00:41:38Z
112,28,19,,,2026-07-02T00:41:38Z
112,28,20,,,2026-07-02T00:41:38Z
112,28,3,,,2026-07-02T00:41:38Z
112,28,4,,,2026-07-02T00:41:38Z
112,28,5,,,2026-07-02T00:41:38Z
112,28,6,,,2026-07-02T00:41:38Z
112,28,7,,,2026-07-02T00:41:38Z
112,28,8,,,2026-07-02T00:41:38Z
112,28,9,,,2026-07-02T00:41:38Z
112,29,10,,,2026-07-02T00:41:38Z
112,29,11,,,2026-07-02T00:41:38Z
112,29,12,,,2026-07-02T00:41:38Z
112,29,13,,,2026-07-02T00:41:38Z
112,29,14,,,2026-07-02T00:41:38Z
112,29,15,,,2026-07-02T00:41:38Z
112,29,16,,,2026-07-02T00:41:38Z
112,29,17,,,2026-07-02T00:41:38Z
112,29,18,,,2026-07-02T00:41:38Z
112,29,19,,,2026-07-02T00:41:38Z
112,29,20,,,2026-07-02T00:41:38Z
112,29,3,,,2026-07-02T00:41:38Z
112,29,4,,,2026-07-02T00:41:38Z
112,29,5,,,2026-07-02T00:41:38Z
112,29,6,,,2026-07-02T00:41:38Z
112,29,7,,,2026-07-02T00:41:38Z
112,29,8,,,2026-07-02T00:41:38Z
112,29,9,,,2026-07-02T00:41:38Z
112,37,10,,,2026-07-02T00:41:38Z
112,37,11,,,2026-07-02T00:41:38Z
112,37,12,,,2026-07-02T00:41:38Z
112,37,13,,,2026-07-02T00:41:38Z
112,37,14,,,2026-07-02T00:41:38Z
112,37,15,,,2026-07-02T00:41:38Z
112,37,16,,,2026-07-02T00:41:38Z
112,37,17,,,2026-07-02T00:41:38Z
112,37,18,,,2026-07-02T00:41:38Z
112,37,19,,,2026-07-02T00:41:38Z
112,37,20,,,2026-07-02T00:41:38Z
112,37,3,,,2026-07-02T00:41:38Z
112,37,4,,,2026-07-02T00:41:38Z
112,37,5,,,2026-07-02T00:41:38Z
112,37,6,,,2026-07-02T00:41:38Z
112,37,7,,,2026-07-02T00:41:38Z
112,37,8,,,2026-07-02T00:41:38Z
112,37,9,,,2026-07-02T00:41:38Z
112,30,10,,,2026-07-02T00:41:38Z
112,30,11,,,2026-07-02T00:41:38Z
112,30,12,,,2026-07-02T00:41:38Z
112,30,13,,,2026-07-02T00:41:38Z
112,30,14,,,2026-07-02T00:41:38Z
112,30,15,,,2026-07-02T00:41:38Z
112,30,16,,,2026-07-02T00:41:38Z
112,30,17,,,2026-07-02T00:41:38Z
112,30,18,,,2026-07-02T00:41:38Z
112,30,19,,,2026-07-02T00:41:38Z
112,30,20,,,2026-07-02T00:41:38Z
112,30,3,,,2026-07-02T00:41:38Z
112,30,4,,,2026-07-02T00:41:38Z
112,30,5,,,2026-07-02T00:41:38Z
112,30,6,,,2026-07-02T00:41:38Z
112,30,7,,,2026-07-02T00:41:38Z
112,30,8,,,2026-07-02T00:41:38Z
112,30,9,,,2026-07-02T00:41:38Z
112,31,10,,,2026-07-02T00:41:38Z
112,31,11,,,2026-07-02T00:41:38Z
112,31,12,,,2026-07-02T00:41:38Z
112,31,13,,,2026-07-02T00:41:38Z
112,31,14,,,2026-07-02T00:41:38Z
112,31,15,,,2026-07-02T00:41:38Z
112,31,16,,,2026-07-02T00:41:38Z
112,31,17,,,2026-07-02T00:41:38Z
112,31,18,,,2026-07-02T00:41:38Z
112,31,19,,,2026-07-02T00:41:38Z
112,31,20,,,2026-07-02T00:41:38Z
112,31,3,,,2026-07-02T00:41:38Z
112,31,4,,,2026-07-02T00:41:38Z
112,31,5,,,2026-07-02T00:41:38Z
112,31,6,,,2026-07-02T00:41:38Z
112,31,7,,,2026-07-02T00:41:38Z
112,31,8,,,2026-07-02T00:41:38Z
112,31,9,,,2026-07-02T00:41:38Z
112,32,10,,,2026-07-02T00:41:38Z
112,32,11,,,2026-07-02T00:41:38Z
112,32,12,,,2026-07-02T00:41:38Z
112,32,13,,,2026-07-02T00:41:38Z
112,32,14,,,2026-07-02T00:41:38Z
112,32,15,,,2026-07-02T00:41:38Z
112,32,16,,,2026-07-02T00:41:38Z
112,32,17,,,2026-07-02T00:41:38Z
112,32,18,,,2026-07-02T00:41:38Z
112,32,19,,,2026-07-02T00:41:38Z
112,32,20,,,2026-07-02T00:41:38Z
112,32,3,,,2026-07-02T00:41:38Z
112,32,4,,,2026-07-02T00:41:38Z
112,32,5,,,2026-07-02T00:41:38Z
112,32,6,,,2026-07-02T00:41:38Z
112,32,7,,,2026-07-02T00:41:38Z
112,32,8,,,2026-07-02T00:41:38Z
112,32,9,,,2026-07-02T00:41:38Z
112,33,10,,,2026-07-02T00:41:38Z
112,33,11,,,2026-07-02T00:41:38Z
112,33,12,,,2026-07-02T00:41:38Z
112,33,13,,,2026-07-02T00:41:38Z
112,33,14,,,2026-07-02T00:41:38Z
112,33,15,,,2026-07-02T00:41:38Z
112,33,16,,,2026-07-02T00:41:38Z
112,33,17,,,2026-07-02T00:41:38Z
112,33,18,,,2026-07-02T00:41:38Z
112,33,19,,,2026-07-02T00:41:38Z
112,33,20,,,2026-07-02T00:41:38Z
112,33,3,,,2026-07-02T00:41:38Z
112,33,4,,,2026-07-02T00:41:38Z
112,33,5,,,2026-07-02T00:41:38Z
112,33,6,,,2026-07-02T00:41:38Z
112,33,7,,,2026-07-02T00:41:38Z
112,33,8,,,2026-07-02T00:41:38Z
112,33,9,,,2026-07-02T00:41:38Z
112,34,10,,,2026-07-02T00:41:38Z
112,34,11,,,2026-07-02T00:41:38Z
112,34,12,,,2026-07-02T00:41:38Z
112,34,13,,,2026-07-02T00:41:38Z
112,34,14,,,2026-07-02T00:41:38Z
112,34,15,,,2026-07-02T00:41:38Z
112,34,16,,,2026-07-02T00:41:38Z
112,34,17,,,2026-07-02T00:41:38Z
112,34,18,,,2026-07-02T00:41:38Z
112,34,19,,,2026-07-02T00:41:38Z
112,34,20,,,2026-07-02T00:41:38Z
112,34,3,,,2026-07-02T00:41:38Z
112,34,4,,,2026-07-02T00:41:38Z
112,34,5,,,2026-07-02T00:41:38Z
112,34,6,,,2026-07-02T00:41:38Z
112,34,7,,,2026-07-02T00:41:38Z
112,34,8,,,2026-07-02T00:41:38Z
112,34,9,,,2026-07-02T00:41:38Z
112,35,10,,,2026-07-02T00:41:38Z
112,35,11,,,2026-07-02T00:41:38Z
112,35,12,,,2026-07-02T00:41:38Z
112,35,13,,,2026-07-02T00:41:38Z
112,35,14,,,2026-07-02T00:41:38Z
112,35,15,,,2026-07-02T00:41:38Z
112,35,16,,,2026-07-02T00:41:38Z
112,35,17,,,2026-07-02T00:41:38Z
112,35,18,,,2026-07-02T00:41:38Z
112,35,19,,,2026-07-02T00:41:38Z
112,35,20,,,2026-07-02T00:41:38Z
112,35,3,,,2026-07-02T00:41:38Z
112,35,4,,,2026-07-02T00:41:38Z
112,35,5,,,2026-07-02T00:41:38Z
112,35,6,,,2026-07-02T00:41:38Z
112,35,7,,,2026-07-02T00:41:38Z
112,35,8,,,2026-07-02T00:41:38Z
112,35,9,,,2026-07-02T00:41:38Z
112,36,10,,,2026-07-02T00:41:38Z
112,36,11,,,2026-07-02T00:41:38Z
112,36,12,,,2026-07-02T00:41:38Z
112,36,13,,,2026-07-02T00:41:38Z
112,36,14,,,2026-07-02T00:41:38Z
112,36,15,,,2026-07-02T00:41:38Z
112,36,16,,,2026-07-02T00:41:38Z
112,36,17,,,2026-07-02T00:41:38Z
112,36,18,,,2026-07-02T00:41:38Z
112,36,19,,,2026-07-02T00:41:38Z
112,36,20,,,2026-07-02T00:41:38Z
112,36,3,,,2026-07-02T00:41:38Z
112,36,4,,,2026-07-02T00:41:38Z
112,36,5,,,2026-07-02T00:41:38Z
112,36,6,,,2026-07-02T00:41:38Z
112,36,7,,,2026-07-02T00:41:38Z
112,36,8,,,2026-07-02T00:41:38Z
112,36,9,,,2026-07-02T00:41:38Z
112,38,10,,,2026-07-02T00:41:38Z
112,38,11,,,2026-07-02T00:41:38Z
112,38,12,,,2026-07-02T00:41:38Z
112,38,13,,,2026-07-02T00:41:38Z
112,38,14,,,2026-07-02T00:41:38Z
112,38,15,,,2026-07-02T00:41:38Z
112,38,16,,,2026-07-02T00:41:38Z
112,38,17,,,2026-07-02T00:41:38Z
112,38,18,,,2026-07-02T00:41:38Z
112,38,19,,,2026-07-02T00:41:38Z
112,38,20,,,2026-07-02T00:41:38Z
112,38,3,,,2026-07-02T00:41:38Z
112,38,4,,,2026-07-02T00:41:38Z
112,38,5,,,2026-07-02T00:41:38Z
112,38,6,,,2026-07-02T00:41:38Z
112,38,7,,,2026-07-02T00:41:38Z
112,38,8,,,2026-07-02T00:41:38Z
112,38,9,,,2026-07-02T00:41:38Z
112,39,10,,,2026-07-02T00:41:38Z
112,39,11,,,2026-07-02T00:41:38Z
112,39,12,,,2026-07-02T00:41:38Z
112,39,13,,,2026-07-02T00:41:38Z
112,39,14,,,2026-07-02T00:41:38Z
112,39,15,,,2026-07-02T00:41:38Z
112,39,16,,,2026-07-02T00:41:38Z
112,39,17,,,2026-07-02T00:41:38Z
112,39,18,,,2026-07-02T00:41:38Z
112,39,19,,,2026-07-02T00:41:38Z
112,39,20,,,2026-07-02T00:41:38Z
112,39,3,,,2026-07-02T00:41:38Z
112,39,4,,,2026-07-02T00:41:38Z
112,39,5,,,2026-07-02T00:41:38Z
112,39,6,,,2026-07-02T00:41:38Z
112,39,7,,,2026-07-02T00:41:38Z
112,39,8,,,2026-07-02T00:41:38Z
112,39,9,,,2026-07-02T00:41:38Z
112,5,19,,,2026-07-02T00:41:38Z
112,5,20,,,2026-07-02T00:41:38Z
112,8,4,,,2026-07-02T00:41:38Z
112,8,5,,,2026-07-02T00:41:38Z
112,8,6,,,2026-07-02T00:41:38Z
112,8,3,,,2026-07-02T00:41:38Z
112,9,4,,,2026-07-02T00:41:38Z
112,9,5,,,2026-07-02T00:41:38Z
112,9,6,,,2026-07-02T00:41:38Z
112,9,1,,,2026-07-02T00:41:38Z
112,9,2,,,2026-07-02T00:41:38Z
112,9,3,,,2026-07-02T00:41:38Z
112W,40,1,,,2026-07-02T00:41:38Z
112W,40,10,,,2026-07-02T00:41:38Z
112W,40,11,,,2026-07-02T00:41:38Z
112W,40,2,,,2026-07-02T00:41:38Z
112W,40,3,,,2026-07-02T00:41:38Z
112W,40,4,,,2026-07-02T00:41:38Z
112W,40,5,,,2026-07-02T00:41:38Z
112W,40,6,,,2026-07-02T00:41:38Z
112W,40,7,,,2026-07-02T00:41:38Z
112W,40,8,,,2026-07-02T00:41:38Z
112W,40,9,,,2026-07-02T00:41:38Z
113,17,10,,,2026-07-02T00:41:38Z
113,17,11,,,2026-07-02T00:41:38Z
113,17,12,,,2026-07-02T00:41:38Z
113,17,13,,,2026-07-02T00:41:38Z
113,17,14,,,2026-07-02T00:41:38Z
113,17,15,,,2026-07-02T00:41:38Z
113,17,16,,,2026-07-02T00:41:38Z
113,17,17,,,2026-07-02T00:41:38Z
113,17,18,,,2026-07-02T00:41:38Z
113,17,19,,,2026-07-02T00:41:38Z
113,17,20,,,2026-07-02T00:41:38Z
113,17,3,,,2026-07-02T00:41:38Z
113,17,4,,,2026-07-02T00:41:38Z
113,17,5,,,2026-07-02T00:41:38Z
113,17,6,,,2026-07-02T00:41:38Z
113,17,7,,,2026-07-02T00:41:38Z
113,17,8,,,2026-07-02T00:41:38Z
113,17,9,,,2026-07-02T00:41:38Z
113,11,10,,,2026-07-02T00:41:38Z
113,11,11,,,2026-07-02T00:41:38Z
113,11,12,,,2026-07-02T00:41:38Z
113,11,13,,,2026-07-02T00:41:38Z
113,11,14,,,2026-07-02T00:41:38Z
113,11,15,,,2026-07-02T00:41:38Z
113,11,16,,,2026-07-02T00:41:38Z
113,11,17,,,2026-07-02T00:41:38Z
113,11,18,,,2026-07-02T00:41:38Z
113,11,19,,,2026-07-02T00:41:38Z
113,11,20,,,2026-07-02T00:41:38Z
113,11,8,,,2026-07-02T00:41:38Z
113,11,9,,,2026-07-02T00:41:38Z
113,12,17,,,2026-07-02T00:41:38Z
113,12,18,,,2026-07-02T00:41:38Z
113,12,19,,,2026-07-02T00:41:38Z
113,12,20,,,2026-07-02T00:41:38Z
113,13,10,,,2026-07-02T00:41:38Z
113,13,11,,,2026-07-02T00:41:38Z
113,13,12,,,2026-07-02T00:41:38Z
113,13,13,,,2026-07-02T00:41:38Z
113,13,14,,,2026-07-02T00:41:38Z
113,13,15,,,2026-07-02T00:41:38Z
113,13,16,,,2026-07-02T00:41:38Z
113,13,19,,,2026-07-02T00:41:38Z
113,13,20,,,2026-07-02T00:41:38Z
113,13,5,,,2026-07-02T00:41:38Z
113,13,6,,,2026-07-02T00:41:38Z
113,13,7,,,2026-07-02T00:41:38Z
113,13,8,,,2026-07-02T00:41:38Z
113,13,9,,,2026-07-02T00:41:38Z
113,14,10,,,2026-07-02T00:41:38Z
113,14,11,,,2026-07-02T00:41:38Z
113,14,12,,,2026-07-02T00:41:38Z
113,14,13,,,2026-07-02T00:41:38Z
113,14,14,,,2026-07-02T00:41:38Z
113,14,15,,,2026-07-02T00:41:38Z
113,14,16,,,2026-07-02T00:41:38Z
113,14,17,,,2026-07-02T00:41:38Z
113,14,18,,,2026-07-02T00:41:38Z
113,14,19,,,2026-07-02T00:41:38Z
113,14,20,,,2026-07-02T00:41:38Z
113,14,3,,,2026-07-02T00:41:38Z
113,14,4,,,2026-07-02T00:41:38Z
113,14,5,,,2026-07-02T00:41:38Z
113,14,6,,,2026-07-02T00:41:38Z
113,14,7,,,2026-07-02T00:41:38Z
113,14,8,,,2026-07-02T00:41:38Z
113,14,9,,,2026-07-02T00:41:38Z
113,15,10,,,2026-07-02T00:41:38Z
113,15,11,,,2026-07-02T00:41:38Z
113,15,12,,,2026-07-02T00:41:38Z
113,15,13,,,2026-07-02T00:41:38Z
113,15,14,,,2026-07-02T00:41:38Z
113,15,15,,,2026-07-02T00:41:38Z
113,15,16,,,2026-07-02T00:41:38Z
113,15,17,,,2026-07-02T00:41:38Z
113,15,18,,,2026-07-02T00:41:38Z
113,15,19,,,2026-07-02T00:41:38Z
113,15,20,,,2026-07-02T00:41:38Z
113,15,3,,,2026-07-02T00:41:38Z
113,15,4,,,2026-07-02T00:41:38Z
113,15,5,,,2026-07-02T00:41:38Z
113,15,6,,,2026-07-02T00:41:38Z
113,15,7,,,2026-07-02T00:41:38Z
113,15,8,,,2026-07-02T00:41:38Z
113,15,9,,,2026-07-02T00:41:38Z
113,16,10,,,2026-07-02T00:41:38Z
113,16,11,,,2026-07-02T00:41:38Z
113,16,12,,,2026-07-02T00:41:38Z
113,16,13,,,2026-07-02T00:41:38Z
113,16,14,,,2026-07-02T00:41:38Z
113,16,15,,,2026-07-02T00:41:38Z
113,16,16,,,2026-07-02T00:41:38Z
113,16,17,,,2026-07-02T00:41:38Z
113,16,18,,,2026-07-02T00:41:38Z
113,16,19,,,2026-07-02T00:41:38Z
113,16,20,,,2026-07-02T00:41:38Z
113,16,3,,,2026-07-02T00:41:38Z
113,16,4,,,2026-07-02T00:41:38Z
113,16,5,,,2026-07-02T00:41:38Z
113,16,6,,,2026-07-02T00:41:38Z
113,16,7,,,2026-07-02T00:41:38Z
113,16,8,,,2026-07-02T00:41:38Z
113,16,9,,,2026-07-02T00:41:38Z
113,18,10,,,2026-07-02T00:41:38Z
113,18,11,,,2026-07-02T00:41:38Z
113,18,12,,,2026-07-02T00:41:38Z
113,18,13,,,2026-07-02T00:41:38Z
113,18,14,,,2026-07-02T00:41:38Z
113,18,15,,,2026-07-02T00:41:38Z
113,18,16,,,2026-07-02T00:41:38Z
113,18,17,,,2026-07-02T00:41:38Z
113,18,18,,,2026-07-02T00:41:38Z
113,18,2,,,2026-07-02T00:41:38Z
113,18,3,,,2026-07-02T00:41:38Z
113,18,4,,,2026-07-02T00:41:38Z
113,18,5,,,2026-07-02T00:41:38Z
113,18,6,,,2026-07-02T00:41:38Z
113,18,7,,,2026-07-02T00:41:38Z
113,18,8,,,2026-07-02T00:41:38Z
113,18,9,,,2026-07-02T00:41:38Z
113,19,10,,,2026-07-02T00:41:38Z
113,19,11,,,2026-07-02T00:41:38Z
113,19,12,,,2026-07-02T00:41:38Z
113,19,13,,,2026-07-02T00:41:38Z
113,19,14,,,2026-07-02T00:41:38Z
113,19,15,,,2026-07-02T00:41:38Z
113,19,16,,,2026-07-02T00:41:38Z
113,19,17,,,2026-07-02T00:41:38Z
113,19,18,,,2026-07-02T00:41:38Z
113,19,19,,,2026-07-02T00:41:38Z
113,19,20,,,2026-07-02T00:41:38Z
113,19,3,,,2026-07-02T00:41:38Z
113,19,4,,,2026-07-02T00:41:38Z
113,19,5,,,2026-07-02T00:41:38Z
113,19,6,,,2026-07-02T00:41:38Z
113,19,7,,,2026-07-02T00:41:38Z
113,19,8,,,2026-07-02T00:41:38Z
113,19,9,,,2026-07-02T00:41:38Z
113,20,10,,,2026-07-02T00:41:38Z
113,20,11,,,2026-07-02T00:41:38Z
113,20,12,,,2026-07-02T00:41:38Z
113,20,13,,,2026-07-02T00:41:38Z
113,20,14,,,2026-07-02T00:41:38Z
113,20,15,,,2026-07-02T00:41:38Z
113,20,16,,,2026-07-02T00:41:38Z
113,20,17,,,2026-07-02T00:41:38Z
113,20,18,,,2026-07-02T00:41:38Z
113,20,19,,,2026-07-02T00:41:38Z
113,20,20,,,2026-07-02T00:41:38Z
113,20,3,,,2026-07-02T00:41:38Z
113,20,4,,,2026-07-02T00:41:38Z
113,20,5,,,2026-07-02T00:41:38Z
113,20,6,,,2026-07-02T00:41:38Z
113,20,7,,,2026-07-02T00:41:38Z
113,20,8,,,2026-07-02T00:41:38Z
113,20,9,,,2026-07-02T00:41:38Z
113,27,10,,,2026-07-02T00:41:38Z
113,27,11,,,2026-07-02T00:41:38Z
113,27,12,,,2026-07-02T00:41:38Z
113,27,13,,,2026-07-02T00:41:38Z
113,27,14,,,2026-07-02T00:41:38Z
113,27,15,,,2026-07-02T00:41:38Z
113,27,16,,,2026-07-02T00:41:38Z
113,27,17,,,2026-07-02T00:41:38Z
113,27,18,,,2026-07-02T00:41:38Z
113,27,19,,,2026-07-02T00:41:38Z
113,27,20,,,2026-07-02T00:41:38Z
113,27,3,,,2026-07-02T00:41:38Z
113,27,4,,,2026-07-02T00:41:38Z
113,27,5,,,2026-07-02T00:41:38Z
113,27,6,,,2026-07-02T00:41:38Z
113,27,7,,,2026-07-02T00:41:38Z
113,27,8,,,2026-07-02T00:41:38Z
113,27,9,,,2026-07-02T00:41:38Z
113,22,5,,,2026-07-02T00:41:38Z
113,22,6,,,2026-07-02T00:41:38Z
113,22,7,,,2026-07-02T00:41:38Z
113,23,10,,,2026-07-02T00:41:38Z
113,23,11,,,2026-07-02T00:41:38Z
113,23,12,,,2026-07-02T00:41:38Z
113,23,13,,,2026-07-02T00:41:38Z
113,23,14,,,2026-07-02T00:41:38Z
113,23,15,,,2026-07-02T00:41:38Z
113,23,16,,,2026-07-02T00:41:38Z
113,23,17,,,2026-07-02T00:41:38Z
113,23,18,,,2026-07-02T00:41:38Z
113,23,19,,,2026-07-02T00:41:38Z
113,23,20,,,2026-07-02T00:41:38Z
113,23,6,,,2026-07-02T00:41:38Z
113,23,7,,,2026-07-02T00:41:38Z
113,23,8,,,2026-07-02T00:41:38Z
113,23,9,,,2026-07-02T00:41:38Z
113,24,12,,,2026-07-02T00:41:38Z
113,24,13,,,2026-07-02T00:41:38Z
113,24,14,,,2026-07-02T00:41:38Z
113,24,15,,,2026-07-02T00:41:38Z
113,24,16,,,2026-07-02T00:41:38Z
113,24,17,,,2026-07-02T00:41:38Z
113,24,18,,,2026-07-02T00:41:38Z
113,25,11,,,2026-07-02T00:41:38Z
113,25,12,,,2026-07-02T00:41:38Z
113,25,13,,,2026-07-02T00:41:38Z
113,25,14,,,2026-07-02T00:41:38Z
113,25,15,,,2026-07-02T00:41:38Z
113,25,16,,,2026-07-02T00:41:38Z
113,25,17,,,2026-07-02T00:41:38Z
113,25,18,,,2026-07-02T00:41:38Z
113,26,10,,,2026-07-02T00:41:38Z
113,26,11,,,2026-07-02T00:41:38Z
113,26,12,,,2026-07-02T00:41:38Z
113,26,13,,,2026-07-02T00:41:38Z
113,26,14,,,2026-07-02T00:41:38Z
113,26,2,,,2026-07-02T00:41:38Z
113,26,3,,,2026-07-02T00:41:38Z
113,26,4,,,2026-07-02T00:41:38Z
113,26,5,,,2026-07-02T00:41:38Z
113,26,6,,,2026-07-02T00:41:38Z
113,26,7,,,2026-07-02T00:41:38Z
113,26,8,,,2026-07-02T00:41:38Z
113,26,9,,,2026-07-02T00:41:38Z
113,28,10,,,2026-07-02T00:41:38Z
113,28,11,,,2026-07-02T00:41:38Z
113,28,12,,,2026-07-02T00:41:38Z
113,28,13,,,2026-07-02T00:41:38Z
113,28,14,,,2026-07-02T00:41:38Z
113,28,15,,,2026-07-02T00:41:38Z
113,28,16,,,2026-07-02T00:41:38Z
113,28,17,,,2026-07-02T00:41:38Z
113,28,18,,,2026-07-02T00:41:38Z
113,28,19,,,2026-07-02T00:41:38Z
113,28,20,,,2026-07-02T00:41:38Z
113,28,3,,,2026-07-02T00:41:38Z
113,28,4,,,2026-07-02T00:41:38Z
113,28,5,,,2026-07-02T00:41:38Z
113,28,6,,,2026-07-02T00:41:38Z
113,28,7,,,2026-07-02T00:41:38Z
113,28,8,,,2026-07-02T00:41:38Z
113,28,9,,,2026-07-02T00:41:38Z
113,29,10,,,2026-07-02T00:41:38Z
113,29,15,,,2026-07-02T00:41:38Z
113,29,16,,,2026-07-02T00:41:38Z
113,29,5,,,2026-07-02T00:41:38Z
113,29,6,,,2026-07-02T00:41:38Z
113,29,7,,,2026-07-02T00:41:38Z
113,29,8,,,2026-07-02T00:41:38Z
113,29,9,,,2026-07-02T00:41:38Z
113,37,10,,,2026-07-02T00:41:38Z
113,37,11,,,2026-07-02T00:41:38Z
113,37,12,,,2026-07-02T00:41:38Z
113,37,13,,,2026-07-02T00:41:38Z
113,37,14,,,2026-07-02T00:41:38Z
113,37,15,,,2026-07-02T00:41:38Z
113,37,16,,,2026-07-02T00:41:38Z
113,37,17,,,2026-07-02T00:41:38Z
113,37,18,,,2026-07-02T00:41:38Z
113,37,19,,,2026-07-02T00:41:38Z
113,37,20,,,2026-07-02T00:41:38Z
113,37,3,,,2026-07-02T00:41:38Z
113,37,4,,,2026-07-02T00:41:38Z
113,37,5,,,2026-07-02T00:41:38Z
113,37,6,,,2026-07-02T00:41:38Z
113,37,7,,,2026-07-02T00:41:38Z
113,37,8,,,2026-07-02T00:41:38Z
113,37,9,,,2026-07-02T00:41:38Z
113,30,10,,,2026-07-02T00:41:38Z
113,30,11,,,2026-07-02T00:41:38Z
113,30,12,,,2026-07-02T00:41:38Z
113,30,13,,,2026-07-02T00:41:38Z
113,30,14,,,2026-07-02T00:41:38Z
113,30,15,,,2026-07-02T00:41:38Z
113,30,16,,,2026-07-02T00:41:38Z
113,30,3,,,2026-07-02T00:41:38Z
113,30,4,,,2026-07-02T00:41:38Z
113,30,5,,,2026-07-02T00:41:38Z
113,30,6,,,2026-07-02T00:41:38Z
113,30,7,,,2026-07-02T00:41:38Z
113,30,8,,,2026-07-02T00:41:38Z
113,30,9,,,2026-07-02T00:41:38Z
113,31,10,,,2026-07-02T00:41:38Z
113,31,11,,,2026-07-02T00:41:38Z
113,31,12,,,2026-07-02T00:41:38Z
113,31,13,,,2026-07-02T00:41:38Z
113,31,14,,,2026-07-02T00:41:38Z
113,31,15,,,2026-07-02T00:41:38Z
113,31,16,,,2026-07-02T00:41:38Z
113,31,2,,,2026-07-02T00:41:38Z
113,31,3,,,2026-07-02T00:41:38Z
113,31,4,,,2026-07-02T00:41:38Z
113,31,5,,,2026-07-02T00:41:38Z
113,31,6,,,2026-07-02T00:41:38Z
113,31,7,,,2026-07-02T00:41:38Z
113,31,8,,,2026-07-02T00:41:38Z
113,31,9,,,2026-07-02T00:41:38Z
113,32,10,,,2026-07-02T00:41:38Z
113,32,11,,,2026-07-02T00:41:38Z
113,32,12,,,2026-07-02T00:41:38Z
113,32,13,,,2026-07-02T00:41:38Z
113,32,14,,,2026-07-02T00:41:38Z
113,32,15,,,2026-07-02T00:41:38Z
113,32,16,,,2026-07-02T00:41:38Z
113,32,19,,,2026-07-02T00:41:38Z
113,32,20,,,2026-07-02T00:41:38Z
113,32,3,,,2026-07-02T00:41:38Z
113,32,4,,,2026-07-02T00:41:38Z
113,32,5,,,2026-07-02T00:41:38Z
113,32,6,,,2026-07-02T00:41:38Z
113,32,7,,,2026-07-02T00:41:38Z
113,32,8,,,2026-07-02T00:41:38Z
113,32,9,,,2026-07-02T00:41:38Z
113,33,10,,,2026-07-02T00:41:38Z
113,33,11,,,2026-07-02T00:41:38Z
113,33,12,,,2026-07-02T00:41:38Z
113,33,13,,,2026-07-02T00:41:38Z
113,33,14,,,2026-07-02T00:41:38Z
113,33,15,,,2026-07-02T00:41:38Z
113,33,16,,,2026-07-02T00:41:38Z
113,33,17,,,2026-07-02T00:41:38Z
113,33,18,,,2026-07-02T00:41:38Z
113,33,19,,,2026-07-02T00:41:38Z
113,33,20,,,2026-07-02T00:41:38Z
113,33,3,,,2026-07-02T00:41:38Z
113,33,4,,,2026-07-02T00:41:38Z
113,33,5,,,2026-07-02T00:41:38Z
113,33,6,,,2026-07-02T00:41:38Z
113,33,7,,,2026-07-02T00:41:38Z
113,33,8,,,2026-07-02T00:41:38Z
113,33,9,,,2026-07-02T00:41:38Z
113,34,10,,,2026-07-02T00:41:38Z
113,34,11,,,2026-07-02T00:41:38Z
113,34,12,,,2026-07-02T00:41:38Z
113,34,13,,,2026-07-02T00:41:38Z
113,34,14,,,2026-07-02T00:41:38Z
113,34,15,,,2026-07-02T00:41:38Z
113,34,16,,,2026-07-02T00:41:38Z
113,34,17,,,2026-07-02T00:41:38Z
113,34,18,,,2026-07-02T00:41:38Z
113,34,19,,,2026-07-02T00:41:38Z
113,34,20,,,2026-07-02T00:41:38Z
113,34,3,,,2026-07-02T00:41:38Z
113,34,4,,,2026-07-02T00:41:38Z
113,34,5,,,2026-07-02T00:41:38Z
113,34,6,,,2026-07-02T00:41:38Z
113,34,7,,,2026-07-02T00:41:38Z
113,34,8,,,2026-07-02T00:41:38Z
113,34,9,,,2026-07-02T00:41:38Z
113,35,10,,,2026-07-02T00:41:38Z
113,35,11,,,2026-07-02T00:41:38Z
113,35,12,,,2026-07-02T00:41:38Z
113,35,13,,,2026-07-02T00:41:38Z
113,35,14,,,2026-07-02T00:41:38Z
113,35,15,,,2026-07-02T00:41:38Z
113,35,16,,,2026-07-02T00:41:38Z
113,35,17,,,2026-07-02T00:41:38Z
113,35,18,,,2026-07-02T00:41:38Z
113,35,19,,,2026-07-02T00:41:38Z
113,35,20,,,2026-07-02T00:41:38Z
113,35,3,,,2026-07-02T00:41:38Z
113,35,4,,,2026-07-02T00:41:38Z
113,35,5,,,2026-07-02T00:41:38Z
113,35,6,,,2026-07-02T00:41:38Z
113,35,7,,,2026-07-02T00:41:38Z
113,35,8,,,2026-07-02T00:41:38Z
113,35,9,,,2026-07-02T00:41:38Z
113,36,10,,,2026-07-02T00:41:38Z
113,36,11,,,2026-07-02T00:41:38Z
113,36,12,,,2026-07-02T00:41:38Z
113,36,13,,,2026-07-02T00:41:38Z
113,36,14,,,2026-07-02T00:41:38Z
113,36,15,,,2026-07-02T00:41:38Z
113,36,16,,,2026-07-02T00:41:38Z
113,36,17,,,2026-07-02T00:41:38Z
113,36,18,,,2026-07-02T00:41:38Z
113,36,19,,,2026-07-02T00:41:38Z
113,36,20,,,2026-07-02T00:41:38Z
113,36,3,,,2026-07-02T00:41:38Z
113,36,4,,,2026-07-02T00:41:38Z
113,36,5,,,2026-07-02T00:41:38Z
113,36,6,,,2026-07-02T00:41:38Z
113,36,7,,,2026-07-02T00:41:38Z
113,36,8,,,2026-07-02T00:41:38Z
113,36,9,,,2026-07-02T00:41:38Z
113,38,10,,,2026-07-02T00:41:38Z
113,38,11,,,2026-07-02T00:41:38Z
113,38,12,,,2026-07-02T00:41:38Z
113,38,13,,,2026-07-02T00:41:38Z
113,38,14,,,2026-07-02T00:41:38Z
113,38,15,,,2026-07-02T00:41:38Z
113,38,16,,,2026-07-02T00:41:38Z
113,38,17,,,2026-07-02T00:41:38Z
113,38,18,,,2026-07-02T00:41:38Z
113,38,19,,,2026-07-02T00:41:38Z
113,38,20,,,2026-07-02T00:41:38Z
113,38,3,,,2026-07-02T00:41:38Z
113,38,4,,,2026-07-02T00:41:38Z
113,38,5,,,2026-07-02T00:41:38Z
113,38,6,,,2026-07-02T00:41:38Z
113,38,7,,,2026-07-02T00:41:38Z
113,38,8,,,2026-07-02T00:41:38Z
113,38,9,,,2026-07-02T00:41:38Z
113,39,10,,,2026-07-02T00:41:38Z
113,39,11,,,2026-07-02T00:41:38Z
113,39,12,,,2026-07-02T00:41:38Z
113,39,13,,,2026-07-02T00:41:38Z
113,39,14,,,2026-07-02T00:41:38Z
113,39,15,,,2026-07-02T00:41:38Z
113,39,16,,,2026-07-02T00:41:38Z
113,39,17,,,2026-07-02T00:41:38Z
113,39,18,,,2026-07-02T00:41:38Z
113,39,19,,,2026-07-02T00:41:38Z
113,39,20,,,2026-07-02T00:41:38Z
113,39,3,,,2026-07-02T00:41:38Z
113,39,4,,,2026-07-02T00:41:38Z
113,39,5,,,2026-07-02T00:41:38Z
113,39,6,,,2026-07-02T00:41:38Z
113,39,7,,,2026-07-02T00:41:38Z
113,39,8,,,2026-07-02T00:41:38Z
113,39,9,,,2026-07-02T00:41:38Z
113W,40,10,,,2026-07-02T00:41:38Z
113W,40,11,,,2026-07-02T00:41:38Z
113W,40,7,,,2026-07-02T00:41:38Z
113W,40,8,,,2026-07-02T00:41:38Z
113W,40,9,,,2026-07-02T00:41:38Z
114,17,10,,,2026-07-02T00:41:38Z
114,17,11,,,2026-07-02T00:41:38Z
114,17,12,,,2026-07-02T00:41:38Z
114,17,13,,,2026-07-02T00:41:38Z
114,17,14,,,2026-07-02T00:41:38Z
114,17,15,,,2026-07-02T00:41:38Z
114,17,16,,,2026-07-02T00:41:38Z
114,17,17,,,2026-07-02T00:41:38Z
114,17,3,,,2026-07-02T00:41:38Z
114,17,4,,,2026-07-02T00:41:38Z
114,17,5,,,2026-07-02T00:41:38Z
114,17,6,,,2026-07-02T00:41:38Z
114,17,7,,,2026-07-02T00:41:38Z
114,17,8,,,2026-07-02T00:41:38Z
114,17,9,,,2026-07-02T00:41:38Z
114,11,10,,,2026-07-02T00:41:38Z
114,11,11,,,2026-07-02T00:41:38Z
114,11,12,,,2026-07-02T00:41:38Z
114,11,13,,,2026-07-02T00:41:38Z
114,11,9,,,2026-07-02T00:41:38Z
114,12,10,,,2026-07-02T00:41:38Z
114,12,11,,,2026-07-02T00:41:38Z
114,12,12,,,2026-07-02T00:41:38Z
114,12,13,,,2026-07-02T00:41:38Z
114,12,5,,,2026-07-02T00:41:38Z
114,12,6,,,2026-07-02T00:41:38Z
114,12,7,,,2026-07-02T00:41:38Z
114,12,8,,,2026-07-02T00:41:38Z
114,12,9,,,2026-07-02T00:41:38Z
114,13,10,,,2026-07-02T00:41:38Z
114,13,11,,,2026-07-02T00:41:38Z
114,13,12,,,2026-07-02T00:41:38Z
114,13,13,,,2026-07-02T00:41:38Z
114,13,6,,,2026-07-02T00:41:38Z
114,13,7,,,2026-07-02T00:41:38Z
114,13,8,,,2026-07-02T00:41:38Z
114,13,9,,,2026-07-02T00:41:38Z
114,14,3,,,2026-07-02T00:41:38Z
114,14,4,,,2026-07-02T00:41:38Z
114,14,5,,,2026-07-02T00:41:38Z
114,14,6,,,2026-07-02T00:41:38Z
114,14,7,,,2026-07-02T00:41:38Z
114,14,8,,,2026-07-02T00:41:38Z
114,15,10,,,2026-07-02T00:41:38Z
114,15,11,,,2026-07-02T00:41:38Z
114,15,13,,,2026-07-02T00:41:38Z
114,15,14,,,2026-07-02T00:41:38Z
114,15,3,,,2026-07-02T00:41:38Z
114,15,4,,,2026-07-02T00:41:38Z
114,15,5,,,2026-07-02T00:41:38Z
114,15,6,,,2026-07-02T00:41:38Z
114,15,7,,,2026-07-02T00:41:38Z
114,15,8,,,2026-07-02T00:41:38Z
114,15,9,,,2026-07-02T00:41:38Z
114,16,10,,,2026-07-02T00:41:38Z
114,16,11,,,2026-07-02T00:41:38Z
114,16,12,,,2026-07-02T00:41:38Z
114,16,13,,,2026-07-02T00:41:38Z
114,16,14,,,2026-07-02T00:41:38Z
114,16,3,,,2026-07-02T00:41:38Z
114,16,4,,,2026-07-02T00:41:38Z
114,16,5,,,2026-07-02T00:41:38Z
114,16,6,,,2026-07-02T00:41:38Z
114,16,7,,,2026-07-02T00:41:38Z
114,16,8,,,2026-07-02T00:41:38Z
114,16,9,,,2026-07-02T00:41:38Z
114,18,10,,,2026-07-02T00:41:38Z
114,18,11,,,2026-07-02T00:41:38Z
114,18,12,,,2026-07-02T00:41:38Z
114,18,13,,,2026-07-02T00:41:38Z
114,18,2,,,2026-07-02T00:41:38Z
114,18,3,,,2026-07-02T00:41:38Z
114,18,4,,,2026-07-02T00:41:38Z
114,18,5,,,2026-07-02T00:41:38Z
114,18,6,,,2026-07-02T00:41:38Z
114,18,7,,,2026-07-02T00:41:38Z
114,18,8,,,2026-07-02T00:41:38Z
114,18,9,,,2026-07-02T00:41:38Z
114,19,10,,,2026-07-02T00:41:38Z
114,19,11,,,2026-07-02T00:41:38Z
114,19,12,,,2026-07-02T00:41:38Z
114,19,13,,,2026-07-02T00:41:38Z
114,19,14,,,2026-07-02T00:41:38Z
114,19,15,,,2026-07-02T00:41:38Z
114,19,16,,,2026-07-02T00:41:38Z
114,19,2,,,2026-07-02T00:41:38Z
114,19,3,,,2026-07-02T00:41:38Z
114,19,4,,,2026-07-02T00:41:38Z
114,19,5,,,2026-07-02T00:41:38Z
114,19,6,,,2026-07-02T00:41:38Z
114,19,7,,,2026-07-02T00:41:38Z
114,19,8,,,2026-07-02T00:41:38Z
114,19,9,,,2026-07-02T00:41:38Z
114,20,10,,,2026-07-02T00:41:38Z
114,20,11,,,2026-07-02T00:41:38Z
114,20,12,,,2026-07-02T00:41:38Z
114,20,13,,,2026-07-02T00:41:38Z
114,20,14,,,2026-07-02T00:41:38Z
114,20,15,,,2026-07-02T00:41:38Z
114,20,16,,,2026-07-02T00:41:38Z
114,20,2,,,2026-07-02T00:41:38Z
114,20,3,,,2026-07-02T00:41:38Z
114,20,4,,,2026-07-02T00:41:38Z
114,20,5,,,2026-07-02T00:41:38Z
114,20,6,,,2026-07-02T00:41:38Z
114,20,7,,,2026-07-02T00:41:38Z
114,20,8,,,2026-07-02T00:41:38Z
114,20,9,,,2026-07-02T00:41:38Z
114,27,10,,,2026-07-02T00:41:38Z
114,27,11,,,2026-07-02T00:41:38Z
114,27,12,,,2026-07-02T00:41:38Z
114,27,13,,,2026-07-02T00:41:38Z
114,27,14,,,2026-07-02T00:41:38Z
114,27,17,,,2026-07-02T00:41:38Z
114,27,18,,,2026-07-02T00:41:38Z
114,27,19,,,2026-07-02T00:41:38Z
114,27,20,,,2026-07-02T00:41:38Z
114,27,3,,,2026-07-02T00:41:38Z
114,27,4,,,2026-07-02T00:41:38Z
114,27,5,,,2026-07-02T00:41:38Z
114,27,6,,,2026-07-02T00:41:38Z
114,27,7,,,2026-07-02T00:41:38Z
114,27,8,,,2026-07-02T00:41:38Z
114,27,9,,,2026-07-02T00:41:38Z
114,23,15,,,2026-07-02T00:41:38Z
114,23,16,,,2026-07-02T00:41:38Z
114,23,17,,,2026-07-02T00:41:38Z
114,24,10,,,2026-07-02T00:41:38Z
114,24,11,,,2026-07-02T00:41:38Z
114,24,2,,,2026-07-02T00:41:38Z
114,24,3,,,2026-07-02T00:41:38Z
114,24,4,,,2026-07-02T00:41:38Z
114,24,9,,,2026-07-02T00:41:38Z
114,25,17,,,2026-07-02T00:41:38Z
114,25,18,,,2026-07-02T00:41:38Z
114,25,19,,,2026-07-02T00:41:38Z
114,25,20,,,2026-07-02T00:41:38Z
114,25,5,,,2026-07-02T00:41:38Z
114,25,6,,,2026-07-02T00:41:38Z
114,25,7,,,2026-07-02T00:41:38Z
114,25,8,,,2026-07-02T00:41:38Z
114,28,6,,,2026-07-02T00:41:38Z
114,28,7,,,2026-07-02T00:41:38Z
114,28,8,,,2026-07-02T00:41:38Z
114,28,9,,,2026-07-02T00:41:38Z
114,29,10,,,2026-07-02T00:41:38Z
114,29,11,,,2026-07-02T00:41:38Z
114,29,12,,,2026-07-02T00:41:38Z
114,29,13,,,2026-07-02T00:41:38Z
114,29,14,,,2026-07-02T00:41:38Z
114,29,15,,,2026-07-02T00:41:38Z
114,29,16,,,2026-07-02T00:41:38Z
114,29,17,,,2026-07-02T00:41:38Z
114,29,6,,,2026-07-02T00:41:38Z
114,29,7,,,2026-07-02T00:41:38Z
114,29,8,,,2026-07-02T00:41:38Z
114,29,9,,,2026-07-02T00:41:38Z
114,37,10,,,2026-07-02T00:41:38Z
114,37,11,,,2026-07-02T00:41:38Z
114,37,12,,,2026-07-02T00:41:38Z
114,37,13,,,2026-07-02T00:41:38Z
114,37,14,,,2026-07-02T00:41:38Z
114,37,15,,,2026-07-02T00:41:38Z
114,37,16,,,2026-07-02T00:41:38Z
114,37,17,,,2026-07-02T00:41:38Z
114,37,18,,,2026-07-02T00:41:38Z
114,37,19,,,2026-07-02T00:41:38Z
114,37,20,,,2026-07-02T00:41:38Z
114,37,21,,,2026-07-02T00:41:38Z
114,37,22,,,2026-07-02T00:41:38Z
114,37,23,,,2026-07-02T00:41:38Z
114,37,24,,,2026-07-02T00:41:38Z
114,37,3,,,2026-07-02T00:41:38Z
114,37,4,,,2026-07-02T00:41:38Z
114,37,5,,,2026-07-02T00:41:38Z
114,37,6,,,2026-07-02T00:41:38Z
114,37,7,,,2026-07-02T00:41:38Z
114,37,8,,,2026-07-02T00:41:38Z
114,37,9,,,2026-07-02T00:41:38Z
114,30,10,,,2026-07-02T00:41:38Z
114,30,11,,,2026-07-02T00:41:38Z
114,30,12,,,2026-07-02T00:41:38Z
114,30,13,,,2026-07-02T00:41:38Z
114,30,14,,,2026-07-02T00:41:38Z
114,30,15,,,2026-07-02T00:41:38Z
114,30,16,,,2026-07-02T00:41:38Z
114,30,17,,,2026-07-02T00:41:38Z
114,30,18,,,2026-07-02T00:41:38Z
114,30,19,,,2026-07-02T00:41:38Z
114,30,20,,,2026-07-02T00:41:38Z
114,30,21,,,2026-07-02T00:41:38Z
114,30,4,,,2026-07-02T00:41:38Z
114,30,5,,,2026-07-02T00:41:38Z
114,30,6,,,2026-07-02T00:41:38Z
114,30,7,,,2026-07-02T00:41:38Z
114,30,8,,,2026-07-02T00:41:38Z
114,30,9,,,2026-07-02T00:41:38Z
114,31,10,,,2026-07-02T00:41:38Z
114,31,11,,,2026-07-02T00:41:38Z
114,31,12,,,2026-07-02T00:41:38Z
114,31,13,,,2026-07-02T00:41:38Z
114,31,14,,,2026-07-02T00:41:38Z
114,31,15,,,2026-07-02T00:41:38Z
114,31,16,,,2026-07-02T00:41:38Z
114,31,17,,,2026-07-02T00:41:38Z
114,31,18,,,2026-07-02T00:41:38Z
114,31,19,,,2026-07-02T00:41:38Z
114,31,20,,,2026-07-02T00:41:38Z
114,31,21,,,2026-07-02T00:41:38Z
114,31,22,,,2026-07-02T00:41:38Z
114,31,3,,,2026-07-02T00:41:38Z
114,31,4,,,2026-07-02T00:41:38Z
114,31,5,,,2026-07-02T00:41:38Z
114,31,6,,,2026-07-02T00:41:38Z
114,31,7,,,2026-07-02T00:41:38Z
114,31,8,,,2026-07-02T00:41:38Z
114,31,9,,,2026-07-02T00:41:38Z
114,32,10,,,2026-07-02T00:41:38Z
114,32,11,,,2026-07-02T00:41:38Z
114,32,12,,,2026-07-02T00:41:38Z
114,32,13,,,2026-07-02T00:41:38Z
114,32,14,,,2026-07-02T00:41:38Z
114,32,15,,,2026-07-02T00:41:38Z
114,32,16,,,2026-07-02T00:41:38Z
114,32,17,,,2026-07-02T00:41:38Z
114,32,18,,,2026-07-02T00:41:38Z
114,32,19,,,2026-07-02T00:41:38Z
114,32,20,,,2026-07-02T00:41:38Z
114,32,21,,,2026-07-02T00:41:38Z
114,32,22,,,2026-07-02T00:41:38Z
114,32,3,,,2026-07-02T00:41:38Z
114,32,4,,,2026-07-02T00:41:38Z
114,32,5,,,2026-07-02T00:41:38Z
114,32,6,,,2026-07-02T00:41:38Z
114,32,7,,,2026-07-02T00:41:38Z
114,32,8,,,2026-07-02T00:41:38Z
114,32,9,,,2026-07-02T00:41:38Z
114,33,10,,,2026-07-02T00:41:38Z
114,33,11,,,2026-07-02T00:41:38Z
114,33,12,,,2026-07-02T00:41:38Z
114,33,13,,,2026-07-02T00:41:38Z
114,33,14,,,2026-07-02T00:41:38Z
114,33,15,,,2026-07-02T00:41:38Z
114,33,16,,,2026-07-02T00:41:38Z
114,33,17,,,2026-07-02T00:41:38Z
114,33,18,,,2026-07-02T00:41:38Z
114,33,19,,,2026-07-02T00:41:38Z
114,33,20,,,2026-07-02T00:41:38Z
114,33,21,,,2026-07-02T00:41:38Z
114,33,22,,,2026-07-02T00:41:38Z
114,33,23,,,2026-07-02T00:41:38Z
114,33,3,,,2026-07-02T00:41:38Z
114,33,4,,,2026-07-02T00:41:38Z
114,33,5,,,2026-07-02T00:41:38Z
114,33,6,,,2026-07-02T00:41:38Z
114,33,7,,,2026-07-02T00:41:38Z
114,33,8,,,2026-07-02T00:41:38Z
114,33,9,,,2026-07-02T00:41:38Z
114,34,15,,,2026-07-02T00:41:38Z
114,34,16,,,2026-07-02T00:41:38Z
114,34,17,,,2026-07-02T00:41:38Z
114,34,18,,,2026-07-02T00:41:38Z
114,34,19,,,2026-07-02T00:41:38Z
114,34,20,,,2026-07-02T00:41:38Z
114,34,21,,,2026-07-02T00:41:38Z
114,34,22,,,2026-07-02T00:41:38Z
114,34,23,,,2026-07-02T00:41:38Z
114,35,10,,,2026-07-02T00:41:38Z
114,35,11,,,2026-07-02T00:41:38Z
114,35,12,,,2026-07-02T00:41:38Z
114,35,13,,,2026-07-02T00:41:38Z
114,35,14,,,2026-07-02T00:41:38Z
114,35,15,,,2026-07-02T00:41:38Z
114,35,16,,,2026-07-02T00:41:38Z
114,35,17,,,2026-07-02T00:41:38Z
114,35,18,,,2026-07-02T00:41:38Z
114,35,19,,,2026-07-02T00:41:38Z
114,35,20,,,2026-07-02T00:41:38Z
114,35,21,,,2026-07-02T00:41:38Z
114,35,22,,,2026-07-02T00:41:38Z
114,35,23,,,2026-07-02T00:41:38Z
114,35,3,,,2026-07-02T00:41:38Z
114,35,4,,,2026-07-02T00:41:38Z
114,35,5,,,2026-07-02T00:41:38Z
114,35,6,,,2026-07-02T00:41:38Z
114,35,7,,,2026-07-02T00:41:38Z
114,35,8,,,2026-07-02T00:41:38Z
114,35,9,,,2026-07-02T00:41:38Z
114,36,10,,,2026-07-02T00:41:38Z
114,36,11,,,2026-07-02T00:41:38Z
114,36,12,,,2026-07-02T00:41:38Z
114,36,13,,,2026-07-02T00:41:38Z
114,36,14,,,2026-07-02T00:41:38Z
114,36,15,,,2026-07-02T00:41:38Z
114,36,16,,,2026-07-02T00:41:38Z
114,36,17,,,2026-07-02T00:41:38Z
114,36,18,,,2026-07-02T00:41:38Z
114,36,19,,,2026-07-02T00:41:38Z
114,36,20,,,2026-07-02T00:41:38Z
114,36,21,,,2026-07-02T00:41:38Z
114,36,22,,,2026-07-02T00:41:38Z
114,36,23,,,2026-07-02T00:41:38Z
114,36,24,,,2026-07-02T00:41:38Z
114,36,3,,,2026-07-02T00:41:38Z
114,36,4,,,2026-07-02T00:41:38Z
114,36,5,,,2026-07-02T00:41:38Z
114,36,6,,,2026-07-02T00:41:38Z
114,36,7,,,2026-07-02T00:41:38Z
114,36,8,,,2026-07-02T00:41:38Z
114,36,9,,,2026-07-02T00:41:38Z
114,38,10,,,2026-07-02T00:41:38Z
114,38,11,,,2026-07-02T00:41:38Z
114,38,12,,,2026-07-02T00:41:38Z
114,38,13,,,2026-07-02T00:41:38Z
114,38,14,,,2026-07-02T00:41:38Z
114,38,15,,,2026-07-02T00:41:38Z
114,38,16,,,2026-07-02T00:41:38Z
114,38,17,,,2026-07-02T00:41:38Z
114,38,18,,,2026-07-02T00:41:38Z
114,38,19,,,2026-07-02T00:41:38Z
114,38,20,,,2026-07-02T00:41:38Z
114,38,21,,,2026-07-02T00:41:38Z
114,38,22,,,2026-07-02T00:41:38Z
114,38,23,,,2026-07-02T00:41:38Z
114,38,24,,,2026-07-02T00:41:38Z
114,38,3,,,2026-07-02T00:41:38Z
114,38,4,,,2026-07-02T00:41:38Z
114,38,5,,,2026-07-02T00:41:38Z
114,38,6,,,2026-07-02T00:41:38Z
114,38,7,,,2026-07-02T00:41:38Z
114,38,8,,,2026-07-02T00:41:38Z
114,38,9,,,2026-07-02T00:41:38Z
114,39,10,,,2026-07-02T00:41:38Z
114,39,11,,,2026-07-02T00:41:38Z
114,39,12,,,2026-07-02T00:41:38Z
114,39,13,,,2026-07-02T00:41:38Z
114,39,14,,,2026-07-02T00:41:38Z
114,39,15,,,2026-07-02T00:41:38Z
114,39,16,,,2026-07-02T00:41:38Z
114,39,17,,,2026-07-02T00:41:38Z
114,39,18,,,2026-07-02T00:41:38Z
114,39,19,,,2026-07-02T00:41:38Z
114,39,20,,,2026-07-02T00:41:38Z
114,39,21,,,2026-07-02T00:41:38Z
114,39,22,,,2026-07-02T00:41:38Z
114,39,23,,,2026-07-02T00:41:38Z
114,39,24,,,2026-07-02T00:41:38Z
114,39,25,,,2026-07-02T00:41:38Z
114,39,3,,,2026-07-02T00:41:38Z
114,39,4,,,2026-07-02T00:41:38Z
114,39,5,,,2026-07-02T00:41:38Z
114,39,6,,,2026-07-02T00:41:38Z
114,39,7,,,2026-07-02T00:41:38Z
114,39,8,,,2026-07-02T00:41:38Z
114,39,9,,,2026-07-02T00:41:38Z
114W,40,1,,,2026-07-02T00:41:38Z
114W,40,2,,,2026-07-02T00:41:38Z
114W,40,3,,,2026-07-02T00:41:38Z
114W,40,4,,,2026-07-02T00:41:38Z
114W,40,5,,,2026-07-02T00:41:38Z
114W,40,6,,,2026-07-02T00:41:38Z
115,27,10,,,2026-07-02T00:41:38Z
115,27,11,,,2026-07-02T00:41:38Z
115,27,12,,,2026-07-02T00:41:38Z
115,27,13,,,2026-07-02T00:41:38Z
115,27,14,,,2026-07-02T00:41:38Z
115,27,15,,,2026-07-02T00:41:38Z
115,27,16,,,2026-07-02T00:41:38Z
115,27,17,,,2026-07-02T00:41:38Z
115,27,18,,,2026-07-02T00:41:38Z
115,27,2,,,2026-07-02T00:41:38Z
115,27,3,,,2026-07-02T00:41:38Z
115,27,4,,,2026-07-02T00:41:38Z
115,27,5,,,2026-07-02T00:41:38Z
115,27,6,,,2026-07-02T00:41:38Z
115,27,7,,,2026-07-02T00:41:38Z
115,27,8,,,2026-07-02T00:41:38Z
115,27,9,,,2026-07-02T00:41:38Z
115,23,11,,,2026-07-02T00:41:38Z
115,23,12,,,2026-07-02T00:41:38Z
115,23,13,,,2026-07-02T00:41:38Z
115,23,14,,,2026-07-02T00:41:38Z
115,23,15,,,2026-07-02T00:41:38Z
115,23,16,,,2026-07-02T00:41:38Z
115,24,10,,,2026-07-02T00:41:38Z
115,24,11,,,2026-07-02T00:41:38Z
115,24,12,,,2026-07-02T00:41:38Z
115,24,13,,,2026-07-02T00:41:38Z
115,24,14,,,2026-07-02T00:41:38Z
115,24,3,,,2026-07-02T00:41:38Z
115,24,4,,,2026-07-02T00:41:38Z
115,24,5,,,2026-07-02T00:41:38Z
115,24,6,,,2026-07-02T00:41:38Z
115,24,7,,,2026-07-02T00:41:38Z
115,24,8,,,2026-07-02T00:41:38Z
115,24,9,,,2026-07-02T00:41:38Z
115,25,10,,,2026-07-02T00:41:38Z
115,25,11,,,2026-07-02T00:41:38Z
115,25,12,,,2026-07-02T00:41:38Z
115,25,13,,,2026-07-02T00:41:38Z
115,25,14,,,2026-07-02T00:41:38Z
115,25,15,,,2026-07-02T00:41:38Z
115,25,16,,,2026-07-02T00:41:38Z
115,25,7,,,2026-07-02T00:41:38Z
115,25,8,,,2026-07-02T00:41:38Z
115,25,9,,,2026-07-02T00:41:38Z
115,26,10,,,2026-07-02T00:41:38Z
115,26,11,,,2026-07-02T00:41:38Z
115,26,12,,,2026-07-02T00:41:38Z
115,26,13,,,2026-07-02T00:41:38Z
115,26,14,,,2026-07-02T00:41:38Z
115,26,15,,,2026-07-02T00:41:38Z
115,26,16,,,2026-07-02T00:41:38Z
115,26,17,,,2026-07-02T00:41:38Z
115,26,18,,,2026-07-02T00:41:38Z
115,26,2,,,2026-07-02T00:41:38Z
115,26,3,,,2026-07-02T00:41:38Z
115,26,4,,,2026-07-02T00:41:38Z
115,26,5,,,2026-07-02T00:41:38Z
115,26,6,,,2026-07-02T00:41:38Z
115,26,7,,,2026-07-02T00:41:38Z
115,26,8,,,2026-07-02T00:41:38Z
115,26,9,,,2026-07-02T00:41:38Z
115,28,15,,,2026-07-02T00:41:38Z
115,28,16,,,2026-07-02T00:41:38Z
115,28,17,,,2026-07-02T00:41:38Z
115,28,18,,,2026-07-02T00:41:38Z
115,28,19,,,2026-07-02T00:41:38Z
115,28,20,,,2026-07-02T00:41:38Z
115,28,3,,,2026-07-02T00:41:38Z
115,28,4,,,2026-07-02T00:41:38Z
115,29,10,,,2026-07-02T00:41:38Z
115,29,11,,,2026-07-02T00:41:38Z
115,29,12,,,2026-07-02T00:41:38Z
115,29,13,,,2026-07-02T00:41:38Z
115,29,14,,,2026-07-02T00:41:38Z
115,29,15,,,2026-07-02T00:41:38Z
115,29,16,,,2026-07-02T00:41:38Z
115,29,17,,,2026-07-02T00:41:38Z
115,29,18,,,2026-07-02T00:41:38Z
115,29,19,,,2026-07-02T00:41:38Z
115,29,20,,,2026-07-02T00:41:38Z
115,29,3,,,2026-07-02T00:41:38Z
115,29,4,,,2026-07-02T00:41:38Z
115,29,5,,,2026-07-02T00:41:38Z
115,29,6,,,2026-07-02T00:41:38Z
115,29,7,,,2026-07-02T00:41:38Z
115,29,8,,,2026-07-02T00:41:38Z
115,29,9,,,2026-07-02T00:41:38Z
115,30,10,,,2026-07-02T00:41:38Z
115,30,11,,,2026-07-02T00:41:38Z
115,30,12,,,2026-07-02T00:41:38Z
115,30,13,,,2026-07-02T00:41:38Z
115,30,14,,,2026-07-02T00:41:38Z
115,30,15,,,2026-07-02T00:41:38Z
115,30,16,,,2026-07-02T00:41:38Z
115,30,17,,,2026-07-02T00:41:38Z
115,30,18,,,2026-07-02T00:41:38Z
115,30,19,,,2026-07-02T00:41:38Z
115,30,20,,,2026-07-02T00:41:38Z
115,30,3,,,2026-07-02T00:41:38Z
115,30,4,,,2026-07-02T00:41:38Z
115,30,5,,,2026-07-02T00:41:38Z
115,30,6,,,2026-07-02T00:41:38Z
115,30,7,,,2026-07-02T00:41:38Z
115,30,8,,,2026-07-02T00:41:38Z
115,30,9,,,2026-07-02T00:41:38Z
115,31,10,,,2026-07-02T00:41:38Z
115,31,11,,,2026-07-02T00:41:38Z
115,31,12,,,2026-07-02T00:41:38Z
115,31,13,,,2026-07-02T00:41:38Z
115,31,14,,,2026-07-02T00:41:38Z
115,31,15,,,2026-07-02T00:41:38Z
115,31,16,,,2026-07-02T00:41:38Z
115,31,17,,,2026-07-02T00:41:38Z
115,31,18,,,2026-07-02T00:41:38Z
115,31,19,,,2026-07-02T00:41:38Z
115,31,20,,,2026-07-02T00:41:38Z
115,31,3,,,2026-07-02T00:41:38Z
115,31,4,,,2026-07-02T00:41:38Z
115,31,5,,,2026-07-02T00:41:38Z
115,31,6,,,2026-07-02T00:41:38Z
115,31,7,,,2026-07-02T00:41:38Z
115,31,8,,,2026-07-02T00:41:38Z
115,31,9,,,2026-07-02T00:41:38Z
115,32,10,,,2026-07-02T00:41:38Z
115,32,11,,,2026-07-02T00:41:38Z
115,32,12,,,2026-07-02T00:41:38Z
115,32,13,,,2026-07-02T00:41:38Z
115,32,14,,,2026-07-02T00:41:38Z
115,32,15,,,2026-07-02T00:41:38Z
115,32,16,,,2026-07-02T00:41:38Z
115,32,17,,,2026-07-02T00:41:38Z
115,32,18,,,2026-07-02T00:41:38Z
115,32,19,,,2026-07-02T00:41:38Z
115,32,20,,,2026-07-02T00:41:38Z
115,32,3,,,2026-07-02T00:41:38Z
115,32,4,,,2026-07-02T00:41:38Z
115,32,5,,,2026-07-02T00:41:38Z
115,32,6,,,2026-07-02T00:41:38Z
115,32,7,,,2026-07-02T00:41:38Z
115,32,8,,,2026-07-02T00:41:38Z
115,32,9,,,2026-07-02T00:41:38Z
115,35,10,,,2026-07-02T00:41:38Z
115,35,11,,,2026-07-02T00:41:38Z
115,35,12,,,2026-07-02T00:41:38Z
115,35,13,,,2026-07-02T00:41:38Z
115,35,14,,,2026-07-02T00:41:38Z
115,35,15,,,2026-07-02T00:41:38Z
115,35,16,,,2026-07-02T00:41:38Z
115,35,17,,,2026-07-02T00:41:38Z
115,35,18,,,2026-07-02T00:41:38Z
115,35,19,,,2026-07-02T00:41:38Z
115,35,20,,,2026-07-02T00:41:38Z
115,35,3,,,2026-07-02T00:41:38Z
115,35,4,,,2026-07-02T00:41:38Z
115,35,5,,,2026-07-02T00:41:38Z
115,35,6,,,2026-07-02T00:41:38Z
115,35,7,,,2026-07-02T00:41:38Z
115,35,8,,,2026-07-02T00:41:38Z
115,35,9,,,2026-07-02T00:41:38Z
115,36,10,,,2026-07-02T00:41:38Z
115,36,9,,,2026-07-02T00:41:38Z
115,38,10,,,2026-07-02T00:41:38Z
115,38,11,,,2026-07-02T00:41:38Z
115,38,12,,,2026-07-02T00:41:38Z
115,38,13,,,2026-07-02T00:41:38Z
115,38,14,,,2026-07-02T00:41:38Z
115,38,15,,,2026-07-02T00:41:38Z
115,38,16,,,2026-07-02T00:41:38Z
115,38,5,,,2026-07-02T00:41:38Z
115,38,6,,,2026-07-02T00:41:38Z
115,38,7,,,2026-07-02T00:41:38Z
115,38,8,,,2026-07-02T00:41:38Z
115,38,9,,,2026-07-02T00:41:38Z
115,39,10,,,2026-07-02T00:41:38Z
115,39,13,,,2026-07-02T00:41:38Z
115,39,14,,,2026-07-02T00:41:38Z
115,39,15,,,2026-07-02T00:41:38Z
115,39,16,,,2026-07-02T00:41:38Z
115,39,5,,,2026-07-02T00:41:38Z
115,39,6,,,2026-07-02T00:41:38Z
115,39,7,,,2026-07-02T00:41:38Z
115,39,8,,,2026-07-02T00:41:38Z
115,39,9,,,2026-07-02T00:41:38Z
115W,40,10,,,2026-07-02T00:41:38Z
115W,40,11,,,2026-07-02T00:41:38Z
116,26,10,,,2026-07-02T00:41:38Z
116,26,11,,,2026-07-02T00:41:38Z
116,26,12,,,2026-07-02T00:41:38Z
116,26,13,,,2026-07-02T00:41:38Z
116,26,14,,,2026-07-02T00:41:38Z
116,26,8,,,2026-07-02T00:41:38Z
116,26,9,,,2026-07-02T00:41:38Z
116,28,10,,,2026-07-02T00:41:38Z
116,28,11,,,2026-07-02T00:41:38Z
116,28,12,,,2026-07-02T00:41:38Z
116,28,13,,,2026-07-02T00:41:38Z
116,28,14,,,2026-07-02T00:41:38Z
116,28,15,,,2026-07-02T00:41:38Z
116,28,16,,,2026-07-02T00:41:38Z
116,28,17,,,2026-07-02T00:41:38Z
116,28,18,,,2026-07-02T00:41:38Z
116,28,4,,,2026-07-02T00:41:38Z
116,28,5,,,2026-07-02T00:41:38Z
116,28,8,,,2026-07-02T00:41:38Z
116,28,9,,,2026-07-02T00:41:38Z
116,29,13,,,2026-07-02T00:41:38Z
116,29,14,,,2026-07-02T00:41:38Z
116,29,15,,,2026-07-02T00:41:38Z
116,29,16,,,2026-07-02T00:41:38Z
116,29,17,,,2026-07-02T00:41:38Z
116,37,10,,,2026-07-02T00:41:38Z
116,37,11,,,2026-07-02T00:41:38Z
116,37,12,,,2026-07-02T00:41:38Z
116,37,13,,,2026-07-02T00:41:38Z
116,37,14,,,2026-07-02T00:41:38Z
116,37,15,,,2026-07-02T00:41:38Z
116,37,16,,,2026-07-02T00:41:38Z
116,37,17,,,2026-07-02T00:41:38Z
116,37,18,,,2026-07-02T00:41:38Z
116,37,19,,,2026-07-02T00:41:38Z
116,37,20,,,2026-07-02T00:41:38Z
116,37,3,,,2026-07-02T00:41:38Z
116,37,4,,,2026-07-02T00:41:38Z
116,37,5,,,2026-07-02T00:41:38Z
116,37,6,,,2026-07-02T00:41:38Z
116,37,7,,,2026-07-02T00:41:38Z
116,37,8,,,2026-07-02T00:41:38Z
116,37,9,,,2026-07-02T00:41:38Z
116,36,10,,,2026-07-02T00:41:38Z
116,36,11,,,2026-07-02T00:41:38Z
116,36,12,,,2026-07-02T00:41:38Z
116,36,13,,,2026-07-02T00:41:38Z
116,36,14,,,2026-07-02T00:41:38Z
116,36,15,,,2026-07-02T00:41:38Z
116,36,16,,,2026-07-02T00:41:38Z
116,36,17,,,2026-07-02T00:41:38Z
116,36,18,,,2026-07-02T00:41:38Z
116,36,19,,,2026-07-02T00:41:38Z
116,36,20,,,2026-07-02T00:41:38Z
116,38,10,,,2026-07-02T00:41:38Z
116,38,11,,,2026-07-02T00:41:38Z
116,38,12,,,2026-07-02T00:41:38Z
116,38,13,,,2026-07-02T00:41:38Z
116,38,14,,,2026-07-02T00:41:38Z
116,38,15,,,2026-07-02T00:41:38Z
116,38,16,,,2026-07-02T00:41:38Z
116,38,17,,,2026-07-02T00:41:38Z
116,38,18,,,2026-07-02T00:41:38Z
116,38,19,,,2026-07-02T00:41:38Z
116,38,20,,,2026-07-02T00:41:38Z
116,38,3,,,2026-07-02T00:41:38Z
116,38,4,,,2026-07-02T00:41:38Z
116,38,5,,,2026-07-02T00:41:38Z
116,38,6,,,2026-07-02T00:41:38Z
116,38,7,,,2026-07-02T00:41:38Z
116,38,8,,,2026-07-02T00:41:38Z
116,38,9,,,2026-07-02T00:41:38Z
116,39,10,,,2026-07-02T00:41:38Z
116,39,11,,,2026-07-02T00:41:38Z
116,39,12,,,2026-07-02T00:41:38Z
116,39,13,,,2026-07-02T00:41:38Z
116,39,14,,,2026-07-02T00:41:38Z
116,39,15,,,2026-07-02T00:41:38Z
116,39,16,,,2026-07-02T00:41:38Z
116,39,17,,,2026-07-02T00:41:38Z
116,39,18,,,2026-07-02T00:41:38Z
116,39,19,,,2026-07-02T00:41:38Z
116,39,20,,,2026-07-02T00:41:38Z
116,39,3,,,2026-07-02T00:41:38Z
116,39,4,,,2026-07-02T00:41:38Z
116,39,5,,,2026-07-02T00:41:38Z
116,39,6,,,2026-07-02T00:41:38Z
116,39,7,,,2026-07-02T00:41:38Z
116,39,8,,,2026-07-02T00:41:38Z
116,39,9,,,2026-07-02T00:41:38Z
117,27,13,,,2026-07-02T00:41:38Z
117,27,14,,,2026-07-02T00:41:38Z
117,27,3,,,2026-07-02T00:41:38Z
117,27,4,,,2026-07-02T00:41:38Z
117,27,7,,,2026-07-02T00:41:38Z
117,27,8,,,2026-07-02T00:41:38Z
117,21,7,,,2026-07-02T00:41:38Z
117,21,8,,,2026-07-02T00:41:38Z
117,26,13,,,2026-07-02T00:41:38Z
117,26,14,,,2026-07-02T00:41:38Z
117,26,15,,,2026-07-02T00:41:38Z
117,26,3,,,2026-07-02T00:41:38Z
117,26,4,,,2026-07-02T00:41:38Z
117,26,5,,,2026-07-02T00:41:38Z
117,26,6,,,2026-07-02T00:41:38Z
117,28,13,,,2026-07-02T00:41:38Z
117,28,14,,,2026-07-02T00:41:38Z
117,28,15,,,2026-07-02T00:41:38Z
117,28,5,,,2026-07-02T00:41:38Z
117,28,6,,,2026-07-02T00:41:38Z
117,28,7,,,2026-07-02T00:41:38Z
117,28,8,,,2026-07-02T00:41:38Z
117,28,9,,,2026-07-02T00:41:38Z
117,29,10,,,2026-07-02T00:41:38Z
117,29,11,,,2026-07-02T00:41:38Z
117,29,12,,,2026-07-02T00:41:38Z
117,29,13,,,2026-07-02T00:41:38Z
117,29,14,,,2026-07-02T00:41:38Z
117,29,15,,,2026-07-02T00:41:38Z
117,29,16,,,2026-07-02T00:41:38Z
117,29,17,,,2026-07-02T00:41:38Z
117,29,3,,,2026-07-02T00:41:38Z
117,29,4,,,2026-07-02T00:41:38Z
117,29,5,,,2026-07-02T00:41:38Z
117,29,6,,,2026-07-02T00:41:38Z
117,29,7,,,2026-07-02T00:41:38Z
117,29,8,,,2026-07-02T00:41:38Z
117,29,9,,,2026-07-02T00:41:38Z
117,37,10,,,2026-07-02T00:41:38Z
117,37,11,,,2026-07-02T00:41:38Z
117,37,12,,,2026-07-02T00:41:38Z
117,37,13,,,2026-07-02T00:41:38Z
117,37,14,,,2026-07-02T00:41:38Z
117,37,15,,,2026-07-02T00:41:38Z
117,37,16,,,2026-07-02T00:41:38Z
117,37,17,,,2026-07-02T00:41:38Z
117,37,18,,,2026-07-02T00:41:38Z
117,37,19,,,2026-07-02T00:41:38Z
117,37,20,,,2026-07-02T00:41:38Z
117,37,3,,,2026-07-02T00:41:38Z
117,37,4,,,2026-07-02T00:41:38Z
117,37,5,,,2026-07-02T00:41:38Z
117,37,6,,,2026-07-02T00:41:38Z
117,37,7,,,2026-07-02T00:41:38Z
117,37,8,,,2026-07-02T00:41:38Z
117,37,9,,,2026-07-02T00:41:38Z
117,30,10,,,2026-07-02T00:41:38Z
117,30,11,,,2026-07-02T00:41:38Z
117,30,12,,,2026-07-02T00:41:38Z
117,30,5,,,2026-07-02T00:41:38Z
117,30,6,,,2026-07-02T00:41:38Z
117,30,7,,,2026-07-02T00:41:38Z
117,30,8,,,2026-07-02T00:41:38Z
117,30,9,,,2026-07-02T00:41:38Z
117,31,10,,,2026-07-02T00:41:38Z
117,31,11,,,2026-07-02T00:41:38Z
117,31,12,,,2026-07-02T00:41:38Z
117,31,13,,,2026-07-02T00:41:38Z
117,31,14,,,2026-07-02T00:41:38Z
117,31,15,,,2026-07-02T00:41:38Z
117,31,16,,,2026-07-02T00:41:38Z
117,31,17,,,2026-07-02T00:41:38Z
117,31,18,,,2026-07-02T00:41:38Z
117,31,6,,,2026-07-02T00:41:38Z
117,31,7,,,2026-07-02T00:41:38Z
117,31,8,,,2026-07-02T00:41:38Z
117,31,9,,,2026-07-02T00:41:38Z
117,32,10,,,2026-07-02T00:41:38Z
117,32,11,,,2026-07-02T00:41:38Z
117,32,12,,,2026-07-02T00:41:38Z
117,32,13,,,2026-07-02T00:41:38Z
117,32,14,,,2026-07-02T00:41:38Z
117,32,15,,,2026-07-02T00:41:38Z
117,32,16,,,2026-07-02T00:41:38Z
117,32,17,,,2026-07-02T00:41:38Z
117,32,18,,,2026-07-02T00:41:38Z
117,32,19,,,2026-07-02T00:41:38Z
117,32,20,,,2026-07-02T00:41:38Z
117,32,3,,,2026-07-02T00:41:38Z
117,32,4,,,2026-07-02T00:41:38Z
117,32,5,,,2026-07-02T00:41:38Z
117,32,6,,,2026-07-02T00:41:38Z
117,32,7,,,2026-07-02T00:41:38Z
117,32,8,,,2026-07-02T00:41:38Z
117,32,9,,,2026-07-02T00:41:38Z
117,33,10,,,2026-07-02T00:41:38Z
117,33,11,,,2026-07-02T00:41:38Z
117,33,12,,,2026-07-02T00:41:38Z
117,33,13,,,2026-07-02T00:41:38Z
117,33,14,,,2026-07-02T00:41:38Z
117,33,15,,,2026-07-02T00:41:38Z
117,33,16,,,2026-07-02T00:41:38Z
117,33,17,,,2026-07-02T00:41:38Z
117,33,18,,,2026-07-02T00:41:38Z
117,33,19,,,2026-07-02T00:41:38Z
117,33,20,,,2026-07-02T00:41:38Z
117,33,4,,,2026-07-02T00:41:38Z
117,33,5,,,2026-07-02T00:41:38Z
117,33,6,,,2026-07-02T00:41:38Z
117,33,7,,,2026-07-02T00:41:38Z
117,33,8,,,2026-07-02T00:41:38Z
117,33,9,,,2026-07-02T00:41:38Z
117,34,10,,,2026-07-02T00:41:38Z
117,34,11,,,2026-07-02T00:41:38Z
117,34,12,,,2026-07-02T00:41:38Z
117,34,13,,,2026-07-02T00:41:38Z
117,34,14,,,2026-07-02T00:41:38Z
117,34,15,,,2026-07-02T00:41:38Z
117,34,16,,,2026-07-02T00:41:38Z
117,34,17,,,2026-07-02T00:41:38Z
117,34,18,,,2026-07-02T00:41:38Z
117,34,19,,,2026-07-02T00:41:38Z
117,34,20,,,2026-07-02T00:41:38Z
117,34,3,,,2026-07-02T00:41:38Z
117,34,4,,,2026-07-02T00:41:38Z
117,34,5,,,2026-07-02T00:41:38Z
117,34,6,,,2026-07-02T00:41:38Z
117,34,7,,,2026-07-02T00:41:38Z
117,34,8,,,2026-07-02T00:41:38Z
117,34,9,,,2026-07-02T00:41:38Z
117,35,10,,,2026-07-02T00:41:38Z
117,35,11,,,2026-07-02T00:41:38Z
117,35,12,,,2026-07-02T00:41:38Z
117,35,13,,,2026-07-02T00:41:38Z
117,35,14,,,2026-07-02T00:41:38Z
117,35,15,,,2026-07-02T00:41:38Z
117,35,16,,,2026-07-02T00:41:38Z
117,35,17,,,2026-07-02T00:41:38Z
117,35,18,,,2026-07-02T00:41:38Z
117,35,19,,,2026-07-02T00:41:38Z
117,35,20,,,2026-07-02T00:41:38Z
117,35,3,,,2026-07-02T00:41:38Z
117,35,4,,,2026-07-02T00:41:38Z
117,35,5,,,2026-07-02T00:41:38Z
117,35,6,,,2026-07-02T00:41:38Z
117,35,7,,,2026-07-02T00:41:38Z
117,35,8,,,2026-07-02T00:41:38Z
117,35,9,,,2026-07-02T00:41:38Z
117,36,10,,,2026-07-02T00:41:38Z
117,36,11,,,2026-07-02T00:41:38Z
117,36,12,,,2026-07-02T00:41:38Z
117,36,13,,,2026-07-02T00:41:38Z
117,36,14,,,2026-07-02T00:41:38Z
117,36,15,,,2026-07-02T00:41:38Z
117,36,16,,,2026-07-02T00:41:38Z
117,36,17,,,2026-07-02T00:41:38Z
117,36,18,,,2026-07-02T00:41:38Z
117,36,19,,,2026-07-02T00:41:38Z
117,36,20,,,2026-07-02T00:41:38Z
117,36,3,,,2026-07-02T00:41:38Z
117,36,4,,,2026-07-02T00:41:38Z
117,36,5,,,2026-07-02T00:41:38Z
117,36,6,,,2026-07-02T00:41:38Z
117,36,7,,,2026-07-02T00:41:38Z
117,36,8,,,2026-07-02T00:41:38Z
117,36,9,,,2026-07-02T00:41:38Z
117,38,10,,,2026-07-02T00:41:38Z
117,38,11,,,2026-07-02T00:41:38Z
117,38,12,,,2026-07-02T00:41:38Z
117,38,13,,,2026-07-02T00:41:38Z
117,38,14,,,2026-07-02T00:41:38Z
117,38,15,,,2026-07-02T00:41:38Z
117,38,16,,,2026-07-02T00:41:38Z
117,38,17,,,2026-07-02T00:41:38Z
117,38,18,,,2026-07-02T00:41:38Z
117,38,19,,,2026-07-02T00:41:38Z
117,38,20,,,2026-07-02T00:41:38Z
117,38,3,,,2026-07-02T00:41:38Z
117,38,4,,,2026-07-02T00:41:38Z
117,38,5,,,2026-07-02T00:41:38Z
117,38,6,,,2026-07-02T00:41:38Z
117,38,7,,,2026-07-02T00:41:38Z
117,38,8,,,2026-07-02T00:41:38Z
117,38,9,,,2026-07-02T00:41:38Z
117,39,10,,,2026-07-02T00:41:38Z
117,39,11,,,2026-07-02T00:41:38Z
117,39,12,,,2026-07-02T00:41:38Z
117,39,13,,,2026-07-02T00:41:38Z
117,39,14,,,2026-07-02T00:41:38Z
117,39,15,,,2026-07-02T00:41:38Z
117,39,16,,,2026-07-02T00:41:38Z
117,39,17,,,2026-07-02T00:41:38Z
117,39,18,,,2026-07-02T00:41:38Z
117,39,19,,,2026-07-02T00:41:38Z
117,39,20,,,2026-07-02T00:41:38Z
117,39,3,,,2026-07-02T00:41:38Z
117,39,4,,,2026-07-02T00:41:38Z
117,39,5,,,2026-07-02T00:41:38Z
117,39,6,,,2026-07-02T00:41:38Z
117,39,7,,,2026-07-02T00:41:38Z
117,39,8,,,2026-07-02T00:41:38Z
117,39,9,,,2026-07-02T00:41:38Z
118,27,11,,,2026-07-02T00:41:38Z
118,27,12,,,2026-07-02T00:41:38Z
118,27,13,,,2026-07-02T00:41:38Z
118,27,14,,,2026-07-02T00:41:38Z
118,27,15,,,2026-07-02T00:41:38Z
118,27,16,,,2026-07-02T00:41:38Z
118,27,17,,,2026-07-02T00:41:38Z
118,27,5,,,2026-07-02T00:41:38Z
118,27,6,,,2026-07-02T00:41:38Z
118,24,7,,,2026-07-02T00:41:38Z
118,24,8,,,2026-07-02T00:41:38Z
118,25,10,,,2026-07-02T00:41:38Z
118,25,11,,,2026-07-02T00:41:38Z
118,25,18,,,2026-07-02T00:41:38Z
118,25,19,,,2026-07-02T00:41:38Z
118,25,2,,,2026-07-02T00:41:38Z
118,25,3,,,2026-07-02T00:41:38Z
118,25,4,,,2026-07-02T00:41:38Z
118,25,5,,,2026-07-02T00:41:38Z
118,26,11,,,2026-07-02T00:41:38Z
118,26,12,,,2026-07-02T00:41:38Z
118,26,13,,,2026-07-02T00:41:38Z
118,26,5,,,2026-07-02T00:41:38Z
118,26,6,,,2026-07-02T00:41:38Z
118,28,10,,,2026-07-02T00:41:38Z
118,28,11,,,2026-07-02T00:41:38Z
118,28,12,,,2026-07-02T00:41:38Z
118,28,13,,,2026-07-02T00:41:38Z
118,28,14,,,2026-07-02T00:41:38Z
118,28,15,,,2026-07-02T00:41:38Z
118,28,16,,,2026-07-02T00:41:38Z
118,28,17,,,2026-07-02T00:41:38Z
118,28,18,,,2026-07-02T00:41:38Z
118,28,19,,,2026-07-02T00:41:38Z
118,28,9,,,2026-07-02T00:41:38Z
118,29,10,,,2026-07-02T00:41:38Z
118,29,11,,,2026-07-02T00:41:38Z
118,29,12,,,2026-07-02T00:41:38Z
118,29,13,,,2026-07-02T00:41:38Z
118,29,14,,,2026-07-02T00:41:38Z
118,29,15,,,2026-07-02T00:41:38Z
118,29,16,,,2026-07-02T00:41:38Z
118,29,17,,,2026-07-02T00:41:38Z
118,29,18,,,2026-07-02T00:41:38Z
118,29,19,,,2026-07-02T00:41:38Z
118,29,20,,,2026-07-02T00:41:38Z
118,29,4,,,2026-07-02T00:41:38Z
118,29,5,,,2026-07-02T00:41:38Z
118,29,6,,,2026-07-02T00:41:38Z
118,29,7,,,2026-07-02T00:41:38Z
118,29,8,,,2026-07-02T00:41:38Z
118,29,9,,,2026-07-02T00:41:38Z
118,37,9,,,2026-07-02T00:41:38Z
118,30,10,,,2026-07-02T00:41:38Z
118,30,11,,,2026-07-02T00:41:38Z
118,30,12,,,2026-07-02T00:41:38Z
118,30,13,,,2026-07-02T00:41:38Z
118,30,14,,,2026-07-02T00:41:38Z
118,30,15,,,2026-07-02T00:41:38Z
118,30,16,,,2026-07-02T00:41:38Z
118,30,17,,,2026-07-02T00:41:38Z
118,30,18,,,2026-07-02T00:41:38Z
118,30,19,,,2026-07-02T00:41:38Z
118,30,20,,,2026-07-02T00:41:38Z
118,30,21,,,2026-07-02T00:41:38Z
118,30,22,,,2026-07-02T00:41:38Z
118,30,3,,,2026-07-02T00:41:38Z
118,30,4,,,2026-07-02T00:41:38Z
118,30,5,,,2026-07-02T00:41:38Z
118,30,6,,,2026-07-02T00:41:38Z
118,30,7,,,2026-07-02T00:41:38Z
118,30,8,,,2026-07-02T00:41:38Z
118,30,9,,,2026-07-02T00:41:38Z
118,31,10,,,2026-07-02T00:41:38Z
118,31,11,,,2026-07-02T00:41:38Z
118,31,12,,,2026-07-02T00:41:38Z
118,31,21,,,2026-07-02T00:41:38Z
118,31,22,,,2026-07-02T00:41:38Z
118,31,5,,,2026-07-02T00:41:38Z
118,31,6,,,2026-07-02T00:41:38Z
118,31,7,,,2026-07-02T00:41:38Z
118,31,8,,,2026-07-02T00:41:38Z
118,31,9,,,2026-07-02T00:41:38Z
118,32,10,,,2026-07-02T00:41:38Z
118,32,11,,,2026-07-02T00:41:38Z
118,32,12,,,2026-07-02T00:41:38Z
118,32,13,,,2026-07-02T00:41:38Z
118,32,14,,,2026-07-02T00:41:38Z
118,32,15,,,2026-07-02T00:41:38Z
118,32,16,,,2026-07-02T00:41:38Z
118,32,17,,,2026-07-02T00:41:38Z
118,32,18,,,2026-07-02T00:41:38Z
118,32,19,,,2026-07-02T00:41:38Z
118,32,20,,,2026-07-02T00:41:38Z
118,32,21,,,2026-07-02T00:41:38Z
118,32,22,,,2026-07-02T00:41:38Z
118,32,3,,,2026-07-02T00:41:38Z
118,32,4,,,2026-07-02T00:41:38Z
118,32,5,,,2026-07-02T00:41:38Z
118,32,6,,,2026-07-02T00:41:38Z
118,32,7,,,2026-07-02T00:41:38Z
118,32,8,,,2026-07-02T00:41:38Z
118,32,9,,,2026-07-02T00:41:38Z
118,33,10,,,2026-07-02T00:41:38Z
118,33,3,,,2026-07-02T00:41:38Z
118,35,2,,,2026-07-02T00:41:38Z
118,35,7,,,2026-07-02T00:41:38Z
118,36,7,,,2026-07-02T00:41:38Z
118,38,10,,,2026-07-02T00:41:38Z
118,38,11,,,2026-07-02T00:41:38Z
118,38,12,,,2026-07-02T00:41:38Z
118,38,13,,,2026-07-02T00:41:38Z
118,38,14,,,2026-07-02T00:41:38Z
118,38,15,,,2026-07-02T00:41:38Z
118,38,16,,,2026-07-02T00:41:38Z
118,38,17,,,2026-07-02T00:41:38Z
118,38,18,,,2026-07-02T00:41:38Z
118,38,19,,,2026-07-02T00:41:38Z
118,38,20,,,2026-07-02T00:41:38Z
118,38,21,,,2026-07-02T00:41:38Z
118,38,22,,,2026-07-02T00:41:38Z
118,38,23,,,2026-07-02T00:41:38Z
118,38,3,,,2026-07-02T00:41:38Z
118,38,4,,,2026-07-02T00:41:38Z
118,38,5,,,2026-07-02T00:41:38Z
118,38,6,,,2026-07-02T00:41:38Z
118,38,7,,,2026-07-02T00:41:38Z
118,38,8,,,2026-07-02T00:41:38Z
118,38,9,,,2026-07-02T00:41:38Z
118,39,10,,,2026-07-02T00:41:38Z
118,39,11,,,2026-07-02T00:41:38Z
118,39,12,,,2026-07-02T00:41:38Z
118,39,13,,,2026-07-02T00:41:38Z
118,39,14,,,2026-07-02T00:41:38Z
118,39,15,,,2026-07-02T00:41:38Z
118,39,16,,,2026-07-02T00:41:38Z
118,39,17,,,2026-07-02T00:41:38Z
118,39,18,,,2026-07-02T00:41:38Z
118,39,19,,,2026-07-02T00:41:38Z
118,39,20,,,2026-07-02T00:41:38Z
118,39,21,,,2026-07-02T00:41:38Z
118,39,3,,,2026-07-02T00:41:38Z
118,39,4,,,2026-07-02T00:41:38Z
118,39,5,,,2026-07-02T00:41:38Z
118,39,6,,,2026-07-02T00:41:38Z
118,39,7,,,2026-07-02T00:41:38Z
118,39,8,,,2026-07-02T00:41:38Z
118,39,9,,,2026-07-02T00:41:38Z
118W,40,4,,,2026-07-02T00:41:38Z
118W,40,5,,,2026-07-02T00:41:38Z
118W,40,6,,,2026-07-02T00:41:38Z
118W,40,7,,,2026-07-02T00:41:38Z
118W,40,8,,,2026-07-02T00:41:38Z
118W,40,9,,,2026-07-02T00:41:38Z
119,27,3,,,2026-07-02T00:41:38Z
119,27,4,,,2026-07-02T00:41:38Z
119,27,5,,,2026-07-02T00:41:38Z
119,27,6,,,2026-07-02T00:41:38Z
119,27,7,,,2026-07-02T00:41:38Z
119,27,8,,,2026-07-02T00:41:38Z
119,27,9,,,2026-07-02T00:41:38Z
119,25,5,,,2026-07-02T00:41:38Z
119,25,6,,,2026-07-02T00:41:38Z
119,26,7,,,2026-07-02T00:41:38Z
119,26,8,,,2026-07-02T00:41:38Z
119,28,10,,,2026-07-02T00:41:38Z
119,28,11,,,2026-07-02T00:41:38Z
119,28,12,,,2026-07-02T00:41:38Z
119,28,13,,,2026-07-02T00:41:38Z
119,28,5,,,2026-07-02T00:41:38Z
119,28,6,,,2026-07-02T00:41:38Z
119,28,7,,,2026-07-02T00:41:38Z
119,28,8,,,2026-07-02T00:41:38Z
119,28,9,,,2026-07-02T00:41:38Z
119,29,10,,,2026-07-02T00:41:38Z
119,29,11,,,2026-07-02T00:41:38Z
119,29,12,,,2026-07-02T00:41:38Z
119,29,13,,,2026-07-02T00:41:38Z
119,29,2,,,2026-07-02T00:41:38Z
119,29,3,,,2026-07-02T00:41:38Z
119,29,4,,,2026-07-02T00:41:38Z
119,29,5,,,2026-07-02T00:41:38Z
119,29,6,,,2026-07-02T00:41:38Z
119,29,7,,,2026-07-02T00:41:38Z
119,29,8,,,2026-07-02T00:41:38Z
119,29,9,,,2026-07-02T00:41:38Z
119,37,10,,,2026-07-02T00:41:38Z
119,37,11,,,2026-07-02T00:41:38Z
119,37,12,,,2026-07-02T00:41:38Z
119,37,13,,,2026-07-02T00:41:38Z
119,37,14,,,2026-07-02T00:41:38Z
119,37,15,,,2026-07-02T00:41:38Z
119,37,16,,,2026-07-02T00:41:38Z
119,37,2,,,2026-07-02T00:41:38Z
119,37,3,,,2026-07-02T00:41:38Z
119,37,4,,,2026-07-02T00:41:38Z
119,37,5,,,2026-07-02T00:41:38Z
119,37,6,,,2026-07-02T00:41:38Z
119,37,7,,,2026-07-02T00:41:38Z
119,37,8,,,2026-07-02T00:41:38Z
119,37,9,,,2026-07-02T00:41:38Z
119,30,10,,,2026-07-02T00:41:38Z
119,30,11,,,2026-07-02T00:41:38Z
119,30,12,,,2026-07-02T00:41:38Z
119,30,13,,,2026-07-02T00:41:38Z
119,30,14,,,2026-07-02T00:41:38Z
119,30,5,,,2026-07-02T00:41:38Z
119,30,6,,,2026-07-02T00:41:38Z
119,30,7,,,2026-07-02T00:41:38Z
119,30,8,,,2026-07-02T00:41:38Z
119,30,9,,,2026-07-02T00:41:38Z
119,31,10,,,2026-07-02T00:41:38Z
119,31,11,,,2026-07-02T00:41:38Z
119,31,12,,,2026-07-02T00:41:38Z
119,31,13,,,2026-07-02T00:41:38Z
119,31,14,,,2026-07-02T00:41:38Z
119,31,7,,,2026-07-02T00:41:38Z
119,31,8,,,2026-07-02T00:41:38Z
119,31,9,,,2026-07-02T00:41:38Z
119,32,10,,,2026-07-02T00:41:38Z
119,32,11,,,2026-07-02T00:41:38Z
119,32,12,,,2026-07-02T00:41:38Z
119,32,13,,,2026-07-02T00:41:38Z
119,32,14,,,2026-07-02T00:41:38Z
119,32,7,,,2026-07-02T00:41:38Z
119,32,8,,,2026-07-02T00:41:38Z
119,32,9,,,2026-07-02T00:41:38Z
119,33,10,,,2026-07-02T00:41:38Z
119,33,11,,,2026-07-02T00:41:38Z
119,33,12,,,2026-07-02T00:41:38Z
119,33,13,,,2026-07-02T00:41:38Z
119,33,14,,,2026-07-02T00:41:38Z
119,33,15,,,2026-07-02T00:41:38Z
119,33,7,,,2026-07-02T00:41:38Z
119,33,8,,,2026-07-02T00:41:38Z
119,33,9,,,2026-07-02T00:41:38Z
119,34,10,,,2026-07-02T00:41:38Z
119,34,11,,,2026-07-02T00:41:38Z
119,34,12,,,2026-07-02T00:41:38Z
119,34,13,,,2026-07-02T00:41:38Z
119,34,14,,,2026-07-02T00:41:38Z
119,34,15,,,2026-07-02T00:41:38Z
119,34,7,,,2026-07-02T00:41:38Z
119,34,8,,,2026-07-02T00:41:38Z
119,34,9,,,2026-07-02T00:41:38Z
119,36,10,,,2026-07-02T00:41:38Z
119,36,11,,,2026-07-02T00:41:38Z
119,36,12,,,2026-07-02T00:41:38Z
119,36,13,,,2026-07-02T00:41:38Z
119,36,14,,,2026-07-02T00:41:38Z
119,36,15,,,2026-07-02T00:41:38Z
119,36,16,,,2026-07-02T00:41:38Z
119,36,2,,,2026-07-02T00:41:38Z
119,36,3,,,2026-07-02T00:41:38Z
119,36,4,,,2026-07-02T00:41:38Z
119,36,5,,,2026-07-02T00:41:38Z
119,36,6,,,2026-07-02T00:41:38Z
119,36,7,,,2026-07-02T00:41:38Z
119,36,8,,,2026-07-02T00:41:38Z
119,36,9,,,2026-07-02T00:41:38Z
119,38,10,,,2026-07-02T00:41:38Z
119,38,11,,,2026-07-02T00:41:38Z
119,38,12,,,2026-07-02T00:41:38Z
119,38,13,,,2026-07-02T00:41:38Z
119,38,14,,,2026-07-02T00:41:38Z
119,38,15,,,2026-07-02T00:41:38Z
119,38,16,,,2026-07-02T00:41:38Z
119,38,17,,,2026-07-02T00:41:38Z
119,38,3,,,2026-07-02T00:41:38Z
119,38,4,,,2026-07-02T00:41:38Z
119,38,5,,,2026-07-02T00:41:38Z
119,38,6,,,2026-07-02T00:41:38Z
119,38,7,,,2026-07-02T00:41:38Z
119,38,8,,,2026-07-02T00:41:38Z
119,38,9,,,2026-07-02T00:41:38Z
119W,40,7,,,2026-07-02T00:41:38Z
119W,40,8,,,2026-07-02T00:41:38Z
119W,40,9,,,2026-07-02T00:41:38Z
120,23,7,,,2026-07-02T00:41:38Z
120,30,7,,,2026-07-02T00:41:38Z
120,31,10,,,2026-07-02T00:41:38Z
120,31,11,,,2026-07-02T00:41:38Z
120,31,12,,,2026-07-02T00:41:38Z
120,31,2,,,2026-07-02T00:41:38Z
120,31,3,,,2026-07-02T00:41:38Z
120,31,4,,,2026-07-02T00:41:38Z
120,31,5,,,2026-07-02T00:41:38Z
120,31,6,,,2026-07-02T00:41:38Z
120,31,7,,,2026-07-02T00:41:38Z
120,31,8,,,2026-07-02T00:41:38Z
120,31,9,,,2026-07-02T00:41:38Z
120,32,10,,,2026-07-02T00:41:38Z
120,32,11,,,2026-07-02T00:41:38Z
120,32,12,,,2026-07-02T00:41:38Z
120,32,13,,,2026-07-02T00:41:38Z
120,32,14,,,2026-07-02T00:41:38Z
120,32,2,,,2026-07-02T00:41:38Z
120,32,3,,,2026-07-02T00:41:38Z
120,32,4,,,2026-07-02T00:41:38Z
120,32,5,,,2026-07-02T00:41:38Z
120,32,6,,,2026-07-02T00:41:38Z
120,32,7,,,2026-07-02T00:41:38Z
120,32,8,,,2026-07-02T00:41:38Z
120,32,9,,,2026-07-02T00:41:38Z
120,33,10,,,2026-07-02T00:41:38Z
120,33,11,,,2026-07-02T00:41:38Z
120,33,12,,,2026-07-02T00:41:38Z
120,33,13,,,2026-07-02T00:41:38Z
120,33,14,,,2026-07-02T00:41:38Z
120,33,15,,,2026-07-02T00:41:38Z
120,33,9,,,2026-07-02T00:41:38Z
120,34,10,,,2026-07-02T00:41:38Z
120,34,11,,,2026-07-02T00:41:38Z
120,34,12,,,2026-07-02T00:41:38Z
120,34,13,,,2026-07-02T00:41:38Z
120,34,14,,,2026-07-02T00:41:38Z
120,34,15,,,2026-07-02T00:41:38Z
120,34,2,,,2026-07-02T00:41:38Z
120,34,3,,,2026-07-02T00:41:38Z
120,34,4,,,2026-07-02T00:41:38Z
120,34,5,,,2026-07-02T00:41:38Z
120,34,6,,,2026-07-02T00:41:38Z
120,34,7,,,2026-07-02T00:41:38Z
120,34,8,,,2026-07-02T00:41:38Z
120,34,9,,,2026-07-02T00:41:38Z
120,35,10,,,2026-07-02T00:41:38Z
120,35,11,,,2026-07-02T00:41:38Z
120,35,12,,,2026-07-02T00:41:38Z
120,35,13,,,2026-07-02T00:41:38Z
120,35,14,,,2026-07-02T00:41:38Z
120,35,15,,,2026-07-02T00:41:38Z
120,35,16,,,2026-07-02T00:41:38Z
120,35,2,,,2026-07-02T00:41:38Z
120,35,3,,,2026-07-02T00:41:38Z
120,35,4,,,2026-07-02T00:41:38Z
120,35,5,,,2026-07-02T00:41:38Z
120,35,6,,,2026-07-02T00:41:38Z
120,35,7,,,2026-07-02T00:41:38Z
120,35,8,,,2026-07-02T00:41:38Z
120,35,9,,,2026-07-02T00:41:38Z
120,38,10,,,2026-07-02T00:41:38Z
120,38,11,,,2026-07-02T00:41:38Z
120,38,12,,,2026-07-02T00:41:38Z
120,38,13,,,2026-07-02T00:41:38Z
120,38,14,,,2026-07-02T00:41:38Z
120,38,15,,,2026-07-02T00:41:38Z
120,38,2,,,2026-07-02T00:41:38Z
120,38,3,,,2026-07-02T00:41:38Z
120,38,4,,,2026-07-02T00:41:38Z
120,38,5,,,2026-07-02T00:41:38Z
120,38,6,,,2026-07-02T00:41:38Z
120,38,7,,,2026-07-02T00:41:38Z
120,38,8,,,2026-07-02T00:41:38Z
120,38,9,,,2026-07-02T00:41:38Z
120,39,10,,,2026-07-02T00:41:38Z
120,39,11,,,2026-07-02T00:41:38Z
120,39,12,,,2026-07-02T00:41:38Z
120,39,13,,,2026-07-02T00:41:38Z
120,39,14,,,2026-07-02T00:41:38Z
120,39,15,,,2026-07-02T00:41:38Z
120,39,2,,,2026-07-02T00:41:38Z
120,39,3,,,2026-07-02T00:41:38Z
120,39,4,,,2026-07-02T00:41:38Z
120,39,5,,,2026-07-02T00:41:38Z
120,39,6,,,2026-07-02T00:41:38Z
120,39,7,,,2026-07-02T00:41:38Z
120,39,8,,,2026-07-02T00:41:38Z
120,39,9,,,2026-07-02T00:41:38Z
120W,40,5,,,2026-07-02T00:41:38Z
120W,40,6,,,2026-07-02T00:41:38Z
120W,40,7,,,2026-07-02T00:41:38Z
120W,40,8,,,2026-07-02T00:41:38Z
121,27,1,,,2026-07-02T00:41:38Z
121,27,2,,,2026-07-02T00:41:38Z
121,29,4,,,2026-07-02T00:41:38Z
121,29,5,,,2026-07-02T00:41:38Z
121,29,6,,,2026-07-02T00:41:38Z
121,29,7,,,2026-07-02T00:41:38Z
121,29,8,,,2026-07-02T00:41:38Z
121,29,9,,,2026-07-02T00:41:38Z
121,37,10,,,2026-07-02T00:41:38Z
121,37,11,,,2026-07-02T00:41:38Z
121,37,12,,,2026-07-02T00:41:38Z
121,37,13,,,2026-07-02T00:41:38Z
121,37,14,,,2026-07-02T00:41:38Z
121,37,15,,,2026-07-02T00:41:38Z
121,37,16,,,2026-07-02T00:41:38Z
121,37,2,,,2026-07-02T00:41:38Z
121,37,3,,,2026-07-02T00:41:38Z
121,37,4,,,2026-07-02T00:41:38Z
121,37,5,,,2026-07-02T00:41:38Z
121,37,6,,,2026-07-02T00:41:38Z
121,37,7,,,2026-07-02T00:41:38Z
121,37,8,,,2026-07-02T00:41:38Z
121,37,9,,,2026-07-02T00:41:38Z
121,30,10,,,2026-07-02T00:41:38Z
121,30,11,,,2026-07-02T00:41:38Z
121,30,12,,,2026-07-02T00:41:38Z
121,30,5,,,2026-07-02T00:41:38Z
121,30,6,,,2026-07-02T00:41:38Z
121,30,7,,,2026-07-02T00:41:38Z
121,30,8,,,2026-07-02T00:41:38Z
121,30,9,,,2026-07-02T00:41:38Z
121,31,10,,,2026-07-02T00:41:38Z
121,31,2,,,2026-07-02T00:41:38Z
121,31,3,,,2026-07-02T00:41:38Z
121,31,4,,,2026-07-02T00:41:38Z
121,31,5,,,2026-07-02T00:41:38Z
121,31,6,,,2026-07-02T00:41:38Z
121,31,7,,,2026-07-02T00:41:38Z
121,31,8,,,2026-07-02T00:41:38Z
121,31,9,,,2026-07-02T00:41:38Z
121,32,10,,,2026-07-02T00:41:38Z
121,32,11,,,2026-07-02T00:41:38Z
121,32,12,,,2026-07-02T00:41:38Z
121,32,13,,,2026-07-02T00:41:38Z
121,32,14,,,2026-07-02T00:41:38Z
121,32,2,,,2026-07-02T00:41:38Z
121,32,3,,,2026-07-02T00:41:38Z
121,32,4,,,2026-07-02T00:41:38Z
121,32,5,,,2026-07-02T00:41:38Z
121,32,6,,,2026-07-02T00:41:38Z
121,32,7,,,2026-07-02T00:41:38Z
121,32,8,,,2026-07-02T00:41:38Z
121,32,9,,,2026-07-02T00:41:38Z
121,33,10,,,2026-07-02T00:41:38Z
121,33,11,,,2026-07-02T00:41:38Z
121,33,12,,,2026-07-02T00:41:38Z
121,33,13,,,2026-07-02T00:41:38Z
121,33,14,,,2026-07-02T00:41:38Z
121,33,15,,,2026-07-02T00:41:38Z
121,33,2,,,2026-07-02T00:41:38Z
121,33,3,,,2026-07-02T00:41:38Z
121,33,4,,,2026-07-02T00:41:38Z
121,33,5,,,2026-07-02T00:41:38Z
121,33,6,,,2026-07-02T00:41:38Z
121,33,7,,,2026-07-02T00:41:38Z
121,33,8,,,2026-07-02T00:41:38Z
121,33,9,,,2026-07-02T00:41:38Z
121,34,1,,,2026-07-02T00:41:38Z
121,34,2,,,2026-07-02T00:41:38Z
121,34,3,,,2026-07-02T00:41:38Z
121,34,4,,,2026-07-02T00:41:38Z
121,34,5,,,2026-07-02T00:41:38Z
121,34,6,,,2026-07-02T00:41:38Z
121,34,7,,,2026-07-02T00:41:38Z
121,34,8,,,2026-07-02T00:41:38Z
121,34,9,,,2026-07-02T00:41:38Z
121,35,1,,,2026-07-02T00:41:38Z
121,35,2,,,2026-07-02T00:41:38Z
121,35,3,,,2026-07-02T00:41:38Z
121,35,4,,,2026-07-02T00:41:38Z
121,36,10,,,2026-07-02T00:41:38Z
121,36,11,,,2026-07-02T00:41:38Z
121,36,12,,,2026-07-02T00:41:38Z
121,36,13,,,2026-07-02T00:41:38Z
121,36,14,,,2026-07-02T00:41:38Z
121,36,15,,,2026-07-02T00:41:38Z
121,36,16,,,2026-07-02T00:41:38Z
121,36,9,,,2026-07-02T00:41:38Z
121,38,10,,,2026-07-02T00:41:38Z
121,38,11,,,2026-07-02T00:41:38Z
121,38,12,,,2026-07-02T00:41:38Z
121,38,13,,,2026-07-02T00:41:38Z
121,38,14,,,2026-07-02T00:41:38Z
121,38,15,,,2026-07-02T00:41:38Z
121,38,16,,,2026-07-02T00:41:38Z
121,38,17,,,2026-07-02T00:41:38Z
121,38,2,,,2026-07-02T00:41:38Z
121,38,3,,,2026-07-02T00:41:38Z
121,38,4,,,2026-07-02T00:41:38Z
121,38,5,,,2026-07-02T00:41:38Z
121,38,6,,,2026-07-02T00:41:38Z
121,38,7,,,2026-07-02T00:41:38Z
121,38,8,,,2026-07-02T00:41:38Z
121,38,9,,,2026-07-02T00:41:38Z
121,39,10,,,2026-07-02T00:41:38Z
121,39,11,,,2026-07-02T00:41:38Z
121,39,12,,,2026-07-02T00:41:38Z
121,39,13,,,2026-07-02T00:41:38Z
121,39,14,,,2026-07-02T00:41:38Z
121,39,15,,,2026-07-02T00:41:38Z
121,39,2,,,2026-07-02T00:41:38Z
121,39,3,,,2026-07-02T00:41:38Z
121,39,4,,,2026-07-02T00:41:38Z
121,39,5,,,2026-07-02T00:41:38Z
121,39,6,,,2026-07-02T00:41:38Z
121,39,7,,,2026-07-02T00:41:38Z
121,39,8,,,2026-07-02T00:41:38Z
121,39,9,,,2026-07-02T00:41:38Z
121W,40,4,,,2026-07-02T00:41:38Z
121W,40,5,,,2026-07-02T00:41:38Z
121W,40,6,,,2026-07-02T00:41:38Z
122,23,7,,,2026-07-02T00:41:38Z
122,29,16,,,2026-07-02T00:41:38Z
122,29,17,,,2026-07-02T00:41:38Z
122,37,10,,,2026-07-02T00:41:38Z
122,37,11,,,2026-07-02T00:41:38Z
122,37,12,,,2026-07-02T00:41:38Z
122,37,13,,,2026-07-02T00:41:38Z
122,37,14,,,2026-07-02T00:41:38Z
122,37,15,,,2026-07-02T00:41:38Z
122,37,16,,,2026-07-02T00:41:38Z
122,37,17,,,2026-07-02T00:41:38Z
122,37,18,,,2026-07-02T00:41:38Z
122,37,19,,,2026-07-02T00:41:38Z
122,37,20,,,2026-07-02T00:41:38Z
122,37,3,,,2026-07-02T00:41:38Z
122,37,4,,,2026-07-02T00:41:38Z
122,37,5,,,2026-07-02T00:41:38Z
122,37,6,,,2026-07-02T00:41:38Z
122,37,7,,,2026-07-02T00:41:38Z
122,37,8,,,2026-07-02T00:41:38Z
122,37,9,,,2026-07-02T00:41:38Z
122,31,11,,,2026-07-02T00:41:38Z
122,31,3,,,2026-07-02T00:41:38Z
122,32,5,,,2026-07-02T00:41:38Z
122,32,6,,,2026-07-02T00:41:38Z
122,32,7,,,2026-07-02T00:41:38Z
122,33,18,,,2026-07-02T00:41:38Z
122,33,19,,,2026-07-02T00:41:38Z
122,33,3,,,2026-07-02T00:41:38Z
122,33,4,,,2026-07-02T00:41:38Z
122,33,5,,,2026-07-02T00:41:38Z
122,33,6,,,2026-07-02T00:41:38Z
122,33,7,,,2026-07-02T00:41:38Z
122,33,8,,,2026-07-02T00:41:38Z
122,34,12,,,2026-07-02T00:41:38Z
122,34,13,,,2026-07-02T00:41:38Z
122,34,14,,,2026-07-02T00:41:38Z
122,34,15,,,2026-07-02T00:41:38Z
122,34,16,,,2026-07-02T00:41:38Z
122,34,17,,,2026-07-02T00:41:38Z
122,34,18,,,2026-07-02T00:41:38Z
122,34,19,,,2026-07-02T00:41:38Z
122,34,3,,,2026-07-02T00:41:38Z
122,34,4,,,2026-07-02T00:41:38Z
122,34,5,,,2026-07-02T00:41:38Z
122,34,6,,,2026-07-02T00:41:38Z
122,34,7,,,2026-07-02T00:41:38Z
122,34,8,,,2026-07-02T00:41:38Z
122,35,10,,,2026-07-02T00:41:38Z
122,35,11,,,2026-07-02T00:41:38Z
122,35,12,,,2026-07-02T00:41:38Z
122,35,13,,,2026-07-02T00:41:38Z
122,35,14,,,2026-07-02T00:41:38Z
122,35,15,,,2026-07-02T00:41:38Z
122,35,16,,,2026-07-02T00:41:38Z
122,35,17,,,2026-07-02T00:41:38Z
122,35,18,,,2026-07-02T00:41:38Z
122,35,19,,,2026-07-02T00:41:38Z
122,35,7,,,2026-07-02T00:41:38Z
122,35,8,,,2026-07-02T00:41:38Z
122,35,9,,,2026-07-02T00:41:38Z
122,36,14,,,2026-07-02T00:41:38Z
122,36,15,,,2026-07-02T00:41:38Z
122,36,16,,,2026-07-02T00:41:38Z
122,36,17,,,2026-07-02T00:41:38Z
122,36,18,,,2026-07-02T00:41:38Z
122,36,19,,,2026-07-02T00:41:38Z
122,36,20,,,2026-07-02T00:41:38Z
122,36,3,,,2026-07-02T00:41:38Z
122,36,4,,,2026-07-02T00:41:38Z
122,36,5,,,2026-07-02T00:41:38Z
122,36,6,,,2026-07-02T00:41:38Z
122,38,16,,,2026-07-02T00:41:38Z
122,38,17,,,2026-07-02T00:41:38Z
122,38,18,,,2026-07-02T00:41:38Z
122,38,19,,,2026-07-02T00:41:38Z
122,38,20,,,2026-07-02T00:41:38Z
122,38,3,,,2026-07-02T00:41:38Z
122,38,4,,,2026-07-02T00:41:38Z
122,38,5,,,2026-07-02T00:41:38Z
122,38,6,,,2026-07-02T00:41:38Z
122,38,7,,,2026-07-02T00:41:38Z
122,38,8,,,2026-07-02T00:41:38Z
122,39,10,,,2026-07-02T00:41:38Z
122,39,11,,,2026-07-02T00:41:38Z
122,39,12,,,2026-07-02T00:41:38Z
122,39,13,,,2026-07-02T00:41:38Z
122,39,14,,,2026-07-02T00:41:38Z
122,39,15,,,2026-07-02T00:41:38Z
122,39,16,,,2026-07-02T00:41:38Z
122,39,17,,,2026-07-02T00:41:38Z
122,39,18,,,2026-07-02T00:41:38Z
122,39,19,,,2026-07-02T00:41:38Z
122,39,20,,,2026-07-02T00:41:38Z
122,39,21,,,2026-07-02T00:41:38Z
122,39,3,,,2026-07-02T00:41:38Z
122,39,4,,,2026-07-02T00:41:38Z
122,39,5,,,2026-07-02T00:41:38Z
122,39,6,,,2026-07-02T00:41:38Z
122,39,7,,,2026-07-02T00:41:38Z
122,39,8,,,2026-07-02T00:41:38Z
122,39,9,,,2026-07-02T00:41:38Z
123,22,7,,,2026-07-02T00:41:38Z
123,28,2,,,2026-07-02T00:41:38Z
123,28,3,,,2026-07-02T00:41:38Z
123,29,1,,,2026-07-02T00:41:38Z
123,29,2,,,2026-07-02T00:41:38Z
123,29,3,,,2026-07-02T00:41:38Z
123,29,6,,,2026-07-02T00:41:38Z
123,29,7,,,2026-07-02T00:41:38Z
123,37,10,,,2026-07-02T00:41:38Z
123,37,11,,,2026-07-02T00:41:38Z
123,37,12,,,2026-07-02T00:41:38Z
123,37,2,,,2026-07-02T00:41:38Z
123,37,3,,,2026-07-02T00:41:38Z
123,37,4,,,2026-07-02T00:41:38Z
123,37,5,,,2026-07-02T00:41:38Z
123,37,6,,,2026-07-02T00:41:38Z
123,37,7,,,2026-07-02T00:41:38Z
123,37,8,,,2026-07-02T00:41:38Z
123,37,9,,,2026-07-02T00:41:38Z
123,30,10,,,2026-07-02T00:41:38Z
123,30,9,,,2026-07-02T00:41:38Z
123,31,3,,,2026-07-02T00:41:38Z
123,31,4,,,2026-07-02T00:41:38Z
123,32,13,,,2026-07-02T00:41:38Z
123,32,14,,,2026-07-02T00:41:38Z
123,32,5,,,2026-07-02T00:41:38Z
123,32,6,,,2026-07-02T00:41:38Z
123,33,10,,,2026-07-02T00:41:38Z
123,33,11,,,2026-07-02T00:41:38Z
123,33,12,,,2026-07-02T00:41:38Z
123,33,13,,,2026-07-02T00:41:38Z
123,33,14,,,2026-07-02T00:41:38Z
123,33,15,,,2026-07-02T00:41:38Z
123,33,2,,,2026-07-02T00:41:38Z
123,33,3,,,2026-07-02T00:41:38Z
123,33,4,,,2026-07-02T00:41:38Z
123,33,5,,,2026-07-02T00:41:38Z
123,33,6,,,2026-07-02T00:41:38Z
123,33,7,,,2026-07-02T00:41:38Z
123,33,8,,,2026-07-02T00:41:38Z
123,33,9,,,2026-07-02T00:41:38Z
123,34,1,,,2026-07-02T00:41:38Z
123,34,2,,,2026-07-02T00:41:38Z
123,35,10,,,2026-07-02T00:41:38Z
123,35,11,,,2026-07-02T00:41:38Z
123,35,12,,,2026-07-02T00:41:38Z
123,35,13,,,2026-07-02T00:41:38Z
123,35,14,,,2026-07-02T00:41:38Z
123,35,15,,,2026-07-02T00:41:38Z
123,35,16,,,2026-07-02T00:41:38Z
123,35,2,,,2026-07-02T00:41:38Z
123,35,3,,,2026-07-02T00:41:38Z
123,35,4,,,2026-07-02T00:41:38Z
123,35,5,,,2026-07-02T00:41:38Z
123,35,6,,,2026-07-02T00:41:38Z
123,35,7,,,2026-07-02T00:41:38Z
123,35,8,,,2026-07-02T00:41:38Z
123,35,9,,,2026-07-02T00:41:38Z
123,36,10,,,2026-07-02T00:41:38Z
123,36,11,,,2026-07-02T00:41:38Z
123,36,12,,,2026-07-02T00:41:38Z
123,36,13,,,2026-07-02T00:41:38Z
123,36,14,,,2026-07-02T00:41:38Z
123,36,15,,,2026-07-02T00:41:38Z
123,36,16,,,2026-07-02T00:41:38Z
123,36,3,,,2026-07-02T00:41:38Z
123,36,4,,,2026-07-02T00:41:38Z
123,36,5,,,2026-07-02T00:41:38Z
123,36,6,,,2026-07-02T00:41:38Z
123,36,7,,,2026-07-02T00:41:38Z
123,36,8,,,2026-07-02T00:41:38Z
123,36,9,,,2026-07-02T00:41:38Z
123,38,10,,,2026-07-02T00:41:38Z
123,38,11,,,2026-07-02T00:41:38Z
123,38,12,,,2026-07-02T00:41:38Z
123,38,13,,,2026-07-02T00:41:38Z
123,38,14,,,2026-07-02T00:41:38Z
123,38,15,,,2026-07-02T00:41:38Z
123,38,16,,,2026-07-02T00:41:38Z
123,38,17,,,2026-07-02T00:41:38Z
123,38,2,,,2026-07-02T00:41:38Z
123,38,3,,,2026-07-02T00:41:38Z
123,38,4,,,2026-07-02T00:41:38Z
123,38,5,,,2026-07-02T00:41:38Z
123,38,6,,,2026-07-02T00:41:38Z
123,38,7,,,2026-07-02T00:41:38Z
123,38,8,,,2026-07-02T00:41:38Z
123,38,9,,,2026-07-02T00:41:38Z
123,39,10,,,2026-07-02T00:41:38Z
123,39,11,,,2026-07-02T00:41:38Z
123,39,12,,,2026-07-02T00:41:38Z
123,39,13,,,2026-07-02T00:41:38Z
123,39,14,,,2026-07-02T00:41:38Z
123,39,16,,,2026-07-02T00:41:38Z
123,39,17,,,2026-07-02T00:41:38Z
123,39,2,,,2026-07-02T00:41:38Z
123,39,3,,,2026-07-02T00:41:38Z
123,39,4,,,2026-07-02T00:41:38Z
123,39,5,,,2026-07-02T00:41:38Z
123,39,6,,,2026-07-02T00:41:38Z
123,39,7,,,2026-07-02T00:41:38Z
123,39,8,,,2026-07-02T00:41:38Z
123,39,9,,,2026-07-02T00:41:38Z
123W,40,1,,,2026-07-02T00:41:38Z
123W,40,10,,,2026-07-02T00:41:38Z
123W,40,2,,,2026-07-02T00:41:38Z
123W,40,3,,,2026-07-02T00:41:38Z
123W,40,4,,,2026-07-02T00:41:38Z
123W,40,5,,,2026-07-02T00:41:38Z
123W,40,6,,,2026-07-02T00:41:38Z
123W,40,7,,,2026-07-02T00:41:38Z
123W,40,8,,,2026-07-02T00:41:38Z
123W,40,9,,,2026-07-02T00:41:38Z
124,23,10,,,2026-07-02T00:41:38Z
124,23,11,,,2026-07-02T00:41:38Z
124,37,10,,,2026-07-02T00:41:38Z
124,37,11,,,2026-07-02T00:41:38Z
124,37,12,,,2026-07-02T00:41:38Z
124,37,13,,,2026-07-02T00:41:38Z
124,37,14,,,2026-07-02T00:41:38Z
124,37,15,,,2026-07-02T00:41:38Z
124,37,2,,,2026-07-02T00:41:38Z
124,37,3,,,2026-07-02T00:41:38Z
124,37,4,,,2026-07-02T00:41:38Z
124,37,5,,,2026-07-02T00:41:38Z
124,37,6,,,2026-07-02T00:41:38Z
124,37,7,,,2026-07-02T00:41:38Z
124,37,8,,,2026-07-02T00:41:38Z
124,37,9,,,2026-07-02T00:41:38Z
124,35,11,,,2026-07-02T00:41:38Z
124,35,12,,,2026-07-02T00:41:38Z
124,36,11,,,2026-07-02T00:41:38Z
124,36,12,,,2026-07-02T00:41:38Z
124,36,13,,,2026-07-02T00:41:38Z
124,36,14,,,2026-07-02T00:41:38Z
124,36,15,,,2026-07-02T00:41:38Z
124,36,16,,,2026-07-02T00:41:38Z
124,38,10,,,2026-07-02T00:41:38Z
124,38,11,,,2026-07-02T00:41:38Z
124,38,12,,,2026-07-02T00:41:38Z
124,38,13,,,2026-07-02T00:41:38Z
124,38,14,,,2026-07-02T00:41:38Z
124,38,15,,,2026-07-02T00:41:38Z
124,38,16,,,2026-07-02T00:41:38Z
124,38,17,,,2026-07-02T00:41:38Z
124,38,2,,,2026-07-02T00:41:38Z
124,38,3,,,2026-07-02T00:41:38Z
124,38,4,,,2026-07-02T00:41:38Z
124,38,5,,,2026-07-02T00:41:38Z
124,38,6,,,2026-07-02T00:41:38Z
124,38,7,,,2026-07-02T00:41:38Z
124,38,8,,,2026-07-02T00:41:38Z
124,38,9,,,2026-07-02T00:41:38Z
124,39,10,,,2026-07-02T00:41:38Z
124,39,11,,,2026-07-02T00:41:38Z
124,39,12,,,2026-07-02T00:41:38Z
124,39,13,,,2026-07-02T00:41:38Z
124,39,14,,,2026-07-02T00:41:38Z
124,39,15,,,2026-07-02T00:41:38Z
124,39,16,,,2026-07-02T00:41:38Z
124,39,17,,,2026-07-02T00:41:38Z
124,39,2,,,2026-07-02T00:41:38Z
124,39,3,,,2026-07-02T00:41:38Z
124,39,4,,,2026-07-02T00:41:38Z
124,39,5,,,2026-07-02T00:41:38Z
124,39,6,,,2026-07-02T00:41:38Z
124,39,7,,,2026-07-02T00:41:38Z
124,39,8,,,2026-07-02T00:41:38Z
124,39,9,,,2026-07-02T00:41:38Z
125,23,3,,,2026-07-02T00:41:38Z
125,23,4,,,2026-07-02T00:41:38Z
125,28,11,,,2026-07-02T00:41:38Z
125,37,10,,,2026-07-02T00:41:38Z
125,37,11,,,2026-07-02T00:41:38Z
125,37,12,,,2026-07-02T00:41:38Z
125,37,13,,,2026-07-02T00:41:38Z
125,37,14,,,2026-07-02T00:41:38Z
125,37,15,,,2026-07-02T00:41:38Z
125,37,16,,,2026-07-02T00:41:38Z
125,37,2,,,2026-07-02T00:41:38Z
125,37,3,,,2026-07-02T00:41:38Z
125,37,4,,,2026-07-02T00:41:38Z
125,37,5,,,2026-07-02T00:41:38Z
125,37,6,,,2026-07-02T00:41:38Z
125,37,7,,,2026-07-02T00:41:38Z
125,37,8,,,2026-07-02T00:41:38Z
125,37,9,,,2026-07-02T00:41:38Z
125,30,5,,,2026-07-02T00:41:38Z
125,30,6,,,2026-07-02T00:41:38Z
125,31,13,,,2026-07-02T00:41:38Z
125,31,14,,,2026-07-02T00:41:38Z
125,32,10,,,2026-07-02T00:41:38Z
125,32,11,,,2026-07-02T00:41:38Z
125,32,12,,,2026-07-02T00:41:38Z
125,32,13,,,2026-07-02T00:41:38Z
125,32,14,,,2026-07-02T00:41:38Z
125,32,5,,,2026-07-02T00:41:38Z
125,32,6,,,2026-07-02T00:41:38Z
125,32,7,,,2026-07-02T00:41:38Z
125,32,8,,,2026-07-02T00:41:38Z
125,32,9,,,2026-07-02T00:41:38Z
125,33,10,,,2026-07-02T00:41:38Z
125,33,11,,,2026-07-02T00:41:38Z
125,33,12,,,2026-07-02T00:41:38Z
125,33,13,,,2026-07-02T00:41:38Z
125,33,14,,,2026-07-02T00:41:38Z
125,33,15,,,2026-07-02T00:41:38Z
125,33,9,,,2026-07-02T00:41:38Z
125,34,10,,,2026-07-02T00:41:38Z
125,34,11,,,2026-07-02T00:41:38Z
125,34,12,,,2026-07-02T00:41:38Z
125,34,13,,,2026-07-02T00:41:38Z
125,34,14,,,2026-07-02T00:41:38Z
125,34,15,,,2026-07-02T00:41:38Z
125,34,2,,,2026-07-02T00:41:38Z
125,34,3,,,2026-07-02T00:41:38Z
125,34,4,,,2026-07-02T00:41:38Z
125,34,5,,,2026-07-02T00:41:38Z
125,34,6,,,2026-07-02T00:41:38Z
125,34,7,,,2026-07-02T00:41:38Z
125,34,8,,,2026-07-02T00:41:38Z
125,34,9,,,2026-07-02T00:41:38Z
125,35,10,,,2026-07-02T00:41:38Z
125,35,2,,,2026-07-02T00:41:38Z
125,35,3,,,2026-07-02T00:41:38Z
125,35,4,,,2026-07-02T00:41:38Z
125,35,5,,,2026-07-02T00:41:38Z
125,35,6,,,2026-07-02T00:41:38Z
125,35,7,,,2026-07-02T00:41:38Z
125,35,8,,,2026-07-02T00:41:38Z
125,35,9,,,2026-07-02T00:41:38Z
125,36,10,,,2026-07-02T00:41:38Z
125,36,11,,,2026-07-02T00:41:38Z
125,36,12,,,2026-07-02T00:41:38Z
125,36,2,,,2026-07-02T00:41:38Z
125,36,3,,,2026-07-02T00:41:38Z
125,36,4,,,2026-07-02T00:41:38Z
125,36,5,,,2026-07-02T00:41:38Z
125,36,6,,,2026-07-02T00:41:38Z
125,36,7,,,2026-07-02T00:41:38Z
125,36,8,,,2026-07-02T00:41:38Z
125,36,9,,,2026-07-02T00:41:38Z
125,38,10,,,2026-07-02T00:41:38Z
125,38,11,,,2026-07-02T00:41:38Z
125,38,12,,,2026-07-02T00:41:38Z
125,38,13,,,2026-07-02T00:41:38Z
125,38,14,,,2026-07-02T00:41:38Z
125,38,15,,,2026-07-02T00:41:38Z
125,38,16,,,2026-07-02T00:41:38Z
125,38,17,,,2026-07-02T00:41:38Z
125,38,2,,,2026-07-02T00:41:38Z
125,38,3,,,2026-07-02T00:41:38Z
125,38,4,,,2026-07-02T00:41:38Z
125,38,5,,,2026-07-02T00:41:38Z
125,38,6,,,2026-07-02T00:41:38Z
125,38,7,,,2026-07-02T00:41:38Z
125,38,8,,,2026-07-02T00:41:38Z
125,38,9,,,2026-07-02T00:41:38Z
126,21,10,,,2026-07-02T00:41:38Z
126,21,11,,,2026-07-02T00:41:38Z
126,23,3,,,2026-07-02T00:41:38Z
126,23,4,,,2026-07-02T00:41:38Z
126,26,1,,,2026-07-02T00:41:38Z
126,26,2,,,2026-07-02T00:41:38Z
126,28,10,,,2026-07-02T00:41:38Z
126,28,11,,,2026-07-02T00:41:38Z
126,28,12,,,2026-07-02T00:41:38Z
126,28,13,,,2026-07-02T00:41:38Z
126,28,14,,,2026-07-02T00:41:38Z
126,28,15,,,2026-07-02T00:41:38Z
126,28,18,,,2026-07-02T00:41:38Z
126,28,19,,,2026-07-02T00:41:38Z
126,28,3,,,2026-07-02T00:41:38Z
126,28,9,,,2026-07-02T00:41:38Z
126,29,17,,,2026-07-02T00:41:38Z
126,29,18,,,2026-07-02T00:41:38Z
126,29,19,,,2026-07-02T00:41:38Z
126,29,20,,,2026-07-02T00:41:38Z
126,29,3,,,2026-07-02T00:41:38Z
126,29,4,,,2026-07-02T00:41:38Z
126,29,5,,,2026-07-02T00:41:38Z
126,29,6,,,2026-07-02T00:41:38Z
126,29,7,,,2026-07-02T00:41:38Z
126,29,8,,,2026-07-02T00:41:38Z
126,30,21,,,2026-07-02T00:41:38Z
126,30,22,,,2026-07-02T00:41:38Z
126,30,3,,,2026-07-02T00:41:38Z
126,30,4,,,2026-07-02T00:41:38Z
126,30,5,,,2026-07-02T00:41:38Z
126,30,6,,,2026-07-02T00:41:38Z
126,30,7,,,2026-07-02T00:41:38Z
126,30,8,,,2026-07-02T00:41:38Z
126,31,17,,,2026-07-02T00:41:38Z
126,31,18,,,2026-07-02T00:41:38Z
126,31,19,,,2026-07-02T00:41:38Z
126,31,20,,,2026-07-02T00:41:38Z
126,31,21,,,2026-07-02T00:41:38Z
126,31,22,,,2026-07-02T00:41:38Z
126,31,3,,,2026-07-02T00:41:38Z
126,31,4,,,2026-07-02T00:41:38Z
126,31,5,,,2026-07-02T00:41:38Z
126,31,6,,,2026-07-02T00:41:38Z
126,31,7,,,2026-07-02T00:41:38Z
126,31,8,,,2026-07-02T00:41:38Z
126,32,13,,,2026-07-02T00:41:38Z
126,32,14,,,2026-07-02T00:41:38Z
126,32,15,,,2026-07-02T00:41:38Z
126,32,16,,,2026-07-02T00:41:38Z
126,32,17,,,2026-07-02T00:41:38Z
126,32,18,,,2026-07-02T00:41:38Z
126,32,19,,,2026-07-02T00:41:38Z
126,32,20,,,2026-07-02T00:41:38Z
126,32,21,,,2026-07-02T00:41:38Z
126,32,22,,,2026-07-02T00:41:38Z
126,32,3,,,2026-07-02T00:41:38Z
126,32,4,,,2026-07-02T00:41:38Z
126,32,5,,,2026-07-02T00:41:38Z
126,32,6,,,2026-07-02T00:41:38Z
126,32,7,,,2026-07-02T00:41:38Z
126,32,8,,,2026-07-02T00:41:38Z
126,33,17,,,2026-07-02T00:41:38Z
126,33,18,,,2026-07-02T00:41:38Z
126,33,19,,,2026-07-02T00:41:38Z
126,33,20,,,2026-07-02T00:41:38Z
126,33,21,,,2026-07-02T00:41:38Z
126,33,22,,,2026-07-02T00:41:38Z
126,33,3,,,2026-07-02T00:41:38Z
126,33,4,,,2026-07-02T00:41:38Z
126,33,5,,,2026-07-02T00:41:38Z
126,33,6,,,2026-07-02T00:41:38Z
126,33,7,,,2026-07-02T00:41:38Z
126,33,8,,,2026-07-02T00:41:38Z
126,34,10,,,2026-07-02T00:41:38Z
126,34,13,,,2026-07-02T00:41:38Z
126,34,14,,,2026-07-02T00:41:38Z
126,34,15,,,2026-07-02T00:41:38Z
126,34,16,,,2026-07-02T00:41:38Z
126,34,17,,,2026-07-02T00:41:38Z
126,34,18,,,2026-07-02T00:41:38Z
126,34,3,,,2026-07-02T00:41:38Z
126,34,4,,,2026-07-02T00:41:38Z
126,34,5,,,2026-07-02T00:41:38Z
126,34,6,,,2026-07-02T00:41:38Z
126,34,7,,,2026-07-02T00:41:38Z
126,34,8,,,2026-07-02T00:41:38Z
126,34,9,,,2026-07-02T00:41:38Z
126T,37,1,,,2026-07-02T00:41:38Z
126T,37,2,,,2026-07-02T00:41:38Z
126W,40,1,,,2026-07-02T00:41:38Z
126W,40,2,,,2026-07-02T00:41:38Z
126W,40,3,,,2026-07-02T00:41:38Z
126W,40,4,,,2026-07-02T00:41:38Z
126W,40,5,,,2026-07-02T00:41:38Z
126W,40,6,,,2026-07-02T00:41:38Z
126W,40,7,,,2026-07-02T00:41:38Z
126W,40,8,,,2026-07-02T00:41:38Z
126W,40,9,,,2026-07-02T00:41:38Z
127,27,15,,,2026-07-02T00:41:38Z
127,27,16,,,2026-07-02T00:41:38Z
127,28,10,,,2026-07-02T00:41:38Z
127,28,7,,,2026-07-02T00:41:38Z
127,28,8,,,2026-07-02T00:41:38Z
127,28,9,,,2026-07-02T00:41:38Z
127,29,16,,,2026-07-02T00:41:38Z
127,29,17,,,2026-07-02T00:41:38Z
127,29,6,,,2026-07-02T00:41:38Z
127,29,7,,,2026-07-02T00:41:38Z
127,29,8,,,2026-07-02T00:41:38Z
127,29,9,,,2026-07-02T00:41:38Z
127,30,13,,,2026-07-02T00:41:38Z
127,30,14,,,2026-07-02T00:41:38Z
127,30,15,,,2026-07-02T00:41:38Z
127,30,16,,,2026-07-02T00:41:38Z
127,31,10,,,2026-07-02T00:41:38Z
127,31,11,,,2026-07-02T00:41:38Z
127,31,12,,,2026-07-02T00:41:38Z
127,31,7,,,2026-07-02T00:41:38Z
127,31,8,,,2026-07-02T00:41:38Z
127,31,9,,,2026-07-02T00:41:38Z
127,32,17,,,2026-07-02T00:41:38Z
127,32,18,,,2026-07-02T00:41:38Z
127,32,3,,,2026-07-02T00:41:38Z
127,32,4,,,2026-07-02T00:41:38Z
127,33,10,,,2026-07-02T00:41:38Z
127,33,11,,,2026-07-02T00:41:38Z
127,33,12,,,2026-07-02T00:41:38Z
127,33,13,,,2026-07-02T00:41:38Z
127,33,14,,,2026-07-02T00:41:38Z
127,33,5,,,2026-07-02T00:41:38Z
127,33,6,,,2026-07-02T00:41:38Z
127,33,7,,,2026-07-02T00:41:38Z
127,33,8,,,2026-07-02T00:41:38Z
127,33,9,,,2026-07-02T00:41:38Z
127,34,10,,,2026-07-02T00:41:38Z
127,34,11,,,2026-07-02T00:41:38Z
127,34,12,,,2026-07-02T00:41:38Z
127,34,13,,,2026-07-02T00:41:38Z
127,34,14,,,2026-07-02T00:41:38Z
127,34,15,,,2026-07-02T00:41:38Z
127,34,16,,,2026-07-02T00:41:38Z
127,34,17,,,2026-07-02T00:41:38Z
127,34,2,,,2026-07-02T00:41:38Z
127,34,3,,,2026-07-02T00:41:38Z
127,34,4,,,2026-07-02T00:41:38Z
127,34,5,,,2026-07-02T00:41:38Z
127,34,6,,,2026-07-02T00:41:38Z
127,34,7,,,2026-07-02T00:41:38Z
127,34,8,,,2026-07-02T00:41:38Z
127,34,9,,,2026-07-02T00:41:38Z
127W,40,10,,,2026-07-02T00:41:38Z
127W,40,7,,,2026-07-02T00:41:38Z
127W,40,8,,,2026-07-02T00:41:38Z
127W,40,9,,,2026-07-02T00:41:38Z
128,27,10,,,2026-07-02T00:41:38Z
128,27,11,,,2026-07-02T00:41:38Z
128,27,12,,,2026-07-02T00:41:38Z
128,27,13,,,2026-07-02T00:41:38Z
128,27,14,,,2026-07-02T00:41:38Z
128,27,15,,,2026-07-02T00:41:38Z
128,27,16,,,2026-07-02T00:41:38Z
128,27,17,,,2026-07-02T00:41:38Z
128,27,18,,,2026-07-02T00:41:38Z
128,27,19,,,2026-07-02T00:41:38Z
128,27,20,,,2026-07-02T00:41:38Z
128,27,3,,,2026-07-02T00:41:38Z
128,27,4,,,2026-07-02T00:41:38Z
128,27,7,,,2026-07-02T00:41:38Z
128,27,8,,,2026-07-02T00:41:38Z
128,27,9,,,2026-07-02T00:41:38Z
128,22,13,,,2026-07-02T00:41:38Z
128,22,14,,,2026-07-02T00:41:38Z
128,23,12,,,2026-07-02T00:41:38Z
128,23,13,,,2026-07-02T00:41:38Z
128,23,14,,,2026-07-02T00:41:38Z
128,25,10,,,2026-07-02T00:41:38Z
128,25,11,,,2026-07-02T00:41:38Z
128,25,17,,,2026-07-02T00:41:38Z
128,25,18,,,2026-07-02T00:41:38Z
128,25,9,,,2026-07-02T00:41:38Z
128,26,13,,,2026-07-02T00:41:38Z
128,26,14,,,2026-07-02T00:41:38Z
128,26,15,,,2026-07-02T00:41:38Z
128,26,16,,,2026-07-02T00:41:38Z
128,26,3,,,2026-07-02T00:41:38Z
128,26,4,,,2026-07-02T00:41:38Z
128,26,5,,,2026-07-02T00:41:38Z
128,26,6,,,2026-07-02T00:41:38Z
128,26,7,,,2026-07-02T00:41:38Z
128,26,8,,,2026-07-02T00:41:38Z
128,28,15,,,2026-07-02T00:41:38Z
128,28,16,,,2026-07-02T00:41:38Z
128,28,5,,,2026-07-02T00:41:38Z
128,28,6,,,2026-07-02T00:41:38Z
128,29,10,,,2026-07-02T00:41:38Z
128,29,11,,,2026-07-02T00:41:38Z
128,29,12,,,2026-07-02T00:41:38Z
128,29,13,,,2026-07-02T00:41:38Z
128,29,14,,,2026-07-02T00:41:38Z
128,29,15,,,2026-07-02T00:41:38Z
128,29,16,,,2026-07-02T00:41:38Z
128,29,17,,,2026-07-02T00:41:38Z
128,29,3,,,2026-07-02T00:41:38Z
128,29,4,,,2026-07-02T00:41:38Z
128,29,5,,,2026-07-02T00:41:38Z
128,29,6,,,2026-07-02T00:41:38Z
128,29,7,,,2026-07-02T00:41:38Z
128,29,8,,,2026-07-02T00:41:38Z
128,29,9,,,2026-07-02T00:41:38Z
128,37,10,,,2026-07-02T00:41:38Z
128,37,11,,,2026-07-02T00:41:38Z
128,37,12,,,2026-07-02T00:41:38Z
128,37,13,,,2026-07-02T00:41:38Z
128,37,14,,,2026-07-02T00:41:38Z
128,37,15,,,2026-07-02T00:41:38Z
128,37,16,,,2026-07-02T00:41:38Z
128,37,17,,,2026-07-02T00:41:38Z
128,37,18,,,2026-07-02T00:41:38Z
128,37,19,,,2026-07-02T00:41:38Z
128,37,20,,,2026-07-02T00:41:38Z
128,37,3,,,2026-07-02T00:41:38Z
128,37,4,,,2026-07-02T00:41:38Z
128,37,5,,,2026-07-02T00:41:38Z
128,37,6,,,2026-07-02T00:41:38Z
128,37,7,,,2026-07-02T00:41:38Z
128,37,8,,,2026-07-02T00:41:38Z
128,37,9,,,2026-07-02T00:41:38Z
128,30,11,,,2026-07-02T00:41:38Z
128,30,12,,,2026-07-02T00:41:38Z
128,30,13,,,2026-07-02T00:41:38Z
128,31,10,,,2026-07-02T00:41:38Z
128,31,11,,,2026-07-02T00:41:38Z
128,31,12,,,2026-07-02T00:41:38Z
128,31,13,,,2026-07-02T00:41:38Z
128,31,14,,,2026-07-02T00:41:38Z
128,31,15,,,2026-07-02T00:41:38Z
128,31,16,,,2026-07-02T00:41:38Z
128,31,17,,,2026-07-02T00:41:38Z
128,31,18,,,2026-07-02T00:41:38Z
128,31,5,,,2026-07-02T00:41:38Z
128,31,6,,,2026-07-02T00:41:38Z
128,31,7,,,2026-07-02T00:41:38Z
128,31,8,,,2026-07-02T00:41:38Z
128,31,9,,,2026-07-02T00:41:38Z
128,32,11,,,2026-07-02T00:41:38Z
128,32,12,,,2026-07-02T00:41:38Z
128,32,13,,,2026-07-02T00:41:38Z
128,32,14,,,2026-07-02T00:41:38Z
128,32,15,,,2026-07-02T00:41:38Z
128,32,16,,,2026-07-02T00:41:38Z
128,32,17,,,2026-07-02T00:41:38Z
128,32,18,,,2026-07-02T00:41:38Z
128,32,19,,,2026-07-02T00:41:38Z
128,32,20,,,2026-07-02T00:41:38Z
128,32,3,,,2026-07-02T00:41:38Z
128,32,4,,,2026-07-02T00:41:38Z
128,32,5,,,2026-07-02T00:41:38Z
128,32,6,,,2026-07-02T00:41:38Z
128,32,7,,,2026-07-02T00:41:38Z
128,32,8,,,2026-07-02T00:41:38Z
128,33,10,,,2026-07-02T00:41:38Z
128,33,11,,,2026-07-02T00:41:38Z
128,33,12,,,2026-07-02T00:41:38Z
128,33,13,,,2026-07-02T00:41:38Z
128,33,14,,,2026-07-02T00:41:38Z
128,33,15,,,2026-07-02T00:41:38Z
128,33,16,,,2026-07-02T00:41:38Z
128,33,17,,,2026-07-02T00:41:38Z
128,33,18,,,2026-07-02T00:41:38Z
128,33,19,,,2026-07-02T00:41:38Z
128,33,20,,,2026-07-02T00:41:38Z
128,33,3,,,2026-07-02T00:41:38Z
128,33,4,,,2026-07-02T00:41:38Z
128,33,5,,,2026-07-02T00:41:38Z
128,33,6,,,2026-07-02T00:41:38Z
128,33,7,,,2026-07-02T00:41:38Z
128,33,8,,,2026-07-02T00:41:38Z
128,33,9,,,2026-07-02T00:41:38Z
128,34,11,,,2026-07-02T00:41:38Z
128,34,12,,,2026-07-02T00:41:38Z
128,34,13,,,2026-07-02T00:41:38Z
128,34,14,,,2026-07-02T00:41:38Z
128,34,15,,,2026-07-02T00:41:38Z
128,34,16,,,2026-07-02T00:41:38Z
128,34,17,,,2026-07-02T00:41:38Z
128,34,18,,,2026-07-02T00:41:38Z
128,34,19,,,2026-07-02T00:41:38Z
128,34,20,,,2026-07-02T00:41:38Z
128,34,3,,,2026-07-02T00:41:38Z
128,34,4,,,2026-07-02T00:41:38Z
128,35,10,,,2026-07-02T00:41:38Z
128,35,11,,,2026-07-02T00:41:38Z
128,35,12,,,2026-07-02T00:41:38Z
128,35,13,,,2026-07-02T00:41:38Z
128,35,14,,,2026-07-02T00:41:38Z
128,35,15,,,2026-07-02T00:41:38Z
128,35,16,,,2026-07-02T00:41:38Z
128,35,17,,,2026-07-02T00:41:38Z
128,35,18,,,2026-07-02T00:41:38Z
128,35,19,,,2026-07-02T00:41:38Z
128,35,20,,,2026-07-02T00:41:38Z
128,35,3,,,2026-07-02T00:41:38Z
128,35,4,,,2026-07-02T00:41:38Z
128,35,5,,,2026-07-02T00:41:38Z
128,35,6,,,2026-07-02T00:41:38Z
128,35,7,,,2026-07-02T00:41:38Z
128,35,8,,,2026-07-02T00:41:38Z
128,35,9,,,2026-07-02T00:41:38Z
128,36,10,,,2026-07-02T00:41:38Z
128,36,11,,,2026-07-02T00:41:38Z
128,36,12,,,2026-07-02T00:41:38Z
128,36,13,,,2026-07-02T00:41:38Z
128,36,14,,,2026-07-02T00:41:38Z
128,36,15,,,2026-07-02T00:41:38Z
128,36,16,,,2026-07-02T00:41:38Z
128,36,17,,,2026-07-02T00:41:38Z
128,36,18,,,2026-07-02T00:41:38Z
128,36,19,,,2026-07-02T00:41:38Z
128,36,20,,,2026-07-02T00:41:38Z
128,36,4,,,2026-07-02T00:41:38Z
128,36,5,,,2026-07-02T00:41:38Z
128,36,6,,,2026-07-02T00:41:38Z
128,36,7,,,2026-07-02T00:41:38Z
128,36,8,,,2026-07-02T00:41:38Z
128,36,9,,,2026-07-02T00:41:38Z
128,38,10,,,2026-07-02T00:41:38Z
128,38,11,,,2026-07-02T00:41:38Z
128,38,12,,,2026-07-02T00:41:38Z
128,38,13,,,2026-07-02T00:41:38Z
128,38,14,,,2026-07-02T00:41:38Z
128,38,15,,,2026-07-02T00:41:38Z
128,38,16,,,2026-07-02T00:41:38Z
128,38,17,,,2026-07-02T00:41:38Z
128,38,18,,,2026-07-02T00:41:38Z
128,38,19,,,2026-07-02T00:41:38Z
128,38,20,,,2026-07-02T00:41:38Z
128,38,4,,,2026-07-02T00:41:38Z
128,38,5,,,2026-07-02T00:41:38Z
128,38,6,,,2026-07-02T00:41:38Z
128,38,7,,,2026-07-02T00:41:38Z
128,38,8,,,2026-07-02T00:41:38Z
128,38,9,,,2026-07-02T00:41:38Z
128,39,10,,,2026-07-02T00:41:38Z
128,39,11,,,2026-07-02T00:41:38Z
128,39,12,,,2026-07-02T00:41:38Z
128,39,13,,,2026-07-02T00:41:38Z
128,39,14,,,2026-07-02T00:41:38Z
128,39,15,,,2026-07-02T00:41:38Z
128,39,16,,,2026-07-02T00:41:38Z
128,39,17,,,2026-07-02T00:41:38Z
128,39,18,,,2026-07-02T00:41:38Z
128,39,19,,,2026-07-02T00:41:38Z
128,39,20,,,2026-07-02T00:41:38Z
128,39,5,,,2026-07-02T00:41:38Z
128,39,6,,,2026-07-02T00:41:38Z
128,39,7,,,2026-07-02T00:41:38Z
128,39,8,,,2026-07-02T00:41:38Z
128,39,9,,,2026-07-02T00:41:38Z
128W,40,1,,,2026-07-02T00:41:38Z
128W,40,10,,,2026-07-02T00:41:38Z
128W,40,11,,,2026-07-02T00:41:38Z
128W,40,2,,,2026-07-02T00:41:38Z
128W,40,3,,,2026-07-02T00:41:38Z
128W,40,4,,,2026-07-02T00:41:38Z
128W,40,5,,,2026-07-02T00:41:38Z
128W,40,6,,,2026-07-02T00:41:38Z
128W,40,7,,,2026-07-02T00:41:38Z
128W,40,8,,,2026-07-02T00:41:38Z
128W,40,9,,,2026-07-02T00:41:38Z
129,27,10,,,2026-07-02T00:41:38Z
129,27,11,,,2026-07-02T00:41:38Z
129,27,12,,,2026-07-02T00:41:38Z
129,27,13,,,2026-07-02T00:41:38Z
129,27,14,,,2026-07-02T00:41:38Z
129,27,15,,,2026-07-02T00:41:38Z
129,27,5,,,2026-07-02T00:41:38Z
129,27,6,,,2026-07-02T00:41:38Z
129,27,7,,,2026-07-02T00:41:38Z
129,27,8,,,2026-07-02T00:41:38Z
129,27,9,,,2026-07-02T00:41:38Z
129,23,10,,,2026-07-02T00:41:38Z
129,23,11,,,2026-07-02T00:41:38Z
129,23,12,,,2026-07-02T00:41:38Z
129,23,13,,,2026-07-02T00:41:38Z
129,23,14,,,2026-07-02T00:41:38Z
129,23,15,,,2026-07-02T00:41:38Z
129,23,16,,,2026-07-02T00:41:38Z
129,23,9,,,2026-07-02T00:41:38Z
129,24,10,,,2026-07-02T00:41:38Z
129,24,11,,,2026-07-02T00:41:38Z
129,24,12,,,2026-07-02T00:41:38Z
129,24,13,,,2026-07-02T00:41:38Z
129,24,14,,,2026-07-02T00:41:38Z
129,24,15,,,2026-07-02T00:41:38Z
129,24,16,,,2026-07-02T00:41:38Z
129,25,10,,,2026-07-02T00:41:38Z
129,25,15,,,2026-07-02T00:41:38Z
129,25,16,,,2026-07-02T00:41:38Z
129,25,7,,,2026-07-02T00:41:38Z
129,25,8,,,2026-07-02T00:41:38Z
129,25,9,,,2026-07-02T00:41:38Z
129,26,10,,,2026-07-02T00:41:38Z
129,26,11,,,2026-07-02T00:41:38Z
129,26,12,,,2026-07-02T00:41:38Z
129,26,13,,,2026-07-02T00:41:38Z
129,26,14,,,2026-07-02T00:41:38Z
129,26,15,,,2026-07-02T00:41:38Z
129,26,16,,,2026-07-02T00:41:38Z
129,26,17,,,2026-07-02T00:41:38Z
129,26,18,,,2026-07-02T00:41:38Z
129,26,4,,,2026-07-02T00:41:38Z
129,26,5,,,2026-07-02T00:41:38Z
129,26,6,,,2026-07-02T00:41:38Z
129,26,7,,,2026-07-02T00:41:38Z
129,26,8,,,2026-07-02T00:41:38Z
129,26,9,,,2026-07-02T00:41:38Z
129,28,11,,,2026-07-02T00:41:38Z
129,28,12,,,2026-07-02T00:41:38Z
129,28,13,,,2026-07-02T00:41:38Z
129,28,14,,,2026-07-02T00:41:38Z
129,29,13,,,2026-07-02T00:41:38Z
129,29,14,,,2026-07-02T00:41:38Z
129,29,15,,,2026-07-02T00:41:38Z
129,29,16,,,2026-07-02T00:41:38Z
129,29,17,,,2026-07-02T00:41:38Z
129,29,18,,,2026-07-02T00:41:38Z
129,30,10,,,2026-07-02T00:41:38Z
129,30,11,,,2026-07-02T00:41:38Z
129,30,12,,,2026-07-02T00:41:38Z
129,30,13,,,2026-07-02T00:41:38Z
129,30,14,,,2026-07-02T00:41:38Z
129,30,15,,,2026-07-02T00:41:38Z
129,30,16,,,2026-07-02T00:41:38Z
129,30,17,,,2026-07-02T00:41:38Z
129,30,18,,,2026-07-02T00:41:38Z
129,30,19,,,2026-07-02T00:41:38Z
129,30,3,,,2026-07-02T00:41:38Z
129,30,4,,,2026-07-02T00:41:38Z
129,30,5,,,2026-07-02T00:41:38Z
129,30,6,,,2026-07-02T00:41:38Z
129,30,7,,,2026-07-02T00:41:38Z
129,30,8,,,2026-07-02T00:41:38Z
129,30,9,,,2026-07-02T00:41:38Z
129,31,10,,,2026-07-02T00:41:38Z
129,31,11,,,2026-07-02T00:41:38Z
129,31,12,,,2026-07-02T00:41:38Z
129,31,13,,,2026-07-02T00:41:38Z
129,31,14,,,2026-07-02T00:41:38Z
129,31,15,,,2026-07-02T00:41:38Z
129,31,16,,,2026-07-02T00:41:38Z
129,31,17,,,2026-07-02T00:41:38Z
129,31,18,,,2026-07-02T00:41:38Z
129,31,19,,,2026-07-02T00:41:38Z
129,31,20,,,2026-07-02T00:41:38Z
129,31,3,,,2026-07-02T00:41:38Z
129,31,4,,,2026-07-02T00:41:38Z
129,31,5,,,2026-07-02T00:41:38Z
129,31,6,,,2026-07-02T00:41:38Z
129,31,7,,,2026-07-02T00:41:38Z
129,31,8,,,2026-07-02T00:41:38Z
129,31,9,,,2026-07-02T00:41:38Z
129,32,11,,,2026-07-02T00:41:38Z
129,32,12,,,2026-07-02T00:41:38Z
129,32,13,,,2026-07-02T00:41:38Z
129,32,14,,,2026-07-02T00:41:38Z
129,32,15,,,2026-07-02T00:41:38Z
129,32,16,,,2026-07-02T00:41:38Z
129,32,17,,,2026-07-02T00:41:38Z
129,32,18,,,2026-07-02T00:41:38Z
129,32,19,,,2026-07-02T00:41:38Z
129,32,20,,,2026-07-02T00:41:38Z
129,32,3,,,2026-07-02T00:41:38Z
129,32,4,,,2026-07-02T00:41:38Z
129,33,10,,,2026-07-02T00:41:38Z
129,33,11,,,2026-07-02T00:41:38Z
129,33,12,,,2026-07-02T00:41:38Z
129,33,13,,,2026-07-02T00:41:38Z
129,33,14,,,2026-07-02T00:41:38Z
129,33,15,,,2026-07-02T00:41:38Z
129,33,16,,,2026-07-02T00:41:38Z
129,33,17,,,2026-07-02T00:41:38Z
129,33,18,,,2026-07-02T00:41:38Z
129,33,19,,,2026-07-02T00:41:38Z
129,33,20,,,2026-07-02T00:41:38Z
129,33,3,,,2026-07-02T00:41:38Z
129,33,4,,,2026-07-02T00:41:38Z
129,33,5,,,2026-07-02T00:41:38Z
129,33,6,,,2026-07-02T00:41:38Z
129,33,7,,,2026-07-02T00:41:38Z
129,33,8,,,2026-07-02T00:41:38Z
129,33,9,,,2026-07-02T00:41:38Z
129,34,10,,,2026-07-02T00:41:38Z
129,34,11,,,2026-07-02T00:41:38Z
129,34,12,,,2026-07-02T00:41:38Z
129,34,13,,,2026-07-02T00:41:38Z
129,34,14,,,2026-07-02T00:41:38Z
129,34,15,,,2026-07-02T00:41:38Z
129,34,16,,,2026-07-02T00:41:38Z
129,34,17,,,2026-07-02T00:41:38Z
129,34,18,,,2026-07-02T00:41:38Z
129,34,2,,,2026-07-02T00:41:38Z
129,34,3,,,2026-07-02T00:41:38Z
129,34,4,,,2026-07-02T00:41:38Z
129,34,5,,,2026-07-02T00:41:38Z
129,34,6,,,2026-07-02T00:41:38Z
129,34,7,,,2026-07-02T00:41:38Z
129,34,8,,,2026-07-02T00:41:38Z
129,34,9,,,2026-07-02T00:41:38Z
129,38,10,,,2026-07-02T00:41:38Z
129,38,17,,,2026-07-02T00:41:38Z
129,38,18,,,2026-07-02T00:41:38Z
129,39,10,,,2026-07-02T00:41:38Z
129,39,9,,,2026-07-02T00:41:38Z
129W,40,1,,,2026-07-02T00:41:38Z
129W,40,10,,,2026-07-02T00:41:38Z
129W,40,11,,,2026-07-02T00:41:38Z
129W,40,2,,,2026-07-02T00:41:38Z
129W,40,3,,,2026-07-02T00:41:38Z
129W,40,4,,,2026-07-02T00:41:38Z
129W,40,5,,,2026-07-02T00:41:38Z
129W,40,6,,,2026-07-02T00:41:38Z
129W,40,7,,,2026-07-02T00:41:38Z
129W,40,8,,,2026-07-02T00:41:38Z
129W,40,9,,,2026-07-02T00:41:38Z
130,17,3,,,2026-07-02T00:41:38Z
130,17,4,,,2026-07-02T00:41:38Z
130,17,5,,,2026-07-02T00:41:38Z
130,17,6,,,2026-07-02T00:41:38Z
130,17,7,,,2026-07-02T00:41:38Z
130,17,8,,,2026-07-02T00:41:38Z
130,17,9,,,2026-07-02T00:41:38Z
130,11,10,,,2026-07-02T00:41:38Z
130,11,9,,,2026-07-02T00:41:38Z
130,12,10,,,2026-07-02T00:41:38Z
130,12,11,,,2026-07-02T00:41:38Z
130,12,7,,,2026-07-02T00:41:38Z
130,12,8,,,2026-07-02T00:41:38Z
130,12,9,,,2026-07-02T00:41:38Z
130,13,10,,,2026-07-02T00:41:38Z
130,13,11,,,2026-07-02T00:41:38Z
130,13,9,,,2026-07-02T00:41:38Z
130,14,10,,,2026-07-02T00:41:38Z
130,14,11,,,2026-07-02T00:41:38Z
130,14,12,,,2026-07-02T00:41:38Z
130,14,13,,,2026-07-02T00:41:38Z
130,14,14,,,2026-07-02T00:41:38Z
130,14,6,,,2026-07-02T00:41:38Z
130,14,7,,,2026-07-02T00:41:38Z
130,14,8,,,2026-07-02T00:41:38Z
130,14,9,,,2026-07-02T00:41:38Z
130,15,10,,,2026-07-02T00:41:38Z
130,15,11,,,2026-07-02T00:41:38Z
130,15,12,,,2026-07-02T00:41:38Z
130,15,13,,,2026-07-02T00:41:38Z
130,15,14,,,2026-07-02T00:41:38Z
130,15,15,,,2026-07-02T00:41:38Z
130,15,5,,,2026-07-02T00:41:38Z
130,15,6,,,2026-07-02T00:41:38Z
130,15,7,,,2026-07-02T00:41:38Z
130,15,8,,,2026-07-02T00:41:38Z
130,15,9,,,2026-07-02T00:41:38Z
130,16,10,,,2026-07-02T00:41:38Z
130,16,11,,,2026-07-02T00:41:38Z
130,16,12,,,2026-07-02T00:41:38Z
130,16,13,,,2026-07-02T00:41:38Z
130,16,14,,,2026-07-02T00:41:38Z
130,16,3,,,2026-07-02T00:41:38Z
130,16,4,,,2026-07-02T00:41:38Z
130,16,5,,,2026-07-02T00:41:38Z
130,16,6,,,2026-07-02T00:41:38Z
130,16,7,,,2026-07-02T00:41:38Z
130,16,8,,,2026-07-02T00:41:38Z
130,16,9,,,2026-07-02T00:41:38Z
130,18,14,,,2026-07-02T00:41:38Z
130,18,15,,,2026-07-02T00:41:38Z
130,18,16,,,2026-07-02T00:41:38Z
130,18,17,,,2026-07-02T00:41:38Z
130,18,6,,,2026-07-02T00:41:38Z
130,18,7,,,2026-07-02T00:41:38Z
130,18,8,,,2026-07-02T00:41:38Z
130,19,10,,,2026-07-02T00:41:38Z
130,19,11,,,2026-07-02T00:41:38Z
130,19,12,,,2026-07-02T00:41:38Z
130,19,13,,,2026-07-02T00:41:38Z
130,19,14,,,2026-07-02T00:41:38Z
130,19,15,,,2026-07-02T00:41:38Z
130,19,5,,,2026-07-02T00:41:38Z
130,19,6,,,2026-07-02T00:41:38Z
130,19,7,,,2026-07-02T00:41:38Z
130,19,8,,,2026-07-02T00:41:38Z
130,19,9,,,2026-07-02T00:41:38Z
130,20,10,,,2026-07-02T00:41:38Z
130,20,11,,,2026-07-02T00:41:38Z
130,20,12,,,2026-07-02T00:41:38Z
130,20,13,,,2026-07-02T00:41:38Z
130,20,14,,,2026-07-02T00:41:38Z
130,20,7,,,2026-07-02T00:41:38Z
130,20,8,,,2026-07-02T00:41:38Z
130,20,9,,,2026-07-02T00:41:38Z
130,27,11,,,2026-07-02T00:41:38Z
130,27,12,,,2026-07-02T00:41:38Z
130,27,13,,,2026-07-02T00:41:38Z
130,21,17,,,2026-07-02T00:41:38Z
130,22,5,,,2026-07-02T00:41:38Z
130,22,6,,,2026-07-02T00:41:38Z
130,22,7,,,2026-07-02T00:41:38Z
130,23,15,,,2026-07-02T00:41:38Z
130,23,16,,,2026-07-02T00:41:38Z
130,24,14,,,2026-07-02T00:41:38Z
130,24,15,,,2026-07-02T00:41:38Z
130,24,18,,,2026-07-02T00:41:38Z
130,24,19,,,2026-07-02T00:41:38Z
130,24,2,,,2026-07-02T00:41:38Z
130,24,7,,,2026-07-02T00:41:38Z
130,24,8,,,2026-07-02T00:41:38Z
130,26,13,,,2026-07-02T00:41:38Z
130,26,14,,,2026-07-02T00:41:38Z
130,28,12,,,2026-07-02T00:41:38Z
130,28,13,,,2026-07-02T00:41:38Z
130,29,14,,,2026-07-02T00:41:38Z
130,29,15,,,2026-07-02T00:41:38Z
130,29,16,,,2026-07-02T00:41:38Z
130,29,17,,,2026-07-02T00:41:38Z
130,29,18,,,2026-07-02T00:41:38Z
130,29,20,,,2026-07-02T00:41:38Z
130,29,21,,,2026-07-02T00:41:38Z
130,37,10,,,2026-07-02T00:41:38Z
130,37,11,,,2026-07-02T00:41:38Z
130,37,12,,,2026-07-02T00:41:38Z
130,37,13,,,2026-07-02T00:41:38Z
130,37,14,,,2026-07-02T00:41:38Z
130,37,15,,,2026-07-02T00:41:38Z
130,37,16,,,2026-07-02T00:41:38Z
130,37,17,,,2026-07-02T00:41:38Z
130,37,18,,,2026-07-02T00:41:38Z
130,37,21,,,2026-07-02T00:41:38Z
130,37,22,,,2026-07-02T00:41:38Z
130,37,23,,,2026-07-02T00:41:38Z
130,37,24,,,2026-07-02T00:41:38Z
130,37,3,,,2026-07-02T00:41:38Z
130,37,4,,,2026-07-02T00:41:38Z
130,37,5,,,2026-07-02T00:41:38Z
130,37,6,,,2026-07-02T00:41:38Z
130,37,7,,,2026-07-02T00:41:38Z
130,37,8,,,2026-07-02T00:41:38Z
130,37,9,,,2026-07-02T00:41:38Z
130,30,10,,,2026-07-02T00:41:38Z
130,30,11,,,2026-07-02T00:41:38Z
130,30,12,,,2026-07-02T00:41:38Z
130,30,13,,,2026-07-02T00:41:38Z
130,30,14,,,2026-07-02T00:41:38Z
130,30,15,,,2026-07-02T00:41:38Z
130,30,16,,,2026-07-02T00:41:38Z
130,30,17,,,2026-07-02T00:41:38Z
130,30,18,,,2026-07-02T00:41:38Z
130,30,8,,,2026-07-02T00:41:38Z
130,30,9,,,2026-07-02T00:41:38Z
130,31,13,,,2026-07-02T00:41:38Z
130,31,14,,,2026-07-02T00:41:38Z
130,31,15,,,2026-07-02T00:41:38Z
130,31,16,,,2026-07-02T00:41:38Z
130,31,17,,,2026-07-02T00:41:38Z
130,31,18,,,2026-07-02T00:41:38Z
130,31,19,,,2026-07-02T00:41:38Z
130,33,21,,,2026-07-02T00:41:38Z
130,33,22,,,2026-07-02T00:41:38Z
130,33,23,,,2026-07-02T00:41:38Z
130,34,18,,,2026-07-02T00:41:38Z
130,34,19,,,2026-07-02T00:41:38Z
130,34,20,,,2026-07-02T00:41:38Z
130,35,11,,,2026-07-02T00:41:38Z
130,35,12,,,2026-07-02T00:41:38Z
130,35,13,,,2026-07-02T00:41:38Z
130,35,14,,,2026-07-02T00:41:38Z
130,35,15,,,2026-07-02T00:41:38Z
130,35,16,,,2026-07-02T00:41:38Z
130,35,17,,,2026-07-02T00:41:38Z
130,35,18,,,2026-07-02T00:41:38Z
130,35,19,,,2026-07-02T00:41:38Z
130,36,10,,,2026-07-02T00:41:38Z
130,36,11,,,2026-07-02T00:41:38Z
130,36,12,,,2026-07-02T00:41:38Z
130,36,13,,,2026-07-02T00:41:38Z
130,36,14,,,2026-07-02T00:41:38Z
130,36,15,,,2026-07-02T00:41:38Z
130,36,16,,,2026-07-02T00:41:38Z
130,36,17,,,2026-07-02T00:41:38Z
130,36,18,,,2026-07-02T00:41:38Z
130,36,19,,,2026-07-02T00:41:38Z
130,36,20,,,2026-07-02T00:41:38Z
130,36,21,,,2026-07-02T00:41:38Z
130,36,22,,,2026-07-02T00:41:38Z
130,36,23,,,2026-07-02T00:41:38Z
130,36,24,,,2026-07-02T00:41:38Z
130,36,3,,,2026-07-02T00:41:38Z
130,36,4,,,2026-07-02T00:41:38Z
130,36,5,,,2026-07-02T00:41:38Z
130,36,6,,,2026-07-02T00:41:38Z
130,36,7,,,2026-07-02T00:41:38Z
130,36,8,,,2026-07-02T00:41:38Z
130,36,9,,,2026-07-02T00:41:38Z
130,38,10,,,2026-07-02T00:41:38Z
130,38,11,,,2026-07-02T00:41:38Z
130,38,12,,,2026-07-02T00:41:38Z
130,38,13,,,2026-07-02T00:41:38Z
130,38,14,,,2026-07-02T00:41:38Z
130,38,15,,,2026-07-02T00:41:38Z
130,38,16,,,2026-07-02T00:41:38Z
130,38,17,,,2026-07-02T00:41:38Z
130,38,18,,,2026-07-02T00:41:38Z
130,38,19,,,2026-07-02T00:41:38Z
130,38,20,,,2026-07-02T00:41:38Z
130,38,23,,,2026-07-02T00:41:38Z
130,38,24,,,2026-07-02T00:41:38Z
130,38,3,,,2026-07-02T00:41:38Z
130,38,4,,,2026-07-02T00:41:38Z
130,38,5,,,2026-07-02T00:41:38Z
130,38,6,,,2026-07-02T00:41:38Z
130,38,7,,,2026-07-02T00:41:38Z
130,38,8,,,2026-07-02T00:41:38Z
130,38,9,,,2026-07-02T00:41:38Z
130,39,10,,,2026-07-02T00:41:38Z
130,39,11,,,2026-07-02T00:41:38Z
130,39,12,,,2026-07-02T00:41:38Z
130,39,13,,,2026-07-02T00:41:38Z
130,39,14,,,2026-07-02T00:41:38Z
130,39,15,,,2026-07-02T00:41:38Z
130,39,16,,,2026-07-02T00:41:38Z
130,39,17,,,2026-07-02T00:41:38Z
130,39,18,,,2026-07-02T00:41:38Z
130,39,19,,,2026-07-02T00:41:38Z
130,39,4,,,2026-07-02T00:41:38Z
130,39,5,,,2026-07-02T00:41:38Z
130,39,6,,,2026-07-02T00:41:38Z
130,39,7,,,2026-07-02T00:41:38Z
130,39,8,,,2026-07-02T00:41:38Z
130,39,9,,,2026-07-02T00:41:38Z
130W,40,10,,,2026-07-02T00:41:38Z
130W,40,11,,,2026-07-02T00:41:38Z
130W,40,12,,,2026-07-02T00:41:38Z
130W,40,13,,,2026-07-02T00:41:38Z
130W,40,14,,,2026-07-02T00:41:38Z
131,17,10,,,2026-07-02T00:41:38Z
131,17,11,,,2026-07-02T00:41:38Z
131,17,12,,,2026-07-02T00:41:38Z
131,17,13,,,2026-07-02T00:41:38Z
131,17,14,,,2026-07-02T00:41:38Z
131,17,15,,,2026-07-02T00:41:38Z
131,17,16,,,2026-07-02T00:41:38Z
131,17,17,,,2026-07-02T00:41:38Z
131,17,18,,,2026-07-02T00:41:38Z
131,17,19,,,2026-07-02T00:41:38Z
131,17,20,,,2026-07-02T00:41:38Z
131,17,3,,,2026-07-02T00:41:38Z
131,17,4,,,2026-07-02T00:41:38Z
131,17,5,,,2026-07-02T00:41:38Z
131,17,6,,,2026-07-02T00:41:38Z
131,17,7,,,2026-07-02T00:41:38Z
131,17,8,,,2026-07-02T00:41:38Z
131,17,9,,,2026-07-02T00:41:38Z
131,11,14,,,2026-07-02T00:41:38Z
131,11,15,,,2026-07-02T00:41:38Z
131,11,16,,,2026-07-02T00:41:38Z
131,11,17,,,2026-07-02T00:41:38Z
131,12,10,,,2026-07-02T00:41:38Z
131,12,11,,,2026-07-02T00:41:38Z
131,12,12,,,2026-07-02T00:41:38Z
131,12,13,,,2026-07-02T00:41:38Z
131,12,14,,,2026-07-02T00:41:38Z
131,12,15,,,2026-07-02T00:41:38Z
131,12,16,,,2026-07-02T00:41:38Z
131,12,17,,,2026-07-02T00:41:38Z
131,12,18,,,2026-07-02T00:41:38Z
131,12,19,,,2026-07-02T00:41:38Z
131,12,20,,,2026-07-02T00:41:38Z
131,12,5,,,2026-07-02T00:41:38Z
131,12,6,,,2026-07-02T00:41:38Z
131,12,8,,,2026-07-02T00:41:38Z
131,12,9,,,2026-07-02T00:41:38Z
131,13,10,,,2026-07-02T00:41:38Z
131,13,11,,,2026-07-02T00:41:38Z
131,13,12,,,2026-07-02T00:41:38Z
131,13,3,,,2026-07-02T00:41:38Z
131,13,4,,,2026-07-02T00:41:38Z
131,13,5,,,2026-07-02T00:41:38Z
131,13,6,,,2026-07-02T00:41:38Z
131,13,7,,,2026-07-02T00:41:38Z
131,13,8,,,2026-07-02T00:41:38Z
131,13,9,,,2026-07-02T00:41:38Z
131,14,10,,,2026-07-02T00:41:38Z
131,14,11,,,2026-07-02T00:41:38Z
131,14,12,,,2026-07-02T00:41:38Z
131,14,13,,,2026-07-02T00:41:38Z
131,14,14,,,2026-07-02T00:41:38Z
131,14,3,,,2026-07-02T00:41:38Z
131,14,4,,,2026-07-02T00:41:38Z
131,14,5,,,2026-07-02T00:41:38Z
131,14,6,,,2026-07-02T00:41:38Z
131,14,7,,,2026-07-02T00:41:38Z
131,14,8,,,2026-07-02T00:41:38Z
131,14,9,,,2026-07-02T00:41:38Z
131,15,10,,,2026-07-02T00:41:38Z
131,15,11,,,2026-07-02T00:41:38Z
131,15,12,,,2026-07-02T00:41:38Z
131,15,13,,,2026-07-02T00:41:38Z
131,15,14,,,2026-07-02T00:41:38Z
131,15,15,,,2026-07-02T00:41:38Z
131,15,16,,,2026-07-02T00:41:38Z
131,15,17,,,2026-07-02T00:41:38Z
131,15,18,,,2026-07-02T00:41:38Z
131,15,19,,,2026-07-02T00:41:38Z
131,15,20,,,2026-07-02T00:41:38Z
131,15,3,,,2026-07-02T00:41:38Z
131,15,4,,,2026-07-02T00:41:38Z
131,15,5,,,2026-07-02T00:41:38Z
131,15,6,,,2026-07-02T00:41:38Z
131,15,7,,,2026-07-02T00:41:38Z
131,15,8,,,2026-07-02T00:41:38Z
131,15,9,,,2026-07-02T00:41:38Z
131,16,10,,,2026-07-02T00:41:38Z
131,16,11,,,2026-07-02T00:41:38Z
131,16,12,,,2026-07-02T00:41:38Z
131,16,13,,,2026-07-02T00:41:38Z
131,16,14,,,2026-07-02T00:41:38Z
131,16,15,,,2026-07-02T00:41:38Z
131,16,16,,,2026-07-02T00:41:38Z
131,16,17,,,2026-07-02T00:41:38Z
131,16,18,,,2026-07-02T00:41:38Z
131,16,3,,,2026-07-02T00:41:38Z
131,16,4,,,2026-07-02T00:41:38Z
131,16,5,,,2026-07-02T00:41:38Z
131,16,6,,,2026-07-02T00:41:38Z
131,16,7,,,2026-07-02T00:41:38Z
131,16,8,,,2026-07-02T00:41:38Z
131,16,9,,,2026-07-02T00:41:38Z
131,18,10,,,2026-07-02T00:41:38Z
131,18,11,,,2026-07-02T00:41:38Z
131,18,12,,,2026-07-02T00:41:38Z
131,18,13,,,2026-07-02T00:41:38Z
131,18,14,,,2026-07-02T00:41:38Z
131,18,15,,,2026-07-02T00:41:38Z
131,18,16,,,2026-07-02T00:41:38Z
131,18,17,,,2026-07-02T00:41:38Z
131,18,18,,,2026-07-02T00:41:38Z
131,18,19,,,2026-07-02T00:41:38Z
131,18,20,,,2026-07-02T00:41:38Z
131,18,3,,,2026-07-02T00:41:38Z
131,18,4,,,2026-07-02T00:41:38Z
131,18,5,,,2026-07-02T00:41:38Z
131,18,6,,,2026-07-02T00:41:38Z
131,18,7,,,2026-07-02T00:41:38Z
131,18,8,,,2026-07-02T00:41:38Z
131,18,9,,,2026-07-02T00:41:38Z
131,19,10,,,2026-07-02T00:41:38Z
131,19,11,,,2026-07-02T00:41:38Z
131,19,12,,,2026-07-02T00:41:38Z
131,19,13,,,2026-07-02T00:41:38Z
131,19,14,,,2026-07-02T00:41:38Z
131,19,15,,,2026-07-02T00:41:38Z
131,19,16,,,2026-07-02T00:41:38Z
131,19,17,,,2026-07-02T00:41:38Z
131,19,18,,,2026-07-02T00:41:38Z
131,19,19,,,2026-07-02T00:41:38Z
131,19,20,,,2026-07-02T00:41:38Z
131,19,3,,,2026-07-02T00:41:38Z
131,19,4,,,2026-07-02T00:41:38Z
131,19,5,,,2026-07-02T00:41:38Z
131,19,6,,,2026-07-02T00:41:38Z
131,19,7,,,2026-07-02T00:41:38Z
131,19,8,,,2026-07-02T00:41:38Z
131,19,9,,,2026-07-02T00:41:38Z
131,20,10,,,2026-07-02T00:41:38Z
131,20,11,,,2026-07-02T00:41:38Z
131,20,12,,,2026-07-02T00:41:38Z
131,20,13,,,2026-07-02T00:41:38Z
131,20,14,,,2026-07-02T00:41:38Z
131,20,15,,,2026-07-02T00:41:38Z
131,20,16,,,2026-07-02T00:41:38Z
131,20,17,,,2026-07-02T00:41:38Z
131,20,18,,,2026-07-02T00:41:38Z
131,20,19,,,2026-07-02T00:41:38Z
131,20,20,,,2026-07-02T00:41:38Z
131,20,3,,,2026-07-02T00:41:38Z
131,20,4,,,2026-07-02T00:41:38Z
131,20,5,,,2026-07-02T00:41:38Z
131,20,6,,,2026-07-02T00:41:38Z
131,20,7,,,2026-07-02T00:41:38Z
131,20,8,,,2026-07-02T00:41:38Z
131,20,9,,,2026-07-02T00:41:38Z
131,27,10,,,2026-07-02T00:41:38Z
131,27,11,,,2026-07-02T00:41:38Z
131,27,12,,,2026-07-02T00:41:38Z
131,27,13,,,2026-07-02T00:41:38Z
131,27,14,,,2026-07-02T00:41:38Z
131,27,15,,,2026-07-02T00:41:38Z
131,27,16,,,2026-07-02T00:41:38Z
131,27,17,,,2026-07-02T00:41:38Z
131,27,18,,,2026-07-02T00:41:38Z
131,27,19,,,2026-07-02T00:41:38Z
131,27,20,,,2026-07-02T00:41:38Z
131,27,3,,,2026-07-02T00:41:38Z
131,27,4,,,2026-07-02T00:41:38Z
131,27,7,,,2026-07-02T00:41:38Z
131,27,8,,,2026-07-02T00:41:38Z
131,27,9,,,2026-07-02T00:41:38Z
131,21,7,,,2026-07-02T00:41:38Z
131,21,8,,,2026-07-02T00:41:38Z
131,23,11,,,2026-07-02T00:41:38Z
131,23,12,,,2026-07-02T00:41:38Z
131,23,2,,,2026-07-02T00:41:38Z
131,24,10,,,2026-07-02T00:41:38Z
131,24,11,,,2026-07-02T00:41:38Z
131,24,12,,,2026-07-02T00:41:38Z
131,24,13,,,2026-07-02T00:41:38Z
131,24,14,,,2026-07-02T00:41:38Z
131,24,15,,,2026-07-02T00:41:38Z
131,24,16,,,2026-07-02T00:41:38Z
131,24,17,,,2026-07-02T00:41:38Z
131,24,18,,,2026-07-02T00:41:38Z
131,24,19,,,2026-07-02T00:41:38Z
131,24,20,,,2026-07-02T00:41:38Z
131,24,7,,,2026-07-02T00:41:38Z
131,24,8,,,2026-07-02T00:41:38Z
131,24,9,,,2026-07-02T00:41:38Z
131,25,10,,,2026-07-02T00:41:38Z
131,25,11,,,2026-07-02T00:41:38Z
131,25,12,,,2026-07-02T00:41:38Z
131,25,13,,,2026-07-02T00:41:38Z
131,25,14,,,2026-07-02T00:41:38Z
131,25,15,,,2026-07-02T00:41:38Z
131,25,16,,,2026-07-02T00:41:38Z
131,25,17,,,2026-07-02T00:41:38Z
131,25,18,,,2026-07-02T00:41:38Z
131,25,6,,,2026-07-02T00:41:38Z
131,25,7,,,2026-07-02T00:41:38Z
131,25,8,,,2026-07-02T00:41:38Z
131,25,9,,,2026-07-02T00:41:38Z
131,26,10,,,2026-07-02T00:41:38Z
131,26,11,,,2026-07-02T00:41:38Z
131,26,12,,,2026-07-02T00:41:38Z
131,26,13,,,2026-07-02T00:41:38Z
131,26,14,,,2026-07-02T00:41:38Z
131,26,15,,,2026-07-02T00:41:38Z
131,26,16,,,2026-07-02T00:41:38Z
131,26,17,,,2026-07-02T00:41:38Z
131,26,18,,,2026-07-02T00:41:38Z
131,26,19,,,2026-07-02T00:41:38Z
131,26,20,,,2026-07-02T00:41:38Z
131,26,4,,,2026-07-02T00:41:38Z
131,26,5,,,2026-07-02T00:41:38Z
131,26,6,,,2026-07-02T00:41:38Z
131,26,7,,,2026-07-02T00:41:38Z
131,26,8,,,2026-07-02T00:41:38Z
131,26,9,,,2026-07-02T00:41:38Z
131,28,13,,,2026-07-02T00:41:38Z
131,28,14,,,2026-07-02T00:41:38Z
131,28,15,,,2026-07-02T00:41:38Z
131,28,16,,,2026-07-02T00:41:38Z
131,28,17,,,2026-07-02T00:41:38Z
131,28,18,,,2026-07-02T00:41:38Z
131,28,19,,,2026-07-02T00:41:38Z
131,28,20,,,2026-07-02T00:41:38Z
131,29,10,,,2026-07-02T00:41:38Z
131,29,11,,,2026-07-02T00:41:38Z
131,29,12,,,2026-07-02T00:41:38Z
131,29,13,,,2026-07-02T00:41:38Z
131,29,14,,,2026-07-02T00:41:38Z
131,29,15,,,2026-07-02T00:41:38Z
131,29,16,,,2026-07-02T00:41:38Z
131,29,17,,,2026-07-02T00:41:38Z
131,29,18,,,2026-07-02T00:41:38Z
131,29,19,,,2026-07-02T00:41:38Z
131,29,20,,,2026-07-02T00:41:38Z
131,29,4,,,2026-07-02T00:41:38Z
131,29,5,,,2026-07-02T00:41:38Z
131,29,6,,,2026-07-02T00:41:38Z
131,29,7,,,2026-07-02T00:41:38Z
131,29,8,,,2026-07-02T00:41:38Z
131,29,9,,,2026-07-02T00:41:38Z
131,37,10,,,2026-07-02T00:41:38Z
131,37,11,,,2026-07-02T00:41:38Z
131,37,12,,,2026-07-02T00:41:38Z
131,37,13,,,2026-07-02T00:41:38Z
131,37,14,,,2026-07-02T00:41:38Z
131,37,15,,,2026-07-02T00:41:38Z
131,37,16,,,2026-07-02T00:41:38Z
131,37,17,,,2026-07-02T00:41:38Z
131,37,18,,,2026-07-02T00:41:38Z
131,37,19,,,2026-07-02T00:41:38Z
131,37,20,,,2026-07-02T00:41:38Z
131,37,3,,,2026-07-02T00:41:38Z
131,37,4,,,2026-07-02T00:41:38Z
131,37,5,,,2026-07-02T00:41:38Z
131,37,6,,,2026-07-02T00:41:38Z
131,37,7,,,2026-07-02T00:41:38Z
131,37,8,,,2026-07-02T00:41:38Z
131,37,9,,,2026-07-02T00:41:38Z
131,30,13,,,2026-07-02T00:41:38Z
131,30,14,,,2026-07-02T00:41:38Z
131,30,15,,,2026-07-02T00:41:38Z
131,30,16,,,2026-07-02T00:41:38Z
131,30,17,,,2026-07-02T00:41:38Z
131,30,18,,,2026-07-02T00:41:38Z
131,30,19,,,2026-07-02T00:41:38Z
131,30,20,,,2026-07-02T00:41:38Z
131,31,10,,,2026-07-02T00:41:38Z
131,31,17,,,2026-07-02T00:41:38Z
131,31,18,,,2026-07-02T00:41:38Z
131,31,19,,,2026-07-02T00:41:38Z
131,31,20,,,2026-07-02T00:41:38Z
131,31,4,,,2026-07-02T00:41:38Z
131,31,5,,,2026-07-02T00:41:38Z
131,31,6,,,2026-07-02T00:41:38Z
131,31,7,,,2026-07-02T00:41:38Z
131,31,8,,,2026-07-02T00:41:38Z
131,31,9,,,2026-07-02T00:41:38Z
131,32,10,,,2026-07-02T00:41:38Z
131,32,11,,,2026-07-02T00:41:38Z
131,32,16,,,2026-07-02T00:41:38Z
131,32,9,,,2026-07-02T00:41:38Z
131,33,10,,,2026-07-02T00:41:38Z
131,33,11,,,2026-07-02T00:41:38Z
131,33,12,,,2026-07-02T00:41:38Z
131,33,7,,,2026-07-02T00:41:38Z
131,33,8,,,2026-07-02T00:41:38Z
131,33,9,,,2026-07-02T00:41:38Z
131,34,10,,,2026-07-02T00:41:38Z
131,34,11,,,2026-07-02T00:41:38Z
131,34,12,,,2026-07-02T00:41:38Z
131,34,13,,,2026-07-02T00:41:38Z
131,34,14,,,2026-07-02T00:41:38Z
131,34,15,,,2026-07-02T00:41:38Z
131,34,16,,,2026-07-02T00:41:38Z
131,34,9,,,2026-07-02T00:41:38Z
131,35,10,,,2026-07-02T00:41:38Z
131,35,11,,,2026-07-02T00:41:38Z
131,35,12,,,2026-07-02T00:41:38Z
131,35,13,,,2026-07-02T00:41:38Z
131,35,15,,,2026-07-02T00:41:38Z
131,35,16,,,2026-07-02T00:41:38Z
131,35,8,,,2026-07-02T00:41:38Z
131,35,9,,,2026-07-02T00:41:38Z
131,36,5,,,2026-07-02T00:41:38Z
131,36,6,,,2026-07-02T00:41:38Z
131,38,10,,,2026-07-02T00:41:38Z
131,38,11,,,2026-07-02T00:41:38Z
131,38,12,,,2026-07-02T00:41:38Z
131,38,13,,,2026-07-02T00:41:38Z
131,38,14,,,2026-07-02T00:41:38Z
131,38,15,,,2026-07-02T00:41:38Z
131,38,16,,,2026-07-02T00:41:38Z
131,38,17,,,2026-07-02T00:41:38Z
131,38,18,,,2026-07-02T00:41:38Z
131,38,19,,,2026-07-02T00:41:38Z
131,38,20,,,2026-07-02T00:41:38Z
131,38,3,,,2026-07-02T00:41:38Z
131,38,4,,,2026-07-02T00:41:38Z
131,38,5,,,2026-07-02T00:41:38Z
131,38,6,,,2026-07-02T00:41:38Z
131,38,7,,,2026-07-02T00:41:38Z
131,38,8,,,2026-07-02T00:41:38Z
131,38,9,,,2026-07-02T00:41:38Z
131,39,10,,,2026-07-02T00:41:38Z
131,39,11,,,2026-07-02T00:41:38Z
131,39,12,,,2026-07-02T00:41:38Z
131,39,13,,,2026-07-02T00:41:38Z
131,39,14,,,2026-07-02T00:41:38Z
131,39,15,,,2026-07-02T00:41:38Z
131,39,16,,,2026-07-02T00:41:38Z
131,39,17,,,2026-07-02T00:41:38Z
131,39,18,,,2026-07-02T00:41:38Z
131,39,19,,,2026-07-02T00:41:38Z
131,39,2,,,2026-07-02T00:41:38Z
131,39,3,,,2026-07-02T00:41:38Z
131,39,4,,,2026-07-02T00:41:38Z
131,39,5,,,2026-07-02T00:41:38Z
131,39,6,,,2026-07-02T00:41:38Z
131,39,7,,,2026-07-02T00:41:38Z
131,39,8,,,2026-07-02T00:41:38Z
131,39,9,,,2026-07-02T00:41:38Z
131W,40,10,,,2026-07-02T00:41:38Z
131W,40,11,,,2026-07-02T00:41:38Z
131W,40,8,,,2026-07-02T00:41:38Z
131W,40,9,,,2026-07-02T00:41:38Z
132,17,11,,,2026-07-02T00:41:38Z
132,17,12,,,2026-07-02T00:41:38Z
132,17,13,,,2026-07-02T00:41:38Z
132,17,14,,,2026-07-02T00:41:38Z
132,17,15,,,2026-07-02T00:41:38Z
132,17,16,,,2026-07-02T00:41:38Z
132,17,17,,,2026-07-02T00:41:38Z
132,17,18,,,2026-07-02T00:41:38Z
132,17,19,,,2026-07-02T00:41:38Z
132,17,20,,,2026-07-02T00:41:38Z
132,10,12,,,2026-07-02T00:41:38Z
132,10,13,,,2026-07-02T00:41:38Z
132,10,14,,,2026-07-02T00:41:38Z
132,10,15,,,2026-07-02T00:41:38Z
132,10,16,,,2026-07-02T00:41:38Z
132,10,17,,,2026-07-02T00:41:38Z
132,10,18,,,2026-07-02T00:41:38Z
132,11,15,,,2026-07-02T00:41:38Z
132,11,16,,,2026-07-02T00:41:38Z
132,11,17,,,2026-07-02T00:41:38Z
132,11,18,,,2026-07-02T00:41:38Z
132,11,19,,,2026-07-02T00:41:38Z
132,11,20,,,2026-07-02T00:41:38Z
132,11,3,,,2026-07-02T00:41:38Z
132,11,4,,,2026-07-02T00:41:38Z
132,11,5,,,2026-07-02T00:41:38Z
132,11,6,,,2026-07-02T00:41:38Z
132,12,11,,,2026-07-02T00:41:38Z
132,12,12,,,2026-07-02T00:41:38Z
132,12,13,,,2026-07-02T00:41:38Z
132,12,14,,,2026-07-02T00:41:38Z
132,12,15,,,2026-07-02T00:41:38Z
132,12,16,,,2026-07-02T00:41:38Z
132,13,10,,,2026-07-02T00:41:38Z
132,13,11,,,2026-07-02T00:41:38Z
132,13,12,,,2026-07-02T00:41:38Z
132,13,13,,,2026-07-02T00:41:38Z
132,13,14,,,2026-07-02T00:41:38Z
132,13,15,,,2026-07-02T00:41:38Z
132,13,16,,,2026-07-02T00:41:38Z
132,13,17,,,2026-07-02T00:41:38Z
132,13,18,,,2026-07-02T00:41:38Z
132,13,19,,,2026-07-02T00:41:38Z
132,13,20,,,2026-07-02T00:41:38Z
132,13,3,,,2026-07-02T00:41:38Z
132,13,4,,,2026-07-02T00:41:38Z
132,13,5,,,2026-07-02T00:41:38Z
132,13,6,,,2026-07-02T00:41:38Z
132,13,7,,,2026-07-02T00:41:38Z
132,13,8,,,2026-07-02T00:41:38Z
132,13,9,,,2026-07-02T00:41:38Z
132,14,10,,,2026-07-02T00:41:38Z
132,14,11,,,2026-07-02T00:41:38Z
132,14,12,,,2026-07-02T00:41:38Z
132,14,13,,,2026-07-02T00:41:38Z
132,14,14,,,2026-07-02T00:41:38Z
132,14,15,,,2026-07-02T00:41:38Z
132,14,16,,,2026-07-02T00:41:38Z
132,14,17,,,2026-07-02T00:41:38Z
132,14,18,,,2026-07-02T00:41:38Z
132,14,19,,,2026-07-02T00:41:38Z
132,14,20,,,2026-07-02T00:41:38Z
132,14,3,,,2026-07-02T00:41:38Z
132,14,4,,,2026-07-02T00:41:38Z
132,14,5,,,2026-07-02T00:41:38Z
132,14,6,,,2026-07-02T00:41:38Z
132,14,7,,,2026-07-02T00:41:38Z
132,14,8,,,2026-07-02T00:41:38Z
132,14,9,,,2026-07-02T00:41:38Z
132,15,10,,,2026-07-02T00:41:38Z
132,15,11,,,2026-07-02T00:41:38Z
132,15,12,,,2026-07-02T00:41:38Z
132,15,13,,,2026-07-02T00:41:38Z
132,15,14,,,2026-07-02T00:41:38Z
132,15,15,,,2026-07-02T00:41:38Z
132,15,16,,,2026-07-02T00:41:38Z
132,15,17,,,2026-07-02T00:41:38Z
132,15,18,,,2026-07-02T00:41:38Z
132,15,19,,,2026-07-02T00:41:38Z
132,15,20,,,2026-07-02T00:41:38Z
132,15,8,,,2026-07-02T00:41:38Z
132,15,9,,,2026-07-02T00:41:38Z
132,16,10,,,2026-07-02T00:41:38Z
132,16,11,,,2026-07-02T00:41:38Z
132,16,12,,,2026-07-02T00:41:38Z
132,16,13,,,2026-07-02T00:41:38Z
132,16,14,,,2026-07-02T00:41:38Z
132,16,15,,,2026-07-02T00:41:38Z
132,16,16,,,2026-07-02T00:41:38Z
132,16,17,,,2026-07-02T00:41:38Z
132,16,18,,,2026-07-02T00:41:38Z
132,16,19,,,2026-07-02T00:41:38Z
132,16,20,,,2026-07-02T00:41:38Z
132,16,3,,,2026-07-02T00:41:38Z
132,16,4,,,2026-07-02T00:41:38Z
132,16,5,,,2026-07-02T00:41:38Z
132,16,6,,,2026-07-02T00:41:38Z
132,16,7,,,2026-07-02T00:41:38Z
132,16,8,,,2026-07-02T00:41:38Z
132,16,9,,,2026-07-02T00:41:38Z
132,18,11,,,2026-07-02T00:41:38Z
132,18,12,,,2026-07-02T00:41:38Z
132,18,13,,,2026-07-02T00:41:38Z
132,18,14,,,2026-07-02T00:41:38Z
132,18,15,,,2026-07-02T00:41:38Z
132,18,16,,,2026-07-02T00:41:38Z
132,18,17,,,2026-07-02T00:41:38Z
132,18,18,,,2026-07-02T00:41:38Z
132,18,19,,,2026-07-02T00:41:38Z
132,18,20,,,2026-07-02T00:41:38Z
132,19,10,,,2026-07-02T00:41:38Z
132,19,11,,,2026-07-02T00:41:38Z
132,19,12,,,2026-07-02T00:41:38Z
132,19,13,,,2026-07-02T00:41:38Z
132,19,14,,,2026-07-02T00:41:38Z
132,19,15,,,2026-07-02T00:41:38Z
132,19,16,,,2026-07-02T00:41:38Z
132,19,17,,,2026-07-02T00:41:38Z
132,19,18,,,2026-07-02T00:41:38Z
132,19,19,,,2026-07-02T00:41:38Z
132,19,20,,,2026-07-02T00:41:38Z
132,19,3,,,2026-07-02T00:41:38Z
132,19,4,,,2026-07-02T00:41:38Z
132,19,5,,,2026-07-02T00:41:38Z
132,19,6,,,2026-07-02T00:41:38Z
132,19,7,,,2026-07-02T00:41:38Z
132,19,8,,,2026-07-02T00:41:38Z
132,19,9,,,2026-07-02T00:41:38Z
132,27,10,,,2026-07-02T00:41:38Z
132,27,11,,,2026-07-02T00:41:38Z
132,27,12,,,2026-07-02T00:41:38Z
132,27,13,,,2026-07-02T00:41:38Z
132,27,14,,,2026-07-02T00:41:38Z
132,27,15,,,2026-07-02T00:41:38Z
132,27,16,,,2026-07-02T00:41:38Z
132,27,17,,,2026-07-02T00:41:38Z
132,27,18,,,2026-07-02T00:41:38Z
132,27,19,,,2026-07-02T00:41:38Z
132,27,20,,,2026-07-02T00:41:38Z
132,27,3,,,2026-07-02T00:41:38Z
132,27,4,,,2026-07-02T00:41:38Z
132,27,5,,,2026-07-02T00:41:38Z
132,27,6,,,2026-07-02T00:41:38Z
132,27,7,,,2026-07-02T00:41:38Z
132,27,8,,,2026-07-02T00:41:38Z
132,27,9,,,2026-07-02T00:41:38Z
132,20,10,,,2026-07-02T00:41:38Z
132,20,11,,,2026-07-02T00:41:38Z
132,20,12,,,2026-07-02T00:41:38Z
132,20,13,,,2026-07-02T00:41:38Z
132,20,14,,,2026-07-02T00:41:38Z
132,20,15,,,2026-07-02T00:41:38Z
132,20,16,,,2026-07-02T00:41:38Z
132,20,17,,,2026-07-02T00:41:38Z
132,20,18,,,2026-07-02T00:41:38Z
132,20,19,,,2026-07-02T00:41:38Z
132,20,20,,,2026-07-02T00:41:38Z
132,20,3,,,2026-07-02T00:41:38Z
132,20,4,,,2026-07-02T00:41:38Z
132,20,5,,,2026-07-02T00:41:38Z
132,20,6,,,2026-07-02T00:41:38Z
132,20,7,,,2026-07-02T00:41:38Z
132,20,8,,,2026-07-02T00:41:38Z
132,20,9,,,2026-07-02T00:41:38Z
132,21,10,,,2026-07-02T00:41:38Z
132,21,11,,,2026-07-02T00:41:38Z
132,21,12,,,2026-07-02T00:41:38Z
132,21,13,,,2026-07-02T00:41:38Z
132,21,14,,,2026-07-02T00:41:38Z
132,21,15,,,2026-07-02T00:41:38Z
132,21,16,,,2026-07-02T00:41:38Z
132,21,17,,,2026-07-02T00:41:38Z
132,21,18,,,2026-07-02T00:41:38Z
132,21,19,,,2026-07-02T00:41:38Z
132,21,20,,,2026-07-02T00:41:38Z
132,21,3,,,2026-07-02T00:41:38Z
132,21,4,,,2026-07-02T00:41:38Z
132,21,5,,,2026-07-02T00:41:38Z
132,21,6,,,2026-07-02T00:41:38Z
132,21,7,,,2026-07-02T00:41:38Z
132,21,8,,,2026-07-02T00:41:38Z
132,21,9,,,2026-07-02T00:41:38Z
132,22,10,,,2026-07-02T00:41:38Z
132,22,11,,,2026-07-02T00:41:38Z
132,22,12,,,2026-07-02T00:41:38Z
132,22,13,,,2026-07-02T00:41:38Z
132,22,14,,,2026-07-02T00:41:38Z
132,22,15,,,2026-07-02T00:41:38Z
132,22,16,,,2026-07-02T00:41:38Z
132,22,17,,,2026-07-02T00:41:38Z
132,22,18,,,2026-07-02T00:41:38Z
132,22,19,,,2026-07-02T00:41:38Z
132,22,20,,,2026-07-02T00:41:38Z
132,22,3,,,2026-07-02T00:41:38Z
132,22,4,,,2026-07-02T00:41:38Z
132,22,5,,,2026-07-02T00:41:38Z
132,22,6,,,2026-07-02T00:41:38Z
132,22,7,,,2026-07-02T00:41:38Z
132,22,8,,,2026-07-02T00:41:38Z
132,22,9,,,2026-07-02T00:41:38Z
132,23,10,,,2026-07-02T00:41:38Z
132,23,11,,,2026-07-02T00:41:38Z
132,23,12,,,2026-07-02T00:41:38Z
132,23,13,,,2026-07-02T00:41:38Z
132,23,14,,,2026-07-02T00:41:38Z
132,23,15,,,2026-07-02T00:41:38Z
132,23,16,,,2026-07-02T00:41:38Z
132,23,17,,,2026-07-02T00:41:38Z
132,23,18,,,2026-07-02T00:41:38Z
132,23,19,,,2026-07-02T00:41:38Z
132,23,20,,,2026-07-02T00:41:38Z
132,23,3,,,2026-07-02T00:41:38Z
132,23,4,,,2026-07-02T00:41:38Z
132,23,5,,,2026-07-02T00:41:38Z
132,23,6,,,2026-07-02T00:41:38Z
132,23,7,,,2026-07-02T00:41:38Z
132,23,8,,,2026-07-02T00:41:38Z
132,23,9,,,2026-07-02T00:41:38Z
132,24,10,,,2026-07-02T00:41:38Z
132,24,11,,,2026-07-02T00:41:38Z
132,24,12,,,2026-07-02T00:41:38Z
132,24,13,,,2026-07-02T00:41:38Z
132,24,14,,,2026-07-02T00:41:38Z
132,24,15,,,2026-07-02T00:41:38Z
132,24,16,,,2026-07-02T00:41:38Z
132,24,17,,,2026-07-02T00:41:38Z
132,24,18,,,2026-07-02T00:41:38Z
132,24,19,,,2026-07-02T00:41:38Z
132,24,20,,,2026-07-02T00:41:38Z
132,24,3,,,2026-07-02T00:41:38Z
132,24,4,,,2026-07-02T00:41:38Z
132,24,5,,,2026-07-02T00:41:38Z
132,24,6,,,2026-07-02T00:41:38Z
132,24,7,,,2026-07-02T00:41:38Z
132,24,8,,,2026-07-02T00:41:38Z
132,24,9,,,2026-07-02T00:41:38Z
132,25,10,,,2026-07-02T00:41:38Z
132,25,11,,,2026-07-02T00:41:38Z
132,25,12,,,2026-07-02T00:41:38Z
132,25,13,,,2026-07-02T00:41:38Z
132,25,14,,,2026-07-02T00:41:38Z
132,25,15,,,2026-07-02T00:41:38Z
132,25,16,,,2026-07-02T00:41:38Z
132,25,17,,,2026-07-02T00:41:38Z
132,25,18,,,2026-07-02T00:41:38Z
132,25,19,,,2026-07-02T00:41:38Z
132,25,20,,,2026-07-02T00:41:38Z
132,25,3,,,2026-07-02T00:41:38Z
132,25,4,,,2026-07-02T00:41:38Z
132,25,5,,,2026-07-02T00:41:38Z
132,25,6,,,2026-07-02T00:41:38Z
132,25,7,,,2026-07-02T00:41:38Z
132,25,8,,,2026-07-02T00:41:38Z
132,25,9,,,2026-07-02T00:41:38Z
132,26,10,,,2026-07-02T00:41:38Z
132,26,11,,,2026-07-02T00:41:38Z
132,26,12,,,2026-07-02T00:41:38Z
132,26,13,,,2026-07-02T00:41:38Z
132,26,14,,,2026-07-02T00:41:38Z
132,26,15,,,2026-07-02T00:41:38Z
132,26,16,,,2026-07-02T00:41:38Z
132,26,17,,,2026-07-02T00:41:38Z
132,26,18,,,2026-07-02T00:41:38Z
132,26,19,,,2026-07-02T00:41:38Z
132,26,20,,,2026-07-02T00:41:38Z
132,26,3,,,2026-07-02T00:41:38Z
132,26,4,,,2026-07-02T00:41:38Z
132,26,5,,,2026-07-02T00:41:38Z
132,26,6,,,2026-07-02T00:41:38Z
132,26,7,,,2026-07-02T00:41:38Z
132,26,8,,,2026-07-02T00:41:38Z
132,26,9,,,2026-07-02T00:41:38Z
132,28,10,,,2026-07-02T00:41:38Z
132,28,11,,,2026-07-02T00:41:38Z
132,28,12,,,2026-07-02T00:41:38Z
132,28,13,,,2026-07-02T00:41:38Z
132,28,14,,,2026-07-02T00:41:38Z
132,28,15,,,2026-07-02T00:41:38Z
132,28,16,,,2026-07-02T00:41:38Z
132,28,17,,,2026-07-02T00:41:38Z
132,28,18,,,2026-07-02T00:41:38Z
132,28,19,,,2026-07-02T00:41:38Z
132,28,20,,,2026-07-02T00:41:38Z
132,28,3,,,2026-07-02T00:41:38Z
132,28,4,,,2026-07-02T00:41:38Z
132,28,5,,,2026-07-02T00:41:38Z
132,28,6,,,2026-07-02T00:41:38Z
132,28,7,,,2026-07-02T00:41:38Z
132,28,8,,,2026-07-02T00:41:38Z
132,28,9,,,2026-07-02T00:41:38Z
132,29,13,,,2026-07-02T00:41:38Z
132,29,14,,,2026-07-02T00:41:38Z
132,29,15,,,2026-07-02T00:41:38Z
132,29,16,,,2026-07-02T00:41:38Z
132,29,5,,,2026-07-02T00:41:38Z
132,29,6,,,2026-07-02T00:41:38Z
132,29,7,,,2026-07-02T00:41:38Z
132,29,8,,,2026-07-02T00:41:38Z
132,37,12,,,2026-07-02T00:41:38Z
132,37,13,,,2026-07-02T00:41:38Z
132,37,14,,,2026-07-02T00:41:38Z
132,37,15,,,2026-07-02T00:41:38Z
132,37,16,,,2026-07-02T00:41:38Z
132,37,17,,,2026-07-02T00:41:38Z
132,37,18,,,2026-07-02T00:41:38Z
132,37,19,,,2026-07-02T00:41:38Z
132,37,20,,,2026-07-02T00:41:38Z
132,37,7,,,2026-07-02T00:41:38Z
132,30,10,,,2026-07-02T00:41:38Z
132,30,11,,,2026-07-02T00:41:38Z
132,30,12,,,2026-07-02T00:41:38Z
132,30,13,,,2026-07-02T00:41:38Z
132,30,14,,,2026-07-02T00:41:38Z
132,30,15,,,2026-07-02T00:41:38Z
132,30,16,,,2026-07-02T00:41:38Z
132,30,5,,,2026-07-02T00:41:38Z
132,30,6,,,2026-07-02T00:41:38Z
132,30,7,,,2026-07-02T00:41:38Z
132,30,8,,,2026-07-02T00:41:38Z
132,30,9,,,2026-07-02T00:41:38Z
132,31,10,,,2026-07-02T00:41:38Z
132,31,11,,,2026-07-02T00:41:38Z
132,31,12,,,2026-07-02T00:41:38Z
132,31,13,,,2026-07-02T00:41:38Z
132,31,14,,,2026-07-02T00:41:38Z
132,31,15,,,2026-07-02T00:41:38Z
132,31,16,,,2026-07-02T00:41:38Z
132,31,17,,,2026-07-02T00:41:38Z
132,31,18,,,2026-07-02T00:41:38Z
132,31,19,,,2026-07-02T00:41:38Z
132,31,20,,,2026-07-02T00:41:38Z
132,31,5,,,2026-07-02T00:41:38Z
132,31,6,,,2026-07-02T00:41:38Z
132,31,7,,,2026-07-02T00:41:38Z
132,31,8,,,2026-07-02T00:41:38Z
132,31,9,,,2026-07-02T00:41:38Z
132,32,10,,,2026-07-02T00:41:38Z
132,32,11,,,2026-07-02T00:41:38Z
132,32,12,,,2026-07-02T00:41:38Z
132,32,13,,,2026-07-02T00:41:38Z
132,32,14,,,2026-07-02T00:41:38Z
132,32,15,,,2026-07-02T00:41:38Z
132,32,16,,,2026-07-02T00:41:38Z
132,32,17,,,2026-07-02T00:41:38Z
132,32,18,,,2026-07-02T00:41:38Z
132,32,19,,,2026-07-02T00:41:38Z
132,32,20,,,2026-07-02T00:41:38Z
132,32,3,,,2026-07-02T00:41:38Z
132,32,4,,,2026-07-02T00:41:38Z
132,32,5,,,2026-07-02T00:41:38Z
132,32,6,,,2026-07-02T00:41:38Z
132,32,7,,,2026-07-02T00:41:38Z
132,32,8,,,2026-07-02T00:41:38Z
132,32,9,,,2026-07-02T00:41:38Z
132,33,10,,,2026-07-02T00:41:38Z
132,33,11,,,2026-07-02T00:41:38Z
132,33,12,,,2026-07-02T00:41:38Z
132,33,13,,,2026-07-02T00:41:38Z
132,33,14,,,2026-07-02T00:41:38Z
132,33,15,,,2026-07-02T00:41:38Z
132,33,16,,,2026-07-02T00:41:38Z
132,33,17,,,2026-07-02T00:41:38Z
132,33,18,,,2026-07-02T00:41:38Z
132,33,19,,,2026-07-02T00:41:38Z
132,33,20,,,2026-07-02T00:41:38Z
132,33,3,,,2026-07-02T00:41:38Z
132,33,4,,,2026-07-02T00:41:38Z
132,33,5,,,2026-07-02T00:41:38Z
132,33,6,,,2026-07-02T00:41:38Z
132,33,7,,,2026-07-02T00:41:38Z
132,33,8,,,2026-07-02T00:41:38Z
132,33,9,,,2026-07-02T00:41:38Z
132,34,10,,,2026-07-02T00:41:38Z
132,34,11,,,2026-07-02T00:41:38Z
132,34,12,,,2026-07-02T00:41:38Z
132,34,13,,,2026-07-02T00:41:38Z
132,34,14,,,2026-07-02T00:41:38Z
132,34,15,,,2026-07-02T00:41:38Z
132,34,16,,,2026-07-02T00:41:38Z
132,34,5,,,2026-07-02T00:41:38Z
132,34,6,,,2026-07-02T00:41:38Z
132,34,7,,,2026-07-02T00:41:38Z
132,34,8,,,2026-07-02T00:41:38Z
132,34,9,,,2026-07-02T00:41:38Z
132,35,10,,,2026-07-02T00:41:38Z
132,35,11,,,2026-07-02T00:41:38Z
132,35,12,,,2026-07-02T00:41:38Z
132,35,13,,,2026-07-02T00:41:38Z
132,35,14,,,2026-07-02T00:41:38Z
132,35,15,,,2026-07-02T00:41:38Z
132,35,16,,,2026-07-02T00:41:38Z
132,35,17,,,2026-07-02T00:41:38Z
132,35,18,,,2026-07-02T00:41:38Z
132,35,5,,,2026-07-02T00:41:38Z
132,35,6,,,2026-07-02T00:41:38Z
132,35,7,,,2026-07-02T00:41:38Z
132,35,8,,,2026-07-02T00:41:38Z
132,35,9,,,2026-07-02T00:41:38Z
132,36,10,,,2026-07-02T00:41:38Z
132,36,11,,,2026-07-02T00:41:38Z
132,36,12,,,2026-07-02T00:41:38Z
132,36,13,,,2026-07-02T00:41:38Z
132,36,14,,,2026-07-02T00:41:38Z
132,36,15,,,2026-07-02T00:41:38Z
132,36,16,,,2026-07-02T00:41:38Z
132,36,17,,,2026-07-02T00:41:38Z
132,36,18,,,2026-07-02T00:41:38Z
132,36,19,,,2026-07-02T00:41:38Z
132,36,20,,,2026-07-02T00:41:38Z
132,36,3,,,2026-07-02T00:41:38Z
132,36,4,,,2026-07-02T00:41:38Z
132,36,5,,,2026-07-02T00:41:38Z
132,36,6,,,2026-07-02T00:41:38Z
132,36,7,,,2026-07-02T00:41:38Z
132,36,8,,,2026-07-02T00:41:38Z
132,36,9,,,2026-07-02T00:41:38Z
132,38,10,,,2026-07-02T00:41:38Z
132,38,11,,,2026-07-02T00:41:38Z
132,38,12,,,2026-07-02T00:41:38Z
132,38,13,,,2026-07-02T00:41:38Z
132,38,14,,,2026-07-02T00:41:38Z
132,38,15,,,2026-07-02T00:41:38Z
132,38,16,,,2026-07-02T00:41:38Z
132,38,17,,,2026-07-02T00:41:38Z
132,38,18,,,2026-07-02T00:41:38Z
132,38,19,,,2026-07-02T00:41:38Z
132,38,20,,,2026-07-02T00:41:38Z
132,38,3,,,2026-07-02T00:41:38Z
132,38,4,,,2026-07-02T00:41:38Z
132,38,5,,,2026-07-02T00:41:38Z
132,38,6,,,2026-07-02T00:41:38Z
132,38,7,,,2026-07-02T00:41:38Z
132,38,8,,,2026-07-02T00:41:38Z
132,38,9,,,2026-07-02T00:41:38Z
132,39,10,,,2026-07-02T00:41:38Z
132,39,11,,,2026-07-02T00:41:38Z
132,39,12,,,2026-07-02T00:41:38Z
132,39,13,,,2026-07-02T00:41:38Z
132,39,14,,,2026-07-02T00:41:38Z
132,39,15,,,2026-07-02T00:41:38Z
132,39,16,,,2026-07-02T00:41:38Z
132,39,17,,,2026-07-02T00:41:38Z
132,39,18,,,2026-07-02T00:41:38Z
132,39,19,,,2026-07-02T00:41:38Z
132,39,20,,,2026-07-02T00:41:38Z
132,39,5,,,2026-07-02T00:41:38Z
132,39,6,,,2026-07-02T00:41:38Z
132,39,7,,,2026-07-02T00:41:38Z
132,39,8,,,2026-07-02T00:41:38Z
132,39,9,,,2026-07-02T00:41:38Z
132,8,12,,,2026-07-02T00:41:38Z
132,8,13,,,2026-07-02T00:41:38Z
132,8,14,,,2026-07-02T00:41:38Z
132,8,15,,,2026-07-02T00:41:38Z
132,8,16,,,2026-07-02T00:41:38Z
132,9,15,,,2026-07-02T00:41:38Z
132,9,16,,,2026-07-02T00:41:38Z
133,17,10,,,2026-07-02T00:41:38Z
133,17,11,,,2026-07-02T00:41:38Z
133,17,12,,,2026-07-02T00:41:38Z
133,17,13,,,2026-07-02T00:41:38Z
133,17,14,,,2026-07-02T00:41:38Z
133,17,15,,,2026-07-02T00:41:38Z
133,17,16,,,2026-07-02T00:41:38Z
133,17,17,,,2026-07-02T00:41:38Z
133,17,18,,,2026-07-02T00:41:38Z
133,17,19,,,2026-07-02T00:41:38Z
133,17,20,,,2026-07-02T00:41:38Z
133,17,7,,,2026-07-02T00:41:38Z
133,17,8,,,2026-07-02T00:41:38Z
133,17,9,,,2026-07-02T00:41:38Z
133,14,10,,,2026-07-02T00:41:38Z
133,14,8,,,2026-07-02T00:41:38Z
133,14,9,,,2026-07-02T00:41:38Z
133,15,10,,,2026-07-02T00:41:38Z
133,15,11,,,2026-07-02T00:41:38Z
133,15,12,,,2026-07-02T00:41:38Z
133,15,17,,,2026-07-02T00:41:38Z
133,15,18,,,2026-07-02T00:41:38Z
133,15,4,,,2026-07-02T00:41:38Z
133,15,9,,,2026-07-02T00:41:38Z
133,16,13,,,2026-07-02T00:41:38Z
133,16,14,,,2026-07-02T00:41:38Z
133,16,15,,,2026-07-02T00:41:38Z
133,16,16,,,2026-07-02T00:41:38Z
133,16,19,,,2026-07-02T00:41:38Z
133,16,20,,,2026-07-02T00:41:38Z
133,16,3,,,2026-07-02T00:41:38Z
133,16,4,,,2026-07-02T00:41:38Z
133,16,5,,,2026-07-02T00:41:38Z
133,16,6,,,2026-07-02T00:41:38Z
133,18,10,,,2026-07-02T00:41:38Z
133,18,11,,,2026-07-02T00:41:38Z
133,18,12,,,2026-07-02T00:41:38Z
133,18,13,,,2026-07-02T00:41:38Z
133,18,14,,,2026-07-02T00:41:38Z
133,18,15,,,2026-07-02T00:41:38Z
133,18,16,,,2026-07-02T00:41:38Z
133,18,17,,,2026-07-02T00:41:38Z
133,18,18,,,2026-07-02T00:41:38Z
133,18,19,,,2026-07-02T00:41:38Z
133,18,20,,,2026-07-02T00:41:38Z
133,18,7,,,2026-07-02T00:41:38Z
133,18,8,,,2026-07-02T00:41:38Z
133,18,9,,,2026-07-02T00:41:38Z
133,19,10,,,2026-07-02T00:41:38Z
133,19,11,,,2026-07-02T00:41:38Z
133,19,12,,,2026-07-02T00:41:38Z
133,19,13,,,2026-07-02T00:41:38Z
133,19,14,,,2026-07-02T00:41:38Z
133,19,15,,,2026-07-02T00:41:38Z
133,19,16,,,2026-07-02T00:41:38Z
133,19,17,,,2026-07-02T00:41:38Z
133,19,18,,,2026-07-02T00:41:38Z
133,19,19,,,2026-07-02T00:41:38Z
133,19,20,,,2026-07-02T00:41:38Z
133,19,3,,,2026-07-02T00:41:38Z
133,19,6,,,2026-07-02T00:41:38Z
133,19,7,,,2026-07-02T00:41:38Z
133,19,8,,,2026-07-02T00:41:38Z
133,19,9,,,2026-07-02T00:41:38Z
133,27,10,,,2026-07-02T00:41:38Z
133,27,11,,,2026-07-02T00:41:38Z
133,27,12,,,2026-07-02T00:41:38Z
133,27,13,,,2026-07-02T00:41:38Z
133,27,14,,,2026-07-02T00:41:38Z
133,27,15,,,2026-07-02T00:41:38Z
133,27,16,,,2026-07-02T00:41:38Z
133,27,17,,,2026-07-02T00:41:38Z
133,27,18,,,2026-07-02T00:41:38Z
133,27,19,,,2026-07-02T00:41:38Z
133,27,20,,,2026-07-02T00:41:38Z
133,27,3,,,2026-07-02T00:41:38Z
133,27,4,,,2026-07-02T00:41:38Z
133,27,5,,,2026-07-02T00:41:38Z
133,27,6,,,2026-07-02T00:41:38Z
133,27,7,,,2026-07-02T00:41:38Z
133,27,8,,,2026-07-02T00:41:38Z
133,27,9,,,2026-07-02T00:41:38Z
133,20,10,,,2026-07-02T00:41:38Z
133,20,11,,,2026-07-02T00:41:38Z
133,20,12,,,2026-07-02T00:41:38Z
133,20,13,,,2026-07-02T00:41:38Z
133,20,14,,,2026-07-02T00:41:38Z
133,20,15,,,2026-07-02T00:41:38Z
133,20,16,,,2026-07-02T00:41:38Z
133,20,17,,,2026-07-02T00:41:38Z
133,20,18,,,2026-07-02T00:41:38Z
133,20,19,,,2026-07-02T00:41:38Z
133,20,20,,,2026-07-02T00:41:38Z
133,20,3,,,2026-07-02T00:41:38Z
133,20,4,,,2026-07-02T00:41:38Z
133,20,5,,,2026-07-02T00:41:38Z
133,20,6,,,2026-07-02T00:41:38Z
133,20,7,,,2026-07-02T00:41:38Z
133,20,8,,,2026-07-02T00:41:38Z
133,20,9,,,2026-07-02T00:41:38Z
133,21,10,,,2026-07-02T00:41:38Z
133,21,11,,,2026-07-02T00:41:38Z
133,21,12,,,2026-07-02T00:41:38Z
133,21,13,,,2026-07-02T00:41:38Z
133,21,14,,,2026-07-02T00:41:38Z
133,21,15,,,2026-07-02T00:41:38Z
133,21,16,,,2026-07-02T00:41:38Z
133,21,17,,,2026-07-02T00:41:38Z
133,21,18,,,2026-07-02T00:41:38Z
133,21,19,,,2026-07-02T00:41:38Z
133,21,20,,,2026-07-02T00:41:38Z
133,21,3,,,2026-07-02T00:41:38Z
133,21,4,,,2026-07-02T00:41:38Z
133,21,9,,,2026-07-02T00:41:38Z
133,22,10,,,2026-07-02T00:41:38Z
133,22,11,,,2026-07-02T00:41:38Z
133,22,12,,,2026-07-02T00:41:38Z
133,22,13,,,2026-07-02T00:41:38Z
133,22,14,,,2026-07-02T00:41:38Z
133,22,15,,,2026-07-02T00:41:38Z
133,22,16,,,2026-07-02T00:41:38Z
133,22,17,,,2026-07-02T00:41:38Z
133,22,18,,,2026-07-02T00:41:38Z
133,22,19,,,2026-07-02T00:41:38Z
133,22,20,,,2026-07-02T00:41:38Z
133,22,3,,,2026-07-02T00:41:38Z
133,22,4,,,2026-07-02T00:41:38Z
133,22,5,,,2026-07-02T00:41:38Z
133,22,6,,,2026-07-02T00:41:38Z
133,22,7,,,2026-07-02T00:41:38Z
133,22,8,,,2026-07-02T00:41:38Z
133,22,9,,,2026-07-02T00:41:38Z
133,23,10,,,2026-07-02T00:41:38Z
133,23,19,,,2026-07-02T00:41:38Z
133,23,20,,,2026-07-02T00:41:38Z
133,23,3,,,2026-07-02T00:41:38Z
133,23,4,,,2026-07-02T00:41:38Z
133,23,5,,,2026-07-02T00:41:38Z
133,23,6,,,2026-07-02T00:41:38Z
133,23,7,,,2026-07-02T00:41:38Z
133,23,8,,,2026-07-02T00:41:38Z
133,23,9,,,2026-07-02T00:41:38Z
133,24,10,,,2026-07-02T00:41:38Z
133,24,11,,,2026-07-02T00:41:38Z
133,24,12,,,2026-07-02T00:41:38Z
133,24,13,,,2026-07-02T00:41:38Z
133,24,14,,,2026-07-02T00:41:38Z
133,24,15,,,2026-07-02T00:41:38Z
133,24,16,,,2026-07-02T00:41:38Z
133,24,17,,,2026-07-02T00:41:38Z
133,24,18,,,2026-07-02T00:41:38Z
133,24,19,,,2026-07-02T00:41:38Z
133,24,20,,,2026-07-02T00:41:38Z
133,24,7,,,2026-07-02T00:41:38Z
133,24,8,,,2026-07-02T00:41:38Z
133,24,9,,,2026-07-02T00:41:38Z
133,25,10,,,2026-07-02T00:41:38Z
133,25,11,,,2026-07-02T00:41:38Z
133,25,12,,,2026-07-02T00:41:38Z
133,25,13,,,2026-07-02T00:41:38Z
133,25,14,,,2026-07-02T00:41:38Z
133,25,15,,,2026-07-02T00:41:38Z
133,25,16,,,2026-07-02T00:41:38Z
133,25,6,,,2026-07-02T00:41:38Z
133,25,7,,,2026-07-02T00:41:38Z
133,25,8,,,2026-07-02T00:41:38Z
133,25,9,,,2026-07-02T00:41:38Z
133,26,10,,,2026-07-02T00:41:38Z
133,26,11,,,2026-07-02T00:41:38Z
133,26,12,,,2026-07-02T00:41:38Z
133,26,13,,,2026-07-02T00:41:38Z
133,26,14,,,2026-07-02T00:41:38Z
133,26,15,,,2026-07-02T00:41:38Z
133,26,16,,,2026-07-02T00:41:38Z
133,26,17,,,2026-07-02T00:41:38Z
133,26,18,,,2026-07-02T00:41:38Z
133,26,19,,,2026-07-02T00:41:38Z
133,26,20,,,2026-07-02T00:41:38Z
133,26,7,,,2026-07-02T00:41:38Z
133,26,8,,,2026-07-02T00:41:38Z
133,26,9,,,2026-07-02T00:41:38Z
133,28,10,,,2026-07-02T00:41:38Z
133,28,11,,,2026-07-02T00:41:38Z
133,28,12,,,2026-07-02T00:41:38Z
133,28,13,,,2026-07-02T00:41:38Z
133,28,14,,,2026-07-02T00:41:38Z
133,28,15,,,2026-07-02T00:41:38Z
133,28,16,,,2026-07-02T00:41:38Z
133,28,17,,,2026-07-02T00:41:38Z
133,28,18,,,2026-07-02T00:41:38Z
133,28,19,,,2026-07-02T00:41:38Z
133,28,20,,,2026-07-02T00:41:38Z
133,28,3,,,2026-07-02T00:41:38Z
133,28,4,,,2026-07-02T00:41:38Z
133,28,5,,,2026-07-02T00:41:38Z
133,28,6,,,2026-07-02T00:41:38Z
133,28,7,,,2026-07-02T00:41:38Z
133,28,8,,,2026-07-02T00:41:38Z
133,28,9,,,2026-07-02T00:41:38Z
133,29,10,,,2026-07-02T00:41:38Z
133,29,11,,,2026-07-02T00:41:38Z
133,29,12,,,2026-07-02T00:41:38Z
133,29,5,,,2026-07-02T00:41:38Z
133,29,6,,,2026-07-02T00:41:38Z
133,29,7,,,2026-07-02T00:41:38Z
133,29,8,,,2026-07-02T00:41:38Z
133,29,9,,,2026-07-02T00:41:38Z
133,37,10,,,2026-07-02T00:41:38Z
133,37,11,,,2026-07-02T00:41:38Z
133,37,12,,,2026-07-02T00:41:38Z
133,37,13,,,2026-07-02T00:41:38Z
133,37,14,,,2026-07-02T00:41:38Z
133,37,15,,,2026-07-02T00:41:38Z
133,37,16,,,2026-07-02T00:41:38Z
133,37,17,,,2026-07-02T00:41:38Z
133,37,18,,,2026-07-02T00:41:38Z
133,37,19,,,2026-07-02T00:41:38Z
133,37,20,,,2026-07-02T00:41:38Z
133,37,3,,,2026-07-02T00:41:38Z
133,37,4,,,2026-07-02T00:41:38Z
133,37,5,,,2026-07-02T00:41:38Z
133,37,6,,,2026-07-02T00:41:38Z
133,37,7,,,2026-07-02T00:41:38Z
133,37,8,,,2026-07-02T00:41:38Z
133,37,9,,,2026-07-02T00:41:38Z
133,30,10,,,2026-07-02T00:41:38Z
133,30,11,,,2026-07-02T00:41:38Z
133,30,12,,,2026-07-02T00:41:38Z
133,30,13,,,2026-07-02T00:41:38Z
133,30,14,,,2026-07-02T00:41:38Z
133,30,15,,,2026-07-02T00:41:38Z
133,30,16,,,2026-07-02T00:41:38Z
133,30,5,,,2026-07-02T00:41:38Z
133,30,6,,,2026-07-02T00:41:38Z
133,30,7,,,2026-07-02T00:41:38Z
133,30,8,,,2026-07-02T00:41:38Z
133,30,9,,,2026-07-02T00:41:38Z
133,31,10,,,2026-07-02T00:41:38Z
133,31,11,,,2026-07-02T00:41:38Z
133,31,12,,,2026-07-02T00:41:38Z
133,31,13,,,2026-07-02T00:41:38Z
133,31,14,,,2026-07-02T00:41:38Z
133,31,15,,,2026-07-02T00:41:38Z
133,31,16,,,2026-07-02T00:41:38Z
133,31,17,,,2026-07-02T00:41:38Z
133,31,18,,,2026-07-02T00:41:38Z
133,31,19,,,2026-07-02T00:41:38Z
133,31,20,,,2026-07-02T00:41:38Z
133,31,5,,,2026-07-02T00:41:38Z
133,31,6,,,2026-07-02T00:41:38Z
133,31,7,,,2026-07-02T00:41:38Z
133,31,8,,,2026-07-02T00:41:38Z
133,31,9,,,2026-07-02T00:41:38Z
133,32,10,,,2026-07-02T00:41:38Z
133,32,11,,,2026-07-02T00:41:38Z
133,32,12,,,2026-07-02T00:41:38Z
133,32,13,,,2026-07-02T00:41:38Z
133,32,14,,,2026-07-02T00:41:38Z
133,32,15,,,2026-07-02T00:41:38Z
133,32,16,,,2026-07-02T00:41:38Z
133,32,17,,,2026-07-02T00:41:38Z
133,32,18,,,2026-07-02T00:41:38Z
133,32,19,,,2026-07-02T00:41:38Z
133,32,20,,,2026-07-02T00:41:38Z
133,32,3,,,2026-07-02T00:41:38Z
133,32,4,,,2026-07-02T00:41:38Z
133,32,5,,,2026-07-02T00:41:38Z
133,32,6,,,2026-07-02T00:41:38Z
133,32,7,,,2026-07-02T00:41:38Z
133,32,8,,,2026-07-02T00:41:38Z
133,32,9,,,2026-07-02T00:41:38Z
133,33,10,,,2026-07-02T00:41:38Z
133,33,11,,,2026-07-02T00:41:38Z
133,33,12,,,2026-07-02T00:41:38Z
133,33,13,,,2026-07-02T00:41:38Z
133,33,14,,,2026-07-02T00:41:38Z
133,33,15,,,2026-07-02T00:41:38Z
133,33,16,,,2026-07-02T00:41:38Z
133,33,17,,,2026-07-02T00:41:38Z
133,33,18,,,2026-07-02T00:41:38Z
133,33,19,,,2026-07-02T00:41:38Z
133,33,20,,,2026-07-02T00:41:38Z
133,33,3,,,2026-07-02T00:41:38Z
133,33,4,,,2026-07-02T00:41:38Z
133,33,5,,,2026-07-02T00:41:38Z
133,33,6,,,2026-07-02T00:41:38Z
133,33,7,,,2026-07-02T00:41:38Z
133,33,8,,,2026-07-02T00:41:38Z
133,33,9,,,2026-07-02T00:41:38Z
133,34,10,,,2026-07-02T00:41:38Z
133,34,11,,,2026-07-02T00:41:38Z
133,34,12,,,2026-07-02T00:41:38Z
133,34,13,,,2026-07-02T00:41:38Z
133,34,14,,,2026-07-02T00:41:38Z
133,34,15,,,2026-07-02T00:41:38Z
133,34,16,,,2026-07-02T00:41:38Z
133,34,17,,,2026-07-02T00:41:38Z
133,34,18,,,2026-07-02T00:41:38Z
133,34,2,,,2026-07-02T00:41:38Z
133,34,3,,,2026-07-02T00:41:38Z
133,34,4,,,2026-07-02T00:41:38Z
133,34,5,,,2026-07-02T00:41:38Z
133,34,6,,,2026-07-02T00:41:38Z
133,34,7,,,2026-07-02T00:41:38Z
133,34,8,,,2026-07-02T00:41:38Z
133,34,9,,,2026-07-02T00:41:38Z
133,35,10,,,2026-07-02T00:41:38Z
133,35,11,,,2026-07-02T00:41:38Z
133,35,12,,,2026-07-02T00:41:38Z
133,35,13,,,2026-07-02T00:41:38Z
133,35,14,,,2026-07-02T00:41:38Z
133,35,15,,,2026-07-02T00:41:38Z
133,35,16,,,2026-07-02T00:41:38Z
133,35,17,,,2026-07-02T00:41:38Z
133,35,18,,,2026-07-02T00:41:38Z
133,35,19,,,2026-07-02T00:41:38Z
133,35,20,,,2026-07-02T00:41:38Z
133,35,3,,,2026-07-02T00:41:38Z
133,35,4,,,2026-07-02T00:41:38Z
133,35,5,,,2026-07-02T00:41:38Z
133,35,6,,,2026-07-02T00:41:38Z
133,35,7,,,2026-07-02T00:41:38Z
133,35,8,,,2026-07-02T00:41:38Z
133,35,9,,,2026-07-02T00:41:38Z
133,36,10,,,2026-07-02T00:41:38Z
133,36,11,,,2026-07-02T00:41:38Z
133,36,12,,,2026-07-02T00:41:38Z
133,36,13,,,2026-07-02T00:41:38Z
133,36,14,,,2026-07-02T00:41:38Z
133,36,15,,,2026-07-02T00:41:38Z
133,36,16,,,2026-07-02T00:41:38Z
133,36,17,,,2026-07-02T00:41:38Z
133,36,18,,,2026-07-02T00:41:38Z
133,36,19,,,2026-07-02T00:41:38Z
133,36,20,,,2026-07-02T00:41:38Z
133,36,3,,,2026-07-02T00:41:38Z
133,36,4,,,2026-07-02T00:41:38Z
133,36,5,,,2026-07-02T00:41:38Z
133,36,6,,,2026-07-02T00:41:38Z
133,36,7,,,2026-07-02T00:41:38Z
133,36,8,,,2026-07-02T00:41:38Z
133,36,9,,,2026-07-02T00:41:38Z
133,38,10,,,2026-07-02T00:41:38Z
133,38,11,,,2026-07-02T00:41:38Z
133,38,12,,,2026-07-02T00:41:38Z
133,38,13,,,2026-07-02T00:41:38Z
133,38,14,,,2026-07-02T00:41:38Z
133,38,15,,,2026-07-02T00:41:38Z
133,38,16,,,2026-07-02T00:41:38Z
133,38,2,,,2026-07-02T00:41:38Z
133,38,3,,,2026-07-02T00:41:38Z
133,38,4,,,2026-07-02T00:41:38Z
133,38,5,,,2026-07-02T00:41:38Z
133,38,6,,,2026-07-02T00:41:38Z
133,38,7,,,2026-07-02T00:41:38Z
133,38,8,,,2026-07-02T00:41:38Z
133,38,9,,,2026-07-02T00:41:38Z
133,39,10,,,2026-07-02T00:41:38Z
133,39,11,,,2026-07-02T00:41:38Z
133,39,12,,,2026-07-02T00:41:38Z
133,39,13,,,2026-07-02T00:41:38Z
133,39,14,,,2026-07-02T00:41:38Z
133,39,15,,,2026-07-02T00:41:38Z
133,39,16,,,2026-07-02T00:41:38Z
133,39,4,,,2026-07-02T00:41:38Z
133,39,5,,,2026-07-02T00:41:38Z
133,39,6,,,2026-07-02T00:41:38Z
133,39,7,,,2026-07-02T00:41:38Z
133,39,8,,,2026-07-02T00:41:38Z
133,39,9,,,2026-07-02T00:41:38Z
133W,40,1,,,2026-07-02T00:41:38Z
133W,40,10,,,2026-07-02T00:41:38Z
133W,40,2,,,2026-07-02T00:41:38Z
133W,40,3,,,2026-07-02T00:41:38Z
133W,40,4,,,2026-07-02T00:41:38Z
133W,40,5,,,2026-07-02T00:41:38Z
133W,40,6,,,2026-07-02T00:41:38Z
133W,40,7,,,2026-07-02T00:41:38Z
133W,40,8,,,2026-07-02T00:41:38Z
133W,40,9,,,2026-07-02T00:41:38Z
134,17,10,,,2026-07-02T00:41:38Z
134,17,11,,,2026-07-02T00:41:38Z
134,17,2,,,2026-07-02T00:41:38Z
134,17,3,,,2026-07-02T00:41:38Z
134,17,4,,,2026-07-02T00:41:38Z
134,12,1,,,2026-07-02T00:41:38Z
134,12,2,,,2026-07-02T00:41:38Z
134,12,3,,,2026-07-02T00:41:38Z
134,12,4,,,2026-07-02T00:41:38Z
134,12,5,,,2026-07-02T00:41:38Z
134,12,6,,,2026-07-02T00:41:38Z
134,12,7,,,2026-07-02T00:41:38Z
134,13,1,,,2026-07-02T00:41:38Z
134,13,2,,,2026-07-02T00:41:38Z
134,13,3,,,2026-07-02T00:41:38Z
134,13,4,,,2026-07-02T00:41:38Z
134,13,5,,,2026-07-02T00:41:38Z
134,13,6,,,2026-07-02T00:41:38Z
134,13,7,,,2026-07-02T00:41:38Z
134,14,1,,,2026-07-02T00:41:38Z
134,14,2,,,2026-07-02T00:41:38Z
134,15,4,,,2026-07-02T00:41:38Z
134,15,5,,,2026-07-02T00:41:38Z
134,16,10,,,2026-07-02T00:41:38Z
134,16,2,,,2026-07-02T00:41:38Z
134,16,3,,,2026-07-02T00:41:38Z
134,16,4,,,2026-07-02T00:41:38Z
134,16,5,,,2026-07-02T00:41:38Z
134,16,6,,,2026-07-02T00:41:38Z
134,16,7,,,2026-07-02T00:41:38Z
134,16,8,,,2026-07-02T00:41:38Z
134,16,9,,,2026-07-02T00:41:38Z
134,18,10,,,2026-07-02T00:41:38Z
134,18,11,,,2026-07-02T00:41:38Z
134,18,2,,,2026-07-02T00:41:38Z
134,18,3,,,2026-07-02T00:41:38Z
134,18,4,,,2026-07-02T00:41:38Z
134,18,5,,,2026-07-02T00:41:38Z
134,19,1,,,2026-07-02T00:41:38Z
134,19,2,,,2026-07-02T00:41:38Z
134,27,10,,,2026-07-02T00:41:38Z
134,27,11,,,2026-07-02T00:41:38Z
134,27,12,,,2026-07-02T00:41:38Z
134,27,13,,,2026-07-02T00:41:38Z
134,27,14,,,2026-07-02T00:41:38Z
134,27,15,,,2026-07-02T00:41:38Z
134,27,16,,,2026-07-02T00:41:38Z
134,27,2,,,2026-07-02T00:41:38Z
134,27,3,,,2026-07-02T00:41:38Z
134,27,4,,,2026-07-02T00:41:38Z
134,27,5,,,2026-07-02T00:41:38Z
134,27,6,,,2026-07-02T00:41:38Z
134,27,7,,,2026-07-02T00:41:38Z
134,27,8,,,2026-07-02T00:41:38Z
134,27,9,,,2026-07-02T00:41:38Z
134,21,10,,,2026-07-02T00:41:38Z
134,21,11,,,2026-07-02T00:41:38Z
134,21,12,,,2026-07-02T00:41:38Z
134,21,13,,,2026-07-02T00:41:38Z
134,21,2,,,2026-07-02T00:41:38Z
134,21,3,,,2026-07-02T00:41:38Z
134,21,4,,,2026-07-02T00:41:38Z
134,21,5,,,2026-07-02T00:41:38Z
134,21,6,,,2026-07-02T00:41:38Z
134,21,7,,,2026-07-02T00:41:38Z
134,21,8,,,2026-07-02T00:41:38Z
134,21,9,,,2026-07-02T00:41:38Z
134,22,10,,,2026-07-02T00:41:38Z
134,22,11,,,2026-07-02T00:41:38Z
134,22,12,,,2026-07-02T00:41:38Z
134,22,13,,,2026-07-02T00:41:38Z
134,22,2,,,2026-07-02T00:41:38Z
134,22,3,,,2026-07-02T00:41:38Z
134,22,4,,,2026-07-02T00:41:38Z
134,22,5,,,2026-07-02T00:41:38Z
134,22,6,,,2026-07-02T00:41:38Z
134,22,7,,,2026-07-02T00:41:38Z
134,22,8,,,2026-07-02T00:41:38Z
134,22,9,,,2026-07-02T00:41:38Z
134,23,10,,,2026-07-02T00:41:38Z
134,23,11,,,2026-07-02T00:41:38Z
134,23,12,,,2026-07-02T00:41:38Z
134,23,13,,,2026-07-02T00:41:38Z
134,23,14,,,2026-07-02T00:41:38Z
134,23,2,,,2026-07-02T00:41:38Z
134,23,3,,,2026-07-02T00:41:38Z
134,23,4,,,2026-07-02T00:41:38Z
134,23,5,,,2026-07-02T00:41:38Z
134,23,6,,,2026-07-02T00:41:38Z
134,23,7,,,2026-07-02T00:41:38Z
134,23,8,,,2026-07-02T00:41:38Z
134,23,9,,,2026-07-02T00:41:38Z
134,24,10,,,2026-07-02T00:41:38Z
134,24,11,,,2026-07-02T00:41:38Z
134,24,12,,,2026-07-02T00:41:38Z
134,24,13,,,2026-07-02T00:41:38Z
134,24,14,,,2026-07-02T00:41:38Z
134,24,2,,,2026-07-02T00:41:38Z
134,24,3,,,2026-07-02T00:41:38Z
134,24,4,,,2026-07-02T00:41:38Z
134,24,5,,,2026-07-02T00:41:38Z
134,24,6,,,2026-07-02T00:41:38Z
134,24,7,,,2026-07-02T00:41:38Z
134,24,8,,,2026-07-02T00:41:38Z
134,24,9,,,2026-07-02T00:41:38Z
134,25,10,,,2026-07-02T00:41:38Z
134,25,11,,,2026-07-02T00:41:38Z
134,25,12,,,2026-07-02T00:41:38Z
134,25,13,,,2026-07-02T00:41:38Z
134,25,14,,,2026-07-02T00:41:38Z
134,25,15,,,2026-07-02T00:41:38Z
134,25,2,,,2026-07-02T00:41:38Z
134,25,3,,,2026-07-02T00:41:38Z
134,25,4,,,2026-07-02T00:41:38Z
134,25,5,,,2026-07-02T00:41:38Z
134,25,6,,,2026-07-02T00:41:38Z
134,25,7,,,2026-07-02T00:41:38Z
134,25,8,,,2026-07-02T00:41:38Z
134,25,9,,,2026-07-02T00:41:38Z
134,26,10,,,2026-07-02T00:41:38Z
134,26,11,,,2026-07-02T00:41:38Z
134,26,12,,,2026-07-02T00:41:38Z
134,26,13,,,2026-07-02T00:41:38Z
134,26,14,,,2026-07-02T00:41:38Z
134,26,15,,,2026-07-02T00:41:38Z
134,26,2,,,2026-07-02T00:41:38Z
134,26,3,,,2026-07-02T00:41:38Z
134,26,4,,,2026-07-02T00:41:38Z
134,26,5,,,2026-07-02T00:41:38Z
134,26,6,,,2026-07-02T00:41:38Z
134,26,7,,,2026-07-02T00:41:38Z
134,26,8,,,2026-07-02T00:41:38Z
134,26,9,,,2026-07-02T00:41:38Z
134,28,10,,,2026-07-02T00:41:38Z
134,28,11,,,2026-07-02T00:41:38Z
134,28,12,,,2026-07-02T00:41:38Z
134,28,13,,,2026-07-02T00:41:38Z
134,28,14,,,2026-07-02T00:41:38Z
134,28,15,,,2026-07-02T00:41:38Z
134,28,16,,,2026-07-02T00:41:38Z
134,28,2,,,2026-07-02T00:41:38Z
134,28,3,,,2026-07-02T00:41:38Z
134,28,4,,,2026-07-02T00:41:38Z
134,28,5,,,2026-07-02T00:41:38Z
134,28,6,,,2026-07-02T00:41:38Z
134,28,7,,,2026-07-02T00:41:38Z
134,28,8,,,2026-07-02T00:41:38Z
134,28,9,,,2026-07-02T00:41:38Z
134,29,10,,,2026-07-02T00:41:38Z
134,29,11,,,2026-07-02T00:41:38Z
134,29,12,,,2026-07-02T00:41:38Z
134,29,13,,,2026-07-02T00:41:38Z
134,29,14,,,2026-07-02T00:41:38Z
134,29,15,,,2026-07-02T00:41:38Z
134,29,16,,,2026-07-02T00:41:38Z
134,29,2,,,2026-07-02T00:41:38Z
134,29,3,,,2026-07-02T00:41:38Z
134,29,4,,,2026-07-02T00:41:38Z
134,29,5,,,2026-07-02T00:41:38Z
134,29,6,,,2026-07-02T00:41:38Z
134,29,7,,,2026-07-02T00:41:38Z
134,29,8,,,2026-07-02T00:41:38Z
134,29,9,,,2026-07-02T00:41:38Z
134,37,10,,,2026-07-02T00:41:38Z
134,37,11,,,2026-07-02T00:41:38Z
134,37,12,,,2026-07-02T00:41:38Z
134,37,13,,,2026-07-02T00:41:38Z
134,37,14,,,2026-07-02T00:41:38Z
134,37,15,,,2026-07-02T00:41:38Z
134,37,16,,,2026-07-02T00:41:38Z
134,37,17,,,2026-07-02T00:41:38Z
134,37,18,,,2026-07-02T00:41:38Z
134,37,19,,,2026-07-02T00:41:38Z
134,37,20,,,2026-07-02T00:41:38Z
134,37,3,,,2026-07-02T00:41:38Z
134,37,4,,,2026-07-02T00:41:38Z
134,37,5,,,2026-07-02T00:41:38Z
134,37,6,,,2026-07-02T00:41:38Z
134,37,7,,,2026-07-02T00:41:38Z
134,37,8,,,2026-07-02T00:41:38Z
134,37,9,,,2026-07-02T00:41:38Z
134,30,10,,,2026-07-02T00:41:38Z
134,30,11,,,2026-07-02T00:41:38Z
134,30,12,,,2026-07-02T00:41:38Z
134,30,13,,,2026-07-02T00:41:38Z
134,30,14,,,2026-07-02T00:41:38Z
134,30,15,,,2026-07-02T00:41:38Z
134,30,16,,,2026-07-02T00:41:38Z
134,30,17,,,2026-07-02T00:41:38Z
134,30,2,,,2026-07-02T00:41:38Z
134,30,3,,,2026-07-02T00:41:38Z
134,30,4,,,2026-07-02T00:41:38Z
134,30,5,,,2026-07-02T00:41:38Z
134,30,6,,,2026-07-02T00:41:38Z
134,30,7,,,2026-07-02T00:41:38Z
134,30,8,,,2026-07-02T00:41:38Z
134,30,9,,,2026-07-02T00:41:38Z
134,31,10,,,2026-07-02T00:41:38Z
134,31,11,,,2026-07-02T00:41:38Z
134,31,12,,,2026-07-02T00:41:38Z
134,31,13,,,2026-07-02T00:41:38Z
134,31,14,,,2026-07-02T00:41:38Z
134,31,15,,,2026-07-02T00:41:38Z
134,31,16,,,2026-07-02T00:41:38Z
134,31,17,,,2026-07-02T00:41:38Z
134,31,2,,,2026-07-02T00:41:38Z
134,31,3,,,2026-07-02T00:41:38Z
134,31,4,,,2026-07-02T00:41:38Z
134,31,5,,,2026-07-02T00:41:38Z
134,31,6,,,2026-07-02T00:41:38Z
134,31,7,,,2026-07-02T00:41:38Z
134,31,8,,,2026-07-02T00:41:38Z
134,31,9,,,2026-07-02T00:41:38Z
134,32,10,,,2026-07-02T00:41:38Z
134,32,11,,,2026-07-02T00:41:38Z
134,32,12,,,2026-07-02T00:41:38Z
134,32,13,,,2026-07-02T00:41:38Z
134,32,14,,,2026-07-02T00:41:38Z
134,32,15,,,2026-07-02T00:41:38Z
134,32,16,,,2026-07-02T00:41:38Z
134,32,17,,,2026-07-02T00:41:38Z
134,32,18,,,2026-07-02T00:41:38Z
134,32,3,,,2026-07-02T00:41:38Z
134,32,4,,,2026-07-02T00:41:38Z
134,32,5,,,2026-07-02T00:41:38Z
134,32,6,,,2026-07-02T00:41:38Z
134,32,7,,,2026-07-02T00:41:38Z
134,32,8,,,2026-07-02T00:41:38Z
134,32,9,,,2026-07-02T00:41:38Z
134,33,10,,,2026-07-02T00:41:38Z
134,33,11,,,2026-07-02T00:41:38Z
134,33,12,,,2026-07-02T00:41:38Z
134,33,13,,,2026-07-02T00:41:38Z
134,33,14,,,2026-07-02T00:41:38Z
134,33,15,,,2026-07-02T00:41:38Z
134,33,16,,,2026-07-02T00:41:38Z
134,33,17,,,2026-07-02T00:41:38Z
134,33,18,,,2026-07-02T00:41:38Z
134,33,2,,,2026-07-02T00:41:38Z
134,33,3,,,2026-07-02T00:41:38Z
134,33,4,,,2026-07-02T00:41:38Z
134,33,5,,,2026-07-02T00:41:38Z
134,33,6,,,2026-07-02T00:41:38Z
134,33,7,,,2026-07-02T00:41:38Z
134,33,8,,,2026-07-02T00:41:38Z
134,33,9,,,2026-07-02T00:41:38Z
134,34,10,,,2026-07-02T00:41:38Z
134,34,11,,,2026-07-02T00:41:38Z
134,34,12,,,2026-07-02T00:41:38Z
134,34,13,,,2026-07-02T00:41:38Z
134,34,14,,,2026-07-02T00:41:38Z
134,34,15,,,2026-07-02T00:41:38Z
134,34,16,,,2026-07-02T00:41:38Z
134,34,17,,,2026-07-02T00:41:38Z
134,34,18,,,2026-07-02T00:41:38Z
134,34,19,,,2026-07-02T00:41:38Z
134,34,2,,,2026-07-02T00:41:38Z
134,34,3,,,2026-07-02T00:41:38Z
134,34,4,,,2026-07-02T00:41:38Z
134,34,5,,,2026-07-02T00:41:38Z
134,34,6,,,2026-07-02T00:41:38Z
134,34,7,,,2026-07-02T00:41:38Z
134,34,8,,,2026-07-02T00:41:38Z
134,34,9,,,2026-07-02T00:41:38Z
134,35,10,,,2026-07-02T00:41:38Z
134,35,11,,,2026-07-02T00:41:38Z
134,35,12,,,2026-07-02T00:41:38Z
134,35,13,,,2026-07-02T00:41:38Z
134,35,14,,,2026-07-02T00:41:38Z
134,35,15,,,2026-07-02T00:41:38Z
134,35,16,,,2026-07-02T00:41:38Z
134,35,17,,,2026-07-02T00:41:38Z
134,35,18,,,2026-07-02T00:41:38Z
134,35,19,,,2026-07-02T00:41:38Z
134,35,2,,,2026-07-02T00:41:38Z
134,35,3,,,2026-07-02T00:41:38Z
134,35,4,,,2026-07-02T00:41:38Z
134,35,5,,,2026-07-02T00:41:38Z
134,35,6,,,2026-07-02T00:41:38Z
134,35,7,,,2026-07-02T00:41:38Z
134,35,8,,,2026-07-02T00:41:38Z
134,35,9,,,2026-07-02T00:41:38Z
134,36,13,,,2026-07-02T00:41:38Z
134,36,14,,,2026-07-02T00:41:38Z
134,36,15,,,2026-07-02T00:41:38Z
134,36,16,,,2026-07-02T00:41:38Z
134,36,17,,,2026-07-02T00:41:38Z
134,36,18,,,2026-07-02T00:41:38Z
134,36,19,,,2026-07-02T00:41:38Z
134,36,20,,,2026-07-02T00:41:38Z
134,38,10,,,2026-07-02T00:41:38Z
134,38,11,,,2026-07-02T00:41:38Z
134,38,12,,,2026-07-02T00:41:38Z
134,38,13,,,2026-07-02T00:41:38Z
134,38,14,,,2026-07-02T00:41:38Z
134,38,15,,,2026-07-02T00:41:38Z
134,38,16,,,2026-07-02T00:41:38Z
134,38,17,,,2026-07-02T00:41:38Z
134,38,18,,,2026-07-02T00:41:38Z
134,38,19,,,2026-07-02T00:41:38Z
134,38,20,,,2026-07-02T00:41:38Z
134,38,21,,,2026-07-02T00:41:38Z
134,38,3,,,2026-07-02T00:41:38Z
134,38,4,,,2026-07-02T00:41:38Z
134,38,5,,,2026-07-02T00:41:38Z
134,38,6,,,2026-07-02T00:41:38Z
134,38,7,,,2026-07-02T00:41:38Z
134,38,8,,,2026-07-02T00:41:38Z
134,38,9,,,2026-07-02T00:41:38Z
134,39,10,,,2026-07-02T00:41:38Z
134,39,11,,,2026-07-02T00:41:38Z
134,39,12,,,2026-07-02T00:41:38Z
134,39,13,,,2026-07-02T00:41:38Z
134,39,14,,,2026-07-02T00:41:38Z
134,39,15,,,2026-07-02T00:41:38Z
134,39,16,,,2026-07-02T00:41:38Z
134,39,17,,,2026-07-02T00:41:38Z
134,39,18,,,2026-07-02T00:41:38Z
134,39,19,,,2026-07-02T00:41:38Z
134,39,20,,,2026-07-02T00:41:38Z
134,39,21,,,2026-07-02T00:41:38Z
134,39,4,,,2026-07-02T00:41:38Z
134,39,5,,,2026-07-02T00:41:38Z
134,39,6,,,2026-07-02T00:41:38Z
134,39,7,,,2026-07-02T00:41:38Z
134,39,8,,,2026-07-02T00:41:38Z
134,39,9,,,2026-07-02T00:41:38Z
134,8,4,,,2026-07-02T00:41:38Z
134,8,5,,,2026-07-02T00:41:38Z
134,8,6,,,2026-07-02T00:41:38Z
134,8,7,,,2026-07-02T00:41:38Z
134,8,2,,,2026-07-02T00:41:38Z
134,8,3,,,2026-07-02T00:41:38Z
134,9,4,,,2026-07-02T00:41:38Z
134,9,5,,,2026-07-02T00:41:38Z
134,9,3,,,2026-07-02T00:41:38Z
134W,40,10,,,2026-07-02T00:41:38Z
134W,40,11,,,2026-07-02T00:41:38Z
134W,40,12,,,2026-07-02T00:41:38Z
134W,40,4,,,2026-07-02T00:41:38Z
134W,40,5,,,2026-07-02T00:41:38Z
134W,40,6,,,2026-07-02T00:41:38Z
134W,40,7,,,2026-07-02T00:41:38Z
134W,40,8,,,2026-07-02T00:41:38Z
134W,40,9,,,2026-07-02T00:41:38Z
135,17,10,,,2026-07-02T00:41:38Z
135,17,11,,,2026-07-02T00:41:38Z
135,17,12,,,2026-07-02T00:41:38Z
135,17,13,,,2026-07-02T00:41:38Z
135,17,2,,,2026-07-02T00:41:38Z
135,17,3,,,2026-07-02T00:41:38Z
135,17,4,,,2026-07-02T00:41:38Z
135,17,5,,,2026-07-02T00:41:38Z
135,17,6,,,2026-07-02T00:41:38Z
135,17,7,,,2026-07-02T00:41:38Z
135,17,8,,,2026-07-02T00:41:38Z
135,17,9,,,2026-07-02T00:41:38Z
135,10,1,,,2026-07-02T00:41:38Z
135,10,2,,,2026-07-02T00:41:38Z
135,10,3,,,2026-07-02T00:41:38Z
135,10,4,,,2026-07-02T00:41:38Z
135,10,5,,,2026-07-02T00:41:38Z
135,10,6,,,2026-07-02T00:41:38Z
135,11,3,,,2026-07-02T00:41:38Z
135,11,4,,,2026-07-02T00:41:38Z
135,11,5,,,2026-07-02T00:41:38Z
135,11,6,,,2026-07-02T00:41:38Z
135,11,7,,,2026-07-02T00:41:38Z
135,11,8,,,2026-07-02T00:41:38Z
135,13,10,,,2026-07-02T00:41:38Z
135,13,11,,,2026-07-02T00:41:38Z
135,13,5,,,2026-07-02T00:41:38Z
135,13,6,,,2026-07-02T00:41:38Z
135,13,7,,,2026-07-02T00:41:38Z
135,13,8,,,2026-07-02T00:41:38Z
135,13,9,,,2026-07-02T00:41:38Z
135,14,10,,,2026-07-02T00:41:38Z
135,14,11,,,2026-07-02T00:41:38Z
135,14,12,,,2026-07-02T00:41:38Z
135,14,2,,,2026-07-02T00:41:38Z
135,14,9,,,2026-07-02T00:41:38Z
135,15,10,,,2026-07-02T00:41:38Z
135,15,11,,,2026-07-02T00:41:38Z
135,15,12,,,2026-07-02T00:41:38Z
135,15,2,,,2026-07-02T00:41:38Z
135,15,3,,,2026-07-02T00:41:38Z
135,15,4,,,2026-07-02T00:41:38Z
135,15,5,,,2026-07-02T00:41:38Z
135,15,6,,,2026-07-02T00:41:38Z
135,15,7,,,2026-07-02T00:41:38Z
135,15,8,,,2026-07-02T00:41:38Z
135,15,9,,,2026-07-02T00:41:38Z
135,16,10,,,2026-07-02T00:41:38Z
135,16,11,,,2026-07-02T00:41:38Z
135,16,12,,,2026-07-02T00:41:38Z
135,16,13,,,2026-07-02T00:41:38Z
135,16,2,,,2026-07-02T00:41:38Z
135,16,3,,,2026-07-02T00:41:38Z
135,16,4,,,2026-07-02T00:41:38Z
135,16,5,,,2026-07-02T00:41:38Z
135,16,6,,,2026-07-02T00:41:38Z
135,16,7,,,2026-07-02T00:41:38Z
135,16,8,,,2026-07-02T00:41:38Z
135,16,9,,,2026-07-02T00:41:38Z
135,18,10,,,2026-07-02T00:41:38Z
135,18,11,,,2026-07-02T00:41:38Z
135,18,12,,,2026-07-02T00:41:38Z
135,18,13,,,2026-07-02T00:41:38Z
135,18,14,,,2026-07-02T00:41:38Z
135,18,2,,,2026-07-02T00:41:38Z
135,18,3,,,2026-07-02T00:41:38Z
135,18,4,,,2026-07-02T00:41:38Z
135,18,5,,,2026-07-02T00:41:38Z
135,18,6,,,2026-07-02T00:41:38Z
135,18,7,,,2026-07-02T00:41:38Z
135,18,8,,,2026-07-02T00:41:38Z
135,18,9,,,2026-07-02T00:41:38Z
135,19,10,,,2026-07-02T00:41:38Z
135,19,11,,,2026-07-02T00:41:38Z
135,19,12,,,2026-07-02T00:41:38Z
135,19,13,,,2026-07-02T00:41:38Z
135,19,14,,,2026-07-02T00:41:38Z
135,19,2,,,2026-07-02T00:41:38Z
135,19,3,,,2026-07-02T00:41:38Z
135,19,4,,,2026-07-02T00:41:38Z
135,19,5,,,2026-07-02T00:41:38Z
135,19,6,,,2026-07-02T00:41:38Z
135,19,7,,,2026-07-02T00:41:38Z
135,19,8,,,2026-07-02T00:41:38Z
135,19,9,,,2026-07-02T00:41:38Z
135,27,10,,,2026-07-02T00:41:38Z
135,27,11,,,2026-07-02T00:41:38Z
135,27,12,,,2026-07-02T00:41:38Z
135,27,13,,,2026-07-02T00:41:38Z
135,27,14,,,2026-07-02T00:41:38Z
135,27,15,,,2026-07-02T00:41:38Z
135,27,16,,,2026-07-02T00:41:38Z
135,27,17,,,2026-07-02T00:41:38Z
135,27,18,,,2026-07-02T00:41:38Z
135,27,2,,,2026-07-02T00:41:38Z
135,27,3,,,2026-07-02T00:41:38Z
135,27,4,,,2026-07-02T00:41:38Z
135,27,5,,,2026-07-02T00:41:38Z
135,27,6,,,2026-07-02T00:41:38Z
135,27,7,,,2026-07-02T00:41:38Z
135,27,8,,,2026-07-02T00:41:38Z
135,27,9,,,2026-07-02T00:41:38Z
135,20,10,,,2026-07-02T00:41:38Z
135,20,11,,,2026-07-02T00:41:38Z
135,20,12,,,2026-07-02T00:41:38Z
135,20,13,,,2026-07-02T00:41:38Z
135,20,14,,,2026-07-02T00:41:38Z
135,20,15,,,2026-07-02T00:41:38Z
135,20,2,,,2026-07-02T00:41:38Z
135,20,3,,,2026-07-02T00:41:38Z
135,20,4,,,2026-07-02T00:41:38Z
135,20,5,,,2026-07-02T00:41:38Z
135,20,6,,,2026-07-02T00:41:38Z
135,20,7,,,2026-07-02T00:41:38Z
135,20,8,,,2026-07-02T00:41:38Z
135,20,9,,,2026-07-02T00:41:38Z
135,21,10,,,2026-07-02T00:41:38Z
135,21,11,,,2026-07-02T00:41:38Z
135,21,12,,,2026-07-02T00:41:38Z
135,21,13,,,2026-07-02T00:41:38Z
135,21,14,,,2026-07-02T00:41:38Z
135,21,15,,,2026-07-02T00:41:38Z
135,21,2,,,2026-07-02T00:41:38Z
135,21,3,,,2026-07-02T00:41:38Z
135,21,4,,,2026-07-02T00:41:38Z
135,21,5,,,2026-07-02T00:41:38Z
135,21,6,,,2026-07-02T00:41:38Z
135,21,7,,,2026-07-02T00:41:38Z
135,21,8,,,2026-07-02T00:41:38Z
135,21,9,,,2026-07-02T00:41:38Z
135,22,10,,,2026-07-02T00:41:38Z
135,22,11,,,2026-07-02T00:41:38Z
135,22,12,,,2026-07-02T00:41:38Z
135,22,13,,,2026-07-02T00:41:38Z
135,22,14,,,2026-07-02T00:41:38Z
135,22,15,,,2026-07-02T00:41:38Z
135,22,2,,,2026-07-02T00:41:38Z
135,22,3,,,2026-07-02T00:41:38Z
135,22,4,,,2026-07-02T00:41:38Z
135,22,5,,,2026-07-02T00:41:38Z
135,22,6,,,2026-07-02T00:41:38Z
135,22,7,,,2026-07-02T00:41:38Z
135,22,8,,,2026-07-02T00:41:38Z
135,22,9,,,2026-07-02T00:41:38Z
135,23,10,,,2026-07-02T00:41:38Z
135,23,11,,,2026-07-02T00:41:38Z
135,23,12,,,2026-07-02T00:41:38Z
135,23,13,,,2026-07-02T00:41:38Z
135,23,14,,,2026-07-02T00:41:38Z
135,23,15,,,2026-07-02T00:41:38Z
135,23,16,,,2026-07-02T00:41:38Z
135,23,2,,,2026-07-02T00:41:38Z
135,23,3,,,2026-07-02T00:41:38Z
135,23,4,,,2026-07-02T00:41:38Z
135,23,5,,,2026-07-02T00:41:38Z
135,23,6,,,2026-07-02T00:41:38Z
135,23,7,,,2026-07-02T00:41:38Z
135,23,8,,,2026-07-02T00:41:38Z
135,23,9,,,2026-07-02T00:41:38Z
135,24,10,,,2026-07-02T00:41:38Z
135,24,11,,,2026-07-02T00:41:38Z
135,24,12,,,2026-07-02T00:41:38Z
135,24,13,,,2026-07-02T00:41:38Z
135,24,14,,,2026-07-02T00:41:38Z
135,24,15,,,2026-07-02T00:41:38Z
135,24,16,,,2026-07-02T00:41:38Z
135,24,4,,,2026-07-02T00:41:38Z
135,24,5,,,2026-07-02T00:41:38Z
135,24,6,,,2026-07-02T00:41:38Z
135,24,7,,,2026-07-02T00:41:38Z
135,24,8,,,2026-07-02T00:41:38Z
135,24,9,,,2026-07-02T00:41:38Z
135,25,10,,,2026-07-02T00:41:38Z
135,25,11,,,2026-07-02T00:41:38Z
135,25,12,,,2026-07-02T00:41:38Z
135,25,13,,,2026-07-02T00:41:38Z
135,25,2,,,2026-07-02T00:41:38Z
135,25,3,,,2026-07-02T00:41:38Z
135,25,4,,,2026-07-02T00:41:38Z
135,25,5,,,2026-07-02T00:41:38Z
135,25,6,,,2026-07-02T00:41:38Z
135,25,7,,,2026-07-02T00:41:38Z
135,25,8,,,2026-07-02T00:41:38Z
135,25,9,,,2026-07-02T00:41:38Z
135,26,10,,,2026-07-02T00:41:38Z
135,26,11,,,2026-07-02T00:41:38Z
135,26,12,,,2026-07-02T00:41:38Z
135,26,13,,,2026-07-02T00:41:38Z
135,26,14,,,2026-07-02T00:41:38Z
135,26,15,,,2026-07-02T00:41:38Z
135,26,16,,,2026-07-02T00:41:38Z
135,26,17,,,2026-07-02T00:41:38Z
135,26,2,,,2026-07-02T00:41:38Z
135,26,3,,,2026-07-02T00:41:38Z
135,26,4,,,2026-07-02T00:41:38Z
135,26,5,,,2026-07-02T00:41:38Z
135,26,6,,,2026-07-02T00:41:38Z
135,26,7,,,2026-07-02T00:41:38Z
135,26,8,,,2026-07-02T00:41:38Z
135,26,9,,,2026-07-02T00:41:38Z
135,28,10,,,2026-07-02T00:41:38Z
135,28,11,,,2026-07-02T00:41:38Z
135,28,12,,,2026-07-02T00:41:38Z
135,28,13,,,2026-07-02T00:41:38Z
135,28,14,,,2026-07-02T00:41:38Z
135,28,15,,,2026-07-02T00:41:38Z
135,28,16,,,2026-07-02T00:41:38Z
135,28,17,,,2026-07-02T00:41:38Z
135,28,18,,,2026-07-02T00:41:38Z
135,28,9,,,2026-07-02T00:41:38Z
135,29,10,,,2026-07-02T00:41:38Z
135,29,11,,,2026-07-02T00:41:38Z
135,29,12,,,2026-07-02T00:41:38Z
135,29,13,,,2026-07-02T00:41:38Z
135,29,14,,,2026-07-02T00:41:38Z
135,29,15,,,2026-07-02T00:41:38Z
135,29,16,,,2026-07-02T00:41:38Z
135,29,17,,,2026-07-02T00:41:38Z
135,29,18,,,2026-07-02T00:41:38Z
135,29,19,,,2026-07-02T00:41:38Z
135,29,2,,,2026-07-02T00:41:38Z
135,29,3,,,2026-07-02T00:41:38Z
135,29,4,,,2026-07-02T00:41:38Z
135,29,5,,,2026-07-02T00:41:38Z
135,29,6,,,2026-07-02T00:41:38Z
135,29,7,,,2026-07-02T00:41:38Z
135,29,8,,,2026-07-02T00:41:38Z
135,29,9,,,2026-07-02T00:41:38Z
135,37,10,,,2026-07-02T00:41:38Z
135,37,11,,,2026-07-02T00:41:38Z
135,37,12,,,2026-07-02T00:41:38Z
135,37,13,,,2026-07-02T00:41:38Z
135,37,14,,,2026-07-02T00:41:38Z
135,37,15,,,2026-07-02T00:41:38Z
135,37,16,,,2026-07-02T00:41:38Z
135,37,17,,,2026-07-02T00:41:38Z
135,37,18,,,2026-07-02T00:41:38Z
135,37,19,,,2026-07-02T00:41:38Z
135,37,20,,,2026-07-02T00:41:38Z
135,37,21,,,2026-07-02T00:41:38Z
135,37,22,,,2026-07-02T00:41:38Z
135,37,3,,,2026-07-02T00:41:38Z
135,37,4,,,2026-07-02T00:41:38Z
135,37,5,,,2026-07-02T00:41:38Z
135,37,6,,,2026-07-02T00:41:38Z
135,37,7,,,2026-07-02T00:41:38Z
135,37,8,,,2026-07-02T00:41:38Z
135,37,9,,,2026-07-02T00:41:38Z
135,30,10,,,2026-07-02T00:41:38Z
135,30,11,,,2026-07-02T00:41:38Z
135,30,12,,,2026-07-02T00:41:38Z
135,30,13,,,2026-07-02T00:41:38Z
135,30,14,,,2026-07-02T00:41:38Z
135,30,15,,,2026-07-02T00:41:38Z
135,30,16,,,2026-07-02T00:41:38Z
135,30,17,,,2026-07-02T00:41:38Z
135,30,18,,,2026-07-02T00:41:38Z
135,30,19,,,2026-07-02T00:41:38Z
135,30,2,,,2026-07-02T00:41:38Z
135,30,3,,,2026-07-02T00:41:38Z
135,30,4,,,2026-07-02T00:41:38Z
135,30,5,,,2026-07-02T00:41:38Z
135,30,6,,,2026-07-02T00:41:38Z
135,30,7,,,2026-07-02T00:41:38Z
135,30,8,,,2026-07-02T00:41:38Z
135,30,9,,,2026-07-02T00:41:38Z
135,31,10,,,2026-07-02T00:41:38Z
135,31,11,,,2026-07-02T00:41:38Z
135,31,12,,,2026-07-02T00:41:38Z
135,31,13,,,2026-07-02T00:41:38Z
135,31,14,,,2026-07-02T00:41:38Z
135,31,15,,,2026-07-02T00:41:38Z
135,31,16,,,2026-07-02T00:41:38Z
135,31,17,,,2026-07-02T00:41:38Z
135,31,18,,,2026-07-02T00:41:38Z
135,31,19,,,2026-07-02T00:41:38Z
135,31,20,,,2026-07-02T00:41:38Z
135,31,3,,,2026-07-02T00:41:38Z
135,31,4,,,2026-07-02T00:41:38Z
135,31,5,,,2026-07-02T00:41:38Z
135,31,6,,,2026-07-02T00:41:38Z
135,31,7,,,2026-07-02T00:41:38Z
135,31,8,,,2026-07-02T00:41:38Z
135,31,9,,,2026-07-02T00:41:38Z
135,32,10,,,2026-07-02T00:41:38Z
135,32,11,,,2026-07-02T00:41:38Z
135,32,12,,,2026-07-02T00:41:38Z
135,32,13,,,2026-07-02T00:41:38Z
135,32,14,,,2026-07-02T00:41:38Z
135,32,15,,,2026-07-02T00:41:38Z
135,32,16,,,2026-07-02T00:41:38Z
135,32,17,,,2026-07-02T00:41:38Z
135,32,18,,,2026-07-02T00:41:38Z
135,32,19,,,2026-07-02T00:41:38Z
135,32,20,,,2026-07-02T00:41:38Z
135,32,3,,,2026-07-02T00:41:38Z
135,32,4,,,2026-07-02T00:41:38Z
135,32,5,,,2026-07-02T00:41:38Z
135,32,6,,,2026-07-02T00:41:38Z
135,32,7,,,2026-07-02T00:41:38Z
135,32,8,,,2026-07-02T00:41:38Z
135,32,9,,,2026-07-02T00:41:38Z
135,33,10,,,2026-07-02T00:41:38Z
135,33,11,,,2026-07-02T00:41:38Z
135,33,12,,,2026-07-02T00:41:38Z
135,33,13,,,2026-07-02T00:41:38Z
135,33,14,,,2026-07-02T00:41:38Z
135,33,15,,,2026-07-02T00:41:38Z
135,33,16,,,2026-07-02T00:41:38Z
135,33,17,,,2026-07-02T00:41:38Z
135,33,18,,,2026-07-02T00:41:38Z
135,33,19,,,2026-07-02T00:41:38Z
135,33,20,,,2026-07-02T00:41:38Z
135,33,21,,,2026-07-02T00:41:38Z
135,33,3,,,2026-07-02T00:41:38Z
135,33,4,,,2026-07-02T00:41:38Z
135,33,5,,,2026-07-02T00:41:38Z
135,33,6,,,2026-07-02T00:41:38Z
135,33,7,,,2026-07-02T00:41:38Z
135,33,8,,,2026-07-02T00:41:38Z
135,33,9,,,2026-07-02T00:41:38Z
135,34,10,,,2026-07-02T00:41:38Z
135,34,11,,,2026-07-02T00:41:38Z
135,34,12,,,2026-07-02T00:41:38Z
135,34,13,,,2026-07-02T00:41:38Z
135,34,14,,,2026-07-02T00:41:38Z
135,34,15,,,2026-07-02T00:41:38Z
135,34,16,,,2026-07-02T00:41:38Z
135,34,17,,,2026-07-02T00:41:38Z
135,34,18,,,2026-07-02T00:41:38Z
135,34,19,,,2026-07-02T00:41:38Z
135,34,20,,,2026-07-02T00:41:38Z
135,34,21,,,2026-07-02T00:41:38Z
135,34,3,,,2026-07-02T00:41:38Z
135,34,4,,,2026-07-02T00:41:38Z
135,34,5,,,2026-07-02T00:41:38Z
135,34,6,,,2026-07-02T00:41:38Z
135,34,7,,,2026-07-02T00:41:38Z
135,34,8,,,2026-07-02T00:41:38Z
135,34,9,,,2026-07-02T00:41:38Z
135,35,10,,,2026-07-02T00:41:38Z
135,35,11,,,2026-07-02T00:41:38Z
135,35,12,,,2026-07-02T00:41:38Z
135,35,13,,,2026-07-02T00:41:38Z
135,35,14,,,2026-07-02T00:41:38Z
135,35,15,,,2026-07-02T00:41:38Z
135,35,16,,,2026-07-02T00:41:38Z
135,35,17,,,2026-07-02T00:41:38Z
135,35,18,,,2026-07-02T00:41:38Z
135,35,19,,,2026-07-02T00:41:38Z
135,35,20,,,2026-07-02T00:41:38Z
135,35,21,,,2026-07-02T00:41:38Z
135,35,22,,,2026-07-02T00:41:38Z
135,35,3,,,2026-07-02T00:41:38Z
135,35,4,,,2026-07-02T00:41:38Z
135,35,5,,,2026-07-02T00:41:38Z
135,35,6,,,2026-07-02T00:41:38Z
135,35,7,,,2026-07-02T00:41:38Z
135,35,8,,,2026-07-02T00:41:38Z
135,35,9,,,2026-07-02T00:41:38Z
135,36,10,,,2026-07-02T00:41:38Z
135,36,11,,,2026-07-02T00:41:38Z
135,36,12,,,2026-07-02T00:41:38Z
135,36,13,,,2026-07-02T00:41:38Z
135,36,14,,,2026-07-02T00:41:38Z
135,36,15,,,2026-07-02T00:41:38Z
135,36,16,,,2026-07-02T00:41:38Z
135,36,17,,,2026-07-02T00:41:38Z
135,36,18,,,2026-07-02T00:41:38Z
135,36,19,,,2026-07-02T00:41:38Z
135,36,20,,,2026-07-02T00:41:38Z
135,36,21,,,2026-07-02T00:41:38Z
135,36,22,,,2026-07-02T00:41:38Z
135,36,3,,,2026-07-02T00:41:38Z
135,36,4,,,2026-07-02T00:41:38Z
135,36,5,,,2026-07-02T00:41:38Z
135,36,6,,,2026-07-02T00:41:38Z
135,36,7,,,2026-07-02T00:41:38Z
135,36,8,,,2026-07-02T00:41:38Z
135,36,9,,,2026-07-02T00:41:38Z
135,38,10,,,2026-07-02T00:41:38Z
135,38,11,,,2026-07-02T00:41:38Z
135,38,12,,,2026-07-02T00:41:38Z
135,38,13,,,2026-07-02T00:41:38Z
135,38,14,,,2026-07-02T00:41:38Z
135,38,15,,,2026-07-02T00:41:38Z
135,38,16,,,2026-07-02T00:41:38Z
135,38,17,,,2026-07-02T00:41:38Z
135,38,18,,,2026-07-02T00:41:38Z
135,38,19,,,2026-07-02T00:41:38Z
135,38,20,,,2026-07-02T00:41:38Z
135,38,21,,,2026-07-02T00:41:38Z
135,38,22,,,2026-07-02T00:41:38Z
135,38,23,,,2026-07-02T00:41:38Z
135,38,3,,,2026-07-02T00:41:38Z
135,38,4,,,2026-07-02T00:41:38Z
135,38,5,,,2026-07-02T00:41:38Z
135,38,6,,,2026-07-02T00:41:38Z
135,38,7,,,2026-07-02T00:41:38Z
135,38,8,,,2026-07-02T00:41:38Z
135,38,9,,,2026-07-02T00:41:38Z
135,39,10,,,2026-07-02T00:41:38Z
135,39,11,,,2026-07-02T00:41:38Z
135,39,12,,,2026-07-02T00:41:38Z
135,39,13,,,2026-07-02T00:41:38Z
135,39,14,,,2026-07-02T00:41:38Z
135,39,15,,,2026-07-02T00:41:38Z
135,39,16,,,2026-07-02T00:41:38Z
135,39,17,,,2026-07-02T00:41:38Z
135,39,18,,,2026-07-02T00:41:38Z
135,39,19,,,2026-07-02T00:41:38Z
135,39,20,,,2026-07-02T00:41:38Z
135,39,21,,,2026-07-02T00:41:38Z
135,39,22,,,2026-07-02T00:41:38Z
135,39,23,,,2026-07-02T00:41:38Z
135,39,3,,,2026-07-02T00:41:38Z
135,39,4,,,2026-07-02T00:41:38Z
135,39,5,,,2026-07-02T00:41:38Z
135,39,6,,,2026-07-02T00:41:38Z
135,39,7,,,2026-07-02T00:41:38Z
135,39,8,,,2026-07-02T00:41:38Z
135,39,9,,,2026-07-02T00:41:38Z
135,7,4,,,2026-07-02T00:41:38Z
135,7,3,,,2026-07-02T00:41:38Z
135W,40,1,,,2026-07-02T00:41:38Z
135W,40,10,,,2026-07-02T00:41:38Z
135W,40,11,,,2026-07-02T00:41:38Z
135W,40,12,,,2026-07-02T00:41:38Z
135W,40,13,,,2026-07-02T00:41:38Z
135W,40,14,,,2026-07-02T00:41:38Z
135W,40,2,,,2026-07-02T00:41:38Z
135W,40,3,,,2026-07-02T00:41:38Z
135W,40,4,,,2026-07-02T00:41:38Z
135W,40,5,,,2026-07-02T00:41:38Z
135W,40,6,,,2026-07-02T00:41:38Z
135W,40,7,,,2026-07-02T00:41:38Z
135W,40,8,,,2026-07-02T00:41:38Z
135W,40,9,,,2026-07-02T00:41:38Z
136,13,3,,,2026-07-02T00:41:38Z
136,27,17,,,2026-07-02T00:41:38Z
136,27,18,,,2026-07-02T00:41:38Z
136,27,19,,,2026-07-02T00:41:38Z
136,27,20,,,2026-07-02T00:41:38Z
136,20,3,,,2026-07-02T00:41:38Z
136,20,4,,,2026-07-02T00:41:38Z
136,21,3,,,2026-07-02T00:41:38Z
136,21,4,,,2026-07-02T00:41:38Z
136,21,6,,,2026-07-02T00:41:38Z
136,22,5,,,2026-07-02T00:41:38Z
136,22,6,,,2026-07-02T00:41:38Z
136,28,10,,,2026-07-02T00:41:38Z
136,28,11,,,2026-07-02T00:41:38Z
136,28,15,,,2026-07-02T00:41:38Z
136,28,16,,,2026-07-02T00:41:38Z
136,28,2,,,2026-07-02T00:41:38Z
136,28,4,,,2026-07-02T00:41:38Z
136,28,5,,,2026-07-02T00:41:38Z
136,28,7,,,2026-07-02T00:41:38Z
136,28,8,,,2026-07-02T00:41:38Z
136,29,10,,,2026-07-02T00:41:38Z
136,29,11,,,2026-07-02T00:41:38Z
136,29,12,,,2026-07-02T00:41:38Z
136,29,13,,,2026-07-02T00:41:38Z
136,29,3,,,2026-07-02T00:41:38Z
136,29,6,,,2026-07-02T00:41:38Z
136,29,7,,,2026-07-02T00:41:38Z
136,29,8,,,2026-07-02T00:41:38Z
136,29,9,,,2026-07-02T00:41:38Z
136,37,10,,,2026-07-02T00:41:38Z
136,37,11,,,2026-07-02T00:41:38Z
136,37,12,,,2026-07-02T00:41:38Z
136,37,13,,,2026-07-02T00:41:38Z
136,37,14,,,2026-07-02T00:41:38Z
136,37,15,,,2026-07-02T00:41:38Z
136,37,16,,,2026-07-02T00:41:38Z
136,37,17,,,2026-07-02T00:41:38Z
136,37,18,,,2026-07-02T00:41:38Z
136,37,19,,,2026-07-02T00:41:38Z
136,37,20,,,2026-07-02T00:41:38Z
136,37,5,,,2026-07-02T00:41:38Z
136,37,6,,,2026-07-02T00:41:38Z
136,37,7,,,2026-07-02T00:41:38Z
136,37,8,,,2026-07-02T00:41:38Z
136,37,9,,,2026-07-02T00:41:38Z
136,30,15,,,2026-07-02T00:41:38Z
136,30,16,,,2026-07-02T00:41:38Z
136,30,5,,,2026-07-02T00:41:38Z
136,30,6,,,2026-07-02T00:41:38Z
136,31,15,,,2026-07-02T00:41:38Z
136,31,16,,,2026-07-02T00:41:38Z
136,31,17,,,2026-07-02T00:41:38Z
136,31,18,,,2026-07-02T00:41:38Z
136,31,19,,,2026-07-02T00:41:38Z
136,31,20,,,2026-07-02T00:41:38Z
136,31,3,,,2026-07-02T00:41:38Z
136,31,4,,,2026-07-02T00:41:38Z
136,31,5,,,2026-07-02T00:41:38Z
136,31,6,,,2026-07-02T00:41:38Z
136,32,10,,,2026-07-02T00:41:38Z
136,32,11,,,2026-07-02T00:41:38Z
136,32,12,,,2026-07-02T00:41:38Z
136,32,13,,,2026-07-02T00:41:38Z
136,32,14,,,2026-07-02T00:41:38Z
136,32,15,,,2026-07-02T00:41:38Z
136,32,16,,,2026-07-02T00:41:38Z
136,32,17,,,2026-07-02T00:41:38Z
136,32,18,,,2026-07-02T00:41:38Z
136,32,19,,,2026-07-02T00:41:38Z
136,32,20,,,2026-07-02T00:41:38Z
136,32,6,,,2026-07-02T00:41:38Z
136,32,7,,,2026-07-02T00:41:38Z
136,32,8,,,2026-07-02T00:41:38Z
136,32,9,,,2026-07-02T00:41:38Z
136,33,19,,,2026-07-02T00:41:38Z
136,33,20,,,2026-07-02T00:41:38Z
136,33,3,,,2026-07-02T00:41:38Z
136,33,4,,,2026-07-02T00:41:38Z
136,33,5,,,2026-07-02T00:41:38Z
136,33,6,,,2026-07-02T00:41:38Z
136,34,10,,,2026-07-02T00:41:38Z
136,34,11,,,2026-07-02T00:41:38Z
136,34,12,,,2026-07-02T00:41:38Z
136,34,13,,,2026-07-02T00:41:38Z
136,34,14,,,2026-07-02T00:41:38Z
136,34,15,,,2026-07-02T00:41:38Z
136,34,16,,,2026-07-02T00:41:38Z
136,34,17,,,2026-07-02T00:41:38Z
136,34,18,,,2026-07-02T00:41:38Z
136,34,19,,,2026-07-02T00:41:38Z
136,34,20,,,2026-07-02T00:41:38Z
136,34,3,,,2026-07-02T00:41:38Z
136,34,4,,,2026-07-02T00:41:38Z
136,34,5,,,2026-07-02T00:41:38Z
136,34,6,,,2026-07-02T00:41:38Z
136,34,7,,,2026-07-02T00:41:38Z
136,34,8,,,2026-07-02T00:41:38Z
136,34,9,,,2026-07-02T00:41:38Z
136,35,10,,,2026-07-02T00:41:38Z
136,35,11,,,2026-07-02T00:41:38Z
136,35,12,,,2026-07-02T00:41:38Z
136,35,13,,,2026-07-02T00:41:38Z
136,35,14,,,2026-07-02T00:41:38Z
136,35,15,,,2026-07-02T00:41:38Z
136,35,16,,,2026-07-02T00:41:38Z
136,35,17,,,2026-07-02T00:41:38Z
136,35,18,,,2026-07-02T00:41:38Z
136,35,19,,,2026-07-02T00:41:38Z
136,35,20,,,2026-07-02T00:41:38Z
136,35,3,,,2026-07-02T00:41:38Z
136,35,4,,,2026-07-02T00:41:38Z
136,35,5,,,2026-07-02T00:41:38Z
136,35,6,,,2026-07-02T00:41:38Z
136,35,7,,,2026-07-02T00:41:38Z
136,35,8,,,2026-07-02T00:41:38Z
136,35,9,,,2026-07-02T00:41:38Z
136,36,10,,,2026-07-02T00:41:38Z
136,36,11,,,2026-07-02T00:41:38Z
136,36,12,,,2026-07-02T00:41:38Z
136,36,13,,,2026-07-02T00:41:38Z
136,36,14,,,2026-07-02T00:41:38Z
136,36,15,,,2026-07-02T00:41:38Z
136,36,16,,,2026-07-02T00:41:38Z
136,36,17,,,2026-07-02T00:41:38Z
136,36,18,,,2026-07-02T00:41:38Z
136,36,19,,,2026-07-02T00:41:38Z
136,36,20,,,2026-07-02T00:41:38Z
136,36,3,,,2026-07-02T00:41:38Z
136,36,4,,,2026-07-02T00:41:38Z
136,36,5,,,2026-07-02T00:41:38Z
136,36,6,,,2026-07-02T00:41:38Z
136,36,7,,,2026-07-02T00:41:38Z
136,36,8,,,2026-07-02T00:41:38Z
136,36,9,,,2026-07-02T00:41:38Z
136,38,10,,,2026-07-02T00:41:38Z
136,38,11,,,2026-07-02T00:41:38Z
136,38,12,,,2026-07-02T00:41:38Z
136,38,13,,,2026-07-02T00:41:38Z
136,38,14,,,2026-07-02T00:41:38Z
136,38,15,,,2026-07-02T00:41:38Z
136,38,16,,,2026-07-02T00:41:38Z
136,38,17,,,2026-07-02T00:41:38Z
136,38,18,,,2026-07-02T00:41:38Z
136,38,19,,,2026-07-02T00:41:38Z
136,38,20,,,2026-07-02T00:41:38Z
136,38,3,,,2026-07-02T00:41:38Z
136,38,4,,,2026-07-02T00:41:38Z
136,38,5,,,2026-07-02T00:41:38Z
136,38,6,,,2026-07-02T00:41:38Z
136,38,7,,,2026-07-02T00:41:38Z
136,38,8,,,2026-07-02T00:41:38Z
136,38,9,,,2026-07-02T00:41:38Z
136,39,10,,,2026-07-02T00:41:38Z
136,39,11,,,2026-07-02T00:41:38Z
136,39,12,,,2026-07-02T00:41:38Z
136,39,13,,,2026-07-02T00:41:38Z
136,39,14,,,2026-07-02T00:41:38Z
136,39,15,,,2026-07-02T00:41:38Z
136,39,16,,,2026-07-02T00:41:38Z
136,39,17,,,2026-07-02T00:41:38Z
136,39,18,,,2026-07-02T00:41:38Z
136,39,2,,,2026-07-02T00:41:38Z
136,39,3,,,2026-07-02T00:41:38Z
136,39,4,,,2026-07-02T00:41:38Z
136,39,5,,,2026-07-02T00:41:38Z
136,39,6,,,2026-07-02T00:41:38Z
136,39,7,,,2026-07-02T00:41:38Z
136,39,8,,,2026-07-02T00:41:38Z
136,39,9,,,2026-07-02T00:41:38Z
136W,40,1,,,2026-07-02T00:41:38Z
136W,40,10,,,2026-07-02T00:41:38Z
136W,40,11,,,2026-07-02T00:41:38Z
136W,40,2,,,2026-07-02T00:41:38Z
136W,40,3,,,2026-07-02T00:41:38Z
136W,40,4,,,2026-07-02T00:41:38Z
136W,40,5,,,2026-07-02T00:41:38Z
136W,40,6,,,2026-07-02T00:41:38Z
136W,40,7,,,2026-07-02T00:41:38Z
136W,40,8,,,2026-07-02T00:41:38Z
136W,40,9,,,2026-07-02T00:41:38Z
137,27,10,,,2026-07-02T00:41:38Z
137,27,11,,,2026-07-02T00:41:38Z
137,27,12,,,2026-07-02T00:41:38Z
137,27,19,,,2026-07-02T00:41:38Z
137,27,20,,,2026-07-02T00:41:38Z
137,27,3,,,2026-07-02T00:41:38Z
137,27,8,,,2026-07-02T00:41:38Z
137,27,9,,,2026-07-02T00:41:38Z
137,26,1,,,2026-07-02T00:41:38Z
137,26,2,,,2026-07-02T00:41:38Z
137,28,10,,,2026-07-02T00:41:38Z
137,28,11,,,2026-07-02T00:41:38Z
137,28,12,,,2026-07-02T00:41:38Z
137,28,13,,,2026-07-02T00:41:38Z
137,28,14,,,2026-07-02T00:41:38Z
137,28,15,,,2026-07-02T00:41:38Z
137,28,16,,,2026-07-02T00:41:38Z
137,28,17,,,2026-07-02T00:41:38Z
137,28,18,,,2026-07-02T00:41:38Z
137,28,3,,,2026-07-02T00:41:38Z
137,28,4,,,2026-07-02T00:41:38Z
137,28,5,,,2026-07-02T00:41:38Z
137,28,7,,,2026-07-02T00:41:38Z
137,28,8,,,2026-07-02T00:41:38Z
137,28,9,,,2026-07-02T00:41:38Z
137,29,18,,,2026-07-02T00:41:38Z
137,29,19,,,2026-07-02T00:41:38Z
137,29,20,,,2026-07-02T00:41:38Z
137,37,10,,,2026-07-02T00:41:38Z
137,37,11,,,2026-07-02T00:41:38Z
137,37,12,,,2026-07-02T00:41:38Z
137,37,13,,,2026-07-02T00:41:38Z
137,37,14,,,2026-07-02T00:41:38Z
137,37,15,,,2026-07-02T00:41:38Z
137,37,16,,,2026-07-02T00:41:38Z
137,37,17,,,2026-07-02T00:41:38Z
137,37,18,,,2026-07-02T00:41:38Z
137,37,19,,,2026-07-02T00:41:38Z
137,37,20,,,2026-07-02T00:41:38Z
137,37,3,,,2026-07-02T00:41:38Z
137,37,4,,,2026-07-02T00:41:38Z
137,37,5,,,2026-07-02T00:41:38Z
137,37,6,,,2026-07-02T00:41:38Z
137,37,7,,,2026-07-02T00:41:38Z
137,37,8,,,2026-07-02T00:41:38Z
137,37,9,,,2026-07-02T00:41:38Z
137,30,10,,,2026-07-02T00:41:38Z
137,30,11,,,2026-07-02T00:41:38Z
137,30,12,,,2026-07-02T00:41:38Z
137,30,13,,,2026-07-02T00:41:38Z
137,30,14,,,2026-07-02T00:41:38Z
137,30,19,,,2026-07-02T00:41:38Z
137,30,20,,,2026-07-02T00:41:38Z
137,30,7,,,2026-07-02T00:41:38Z
137,30,8,,,2026-07-02T00:41:38Z
137,30,9,,,2026-07-02T00:41:38Z
137,31,10,,,2026-07-02T00:41:38Z
137,31,11,,,2026-07-02T00:41:38Z
137,31,12,,,2026-07-02T00:41:38Z
137,31,13,,,2026-07-02T00:41:38Z
137,31,14,,,2026-07-02T00:41:38Z
137,31,15,,,2026-07-02T00:41:38Z
137,31,16,,,2026-07-02T00:41:38Z
137,31,17,,,2026-07-02T00:41:38Z
137,31,18,,,2026-07-02T00:41:38Z
137,31,19,,,2026-07-02T00:41:38Z
137,31,20,,,2026-07-02T00:41:38Z
137,31,9,,,2026-07-02T00:41:38Z
137,32,10,,,2026-07-02T00:41:38Z
137,32,11,,,2026-07-02T00:41:38Z
137,32,12,,,2026-07-02T00:41:38Z
137,32,13,,,2026-07-02T00:41:38Z
137,32,14,,,2026-07-02T00:41:38Z
137,32,15,,,2026-07-02T00:41:38Z
137,32,16,,,2026-07-02T00:41:38Z
137,32,17,,,2026-07-02T00:41:38Z
137,32,18,,,2026-07-02T00:41:38Z
137,32,19,,,2026-07-02T00:41:38Z
137,32,20,,,2026-07-02T00:41:38Z
137,32,3,,,2026-07-02T00:41:38Z
137,32,4,,,2026-07-02T00:41:38Z
137,32,5,,,2026-07-02T00:41:38Z
137,32,6,,,2026-07-02T00:41:38Z
137,32,7,,,2026-07-02T00:41:38Z
137,32,8,,,2026-07-02T00:41:38Z
137,32,9,,,2026-07-02T00:41:38Z
137,33,10,,,2026-07-02T00:41:38Z
137,33,11,,,2026-07-02T00:41:38Z
137,33,12,,,2026-07-02T00:41:38Z
137,33,13,,,2026-07-02T00:41:38Z
137,33,14,,,2026-07-02T00:41:38Z
137,33,15,,,2026-07-02T00:41:38Z
137,33,16,,,2026-07-02T00:41:38Z
137,33,17,,,2026-07-02T00:41:38Z
137,33,18,,,2026-07-02T00:41:38Z
137,33,19,,,2026-07-02T00:41:38Z
137,33,20,,,2026-07-02T00:41:38Z
137,33,3,,,2026-07-02T00:41:38Z
137,33,4,,,2026-07-02T00:41:38Z
137,33,5,,,2026-07-02T00:41:38Z
137,33,6,,,2026-07-02T00:41:38Z
137,33,7,,,2026-07-02T00:41:38Z
137,33,8,,,2026-07-02T00:41:38Z
137,33,9,,,2026-07-02T00:41:38Z
137,34,10,,,2026-07-02T00:41:38Z
137,34,11,,,2026-07-02T00:41:38Z
137,34,12,,,2026-07-02T00:41:38Z
137,34,13,,,2026-07-02T00:41:38Z
137,34,14,,,2026-07-02T00:41:38Z
137,34,15,,,2026-07-02T00:41:38Z
137,34,16,,,2026-07-02T00:41:38Z
137,34,17,,,2026-07-02T00:41:38Z
137,34,18,,,2026-07-02T00:41:38Z
137,34,19,,,2026-07-02T00:41:38Z
137,34,20,,,2026-07-02T00:41:38Z
137,34,3,,,2026-07-02T00:41:38Z
137,34,4,,,2026-07-02T00:41:38Z
137,34,5,,,2026-07-02T00:41:38Z
137,34,6,,,2026-07-02T00:41:38Z
137,34,7,,,2026-07-02T00:41:38Z
137,34,8,,,2026-07-02T00:41:38Z
137,34,9,,,2026-07-02T00:41:38Z
137,35,10,,,2026-07-02T00:41:38Z
137,35,11,,,2026-07-02T00:41:38Z
137,35,12,,,2026-07-02T00:41:38Z
137,35,13,,,2026-07-02T00:41:38Z
137,35,14,,,2026-07-02T00:41:38Z
137,35,15,,,2026-07-02T00:41:38Z
137,35,16,,,2026-07-02T00:41:38Z
137,35,17,,,2026-07-02T00:41:38Z
137,35,18,,,2026-07-02T00:41:38Z
137,35,19,,,2026-07-02T00:41:38Z
137,35,20,,,2026-07-02T00:41:38Z
137,35,3,,,2026-07-02T00:41:38Z
137,35,4,,,2026-07-02T00:41:38Z
137,35,5,,,2026-07-02T00:41:38Z
137,35,6,,,2026-07-02T00:41:38Z
137,35,7,,,2026-07-02T00:41:38Z
137,35,8,,,2026-07-02T00:41:38Z
137,35,9,,,2026-07-02T00:41:38Z
137,36,10,,,2026-07-02T00:41:38Z
137,36,11,,,2026-07-02T00:41:38Z
137,36,12,,,2026-07-02T00:41:38Z
137,36,13,,,2026-07-02T00:41:38Z
137,36,14,,,2026-07-02T00:41:38Z
137,36,15,,,2026-07-02T00:41:38Z
137,36,16,,,2026-07-02T00:41:38Z
137,36,17,,,2026-07-02T00:41:38Z
137,36,18,,,2026-07-02T00:41:38Z
137,36,19,,,2026-07-02T00:41:38Z
137,36,20,,,2026-07-02T00:41:38Z
137,36,3,,,2026-07-02T00:41:38Z
137,36,4,,,2026-07-02T00:41:38Z
137,36,5,,,2026-07-02T00:41:38Z
137,36,6,,,2026-07-02T00:41:38Z
137,36,7,,,2026-07-02T00:41:38Z
137,36,8,,,2026-07-02T00:41:38Z
137,36,9,,,2026-07-02T00:41:38Z
137,38,10,,,2026-07-02T00:41:38Z
137,38,11,,,2026-07-02T00:41:38Z
137,38,12,,,2026-07-02T00:41:38Z
137,38,13,,,2026-07-02T00:41:38Z
137,38,14,,,2026-07-02T00:41:38Z
137,38,15,,,2026-07-02T00:41:38Z
137,38,16,,,2026-07-02T00:41:38Z
137,38,17,,,2026-07-02T00:41:38Z
137,38,18,,,2026-07-02T00:41:38Z
137,38,19,,,2026-07-02T00:41:38Z
137,38,20,,,2026-07-02T00:41:38Z
137,38,3,,,2026-07-02T00:41:38Z
137,38,4,,,2026-07-02T00:41:38Z
137,38,5,,,2026-07-02T00:41:38Z
137,38,6,,,2026-07-02T00:41:38Z
137,38,7,,,2026-07-02T00:41:38Z
137,38,8,,,2026-07-02T00:41:38Z
137,38,9,,,2026-07-02T00:41:38Z
137,39,10,,,2026-07-02T00:41:38Z
137,39,11,,,2026-07-02T00:41:38Z
137,39,12,,,2026-07-02T00:41:38Z
137,39,13,,,2026-07-02T00:41:38Z
137,39,14,,,2026-07-02T00:41:38Z
137,39,15,,,2026-07-02T00:41:38Z
137,39,16,,,2026-07-02T00:41:38Z
137,39,17,,,2026-07-02T00:41:38Z
137,39,18,,,2026-07-02T00:41:38Z
137,39,19,,,2026-07-02T00:41:38Z
137,39,20,,,2026-07-02T00:41:38Z
137,39,3,,,2026-07-02T00:41:38Z
137,39,4,,,2026-07-02T00:41:38Z
137,39,5,,,2026-07-02T00:41:38Z
137,39,6,,,2026-07-02T00:41:38Z
137,39,7,,,2026-07-02T00:41:38Z
137,39,8,,,2026-07-02T00:41:38Z
137,39,9,,,2026-07-02T00:41:38Z
137W,40,1,,,2026-07-02T00:41:38Z
137W,40,10,,,2026-07-02T00:41:38Z
137W,40,11,,,2026-07-02T00:41:38Z
137W,40,2,,,2026-07-02T00:41:38Z
137W,40,3,,,2026-07-02T00:41:38Z
137W,40,4,,,2026-07-02T00:41:38Z
137W,40,5,,,2026-07-02T00:41:38Z
137W,40,6,,,2026-07-02T00:41:38Z
137W,40,7,,,2026-07-02T00:41:38Z
137W,40,8,,,2026-07-02T00:41:38Z
137W,40,9,,,2026-07-02T00:41:38Z
138,27,10,,,2026-07-02T00:41:38Z
138,27,11,,,2026-07-02T00:41:38Z
138,27,12,,,2026-07-02T00:41:38Z
138,27,13,,,2026-07-02T00:41:38Z
138,27,3,,,2026-07-02T00:41:38Z
138,27,4,,,2026-07-02T00:41:38Z
138,27,5,,,2026-07-02T00:41:38Z
138,27,6,,,2026-07-02T00:41:38Z
138,23,11,,,2026-07-02T00:41:38Z
138,23,12,,,2026-07-02T00:41:38Z
138,26,10,,,2026-07-02T00:41:38Z
138,26,11,,,2026-07-02T00:41:38Z
138,26,12,,,2026-07-02T00:41:38Z
138,26,2,,,2026-07-02T00:41:38Z
138,26,9,,,2026-07-02T00:41:38Z
138,28,14,,,2026-07-02T00:41:38Z
138,28,15,,,2026-07-02T00:41:38Z
138,28,8,,,2026-07-02T00:41:38Z
138,28,9,,,2026-07-02T00:41:38Z
138,29,10,,,2026-07-02T00:41:38Z
138,29,11,,,2026-07-02T00:41:38Z
138,29,12,,,2026-07-02T00:41:38Z
138,29,13,,,2026-07-02T00:41:38Z
138,29,14,,,2026-07-02T00:41:38Z
138,29,15,,,2026-07-02T00:41:38Z
138,29,16,,,2026-07-02T00:41:38Z
138,29,2,,,2026-07-02T00:41:38Z
138,29,7,,,2026-07-02T00:41:38Z
138,29,8,,,2026-07-02T00:41:38Z
138,29,9,,,2026-07-02T00:41:38Z
138,37,13,,,2026-07-02T00:41:38Z
138,37,14,,,2026-07-02T00:41:38Z
138,37,15,,,2026-07-02T00:41:38Z
138,37,16,,,2026-07-02T00:41:38Z
138,37,2,,,2026-07-02T00:41:38Z
138,37,3,,,2026-07-02T00:41:38Z
138,37,4,,,2026-07-02T00:41:38Z
138,37,5,,,2026-07-02T00:41:38Z
138,37,6,,,2026-07-02T00:41:38Z
138,37,7,,,2026-07-02T00:41:38Z
138,30,10,,,2026-07-02T00:41:38Z
138,30,11,,,2026-07-02T00:41:38Z
138,30,12,,,2026-07-02T00:41:38Z
138,30,13,,,2026-07-02T00:41:38Z
138,30,14,,,2026-07-02T00:41:38Z
138,30,15,,,2026-07-02T00:41:38Z
138,30,16,,,2026-07-02T00:41:38Z
138,30,17,,,2026-07-02T00:41:38Z
138,30,3,,,2026-07-02T00:41:38Z
138,30,4,,,2026-07-02T00:41:38Z
138,30,9,,,2026-07-02T00:41:38Z
138,31,11,,,2026-07-02T00:41:38Z
138,31,12,,,2026-07-02T00:41:38Z
138,31,13,,,2026-07-02T00:41:38Z
138,31,14,,,2026-07-02T00:41:38Z
138,31,15,,,2026-07-02T00:41:38Z
138,31,16,,,2026-07-02T00:41:38Z
138,31,17,,,2026-07-02T00:41:38Z
138,31,18,,,2026-07-02T00:41:38Z
138,32,18,,,2026-07-02T00:41:38Z
138,32,19,,,2026-07-02T00:41:38Z
138,32,5,,,2026-07-02T00:41:38Z
138,32,6,,,2026-07-02T00:41:38Z
138,32,7,,,2026-07-02T00:41:38Z
138,32,8,,,2026-07-02T00:41:38Z
138,33,14,,,2026-07-02T00:41:38Z
138,33,15,,,2026-07-02T00:41:38Z
138,33,16,,,2026-07-02T00:41:38Z
138,33,17,,,2026-07-02T00:41:38Z
138,33,18,,,2026-07-02T00:41:38Z
138,33,19,,,2026-07-02T00:41:38Z
138,33,2,,,2026-07-02T00:41:38Z
138,33,6,,,2026-07-02T00:41:38Z
138,33,7,,,2026-07-02T00:41:38Z
138,33,8,,,2026-07-02T00:41:38Z
138,33,9,,,2026-07-02T00:41:38Z
138,34,10,,,2026-07-02T00:41:38Z
138,34,11,,,2026-07-02T00:41:38Z
138,34,16,,,2026-07-02T00:41:38Z
138,34,17,,,2026-07-02T00:41:38Z
138,34,18,,,2026-07-02T00:41:38Z
138,34,19,,,2026-07-02T00:41:38Z
138,34,20,,,2026-07-02T00:41:38Z
138,34,3,,,2026-07-02T00:41:38Z
138,34,7,,,2026-07-02T00:41:38Z
138,34,8,,,2026-07-02T00:41:38Z
138,34,9,,,2026-07-02T00:41:38Z
138,35,10,,,2026-07-02T00:41:38Z
138,35,11,,,2026-07-02T00:41:38Z
138,35,12,,,2026-07-02T00:41:38Z
138,36,12,,,2026-07-02T00:41:38Z
138,36,13,,,2026-07-02T00:41:38Z
138,36,14,,,2026-07-02T00:41:38Z
138,36,20,,,2026-07-02T00:41:38Z
138,36,21,,,2026-07-02T00:41:38Z
138,36,22,,,2026-07-02T00:41:38Z
138,36,3,,,2026-07-02T00:41:38Z
138,36,4,,,2026-07-02T00:41:38Z
138,36,5,,,2026-07-02T00:41:38Z
138,38,14,,,2026-07-02T00:41:38Z
138,38,15,,,2026-07-02T00:41:38Z
138,38,16,,,2026-07-02T00:41:38Z
138,38,17,,,2026-07-02T00:41:38Z
138,38,18,,,2026-07-02T00:41:38Z
138,38,2,,,2026-07-02T00:41:38Z
138,38,3,,,2026-07-02T00:41:38Z
138,38,4,,,2026-07-02T00:41:38Z
138,38,5,,,2026-07-02T00:41:38Z
138,38,6,,,2026-07-02T00:41:38Z
138,38,7,,,2026-07-02T00:41:38Z
138,38,8,,,2026-07-02T00:41:38Z
138,38,9,,,2026-07-02T00:41:38Z
138,39,10,,,2026-07-02T00:41:38Z
138,39,15,,,2026-07-02T00:41:38Z
138,39,16,,,2026-07-02T00:41:38Z
138,39,17,,,2026-07-02T00:41:38Z
138,39,18,,,2026-07-02T00:41:38Z
138,39,19,,,2026-07-02T00:41:38Z
138,39,2,,,2026-07-02T00:41:38Z
138,39,3,,,2026-07-02T00:41:38Z
138,39,4,,,2026-07-02T00:41:38Z
138,39,5,,,2026-07-02T00:41:38Z
138,39,6,,,2026-07-02T00:41:38Z
138,39,7,,,2026-07-02T00:41:38Z
138,39,8,,,2026-07-02T00:41:38Z
138,39,9,,,2026-07-02T00:41:38Z
138W,40,1,,,2026-07-02T00:41:38Z
138W,40,10,,,2026-07-02T00:41:38Z
138W,40,11,,,2026-07-02T00:41:38Z
138W,40,12,,,2026-07-02T00:41:38Z
138W,40,13,,,2026-07-02T00:41:38Z
138W,40,14,,,2026-07-02T00:41:38Z
138W,40,2,,,2026-07-02T00:41:38Z
138W,40,3,,,2026-07-02T00:41:38Z
138W,40,4,,,2026-07-02T00:41:38Z
138W,40,5,,,2026-07-02T00:41:38Z
138W,40,6,,,2026-07-02T00:41:38Z
138W,40,7,,,2026-07-02T00:41:38Z
138W,40,8,,,2026-07-02T00:41:38Z
138W,40,9,,,2026-07-02T00:41:38Z
139,16,3,,,2026-07-02T00:41:38Z
139,16,4,,,2026-07-02T00:41:38Z
139,16,5,,,2026-07-02T00:41:38Z
139,16,6,,,2026-07-02T00:41:38Z
139,18,10,,,2026-07-02T00:41:38Z
139,18,5,,,2026-07-02T00:41:38Z
139,18,6,,,2026-07-02T00:41:38Z
139,18,7,,,2026-07-02T00:41:38Z
139,18,8,,,2026-07-02T00:41:38Z
139,18,9,,,2026-07-02T00:41:38Z
139,19,7,,,2026-07-02T00:41:38Z
139,19,8,,,2026-07-02T00:41:38Z
139,27,10,,,2026-07-02T00:41:38Z
139,27,11,,,2026-07-02T00:41:38Z
139,27,12,,,2026-07-02T00:41:38Z
139,27,13,,,2026-07-02T00:41:38Z
139,27,14,,,2026-07-02T00:41:38Z
139,27,15,,,2026-07-02T00:41:38Z
139,27,9,,,2026-07-02T00:41:38Z
139,20,10,,,2026-07-02T00:41:38Z
139,20,2,,,2026-07-02T00:41:38Z
139,20,3,,,2026-07-02T00:41:38Z
139,20,4,,,2026-07-02T00:41:38Z
139,20,9,,,2026-07-02T00:41:38Z
139,21,10,,,2026-07-02T00:41:38Z
139,21,11,,,2026-07-02T00:41:38Z
139,21,12,,,2026-07-02T00:41:38Z
139,21,13,,,2026-07-02T00:41:38Z
139,21,14,,,2026-07-02T00:41:38Z
139,21,15,,,2026-07-02T00:41:38Z
139,21,16,,,2026-07-02T00:41:38Z
139,21,7,,,2026-07-02T00:41:38Z
139,21,8,,,2026-07-02T00:41:38Z
139,21,9,,,2026-07-02T00:41:38Z
139,22,10,,,2026-07-02T00:41:38Z
139,22,11,,,2026-07-02T00:41:38Z
139,22,2,,,2026-07-02T00:41:38Z
139,22,3,,,2026-07-02T00:41:38Z
139,22,4,,,2026-07-02T00:41:38Z
139,22,5,,,2026-07-02T00:41:38Z
139,22,6,,,2026-07-02T00:41:38Z
139,22,7,,,2026-07-02T00:41:38Z
139,22,8,,,2026-07-02T00:41:38Z
139,22,9,,,2026-07-02T00:41:38Z
139,23,10,,,2026-07-02T00:41:38Z
139,23,11,,,2026-07-02T00:41:38Z
139,23,12,,,2026-07-02T00:41:38Z
139,23,2,,,2026-07-02T00:41:38Z
139,23,3,,,2026-07-02T00:41:38Z
139,23,4,,,2026-07-02T00:41:38Z
139,23,7,,,2026-07-02T00:41:38Z
139,23,8,,,2026-07-02T00:41:38Z
139,23,9,,,2026-07-02T00:41:38Z
139,24,10,,,2026-07-02T00:41:38Z
139,24,11,,,2026-07-02T00:41:38Z
139,24,12,,,2026-07-02T00:41:38Z
139,24,13,,,2026-07-02T00:41:38Z
139,24,2,,,2026-07-02T00:41:38Z
139,24,3,,,2026-07-02T00:41:38Z
139,24,4,,,2026-07-02T00:41:38Z
139,24,5,,,2026-07-02T00:41:38Z
139,24,6,,,2026-07-02T00:41:38Z
139,24,7,,,2026-07-02T00:41:38Z
139,24,8,,,2026-07-02T00:41:38Z
139,24,9,,,2026-07-02T00:41:38Z
139,25,10,,,2026-07-02T00:41:38Z
139,25,11,,,2026-07-02T00:41:38Z
139,25,12,,,2026-07-02T00:41:38Z
139,25,13,,,2026-07-02T00:41:38Z
139,25,14,,,2026-07-02T00:41:38Z
139,25,2,,,2026-07-02T00:41:38Z
139,25,3,,,2026-07-02T00:41:38Z
139,25,4,,,2026-07-02T00:41:38Z
139,25,5,,,2026-07-02T00:41:38Z
139,25,6,,,2026-07-02T00:41:38Z
139,25,7,,,2026-07-02T00:41:38Z
139,25,8,,,2026-07-02T00:41:38Z
139,25,9,,,2026-07-02T00:41:38Z
139,26,10,,,2026-07-02T00:41:38Z
139,26,11,,,2026-07-02T00:41:38Z
139,26,12,,,2026-07-02T00:41:38Z
139,26,13,,,2026-07-02T00:41:38Z
139,26,14,,,2026-07-02T00:41:38Z
139,26,2,,,2026-07-02T00:41:38Z
139,26,3,,,2026-07-02T00:41:38Z
139,26,4,,,2026-07-02T00:41:38Z
139,26,5,,,2026-07-02T00:41:38Z
139,26,6,,,2026-07-02T00:41:38Z
139,26,7,,,2026-07-02T00:41:38Z
139,26,8,,,2026-07-02T00:41:38Z
139,26,9,,,2026-07-02T00:41:38Z
139,28,10,,,2026-07-02T00:41:38Z
139,28,11,,,2026-07-02T00:41:38Z
139,28,12,,,2026-07-02T00:41:38Z
139,28,13,,,2026-07-02T00:41:38Z
139,28,14,,,2026-07-02T00:41:38Z
139,28,15,,,2026-07-02T00:41:38Z
139,28,16,,,2026-07-02T00:41:38Z
139,28,9,,,2026-07-02T00:41:38Z
139,29,10,,,2026-07-02T00:41:38Z
139,29,11,,,2026-07-02T00:41:38Z
139,29,12,,,2026-07-02T00:41:38Z
139,29,13,,,2026-07-02T00:41:38Z
139,29,14,,,2026-07-02T00:41:38Z
139,29,15,,,2026-07-02T00:41:38Z
139,29,16,,,2026-07-02T00:41:38Z
139,29,17,,,2026-07-02T00:41:38Z
139,29,2,,,2026-07-02T00:41:38Z
139,29,3,,,2026-07-02T00:41:38Z
139,29,4,,,2026-07-02T00:41:38Z
139,29,5,,,2026-07-02T00:41:38Z
139,29,6,,,2026-07-02T00:41:38Z
139,29,7,,,2026-07-02T00:41:38Z
139,29,8,,,2026-07-02T00:41:38Z
139,29,9,,,2026-07-02T00:41:38Z
139,37,10,,,2026-07-02T00:41:38Z
139,37,11,,,2026-07-02T00:41:38Z
139,37,12,,,2026-07-02T00:41:38Z
139,37,13,,,2026-07-02T00:41:38Z
139,37,14,,,2026-07-02T00:41:38Z
139,37,15,,,2026-07-02T00:41:38Z
139,37,16,,,2026-07-02T00:41:38Z
139,37,17,,,2026-07-02T00:41:38Z
139,37,18,,,2026-07-02T00:41:38Z
139,37,19,,,2026-07-02T00:41:38Z
139,37,20,,,2026-07-02T00:41:38Z
139,37,21,,,2026-07-02T00:41:38Z
139,37,22,,,2026-07-02T00:41:38Z
139,37,23,,,2026-07-02T00:41:38Z
139,37,3,,,2026-07-02T00:41:38Z
139,37,4,,,2026-07-02T00:41:38Z
139,37,5,,,2026-07-02T00:41:38Z
139,37,6,,,2026-07-02T00:41:38Z
139,37,7,,,2026-07-02T00:41:38Z
139,37,8,,,2026-07-02T00:41:38Z
139,37,9,,,2026-07-02T00:41:38Z
139,30,10,,,2026-07-02T00:41:38Z
139,30,11,,,2026-07-02T00:41:38Z
139,30,12,,,2026-07-02T00:41:38Z
139,30,13,,,2026-07-02T00:41:38Z
139,30,14,,,2026-07-02T00:41:38Z
139,30,15,,,2026-07-02T00:41:38Z
139,30,16,,,2026-07-02T00:41:38Z
139,30,17,,,2026-07-02T00:41:38Z
139,30,18,,,2026-07-02T00:41:38Z
139,30,2,,,2026-07-02T00:41:38Z
139,30,3,,,2026-07-02T00:41:38Z
139,30,4,,,2026-07-02T00:41:38Z
139,30,5,,,2026-07-02T00:41:38Z
139,30,6,,,2026-07-02T00:41:38Z
139,30,7,,,2026-07-02T00:41:38Z
139,30,8,,,2026-07-02T00:41:38Z
139,30,9,,,2026-07-02T00:41:38Z
139,31,10,,,2026-07-02T00:41:38Z
139,31,11,,,2026-07-02T00:41:38Z
139,31,12,,,2026-07-02T00:41:38Z
139,31,13,,,2026-07-02T00:41:38Z
139,31,14,,,2026-07-02T00:41:38Z
139,31,15,,,2026-07-02T00:41:38Z
139,31,16,,,2026-07-02T00:41:38Z
139,31,17,,,2026-07-02T00:41:38Z
139,31,18,,,2026-07-02T00:41:38Z
139,31,2,,,2026-07-02T00:41:38Z
139,31,3,,,2026-07-02T00:41:38Z
139,31,4,,,2026-07-02T00:41:38Z
139,31,5,,,2026-07-02T00:41:38Z
139,31,6,,,2026-07-02T00:41:38Z
139,31,7,,,2026-07-02T00:41:38Z
139,31,8,,,2026-07-02T00:41:38Z
139,31,9,,,2026-07-02T00:41:38Z
139,32,10,,,2026-07-02T00:41:38Z
139,32,11,,,2026-07-02T00:41:38Z
139,32,12,,,2026-07-02T00:41:38Z
139,32,13,,,2026-07-02T00:41:38Z
139,32,14,,,2026-07-02T00:41:38Z
139,32,15,,,2026-07-02T00:41:38Z
139,32,16,,,2026-07-02T00:41:38Z
139,32,17,,,2026-07-02T00:41:38Z
139,32,18,,,2026-07-02T00:41:38Z
139,32,19,,,2026-07-02T00:41:38Z
139,32,2,,,2026-07-02T00:41:38Z
139,32,3,,,2026-07-02T00:41:38Z
139,32,4,,,2026-07-02T00:41:38Z
139,32,5,,,2026-07-02T00:41:38Z
139,32,6,,,2026-07-02T00:41:38Z
139,32,7,,,2026-07-02T00:41:38Z
139,32,8,,,2026-07-02T00:41:38Z
139,32,9,,,2026-07-02T00:41:38Z
139,33,10,,,2026-07-02T00:41:38Z
139,33,11,,,2026-07-02T00:41:38Z
139,33,12,,,2026-07-02T00:41:38Z
139,33,13,,,2026-07-02T00:41:38Z
139,33,14,,,2026-07-02T00:41:38Z
139,33,15,,,2026-07-02T00:41:38Z
139,33,16,,,2026-07-02T00:41:38Z
139,33,17,,,2026-07-02T00:41:38Z
139,33,18,,,2026-07-02T00:41:38Z
139,33,19,,,2026-07-02T00:41:38Z
139,33,20,,,2026-07-02T00:41:38Z
139,33,3,,,2026-07-02T00:41:38Z
139,33,4,,,2026-07-02T00:41:38Z
139,33,5,,,2026-07-02T00:41:38Z
139,33,6,,,2026-07-02T00:41:38Z
139,33,7,,,2026-07-02T00:41:38Z
139,33,8,,,2026-07-02T00:41:38Z
139,33,9,,,2026-07-02T00:41:38Z
139,34,10,,,2026-07-02T00:41:38Z
139,34,11,,,2026-07-02T00:41:38Z
139,34,12,,,2026-07-02T00:41:38Z
139,34,13,,,2026-07-02T00:41:38Z
139,34,14,,,2026-07-02T00:41:38Z
139,34,15,,,2026-07-02T00:41:38Z
139,34,16,,,2026-07-02T00:41:38Z
139,34,17,,,2026-07-02T00:41:38Z
139,34,18,,,2026-07-02T00:41:38Z
139,34,19,,,2026-07-02T00:41:38Z
139,34,20,,,2026-07-02T00:41:38Z
139,34,21,,,2026-07-02T00:41:38Z
139,34,3,,,2026-07-02T00:41:38Z
139,34,4,,,2026-07-02T00:41:38Z
139,34,5,,,2026-07-02T00:41:38Z
139,34,6,,,2026-07-02T00:41:38Z
139,34,7,,,2026-07-02T00:41:38Z
139,34,8,,,2026-07-02T00:41:38Z
139,34,9,,,2026-07-02T00:41:38Z
139,35,10,,,2026-07-02T00:41:38Z
139,35,11,,,2026-07-02T00:41:38Z
139,35,12,,,2026-07-02T00:41:38Z
139,35,13,,,2026-07-02T00:41:38Z
139,35,14,,,2026-07-02T00:41:38Z
139,35,15,,,2026-07-02T00:41:38Z
139,35,16,,,2026-07-02T00:41:38Z
139,35,17,,,2026-07-02T00:41:38Z
139,35,18,,,2026-07-02T00:41:38Z
139,35,19,,,2026-07-02T00:41:38Z
139,35,20,,,2026-07-02T00:41:38Z
139,35,21,,,2026-07-02T00:41:38Z
139,35,22,,,2026-07-02T00:41:38Z
139,35,3,,,2026-07-02T00:41:38Z
139,35,4,,,2026-07-02T00:41:38Z
139,35,5,,,2026-07-02T00:41:38Z
139,35,6,,,2026-07-02T00:41:38Z
139,35,7,,,2026-07-02T00:41:38Z
139,35,8,,,2026-07-02T00:41:38Z
139,35,9,,,2026-07-02T00:41:38Z
139,36,10,,,2026-07-02T00:41:38Z
139,36,11,,,2026-07-02T00:41:38Z
139,36,12,,,2026-07-02T00:41:38Z
139,36,13,,,2026-07-02T00:41:38Z
139,36,14,,,2026-07-02T00:41:38Z
139,36,15,,,2026-07-02T00:41:38Z
139,36,16,,,2026-07-02T00:41:38Z
139,36,17,,,2026-07-02T00:41:38Z
139,36,18,,,2026-07-02T00:41:38Z
139,36,19,,,2026-07-02T00:41:38Z
139,36,20,,,2026-07-02T00:41:38Z
139,36,21,,,2026-07-02T00:41:38Z
139,36,22,,,2026-07-02T00:41:38Z
139,36,3,,,2026-07-02T00:41:38Z
139,36,4,,,2026-07-02T00:41:38Z
139,36,5,,,2026-07-02T00:41:38Z
139,36,6,,,2026-07-02T00:41:38Z
139,36,7,,,2026-07-02T00:41:38Z
139,36,8,,,2026-07-02T00:41:38Z
139,36,9,,,2026-07-02T00:41:38Z
139,38,13,,,2026-07-02T00:41:38Z
139,38,14,,,2026-07-02T00:41:38Z
139,38,15,,,2026-07-02T00:41:38Z
139,38,16,,,2026-07-02T00:41:38Z
139,38,17,,,2026-07-02T00:41:38Z
139,38,18,,,2026-07-02T00:41:38Z
139,38,19,,,2026-07-02T00:41:38Z
139,38,20,,,2026-07-02T00:41:38Z
139,38,21,,,2026-07-02T00:41:38Z
139,38,22,,,2026-07-02T00:41:38Z
139,38,23,,,2026-07-02T00:41:38Z
139,38,24,,,2026-07-02T00:41:38Z
139W,40,1,,,2026-07-02T00:41:38Z
139W,40,2,,,2026-07-02T00:41:38Z
139W,40,3,,,2026-07-02T00:41:38Z
139W,40,4,,,2026-07-02T00:41:38Z
139W,40,5,,,2026-07-02T00:41:38Z
139W,40,6,,,2026-07-02T00:41:38Z
139W,40,7,,,2026-07-02T00:41:38Z
139W,40,8,,,2026-07-02T00:41:38Z
139W,40,9,,,2026-07-02T00:41:38Z
140,17,10,,,2026-07-02T00:41:38Z
140,17,11,,,2026-07-02T00:41:38Z
140,17,17,,,2026-07-02T00:41:38Z
140,17,18,,,2026-07-02T00:41:38Z
140,12,5,,,2026-07-02T00:41:38Z
140,12,6,,,2026-07-02T00:41:38Z
140,14,16,,,2026-07-02T00:41:38Z
140,14,6,,,2026-07-02T00:41:38Z
140,14,7,,,2026-07-02T00:41:38Z
140,14,8,,,2026-07-02T00:41:38Z
140,15,11,,,2026-07-02T00:41:38Z
140,15,12,,,2026-07-02T00:41:38Z
140,15,13,,,2026-07-02T00:41:38Z
140,15,14,,,2026-07-02T00:41:38Z
140,15,15,,,2026-07-02T00:41:38Z
140,15,16,,,2026-07-02T00:41:38Z
140,15,17,,,2026-07-02T00:41:38Z
140,15,18,,,2026-07-02T00:41:38Z
140,15,19,,,2026-07-02T00:41:38Z
140,15,20,,,2026-07-02T00:41:38Z
140,15,5,,,2026-07-02T00:41:38Z
140,15,6,,,2026-07-02T00:41:38Z
140,16,10,,,2026-07-02T00:41:38Z
140,16,11,,,2026-07-02T00:41:38Z
140,16,19,,,2026-07-02T00:41:38Z
140,16,20,,,2026-07-02T00:41:38Z
140,16,3,,,2026-07-02T00:41:38Z
140,16,4,,,2026-07-02T00:41:38Z
140,16,6,,,2026-07-02T00:41:38Z
140,16,7,,,2026-07-02T00:41:38Z
140,16,8,,,2026-07-02T00:41:38Z
140,16,9,,,2026-07-02T00:41:38Z
140,18,12,,,2026-07-02T00:41:38Z
140,18,13,,,2026-07-02T00:41:38Z
140,18,14,,,2026-07-02T00:41:38Z
140,18,15,,,2026-07-02T00:41:38Z
140,18,16,,,2026-07-02T00:41:38Z
140,18,17,,,2026-07-02T00:41:38Z
140,18,18,,,2026-07-02T00:41:38Z
140,18,21,,,2026-07-02T00:41:38Z
140,18,22,,,2026-07-02T00:41:38Z
140,18,7,,,2026-07-02T00:41:38Z
140,18,8,,,2026-07-02T00:41:38Z
140,18,9,,,2026-07-02T00:41:38Z
140,19,4,,,2026-07-02T00:41:38Z
140,19,5,,,2026-07-02T00:41:38Z
140,19,6,,,2026-07-02T00:41:38Z
140,19,7,,,2026-07-02T00:41:38Z
140,27,10,,,2026-07-02T00:41:38Z
140,27,11,,,2026-07-02T00:41:38Z
140,27,12,,,2026-07-02T00:41:38Z
140,27,13,,,2026-07-02T00:41:38Z
140,27,14,,,2026-07-02T00:41:38Z
140,27,15,,,2026-07-02T00:41:38Z
140,27,16,,,2026-07-02T00:41:38Z
140,27,17,,,2026-07-02T00:41:38Z
140,27,18,,,2026-07-02T00:41:38Z
140,27,19,,,2026-07-02T00:41:38Z
140,27,20,,,2026-07-02T00:41:38Z
140,27,21,,,2026-07-02T00:41:38Z
140,27,22,,,2026-07-02T00:41:38Z
140,27,3,,,2026-07-02T00:41:38Z
140,27,4,,,2026-07-02T00:41:38Z
140,27,5,,,2026-07-02T00:41:38Z
140,27,6,,,2026-07-02T00:41:38Z
140,27,7,,,2026-07-02T00:41:38Z
140,27,8,,,2026-07-02T00:41:38Z
140,27,9,,,2026-07-02T00:41:38Z
140,20,1,,,2026-07-02T00:41:38Z
140,20,2,,,2026-07-02T00:41:38Z
140,20,3,,,2026-07-02T00:41:38Z
140,20,4,,,2026-07-02T00:41:38Z
140,20,5,,,2026-07-02T00:41:38Z
140,20,6,,,2026-07-02T00:41:38Z
140,21,1,,,2026-07-02T00:41:38Z
140,21,2,,,2026-07-02T00:41:38Z
140,21,3,,,2026-07-02T00:41:38Z
140,21,4,,,2026-07-02T00:41:38Z
140,21,5,,,2026-07-02T00:41:38Z
140,21,6,,,2026-07-02T00:41:38Z
140,21,7,,,2026-07-02T00:41:38Z
140,21,8,,,2026-07-02T00:41:38Z
140,21,9,,,2026-07-02T00:41:38Z
140,22,13,,,2026-07-02T00:41:38Z
140,22,14,,,2026-07-02T00:41:38Z
140,22,15,,,2026-07-02T00:41:38Z
140,22,16,,,2026-07-02T00:41:38Z
140,22,17,,,2026-07-02T00:41:38Z
140,22,18,,,2026-07-02T00:41:38Z
140,22,19,,,2026-07-02T00:41:38Z
140,22,20,,,2026-07-02T00:41:38Z
140,22,21,,,2026-07-02T00:41:38Z
140,22,22,,,2026-07-02T00:41:38Z
140,23,10,,,2026-07-02T00:41:38Z
140,23,11,,,2026-07-02T00:41:38Z
140,23,12,,,2026-07-02T00:41:38Z
140,23,13,,,2026-07-02T00:41:38Z
140,23,14,,,2026-07-02T00:41:38Z
140,23,15,,,2026-07-02T00:41:38Z
140,23,16,,,2026-07-02T00:41:38Z
140,23,17,,,2026-07-02T00:41:38Z
140,23,18,,,2026-07-02T00:41:38Z
140,23,19,,,2026-07-02T00:41:38Z
140,23,20,,,2026-07-02T00:41:38Z
140,23,21,,,2026-07-02T00:41:38Z
140,23,22,,,2026-07-02T00:41:38Z
140,23,3,,,2026-07-02T00:41:38Z
140,23,4,,,2026-07-02T00:41:38Z
140,23,5,,,2026-07-02T00:41:38Z
140,23,6,,,2026-07-02T00:41:38Z
140,23,7,,,2026-07-02T00:41:38Z
140,23,8,,,2026-07-02T00:41:38Z
140,23,9,,,2026-07-02T00:41:38Z
140,24,10,,,2026-07-02T00:41:38Z
140,24,11,,,2026-07-02T00:41:38Z
140,24,12,,,2026-07-02T00:41:38Z
140,24,13,,,2026-07-02T00:41:38Z
140,24,14,,,2026-07-02T00:41:38Z
140,24,15,,,2026-07-02T00:41:38Z
140,24,16,,,2026-07-02T00:41:38Z
140,24,17,,,2026-07-02T00:41:38Z
140,24,18,,,2026-07-02T00:41:38Z
140,24,19,,,2026-07-02T00:41:38Z
140,24,20,,,2026-07-02T00:41:38Z
140,24,21,,,2026-07-02T00:41:38Z
140,24,22,,,2026-07-02T00:41:38Z
140,24,3,,,2026-07-02T00:41:38Z
140,24,4,,,2026-07-02T00:41:38Z
140,24,5,,,2026-07-02T00:41:38Z
140,24,6,,,2026-07-02T00:41:38Z
140,24,7,,,2026-07-02T00:41:38Z
140,24,8,,,2026-07-02T00:41:38Z
140,24,9,,,2026-07-02T00:41:38Z
140,25,10,,,2026-07-02T00:41:38Z
140,25,11,,,2026-07-02T00:41:38Z
140,25,12,,,2026-07-02T00:41:38Z
140,25,13,,,2026-07-02T00:41:38Z
140,25,14,,,2026-07-02T00:41:38Z
140,25,15,,,2026-07-02T00:41:38Z
140,25,16,,,2026-07-02T00:41:38Z
140,25,17,,,2026-07-02T00:41:38Z
140,25,18,,,2026-07-02T00:41:38Z
140,25,19,,,2026-07-02T00:41:38Z
140,25,20,,,2026-07-02T00:41:38Z
140,25,21,,,2026-07-02T00:41:38Z
140,25,22,,,2026-07-02T00:41:38Z
140,25,3,,,2026-07-02T00:41:38Z
140,25,4,,,2026-07-02T00:41:38Z
140,25,5,,,2026-07-02T00:41:38Z
140,25,6,,,2026-07-02T00:41:38Z
140,25,7,,,2026-07-02T00:41:38Z
140,25,8,,,2026-07-02T00:41:38Z
140,25,9,,,2026-07-02T00:41:38Z
140,26,10,,,2026-07-02T00:41:38Z
140,26,11,,,2026-07-02T00:41:38Z
140,26,12,,,2026-07-02T00:41:38Z
140,26,13,,,2026-07-02T00:41:38Z
140,26,14,,,2026-07-02T00:41:38Z
140,26,15,,,2026-07-02T00:41:38Z
140,26,16,,,2026-07-02T00:41:38Z
140,26,17,,,2026-07-02T00:41:38Z
140,26,18,,,2026-07-02T00:41:38Z
140,26,19,,,2026-07-02T00:41:38Z
140,26,20,,,2026-07-02T00:41:38Z
140,26,21,,,2026-07-02T00:41:38Z
140,26,22,,,2026-07-02T00:41:38Z
140,26,3,,,2026-07-02T00:41:38Z
140,26,4,,,2026-07-02T00:41:38Z
140,26,5,,,2026-07-02T00:41:38Z
140,26,6,,,2026-07-02T00:41:38Z
140,26,7,,,2026-07-02T00:41:38Z
140,26,8,,,2026-07-02T00:41:38Z
140,26,9,,,2026-07-02T00:41:38Z
140,28,10,,,2026-07-02T00:41:38Z
140,28,11,,,2026-07-02T00:41:38Z
140,28,12,,,2026-07-02T00:41:38Z
140,28,13,,,2026-07-02T00:41:38Z
140,28,14,,,2026-07-02T00:41:38Z
140,28,15,,,2026-07-02T00:41:38Z
140,28,16,,,2026-07-02T00:41:38Z
140,28,17,,,2026-07-02T00:41:38Z
140,28,18,,,2026-07-02T00:41:38Z
140,28,19,,,2026-07-02T00:41:38Z
140,28,20,,,2026-07-02T00:41:38Z
140,28,21,,,2026-07-02T00:41:38Z
140,28,22,,,2026-07-02T00:41:38Z
140,28,3,,,2026-07-02T00:41:38Z
140,28,4,,,2026-07-02T00:41:38Z
140,28,5,,,2026-07-02T00:41:38Z
140,28,6,,,2026-07-02T00:41:38Z
140,28,7,,,2026-07-02T00:41:38Z
140,28,8,,,2026-07-02T00:41:38Z
140,28,9,,,2026-07-02T00:41:38Z
140,29,10,,,2026-07-02T00:41:38Z
140,29,11,,,2026-07-02T00:41:38Z
140,29,12,,,2026-07-02T00:41:38Z
140,29,13,,,2026-07-02T00:41:38Z
140,29,14,,,2026-07-02T00:41:38Z
140,29,15,,,2026-07-02T00:41:38Z
140,29,16,,,2026-07-02T00:41:38Z
140,29,17,,,2026-07-02T00:41:38Z
140,29,18,,,2026-07-02T00:41:38Z
140,29,19,,,2026-07-02T00:41:38Z
140,29,20,,,2026-07-02T00:41:38Z
140,29,21,,,2026-07-02T00:41:38Z
140,29,22,,,2026-07-02T00:41:38Z
140,29,3,,,2026-07-02T00:41:38Z
140,29,4,,,2026-07-02T00:41:38Z
140,29,5,,,2026-07-02T00:41:38Z
140,29,6,,,2026-07-02T00:41:38Z
140,29,7,,,2026-07-02T00:41:38Z
140,29,8,,,2026-07-02T00:41:38Z
140,29,9,,,2026-07-02T00:41:38Z
140,30,10,,,2026-07-02T00:41:38Z
140,30,11,,,2026-07-02T00:41:38Z
140,30,12,,,2026-07-02T00:41:38Z
140,30,13,,,2026-07-02T00:41:38Z
140,30,14,,,2026-07-02T00:41:38Z
140,30,15,,,2026-07-02T00:41:38Z
140,30,16,,,2026-07-02T00:41:38Z
140,30,17,,,2026-07-02T00:41:38Z
140,30,18,,,2026-07-02T00:41:38Z
140,30,19,,,2026-07-02T00:41:38Z
140,30,20,,,2026-07-02T00:41:38Z
140,30,21,,,2026-07-02T00:41:38Z
140,30,22,,,2026-07-02T00:41:38Z
140,30,3,,,2026-07-02T00:41:38Z
140,30,4,,,2026-07-02T00:41:38Z
140,30,5,,,2026-07-02T00:41:38Z
140,30,6,,,2026-07-02T00:41:38Z
140,30,7,,,2026-07-02T00:41:38Z
140,30,8,,,2026-07-02T00:41:38Z
140,30,9,,,2026-07-02T00:41:38Z
140,31,10,,,2026-07-02T00:41:38Z
140,31,11,,,2026-07-02T00:41:38Z
140,31,12,,,2026-07-02T00:41:38Z
140,31,13,,,2026-07-02T00:41:38Z
140,31,14,,,2026-07-02T00:41:38Z
140,31,15,,,2026-07-02T00:41:38Z
140,31,16,,,2026-07-02T00:41:38Z
140,31,17,,,2026-07-02T00:41:38Z
140,31,18,,,2026-07-02T00:41:38Z
140,31,19,,,2026-07-02T00:41:38Z
140,31,20,,,2026-07-02T00:41:38Z
140,31,21,,,2026-07-02T00:41:38Z
140,31,22,,,2026-07-02T00:41:38Z
140,31,3,,,2026-07-02T00:41:38Z
140,31,4,,,2026-07-02T00:41:38Z
140,31,5,,,2026-07-02T00:41:38Z
140,31,6,,,2026-07-02T00:41:38Z
140,31,7,,,2026-07-02T00:41:38Z
140,31,8,,,2026-07-02T00:41:38Z
140,31,9,,,2026-07-02T00:41:38Z
140,32,10,,,2026-07-02T00:41:38Z
140,32,11,,,2026-07-02T00:41:38Z
140,32,12,,,2026-07-02T00:41:38Z
140,32,13,,,2026-07-02T00:41:38Z
140,32,14,,,2026-07-02T00:41:38Z
140,32,15,,,2026-07-02T00:41:38Z
140,32,16,,,2026-07-02T00:41:38Z
140,32,17,,,2026-07-02T00:41:38Z
140,32,18,,,2026-07-02T00:41:38Z
140,32,19,,,2026-07-02T00:41:38Z
140,32,20,,,2026-07-02T00:41:38Z
140,32,21,,,2026-07-02T00:41:38Z
140,32,22,,,2026-07-02T00:41:38Z
140,32,3,,,2026-07-02T00:41:38Z
140,32,4,,,2026-07-02T00:41:38Z
140,32,5,,,2026-07-02T00:41:38Z
140,32,6,,,2026-07-02T00:41:38Z
140,32,7,,,2026-07-02T00:41:38Z
140,32,8,,,2026-07-02T00:41:38Z
140,32,9,,,2026-07-02T00:41:38Z
140,33,10,,,2026-07-02T00:41:38Z
140,33,11,,,2026-07-02T00:41:38Z
140,33,12,,,2026-07-02T00:41:38Z
140,33,13,,,2026-07-02T00:41:38Z
140,33,14,,,2026-07-02T00:41:38Z
140,33,15,,,2026-07-02T00:41:38Z
140,33,16,,,2026-07-02T00:41:38Z
140,33,17,,,2026-07-02T00:41:38Z
140,33,18,,,2026-07-02T00:41:38Z
140,33,19,,,2026-07-02T00:41:38Z
140,33,20,,,2026-07-02T00:41:38Z
140,33,21,,,2026-07-02T00:41:38Z
140,33,22,,,2026-07-02T00:41:38Z
140,33,3,,,2026-07-02T00:41:38Z
140,33,4,,,2026-07-02T00:41:38Z
140,33,5,,,2026-07-02T00:41:38Z
140,33,6,,,2026-07-02T00:41:38Z
140,33,7,,,2026-07-02T00:41:38Z
140,33,8,,,2026-07-02T00:41:38Z
140,33,9,,,2026-07-02T00:41:38Z
140,34,10,,,2026-07-02T00:41:38Z
140,34,11,,,2026-07-02T00:41:38Z
140,34,12,,,2026-07-02T00:41:38Z
140,34,13,,,2026-07-02T00:41:38Z
140,34,14,,,2026-07-02T00:41:38Z
140,34,15,,,2026-07-02T00:41:38Z
140,34,16,,,2026-07-02T00:41:38Z
140,34,17,,,2026-07-02T00:41:38Z
140,34,18,,,2026-07-02T00:41:38Z
140,34,19,,,2026-07-02T00:41:38Z
140,34,20,,,2026-07-02T00:41:38Z
140,34,21,,,2026-07-02T00:41:38Z
140,34,22,,,2026-07-02T00:41:38Z
140,34,3,,,2026-07-02T00:41:38Z
140,34,4,,,2026-07-02T00:41:38Z
140,34,5,,,2026-07-02T00:41:38Z
140,34,6,,,2026-07-02T00:41:38Z
140,34,7,,,2026-07-02T00:41:38Z
140,34,8,,,2026-07-02T00:41:38Z
140,34,9,,,2026-07-02T00:41:38Z
140,35,10,,,2026-07-02T00:41:38Z
140,35,11,,,2026-07-02T00:41:38Z
140,35,12,,,2026-07-02T00:41:38Z
140,35,13,,,2026-07-02T00:41:38Z
140,35,14,,,2026-07-02T00:41:38Z
140,35,15,,,2026-07-02T00:41:38Z
140,35,16,,,2026-07-02T00:41:38Z
140,35,17,,,2026-07-02T00:41:38Z
140,35,18,,,2026-07-02T00:41:38Z
140,35,19,,,2026-07-02T00:41:38Z
140,35,20,,,2026-07-02T00:41:38Z
140,35,21,,,2026-07-02T00:41:38Z
140,35,22,,,2026-07-02T00:41:38Z
140,35,3,,,2026-07-02T00:41:38Z
140,35,4,,,2026-07-02T00:41:38Z
140,35,5,,,2026-07-02T00:41:38Z
140,35,6,,,2026-07-02T00:41:38Z
140,35,7,,,2026-07-02T00:41:38Z
140,35,8,,,2026-07-02T00:41:38Z
140,35,9,,,2026-07-02T00:41:38Z
140,36,10,,,2026-07-02T00:41:38Z
140,36,11,,,2026-07-02T00:41:38Z
140,36,12,,,2026-07-02T00:41:38Z
140,36,13,,,2026-07-02T00:41:38Z
140,36,14,,,2026-07-02T00:41:38Z
140,36,15,,,2026-07-02T00:41:38Z
140,36,16,,,2026-07-02T00:41:38Z
140,36,17,,,2026-07-02T00:41:38Z
140,36,18,,,2026-07-02T00:41:38Z
140,36,19,,,2026-07-02T00:41:38Z
140,36,20,,,2026-07-02T00:41:38Z
140,36,21,,,2026-07-02T00:41:38Z
140,36,22,,,2026-07-02T00:41:38Z
140,36,3,,,2026-07-02T00:41:38Z
140,36,4,,,2026-07-02T00:41:38Z
140,36,5,,,2026-07-02T00:41:38Z
140,36,6,,,2026-07-02T00:41:38Z
140,36,7,,,2026-07-02T00:41:38Z
140,36,8,,,2026-07-02T00:41:38Z
140,36,9,,,2026-07-02T00:41:38Z
140,38,10,,,2026-07-02T00:41:38Z
140,38,11,,,2026-07-02T00:41:38Z
140,38,12,,,2026-07-02T00:41:38Z
140,38,13,,,2026-07-02T00:41:38Z
140,38,14,,,2026-07-02T00:41:38Z
140,38,15,,,2026-07-02T00:41:38Z
140,38,16,,,2026-07-02T00:41:38Z
140,38,17,,,2026-07-02T00:41:38Z
140,38,18,,,2026-07-02T00:41:38Z
140,38,19,,,2026-07-02T00:41:38Z
140,38,20,,,2026-07-02T00:41:38Z
140,38,21,,,2026-07-02T00:41:38Z
140,38,22,,,2026-07-02T00:41:38Z
140,38,3,,,2026-07-02T00:41:38Z
140,38,4,,,2026-07-02T00:41:38Z
140,38,5,,,2026-07-02T00:41:38Z
140,38,6,,,2026-07-02T00:41:38Z
140,38,7,,,2026-07-02T00:41:38Z
140,38,8,,,2026-07-02T00:41:38Z
140,38,9,,,2026-07-02T00:41:38Z
140W,40,1,,,2026-07-02T00:41:38Z
140W,40,10,,,2026-07-02T00:41:38Z
140W,40,11,,,2026-07-02T00:41:38Z
140W,40,2,,,2026-07-02T00:41:38Z
140W,40,3,,,2026-07-02T00:41:38Z
140W,40,4,,,2026-07-02T00:41:38Z
140W,40,5,,,2026-07-02T00:41:38Z
140W,40,6,,,2026-07-02T00:41:38Z
140W,40,7,,,2026-07-02T00:41:38Z
140W,40,8,,,2026-07-02T00:41:38Z
140W,40,9,,,2026-07-02T00:41:38Z
141,17,10,,,2026-07-02T00:41:38Z
141,17,11,,,2026-07-02T00:41:38Z
141,17,12,,,2026-07-02T00:41:38Z
141,17,13,,,2026-07-02T00:41:38Z
141,17,18,,,2026-07-02T00:41:38Z
141,17,2,,,2026-07-02T00:41:38Z
141,17,9,,,2026-07-02T00:41:38Z
141,13,17,,,2026-07-02T00:41:38Z
141,14,5,,,2026-07-02T00:41:38Z
141,14,6,,,2026-07-02T00:41:38Z
141,14,7,,,2026-07-02T00:41:38Z
141,15,11,,,2026-07-02T00:41:38Z
141,15,12,,,2026-07-02T00:41:38Z
141,15,13,,,2026-07-02T00:41:38Z
141,15,14,,,2026-07-02T00:41:38Z
141,15,15,,,2026-07-02T00:41:38Z
141,15,16,,,2026-07-02T00:41:38Z
141,15,21,,,2026-07-02T00:41:38Z
141,15,22,,,2026-07-02T00:41:38Z
141,16,10,,,2026-07-02T00:41:38Z
141,16,11,,,2026-07-02T00:41:38Z
141,16,12,,,2026-07-02T00:41:38Z
141,16,13,,,2026-07-02T00:41:38Z
141,16,14,,,2026-07-02T00:41:38Z
141,16,15,,,2026-07-02T00:41:38Z
141,16,16,,,2026-07-02T00:41:38Z
141,16,5,,,2026-07-02T00:41:38Z
141,16,6,,,2026-07-02T00:41:38Z
141,16,9,,,2026-07-02T00:41:38Z
141,18,21,,,2026-07-02T00:41:38Z
141,18,22,,,2026-07-02T00:41:38Z
141,18,5,,,2026-07-02T00:41:38Z
141,18,6,,,2026-07-02T00:41:38Z
141,19,10,,,2026-07-02T00:41:38Z
141,19,11,,,2026-07-02T00:41:38Z
141,19,12,,,2026-07-02T00:41:38Z
141,19,13,,,2026-07-02T00:41:38Z
141,19,14,,,2026-07-02T00:41:38Z
141,19,15,,,2026-07-02T00:41:38Z
141,19,16,,,2026-07-02T00:41:38Z
141,19,17,,,2026-07-02T00:41:38Z
141,19,21,,,2026-07-02T00:41:38Z
141,19,22,,,2026-07-02T00:41:38Z
141,19,3,,,2026-07-02T00:41:38Z
141,19,4,,,2026-07-02T00:41:38Z
141,19,5,,,2026-07-02T00:41:38Z
141,19,6,,,2026-07-02T00:41:38Z
141,19,7,,,2026-07-02T00:41:38Z
141,19,8,,,2026-07-02T00:41:38Z
141,19,9,,,2026-07-02T00:41:38Z
141,27,10,,,2026-07-02T00:41:38Z
141,27,11,,,2026-07-02T00:41:38Z
141,27,12,,,2026-07-02T00:41:38Z
141,27,13,,,2026-07-02T00:41:38Z
141,27,14,,,2026-07-02T00:41:38Z
141,27,15,,,2026-07-02T00:41:38Z
141,27,16,,,2026-07-02T00:41:38Z
141,27,17,,,2026-07-02T00:41:38Z
141,27,18,,,2026-07-02T00:41:38Z
141,27,19,,,2026-07-02T00:41:38Z
141,27,20,,,2026-07-02T00:41:38Z
141,27,21,,,2026-07-02T00:41:38Z
141,27,22,,,2026-07-02T00:41:38Z
141,27,3,,,2026-07-02T00:41:38Z
141,27,4,,,2026-07-02T00:41:38Z
141,27,5,,,2026-07-02T00:41:38Z
141,27,6,,,2026-07-02T00:41:38Z
141,27,7,,,2026-07-02T00:41:38Z
141,27,8,,,2026-07-02T00:41:38Z
141,27,9,,,2026-07-02T00:41:38Z
141,20,10,,,2026-07-02T00:41:38Z
141,20,11,,,2026-07-02T00:41:38Z
141,20,12,,,2026-07-02T00:41:38Z
141,20,13,,,2026-07-02T00:41:38Z
141,20,14,,,2026-07-02T00:41:38Z
141,20,15,,,2026-07-02T00:41:38Z
141,20,16,,,2026-07-02T00:41:38Z
141,20,17,,,2026-07-02T00:41:38Z
141,20,18,,,2026-07-02T00:41:38Z
141,20,19,,,2026-07-02T00:41:38Z
141,20,20,,,2026-07-02T00:41:38Z
141,20,21,,,2026-07-02T00:41:38Z
141,20,22,,,2026-07-02T00:41:38Z
141,20,3,,,2026-07-02T00:41:38Z
141,20,4,,,2026-07-02T00:41:38Z
141,20,5,,,2026-07-02T00:41:38Z
141,20,6,,,2026-07-02T00:41:38Z
141,20,7,,,2026-07-02T00:41:38Z
141,20,8,,,2026-07-02T00:41:38Z
141,20,9,,,2026-07-02T00:41:38Z
141,21,10,,,2026-07-02T00:41:38Z
141,21,11,,,2026-07-02T00:41:38Z
141,21,12,,,2026-07-02T00:41:38Z
141,21,13,,,2026-07-02T00:41:38Z
141,21,14,,,2026-07-02T00:41:38Z
141,21,15,,,2026-07-02T00:41:38Z
141,21,16,,,2026-07-02T00:41:38Z
141,21,17,,,2026-07-02T00:41:38Z
141,21,18,,,2026-07-02T00:41:38Z
141,21,19,,,2026-07-02T00:41:38Z
141,21,20,,,2026-07-02T00:41:38Z
141,21,21,,,2026-07-02T00:41:38Z
141,21,22,,,2026-07-02T00:41:38Z
141,21,3,,,2026-07-02T00:41:38Z
141,21,4,,,2026-07-02T00:41:38Z
141,21,5,,,2026-07-02T00:41:38Z
141,21,6,,,2026-07-02T00:41:38Z
141,21,7,,,2026-07-02T00:41:38Z
141,21,8,,,2026-07-02T00:41:38Z
141,21,9,,,2026-07-02T00:41:38Z
141,22,13,,,2026-07-02T00:41:38Z
141,22,14,,,2026-07-02T00:41:38Z
141,22,15,,,2026-07-02T00:41:38Z
141,22,16,,,2026-07-02T00:41:38Z
141,22,17,,,2026-07-02T00:41:38Z
141,22,18,,,2026-07-02T00:41:38Z
141,22,19,,,2026-07-02T00:41:38Z
141,22,20,,,2026-07-02T00:41:38Z
141,22,21,,,2026-07-02T00:41:38Z
141,22,22,,,2026-07-02T00:41:38Z
141,23,10,,,2026-07-02T00:41:38Z
141,23,11,,,2026-07-02T00:41:38Z
141,23,12,,,2026-07-02T00:41:38Z
141,23,13,,,2026-07-02T00:41:38Z
141,23,14,,,2026-07-02T00:41:38Z
141,23,15,,,2026-07-02T00:41:38Z
141,23,16,,,2026-07-02T00:41:38Z
141,23,17,,,2026-07-02T00:41:38Z
141,23,18,,,2026-07-02T00:41:38Z
141,23,19,,,2026-07-02T00:41:38Z
141,23,20,,,2026-07-02T00:41:38Z
141,23,21,,,2026-07-02T00:41:38Z
141,23,22,,,2026-07-02T00:41:38Z
141,23,3,,,2026-07-02T00:41:38Z
141,23,4,,,2026-07-02T00:41:38Z
141,23,5,,,2026-07-02T00:41:38Z
141,23,6,,,2026-07-02T00:41:38Z
141,23,7,,,2026-07-02T00:41:38Z
141,23,8,,,2026-07-02T00:41:38Z
141,23,9,,,2026-07-02T00:41:38Z
141,24,10,,,2026-07-02T00:41:38Z
141,24,11,,,2026-07-02T00:41:38Z
141,24,12,,,2026-07-02T00:41:38Z
141,24,13,,,2026-07-02T00:41:38Z
141,24,14,,,2026-07-02T00:41:38Z
141,24,15,,,2026-07-02T00:41:38Z
141,24,16,,,2026-07-02T00:41:38Z
141,24,17,,,2026-07-02T00:41:38Z
141,24,18,,,2026-07-02T00:41:38Z
141,24,19,,,2026-07-02T00:41:38Z
141,24,20,,,2026-07-02T00:41:38Z
141,24,21,,,2026-07-02T00:41:38Z
141,24,22,,,2026-07-02T00:41:38Z
141,24,3,,,2026-07-02T00:41:38Z
141,24,4,,,2026-07-02T00:41:38Z
141,24,5,,,2026-07-02T00:41:38Z
141,24,6,,,2026-07-02T00:41:38Z
141,24,7,,,2026-07-02T00:41:38Z
141,24,8,,,2026-07-02T00:41:38Z
141,24,9,,,2026-07-02T00:41:38Z
141,25,10,,,2026-07-02T00:41:38Z
141,25,11,,,2026-07-02T00:41:38Z
141,25,12,,,2026-07-02T00:41:38Z
141,25,13,,,2026-07-02T00:41:38Z
141,25,14,,,2026-07-02T00:41:38Z
141,25,15,,,2026-07-02T00:41:38Z
141,25,16,,,2026-07-02T00:41:38Z
141,25,17,,,2026-07-02T00:41:38Z
141,25,18,,,2026-07-02T00:41:38Z
141,25,19,,,2026-07-02T00:41:38Z
141,25,20,,,2026-07-02T00:41:38Z
141,25,21,,,2026-07-02T00:41:38Z
141,25,22,,,2026-07-02T00:41:38Z
141,25,3,,,2026-07-02T00:41:38Z
141,25,4,,,2026-07-02T00:41:38Z
141,25,5,,,2026-07-02T00:41:38Z
141,25,6,,,2026-07-02T00:41:38Z
141,25,7,,,2026-07-02T00:41:38Z
141,25,8,,,2026-07-02T00:41:38Z
141,25,9,,,2026-07-02T00:41:38Z
141,26,10,,,2026-07-02T00:41:38Z
141,26,11,,,2026-07-02T00:41:38Z
141,26,12,,,2026-07-02T00:41:38Z
141,26,13,,,2026-07-02T00:41:38Z
141,26,14,,,2026-07-02T00:41:38Z
141,26,15,,,2026-07-02T00:41:38Z
141,26,16,,,2026-07-02T00:41:38Z
141,26,17,,,2026-07-02T00:41:38Z
141,26,18,,,2026-07-02T00:41:38Z
141,26,19,,,2026-07-02T00:41:38Z
141,26,20,,,2026-07-02T00:41:38Z
141,26,21,,,2026-07-02T00:41:38Z
141,26,22,,,2026-07-02T00:41:38Z
141,26,3,,,2026-07-02T00:41:38Z
141,26,4,,,2026-07-02T00:41:38Z
141,26,5,,,2026-07-02T00:41:38Z
141,26,6,,,2026-07-02T00:41:38Z
141,26,7,,,2026-07-02T00:41:38Z
141,26,8,,,2026-07-02T00:41:38Z
141,26,9,,,2026-07-02T00:41:38Z
141,28,10,,,2026-07-02T00:41:38Z
141,28,11,,,2026-07-02T00:41:38Z
141,28,12,,,2026-07-02T00:41:38Z
141,28,13,,,2026-07-02T00:41:38Z
141,28,14,,,2026-07-02T00:41:38Z
141,28,15,,,2026-07-02T00:41:38Z
141,28,16,,,2026-07-02T00:41:38Z
141,28,17,,,2026-07-02T00:41:38Z
141,28,18,,,2026-07-02T00:41:38Z
141,28,19,,,2026-07-02T00:41:38Z
141,28,20,,,2026-07-02T00:41:38Z
141,28,21,,,2026-07-02T00:41:38Z
141,28,22,,,2026-07-02T00:41:38Z
141,28,3,,,2026-07-02T00:41:38Z
141,28,4,,,2026-07-02T00:41:38Z
141,28,5,,,2026-07-02T00:41:38Z
141,28,6,,,2026-07-02T00:41:38Z
141,28,7,,,2026-07-02T00:41:38Z
141,28,8,,,2026-07-02T00:41:38Z
141,28,9,,,2026-07-02T00:41:38Z
141,29,10,,,2026-07-02T00:41:38Z
141,29,11,,,2026-07-02T00:41:38Z
141,29,12,,,2026-07-02T00:41:38Z
141,29,13,,,2026-07-02T00:41:38Z
141,29,14,,,2026-07-02T00:41:38Z
141,29,15,,,2026-07-02T00:41:38Z
141,29,16,,,2026-07-02T00:41:38Z
141,29,17,,,2026-07-02T00:41:38Z
141,29,18,,,2026-07-02T00:41:38Z
141,29,19,,,2026-07-02T00:41:38Z
141,29,20,,,2026-07-02T00:41:38Z
141,29,21,,,2026-07-02T00:41:38Z
141,29,22,,,2026-07-02T00:41:38Z
141,29,3,,,2026-07-02T00:41:38Z
141,29,4,,,2026-07-02T00:41:38Z
141,29,5,,,2026-07-02T00:41:38Z
141,29,6,,,2026-07-02T00:41:38Z
141,29,7,,,2026-07-02T00:41:38Z
141,29,8,,,2026-07-02T00:41:38Z
141,29,9,,,2026-07-02T00:41:38Z
141,37,10,,,2026-07-02T00:41:38Z
141,37,11,,,2026-07-02T00:41:38Z
141,37,12,,,2026-07-02T00:41:38Z
141,37,13,,,2026-07-02T00:41:38Z
141,37,14,,,2026-07-02T00:41:38Z
141,37,15,,,2026-07-02T00:41:38Z
141,37,16,,,2026-07-02T00:41:38Z
141,37,17,,,2026-07-02T00:41:38Z
141,37,18,,,2026-07-02T00:41:38Z
141,37,19,,,2026-07-02T00:41:38Z
141,37,20,,,2026-07-02T00:41:38Z
141,37,21,,,2026-07-02T00:41:38Z
141,37,22,,,2026-07-02T00:41:38Z
141,37,3,,,2026-07-02T00:41:38Z
141,37,4,,,2026-07-02T00:41:38Z
141,37,5,,,2026-07-02T00:41:38Z
141,37,6,,,2026-07-02T00:41:38Z
141,37,7,,,2026-07-02T00:41:38Z
141,37,8,,,2026-07-02T00:41:38Z
141,37,9,,,2026-07-02T00:41:38Z
141,30,10,,,2026-07-02T00:41:38Z
141,30,11,,,2026-07-02T00:41:38Z
141,30,12,,,2026-07-02T00:41:38Z
141,30,13,,,2026-07-02T00:41:38Z
141,30,14,,,2026-07-02T00:41:38Z
141,30,15,,,2026-07-02T00:41:38Z
141,30,16,,,2026-07-02T00:41:38Z
141,30,17,,,2026-07-02T00:41:38Z
141,30,18,,,2026-07-02T00:41:38Z
141,30,19,,,2026-07-02T00:41:38Z
141,30,20,,,2026-07-02T00:41:38Z
141,30,21,,,2026-07-02T00:41:38Z
141,30,22,,,2026-07-02T00:41:38Z
141,30,3,,,2026-07-02T00:41:38Z
141,30,4,,,2026-07-02T00:41:38Z
141,30,5,,,2026-07-02T00:41:38Z
141,30,6,,,2026-07-02T00:41:38Z
141,30,7,,,2026-07-02T00:41:38Z
141,30,8,,,2026-07-02T00:41:38Z
141,30,9,,,2026-07-02T00:41:38Z
141,31,10,,,2026-07-02T00:41:38Z
141,31,11,,,2026-07-02T00:41:38Z
141,31,12,,,2026-07-02T00:41:38Z
141,31,13,,,2026-07-02T00:41:38Z
141,31,14,,,2026-07-02T00:41:38Z
141,31,15,,,2026-07-02T00:41:38Z
141,31,16,,,2026-07-02T00:41:38Z
141,31,17,,,2026-07-02T00:41:38Z
141,31,18,,,2026-07-02T00:41:38Z
141,31,19,,,2026-07-02T00:41:38Z
141,31,20,,,2026-07-02T00:41:38Z
141,31,21,,,2026-07-02T00:41:38Z
141,31,22,,,2026-07-02T00:41:38Z
141,31,3,,,2026-07-02T00:41:38Z
141,31,4,,,2026-07-02T00:41:38Z
141,31,5,,,2026-07-02T00:41:38Z
141,31,6,,,2026-07-02T00:41:38Z
141,31,7,,,2026-07-02T00:41:38Z
141,31,8,,,2026-07-02T00:41:38Z
141,31,9,,,2026-07-02T00:41:38Z
141,32,10,,,2026-07-02T00:41:38Z
141,32,11,,,2026-07-02T00:41:38Z
141,32,12,,,2026-07-02T00:41:38Z
141,32,13,,,2026-07-02T00:41:38Z
141,32,14,,,2026-07-02T00:41:38Z
141,32,15,,,2026-07-02T00:41:38Z
141,32,16,,,2026-07-02T00:41:38Z
141,32,17,,,2026-07-02T00:41:38Z
141,32,18,,,2026-07-02T00:41:38Z
141,32,19,,,2026-07-02T00:41:38Z
141,32,20,,,2026-07-02T00:41:38Z
141,32,21,,,2026-07-02T00:41:38Z
141,32,22,,,2026-07-02T00:41:38Z
141,32,3,,,2026-07-02T00:41:38Z
141,32,4,,,2026-07-02T00:41:38Z
141,32,5,,,2026-07-02T00:41:38Z
141,32,6,,,2026-07-02T00:41:38Z
141,32,7,,,2026-07-02T00:41:38Z
141,32,8,,,2026-07-02T00:41:38Z
141,32,9,,,2026-07-02T00:41:38Z
141,33,10,,,2026-07-02T00:41:38Z
141,33,11,,,2026-07-02T00:41:38Z
141,33,12,,,2026-07-02T00:41:38Z
141,33,13,,,2026-07-02T00:41:38Z
141,33,14,,,2026-07-02T00:41:38Z
141,33,15,,,2026-07-02T00:41:38Z
141,33,16,,,2026-07-02T00:41:38Z
141,33,17,,,2026-07-02T00:41:38Z
141,33,18,,,2026-07-02T00:41:38Z
141,33,19,,,2026-07-02T00:41:38Z
141,33,20,,,2026-07-02T00:41:38Z
141,33,21,,,2026-07-02T00:41:38Z
141,33,22,,,2026-07-02T00:41:38Z
141,33,3,,,2026-07-02T00:41:38Z
141,33,4,,,2026-07-02T00:41:38Z
141,33,5,,,2026-07-02T00:41:38Z
141,33,6,,,2026-07-02T00:41:38Z
141,33,7,,,2026-07-02T00:41:38Z
141,33,8,,,2026-07-02T00:41:38Z
141,33,9,,,2026-07-02T00:41:38Z
141,34,10,,,2026-07-02T00:41:38Z
141,34,11,,,2026-07-02T00:41:38Z
141,34,12,,,2026-07-02T00:41:38Z
141,34,13,,,2026-07-02T00:41:38Z
141,34,14,,,2026-07-02T00:41:38Z
141,34,15,,,2026-07-02T00:41:38Z
141,34,16,,,2026-07-02T00:41:38Z
141,34,17,,,2026-07-02T00:41:38Z
141,34,18,,,2026-07-02T00:41:38Z
141,34,19,,,2026-07-02T00:41:38Z
141,34,20,,,2026-07-02T00:41:38Z
141,34,21,,,2026-07-02T00:41:38Z
141,34,22,,,2026-07-02T00:41:38Z
141,34,3,,,2026-07-02T00:41:38Z
141,34,4,,,2026-07-02T00:41:38Z
141,34,5,,,2026-07-02T00:41:38Z
141,34,6,,,2026-07-02T00:41:38Z
141,34,7,,,2026-07-02T00:41:38Z
141,34,8,,,2026-07-02T00:41:38Z
141,34,9,,,2026-07-02T00:41:38Z
141,35,10,,,2026-07-02T00:41:38Z
141,35,11,,,2026-07-02T00:41:38Z
141,35,12,,,2026-07-02T00:41:38Z
141,35,13,,,2026-07-02T00:41:38Z
141,35,14,,,2026-07-02T00:41:38Z
141,35,15,,,2026-07-02T00:41:38Z
141,35,16,,,2026-07-02T00:41:38Z
141,35,17,,,2026-07-02T00:41:38Z
141,35,18,,,2026-07-02T00:41:38Z
141,35,19,,,2026-07-02T00:41:38Z
141,35,20,,,2026-07-02T00:41:38Z
141,35,21,,,2026-07-02T00:41:38Z
141,35,22,,,2026-07-02T00:41:38Z
141,35,3,,,2026-07-02T00:41:38Z
141,35,4,,,2026-07-02T00:41:38Z
141,35,5,,,2026-07-02T00:41:38Z
141,35,6,,,2026-07-02T00:41:38Z
141,35,7,,,2026-07-02T00:41:38Z
141,35,8,,,2026-07-02T00:41:38Z
141,35,9,,,2026-07-02T00:41:38Z
141,36,10,,,2026-07-02T00:41:38Z
141,36,11,,,2026-07-02T00:41:38Z
141,36,12,,,2026-07-02T00:41:38Z
141,36,13,,,2026-07-02T00:41:38Z
141,36,14,,,2026-07-02T00:41:38Z
141,36,15,,,2026-07-02T00:41:38Z
141,36,16,,,2026-07-02T00:41:38Z
141,36,17,,,2026-07-02T00:41:38Z
141,36,18,,,2026-07-02T00:41:38Z
141,36,19,,,2026-07-02T00:41:38Z
141,36,20,,,2026-07-02T00:41:38Z
141,36,21,,,2026-07-02T00:41:38Z
141,36,22,,,2026-07-02T00:41:38Z
141,36,3,,,2026-07-02T00:41:38Z
141,36,4,,,2026-07-02T00:41:38Z
141,36,5,,,2026-07-02T00:41:38Z
141,36,6,,,2026-07-02T00:41:38Z
141,36,7,,,2026-07-02T00:41:38Z
141,36,8,,,2026-07-02T00:41:38Z
141,36,9,,,2026-07-02T00:41:38Z
141,38,10,,,2026-07-02T00:41:38Z
141,38,11,,,2026-07-02T00:41:38Z
141,38,12,,,2026-07-02T00:41:38Z
141,38,13,,,2026-07-02T00:41:38Z
141,38,14,,,2026-07-02T00:41:38Z
141,38,15,,,2026-07-02T00:41:38Z
141,38,16,,,2026-07-02T00:41:38Z
141,38,17,,,2026-07-02T00:41:38Z
141,38,18,,,2026-07-02T00:41:38Z
141,38,19,,,2026-07-02T00:41:38Z
141,38,20,,,2026-07-02T00:41:38Z
141,38,21,,,2026-07-02T00:41:38Z
141,38,22,,,2026-07-02T00:41:38Z
141,38,3,,,2026-07-02T00:41:38Z
141,38,4,,,2026-07-02T00:41:38Z
141,38,5,,,2026-07-02T00:41:38Z
141,38,6,,,2026-07-02T00:41:38Z
141,38,7,,,2026-07-02T00:41:38Z
141,38,8,,,2026-07-02T00:41:38Z
141,38,9,,,2026-07-02T00:41:38Z
141W,40,1,,,2026-07-02T00:41:38Z
141W,40,10,,,2026-07-02T00:41:38Z
141W,40,11,,,2026-07-02T00:41:38Z
141W,40,2,,,2026-07-02T00:41:38Z
141W,40,3,,,2026-07-02T00:41:38Z
141W,40,4,,,2026-07-02T00:41:38Z
141W,40,5,,,2026-07-02T00:41:38Z
141W,40,6,,,2026-07-02T00:41:38Z
141W,40,7,,,2026-07-02T00:41:38Z
141W,40,8,,,2026-07-02T00:41:38Z
141W,40,9,,,2026-07-02T00:41:38Z
142,17,10,,,2026-07-02T00:41:38Z
142,17,11,,,2026-07-02T00:41:38Z
142,17,12,,,2026-07-02T00:41:38Z
142,17,13,,,2026-07-02T00:41:38Z
142,17,14,,,2026-07-02T00:41:38Z
142,17,16,,,2026-07-02T00:41:38Z
142,17,17,,,2026-07-02T00:41:38Z
142,17,18,,,2026-07-02T00:41:38Z
142,17,19,,,2026-07-02T00:41:38Z
142,17,20,,,2026-07-02T00:41:38Z
142,17,7,,,2026-07-02T00:41:38Z
142,17,8,,,2026-07-02T00:41:38Z
142,17,9,,,2026-07-02T00:41:38Z
142,13,11,,,2026-07-02T00:41:38Z
142,13,12,,,2026-07-02T00:41:38Z
142,15,10,,,2026-07-02T00:41:38Z
142,15,17,,,2026-07-02T00:41:38Z
142,15,18,,,2026-07-02T00:41:38Z
142,15,19,,,2026-07-02T00:41:38Z
142,15,5,,,2026-07-02T00:41:38Z
142,15,6,,,2026-07-02T00:41:38Z
142,15,7,,,2026-07-02T00:41:38Z
142,15,8,,,2026-07-02T00:41:38Z
142,15,9,,,2026-07-02T00:41:38Z
142,16,12,,,2026-07-02T00:41:38Z
142,16,13,,,2026-07-02T00:41:38Z
142,16,14,,,2026-07-02T00:41:38Z
142,16,15,,,2026-07-02T00:41:38Z
142,16,16,,,2026-07-02T00:41:38Z
142,16,17,,,2026-07-02T00:41:38Z
142,16,18,,,2026-07-02T00:41:38Z
142,16,3,,,2026-07-02T00:41:38Z
142,16,4,,,2026-07-02T00:41:38Z
142,18,11,,,2026-07-02T00:41:38Z
142,18,12,,,2026-07-02T00:41:38Z
142,18,13,,,2026-07-02T00:41:38Z
142,18,16,,,2026-07-02T00:41:38Z
142,18,17,,,2026-07-02T00:41:38Z
142,18,18,,,2026-07-02T00:41:38Z
142,18,19,,,2026-07-02T00:41:38Z
142,18,20,,,2026-07-02T00:41:38Z
142,19,10,,,2026-07-02T00:41:38Z
142,19,11,,,2026-07-02T00:41:38Z
142,19,12,,,2026-07-02T00:41:38Z
142,19,13,,,2026-07-02T00:41:38Z
142,19,14,,,2026-07-02T00:41:38Z
142,19,15,,,2026-07-02T00:41:38Z
142,19,16,,,2026-07-02T00:41:38Z
142,19,17,,,2026-07-02T00:41:38Z
142,19,18,,,2026-07-02T00:41:38Z
142,19,2,,,2026-07-02T00:41:38Z
142,19,3,,,2026-07-02T00:41:38Z
142,19,4,,,2026-07-02T00:41:38Z
142,19,9,,,2026-07-02T00:41:38Z
142,27,10,,,2026-07-02T00:41:38Z
142,27,11,,,2026-07-02T00:41:38Z
142,27,12,,,2026-07-02T00:41:38Z
142,27,13,,,2026-07-02T00:41:38Z
142,27,14,,,2026-07-02T00:41:38Z
142,27,15,,,2026-07-02T00:41:38Z
142,27,16,,,2026-07-02T00:41:38Z
142,27,17,,,2026-07-02T00:41:38Z
142,27,18,,,2026-07-02T00:41:38Z
142,27,19,,,2026-07-02T00:41:38Z
142,27,20,,,2026-07-02T00:41:38Z
142,27,3,,,2026-07-02T00:41:38Z
142,27,4,,,2026-07-02T00:41:38Z
142,27,5,,,2026-07-02T00:41:38Z
142,27,6,,,2026-07-02T00:41:38Z
142,27,7,,,2026-07-02T00:41:38Z
142,27,8,,,2026-07-02T00:41:38Z
142,27,9,,,2026-07-02T00:41:38Z
142,20,10,,,2026-07-02T00:41:38Z
142,20,11,,,2026-07-02T00:41:38Z
142,20,12,,,2026-07-02T00:41:38Z
142,20,13,,,2026-07-02T00:41:38Z
142,20,14,,,2026-07-02T00:41:38Z
142,20,15,,,2026-07-02T00:41:38Z
142,20,16,,,2026-07-02T00:41:38Z
142,20,17,,,2026-07-02T00:41:38Z
142,20,18,,,2026-07-02T00:41:38Z
142,20,19,,,2026-07-02T00:41:38Z
142,20,20,,,2026-07-02T00:41:38Z
142,20,7,,,2026-07-02T00:41:38Z
142,20,8,,,2026-07-02T00:41:38Z
142,20,9,,,2026-07-02T00:41:38Z
142,21,14,,,2026-07-02T00:41:38Z
142,21,15,,,2026-07-02T00:41:38Z
142,21,16,,,2026-07-02T00:41:38Z
142,21,19,,,2026-07-02T00:41:38Z
142,21,20,,,2026-07-02T00:41:38Z
142,22,10,,,2026-07-02T00:41:38Z
142,22,11,,,2026-07-02T00:41:38Z
142,22,12,,,2026-07-02T00:41:38Z
142,22,13,,,2026-07-02T00:41:38Z
142,22,14,,,2026-07-02T00:41:38Z
142,22,15,,,2026-07-02T00:41:38Z
142,22,16,,,2026-07-02T00:41:38Z
142,22,17,,,2026-07-02T00:41:38Z
142,22,18,,,2026-07-02T00:41:38Z
142,22,19,,,2026-07-02T00:41:38Z
142,22,20,,,2026-07-02T00:41:38Z
142,22,3,,,2026-07-02T00:41:38Z
142,22,4,,,2026-07-02T00:41:38Z
142,22,5,,,2026-07-02T00:41:38Z
142,22,6,,,2026-07-02T00:41:38Z
142,22,7,,,2026-07-02T00:41:38Z
142,22,8,,,2026-07-02T00:41:38Z
142,22,9,,,2026-07-02T00:41:38Z
142,23,10,,,2026-07-02T00:41:38Z
142,23,11,,,2026-07-02T00:41:38Z
142,23,12,,,2026-07-02T00:41:38Z
142,23,13,,,2026-07-02T00:41:38Z
142,23,14,,,2026-07-02T00:41:38Z
142,23,15,,,2026-07-02T00:41:38Z
142,23,16,,,2026-07-02T00:41:38Z
142,23,17,,,2026-07-02T00:41:38Z
142,23,18,,,2026-07-02T00:41:38Z
142,23,19,,,2026-07-02T00:41:38Z
142,23,20,,,2026-07-02T00:41:38Z
142,23,3,,,2026-07-02T00:41:38Z
142,23,4,,,2026-07-02T00:41:38Z
142,23,5,,,2026-07-02T00:41:38Z
142,23,6,,,2026-07-02T00:41:38Z
142,23,7,,,2026-07-02T00:41:38Z
142,23,8,,,2026-07-02T00:41:38Z
142,23,9,,,2026-07-02T00:41:38Z
142,24,10,,,2026-07-02T00:41:38Z
142,24,11,,,2026-07-02T00:41:38Z
142,24,12,,,2026-07-02T00:41:38Z
142,24,13,,,2026-07-02T00:41:38Z
142,24,14,,,2026-07-02T00:41:38Z
142,24,15,,,2026-07-02T00:41:38Z
142,24,16,,,2026-07-02T00:41:38Z
142,24,17,,,2026-07-02T00:41:38Z
142,24,18,,,2026-07-02T00:41:38Z
142,24,19,,,2026-07-02T00:41:38Z
142,24,20,,,2026-07-02T00:41:38Z
142,24,3,,,2026-07-02T00:41:38Z
142,24,4,,,2026-07-02T00:41:38Z
142,24,5,,,2026-07-02T00:41:38Z
142,24,6,,,2026-07-02T00:41:38Z
142,24,7,,,2026-07-02T00:41:38Z
142,24,8,,,2026-07-02T00:41:38Z
142,24,9,,,2026-07-02T00:41:38Z
142,25,10,,,2026-07-02T00:41:38Z
142,25,11,,,2026-07-02T00:41:38Z
142,25,12,,,2026-07-02T00:41:38Z
142,25,13,,,2026-07-02T00:41:38Z
142,25,14,,,2026-07-02T00:41:38Z
142,25,15,,,2026-07-02T00:41:38Z
142,25,16,,,2026-07-02T00:41:38Z
142,25,17,,,2026-07-02T00:41:38Z
142,25,18,,,2026-07-02T00:41:38Z
142,25,19,,,2026-07-02T00:41:38Z
142,25,20,,,2026-07-02T00:41:38Z
142,25,3,,,2026-07-02T00:41:38Z
142,25,4,,,2026-07-02T00:41:38Z
142,25,5,,,2026-07-02T00:41:38Z
142,25,6,,,2026-07-02T00:41:38Z
142,25,7,,,2026-07-02T00:41:38Z
142,25,8,,,2026-07-02T00:41:38Z
142,25,9,,,2026-07-02T00:41:38Z
142,26,10,,,2026-07-02T00:41:38Z
142,26,11,,,2026-07-02T00:41:38Z
142,26,12,,,2026-07-02T00:41:38Z
142,26,13,,,2026-07-02T00:41:38Z
142,26,14,,,2026-07-02T00:41:38Z
142,26,15,,,2026-07-02T00:41:38Z
142,26,16,,,2026-07-02T00:41:38Z
142,26,17,,,2026-07-02T00:41:38Z
142,26,18,,,2026-07-02T00:41:38Z
142,26,19,,,2026-07-02T00:41:38Z
142,26,20,,,2026-07-02T00:41:38Z
142,26,3,,,2026-07-02T00:41:38Z
142,26,4,,,2026-07-02T00:41:38Z
142,26,5,,,2026-07-02T00:41:38Z
142,26,6,,,2026-07-02T00:41:38Z
142,26,7,,,2026-07-02T00:41:38Z
142,26,8,,,2026-07-02T00:41:38Z
142,26,9,,,2026-07-02T00:41:38Z
142,28,10,,,2026-07-02T00:41:38Z
142,28,11,,,2026-07-02T00:41:38Z
142,28,12,,,2026-07-02T00:41:38Z
142,28,13,,,2026-07-02T00:41:38Z
142,28,14,,,2026-07-02T00:41:38Z
142,28,15,,,2026-07-02T00:41:38Z
142,28,16,,,2026-07-02T00:41:38Z
142,28,17,,,2026-07-02T00:41:38Z
142,28,18,,,2026-07-02T00:41:38Z
142,28,19,,,2026-07-02T00:41:38Z
142,28,20,,,2026-07-02T00:41:38Z
142,28,3,,,2026-07-02T00:41:38Z
142,28,4,,,2026-07-02T00:41:38Z
142,28,5,,,2026-07-02T00:41:38Z
142,28,6,,,2026-07-02T00:41:38Z
142,28,7,,,2026-07-02T00:41:38Z
142,28,8,,,2026-07-02T00:41:38Z
142,28,9,,,2026-07-02T00:41:38Z
142,29,10,,,2026-07-02T00:41:38Z
142,29,11,,,2026-07-02T00:41:38Z
142,29,12,,,2026-07-02T00:41:38Z
142,29,13,,,2026-07-02T00:41:38Z
142,29,14,,,2026-07-02T00:41:38Z
142,29,15,,,2026-07-02T00:41:38Z
142,29,16,,,2026-07-02T00:41:38Z
142,29,17,,,2026-07-02T00:41:38Z
142,29,18,,,2026-07-02T00:41:38Z
142,29,19,,,2026-07-02T00:41:38Z
142,29,20,,,2026-07-02T00:41:38Z
142,29,3,,,2026-07-02T00:41:38Z
142,29,4,,,2026-07-02T00:41:38Z
142,29,5,,,2026-07-02T00:41:38Z
142,29,6,,,2026-07-02T00:41:38Z
142,29,7,,,2026-07-02T00:41:38Z
142,29,8,,,2026-07-02T00:41:38Z
142,29,9,,,2026-07-02T00:41:38Z
142,37,10,,,2026-07-02T00:41:38Z
142,37,11,,,2026-07-02T00:41:38Z
142,37,12,,,2026-07-02T00:41:38Z
142,37,2,,,2026-07-02T00:41:38Z
142,37,3,,,2026-07-02T00:41:38Z
142,37,4,,,2026-07-02T00:41:38Z
142,37,5,,,2026-07-02T00:41:38Z
142,37,6,,,2026-07-02T00:41:38Z
142,37,7,,,2026-07-02T00:41:38Z
142,37,8,,,2026-07-02T00:41:38Z
142,37,9,,,2026-07-02T00:41:38Z
142,30,10,,,2026-07-02T00:41:38Z
142,30,11,,,2026-07-02T00:41:38Z
142,30,12,,,2026-07-02T00:41:38Z
142,30,13,,,2026-07-02T00:41:38Z
142,30,14,,,2026-07-02T00:41:38Z
142,30,15,,,2026-07-02T00:41:38Z
142,30,16,,,2026-07-02T00:41:38Z
142,30,17,,,2026-07-02T00:41:38Z
142,30,18,,,2026-07-02T00:41:38Z
142,30,19,,,2026-07-02T00:41:38Z
142,30,20,,,2026-07-02T00:41:38Z
142,30,3,,,2026-07-02T00:41:38Z
142,30,4,,,2026-07-02T00:41:38Z
142,30,5,,,2026-07-02T00:41:38Z
142,30,6,,,2026-07-02T00:41:38Z
142,30,7,,,2026-07-02T00:41:38Z
142,30,8,,,2026-07-02T00:41:38Z
142,30,9,,,2026-07-02T00:41:38Z
142,31,10,,,2026-07-02T00:41:38Z
142,31,11,,,2026-07-02T00:41:38Z
142,31,12,,,2026-07-02T00:41:38Z
142,31,13,,,2026-07-02T00:41:38Z
142,31,14,,,2026-07-02T00:41:38Z
142,31,15,,,2026-07-02T00:41:38Z
142,31,16,,,2026-07-02T00:41:38Z
142,31,17,,,2026-07-02T00:41:38Z
142,31,18,,,2026-07-02T00:41:38Z
142,31,19,,,2026-07-02T00:41:38Z
142,31,20,,,2026-07-02T00:41:38Z
142,31,3,,,2026-07-02T00:41:38Z
142,31,4,,,2026-07-02T00:41:38Z
142,31,5,,,2026-07-02T00:41:38Z
142,31,6,,,2026-07-02T00:41:38Z
142,31,7,,,2026-07-02T00:41:38Z
142,31,8,,,2026-07-02T00:41:38Z
142,31,9,,,2026-07-02T00:41:38Z
142,32,10,,,2026-07-02T00:41:38Z
142,32,11,,,2026-07-02T00:41:38Z
142,32,12,,,2026-07-02T00:41:38Z
142,32,13,,,2026-07-02T00:41:38Z
142,32,14,,,2026-07-02T00:41:38Z
142,32,15,,,2026-07-02T00:41:38Z
142,32,16,,,2026-07-02T00:41:38Z
142,32,17,,,2026-07-02T00:41:38Z
142,32,18,,,2026-07-02T00:41:38Z
142,32,19,,,2026-07-02T00:41:38Z
142,32,20,,,2026-07-02T00:41:38Z
142,32,3,,,2026-07-02T00:41:38Z
142,32,4,,,2026-07-02T00:41:38Z
142,32,5,,,2026-07-02T00:41:38Z
142,32,6,,,2026-07-02T00:41:38Z
142,32,7,,,2026-07-02T00:41:38Z
142,32,8,,,2026-07-02T00:41:38Z
142,32,9,,,2026-07-02T00:41:38Z
142,33,10,,,2026-07-02T00:41:38Z
142,33,11,,,2026-07-02T00:41:38Z
142,33,12,,,2026-07-02T00:41:38Z
142,33,13,,,2026-07-02T00:41:38Z
142,33,14,,,2026-07-02T00:41:38Z
142,33,15,,,2026-07-02T00:41:38Z
142,33,16,,,2026-07-02T00:41:38Z
142,33,17,,,2026-07-02T00:41:38Z
142,33,18,,,2026-07-02T00:41:38Z
142,33,19,,,2026-07-02T00:41:38Z
142,33,20,,,2026-07-02T00:41:38Z
142,33,3,,,2026-07-02T00:41:38Z
142,33,4,,,2026-07-02T00:41:38Z
142,33,5,,,2026-07-02T00:41:38Z
142,33,6,,,2026-07-02T00:41:38Z
142,33,7,,,2026-07-02T00:41:38Z
142,33,8,,,2026-07-02T00:41:38Z
142,33,9,,,2026-07-02T00:41:38Z
142,34,10,,,2026-07-02T00:41:38Z
142,34,11,,,2026-07-02T00:41:38Z
142,34,12,,,2026-07-02T00:41:38Z
142,34,13,,,2026-07-02T00:41:38Z
142,34,14,,,2026-07-02T00:41:38Z
142,34,15,,,2026-07-02T00:41:38Z
142,34,16,,,2026-07-02T00:41:38Z
142,34,17,,,2026-07-02T00:41:38Z
142,34,18,,,2026-07-02T00:41:38Z
142,34,2,,,2026-07-02T00:41:38Z
142,34,3,,,2026-07-02T00:41:38Z
142,34,4,,,2026-07-02T00:41:38Z
142,34,5,,,2026-07-02T00:41:38Z
142,34,6,,,2026-07-02T00:41:38Z
142,34,7,,,2026-07-02T00:41:38Z
142,34,8,,,2026-07-02T00:41:38Z
142,34,9,,,2026-07-02T00:41:38Z
142,35,10,,,2026-07-02T00:41:38Z
142,35,11,,,2026-07-02T00:41:38Z
142,35,12,,,2026-07-02T00:41:38Z
142,35,13,,,2026-07-02T00:41:38Z
142,35,14,,,2026-07-02T00:41:38Z
142,35,15,,,2026-07-02T00:41:38Z
142,35,16,,,2026-07-02T00:41:38Z
142,35,2,,,2026-07-02T00:41:38Z
142,35,3,,,2026-07-02T00:41:38Z
142,35,4,,,2026-07-02T00:41:38Z
142,35,5,,,2026-07-02T00:41:38Z
142,35,6,,,2026-07-02T00:41:38Z
142,35,7,,,2026-07-02T00:41:38Z
142,35,8,,,2026-07-02T00:41:38Z
142,35,9,,,2026-07-02T00:41:38Z
142,36,10,,,2026-07-02T00:41:38Z
142,36,11,,,2026-07-02T00:41:38Z
142,36,12,,,2026-07-02T00:41:38Z
142,36,13,,,2026-07-02T00:41:38Z
142,36,14,,,2026-07-02T00:41:38Z
142,36,2,,,2026-07-02T00:41:38Z
142,36,3,,,2026-07-02T00:41:38Z
142,36,4,,,2026-07-02T00:41:38Z
142,36,5,,,2026-07-02T00:41:38Z
142,36,6,,,2026-07-02T00:41:38Z
142,36,7,,,2026-07-02T00:41:38Z
142,36,8,,,2026-07-02T00:41:38Z
142,36,9,,,2026-07-02T00:41:38Z
143,17,10,,,2026-07-02T00:41:38Z
143,17,11,,,2026-07-02T00:41:38Z
143,17,12,,,2026-07-02T00:41:38Z
143,17,13,,,2026-07-02T00:41:38Z
143,17,14,,,2026-07-02T00:41:38Z
143,17,15,,,2026-07-02T00:41:38Z
143,17,16,,,2026-07-02T00:41:38Z
143,17,17,,,2026-07-02T00:41:38Z
143,17,18,,,2026-07-02T00:41:38Z
143,17,19,,,2026-07-02T00:41:38Z
143,17,20,,,2026-07-02T00:41:38Z
143,17,21,,,2026-07-02T00:41:38Z
143,17,22,,,2026-07-02T00:41:38Z
143,17,23,,,2026-07-02T00:41:38Z
143,17,3,,,2026-07-02T00:41:38Z
143,17,4,,,2026-07-02T00:41:38Z
143,17,5,,,2026-07-02T00:41:38Z
143,17,6,,,2026-07-02T00:41:38Z
143,17,7,,,2026-07-02T00:41:38Z
143,17,8,,,2026-07-02T00:41:38Z
143,17,9,,,2026-07-02T00:41:38Z
143,13,10,,,2026-07-02T00:41:38Z
143,13,7,,,2026-07-02T00:41:38Z
143,13,8,,,2026-07-02T00:41:38Z
143,13,9,,,2026-07-02T00:41:38Z
143,14,10,,,2026-07-02T00:41:38Z
143,14,11,,,2026-07-02T00:41:38Z
143,14,12,,,2026-07-02T00:41:38Z
143,14,13,,,2026-07-02T00:41:38Z
143,14,14,,,2026-07-02T00:41:38Z
143,14,15,,,2026-07-02T00:41:38Z
143,14,16,,,2026-07-02T00:41:38Z
143,14,17,,,2026-07-02T00:41:38Z
143,14,18,,,2026-07-02T00:41:38Z
143,14,19,,,2026-07-02T00:41:38Z
143,14,5,,,2026-07-02T00:41:38Z
143,14,6,,,2026-07-02T00:41:38Z
143,14,7,,,2026-07-02T00:41:38Z
143,14,8,,,2026-07-02T00:41:38Z
143,14,9,,,2026-07-02T00:41:38Z
143,15,10,,,2026-07-02T00:41:38Z
143,15,11,,,2026-07-02T00:41:38Z
143,15,12,,,2026-07-02T00:41:38Z
143,15,13,,,2026-07-02T00:41:38Z
143,15,14,,,2026-07-02T00:41:38Z
143,15,15,,,2026-07-02T00:41:38Z
143,15,16,,,2026-07-02T00:41:38Z
143,15,17,,,2026-07-02T00:41:38Z
143,15,18,,,2026-07-02T00:41:38Z
143,15,19,,,2026-07-02T00:41:38Z
143,15,20,,,2026-07-02T00:41:38Z
143,15,21,,,2026-07-02T00:41:38Z
143,15,22,,,2026-07-02T00:41:38Z
143,15,23,,,2026-07-02T00:41:38Z
143,16,11,,,2026-07-02T00:41:38Z
143,16,12,,,2026-07-02T00:41:38Z
143,16,13,,,2026-07-02T00:41:38Z
143,16,14,,,2026-07-02T00:41:38Z
143,16,15,,,2026-07-02T00:41:38Z
143,16,16,,,2026-07-02T00:41:38Z
143,16,17,,,2026-07-02T00:41:38Z
143,16,18,,,2026-07-02T00:41:38Z
143,16,19,,,2026-07-02T00:41:38Z
143,16,20,,,2026-07-02T00:41:38Z
143,16,21,,,2026-07-02T00:41:38Z
143,16,22,,,2026-07-02T00:41:38Z
143,16,23,,,2026-07-02T00:41:38Z
143,18,10,,,2026-07-02T00:41:38Z
143,18,11,,,2026-07-02T00:41:38Z
143,18,12,,,2026-07-02T00:41:38Z
143,18,13,,,2026-07-02T00:41:38Z
143,18,14,,,2026-07-02T00:41:38Z
143,18,15,,,2026-07-02T00:41:38Z
143,18,16,,,2026-07-02T00:41:38Z
143,18,17,,,2026-07-02T00:41:38Z
143,18,18,,,2026-07-02T00:41:38Z
143,18,19,,,2026-07-02T00:41:38Z
143,18,20,,,2026-07-02T00:41:38Z
143,18,21,,,2026-07-02T00:41:38Z
143,18,22,,,2026-07-02T00:41:38Z
143,18,23,,,2026-07-02T00:41:38Z
143,18,3,,,2026-07-02T00:41:38Z
143,18,4,,,2026-07-02T00:41:38Z
143,18,5,,,2026-07-02T00:41:38Z
143,18,6,,,2026-07-02T00:41:38Z
143,18,7,,,2026-07-02T00:41:38Z
143,18,8,,,2026-07-02T00:41:38Z
143,18,9,,,2026-07-02T00:41:38Z
143,19,10,,,2026-07-02T00:41:38Z
143,19,11,,,2026-07-02T00:41:38Z
143,19,12,,,2026-07-02T00:41:38Z
143,19,13,,,2026-07-02T00:41:38Z
143,19,14,,,2026-07-02T00:41:38Z
143,19,15,,,2026-07-02T00:41:38Z
143,19,16,,,2026-07-02T00:41:38Z
143,19,17,,,2026-07-02T00:41:38Z
143,19,18,,,2026-07-02T00:41:38Z
143,19,19,,,2026-07-02T00:41:38Z
143,19,20,,,2026-07-02T00:41:38Z
143,19,21,,,2026-07-02T00:41:38Z
143,19,22,,,2026-07-02T00:41:38Z
143,19,23,,,2026-07-02T00:41:38Z
143,19,3,,,2026-07-02T00:41:38Z
143,19,4,,,2026-07-02T00:41:38Z
143,19,5,,,2026-07-02T00:41:38Z
143,19,6,,,2026-07-02T00:41:38Z
143,19,7,,,2026-07-02T00:41:38Z
143,19,8,,,2026-07-02T00:41:38Z
143,19,9,,,2026-07-02T00:41:38Z
143,27,10,,,2026-07-02T00:41:38Z
143,27,2,,,2026-07-02T00:41:38Z
143,27,3,,,2026-07-02T00:41:38Z
143,27,4,,,2026-07-02T00:41:38Z
143,27,5,,,2026-07-02T00:41:38Z
143,27,6,,,2026-07-02T00:41:38Z
143,27,7,,,2026-07-02T00:41:38Z
143,27,8,,,2026-07-02T00:41:38Z
143,27,9,,,2026-07-02T00:41:38Z
143,20,10,,,2026-07-02T00:41:38Z
143,20,11,,,2026-07-02T00:41:38Z
143,20,12,,,2026-07-02T00:41:38Z
143,20,13,,,2026-07-02T00:41:38Z
143,20,14,,,2026-07-02T00:41:38Z
143,20,15,,,2026-07-02T00:41:38Z
143,20,16,,,2026-07-02T00:41:38Z
143,20,17,,,2026-07-02T00:41:38Z
143,20,18,,,2026-07-02T00:41:38Z
143,20,19,,,2026-07-02T00:41:38Z
143,20,20,,,2026-07-02T00:41:38Z
143,20,21,,,2026-07-02T00:41:38Z
143,20,22,,,2026-07-02T00:41:38Z
143,20,23,,,2026-07-02T00:41:38Z
143,20,3,,,2026-07-02T00:41:38Z
143,20,4,,,2026-07-02T00:41:38Z
143,20,5,,,2026-07-02T00:41:38Z
143,20,6,,,2026-07-02T00:41:38Z
143,20,7,,,2026-07-02T00:41:38Z
143,20,8,,,2026-07-02T00:41:38Z
143,20,9,,,2026-07-02T00:41:38Z
143,21,10,,,2026-07-02T00:41:38Z
143,21,11,,,2026-07-02T00:41:38Z
143,21,12,,,2026-07-02T00:41:38Z
143,21,13,,,2026-07-02T00:41:38Z
143,21,14,,,2026-07-02T00:41:38Z
143,21,15,,,2026-07-02T00:41:38Z
143,21,16,,,2026-07-02T00:41:38Z
143,21,17,,,2026-07-02T00:41:38Z
143,21,18,,,2026-07-02T00:41:38Z
143,21,19,,,2026-07-02T00:41:38Z
143,21,20,,,2026-07-02T00:41:38Z
143,21,21,,,2026-07-02T00:41:38Z
143,21,22,,,2026-07-02T00:41:38Z
143,21,3,,,2026-07-02T00:41:38Z
143,21,4,,,2026-07-02T00:41:38Z
143,21,5,,,2026-07-02T00:41:38Z
143,21,6,,,2026-07-02T00:41:38Z
143,21,7,,,2026-07-02T00:41:38Z
143,21,8,,,2026-07-02T00:41:38Z
143,21,9,,,2026-07-02T00:41:38Z
143,22,10,,,2026-07-02T00:41:38Z
143,22,11,,,2026-07-02T00:41:38Z
143,22,12,,,2026-07-02T00:41:38Z
143,22,13,,,2026-07-02T00:41:38Z
143,22,14,,,2026-07-02T00:41:38Z
143,22,15,,,2026-07-02T00:41:38Z
143,22,16,,,2026-07-02T00:41:38Z
143,22,17,,,2026-07-02T00:41:38Z
143,22,18,,,2026-07-02T00:41:38Z
143,22,19,,,2026-07-02T00:41:38Z
143,22,20,,,2026-07-02T00:41:38Z
143,22,3,,,2026-07-02T00:41:38Z
143,22,4,,,2026-07-02T00:41:38Z
143,22,5,,,2026-07-02T00:41:38Z
143,22,6,,,2026-07-02T00:41:38Z
143,22,7,,,2026-07-02T00:41:38Z
143,22,8,,,2026-07-02T00:41:38Z
143,22,9,,,2026-07-02T00:41:38Z
143,23,10,,,2026-07-02T00:41:38Z
143,23,11,,,2026-07-02T00:41:38Z
143,23,12,,,2026-07-02T00:41:38Z
143,23,13,,,2026-07-02T00:41:38Z
143,23,14,,,2026-07-02T00:41:38Z
143,23,15,,,2026-07-02T00:41:38Z
143,23,16,,,2026-07-02T00:41:38Z
143,23,17,,,2026-07-02T00:41:38Z
143,23,18,,,2026-07-02T00:41:38Z
143,23,2,,,2026-07-02T00:41:38Z
143,23,3,,,2026-07-02T00:41:38Z
143,23,4,,,2026-07-02T00:41:38Z
143,23,5,,,2026-07-02T00:41:38Z
143,23,6,,,2026-07-02T00:41:38Z
143,23,7,,,2026-07-02T00:41:38Z
143,23,8,,,2026-07-02T00:41:38Z
143,23,9,,,2026-07-02T00:41:38Z
143,24,10,,,2026-07-02T00:41:38Z
143,24,11,,,2026-07-02T00:41:38Z
143,24,12,,,2026-07-02T00:41:38Z
143,24,13,,,2026-07-02T00:41:38Z
143,24,14,,,2026-07-02T00:41:38Z
143,24,15,,,2026-07-02T00:41:38Z
143,24,16,,,2026-07-02T00:41:38Z
143,24,2,,,2026-07-02T00:41:38Z
143,24,3,,,2026-07-02T00:41:38Z
143,24,4,,,2026-07-02T00:41:38Z
143,24,5,,,2026-07-02T00:41:38Z
143,24,6,,,2026-07-02T00:41:38Z
143,24,7,,,2026-07-02T00:41:38Z
143,24,8,,,2026-07-02T00:41:38Z
143,24,9,,,2026-07-02T00:41:38Z
143,25,10,,,2026-07-02T00:41:38Z
143,25,11,,,2026-07-02T00:41:38Z
143,25,12,,,2026-07-02T00:41:38Z
143,25,13,,,2026-07-02T00:41:38Z
143,25,14,,,2026-07-02T00:41:38Z
143,25,2,,,2026-07-02T00:41:38Z
143,25,3,,,2026-07-02T00:41:38Z
143,25,4,,,2026-07-02T00:41:38Z
143,25,5,,,2026-07-02T00:41:38Z
143,25,6,,,2026-07-02T00:41:38Z
143,25,7,,,2026-07-02T00:41:38Z
143,25,8,,,2026-07-02T00:41:38Z
143,25,9,,,2026-07-02T00:41:38Z
143,26,10,,,2026-07-02T00:41:38Z
143,26,11,,,2026-07-02T00:41:38Z
143,26,12,,,2026-07-02T00:41:38Z
143,26,2,,,2026-07-02T00:41:38Z
143,26,3,,,2026-07-02T00:41:38Z
143,26,4,,,2026-07-02T00:41:38Z
143,26,5,,,2026-07-02T00:41:38Z
143,26,6,,,2026-07-02T00:41:38Z
143,26,7,,,2026-07-02T00:41:38Z
143,26,8,,,2026-07-02T00:41:38Z
143,26,9,,,2026-07-02T00:41:38Z
143,28,1,,,2026-07-02T00:41:38Z
143,28,2,,,2026-07-02T00:41:38Z
143,28,3,,,2026-07-02T00:41:38Z
143,28,4,,,2026-07-02T00:41:38Z
143,28,5,,,2026-07-02T00:41:38Z
143,28,6,,,2026-07-02T00:41:38Z
143,28,7,,,2026-07-02T00:41:38Z
143,28,8,,,2026-07-02T00:41:38Z
143,29,1,,,2026-07-02T00:41:38Z
143,29,2,,,2026-07-02T00:41:38Z
143,29,3,,,2026-07-02T00:41:38Z
143,29,4,,,2026-07-02T00:41:38Z
143,29,5,,,2026-07-02T00:41:38Z
143,29,6,,,2026-07-02T00:41:38Z
143,30,1,,,2026-07-02T00:41:38Z
143,30,2,,,2026-07-02T00:41:38Z
143,31,1,,,2026-07-02T00:41:38Z
143,31,2,,,2026-07-02T00:41:38Z
144,17,1,,,2026-07-02T00:41:38Z
144,17,2,,,2026-07-02T00:41:38Z
144,17,3,,,2026-07-02T00:41:38Z
144,17,4,,,2026-07-02T00:41:38Z
144,17,5,,,2026-07-02T00:41:38Z
144,17,6,,,2026-07-02T00:41:38Z
144,17,7,,,2026-07-02T00:41:38Z
144,17,8,,,2026-07-02T00:41:38Z
144,13,10,,,2026-07-02T00:41:38Z
144,13,11,,,2026-07-02T00:41:38Z
144,13,12,,,2026-07-02T00:41:38Z
144,13,13,,,2026-07-02T00:41:38Z
144,13,14,,,2026-07-02T00:41:38Z
144,13,15,,,2026-07-02T00:41:38Z
144,13,16,,,2026-07-02T00:41:38Z
144,13,5,,,2026-07-02T00:41:38Z
144,13,6,,,2026-07-02T00:41:38Z
144,13,7,,,2026-07-02T00:41:38Z
144,13,8,,,2026-07-02T00:41:38Z
144,13,9,,,2026-07-02T00:41:38Z
144,14,10,,,2026-07-02T00:41:38Z
144,14,11,,,2026-07-02T00:41:38Z
144,14,8,,,2026-07-02T00:41:38Z
144,14,9,,,2026-07-02T00:41:38Z
144,15,10,,,2026-07-02T00:41:38Z
144,15,11,,,2026-07-02T00:41:38Z
144,15,12,,,2026-07-02T00:41:38Z
144,15,2,,,2026-07-02T00:41:38Z
144,15,3,,,2026-07-02T00:41:38Z
144,15,4,,,2026-07-02T00:41:38Z
144,15,5,,,2026-07-02T00:41:38Z
144,15,6,,,2026-07-02T00:41:38Z
144,15,7,,,2026-07-02T00:41:38Z
144,15,8,,,2026-07-02T00:41:38Z
144,15,9,,,2026-07-02T00:41:38Z
144,16,10,,,2026-07-02T00:41:38Z
144,16,3,,,2026-07-02T00:41:38Z
144,16,4,,,2026-07-02T00:41:38Z
144,16,5,,,2026-07-02T00:41:38Z
144,16,6,,,2026-07-02T00:41:38Z
144,16,7,,,2026-07-02T00:41:38Z
144,16,8,,,2026-07-02T00:41:38Z
144,16,9,,,2026-07-02T00:41:38Z
144,18,1,,,2026-07-02T00:41:38Z
144,18,2,,,2026-07-02T00:41:38Z
144,18,3,,,2026-07-02T00:41:38Z
144,18,4,,,2026-07-02T00:41:38Z
144,18,5,,,2026-07-02T00:41:38Z
144,18,6,,,2026-07-02T00:41:38Z
145AW,1,1,,,2026-07-02T00:41:38Z
145AW,1,12,,,2026-07-02T00:41:38Z
145AW,1,13,,,2026-07-02T00:41:38Z
145AW,1,20,,,2026-07-02T00:41:38Z
145AW,1,25,,,2026-07-02T00:41:38Z
145AW,1,4,,,2026-07-02T00:41:38Z
145AW,1,5,,,2026-07-02T00:41:38Z
145AW,1,8,,,2026-07-02T00:41:38Z
145AW,1,9,,,2026-07-02T00:41:38Z
145AW,1,10,,,2026-07-02T00:41:38Z
145AW,1,11,,,2026-07-02T00:41:38Z
145AW,1,14,,,2026-07-02T00:41:38Z
145AW,1,15,,,2026-07-02T00:41:38Z
145AW,1,2,,,2026-07-02T00:41:38Z
145AW,1,24,,,2026-07-02T00:41:38Z
145AW,1,3,,,2026-07-02T00:41:38Z
145AW,1,6,,,2026-07-02T00:41:38Z
145AW,1,7,,,2026-07-02T00:41:38Z
145BW,1,29,,,2026-07-02T00:41:38Z
145BW,1,30,,,2026-07-02T00:41:38Z
145BW,1,69,,,2026-07-02T00:41:38Z
145BW,1,31,,,2026-07-02T00:41:38Z
145BW,1,32,,,2026-07-02T00:41:38Z
145BW,1,35,,,2026-07-02T00:41:38Z
145BW,1,36,,,2026-07-02T00:41:38Z
145BW,1,45,,,2026-07-02T00:41:38Z
145BW,1,46,,,2026-07-02T00:41:38Z
145BW,1,63,,,2026-07-02T00:41:38Z
145BW,1,66,,,2026-07-02T00:41:38Z
200,10,1,,,2026-07-02T00:41:38Z
200,10,2,,,2026-07-02T00:41:38Z
200,10,3,,,2026-07-02T00:41:38Z
200,10,4,,,2026-07-02T00:41:38Z
200,10,5,,,2026-07-02T00:41:38Z
200,10,6,,,2026-07-02T00:41:38Z
200,10,7,,,2026-07-02T00:41:38Z
200,10,8,,,2026-07-02T00:41:38Z
200,10,9,,,2026-07-02T00:41:38Z
200,11,1,,,2026-07-02T00:41:38Z
200,11,2,,,2026-07-02T00:41:38Z
200,11,3,,,2026-07-02T00:41:38Z
200,11,4,,,2026-07-02T00:41:38Z
200,11,5,,,2026-07-02T00:41:38Z
200,11,6,,,2026-07-02T00:41:38Z
200,11,7,,,2026-07-02T00:41:38Z
200,11,8,,,2026-07-02T00:41:38Z
200,11,9,,,2026-07-02T00:41:38Z
200,1,1,,,2026-07-02T00:41:38Z
200,2,4,,,2026-07-02T00:41:38Z
200,2,5,,,2026-07-02T00:41:38Z
200,2,6,,,2026-07-02T00:41:38Z
200,2,7,,,2026-07-02T00:41:38Z
200,2,8,,,2026-07-02T00:41:38Z
200,2,9,,,2026-07-02T00:41:38Z
200,2,1,,,2026-07-02T00:41:38Z
200,2,2,,,2026-07-02T00:41:38Z
200,2,3,,,2026-07-02T00:41:38Z
200,3,4,,,2026-07-02T00:41:38Z
200,3,5,,,2026-07-02T00:41:38Z
200,3,6,,,2026-07-02T00:41:38Z
200,3,7,,,2026-07-02T00:41:38Z
200,3,8,,,2026-07-02T00:41:38Z
200,3,9,,,2026-07-02T00:41:38Z
200,3,1,,,2026-07-02T00:41:38Z
200,3,2,,,2026-07-02T00:41:38Z
200,3,3,,,2026-07-02T00:41:38Z
200,4,4,,,2026-07-02T00:41:38Z
200,4,5,,,2026-07-02T00:41:38Z
200,4,6,,,2026-07-02T00:41:38Z
200,4,7,,,2026-07-02T00:41:38Z
200,4,8,,,2026-07-02T00:41:38Z
200,4,9,,,2026-07-02T00:41:38Z
200,4,1,,,2026-07-02T00:41:38Z
200,4,2,,,2026-07-02T00:41:38Z
200,4,3,,,2026-07-02T00:41:38Z
200,5,4,,,2026-07-02T00:41:38Z
200,5,5,,,2026-07-02T00:41:38Z
200,5,6,,,2026-07-02T00:41:38Z
200,5,7,,,2026-07-02T00:41:38Z
200,5,8,,,2026-07-02T00:41:38Z
200,5,9,,,2026-07-02T00:41:38Z
200,5,1,,,2026-07-02T00:41:38Z
200,5,2,,,2026-07-02T00:41:38Z
200,5,3,,,2026-07-02T00:41:38Z
200,6,4,,,2026-07-02T00:41:38Z
200,6,5,,,2026-07-02T00:41:38Z
200,6,6,,,2026-07-02T00:41:38Z
200,6,7,,,2026-07-02T00:41:38Z
200,6,8,,,2026-07-02T00:41:38Z
200,6,9,,,2026-07-02T00:41:38Z
200,6,1,,,2026-07-02T00:41:38Z
200,6,2,,,2026-07-02T00:41:38Z
200,6,3,,,2026-07-02T00:41:38Z
200,7,4,,,2026-07-02T00:41:38Z
200,7,5,,,2026-07-02T00:41:38Z
200,7,6,,,2026-07-02T00:41:38Z
200,7,7,,,2026-07-02T00:41:38Z
200,7,8,,,2026-07-02T00:41:38Z
200,7,9,,,2026-07-02T00:41:38Z
200,7,1,,,2026-07-02T00:41:38Z
200,7,2,,,2026-07-02T00:41:38Z
200,7,3,,,2026-07-02T00:41:38Z
200,8,4,,,2026-07-02T00:41:38Z
200,8,5,,,2026-07-02T00:41:38Z
200,8,6,,,2026-07-02T00:41:38Z
200,8,7,,,2026-07-02T00:41:38Z
200,8,8,,,2026-07-02T00:41:38Z
200,8,9,,,2026-07-02T00:41:38Z
200,8,1,,,2026-07-02T00:41:38Z
200,8,2,,,2026-07-02T00:41:38Z
200,8,3,,,2026-07-02T00:41:38Z
200,9,4,,,2026-07-02T00:41:38Z
200,9,5,,,2026-07-02T00:41:38Z
200,9,6,,,2026-07-02T00:41:38Z
200,9,7,,,2026-07-02T00:41:38Z
200,9,8,,,2026-07-02T00:41:38Z
200,9,9,,,2026-07-02T00:41:38Z
200,9,1,,,2026-07-02T00:41:38Z
200,9,2,,,2026-07-02T00:41:38Z
200,9,3,,,2026-07-02T00:41:38Z
201,10,10,,,2026-07-02T00:41:38Z
201,10,11,,,2026-07-02T00:41:38Z
201,10,12,,,2026-07-02T00:41:38Z
201,10,13,,,2026-07-02T00:41:38Z
201,10,14,,,2026-07-02T00:41:38Z
201,10,15,,,2026-07-02T00:41:38Z
201,10,2,,,2026-07-02T00:41:38Z
201,10,3,,,2026-07-02T00:41:38Z
201,10,4,,,2026-07-02T00:41:38Z
201,10,5,,,2026-07-02T00:41:38Z
201,10,6,,,2026-07-02T00:41:38Z
201,10,7,,,2026-07-02T00:41:38Z
201,10,8,,,2026-07-02T00:41:38Z
201,10,9,,,2026-07-02T00:41:38Z
201,11,10,,,2026-07-02T00:41:38Z
201,11,11,,,2026-07-02T00:41:38Z
201,11,12,,,2026-07-02T00:41:38Z
201,11,13,,,2026-07-02T00:41:38Z
201,11,14,,,2026-07-02T00:41:38Z
201,11,15,,,2026-07-02T00:41:38Z
201,11,16,,,2026-07-02T00:41:38Z
201,11,2,,,2026-07-02T00:41:38Z
201,11,3,,,2026-07-02T00:41:38Z
201,11,4,,,2026-07-02T00:41:38Z
201,11,5,,,2026-07-02T00:41:38Z
201,11,6,,,2026-07-02T00:41:38Z
201,11,7,,,2026-07-02T00:41:38Z
201,11,8,,,2026-07-02T00:41:38Z
201,11,9,,,2026-07-02T00:41:38Z
201,2,4,,,2026-07-02T00:41:38Z
201,2,5,,,2026-07-02T00:41:38Z
201,2,6,,,2026-07-02T00:41:38Z
201,2,7,,,2026-07-02T00:41:38Z
201,2,8,,,2026-07-02T00:41:38Z
201,2,1,,,2026-07-02T00:41:38Z
201,2,2,,,2026-07-02T00:41:38Z
201,2,3,,,2026-07-02T00:41:38Z
201,3,4,,,2026-07-02T00:41:38Z
201,3,5,,,2026-07-02T00:41:38Z
201,3,6,,,2026-07-02T00:41:38Z
201,3,7,,,2026-07-02T00:41:38Z
201,3,8,,,2026-07-02T00:41:38Z
201,3,9,,,2026-07-02T00:41:38Z
201,3,1,,,2026-07-02T00:41:38Z
201,3,2,,,2026-07-02T00:41:38Z
201,3,3,,,2026-07-02T00:41:38Z
201,4,4,,,2026-07-02T00:41:38Z
201,4,5,,,2026-07-02T00:41:38Z
201,4,6,,,2026-07-02T00:41:38Z
201,4,7,,,2026-07-02T00:41:38Z
201,4,8,,,2026-07-02T00:41:38Z
201,4,9,,,2026-07-02T00:41:38Z
201,4,1,,,2026-07-02T00:41:38Z
201,4,10,,,2026-07-02T00:41:38Z
201,4,2,,,2026-07-02T00:41:38Z
201,4,3,,,2026-07-02T00:41:38Z
201,5,4,,,2026-07-02T00:41:38Z
201,5,5,,,2026-07-02T00:41:38Z
201,5,6,,,2026-07-02T00:41:38Z
201,5,7,,,2026-07-02T00:41:38Z
201,5,8,,,2026-07-02T00:41:38Z
201,5,9,,,2026-07-02T00:41:38Z
201,5,1,,,2026-07-02T00:41:38Z
201,5,10,,,2026-07-02T00:41:38Z
201,5,2,,,2026-07-02T00:41:38Z
201,5,3,,,2026-07-02T00:41:38Z
201,6,4,,,2026-07-02T00:41:38Z
201,6,5,,,2026-07-02T00:41:38Z
201,6,6,,,2026-07-02T00:41:38Z
201,6,7,,,2026-07-02T00:41:38Z
201,6,8,,,2026-07-02T00:41:38Z
201,6,9,,,2026-07-02T00:41:38Z
201,6,1,,,2026-07-02T00:41:38Z
201,6,10,,,2026-07-02T00:41:38Z
201,6,11,,,2026-07-02T00:41:38Z
201,6,2,,,2026-07-02T00:41:38Z
201,6,3,,,2026-07-02T00:41:38Z
201,7,4,,,2026-07-02T00:41:38Z
201,7,5,,,2026-07-02T00:41:38Z
201,7,6,,,2026-07-02T00:41:38Z
201,7,7,,,2026-07-02T00:41:38Z
201,7,8,,,2026-07-02T00:41:38Z
201,7,9,,,2026-07-02T00:41:38Z
201,7,1,,,2026-07-02T00:41:38Z
201,7,10,,,2026-07-02T00:41:38Z
201,7,11,,,2026-07-02T00:41:38Z
201,7,12,,,2026-07-02T00:41:38Z
201,7,2,,,2026-07-02T00:41:38Z
201,7,3,,,2026-07-02T00:41:38Z
201,8,4,,,2026-07-02T00:41:38Z
201,8,5,,,2026-07-02T00:41:38Z
201,8,6,,,2026-07-02T00:41:38Z
201,8,7,,,2026-07-02T00:41:38Z
201,8,8,,,2026-07-02T00:41:38Z
201,8,9,,,2026-07-02T00:41:38Z
201,8,1,,,2026-07-02T00:41:38Z
201,8,10,,,2026-07-02T00:41:38Z
201,8,11,,,2026-07-02T00:41:38Z
201,8,12,,,2026-07-02T00:41:38Z
201,8,13,,,2026-07-02T00:41:38Z
201,8,2,,,2026-07-02T00:41:38Z
201,8,3,,,2026-07-02T00:41:38Z
201,9,4,,,2026-07-02T00:41:38Z
201,9,5,,,2026-07-02T00:41:38Z
201,9,6,,,2026-07-02T00:41:38Z
201,9,7,,,2026-07-02T00:41:38Z
201,9,8,,,2026-07-02T00:41:38Z
201,9,9,,,2026-07-02T00:41:38Z
201,9,1,,,2026-07-02T00:41:38Z
201,9,10,,,2026-07-02T00:41:38Z
201,9,11,,,2026-07-02T00:41:38Z
201,9,12,,,2026-07-02T00:41:38Z
201,9,13,,,2026-07-02T00:41:38Z
201,9,14,,,2026-07-02T00:41:38Z
201,9,2,,,2026-07-02T00:41:38Z
201,9,3,,,2026-07-02T00:41:38Z
202,10,10,,,2026-07-02T00:41:38Z
202,10,11,,,2026-07-02T00:41:38Z
202,10,12,,,2026-07-02T00:41:38Z
202,10,13,,,2026-07-02T00:41:38Z
202,10,14,,,2026-07-02T00:41:38Z
202,10,15,,,2026-07-02T00:41:38Z
202,10,16,,,2026-07-02T00:41:38Z
202,10,17,,,2026-07-02T00:41:38Z
202,10,18,,,2026-07-02T00:41:38Z
202,10,2,,,2026-07-02T00:41:38Z
202,10,3,,,2026-07-02T00:41:38Z
202,10,4,,,2026-07-02T00:41:38Z
202,10,5,,,2026-07-02T00:41:38Z
202,10,6,,,2026-07-02T00:41:38Z
202,10,7,,,2026-07-02T00:41:38Z
202,10,8,,,2026-07-02T00:41:38Z
202,10,9,,,2026-07-02T00:41:38Z
202,11,10,,,2026-07-02T00:41:38Z
202,11,11,,,2026-07-02T00:41:38Z
202,11,12,,,2026-07-02T00:41:38Z
202,11,13,,,2026-07-02T00:41:38Z
202,11,14,,,2026-07-02T00:41:38Z
202,11,15,,,2026-07-02T00:41:38Z
202,11,16,,,2026-07-02T00:41:38Z
202,11,17,,,2026-07-02T00:41:38Z
202,11,18,,,2026-07-02T00:41:38Z
202,11,2,,,2026-07-02T00:41:38Z
202,11,3,,,2026-07-02T00:41:38Z
202,11,4,,,2026-07-02T00:41:38Z
202,11,5,,,2026-07-02T00:41:38Z
202,11,6,,,2026-07-02T00:41:38Z
202,11,7,,,2026-07-02T00:41:38Z
202,11,8,,,2026-07-02T00:41:38Z
202,11,9,,,2026-07-02T00:41:38Z
202,1,8,,,2026-07-02T00:41:38Z
202,1,9,,,2026-07-02T00:41:38Z
202,1,1,,,2026-07-02T00:41:38Z
202,1,10,,,2026-07-02T00:41:38Z
202,1,11,,,2026-07-02T00:41:38Z
202,1,12,,,2026-07-02T00:41:38Z
202,1,13,,,2026-07-02T00:41:38Z
202,1,2,,,2026-07-02T00:41:38Z
202,1,3,,,2026-07-02T00:41:38Z
202,2,4,,,2026-07-02T00:41:38Z
202,2,5,,,2026-07-02T00:41:38Z
202,2,6,,,2026-07-02T00:41:38Z
202,2,7,,,2026-07-02T00:41:38Z
202,2,8,,,2026-07-02T00:41:38Z
202,2,9,,,2026-07-02T00:41:38Z
202,2,10,,,2026-07-02T00:41:38Z
202,2,11,,,2026-07-02T00:41:38Z
202,2,12,,,2026-07-02T00:41:38Z
202,2,13,,,2026-07-02T00:41:38Z
202,2,14,,,2026-07-02T00:41:38Z
202,2,15,,,2026-07-02T00:41:38Z
202,2,16,,,2026-07-02T00:41:38Z
202,2,17,,,2026-07-02T00:41:38Z
202,2,18,,,2026-07-02T00:41:38Z
202,2,3,,,2026-07-02T00:41:38Z
202,3,4,,,2026-07-02T00:41:38Z
202,3,5,,,2026-07-02T00:41:38Z
202,3,6,,,2026-07-02T00:41:38Z
202,3,7,,,2026-07-02T00:41:38Z
202,3,8,,,2026-07-02T00:41:38Z
202,3,9,,,2026-07-02T00:41:38Z
202,3,1,,,2026-07-02T00:41:38Z
202,3,10,,,2026-07-02T00:41:38Z
202,3,11,,,2026-07-02T00:41:38Z
202,3,12,,,2026-07-02T00:41:38Z
202,3,13,,,2026-07-02T00:41:38Z
202,3,14,,,2026-07-02T00:41:38Z
202,3,15,,,2026-07-02T00:41:38Z
202,3,16,,,2026-07-02T00:41:38Z
202,3,17,,,2026-07-02T00:41:38Z
202,3,18,,,2026-07-02T00:41:38Z
202,3,2,,,2026-07-02T00:41:38Z
202,3,3,,,2026-07-02T00:41:38Z
202,4,4,,,2026-07-02T00:41:38Z
202,4,5,,,2026-07-02T00:41:38Z
202,4,6,,,2026-07-02T00:41:38Z
202,4,7,,,2026-07-02T00:41:38Z
202,4,8,,,2026-07-02T00:41:38Z
202,4,9,,,2026-07-02T00:41:38Z
202,4,1,,,2026-07-02T00:41:38Z
202,4,10,,,2026-07-02T00:41:38Z
202,4,11,,,2026-07-02T00:41:38Z
202,4,12,,,2026-07-02T00:41:38Z
202,4,13,,,2026-07-02T00:41:38Z
202,4,14,,,2026-07-02T00:41:38Z
202,4,15,,,2026-07-02T00:41:38Z
202,4,16,,,2026-07-02T00:41:38Z
202,4,17,,,2026-07-02T00:41:38Z
202,4,18,,,2026-07-02T00:41:38Z
202,4,2,,,2026-07-02T00:41:38Z
202,4,3,,,2026-07-02T00:41:38Z
202,5,4,,,2026-07-02T00:41:38Z
202,5,5,,,2026-07-02T00:41:38Z
202,5,6,,,2026-07-02T00:41:38Z
202,5,7,,,2026-07-02T00:41:38Z
202,5,8,,,2026-07-02T00:41:38Z
202,5,9,,,2026-07-02T00:41:38Z
202,5,1,,,2026-07-02T00:41:38Z
202,5,10,,,2026-07-02T00:41:38Z
202,5,11,,,2026-07-02T00:41:38Z
202,5,12,,,2026-07-02T00:41:38Z
202,5,13,,,2026-07-02T00:41:38Z
202,5,14,,,2026-07-02T00:41:38Z
202,5,15,,,2026-07-02T00:41:38Z
202,5,16,,,2026-07-02T00:41:38Z
202,5,17,,,2026-07-02T00:41:38Z
202,5,18,,,2026-07-02T00:41:38Z
202,5,2,,,2026-07-02T00:41:38Z
202,5,3,,,2026-07-02T00:41:38Z
202,6,4,,,2026-07-02T00:41:38Z
202,6,5,,,2026-07-02T00:41:38Z
202,6,6,,,2026-07-02T00:41:38Z
202,6,7,,,2026-07-02T00:41:38Z
202,6,8,,,2026-07-02T00:41:38Z
202,6,9,,,2026-07-02T00:41:38Z
202,6,1,,,2026-07-02T00:41:38Z
202,6,10,,,2026-07-02T00:41:38Z
202,6,11,,,2026-07-02T00:41:38Z
202,6,12,,,2026-07-02T00:41:38Z
202,6,13,,,2026-07-02T00:41:38Z
202,6,14,,,2026-07-02T00:41:38Z
202,6,15,,,2026-07-02T00:41:38Z
202,6,16,,,2026-07-02T00:41:38Z
202,6,17,,,2026-07-02T00:41:38Z
202,6,18,,,2026-07-02T00:41:38Z
202,6,2,,,2026-07-02T00:41:38Z
202,6,3,,,2026-07-02T00:41:38Z
202,7,4,,,2026-07-02T00:41:38Z
202,7,5,,,2026-07-02T00:41:38Z
202,7,6,,,2026-07-02T00:41:38Z
202,7,7,,,2026-07-02T00:41:38Z
202,7,8,,,2026-07-02T00:41:38Z
202,7,9,,,2026-07-02T00:41:38Z
202,7,1,,,2026-07-02T00:41:38Z
202,7,10,,,2026-07-02T00:41:38Z
202,7,11,,,2026-07-02T00:41:38Z
202,7,12,,,2026-07-02T00:41:38Z
202,7,13,,,2026-07-02T00:41:38Z
202,7,14,,,2026-07-02T00:41:38Z
202,7,15,,,2026-07-02T00:41:38Z
202,7,16,,,2026-07-02T00:41:38Z
202,7,17,,,2026-07-02T00:41:38Z
202,7,18,,,2026-07-02T00:41:38Z
202,7,2,,,2026-07-02T00:41:38Z
202,7,3,,,2026-07-02T00:41:38Z
202,8,4,,,2026-07-02T00:41:38Z
202,8,5,,,2026-07-02T00:41:38Z
202,8,6,,,2026-07-02T00:41:38Z
202,8,7,,,2026-07-02T00:41:38Z
202,8,8,,,2026-07-02T00:41:38Z
202,8,9,,,2026-07-02T00:41:38Z
202,8,1,,,2026-07-02T00:41:38Z
202,8,10,,,2026-07-02T00:41:38Z
202,8,11,,,2026-07-02T00:41:38Z
202,8,12,,,2026-07-02T00:41:38Z
202,8,13,,,2026-07-02T00:41:38Z
202,8,14,,,2026-07-02T00:41:38Z
202,8,15,,,2026-07-02T00:41:38Z
202,8,16,,,2026-07-02T00:41:38Z
202,8,17,,,2026-07-02T00:41:38Z
202,8,18,,,2026-07-02T00:41:38Z
202,8,2,,,2026-07-02T00:41:38Z
202,8,3,,,2026-07-02T00:41:38Z
202,9,4,,,2026-07-02T00:41:38Z
202,9,5,,,2026-07-02T00:41:38Z
202,9,6,,,2026-07-02T00:41:38Z
202,9,7,,,2026-07-02T00:41:38Z
202,9,8,,,2026-07-02T00:41:38Z
202,9,9,,,2026-07-02T00:41:38Z
202,9,1,,,2026-07-02T00:41:38Z
202,9,10,,,2026-07-02T00:41:38Z
202,9,11,,,2026-07-02T00:41:38Z
202,9,12,,,2026-07-02T00:41:38Z
202,9,13,,,2026-07-02T00:41:38Z
202,9,14,,,2026-07-02T00:41:38Z
202,9,15,,,2026-07-02T00:41:38Z
202,9,16,,,2026-07-02T00:41:38Z
202,9,17,,,2026-07-02T00:41:38Z
202,9,18,,,2026-07-02T00:41:38Z
202,9,2,,,2026-07-02T00:41:38Z
202,9,3,,,2026-07-02T00:41:38Z
203,10,10,,,2026-07-02T00:41:38Z
203,10,11,,,2026-07-02T00:41:38Z
203,10,12,,,2026-07-02T00:41:38Z
203,10,13,,,2026-07-02T00:41:38Z
203,10,14,,,2026-07-02T00:41:38Z
203,10,15,,,2026-07-02T00:41:38Z
203,10,16,,,2026-07-02T00:41:38Z
203,10,17,,,2026-07-02T00:41:38Z
203,10,18,,,2026-07-02T00:41:38Z
203,10,2,,,2026-07-02T00:41:38Z
203,10,3,,,2026-07-02T00:41:38Z
203,10,4,,,2026-07-02T00:41:38Z
203,10,5,,,2026-07-02T00:41:38Z
203,10,6,,,2026-07-02T00:41:38Z
203,10,7,,,2026-07-02T00:41:38Z
203,10,8,,,2026-07-02T00:41:38Z
203,10,9,,,2026-07-02T00:41:38Z
203,11,10,,,2026-07-02T00:41:38Z
203,11,11,,,2026-07-02T00:41:38Z
203,11,12,,,2026-07-02T00:41:38Z
203,11,13,,,2026-07-02T00:41:38Z
203,11,14,,,2026-07-02T00:41:38Z
203,11,15,,,2026-07-02T00:41:38Z
203,11,16,,,2026-07-02T00:41:38Z
203,11,17,,,2026-07-02T00:41:38Z
203,11,18,,,2026-07-02T00:41:38Z
203,11,2,,,2026-07-02T00:41:38Z
203,11,3,,,2026-07-02T00:41:38Z
203,11,4,,,2026-07-02T00:41:38Z
203,11,5,,,2026-07-02T00:41:38Z
203,11,6,,,2026-07-02T00:41:38Z
203,11,7,,,2026-07-02T00:41:38Z
203,11,8,,,2026-07-02T00:41:38Z
203,11,9,,,2026-07-02T00:41:38Z
203,1,4,,,2026-07-02T00:41:38Z
203,1,5,,,2026-07-02T00:41:38Z
203,1,6,,,2026-07-02T00:41:38Z
203,1,7,,,2026-07-02T00:41:38Z
203,1,11,,,2026-07-02T00:41:38Z
203,1,12,,,2026-07-02T00:41:38Z
203,1,13,,,2026-07-02T00:41:38Z
203,1,14,,,2026-07-02T00:41:38Z
203,1,3,,,2026-07-02T00:41:38Z
203,2,5,,,2026-07-02T00:41:38Z
203,2,6,,,2026-07-02T00:41:38Z
203,2,7,,,2026-07-02T00:41:38Z
203,2,8,,,2026-07-02T00:41:38Z
203,2,9,,,2026-07-02T00:41:38Z
203,2,10,,,2026-07-02T00:41:38Z
203,2,11,,,2026-07-02T00:41:38Z
203,2,12,,,2026-07-02T00:41:38Z
203,2,13,,,2026-07-02T00:41:38Z
203,2,14,,,2026-07-02T00:41:38Z
203,2,15,,,2026-07-02T00:41:38Z
203,2,16,,,2026-07-02T00:41:38Z
203,2,17,,,2026-07-02T00:41:38Z
203,2,18,,,2026-07-02T00:41:38Z
203,3,4,,,2026-07-02T00:41:38Z
203,3,5,,,2026-07-02T00:41:38Z
203,3,6,,,2026-07-02T00:41:38Z
203,3,7,,,2026-07-02T00:41:38Z
203,3,8,,,2026-07-02T00:41:38Z
203,3,9,,,2026-07-02T00:41:38Z
203,3,1,,,2026-07-02T00:41:38Z
203,3,10,,,2026-07-02T00:41:38Z
203,3,11,,,2026-07-02T00:41:38Z
203,3,12,,,2026-07-02T00:41:38Z
203,3,13,,,2026-07-02T00:41:38Z
203,3,14,,,2026-07-02T00:41:38Z
203,3,15,,,2026-07-02T00:41:38Z
203,3,16,,,2026-07-02T00:41:38Z
203,3,17,,,2026-07-02T00:41:38Z
203,3,18,,,2026-07-02T00:41:38Z
203,3,2,,,2026-07-02T00:41:38Z
203,3,3,,,2026-07-02T00:41:38Z
203,4,5,,,2026-07-02T00:41:38Z
203,4,6,,,2026-07-02T00:41:38Z
203,4,7,,,2026-07-02T00:41:38Z
203,4,8,,,2026-07-02T00:41:38Z
203,4,9,,,2026-07-02T00:41:38Z
203,4,10,,,2026-07-02T00:41:38Z
203,4,11,,,2026-07-02T00:41:38Z
203,4,12,,,2026-07-02T00:41:38Z
203,4,13,,,2026-07-02T00:41:38Z
203,4,14,,,2026-07-02T00:41:38Z
203,4,15,,,2026-07-02T00:41:38Z
203,4,16,,,2026-07-02T00:41:38Z
203,4,17,,,2026-07-02T00:41:38Z
203,4,18,,,2026-07-02T00:41:38Z
203,5,4,,,2026-07-02T00:41:38Z
203,5,5,,,2026-07-02T00:41:38Z
203,5,6,,,2026-07-02T00:41:38Z
203,5,7,,,2026-07-02T00:41:38Z
203,5,8,,,2026-07-02T00:41:38Z
203,5,9,,,2026-07-02T00:41:38Z
203,5,1,,,2026-07-02T00:41:38Z
203,5,10,,,2026-07-02T00:41:38Z
203,5,11,,,2026-07-02T00:41:38Z
203,5,12,,,2026-07-02T00:41:38Z
203,5,13,,,2026-07-02T00:41:38Z
203,5,14,,,2026-07-02T00:41:38Z
203,5,15,,,2026-07-02T00:41:38Z
203,5,16,,,2026-07-02T00:41:38Z
203,5,17,,,2026-07-02T00:41:38Z
203,5,18,,,2026-07-02T00:41:38Z
203,5,2,,,2026-07-02T00:41:38Z
203,5,3,,,2026-07-02T00:41:38Z
203,6,4,,,2026-07-02T00:41:38Z
203,6,5,,,2026-07-02T00:41:38Z
203,6,6,,,2026-07-02T00:41:38Z
203,6,7,,,2026-07-02T00:41:38Z
203,6,8,,,2026-07-02T00:41:38Z
203,6,9,,,2026-07-02T00:41:38Z
203,6,10,,,2026-07-02T00:41:38Z
203,6,11,,,2026-07-02T00:41:38Z
203,6,12,,,2026-07-02T00:41:38Z
203,6,13,,,2026-07-02T00:41:38Z
203,6,14,,,2026-07-02T00:41:38Z
203,6,15,,,2026-07-02T00:41:38Z
203,6,16,,,2026-07-02T00:41:38Z
203,6,17,,,2026-07-02T00:41:38Z
203,6,18,,,2026-07-02T00:41:38Z
203,6,3,,,2026-07-02T00:41:38Z
203,7,4,,,2026-07-02T00:41:38Z
203,7,5,,,2026-07-02T00:41:38Z
203,7,6,,,2026-07-02T00:41:38Z
203,7,7,,,2026-07-02T00:41:38Z
203,7,8,,,2026-07-02T00:41:38Z
203,7,9,,,2026-07-02T00:41:38Z
203,7,10,,,2026-07-02T00:41:38Z
203,7,11,,,2026-07-02T00:41:38Z
203,7,12,,,2026-07-02T00:41:38Z
203,7,13,,,2026-07-02T00:41:38Z
203,7,14,,,2026-07-02T00:41:38Z
203,7,15,,,2026-07-02T00:41:38Z
203,7,16,,,2026-07-02T00:41:38Z
203,7,17,,,2026-07-02T00:41:38Z
203,7,18,,,2026-07-02T00:41:38Z
203,7,3,,,2026-07-02T00:41:38Z
203,8,4,,,2026-07-02T00:41:38Z
203,8,5,,,2026-07-02T00:41:38Z
203,8,6,,,2026-07-02T00:41:38Z
203,8,7,,,2026-07-02T00:41:38Z
203,8,8,,,2026-07-02T00:41:38Z
203,8,9,,,2026-07-02T00:41:38Z
203,8,1,,,2026-07-02T00:41:38Z
203,8,10,,,2026-07-02T00:41:38Z
203,8,11,,,2026-07-02T00:41:38Z
203,8,12,,,2026-07-02T00:41:38Z
203,8,13,,,2026-07-02T00:41:38Z
203,8,14,,,2026-07-02T00:41:38Z
203,8,15,,,2026-07-02T00:41:38Z
203,8,16,,,2026-07-02T00:41:38Z
203,8,17,,,2026-07-02T00:41:38Z
203,8,18,,,2026-07-02T00:41:38Z
203,8,2,,,2026-07-02T00:41:38Z
203,8,3,,,2026-07-02T00:41:38Z
203,9,4,,,2026-07-02T00:41:38Z
203,9,5,,,2026-07-02T00:41:38Z
203,9,6,,,2026-07-02T00:41:38Z
203,9,7,,,2026-07-02T00:41:38Z
203,9,8,,,2026-07-02T00:41:38Z
203,9,9,,,2026-07-02T00:41:38Z
203,9,1,,,2026-07-02T00:41:38Z
203,9,10,,,2026-07-02T00:41:38Z
203,9,11,,,2026-07-02T00:41:38Z
203,9,12,,,2026-07-02T00:41:38Z
203,9,13,,,2026-07-02T00:41:38Z
203,9,14,,,2026-07-02T00:41:38Z
203,9,15,,,2026-07-02T00:41:38Z
203,9,16,,,2026-07-02T00:41:38Z
203,9,17,,,2026-07-02T00:41:38Z
203,9,18,,,2026-07-02T00:41:38Z
203,9,2,,,2026-07-02T00:41:38Z
203,9,3,,,2026-07-02T00:41:38Z
204,10,10,,,2026-07-02T00:41:38Z
204,10,11,,,2026-07-02T00:41:38Z
204,10,12,,,2026-07-02T00:41:38Z
204,10,13,,,2026-07-02T00:41:38Z
204,10,14,,,2026-07-02T00:41:38Z
204,10,15,,,2026-07-02T00:41:38Z
204,10,16,,,2026-07-02T00:41:38Z
204,10,17,,,2026-07-02T00:41:38Z
204,10,18,,,2026-07-02T00:41:38Z
204,10,2,,,2026-07-02T00:41:38Z
204,10,3,,,2026-07-02T00:41:38Z
204,10,4,,,2026-07-02T00:41:38Z
204,10,5,,,2026-07-02T00:41:38Z
204,10,6,,,2026-07-02T00:41:38Z
204,10,7,,,2026-07-02T00:41:38Z
204,10,8,,,2026-07-02T00:41:38Z
204,10,9,,,2026-07-02T00:41:38Z
204,11,10,,,2026-07-02T00:41:38Z
204,11,11,,,2026-07-02T00:41:38Z
204,11,12,,,2026-07-02T00:41:38Z
204,11,13,,,2026-07-02T00:41:38Z
204,11,14,,,2026-07-02T00:41:38Z
204,11,15,,,2026-07-02T00:41:38Z
204,11,16,,,2026-07-02T00:41:38Z
204,11,17,,,2026-07-02T00:41:38Z
204,11,18,,,2026-07-02T00:41:38Z
204,11,2,,,2026-07-02T00:41:38Z
204,11,3,,,2026-07-02T00:41:38Z
204,11,4,,,2026-07-02T00:41:38Z
204,11,5,,,2026-07-02T00:41:38Z
204,11,6,,,2026-07-02T00:41:38Z
204,11,7,,,2026-07-02T00:41:38Z
204,11,8,,,2026-07-02T00:41:38Z
204,11,9,,,2026-07-02T00:41:38Z
204,2,13,,,2026-07-02T00:41:38Z
204,2,14,,,2026-07-02T00:41:38Z
204,2,15,,,2026-07-02T00:41:38Z
204,2,16,,,2026-07-02T00:41:38Z
204,2,17,,,2026-07-02T00:41:38Z
204,3,9,,,2026-07-02T00:41:38Z
204,3,1,,,2026-07-02T00:41:38Z
204,3,10,,,2026-07-02T00:41:38Z
204,3,15,,,2026-07-02T00:41:38Z
204,3,16,,,2026-07-02T00:41:38Z
204,3,17,,,2026-07-02T00:41:38Z
204,3,18,,,2026-07-02T00:41:38Z
204,3,2,,,2026-07-02T00:41:38Z
204,4,4,,,2026-07-02T00:41:38Z
204,4,5,,,2026-07-02T00:41:38Z
204,4,6,,,2026-07-02T00:41:38Z
204,4,1,,,2026-07-02T00:41:38Z
204,4,2,,,2026-07-02T00:41:38Z
204,4,3,,,2026-07-02T00:41:38Z
204,5,4,,,2026-07-02T00:41:38Z
204,5,5,,,2026-07-02T00:41:38Z
204,5,6,,,2026-07-02T00:41:38Z
204,5,7,,,2026-07-02T00:41:38Z
204,5,8,,,2026-07-02T00:41:38Z
204,5,9,,,2026-07-02T00:41:38Z
204,5,1,,,2026-07-02T00:41:38Z
204,5,10,,,2026-07-02T00:41:38Z
204,5,11,,,2026-07-02T00:41:38Z
204,5,12,,,2026-07-02T00:41:38Z
204,5,13,,,2026-07-02T00:41:38Z
204,5,14,,,2026-07-02T00:41:38Z
204,5,15,,,2026-07-02T00:41:38Z
204,5,16,,,2026-07-02T00:41:38Z
204,5,17,,,2026-07-02T00:41:38Z
204,5,18,,,2026-07-02T00:41:38Z
204,5,2,,,2026-07-02T00:41:38Z
204,5,3,,,2026-07-02T00:41:38Z
204,6,4,,,2026-07-02T00:41:38Z
204,6,5,,,2026-07-02T00:41:38Z
204,6,6,,,2026-07-02T00:41:38Z
204,6,7,,,2026-07-02T00:41:38Z
204,6,8,,,2026-07-02T00:41:38Z
204,6,9,,,2026-07-02T00:41:38Z
204,6,1,,,2026-07-02T00:41:38Z
204,6,10,,,2026-07-02T00:41:38Z
204,6,11,,,2026-07-02T00:41:38Z
204,6,12,,,2026-07-02T00:41:38Z
204,6,13,,,2026-07-02T00:41:38Z
204,6,14,,,2026-07-02T00:41:38Z
204,6,15,,,2026-07-02T00:41:38Z
204,6,16,,,2026-07-02T00:41:38Z
204,6,17,,,2026-07-02T00:41:38Z
204,6,18,,,2026-07-02T00:41:38Z
204,6,2,,,2026-07-02T00:41:38Z
204,6,3,,,2026-07-02T00:41:38Z
204,7,4,,,2026-07-02T00:41:38Z
204,7,5,,,2026-07-02T00:41:38Z
204,7,6,,,2026-07-02T00:41:38Z
204,7,7,,,2026-07-02T00:41:38Z
204,7,8,,,2026-07-02T00:41:38Z
204,7,9,,,2026-07-02T00:41:38Z
204,7,1,,,2026-07-02T00:41:38Z
204,7,10,,,2026-07-02T00:41:38Z
204,7,11,,,2026-07-02T00:41:38Z
204,7,12,,,2026-07-02T00:41:38Z
204,7,13,,,2026-07-02T00:41:38Z
204,7,14,,,2026-07-02T00:41:38Z
204,7,15,,,2026-07-02T00:41:38Z
204,7,16,,,2026-07-02T00:41:38Z
204,7,17,,,2026-07-02T00:41:38Z
204,7,18,,,2026-07-02T00:41:38Z
204,7,2,,,2026-07-02T00:41:38Z
204,7,3,,,2026-07-02T00:41:38Z
204,8,4,,,2026-07-02T00:41:38Z
204,8,5,,,2026-07-02T00:41:38Z
204,8,6,,,2026-07-02T00:41:38Z
204,8,7,,,2026-07-02T00:41:38Z
204,8,8,,,2026-07-02T00:41:38Z
204,8,9,,,2026-07-02T00:41:38Z
204,8,1,,,2026-07-02T00:41:38Z
204,8,10,,,2026-07-02T00:41:38Z
204,8,11,,,2026-07-02T00:41:38Z
204,8,12,,,2026-07-02T00:41:38Z
204,8,13,,,2026-07-02T00:41:38Z
204,8,14,,,2026-07-02T00:41:38Z
204,8,15,,,2026-07-02T00:41:38Z
204,8,16,,,2026-07-02T00:41:38Z
204,8,17,,,2026-07-02T00:41:38Z
204,8,18,,,2026-07-02T00:41:38Z
204,8,2,,,2026-07-02T00:41:38Z
204,8,3,,,2026-07-02T00:41:38Z
204,9,4,,,2026-07-02T00:41:38Z
204,9,5,,,2026-07-02T00:41:38Z
204,9,6,,,2026-07-02T00:41:38Z
204,9,7,,,2026-07-02T00:41:38Z
204,9,8,,,2026-07-02T00:41:38Z
204,9,9,,,2026-07-02T00:41:38Z
204,9,1,,,2026-07-02T00:41:38Z
204,9,10,,,2026-07-02T00:41:38Z
204,9,11,,,2026-07-02T00:41:38Z
204,9,12,,,2026-07-02T00:41:38Z
204,9,13,,,2026-07-02T00:41:38Z
204,9,14,,,2026-07-02T00:41:38Z
204,9,15,,,2026-07-02T00:41:38Z
204,9,16,,,2026-07-02T00:41:38Z
204,9,17,,,2026-07-02T00:41:38Z
204,9,18,,,2026-07-02T00:41:38Z
204,9,2,,,2026-07-02T00:41:38Z
204,9,3,,,2026-07-02T00:41:38Z
205,10,10,,,2026-07-02T00:41:38Z
205,10,11,,,2026-07-02T00:41:38Z
205,10,12,,,2026-07-02T00:41:38Z
205,10,13,,,2026-07-02T00:41:38Z
205,10,14,,,2026-07-02T00:41:38Z
205,10,15,,,2026-07-02T00:41:38Z
205,10,16,,,2026-07-02T00:41:38Z
205,10,17,,,2026-07-02T00:41:38Z
205,10,18,,,2026-07-02T00:41:38Z
205,10,2,,,2026-07-02T00:41:38Z
205,10,3,,,2026-07-02T00:41:38Z
205,10,4,,,2026-07-02T00:41:38Z
205,10,5,,,2026-07-02T00:41:38Z
205,10,6,,,2026-07-02T00:41:38Z
205,10,7,,,2026-07-02T00:41:38Z
205,10,8,,,2026-07-02T00:41:38Z
205,10,9,,,2026-07-02T00:41:38Z
205,11,10,,,2026-07-02T00:41:38Z
205,11,11,,,2026-07-02T00:41:38Z
205,11,12,,,2026-07-02T00:41:38Z
205,11,13,,,2026-07-02T00:41:38Z
205,11,14,,,2026-07-02T00:41:38Z
205,11,15,,,2026-07-02T00:41:38Z
205,11,16,,,2026-07-02T00:41:38Z
205,11,17,,,2026-07-02T00:41:38Z
205,11,18,,,2026-07-02T00:41:38Z
205,11,7,,,2026-07-02T00:41:38Z
205,11,8,,,2026-07-02T00:41:38Z
205,11,9,,,2026-07-02T00:41:38Z
205,2,7,,,2026-07-02T00:41:38Z
205,2,8,,,2026-07-02T00:41:38Z
205,3,9,,,2026-07-02T00:41:38Z
205,3,10,,,2026-07-02T00:41:38Z
205,3,11,,,2026-07-02T00:41:38Z
205,3,12,,,2026-07-02T00:41:38Z
205,3,13,,,2026-07-02T00:41:38Z
205,3,14,,,2026-07-02T00:41:38Z
205,3,15,,,2026-07-02T00:41:38Z
205,3,16,,,2026-07-02T00:41:38Z
205,4,14,,,2026-07-02T00:41:38Z
205,4,15,,,2026-07-02T00:41:38Z
205,4,16,,,2026-07-02T00:41:38Z
205,7,7,,,2026-07-02T00:41:38Z
205,7,8,,,2026-07-02T00:41:38Z
205,7,9,,,2026-07-02T00:41:38Z
205,8,4,,,2026-07-02T00:41:38Z
205,8,5,,,2026-07-02T00:41:38Z
205,8,6,,,2026-07-02T00:41:38Z
205,8,7,,,2026-07-02T00:41:38Z
205,8,8,,,2026-07-02T00:41:38Z
205,8,9,,,2026-07-02T00:41:38Z
205,8,1,,,2026-07-02T00:41:38Z
205,8,10,,,2026-07-02T00:41:38Z
205,8,11,,,2026-07-02T00:41:38Z
205,8,12,,,2026-07-02T00:41:38Z
205,8,13,,,2026-07-02T00:41:38Z
205,8,14,,,2026-07-02T00:41:38Z
205,8,2,,,2026-07-02T00:41:38Z
205,8,3,,,2026-07-02T00:41:38Z
205,9,4,,,2026-07-02T00:41:38Z
205,9,5,,,2026-07-02T00:41:38Z
205,9,6,,,2026-07-02T00:41:38Z
205,9,7,,,2026-07-02T00:41:38Z
205,9,8,,,2026-07-02T00:41:38Z
205,9,9,,,2026-07-02T00:41:38Z
205,9,1,,,2026-07-02T00:41:38Z
205,9,10,,,2026-07-02T00:41:38Z
205,9,11,,,2026-07-02T00:41:38Z
205,9,12,,,2026-07-02T00:41:38Z
205,9,13,,,2026-07-02T00:41:38Z
205,9,14,,,2026-07-02T00:41:38Z
205,9,15,,,2026-07-02T00:41:38Z
205,9,16,,,2026-07-02T00:41:38Z
205,9,17,,,2026-07-02T00:41:38Z
205,9,18,,,2026-07-02T00:41:38Z
205,9,2,,,2026-07-02T00:41:38Z
205,9,3,,,2026-07-02T00:41:38Z
206,10,10,,,2026-07-02T00:41:38Z
206,10,11,,,2026-07-02T00:41:38Z
206,10,12,,,2026-07-02T00:41:38Z
206,10,13,,,2026-07-02T00:41:38Z
206,10,14,,,2026-07-02T00:41:38Z
206,10,15,,,2026-07-02T00:41:38Z
206,10,16,,,2026-07-02T00:41:38Z
206,10,17,,,2026-07-02T00:41:38Z
206,10,2,,,2026-07-02T00:41:38Z
206,10,3,,,2026-07-02T00:41:38Z
206,10,4,,,2026-07-02T00:41:38Z
206,10,5,,,2026-07-02T00:41:38Z
206,10,6,,,2026-07-02T00:41:38Z
206,10,7,,,2026-07-02T00:41:38Z
206,10,8,,,2026-07-02T00:41:38Z
206,10,9,,,2026-07-02T00:41:38Z
206,11,10,,,2026-07-02T00:41:38Z
206,11,11,,,2026-07-02T00:41:38Z
206,11,16,,,2026-07-02T00:41:38Z
206,11,17,,,2026-07-02T00:41:38Z
206,11,2,,,2026-07-02T00:41:38Z
206,11,3,,,2026-07-02T00:41:38Z
206,11,4,,,2026-07-02T00:41:38Z
206,11,5,,,2026-07-02T00:41:38Z
206,11,6,,,2026-07-02T00:41:38Z
206,11,7,,,2026-07-02T00:41:38Z
206,11,8,,,2026-07-02T00:41:38Z
206,11,9,,,2026-07-02T00:41:38Z
206,2,11,,,2026-07-02T00:41:38Z
206,2,12,,,2026-07-02T00:41:38Z
206,2,13,,,2026-07-02T00:41:38Z
206,2,14,,,2026-07-02T00:41:38Z
206,3,4,,,2026-07-02T00:41:38Z
206,3,5,,,2026-07-02T00:41:38Z
206,3,6,,,2026-07-02T00:41:38Z
206,3,7,,,2026-07-02T00:41:38Z
206,3,8,,,2026-07-02T00:41:38Z
206,3,9,,,2026-07-02T00:41:38Z
206,3,10,,,2026-07-02T00:41:38Z
206,3,11,,,2026-07-02T00:41:38Z
206,3,12,,,2026-07-02T00:41:38Z
206,3,13,,,2026-07-02T00:41:38Z
206,3,14,,,2026-07-02T00:41:38Z
206,4,4,,,2026-07-02T00:41:38Z
206,4,5,,,2026-07-02T00:41:38Z
206,4,6,,,2026-07-02T00:41:38Z
206,4,7,,,2026-07-02T00:41:38Z
206,4,8,,,2026-07-02T00:41:38Z
206,4,9,,,2026-07-02T00:41:38Z
206,4,1,,,2026-07-02T00:41:38Z
206,4,10,,,2026-07-02T00:41:38Z
206,4,11,,,2026-07-02T00:41:38Z
206,4,12,,,2026-07-02T00:41:38Z
206,4,2,,,2026-07-02T00:41:38Z
206,4,3,,,2026-07-02T00:41:38Z
206,5,4,,,2026-07-02T00:41:38Z
206,5,5,,,2026-07-02T00:41:38Z
206,5,6,,,2026-07-02T00:41:38Z
206,5,7,,,2026-07-02T00:41:38Z
206,5,8,,,2026-07-02T00:41:38Z
206,5,9,,,2026-07-02T00:41:38Z
206,5,1,,,2026-07-02T00:41:38Z
206,5,10,,,2026-07-02T00:41:38Z
206,5,11,,,2026-07-02T00:41:38Z
206,5,2,,,2026-07-02T00:41:38Z
206,5,3,,,2026-07-02T00:41:38Z
206,6,4,,,2026-07-02T00:41:38Z
206,6,5,,,2026-07-02T00:41:38Z
206,6,6,,,2026-07-02T00:41:38Z
206,6,7,,,2026-07-02T00:41:38Z
206,6,8,,,2026-07-02T00:41:38Z
206,6,9,,,2026-07-02T00:41:38Z
206,6,1,,,2026-07-02T00:41:38Z
206,6,10,,,2026-07-02T00:41:38Z
206,6,11,,,2026-07-02T00:41:38Z
206,6,12,,,2026-07-02T00:41:38Z
206,6,13,,,2026-07-02T00:41:38Z
206,6,14,,,2026-07-02T00:41:38Z
206,6,15,,,2026-07-02T00:41:38Z
206,6,2,,,2026-07-02T00:41:38Z
206,6,3,,,2026-07-02T00:41:38Z
206,7,4,,,2026-07-02T00:41:38Z
206,7,5,,,2026-07-02T00:41:38Z
206,7,6,,,2026-07-02T00:41:38Z
206,7,7,,,2026-07-02T00:41:38Z
206,7,8,,,2026-07-02T00:41:38Z
206,7,9,,,2026-07-02T00:41:38Z
206,7,1,,,2026-07-02T00:41:38Z
206,7,10,,,2026-07-02T00:41:38Z
206,7,11,,,2026-07-02T00:41:38Z
206,7,12,,,2026-07-02T00:41:38Z
206,7,13,,,2026-07-02T00:41:38Z
206,7,14,,,2026-07-02T00:41:38Z
206,7,15,,,2026-07-02T00:41:38Z
206,7,16,,,2026-07-02T00:41:38Z
206,7,2,,,2026-07-02T00:41:38Z
206,7,3,,,2026-07-02T00:41:38Z
206,8,4,,,2026-07-02T00:41:38Z
206,8,5,,,2026-07-02T00:41:38Z
206,8,6,,,2026-07-02T00:41:38Z
206,8,7,,,2026-07-02T00:41:38Z
206,8,8,,,2026-07-02T00:41:38Z
206,8,9,,,2026-07-02T00:41:38Z
206,8,1,,,2026-07-02T00:41:38Z
206,8,10,,,2026-07-02T00:41:38Z
206,8,11,,,2026-07-02T00:41:38Z
206,8,12,,,2026-07-02T00:41:38Z
206,8,13,,,2026-07-02T00:41:38Z
206,8,14,,,2026-07-02T00:41:38Z
206,8,15,,,2026-07-02T00:41:38Z
206,8,16,,,2026-07-02T00:41:38Z
206,8,2,,,2026-07-02T00:41:38Z
206,8,3,,,2026-07-02T00:41:38Z
206,9,4,,,2026-07-02T00:41:38Z
206,9,5,,,2026-07-02T00:41:38Z
206,9,6,,,2026-07-02T00:41:38Z
206,9,7,,,2026-07-02T00:41:38Z
206,9,8,,,2026-07-02T00:41:38Z
206,9,9,,,2026-07-02T00:41:38Z
206,9,1,,,2026-07-02T00:41:38Z
206,9,10,,,2026-07-02T00:41:38Z
206,9,11,,,2026-07-02T00:41:38Z
206,9,12,,,2026-07-02T00:41:38Z
206,9,13,,,2026-07-02T00:41:38Z
206,9,14,,,2026-07-02T00:41:38Z
206,9,15,,,2026-07-02T00:41:38Z
206,9,16,,,2026-07-02T00:41:38Z
206,9,2,,,2026-07-02T00:41:38Z
206,9,3,,,2026-07-02T00:41:38Z
207,10,10,,,2026-07-02T00:41:38Z
207,10,11,,,2026-07-02T00:41:38Z
207,10,12,,,2026-07-02T00:41:38Z
207,10,13,,,2026-07-02T00:41:38Z
207,10,14,,,2026-07-02T00:41:38Z
207,10,15,,,2026-07-02T00:41:38Z
207,10,16,,,2026-07-02T00:41:38Z
207,10,17,,,2026-07-02T00:41:38Z
207,10,18,,,2026-07-02T00:41:38Z
207,10,2,,,2026-07-02T00:41:38Z
207,10,3,,,2026-07-02T00:41:38Z
207,10,4,,,2026-07-02T00:41:38Z
207,10,5,,,2026-07-02T00:41:38Z
207,10,6,,,2026-07-02T00:41:38Z
207,10,7,,,2026-07-02T00:41:38Z
207,10,8,,,2026-07-02T00:41:38Z
207,10,9,,,2026-07-02T00:41:38Z
207,11,10,,,2026-07-02T00:41:38Z
207,11,11,,,2026-07-02T00:41:38Z
207,11,12,,,2026-07-02T00:41:38Z
207,11,13,,,2026-07-02T00:41:38Z
207,11,14,,,2026-07-02T00:41:38Z
207,11,15,,,2026-07-02T00:41:38Z
207,11,16,,,2026-07-02T00:41:38Z
207,11,17,,,2026-07-02T00:41:38Z
207,11,18,,,2026-07-02T00:41:38Z
207,11,2,,,2026-07-02T00:41:38Z
207,11,3,,,2026-07-02T00:41:38Z
207,11,4,,,2026-07-02T00:41:38Z
207,11,5,,,2026-07-02T00:41:38Z
207,11,6,,,2026-07-02T00:41:38Z
207,11,7,,,2026-07-02T00:41:38Z
207,11,8,,,2026-07-02T00:41:38Z
207,11,9,,,2026-07-02T00:41:38Z
207,2,4,,,2026-07-02T00:41:38Z
207,2,7,,,2026-07-02T00:41:38Z
207,2,8,,,2026-07-02T00:41:38Z
207,2,9,,,2026-07-02T00:41:38Z
207,2,3,,,2026-07-02T00:41:38Z
207,3,4,,,2026-07-02T00:41:38Z
207,3,5,,,2026-07-02T00:41:38Z
207,3,6,,,2026-07-02T00:41:38Z
207,3,7,,,2026-07-02T00:41:38Z
207,3,8,,,2026-07-02T00:41:38Z
207,3,9,,,2026-07-02T00:41:38Z
207,3,10,,,2026-07-02T00:41:38Z
207,3,11,,,2026-07-02T00:41:38Z
207,3,12,,,2026-07-02T00:41:38Z
207,3,13,,,2026-07-02T00:41:38Z
207,3,14,,,2026-07-02T00:41:38Z
207,3,3,,,2026-07-02T00:41:38Z
207,4,4,,,2026-07-02T00:41:38Z
207,4,5,,,2026-07-02T00:41:38Z
207,4,6,,,2026-07-02T00:41:38Z
207,4,7,,,2026-07-02T00:41:38Z
207,4,8,,,2026-07-02T00:41:38Z
207,4,9,,,2026-07-02T00:41:38Z
207,4,1,,,2026-07-02T00:41:38Z
207,4,10,,,2026-07-02T00:41:38Z
207,4,11,,,2026-07-02T00:41:38Z
207,4,12,,,2026-07-02T00:41:38Z
207,4,13,,,2026-07-02T00:41:38Z
207,4,14,,,2026-07-02T00:41:38Z
207,4,15,,,2026-07-02T00:41:38Z
207,4,16,,,2026-07-02T00:41:38Z
207,4,17,,,2026-07-02T00:41:38Z
207,4,18,,,2026-07-02T00:41:38Z
207,4,2,,,2026-07-02T00:41:38Z
207,4,3,,,2026-07-02T00:41:38Z
207,5,4,,,2026-07-02T00:41:38Z
207,5,5,,,2026-07-02T00:41:38Z
207,5,6,,,2026-07-02T00:41:38Z
207,5,7,,,2026-07-02T00:41:38Z
207,5,8,,,2026-07-02T00:41:38Z
207,5,9,,,2026-07-02T00:41:38Z
207,5,1,,,2026-07-02T00:41:38Z
207,5,10,,,2026-07-02T00:41:38Z
207,5,15,,,2026-07-02T00:41:38Z
207,5,16,,,2026-07-02T00:41:38Z
207,5,2,,,2026-07-02T00:41:38Z
207,5,3,,,2026-07-02T00:41:38Z
207,6,4,,,2026-07-02T00:41:38Z
207,6,5,,,2026-07-02T00:41:38Z
207,6,6,,,2026-07-02T00:41:38Z
207,6,7,,,2026-07-02T00:41:38Z
207,6,8,,,2026-07-02T00:41:38Z
207,6,9,,,2026-07-02T00:41:38Z
207,6,1,,,2026-07-02T00:41:38Z
207,6,10,,,2026-07-02T00:41:38Z
207,6,11,,,2026-07-02T00:41:38Z
207,6,12,,,2026-07-02T00:41:38Z
207,6,13,,,2026-07-02T00:41:38Z
207,6,14,,,2026-07-02T00:41:38Z
207,6,15,,,2026-07-02T00:41:38Z
207,6,16,,,2026-07-02T00:41:38Z
207,6,17,,,2026-07-02T00:41:38Z
207,6,18,,,2026-07-02T00:41:38Z
207,6,2,,,2026-07-02T00:41:38Z
207,6,3,,,2026-07-02T00:41:38Z
207,7,4,,,2026-07-02T00:41:38Z
207,7,7,,,2026-07-02T00:41:38Z
207,7,8,,,2026-07-02T00:41:38Z
207,7,9,,,2026-07-02T00:41:38Z
207,7,1,,,2026-07-02T00:41:38Z
207,7,10,,,2026-07-02T00:41:38Z
207,7,11,,,2026-07-02T00:41:38Z
207,7,12,,,2026-07-02T00:41:38Z
207,7,13,,,2026-07-02T00:41:38Z
207,7,14,,,2026-07-02T00:41:38Z
207,7,15,,,2026-07-02T00:41:38Z
207,7,16,,,2026-07-02T00:41:38Z
207,7,17,,,2026-07-02T00:41:38Z
207,7,18,,,2026-07-02T00:41:38Z
207,7,2,,,2026-07-02T00:41:38Z
207,7,3,,,2026-07-02T00:41:38Z
207,8,4,,,2026-07-02T00:41:38Z
207,8,5,,,2026-07-02T00:41:38Z
207,8,6,,,2026-07-02T00:41:38Z
207,8,7,,,2026-07-02T00:41:38Z
207,8,8,,,2026-07-02T00:41:38Z
207,8,9,,,2026-07-02T00:41:38Z
207,8,1,,,2026-07-02T00:41:38Z
207,8,10,,,2026-07-02T00:41:38Z
207,8,11,,,2026-07-02T00:41:38Z
207,8,12,,,2026-07-02T00:41:38Z
207,8,13,,,2026-07-02T00:41:38Z
207,8,14,,,2026-07-02T00:41:38Z
207,8,15,,,2026-07-02T00:41:38Z
207,8,16,,,2026-07-02T00:41:38Z
207,8,17,,,2026-07-02T00:41:38Z
207,8,18,,,2026-07-02T00:41:38Z
207,8,2,,,2026-07-02T00:41:38Z
207,8,3,,,2026-07-02T00:41:38Z
207,9,4,,,2026-07-02T00:41:38Z
207,9,5,,,2026-07-02T00:41:38Z
207,9,6,,,2026-07-02T00:41:38Z
207,9,7,,,2026-07-02T00:41:38Z
207,9,8,,,2026-07-02T00:41:38Z
207,9,9,,,2026-07-02T00:41:38Z
207,9,1,,,2026-07-02T00:41:38Z
207,9,10,,,2026-07-02T00:41:38Z
207,9,11,,,2026-07-02T00:41:38Z
207,9,12,,,2026-07-02T00:41:38Z
207,9,13,,,2026-07-02T00:41:38Z
207,9,14,,,2026-07-02T00:41:38Z
207,9,15,,,2026-07-02T00:41:38Z
207,9,16,,,2026-07-02T00:41:38Z
207,9,17,,,2026-07-02T00:41:38Z
207,9,18,,,2026-07-02T00:41:38Z
207,9,2,,,2026-07-02T00:41:38Z
207,9,3,,,2026-07-02T00:41:38Z
208,10,10,,,2026-07-02T00:41:38Z
208,10,11,,,2026-07-02T00:41:38Z
208,10,12,,,2026-07-02T00:41:38Z
208,10,13,,,2026-07-02T00:41:38Z
208,10,14,,,2026-07-02T00:41:38Z
208,10,2,,,2026-07-02T00:41:38Z
208,10,3,,,2026-07-02T00:41:38Z
208,10,4,,,2026-07-02T00:41:38Z
208,10,5,,,2026-07-02T00:41:38Z
208,10,6,,,2026-07-02T00:41:38Z
208,10,7,,,2026-07-02T00:41:38Z
208,10,8,,,2026-07-02T00:41:38Z
208,10,9,,,2026-07-02T00:41:38Z
208,11,10,,,2026-07-02T00:41:38Z
208,11,11,,,2026-07-02T00:41:38Z
208,11,12,,,2026-07-02T00:41:38Z
208,11,13,,,2026-07-02T00:41:38Z
208,11,14,,,2026-07-02T00:41:38Z
208,11,15,,,2026-07-02T00:41:38Z
208,11,16,,,2026-07-02T00:41:38Z
208,11,17,,,2026-07-02T00:41:38Z
208,11,18,,,2026-07-02T00:41:38Z
208,11,2,,,2026-07-02T00:41:38Z
208,11,3,,,2026-07-02T00:41:38Z
208,11,4,,,2026-07-02T00:41:38Z
208,11,5,,,2026-07-02T00:41:38Z
208,11,6,,,2026-07-02T00:41:38Z
208,11,7,,,2026-07-02T00:41:38Z
208,11,8,,,2026-07-02T00:41:38Z
208,11,9,,,2026-07-02T00:41:38Z
208,2,9,,,2026-07-02T00:41:38Z
208,2,10,,,2026-07-02T00:41:38Z
208,2,11,,,2026-07-02T00:41:38Z
208,2,12,,,2026-07-02T00:41:38Z
208,2,13,,,2026-07-02T00:41:38Z
208,2,14,,,2026-07-02T00:41:38Z
208,2,15,,,2026-07-02T00:41:38Z
208,2,17,,,2026-07-02T00:41:38Z
208,2,18,,,2026-07-02T00:41:38Z
208,3,9,,,2026-07-02T00:41:38Z
208,3,10,,,2026-07-02T00:41:38Z
208,3,11,,,2026-07-02T00:41:38Z
208,3,12,,,2026-07-02T00:41:38Z
208,4,4,,,2026-07-02T00:41:38Z
208,4,5,,,2026-07-02T00:41:38Z
208,4,6,,,2026-07-02T00:41:38Z
208,4,7,,,2026-07-02T00:41:38Z
208,4,8,,,2026-07-02T00:41:38Z
208,4,9,,,2026-07-02T00:41:38Z
208,4,10,,,2026-07-02T00:41:38Z
208,4,11,,,2026-07-02T00:41:38Z
208,4,12,,,2026-07-02T00:41:38Z
208,4,13,,,2026-07-02T00:41:38Z
208,4,14,,,2026-07-02T00:41:38Z
208,4,15,,,2026-07-02T00:41:38Z
208,4,16,,,2026-07-02T00:41:38Z
208,4,3,,,2026-07-02T00:41:38Z
208,5,7,,,2026-07-02T00:41:38Z
208,5,8,,,2026-07-02T00:41:38Z
208,5,9,,,2026-07-02T00:41:38Z
208,5,10,,,2026-07-02T00:41:38Z
208,5,11,,,2026-07-02T00:41:38Z
208,5,12,,,2026-07-02T00:41:38Z
208,5,13,,,2026-07-02T00:41:38Z
208,5,14,,,2026-07-02T00:41:38Z
208,5,15,,,2026-07-02T00:41:38Z
208,5,16,,,2026-07-02T00:41:38Z
208,6,5,,,2026-07-02T00:41:38Z
208,6,6,,,2026-07-02T00:41:38Z
208,6,7,,,2026-07-02T00:41:38Z
208,6,8,,,2026-07-02T00:41:38Z
208,6,9,,,2026-07-02T00:41:38Z
208,6,10,,,2026-07-02T00:41:38Z
208,6,11,,,2026-07-02T00:41:38Z
208,6,12,,,2026-07-02T00:41:38Z
208,6,13,,,2026-07-02T00:41:38Z
208,6,14,,,2026-07-02T00:41:38Z
208,7,4,,,2026-07-02T00:41:38Z
208,7,5,,,2026-07-02T00:41:38Z
208,7,6,,,2026-07-02T00:41:38Z
208,7,7,,,2026-07-02T00:41:38Z
208,7,8,,,2026-07-02T00:41:38Z
208,7,9,,,2026-07-02T00:41:38Z
208,7,1,,,2026-07-02T00:41:38Z
208,7,10,,,2026-07-02T00:41:38Z
208,7,11,,,2026-07-02T00:41:38Z
208,7,12,,,2026-07-02T00:41:38Z
208,7,13,,,2026-07-02T00:41:38Z
208,7,14,,,2026-07-02T00:41:38Z
208,7,15,,,2026-07-02T00:41:38Z
208,7,16,,,2026-07-02T00:41:38Z
208,7,17,,,2026-07-02T00:41:38Z
208,7,18,,,2026-07-02T00:41:38Z
208,7,2,,,2026-07-02T00:41:38Z
208,7,3,,,2026-07-02T00:41:38Z
208,8,4,,,2026-07-02T00:41:38Z
208,8,5,,,2026-07-02T00:41:38Z
208,8,6,,,2026-07-02T00:41:38Z
208,8,7,,,2026-07-02T00:41:38Z
208,8,8,,,2026-07-02T00:41:38Z
208,8,9,,,2026-07-02T00:41:38Z
208,8,1,,,2026-07-02T00:41:38Z
208,8,10,,,2026-07-02T00:41:38Z
208,8,11,,,2026-07-02T00:41:38Z
208,8,12,,,2026-07-02T00:41:38Z
208,8,13,,,2026-07-02T00:41:38Z
208,8,14,,,2026-07-02T00:41:38Z
208,8,15,,,2026-07-02T00:41:38Z
208,8,16,,,2026-07-02T00:41:38Z
208,8,17,,,2026-07-02T00:41:38Z
208,8,18,,,2026-07-02T00:41:38Z
208,8,2,,,2026-07-02T00:41:38Z
208,8,3,,,2026-07-02T00:41:38Z
208,9,4,,,2026-07-02T00:41:38Z
208,9,5,,,2026-07-02T00:41:38Z
208,9,6,,,2026-07-02T00:41:38Z
208,9,7,,,2026-07-02T00:41:38Z
208,9,8,,,2026-07-02T00:41:38Z
208,9,9,,,2026-07-02T00:41:38Z
208,9,1,,,2026-07-02T00:41:38Z
208,9,10,,,2026-07-02T00:41:38Z
208,9,11,,,2026-07-02T00:41:38Z
208,9,12,,,2026-07-02T00:41:38Z
208,9,13,,,2026-07-02T00:41:38Z
208,9,14,,,2026-07-02T00:41:38Z
208,9,15,,,2026-07-02T00:41:38Z
208,9,16,,,2026-07-02T00:41:38Z
208,9,17,,,2026-07-02T00:41:38Z
208,9,18,,,2026-07-02T00:41:38Z
208,9,2,,,2026-07-02T00:41:38Z
208,9,3,,,2026-07-02T00:41:38Z
209,10,10,,,2026-07-02T00:41:38Z
209,10,11,,,2026-07-02T00:41:38Z
209,10,12,,,2026-07-02T00:41:38Z
209,10,13,,,2026-07-02T00:41:38Z
209,10,14,,,2026-07-02T00:41:38Z
209,10,15,,,2026-07-02T00:41:38Z
209,10,16,,,2026-07-02T00:41:38Z
209,10,2,,,2026-07-02T00:41:38Z
209,10,3,,,2026-07-02T00:41:38Z
209,10,4,,,2026-07-02T00:41:38Z
209,10,5,,,2026-07-02T00:41:38Z
209,10,6,,,2026-07-02T00:41:38Z
209,10,7,,,2026-07-02T00:41:38Z
209,10,8,,,2026-07-02T00:41:38Z
209,10,9,,,2026-07-02T00:41:38Z
209,11,10,,,2026-07-02T00:41:38Z
209,11,11,,,2026-07-02T00:41:38Z
209,11,12,,,2026-07-02T00:41:38Z
209,11,13,,,2026-07-02T00:41:38Z
209,11,14,,,2026-07-02T00:41:38Z
209,11,15,,,2026-07-02T00:41:38Z
209,11,3,,,2026-07-02T00:41:38Z
209,11,4,,,2026-07-02T00:41:38Z
209,11,5,,,2026-07-02T00:41:38Z
209,11,6,,,2026-07-02T00:41:38Z
209,11,7,,,2026-07-02T00:41:38Z
209,11,8,,,2026-07-02T00:41:38Z
209,11,9,,,2026-07-02T00:41:38Z
209,4,8,,,2026-07-02T00:41:38Z
209,4,9,,,2026-07-02T00:41:38Z
209,4,10,,,2026-07-02T00:41:38Z
209,4,11,,,2026-07-02T00:41:38Z
209,4,12,,,2026-07-02T00:41:38Z
209,4,13,,,2026-07-02T00:41:38Z
209,4,14,,,2026-07-02T00:41:38Z
209,5,4,,,2026-07-02T00:41:38Z
209,5,5,,,2026-07-02T00:41:38Z
209,5,6,,,2026-07-02T00:41:38Z
209,5,7,,,2026-07-02T00:41:38Z
209,5,8,,,2026-07-02T00:41:38Z
209,5,9,,,2026-07-02T00:41:38Z
209,5,1,,,2026-07-02T00:41:38Z
209,5,10,,,2026-07-02T00:41:38Z
209,5,11,,,2026-07-02T00:41:38Z
209,5,12,,,2026-07-02T00:41:38Z
209,5,13,,,2026-07-02T00:41:38Z
209,5,14,,,2026-07-02T00:41:38Z
209,5,15,,,2026-07-02T00:41:38Z
209,5,16,,,2026-07-02T00:41:38Z
209,5,2,,,2026-07-02T00:41:38Z
209,5,3,,,2026-07-02T00:41:38Z
209,6,4,,,2026-07-02T00:41:38Z
209,6,13,,,2026-07-02T00:41:38Z
209,6,14,,,2026-07-02T00:41:38Z
209,6,15,,,2026-07-02T00:41:38Z
209,6,16,,,2026-07-02T00:41:38Z
209,6,3,,,2026-07-02T00:41:38Z
209,7,4,,,2026-07-02T00:41:38Z
209,7,5,,,2026-07-02T00:41:38Z
209,7,6,,,2026-07-02T00:41:38Z
209,7,7,,,2026-07-02T00:41:38Z
209,7,8,,,2026-07-02T00:41:38Z
209,7,9,,,2026-07-02T00:41:38Z
209,7,1,,,2026-07-02T00:41:38Z
209,7,10,,,2026-07-02T00:41:38Z
209,7,11,,,2026-07-02T00:41:38Z
209,7,12,,,2026-07-02T00:41:38Z
209,7,17,,,2026-07-02T00:41:38Z
209,7,18,,,2026-07-02T00:41:38Z
209,7,2,,,2026-07-02T00:41:38Z
209,7,24,,,2026-07-02T00:41:38Z
209,7,25,,,2026-07-02T00:41:38Z
209,7,26,,,2026-07-02T00:41:38Z
209,7,27,,,2026-07-02T00:41:38Z
209,7,3,,,2026-07-02T00:41:38Z
209,8,4,,,2026-07-02T00:41:38Z
209,8,5,,,2026-07-02T00:41:38Z
209,8,6,,,2026-07-02T00:41:38Z
209,8,7,,,2026-07-02T00:41:38Z
209,8,8,,,2026-07-02T00:41:38Z
209,8,9,,,2026-07-02T00:41:38Z
209,8,1,,,2026-07-02T00:41:38Z
209,8,10,,,2026-07-02T00:41:38Z
209,8,11,,,2026-07-02T00:41:38Z
209,8,12,,,2026-07-02T00:41:38Z
209,8,13,,,2026-07-02T00:41:38Z
209,8,14,,,2026-07-02T00:41:38Z
209,8,15,,,2026-07-02T00:41:38Z
209,8,16,,,2026-07-02T00:41:38Z
209,8,17,,,2026-07-02T00:41:38Z
209,8,18,,,2026-07-02T00:41:38Z
209,8,2,,,2026-07-02T00:41:38Z
209,8,21,,,2026-07-02T00:41:38Z
209,8,22,,,2026-07-02T00:41:38Z
209,8,23,,,2026-07-02T00:41:38Z
209,8,24,,,2026-07-02T00:41:38Z
209,8,25,,,2026-07-02T00:41:38Z
209,8,26,,,2026-07-02T00:41:38Z
209,8,27,,,2026-07-02T00:41:38Z
209,8,28,,,2026-07-02T00:41:38Z
209,8,3,,,2026-07-02T00:41:38Z
209,9,4,,,2026-07-02T00:41:38Z
209,9,5,,,2026-07-02T00:41:38Z
209,9,6,,,2026-07-02T00:41:38Z
209,9,7,,,2026-07-02T00:41:38Z
209,9,8,,,2026-07-02T00:41:38Z
209,9,9,,,2026-07-02T00:41:38Z
209,9,1,,,2026-07-02T00:41:38Z
209,9,10,,,2026-07-02T00:41:38Z
209,9,11,,,2026-07-02T00:41:38Z
209,9,12,,,2026-07-02T00:41:38Z
209,9,13,,,2026-07-02T00:41:38Z
209,9,14,,,2026-07-02T00:41:38Z
209,9,15,,,2026-07-02T00:41:38Z
209,9,16,,,2026-07-02T00:41:38Z
209,9,17,,,2026-07-02T00:41:38Z
209,9,18,,,2026-07-02T00:41:38Z
209,9,2,,,2026-07-02T00:41:38Z
209,9,26,,,2026-07-02T00:41:38Z
209,9,27,,,2026-07-02T00:41:38Z
209,9,28,,,2026-07-02T00:41:38Z
209,9,3,,,2026-07-02T00:41:38Z
210AW,1,1,,,2026-07-02T00:41:38Z
210AW,1,2,,,2026-07-02T00:41:38Z
210BW,1,25,,,2026-07-02T00:41:38Z
210BW,1,26,,,2026-07-02T00:41:38Z
210CW,1,33,,,2026-07-02T00:41:38Z
210CW,1,38,,,2026-07-02T00:41:38Z
210EW,1,60,,,2026-07-02T00:41:38Z
210EW,1,61,,,2026-07-02T00:41:38Z
210EW,1,62,,,2026-07-02T00:41:38Z
210F,1,64,,,2026-07-02T00:41:38Z
210F,1,65,,,2026-07-02T00:41:38Z
210F,2,69,,,2026-07-02T00:41:38Z
210F,2,70,,,2026-07-02T00:41:38Z
210F,2,71,,,2026-07-02T00:41:38Z
210H,1,95,,,2026-07-02T00:41:38Z
210H,2,94,,,2026-07-02T00:41:38Z
210H,2,95,,,2026-07-02T00:41:38Z
210H,2,96,,,2026-07-02T00:41:38Z
210H,2,97,,,2026-07-02T00:41:38Z
211,10,13,,,2026-07-02T00:41:38Z
211,10,14,,,2026-07-02T00:41:38Z
211,10,15,,,2026-07-02T00:41:38Z
211,10,16,,,2026-07-02T00:41:38Z
211,10,17,,,2026-07-02T00:41:38Z
211,10,18,,,2026-07-02T00:41:38Z
211,10,19,,,2026-07-02T00:41:38Z
211,10,20,,,2026-07-02T00:41:38Z
211,10,21,,,2026-07-02T00:41:38Z
211,10,22,,,2026-07-02T00:41:38Z
211,10,23,,,2026-07-02T00:41:38Z
211,10,24,,,2026-07-02T00:41:38Z
211,10,25,,,2026-07-02T00:41:38Z
211,10,26,,,2026-07-02T00:41:38Z
211,10,27,,,2026-07-02T00:41:38Z
211,10,28,,,2026-07-02T00:41:38Z
211,11,16,,,2026-07-02T00:41:38Z
211,11,17,,,2026-07-02T00:41:38Z
211,11,18,,,2026-07-02T00:41:38Z
211,11,19,,,2026-07-02T00:41:38Z
211,11,20,,,2026-07-02T00:41:38Z
211,11,21,,,2026-07-02T00:41:38Z
211,11,22,,,2026-07-02T00:41:38Z
211,11,23,,,2026-07-02T00:41:38Z
211,11,24,,,2026-07-02T00:41:38Z
211,2,21,,,2026-07-02T00:41:38Z
211,2,22,,,2026-07-02T00:41:38Z
211,3,16,,,2026-07-02T00:41:38Z
211,3,17,,,2026-07-02T00:41:38Z
211,3,18,,,2026-07-02T00:41:38Z
211,3,19,,,2026-07-02T00:41:38Z
211,3,20,,,2026-07-02T00:41:38Z
211,3,22,,,2026-07-02T00:41:38Z
211,3,23,,,2026-07-02T00:41:38Z
211,3,24,,,2026-07-02T00:41:38Z
211,4,22,,,2026-07-02T00:41:38Z
211,4,23,,,2026-07-02T00:41:38Z
211,4,24,,,2026-07-02T00:41:38Z
211,5,13,,,2026-07-02T00:41:38Z
211,5,14,,,2026-07-02T00:41:38Z
211,5,15,,,2026-07-02T00:41:38Z
211,5,16,,,2026-07-02T00:41:38Z
211,5,17,,,2026-07-02T00:41:38Z
211,5,18,,,2026-07-02T00:41:38Z
211,5,19,,,2026-07-02T00:41:38Z
211,5,20,,,2026-07-02T00:41:38Z
211,6,15,,,2026-07-02T00:41:38Z
211,6,16,,,2026-07-02T00:41:38Z
211,6,17,,,2026-07-02T00:41:38Z
211,6,18,,,2026-07-02T00:41:38Z
211,6,19,,,2026-07-02T00:41:38Z
211,6,20,,,2026-07-02T00:41:38Z
211,6,21,,,2026-07-02T00:41:38Z
211,6,22,,,2026-07-02T00:41:38Z
211,6,23,,,2026-07-02T00:41:38Z
211,6,24,,,2026-07-02T00:41:38Z
211,6,25,,,2026-07-02T00:41:38Z
211,6,26,,,2026-07-02T00:41:38Z
211,7,11,,,2026-07-02T00:41:38Z
211,7,12,,,2026-07-02T00:41:38Z
211,7,13,,,2026-07-02T00:41:38Z
211,7,14,,,2026-07-02T00:41:38Z
211,7,15,,,2026-07-02T00:41:38Z
211,7,16,,,2026-07-02T00:41:38Z
211,7,17,,,2026-07-02T00:41:38Z
211,7,18,,,2026-07-02T00:41:38Z
211,7,19,,,2026-07-02T00:41:38Z
211,7,20,,,2026-07-02T00:41:38Z
211,7,21,,,2026-07-02T00:41:38Z
211,7,22,,,2026-07-02T00:41:38Z
211,7,23,,,2026-07-02T00:41:38Z
211,7,24,,,2026-07-02T00:41:38Z
211,7,25,,,2026-07-02T00:41:38Z
211,7,26,,,2026-07-02T00:41:38Z
211,7,27,,,2026-07-02T00:41:38Z
211,7,28,,,2026-07-02T00:41:38Z
211,8,5,,,2026-07-02T00:41:38Z
211,8,6,,,2026-07-02T00:41:38Z
211,8,1,,,2026-07-02T00:41:38Z
211,8,11,,,2026-07-02T00:41:38Z
211,8,12,,,2026-07-02T00:41:38Z
211,8,13,,,2026-07-02T00:41:38Z
211,8,14,,,2026-07-02T00:41:38Z
211,8,15,,,2026-07-02T00:41:38Z
211,8,16,,,2026-07-02T00:41:38Z
211,8,17,,,2026-07-02T00:41:38Z
211,8,18,,,2026-07-02T00:41:38Z
211,8,19,,,2026-07-02T00:41:38Z
211,8,2,,,2026-07-02T00:41:38Z
211,8,20,,,2026-07-02T00:41:38Z
211,8,21,,,2026-07-02T00:41:38Z
211,8,22,,,2026-07-02T00:41:38Z
211,8,23,,,2026-07-02T00:41:38Z
211,8,24,,,2026-07-02T00:41:38Z
211,8,25,,,2026-07-02T00:41:38Z
211,8,26,,,2026-07-02T00:41:38Z
211,8,27,,,2026-07-02T00:41:38Z
211,8,28,,,2026-07-02T00:41:38Z
211,9,4,,,2026-07-02T00:41:38Z
211,9,5,,,2026-07-02T00:41:38Z
211,9,6,,,2026-07-02T00:41:38Z
211,9,7,,,2026-07-02T00:41:38Z
211,9,11,,,2026-07-02T00:41:38Z
211,9,12,,,2026-07-02T00:41:38Z
211,9,13,,,2026-07-02T00:41:38Z
211,9,14,,,2026-07-02T00:41:38Z
211,9,15,,,2026-07-02T00:41:38Z
211,9,16,,,2026-07-02T00:41:38Z
211,9,17,,,2026-07-02T00:41:38Z
211,9,18,,,2026-07-02T00:41:38Z
211,9,19,,,2026-07-02T00:41:38Z
211,9,20,,,2026-07-02T00:41:38Z
211,9,21,,,2026-07-02T00:41:38Z
211,9,22,,,2026-07-02T00:41:38Z
211,9,23,,,2026-07-02T00:41:38Z
211,9,24,,,2026-07-02T00:41:38Z
211,9,25,,,2026-07-02T00:41:38Z
211,9,26,,,2026-07-02T00:41:38Z
211,9,27,,,2026-07-02T00:41:38Z
211,9,28,,,2026-07-02T00:41:38Z
211,9,3,,,2026-07-02T00:41:38Z
212,10,10,,,2026-07-02T00:41:38Z
212,10,11,,,2026-07-02T00:41:38Z
212,10,12,,,2026-07-02T00:41:38Z
212,10,7,,,2026-07-02T00:41:38Z
212,10,8,,,2026-07-02T00:41:38Z
212,10,9,,,2026-07-02T00:41:38Z
212,11,10,,,2026-07-02T00:41:38Z
212,11,11,,,2026-07-02T00:41:38Z
212,11,12,,,2026-07-02T00:41:38Z
212,11,2,,,2026-07-02T00:41:38Z
212,11,3,,,2026-07-02T00:41:38Z
212,11,4,,,2026-07-02T00:41:38Z
212,11,5,,,2026-07-02T00:41:38Z
212,11,6,,,2026-07-02T00:41:38Z
212,11,9,,,2026-07-02T00:41:38Z
212,3,4,,,2026-07-02T00:41:38Z
212,3,5,,,2026-07-02T00:41:38Z
212,3,6,,,2026-07-02T00:41:38Z
212,3,7,,,2026-07-02T00:41:38Z
212,3,8,,,2026-07-02T00:41:38Z
212,3,9,,,2026-07-02T00:41:38Z
212,3,10,,,2026-07-02T00:41:38Z
212,3,11,,,2026-07-02T00:41:38Z
212,3,12,,,2026-07-02T00:41:38Z
212,3,13,,,2026-07-02T00:41:38Z
212,3,14,,,2026-07-02T00:41:38Z
212,3,3,,,2026-07-02T00:41:38Z
212,4,4,,,2026-07-02T00:41:38Z
212,4,5,,,2026-07-02T00:41:38Z
212,4,10,,,2026-07-02T00:41:38Z
212,4,11,,,2026-07-02T00:41:38Z
212,4,12,,,2026-07-02T00:41:38Z
212,4,13,,,2026-07-02T00:41:38Z
212,4,14,,,2026-07-02T00:41:38Z
212,4,15,,,2026-07-02T00:41:38Z
212,4,16,,,2026-07-02T00:41:38Z
212,4,3,,,2026-07-02T00:41:38Z
212,5,9,,,2026-07-02T00:41:38Z
212,5,10,,,2026-07-02T00:41:38Z
212,5,11,,,2026-07-02T00:41:38Z
212,5,12,,,2026-07-02T00:41:38Z
212,5,13,,,2026-07-02T00:41:38Z
212,5,14,,,2026-07-02T00:41:38Z
212,5,15,,,2026-07-02T00:41:38Z
212,5,16,,,2026-07-02T00:41:38Z
212,6,4,,,2026-07-02T00:41:38Z
212,6,5,,,2026-07-02T00:41:38Z
212,6,6,,,2026-07-02T00:41:38Z
212,6,7,,,2026-07-02T00:41:38Z
212,6,8,,,2026-07-02T00:41:38Z
212,6,9,,,2026-07-02T00:41:38Z
212,6,10,,,2026-07-02T00:41:38Z
212,6,11,,,2026-07-02T00:41:38Z
212,6,12,,,2026-07-02T00:41:38Z
212,6,13,,,2026-07-02T00:41:38Z
212,6,14,,,2026-07-02T00:41:38Z
212,6,15,,,2026-07-02T00:41:38Z
212,6,16,,,2026-07-02T00:41:38Z
212,6,17,,,2026-07-02T00:41:38Z
212,6,18,,,2026-07-02T00:41:38Z
212,7,4,,,2026-07-02T00:41:38Z
212,7,5,,,2026-07-02T00:41:38Z
212,7,6,,,2026-07-02T00:41:38Z
212,7,7,,,2026-07-02T00:41:38Z
212,7,8,,,2026-07-02T00:41:38Z
212,7,9,,,2026-07-02T00:41:38Z
212,7,1,,,2026-07-02T00:41:38Z
212,7,10,,,2026-07-02T00:41:38Z
212,7,11,,,2026-07-02T00:41:38Z
212,7,12,,,2026-07-02T00:41:38Z
212,7,13,,,2026-07-02T00:41:38Z
212,7,14,,,2026-07-02T00:41:38Z
212,7,15,,,2026-07-02T00:41:38Z
212,7,16,,,2026-07-02T00:41:38Z
212,7,17,,,2026-07-02T00:41:38Z
212,7,18,,,2026-07-02T00:41:38Z
212,7,2,,,2026-07-02T00:41:38Z
212,7,3,,,2026-07-02T00:41:38Z
212,8,4,,,2026-07-02T00:41:38Z
212,8,5,,,2026-07-02T00:41:38Z
212,8,6,,,2026-07-02T00:41:38Z
212,8,7,,,2026-07-02T00:41:38Z
212,8,8,,,2026-07-02T00:41:38Z
212,8,9,,,2026-07-02T00:41:38Z
212,8,1,,,2026-07-02T00:41:38Z
212,8,10,,,2026-07-02T00:41:38Z
212,8,11,,,2026-07-02T00:41:38Z
212,8,12,,,2026-07-02T00:41:38Z
212,8,13,,,2026-07-02T00:41:38Z
212,8,14,,,2026-07-02T00:41:38Z
212,8,15,,,2026-07-02T00:41:38Z
212,8,16,,,2026-07-02T00:41:38Z
212,8,17,,,2026-07-02T00:41:38Z
212,8,18,,,2026-07-02T00:41:38Z
212,8,2,,,2026-07-02T00:41:38Z
212,8,3,,,2026-07-02T00:41:38Z
212,9,4,,,2026-07-02T00:41:38Z
212,9,5,,,2026-07-02T00:41:38Z
212,9,6,,,2026-07-02T00:41:38Z
212,9,7,,,2026-07-02T00:41:38Z
212,9,8,,,2026-07-02T00:41:38Z
212,9,9,,,2026-07-02T00:41:38Z
212,9,10,,,2026-07-02T00:41:38Z
212,9,11,,,2026-07-02T00:41:38Z
212,9,12,,,2026-07-02T00:41:38Z
212,9,13,,,2026-07-02T00:41:38Z
212,9,14,,,2026-07-02T00:41:38Z
212,9,15,,,2026-07-02T00:41:38Z
212,9,16,,,2026-07-02T00:41:38Z
212,9,3,,,2026-07-02T00:41:38Z
213,10,10,,,2026-07-02T00:41:38Z
213,10,11,,,2026-07-02T00:41:38Z
213,10,12,,,2026-07-02T00:41:38Z
213,10,13,,,2026-07-02T00:41:38Z
213,10,14,,,2026-07-02T00:41:38Z
213,10,15,,,2026-07-02T00:41:38Z
213,10,16,,,2026-07-02T00:41:38Z
213,10,17,,,2026-07-02T00:41:38Z
213,10,18,,,2026-07-02T00:41:38Z
213,10,3,,,2026-07-02T00:41:38Z
213,10,4,,,2026-07-02T00:41:38Z
213,10,5,,,2026-07-02T00:41:38Z
213,10,6,,,2026-07-02T00:41:38Z
213,10,7,,,2026-07-02T00:41:38Z
213,10,8,,,2026-07-02T00:41:38Z
213,10,9,,,2026-07-02T00:41:38Z
213,11,10,,,2026-07-02T00:41:38Z
213,11,11,,,2026-07-02T00:41:38Z
213,11,12,,,2026-07-02T00:41:38Z
213,11,13,,,2026-07-02T00:41:38Z
213,11,14,,,2026-07-02T00:41:38Z
213,11,15,,,2026-07-02T00:41:38Z
213,11,16,,,2026-07-02T00:41:38Z
213,11,17,,,2026-07-02T00:41:38Z
213,11,18,,,2026-07-02T00:41:38Z
213,11,3,,,2026-07-02T00:41:38Z
213,11,4,,,2026-07-02T00:41:38Z
213,11,5,,,2026-07-02T00:41:38Z
213,11,6,,,2026-07-02T00:41:38Z
213,11,7,,,2026-07-02T00:41:38Z
213,11,8,,,2026-07-02T00:41:38Z
213,2,7,,,2026-07-02T00:41:38Z
213,2,8,,,2026-07-02T00:41:38Z
213,2,9,,,2026-07-02T00:41:38Z
213,2,10,,,2026-07-02T00:41:38Z
213,3,4,,,2026-07-02T00:41:38Z
213,3,5,,,2026-07-02T00:41:38Z
213,3,6,,,2026-07-02T00:41:38Z
213,3,11,,,2026-07-02T00:41:38Z
213,3,12,,,2026-07-02T00:41:38Z
213,3,13,,,2026-07-02T00:41:38Z
213,3,14,,,2026-07-02T00:41:38Z
213,3,3,,,2026-07-02T00:41:38Z
213,4,5,,,2026-07-02T00:41:38Z
213,4,6,,,2026-07-02T00:41:38Z
213,4,7,,,2026-07-02T00:41:38Z
213,4,8,,,2026-07-02T00:41:38Z
213,4,9,,,2026-07-02T00:41:38Z
213,4,10,,,2026-07-02T00:41:38Z
213,4,11,,,2026-07-02T00:41:38Z
213,4,12,,,2026-07-02T00:41:38Z
213,4,13,,,2026-07-02T00:41:38Z
213,4,14,,,2026-07-02T00:41:38Z
213,5,7,,,2026-07-02T00:41:38Z
213,5,8,,,2026-07-02T00:41:38Z
213,5,9,,,2026-07-02T00:41:38Z
213,5,1,,,2026-07-02T00:41:38Z
213,5,10,,,2026-07-02T00:41:38Z
213,5,11,,,2026-07-02T00:41:38Z
213,5,12,,,2026-07-02T00:41:38Z
213,5,13,,,2026-07-02T00:41:38Z
213,5,14,,,2026-07-02T00:41:38Z
213,5,2,,,2026-07-02T00:41:38Z
213,6,4,,,2026-07-02T00:41:38Z
213,6,5,,,2026-07-02T00:41:38Z
213,6,6,,,2026-07-02T00:41:38Z
213,6,7,,,2026-07-02T00:41:38Z
213,6,8,,,2026-07-02T00:41:38Z
213,6,9,,,2026-07-02T00:41:38Z
213,6,1,,,2026-07-02T00:41:38Z
213,6,10,,,2026-07-02T00:41:38Z
213,6,11,,,2026-07-02T00:41:38Z
213,6,12,,,2026-07-02T00:41:38Z
213,6,13,,,2026-07-02T00:41:38Z
213,6,14,,,2026-07-02T00:41:38Z
213,6,15,,,2026-07-02T00:41:38Z
213,6,16,,,2026-07-02T00:41:38Z
213,6,17,,,2026-07-02T00:41:38Z
213,6,18,,,2026-07-02T00:41:38Z
213,6,2,,,2026-07-02T00:41:38Z
213,6,3,,,2026-07-02T00:41:38Z
213,7,4,,,2026-07-02T00:41:38Z
213,7,5,,,2026-07-02T00:41:38Z
213,7,6,,,2026-07-02T00:41:38Z
213,7,7,,,2026-07-02T00:41:38Z
213,7,8,,,2026-07-02T00:41:38Z
213,7,9,,,2026-07-02T00:41:38Z
213,7,1,,,2026-07-02T00:41:38Z
213,7,10,,,2026-07-02T00:41:38Z
213,7,11,,,2026-07-02T00:41:38Z
213,7,12,,,2026-07-02T00:41:38Z
213,7,13,,,2026-07-02T00:41:38Z
213,7,14,,,2026-07-02T00:41:38Z
213,7,15,,,2026-07-02T00:41:38Z
213,7,16,,,2026-07-02T00:41:38Z
213,7,17,,,2026-07-02T00:41:38Z
213,7,18,,,2026-07-02T00:41:38Z
213,7,2,,,2026-07-02T00:41:38Z
213,7,3,,,2026-07-02T00:41:38Z
213,8,5,,,2026-07-02T00:41:38Z
213,8,6,,,2026-07-02T00:41:38Z
213,8,7,,,2026-07-02T00:41:38Z
213,8,8,,,2026-07-02T00:41:38Z
213,8,9,,,2026-07-02T00:41:38Z
213,8,10,,,2026-07-02T00:41:38Z
213,8,11,,,2026-07-02T00:41:38Z
213,8,12,,,2026-07-02T00:41:38Z
213,8,13,,,2026-07-02T00:41:38Z
213,8,14,,,2026-07-02T00:41:38Z
213,8,15,,,2026-07-02T00:41:38Z
213,8,16,,,2026-07-02T00:41:38Z
213,8,17,,,2026-07-02T00:41:38Z
213,8,18,,,2026-07-02T00:41:38Z
213,9,4,,,2026-07-02T00:41:38Z
213,9,5,,,2026-07-02T00:41:38Z
213,9,6,,,2026-07-02T00:41:38Z
213,9,7,,,2026-07-02T00:41:38Z
213,9,8,,,2026-07-02T00:41:38Z
213,9,9,,,2026-07-02T00:41:38Z
213,9,10,,,2026-07-02T00:41:38Z
213,9,11,,,2026-07-02T00:41:38Z
213,9,12,,,2026-07-02T00:41:38Z
213,9,13,,,2026-07-02T00:41:38Z
213,9,14,,,2026-07-02T00:41:38Z
213,9,15,,,2026-07-02T00:41:38Z
213,9,16,,,2026-07-02T00:41:38Z
213,9,17,,,2026-07-02T00:41:38Z
213,9,18,,,2026-07-02T00:41:38Z
214,10,10,,,2026-07-02T00:41:38Z
214,10,11,,,2026-07-02T00:41:38Z
214,10,12,,,2026-07-02T00:41:38Z
214,10,13,,,2026-07-02T00:41:38Z
214,10,14,,,2026-07-02T00:41:38Z
214,10,15,,,2026-07-02T00:41:38Z
214,10,16,,,2026-07-02T00:41:38Z
214,10,17,,,2026-07-02T00:41:38Z
214,10,2,,,2026-07-02T00:41:38Z
214,10,3,,,2026-07-02T00:41:38Z
214,10,4,,,2026-07-02T00:41:38Z
214,10,5,,,2026-07-02T00:41:38Z
214,10,6,,,2026-07-02T00:41:38Z
214,10,7,,,2026-07-02T00:41:38Z
214,10,8,,,2026-07-02T00:41:38Z
214,10,9,,,2026-07-02T00:41:38Z
214,2,4,,,2026-07-02T00:41:38Z
214,2,5,,,2026-07-02T00:41:38Z
214,2,6,,,2026-07-02T00:41:38Z
214,2,8,,,2026-07-02T00:41:38Z
214,2,9,,,2026-07-02T00:41:38Z
214,2,10,,,2026-07-02T00:41:38Z
214,3,4,,,2026-07-02T00:41:38Z
214,3,5,,,2026-07-02T00:41:38Z
214,3,6,,,2026-07-02T00:41:38Z
214,3,7,,,2026-07-02T00:41:38Z
214,3,8,,,2026-07-02T00:41:38Z
214,3,9,,,2026-07-02T00:41:38Z
214,3,10,,,2026-07-02T00:41:38Z
214,3,11,,,2026-07-02T00:41:38Z
214,3,12,,,2026-07-02T00:41:38Z
214,3,2,,,2026-07-02T00:41:38Z
214,3,3,,,2026-07-02T00:41:38Z
214,4,4,,,2026-07-02T00:41:38Z
214,4,5,,,2026-07-02T00:41:38Z
214,4,6,,,2026-07-02T00:41:38Z
214,4,7,,,2026-07-02T00:41:38Z
214,4,8,,,2026-07-02T00:41:38Z
214,4,9,,,2026-07-02T00:41:38Z
214,4,1,,,2026-07-02T00:41:38Z
214,4,10,,,2026-07-02T00:41:38Z
214,4,11,,,2026-07-02T00:41:38Z
214,4,12,,,2026-07-02T00:41:38Z
214,4,13,,,2026-07-02T00:41:38Z
214,4,14,,,2026-07-02T00:41:38Z
214,4,15,,,2026-07-02T00:41:38Z
214,4,2,,,2026-07-02T00:41:38Z
214,4,3,,,2026-07-02T00:41:38Z
214,5,4,,,2026-07-02T00:41:38Z
214,5,5,,,2026-07-02T00:41:38Z
214,5,6,,,2026-07-02T00:41:38Z
214,5,7,,,2026-07-02T00:41:38Z
214,5,8,,,2026-07-02T00:41:38Z
214,5,9,,,2026-07-02T00:41:38Z
214,5,1,,,2026-07-02T00:41:38Z
214,5,10,,,2026-07-02T00:41:38Z
214,5,11,,,2026-07-02T00:41:38Z
214,5,12,,,2026-07-02T00:41:38Z
214,5,13,,,2026-07-02T00:41:38Z
214,5,2,,,2026-07-02T00:41:38Z
214,5,3,,,2026-07-02T00:41:38Z
214,6,4,,,2026-07-02T00:41:38Z
214,6,5,,,2026-07-02T00:41:38Z
214,6,6,,,2026-07-02T00:41:38Z
214,6,7,,,2026-07-02T00:41:38Z
214,6,8,,,2026-07-02T00:41:38Z
214,6,9,,,2026-07-02T00:41:38Z
214,6,1,,,2026-07-02T00:41:38Z
214,6,10,,,2026-07-02T00:41:38Z
214,6,11,,,2026-07-02T00:41:38Z
214,6,12,,,2026-07-02T00:41:38Z
214,6,13,,,2026-07-02T00:41:38Z
214,6,14,,,2026-07-02T00:41:38Z
214,6,15,,,2026-07-02T00:41:38Z
214,6,2,,,2026-07-02T00:41:38Z
214,6,3,,,2026-07-02T00:41:38Z
214,7,4,,,2026-07-02T00:41:38Z
214,7,5,,,2026-07-02T00:41:38Z
214,7,6,,,2026-07-02T00:41:38Z
214,7,7,,,2026-07-02T00:41:38Z
214,7,8,,,2026-07-02T00:41:38Z
214,7,9,,,2026-07-02T00:41:38Z
214,7,1,,,2026-07-02T00:41:38Z
214,7,10,,,2026-07-02T00:41:38Z
214,7,11,,,2026-07-02T00:41:38Z
214,7,12,,,2026-07-02T00:41:38Z
214,7,13,,,2026-07-02T00:41:38Z
214,7,14,,,2026-07-02T00:41:38Z
214,7,15,,,2026-07-02T00:41:38Z
214,7,16,,,2026-07-02T00:41:38Z
214,7,2,,,2026-07-02T00:41:38Z
214,7,3,,,2026-07-02T00:41:38Z
214,8,4,,,2026-07-02T00:41:38Z
214,8,5,,,2026-07-02T00:41:38Z
214,8,6,,,2026-07-02T00:41:38Z
214,8,7,,,2026-07-02T00:41:38Z
214,8,8,,,2026-07-02T00:41:38Z
214,8,9,,,2026-07-02T00:41:38Z
214,8,1,,,2026-07-02T00:41:38Z
214,8,10,,,2026-07-02T00:41:38Z
214,8,11,,,2026-07-02T00:41:38Z
214,8,12,,,2026-07-02T00:41:38Z
214,8,13,,,2026-07-02T00:41:38Z
214,8,14,,,2026-07-02T00:41:38Z
214,8,15,,,2026-07-02T00:41:38Z
214,8,16,,,2026-07-02T00:41:38Z
214,8,2,,,2026-07-02T00:41:38Z
214,8,3,,,2026-07-02T00:41:38Z
214,9,4,,,2026-07-02T00:41:38Z
214,9,5,,,2026-07-02T00:41:38Z
214,9,6,,,2026-07-02T00:41:38Z
214,9,7,,,2026-07-02T00:41:38Z
214,9,8,,,2026-07-02T00:41:38Z
214,9,9,,,2026-07-02T00:41:38Z
214,9,1,,,2026-07-02T00:41:38Z
214,9,10,,,2026-07-02T00:41:38Z
214,9,11,,,2026-07-02T00:41:38Z
214,9,12,,,2026-07-02T00:41:38Z
214,9,13,,,2026-07-02T00:41:38Z
214,9,14,,,2026-07-02T00:41:38Z
214,9,15,,,2026-07-02T00:41:38Z
214,9,16,,,2026-07-02T00:41:38Z
214,9,2,,,2026-07-02T00:41:38Z
214,9,3,,,2026-07-02T00:41:38Z
214L,1,1,,,2026-07-02T00:41:38Z
214L,1,2,,,2026-07-02T00:41:38Z
214L,1,7,,,2026-07-02T00:41:38Z
214L,1,8,,,2026-07-02T00:41:38Z
215,10,11,,,2026-07-02T00:41:38Z
215,10,12,,,2026-07-02T00:41:38Z
215,10,13,,,2026-07-02T00:41:38Z
215,10,14,,,2026-07-02T00:41:38Z
215,10,7,,,2026-07-02T00:41:38Z
215,10,8,,,2026-07-02T00:41:38Z
215,8,9,,,2026-07-02T00:41:38Z
215,8,10,,,2026-07-02T00:41:38Z
215,8,11,,,2026-07-02T00:41:38Z
215,8,12,,,2026-07-02T00:41:38Z
215,8,13,,,2026-07-02T00:41:38Z
215,8,14,,,2026-07-02T00:41:38Z
215,8,17,,,2026-07-02T00:41:38Z
215,8,18,,,2026-07-02T00:41:38Z
215,9,7,,,2026-07-02T00:41:38Z
215,9,8,,,2026-07-02T00:41:38Z
215,9,9,,,2026-07-02T00:41:38Z
215,9,10,,,2026-07-02T00:41:38Z
215,9,11,,,2026-07-02T00:41:38Z
215,9,12,,,2026-07-02T00:41:38Z
215,9,13,,,2026-07-02T00:41:38Z
215,9,14,,,2026-07-02T00:41:38Z
215,9,15,,,2026-07-02T00:41:38Z
215,9,16,,,2026-07-02T00:41:38Z
215,9,17,,,2026-07-02T00:41:38Z
215,9,18,,,2026-07-02T00:41:38Z
215L,1,12,,,2026-07-02T00:41:38Z
215L,1,13,,,2026-07-02T00:41:38Z
215L,1,2,,,2026-07-02T00:41:38Z
215L,1,3,,,2026-07-02T00:41:38Z
215L,1,4,,,2026-07-02T00:41:38Z
215L,1,5,,,2026-07-02T00:41:38Z
216,10,10,,,2026-07-02T00:41:38Z
216,10,11,,,2026-07-02T00:41:38Z
216,10,12,,,2026-07-02T00:41:38Z
216,10,13,,,2026-07-02T00:41:38Z
216,10,14,,,2026-07-02T00:41:38Z
216,10,15,,,2026-07-02T00:41:38Z
216,10,16,,,2026-07-02T00:41:38Z
216,10,2,,,2026-07-02T00:41:38Z
216,10,3,,,2026-07-02T00:41:38Z
216,10,4,,,2026-07-02T00:41:38Z
216,10,5,,,2026-07-02T00:41:38Z
216,10,6,,,2026-07-02T00:41:38Z
216,10,7,,,2026-07-02T00:41:38Z
216,10,8,,,2026-07-02T00:41:38Z
216,10,9,,,2026-07-02T00:41:38Z
216,11,10,,,2026-07-02T00:41:38Z
216,11,11,,,2026-07-02T00:41:38Z
216,11,12,,,2026-07-02T00:41:38Z
216,11,13,,,2026-07-02T00:41:38Z
216,11,14,,,2026-07-02T00:41:38Z
216,11,15,,,2026-07-02T00:41:38Z
216,11,16,,,2026-07-02T00:41:38Z
216,11,2,,,2026-07-02T00:41:38Z
216,11,3,,,2026-07-02T00:41:38Z
216,11,4,,,2026-07-02T00:41:38Z
216,11,5,,,2026-07-02T00:41:38Z
216,11,6,,,2026-07-02T00:41:38Z
216,11,7,,,2026-07-02T00:41:38Z
216,11,8,,,2026-07-02T00:41:38Z
216,11,9,,,2026-07-02T00:41:38Z
216,3,11,,,2026-07-02T00:41:38Z
216,3,12,,,2026-07-02T00:41:38Z
216,4,15,,,2026-07-02T00:41:38Z
216,4,16,,,2026-07-02T00:41:38Z
216,4,17,,,2026-07-02T00:41:38Z
216,4,18,,,2026-07-02T00:41:38Z
216,5,9,,,2026-07-02T00:41:38Z
216,5,10,,,2026-07-02T00:41:38Z
216,5,11,,,2026-07-02T00:41:38Z
216,5,12,,,2026-07-02T00:41:38Z
216,5,13,,,2026-07-02T00:41:38Z
216,5,14,,,2026-07-02T00:41:38Z
216,5,15,,,2026-07-02T00:41:38Z
216,5,16,,,2026-07-02T00:41:38Z
216,6,4,,,2026-07-02T00:41:38Z
216,6,5,,,2026-07-02T00:41:38Z
216,6,6,,,2026-07-02T00:41:38Z
216,6,7,,,2026-07-02T00:41:38Z
216,6,8,,,2026-07-02T00:41:38Z
216,6,9,,,2026-07-02T00:41:38Z
216,6,10,,,2026-07-02T00:41:38Z
216,6,11,,,2026-07-02T00:41:38Z
216,6,12,,,2026-07-02T00:41:38Z
216,6,13,,,2026-07-02T00:41:38Z
216,6,14,,,2026-07-02T00:41:38Z
216,6,15,,,2026-07-02T00:41:38Z
216,6,16,,,2026-07-02T00:41:38Z
216,6,17,,,2026-07-02T00:41:38Z
216,6,18,,,2026-07-02T00:41:38Z
216,7,4,,,2026-07-02T00:41:38Z
216,7,5,,,2026-07-02T00:41:38Z
216,7,6,,,2026-07-02T00:41:38Z
216,7,7,,,2026-07-02T00:41:38Z
216,7,8,,,2026-07-02T00:41:38Z
216,7,9,,,2026-07-02T00:41:38Z
216,7,10,,,2026-07-02T00:41:38Z
216,7,11,,,2026-07-02T00:41:38Z
216,7,12,,,2026-07-02T00:41:38Z
216,7,13,,,2026-07-02T00:41:38Z
216,7,14,,,2026-07-02T00:41:38Z
216,7,15,,,2026-07-02T00:41:38Z
216,7,16,,,2026-07-02T00:41:38Z
216,7,17,,,2026-07-02T00:41:38Z
216,7,18,,,2026-07-02T00:41:38Z
216,7,3,,,2026-07-02T00:41:38Z
216,8,4,,,2026-07-02T00:41:38Z
216,8,5,,,2026-07-02T00:41:38Z
216,8,6,,,2026-07-02T00:41:38Z
216,8,7,,,2026-07-02T00:41:38Z
216,8,8,,,2026-07-02T00:41:38Z
216,8,9,,,2026-07-02T00:41:38Z
216,8,1,,,2026-07-02T00:41:38Z
216,8,10,,,2026-07-02T00:41:38Z
216,8,11,,,2026-07-02T00:41:38Z
216,8,12,,,2026-07-02T00:41:38Z
216,8,13,,,2026-07-02T00:41:38Z
216,8,14,,,2026-07-02T00:41:38Z
216,8,15,,,2026-07-02T00:41:38Z
216,8,16,,,2026-07-02T00:41:38Z
216,8,17,,,2026-07-02T00:41:38Z
216,8,18,,,2026-07-02T00:41:38Z
216,8,2,,,2026-07-02T00:41:38Z
216,8,3,,,2026-07-02T00:41:38Z
216,9,4,,,2026-07-02T00:41:38Z
216,9,6,,,2026-07-02T00:41:38Z
216,9,7,,,2026-07-02T00:41:38Z
216,9,8,,,2026-07-02T00:41:38Z
216,9,9,,,2026-07-02T00:41:38Z
216,9,1,,,2026-07-02T00:41:38Z
216,9,10,,,2026-07-02T00:41:38Z
216,9,11,,,2026-07-02T00:41:38Z
216,9,12,,,2026-07-02T00:41:38Z
216,9,13,,,2026-07-02T00:41:38Z
216,9,14,,,2026-07-02T00:41:38Z
216,9,2,,,2026-07-02T00:41:38Z
216,9,3,,,2026-07-02T00:41:38Z
217,10,10,,,2026-07-02T00:41:38Z
217,10,11,,,2026-07-02T00:41:38Z
217,10,12,,,2026-07-02T00:41:38Z
217,10,13,,,2026-07-02T00:41:38Z
217,10,14,,,2026-07-02T00:41:38Z
217,10,15,,,2026-07-02T00:41:38Z
217,10,16,,,2026-07-02T00:41:38Z
217,10,17,,,2026-07-02T00:41:38Z
217,10,18,,,2026-07-02T00:41:38Z
217,10,2,,,2026-07-02T00:41:38Z
217,10,3,,,2026-07-02T00:41:38Z
217,10,4,,,2026-07-02T00:41:38Z
217,10,5,,,2026-07-02T00:41:38Z
217,10,6,,,2026-07-02T00:41:38Z
217,10,7,,,2026-07-02T00:41:38Z
217,10,8,,,2026-07-02T00:41:38Z
217,10,9,,,2026-07-02T00:41:38Z
217,11,10,,,2026-07-02T00:41:38Z
217,11,11,,,2026-07-02T00:41:38Z
217,11,12,,,2026-07-02T00:41:38Z
217,11,13,,,2026-07-02T00:41:38Z
217,11,14,,,2026-07-02T00:41:38Z
217,11,15,,,2026-07-02T00:41:38Z
217,11,16,,,2026-07-02T00:41:38Z
217,11,2,,,2026-07-02T00:41:38Z
217,11,3,,,2026-07-02T00:41:38Z
217,11,4,,,2026-07-02T00:41:38Z
217,11,5,,,2026-07-02T00:41:38Z
217,11,6,,,2026-07-02T00:41:38Z
217,11,7,,,2026-07-02T00:41:38Z
217,11,8,,,2026-07-02T00:41:38Z
217,11,9,,,2026-07-02T00:41:38Z
217,3,11,,,2026-07-02T00:41:38Z
217,3,12,,,2026-07-02T00:41:38Z
217,3,13,,,2026-07-02T00:41:38Z
217,3,14,,,2026-07-02T00:41:38Z
217,3,15,,,2026-07-02T00:41:38Z
217,3,16,,,2026-07-02T00:41:38Z
217,4,4,,,2026-07-02T00:41:38Z
217,4,5,,,2026-07-02T00:41:38Z
217,4,6,,,2026-07-02T00:41:38Z
217,4,7,,,2026-07-02T00:41:38Z
217,4,8,,,2026-07-02T00:41:38Z
217,4,9,,,2026-07-02T00:41:38Z
217,4,1,,,2026-07-02T00:41:38Z
217,4,10,,,2026-07-02T00:41:38Z
217,4,11,,,2026-07-02T00:41:38Z
217,4,12,,,2026-07-02T00:41:38Z
217,4,13,,,2026-07-02T00:41:38Z
217,4,14,,,2026-07-02T00:41:38Z
217,4,15,,,2026-07-02T00:41:38Z
217,4,16,,,2026-07-02T00:41:38Z
217,4,17,,,2026-07-02T00:41:38Z
217,4,18,,,2026-07-02T00:41:38Z
217,4,2,,,2026-07-02T00:41:38Z
217,4,3,,,2026-07-02T00:41:38Z
217,5,4,,,2026-07-02T00:41:38Z
217,5,5,,,2026-07-02T00:41:38Z
217,5,6,,,2026-07-02T00:41:38Z
217,5,7,,,2026-07-02T00:41:38Z
217,5,8,,,2026-07-02T00:41:38Z
217,5,9,,,2026-07-02T00:41:38Z
217,5,1,,,2026-07-02T00:41:38Z
217,5,10,,,2026-07-02T00:41:38Z
217,5,11,,,2026-07-02T00:41:38Z
217,5,12,,,2026-07-02T00:41:38Z
217,5,13,,,2026-07-02T00:41:38Z
217,5,14,,,2026-07-02T00:41:38Z
217,5,15,,,2026-07-02T00:41:38Z
217,5,16,,,2026-07-02T00:41:38Z
217,5,17,,,2026-07-02T00:41:38Z
217,5,18,,,2026-07-02T00:41:38Z
217,5,2,,,2026-07-02T00:41:38Z
217,5,3,,,2026-07-02T00:41:38Z
217,6,4,,,2026-07-02T00:41:38Z
217,6,5,,,2026-07-02T00:41:38Z
217,6,6,,,2026-07-02T00:41:38Z
217,6,7,,,2026-07-02T00:41:38Z
217,6,8,,,2026-07-02T00:41:38Z
217,6,9,,,2026-07-02T00:41:38Z
217,6,1,,,2026-07-02T00:41:38Z
217,6,10,,,2026-07-02T00:41:38Z
217,6,11,,,2026-07-02T00:41:38Z
217,6,12,,,2026-07-02T00:41:38Z
217,6,13,,,2026-07-02T00:41:38Z
217,6,14,,,2026-07-02T00:41:38Z
217,6,15,,,2026-07-02T00:41:38Z
217,6,16,,,2026-07-02T00:41:38Z
217,6,2,,,2026-07-02T00:41:38Z
217,6,3,,,2026-07-02T00:41:38Z
217,7,4,,,2026-07-02T00:41:38Z
217,7,5,,,2026-07-02T00:41:38Z
217,7,6,,,2026-07-02T00:41:38Z
217,7,7,,,2026-07-02T00:41:38Z
217,7,8,,,2026-07-02T00:41:38Z
217,7,9,,,2026-07-02T00:41:38Z
217,7,1,,,2026-07-02T00:41:38Z
217,7,10,,,2026-07-02T00:41:38Z
217,7,11,,,2026-07-02T00:41:38Z
217,7,12,,,2026-07-02T00:41:38Z
217,7,13,,,2026-07-02T00:41:38Z
217,7,14,,,2026-07-02T00:41:38Z
217,7,15,,,2026-07-02T00:41:38Z
217,7,16,,,2026-07-02T00:41:38Z
217,7,17,,,2026-07-02T00:41:38Z
217,7,18,,,2026-07-02T00:41:38Z
217,7,2,,,2026-07-02T00:41:38Z
217,7,3,,,2026-07-02T00:41:38Z
217,8,4,,,2026-07-02T00:41:38Z
217,8,5,,,2026-07-02T00:41:38Z
217,8,6,,,2026-07-02T00:41:38Z
217,8,7,,,2026-07-02T00:41:38Z
217,8,8,,,2026-07-02T00:41:38Z
217,8,9,,,2026-07-02T00:41:38Z
217,8,10,,,2026-07-02T00:41:38Z
217,8,11,,,2026-07-02T00:41:38Z
217,8,12,,,2026-07-02T00:41:38Z
217,8,13,,,2026-07-02T00:41:38Z
217,8,14,,,2026-07-02T00:41:38Z
217,8,15,,,2026-07-02T00:41:38Z
217,8,16,,,2026-07-02T00:41:38Z
217,8,17,,,2026-07-02T00:41:38Z
217,8,18,,,2026-07-02T00:41:38Z
217,8,3,,,2026-07-02T00:41:38Z
217,9,4,,,2026-07-02T00:41:38Z
217,9,5,,,2026-07-02T00:41:38Z
217,9,6,,,2026-07-02T00:41:38Z
217,9,7,,,2026-07-02T00:41:38Z
217,9,8,,,2026-07-02T00:41:38Z
217,9,9,,,2026-07-02T00:41:38Z
217,9,1,,,2026-07-02T00:41:38Z
217,9,10,,,2026-07-02T00:41:38Z
217,9,11,,,2026-07-02T00:41:38Z
217,9,12,,,2026-07-02T00:41:38Z
217,9,13,,,2026-07-02T00:41:38Z
217,9,14,,,2026-07-02T00:41:38Z
217,9,15,,,2026-07-02T00:41:38Z
217,9,16,,,2026-07-02T00:41:38Z
217,9,17,,,2026-07-02T00:41:38Z
217,9,18,,,2026-07-02T00:41:38Z
217,9,2,,,2026-07-02T00:41:38Z
217,9,3,,,2026-07-02T00:41:38Z
218,10,10,,,2026-07-02T00:41:38Z
218,10,11,,,2026-07-02T00:41:38Z
218,10,12,,,2026-07-02T00:41:38Z
218,10,13,,,2026-07-02T00:41:38Z
218,10,14,,,2026-07-02T00:41:38Z
218,10,15,,,2026-07-02T00:41:38Z
218,10,16,,,2026-07-02T00:41:38Z
218,10,17,,,2026-07-02T00:41:38Z
218,10,18,,,2026-07-02T00:41:38Z
218,10,2,,,2026-07-02T00:41:38Z
218,10,3,,,2026-07-02T00:41:38Z
218,10,4,,,2026-07-02T00:41:38Z
218,10,5,,,2026-07-02T00:41:38Z
218,10,6,,,2026-07-02T00:41:38Z
218,10,7,,,2026-07-02T00:41:38Z
218,10,8,,,2026-07-02T00:41:38Z
218,10,9,,,2026-07-02T00:41:38Z
218,11,10,,,2026-07-02T00:41:38Z
218,11,11,,,2026-07-02T00:41:38Z
218,11,12,,,2026-07-02T00:41:38Z
218,11,13,,,2026-07-02T00:41:38Z
218,11,14,,,2026-07-02T00:41:38Z
218,11,15,,,2026-07-02T00:41:38Z
218,11,16,,,2026-07-02T00:41:38Z
218,11,17,,,2026-07-02T00:41:38Z
218,11,18,,,2026-07-02T00:41:38Z
218,11,2,,,2026-07-02T00:41:38Z
218,11,3,,,2026-07-02T00:41:38Z
218,11,4,,,2026-07-02T00:41:38Z
218,11,5,,,2026-07-02T00:41:38Z
218,11,6,,,2026-07-02T00:41:38Z
218,11,7,,,2026-07-02T00:41:38Z
218,11,8,,,2026-07-02T00:41:38Z
218,11,9,,,2026-07-02T00:41:38Z
218,2,1,,,2026-07-02T00:41:38Z
218,2,11,,,2026-07-02T00:41:38Z
218,2,12,,,2026-07-02T00:41:38Z
218,2,13,,,2026-07-02T00:41:38Z
218,2,14,,,2026-07-02T00:41:38Z
218,2,2,,,2026-07-02T00:41:38Z
218,3,7,,,2026-07-02T00:41:38Z
218,3,8,,,2026-07-02T00:41:38Z
218,3,9,,,2026-07-02T00:41:38Z
218,3,1,,,2026-07-02T00:41:38Z
218,3,10,,,2026-07-02T00:41:38Z
218,3,11,,,2026-07-02T00:41:38Z
218,3,12,,,2026-07-02T00:41:38Z
218,3,13,,,2026-07-02T00:41:38Z
218,3,14,,,2026-07-02T00:41:38Z
218,3,2,,,2026-07-02T00:41:38Z
218,4,4,,,2026-07-02T00:41:38Z
218,4,5,,,2026-07-02T00:41:38Z
218,4,6,,,2026-07-02T00:41:38Z
218,4,7,,,2026-07-02T00:41:38Z
218,4,8,,,2026-07-02T00:41:38Z
218,4,9,,,2026-07-02T00:41:38Z
218,4,1,,,2026-07-02T00:41:38Z
218,4,10,,,2026-07-02T00:41:38Z
218,4,11,,,2026-07-02T00:41:38Z
218,4,12,,,2026-07-02T00:41:38Z
218,4,13,,,2026-07-02T00:41:38Z
218,4,14,,,2026-07-02T00:41:38Z
218,4,15,,,2026-07-02T00:41:38Z
218,4,16,,,2026-07-02T00:41:38Z
218,4,17,,,2026-07-02T00:41:38Z
218,4,18,,,2026-07-02T00:41:38Z
218,4,2,,,2026-07-02T00:41:38Z
218,4,3,,,2026-07-02T00:41:38Z
218,5,4,,,2026-07-02T00:41:38Z
218,5,5,,,2026-07-02T00:41:38Z
218,5,6,,,2026-07-02T00:41:38Z
218,5,7,,,2026-07-02T00:41:38Z
218,5,8,,,2026-07-02T00:41:38Z
218,5,9,,,2026-07-02T00:41:38Z
218,5,1,,,2026-07-02T00:41:38Z
218,5,10,,,2026-07-02T00:41:38Z
218,5,11,,,2026-07-02T00:41:38Z
218,5,12,,,2026-07-02T00:41:38Z
218,5,13,,,2026-07-02T00:41:38Z
218,5,14,,,2026-07-02T00:41:38Z
218,5,15,,,2026-07-02T00:41:38Z
218,5,16,,,2026-07-02T00:41:38Z
218,5,17,,,2026-07-02T00:41:38Z
218,5,18,,,2026-07-02T00:41:38Z
218,5,2,,,2026-07-02T00:41:38Z
218,5,3,,,2026-07-02T00:41:38Z
218,6,4,,,2026-07-02T00:41:38Z
218,6,5,,,2026-07-02T00:41:38Z
218,6,6,,,2026-07-02T00:41:38Z
218,6,7,,,2026-07-02T00:41:38Z
218,6,8,,,2026-07-02T00:41:38Z
218,6,9,,,2026-07-02T00:41:38Z
218,6,1,,,2026-07-02T00:41:38Z
218,6,10,,,2026-07-02T00:41:38Z
218,6,11,,,2026-07-02T00:41:38Z
218,6,12,,,2026-07-02T00:41:38Z
218,6,13,,,2026-07-02T00:41:38Z
218,6,14,,,2026-07-02T00:41:38Z
218,6,15,,,2026-07-02T00:41:38Z
218,6,16,,,2026-07-02T00:41:38Z
218,6,17,,,2026-07-02T00:41:38Z
218,6,18,,,2026-07-02T00:41:38Z
218,6,2,,,2026-07-02T00:41:38Z
218,6,3,,,2026-07-02T00:41:38Z
218,7,4,,,2026-07-02T00:41:38Z
218,7,5,,,2026-07-02T00:41:38Z
218,7,6,,,2026-07-02T00:41:38Z
218,7,7,,,2026-07-02T00:41:38Z
218,7,8,,,2026-07-02T00:41:38Z
218,7,9,,,2026-07-02T00:41:38Z
218,7,1,,,2026-07-02T00:41:38Z
218,7,10,,,2026-07-02T00:41:38Z
218,7,11,,,2026-07-02T00:41:38Z
218,7,12,,,2026-07-02T00:41:38Z
218,7,13,,,2026-07-02T00:41:38Z
218,7,14,,,2026-07-02T00:41:38Z
218,7,15,,,2026-07-02T00:41:38Z
218,7,16,,,2026-07-02T00:41:38Z
218,7,17,,,2026-07-02T00:41:38Z
218,7,18,,,2026-07-02T00:41:38Z
218,7,2,,,2026-07-02T00:41:38Z
218,7,3,,,2026-07-02T00:41:38Z
218,8,4,,,2026-07-02T00:41:38Z
218,8,5,,,2026-07-02T00:41:38Z
218,8,6,,,2026-07-02T00:41:38Z
218,8,7,,,2026-07-02T00:41:38Z
218,8,8,,,2026-07-02T00:41:38Z
218,8,9,,,2026-07-02T00:41:38Z
218,8,1,,,2026-07-02T00:41:38Z
218,8,10,,,2026-07-02T00:41:38Z
218,8,11,,,2026-07-02T00:41:38Z
218,8,12,,,2026-07-02T00:41:38Z
218,8,13,,,2026-07-02T00:41:38Z
218,8,14,,,2026-07-02T00:41:38Z
218,8,15,,,2026-07-02T00:41:38Z
218,8,16,,,2026-07-02T00:41:38Z
218,8,17,,,2026-07-02T00:41:38Z
218,8,18,,,2026-07-02T00:41:38Z
218,8,2,,,2026-07-02T00:41:38Z
218,8,3,,,2026-07-02T00:41:38Z
218,9,4,,,2026-07-02T00:41:38Z
218,9,5,,,2026-07-02T00:41:38Z
218,9,6,,,2026-07-02T00:41:38Z
218,9,7,,,2026-07-02T00:41:38Z
218,9,8,,,2026-07-02T00:41:38Z
218,9,9,,,2026-07-02T00:41:38Z
218,9,1,,,2026-07-02T00:41:38Z
218,9,10,,,2026-07-02T00:41:38Z
218,9,11,,,2026-07-02T00:41:38Z
218,9,12,,,2026-07-02T00:41:38Z
218,9,13,,,2026-07-02T00:41:38Z
218,9,14,,,2026-07-02T00:41:38Z
218,9,15,,,2026-07-02T00:41:38Z
218,9,16,,,2026-07-02T00:41:38Z
218,9,17,,,2026-07-02T00:41:38Z
218,9,18,,,2026-07-02T00:41:38Z
218,9,2,,,2026-07-02T00:41:38Z
218,9,3,,,2026-07-02T00:41:38Z
219,10,10,,,2026-07-02T00:41:38Z
219,10,11,,,2026-07-02T00:41:38Z
219,10,12,,,2026-07-02T00:41:38Z
219,10,13,,,2026-07-02T00:41:38Z
219,10,14,,,2026-07-02T00:41:38Z
219,10,15,,,2026-07-02T00:41:38Z
219,10,2,,,2026-07-02T00:41:38Z
219,10,3,,,2026-07-02T00:41:38Z
219,10,4,,,2026-07-02T00:41:38Z
219,10,5,,,2026-07-02T00:41:38Z
219,10,6,,,2026-07-02T00:41:38Z
219,10,7,,,2026-07-02T00:41:38Z
219,10,8,,,2026-07-02T00:41:38Z
219,10,9,,,2026-07-02T00:41:38Z
219,11,10,,,2026-07-02T00:41:38Z
219,11,11,,,2026-07-02T00:41:38Z
219,11,12,,,2026-07-02T00:41:38Z
219,11,13,,,2026-07-02T00:41:38Z
219,11,14,,,2026-07-02T00:41:38Z
219,11,15,,,2026-07-02T00:41:38Z
219,11,16,,,2026-07-02T00:41:38Z
219,11,2,,,2026-07-02T00:41:38Z
219,11,3,,,2026-07-02T00:41:38Z
219,11,4,,,2026-07-02T00:41:38Z
219,11,5,,,2026-07-02T00:41:38Z
219,11,6,,,2026-07-02T00:41:38Z
219,11,7,,,2026-07-02T00:41:38Z
219,11,8,,,2026-07-02T00:41:38Z
219,11,9,,,2026-07-02T00:41:38Z
219,2,5,,,2026-07-02T00:41:38Z
219,2,6,,,2026-07-02T00:41:38Z
219,3,8,,,2026-07-02T00:41:38Z
219,3,9,,,2026-07-02T00:41:38Z
219,3,1,,,2026-07-02T00:41:38Z
219,3,2,,,2026-07-02T00:41:38Z
219,4,4,,,2026-07-02T00:41:38Z
219,4,5,,,2026-07-02T00:41:38Z
219,4,6,,,2026-07-02T00:41:38Z
219,4,7,,,2026-07-02T00:41:38Z
219,4,8,,,2026-07-02T00:41:38Z
219,4,9,,,2026-07-02T00:41:38Z
219,4,1,,,2026-07-02T00:41:38Z
219,4,10,,,2026-07-02T00:41:38Z
219,4,2,,,2026-07-02T00:41:38Z
219,4,3,,,2026-07-02T00:41:38Z
219,5,4,,,2026-07-02T00:41:38Z
219,5,5,,,2026-07-02T00:41:38Z
219,5,6,,,2026-07-02T00:41:38Z
219,5,7,,,2026-07-02T00:41:38Z
219,5,8,,,2026-07-02T00:41:38Z
219,5,9,,,2026-07-02T00:41:38Z
219,5,1,,,2026-07-02T00:41:38Z
219,5,10,,,2026-07-02T00:41:38Z
219,5,2,,,2026-07-02T00:41:38Z
219,5,3,,,2026-07-02T00:41:38Z
219,6,4,,,2026-07-02T00:41:38Z
219,6,5,,,2026-07-02T00:41:38Z
219,6,6,,,2026-07-02T00:41:38Z
219,6,7,,,2026-07-02T00:41:38Z
219,6,8,,,2026-07-02T00:41:38Z
219,6,9,,,2026-07-02T00:41:38Z
219,6,1,,,2026-07-02T00:41:38Z
219,6,10,,,2026-07-02T00:41:38Z
219,6,11,,,2026-07-02T00:41:38Z
219,6,2,,,2026-07-02T00:41:38Z
219,6,3,,,2026-07-02T00:41:38Z
219,7,4,,,2026-07-02T00:41:38Z
219,7,5,,,2026-07-02T00:41:38Z
219,7,6,,,2026-07-02T00:41:38Z
219,7,7,,,2026-07-02T00:41:38Z
219,7,8,,,2026-07-02T00:41:38Z
219,7,9,,,2026-07-02T00:41:38Z
219,7,1,,,2026-07-02T00:41:38Z
219,7,10,,,2026-07-02T00:41:38Z
219,7,11,,,2026-07-02T00:41:38Z
219,7,12,,,2026-07-02T00:41:38Z
219,7,2,,,2026-07-02T00:41:38Z
219,7,3,,,2026-07-02T00:41:38Z
219,8,4,,,2026-07-02T00:41:38Z
219,8,5,,,2026-07-02T00:41:38Z
219,8,6,,,2026-07-02T00:41:38Z
219,8,7,,,2026-07-02T00:41:38Z
219,8,8,,,2026-07-02T00:41:38Z
219,8,9,,,2026-07-02T00:41:38Z
219,8,1,,,2026-07-02T00:41:38Z
219,8,10,,,2026-07-02T00:41:38Z
219,8,11,,,2026-07-02T00:41:38Z
219,8,12,,,2026-07-02T00:41:38Z
219,8,13,,,2026-07-02T00:41:38Z
219,8,2,,,2026-07-02T00:41:38Z
219,8,3,,,2026-07-02T00:41:38Z
219,9,4,,,2026-07-02T00:41:38Z
219,9,5,,,2026-07-02T00:41:38Z
219,9,6,,,2026-07-02T00:41:38Z
219,9,7,,,2026-07-02T00:41:38Z
219,9,8,,,2026-07-02T00:41:38Z
219,9,9,,,2026-07-02T00:41:38Z
219,9,1,,,2026-07-02T00:41:38Z
219,9,10,,,2026-07-02T00:41:38Z
219,9,11,,,2026-07-02T00:41:38Z
219,9,12,,,2026-07-02T00:41:38Z
219,9,13,,,2026-07-02T00:41:38Z
219,9,14,,,2026-07-02T00:41:38Z
219,9,2,,,2026-07-02T00:41:38Z
219,9,3,,,2026-07-02T00:41:38Z
220,10,10,,,2026-07-02T00:41:38Z
220,10,11,,,2026-07-02T00:41:38Z
220,10,12,,,2026-07-02T00:41:38Z
220,10,13,,,2026-07-02T00:41:38Z
220,10,14,,,2026-07-02T00:41:38Z
220,10,15,,,2026-07-02T00:41:38Z
220,10,16,,,2026-07-02T00:41:38Z
220,10,2,,,2026-07-02T00:41:38Z
220,10,3,,,2026-07-02T00:41:38Z
220,10,4,,,2026-07-02T00:41:38Z
220,10,5,,,2026-07-02T00:41:38Z
220,10,6,,,2026-07-02T00:41:38Z
220,10,7,,,2026-07-02T00:41:38Z
220,10,8,,,2026-07-02T00:41:38Z
220,10,9,,,2026-07-02T00:41:38Z
220,1,7,,,2026-07-02T00:41:38Z
220,1,8,,,2026-07-02T00:41:38Z
220,2,4,,,2026-07-02T00:41:38Z
220,2,5,,,2026-07-02T00:41:38Z
220,2,6,,,2026-07-02T00:41:38Z
220,2,7,,,2026-07-02T00:41:38Z
220,2,8,,,2026-07-02T00:41:38Z
220,2,9,,,2026-07-02T00:41:38Z
220,2,1,,,2026-07-02T00:41:38Z
220,2,10,,,2026-07-02T00:41:38Z
220,2,11,,,2026-07-02T00:41:38Z
220,2,12,,,2026-07-02T00:41:38Z
220,2,13,,,2026-07-02T00:41:38Z
220,2,14,,,2026-07-02T00:41:38Z
220,2,15,,,2026-07-02T00:41:38Z
220,2,16,,,2026-07-02T00:41:38Z
220,2,2,,,2026-07-02T00:41:38Z
220,2,3,,,2026-07-02T00:41:38Z
220,3,4,,,2026-07-02T00:41:38Z
220,3,5,,,2026-07-02T00:41:38Z
220,3,6,,,2026-07-02T00:41:38Z
220,3,7,,,2026-07-02T00:41:38Z
220,3,8,,,2026-07-02T00:41:38Z
220,3,9,,,2026-07-02T00:41:38Z
220,3,1,,,2026-07-02T00:41:38Z
220,3,10,,,2026-07-02T00:41:38Z
220,3,11,,,2026-07-02T00:41:38Z
220,3,12,,,2026-07-02T00:41:38Z
220,3,13,,,2026-07-02T00:41:38Z
220,3,14,,,2026-07-02T00:41:38Z
220,3,15,,,2026-07-02T00:41:38Z
220,3,16,,,2026-07-02T00:41:38Z
220,3,2,,,2026-07-02T00:41:38Z
220,3,3,,,2026-07-02T00:41:38Z
220,4,4,,,2026-07-02T00:41:38Z
220,4,5,,,2026-07-02T00:41:38Z
220,4,6,,,2026-07-02T00:41:38Z
220,4,7,,,2026-07-02T00:41:38Z
220,4,8,,,2026-07-02T00:41:38Z
220,4,9,,,2026-07-02T00:41:38Z
220,4,1,,,2026-07-02T00:41:38Z
220,4,10,,,2026-07-02T00:41:38Z
220,4,11,,,2026-07-02T00:41:38Z
220,4,12,,,2026-07-02T00:41:38Z
220,4,13,,,2026-07-02T00:41:38Z
220,4,14,,,2026-07-02T00:41:38Z
220,4,15,,,2026-07-02T00:41:38Z
220,4,16,,,2026-07-02T00:41:38Z
220,4,2,,,2026-07-02T00:41:38Z
220,4,3,,,2026-07-02T00:41:38Z
220,5,4,,,2026-07-02T00:41:38Z
220,5,5,,,2026-07-02T00:41:38Z
220,5,6,,,2026-07-02T00:41:38Z
220,5,7,,,2026-07-02T00:41:38Z
220,5,8,,,2026-07-02T00:41:38Z
220,5,9,,,2026-07-02T00:41:38Z
220,5,1,,,2026-07-02T00:41:38Z
220,5,10,,,2026-07-02T00:41:38Z
220,5,11,,,2026-07-02T00:41:38Z
220,5,12,,,2026-07-02T00:41:38Z
220,5,13,,,2026-07-02T00:41:38Z
220,5,14,,,2026-07-02T00:41:38Z
220,5,15,,,2026-07-02T00:41:38Z
220,5,16,,,2026-07-02T00:41:38Z
220,5,2,,,2026-07-02T00:41:38Z
220,5,3,,,2026-07-02T00:41:38Z
220,6,4,,,2026-07-02T00:41:38Z
220,6,5,,,2026-07-02T00:41:38Z
220,6,6,,,2026-07-02T00:41:38Z
220,6,7,,,2026-07-02T00:41:38Z
220,6,8,,,2026-07-02T00:41:38Z
220,6,9,,,2026-07-02T00:41:38Z
220,6,1,,,2026-07-02T00:41:38Z
220,6,10,,,2026-07-02T00:41:38Z
220,6,11,,,2026-07-02T00:41:38Z
220,6,12,,,2026-07-02T00:41:38Z
220,6,13,,,2026-07-02T00:41:38Z
220,6,14,,,2026-07-02T00:41:38Z
220,6,15,,,2026-07-02T00:41:38Z
220,6,16,,,2026-07-02T00:41:38Z
220,6,2,,,2026-07-02T00:41:38Z
220,6,3,,,2026-07-02T00:41:38Z
220,7,4,,,2026-07-02T00:41:38Z
220,7,5,,,2026-07-02T00:41:38Z
220,7,6,,,2026-07-02T00:41:38Z
220,7,7,,,2026-07-02T00:41:38Z
220,7,8,,,2026-07-02T00:41:38Z
220,7,9,,,2026-07-02T00:41:38Z
220,7,1,,,2026-07-02T00:41:38Z
220,7,10,,,2026-07-02T00:41:38Z
220,7,11,,,2026-07-02T00:41:38Z
220,7,12,,,2026-07-02T00:41:38Z
220,7,13,,,2026-07-02T00:41:38Z
220,7,14,,,2026-07-02T00:41:38Z
220,7,15,,,2026-07-02T00:41:38Z
220,7,16,,,2026-07-02T00:41:38Z
220,7,2,,,2026-07-02T00:41:38Z
220,7,3,,,2026-07-02T00:41:38Z
220,8,4,,,2026-07-02T00:41:38Z
220,8,5,,,2026-07-02T00:41:38Z
220,8,6,,,2026-07-02T00:41:38Z
220,8,7,,,2026-07-02T00:41:38Z
220,8,8,,,2026-07-02T00:41:38Z
220,8,9,,,2026-07-02T00:41:38Z
220,8,1,,,2026-07-02T00:41:38Z
220,8,10,,,2026-07-02T00:41:38Z
220,8,11,,,2026-07-02T00:41:38Z
220,8,12,,,2026-07-02T00:41:38Z
220,8,13,,,2026-07-02T00:41:38Z
220,8,14,,,2026-07-02T00:41:38Z
220,8,15,,,2026-07-02T00:41:38Z
220,8,16,,,2026-07-02T00:41:38Z
220,8,2,,,2026-07-02T00:41:38Z
220,8,3,,,2026-07-02T00:41:38Z
220,9,4,,,2026-07-02T00:41:38Z
220,9,5,,,2026-07-02T00:41:38Z
220,9,6,,,2026-07-02T00:41:38Z
220,9,7,,,2026-07-02T00:41:38Z
220,9,8,,,2026-07-02T00:41:38Z
220,9,9,,,2026-07-02T00:41:38Z
220,9,1,,,2026-07-02T00:41:38Z
220,9,10,,,2026-07-02T00:41:38Z
220,9,11,,,2026-07-02T00:41:38Z
220,9,12,,,2026-07-02T00:41:38Z
220,9,13,,,2026-07-02T00:41:38Z
220,9,14,,,2026-07-02T00:41:38Z
220,9,15,,,2026-07-02T00:41:38Z
220,9,16,,,2026-07-02T00:41:38Z
220,9,2,,,2026-07-02T00:41:38Z
220,9,3,,,2026-07-02T00:41:38Z
221,13,8,,,2026-07-02T00:41:38Z
221,13,9,,,2026-07-02T00:41:38Z
221,1,5,,,2026-07-02T00:41:38Z
221,1,6,,,2026-07-02T00:41:38Z
221,1,15,,,2026-07-02T00:41:38Z
221,1,16,,,2026-07-02T00:41:38Z
221,2,5,,,2026-07-02T00:41:38Z
221,2,6,,,2026-07-02T00:41:38Z
221,2,7,,,2026-07-02T00:41:38Z
221,2,8,,,2026-07-02T00:41:38Z
221,2,9,,,2026-07-02T00:41:38Z
221,2,10,,,2026-07-02T00:41:38Z
221,2,11,,,2026-07-02T00:41:38Z
221,2,12,,,2026-07-02T00:41:38Z
221,2,13,,,2026-07-02T00:41:38Z
221,2,14,,,2026-07-02T00:41:38Z
221,2,15,,,2026-07-02T00:41:38Z
221,2,16,,,2026-07-02T00:41:38Z
221,4,9,,,2026-07-02T00:41:38Z
221,4,10,,,2026-07-02T00:41:38Z
221,4,11,,,2026-07-02T00:41:38Z
221,4,12,,,2026-07-02T00:41:38Z
221,4,13,,,2026-07-02T00:41:38Z
221,4,14,,,2026-07-02T00:41:38Z
221,4,15,,,2026-07-02T00:41:38Z
221,4,16,,,2026-07-02T00:41:38Z
221,4,17,,,2026-07-02T00:41:38Z
221,13,10,,,2026-07-02T00:41:38Z
221,13,11,,,2026-07-02T00:41:38Z
222,12,10,,,2026-07-02T00:41:38Z
222,12,11,,,2026-07-02T00:41:38Z
222,12,12,,,2026-07-02T00:41:38Z
222,12,7,,,2026-07-02T00:41:38Z
222,12,8,,,2026-07-02T00:41:38Z
222,12,9,,,2026-07-02T00:41:38Z
222,13,4,,,2026-07-02T00:41:38Z
222,13,5,,,2026-07-02T00:41:38Z
222,13,6,,,2026-07-02T00:41:38Z
222,13,7,,,2026-07-02T00:41:38Z
222,13,8,,,2026-07-02T00:41:38Z
222,13,9,,,2026-07-02T00:41:38Z
222,1,4,,,2026-07-02T00:41:38Z
222,1,5,,,2026-07-02T00:41:38Z
222,1,6,,,2026-07-02T00:41:38Z
222,1,11,,,2026-07-02T00:41:38Z
222,1,12,,,2026-07-02T00:41:38Z
222,1,13,,,2026-07-02T00:41:38Z
222,1,14,,,2026-07-02T00:41:38Z
222,1,15,,,2026-07-02T00:41:38Z
222,1,16,,,2026-07-02T00:41:38Z
222,1,17,,,2026-07-02T00:41:38Z
222,1,18,,,2026-07-02T00:41:38Z
222,1,3,,,2026-07-02T00:41:38Z
222,2,4,,,2026-07-02T00:41:38Z
222,2,5,,,2026-07-02T00:41:38Z
222,2,10,,,2026-07-02T00:41:38Z
222,2,11,,,2026-07-02T00:41:38Z
222,2,12,,,2026-07-02T00:41:38Z
222,2,13,,,2026-07-02T00:41:38Z
222,2,14,,,2026-07-02T00:41:38Z
222,2,15,,,2026-07-02T00:41:38Z
222,2,16,,,2026-07-02T00:41:38Z
222,2,3,,,2026-07-02T00:41:38Z
222,3,5,,,2026-07-02T00:41:38Z
222,3,6,,,2026-07-02T00:41:38Z
222,3,7,,,2026-07-02T00:41:38Z
222,3,8,,,2026-07-02T00:41:38Z
222,6,4,,,2026-07-02T00:41:38Z
222,6,5,,,2026-07-02T00:41:38Z
222,6,3,,,2026-07-02T00:41:38Z
222,13,10,,,2026-07-02T00:41:38Z
222,13,3,,,2026-07-02T00:41:38Z
222,13,11,,,2026-07-02T00:41:38Z
222,13,2,,,2026-07-02T00:41:38Z
223,10,13,,,2026-07-02T00:41:38Z
223,10,14,,,2026-07-02T00:41:38Z
223,10,15,,,2026-07-02T00:41:38Z
223,10,16,,,2026-07-02T00:41:38Z
223,10,17,,,2026-07-02T00:41:38Z
223,10,2,,,2026-07-02T00:41:38Z
223,10,3,,,2026-07-02T00:41:38Z
223,10,4,,,2026-07-02T00:41:38Z
223,10,5,,,2026-07-02T00:41:38Z
223,10,6,,,2026-07-02T00:41:38Z
223,10,7,,,2026-07-02T00:41:38Z
223,11,15,,,2026-07-02T00:41:38Z
223,11,16,,,2026-07-02T00:41:38Z
223,11,17,,,2026-07-02T00:41:38Z
223,11,18,,,2026-07-02T00:41:38Z
223,11,19,,,2026-07-02T00:41:38Z
223,11,2,,,2026-07-02T00:41:38Z
223,11,3,,,2026-07-02T00:41:38Z
223,11,4,,,2026-07-02T00:41:38Z
223,11,5,,,2026-07-02T00:41:38Z
223,11,6,,,2026-07-02T00:41:38Z
223,11,7,,,2026-07-02T00:41:38Z
223,11,8,,,2026-07-02T00:41:38Z
223,12,13,,,2026-07-02T00:41:38Z
223,12,14,,,2026-07-02T00:41:38Z
223,12,15,,,2026-07-02T00:41:38Z
223,12,2,,,2026-07-02T00:41:38Z
223,12,3,,,2026-07-02T00:41:38Z
223,12,4,,,2026-07-02T00:41:38Z
223,12,5,,,2026-07-02T00:41:38Z
223,12,6,,,2026-07-02T00:41:38Z
223,12,7,,,2026-07-02T00:41:38Z
223,12,8,,,2026-07-02T00:41:38Z
223,13,10,,,2026-07-02T00:41:38Z
223,13,13,,,2026-07-02T00:41:38Z
223,13,14,,,2026-07-02T00:41:38Z
223,13,15,,,2026-07-02T00:41:38Z
223,13,4,,,2026-07-02T00:41:38Z
223,13,5,,,2026-07-02T00:41:38Z
223,13,6,,,2026-07-02T00:41:38Z
223,13,7,,,2026-07-02T00:41:38Z
223,13,8,,,2026-07-02T00:41:38Z
223,13,9,,,2026-07-02T00:41:38Z
223,1,4,,,2026-07-02T00:41:38Z
223,1,6,,,2026-07-02T00:41:38Z
223,1,7,,,2026-07-02T00:41:38Z
223,1,8,,,2026-07-02T00:41:38Z
223,1,9,,,2026-07-02T00:41:38Z
223,1,1,,,2026-07-02T00:41:38Z
223,1,14,,,2026-07-02T00:41:38Z
223,1,15,,,2026-07-02T00:41:38Z
223,1,2,,,2026-07-02T00:41:38Z
223,1,3,,,2026-07-02T00:41:38Z
223,2,11,,,2026-07-02T00:41:38Z
223,2,12,,,2026-07-02T00:41:38Z
223,2,13,,,2026-07-02T00:41:38Z
223,2,14,,,2026-07-02T00:41:38Z
223,2,15,,,2026-07-02T00:41:38Z
223,5,4,,,2026-07-02T00:41:38Z
223,5,7,,,2026-07-02T00:41:38Z
223,5,8,,,2026-07-02T00:41:38Z
223,5,9,,,2026-07-02T00:41:38Z
223,5,1,,,2026-07-02T00:41:38Z
223,5,10,,,2026-07-02T00:41:38Z
223,5,15,,,2026-07-02T00:41:38Z
223,5,16,,,2026-07-02T00:41:38Z
223,5,17,,,2026-07-02T00:41:38Z
223,5,18,,,2026-07-02T00:41:38Z
223,5,2,,,2026-07-02T00:41:38Z
223,5,3,,,2026-07-02T00:41:38Z
223,6,8,,,2026-07-02T00:41:38Z
223,6,9,,,2026-07-02T00:41:38Z
223,6,1,,,2026-07-02T00:41:38Z
223,6,10,,,2026-07-02T00:41:38Z
223,6,11,,,2026-07-02T00:41:38Z
223,6,12,,,2026-07-02T00:41:38Z
223,6,17,,,2026-07-02T00:41:38Z
223,6,18,,,2026-07-02T00:41:38Z
223,6,19,,,2026-07-02T00:41:38Z
223,6,2,,,2026-07-02T00:41:38Z
223,7,9,,,2026-07-02T00:41:38Z
223,7,1,,,2026-07-02T00:41:38Z
223,7,10,,,2026-07-02T00:41:38Z
223,7,11,,,2026-07-02T00:41:38Z
223,7,12,,,2026-07-02T00:41:38Z
223,7,17,,,2026-07-02T00:41:38Z
223,7,18,,,2026-07-02T00:41:38Z
223,7,19,,,2026-07-02T00:41:38Z
223,7,2,,,2026-07-02T00:41:38Z
223,7,20,,,2026-07-02T00:41:38Z
223,7,3,,,2026-07-02T00:41:38Z
223,8,4,,,2026-07-02T00:41:38Z
223,8,1,,,2026-07-02T00:41:38Z
223,8,10,,,2026-07-02T00:41:38Z
223,8,11,,,2026-07-02T00:41:38Z
223,8,12,,,2026-07-02T00:41:38Z
223,8,13,,,2026-07-02T00:41:38Z
223,8,19,,,2026-07-02T00:41:38Z
223,8,2,,,2026-07-02T00:41:38Z
223,8,20,,,2026-07-02T00:41:38Z
223,8,21,,,2026-07-02T00:41:38Z
223,8,3,,,2026-07-02T00:41:38Z
223,9,4,,,2026-07-02T00:41:38Z
223,9,5,,,2026-07-02T00:41:38Z
223,9,1,,,2026-07-02T00:41:38Z
223,9,11,,,2026-07-02T00:41:38Z
223,9,12,,,2026-07-02T00:41:38Z
223,9,13,,,2026-07-02T00:41:38Z
223,9,14,,,2026-07-02T00:41:38Z
223,9,15,,,2026-07-02T00:41:38Z
223,9,2,,,2026-07-02T00:41:38Z
223,9,20,,,2026-07-02T00:41:38Z
223,9,21,,,2026-07-02T00:41:38Z
223,9,3,,,2026-07-02T00:41:38Z
223,13,11,,,2026-07-02T00:41:38Z
223,13,3,,,2026-07-02T00:41:38Z
223,13,12,,,2026-07-02T00:41:38Z
223,13,16,,,2026-07-02T00:41:38Z
223,13,2,,,2026-07-02T00:41:38Z
300,17,1,,,2026-07-02T00:41:38Z
300,17,2,,,2026-07-02T00:41:38Z
300,17,3,,,2026-07-02T00:41:38Z
300,17,4,,,2026-07-02T00:41:38Z
300,17,5,,,2026-07-02T00:41:38Z
300,10,1,,,2026-07-02T00:41:38Z
300,10,2,,,2026-07-02T00:41:38Z
300,10,3,,,2026-07-02T00:41:38Z
300,10,4,,,2026-07-02T00:41:38Z
300,10,5,,,2026-07-02T00:41:38Z
300,11,1,,,2026-07-02T00:41:38Z
300,11,2,,,2026-07-02T00:41:38Z
300,11,3,,,2026-07-02T00:41:38Z
300,11,4,,,2026-07-02T00:41:38Z
300,11,5,,,2026-07-02T00:41:38Z
300,12,1,,,2026-07-02T00:41:38Z
300,12,2,,,2026-07-02T00:41:38Z
300,12,3,,,2026-07-02T00:41:38Z
300,12,4,,,2026-07-02T00:41:38Z
300,12,5,,,2026-07-02T00:41:38Z
300,13,1,,,2026-07-02T00:41:38Z
300,13,2,,,2026-07-02T00:41:38Z
300,13,3,,,2026-07-02T00:41:38Z
300,14,1,,,2026-07-02T00:41:38Z
300,14,2,,,2026-07-02T00:41:38Z
300,14,3,,,2026-07-02T00:41:38Z
300,14,4,,,2026-07-02T00:41:38Z
300,14,5,,,2026-07-02T00:41:38Z
300,15,1,,,2026-07-02T00:41:38Z
300,15,2,,,2026-07-02T00:41:38Z
300,15,3,,,2026-07-02T00:41:38Z
300,15,4,,,2026-07-02T00:41:38Z
300,15,5,,,2026-07-02T00:41:38Z
300,16,1,,,2026-07-02T00:41:38Z
300,16,2,,,2026-07-02T00:41:38Z
300,16,3,,,2026-07-02T00:41:38Z
300,16,4,,,2026-07-02T00:41:38Z
300,16,5,,,2026-07-02T00:41:38Z
300,18,1,,,2026-07-02T00:41:38Z
300,18,2,,,2026-07-02T00:41:38Z
300,18,3,,,2026-07-02T00:41:38Z
300,18,4,,,2026-07-02T00:41:38Z
300,18,5,,,2026-07-02T00:41:38Z
300,19,1,,,2026-07-02T00:41:38Z
300,19,2,,,2026-07-02T00:41:38Z
300,19,3,,,2026-07-02T00:41:38Z
300,19,4,,,2026-07-02T00:41:38Z
300,19,5,,,2026-07-02T00:41:38Z
300,27,1,,,2026-07-02T00:41:38Z
300,27,2,,,2026-07-02T00:41:38Z
300,27,3,,,2026-07-02T00:41:38Z
300,27,4,,,2026-07-02T00:41:38Z
300,27,5,,,2026-07-02T00:41:38Z
300,20,1,,,2026-07-02T00:41:38Z
300,20,2,,,2026-07-02T00:41:38Z
300,20,3,,,2026-07-02T00:41:38Z
300,20,4,,,2026-07-02T00:41:38Z
300,20,5,,,2026-07-02T00:41:38Z
300,21,1,,,2026-07-02T00:41:38Z
300,21,2,,,2026-07-02T00:41:38Z
300,21,3,,,2026-07-02T00:41:38Z
300,21,4,,,2026-07-02T00:41:38Z
300,21,5,,,2026-07-02T00:41:38Z
300,22,1,,,2026-07-02T00:41:38Z
300,22,2,,,2026-07-02T00:41:38Z
300,22,3,,,2026-07-02T00:41:38Z
300,22,4,,,2026-07-02T00:41:38Z
300,22,5,,,2026-07-02T00:41:38Z
300,23,1,,,2026-07-02T00:41:38Z
300,23,2,,,2026-07-02T00:41:38Z
300,23,3,,,2026-07-02T00:41:38Z
300,23,4,,,2026-07-02T00:41:38Z
300,23,5,,,2026-07-02T00:41:38Z
300,24,1,,,2026-07-02T00:41:38Z
300,24,2,,,2026-07-02T00:41:38Z
300,24,3,,,2026-07-02T00:41:38Z
300,24,4,,,2026-07-02T00:41:38Z
300,24,5,,,2026-07-02T00:41:38Z
300,25,1,,,2026-07-02T00:41:38Z
300,25,2,,,2026-07-02T00:41:38Z
300,25,3,,,2026-07-02T00:41:38Z
300,25,4,,,2026-07-02T00:41:38Z
300,25,5,,,2026-07-02T00:41:38Z
300,26,1,,,2026-07-02T00:41:38Z
300,26,2,,,2026-07-02T00:41:38Z
300,26,3,,,2026-07-02T00:41:38Z
300,26,4,,,2026-07-02T00:41:38Z
300,26,5,,,2026-07-02T00:41:38Z
300,28,1,,,2026-07-02T00:41:38Z
300,28,2,,,2026-07-02T00:41:38Z
300,28,3,,,2026-07-02T00:41:38Z
300,28,4,,,2026-07-02T00:41:38Z
300,28,5,,,2026-07-02T00:41:38Z
300,29,1,,,2026-07-02T00:41:38Z
300,29,2,,,2026-07-02T00:41:38Z
300,29,3,,,2026-07-02T00:41:38Z
300,29,4,,,2026-07-02T00:41:38Z
300,29,5,,,2026-07-02T00:41:38Z
300,2,4,,,2026-07-02T00:41:38Z
300,2,5,,,2026-07-02T00:41:38Z
300,2,3,,,2026-07-02T00:41:38Z
300,30,1,,,2026-07-02T00:41:38Z
300,30,2,,,2026-07-02T00:41:38Z
300,30,3,,,2026-07-02T00:41:38Z
300,30,4,,,2026-07-02T00:41:38Z
300,30,5,,,2026-07-02T00:41:38Z
300,31,1,,,2026-07-02T00:41:38Z
300,31,2,,,2026-07-02T00:41:38Z
300,31,3,,,2026-07-02T00:41:38Z
300,31,4,,,2026-07-02T00:41:38Z
300,31,5,,,2026-07-02T00:41:38Z
300,32,2,,,2026-07-02T00:41:38Z
300,32,3,,,2026-07-02T00:41:38Z
300,32,4,,,2026-07-02T00:41:38Z
300,32,5,,,2026-07-02T00:41:38Z
300,32,6,,,2026-07-02T00:41:38Z
300,32,7,,,2026-07-02T00:41:38Z
300,32,8,,,2026-07-02T00:41:38Z
300,3,4,,,2026-07-02T00:41:38Z
300,3,3,,,2026-07-02T00:41:38Z
300,8,1,,,2026-07-02T00:41:38Z
300,8,2,,,2026-07-02T00:41:38Z
300,9,4,,,2026-07-02T00:41:38Z
300,9,5,,,2026-07-02T00:41:38Z
300,9,1,,,2026-07-02T00:41:38Z
300,9,2,,,2026-07-02T00:41:38Z
300,9,3,,,2026-07-02T00:41:38Z
301,17,10,,,2026-07-02T00:41:38Z
301,17,11,,,2026-07-02T00:41:38Z
301,17,12,,,2026-07-02T00:41:38Z
301,17,13,,,2026-07-02T00:41:38Z
301,17,14,,,2026-07-02T00:41:38Z
301,17,15,,,2026-07-02T00:41:38Z
301,17,16,,,2026-07-02T00:41:38Z
301,17,17,,,2026-07-02T00:41:38Z
301,17,18,,,2026-07-02T00:41:38Z
301,17,19,,,2026-07-02T00:41:38Z
301,17,20,,,2026-07-02T00:41:38Z
301,17,21,,,2026-07-02T00:41:38Z
301,17,22,,,2026-07-02T00:41:38Z
301,17,23,,,2026-07-02T00:41:38Z
301,17,24,,,2026-07-02T00:41:38Z
301,17,3,,,2026-07-02T00:41:38Z
301,17,4,,,2026-07-02T00:41:38Z
301,17,5,,,2026-07-02T00:41:38Z
301,17,6,,,2026-07-02T00:41:38Z
301,17,7,,,2026-07-02T00:41:38Z
301,17,8,,,2026-07-02T00:41:38Z
301,17,9,,,2026-07-02T00:41:38Z
301,10,10,,,2026-07-02T00:41:38Z
301,10,11,,,2026-07-02T00:41:38Z
301,10,12,,,2026-07-02T00:41:38Z
301,10,13,,,2026-07-02T00:41:38Z
301,10,14,,,2026-07-02T00:41:38Z
301,10,15,,,2026-07-02T00:41:38Z
301,10,16,,,2026-07-02T00:41:38Z
301,10,17,,,2026-07-02T00:41:38Z
301,10,18,,,2026-07-02T00:41:38Z
301,10,19,,,2026-07-02T00:41:38Z
301,10,20,,,2026-07-02T00:41:38Z
301,10,21,,,2026-07-02T00:41:38Z
301,10,22,,,2026-07-02T00:41:38Z
301,10,23,,,2026-07-02T00:41:38Z
301,10,24,,,2026-07-02T00:41:38Z
301,10,3,,,2026-07-02T00:41:38Z
301,10,4,,,2026-07-02T00:41:38Z
301,10,5,,,2026-07-02T00:41:38Z
301,10,6,,,2026-07-02T00:41:38Z
301,10,7,,,2026-07-02T00:41:38Z
301,10,8,,,2026-07-02T00:41:38Z
301,10,9,,,2026-07-02T00:41:38Z
301,11,10,,,2026-07-02T00:41:38Z
301,11,11,,,2026-07-02T00:41:38Z
301,11,12,,,2026-07-02T00:41:38Z
301,11,13,,,2026-07-02T00:41:38Z
301,11,14,,,2026-07-02T00:41:38Z
301,11,15,,,2026-07-02T00:41:38Z
301,11,16,,,2026-07-02T00:41:38Z
301,11,17,,,2026-07-02T00:41:38Z
301,11,18,,,2026-07-02T00:41:38Z
301,11,19,,,2026-07-02T00:41:38Z
301,11,20,,,2026-07-02T00:41:38Z
301,11,21,,,2026-07-02T00:41:38Z
301,11,22,,,2026-07-02T00:41:38Z
301,11,23,,,2026-07-02T00:41:38Z
301,11,24,,,2026-07-02T00:41:38Z
301,11,3,,,2026-07-02T00:41:38Z
301,11,4,,,2026-07-02T00:41:38Z
301,11,5,,,2026-07-02T00:41:38Z
301,11,6,,,2026-07-02T00:41:38Z
301,11,7,,,2026-07-02T00:41:38Z
301,11,8,,,2026-07-02T00:41:38Z
301,11,9,,,2026-07-02T00:41:38Z
301,13,10,,,2026-07-02T00:41:38Z
301,13,11,,,2026-07-02T00:41:38Z
301,13,12,,,2026-07-02T00:41:38Z
301,13,13,,,2026-07-02T00:41:38Z
301,13,14,,,2026-07-02T00:41:38Z
301,13,15,,,2026-07-02T00:41:38Z
301,13,16,,,2026-07-02T00:41:38Z
301,13,17,,,2026-07-02T00:41:38Z
301,13,18,,,2026-07-02T00:41:38Z
301,13,19,,,2026-07-02T00:41:38Z
301,13,20,,,2026-07-02T00:41:38Z
301,13,21,,,2026-07-02T00:41:38Z
301,13,22,,,2026-07-02T00:41:38Z
301,13,23,,,2026-07-02T00:41:38Z
301,13,24,,,2026-07-02T00:41:38Z
301,13,3,,,2026-07-02T00:41:38Z
301,13,4,,,2026-07-02T00:41:38Z
301,13,5,,,2026-07-02T00:41:38Z
301,13,6,,,2026-07-02T00:41:38Z
301,13,7,,,2026-07-02T00:41:38Z
301,13,8,,,2026-07-02T00:41:38Z
301,13,9,,,2026-07-02T00:41:38Z
301,15,10,,,2026-07-02T00:41:38Z
301,15,11,,,2026-07-02T00:41:38Z
301,15,12,,,2026-07-02T00:41:38Z
301,15,13,,,2026-07-02T00:41:38Z
301,15,14,,,2026-07-02T00:41:38Z
301,15,15,,,2026-07-02T00:41:38Z
301,15,16,,,2026-07-02T00:41:38Z
301,15,17,,,2026-07-02T00:41:38Z
301,15,18,,,2026-07-02T00:41:38Z
301,15,19,,,2026-07-02T00:41:38Z
301,15,20,,,2026-07-02T00:41:38Z
301,15,21,,,2026-07-02T00:41:38Z
301,15,22,,,2026-07-02T00:41:38Z
301,15,23,,,2026-07-02T00:41:38Z
301,15,24,,,2026-07-02T00:41:38Z
301,15,3,,,2026-07-02T00:41:38Z
301,15,4,,,2026-07-02T00:41:38Z
301,15,5,,,2026-07-02T00:41:38Z
301,15,6,,,2026-07-02T00:41:38Z
301,15,7,,,2026-07-02T00:41:38Z
301,15,8,,,2026-07-02T00:41:38Z
301,15,9,,,2026-07-02T00:41:38Z
301,16,10,,,2026-07-02T00:41:38Z
301,16,11,,,2026-07-02T00:41:38Z
301,16,12,,,2026-07-02T00:41:38Z
301,16,13,,,2026-07-02T00:41:38Z
301,16,14,,,2026-07-02T00:41:38Z
301,16,15,,,2026-07-02T00:41:38Z
301,16,16,,,2026-07-02T00:41:38Z
301,16,17,,,2026-07-02T00:41:38Z
301,16,18,,,2026-07-02T00:41:38Z
301,16,19,,,2026-07-02T00:41:38Z
301,16,20,,,2026-07-02T00:41:38Z
301,16,21,,,2026-07-02T00:41:38Z
301,16,22,,,2026-07-02T00:41:38Z
301,16,23,,,2026-07-02T00:41:38Z
301,16,24,,,2026-07-02T00:41:38Z
301,16,3,,,2026-07-02T00:41:38Z
301,16,4,,,2026-07-02T00:41:38Z
301,16,5,,,2026-07-02T00:41:38Z
301,16,6,,,2026-07-02T00:41:38Z
301,16,7,,,2026-07-02T00:41:38Z
301,16,8,,,2026-07-02T00:41:38Z
301,16,9,,,2026-07-02T00:41:38Z
301,18,10,,,2026-07-02T00:41:38Z
301,18,11,,,2026-07-02T00:41:38Z
301,18,12,,,2026-07-02T00:41:38Z
301,18,13,,,2026-07-02T00:41:38Z
301,18,14,,,2026-07-02T00:41:38Z
301,18,15,,,2026-07-02T00:41:38Z
301,18,16,,,2026-07-02T00:41:38Z
301,18,17,,,2026-07-02T00:41:38Z
301,18,18,,,2026-07-02T00:41:38Z
301,18,19,,,2026-07-02T00:41:38Z
301,18,20,,,2026-07-02T00:41:38Z
301,18,21,,,2026-07-02T00:41:38Z
301,18,22,,,2026-07-02T00:41:38Z
301,18,23,,,2026-07-02T00:41:38Z
301,18,24,,,2026-07-02T00:41:38Z
301,18,3,,,2026-07-02T00:41:38Z
301,18,4,,,2026-07-02T00:41:38Z
301,18,5,,,2026-07-02T00:41:38Z
301,18,6,,,2026-07-02T00:41:38Z
301,18,7,,,2026-07-02T00:41:38Z
301,18,8,,,2026-07-02T00:41:38Z
301,18,9,,,2026-07-02T00:41:38Z
301,19,10,,,2026-07-02T00:41:38Z
301,19,11,,,2026-07-02T00:41:38Z
301,19,12,,,2026-07-02T00:41:38Z
301,19,13,,,2026-07-02T00:41:38Z
301,19,14,,,2026-07-02T00:41:38Z
301,19,15,,,2026-07-02T00:41:38Z
301,19,16,,,2026-07-02T00:41:38Z
301,19,17,,,2026-07-02T00:41:38Z
301,19,18,,,2026-07-02T00:41:38Z
301,19,19,,,2026-07-02T00:41:38Z
301,19,20,,,2026-07-02T00:41:38Z
301,19,21,,,2026-07-02T00:41:38Z
301,19,22,,,2026-07-02T00:41:38Z
301,19,23,,,2026-07-02T00:41:38Z
301,19,24,,,2026-07-02T00:41:38Z
301,19,3,,,2026-07-02T00:41:38Z
301,19,4,,,2026-07-02T00:41:38Z
301,19,5,,,2026-07-02T00:41:38Z
301,19,6,,,2026-07-02T00:41:38Z
301,19,7,,,2026-07-02T00:41:38Z
301,19,8,,,2026-07-02T00:41:38Z
301,19,9,,,2026-07-02T00:41:38Z
301,27,10,,,2026-07-02T00:41:38Z
301,27,11,,,2026-07-02T00:41:38Z
301,27,12,,,2026-07-02T00:41:38Z
301,27,13,,,2026-07-02T00:41:38Z
301,27,14,,,2026-07-02T00:41:38Z
301,27,15,,,2026-07-02T00:41:38Z
301,27,16,,,2026-07-02T00:41:38Z
301,27,17,,,2026-07-02T00:41:38Z
301,27,18,,,2026-07-02T00:41:38Z
301,27,19,,,2026-07-02T00:41:38Z
301,27,20,,,2026-07-02T00:41:38Z
301,27,21,,,2026-07-02T00:41:38Z
301,27,22,,,2026-07-02T00:41:38Z
301,27,23,,,2026-07-02T00:41:38Z
301,27,24,,,2026-07-02T00:41:38Z
301,27,3,,,2026-07-02T00:41:38Z
301,27,4,,,2026-07-02T00:41:38Z
301,27,5,,,2026-07-02T00:41:38Z
301,27,6,,,2026-07-02T00:41:38Z
301,27,7,,,2026-07-02T00:41:38Z
301,27,8,,,2026-07-02T00:41:38Z
301,27,9,,,2026-07-02T00:41:38Z
301,20,10,,,2026-07-02T00:41:38Z
301,20,11,,,2026-07-02T00:41:38Z
301,20,12,,,2026-07-02T00:41:38Z
301,20,13,,,2026-07-02T00:41:38Z
301,20,14,,,2026-07-02T00:41:38Z
301,20,15,,,2026-07-02T00:41:38Z
301,20,16,,,2026-07-02T00:41:38Z
301,20,17,,,2026-07-02T00:41:38Z
301,20,18,,,2026-07-02T00:41:38Z
301,20,19,,,2026-07-02T00:41:38Z
301,20,20,,,2026-07-02T00:41:38Z
301,20,21,,,2026-07-02T00:41:38Z
301,20,22,,,2026-07-02T00:41:38Z
301,20,23,,,2026-07-02T00:41:38Z
301,20,24,,,2026-07-02T00:41:38Z
301,20,3,,,2026-07-02T00:41:38Z
301,20,4,,,2026-07-02T00:41:38Z
301,20,5,,,2026-07-02T00:41:38Z
301,20,6,,,2026-07-02T00:41:38Z
301,20,7,,,2026-07-02T00:41:38Z
301,20,8,,,2026-07-02T00:41:38Z
301,20,9,,,2026-07-02T00:41:38Z
301,21,10,,,2026-07-02T00:41:38Z
301,21,11,,,2026-07-02T00:41:38Z
301,21,12,,,2026-07-02T00:41:38Z
301,21,13,,,2026-07-02T00:41:38Z
301,21,14,,,2026-07-02T00:41:38Z
301,21,15,,,2026-07-02T00:41:38Z
301,21,16,,,2026-07-02T00:41:38Z
301,21,17,,,2026-07-02T00:41:38Z
301,21,18,,,2026-07-02T00:41:38Z
301,21,19,,,2026-07-02T00:41:38Z
301,21,20,,,2026-07-02T00:41:38Z
301,21,21,,,2026-07-02T00:41:38Z
301,21,22,,,2026-07-02T00:41:38Z
301,21,23,,,2026-07-02T00:41:38Z
301,21,24,,,2026-07-02T00:41:38Z
301,21,3,,,2026-07-02T00:41:38Z
301,21,4,,,2026-07-02T00:41:38Z
301,21,5,,,2026-07-02T00:41:38Z
301,21,6,,,2026-07-02T00:41:38Z
301,21,7,,,2026-07-02T00:41:38Z
301,21,8,,,2026-07-02T00:41:38Z
301,21,9,,,2026-07-02T00:41:38Z
301,22,10,,,2026-07-02T00:41:38Z
301,22,11,,,2026-07-02T00:41:38Z
301,22,12,,,2026-07-02T00:41:38Z
301,22,13,,,2026-07-02T00:41:38Z
301,22,14,,,2026-07-02T00:41:38Z
301,22,15,,,2026-07-02T00:41:38Z
301,22,16,,,2026-07-02T00:41:38Z
301,22,17,,,2026-07-02T00:41:38Z
301,22,18,,,2026-07-02T00:41:38Z
301,22,19,,,2026-07-02T00:41:38Z
301,22,20,,,2026-07-02T00:41:38Z
301,22,21,,,2026-07-02T00:41:38Z
301,22,22,,,2026-07-02T00:41:38Z
301,22,23,,,2026-07-02T00:41:38Z
301,22,24,,,2026-07-02T00:41:38Z
301,22,3,,,2026-07-02T00:41:38Z
301,22,4,,,2026-07-02T00:41:38Z
301,22,5,,,2026-07-02T00:41:38Z
301,22,6,,,2026-07-02T00:41:38Z
301,22,7,,,2026-07-02T00:41:38Z
301,22,8,,,2026-07-02T00:41:38Z
301,22,9,,,2026-07-02T00:41:38Z
301,23,10,,,2026-07-02T00:41:38Z
301,23,11,,,2026-07-02T00:41:38Z
301,23,12,,,2026-07-02T00:41:38Z
301,23,13,,,2026-07-02T00:41:38Z
301,23,14,,,2026-07-02T00:41:38Z
301,23,15,,,2026-07-02T00:41:38Z
301,23,16,,,2026-07-02T00:41:38Z
301,23,17,,,2026-07-02T00:41:38Z
301,23,18,,,2026-07-02T00:41:38Z
301,23,19,,,2026-07-02T00:41:38Z
301,23,20,,,2026-07-02T00:41:38Z
301,23,21,,,2026-07-02T00:41:38Z
301,23,22,,,2026-07-02T00:41:38Z
301,23,23,,,2026-07-02T00:41:38Z
301,23,24,,,2026-07-02T00:41:38Z
301,23,3,,,2026-07-02T00:41:38Z
301,23,4,,,2026-07-02T00:41:38Z
301,23,5,,,2026-07-02T00:41:38Z
301,23,6,,,2026-07-02T00:41:38Z
301,23,7,,,2026-07-02T00:41:38Z
301,23,8,,,2026-07-02T00:41:38Z
301,23,9,,,2026-07-02T00:41:38Z
301,24,10,,,2026-07-02T00:41:38Z
301,24,11,,,2026-07-02T00:41:38Z
301,24,12,,,2026-07-02T00:41:38Z
301,24,13,,,2026-07-02T00:41:38Z
301,24,14,,,2026-07-02T00:41:38Z
301,24,15,,,2026-07-02T00:41:38Z
301,24,16,,,2026-07-02T00:41:38Z
301,24,17,,,2026-07-02T00:41:38Z
301,24,18,,,2026-07-02T00:41:38Z
301,24,19,,,2026-07-02T00:41:38Z
301,24,20,,,2026-07-02T00:41:38Z
301,24,21,,,2026-07-02T00:41:38Z
301,24,22,,,2026-07-02T00:41:38Z
301,24,23,,,2026-07-02T00:41:38Z
301,24,24,,,2026-07-02T00:41:38Z
301,24,3,,,2026-07-02T00:41:38Z
301,24,4,,,2026-07-02T00:41:38Z
301,24,5,,,2026-07-02T00:41:38Z
301,24,6,,,2026-07-02T00:41:38Z
301,24,7,,,2026-07-02T00:41:38Z
301,24,8,,,2026-07-02T00:41:38Z
301,24,9,,,2026-07-02T00:41:38Z
301,25,10,,,2026-07-02T00:41:38Z
301,25,11,,,2026-07-02T00:41:38Z
301,25,12,,,2026-07-02T00:41:38Z
301,25,13,,,2026-07-02T00:41:38Z
301,25,14,,,2026-07-02T00:41:38Z
301,25,15,,,2026-07-02T00:41:38Z
301,25,16,,,2026-07-02T00:41:38Z
301,25,17,,,2026-07-02T00:41:38Z
301,25,18,,,2026-07-02T00:41:38Z
301,25,19,,,2026-07-02T00:41:38Z
301,25,20,,,2026-07-02T00:41:38Z
301,25,21,,,2026-07-02T00:41:38Z
301,25,22,,,2026-07-02T00:41:38Z
301,25,23,,,2026-07-02T00:41:38Z
301,25,24,,,2026-07-02T00:41:38Z
301,25,3,,,2026-07-02T00:41:38Z
301,25,4,,,2026-07-02T00:41:38Z
301,25,5,,,2026-07-02T00:41:38Z
301,25,6,,,2026-07-02T00:41:38Z
301,25,7,,,2026-07-02T00:41:38Z
301,25,8,,,2026-07-02T00:41:38Z
301,25,9,,,2026-07-02T00:41:38Z
301,26,10,,,2026-07-02T00:41:38Z
301,26,11,,,2026-07-02T00:41:38Z
301,26,12,,,2026-07-02T00:41:38Z
301,26,13,,,2026-07-02T00:41:38Z
301,26,14,,,2026-07-02T00:41:38Z
301,26,15,,,2026-07-02T00:41:38Z
301,26,16,,,2026-07-02T00:41:38Z
301,26,17,,,2026-07-02T00:41:38Z
301,26,18,,,2026-07-02T00:41:38Z
301,26,19,,,2026-07-02T00:41:38Z
301,26,20,,,2026-07-02T00:41:38Z
301,26,21,,,2026-07-02T00:41:38Z
301,26,22,,,2026-07-02T00:41:38Z
301,26,23,,,2026-07-02T00:41:38Z
301,26,24,,,2026-07-02T00:41:38Z
301,26,3,,,2026-07-02T00:41:38Z
301,26,4,,,2026-07-02T00:41:38Z
301,26,5,,,2026-07-02T00:41:38Z
301,26,6,,,2026-07-02T00:41:38Z
301,26,7,,,2026-07-02T00:41:38Z
301,26,8,,,2026-07-02T00:41:38Z
301,26,9,,,2026-07-02T00:41:38Z
301,28,10,,,2026-07-02T00:41:38Z
301,28,11,,,2026-07-02T00:41:38Z
301,28,12,,,2026-07-02T00:41:38Z
301,28,13,,,2026-07-02T00:41:38Z
301,28,14,,,2026-07-02T00:41:38Z
301,28,15,,,2026-07-02T00:41:38Z
301,28,16,,,2026-07-02T00:41:38Z
301,28,17,,,2026-07-02T00:41:38Z
301,28,18,,,2026-07-02T00:41:38Z
301,28,19,,,2026-07-02T00:41:38Z
301,28,20,,,2026-07-02T00:41:38Z
301,28,21,,,2026-07-02T00:41:38Z
301,28,22,,,2026-07-02T00:41:38Z
301,28,23,,,2026-07-02T00:41:38Z
301,28,24,,,2026-07-02T00:41:38Z
301,28,3,,,2026-07-02T00:41:38Z
301,28,4,,,2026-07-02T00:41:38Z
301,28,5,,,2026-07-02T00:41:38Z
301,28,6,,,2026-07-02T00:41:38Z
301,28,7,,,2026-07-02T00:41:38Z
301,28,8,,,2026-07-02T00:41:38Z
301,28,9,,,2026-07-02T00:41:38Z
301,29,10,,,2026-07-02T00:41:38Z
301,29,11,,,2026-07-02T00:41:38Z
301,29,12,,,2026-07-02T00:41:38Z
301,29,13,,,2026-07-02T00:41:38Z
301,29,14,,,2026-07-02T00:41:38Z
301,29,15,,,2026-07-02T00:41:38Z
301,29,16,,,2026-07-02T00:41:38Z
301,29,17,,,2026-07-02T00:41:38Z
301,29,18,,,2026-07-02T00:41:38Z
301,29,19,,,2026-07-02T00:41:38Z
301,29,20,,,2026-07-02T00:41:38Z
301,29,21,,,2026-07-02T00:41:38Z
301,29,22,,,2026-07-02T00:41:38Z
301,29,23,,,2026-07-02T00:41:38Z
301,29,24,,,2026-07-02T00:41:38Z
301,29,3,,,2026-07-02T00:41:38Z
301,29,4,,,2026-07-02T00:41:38Z
301,29,5,,,2026-07-02T00:41:38Z
301,29,6,,,2026-07-02T00:41:38Z
301,29,7,,,2026-07-02T00:41:38Z
301,29,8,,,2026-07-02T00:41:38Z
301,29,9,,,2026-07-02T00:41:38Z
301,2,9,,,2026-07-02T00:41:38Z
301,2,10,,,2026-07-02T00:41:38Z
301,2,11,,,2026-07-02T00:41:38Z
301,2,12,,,2026-07-02T00:41:38Z
301,2,13,,,2026-07-02T00:41:38Z
301,2,14,,,2026-07-02T00:41:38Z
301,2,15,,,2026-07-02T00:41:38Z
301,2,16,,,2026-07-02T00:41:38Z
301,30,10,,,2026-07-02T00:41:38Z
301,30,11,,,2026-07-02T00:41:38Z
301,30,12,,,2026-07-02T00:41:38Z
301,30,13,,,2026-07-02T00:41:38Z
301,30,14,,,2026-07-02T00:41:38Z
301,30,15,,,2026-07-02T00:41:38Z
301,30,16,,,2026-07-02T00:41:38Z
301,30,17,,,2026-07-02T00:41:38Z
301,30,18,,,2026-07-02T00:41:38Z
301,30,19,,,2026-07-02T00:41:38Z
301,30,20,,,2026-07-02T00:41:38Z
301,30,21,,,2026-07-02T00:41:38Z
301,30,22,,,2026-07-02T00:41:38Z
301,30,23,,,2026-07-02T00:41:38Z
301,30,24,,,2026-07-02T00:41:38Z
301,30,3,,,2026-07-02T00:41:38Z
301,30,4,,,2026-07-02T00:41:38Z
301,30,5,,,2026-07-02T00:41:38Z
301,30,6,,,2026-07-02T00:41:38Z
301,30,7,,,2026-07-02T00:41:38Z
301,30,8,,,2026-07-02T00:41:38Z
301,30,9,,,2026-07-02T00:41:38Z
301,31,10,,,2026-07-02T00:41:38Z
301,31,11,,,2026-07-02T00:41:38Z
301,31,12,,,2026-07-02T00:41:38Z
301,31,13,,,2026-07-02T00:41:38Z
301,31,14,,,2026-07-02T00:41:38Z
301,31,15,,,2026-07-02T00:41:38Z
301,31,16,,,2026-07-02T00:41:38Z
301,31,17,,,2026-07-02T00:41:38Z
301,31,18,,,2026-07-02T00:41:38Z
301,31,19,,,2026-07-02T00:41:38Z
301,31,20,,,2026-07-02T00:41:38Z
301,31,21,,,2026-07-02T00:41:38Z
301,31,22,,,2026-07-02T00:41:38Z
301,31,23,,,2026-07-02T00:41:38Z
301,31,24,,,2026-07-02T00:41:38Z
301,31,3,,,2026-07-02T00:41:38Z
301,31,4,,,2026-07-02T00:41:38Z
301,31,5,,,2026-07-02T00:41:38Z
301,31,6,,,2026-07-02T00:41:38Z
301,31,7,,,2026-07-02T00:41:38Z
301,31,8,,,2026-07-02T00:41:38Z
301,31,9,,,2026-07-02T00:41:38Z
301,32,10,,,2026-07-02T00:41:38Z
301,32,11,,,2026-07-02T00:41:38Z
301,32,12,,,2026-07-02T00:41:38Z
301,32,13,,,2026-07-02T00:41:38Z
301,32,14,,,2026-07-02T00:41:38Z
301,32,15,,,2026-07-02T00:41:38Z
301,32,16,,,2026-07-02T00:41:38Z
301,32,17,,,2026-07-02T00:41:38Z
301,32,18,,,2026-07-02T00:41:38Z
301,32,19,,,2026-07-02T00:41:38Z
301,32,20,,,2026-07-02T00:41:38Z
301,32,21,,,2026-07-02T00:41:38Z
301,32,22,,,2026-07-02T00:41:38Z
301,32,23,,,2026-07-02T00:41:38Z
301,32,24,,,2026-07-02T00:41:38Z
301,32,25,,,2026-07-02T00:41:38Z
301,32,26,,,2026-07-02T00:41:38Z
301,32,3,,,2026-07-02T00:41:38Z
301,32,4,,,2026-07-02T00:41:38Z
301,32,5,,,2026-07-02T00:41:38Z
301,32,6,,,2026-07-02T00:41:38Z
301,32,7,,,2026-07-02T00:41:38Z
301,32,8,,,2026-07-02T00:41:38Z
301,32,9,,,2026-07-02T00:41:38Z
301,3,4,,,2026-07-02T00:41:38Z
301,3,5,,,2026-07-02T00:41:38Z
301,3,6,,,2026-07-02T00:41:38Z
301,3,7,,,2026-07-02T00:41:38Z
301,3,8,,,2026-07-02T00:41:38Z
301,3,9,,,2026-07-02T00:41:38Z
301,3,10,,,2026-07-02T00:41:38Z
301,3,11,,,2026-07-02T00:41:38Z
301,3,12,,,2026-07-02T00:41:38Z
301,3,13,,,2026-07-02T00:41:38Z
301,3,14,,,2026-07-02T00:41:38Z
301,3,15,,,2026-07-02T00:41:38Z
301,3,16,,,2026-07-02T00:41:38Z
301,3,3,,,2026-07-02T00:41:38Z
301,4,5,,,2026-07-02T00:41:38Z
301,4,6,,,2026-07-02T00:41:38Z
301,4,7,,,2026-07-02T00:41:38Z
301,4,8,,,2026-07-02T00:41:38Z
301,4,9,,,2026-07-02T00:41:38Z
301,4,10,,,2026-07-02T00:41:38Z
301,4,11,,,2026-07-02T00:41:38Z
301,4,12,,,2026-07-02T00:41:38Z
301,4,13,,,2026-07-02T00:41:38Z
301,4,14,,,2026-07-02T00:41:38Z
301,4,15,,,2026-07-02T00:41:38Z
301,4,16,,,2026-07-02T00:41:38Z
301,4,17,,,2026-07-02T00:41:38Z
301,4,18,,,2026-07-02T00:41:38Z
301,4,19,,,2026-07-02T00:41:38Z
301,4,20,,,2026-07-02T00:41:38Z
301,4,21,,,2026-07-02T00:41:38Z
301,5,4,,,2026-07-02T00:41:38Z
301,5,5,,,2026-07-02T00:41:38Z
301,5,6,,,2026-07-02T00:41:38Z
301,5,7,,,2026-07-02T00:41:38Z
301,5,8,,,2026-07-02T00:41:38Z
301,5,9,,,2026-07-02T00:41:38Z
301,5,10,,,2026-07-02T00:41:38Z
301,5,11,,,2026-07-02T00:41:38Z
301,5,12,,,2026-07-02T00:41:38Z
301,5,13,,,2026-07-02T00:41:38Z
301,5,14,,,2026-07-02T00:41:38Z
301,5,15,,,2026-07-02T00:41:38Z
301,5,16,,,2026-07-02T00:41:38Z
301,5,17,,,2026-07-02T00:41:38Z
301,5,18,,,2026-07-02T00:41:38Z
301,5,19,,,2026-07-02T00:41:38Z
301,5,20,,,2026-07-02T00:41:38Z
301,5,21,,,2026-07-02T00:41:38Z
301,6,4,,,2026-07-02T00:41:38Z
301,6,5,,,2026-07-02T00:41:38Z
301,6,6,,,2026-07-02T00:41:38Z
301,6,7,,,2026-07-02T00:41:38Z
301,6,8,,,2026-07-02T00:41:38Z
301,6,9,,,2026-07-02T00:41:38Z
301,6,10,,,2026-07-02T00:41:38Z
301,6,11,,,2026-07-02T00:41:38Z
301,6,12,,,2026-07-02T00:41:38Z
301,6,13,,,2026-07-02T00:41:38Z
301,6,14,,,2026-07-02T00:41:38Z
301,6,15,,,2026-07-02T00:41:38Z
301,6,16,,,2026-07-02T00:41:38Z
301,6,17,,,2026-07-02T00:41:38Z
301,6,18,,,2026-07-02T00:41:38Z
301,6,19,,,2026-07-02T00:41:38Z
301,6,20,,,2026-07-02T00:41:38Z
301,6,21,,,2026-07-02T00:41:38Z
301,7,4,,,2026-07-02T00:41:38Z
301,7,5,,,2026-07-02T00:41:38Z
301,7,6,,,2026-07-02T00:41:38Z
301,7,7,,,2026-07-02T00:41:38Z
301,7,8,,,2026-07-02T00:41:38Z
301,7,9,,,2026-07-02T00:41:38Z
301,7,10,,,2026-07-02T00:41:38Z
301,7,11,,,2026-07-02T00:41:38Z
301,7,12,,,2026-07-02T00:41:38Z
301,7,13,,,2026-07-02T00:41:38Z
301,7,14,,,2026-07-02T00:41:38Z
301,7,15,,,2026-07-02T00:41:38Z
301,7,16,,,2026-07-02T00:41:38Z
301,7,17,,,2026-07-02T00:41:38Z
301,7,18,,,2026-07-02T00:41:38Z
301,7,19,,,2026-07-02T00:41:38Z
301,7,20,,,2026-07-02T00:41:38Z
301,7,21,,,2026-07-02T00:41:38Z
301,8,4,,,2026-07-02T00:41:38Z
301,8,5,,,2026-07-02T00:41:38Z
301,8,6,,,2026-07-02T00:41:38Z
301,8,7,,,2026-07-02T00:41:38Z
301,8,8,,,2026-07-02T00:41:38Z
301,8,9,,,2026-07-02T00:41:38Z
301,8,10,,,2026-07-02T00:41:38Z
301,8,11,,,2026-07-02T00:41:38Z
301,8,12,,,2026-07-02T00:41:38Z
301,8,13,,,2026-07-02T00:41:38Z
301,8,14,,,2026-07-02T00:41:38Z
301,8,15,,,2026-07-02T00:41:38Z
301,8,16,,,2026-07-02T00:41:38Z
301,8,17,,,2026-07-02T00:41:38Z
301,8,18,,,2026-07-02T00:41:38Z
301,8,19,,,2026-07-02T00:41:38Z
301,8,20,,,2026-07-02T00:41:38Z
301,8,21,,,2026-07-02T00:41:38Z
301,9,4,,,2026-07-02T00:41:38Z
301,9,5,,,2026-07-02T00:41:38Z
301,9,6,,,2026-07-02T00:41:38Z
301,9,7,,,2026-07-02T00:41:38Z
301,9,8,,,2026-07-02T00:41:38Z
301,9,9,,,2026-07-02T00:41:38Z
301,9,1,,,2026-07-02T00:41:38Z
301,9,10,,,2026-07-02T00:41:38Z
301,9,11,,,2026-07-02T00:41:38Z
301,9,12,,,2026-07-02T00:41:38Z
301,9,13,,,2026-07-02T00:41:38Z
301,9,14,,,2026-07-02T00:41:38Z
301,9,15,,,2026-07-02T00:41:38Z
301,9,16,,,2026-07-02T00:41:38Z
301,9,17,,,2026-07-02T00:41:38Z
301,9,18,,,2026-07-02T00:41:38Z
301,9,19,,,2026-07-02T00:41:38Z
301,9,2,,,2026-07-02T00:41:38Z
301,9,20,,,2026-07-02T00:41:38Z
301,9,21,,,2026-07-02T00:41:38Z
301,9,22,,,2026-07-02T00:41:38Z
301,9,23,,,2026-07-02T00:41:38Z
301,9,24,,,2026-07-02T00:41:38Z
301,9,3,,,2026-07-02T00:41:38Z
302,17,10,,,2026-07-02T00:41:38Z
302,17,11,,,2026-07-02T00:41:38Z
302,17,12,,,2026-07-02T00:41:38Z
302,17,13,,,2026-07-02T00:41:38Z
302,17,14,,,2026-07-02T00:41:38Z
302,17,15,,,2026-07-02T00:41:38Z
302,17,16,,,2026-07-02T00:41:38Z
302,17,17,,,2026-07-02T00:41:38Z
302,17,18,,,2026-07-02T00:41:38Z
302,17,2,,,2026-07-02T00:41:38Z
302,17,3,,,2026-07-02T00:41:38Z
302,17,4,,,2026-07-02T00:41:38Z
302,17,5,,,2026-07-02T00:41:38Z
302,17,6,,,2026-07-02T00:41:38Z
302,17,7,,,2026-07-02T00:41:38Z
302,17,8,,,2026-07-02T00:41:38Z
302,17,9,,,2026-07-02T00:41:38Z
302,10,10,,,2026-07-02T00:41:38Z
302,10,11,,,2026-07-02T00:41:38Z
302,10,12,,,2026-07-02T00:41:38Z
302,10,13,,,2026-07-02T00:41:38Z
302,10,14,,,2026-07-02T00:41:38Z
302,10,15,,,2026-07-02T00:41:38Z
302,10,2,,,2026-07-02T00:41:38Z
302,10,3,,,2026-07-02T00:41:38Z
302,10,4,,,2026-07-02T00:41:38Z
302,10,5,,,2026-07-02T00:41:38Z
302,10,6,,,2026-07-02T00:41:38Z
302,10,7,,,2026-07-02T00:41:38Z
302,10,8,,,2026-07-02T00:41:38Z
302,10,9,,,2026-07-02T00:41:38Z
302,11,10,,,2026-07-02T00:41:38Z
302,11,11,,,2026-07-02T00:41:38Z
302,11,12,,,2026-07-02T00:41:38Z
302,11,13,,,2026-07-02T00:41:38Z
302,11,14,,,2026-07-02T00:41:38Z
302,11,15,,,2026-07-02T00:41:38Z
302,11,16,,,2026-07-02T00:41:38Z
302,11,2,,,2026-07-02T00:41:38Z
302,11,3,,,2026-07-02T00:41:38Z
302,11,4,,,2026-07-02T00:41:38Z
302,11,5,,,2026-07-02T00:41:38Z
302,11,6,,,2026-07-02T00:41:38Z
302,11,7,,,2026-07-02T00:41:38Z
302,11,8,,,2026-07-02T00:41:38Z
302,11,9,,,2026-07-02T00:41:38Z
302,13,10,,,2026-07-02T00:41:38Z
302,13,11,,,2026-07-02T00:41:38Z
302,13,12,,,2026-07-02T00:41:38Z
302,13,13,,,2026-07-02T00:41:38Z
302,13,14,,,2026-07-02T00:41:38Z
302,13,15,,,2026-07-02T00:41:38Z
302,13,16,,,2026-07-02T00:41:38Z
302,13,2,,,2026-07-02T00:41:38Z
302,13,3,,,2026-07-02T00:41:38Z
302,13,4,,,2026-07-02T00:41:38Z
302,13,5,,,2026-07-02T00:41:38Z
302,13,6,,,2026-07-02T00:41:38Z
302,13,7,,,2026-07-02T00:41:38Z
302,13,8,,,2026-07-02T00:41:38Z
302,13,9,,,2026-07-02T00:41:38Z
302,15,10,,,2026-07-02T00:41:38Z
302,15,11,,,2026-07-02T00:41:38Z
302,15,12,,,2026-07-02T00:41:38Z
302,15,13,,,2026-07-02T00:41:38Z
302,15,14,,,2026-07-02T00:41:38Z
302,15,15,,,2026-07-02T00:41:38Z
302,15,16,,,2026-07-02T00:41:38Z
302,15,17,,,2026-07-02T00:41:38Z
302,15,2,,,2026-07-02T00:41:38Z
302,15,3,,,2026-07-02T00:41:38Z
302,15,4,,,2026-07-02T00:41:38Z
302,15,5,,,2026-07-02T00:41:38Z
302,15,6,,,2026-07-02T00:41:38Z
302,15,7,,,2026-07-02T00:41:38Z
302,15,8,,,2026-07-02T00:41:38Z
302,15,9,,,2026-07-02T00:41:38Z
302,16,10,,,2026-07-02T00:41:38Z
302,16,11,,,2026-07-02T00:41:38Z
302,16,12,,,2026-07-02T00:41:38Z
302,16,13,,,2026-07-02T00:41:38Z
302,16,14,,,2026-07-02T00:41:38Z
302,16,15,,,2026-07-02T00:41:38Z
302,16,16,,,2026-07-02T00:41:38Z
302,16,17,,,2026-07-02T00:41:38Z
302,16,18,,,2026-07-02T00:41:38Z
302,16,2,,,2026-07-02T00:41:38Z
302,16,3,,,2026-07-02T00:41:38Z
302,16,4,,,2026-07-02T00:41:38Z
302,16,5,,,2026-07-02T00:41:38Z
302,16,6,,,2026-07-02T00:41:38Z
302,16,7,,,2026-07-02T00:41:38Z
302,16,8,,,2026-07-02T00:41:38Z
302,16,9,,,2026-07-02T00:41:38Z
302,18,10,,,2026-07-02T00:41:38Z
302,18,11,,,2026-07-02T00:41:38Z
302,18,12,,,2026-07-02T00:41:38Z
302,18,13,,,2026-07-02T00:41:38Z
302,18,14,,,2026-07-02T00:41:38Z
302,18,15,,,2026-07-02T00:41:38Z
302,18,16,,,2026-07-02T00:41:38Z
302,18,17,,,2026-07-02T00:41:38Z
302,18,18,,,2026-07-02T00:41:38Z
302,18,19,,,2026-07-02T00:41:38Z
302,18,2,,,2026-07-02T00:41:38Z
302,18,3,,,2026-07-02T00:41:38Z
302,18,4,,,2026-07-02T00:41:38Z
302,18,5,,,2026-07-02T00:41:38Z
302,18,6,,,2026-07-02T00:41:38Z
302,18,7,,,2026-07-02T00:41:38Z
302,18,8,,,2026-07-02T00:41:38Z
302,18,9,,,2026-07-02T00:41:38Z
302,19,10,,,2026-07-02T00:41:38Z
302,19,11,,,2026-07-02T00:41:38Z
302,19,12,,,2026-07-02T00:41:38Z
302,19,13,,,2026-07-02T00:41:38Z
302,19,14,,,2026-07-02T00:41:38Z
302,19,15,,,2026-07-02T00:41:38Z
302,19,16,,,2026-07-02T00:41:38Z
302,19,17,,,2026-07-02T00:41:38Z
302,19,18,,,2026-07-02T00:41:38Z
302,19,19,,,2026-07-02T00:41:38Z
302,19,2,,,2026-07-02T00:41:38Z
302,19,3,,,2026-07-02T00:41:38Z
302,19,4,,,2026-07-02T00:41:38Z
302,19,5,,,2026-07-02T00:41:38Z
302,19,6,,,2026-07-02T00:41:38Z
302,19,7,,,2026-07-02T00:41:38Z
302,19,8,,,2026-07-02T00:41:38Z
302,19,9,,,2026-07-02T00:41:38Z
302,20,10,,,2026-07-02T00:41:38Z
302,20,11,,,2026-07-02T00:41:38Z
302,20,12,,,2026-07-02T00:41:38Z
302,20,13,,,2026-07-02T00:41:38Z
302,20,14,,,2026-07-02T00:41:38Z
302,20,15,,,2026-07-02T00:41:38Z
302,20,16,,,2026-07-02T00:41:38Z
302,20,17,,,2026-07-02T00:41:38Z
302,20,18,,,2026-07-02T00:41:38Z
302,20,19,,,2026-07-02T00:41:38Z
302,20,20,,,2026-07-02T00:41:38Z
302,20,3,,,2026-07-02T00:41:38Z
302,20,4,,,2026-07-02T00:41:38Z
302,20,5,,,2026-07-02T00:41:38Z
302,20,6,,,2026-07-02T00:41:38Z
302,20,7,,,2026-07-02T00:41:38Z
302,20,8,,,2026-07-02T00:41:38Z
302,20,9,,,2026-07-02T00:41:38Z
302,3,6,,,2026-07-02T00:41:38Z
302,3,7,,,2026-07-02T00:41:38Z
302,3,8,,,2026-07-02T00:41:38Z
302,3,9,,,2026-07-02T00:41:38Z
302,3,10,,,2026-07-02T00:41:38Z
302,4,4,,,2026-07-02T00:41:38Z
302,4,5,,,2026-07-02T00:41:38Z
302,4,6,,,2026-07-02T00:41:38Z
302,4,7,,,2026-07-02T00:41:38Z
302,4,8,,,2026-07-02T00:41:38Z
302,5,4,,,2026-07-02T00:41:38Z
302,5,5,,,2026-07-02T00:41:38Z
302,5,6,,,2026-07-02T00:41:38Z
302,5,7,,,2026-07-02T00:41:38Z
302,5,8,,,2026-07-02T00:41:38Z
302,5,9,,,2026-07-02T00:41:38Z
302,5,10,,,2026-07-02T00:41:38Z
302,6,4,,,2026-07-02T00:41:38Z
302,6,5,,,2026-07-02T00:41:38Z
302,6,6,,,2026-07-02T00:41:38Z
302,6,7,,,2026-07-02T00:41:38Z
302,6,8,,,2026-07-02T00:41:38Z
302,6,9,,,2026-07-02T00:41:38Z
302,6,10,,,2026-07-02T00:41:38Z
302,7,4,,,2026-07-02T00:41:38Z
302,7,5,,,2026-07-02T00:41:38Z
302,7,6,,,2026-07-02T00:41:38Z
302,7,7,,,2026-07-02T00:41:38Z
302,7,8,,,2026-07-02T00:41:38Z
302,7,9,,,2026-07-02T00:41:38Z
302,7,10,,,2026-07-02T00:41:38Z
302,7,11,,,2026-07-02T00:41:38Z
302,8,4,,,2026-07-02T00:41:38Z
302,8,5,,,2026-07-02T00:41:38Z
302,8,6,,,2026-07-02T00:41:38Z
302,8,7,,,2026-07-02T00:41:38Z
302,8,8,,,2026-07-02T00:41:38Z
302,8,9,,,2026-07-02T00:41:38Z
302,8,10,,,2026-07-02T00:41:38Z
302,8,11,,,2026-07-02T00:41:38Z
302,9,4,,,2026-07-02T00:41:38Z
302,9,5,,,2026-07-02T00:41:38Z
302,9,6,,,2026-07-02T00:41:38Z
302,9,7,,,2026-07-02T00:41:38Z
302,9,8,,,2026-07-02T00:41:38Z
302,9,9,,,2026-07-02T00:41:38Z
302,9,1,,,2026-07-02T00:41:38Z
302,9,10,,,2026-07-02T00:41:38Z
302,9,2,,,2026-07-02T00:41:38Z
302,9,3,,,2026-07-02T00:41:38Z
302,27,10,,,2026-07-02T00:41:38Z
302,27,11,,,2026-07-02T00:41:38Z
302,27,12,,,2026-07-02T00:41:38Z
302,27,13,,,2026-07-02T00:41:38Z
302,27,14,,,2026-07-02T00:41:38Z
302,27,15,,,2026-07-02T00:41:38Z
302,27,16,,,2026-07-02T00:41:38Z
302,27,17,,,2026-07-02T00:41:38Z
302,27,18,,,2026-07-02T00:41:38Z
302,27,19,,,2026-07-02T00:41:38Z
302,27,20,,,2026-07-02T00:41:38Z
302,27,21,,,2026-07-02T00:41:38Z
302,27,22,,,2026-07-02T00:41:38Z
302,27,23,,,2026-07-02T00:41:38Z
302,27,3,,,2026-07-02T00:41:38Z
302,27,4,,,2026-07-02T00:41:38Z
302,27,5,,,2026-07-02T00:41:38Z
302,27,6,,,2026-07-02T00:41:38Z
302,27,7,,,2026-07-02T00:41:38Z
302,27,8,,,2026-07-02T00:41:38Z
302,27,9,,,2026-07-02T00:41:38Z
302,21,10,,,2026-07-02T00:41:38Z
302,21,11,,,2026-07-02T00:41:38Z
302,21,12,,,2026-07-02T00:41:38Z
302,21,13,,,2026-07-02T00:41:38Z
302,21,14,,,2026-07-02T00:41:38Z
302,21,15,,,2026-07-02T00:41:38Z
302,21,16,,,2026-07-02T00:41:38Z
302,21,17,,,2026-07-02T00:41:38Z
302,21,18,,,2026-07-02T00:41:38Z
302,21,19,,,2026-07-02T00:41:38Z
302,21,20,,,2026-07-02T00:41:38Z
302,21,3,,,2026-07-02T00:41:38Z
302,21,4,,,2026-07-02T00:41:38Z
302,21,5,,,2026-07-02T00:41:38Z
302,21,6,,,2026-07-02T00:41:38Z
302,21,7,,,2026-07-02T00:41:38Z
302,21,8,,,2026-07-02T00:41:38Z
302,21,9,,,2026-07-02T00:41:38Z
302,22,10,,,2026-07-02T00:41:38Z
302,22,11,,,2026-07-02T00:41:38Z
302,22,12,,,2026-07-02T00:41:38Z
302,22,13,,,2026-07-02T00:41:38Z
302,22,14,,,2026-07-02T00:41:38Z
302,22,15,,,2026-07-02T00:41:38Z
302,22,16,,,2026-07-02T00:41:38Z
302,22,17,,,2026-07-02T00:41:38Z
302,22,18,,,2026-07-02T00:41:38Z
302,22,19,,,2026-07-02T00:41:38Z
302,22,20,,,2026-07-02T00:41:38Z
302,22,21,,,2026-07-02T00:41:38Z
302,22,3,,,2026-07-02T00:41:38Z
302,22,4,,,2026-07-02T00:41:38Z
302,22,5,,,2026-07-02T00:41:38Z
302,22,6,,,2026-07-02T00:41:38Z
302,22,7,,,2026-07-02T00:41:38Z
302,22,8,,,2026-07-02T00:41:38Z
302,22,9,,,2026-07-02T00:41:38Z
302,23,10,,,2026-07-02T00:41:38Z
302,23,11,,,2026-07-02T00:41:38Z
302,23,12,,,2026-07-02T00:41:38Z
302,23,13,,,2026-07-02T00:41:38Z
302,23,14,,,2026-07-02T00:41:38Z
302,23,15,,,2026-07-02T00:41:38Z
302,23,16,,,2026-07-02T00:41:38Z
302,23,17,,,2026-07-02T00:41:38Z
302,23,18,,,2026-07-02T00:41:38Z
302,23,19,,,2026-07-02T00:41:38Z
302,23,20,,,2026-07-02T00:41:38Z
302,23,21,,,2026-07-02T00:41:38Z
302,23,3,,,2026-07-02T00:41:38Z
302,23,4,,,2026-07-02T00:41:38Z
302,23,5,,,2026-07-02T00:41:38Z
302,23,6,,,2026-07-02T00:41:38Z
302,23,7,,,2026-07-02T00:41:38Z
302,23,8,,,2026-07-02T00:41:38Z
302,23,9,,,2026-07-02T00:41:38Z
302,24,10,,,2026-07-02T00:41:38Z
302,24,11,,,2026-07-02T00:41:38Z
302,24,12,,,2026-07-02T00:41:38Z
302,24,13,,,2026-07-02T00:41:38Z
302,24,14,,,2026-07-02T00:41:38Z
302,24,15,,,2026-07-02T00:41:38Z
302,24,16,,,2026-07-02T00:41:38Z
302,24,17,,,2026-07-02T00:41:38Z
302,24,18,,,2026-07-02T00:41:38Z
302,24,19,,,2026-07-02T00:41:38Z
302,24,20,,,2026-07-02T00:41:38Z
302,24,21,,,2026-07-02T00:41:38Z
302,24,22,,,2026-07-02T00:41:38Z
302,24,3,,,2026-07-02T00:41:38Z
302,24,4,,,2026-07-02T00:41:38Z
302,24,5,,,2026-07-02T00:41:38Z
302,24,6,,,2026-07-02T00:41:38Z
302,24,7,,,2026-07-02T00:41:38Z
302,24,8,,,2026-07-02T00:41:38Z
302,24,9,,,2026-07-02T00:41:38Z
302,25,10,,,2026-07-02T00:41:38Z
302,25,11,,,2026-07-02T00:41:38Z
302,25,12,,,2026-07-02T00:41:38Z
302,25,13,,,2026-07-02T00:41:38Z
302,25,14,,,2026-07-02T00:41:38Z
302,25,15,,,2026-07-02T00:41:38Z
302,25,16,,,2026-07-02T00:41:38Z
302,25,17,,,2026-07-02T00:41:38Z
302,25,18,,,2026-07-02T00:41:38Z
302,25,19,,,2026-07-02T00:41:38Z
302,25,20,,,2026-07-02T00:41:38Z
302,25,21,,,2026-07-02T00:41:38Z
302,25,22,,,2026-07-02T00:41:38Z
302,25,3,,,2026-07-02T00:41:38Z
302,25,4,,,2026-07-02T00:41:38Z
302,25,5,,,2026-07-02T00:41:38Z
302,25,6,,,2026-07-02T00:41:38Z
302,25,7,,,2026-07-02T00:41:38Z
302,25,8,,,2026-07-02T00:41:38Z
302,25,9,,,2026-07-02T00:41:38Z
302,26,10,,,2026-07-02T00:41:38Z
302,26,11,,,2026-07-02T00:41:38Z
302,26,12,,,2026-07-02T00:41:38Z
302,26,13,,,2026-07-02T00:41:38Z
302,26,14,,,2026-07-02T00:41:38Z
302,26,15,,,2026-07-02T00:41:38Z
302,26,16,,,2026-07-02T00:41:38Z
302,26,17,,,2026-07-02T00:41:38Z
302,26,18,,,2026-07-02T00:41:38Z
302,26,19,,,2026-07-02T00:41:38Z
302,26,20,,,2026-07-02T00:41:38Z
302,26,21,,,2026-07-02T00:41:38Z
302,26,22,,,2026-07-02T00:41:38Z
302,26,3,,,2026-07-02T00:41:38Z
302,26,4,,,2026-07-02T00:41:38Z
302,26,5,,,2026-07-02T00:41:38Z
302,26,6,,,2026-07-02T00:41:38Z
302,26,7,,,2026-07-02T00:41:38Z
302,26,8,,,2026-07-02T00:41:38Z
302,26,9,,,2026-07-02T00:41:38Z
302,28,10,,,2026-07-02T00:41:38Z
302,28,11,,,2026-07-02T00:41:38Z
302,28,12,,,2026-07-02T00:41:38Z
302,28,13,,,2026-07-02T00:41:38Z
302,28,14,,,2026-07-02T00:41:38Z
302,28,15,,,2026-07-02T00:41:38Z
302,28,16,,,2026-07-02T00:41:38Z
302,28,17,,,2026-07-02T00:41:38Z
302,28,18,,,2026-07-02T00:41:38Z
302,28,19,,,2026-07-02T00:41:38Z
302,28,20,,,2026-07-02T00:41:38Z
302,28,21,,,2026-07-02T00:41:38Z
302,28,22,,,2026-07-02T00:41:38Z
302,28,23,,,2026-07-02T00:41:38Z
302,28,3,,,2026-07-02T00:41:38Z
302,28,4,,,2026-07-02T00:41:38Z
302,28,5,,,2026-07-02T00:41:38Z
302,28,6,,,2026-07-02T00:41:38Z
302,28,7,,,2026-07-02T00:41:38Z
302,28,8,,,2026-07-02T00:41:38Z
302,28,9,,,2026-07-02T00:41:38Z
302,29,10,,,2026-07-02T00:41:38Z
302,29,11,,,2026-07-02T00:41:38Z
302,29,12,,,2026-07-02T00:41:38Z
302,29,13,,,2026-07-02T00:41:38Z
302,29,14,,,2026-07-02T00:41:38Z
302,29,15,,,2026-07-02T00:41:38Z
302,29,16,,,2026-07-02T00:41:38Z
302,29,17,,,2026-07-02T00:41:38Z
302,29,18,,,2026-07-02T00:41:38Z
302,29,19,,,2026-07-02T00:41:38Z
302,29,20,,,2026-07-02T00:41:38Z
302,29,21,,,2026-07-02T00:41:38Z
302,29,22,,,2026-07-02T00:41:38Z
302,29,23,,,2026-07-02T00:41:38Z
302,29,24,,,2026-07-02T00:41:38Z
302,29,3,,,2026-07-02T00:41:38Z
302,29,4,,,2026-07-02T00:41:38Z
302,29,5,,,2026-07-02T00:41:38Z
302,29,6,,,2026-07-02T00:41:38Z
302,29,7,,,2026-07-02T00:41:38Z
302,29,8,,,2026-07-02T00:41:38Z
302,29,9,,,2026-07-02T00:41:38Z
302,30,10,,,2026-07-02T00:41:38Z
302,30,11,,,2026-07-02T00:41:38Z
302,30,12,,,2026-07-02T00:41:38Z
302,30,13,,,2026-07-02T00:41:38Z
302,30,14,,,2026-07-02T00:41:38Z
302,30,15,,,2026-07-02T00:41:38Z
302,30,16,,,2026-07-02T00:41:38Z
302,30,17,,,2026-07-02T00:41:38Z
302,30,18,,,2026-07-02T00:41:38Z
302,30,19,,,2026-07-02T00:41:38Z
302,30,20,,,2026-07-02T00:41:38Z
302,30,21,,,2026-07-02T00:41:38Z
302,30,22,,,2026-07-02T00:41:38Z
302,30,23,,,2026-07-02T00:41:38Z
302,30,24,,,2026-07-02T00:41:38Z
302,30,3,,,2026-07-02T00:41:38Z
302,30,4,,,2026-07-02T00:41:38Z
302,30,5,,,2026-07-02T00:41:38Z
302,30,6,,,2026-07-02T00:41:38Z
302,30,7,,,2026-07-02T00:41:38Z
302,30,8,,,2026-07-02T00:41:38Z
302,30,9,,,2026-07-02T00:41:38Z
302,31,10,,,2026-07-02T00:41:38Z
302,31,15,,,2026-07-02T00:41:38Z
302,31,16,,,2026-07-02T00:41:38Z
302,31,17,,,2026-07-02T00:41:38Z
302,31,18,,,2026-07-02T00:41:38Z
302,31,19,,,2026-07-02T00:41:38Z
302,31,20,,,2026-07-02T00:41:38Z
302,31,21,,,2026-07-02T00:41:38Z
302,31,22,,,2026-07-02T00:41:38Z
302,31,23,,,2026-07-02T00:41:38Z
302,31,24,,,2026-07-02T00:41:38Z
302,31,3,,,2026-07-02T00:41:38Z
302,31,4,,,2026-07-02T00:41:38Z
302,31,5,,,2026-07-02T00:41:38Z
302,31,6,,,2026-07-02T00:41:38Z
302,31,7,,,2026-07-02T00:41:38Z
302,31,8,,,2026-07-02T00:41:38Z
302,31,9,,,2026-07-02T00:41:38Z
302,32,10,,,2026-07-02T00:41:38Z
302,32,15,,,2026-07-02T00:41:38Z
302,32,16,,,2026-07-02T00:41:38Z
302,32,17,,,2026-07-02T00:41:38Z
302,32,18,,,2026-07-02T00:41:38Z
302,32,19,,,2026-07-02T00:41:38Z
302,32,20,,,2026-07-02T00:41:38Z
302,32,21,,,2026-07-02T00:41:38Z
302,32,22,,,2026-07-02T00:41:38Z
302,32,23,,,2026-07-02T00:41:38Z
302,32,24,,,2026-07-02T00:41:38Z
302,32,3,,,2026-07-02T00:41:38Z
302,32,4,,,2026-07-02T00:41:38Z
302,32,5,,,2026-07-02T00:41:38Z
302,32,6,,,2026-07-02T00:41:38Z
302,32,7,,,2026-07-02T00:41:38Z
302,32,8,,,2026-07-02T00:41:38Z
302,32,9,,,2026-07-02T00:41:38Z
302,33,23,,,2026-07-02T00:41:38Z
302,33,24,,,2026-07-02T00:41:38Z
303,17,10,,,2026-07-02T00:41:38Z
303,17,11,,,2026-07-02T00:41:38Z
303,17,12,,,2026-07-02T00:41:38Z
303,17,13,,,2026-07-02T00:41:38Z
303,17,14,,,2026-07-02T00:41:38Z
303,17,2,,,2026-07-02T00:41:38Z
303,17,3,,,2026-07-02T00:41:38Z
303,17,4,,,2026-07-02T00:41:38Z
303,17,5,,,2026-07-02T00:41:38Z
303,17,6,,,2026-07-02T00:41:38Z
303,17,7,,,2026-07-02T00:41:38Z
303,17,8,,,2026-07-02T00:41:38Z
303,17,9,,,2026-07-02T00:41:38Z
303,10,10,,,2026-07-02T00:41:38Z
303,10,2,,,2026-07-02T00:41:38Z
303,10,3,,,2026-07-02T00:41:38Z
303,10,4,,,2026-07-02T00:41:38Z
303,10,5,,,2026-07-02T00:41:38Z
303,10,6,,,2026-07-02T00:41:38Z
303,10,7,,,2026-07-02T00:41:38Z
303,10,8,,,2026-07-02T00:41:38Z
303,10,9,,,2026-07-02T00:41:38Z
303,14,10,,,2026-07-02T00:41:38Z
303,14,11,,,2026-07-02T00:41:38Z
303,14,12,,,2026-07-02T00:41:38Z
303,14,2,,,2026-07-02T00:41:38Z
303,14,3,,,2026-07-02T00:41:38Z
303,14,4,,,2026-07-02T00:41:38Z
303,14,5,,,2026-07-02T00:41:38Z
303,14,6,,,2026-07-02T00:41:38Z
303,14,7,,,2026-07-02T00:41:38Z
303,14,8,,,2026-07-02T00:41:38Z
303,14,9,,,2026-07-02T00:41:38Z
303,16,10,,,2026-07-02T00:41:38Z
303,16,11,,,2026-07-02T00:41:38Z
303,16,12,,,2026-07-02T00:41:38Z
303,16,13,,,2026-07-02T00:41:38Z
303,16,2,,,2026-07-02T00:41:38Z
303,16,3,,,2026-07-02T00:41:38Z
303,16,4,,,2026-07-02T00:41:38Z
303,16,5,,,2026-07-02T00:41:38Z
303,16,6,,,2026-07-02T00:41:38Z
303,16,7,,,2026-07-02T00:41:38Z
303,16,8,,,2026-07-02T00:41:38Z
303,16,9,,,2026-07-02T00:41:38Z
303,18,10,,,2026-07-02T00:41:38Z
303,18,11,,,2026-07-02T00:41:38Z
303,18,12,,,2026-07-02T00:41:38Z
303,18,13,,,2026-07-02T00:41:38Z
303,18,14,,,2026-07-02T00:41:38Z
303,18,2,,,2026-07-02T00:41:38Z
303,18,3,,,2026-07-02T00:41:38Z
303,18,4,,,2026-07-02T00:41:38Z
303,18,5,,,2026-07-02T00:41:38Z
303,18,6,,,2026-07-02T00:41:38Z
303,18,7,,,2026-07-02T00:41:38Z
303,18,8,,,2026-07-02T00:41:38Z
303,18,9,,,2026-07-02T00:41:38Z
303,19,10,,,2026-07-02T00:41:38Z
303,19,11,,,2026-07-02T00:41:38Z
303,19,12,,,2026-07-02T00:41:38Z
303,19,13,,,2026-07-02T00:41:38Z
303,19,14,,,2026-07-02T00:41:38Z
303,19,15,,,2026-07-02T00:41:38Z
303,19,2,,,2026-07-02T00:41:38Z
303,19,3,,,2026-07-02T00:41:38Z
303,19,4,,,2026-07-02T00:41:38Z
303,19,5,,,2026-07-02T00:41:38Z
303,19,6,,,2026-07-02T00:41:38Z
303,19,7,,,2026-07-02T00:41:38Z
303,19,8,,,2026-07-02T00:41:38Z
303,19,9,,,2026-07-02T00:41:38Z
303,27,10,,,2026-07-02T00:41:38Z
303,27,11,,,2026-07-02T00:41:38Z
303,27,12,,,2026-07-02T00:41:38Z
303,27,13,,,2026-07-02T00:41:38Z
303,27,14,,,2026-07-02T00:41:38Z
303,27,15,,,2026-07-02T00:41:38Z
303,27,16,,,2026-07-02T00:41:38Z
303,27,17,,,2026-07-02T00:41:38Z
303,27,18,,,2026-07-02T00:41:38Z
303,27,2,,,2026-07-02T00:41:38Z
303,27,3,,,2026-07-02T00:41:38Z
303,27,4,,,2026-07-02T00:41:38Z
303,27,5,,,2026-07-02T00:41:38Z
303,27,6,,,2026-07-02T00:41:38Z
303,27,7,,,2026-07-02T00:41:38Z
303,27,8,,,2026-07-02T00:41:38Z
303,27,9,,,2026-07-02T00:41:38Z
303,20,10,,,2026-07-02T00:41:38Z
303,20,11,,,2026-07-02T00:41:38Z
303,20,12,,,2026-07-02T00:41:38Z
303,20,13,,,2026-07-02T00:41:38Z
303,20,14,,,2026-07-02T00:41:38Z
303,20,15,,,2026-07-02T00:41:38Z
303,20,2,,,2026-07-02T00:41:38Z
303,20,3,,,2026-07-02T00:41:38Z
303,20,4,,,2026-07-02T00:41:38Z
303,20,5,,,2026-07-02T00:41:38Z
303,20,6,,,2026-07-02T00:41:38Z
303,20,7,,,2026-07-02T00:41:38Z
303,20,8,,,2026-07-02T00:41:38Z
303,20,9,,,2026-07-02T00:41:38Z
303,21,10,,,2026-07-02T00:41:38Z
303,21,11,,,2026-07-02T00:41:38Z
303,21,12,,,2026-07-02T00:41:38Z
303,21,13,,,2026-07-02T00:41:38Z
303,21,14,,,2026-07-02T00:41:38Z
303,21,15,,,2026-07-02T00:41:38Z
303,21,2,,,2026-07-02T00:41:38Z
303,21,3,,,2026-07-02T00:41:38Z
303,21,4,,,2026-07-02T00:41:38Z
303,21,5,,,2026-07-02T00:41:38Z
303,21,6,,,2026-07-02T00:41:38Z
303,21,7,,,2026-07-02T00:41:38Z
303,21,8,,,2026-07-02T00:41:38Z
303,21,9,,,2026-07-02T00:41:38Z
303,22,10,,,2026-07-02T00:41:38Z
303,22,11,,,2026-07-02T00:41:38Z
303,22,12,,,2026-07-02T00:41:38Z
303,22,13,,,2026-07-02T00:41:38Z
303,22,14,,,2026-07-02T00:41:38Z
303,22,15,,,2026-07-02T00:41:38Z
303,22,16,,,2026-07-02T00:41:38Z
303,22,2,,,2026-07-02T00:41:38Z
303,22,3,,,2026-07-02T00:41:38Z
303,22,4,,,2026-07-02T00:41:38Z
303,22,5,,,2026-07-02T00:41:38Z
303,22,6,,,2026-07-02T00:41:38Z
303,22,7,,,2026-07-02T00:41:38Z
303,22,8,,,2026-07-02T00:41:38Z
303,22,9,,,2026-07-02T00:41:38Z
303,23,10,,,2026-07-02T00:41:38Z
303,23,11,,,2026-07-02T00:41:38Z
303,23,12,,,2026-07-02T00:41:38Z
303,23,13,,,2026-07-02T00:41:38Z
303,23,14,,,2026-07-02T00:41:38Z
303,23,15,,,2026-07-02T00:41:38Z
303,23,16,,,2026-07-02T00:41:38Z
303,23,2,,,2026-07-02T00:41:38Z
303,23,3,,,2026-07-02T00:41:38Z
303,23,4,,,2026-07-02T00:41:38Z
303,23,5,,,2026-07-02T00:41:38Z
303,23,6,,,2026-07-02T00:41:38Z
303,23,7,,,2026-07-02T00:41:38Z
303,23,8,,,2026-07-02T00:41:38Z
303,23,9,,,2026-07-02T00:41:38Z
303,24,10,,,2026-07-02T00:41:38Z
303,24,11,,,2026-07-02T00:41:38Z
303,24,12,,,2026-07-02T00:41:38Z
303,24,13,,,2026-07-02T00:41:38Z
303,24,14,,,2026-07-02T00:41:38Z
303,24,15,,,2026-07-02T00:41:38Z
303,24,16,,,2026-07-02T00:41:38Z
303,24,17,,,2026-07-02T00:41:38Z
303,24,2,,,2026-07-02T00:41:38Z
303,24,3,,,2026-07-02T00:41:38Z
303,24,4,,,2026-07-02T00:41:38Z
303,24,5,,,2026-07-02T00:41:38Z
303,24,6,,,2026-07-02T00:41:38Z
303,24,7,,,2026-07-02T00:41:38Z
303,24,8,,,2026-07-02T00:41:38Z
303,24,9,,,2026-07-02T00:41:38Z
303,25,10,,,2026-07-02T00:41:38Z
303,25,11,,,2026-07-02T00:41:38Z
303,25,12,,,2026-07-02T00:41:38Z
303,25,13,,,2026-07-02T00:41:38Z
303,25,14,,,2026-07-02T00:41:38Z
303,25,15,,,2026-07-02T00:41:38Z
303,25,16,,,2026-07-02T00:41:38Z
303,25,17,,,2026-07-02T00:41:38Z
303,25,2,,,2026-07-02T00:41:38Z
303,25,3,,,2026-07-02T00:41:38Z
303,25,4,,,2026-07-02T00:41:38Z
303,25,5,,,2026-07-02T00:41:38Z
303,25,6,,,2026-07-02T00:41:38Z
303,25,7,,,2026-07-02T00:41:38Z
303,25,8,,,2026-07-02T00:41:38Z
303,25,9,,,2026-07-02T00:41:38Z
303,26,10,,,2026-07-02T00:41:38Z
303,26,11,,,2026-07-02T00:41:38Z
303,26,12,,,2026-07-02T00:41:38Z
303,26,13,,,2026-07-02T00:41:38Z
303,26,14,,,2026-07-02T00:41:38Z
303,26,15,,,2026-07-02T00:41:38Z
303,26,16,,,2026-07-02T00:41:38Z
303,26,17,,,2026-07-02T00:41:38Z
303,26,18,,,2026-07-02T00:41:38Z
303,26,2,,,2026-07-02T00:41:38Z
303,26,3,,,2026-07-02T00:41:38Z
303,26,4,,,2026-07-02T00:41:38Z
303,26,5,,,2026-07-02T00:41:38Z
303,26,6,,,2026-07-02T00:41:38Z
303,26,7,,,2026-07-02T00:41:38Z
303,26,8,,,2026-07-02T00:41:38Z
303,26,9,,,2026-07-02T00:41:38Z
303,28,10,,,2026-07-02T00:41:38Z
303,28,11,,,2026-07-02T00:41:38Z
303,28,12,,,2026-07-02T00:41:38Z
303,28,13,,,2026-07-02T00:41:38Z
303,28,14,,,2026-07-02T00:41:38Z
303,28,15,,,2026-07-02T00:41:38Z
303,28,16,,,2026-07-02T00:41:38Z
303,28,17,,,2026-07-02T00:41:38Z
303,28,18,,,2026-07-02T00:41:38Z
303,28,19,,,2026-07-02T00:41:38Z
303,28,2,,,2026-07-02T00:41:38Z
303,28,3,,,2026-07-02T00:41:38Z
303,28,4,,,2026-07-02T00:41:38Z
303,28,5,,,2026-07-02T00:41:38Z
303,28,6,,,2026-07-02T00:41:38Z
303,28,7,,,2026-07-02T00:41:38Z
303,28,8,,,2026-07-02T00:41:38Z
303,28,9,,,2026-07-02T00:41:38Z
303,29,10,,,2026-07-02T00:41:38Z
303,29,11,,,2026-07-02T00:41:38Z
303,29,12,,,2026-07-02T00:41:38Z
303,29,13,,,2026-07-02T00:41:38Z
303,29,14,,,2026-07-02T00:41:38Z
303,29,15,,,2026-07-02T00:41:38Z
303,29,16,,,2026-07-02T00:41:38Z
303,29,17,,,2026-07-02T00:41:38Z
303,29,18,,,2026-07-02T00:41:38Z
303,29,19,,,2026-07-02T00:41:38Z
303,29,2,,,2026-07-02T00:41:38Z
303,29,3,,,2026-07-02T00:41:38Z
303,29,4,,,2026-07-02T00:41:38Z
303,29,5,,,2026-07-02T00:41:38Z
303,29,6,,,2026-07-02T00:41:38Z
303,29,7,,,2026-07-02T00:41:38Z
303,29,8,,,2026-07-02T00:41:38Z
303,29,9,,,2026-07-02T00:41:38Z
303,37,12,,,2026-07-02T00:41:38Z
303,37,13,,,2026-07-02T00:41:38Z
303,37,14,,,2026-07-02T00:41:38Z
303,37,15,,,2026-07-02T00:41:38Z
303,37,16,,,2026-07-02T00:41:38Z
303,37,17,,,2026-07-02T00:41:38Z
303,37,18,,,2026-07-02T00:41:38Z
303,37,19,,,2026-07-02T00:41:38Z
303,37,20,,,2026-07-02T00:41:38Z
303,37,21,,,2026-07-02T00:41:38Z
303,30,10,,,2026-07-02T00:41:38Z
303,30,11,,,2026-07-02T00:41:38Z
303,30,12,,,2026-07-02T00:41:38Z
303,30,13,,,2026-07-02T00:41:38Z
303,30,14,,,2026-07-02T00:41:38Z
303,30,15,,,2026-07-02T00:41:38Z
303,30,16,,,2026-07-02T00:41:38Z
303,30,17,,,2026-07-02T00:41:38Z
303,30,18,,,2026-07-02T00:41:38Z
303,30,19,,,2026-07-02T00:41:38Z
303,30,20,,,2026-07-02T00:41:38Z
303,30,3,,,2026-07-02T00:41:38Z
303,30,4,,,2026-07-02T00:41:38Z
303,30,5,,,2026-07-02T00:41:38Z
303,30,6,,,2026-07-02T00:41:38Z
303,30,7,,,2026-07-02T00:41:38Z
303,30,8,,,2026-07-02T00:41:38Z
303,30,9,,,2026-07-02T00:41:38Z
303,31,10,,,2026-07-02T00:41:38Z
303,31,11,,,2026-07-02T00:41:38Z
303,31,12,,,2026-07-02T00:41:38Z
303,31,13,,,2026-07-02T00:41:38Z
303,31,14,,,2026-07-02T00:41:38Z
303,31,15,,,2026-07-02T00:41:38Z
303,31,16,,,2026-07-02T00:41:38Z
303,31,17,,,2026-07-02T00:41:38Z
303,31,18,,,2026-07-02T00:41:38Z
303,31,19,,,2026-07-02T00:41:38Z
303,31,20,,,2026-07-02T00:41:38Z
303,31,3,,,2026-07-02T00:41:38Z
303,31,4,,,2026-07-02T00:41:38Z
303,31,5,,,2026-07-02T00:41:38Z
303,31,6,,,2026-07-02T00:41:38Z
303,31,7,,,2026-07-02T00:41:38Z
303,31,8,,,2026-07-02T00:41:38Z
303,31,9,,,2026-07-02T00:41:38Z
303,32,10,,,2026-07-02T00:41:38Z
303,32,11,,,2026-07-02T00:41:38Z
303,32,12,,,2026-07-02T00:41:38Z
303,32,13,,,2026-07-02T00:41:38Z
303,32,14,,,2026-07-02T00:41:38Z
303,32,15,,,2026-07-02T00:41:38Z
303,32,16,,,2026-07-02T00:41:38Z
303,32,17,,,2026-07-02T00:41:38Z
303,32,18,,,2026-07-02T00:41:38Z
303,32,19,,,2026-07-02T00:41:38Z
303,32,20,,,2026-07-02T00:41:38Z
303,32,21,,,2026-07-02T00:41:38Z
303,32,3,,,2026-07-02T00:41:38Z
303,32,4,,,2026-07-02T00:41:38Z
303,32,5,,,2026-07-02T00:41:38Z
303,32,6,,,2026-07-02T00:41:38Z
303,32,7,,,2026-07-02T00:41:38Z
303,32,8,,,2026-07-02T00:41:38Z
303,32,9,,,2026-07-02T00:41:38Z
303,33,10,,,2026-07-02T00:41:38Z
303,33,11,,,2026-07-02T00:41:38Z
303,33,12,,,2026-07-02T00:41:38Z
303,33,13,,,2026-07-02T00:41:38Z
303,33,14,,,2026-07-02T00:41:38Z
303,33,15,,,2026-07-02T00:41:38Z
303,33,16,,,2026-07-02T00:41:38Z
303,33,17,,,2026-07-02T00:41:38Z
303,33,18,,,2026-07-02T00:41:38Z
303,33,19,,,2026-07-02T00:41:38Z
303,33,20,,,2026-07-02T00:41:38Z
303,33,21,,,2026-07-02T00:41:38Z
303,33,3,,,2026-07-02T00:41:38Z
303,33,4,,,2026-07-02T00:41:38Z
303,33,5,,,2026-07-02T00:41:38Z
303,33,6,,,2026-07-02T00:41:38Z
303,33,7,,,2026-07-02T00:41:38Z
303,33,8,,,2026-07-02T00:41:38Z
303,33,9,,,2026-07-02T00:41:38Z
303,34,10,,,2026-07-02T00:41:38Z
303,34,11,,,2026-07-02T00:41:38Z
303,34,12,,,2026-07-02T00:41:38Z
303,34,13,,,2026-07-02T00:41:38Z
303,34,14,,,2026-07-02T00:41:38Z
303,34,15,,,2026-07-02T00:41:38Z
303,34,16,,,2026-07-02T00:41:38Z
303,34,17,,,2026-07-02T00:41:38Z
303,34,18,,,2026-07-02T00:41:38Z
303,34,19,,,2026-07-02T00:41:38Z
303,34,20,,,2026-07-02T00:41:38Z
303,34,21,,,2026-07-02T00:41:38Z
303,34,3,,,2026-07-02T00:41:38Z
303,34,4,,,2026-07-02T00:41:38Z
303,34,5,,,2026-07-02T00:41:38Z
303,34,6,,,2026-07-02T00:41:38Z
303,34,7,,,2026-07-02T00:41:38Z
303,34,8,,,2026-07-02T00:41:38Z
303,34,9,,,2026-07-02T00:41:38Z
303,35,10,,,2026-07-02T00:41:38Z
303,35,11,,,2026-07-02T00:41:38Z
303,35,12,,,2026-07-02T00:41:38Z
303,35,13,,,2026-07-02T00:41:38Z
303,35,14,,,2026-07-02T00:41:38Z
303,35,15,,,2026-07-02T00:41:38Z
303,35,16,,,2026-07-02T00:41:38Z
303,35,17,,,2026-07-02T00:41:38Z
303,35,18,,,2026-07-02T00:41:38Z
303,35,19,,,2026-07-02T00:41:38Z
303,35,20,,,2026-07-02T00:41:38Z
303,35,21,,,2026-07-02T00:41:38Z
303,35,6,,,2026-07-02T00:41:38Z
303,35,7,,,2026-07-02T00:41:38Z
303,35,8,,,2026-07-02T00:41:38Z
303,35,9,,,2026-07-02T00:41:38Z
303,36,10,,,2026-07-02T00:41:38Z
303,36,11,,,2026-07-02T00:41:38Z
303,36,12,,,2026-07-02T00:41:38Z
303,36,13,,,2026-07-02T00:41:38Z
303,36,14,,,2026-07-02T00:41:38Z
303,36,15,,,2026-07-02T00:41:38Z
303,36,16,,,2026-07-02T00:41:38Z
303,36,17,,,2026-07-02T00:41:38Z
303,36,18,,,2026-07-02T00:41:38Z
303,36,19,,,2026-07-02T00:41:38Z
303,36,20,,,2026-07-02T00:41:38Z
303,36,21,,,2026-07-02T00:41:38Z
303,36,9,,,2026-07-02T00:41:38Z
303,38,10,,,2026-07-02T00:41:38Z
303,38,11,,,2026-07-02T00:41:38Z
303,38,12,,,2026-07-02T00:41:38Z
303,38,13,,,2026-07-02T00:41:38Z
303,38,14,,,2026-07-02T00:41:38Z
303,38,15,,,2026-07-02T00:41:38Z
303,38,16,,,2026-07-02T00:41:38Z
303,38,17,,,2026-07-02T00:41:38Z
303,38,18,,,2026-07-02T00:41:38Z
303,38,19,,,2026-07-02T00:41:38Z
303,38,20,,,2026-07-02T00:41:38Z
303,38,21,,,2026-07-02T00:41:38Z
303,38,9,,,2026-07-02T00:41:38Z
303,39,14,,,2026-07-02T00:41:38Z
303,39,15,,,2026-07-02T00:41:38Z
303,39,16,,,2026-07-02T00:41:38Z
303,39,17,,,2026-07-02T00:41:38Z
303,39,18,,,2026-07-02T00:41:38Z
303,39,19,,,2026-07-02T00:41:38Z
303,39,20,,,2026-07-02T00:41:38Z
303,39,21,,,2026-07-02T00:41:38Z
303,3,4,,,2026-07-02T00:41:38Z
303,3,5,,,2026-07-02T00:41:38Z
303,3,6,,,2026-07-02T00:41:38Z
303,3,1,,,2026-07-02T00:41:38Z
303,3,2,,,2026-07-02T00:41:38Z
303,3,3,,,2026-07-02T00:41:38Z
303,40,17,,,2026-07-02T00:41:38Z
303,40,18,,,2026-07-02T00:41:38Z
303,40,19,,,2026-07-02T00:41:38Z
303,40,20,,,2026-07-02T00:41:38Z
303,40,21,,,2026-07-02T00:41:38Z
303,40,22,,,2026-07-02T00:41:38Z
303,40,23,,,2026-07-02T00:41:38Z
303,40,24,,,2026-07-02T00:41:38Z
303,4,4,,,2026-07-02T00:41:38Z
303,4,3,,,2026-07-02T00:41:38Z
303,5,4,,,2026-07-02T00:41:38Z
303,5,5,,,2026-07-02T00:41:38Z
303,5,3,,,2026-07-02T00:41:38Z
303,6,4,,,2026-07-02T00:41:38Z
303,6,5,,,2026-07-02T00:41:38Z
303,6,3,,,2026-07-02T00:41:38Z
303,7,4,,,2026-07-02T00:41:38Z
303,7,5,,,2026-07-02T00:41:38Z
303,7,6,,,2026-07-02T00:41:38Z
303,7,3,,,2026-07-02T00:41:38Z
303,8,4,,,2026-07-02T00:41:38Z
303,8,5,,,2026-07-02T00:41:38Z
303,8,6,,,2026-07-02T00:41:38Z
303,8,3,,,2026-07-02T00:41:38Z
303,9,4,,,2026-07-02T00:41:38Z
303,9,5,,,2026-07-02T00:41:38Z
303,9,6,,,2026-07-02T00:41:38Z
303,9,7,,,2026-07-02T00:41:38Z
303,9,8,,,2026-07-02T00:41:38Z
303,9,9,,,2026-07-02T00:41:38Z
303,9,1,,,2026-07-02T00:41:38Z
303,9,10,,,2026-07-02T00:41:38Z
303,9,2,,,2026-07-02T00:41:38Z
303,9,3,,,2026-07-02T00:41:38Z
304,10,10,,,2026-07-02T00:41:38Z
304,10,11,,,2026-07-02T00:41:38Z
304,10,12,,,2026-07-02T00:41:38Z
304,10,2,,,2026-07-02T00:41:38Z
304,10,3,,,2026-07-02T00:41:38Z
304,10,4,,,2026-07-02T00:41:38Z
304,10,5,,,2026-07-02T00:41:38Z
304,10,6,,,2026-07-02T00:41:38Z
304,10,7,,,2026-07-02T00:41:38Z
304,10,8,,,2026-07-02T00:41:38Z
304,10,9,,,2026-07-02T00:41:38Z
304,12,10,,,2026-07-02T00:41:38Z
304,12,11,,,2026-07-02T00:41:38Z
304,12,12,,,2026-07-02T00:41:38Z
304,12,13,,,2026-07-02T00:41:38Z
304,12,14,,,2026-07-02T00:41:38Z
304,12,15,,,2026-07-02T00:41:38Z
304,12,16,,,2026-07-02T00:41:38Z
304,12,17,,,2026-07-02T00:41:38Z
304,12,18,,,2026-07-02T00:41:38Z
304,12,19,,,2026-07-02T00:41:38Z
304,12,2,,,2026-07-02T00:41:38Z
304,12,3,,,2026-07-02T00:41:38Z
304,12,4,,,2026-07-02T00:41:38Z
304,12,5,,,2026-07-02T00:41:38Z
304,12,6,,,2026-07-02T00:41:38Z
304,12,7,,,2026-07-02T00:41:38Z
304,12,8,,,2026-07-02T00:41:38Z
304,12,9,,,2026-07-02T00:41:38Z
304,14,10,,,2026-07-02T00:41:38Z
304,14,11,,,2026-07-02T00:41:38Z
304,14,12,,,2026-07-02T00:41:38Z
304,14,13,,,2026-07-02T00:41:38Z
304,14,14,,,2026-07-02T00:41:38Z
304,14,15,,,2026-07-02T00:41:38Z
304,14,16,,,2026-07-02T00:41:38Z
304,14,17,,,2026-07-02T00:41:38Z
304,14,18,,,2026-07-02T00:41:38Z
304,14,19,,,2026-07-02T00:41:38Z
304,14,2,,,2026-07-02T00:41:38Z
304,14,3,,,2026-07-02T00:41:38Z
304,14,4,,,2026-07-02T00:41:38Z
304,14,5,,,2026-07-02T00:41:38Z
304,14,6,,,2026-07-02T00:41:38Z
304,14,7,,,2026-07-02T00:41:38Z
304,14,8,,,2026-07-02T00:41:38Z
304,14,9,,,2026-07-02T00:41:38Z
304,16,10,,,2026-07-02T00:41:38Z
304,16,11,,,2026-07-02T00:41:38Z
304,16,12,,,2026-07-02T00:41:38Z
304,16,13,,,2026-07-02T00:41:38Z
304,16,14,,,2026-07-02T00:41:38Z
304,16,15,,,2026-07-02T00:41:38Z
304,16,16,,,2026-07-02T00:41:38Z
304,16,17,,,2026-07-02T00:41:38Z
304,16,18,,,2026-07-02T00:41:38Z
304,16,19,,,2026-07-02T00:41:38Z
304,16,2,,,2026-07-02T00:41:38Z
304,16,3,,,2026-07-02T00:41:38Z
304,16,4,,,2026-07-02T00:41:38Z
304,16,5,,,2026-07-02T00:41:38Z
304,16,6,,,2026-07-02T00:41:38Z
304,16,7,,,2026-07-02T00:41:38Z
304,16,8,,,2026-07-02T00:41:38Z
304,16,9,,,2026-07-02T00:41:38Z
304,18,10,,,2026-07-02T00:41:38Z
304,18,11,,,2026-07-02T00:41:38Z
304,18,12,,,2026-07-02T00:41:38Z
304,18,13,,,2026-07-02T00:41:38Z
304,18,14,,,2026-07-02T00:41:38Z
304,18,15,,,2026-07-02T00:41:38Z
304,18,16,,,2026-07-02T00:41:38Z
304,18,17,,,2026-07-02T00:41:38Z
304,18,18,,,2026-07-02T00:41:38Z
304,18,19,,,2026-07-02T00:41:38Z
304,18,2,,,2026-07-02T00:41:38Z
304,18,3,,,2026-07-02T00:41:38Z
304,18,4,,,2026-07-02T00:41:38Z
304,18,5,,,2026-07-02T00:41:38Z
304,18,6,,,2026-07-02T00:41:38Z
304,18,7,,,2026-07-02T00:41:38Z
304,18,8,,,2026-07-02T00:41:38Z
304,18,9,,,2026-07-02T00:41:38Z
304,19,10,,,2026-07-02T00:41:38Z
304,19,11,,,2026-07-02T00:41:38Z
304,19,12,,,2026-07-02T00:41:38Z
304,19,13,,,2026-07-02T00:41:38Z
304,19,14,,,2026-07-02T00:41:38Z
304,19,15,,,2026-07-02T00:41:38Z
304,19,16,,,2026-07-02T00:41:38Z
304,19,17,,,2026-07-02T00:41:38Z
304,19,18,,,2026-07-02T00:41:38Z
304,19,2,,,2026-07-02T00:41:38Z
304,19,3,,,2026-07-02T00:41:38Z
304,19,4,,,2026-07-02T00:41:38Z
304,19,5,,,2026-07-02T00:41:38Z
304,19,6,,,2026-07-02T00:41:38Z
304,19,7,,,2026-07-02T00:41:38Z
304,19,8,,,2026-07-02T00:41:38Z
304,19,9,,,2026-07-02T00:41:38Z
304,27,10,,,2026-07-02T00:41:38Z
304,27,11,,,2026-07-02T00:41:38Z
304,27,12,,,2026-07-02T00:41:38Z
304,27,13,,,2026-07-02T00:41:38Z
304,27,14,,,2026-07-02T00:41:38Z
304,27,15,,,2026-07-02T00:41:38Z
304,27,16,,,2026-07-02T00:41:38Z
304,27,17,,,2026-07-02T00:41:38Z
304,27,18,,,2026-07-02T00:41:38Z
304,27,19,,,2026-07-02T00:41:38Z
304,27,2,,,2026-07-02T00:41:38Z
304,27,3,,,2026-07-02T00:41:38Z
304,27,4,,,2026-07-02T00:41:38Z
304,27,5,,,2026-07-02T00:41:38Z
304,27,6,,,2026-07-02T00:41:38Z
304,27,7,,,2026-07-02T00:41:38Z
304,27,8,,,2026-07-02T00:41:38Z
304,27,9,,,2026-07-02T00:41:38Z
304,20,10,,,2026-07-02T00:41:38Z
304,20,11,,,2026-07-02T00:41:38Z
304,20,12,,,2026-07-02T00:41:38Z
304,20,13,,,2026-07-02T00:41:38Z
304,20,14,,,2026-07-02T00:41:38Z
304,20,15,,,2026-07-02T00:41:38Z
304,20,16,,,2026-07-02T00:41:38Z
304,20,17,,,2026-07-02T00:41:38Z
304,20,18,,,2026-07-02T00:41:38Z
304,20,19,,,2026-07-02T00:41:38Z
304,20,2,,,2026-07-02T00:41:38Z
304,20,3,,,2026-07-02T00:41:38Z
304,20,4,,,2026-07-02T00:41:38Z
304,20,5,,,2026-07-02T00:41:38Z
304,20,6,,,2026-07-02T00:41:38Z
304,20,7,,,2026-07-02T00:41:38Z
304,20,8,,,2026-07-02T00:41:38Z
304,20,9,,,2026-07-02T00:41:38Z
304,21,10,,,2026-07-02T00:41:38Z
304,21,11,,,2026-07-02T00:41:38Z
304,21,12,,,2026-07-02T00:41:38Z
304,21,13,,,2026-07-02T00:41:38Z
304,21,14,,,2026-07-02T00:41:38Z
304,21,15,,,2026-07-02T00:41:38Z
304,21,16,,,2026-07-02T00:41:38Z
304,21,17,,,2026-07-02T00:41:38Z
304,21,18,,,2026-07-02T00:41:38Z
304,21,19,,,2026-07-02T00:41:38Z
304,21,2,,,2026-07-02T00:41:38Z
304,21,3,,,2026-07-02T00:41:38Z
304,21,4,,,2026-07-02T00:41:38Z
304,21,5,,,2026-07-02T00:41:38Z
304,21,6,,,2026-07-02T00:41:38Z
304,21,7,,,2026-07-02T00:41:38Z
304,21,8,,,2026-07-02T00:41:38Z
304,21,9,,,2026-07-02T00:41:38Z
304,22,10,,,2026-07-02T00:41:38Z
304,22,11,,,2026-07-02T00:41:38Z
304,22,12,,,2026-07-02T00:41:38Z
304,22,13,,,2026-07-02T00:41:38Z
304,22,14,,,2026-07-02T00:41:38Z
304,22,15,,,2026-07-02T00:41:38Z
304,22,16,,,2026-07-02T00:41:38Z
304,22,17,,,2026-07-02T00:41:38Z
304,22,18,,,2026-07-02T00:41:38Z
304,22,19,,,2026-07-02T00:41:38Z
304,22,2,,,2026-07-02T00:41:38Z
304,22,3,,,2026-07-02T00:41:38Z
304,22,4,,,2026-07-02T00:41:38Z
304,22,5,,,2026-07-02T00:41:38Z
304,22,6,,,2026-07-02T00:41:38Z
304,22,7,,,2026-07-02T00:41:38Z
304,22,8,,,2026-07-02T00:41:38Z
304,22,9,,,2026-07-02T00:41:38Z
304,23,10,,,2026-07-02T00:41:38Z
304,23,11,,,2026-07-02T00:41:38Z
304,23,12,,,2026-07-02T00:41:38Z
304,23,13,,,2026-07-02T00:41:38Z
304,23,14,,,2026-07-02T00:41:38Z
304,23,15,,,2026-07-02T00:41:38Z
304,23,16,,,2026-07-02T00:41:38Z
304,23,17,,,2026-07-02T00:41:38Z
304,23,18,,,2026-07-02T00:41:38Z
304,23,19,,,2026-07-02T00:41:38Z
304,23,2,,,2026-07-02T00:41:38Z
304,23,3,,,2026-07-02T00:41:38Z
304,23,4,,,2026-07-02T00:41:38Z
304,23,5,,,2026-07-02T00:41:38Z
304,23,6,,,2026-07-02T00:41:38Z
304,23,7,,,2026-07-02T00:41:38Z
304,23,8,,,2026-07-02T00:41:38Z
304,23,9,,,2026-07-02T00:41:38Z
304,24,10,,,2026-07-02T00:41:38Z
304,24,11,,,2026-07-02T00:41:38Z
304,24,12,,,2026-07-02T00:41:38Z
304,24,13,,,2026-07-02T00:41:38Z
304,24,14,,,2026-07-02T00:41:38Z
304,24,15,,,2026-07-02T00:41:38Z
304,24,16,,,2026-07-02T00:41:38Z
304,24,17,,,2026-07-02T00:41:38Z
304,24,18,,,2026-07-02T00:41:38Z
304,24,19,,,2026-07-02T00:41:38Z
304,24,2,,,2026-07-02T00:41:38Z
304,24,3,,,2026-07-02T00:41:38Z
304,24,4,,,2026-07-02T00:41:38Z
304,24,5,,,2026-07-02T00:41:38Z
304,24,6,,,2026-07-02T00:41:38Z
304,24,7,,,2026-07-02T00:41:38Z
304,24,8,,,2026-07-02T00:41:38Z
304,24,9,,,2026-07-02T00:41:38Z
304,25,10,,,2026-07-02T00:41:38Z
304,25,11,,,2026-07-02T00:41:38Z
304,25,12,,,2026-07-02T00:41:38Z
304,25,13,,,2026-07-02T00:41:38Z
304,25,14,,,2026-07-02T00:41:38Z
304,25,15,,,2026-07-02T00:41:38Z
304,25,16,,,2026-07-02T00:41:38Z
304,25,17,,,2026-07-02T00:41:38Z
304,25,18,,,2026-07-02T00:41:38Z
304,25,19,,,2026-07-02T00:41:38Z
304,25,2,,,2026-07-02T00:41:38Z
304,25,3,,,2026-07-02T00:41:38Z
304,25,4,,,2026-07-02T00:41:38Z
304,25,5,,,2026-07-02T00:41:38Z
304,25,6,,,2026-07-02T00:41:38Z
304,25,7,,,2026-07-02T00:41:38Z
304,25,8,,,2026-07-02T00:41:38Z
304,25,9,,,2026-07-02T00:41:38Z
304,26,10,,,2026-07-02T00:41:38Z
304,26,11,,,2026-07-02T00:41:38Z
304,26,12,,,2026-07-02T00:41:38Z
304,26,13,,,2026-07-02T00:41:38Z
304,26,14,,,2026-07-02T00:41:38Z
304,26,15,,,2026-07-02T00:41:38Z
304,26,16,,,2026-07-02T00:41:38Z
304,26,17,,,2026-07-02T00:41:38Z
304,26,18,,,2026-07-02T00:41:38Z
304,26,19,,,2026-07-02T00:41:38Z
304,26,2,,,2026-07-02T00:41:38Z
304,26,3,,,2026-07-02T00:41:38Z
304,26,4,,,2026-07-02T00:41:38Z
304,26,5,,,2026-07-02T00:41:38Z
304,26,6,,,2026-07-02T00:41:38Z
304,26,7,,,2026-07-02T00:41:38Z
304,26,8,,,2026-07-02T00:41:38Z
304,26,9,,,2026-07-02T00:41:38Z
304,28,10,,,2026-07-02T00:41:38Z
304,28,11,,,2026-07-02T00:41:38Z
304,28,12,,,2026-07-02T00:41:38Z
304,28,13,,,2026-07-02T00:41:38Z
304,28,14,,,2026-07-02T00:41:38Z
304,28,15,,,2026-07-02T00:41:38Z
304,28,16,,,2026-07-02T00:41:38Z
304,28,17,,,2026-07-02T00:41:38Z
304,28,18,,,2026-07-02T00:41:38Z
304,28,19,,,2026-07-02T00:41:38Z
304,28,2,,,2026-07-02T00:41:38Z
304,28,3,,,2026-07-02T00:41:38Z
304,28,4,,,2026-07-02T00:41:38Z
304,28,5,,,2026-07-02T00:41:38Z
304,28,6,,,2026-07-02T00:41:38Z
304,28,7,,,2026-07-02T00:41:38Z
304,28,8,,,2026-07-02T00:41:38Z
304,28,9,,,2026-07-02T00:41:38Z
304,29,10,,,2026-07-02T00:41:38Z
304,29,11,,,2026-07-02T00:41:38Z
304,29,12,,,2026-07-02T00:41:38Z
304,29,13,,,2026-07-02T00:41:38Z
304,29,14,,,2026-07-02T00:41:38Z
304,29,15,,,2026-07-02T00:41:38Z
304,29,16,,,2026-07-02T00:41:38Z
304,29,17,,,2026-07-02T00:41:38Z
304,29,18,,,2026-07-02T00:41:38Z
304,29,19,,,2026-07-02T00:41:38Z
304,29,2,,,2026-07-02T00:41:38Z
304,29,3,,,2026-07-02T00:41:38Z
304,29,4,,,2026-07-02T00:41:38Z
304,29,5,,,2026-07-02T00:41:38Z
304,29,6,,,2026-07-02T00:41:38Z
304,29,7,,,2026-07-02T00:41:38Z
304,29,8,,,2026-07-02T00:41:38Z
304,29,9,,,2026-07-02T00:41:38Z
304,37,10,,,2026-07-02T00:41:38Z
304,37,11,,,2026-07-02T00:41:38Z
304,37,12,,,2026-07-02T00:41:38Z
304,37,13,,,2026-07-02T00:41:38Z
304,37,14,,,2026-07-02T00:41:38Z
304,37,15,,,2026-07-02T00:41:38Z
304,37,16,,,2026-07-02T00:41:38Z
304,37,17,,,2026-07-02T00:41:38Z
304,37,18,,,2026-07-02T00:41:38Z
304,37,19,,,2026-07-02T00:41:38Z
304,37,2,,,2026-07-02T00:41:38Z
304,37,3,,,2026-07-02T00:41:38Z
304,37,4,,,2026-07-02T00:41:38Z
304,37,5,,,2026-07-02T00:41:38Z
304,37,6,,,2026-07-02T00:41:38Z
304,37,7,,,2026-07-02T00:41:38Z
304,37,8,,,2026-07-02T00:41:38Z
304,37,9,,,2026-07-02T00:41:38Z
304,30,10,,,2026-07-02T00:41:38Z
304,30,11,,,2026-07-02T00:41:38Z
304,30,12,,,2026-07-02T00:41:38Z
304,30,13,,,2026-07-02T00:41:38Z
304,30,14,,,2026-07-02T00:41:38Z
304,30,15,,,2026-07-02T00:41:38Z
304,30,16,,,2026-07-02T00:41:38Z
304,30,17,,,2026-07-02T00:41:38Z
304,30,18,,,2026-07-02T00:41:38Z
304,30,19,,,2026-07-02T00:41:38Z
304,30,2,,,2026-07-02T00:41:38Z
304,30,3,,,2026-07-02T00:41:38Z
304,30,4,,,2026-07-02T00:41:38Z
304,30,5,,,2026-07-02T00:41:38Z
304,30,6,,,2026-07-02T00:41:38Z
304,30,7,,,2026-07-02T00:41:38Z
304,30,8,,,2026-07-02T00:41:38Z
304,30,9,,,2026-07-02T00:41:38Z
304,31,10,,,2026-07-02T00:41:38Z
304,31,11,,,2026-07-02T00:41:38Z
304,31,12,,,2026-07-02T00:41:38Z
304,31,13,,,2026-07-02T00:41:38Z
304,31,14,,,2026-07-02T00:41:38Z
304,31,15,,,2026-07-02T00:41:38Z
304,31,16,,,2026-07-02T00:41:38Z
304,31,17,,,2026-07-02T00:41:38Z
304,31,18,,,2026-07-02T00:41:38Z
304,31,19,,,2026-07-02T00:41:38Z
304,31,2,,,2026-07-02T00:41:38Z
304,31,3,,,2026-07-02T00:41:38Z
304,31,4,,,2026-07-02T00:41:38Z
304,31,5,,,2026-07-02T00:41:38Z
304,31,6,,,2026-07-02T00:41:38Z
304,31,7,,,2026-07-02T00:41:38Z
304,31,8,,,2026-07-02T00:41:38Z
304,31,9,,,2026-07-02T00:41:38Z
304,32,10,,,2026-07-02T00:41:38Z
304,32,11,,,2026-07-02T00:41:38Z
304,32,12,,,2026-07-02T00:41:38Z
304,32,13,,,2026-07-02T00:41:38Z
304,32,14,,,2026-07-02T00:41:38Z
304,32,15,,,2026-07-02T00:41:38Z
304,32,16,,,2026-07-02T00:41:38Z
304,32,17,,,2026-07-02T00:41:38Z
304,32,18,,,2026-07-02T00:41:38Z
304,32,19,,,2026-07-02T00:41:38Z
304,32,2,,,2026-07-02T00:41:38Z
304,32,3,,,2026-07-02T00:41:38Z
304,32,4,,,2026-07-02T00:41:38Z
304,32,5,,,2026-07-02T00:41:38Z
304,32,6,,,2026-07-02T00:41:38Z
304,32,7,,,2026-07-02T00:41:38Z
304,32,8,,,2026-07-02T00:41:38Z
304,32,9,,,2026-07-02T00:41:38Z
304,33,10,,,2026-07-02T00:41:38Z
304,33,11,,,2026-07-02T00:41:38Z
304,33,12,,,2026-07-02T00:41:38Z
304,33,13,,,2026-07-02T00:41:38Z
304,33,14,,,2026-07-02T00:41:38Z
304,33,15,,,2026-07-02T00:41:38Z
304,33,16,,,2026-07-02T00:41:38Z
304,33,17,,,2026-07-02T00:41:38Z
304,33,18,,,2026-07-02T00:41:38Z
304,33,19,,,2026-07-02T00:41:38Z
304,33,2,,,2026-07-02T00:41:38Z
304,33,3,,,2026-07-02T00:41:38Z
304,33,4,,,2026-07-02T00:41:38Z
304,33,5,,,2026-07-02T00:41:38Z
304,33,6,,,2026-07-02T00:41:38Z
304,33,7,,,2026-07-02T00:41:38Z
304,33,8,,,2026-07-02T00:41:38Z
304,33,9,,,2026-07-02T00:41:38Z
304,34,10,,,2026-07-02T00:41:38Z
304,34,11,,,2026-07-02T00:41:38Z
304,34,12,,,2026-07-02T00:41:38Z
304,34,13,,,2026-07-02T00:41:38Z
304,34,14,,,2026-07-02T00:41:38Z
304,34,15,,,2026-07-02T00:41:38Z
304,34,16,,,2026-07-02T00:41:38Z
304,34,17,,,2026-07-02T00:41:38Z
304,34,18,,,2026-07-02T00:41:38Z
304,34,19,,,2026-07-02T00:41:38Z
304,34,2,,,2026-07-02T00:41:38Z
304,34,3,,,2026-07-02T00:41:38Z
304,34,4,,,2026-07-02T00:41:38Z
304,34,5,,,2026-07-02T00:41:38Z
304,34,6,,,2026-07-02T00:41:38Z
304,34,7,,,2026-07-02T00:41:38Z
304,34,8,,,2026-07-02T00:41:38Z
304,34,9,,,2026-07-02T00:41:38Z
304,35,10,,,2026-07-02T00:41:38Z
304,35,11,,,2026-07-02T00:41:38Z
304,35,12,,,2026-07-02T00:41:38Z
304,35,13,,,2026-07-02T00:41:38Z
304,35,14,,,2026-07-02T00:41:38Z
304,35,15,,,2026-07-02T00:41:38Z
304,35,16,,,2026-07-02T00:41:38Z
304,35,17,,,2026-07-02T00:41:38Z
304,35,18,,,2026-07-02T00:41:38Z
304,35,19,,,2026-07-02T00:41:38Z
304,35,2,,,2026-07-02T00:41:38Z
304,35,3,,,2026-07-02T00:41:38Z
304,35,4,,,2026-07-02T00:41:38Z
304,35,5,,,2026-07-02T00:41:38Z
304,35,6,,,2026-07-02T00:41:38Z
304,35,7,,,2026-07-02T00:41:38Z
304,35,8,,,2026-07-02T00:41:38Z
304,35,9,,,2026-07-02T00:41:38Z
304,36,10,,,2026-07-02T00:41:38Z
304,36,11,,,2026-07-02T00:41:38Z
304,36,12,,,2026-07-02T00:41:38Z
304,36,13,,,2026-07-02T00:41:38Z
304,36,14,,,2026-07-02T00:41:38Z
304,36,15,,,2026-07-02T00:41:38Z
304,36,16,,,2026-07-02T00:41:38Z
304,36,17,,,2026-07-02T00:41:38Z
304,36,18,,,2026-07-02T00:41:38Z
304,36,19,,,2026-07-02T00:41:38Z
304,36,2,,,2026-07-02T00:41:38Z
304,36,3,,,2026-07-02T00:41:38Z
304,36,4,,,2026-07-02T00:41:38Z
304,36,5,,,2026-07-02T00:41:38Z
304,36,6,,,2026-07-02T00:41:38Z
304,36,7,,,2026-07-02T00:41:38Z
304,36,8,,,2026-07-02T00:41:38Z
304,36,9,,,2026-07-02T00:41:38Z
304,38,10,,,2026-07-02T00:41:38Z
304,38,11,,,2026-07-02T00:41:38Z
304,38,12,,,2026-07-02T00:41:38Z
304,38,13,,,2026-07-02T00:41:38Z
304,38,14,,,2026-07-02T00:41:38Z
304,38,15,,,2026-07-02T00:41:38Z
304,38,16,,,2026-07-02T00:41:38Z
304,38,17,,,2026-07-02T00:41:38Z
304,38,18,,,2026-07-02T00:41:38Z
304,38,19,,,2026-07-02T00:41:38Z
304,38,2,,,2026-07-02T00:41:38Z
304,38,3,,,2026-07-02T00:41:38Z
304,38,4,,,2026-07-02T00:41:38Z
304,38,5,,,2026-07-02T00:41:38Z
304,38,6,,,2026-07-02T00:41:38Z
304,38,7,,,2026-07-02T00:41:38Z
304,38,8,,,2026-07-02T00:41:38Z
304,38,9,,,2026-07-02T00:41:38Z
304,39,10,,,2026-07-02T00:41:38Z
304,39,11,,,2026-07-02T00:41:38Z
304,39,12,,,2026-07-02T00:41:38Z
304,39,13,,,2026-07-02T00:41:38Z
304,39,14,,,2026-07-02T00:41:38Z
304,39,15,,,2026-07-02T00:41:38Z
304,39,16,,,2026-07-02T00:41:38Z
304,39,17,,,2026-07-02T00:41:38Z
304,39,18,,,2026-07-02T00:41:38Z
304,39,19,,,2026-07-02T00:41:38Z
304,39,2,,,2026-07-02T00:41:38Z
304,39,3,,,2026-07-02T00:41:38Z
304,39,4,,,2026-07-02T00:41:38Z
304,39,5,,,2026-07-02T00:41:38Z
304,39,6,,,2026-07-02T00:41:38Z
304,39,7,,,2026-07-02T00:41:38Z
304,39,8,,,2026-07-02T00:41:38Z
304,39,9,,,2026-07-02T00:41:38Z
304,40,10,,,2026-07-02T00:41:38Z
304,40,11,,,2026-07-02T00:41:38Z
304,40,12,,,2026-07-02T00:41:38Z
304,40,13,,,2026-07-02T00:41:38Z
304,40,14,,,2026-07-02T00:41:38Z
304,40,15,,,2026-07-02T00:41:38Z
304,40,16,,,2026-07-02T00:41:38Z
304,40,17,,,2026-07-02T00:41:38Z
304,40,18,,,2026-07-02T00:41:38Z
304,40,19,,,2026-07-02T00:41:38Z
304,40,20,,,2026-07-02T00:41:38Z
304,40,21,,,2026-07-02T00:41:38Z
304,40,22,,,2026-07-02T00:41:38Z
304,40,3,,,2026-07-02T00:41:38Z
304,40,4,,,2026-07-02T00:41:38Z
304,40,5,,,2026-07-02T00:41:38Z
304,40,6,,,2026-07-02T00:41:38Z
304,40,7,,,2026-07-02T00:41:38Z
304,40,8,,,2026-07-02T00:41:38Z
304,40,9,,,2026-07-02T00:41:38Z
304,8,6,,,2026-07-02T00:41:38Z
304,8,7,,,2026-07-02T00:41:38Z
304,9,4,,,2026-07-02T00:41:38Z
304,9,5,,,2026-07-02T00:41:38Z
304,9,6,,,2026-07-02T00:41:38Z
304,9,7,,,2026-07-02T00:41:38Z
304,9,8,,,2026-07-02T00:41:38Z
304,9,9,,,2026-07-02T00:41:38Z
304,9,1,,,2026-07-02T00:41:38Z
304,9,10,,,2026-07-02T00:41:38Z
304,9,11,,,2026-07-02T00:41:38Z
304,9,12,,,2026-07-02T00:41:38Z
304,9,13,,,2026-07-02T00:41:38Z
304,9,2,,,2026-07-02T00:41:38Z
304,9,3,,,2026-07-02T00:41:38Z
305,10,15,,,2026-07-02T00:41:38Z
305,10,16,,,2026-07-02T00:41:38Z
305,11,10,,,2026-07-02T00:41:38Z
305,11,11,,,2026-07-02T00:41:38Z
305,11,12,,,2026-07-02T00:41:38Z
305,11,13,,,2026-07-02T00:41:38Z
305,11,14,,,2026-07-02T00:41:38Z
305,11,15,,,2026-07-02T00:41:38Z
305,11,16,,,2026-07-02T00:41:38Z
305,11,17,,,2026-07-02T00:41:38Z
305,11,18,,,2026-07-02T00:41:38Z
305,11,19,,,2026-07-02T00:41:38Z
305,11,5,,,2026-07-02T00:41:38Z
305,11,8,,,2026-07-02T00:41:38Z
305,11,9,,,2026-07-02T00:41:38Z
305,12,10,,,2026-07-02T00:41:38Z
305,12,11,,,2026-07-02T00:41:38Z
305,12,12,,,2026-07-02T00:41:38Z
305,12,13,,,2026-07-02T00:41:38Z
305,12,14,,,2026-07-02T00:41:38Z
305,12,15,,,2026-07-02T00:41:38Z
305,12,16,,,2026-07-02T00:41:38Z
305,12,17,,,2026-07-02T00:41:38Z
305,12,18,,,2026-07-02T00:41:38Z
305,12,19,,,2026-07-02T00:41:38Z
305,12,2,,,2026-07-02T00:41:38Z
305,12,3,,,2026-07-02T00:41:38Z
305,12,4,,,2026-07-02T00:41:38Z
305,12,5,,,2026-07-02T00:41:38Z
305,12,6,,,2026-07-02T00:41:38Z
305,12,7,,,2026-07-02T00:41:38Z
305,12,8,,,2026-07-02T00:41:38Z
305,12,9,,,2026-07-02T00:41:38Z
305,13,10,,,2026-07-02T00:41:38Z
305,13,11,,,2026-07-02T00:41:38Z
305,13,12,,,2026-07-02T00:41:38Z
305,13,13,,,2026-07-02T00:41:38Z
305,13,14,,,2026-07-02T00:41:38Z
305,13,15,,,2026-07-02T00:41:38Z
305,13,16,,,2026-07-02T00:41:38Z
305,13,17,,,2026-07-02T00:41:38Z
305,13,18,,,2026-07-02T00:41:38Z
305,13,19,,,2026-07-02T00:41:38Z
305,13,2,,,2026-07-02T00:41:38Z
305,13,3,,,2026-07-02T00:41:38Z
305,13,4,,,2026-07-02T00:41:38Z
305,13,5,,,2026-07-02T00:41:38Z
305,13,6,,,2026-07-02T00:41:38Z
305,13,7,,,2026-07-02T00:41:38Z
305,13,8,,,2026-07-02T00:41:38Z
305,13,9,,,2026-07-02T00:41:38Z
305,19,10,,,2026-07-02T00:41:38Z
305,19,11,,,2026-07-02T00:41:38Z
305,19,12,,,2026-07-02T00:41:38Z
305,19,13,,,2026-07-02T00:41:38Z
305,19,14,,,2026-07-02T00:41:38Z
305,19,15,,,2026-07-02T00:41:38Z
305,19,16,,,2026-07-02T00:41:38Z
305,19,17,,,2026-07-02T00:41:38Z
305,19,18,,,2026-07-02T00:41:38Z
305,19,19,,,2026-07-02T00:41:38Z
305,19,2,,,2026-07-02T00:41:38Z
305,19,3,,,2026-07-02T00:41:38Z
305,19,4,,,2026-07-02T00:41:38Z
305,19,5,,,2026-07-02T00:41:38Z
305,19,6,,,2026-07-02T00:41:38Z
305,19,7,,,2026-07-02T00:41:38Z
305,19,8,,,2026-07-02T00:41:38Z
305,19,9,,,2026-07-02T00:41:38Z
305,27,10,,,2026-07-02T00:41:38Z
305,27,11,,,2026-07-02T00:41:38Z
305,27,12,,,2026-07-02T00:41:38Z
305,27,13,,,2026-07-02T00:41:38Z
305,27,14,,,2026-07-02T00:41:38Z
305,27,15,,,2026-07-02T00:41:38Z
305,27,16,,,2026-07-02T00:41:38Z
305,27,17,,,2026-07-02T00:41:38Z
305,27,18,,,2026-07-02T00:41:38Z
305,27,19,,,2026-07-02T00:41:38Z
305,27,2,,,2026-07-02T00:41:38Z
305,27,3,,,2026-07-02T00:41:38Z
305,27,4,,,2026-07-02T00:41:38Z
305,27,5,,,2026-07-02T00:41:38Z
305,27,6,,,2026-07-02T00:41:38Z
305,27,7,,,2026-07-02T00:41:38Z
305,27,8,,,2026-07-02T00:41:38Z
305,27,9,,,2026-07-02T00:41:38Z
305,20,10,,,2026-07-02T00:41:38Z
305,20,11,,,2026-07-02T00:41:38Z
305,20,12,,,2026-07-02T00:41:38Z
305,20,13,,,2026-07-02T00:41:38Z
305,20,14,,,2026-07-02T00:41:38Z
305,20,15,,,2026-07-02T00:41:38Z
305,20,16,,,2026-07-02T00:41:38Z
305,20,17,,,2026-07-02T00:41:38Z
305,20,18,,,2026-07-02T00:41:38Z
305,20,19,,,2026-07-02T00:41:38Z
305,20,2,,,2026-07-02T00:41:38Z
305,20,3,,,2026-07-02T00:41:38Z
305,20,4,,,2026-07-02T00:41:38Z
305,20,5,,,2026-07-02T00:41:38Z
305,20,6,,,2026-07-02T00:41:38Z
305,20,7,,,2026-07-02T00:41:38Z
305,20,8,,,2026-07-02T00:41:38Z
305,20,9,,,2026-07-02T00:41:38Z
305,21,10,,,2026-07-02T00:41:38Z
305,21,11,,,2026-07-02T00:41:38Z
305,21,12,,,2026-07-02T00:41:38Z
305,21,13,,,2026-07-02T00:41:38Z
305,21,14,,,2026-07-02T00:41:38Z
305,21,15,,,2026-07-02T00:41:38Z
305,21,16,,,2026-07-02T00:41:38Z
305,21,17,,,2026-07-02T00:41:38Z
305,21,18,,,2026-07-02T00:41:38Z
305,21,19,,,2026-07-02T00:41:38Z
305,21,2,,,2026-07-02T00:41:38Z
305,21,3,,,2026-07-02T00:41:38Z
305,21,4,,,2026-07-02T00:41:38Z
305,21,5,,,2026-07-02T00:41:38Z
305,21,6,,,2026-07-02T00:41:38Z
305,21,7,,,2026-07-02T00:41:38Z
305,21,8,,,2026-07-02T00:41:38Z
305,21,9,,,2026-07-02T00:41:38Z
305,22,10,,,2026-07-02T00:41:38Z
305,22,11,,,2026-07-02T00:41:38Z
305,22,12,,,2026-07-02T00:41:38Z
305,22,13,,,2026-07-02T00:41:38Z
305,22,14,,,2026-07-02T00:41:38Z
305,22,15,,,2026-07-02T00:41:38Z
305,22,16,,,2026-07-02T00:41:38Z
305,22,17,,,2026-07-02T00:41:38Z
305,22,18,,,2026-07-02T00:41:38Z
305,22,19,,,2026-07-02T00:41:38Z
305,22,2,,,2026-07-02T00:41:38Z
305,22,3,,,2026-07-02T00:41:38Z
305,22,4,,,2026-07-02T00:41:38Z
305,22,5,,,2026-07-02T00:41:38Z
305,22,6,,,2026-07-02T00:41:38Z
305,22,7,,,2026-07-02T00:41:38Z
305,22,8,,,2026-07-02T00:41:38Z
305,22,9,,,2026-07-02T00:41:38Z
305,23,10,,,2026-07-02T00:41:38Z
305,23,11,,,2026-07-02T00:41:38Z
305,23,12,,,2026-07-02T00:41:38Z
305,23,13,,,2026-07-02T00:41:38Z
305,23,14,,,2026-07-02T00:41:38Z
305,23,15,,,2026-07-02T00:41:38Z
305,23,16,,,2026-07-02T00:41:38Z
305,23,17,,,2026-07-02T00:41:38Z
305,23,18,,,2026-07-02T00:41:38Z
305,23,19,,,2026-07-02T00:41:38Z
305,23,2,,,2026-07-02T00:41:38Z
305,23,3,,,2026-07-02T00:41:38Z
305,23,4,,,2026-07-02T00:41:38Z
305,23,5,,,2026-07-02T00:41:38Z
305,23,6,,,2026-07-02T00:41:38Z
305,23,7,,,2026-07-02T00:41:38Z
305,23,8,,,2026-07-02T00:41:38Z
305,23,9,,,2026-07-02T00:41:38Z
305,24,10,,,2026-07-02T00:41:38Z
305,24,11,,,2026-07-02T00:41:38Z
305,24,12,,,2026-07-02T00:41:38Z
305,24,13,,,2026-07-02T00:41:38Z
305,24,14,,,2026-07-02T00:41:38Z
305,24,15,,,2026-07-02T00:41:38Z
305,24,16,,,2026-07-02T00:41:38Z
305,24,17,,,2026-07-02T00:41:38Z
305,24,18,,,2026-07-02T00:41:38Z
305,24,19,,,2026-07-02T00:41:38Z
305,24,2,,,2026-07-02T00:41:38Z
305,24,3,,,2026-07-02T00:41:38Z
305,24,4,,,2026-07-02T00:41:38Z
305,24,5,,,2026-07-02T00:41:38Z
305,24,6,,,2026-07-02T00:41:38Z
305,24,7,,,2026-07-02T00:41:38Z
305,24,8,,,2026-07-02T00:41:38Z
305,24,9,,,2026-07-02T00:41:38Z
305,25,10,,,2026-07-02T00:41:38Z
305,25,11,,,2026-07-02T00:41:38Z
305,25,12,,,2026-07-02T00:41:38Z
305,25,13,,,2026-07-02T00:41:38Z
305,25,14,,,2026-07-02T00:41:38Z
305,25,15,,,2026-07-02T00:41:38Z
305,25,16,,,2026-07-02T00:41:38Z
305,25,17,,,2026-07-02T00:41:38Z
305,25,18,,,2026-07-02T00:41:38Z
305,25,19,,,2026-07-02T00:41:38Z
305,25,2,,,2026-07-02T00:41:38Z
305,25,3,,,2026-07-02T00:41:38Z
305,25,4,,,2026-07-02T00:41:38Z
305,25,5,,,2026-07-02T00:41:38Z
305,25,6,,,2026-07-02T00:41:38Z
305,25,7,,,2026-07-02T00:41:38Z
305,25,8,,,2026-07-02T00:41:38Z
305,25,9,,,2026-07-02T00:41:38Z
305,26,10,,,2026-07-02T00:41:38Z
305,26,11,,,2026-07-02T00:41:38Z
305,26,12,,,2026-07-02T00:41:38Z
305,26,13,,,2026-07-02T00:41:38Z
305,26,14,,,2026-07-02T00:41:38Z
305,26,15,,,2026-07-02T00:41:38Z
305,26,16,,,2026-07-02T00:41:38Z
305,26,17,,,2026-07-02T00:41:38Z
305,26,18,,,2026-07-02T00:41:38Z
305,26,19,,,2026-07-02T00:41:38Z
305,26,2,,,2026-07-02T00:41:38Z
305,26,3,,,2026-07-02T00:41:38Z
305,26,4,,,2026-07-02T00:41:38Z
305,26,5,,,2026-07-02T00:41:38Z
305,26,6,,,2026-07-02T00:41:38Z
305,26,7,,,2026-07-02T00:41:38Z
305,26,8,,,2026-07-02T00:41:38Z
305,26,9,,,2026-07-02T00:41:38Z
305,28,10,,,2026-07-02T00:41:38Z
305,28,11,,,2026-07-02T00:41:38Z
305,28,12,,,2026-07-02T00:41:38Z
305,28,13,,,2026-07-02T00:41:38Z
305,28,14,,,2026-07-02T00:41:38Z
305,28,15,,,2026-07-02T00:41:38Z
305,28,16,,,2026-07-02T00:41:38Z
305,28,17,,,2026-07-02T00:41:38Z
305,28,18,,,2026-07-02T00:41:38Z
305,28,19,,,2026-07-02T00:41:38Z
305,28,2,,,2026-07-02T00:41:38Z
305,28,3,,,2026-07-02T00:41:38Z
305,28,4,,,2026-07-02T00:41:38Z
305,28,5,,,2026-07-02T00:41:38Z
305,28,6,,,2026-07-02T00:41:38Z
305,28,7,,,2026-07-02T00:41:38Z
305,28,8,,,2026-07-02T00:41:38Z
305,28,9,,,2026-07-02T00:41:38Z
305,29,10,,,2026-07-02T00:41:38Z
305,29,11,,,2026-07-02T00:41:38Z
305,29,12,,,2026-07-02T00:41:38Z
305,29,13,,,2026-07-02T00:41:38Z
305,29,14,,,2026-07-02T00:41:38Z
305,29,15,,,2026-07-02T00:41:38Z
305,29,16,,,2026-07-02T00:41:38Z
305,29,17,,,2026-07-02T00:41:38Z
305,29,18,,,2026-07-02T00:41:38Z
305,29,19,,,2026-07-02T00:41:38Z
305,29,2,,,2026-07-02T00:41:38Z
305,29,3,,,2026-07-02T00:41:38Z
305,29,4,,,2026-07-02T00:41:38Z
305,29,5,,,2026-07-02T00:41:38Z
305,29,6,,,2026-07-02T00:41:38Z
305,29,7,,,2026-07-02T00:41:38Z
305,29,8,,,2026-07-02T00:41:38Z
305,29,9,,,2026-07-02T00:41:38Z
305,37,10,,,2026-07-02T00:41:38Z
305,37,11,,,2026-07-02T00:41:38Z
305,37,12,,,2026-07-02T00:41:38Z
305,37,13,,,2026-07-02T00:41:38Z
305,37,14,,,2026-07-02T00:41:38Z
305,37,15,,,2026-07-02T00:41:38Z
305,37,16,,,2026-07-02T00:41:38Z
305,37,17,,,2026-07-02T00:41:38Z
305,37,18,,,2026-07-02T00:41:38Z
305,37,19,,,2026-07-02T00:41:38Z
305,37,2,,,2026-07-02T00:41:38Z
305,37,3,,,2026-07-02T00:41:38Z
305,37,4,,,2026-07-02T00:41:38Z
305,37,5,,,2026-07-02T00:41:38Z
305,37,6,,,2026-07-02T00:41:38Z
305,37,7,,,2026-07-02T00:41:38Z
305,37,8,,,2026-07-02T00:41:38Z
305,37,9,,,2026-07-02T00:41:38Z
305,30,10,,,2026-07-02T00:41:38Z
305,30,11,,,2026-07-02T00:41:38Z
305,30,12,,,2026-07-02T00:41:38Z
305,30,13,,,2026-07-02T00:41:38Z
305,30,14,,,2026-07-02T00:41:38Z
305,30,15,,,2026-07-02T00:41:38Z
305,30,16,,,2026-07-02T00:41:38Z
305,30,17,,,2026-07-02T00:41:38Z
305,30,18,,,2026-07-02T00:41:38Z
305,30,19,,,2026-07-02T00:41:38Z
305,30,2,,,2026-07-02T00:41:38Z
305,30,3,,,2026-07-02T00:41:38Z
305,30,4,,,2026-07-02T00:41:38Z
305,30,5,,,2026-07-02T00:41:38Z
305,30,6,,,2026-07-02T00:41:38Z
305,30,7,,,2026-07-02T00:41:38Z
305,30,8,,,2026-07-02T00:41:38Z
305,30,9,,,2026-07-02T00:41:38Z
305,31,10,,,2026-07-02T00:41:38Z
305,31,11,,,2026-07-02T00:41:38Z
305,31,12,,,2026-07-02T00:41:38Z
305,31,13,,,2026-07-02T00:41:38Z
305,31,14,,,2026-07-02T00:41:38Z
305,31,15,,,2026-07-02T00:41:38Z
305,31,16,,,2026-07-02T00:41:38Z
305,31,17,,,2026-07-02T00:41:38Z
305,31,18,,,2026-07-02T00:41:38Z
305,31,19,,,2026-07-02T00:41:38Z
305,31,2,,,2026-07-02T00:41:38Z
305,31,3,,,2026-07-02T00:41:38Z
305,31,4,,,2026-07-02T00:41:38Z
305,31,5,,,2026-07-02T00:41:38Z
305,31,6,,,2026-07-02T00:41:38Z
305,31,7,,,2026-07-02T00:41:38Z
305,31,8,,,2026-07-02T00:41:38Z
305,31,9,,,2026-07-02T00:41:38Z
305,32,10,,,2026-07-02T00:41:38Z
305,32,11,,,2026-07-02T00:41:38Z
305,32,12,,,2026-07-02T00:41:38Z
305,32,13,,,2026-07-02T00:41:38Z
305,32,14,,,2026-07-02T00:41:38Z
305,32,15,,,2026-07-02T00:41:38Z
305,32,16,,,2026-07-02T00:41:38Z
305,32,17,,,2026-07-02T00:41:38Z
305,32,18,,,2026-07-02T00:41:38Z
305,32,19,,,2026-07-02T00:41:38Z
305,32,2,,,2026-07-02T00:41:38Z
305,32,3,,,2026-07-02T00:41:38Z
305,32,4,,,2026-07-02T00:41:38Z
305,32,5,,,2026-07-02T00:41:38Z
305,32,6,,,2026-07-02T00:41:38Z
305,32,7,,,2026-07-02T00:41:38Z
305,32,8,,,2026-07-02T00:41:38Z
305,32,9,,,2026-07-02T00:41:38Z
305,33,10,,,2026-07-02T00:41:38Z
305,33,11,,,2026-07-02T00:41:38Z
305,33,12,,,2026-07-02T00:41:38Z
305,33,13,,,2026-07-02T00:41:38Z
305,33,14,,,2026-07-02T00:41:38Z
305,33,15,,,2026-07-02T00:41:38Z
305,33,16,,,2026-07-02T00:41:38Z
305,33,17,,,2026-07-02T00:41:38Z
305,33,18,,,2026-07-02T00:41:38Z
305,33,19,,,2026-07-02T00:41:38Z
305,33,2,,,2026-07-02T00:41:38Z
305,33,3,,,2026-07-02T00:41:38Z
305,33,4,,,2026-07-02T00:41:38Z
305,33,5,,,2026-07-02T00:41:38Z
305,33,6,,,2026-07-02T00:41:38Z
305,33,7,,,2026-07-02T00:41:38Z
305,33,8,,,2026-07-02T00:41:38Z
305,33,9,,,2026-07-02T00:41:38Z
305,34,10,,,2026-07-02T00:41:38Z
305,34,11,,,2026-07-02T00:41:38Z
305,34,12,,,2026-07-02T00:41:38Z
305,34,13,,,2026-07-02T00:41:38Z
305,34,14,,,2026-07-02T00:41:38Z
305,34,15,,,2026-07-02T00:41:38Z
305,34,16,,,2026-07-02T00:41:38Z
305,34,17,,,2026-07-02T00:41:38Z
305,34,18,,,2026-07-02T00:41:38Z
305,34,19,,,2026-07-02T00:41:38Z
305,34,2,,,2026-07-02T00:41:38Z
305,34,3,,,2026-07-02T00:41:38Z
305,34,4,,,2026-07-02T00:41:38Z
305,34,5,,,2026-07-02T00:41:38Z
305,34,6,,,2026-07-02T00:41:38Z
305,34,7,,,2026-07-02T00:41:38Z
305,34,8,,,2026-07-02T00:41:38Z
305,34,9,,,2026-07-02T00:41:38Z
305,35,10,,,2026-07-02T00:41:38Z
305,35,11,,,2026-07-02T00:41:38Z
305,35,12,,,2026-07-02T00:41:38Z
305,35,13,,,2026-07-02T00:41:38Z
305,35,14,,,2026-07-02T00:41:38Z
305,35,15,,,2026-07-02T00:41:38Z
305,35,16,,,2026-07-02T00:41:38Z
305,35,17,,,2026-07-02T00:41:38Z
305,35,18,,,2026-07-02T00:41:38Z
305,35,19,,,2026-07-02T00:41:38Z
305,35,2,,,2026-07-02T00:41:38Z
305,35,3,,,2026-07-02T00:41:38Z
305,35,4,,,2026-07-02T00:41:38Z
305,35,5,,,2026-07-02T00:41:38Z
305,35,6,,,2026-07-02T00:41:38Z
305,35,7,,,2026-07-02T00:41:38Z
305,35,8,,,2026-07-02T00:41:38Z
305,35,9,,,2026-07-02T00:41:38Z
305,36,10,,,2026-07-02T00:41:38Z
305,36,11,,,2026-07-02T00:41:38Z
305,36,12,,,2026-07-02T00:41:38Z
305,36,13,,,2026-07-02T00:41:38Z
305,36,14,,,2026-07-02T00:41:38Z
305,36,15,,,2026-07-02T00:41:38Z
305,36,16,,,2026-07-02T00:41:38Z
305,36,17,,,2026-07-02T00:41:38Z
305,36,18,,,2026-07-02T00:41:38Z
305,36,19,,,2026-07-02T00:41:38Z
305,36,2,,,2026-07-02T00:41:38Z
305,36,3,,,2026-07-02T00:41:38Z
305,36,4,,,2026-07-02T00:41:38Z
305,36,5,,,2026-07-02T00:41:38Z
305,36,6,,,2026-07-02T00:41:38Z
305,36,7,,,2026-07-02T00:41:38Z
305,36,8,,,2026-07-02T00:41:38Z
305,36,9,,,2026-07-02T00:41:38Z
305,38,10,,,2026-07-02T00:41:38Z
305,38,11,,,2026-07-02T00:41:38Z
305,38,12,,,2026-07-02T00:41:38Z
305,38,13,,,2026-07-02T00:41:38Z
305,38,14,,,2026-07-02T00:41:38Z
305,38,15,,,2026-07-02T00:41:38Z
305,38,16,,,2026-07-02T00:41:38Z
305,38,17,,,2026-07-02T00:41:38Z
305,38,18,,,2026-07-02T00:41:38Z
305,38,19,,,2026-07-02T00:41:38Z
305,38,2,,,2026-07-02T00:41:38Z
305,38,3,,,2026-07-02T00:41:38Z
305,38,4,,,2026-07-02T00:41:38Z
305,38,5,,,2026-07-02T00:41:38Z
305,38,6,,,2026-07-02T00:41:38Z
305,38,7,,,2026-07-02T00:41:38Z
305,38,8,,,2026-07-02T00:41:38Z
305,38,9,,,2026-07-02T00:41:38Z
305,39,10,,,2026-07-02T00:41:38Z
305,39,11,,,2026-07-02T00:41:38Z
305,39,12,,,2026-07-02T00:41:38Z
305,39,13,,,2026-07-02T00:41:38Z
305,39,14,,,2026-07-02T00:41:38Z
305,39,15,,,2026-07-02T00:41:38Z
305,39,16,,,2026-07-02T00:41:38Z
305,39,17,,,2026-07-02T00:41:38Z
305,39,18,,,2026-07-02T00:41:38Z
305,39,19,,,2026-07-02T00:41:38Z
305,39,2,,,2026-07-02T00:41:38Z
305,39,3,,,2026-07-02T00:41:38Z
305,39,4,,,2026-07-02T00:41:38Z
305,39,5,,,2026-07-02T00:41:38Z
305,39,6,,,2026-07-02T00:41:38Z
305,39,7,,,2026-07-02T00:41:38Z
305,39,8,,,2026-07-02T00:41:38Z
305,39,9,,,2026-07-02T00:41:38Z
305,40,10,,,2026-07-02T00:41:38Z
305,40,11,,,2026-07-02T00:41:38Z
305,40,12,,,2026-07-02T00:41:38Z
305,40,13,,,2026-07-02T00:41:38Z
305,40,14,,,2026-07-02T00:41:38Z
305,40,15,,,2026-07-02T00:41:38Z
305,40,16,,,2026-07-02T00:41:38Z
305,40,17,,,2026-07-02T00:41:38Z
305,40,18,,,2026-07-02T00:41:38Z
305,40,19,,,2026-07-02T00:41:38Z
305,40,20,,,2026-07-02T00:41:38Z
305,40,21,,,2026-07-02T00:41:38Z
305,40,22,,,2026-07-02T00:41:38Z
305,40,3,,,2026-07-02T00:41:38Z
305,40,4,,,2026-07-02T00:41:38Z
305,40,5,,,2026-07-02T00:41:38Z
305,40,6,,,2026-07-02T00:41:38Z
305,40,7,,,2026-07-02T00:41:38Z
305,40,8,,,2026-07-02T00:41:38Z
305,40,9,,,2026-07-02T00:41:38Z
305,2,9,,,2026-07-02T00:41:38Z
305,6,14,,,2026-07-02T00:41:38Z
305,6,15,,,2026-07-02T00:41:38Z
305,6,16,,,2026-07-02T00:41:38Z
305,7,4,,,2026-07-02T00:41:38Z
305,7,5,,,2026-07-02T00:41:38Z
305,7,8,,,2026-07-02T00:41:38Z
305,7,9,,,2026-07-02T00:41:38Z
305,7,10,,,2026-07-02T00:41:38Z
305,7,11,,,2026-07-02T00:41:38Z
305,7,12,,,2026-07-02T00:41:38Z
305,7,13,,,2026-07-02T00:41:38Z
305,7,14,,,2026-07-02T00:41:38Z
306,10,13,,,2026-07-02T00:41:38Z
306,10,14,,,2026-07-02T00:41:38Z
306,10,15,,,2026-07-02T00:41:38Z
306,11,10,,,2026-07-02T00:41:38Z
306,11,11,,,2026-07-02T00:41:38Z
306,11,12,,,2026-07-02T00:41:38Z
306,11,13,,,2026-07-02T00:41:38Z
306,11,14,,,2026-07-02T00:41:38Z
306,11,15,,,2026-07-02T00:41:38Z
306,11,16,,,2026-07-02T00:41:38Z
306,11,17,,,2026-07-02T00:41:38Z
306,11,18,,,2026-07-02T00:41:38Z
306,11,19,,,2026-07-02T00:41:38Z
306,11,3,,,2026-07-02T00:41:38Z
306,11,4,,,2026-07-02T00:41:38Z
306,11,5,,,2026-07-02T00:41:38Z
306,11,6,,,2026-07-02T00:41:38Z
306,11,7,,,2026-07-02T00:41:38Z
306,11,8,,,2026-07-02T00:41:38Z
306,11,9,,,2026-07-02T00:41:38Z
306,12,10,,,2026-07-02T00:41:38Z
306,12,11,,,2026-07-02T00:41:38Z
306,12,12,,,2026-07-02T00:41:38Z
306,12,13,,,2026-07-02T00:41:38Z
306,12,14,,,2026-07-02T00:41:38Z
306,12,15,,,2026-07-02T00:41:38Z
306,12,16,,,2026-07-02T00:41:38Z
306,12,17,,,2026-07-02T00:41:38Z
306,12,18,,,2026-07-02T00:41:38Z
306,12,19,,,2026-07-02T00:41:38Z
306,12,2,,,2026-07-02T00:41:38Z
306,12,3,,,2026-07-02T00:41:38Z
306,12,4,,,2026-07-02T00:41:38Z
306,12,5,,,2026-07-02T00:41:38Z
306,12,6,,,2026-07-02T00:41:38Z
306,12,7,,,2026-07-02T00:41:38Z
306,12,8,,,2026-07-02T00:41:38Z
306,12,9,,,2026-07-02T00:41:38Z
306,13,10,,,2026-07-02T00:41:38Z
306,13,11,,,2026-07-02T00:41:38Z
306,13,12,,,2026-07-02T00:41:38Z
306,13,13,,,2026-07-02T00:41:38Z
306,13,14,,,2026-07-02T00:41:38Z
306,13,15,,,2026-07-02T00:41:38Z
306,13,16,,,2026-07-02T00:41:38Z
306,13,17,,,2026-07-02T00:41:38Z
306,13,18,,,2026-07-02T00:41:38Z
306,13,19,,,2026-07-02T00:41:38Z
306,13,2,,,2026-07-02T00:41:38Z
306,13,3,,,2026-07-02T00:41:38Z
306,13,4,,,2026-07-02T00:41:38Z
306,13,5,,,2026-07-02T00:41:38Z
306,13,6,,,2026-07-02T00:41:38Z
306,13,7,,,2026-07-02T00:41:38Z
306,13,8,,,2026-07-02T00:41:38Z
306,13,9,,,2026-07-02T00:41:38Z
306,19,10,,,2026-07-02T00:41:38Z
306,19,11,,,2026-07-02T00:41:38Z
306,19,12,,,2026-07-02T00:41:38Z
306,19,13,,,2026-07-02T00:41:38Z
306,19,14,,,2026-07-02T00:41:38Z
306,19,15,,,2026-07-02T00:41:38Z
306,19,16,,,2026-07-02T00:41:38Z
306,19,17,,,2026-07-02T00:41:38Z
306,19,18,,,2026-07-02T00:41:38Z
306,19,19,,,2026-07-02T00:41:38Z
306,19,2,,,2026-07-02T00:41:38Z
306,19,3,,,2026-07-02T00:41:38Z
306,19,4,,,2026-07-02T00:41:38Z
306,19,5,,,2026-07-02T00:41:38Z
306,19,6,,,2026-07-02T00:41:38Z
306,19,7,,,2026-07-02T00:41:38Z
306,19,8,,,2026-07-02T00:41:38Z
306,19,9,,,2026-07-02T00:41:38Z
306,27,10,,,2026-07-02T00:41:38Z
306,27,11,,,2026-07-02T00:41:38Z
306,27,12,,,2026-07-02T00:41:38Z
306,27,13,,,2026-07-02T00:41:38Z
306,27,14,,,2026-07-02T00:41:38Z
306,27,15,,,2026-07-02T00:41:38Z
306,27,16,,,2026-07-02T00:41:38Z
306,27,17,,,2026-07-02T00:41:38Z
306,27,18,,,2026-07-02T00:41:38Z
306,27,19,,,2026-07-02T00:41:38Z
306,27,2,,,2026-07-02T00:41:38Z
306,27,3,,,2026-07-02T00:41:38Z
306,27,4,,,2026-07-02T00:41:38Z
306,27,5,,,2026-07-02T00:41:38Z
306,27,6,,,2026-07-02T00:41:38Z
306,27,7,,,2026-07-02T00:41:38Z
306,27,8,,,2026-07-02T00:41:38Z
306,27,9,,,2026-07-02T00:41:38Z
306,20,10,,,2026-07-02T00:41:38Z
306,20,11,,,2026-07-02T00:41:38Z
306,20,12,,,2026-07-02T00:41:38Z
306,20,13,,,2026-07-02T00:41:38Z
306,20,14,,,2026-07-02T00:41:38Z
306,20,15,,,2026-07-02T00:41:38Z
306,20,16,,,2026-07-02T00:41:38Z
306,20,17,,,2026-07-02T00:41:38Z
306,20,18,,,2026-07-02T00:41:38Z
306,20,19,,,2026-07-02T00:41:38Z
306,20,2,,,2026-07-02T00:41:38Z
306,20,3,,,2026-07-02T00:41:38Z
306,20,4,,,2026-07-02T00:41:38Z
306,20,5,,,2026-07-02T00:41:38Z
306,20,6,,,2026-07-02T00:41:38Z
306,20,7,,,2026-07-02T00:41:38Z
306,20,8,,,2026-07-02T00:41:38Z
306,20,9,,,2026-07-02T00:41:38Z
306,21,10,,,2026-07-02T00:41:38Z
306,21,11,,,2026-07-02T00:41:38Z
306,21,12,,,2026-07-02T00:41:38Z
306,21,13,,,2026-07-02T00:41:38Z
306,21,14,,,2026-07-02T00:41:38Z
306,21,15,,,2026-07-02T00:41:38Z
306,21,16,,,2026-07-02T00:41:38Z
306,21,17,,,2026-07-02T00:41:38Z
306,21,18,,,2026-07-02T00:41:38Z
306,21,19,,,2026-07-02T00:41:38Z
306,21,2,,,2026-07-02T00:41:38Z
306,21,3,,,2026-07-02T00:41:38Z
306,21,4,,,2026-07-02T00:41:38Z
306,21,5,,,2026-07-02T00:41:38Z
306,21,6,,,2026-07-02T00:41:38Z
306,21,7,,,2026-07-02T00:41:38Z
306,21,8,,,2026-07-02T00:41:38Z
306,21,9,,,2026-07-02T00:41:38Z
306,22,10,,,2026-07-02T00:41:38Z
306,22,11,,,2026-07-02T00:41:38Z
306,22,12,,,2026-07-02T00:41:38Z
306,22,13,,,2026-07-02T00:41:38Z
306,22,14,,,2026-07-02T00:41:38Z
306,22,15,,,2026-07-02T00:41:38Z
306,22,16,,,2026-07-02T00:41:38Z
306,22,17,,,2026-07-02T00:41:38Z
306,22,18,,,2026-07-02T00:41:38Z
306,22,19,,,2026-07-02T00:41:38Z
306,22,2,,,2026-07-02T00:41:38Z
306,22,3,,,2026-07-02T00:41:38Z
306,22,4,,,2026-07-02T00:41:38Z
306,22,5,,,2026-07-02T00:41:38Z
306,22,6,,,2026-07-02T00:41:38Z
306,22,7,,,2026-07-02T00:41:38Z
306,22,8,,,2026-07-02T00:41:38Z
306,22,9,,,2026-07-02T00:41:38Z
306,23,10,,,2026-07-02T00:41:38Z
306,23,11,,,2026-07-02T00:41:38Z
306,23,12,,,2026-07-02T00:41:38Z
306,23,13,,,2026-07-02T00:41:38Z
306,23,14,,,2026-07-02T00:41:38Z
306,23,15,,,2026-07-02T00:41:38Z
306,23,16,,,2026-07-02T00:41:38Z
306,23,17,,,2026-07-02T00:41:38Z
306,23,18,,,2026-07-02T00:41:38Z
306,23,19,,,2026-07-02T00:41:38Z
306,23,2,,,2026-07-02T00:41:38Z
306,23,3,,,2026-07-02T00:41:38Z
306,23,4,,,2026-07-02T00:41:38Z
306,23,5,,,2026-07-02T00:41:38Z
306,23,6,,,2026-07-02T00:41:38Z
306,23,7,,,2026-07-02T00:41:38Z
306,23,8,,,2026-07-02T00:41:38Z
306,23,9,,,2026-07-02T00:41:38Z
306,24,10,,,2026-07-02T00:41:38Z
306,24,11,,,2026-07-02T00:41:38Z
306,24,12,,,2026-07-02T00:41:38Z
306,24,13,,,2026-07-02T00:41:38Z
306,24,14,,,2026-07-02T00:41:38Z
306,24,15,,,2026-07-02T00:41:38Z
306,24,16,,,2026-07-02T00:41:38Z
306,24,17,,,2026-07-02T00:41:38Z
306,24,18,,,2026-07-02T00:41:38Z
306,24,19,,,2026-07-02T00:41:38Z
306,24,2,,,2026-07-02T00:41:38Z
306,24,3,,,2026-07-02T00:41:38Z
306,24,4,,,2026-07-02T00:41:38Z
306,24,5,,,2026-07-02T00:41:38Z
306,24,6,,,2026-07-02T00:41:38Z
306,24,7,,,2026-07-02T00:41:38Z
306,24,8,,,2026-07-02T00:41:38Z
306,24,9,,,2026-07-02T00:41:38Z
306,25,10,,,2026-07-02T00:41:38Z
306,25,11,,,2026-07-02T00:41:38Z
306,25,12,,,2026-07-02T00:41:38Z
306,25,13,,,2026-07-02T00:41:38Z
306,25,14,,,2026-07-02T00:41:38Z
306,25,15,,,2026-07-02T00:41:38Z
306,25,16,,,2026-07-02T00:41:38Z
306,25,17,,,2026-07-02T00:41:38Z
306,25,18,,,2026-07-02T00:41:38Z
306,25,19,,,2026-07-02T00:41:38Z
306,25,2,,,2026-07-02T00:41:38Z
306,25,3,,,2026-07-02T00:41:38Z
306,25,4,,,2026-07-02T00:41:38Z
306,25,5,,,2026-07-02T00:41:38Z
306,25,6,,,2026-07-02T00:41:38Z
306,25,7,,,2026-07-02T00:41:38Z
306,25,8,,,2026-07-02T00:41:38Z
306,25,9,,,2026-07-02T00:41:38Z
306,26,10,,,2026-07-02T00:41:38Z
306,26,11,,,2026-07-02T00:41:38Z
306,26,12,,,2026-07-02T00:41:38Z
306,26,13,,,2026-07-02T00:41:38Z
306,26,14,,,2026-07-02T00:41:38Z
306,26,15,,,2026-07-02T00:41:38Z
306,26,16,,,2026-07-02T00:41:38Z
306,26,17,,,2026-07-02T00:41:38Z
306,26,18,,,2026-07-02T00:41:38Z
306,26,19,,,2026-07-02T00:41:38Z
306,26,2,,,2026-07-02T00:41:38Z
306,26,3,,,2026-07-02T00:41:38Z
306,26,4,,,2026-07-02T00:41:38Z
306,26,5,,,2026-07-02T00:41:38Z
306,26,6,,,2026-07-02T00:41:38Z
306,26,7,,,2026-07-02T00:41:38Z
306,26,8,,,2026-07-02T00:41:38Z
306,26,9,,,2026-07-02T00:41:38Z
306,28,10,,,2026-07-02T00:41:38Z
306,28,11,,,2026-07-02T00:41:38Z
306,28,12,,,2026-07-02T00:41:38Z
306,28,13,,,2026-07-02T00:41:38Z
306,28,14,,,2026-07-02T00:41:38Z
306,28,15,,,2026-07-02T00:41:38Z
306,28,16,,,2026-07-02T00:41:38Z
306,28,17,,,2026-07-02T00:41:38Z
306,28,18,,,2026-07-02T00:41:38Z
306,28,19,,,2026-07-02T00:41:38Z
306,28,2,,,2026-07-02T00:41:38Z
306,28,3,,,2026-07-02T00:41:38Z
306,28,4,,,2026-07-02T00:41:38Z
306,28,5,,,2026-07-02T00:41:38Z
306,28,6,,,2026-07-02T00:41:38Z
306,28,7,,,2026-07-02T00:41:38Z
306,28,8,,,2026-07-02T00:41:38Z
306,28,9,,,2026-07-02T00:41:38Z
306,29,10,,,2026-07-02T00:41:38Z
306,29,11,,,2026-07-02T00:41:38Z
306,29,12,,,2026-07-02T00:41:38Z
306,29,13,,,2026-07-02T00:41:38Z
306,29,14,,,2026-07-02T00:41:38Z
306,29,15,,,2026-07-02T00:41:38Z
306,29,16,,,2026-07-02T00:41:38Z
306,29,17,,,2026-07-02T00:41:38Z
306,29,18,,,2026-07-02T00:41:38Z
306,29,19,,,2026-07-02T00:41:38Z
306,29,2,,,2026-07-02T00:41:38Z
306,29,3,,,2026-07-02T00:41:38Z
306,29,4,,,2026-07-02T00:41:38Z
306,29,5,,,2026-07-02T00:41:38Z
306,29,6,,,2026-07-02T00:41:38Z
306,29,7,,,2026-07-02T00:41:38Z
306,29,8,,,2026-07-02T00:41:38Z
306,29,9,,,2026-07-02T00:41:38Z
306,37,10,,,2026-07-02T00:41:38Z
306,37,11,,,2026-07-02T00:41:38Z
306,37,12,,,2026-07-02T00:41:38Z
306,37,13,,,2026-07-02T00:41:38Z
306,37,14,,,2026-07-02T00:41:38Z
306,37,15,,,2026-07-02T00:41:38Z
306,37,16,,,2026-07-02T00:41:38Z
306,37,17,,,2026-07-02T00:41:38Z
306,37,18,,,2026-07-02T00:41:38Z
306,37,19,,,2026-07-02T00:41:38Z
306,37,2,,,2026-07-02T00:41:38Z
306,37,3,,,2026-07-02T00:41:38Z
306,37,4,,,2026-07-02T00:41:38Z
306,37,5,,,2026-07-02T00:41:38Z
306,37,6,,,2026-07-02T00:41:38Z
306,37,7,,,2026-07-02T00:41:38Z
306,37,8,,,2026-07-02T00:41:38Z
306,37,9,,,2026-07-02T00:41:38Z
306,30,10,,,2026-07-02T00:41:38Z
306,30,11,,,2026-07-02T00:41:38Z
306,30,12,,,2026-07-02T00:41:38Z
306,30,13,,,2026-07-02T00:41:38Z
306,30,14,,,2026-07-02T00:41:38Z
306,30,15,,,2026-07-02T00:41:38Z
306,30,16,,,2026-07-02T00:41:38Z
306,30,17,,,2026-07-02T00:41:38Z
306,30,18,,,2026-07-02T00:41:38Z
306,30,19,,,2026-07-02T00:41:38Z
306,30,2,,,2026-07-02T00:41:38Z
306,30,3,,,2026-07-02T00:41:38Z
306,30,4,,,2026-07-02T00:41:38Z
306,30,5,,,2026-07-02T00:41:38Z
306,30,6,,,2026-07-02T00:41:38Z
306,30,7,,,2026-07-02T00:41:38Z
306,30,8,,,2026-07-02T00:41:38Z
306,30,9,,,2026-07-02T00:41:38Z
306,31,10,,,2026-07-02T00:41:38Z
306,31,11,,,2026-07-02T00:41:38Z
306,31,12,,,2026-07-02T00:41:38Z
306,31,13,,,2026-07-02T00:41:38Z
306,31,14,,,2026-07-02T00:41:38Z
306,31,15,,,2026-07-02T00:41:38Z
306,31,16,,,2026-07-02T00:41:38Z
306,31,17,,,2026-07-02T00:41:38Z
306,31,18,,,2026-07-02T00:41:38Z
306,31,19,,,2026-07-02T00:41:38Z
306,31,2,,,2026-07-02T00:41:38Z
306,31,3,,,2026-07-02T00:41:38Z
306,31,4,,,2026-07-02T00:41:38Z
306,31,5,,,2026-07-02T00:41:38Z
306,31,6,,,2026-07-02T00:41:38Z
306,31,7,,,2026-07-02T00:41:38Z
306,31,8,,,2026-07-02T00:41:38Z
306,31,9,,,2026-07-02T00:41:38Z
306,32,10,,,2026-07-02T00:41:38Z
306,32,11,,,2026-07-02T00:41:38Z
306,32,12,,,2026-07-02T00:41:38Z
306,32,13,,,2026-07-02T00:41:38Z
306,32,14,,,2026-07-02T00:41:38Z
306,32,15,,,2026-07-02T00:41:38Z
306,32,16,,,2026-07-02T00:41:38Z
306,32,17,,,2026-07-02T00:41:38Z
306,32,18,,,2026-07-02T00:41:38Z
306,32,19,,,2026-07-02T00:41:38Z
306,32,2,,,2026-07-02T00:41:38Z
306,32,3,,,2026-07-02T00:41:38Z
306,32,4,,,2026-07-02T00:41:38Z
306,32,5,,,2026-07-02T00:41:38Z
306,32,6,,,2026-07-02T00:41:38Z
306,32,7,,,2026-07-02T00:41:38Z
306,32,8,,,2026-07-02T00:41:38Z
306,32,9,,,2026-07-02T00:41:38Z
306,33,10,,,2026-07-02T00:41:38Z
306,33,11,,,2026-07-02T00:41:38Z
306,33,12,,,2026-07-02T00:41:38Z
306,33,13,,,2026-07-02T00:41:38Z
306,33,14,,,2026-07-02T00:41:38Z
306,33,15,,,2026-07-02T00:41:38Z
306,33,16,,,2026-07-02T00:41:38Z
306,33,17,,,2026-07-02T00:41:38Z
306,33,18,,,2026-07-02T00:41:38Z
306,33,19,,,2026-07-02T00:41:38Z
306,33,2,,,2026-07-02T00:41:38Z
306,33,3,,,2026-07-02T00:41:38Z
306,33,4,,,2026-07-02T00:41:38Z
306,33,5,,,2026-07-02T00:41:38Z
306,33,6,,,2026-07-02T00:41:38Z
306,33,7,,,2026-07-02T00:41:38Z
306,33,8,,,2026-07-02T00:41:38Z
306,33,9,,,2026-07-02T00:41:38Z
306,34,10,,,2026-07-02T00:41:38Z
306,34,11,,,2026-07-02T00:41:38Z
306,34,12,,,2026-07-02T00:41:38Z
306,34,13,,,2026-07-02T00:41:38Z
306,34,14,,,2026-07-02T00:41:38Z
306,34,15,,,2026-07-02T00:41:38Z
306,34,16,,,2026-07-02T00:41:38Z
306,34,17,,,2026-07-02T00:41:38Z
306,34,18,,,2026-07-02T00:41:38Z
306,34,19,,,2026-07-02T00:41:38Z
306,34,2,,,2026-07-02T00:41:38Z
306,34,3,,,2026-07-02T00:41:38Z
306,34,4,,,2026-07-02T00:41:38Z
306,34,5,,,2026-07-02T00:41:38Z
306,34,6,,,2026-07-02T00:41:38Z
306,34,7,,,2026-07-02T00:41:38Z
306,34,8,,,2026-07-02T00:41:38Z
306,34,9,,,2026-07-02T00:41:38Z
306,35,10,,,2026-07-02T00:41:38Z
306,35,11,,,2026-07-02T00:41:38Z
306,35,12,,,2026-07-02T00:41:38Z
306,35,13,,,2026-07-02T00:41:38Z
306,35,14,,,2026-07-02T00:41:38Z
306,35,15,,,2026-07-02T00:41:38Z
306,35,16,,,2026-07-02T00:41:38Z
306,35,17,,,2026-07-02T00:41:38Z
306,35,18,,,2026-07-02T00:41:38Z
306,35,19,,,2026-07-02T00:41:38Z
306,35,2,,,2026-07-02T00:41:38Z
306,35,3,,,2026-07-02T00:41:38Z
306,35,4,,,2026-07-02T00:41:38Z
306,35,5,,,2026-07-02T00:41:38Z
306,35,6,,,2026-07-02T00:41:38Z
306,35,7,,,2026-07-02T00:41:38Z
306,35,8,,,2026-07-02T00:41:38Z
306,35,9,,,2026-07-02T00:41:38Z
306,36,10,,,2026-07-02T00:41:38Z
306,36,11,,,2026-07-02T00:41:38Z
306,36,12,,,2026-07-02T00:41:38Z
306,36,13,,,2026-07-02T00:41:38Z
306,36,14,,,2026-07-02T00:41:38Z
306,36,15,,,2026-07-02T00:41:38Z
306,36,16,,,2026-07-02T00:41:38Z
306,36,17,,,2026-07-02T00:41:38Z
306,36,18,,,2026-07-02T00:41:38Z
306,36,19,,,2026-07-02T00:41:38Z
306,36,2,,,2026-07-02T00:41:38Z
306,36,3,,,2026-07-02T00:41:38Z
306,36,4,,,2026-07-02T00:41:38Z
306,36,5,,,2026-07-02T00:41:38Z
306,36,6,,,2026-07-02T00:41:38Z
306,36,7,,,2026-07-02T00:41:38Z
306,36,8,,,2026-07-02T00:41:38Z
306,36,9,,,2026-07-02T00:41:38Z
306,38,10,,,2026-07-02T00:41:38Z
306,38,11,,,2026-07-02T00:41:38Z
306,38,12,,,2026-07-02T00:41:38Z
306,38,13,,,2026-07-02T00:41:38Z
306,38,14,,,2026-07-02T00:41:38Z
306,38,15,,,2026-07-02T00:41:38Z
306,38,16,,,2026-07-02T00:41:38Z
306,38,17,,,2026-07-02T00:41:38Z
306,38,18,,,2026-07-02T00:41:38Z
306,38,19,,,2026-07-02T00:41:38Z
306,38,2,,,2026-07-02T00:41:38Z
306,38,3,,,2026-07-02T00:41:38Z
306,38,4,,,2026-07-02T00:41:38Z
306,38,5,,,2026-07-02T00:41:38Z
306,38,6,,,2026-07-02T00:41:38Z
306,38,7,,,2026-07-02T00:41:38Z
306,38,8,,,2026-07-02T00:41:38Z
306,38,9,,,2026-07-02T00:41:38Z
306,39,10,,,2026-07-02T00:41:38Z
306,39,11,,,2026-07-02T00:41:38Z
306,39,12,,,2026-07-02T00:41:38Z
306,39,13,,,2026-07-02T00:41:38Z
306,39,14,,,2026-07-02T00:41:38Z
306,39,15,,,2026-07-02T00:41:38Z
306,39,16,,,2026-07-02T00:41:38Z
306,39,17,,,2026-07-02T00:41:38Z
306,39,18,,,2026-07-02T00:41:38Z
306,39,19,,,2026-07-02T00:41:38Z
306,39,2,,,2026-07-02T00:41:38Z
306,39,3,,,2026-07-02T00:41:38Z
306,39,4,,,2026-07-02T00:41:38Z
306,39,5,,,2026-07-02T00:41:38Z
306,39,6,,,2026-07-02T00:41:38Z
306,39,7,,,2026-07-02T00:41:38Z
306,39,8,,,2026-07-02T00:41:38Z
306,39,9,,,2026-07-02T00:41:38Z
306,40,10,,,2026-07-02T00:41:38Z
306,40,11,,,2026-07-02T00:41:38Z
306,40,12,,,2026-07-02T00:41:38Z
306,40,13,,,2026-07-02T00:41:38Z
306,40,14,,,2026-07-02T00:41:38Z
306,40,15,,,2026-07-02T00:41:38Z
306,40,16,,,2026-07-02T00:41:38Z
306,40,17,,,2026-07-02T00:41:38Z
306,40,18,,,2026-07-02T00:41:38Z
306,40,19,,,2026-07-02T00:41:38Z
306,40,20,,,2026-07-02T00:41:38Z
306,40,21,,,2026-07-02T00:41:38Z
306,40,3,,,2026-07-02T00:41:38Z
306,40,4,,,2026-07-02T00:41:38Z
306,40,5,,,2026-07-02T00:41:38Z
306,40,6,,,2026-07-02T00:41:38Z
306,40,7,,,2026-07-02T00:41:38Z
306,40,8,,,2026-07-02T00:41:38Z
306,40,9,,,2026-07-02T00:41:38Z
306,8,10,,,2026-07-02T00:41:38Z
306,8,11,,,2026-07-02T00:41:38Z
306,8,12,,,2026-07-02T00:41:38Z
306,9,13,,,2026-07-02T00:41:38Z
306,9,14,,,2026-07-02T00:41:38Z
306,9,15,,,2026-07-02T00:41:38Z
306,2,7,,,2026-07-02T00:41:38Z
306,2,8,,,2026-07-02T00:41:38Z
306,2,9,,,2026-07-02T00:41:38Z
307,10,10,,,2026-07-02T00:41:38Z
307,10,11,,,2026-07-02T00:41:38Z
307,10,12,,,2026-07-02T00:41:38Z
307,10,13,,,2026-07-02T00:41:38Z
307,10,14,,,2026-07-02T00:41:38Z
307,10,15,,,2026-07-02T00:41:38Z
307,10,16,,,2026-07-02T00:41:38Z
307,10,17,,,2026-07-02T00:41:38Z
307,10,3,,,2026-07-02T00:41:38Z
307,10,4,,,2026-07-02T00:41:38Z
307,10,5,,,2026-07-02T00:41:38Z
307,10,6,,,2026-07-02T00:41:38Z
307,10,7,,,2026-07-02T00:41:38Z
307,10,8,,,2026-07-02T00:41:38Z
307,10,9,,,2026-07-02T00:41:38Z
307,11,10,,,2026-07-02T00:41:38Z
307,11,11,,,2026-07-02T00:41:38Z
307,11,12,,,2026-07-02T00:41:38Z
307,11,13,,,2026-07-02T00:41:38Z
307,11,14,,,2026-07-02T00:41:38Z
307,11,15,,,2026-07-02T00:41:38Z
307,11,16,,,2026-07-02T00:41:38Z
307,11,17,,,2026-07-02T00:41:38Z
307,11,18,,,2026-07-02T00:41:38Z
307,11,2,,,2026-07-02T00:41:38Z
307,11,3,,,2026-07-02T00:41:38Z
307,11,4,,,2026-07-02T00:41:38Z
307,11,5,,,2026-07-02T00:41:38Z
307,11,6,,,2026-07-02T00:41:38Z
307,11,7,,,2026-07-02T00:41:38Z
307,11,8,,,2026-07-02T00:41:38Z
307,11,9,,,2026-07-02T00:41:38Z
307,12,10,,,2026-07-02T00:41:38Z
307,12,11,,,2026-07-02T00:41:38Z
307,12,12,,,2026-07-02T00:41:38Z
307,12,13,,,2026-07-02T00:41:38Z
307,12,14,,,2026-07-02T00:41:38Z
307,12,15,,,2026-07-02T00:41:38Z
307,12,16,,,2026-07-02T00:41:38Z
307,12,17,,,2026-07-02T00:41:38Z
307,12,18,,,2026-07-02T00:41:38Z
307,12,2,,,2026-07-02T00:41:38Z
307,12,3,,,2026-07-02T00:41:38Z
307,12,4,,,2026-07-02T00:41:38Z
307,12,5,,,2026-07-02T00:41:38Z
307,12,6,,,2026-07-02T00:41:38Z
307,12,7,,,2026-07-02T00:41:38Z
307,12,8,,,2026-07-02T00:41:38Z
307,12,9,,,2026-07-02T00:41:38Z
307,13,10,,,2026-07-02T00:41:38Z
307,13,11,,,2026-07-02T00:41:38Z
307,13,12,,,2026-07-02T00:41:38Z
307,13,13,,,2026-07-02T00:41:38Z
307,13,14,,,2026-07-02T00:41:38Z
307,13,15,,,2026-07-02T00:41:38Z
307,13,16,,,2026-07-02T00:41:38Z
307,13,17,,,2026-07-02T00:41:38Z
307,13,18,,,2026-07-02T00:41:38Z
307,13,2,,,2026-07-02T00:41:38Z
307,13,3,,,2026-07-02T00:41:38Z
307,13,4,,,2026-07-02T00:41:38Z
307,13,5,,,2026-07-02T00:41:38Z
307,13,6,,,2026-07-02T00:41:38Z
307,13,7,,,2026-07-02T00:41:38Z
307,13,8,,,2026-07-02T00:41:38Z
307,13,9,,,2026-07-02T00:41:38Z
307,19,10,,,2026-07-02T00:41:38Z
307,19,11,,,2026-07-02T00:41:38Z
307,19,12,,,2026-07-02T00:41:38Z
307,19,13,,,2026-07-02T00:41:38Z
307,19,14,,,2026-07-02T00:41:38Z
307,19,15,,,2026-07-02T00:41:38Z
307,19,16,,,2026-07-02T00:41:38Z
307,19,17,,,2026-07-02T00:41:38Z
307,19,18,,,2026-07-02T00:41:38Z
307,19,19,,,2026-07-02T00:41:38Z
307,19,2,,,2026-07-02T00:41:38Z
307,19,3,,,2026-07-02T00:41:38Z
307,19,4,,,2026-07-02T00:41:38Z
307,19,5,,,2026-07-02T00:41:38Z
307,19,6,,,2026-07-02T00:41:38Z
307,19,7,,,2026-07-02T00:41:38Z
307,19,8,,,2026-07-02T00:41:38Z
307,19,9,,,2026-07-02T00:41:38Z
307,27,10,,,2026-07-02T00:41:38Z
307,27,11,,,2026-07-02T00:41:38Z
307,27,12,,,2026-07-02T00:41:38Z
307,27,13,,,2026-07-02T00:41:38Z
307,27,14,,,2026-07-02T00:41:38Z
307,27,15,,,2026-07-02T00:41:38Z
307,27,16,,,2026-07-02T00:41:38Z
307,27,17,,,2026-07-02T00:41:38Z
307,27,18,,,2026-07-02T00:41:38Z
307,27,19,,,2026-07-02T00:41:38Z
307,27,20,,,2026-07-02T00:41:38Z
307,27,3,,,2026-07-02T00:41:38Z
307,27,4,,,2026-07-02T00:41:38Z
307,27,5,,,2026-07-02T00:41:38Z
307,27,6,,,2026-07-02T00:41:38Z
307,27,7,,,2026-07-02T00:41:38Z
307,27,8,,,2026-07-02T00:41:38Z
307,27,9,,,2026-07-02T00:41:38Z
307,20,10,,,2026-07-02T00:41:38Z
307,20,11,,,2026-07-02T00:41:38Z
307,20,12,,,2026-07-02T00:41:38Z
307,20,13,,,2026-07-02T00:41:38Z
307,20,14,,,2026-07-02T00:41:38Z
307,20,15,,,2026-07-02T00:41:38Z
307,20,16,,,2026-07-02T00:41:38Z
307,20,17,,,2026-07-02T00:41:38Z
307,20,18,,,2026-07-02T00:41:38Z
307,20,19,,,2026-07-02T00:41:38Z
307,20,2,,,2026-07-02T00:41:38Z
307,20,3,,,2026-07-02T00:41:38Z
307,20,4,,,2026-07-02T00:41:38Z
307,20,5,,,2026-07-02T00:41:38Z
307,20,6,,,2026-07-02T00:41:38Z
307,20,7,,,2026-07-02T00:41:38Z
307,20,8,,,2026-07-02T00:41:38Z
307,20,9,,,2026-07-02T00:41:38Z
307,21,10,,,2026-07-02T00:41:38Z
307,21,11,,,2026-07-02T00:41:38Z
307,21,12,,,2026-07-02T00:41:38Z
307,21,13,,,2026-07-02T00:41:38Z
307,21,14,,,2026-07-02T00:41:38Z
307,21,15,,,2026-07-02T00:41:38Z
307,21,16,,,2026-07-02T00:41:38Z
307,21,17,,,2026-07-02T00:41:38Z
307,21,18,,,2026-07-02T00:41:38Z
307,21,19,,,2026-07-02T00:41:38Z
307,21,2,,,2026-07-02T00:41:38Z
307,21,3,,,2026-07-02T00:41:38Z
307,21,4,,,2026-07-02T00:41:38Z
307,21,5,,,2026-07-02T00:41:38Z
307,21,6,,,2026-07-02T00:41:38Z
307,21,7,,,2026-07-02T00:41:38Z
307,21,8,,,2026-07-02T00:41:38Z
307,21,9,,,2026-07-02T00:41:38Z
307,22,10,,,2026-07-02T00:41:38Z
307,22,11,,,2026-07-02T00:41:38Z
307,22,12,,,2026-07-02T00:41:38Z
307,22,13,,,2026-07-02T00:41:38Z
307,22,14,,,2026-07-02T00:41:38Z
307,22,15,,,2026-07-02T00:41:38Z
307,22,16,,,2026-07-02T00:41:38Z
307,22,17,,,2026-07-02T00:41:38Z
307,22,18,,,2026-07-02T00:41:38Z
307,22,19,,,2026-07-02T00:41:38Z
307,22,20,,,2026-07-02T00:41:38Z
307,22,3,,,2026-07-02T00:41:38Z
307,22,4,,,2026-07-02T00:41:38Z
307,22,5,,,2026-07-02T00:41:38Z
307,22,6,,,2026-07-02T00:41:38Z
307,22,7,,,2026-07-02T00:41:38Z
307,22,8,,,2026-07-02T00:41:38Z
307,22,9,,,2026-07-02T00:41:38Z
307,23,10,,,2026-07-02T00:41:38Z
307,23,11,,,2026-07-02T00:41:38Z
307,23,12,,,2026-07-02T00:41:38Z
307,23,13,,,2026-07-02T00:41:38Z
307,23,14,,,2026-07-02T00:41:38Z
307,23,15,,,2026-07-02T00:41:38Z
307,23,16,,,2026-07-02T00:41:38Z
307,23,17,,,2026-07-02T00:41:38Z
307,23,18,,,2026-07-02T00:41:38Z
307,23,19,,,2026-07-02T00:41:38Z
307,23,20,,,2026-07-02T00:41:38Z
307,23,3,,,2026-07-02T00:41:38Z
307,23,4,,,2026-07-02T00:41:38Z
307,23,5,,,2026-07-02T00:41:38Z
307,23,6,,,2026-07-02T00:41:38Z
307,23,7,,,2026-07-02T00:41:38Z
307,23,8,,,2026-07-02T00:41:38Z
307,23,9,,,2026-07-02T00:41:38Z
307,24,10,,,2026-07-02T00:41:38Z
307,24,11,,,2026-07-02T00:41:38Z
307,24,12,,,2026-07-02T00:41:38Z
307,24,13,,,2026-07-02T00:41:38Z
307,24,14,,,2026-07-02T00:41:38Z
307,24,15,,,2026-07-02T00:41:38Z
307,24,16,,,2026-07-02T00:41:38Z
307,24,17,,,2026-07-02T00:41:38Z
307,24,18,,,2026-07-02T00:41:38Z
307,24,19,,,2026-07-02T00:41:38Z
307,24,20,,,2026-07-02T00:41:38Z
307,24,3,,,2026-07-02T00:41:38Z
307,24,4,,,2026-07-02T00:41:38Z
307,24,5,,,2026-07-02T00:41:38Z
307,24,6,,,2026-07-02T00:41:38Z
307,24,7,,,2026-07-02T00:41:38Z
307,24,8,,,2026-07-02T00:41:38Z
307,24,9,,,2026-07-02T00:41:38Z
307,25,10,,,2026-07-02T00:41:38Z
307,25,11,,,2026-07-02T00:41:38Z
307,25,12,,,2026-07-02T00:41:38Z
307,25,13,,,2026-07-02T00:41:38Z
307,25,14,,,2026-07-02T00:41:38Z
307,25,15,,,2026-07-02T00:41:38Z
307,25,16,,,2026-07-02T00:41:38Z
307,25,17,,,2026-07-02T00:41:38Z
307,25,18,,,2026-07-02T00:41:38Z
307,25,19,,,2026-07-02T00:41:38Z
307,25,20,,,2026-07-02T00:41:38Z
307,25,3,,,2026-07-02T00:41:38Z
307,25,4,,,2026-07-02T00:41:38Z
307,25,5,,,2026-07-02T00:41:38Z
307,25,6,,,2026-07-02T00:41:38Z
307,25,7,,,2026-07-02T00:41:38Z
307,25,8,,,2026-07-02T00:41:38Z
307,25,9,,,2026-07-02T00:41:38Z
307,26,10,,,2026-07-02T00:41:38Z
307,26,11,,,2026-07-02T00:41:38Z
307,26,12,,,2026-07-02T00:41:38Z
307,26,13,,,2026-07-02T00:41:38Z
307,26,14,,,2026-07-02T00:41:38Z
307,26,15,,,2026-07-02T00:41:38Z
307,26,16,,,2026-07-02T00:41:38Z
307,26,17,,,2026-07-02T00:41:38Z
307,26,18,,,2026-07-02T00:41:38Z
307,26,19,,,2026-07-02T00:41:38Z
307,26,20,,,2026-07-02T00:41:38Z
307,26,3,,,2026-07-02T00:41:38Z
307,26,4,,,2026-07-02T00:41:38Z
307,26,5,,,2026-07-02T00:41:38Z
307,26,6,,,2026-07-02T00:41:38Z
307,26,7,,,2026-07-02T00:41:38Z
307,26,8,,,2026-07-02T00:41:38Z
307,26,9,,,2026-07-02T00:41:38Z
307,28,10,,,2026-07-02T00:41:38Z
307,28,11,,,2026-07-02T00:41:38Z
307,28,12,,,2026-07-02T00:41:38Z
307,28,13,,,2026-07-02T00:41:38Z
307,28,14,,,2026-07-02T00:41:38Z
307,28,15,,,2026-07-02T00:41:38Z
307,28,16,,,2026-07-02T00:41:38Z
307,28,17,,,2026-07-02T00:41:38Z
307,28,18,,,2026-07-02T00:41:38Z
307,28,19,,,2026-07-02T00:41:38Z
307,28,20,,,2026-07-02T00:41:38Z
307,28,21,,,2026-07-02T00:41:38Z
307,28,3,,,2026-07-02T00:41:38Z
307,28,4,,,2026-07-02T00:41:38Z
307,28,5,,,2026-07-02T00:41:38Z
307,28,6,,,2026-07-02T00:41:38Z
307,28,7,,,2026-07-02T00:41:38Z
307,28,8,,,2026-07-02T00:41:38Z
307,28,9,,,2026-07-02T00:41:38Z
307,29,10,,,2026-07-02T00:41:38Z
307,29,11,,,2026-07-02T00:41:38Z
307,29,12,,,2026-07-02T00:41:38Z
307,29,13,,,2026-07-02T00:41:38Z
307,29,14,,,2026-07-02T00:41:38Z
307,29,15,,,2026-07-02T00:41:38Z
307,29,16,,,2026-07-02T00:41:38Z
307,29,17,,,2026-07-02T00:41:38Z
307,29,18,,,2026-07-02T00:41:38Z
307,29,19,,,2026-07-02T00:41:38Z
307,29,20,,,2026-07-02T00:41:38Z
307,29,21,,,2026-07-02T00:41:38Z
307,29,3,,,2026-07-02T00:41:38Z
307,29,4,,,2026-07-02T00:41:38Z
307,29,5,,,2026-07-02T00:41:38Z
307,29,6,,,2026-07-02T00:41:38Z
307,29,7,,,2026-07-02T00:41:38Z
307,29,8,,,2026-07-02T00:41:38Z
307,29,9,,,2026-07-02T00:41:38Z
307,37,10,,,2026-07-02T00:41:38Z
307,37,11,,,2026-07-02T00:41:38Z
307,37,12,,,2026-07-02T00:41:38Z
307,37,13,,,2026-07-02T00:41:38Z
307,37,14,,,2026-07-02T00:41:38Z
307,37,15,,,2026-07-02T00:41:38Z
307,37,16,,,2026-07-02T00:41:38Z
307,37,17,,,2026-07-02T00:41:38Z
307,37,18,,,2026-07-02T00:41:38Z
307,37,19,,,2026-07-02T00:41:38Z
307,37,20,,,2026-07-02T00:41:38Z
307,37,21,,,2026-07-02T00:41:38Z
307,37,22,,,2026-07-02T00:41:38Z
307,37,3,,,2026-07-02T00:41:38Z
307,37,4,,,2026-07-02T00:41:38Z
307,37,5,,,2026-07-02T00:41:38Z
307,37,6,,,2026-07-02T00:41:38Z
307,37,7,,,2026-07-02T00:41:38Z
307,37,8,,,2026-07-02T00:41:38Z
307,37,9,,,2026-07-02T00:41:38Z
307,30,10,,,2026-07-02T00:41:38Z
307,30,11,,,2026-07-02T00:41:38Z
307,30,12,,,2026-07-02T00:41:38Z
307,30,13,,,2026-07-02T00:41:38Z
307,30,14,,,2026-07-02T00:41:38Z
307,30,15,,,2026-07-02T00:41:38Z
307,30,16,,,2026-07-02T00:41:38Z
307,30,17,,,2026-07-02T00:41:38Z
307,30,18,,,2026-07-02T00:41:38Z
307,30,19,,,2026-07-02T00:41:38Z
307,30,20,,,2026-07-02T00:41:38Z
307,30,21,,,2026-07-02T00:41:38Z
307,30,3,,,2026-07-02T00:41:38Z
307,30,4,,,2026-07-02T00:41:38Z
307,30,5,,,2026-07-02T00:41:38Z
307,30,6,,,2026-07-02T00:41:38Z
307,30,7,,,2026-07-02T00:41:38Z
307,30,8,,,2026-07-02T00:41:38Z
307,30,9,,,2026-07-02T00:41:38Z
307,31,10,,,2026-07-02T00:41:38Z
307,31,11,,,2026-07-02T00:41:38Z
307,31,12,,,2026-07-02T00:41:38Z
307,31,13,,,2026-07-02T00:41:38Z
307,31,14,,,2026-07-02T00:41:38Z
307,31,15,,,2026-07-02T00:41:38Z
307,31,16,,,2026-07-02T00:41:38Z
307,31,17,,,2026-07-02T00:41:38Z
307,31,18,,,2026-07-02T00:41:38Z
307,31,19,,,2026-07-02T00:41:38Z
307,31,20,,,2026-07-02T00:41:38Z
307,31,21,,,2026-07-02T00:41:38Z
307,31,3,,,2026-07-02T00:41:38Z
307,31,4,,,2026-07-02T00:41:38Z
307,31,5,,,2026-07-02T00:41:38Z
307,31,6,,,2026-07-02T00:41:38Z
307,31,7,,,2026-07-02T00:41:38Z
307,31,8,,,2026-07-02T00:41:38Z
307,31,9,,,2026-07-02T00:41:38Z
307,32,10,,,2026-07-02T00:41:38Z
307,32,11,,,2026-07-02T00:41:38Z
307,32,12,,,2026-07-02T00:41:38Z
307,32,13,,,2026-07-02T00:41:38Z
307,32,14,,,2026-07-02T00:41:38Z
307,32,15,,,2026-07-02T00:41:38Z
307,32,16,,,2026-07-02T00:41:38Z
307,32,17,,,2026-07-02T00:41:38Z
307,32,18,,,2026-07-02T00:41:38Z
307,32,19,,,2026-07-02T00:41:38Z
307,32,20,,,2026-07-02T00:41:38Z
307,32,21,,,2026-07-02T00:41:38Z
307,32,3,,,2026-07-02T00:41:38Z
307,32,4,,,2026-07-02T00:41:38Z
307,32,5,,,2026-07-02T00:41:38Z
307,32,6,,,2026-07-02T00:41:38Z
307,32,7,,,2026-07-02T00:41:38Z
307,32,8,,,2026-07-02T00:41:38Z
307,32,9,,,2026-07-02T00:41:38Z
307,33,10,,,2026-07-02T00:41:38Z
307,33,11,,,2026-07-02T00:41:38Z
307,33,12,,,2026-07-02T00:41:38Z
307,33,13,,,2026-07-02T00:41:38Z
307,33,14,,,2026-07-02T00:41:38Z
307,33,15,,,2026-07-02T00:41:38Z
307,33,16,,,2026-07-02T00:41:38Z
307,33,17,,,2026-07-02T00:41:38Z
307,33,18,,,2026-07-02T00:41:38Z
307,33,19,,,2026-07-02T00:41:38Z
307,33,20,,,2026-07-02T00:41:38Z
307,33,21,,,2026-07-02T00:41:38Z
307,33,22,,,2026-07-02T00:41:38Z
307,33,3,,,2026-07-02T00:41:38Z
307,33,4,,,2026-07-02T00:41:38Z
307,33,5,,,2026-07-02T00:41:38Z
307,33,6,,,2026-07-02T00:41:38Z
307,33,7,,,2026-07-02T00:41:38Z
307,33,8,,,2026-07-02T00:41:38Z
307,33,9,,,2026-07-02T00:41:38Z
307,34,10,,,2026-07-02T00:41:38Z
307,34,11,,,2026-07-02T00:41:38Z
307,34,12,,,2026-07-02T00:41:38Z
307,34,13,,,2026-07-02T00:41:38Z
307,34,14,,,2026-07-02T00:41:38Z
307,34,15,,,2026-07-02T00:41:38Z
307,34,16,,,2026-07-02T00:41:38Z
307,34,17,,,2026-07-02T00:41:38Z
307,34,18,,,2026-07-02T00:41:38Z
307,34,19,,,2026-07-02T00:41:38Z
307,34,20,,,2026-07-02T00:41:38Z
307,34,21,,,2026-07-02T00:41:38Z
307,34,22,,,2026-07-02T00:41:38Z
307,34,3,,,2026-07-02T00:41:38Z
307,34,4,,,2026-07-02T00:41:38Z
307,34,5,,,2026-07-02T00:41:38Z
307,34,6,,,2026-07-02T00:41:38Z
307,34,7,,,2026-07-02T00:41:38Z
307,34,8,,,2026-07-02T00:41:38Z
307,34,9,,,2026-07-02T00:41:38Z
307,35,10,,,2026-07-02T00:41:38Z
307,35,11,,,2026-07-02T00:41:38Z
307,35,12,,,2026-07-02T00:41:38Z
307,35,13,,,2026-07-02T00:41:38Z
307,35,14,,,2026-07-02T00:41:38Z
307,35,15,,,2026-07-02T00:41:38Z
307,35,16,,,2026-07-02T00:41:38Z
307,35,17,,,2026-07-02T00:41:38Z
307,35,18,,,2026-07-02T00:41:38Z
307,35,19,,,2026-07-02T00:41:38Z
307,35,20,,,2026-07-02T00:41:38Z
307,35,21,,,2026-07-02T00:41:38Z
307,35,22,,,2026-07-02T00:41:38Z
307,35,3,,,2026-07-02T00:41:38Z
307,35,4,,,2026-07-02T00:41:38Z
307,35,5,,,2026-07-02T00:41:38Z
307,35,6,,,2026-07-02T00:41:38Z
307,35,7,,,2026-07-02T00:41:38Z
307,35,8,,,2026-07-02T00:41:38Z
307,35,9,,,2026-07-02T00:41:38Z
307,36,10,,,2026-07-02T00:41:38Z
307,36,11,,,2026-07-02T00:41:38Z
307,36,12,,,2026-07-02T00:41:38Z
307,36,13,,,2026-07-02T00:41:38Z
307,36,14,,,2026-07-02T00:41:38Z
307,36,15,,,2026-07-02T00:41:38Z
307,36,16,,,2026-07-02T00:41:38Z
307,36,17,,,2026-07-02T00:41:38Z
307,36,18,,,2026-07-02T00:41:38Z
307,36,19,,,2026-07-02T00:41:38Z
307,36,20,,,2026-07-02T00:41:38Z
307,36,21,,,2026-07-02T00:41:38Z
307,36,22,,,2026-07-02T00:41:38Z
307,36,3,,,2026-07-02T00:41:38Z
307,36,4,,,2026-07-02T00:41:38Z
307,36,5,,,2026-07-02T00:41:38Z
307,36,6,,,2026-07-02T00:41:38Z
307,36,7,,,2026-07-02T00:41:38Z
307,36,8,,,2026-07-02T00:41:38Z
307,36,9,,,2026-07-02T00:41:38Z
307,38,10,,,2026-07-02T00:41:38Z
307,38,11,,,2026-07-02T00:41:38Z
307,38,12,,,2026-07-02T00:41:38Z
307,38,13,,,2026-07-02T00:41:38Z
307,38,14,,,2026-07-02T00:41:38Z
307,38,15,,,2026-07-02T00:41:38Z
307,38,16,,,2026-07-02T00:41:38Z
307,38,17,,,2026-07-02T00:41:38Z
307,38,18,,,2026-07-02T00:41:38Z
307,38,19,,,2026-07-02T00:41:38Z
307,38,20,,,2026-07-02T00:41:38Z
307,38,21,,,2026-07-02T00:41:38Z
307,38,22,,,2026-07-02T00:41:38Z
307,38,23,,,2026-07-02T00:41:38Z
307,38,3,,,2026-07-02T00:41:38Z
307,38,4,,,2026-07-02T00:41:38Z
307,38,5,,,2026-07-02T00:41:38Z
307,38,6,,,2026-07-02T00:41:38Z
307,38,7,,,2026-07-02T00:41:38Z
307,38,8,,,2026-07-02T00:41:38Z
307,38,9,,,2026-07-02T00:41:38Z
307,39,10,,,2026-07-02T00:41:38Z
307,39,11,,,2026-07-02T00:41:38Z
307,39,12,,,2026-07-02T00:41:38Z
307,39,13,,,2026-07-02T00:41:38Z
307,39,14,,,2026-07-02T00:41:38Z
307,39,15,,,2026-07-02T00:41:38Z
307,39,16,,,2026-07-02T00:41:38Z
307,39,17,,,2026-07-02T00:41:38Z
307,39,18,,,2026-07-02T00:41:38Z
307,39,19,,,2026-07-02T00:41:38Z
307,39,20,,,2026-07-02T00:41:38Z
307,39,21,,,2026-07-02T00:41:38Z
307,39,22,,,2026-07-02T00:41:38Z
307,39,23,,,2026-07-02T00:41:38Z
307,39,3,,,2026-07-02T00:41:38Z
307,39,4,,,2026-07-02T00:41:38Z
307,39,5,,,2026-07-02T00:41:38Z
307,39,6,,,2026-07-02T00:41:38Z
307,39,7,,,2026-07-02T00:41:38Z
307,39,8,,,2026-07-02T00:41:38Z
307,39,9,,,2026-07-02T00:41:38Z
307,40,10,,,2026-07-02T00:41:38Z
307,40,11,,,2026-07-02T00:41:38Z
307,40,12,,,2026-07-02T00:41:38Z
307,40,13,,,2026-07-02T00:41:38Z
307,40,14,,,2026-07-02T00:41:38Z
307,40,15,,,2026-07-02T00:41:38Z
307,40,16,,,2026-07-02T00:41:38Z
307,40,17,,,2026-07-02T00:41:38Z
307,40,18,,,2026-07-02T00:41:38Z
307,40,19,,,2026-07-02T00:41:38Z
307,40,20,,,2026-07-02T00:41:38Z
307,40,21,,,2026-07-02T00:41:38Z
307,40,22,,,2026-07-02T00:41:38Z
307,40,23,,,2026-07-02T00:41:38Z
307,40,24,,,2026-07-02T00:41:38Z
307,40,25,,,2026-07-02T00:41:38Z
307,40,26,,,2026-07-02T00:41:38Z
307,40,3,,,2026-07-02T00:41:38Z
307,40,4,,,2026-07-02T00:41:38Z
307,40,5,,,2026-07-02T00:41:38Z
307,40,6,,,2026-07-02T00:41:38Z
307,40,7,,,2026-07-02T00:41:38Z
307,40,8,,,2026-07-02T00:41:38Z
307,40,9,,,2026-07-02T00:41:38Z
307,8,6,,,2026-07-02T00:41:38Z
307,8,7,,,2026-07-02T00:41:38Z
307,8,8,,,2026-07-02T00:41:38Z
307,8,9,,,2026-07-02T00:41:38Z
307,8,10,,,2026-07-02T00:41:38Z
307,9,4,,,2026-07-02T00:41:38Z
307,9,5,,,2026-07-02T00:41:38Z
307,9,6,,,2026-07-02T00:41:38Z
307,9,7,,,2026-07-02T00:41:38Z
307,9,8,,,2026-07-02T00:41:38Z
307,9,9,,,2026-07-02T00:41:38Z
307,9,10,,,2026-07-02T00:41:38Z
307,9,11,,,2026-07-02T00:41:38Z
307,9,12,,,2026-07-02T00:41:38Z
307,9,13,,,2026-07-02T00:41:38Z
307,9,3,,,2026-07-02T00:41:38Z
307,6,10,,,2026-07-02T00:41:38Z
307,6,11,,,2026-07-02T00:41:38Z
307,6,12,,,2026-07-02T00:41:38Z
307,6,13,,,2026-07-02T00:41:38Z
307,6,14,,,2026-07-02T00:41:38Z
307,7,4,,,2026-07-02T00:41:38Z
307,7,5,,,2026-07-02T00:41:38Z
307,7,6,,,2026-07-02T00:41:38Z
307,7,7,,,2026-07-02T00:41:38Z
307,7,10,,,2026-07-02T00:41:38Z
307,7,11,,,2026-07-02T00:41:38Z
307,7,12,,,2026-07-02T00:41:38Z
307,7,13,,,2026-07-02T00:41:38Z
307,7,14,,,2026-07-02T00:41:38Z
308,10,11,,,2026-07-02T00:41:38Z
308,10,12,,,2026-07-02T00:41:38Z
308,10,13,,,2026-07-02T00:41:38Z
308,10,14,,,2026-07-02T00:41:38Z
308,10,15,,,2026-07-02T00:41:38Z
308,11,10,,,2026-07-02T00:41:38Z
308,11,11,,,2026-07-02T00:41:38Z
308,11,12,,,2026-07-02T00:41:38Z
308,11,13,,,2026-07-02T00:41:38Z
308,11,14,,,2026-07-02T00:41:38Z
308,11,15,,,2026-07-02T00:41:38Z
308,11,16,,,2026-07-02T00:41:38Z
308,11,3,,,2026-07-02T00:41:38Z
308,11,4,,,2026-07-02T00:41:38Z
308,11,5,,,2026-07-02T00:41:38Z
308,11,6,,,2026-07-02T00:41:38Z
308,11,7,,,2026-07-02T00:41:38Z
308,11,8,,,2026-07-02T00:41:38Z
308,11,9,,,2026-07-02T00:41:38Z
308,12,10,,,2026-07-02T00:41:38Z
308,12,11,,,2026-07-02T00:41:38Z
308,12,12,,,2026-07-02T00:41:38Z
308,12,13,,,2026-07-02T00:41:38Z
308,12,14,,,2026-07-02T00:41:38Z
308,12,15,,,2026-07-02T00:41:38Z
308,12,16,,,2026-07-02T00:41:38Z
308,12,17,,,2026-07-02T00:41:38Z
308,12,18,,,2026-07-02T00:41:38Z
308,12,19,,,2026-07-02T00:41:38Z
308,12,20,,,2026-07-02T00:41:38Z
308,12,3,,,2026-07-02T00:41:38Z
308,12,4,,,2026-07-02T00:41:38Z
308,12,5,,,2026-07-02T00:41:38Z
308,12,6,,,2026-07-02T00:41:38Z
308,12,7,,,2026-07-02T00:41:38Z
308,12,8,,,2026-07-02T00:41:38Z
308,12,9,,,2026-07-02T00:41:38Z
308,13,16,,,2026-07-02T00:41:38Z
308,13,17,,,2026-07-02T00:41:38Z
308,13,18,,,2026-07-02T00:41:38Z
308,13,19,,,2026-07-02T00:41:38Z
308,13,20,,,2026-07-02T00:41:38Z
308,19,10,,,2026-07-02T00:41:38Z
308,19,11,,,2026-07-02T00:41:38Z
308,19,12,,,2026-07-02T00:41:38Z
308,19,13,,,2026-07-02T00:41:38Z
308,19,14,,,2026-07-02T00:41:38Z
308,19,15,,,2026-07-02T00:41:38Z
308,19,16,,,2026-07-02T00:41:38Z
308,19,17,,,2026-07-02T00:41:38Z
308,19,18,,,2026-07-02T00:41:38Z
308,19,19,,,2026-07-02T00:41:38Z
308,19,20,,,2026-07-02T00:41:38Z
308,19,21,,,2026-07-02T00:41:38Z
308,19,22,,,2026-07-02T00:41:38Z
308,19,3,,,2026-07-02T00:41:38Z
308,19,4,,,2026-07-02T00:41:38Z
308,19,5,,,2026-07-02T00:41:38Z
308,19,6,,,2026-07-02T00:41:38Z
308,19,7,,,2026-07-02T00:41:38Z
308,19,8,,,2026-07-02T00:41:38Z
308,19,9,,,2026-07-02T00:41:38Z
308,27,10,,,2026-07-02T00:41:38Z
308,27,11,,,2026-07-02T00:41:38Z
308,27,12,,,2026-07-02T00:41:38Z
308,27,13,,,2026-07-02T00:41:38Z
308,27,14,,,2026-07-02T00:41:38Z
308,27,15,,,2026-07-02T00:41:38Z
308,27,16,,,2026-07-02T00:41:38Z
308,27,17,,,2026-07-02T00:41:38Z
308,27,18,,,2026-07-02T00:41:38Z
308,27,19,,,2026-07-02T00:41:38Z
308,27,20,,,2026-07-02T00:41:38Z
308,27,21,,,2026-07-02T00:41:38Z
308,27,22,,,2026-07-02T00:41:38Z
308,27,23,,,2026-07-02T00:41:38Z
308,27,3,,,2026-07-02T00:41:38Z
308,27,4,,,2026-07-02T00:41:38Z
308,27,5,,,2026-07-02T00:41:38Z
308,27,6,,,2026-07-02T00:41:38Z
308,27,7,,,2026-07-02T00:41:38Z
308,27,8,,,2026-07-02T00:41:38Z
308,27,9,,,2026-07-02T00:41:38Z
308,20,10,,,2026-07-02T00:41:38Z
308,20,11,,,2026-07-02T00:41:38Z
308,20,12,,,2026-07-02T00:41:38Z
308,20,13,,,2026-07-02T00:41:38Z
308,20,14,,,2026-07-02T00:41:38Z
308,20,15,,,2026-07-02T00:41:38Z
308,20,16,,,2026-07-02T00:41:38Z
308,20,17,,,2026-07-02T00:41:38Z
308,20,18,,,2026-07-02T00:41:38Z
308,20,19,,,2026-07-02T00:41:38Z
308,20,20,,,2026-07-02T00:41:38Z
308,20,21,,,2026-07-02T00:41:38Z
308,20,22,,,2026-07-02T00:41:38Z
308,20,3,,,2026-07-02T00:41:38Z
308,20,4,,,2026-07-02T00:41:38Z
308,20,5,,,2026-07-02T00:41:38Z
308,20,6,,,2026-07-02T00:41:38Z
308,20,7,,,2026-07-02T00:41:38Z
308,20,8,,,2026-07-02T00:41:38Z
308,20,9,,,2026-07-02T00:41:38Z
308,21,10,,,2026-07-02T00:41:38Z
308,21,11,,,2026-07-02T00:41:38Z
308,21,12,,,2026-07-02T00:41:38Z
308,21,13,,,2026-07-02T00:41:38Z
308,21,14,,,2026-07-02T00:41:38Z
308,21,15,,,2026-07-02T00:41:38Z
308,21,16,,,2026-07-02T00:41:38Z
308,21,17,,,2026-07-02T00:41:38Z
308,21,18,,,2026-07-02T00:41:38Z
308,21,19,,,2026-07-02T00:41:38Z
308,21,20,,,2026-07-02T00:41:38Z
308,21,21,,,2026-07-02T00:41:38Z
308,21,22,,,2026-07-02T00:41:38Z
308,21,3,,,2026-07-02T00:41:38Z
308,21,4,,,2026-07-02T00:41:38Z
308,21,5,,,2026-07-02T00:41:38Z
308,21,6,,,2026-07-02T00:41:38Z
308,21,7,,,2026-07-02T00:41:38Z
308,21,8,,,2026-07-02T00:41:38Z
308,21,9,,,2026-07-02T00:41:38Z
308,22,10,,,2026-07-02T00:41:38Z
308,22,11,,,2026-07-02T00:41:38Z
308,22,12,,,2026-07-02T00:41:38Z
308,22,13,,,2026-07-02T00:41:38Z
308,22,14,,,2026-07-02T00:41:38Z
308,22,15,,,2026-07-02T00:41:38Z
308,22,16,,,2026-07-02T00:41:38Z
308,22,17,,,2026-07-02T00:41:38Z
308,22,18,,,2026-07-02T00:41:38Z
308,22,19,,,2026-07-02T00:41:38Z
308,22,20,,,2026-07-02T00:41:38Z
308,22,21,,,2026-07-02T00:41:38Z
308,22,22,,,2026-07-02T00:41:38Z
308,22,3,,,2026-07-02T00:41:38Z
308,22,4,,,2026-07-02T00:41:38Z
308,22,5,,,2026-07-02T00:41:38Z
308,22,6,,,2026-07-02T00:41:38Z
308,22,7,,,2026-07-02T00:41:38Z
308,22,8,,,2026-07-02T00:41:38Z
308,22,9,,,2026-07-02T00:41:38Z
308,23,10,,,2026-07-02T00:41:38Z
308,23,11,,,2026-07-02T00:41:38Z
308,23,12,,,2026-07-02T00:41:38Z
308,23,13,,,2026-07-02T00:41:38Z
308,23,14,,,2026-07-02T00:41:38Z
308,23,15,,,2026-07-02T00:41:38Z
308,23,16,,,2026-07-02T00:41:38Z
308,23,17,,,2026-07-02T00:41:38Z
308,23,18,,,2026-07-02T00:41:38Z
308,23,19,,,2026-07-02T00:41:38Z
308,23,20,,,2026-07-02T00:41:38Z
308,23,21,,,2026-07-02T00:41:38Z
308,23,22,,,2026-07-02T00:41:38Z
308,23,3,,,2026-07-02T00:41:38Z
308,23,4,,,2026-07-02T00:41:38Z
308,23,5,,,2026-07-02T00:41:38Z
308,23,6,,,2026-07-02T00:41:38Z
308,23,7,,,2026-07-02T00:41:38Z
308,23,8,,,2026-07-02T00:41:38Z
308,23,9,,,2026-07-02T00:41:38Z
308,24,10,,,2026-07-02T00:41:38Z
308,24,11,,,2026-07-02T00:41:38Z
308,24,12,,,2026-07-02T00:41:38Z
308,24,13,,,2026-07-02T00:41:38Z
308,24,14,,,2026-07-02T00:41:38Z
308,24,15,,,2026-07-02T00:41:38Z
308,24,16,,,2026-07-02T00:41:38Z
308,24,17,,,2026-07-02T00:41:38Z
308,24,18,,,2026-07-02T00:41:38Z
308,24,19,,,2026-07-02T00:41:38Z
308,24,20,,,2026-07-02T00:41:38Z
308,24,21,,,2026-07-02T00:41:38Z
308,24,22,,,2026-07-02T00:41:38Z
308,24,3,,,2026-07-02T00:41:38Z
308,24,4,,,2026-07-02T00:41:38Z
308,24,5,,,2026-07-02T00:41:38Z
308,24,6,,,2026-07-02T00:41:38Z
308,24,7,,,2026-07-02T00:41:38Z
308,24,8,,,2026-07-02T00:41:38Z
308,24,9,,,2026-07-02T00:41:38Z
308,25,10,,,2026-07-02T00:41:38Z
308,25,11,,,2026-07-02T00:41:38Z
308,25,12,,,2026-07-02T00:41:38Z
308,25,13,,,2026-07-02T00:41:38Z
308,25,14,,,2026-07-02T00:41:38Z
308,25,15,,,2026-07-02T00:41:38Z
308,25,16,,,2026-07-02T00:41:38Z
308,25,17,,,2026-07-02T00:41:38Z
308,25,18,,,2026-07-02T00:41:38Z
308,25,19,,,2026-07-02T00:41:38Z
308,25,20,,,2026-07-02T00:41:38Z
308,25,21,,,2026-07-02T00:41:38Z
308,25,3,,,2026-07-02T00:41:38Z
308,25,4,,,2026-07-02T00:41:38Z
308,25,5,,,2026-07-02T00:41:38Z
308,25,6,,,2026-07-02T00:41:38Z
308,25,7,,,2026-07-02T00:41:38Z
308,25,8,,,2026-07-02T00:41:38Z
308,25,9,,,2026-07-02T00:41:38Z
308,26,10,,,2026-07-02T00:41:38Z
308,26,11,,,2026-07-02T00:41:38Z
308,26,12,,,2026-07-02T00:41:38Z
308,26,13,,,2026-07-02T00:41:38Z
308,26,14,,,2026-07-02T00:41:38Z
308,26,15,,,2026-07-02T00:41:38Z
308,26,16,,,2026-07-02T00:41:38Z
308,26,17,,,2026-07-02T00:41:38Z
308,26,18,,,2026-07-02T00:41:38Z
308,26,19,,,2026-07-02T00:41:38Z
308,26,20,,,2026-07-02T00:41:38Z
308,26,21,,,2026-07-02T00:41:38Z
308,26,22,,,2026-07-02T00:41:38Z
308,26,23,,,2026-07-02T00:41:38Z
308,26,3,,,2026-07-02T00:41:38Z
308,26,4,,,2026-07-02T00:41:38Z
308,26,5,,,2026-07-02T00:41:38Z
308,26,6,,,2026-07-02T00:41:38Z
308,26,7,,,2026-07-02T00:41:38Z
308,26,8,,,2026-07-02T00:41:38Z
308,26,9,,,2026-07-02T00:41:38Z
308,28,10,,,2026-07-02T00:41:38Z
308,28,11,,,2026-07-02T00:41:38Z
308,28,12,,,2026-07-02T00:41:38Z
308,28,13,,,2026-07-02T00:41:38Z
308,28,14,,,2026-07-02T00:41:38Z
308,28,15,,,2026-07-02T00:41:38Z
308,28,16,,,2026-07-02T00:41:38Z
308,28,17,,,2026-07-02T00:41:38Z
308,28,18,,,2026-07-02T00:41:38Z
308,28,19,,,2026-07-02T00:41:38Z
308,28,20,,,2026-07-02T00:41:38Z
308,28,21,,,2026-07-02T00:41:38Z
308,28,22,,,2026-07-02T00:41:38Z
308,28,23,,,2026-07-02T00:41:38Z
308,28,3,,,2026-07-02T00:41:38Z
308,28,4,,,2026-07-02T00:41:38Z
308,28,5,,,2026-07-02T00:41:38Z
308,28,6,,,2026-07-02T00:41:38Z
308,28,7,,,2026-07-02T00:41:38Z
308,28,8,,,2026-07-02T00:41:38Z
308,28,9,,,2026-07-02T00:41:38Z
308,29,10,,,2026-07-02T00:41:38Z
308,29,11,,,2026-07-02T00:41:38Z
308,29,12,,,2026-07-02T00:41:38Z
308,29,13,,,2026-07-02T00:41:38Z
308,29,14,,,2026-07-02T00:41:38Z
308,29,15,,,2026-07-02T00:41:38Z
308,29,16,,,2026-07-02T00:41:38Z
308,29,17,,,2026-07-02T00:41:38Z
308,29,18,,,2026-07-02T00:41:38Z
308,29,19,,,2026-07-02T00:41:38Z
308,29,20,,,2026-07-02T00:41:38Z
308,29,21,,,2026-07-02T00:41:38Z
308,29,22,,,2026-07-02T00:41:38Z
308,29,23,,,2026-07-02T00:41:38Z
308,29,3,,,2026-07-02T00:41:38Z
308,29,4,,,2026-07-02T00:41:38Z
308,29,5,,,2026-07-02T00:41:38Z
308,29,6,,,2026-07-02T00:41:38Z
308,29,7,,,2026-07-02T00:41:38Z
308,29,8,,,2026-07-02T00:41:38Z
308,29,9,,,2026-07-02T00:41:38Z
308,37,10,,,2026-07-02T00:41:38Z
308,37,11,,,2026-07-02T00:41:38Z
308,37,12,,,2026-07-02T00:41:38Z
308,37,13,,,2026-07-02T00:41:38Z
308,37,14,,,2026-07-02T00:41:38Z
308,37,15,,,2026-07-02T00:41:38Z
308,37,16,,,2026-07-02T00:41:38Z
308,37,17,,,2026-07-02T00:41:38Z
308,37,18,,,2026-07-02T00:41:38Z
308,37,19,,,2026-07-02T00:41:38Z
308,37,20,,,2026-07-02T00:41:38Z
308,37,21,,,2026-07-02T00:41:38Z
308,37,22,,,2026-07-02T00:41:38Z
308,37,23,,,2026-07-02T00:41:38Z
308,37,24,,,2026-07-02T00:41:38Z
308,37,25,,,2026-07-02T00:41:38Z
308,37,3,,,2026-07-02T00:41:38Z
308,37,4,,,2026-07-02T00:41:38Z
308,37,5,,,2026-07-02T00:41:38Z
308,37,6,,,2026-07-02T00:41:38Z
308,37,7,,,2026-07-02T00:41:38Z
308,37,8,,,2026-07-02T00:41:38Z
308,37,9,,,2026-07-02T00:41:38Z
308,30,10,,,2026-07-02T00:41:38Z
308,30,11,,,2026-07-02T00:41:38Z
308,30,12,,,2026-07-02T00:41:38Z
308,30,13,,,2026-07-02T00:41:38Z
308,30,14,,,2026-07-02T00:41:38Z
308,30,15,,,2026-07-02T00:41:38Z
308,30,16,,,2026-07-02T00:41:38Z
308,30,17,,,2026-07-02T00:41:38Z
308,30,18,,,2026-07-02T00:41:38Z
308,30,19,,,2026-07-02T00:41:38Z
308,30,20,,,2026-07-02T00:41:38Z
308,30,21,,,2026-07-02T00:41:38Z
308,30,22,,,2026-07-02T00:41:38Z
308,30,23,,,2026-07-02T00:41:38Z
308,30,24,,,2026-07-02T00:41:38Z
308,30,3,,,2026-07-02T00:41:38Z
308,30,4,,,2026-07-02T00:41:38Z
308,30,5,,,2026-07-02T00:41:38Z
308,30,6,,,2026-07-02T00:41:38Z
308,30,7,,,2026-07-02T00:41:38Z
308,30,8,,,2026-07-02T00:41:38Z
308,30,9,,,2026-07-02T00:41:38Z
308,31,10,,,2026-07-02T00:41:38Z
308,31,11,,,2026-07-02T00:41:38Z
308,31,12,,,2026-07-02T00:41:38Z
308,31,13,,,2026-07-02T00:41:38Z
308,31,14,,,2026-07-02T00:41:38Z
308,31,15,,,2026-07-02T00:41:38Z
308,31,16,,,2026-07-02T00:41:38Z
308,31,17,,,2026-07-02T00:41:38Z
308,31,18,,,2026-07-02T00:41:38Z
308,31,19,,,2026-07-02T00:41:38Z
308,31,20,,,2026-07-02T00:41:38Z
308,31,21,,,2026-07-02T00:41:38Z
308,31,22,,,2026-07-02T00:41:38Z
308,31,23,,,2026-07-02T00:41:38Z
308,31,24,,,2026-07-02T00:41:38Z
308,31,3,,,2026-07-02T00:41:38Z
308,31,4,,,2026-07-02T00:41:38Z
308,31,5,,,2026-07-02T00:41:38Z
308,31,6,,,2026-07-02T00:41:38Z
308,31,7,,,2026-07-02T00:41:38Z
308,31,8,,,2026-07-02T00:41:38Z
308,31,9,,,2026-07-02T00:41:38Z
308,32,10,,,2026-07-02T00:41:38Z
308,32,11,,,2026-07-02T00:41:38Z
308,32,12,,,2026-07-02T00:41:38Z
308,32,13,,,2026-07-02T00:41:38Z
308,32,14,,,2026-07-02T00:41:38Z
308,32,15,,,2026-07-02T00:41:38Z
308,32,16,,,2026-07-02T00:41:38Z
308,32,17,,,2026-07-02T00:41:38Z
308,32,18,,,2026-07-02T00:41:38Z
308,32,19,,,2026-07-02T00:41:38Z
308,32,20,,,2026-07-02T00:41:38Z
308,32,21,,,2026-07-02T00:41:38Z
308,32,22,,,2026-07-02T00:41:38Z
308,32,23,,,2026-07-02T00:41:38Z
308,32,24,,,2026-07-02T00:41:38Z
308,32,3,,,2026-07-02T00:41:38Z
308,32,4,,,2026-07-02T00:41:38Z
308,32,5,,,2026-07-02T00:41:38Z
308,32,6,,,2026-07-02T00:41:38Z
308,32,7,,,2026-07-02T00:41:38Z
308,32,8,,,2026-07-02T00:41:38Z
308,32,9,,,2026-07-02T00:41:38Z
308,33,10,,,2026-07-02T00:41:38Z
308,33,11,,,2026-07-02T00:41:38Z
308,33,12,,,2026-07-02T00:41:38Z
308,33,13,,,2026-07-02T00:41:38Z
308,33,14,,,2026-07-02T00:41:38Z
308,33,15,,,2026-07-02T00:41:38Z
308,33,16,,,2026-07-02T00:41:38Z
308,33,17,,,2026-07-02T00:41:38Z
308,33,18,,,2026-07-02T00:41:38Z
308,33,19,,,2026-07-02T00:41:38Z
308,33,20,,,2026-07-02T00:41:38Z
308,33,21,,,2026-07-02T00:41:38Z
308,33,22,,,2026-07-02T00:41:38Z
308,33,23,,,2026-07-02T00:41:38Z
308,33,24,,,2026-07-02T00:41:38Z
308,33,3,,,2026-07-02T00:41:38Z
308,33,4,,,2026-07-02T00:41:38Z
308,33,5,,,2026-07-02T00:41:38Z
308,33,6,,,2026-07-02T00:41:38Z
308,33,7,,,2026-07-02T00:41:38Z
308,33,8,,,2026-07-02T00:41:38Z
308,33,9,,,2026-07-02T00:41:38Z
308,34,10,,,2026-07-02T00:41:38Z
308,34,11,,,2026-07-02T00:41:38Z
308,34,12,,,2026-07-02T00:41:38Z
308,34,13,,,2026-07-02T00:41:38Z
308,34,14,,,2026-07-02T00:41:38Z
308,34,15,,,2026-07-02T00:41:38Z
308,34,16,,,2026-07-02T00:41:38Z
308,34,17,,,2026-07-02T00:41:38Z
308,34,18,,,2026-07-02T00:41:38Z
308,34,19,,,2026-07-02T00:41:38Z
308,34,20,,,2026-07-02T00:41:38Z
308,34,21,,,2026-07-02T00:41:38Z
308,34,22,,,2026-07-02T00:41:38Z
308,34,23,,,2026-07-02T00:41:38Z
308,34,24,,,2026-07-02T00:41:38Z
308,34,3,,,2026-07-02T00:41:38Z
308,34,4,,,2026-07-02T00:41:38Z
308,34,5,,,2026-07-02T00:41:38Z
308,34,6,,,2026-07-02T00:41:38Z
308,34,7,,,2026-07-02T00:41:38Z
308,34,8,,,2026-07-02T00:41:38Z
308,34,9,,,2026-07-02T00:41:38Z
308,35,10,,,2026-07-02T00:41:38Z
308,35,11,,,2026-07-02T00:41:38Z
308,35,12,,,2026-07-02T00:41:38Z
308,35,13,,,2026-07-02T00:41:38Z
308,35,14,,,2026-07-02T00:41:38Z
308,35,15,,,2026-07-02T00:41:38Z
308,35,16,,,2026-07-02T00:41:38Z
308,35,17,,,2026-07-02T00:41:38Z
308,35,18,,,2026-07-02T00:41:38Z
308,35,19,,,2026-07-02T00:41:38Z
308,35,20,,,2026-07-02T00:41:38Z
308,35,21,,,2026-07-02T00:41:38Z
308,35,22,,,2026-07-02T00:41:38Z
308,35,23,,,2026-07-02T00:41:38Z
308,35,24,,,2026-07-02T00:41:38Z
308,35,3,,,2026-07-02T00:41:38Z
308,35,4,,,2026-07-02T00:41:38Z
308,35,5,,,2026-07-02T00:41:38Z
308,35,6,,,2026-07-02T00:41:38Z
308,35,7,,,2026-07-02T00:41:38Z
308,35,8,,,2026-07-02T00:41:38Z
308,35,9,,,2026-07-02T00:41:38Z
308,36,10,,,2026-07-02T00:41:38Z
308,36,11,,,2026-07-02T00:41:38Z
308,36,12,,,2026-07-02T00:41:38Z
308,36,13,,,2026-07-02T00:41:38Z
308,36,14,,,2026-07-02T00:41:38Z
308,36,15,,,2026-07-02T00:41:38Z
308,36,16,,,2026-07-02T00:41:38Z
308,36,17,,,2026-07-02T00:41:38Z
308,36,18,,,2026-07-02T00:41:38Z
308,36,19,,,2026-07-02T00:41:38Z
308,36,20,,,2026-07-02T00:41:38Z
308,36,21,,,2026-07-02T00:41:38Z
308,36,22,,,2026-07-02T00:41:38Z
308,36,23,,,2026-07-02T00:41:38Z
308,36,24,,,2026-07-02T00:41:38Z
308,36,25,,,2026-07-02T00:41:38Z
308,36,3,,,2026-07-02T00:41:38Z
308,36,4,,,2026-07-02T00:41:38Z
308,36,5,,,2026-07-02T00:41:38Z
308,36,6,,,2026-07-02T00:41:38Z
308,36,7,,,2026-07-02T00:41:38Z
308,36,8,,,2026-07-02T00:41:38Z
308,36,9,,,2026-07-02T00:41:38Z
308,38,10,,,2026-07-02T00:41:38Z
308,38,11,,,2026-07-02T00:41:38Z
308,38,12,,,2026-07-02T00:41:38Z
308,38,13,,,2026-07-02T00:41:38Z
308,38,14,,,2026-07-02T00:41:38Z
308,38,15,,,2026-07-02T00:41:38Z
308,38,16,,,2026-07-02T00:41:38Z
308,38,17,,,2026-07-02T00:41:38Z
308,38,18,,,2026-07-02T00:41:38Z
308,38,19,,,2026-07-02T00:41:38Z
308,38,20,,,2026-07-02T00:41:38Z
308,38,21,,,2026-07-02T00:41:38Z
308,38,22,,,2026-07-02T00:41:38Z
308,38,23,,,2026-07-02T00:41:38Z
308,38,3,,,2026-07-02T00:41:38Z
308,38,4,,,2026-07-02T00:41:38Z
308,38,5,,,2026-07-02T00:41:38Z
308,38,6,,,2026-07-02T00:41:38Z
308,38,7,,,2026-07-02T00:41:38Z
308,38,8,,,2026-07-02T00:41:38Z
308,38,9,,,2026-07-02T00:41:38Z
308,39,10,,,2026-07-02T00:41:38Z
308,39,11,,,2026-07-02T00:41:38Z
308,39,12,,,2026-07-02T00:41:38Z
308,39,13,,,2026-07-02T00:41:38Z
308,39,14,,,2026-07-02T00:41:38Z
308,39,15,,,2026-07-02T00:41:38Z
308,39,16,,,2026-07-02T00:41:38Z
308,39,17,,,2026-07-02T00:41:38Z
308,39,18,,,2026-07-02T00:41:38Z
308,39,19,,,2026-07-02T00:41:38Z
308,39,20,,,2026-07-02T00:41:38Z
308,39,21,,,2026-07-02T00:41:38Z
308,39,22,,,2026-07-02T00:41:38Z
308,39,3,,,2026-07-02T00:41:38Z
308,39,4,,,2026-07-02T00:41:38Z
308,39,5,,,2026-07-02T00:41:38Z
308,39,6,,,2026-07-02T00:41:38Z
308,39,7,,,2026-07-02T00:41:38Z
308,39,8,,,2026-07-02T00:41:38Z
308,39,9,,,2026-07-02T00:41:38Z
308,40,10,,,2026-07-02T00:41:38Z
308,40,11,,,2026-07-02T00:41:38Z
308,40,12,,,2026-07-02T00:41:38Z
308,40,13,,,2026-07-02T00:41:38Z
308,40,14,,,2026-07-02T00:41:38Z
308,40,15,,,2026-07-02T00:41:38Z
308,40,16,,,2026-07-02T00:41:38Z
308,40,17,,,2026-07-02T00:41:38Z
308,40,18,,,2026-07-02T00:41:38Z
308,40,19,,,2026-07-02T00:41:38Z
308,40,20,,,2026-07-02T00:41:38Z
308,40,21,,,2026-07-02T00:41:38Z
308,40,22,,,2026-07-02T00:41:38Z
308,40,3,,,2026-07-02T00:41:38Z
308,40,4,,,2026-07-02T00:41:38Z
308,40,5,,,2026-07-02T00:41:38Z
308,40,6,,,2026-07-02T00:41:38Z
308,40,7,,,2026-07-02T00:41:38Z
308,40,8,,,2026-07-02T00:41:38Z
308,40,9,,,2026-07-02T00:41:38Z
308,7,5,,,2026-07-02T00:41:38Z
308,7,6,,,2026-07-02T00:41:38Z
308,7,7,,,2026-07-02T00:41:38Z
308,7,8,,,2026-07-02T00:41:38Z
308,7,9,,,2026-07-02T00:41:38Z
308,7,10,,,2026-07-02T00:41:38Z
308,7,11,,,2026-07-02T00:41:38Z
308,7,12,,,2026-07-02T00:41:38Z
308,7,13,,,2026-07-02T00:41:38Z
308,7,14,,,2026-07-02T00:41:38Z
309,11,10,,,2026-07-02T00:41:38Z
309,11,14,,,2026-07-02T00:41:38Z
309,11,15,,,2026-07-02T00:41:38Z
309,11,7,,,2026-07-02T00:41:38Z
309,11,8,,,2026-07-02T00:41:38Z
309,11,9,,,2026-07-02T00:41:38Z
309,12,10,,,2026-07-02T00:41:38Z
309,12,11,,,2026-07-02T00:41:38Z
309,12,12,,,2026-07-02T00:41:38Z
309,12,13,,,2026-07-02T00:41:38Z
309,12,14,,,2026-07-02T00:41:38Z
309,12,15,,,2026-07-02T00:41:38Z
309,12,2,,,2026-07-02T00:41:38Z
309,12,3,,,2026-07-02T00:41:38Z
309,12,4,,,2026-07-02T00:41:38Z
309,12,5,,,2026-07-02T00:41:38Z
309,12,6,,,2026-07-02T00:41:38Z
309,12,7,,,2026-07-02T00:41:38Z
309,12,8,,,2026-07-02T00:41:38Z
309,12,9,,,2026-07-02T00:41:38Z
309,13,10,,,2026-07-02T00:41:38Z
309,13,11,,,2026-07-02T00:41:38Z
309,13,12,,,2026-07-02T00:41:38Z
309,13,13,,,2026-07-02T00:41:38Z
309,13,14,,,2026-07-02T00:41:38Z
309,13,19,,,2026-07-02T00:41:38Z
309,13,3,,,2026-07-02T00:41:38Z
309,13,4,,,2026-07-02T00:41:38Z
309,13,5,,,2026-07-02T00:41:38Z
309,13,8,,,2026-07-02T00:41:38Z
309,13,9,,,2026-07-02T00:41:38Z
309,19,10,,,2026-07-02T00:41:38Z
309,19,11,,,2026-07-02T00:41:38Z
309,19,12,,,2026-07-02T00:41:38Z
309,19,13,,,2026-07-02T00:41:38Z
309,19,14,,,2026-07-02T00:41:38Z
309,19,15,,,2026-07-02T00:41:38Z
309,19,16,,,2026-07-02T00:41:38Z
309,19,17,,,2026-07-02T00:41:38Z
309,19,18,,,2026-07-02T00:41:38Z
309,19,19,,,2026-07-02T00:41:38Z
309,19,2,,,2026-07-02T00:41:38Z
309,19,3,,,2026-07-02T00:41:38Z
309,19,4,,,2026-07-02T00:41:38Z
309,19,5,,,2026-07-02T00:41:38Z
309,19,6,,,2026-07-02T00:41:38Z
309,19,7,,,2026-07-02T00:41:38Z
309,19,8,,,2026-07-02T00:41:38Z
309,19,9,,,2026-07-02T00:41:38Z
309,27,10,,,2026-07-02T00:41:38Z
309,27,11,,,2026-07-02T00:41:38Z
309,27,12,,,2026-07-02T00:41:38Z
309,27,13,,,2026-07-02T00:41:38Z
309,27,14,,,2026-07-02T00:41:38Z
309,27,15,,,2026-07-02T00:41:38Z
309,27,16,,,2026-07-02T00:41:38Z
309,27,17,,,2026-07-02T00:41:38Z
309,27,18,,,2026-07-02T00:41:38Z
309,27,19,,,2026-07-02T00:41:38Z
309,27,2,,,2026-07-02T00:41:38Z
309,27,3,,,2026-07-02T00:41:38Z
309,27,4,,,2026-07-02T00:41:38Z
309,27,5,,,2026-07-02T00:41:38Z
309,27,6,,,2026-07-02T00:41:38Z
309,27,7,,,2026-07-02T00:41:38Z
309,27,8,,,2026-07-02T00:41:38Z
309,27,9,,,2026-07-02T00:41:38Z
309,20,10,,,2026-07-02T00:41:38Z
309,20,11,,,2026-07-02T00:41:38Z
309,20,12,,,2026-07-02T00:41:38Z
309,20,13,,,2026-07-02T00:41:38Z
309,20,14,,,2026-07-02T00:41:38Z
309,20,15,,,2026-07-02T00:41:38Z
309,20,16,,,2026-07-02T00:41:38Z
309,20,17,,,2026-07-02T00:41:38Z
309,20,18,,,2026-07-02T00:41:38Z
309,20,19,,,2026-07-02T00:41:38Z
309,20,2,,,2026-07-02T00:41:38Z
309,20,3,,,2026-07-02T00:41:38Z
309,20,4,,,2026-07-02T00:41:38Z
309,20,5,,,2026-07-02T00:41:38Z
309,20,6,,,2026-07-02T00:41:38Z
309,20,7,,,2026-07-02T00:41:38Z
309,20,8,,,2026-07-02T00:41:38Z
309,20,9,,,2026-07-02T00:41:38Z
309,21,10,,,2026-07-02T00:41:38Z
309,21,11,,,2026-07-02T00:41:38Z
309,21,12,,,2026-07-02T00:41:38Z
309,21,13,,,2026-07-02T00:41:38Z
309,21,14,,,2026-07-02T00:41:38Z
309,21,15,,,2026-07-02T00:41:38Z
309,21,16,,,2026-07-02T00:41:38Z
309,21,17,,,2026-07-02T00:41:38Z
309,21,18,,,2026-07-02T00:41:38Z
309,21,19,,,2026-07-02T00:41:38Z
309,21,2,,,2026-07-02T00:41:38Z
309,21,3,,,2026-07-02T00:41:38Z
309,21,4,,,2026-07-02T00:41:38Z
309,21,5,,,2026-07-02T00:41:38Z
309,21,6,,,2026-07-02T00:41:38Z
309,21,7,,,2026-07-02T00:41:38Z
309,21,8,,,2026-07-02T00:41:38Z
309,21,9,,,2026-07-02T00:41:38Z
309,22,10,,,2026-07-02T00:41:38Z
309,22,11,,,2026-07-02T00:41:38Z
309,22,12,,,2026-07-02T00:41:38Z
309,22,13,,,2026-07-02T00:41:38Z
309,22,14,,,2026-07-02T00:41:38Z
309,22,15,,,2026-07-02T00:41:38Z
309,22,16,,,2026-07-02T00:41:38Z
309,22,17,,,2026-07-02T00:41:38Z
309,22,18,,,2026-07-02T00:41:38Z
309,22,19,,,2026-07-02T00:41:38Z
309,22,2,,,2026-07-02T00:41:38Z
309,22,3,,,2026-07-02T00:41:38Z
309,22,4,,,2026-07-02T00:41:38Z
309,22,5,,,2026-07-02T00:41:38Z
309,22,6,,,2026-07-02T00:41:38Z
309,22,7,,,2026-07-02T00:41:38Z
309,22,8,,,2026-07-02T00:41:38Z
309,22,9,,,2026-07-02T00:41:38Z
309,23,10,,,2026-07-02T00:41:38Z
309,23,11,,,2026-07-02T00:41:38Z
309,23,12,,,2026-07-02T00:41:38Z
309,23,13,,,2026-07-02T00:41:38Z
309,23,14,,,2026-07-02T00:41:38Z
309,23,15,,,2026-07-02T00:41:38Z
309,23,16,,,2026-07-02T00:41:38Z
309,23,17,,,2026-07-02T00:41:38Z
309,23,18,,,2026-07-02T00:41:38Z
309,23,19,,,2026-07-02T00:41:38Z
309,23,2,,,2026-07-02T00:41:38Z
309,23,3,,,2026-07-02T00:41:38Z
309,23,4,,,2026-07-02T00:41:38Z
309,23,5,,,2026-07-02T00:41:38Z
309,23,6,,,2026-07-02T00:41:38Z
309,23,7,,,2026-07-02T00:41:38Z
309,23,8,,,2026-07-02T00:41:38Z
309,23,9,,,2026-07-02T00:41:38Z
309,24,10,,,2026-07-02T00:41:38Z
309,24,11,,,2026-07-02T00:41:38Z
309,24,12,,,2026-07-02T00:41:38Z
309,24,13,,,2026-07-02T00:41:38Z
309,24,14,,,2026-07-02T00:41:38Z
309,24,15,,,2026-07-02T00:41:38Z
309,24,16,,,2026-07-02T00:41:38Z
309,24,17,,,2026-07-02T00:41:38Z
309,24,18,,,2026-07-02T00:41:38Z
309,24,19,,,2026-07-02T00:41:38Z
309,24,2,,,2026-07-02T00:41:38Z
309,24,3,,,2026-07-02T00:41:38Z
309,24,4,,,2026-07-02T00:41:38Z
309,24,5,,,2026-07-02T00:41:38Z
309,24,6,,,2026-07-02T00:41:38Z
309,24,7,,,2026-07-02T00:41:38Z
309,24,8,,,2026-07-02T00:41:38Z
309,24,9,,,2026-07-02T00:41:38Z
309,25,10,,,2026-07-02T00:41:38Z
309,25,11,,,2026-07-02T00:41:38Z
309,25,12,,,2026-07-02T00:41:38Z
309,25,13,,,2026-07-02T00:41:38Z
309,25,14,,,2026-07-02T00:41:38Z
309,25,15,,,2026-07-02T00:41:38Z
309,25,16,,,2026-07-02T00:41:38Z
309,25,17,,,2026-07-02T00:41:38Z
309,25,18,,,2026-07-02T00:41:38Z
309,25,19,,,2026-07-02T00:41:38Z
309,25,2,,,2026-07-02T00:41:38Z
309,25,3,,,2026-07-02T00:41:38Z
309,25,4,,,2026-07-02T00:41:38Z
309,25,5,,,2026-07-02T00:41:38Z
309,25,6,,,2026-07-02T00:41:38Z
309,25,7,,,2026-07-02T00:41:38Z
309,25,8,,,2026-07-02T00:41:38Z
309,25,9,,,2026-07-02T00:41:38Z
309,26,10,,,2026-07-02T00:41:38Z
309,26,11,,,2026-07-02T00:41:38Z
309,26,12,,,2026-07-02T00:41:38Z
309,26,13,,,2026-07-02T00:41:38Z
309,26,14,,,2026-07-02T00:41:38Z
309,26,15,,,2026-07-02T00:41:38Z
309,26,16,,,2026-07-02T00:41:38Z
309,26,17,,,2026-07-02T00:41:38Z
309,26,18,,,2026-07-02T00:41:38Z
309,26,19,,,2026-07-02T00:41:38Z
309,26,2,,,2026-07-02T00:41:38Z
309,26,3,,,2026-07-02T00:41:38Z
309,26,4,,,2026-07-02T00:41:38Z
309,26,5,,,2026-07-02T00:41:38Z
309,26,6,,,2026-07-02T00:41:38Z
309,26,7,,,2026-07-02T00:41:38Z
309,26,8,,,2026-07-02T00:41:38Z
309,26,9,,,2026-07-02T00:41:38Z
309,28,10,,,2026-07-02T00:41:38Z
309,28,11,,,2026-07-02T00:41:38Z
309,28,12,,,2026-07-02T00:41:38Z
309,28,13,,,2026-07-02T00:41:38Z
309,28,14,,,2026-07-02T00:41:38Z
309,28,15,,,2026-07-02T00:41:38Z
309,28,16,,,2026-07-02T00:41:38Z
309,28,17,,,2026-07-02T00:41:38Z
309,28,18,,,2026-07-02T00:41:38Z
309,28,19,,,2026-07-02T00:41:38Z
309,28,2,,,2026-07-02T00:41:38Z
309,28,3,,,2026-07-02T00:41:38Z
309,28,4,,,2026-07-02T00:41:38Z
309,28,5,,,2026-07-02T00:41:38Z
309,28,6,,,2026-07-02T00:41:38Z
309,28,7,,,2026-07-02T00:41:38Z
309,28,8,,,2026-07-02T00:41:38Z
309,28,9,,,2026-07-02T00:41:38Z
309,29,10,,,2026-07-02T00:41:38Z
309,29,11,,,2026-07-02T00:41:38Z
309,29,12,,,2026-07-02T00:41:38Z
309,29,13,,,2026-07-02T00:41:38Z
309,29,14,,,2026-07-02T00:41:38Z
309,29,15,,,2026-07-02T00:41:38Z
309,29,16,,,2026-07-02T00:41:38Z
309,29,17,,,2026-07-02T00:41:38Z
309,29,18,,,2026-07-02T00:41:38Z
309,29,19,,,2026-07-02T00:41:38Z
309,29,2,,,2026-07-02T00:41:38Z
309,29,3,,,2026-07-02T00:41:38Z
309,29,4,,,2026-07-02T00:41:38Z
309,29,5,,,2026-07-02T00:41:38Z
309,29,6,,,2026-07-02T00:41:38Z
309,29,7,,,2026-07-02T00:41:38Z
309,29,8,,,2026-07-02T00:41:38Z
309,29,9,,,2026-07-02T00:41:38Z
309,30,10,,,2026-07-02T00:41:38Z
309,30,11,,,2026-07-02T00:41:38Z
309,30,12,,,2026-07-02T00:41:38Z
309,30,13,,,2026-07-02T00:41:38Z
309,30,14,,,2026-07-02T00:41:38Z
309,30,15,,,2026-07-02T00:41:38Z
309,30,16,,,2026-07-02T00:41:38Z
309,30,17,,,2026-07-02T00:41:38Z
309,30,18,,,2026-07-02T00:41:38Z
309,30,19,,,2026-07-02T00:41:38Z
309,30,2,,,2026-07-02T00:41:38Z
309,30,3,,,2026-07-02T00:41:38Z
309,30,4,,,2026-07-02T00:41:38Z
309,30,5,,,2026-07-02T00:41:38Z
309,30,6,,,2026-07-02T00:41:38Z
309,30,7,,,2026-07-02T00:41:38Z
309,30,8,,,2026-07-02T00:41:38Z
309,30,9,,,2026-07-02T00:41:38Z
309,31,10,,,2026-07-02T00:41:38Z
309,31,11,,,2026-07-02T00:41:38Z
309,31,12,,,2026-07-02T00:41:38Z
309,31,13,,,2026-07-02T00:41:38Z
309,31,14,,,2026-07-02T00:41:38Z
309,31,15,,,2026-07-02T00:41:38Z
309,31,16,,,2026-07-02T00:41:38Z
309,31,17,,,2026-07-02T00:41:38Z
309,31,18,,,2026-07-02T00:41:38Z
309,31,19,,,2026-07-02T00:41:38Z
309,31,2,,,2026-07-02T00:41:38Z
309,31,3,,,2026-07-02T00:41:38Z
309,31,4,,,2026-07-02T00:41:38Z
309,31,5,,,2026-07-02T00:41:38Z
309,31,6,,,2026-07-02T00:41:38Z
309,31,7,,,2026-07-02T00:41:38Z
309,31,8,,,2026-07-02T00:41:38Z
309,31,9,,,2026-07-02T00:41:38Z
309,32,10,,,2026-07-02T00:41:38Z
309,32,11,,,2026-07-02T00:41:38Z
309,32,12,,,2026-07-02T00:41:38Z
309,32,13,,,2026-07-02T00:41:38Z
309,32,14,,,2026-07-02T00:41:38Z
309,32,15,,,2026-07-02T00:41:38Z
309,32,16,,,2026-07-02T00:41:38Z
309,32,17,,,2026-07-02T00:41:38Z
309,32,18,,,2026-07-02T00:41:38Z
309,32,19,,,2026-07-02T00:41:38Z
309,32,20,,,2026-07-02T00:41:38Z
309,32,21,,,2026-07-02T00:41:38Z
309,32,5,,,2026-07-02T00:41:38Z
309,32,6,,,2026-07-02T00:41:38Z
309,32,7,,,2026-07-02T00:41:38Z
309,32,8,,,2026-07-02T00:41:38Z
309,32,9,,,2026-07-02T00:41:38Z
309,33,1,,,2026-07-02T00:41:38Z
309,33,2,,,2026-07-02T00:41:38Z
309,33,3,,,2026-07-02T00:41:38Z
309,33,4,,,2026-07-02T00:41:38Z
309,33,5,,,2026-07-02T00:41:38Z
309,34,1,,,2026-07-02T00:41:38Z
309,34,2,,,2026-07-02T00:41:38Z
309,34,3,,,2026-07-02T00:41:38Z
309,34,4,,,2026-07-02T00:41:38Z
309,35,1,,,2026-07-02T00:41:38Z
309,35,2,,,2026-07-02T00:41:38Z
309,36,1,,,2026-07-02T00:41:38Z
310,15,5,,,2026-07-02T00:41:38Z
310,15,6,,,2026-07-02T00:41:38Z
310,19,13,,,2026-07-02T00:41:38Z
310,27,10,,,2026-07-02T00:41:38Z
310,27,11,,,2026-07-02T00:41:38Z
310,27,12,,,2026-07-02T00:41:38Z
310,27,13,,,2026-07-02T00:41:38Z
310,27,14,,,2026-07-02T00:41:38Z
310,27,15,,,2026-07-02T00:41:38Z
310,27,16,,,2026-07-02T00:41:38Z
310,27,17,,,2026-07-02T00:41:38Z
310,27,18,,,2026-07-02T00:41:38Z
310,27,19,,,2026-07-02T00:41:38Z
310,27,2,,,2026-07-02T00:41:38Z
310,27,3,,,2026-07-02T00:41:38Z
310,27,4,,,2026-07-02T00:41:38Z
310,27,5,,,2026-07-02T00:41:38Z
310,27,6,,,2026-07-02T00:41:38Z
310,27,7,,,2026-07-02T00:41:38Z
310,27,8,,,2026-07-02T00:41:38Z
310,27,9,,,2026-07-02T00:41:38Z
310,20,7,,,2026-07-02T00:41:38Z
310,20,8,,,2026-07-02T00:41:38Z
310,21,16,,,2026-07-02T00:41:38Z
310,21,17,,,2026-07-02T00:41:38Z
310,22,10,,,2026-07-02T00:41:38Z
310,22,11,,,2026-07-02T00:41:38Z
310,22,12,,,2026-07-02T00:41:38Z
310,22,13,,,2026-07-02T00:41:38Z
310,22,14,,,2026-07-02T00:41:38Z
310,22,15,,,2026-07-02T00:41:38Z
310,22,9,,,2026-07-02T00:41:38Z
310,23,10,,,2026-07-02T00:41:38Z
310,23,11,,,2026-07-02T00:41:38Z
310,23,12,,,2026-07-02T00:41:38Z
310,23,13,,,2026-07-02T00:41:38Z
310,23,14,,,2026-07-02T00:41:38Z
310,23,15,,,2026-07-02T00:41:38Z
310,23,16,,,2026-07-02T00:41:38Z
310,23,17,,,2026-07-02T00:41:38Z
310,23,18,,,2026-07-02T00:41:38Z
310,23,19,,,2026-07-02T00:41:38Z
310,23,3,,,2026-07-02T00:41:38Z
310,23,4,,,2026-07-02T00:41:38Z
310,23,5,,,2026-07-02T00:41:38Z
310,23,6,,,2026-07-02T00:41:38Z
310,23,7,,,2026-07-02T00:41:38Z
310,23,8,,,2026-07-02T00:41:38Z
310,23,9,,,2026-07-02T00:41:38Z
310,24,10,,,2026-07-02T00:41:38Z
310,24,11,,,2026-07-02T00:41:38Z
310,24,12,,,2026-07-02T00:41:38Z
310,24,13,,,2026-07-02T00:41:38Z
310,24,14,,,2026-07-02T00:41:38Z
310,24,15,,,2026-07-02T00:41:38Z
310,24,16,,,2026-07-02T00:41:38Z
310,24,17,,,2026-07-02T00:41:38Z
310,24,18,,,2026-07-02T00:41:38Z
310,24,19,,,2026-07-02T00:41:38Z
310,24,2,,,2026-07-02T00:41:38Z
310,24,3,,,2026-07-02T00:41:38Z
310,24,4,,,2026-07-02T00:41:38Z
310,24,5,,,2026-07-02T00:41:38Z
310,24,6,,,2026-07-02T00:41:38Z
310,24,7,,,2026-07-02T00:41:38Z
310,24,8,,,2026-07-02T00:41:38Z
310,24,9,,,2026-07-02T00:41:38Z
310,25,10,,,2026-07-02T00:41:38Z
310,25,11,,,2026-07-02T00:41:38Z
310,25,12,,,2026-07-02T00:41:38Z
310,25,13,,,2026-07-02T00:41:38Z
310,25,14,,,2026-07-02T00:41:38Z
310,25,15,,,2026-07-02T00:41:38Z
310,25,16,,,2026-07-02T00:41:38Z
310,25,17,,,2026-07-02T00:41:38Z
310,25,18,,,2026-07-02T00:41:38Z
310,25,19,,,2026-07-02T00:41:38Z
310,25,2,,,2026-07-02T00:41:38Z
310,25,3,,,2026-07-02T00:41:38Z
310,25,4,,,2026-07-02T00:41:38Z
310,25,5,,,2026-07-02T00:41:38Z
310,25,6,,,2026-07-02T00:41:38Z
310,25,7,,,2026-07-02T00:41:38Z
310,25,8,,,2026-07-02T00:41:38Z
310,25,9,,,2026-07-02T00:41:38Z
310,26,10,,,2026-07-02T00:41:38Z
310,26,11,,,2026-07-02T00:41:38Z
310,26,12,,,2026-07-02T00:41:38Z
310,26,13,,,2026-07-02T00:41:38Z
310,26,14,,,2026-07-02T00:41:38Z
310,26,15,,,2026-07-02T00:41:38Z
310,26,16,,,2026-07-02T00:41:38Z
310,26,17,,,2026-07-02T00:41:38Z
310,26,18,,,2026-07-02T00:41:38Z
310,26,19,,,2026-07-02T00:41:38Z
310,26,2,,,2026-07-02T00:41:38Z
310,26,3,,,2026-07-02T00:41:38Z
310,26,4,,,2026-07-02T00:41:38Z
310,26,5,,,2026-07-02T00:41:38Z
310,26,6,,,2026-07-02T00:41:38Z
310,26,7,,,2026-07-02T00:41:38Z
310,26,8,,,2026-07-02T00:41:38Z
310,26,9,,,2026-07-02T00:41:38Z
310,28,10,,,2026-07-02T00:41:38Z
310,28,11,,,2026-07-02T00:41:38Z
310,28,12,,,2026-07-02T00:41:38Z
310,28,13,,,2026-07-02T00:41:38Z
310,28,14,,,2026-07-02T00:41:38Z
310,28,15,,,2026-07-02T00:41:38Z
310,28,16,,,2026-07-02T00:41:38Z
310,28,17,,,2026-07-02T00:41:38Z
310,28,18,,,2026-07-02T00:41:38Z
310,28,19,,,2026-07-02T00:41:38Z
310,28,2,,,2026-07-02T00:41:38Z
310,28,3,,,2026-07-02T00:41:38Z
310,28,4,,,2026-07-02T00:41:38Z
310,28,5,,,2026-07-02T00:41:38Z
310,28,6,,,2026-07-02T00:41:38Z
310,28,7,,,2026-07-02T00:41:38Z
310,28,8,,,2026-07-02T00:41:38Z
310,28,9,,,2026-07-02T00:41:38Z
310,29,10,,,2026-07-02T00:41:38Z
310,29,11,,,2026-07-02T00:41:38Z
310,29,12,,,2026-07-02T00:41:38Z
310,29,13,,,2026-07-02T00:41:38Z
310,29,14,,,2026-07-02T00:41:38Z
310,29,15,,,2026-07-02T00:41:38Z
310,29,16,,,2026-07-02T00:41:38Z
310,29,17,,,2026-07-02T00:41:38Z
310,29,18,,,2026-07-02T00:41:38Z
310,29,19,,,2026-07-02T00:41:38Z
310,29,2,,,2026-07-02T00:41:38Z
310,29,3,,,2026-07-02T00:41:38Z
310,29,4,,,2026-07-02T00:41:38Z
310,29,5,,,2026-07-02T00:41:38Z
310,29,6,,,2026-07-02T00:41:38Z
310,29,7,,,2026-07-02T00:41:38Z
310,29,8,,,2026-07-02T00:41:38Z
310,29,9,,,2026-07-02T00:41:38Z
310,30,10,,,2026-07-02T00:41:38Z
310,30,11,,,2026-07-02T00:41:38Z
310,30,12,,,2026-07-02T00:41:38Z
310,30,13,,,2026-07-02T00:41:38Z
310,30,14,,,2026-07-02T00:41:38Z
310,30,15,,,2026-07-02T00:41:38Z
310,30,16,,,2026-07-02T00:41:38Z
310,30,17,,,2026-07-02T00:41:38Z
310,30,18,,,2026-07-02T00:41:38Z
310,30,19,,,2026-07-02T00:41:38Z
310,30,2,,,2026-07-02T00:41:38Z
310,30,3,,,2026-07-02T00:41:38Z
310,30,4,,,2026-07-02T00:41:38Z
310,30,5,,,2026-07-02T00:41:38Z
310,30,6,,,2026-07-02T00:41:38Z
310,30,7,,,2026-07-02T00:41:38Z
310,30,8,,,2026-07-02T00:41:38Z
310,30,9,,,2026-07-02T00:41:38Z
310,31,10,,,2026-07-02T00:41:38Z
310,31,11,,,2026-07-02T00:41:38Z
310,31,12,,,2026-07-02T00:41:38Z
310,31,13,,,2026-07-02T00:41:38Z
310,31,14,,,2026-07-02T00:41:38Z
310,31,15,,,2026-07-02T00:41:38Z
310,31,16,,,2026-07-02T00:41:38Z
310,31,17,,,2026-07-02T00:41:38Z
310,31,18,,,2026-07-02T00:41:38Z
310,31,19,,,2026-07-02T00:41:38Z
310,31,2,,,2026-07-02T00:41:38Z
310,31,3,,,2026-07-02T00:41:38Z
310,31,4,,,2026-07-02T00:41:38Z
310,31,5,,,2026-07-02T00:41:38Z
310,31,6,,,2026-07-02T00:41:38Z
310,31,7,,,2026-07-02T00:41:38Z
310,31,8,,,2026-07-02T00:41:38Z
310,31,9,,,2026-07-02T00:41:38Z
310,32,10,,,2026-07-02T00:41:38Z
310,32,11,,,2026-07-02T00:41:38Z
310,32,12,,,2026-07-02T00:41:38Z
310,32,13,,,2026-07-02T00:41:38Z
310,32,14,,,2026-07-02T00:41:38Z
310,32,15,,,2026-07-02T00:41:38Z
310,32,16,,,2026-07-02T00:41:38Z
310,32,17,,,2026-07-02T00:41:38Z
310,32,18,,,2026-07-02T00:41:38Z
310,32,19,,,2026-07-02T00:41:38Z
310,32,20,,,2026-07-02T00:41:38Z
310,32,21,,,2026-07-02T00:41:38Z
310,32,3,,,2026-07-02T00:41:38Z
310,32,4,,,2026-07-02T00:41:38Z
310,32,5,,,2026-07-02T00:41:38Z
310,32,6,,,2026-07-02T00:41:38Z
310,32,7,,,2026-07-02T00:41:38Z
310,32,8,,,2026-07-02T00:41:38Z
310,32,9,,,2026-07-02T00:41:38Z
310,9,15,,,2026-07-02T00:41:38Z
310,2,12,,,2026-07-02T00:41:38Z
310,2,13,,,2026-07-02T00:41:38Z
310,3,4,,,2026-07-02T00:41:38Z
310,3,5,,,2026-07-02T00:41:38Z
310,3,6,,,2026-07-02T00:41:38Z
310,3,7,,,2026-07-02T00:41:38Z
310,3,8,,,2026-07-02T00:41:38Z
310,3,9,,,2026-07-02T00:41:38Z
310,3,1,,,2026-07-02T00:41:38Z
310,3,10,,,2026-07-02T00:41:38Z
310,3,11,,,2026-07-02T00:41:38Z
310,3,12,,,2026-07-02T00:41:38Z
310,3,13,,,2026-07-02T00:41:38Z
310,3,14,,,2026-07-02T00:41:38Z
310,3,15,,,2026-07-02T00:41:38Z
310,3,16,,,2026-07-02T00:41:38Z
310,3,17,,,2026-07-02T00:41:38Z
310,3,2,,,2026-07-02T00:41:38Z
310,4,9,,,2026-07-02T00:41:38Z
310,4,10,,,2026-07-02T00:41:38Z
310,4,11,,,2026-07-02T00:41:38Z
310,4,12,,,2026-07-02T00:41:38Z
310,4,13,,,2026-07-02T00:41:38Z
310,4,14,,,2026-07-02T00:41:38Z
310,4,15,,,2026-07-02T00:41:38Z
310,5,4,,,2026-07-02T00:41:38Z
310,5,5,,,2026-07-02T00:41:38Z
310,5,6,,,2026-07-02T00:41:38Z
310,5,7,,,2026-07-02T00:41:38Z
310,5,8,,,2026-07-02T00:41:38Z
310,5,9,,,2026-07-02T00:41:38Z
310,5,10,,,2026-07-02T00:41:38Z
310,5,11,,,2026-07-02T00:41:38Z
310,5,12,,,2026-07-02T00:41:38Z
310,5,13,,,2026-07-02T00:41:38Z
310,5,14,,,2026-07-02T00:41:38Z
310,5,15,,,2026-07-02T00:41:38Z
310,5,16,,,2026-07-02T00:41:38Z
310,6,4,,,2026-07-02T00:41:38Z
310,6,5,,,2026-07-02T00:41:38Z
310,6,6,,,2026-07-02T00:41:38Z
310,6,7,,,2026-07-02T00:41:38Z
310,6,8,,,2026-07-02T00:41:38Z
310,6,9,,,2026-07-02T00:41:38Z
310,6,10,,,2026-07-02T00:41:38Z
310,6,11,,,2026-07-02T00:41:38Z
310,6,12,,,2026-07-02T00:41:38Z
310,6,13,,,2026-07-02T00:41:38Z
310,6,14,,,2026-07-02T00:41:38Z
310,6,15,,,2026-07-02T00:41:38Z
310,6,16,,,2026-07-02T00:41:38Z
310,7,4,,,2026-07-02T00:41:38Z
310,7,5,,,2026-07-02T00:41:38Z
310,7,6,,,2026-07-02T00:41:38Z
310,7,7,,,2026-07-02T00:41:38Z
310,7,8,,,2026-07-02T00:41:38Z
310,7,9,,,2026-07-02T00:41:38Z
310,7,10,,,2026-07-02T00:41:38Z
310,7,11,,,2026-07-02T00:41:38Z
310,7,12,,,2026-07-02T00:41:38Z
310,7,13,,,2026-07-02T00:41:38Z
310,7,14,,,2026-07-02T00:41:38Z
310,7,15,,,2026-07-02T00:41:38Z
310,7,16,,,2026-07-02T00:41:38Z
311,1,1,,,2026-07-02T00:41:38Z
311,1,10,,,2026-07-02T00:41:38Z
311,1,11,,,2026-07-02T00:41:38Z
311,1,12,,,2026-07-02T00:41:38Z
311,1,13,,,2026-07-02T00:41:38Z
311,1,14,,,2026-07-02T00:41:38Z
311,1,15,,,2026-07-02T00:41:38Z
311,1,2,,,2026-07-02T00:41:38Z
311,1,3,,,2026-07-02T00:41:38Z
311,2,8,,,2026-07-02T00:41:38Z
311,2,9,,,2026-07-02T00:41:38Z
311,2,1,,,2026-07-02T00:41:38Z
311,2,10,,,2026-07-02T00:41:38Z
311,2,11,,,2026-07-02T00:41:38Z
311,2,2,,,2026-07-02T00:41:38Z
311,3,4,,,2026-07-02T00:41:38Z
311,3,5,,,2026-07-02T00:41:38Z
311,3,6,,,2026-07-02T00:41:38Z
311,3,7,,,2026-07-02T00:41:38Z
311,3,8,,,2026-07-02T00:41:38Z
311,3,9,,,2026-07-02T00:41:38Z
311,3,1,,,2026-07-02T00:41:38Z
311,3,10,,,2026-07-02T00:41:38Z
311,3,11,,,2026-07-02T00:41:38Z
311,3,12,,,2026-07-02T00:41:38Z
311,3,13,,,2026-07-02T00:41:38Z
311,3,14,,,2026-07-02T00:41:38Z
311,3,15,,,2026-07-02T00:41:38Z
311,3,2,,,2026-07-02T00:41:38Z
311,3,3,,,2026-07-02T00:41:38Z
311,4,4,,,2026-07-02T00:41:38Z
311,4,5,,,2026-07-02T00:41:38Z
311,4,6,,,2026-07-02T00:41:38Z
311,4,7,,,2026-07-02T00:41:38Z
311,4,8,,,2026-07-02T00:41:38Z
311,4,9,,,2026-07-02T00:41:38Z
311,4,10,,,2026-07-02T00:41:38Z
311,4,11,,,2026-07-02T00:41:38Z
311,4,12,,,2026-07-02T00:41:38Z
311,4,13,,,2026-07-02T00:41:38Z
311,4,14,,,2026-07-02T00:41:38Z
311,4,15,,,2026-07-02T00:41:38Z
311,5,4,,,2026-07-02T00:41:38Z
311,5,5,,,2026-07-02T00:41:38Z
311,5,6,,,2026-07-02T00:41:38Z
311,5,7,,,2026-07-02T00:41:38Z
311,5,8,,,2026-07-02T00:41:38Z
311,5,9,,,2026-07-02T00:41:38Z
311,5,10,,,2026-07-02T00:41:38Z
311,5,11,,,2026-07-02T00:41:38Z
311,5,12,,,2026-07-02T00:41:38Z
311,5,13,,,2026-07-02T00:41:38Z
311,5,14,,,2026-07-02T00:41:38Z
311,5,15,,,2026-07-02T00:41:38Z
311,5,16,,,2026-07-02T00:41:38Z
311,6,6,,,2026-07-02T00:41:38Z
311,6,7,,,2026-07-02T00:41:38Z
311,6,8,,,2026-07-02T00:41:38Z
311,6,9,,,2026-07-02T00:41:38Z
311,6,10,,,2026-07-02T00:41:38Z
311,6,11,,,2026-07-02T00:41:38Z
311,6,12,,,2026-07-02T00:41:38Z
311,6,13,,,2026-07-02T00:41:38Z
311,6,14,,,2026-07-02T00:41:38Z
311,6,15,,,2026-07-02T00:41:38Z
311,6,16,,,2026-07-02T00:41:38Z
311,7,6,,,2026-07-02T00:41:38Z
311,7,7,,,2026-07-02T00:41:38Z
311,7,8,,,2026-07-02T00:41:38Z
311,7,9,,,2026-07-02T00:41:38Z
311,7,10,,,2026-07-02T00:41:38Z
311,7,11,,,2026-07-02T00:41:38Z
311,7,12,,,2026-07-02T00:41:38Z
311,7,13,,,2026-07-02T00:41:38Z
311,7,14,,,2026-07-02T00:41:38Z
311,7,15,,,2026-07-02T00:41:38Z
311,7,16,,,2026-07-02T00:41:38Z
311,10,3,,,2026-07-02T00:41:38Z
311,10,4,,,2026-07-02T00:41:38Z
311,10,5,,,2026-07-02T00:41:38Z
311,11,15,,,2026-07-02T00:41:38Z
311,11,16,,,2026-07-02T00:41:38Z
311,11,17,,,2026-07-02T00:41:38Z
311,11,18,,,2026-07-02T00:41:38Z
311,11,19,,,2026-07-02T00:41:38Z
311,12,15,,,2026-07-02T00:41:38Z
311,12,16,,,2026-07-02T00:41:38Z
311,12,17,,,2026-07-02T00:41:38Z
311,12,18,,,2026-07-02T00:41:38Z
311,12,19,,,2026-07-02T00:41:38Z
311,12,5,,,2026-07-02T00:41:38Z
311,12,6,,,2026-07-02T00:41:38Z
311,12,7,,,2026-07-02T00:41:38Z
311,12,8,,,2026-07-02T00:41:38Z
311,13,10,,,2026-07-02T00:41:38Z
311,13,11,,,2026-07-02T00:41:38Z
311,13,12,,,2026-07-02T00:41:38Z
311,13,13,,,2026-07-02T00:41:38Z
311,13,14,,,2026-07-02T00:41:38Z
311,13,15,,,2026-07-02T00:41:38Z
311,13,16,,,2026-07-02T00:41:38Z
311,13,17,,,2026-07-02T00:41:38Z
311,13,18,,,2026-07-02T00:41:38Z
311,13,19,,,2026-07-02T00:41:38Z
311,13,9,,,2026-07-02T00:41:38Z
311,19,10,,,2026-07-02T00:41:38Z
311,19,11,,,2026-07-02T00:41:38Z
311,19,12,,,2026-07-02T00:41:38Z
311,19,13,,,2026-07-02T00:41:38Z
311,19,14,,,2026-07-02T00:41:38Z
311,19,15,,,2026-07-02T00:41:38Z
311,19,16,,,2026-07-02T00:41:38Z
311,19,17,,,2026-07-02T00:41:38Z
311,19,18,,,2026-07-02T00:41:38Z
311,19,19,,,2026-07-02T00:41:38Z
311,19,2,,,2026-07-02T00:41:38Z
311,19,3,,,2026-07-02T00:41:38Z
311,19,4,,,2026-07-02T00:41:38Z
311,19,5,,,2026-07-02T00:41:38Z
311,19,6,,,2026-07-02T00:41:38Z
311,19,7,,,2026-07-02T00:41:38Z
311,19,8,,,2026-07-02T00:41:38Z
311,19,9,,,2026-07-02T00:41:38Z
311,27,10,,,2026-07-02T00:41:38Z
311,27,11,,,2026-07-02T00:41:38Z
311,27,12,,,2026-07-02T00:41:38Z
311,27,13,,,2026-07-02T00:41:38Z
311,27,14,,,2026-07-02T00:41:38Z
311,27,15,,,2026-07-02T00:41:38Z
311,27,16,,,2026-07-02T00:41:38Z
311,27,17,,,2026-07-02T00:41:38Z
311,27,18,,,2026-07-02T00:41:38Z
311,27,19,,,2026-07-02T00:41:38Z
311,27,2,,,2026-07-02T00:41:38Z
311,27,3,,,2026-07-02T00:41:38Z
311,27,4,,,2026-07-02T00:41:38Z
311,27,5,,,2026-07-02T00:41:38Z
311,27,6,,,2026-07-02T00:41:38Z
311,27,7,,,2026-07-02T00:41:38Z
311,27,8,,,2026-07-02T00:41:38Z
311,27,9,,,2026-07-02T00:41:38Z
311,20,10,,,2026-07-02T00:41:38Z
311,20,11,,,2026-07-02T00:41:38Z
311,20,12,,,2026-07-02T00:41:38Z
311,20,13,,,2026-07-02T00:41:38Z
311,20,14,,,2026-07-02T00:41:38Z
311,20,15,,,2026-07-02T00:41:38Z
311,20,16,,,2026-07-02T00:41:38Z
311,20,17,,,2026-07-02T00:41:38Z
311,20,18,,,2026-07-02T00:41:38Z
311,20,19,,,2026-07-02T00:41:38Z
311,20,2,,,2026-07-02T00:41:38Z
311,20,3,,,2026-07-02T00:41:38Z
311,20,4,,,2026-07-02T00:41:38Z
311,20,5,,,2026-07-02T00:41:38Z
311,20,6,,,2026-07-02T00:41:38Z
311,20,7,,,2026-07-02T00:41:38Z
311,20,8,,,2026-07-02T00:41:38Z
311,20,9,,,2026-07-02T00:41:38Z
311,21,10,,,2026-07-02T00:41:38Z
311,21,11,,,2026-07-02T00:41:38Z
311,21,12,,,2026-07-02T00:41:38Z
311,21,13,,,2026-07-02T00:41:38Z
311,21,14,,,2026-07-02T00:41:38Z
311,21,15,,,2026-07-02T00:41:38Z
311,21,16,,,2026-07-02T00:41:38Z
311,21,17,,,2026-07-02T00:41:38Z
311,21,18,,,2026-07-02T00:41:38Z
311,21,19,,,2026-07-02T00:41:38Z
311,21,2,,,2026-07-02T00:41:38Z
311,21,3,,,2026-07-02T00:41:38Z
311,21,4,,,2026-07-02T00:41:38Z
311,21,5,,,2026-07-02T00:41:38Z
311,21,6,,,2026-07-02T00:41:38Z
311,21,7,,,2026-07-02T00:41:38Z
311,21,8,,,2026-07-02T00:41:38Z
311,21,9,,,2026-07-02T00:41:38Z
311,22,10,,,2026-07-02T00:41:38Z
311,22,11,,,2026-07-02T00:41:38Z
311,22,12,,,2026-07-02T00:41:38Z
311,22,13,,,2026-07-02T00:41:38Z
311,22,14,,,2026-07-02T00:41:38Z
311,22,15,,,2026-07-02T00:41:38Z
311,22,16,,,2026-07-02T00:41:38Z
311,22,17,,,2026-07-02T00:41:38Z
311,22,18,,,2026-07-02T00:41:38Z
311,22,19,,,2026-07-02T00:41:38Z
311,22,2,,,2026-07-02T00:41:38Z
311,22,3,,,2026-07-02T00:41:38Z
311,22,4,,,2026-07-02T00:41:38Z
311,22,5,,,2026-07-02T00:41:38Z
311,22,6,,,2026-07-02T00:41:38Z
311,22,7,,,2026-07-02T00:41:38Z
311,22,8,,,2026-07-02T00:41:38Z
311,22,9,,,2026-07-02T00:41:38Z
311,23,10,,,2026-07-02T00:41:38Z
311,23,11,,,2026-07-02T00:41:38Z
311,23,12,,,2026-07-02T00:41:38Z
311,23,13,,,2026-07-02T00:41:38Z
311,23,14,,,2026-07-02T00:41:38Z
311,23,15,,,2026-07-02T00:41:38Z
311,23,16,,,2026-07-02T00:41:38Z
311,23,17,,,2026-07-02T00:41:38Z
311,23,18,,,2026-07-02T00:41:38Z
311,23,19,,,2026-07-02T00:41:38Z
311,23,2,,,2026-07-02T00:41:38Z
311,23,3,,,2026-07-02T00:41:38Z
311,23,4,,,2026-07-02T00:41:38Z
311,23,5,,,2026-07-02T00:41:38Z
311,23,6,,,2026-07-02T00:41:38Z
311,23,7,,,2026-07-02T00:41:38Z
311,23,8,,,2026-07-02T00:41:38Z
311,23,9,,,2026-07-02T00:41:38Z
311,24,10,,,2026-07-02T00:41:38Z
311,24,11,,,2026-07-02T00:41:38Z
311,24,12,,,2026-07-02T00:41:38Z
311,24,13,,,2026-07-02T00:41:38Z
311,24,14,,,2026-07-02T00:41:38Z
311,24,15,,,2026-07-02T00:41:38Z
311,24,16,,,2026-07-02T00:41:38Z
311,24,17,,,2026-07-02T00:41:38Z
311,24,18,,,2026-07-02T00:41:38Z
311,24,19,,,2026-07-02T00:41:38Z
311,24,2,,,2026-07-02T00:41:38Z
311,24,3,,,2026-07-02T00:41:38Z
311,24,4,,,2026-07-02T00:41:38Z
311,24,5,,,2026-07-02T00:41:38Z
311,24,6,,,2026-07-02T00:41:38Z
311,24,7,,,2026-07-02T00:41:38Z
311,24,8,,,2026-07-02T00:41:38Z
311,24,9,,,2026-07-02T00:41:38Z
311,25,10,,,2026-07-02T00:41:38Z
311,25,11,,,2026-07-02T00:41:38Z
311,25,12,,,2026-07-02T00:41:38Z
311,25,13,,,2026-07-02T00:41:38Z
311,25,14,,,2026-07-02T00:41:38Z
311,25,15,,,2026-07-02T00:41:38Z
311,25,16,,,2026-07-02T00:41:38Z
311,25,17,,,2026-07-02T00:41:38Z
311,25,18,,,2026-07-02T00:41:38Z
311,25,19,,,2026-07-02T00:41:38Z
311,25,2,,,2026-07-02T00:41:38Z
311,25,3,,,2026-07-02T00:41:38Z
311,25,4,,,2026-07-02T00:41:38Z
311,25,5,,,2026-07-02T00:41:38Z
311,25,6,,,2026-07-02T00:41:38Z
311,25,7,,,2026-07-02T00:41:38Z
311,25,8,,,2026-07-02T00:41:38Z
311,25,9,,,2026-07-02T00:41:38Z
311,26,10,,,2026-07-02T00:41:38Z
311,26,11,,,2026-07-02T00:41:38Z
311,26,12,,,2026-07-02T00:41:38Z
311,26,13,,,2026-07-02T00:41:38Z
311,26,14,,,2026-07-02T00:41:38Z
311,26,15,,,2026-07-02T00:41:38Z
311,26,16,,,2026-07-02T00:41:38Z
311,26,17,,,2026-07-02T00:41:38Z
311,26,18,,,2026-07-02T00:41:38Z
311,26,19,,,2026-07-02T00:41:38Z
311,26,2,,,2026-07-02T00:41:38Z
311,26,3,,,2026-07-02T00:41:38Z
311,26,4,,,2026-07-02T00:41:38Z
311,26,5,,,2026-07-02T00:41:38Z
311,26,6,,,2026-07-02T00:41:38Z
311,26,7,,,2026-07-02T00:41:38Z
311,26,8,,,2026-07-02T00:41:38Z
311,26,9,,,2026-07-02T00:41:38Z
311,28,10,,,2026-07-02T00:41:38Z
311,28,11,,,2026-07-02T00:41:38Z
311,28,12,,,2026-07-02T00:41:38Z
311,28,13,,,2026-07-02T00:41:38Z
311,28,14,,,2026-07-02T00:41:38Z
311,28,15,,,2026-07-02T00:41:38Z
311,28,16,,,2026-07-02T00:41:38Z
311,28,17,,,2026-07-02T00:41:38Z
311,28,18,,,2026-07-02T00:41:38Z
311,28,19,,,2026-07-02T00:41:38Z
311,28,2,,,2026-07-02T00:41:38Z
311,28,3,,,2026-07-02T00:41:38Z
311,28,4,,,2026-07-02T00:41:38Z
311,28,5,,,2026-07-02T00:41:38Z
311,28,6,,,2026-07-02T00:41:38Z
311,28,7,,,2026-07-02T00:41:38Z
311,28,8,,,2026-07-02T00:41:38Z
311,28,9,,,2026-07-02T00:41:38Z
311,29,10,,,2026-07-02T00:41:38Z
311,29,11,,,2026-07-02T00:41:38Z
311,29,12,,,2026-07-02T00:41:38Z
311,29,13,,,2026-07-02T00:41:38Z
311,29,14,,,2026-07-02T00:41:38Z
311,29,15,,,2026-07-02T00:41:38Z
311,29,16,,,2026-07-02T00:41:38Z
311,29,17,,,2026-07-02T00:41:38Z
311,29,18,,,2026-07-02T00:41:38Z
311,29,19,,,2026-07-02T00:41:38Z
311,29,2,,,2026-07-02T00:41:38Z
311,29,3,,,2026-07-02T00:41:38Z
311,29,4,,,2026-07-02T00:41:38Z
311,29,5,,,2026-07-02T00:41:38Z
311,29,6,,,2026-07-02T00:41:38Z
311,29,7,,,2026-07-02T00:41:38Z
311,29,8,,,2026-07-02T00:41:38Z
311,29,9,,,2026-07-02T00:41:38Z
311,30,10,,,2026-07-02T00:41:38Z
311,30,11,,,2026-07-02T00:41:38Z
311,30,12,,,2026-07-02T00:41:38Z
311,30,13,,,2026-07-02T00:41:38Z
311,30,14,,,2026-07-02T00:41:38Z
311,30,15,,,2026-07-02T00:41:38Z
311,30,16,,,2026-07-02T00:41:38Z
311,30,17,,,2026-07-02T00:41:38Z
311,30,18,,,2026-07-02T00:41:38Z
311,30,19,,,2026-07-02T00:41:38Z
311,30,2,,,2026-07-02T00:41:38Z
311,30,3,,,2026-07-02T00:41:38Z
311,30,4,,,2026-07-02T00:41:38Z
311,30,5,,,2026-07-02T00:41:38Z
311,30,6,,,2026-07-02T00:41:38Z
311,30,7,,,2026-07-02T00:41:38Z
311,30,8,,,2026-07-02T00:41:38Z
311,30,9,,,2026-07-02T00:41:38Z
311,31,10,,,2026-07-02T00:41:38Z
311,31,11,,,2026-07-02T00:41:38Z
311,31,12,,,2026-07-02T00:41:38Z
311,31,13,,,2026-07-02T00:41:38Z
311,31,14,,,2026-07-02T00:41:38Z
311,31,15,,,2026-07-02T00:41:38Z
311,31,16,,,2026-07-02T00:41:38Z
311,31,17,,,2026-07-02T00:41:38Z
311,31,18,,,2026-07-02T00:41:38Z
311,31,19,,,2026-07-02T00:41:38Z
311,31,2,,,2026-07-02T00:41:38Z
311,31,3,,,2026-07-02T00:41:38Z
311,31,4,,,2026-07-02T00:41:38Z
311,31,5,,,2026-07-02T00:41:38Z
311,31,6,,,2026-07-02T00:41:38Z
311,31,7,,,2026-07-02T00:41:38Z
311,31,8,,,2026-07-02T00:41:38Z
311,31,9,,,2026-07-02T00:41:38Z
311,32,10,,,2026-07-02T00:41:38Z
311,32,11,,,2026-07-02T00:41:38Z
311,32,12,,,2026-07-02T00:41:38Z
311,32,13,,,2026-07-02T00:41:38Z
311,32,14,,,2026-07-02T00:41:38Z
311,32,15,,,2026-07-02T00:41:38Z
311,32,16,,,2026-07-02T00:41:38Z
311,32,17,,,2026-07-02T00:41:38Z
311,32,18,,,2026-07-02T00:41:38Z
311,32,19,,,2026-07-02T00:41:38Z
311,32,20,,,2026-07-02T00:41:38Z
311,32,21,,,2026-07-02T00:41:38Z
311,32,22,,,2026-07-02T00:41:38Z
311,32,3,,,2026-07-02T00:41:38Z
311,32,4,,,2026-07-02T00:41:38Z
311,32,5,,,2026-07-02T00:41:38Z
311,32,6,,,2026-07-02T00:41:38Z
311,32,7,,,2026-07-02T00:41:38Z
311,32,8,,,2026-07-02T00:41:38Z
311,32,9,,,2026-07-02T00:41:38Z
311,9,14,,,2026-07-02T00:41:38Z
311,9,15,,,2026-07-02T00:41:38Z
311,9,16,,,2026-07-02T00:41:38Z
312,10,11,,,2026-07-02T00:41:38Z
312,10,12,,,2026-07-02T00:41:38Z
312,10,13,,,2026-07-02T00:41:38Z
312,11,11,,,2026-07-02T00:41:38Z
312,11,12,,,2026-07-02T00:41:38Z
312,11,13,,,2026-07-02T00:41:38Z
312,11,14,,,2026-07-02T00:41:38Z
312,11,15,,,2026-07-02T00:41:38Z
312,12,10,,,2026-07-02T00:41:38Z
312,12,11,,,2026-07-02T00:41:38Z
312,12,12,,,2026-07-02T00:41:38Z
312,12,13,,,2026-07-02T00:41:38Z
312,12,14,,,2026-07-02T00:41:38Z
312,12,15,,,2026-07-02T00:41:38Z
312,12,16,,,2026-07-02T00:41:38Z
312,12,17,,,2026-07-02T00:41:38Z
312,12,7,,,2026-07-02T00:41:38Z
312,12,8,,,2026-07-02T00:41:38Z
312,12,9,,,2026-07-02T00:41:38Z
312,13,10,,,2026-07-02T00:41:38Z
312,13,11,,,2026-07-02T00:41:38Z
312,13,12,,,2026-07-02T00:41:38Z
312,13,13,,,2026-07-02T00:41:38Z
312,13,14,,,2026-07-02T00:41:38Z
312,13,2,,,2026-07-02T00:41:38Z
312,13,3,,,2026-07-02T00:41:38Z
312,13,4,,,2026-07-02T00:41:38Z
312,13,5,,,2026-07-02T00:41:38Z
312,13,6,,,2026-07-02T00:41:38Z
312,13,7,,,2026-07-02T00:41:38Z
312,13,8,,,2026-07-02T00:41:38Z
312,13,9,,,2026-07-02T00:41:38Z
312,19,10,,,2026-07-02T00:41:38Z
312,19,11,,,2026-07-02T00:41:38Z
312,19,12,,,2026-07-02T00:41:38Z
312,19,13,,,2026-07-02T00:41:38Z
312,19,14,,,2026-07-02T00:41:38Z
312,19,15,,,2026-07-02T00:41:38Z
312,19,16,,,2026-07-02T00:41:38Z
312,19,17,,,2026-07-02T00:41:38Z
312,19,18,,,2026-07-02T00:41:38Z
312,19,19,,,2026-07-02T00:41:38Z
312,19,2,,,2026-07-02T00:41:38Z
312,19,3,,,2026-07-02T00:41:38Z
312,19,4,,,2026-07-02T00:41:38Z
312,19,5,,,2026-07-02T00:41:38Z
312,19,6,,,2026-07-02T00:41:38Z
312,19,7,,,2026-07-02T00:41:38Z
312,19,8,,,2026-07-02T00:41:38Z
312,19,9,,,2026-07-02T00:41:38Z
312,27,10,,,2026-07-02T00:41:38Z
312,27,11,,,2026-07-02T00:41:38Z
312,27,12,,,2026-07-02T00:41:38Z
312,27,13,,,2026-07-02T00:41:38Z
312,27,14,,,2026-07-02T00:41:38Z
312,27,15,,,2026-07-02T00:41:38Z
312,27,16,,,2026-07-02T00:41:38Z
312,27,17,,,2026-07-02T00:41:38Z
312,27,18,,,2026-07-02T00:41:38Z
312,27,19,,,2026-07-02T00:41:38Z
312,27,20,,,2026-07-02T00:41:38Z
312,27,3,,,2026-07-02T00:41:38Z
312,27,4,,,2026-07-02T00:41:38Z
312,27,5,,,2026-07-02T00:41:38Z
312,27,6,,,2026-07-02T00:41:38Z
312,27,7,,,2026-07-02T00:41:38Z
312,27,8,,,2026-07-02T00:41:38Z
312,27,9,,,2026-07-02T00:41:38Z
312,20,10,,,2026-07-02T00:41:38Z
312,20,11,,,2026-07-02T00:41:38Z
312,20,12,,,2026-07-02T00:41:38Z
312,20,13,,,2026-07-02T00:41:38Z
312,20,14,,,2026-07-02T00:41:38Z
312,20,15,,,2026-07-02T00:41:38Z
312,20,16,,,2026-07-02T00:41:38Z
312,20,17,,,2026-07-02T00:41:38Z
312,20,18,,,2026-07-02T00:41:38Z
312,20,19,,,2026-07-02T00:41:38Z
312,20,2,,,2026-07-02T00:41:38Z
312,20,3,,,2026-07-02T00:41:38Z
312,20,4,,,2026-07-02T00:41:38Z
312,20,5,,,2026-07-02T00:41:38Z
312,20,6,,,2026-07-02T00:41:38Z
312,20,7,,,2026-07-02T00:41:38Z
312,20,8,,,2026-07-02T00:41:38Z
312,20,9,,,2026-07-02T00:41:38Z
312,21,10,,,2026-07-02T00:41:38Z
312,21,11,,,2026-07-02T00:41:38Z
312,21,12,,,2026-07-02T00:41:38Z
312,21,13,,,2026-07-02T00:41:38Z
312,21,14,,,2026-07-02T00:41:38Z
312,21,15,,,2026-07-02T00:41:38Z
312,21,16,,,2026-07-02T00:41:38Z
312,21,17,,,2026-07-02T00:41:38Z
312,21,18,,,2026-07-02T00:41:38Z
312,21,19,,,2026-07-02T00:41:38Z
312,21,2,,,2026-07-02T00:41:38Z
312,21,3,,,2026-07-02T00:41:38Z
312,21,4,,,2026-07-02T00:41:38Z
312,21,5,,,2026-07-02T00:41:38Z
312,21,6,,,2026-07-02T00:41:38Z
312,21,7,,,2026-07-02T00:41:38Z
312,21,8,,,2026-07-02T00:41:38Z
312,21,9,,,2026-07-02T00:41:38Z
312,22,10,,,2026-07-02T00:41:38Z
312,22,11,,,2026-07-02T00:41:38Z
312,22,12,,,2026-07-02T00:41:38Z
312,22,13,,,2026-07-02T00:41:38Z
312,22,14,,,2026-07-02T00:41:38Z
312,22,15,,,2026-07-02T00:41:38Z
312,22,16,,,2026-07-02T00:41:38Z
312,22,17,,,2026-07-02T00:41:38Z
312,22,18,,,2026-07-02T00:41:38Z
312,22,19,,,2026-07-02T00:41:38Z
312,22,2,,,2026-07-02T00:41:38Z
312,22,3,,,2026-07-02T00:41:38Z
312,22,4,,,2026-07-02T00:41:38Z
312,22,5,,,2026-07-02T00:41:38Z
312,22,6,,,2026-07-02T00:41:38Z
312,22,7,,,2026-07-02T00:41:38Z
312,22,8,,,2026-07-02T00:41:38Z
312,22,9,,,2026-07-02T00:41:38Z
312,23,10,,,2026-07-02T00:41:38Z
312,23,11,,,2026-07-02T00:41:38Z
312,23,12,,,2026-07-02T00:41:38Z
312,23,13,,,2026-07-02T00:41:38Z
312,23,14,,,2026-07-02T00:41:38Z
312,23,15,,,2026-07-02T00:41:38Z
312,23,16,,,2026-07-02T00:41:38Z
312,23,17,,,2026-07-02T00:41:38Z
312,23,18,,,2026-07-02T00:41:38Z
312,23,19,,,2026-07-02T00:41:38Z
312,23,2,,,2026-07-02T00:41:38Z
312,23,3,,,2026-07-02T00:41:38Z
312,23,4,,,2026-07-02T00:41:38Z
312,23,5,,,2026-07-02T00:41:38Z
312,23,6,,,2026-07-02T00:41:38Z
312,23,7,,,2026-07-02T00:41:38Z
312,23,8,,,2026-07-02T00:41:38Z
312,23,9,,,2026-07-02T00:41:38Z
312,24,10,,,2026-07-02T00:41:38Z
312,24,11,,,2026-07-02T00:41:38Z
312,24,12,,,2026-07-02T00:41:38Z
312,24,13,,,2026-07-02T00:41:38Z
312,24,14,,,2026-07-02T00:41:38Z
312,24,15,,,2026-07-02T00:41:38Z
312,24,16,,,2026-07-02T00:41:38Z
312,24,17,,,2026-07-02T00:41:38Z
312,24,18,,,2026-07-02T00:41:38Z
312,24,19,,,2026-07-02T00:41:38Z
312,24,20,,,2026-07-02T00:41:38Z
312,24,3,,,2026-07-02T00:41:38Z
312,24,4,,,2026-07-02T00:41:38Z
312,24,5,,,2026-07-02T00:41:38Z
312,24,6,,,2026-07-02T00:41:38Z
312,24,7,,,2026-07-02T00:41:38Z
312,24,8,,,2026-07-02T00:41:38Z
312,24,9,,,2026-07-02T00:41:38Z
312,25,10,,,2026-07-02T00:41:38Z
312,25,11,,,2026-07-02T00:41:38Z
312,25,12,,,2026-07-02T00:41:38Z
312,25,13,,,2026-07-02T00:41:38Z
312,25,14,,,2026-07-02T00:41:38Z
312,25,15,,,2026-07-02T00:41:38Z
312,25,16,,,2026-07-02T00:41:38Z
312,25,17,,,2026-07-02T00:41:38Z
312,25,18,,,2026-07-02T00:41:38Z
312,25,19,,,2026-07-02T00:41:38Z
312,25,20,,,2026-07-02T00:41:38Z
312,25,3,,,2026-07-02T00:41:38Z
312,25,4,,,2026-07-02T00:41:38Z
312,25,5,,,2026-07-02T00:41:38Z
312,25,6,,,2026-07-02T00:41:38Z
312,25,7,,,2026-07-02T00:41:38Z
312,25,8,,,2026-07-02T00:41:38Z
312,25,9,,,2026-07-02T00:41:38Z
312,26,10,,,2026-07-02T00:41:38Z
312,26,11,,,2026-07-02T00:41:38Z
312,26,12,,,2026-07-02T00:41:38Z
312,26,13,,,2026-07-02T00:41:38Z
312,26,14,,,2026-07-02T00:41:38Z
312,26,15,,,2026-07-02T00:41:38Z
312,26,16,,,2026-07-02T00:41:38Z
312,26,17,,,2026-07-02T00:41:38Z
312,26,18,,,2026-07-02T00:41:38Z
312,26,19,,,2026-07-02T00:41:38Z
312,26,20,,,2026-07-02T00:41:38Z
312,26,3,,,2026-07-02T00:41:38Z
312,26,4,,,2026-07-02T00:41:38Z
312,26,5,,,2026-07-02T00:41:38Z
312,26,6,,,2026-07-02T00:41:38Z
312,26,7,,,2026-07-02T00:41:38Z
312,26,8,,,2026-07-02T00:41:38Z
312,26,9,,,2026-07-02T00:41:38Z
312,28,10,,,2026-07-02T00:41:38Z
312,28,11,,,2026-07-02T00:41:38Z
312,28,12,,,2026-07-02T00:41:38Z
312,28,13,,,2026-07-02T00:41:38Z
312,28,14,,,2026-07-02T00:41:38Z
312,28,15,,,2026-07-02T00:41:38Z
312,28,16,,,2026-07-02T00:41:38Z
312,28,17,,,2026-07-02T00:41:38Z
312,28,18,,,2026-07-02T00:41:38Z
312,28,19,,,2026-07-02T00:41:38Z
312,28,20,,,2026-07-02T00:41:38Z
312,28,3,,,2026-07-02T00:41:38Z
312,28,4,,,2026-07-02T00:41:38Z
312,28,5,,,2026-07-02T00:41:38Z
312,28,6,,,2026-07-02T00:41:38Z
312,28,7,,,2026-07-02T00:41:38Z
312,28,8,,,2026-07-02T00:41:38Z
312,28,9,,,2026-07-02T00:41:38Z
312,29,10,,,2026-07-02T00:41:38Z
312,29,11,,,2026-07-02T00:41:38Z
312,29,12,,,2026-07-02T00:41:38Z
312,29,13,,,2026-07-02T00:41:38Z
312,29,14,,,2026-07-02T00:41:38Z
312,29,15,,,2026-07-02T00:41:38Z
312,29,16,,,2026-07-02T00:41:38Z
312,29,17,,,2026-07-02T00:41:38Z
312,29,18,,,2026-07-02T00:41:38Z
312,29,19,,,2026-07-02T00:41:38Z
312,29,20,,,2026-07-02T00:41:38Z
312,29,21,,,2026-07-02T00:41:38Z
312,29,3,,,2026-07-02T00:41:38Z
312,29,4,,,2026-07-02T00:41:38Z
312,29,5,,,2026-07-02T00:41:38Z
312,29,6,,,2026-07-02T00:41:38Z
312,29,7,,,2026-07-02T00:41:38Z
312,29,8,,,2026-07-02T00:41:38Z
312,29,9,,,2026-07-02T00:41:38Z
312,30,10,,,2026-07-02T00:41:38Z
312,30,11,,,2026-07-02T00:41:38Z
312,30,12,,,2026-07-02T00:41:38Z
312,30,13,,,2026-07-02T00:41:38Z
312,30,14,,,2026-07-02T00:41:38Z
312,30,15,,,2026-07-02T00:41:38Z
312,30,16,,,2026-07-02T00:41:38Z
312,30,17,,,2026-07-02T00:41:38Z
312,30,18,,,2026-07-02T00:41:38Z
312,30,19,,,2026-07-02T00:41:38Z
312,30,20,,,2026-07-02T00:41:38Z
312,30,21,,,2026-07-02T00:41:38Z
312,30,3,,,2026-07-02T00:41:38Z
312,30,4,,,2026-07-02T00:41:38Z
312,30,5,,,2026-07-02T00:41:38Z
312,30,6,,,2026-07-02T00:41:38Z
312,30,7,,,2026-07-02T00:41:38Z
312,30,8,,,2026-07-02T00:41:38Z
312,30,9,,,2026-07-02T00:41:38Z
312,31,10,,,2026-07-02T00:41:38Z
312,31,11,,,2026-07-02T00:41:38Z
312,31,12,,,2026-07-02T00:41:38Z
312,31,13,,,2026-07-02T00:41:38Z
312,31,14,,,2026-07-02T00:41:38Z
312,31,15,,,2026-07-02T00:41:38Z
312,31,16,,,2026-07-02T00:41:38Z
312,31,17,,,2026-07-02T00:41:38Z
312,31,18,,,2026-07-02T00:41:38Z
312,31,19,,,2026-07-02T00:41:38Z
312,31,20,,,2026-07-02T00:41:38Z
312,31,21,,,2026-07-02T00:41:38Z
312,31,3,,,2026-07-02T00:41:38Z
312,31,4,,,2026-07-02T00:41:38Z
312,31,5,,,2026-07-02T00:41:38Z
312,31,6,,,2026-07-02T00:41:38Z
312,31,7,,,2026-07-02T00:41:38Z
312,31,8,,,2026-07-02T00:41:38Z
312,31,9,,,2026-07-02T00:41:38Z
312,32,10,,,2026-07-02T00:41:38Z
312,32,11,,,2026-07-02T00:41:38Z
312,32,12,,,2026-07-02T00:41:38Z
312,32,13,,,2026-07-02T00:41:38Z
312,32,14,,,2026-07-02T00:41:38Z
312,32,15,,,2026-07-02T00:41:38Z
312,32,16,,,2026-07-02T00:41:38Z
312,32,17,,,2026-07-02T00:41:38Z
312,32,18,,,2026-07-02T00:41:38Z
312,32,19,,,2026-07-02T00:41:38Z
312,32,20,,,2026-07-02T00:41:38Z
312,32,21,,,2026-07-02T00:41:38Z
312,32,22,,,2026-07-02T00:41:38Z
312,32,23,,,2026-07-02T00:41:38Z
312,32,24,,,2026-07-02T00:41:38Z
312,32,25,,,2026-07-02T00:41:38Z
312,32,3,,,2026-07-02T00:41:38Z
312,32,4,,,2026-07-02T00:41:38Z
312,32,5,,,2026-07-02T00:41:38Z
312,32,6,,,2026-07-02T00:41:38Z
312,32,7,,,2026-07-02T00:41:38Z
312,32,8,,,2026-07-02T00:41:38Z
312,32,9,,,2026-07-02T00:41:38Z
312,8,12,,,2026-07-02T00:41:38Z
312,9,7,,,2026-07-02T00:41:38Z
312,9,8,,,2026-07-02T00:41:38Z
312,9,9,,,2026-07-02T00:41:38Z
313,1,7,,,2026-07-02T00:41:38Z
313,1,8,,,2026-07-02T00:41:38Z
313,3,4,,,2026-07-02T00:41:38Z
313,3,5,,,2026-07-02T00:41:38Z
313,3,6,,,2026-07-02T00:41:38Z
313,3,7,,,2026-07-02T00:41:38Z
313,3,8,,,2026-07-02T00:41:38Z
313,3,9,,,2026-07-02T00:41:38Z
313,3,10,,,2026-07-02T00:41:38Z
313,3,11,,,2026-07-02T00:41:38Z
313,3,3,,,2026-07-02T00:41:38Z
313,4,4,,,2026-07-02T00:41:38Z
313,4,5,,,2026-07-02T00:41:38Z
313,4,6,,,2026-07-02T00:41:38Z
313,4,7,,,2026-07-02T00:41:38Z
313,4,8,,,2026-07-02T00:41:38Z
313,4,9,,,2026-07-02T00:41:38Z
313,4,10,,,2026-07-02T00:41:38Z
313,4,11,,,2026-07-02T00:41:38Z
313,4,12,,,2026-07-02T00:41:38Z
313,5,4,,,2026-07-02T00:41:38Z
313,5,5,,,2026-07-02T00:41:38Z
313,5,6,,,2026-07-02T00:41:38Z
313,5,7,,,2026-07-02T00:41:38Z
313,5,8,,,2026-07-02T00:41:38Z
313,5,9,,,2026-07-02T00:41:38Z
313,5,10,,,2026-07-02T00:41:38Z
313,5,11,,,2026-07-02T00:41:38Z
313,5,12,,,2026-07-02T00:41:38Z
313,5,13,,,2026-07-02T00:41:38Z
313,6,4,,,2026-07-02T00:41:38Z
313,6,5,,,2026-07-02T00:41:38Z
313,6,6,,,2026-07-02T00:41:38Z
313,6,7,,,2026-07-02T00:41:38Z
313,6,8,,,2026-07-02T00:41:38Z
313,6,9,,,2026-07-02T00:41:38Z
313,6,10,,,2026-07-02T00:41:38Z
313,6,11,,,2026-07-02T00:41:38Z
313,6,12,,,2026-07-02T00:41:38Z
313,6,13,,,2026-07-02T00:41:38Z
313,6,14,,,2026-07-02T00:41:38Z
313,7,4,,,2026-07-02T00:41:38Z
313,7,5,,,2026-07-02T00:41:38Z
313,7,6,,,2026-07-02T00:41:38Z
313,7,7,,,2026-07-02T00:41:38Z
313,7,8,,,2026-07-02T00:41:38Z
313,7,9,,,2026-07-02T00:41:38Z
313,7,10,,,2026-07-02T00:41:38Z
313,7,11,,,2026-07-02T00:41:38Z
313,7,12,,,2026-07-02T00:41:38Z
313,7,13,,,2026-07-02T00:41:38Z
313,7,14,,,2026-07-02T00:41:38Z
313,12,10,,,2026-07-02T00:41:38Z
313,12,11,,,2026-07-02T00:41:38Z
313,12,12,,,2026-07-02T00:41:38Z
313,12,13,,,2026-07-02T00:41:38Z
313,12,14,,,2026-07-02T00:41:38Z
313,12,15,,,2026-07-02T00:41:38Z
313,12,16,,,2026-07-02T00:41:38Z
313,12,17,,,2026-07-02T00:41:38Z
313,12,18,,,2026-07-02T00:41:38Z
313,12,19,,,2026-07-02T00:41:38Z
313,12,7,,,2026-07-02T00:41:38Z
313,12,8,,,2026-07-02T00:41:38Z
313,12,9,,,2026-07-02T00:41:38Z
313,13,10,,,2026-07-02T00:41:38Z
313,13,11,,,2026-07-02T00:41:38Z
313,13,12,,,2026-07-02T00:41:38Z
313,13,13,,,2026-07-02T00:41:38Z
313,13,14,,,2026-07-02T00:41:38Z
313,13,15,,,2026-07-02T00:41:38Z
313,13,16,,,2026-07-02T00:41:38Z
313,13,17,,,2026-07-02T00:41:38Z
313,13,18,,,2026-07-02T00:41:38Z
313,13,19,,,2026-07-02T00:41:38Z
313,13,3,,,2026-07-02T00:41:38Z
313,13,4,,,2026-07-02T00:41:38Z
313,13,5,,,2026-07-02T00:41:38Z
313,13,6,,,2026-07-02T00:41:38Z
313,13,7,,,2026-07-02T00:41:38Z
313,13,8,,,2026-07-02T00:41:38Z
313,13,9,,,2026-07-02T00:41:38Z
313,19,10,,,2026-07-02T00:41:38Z
313,19,11,,,2026-07-02T00:41:38Z
313,19,12,,,2026-07-02T00:41:38Z
313,19,13,,,2026-07-02T00:41:38Z
313,19,14,,,2026-07-02T00:41:38Z
313,19,15,,,2026-07-02T00:41:38Z
313,19,16,,,2026-07-02T00:41:38Z
313,19,17,,,2026-07-02T00:41:38Z
313,19,18,,,2026-07-02T00:41:38Z
313,19,19,,,2026-07-02T00:41:38Z
313,19,20,,,2026-07-02T00:41:38Z
313,19,21,,,2026-07-02T00:41:38Z
313,19,3,,,2026-07-02T00:41:38Z
313,19,4,,,2026-07-02T00:41:38Z
313,19,5,,,2026-07-02T00:41:38Z
313,19,6,,,2026-07-02T00:41:38Z
313,19,7,,,2026-07-02T00:41:38Z
313,19,8,,,2026-07-02T00:41:38Z
313,19,9,,,2026-07-02T00:41:38Z
313,27,10,,,2026-07-02T00:41:38Z
313,27,11,,,2026-07-02T00:41:38Z
313,27,12,,,2026-07-02T00:41:38Z
313,27,13,,,2026-07-02T00:41:38Z
313,27,14,,,2026-07-02T00:41:38Z
313,27,15,,,2026-07-02T00:41:38Z
313,27,16,,,2026-07-02T00:41:38Z
313,27,17,,,2026-07-02T00:41:38Z
313,27,18,,,2026-07-02T00:41:38Z
313,27,19,,,2026-07-02T00:41:38Z
313,27,20,,,2026-07-02T00:41:38Z
313,27,21,,,2026-07-02T00:41:38Z
313,27,22,,,2026-07-02T00:41:38Z
313,27,23,,,2026-07-02T00:41:38Z
313,27,24,,,2026-07-02T00:41:38Z
313,27,3,,,2026-07-02T00:41:38Z
313,27,4,,,2026-07-02T00:41:38Z
313,27,5,,,2026-07-02T00:41:38Z
313,27,6,,,2026-07-02T00:41:38Z
313,27,7,,,2026-07-02T00:41:38Z
313,27,8,,,2026-07-02T00:41:38Z
313,27,9,,,2026-07-02T00:41:38Z
313,20,10,,,2026-07-02T00:41:38Z
313,20,11,,,2026-07-02T00:41:38Z
313,20,12,,,2026-07-02T00:41:38Z
313,20,13,,,2026-07-02T00:41:38Z
313,20,14,,,2026-07-02T00:41:38Z
313,20,15,,,2026-07-02T00:41:38Z
313,20,16,,,2026-07-02T00:41:38Z
313,20,17,,,2026-07-02T00:41:38Z
313,20,18,,,2026-07-02T00:41:38Z
313,20,19,,,2026-07-02T00:41:38Z
313,20,20,,,2026-07-02T00:41:38Z
313,20,21,,,2026-07-02T00:41:38Z
313,20,3,,,2026-07-02T00:41:38Z
313,20,4,,,2026-07-02T00:41:38Z
313,20,5,,,2026-07-02T00:41:38Z
313,20,6,,,2026-07-02T00:41:38Z
313,20,7,,,2026-07-02T00:41:38Z
313,20,8,,,2026-07-02T00:41:38Z
313,20,9,,,2026-07-02T00:41:38Z
313,21,10,,,2026-07-02T00:41:38Z
313,21,11,,,2026-07-02T00:41:38Z
313,21,12,,,2026-07-02T00:41:38Z
313,21,13,,,2026-07-02T00:41:38Z
313,21,14,,,2026-07-02T00:41:38Z
313,21,15,,,2026-07-02T00:41:38Z
313,21,16,,,2026-07-02T00:41:38Z
313,21,17,,,2026-07-02T00:41:38Z
313,21,18,,,2026-07-02T00:41:38Z
313,21,19,,,2026-07-02T00:41:38Z
313,21,20,,,2026-07-02T00:41:38Z
313,21,21,,,2026-07-02T00:41:38Z
313,21,22,,,2026-07-02T00:41:38Z
313,21,3,,,2026-07-02T00:41:38Z
313,21,4,,,2026-07-02T00:41:38Z
313,21,5,,,2026-07-02T00:41:38Z
313,21,6,,,2026-07-02T00:41:38Z
313,21,7,,,2026-07-02T00:41:38Z
313,21,8,,,2026-07-02T00:41:38Z
313,21,9,,,2026-07-02T00:41:38Z
313,22,10,,,2026-07-02T00:41:38Z
313,22,11,,,2026-07-02T00:41:38Z
313,22,12,,,2026-07-02T00:41:38Z
313,22,13,,,2026-07-02T00:41:38Z
313,22,14,,,2026-07-02T00:41:38Z
313,22,15,,,2026-07-02T00:41:38Z
313,22,16,,,2026-07-02T00:41:38Z
313,22,17,,,2026-07-02T00:41:38Z
313,22,18,,,2026-07-02T00:41:38Z
313,22,19,,,2026-07-02T00:41:38Z
313,22,20,,,2026-07-02T00:41:38Z
313,22,21,,,2026-07-02T00:41:38Z
313,22,22,,,2026-07-02T00:41:38Z
313,22,3,,,2026-07-02T00:41:38Z
313,22,4,,,2026-07-02T00:41:38Z
313,22,5,,,2026-07-02T00:41:38Z
313,22,6,,,2026-07-02T00:41:38Z
313,22,7,,,2026-07-02T00:41:38Z
313,22,8,,,2026-07-02T00:41:38Z
313,22,9,,,2026-07-02T00:41:38Z
313,23,10,,,2026-07-02T00:41:38Z
313,23,11,,,2026-07-02T00:41:38Z
313,23,12,,,2026-07-02T00:41:38Z
313,23,13,,,2026-07-02T00:41:38Z
313,23,14,,,2026-07-02T00:41:38Z
313,23,15,,,2026-07-02T00:41:38Z
313,23,16,,,2026-07-02T00:41:38Z
313,23,17,,,2026-07-02T00:41:38Z
313,23,18,,,2026-07-02T00:41:38Z
313,23,19,,,2026-07-02T00:41:38Z
313,23,20,,,2026-07-02T00:41:38Z
313,23,21,,,2026-07-02T00:41:38Z
313,23,22,,,2026-07-02T00:41:38Z
313,23,23,,,2026-07-02T00:41:38Z
313,23,3,,,2026-07-02T00:41:38Z
313,23,4,,,2026-07-02T00:41:38Z
313,23,5,,,2026-07-02T00:41:38Z
313,23,6,,,2026-07-02T00:41:38Z
313,23,7,,,2026-07-02T00:41:38Z
313,23,8,,,2026-07-02T00:41:38Z
313,23,9,,,2026-07-02T00:41:38Z
313,24,10,,,2026-07-02T00:41:38Z
313,24,11,,,2026-07-02T00:41:38Z
313,24,12,,,2026-07-02T00:41:38Z
313,24,13,,,2026-07-02T00:41:38Z
313,24,14,,,2026-07-02T00:41:38Z
313,24,15,,,2026-07-02T00:41:38Z
313,24,16,,,2026-07-02T00:41:38Z
313,24,17,,,2026-07-02T00:41:38Z
313,24,18,,,2026-07-02T00:41:38Z
313,24,19,,,2026-07-02T00:41:38Z
313,24,20,,,2026-07-02T00:41:38Z
313,24,21,,,2026-07-02T00:41:38Z
313,24,22,,,2026-07-02T00:41:38Z
313,24,23,,,2026-07-02T00:41:38Z
313,24,3,,,2026-07-02T00:41:38Z
313,24,4,,,2026-07-02T00:41:38Z
313,24,5,,,2026-07-02T00:41:38Z
313,24,6,,,2026-07-02T00:41:38Z
313,24,7,,,2026-07-02T00:41:38Z
313,24,8,,,2026-07-02T00:41:38Z
313,24,9,,,2026-07-02T00:41:38Z
313,25,10,,,2026-07-02T00:41:38Z
313,25,11,,,2026-07-02T00:41:38Z
313,25,12,,,2026-07-02T00:41:38Z
313,25,13,,,2026-07-02T00:41:38Z
313,25,14,,,2026-07-02T00:41:38Z
313,25,15,,,2026-07-02T00:41:38Z
313,25,16,,,2026-07-02T00:41:38Z
313,25,17,,,2026-07-02T00:41:38Z
313,25,18,,,2026-07-02T00:41:38Z
313,25,19,,,2026-07-02T00:41:38Z
313,25,20,,,2026-07-02T00:41:38Z
313,25,21,,,2026-07-02T00:41:38Z
313,25,22,,,2026-07-02T00:41:38Z
313,25,23,,,2026-07-02T00:41:38Z
313,25,3,,,2026-07-02T00:41:38Z
313,25,4,,,2026-07-02T00:41:38Z
313,25,5,,,2026-07-02T00:41:38Z
313,25,6,,,2026-07-02T00:41:38Z
313,25,7,,,2026-07-02T00:41:38Z
313,25,8,,,2026-07-02T00:41:38Z
313,25,9,,,2026-07-02T00:41:38Z
313,26,10,,,2026-07-02T00:41:38Z
313,26,11,,,2026-07-02T00:41:38Z
313,26,12,,,2026-07-02T00:41:38Z
313,26,13,,,2026-07-02T00:41:38Z
313,26,14,,,2026-07-02T00:41:38Z
313,26,15,,,2026-07-02T00:41:38Z
313,26,16,,,2026-07-02T00:41:38Z
313,26,17,,,2026-07-02T00:41:38Z
313,26,18,,,2026-07-02T00:41:38Z
313,26,19,,,2026-07-02T00:41:38Z
313,26,20,,,2026-07-02T00:41:38Z
313,26,21,,,2026-07-02T00:41:38Z
313,26,22,,,2026-07-02T00:41:38Z
313,26,23,,,2026-07-02T00:41:38Z
313,26,24,,,2026-07-02T00:41:38Z
313,26,3,,,2026-07-02T00:41:38Z
313,26,4,,,2026-07-02T00:41:38Z
313,26,5,,,2026-07-02T00:41:38Z
313,26,6,,,2026-07-02T00:41:38Z
313,26,7,,,2026-07-02T00:41:38Z
313,26,8,,,2026-07-02T00:41:38Z
313,26,9,,,2026-07-02T00:41:38Z
313,28,10,,,2026-07-02T00:41:38Z
313,28,11,,,2026-07-02T00:41:38Z
313,28,12,,,2026-07-02T00:41:38Z
313,28,13,,,2026-07-02T00:41:38Z
313,28,14,,,2026-07-02T00:41:38Z
313,28,15,,,2026-07-02T00:41:38Z
313,28,16,,,2026-07-02T00:41:38Z
313,28,17,,,2026-07-02T00:41:38Z
313,28,18,,,2026-07-02T00:41:38Z
313,28,19,,,2026-07-02T00:41:38Z
313,28,20,,,2026-07-02T00:41:38Z
313,28,21,,,2026-07-02T00:41:38Z
313,28,22,,,2026-07-02T00:41:38Z
313,28,23,,,2026-07-02T00:41:38Z
313,28,24,,,2026-07-02T00:41:38Z
313,28,3,,,2026-07-02T00:41:38Z
313,28,4,,,2026-07-02T00:41:38Z
313,28,5,,,2026-07-02T00:41:38Z
313,28,6,,,2026-07-02T00:41:38Z
313,28,7,,,2026-07-02T00:41:38Z
313,28,8,,,2026-07-02T00:41:38Z
313,28,9,,,2026-07-02T00:41:38Z
313,29,10,,,2026-07-02T00:41:38Z
313,29,11,,,2026-07-02T00:41:38Z
313,29,12,,,2026-07-02T00:41:38Z
313,29,13,,,2026-07-02T00:41:38Z
313,29,14,,,2026-07-02T00:41:38Z
313,29,15,,,2026-07-02T00:41:38Z
313,29,16,,,2026-07-02T00:41:38Z
313,29,17,,,2026-07-02T00:41:38Z
313,29,18,,,2026-07-02T00:41:38Z
313,29,19,,,2026-07-02T00:41:38Z
313,29,20,,,2026-07-02T00:41:38Z
313,29,21,,,2026-07-02T00:41:38Z
313,29,22,,,2026-07-02T00:41:38Z
313,29,23,,,2026-07-02T00:41:38Z
313,29,24,,,2026-07-02T00:41:38Z
313,29,25,,,2026-07-02T00:41:38Z
313,29,3,,,2026-07-02T00:41:38Z
313,29,4,,,2026-07-02T00:41:38Z
313,29,5,,,2026-07-02T00:41:38Z
313,29,6,,,2026-07-02T00:41:38Z
313,29,7,,,2026-07-02T00:41:38Z
313,29,8,,,2026-07-02T00:41:38Z
313,29,9,,,2026-07-02T00:41:38Z
313,30,10,,,2026-07-02T00:41:38Z
313,30,11,,,2026-07-02T00:41:38Z
313,30,12,,,2026-07-02T00:41:38Z
313,30,13,,,2026-07-02T00:41:38Z
313,30,14,,,2026-07-02T00:41:38Z
313,30,15,,,2026-07-02T00:41:38Z
313,30,16,,,2026-07-02T00:41:38Z
313,30,17,,,2026-07-02T00:41:38Z
313,30,18,,,2026-07-02T00:41:38Z
313,30,19,,,2026-07-02T00:41:38Z
313,30,20,,,2026-07-02T00:41:38Z
313,30,21,,,2026-07-02T00:41:38Z
313,30,22,,,2026-07-02T00:41:38Z
313,30,23,,,2026-07-02T00:41:38Z
313,30,24,,,2026-07-02T00:41:38Z
313,30,25,,,2026-07-02T00:41:38Z
313,30,3,,,2026-07-02T00:41:38Z
313,30,4,,,2026-07-02T00:41:38Z
313,30,5,,,2026-07-02T00:41:38Z
313,30,6,,,2026-07-02T00:41:38Z
313,30,7,,,2026-07-02T00:41:38Z
313,30,8,,,2026-07-02T00:41:38Z
313,30,9,,,2026-07-02T00:41:38Z
313,31,10,,,2026-07-02T00:41:38Z
313,31,11,,,2026-07-02T00:41:38Z
313,31,12,,,2026-07-02T00:41:38Z
313,31,13,,,2026-07-02T00:41:38Z
313,31,14,,,2026-07-02T00:41:38Z
313,31,15,,,2026-07-02T00:41:38Z
313,31,16,,,2026-07-02T00:41:38Z
313,31,17,,,2026-07-02T00:41:38Z
313,31,18,,,2026-07-02T00:41:38Z
313,31,19,,,2026-07-02T00:41:38Z
313,31,20,,,2026-07-02T00:41:38Z
313,31,21,,,2026-07-02T00:41:38Z
313,31,22,,,2026-07-02T00:41:38Z
313,31,23,,,2026-07-02T00:41:38Z
313,31,24,,,2026-07-02T00:41:38Z
313,31,25,,,2026-07-02T00:41:38Z
313,31,26,,,2026-07-02T00:41:38Z
313,31,3,,,2026-07-02T00:41:38Z
313,31,4,,,2026-07-02T00:41:38Z
313,31,5,,,2026-07-02T00:41:38Z
313,31,6,,,2026-07-02T00:41:38Z
313,31,7,,,2026-07-02T00:41:38Z
313,31,8,,,2026-07-02T00:41:38Z
313,31,9,,,2026-07-02T00:41:38Z
313,32,10,,,2026-07-02T00:41:38Z
313,32,11,,,2026-07-02T00:41:38Z
313,32,12,,,2026-07-02T00:41:38Z
313,32,13,,,2026-07-02T00:41:38Z
313,32,14,,,2026-07-02T00:41:38Z
313,32,15,,,2026-07-02T00:41:38Z
313,32,16,,,2026-07-02T00:41:38Z
313,32,17,,,2026-07-02T00:41:38Z
313,32,18,,,2026-07-02T00:41:38Z
313,32,19,,,2026-07-02T00:41:38Z
313,32,20,,,2026-07-02T00:41:38Z
313,32,21,,,2026-07-02T00:41:38Z
313,32,22,,,2026-07-02T00:41:38Z
313,32,23,,,2026-07-02T00:41:38Z
313,32,24,,,2026-07-02T00:41:38Z
313,32,25,,,2026-07-02T00:41:38Z
313,32,26,,,2026-07-02T00:41:38Z
313,32,27,,,2026-07-02T00:41:38Z
313,32,28,,,2026-07-02T00:41:38Z
313,32,29,,,2026-07-02T00:41:38Z
313,32,3,,,2026-07-02T00:41:38Z
313,32,4,,,2026-07-02T00:41:38Z
313,32,5,,,2026-07-02T00:41:38Z
313,32,6,,,2026-07-02T00:41:38Z
313,32,7,,,2026-07-02T00:41:38Z
313,32,8,,,2026-07-02T00:41:38Z
313,32,9,,,2026-07-02T00:41:38Z
314,10,10,,,2026-07-02T00:41:38Z
314,10,8,,,2026-07-02T00:41:38Z
314,10,9,,,2026-07-02T00:41:38Z
314,11,11,,,2026-07-02T00:41:38Z
314,11,12,,,2026-07-02T00:41:38Z
314,11,13,,,2026-07-02T00:41:38Z
314,12,10,,,2026-07-02T00:41:38Z
314,12,11,,,2026-07-02T00:41:38Z
314,12,12,,,2026-07-02T00:41:38Z
314,12,13,,,2026-07-02T00:41:38Z
314,12,14,,,2026-07-02T00:41:38Z
314,12,5,,,2026-07-02T00:41:38Z
314,12,6,,,2026-07-02T00:41:38Z
314,12,7,,,2026-07-02T00:41:38Z
314,12,8,,,2026-07-02T00:41:38Z
314,12,9,,,2026-07-02T00:41:38Z
314,13,11,,,2026-07-02T00:41:38Z
314,13,12,,,2026-07-02T00:41:38Z
314,13,13,,,2026-07-02T00:41:38Z
314,13,14,,,2026-07-02T00:41:38Z
314,13,15,,,2026-07-02T00:41:38Z
314,13,16,,,2026-07-02T00:41:38Z
314,13,17,,,2026-07-02T00:41:38Z
314,19,10,,,2026-07-02T00:41:38Z
314,19,11,,,2026-07-02T00:41:38Z
314,19,12,,,2026-07-02T00:41:38Z
314,19,13,,,2026-07-02T00:41:38Z
314,19,14,,,2026-07-02T00:41:38Z
314,19,15,,,2026-07-02T00:41:38Z
314,19,16,,,2026-07-02T00:41:38Z
314,19,17,,,2026-07-02T00:41:38Z
314,19,18,,,2026-07-02T00:41:38Z
314,19,19,,,2026-07-02T00:41:38Z
314,19,20,,,2026-07-02T00:41:38Z
314,19,21,,,2026-07-02T00:41:38Z
314,19,3,,,2026-07-02T00:41:38Z
314,19,4,,,2026-07-02T00:41:38Z
314,19,5,,,2026-07-02T00:41:38Z
314,19,6,,,2026-07-02T00:41:38Z
314,19,7,,,2026-07-02T00:41:38Z
314,19,8,,,2026-07-02T00:41:38Z
314,19,9,,,2026-07-02T00:41:38Z
314,27,10,,,2026-07-02T00:41:38Z
314,27,11,,,2026-07-02T00:41:38Z
314,27,12,,,2026-07-02T00:41:38Z
314,27,13,,,2026-07-02T00:41:38Z
314,27,14,,,2026-07-02T00:41:38Z
314,27,15,,,2026-07-02T00:41:38Z
314,27,16,,,2026-07-02T00:41:38Z
314,27,17,,,2026-07-02T00:41:38Z
314,27,18,,,2026-07-02T00:41:38Z
314,27,19,,,2026-07-02T00:41:38Z
314,27,20,,,2026-07-02T00:41:38Z
314,27,21,,,2026-07-02T00:41:38Z
314,27,22,,,2026-07-02T00:41:38Z
314,27,23,,,2026-07-02T00:41:38Z
314,27,24,,,2026-07-02T00:41:38Z
314,27,3,,,2026-07-02T00:41:38Z
314,27,4,,,2026-07-02T00:41:38Z
314,27,5,,,2026-07-02T00:41:38Z
314,27,6,,,2026-07-02T00:41:38Z
314,27,7,,,2026-07-02T00:41:38Z
314,27,8,,,2026-07-02T00:41:38Z
314,27,9,,,2026-07-02T00:41:38Z
314,20,10,,,2026-07-02T00:41:38Z
314,20,11,,,2026-07-02T00:41:38Z
314,20,12,,,2026-07-02T00:41:38Z
314,20,13,,,2026-07-02T00:41:38Z
314,20,14,,,2026-07-02T00:41:38Z
314,20,15,,,2026-07-02T00:41:38Z
314,20,16,,,2026-07-02T00:41:38Z
314,20,17,,,2026-07-02T00:41:38Z
314,20,18,,,2026-07-02T00:41:38Z
314,20,19,,,2026-07-02T00:41:38Z
314,20,20,,,2026-07-02T00:41:38Z
314,20,21,,,2026-07-02T00:41:38Z
314,20,3,,,2026-07-02T00:41:38Z
314,20,4,,,2026-07-02T00:41:38Z
314,20,5,,,2026-07-02T00:41:38Z
314,20,6,,,2026-07-02T00:41:38Z
314,20,7,,,2026-07-02T00:41:38Z
314,20,8,,,2026-07-02T00:41:38Z
314,20,9,,,2026-07-02T00:41:38Z
314,21,10,,,2026-07-02T00:41:38Z
314,21,11,,,2026-07-02T00:41:38Z
314,21,12,,,2026-07-02T00:41:38Z
314,21,13,,,2026-07-02T00:41:38Z
314,21,14,,,2026-07-02T00:41:38Z
314,21,15,,,2026-07-02T00:41:38Z
314,21,16,,,2026-07-02T00:41:38Z
314,21,17,,,2026-07-02T00:41:38Z
314,21,18,,,2026-07-02T00:41:38Z
314,21,19,,,2026-07-02T00:41:38Z
314,21,20,,,2026-07-02T00:41:38Z
314,21,21,,,2026-07-02T00:41:38Z
314,21,22,,,2026-07-02T00:41:38Z
314,21,3,,,2026-07-02T00:41:38Z
314,21,4,,,2026-07-02T00:41:38Z
314,21,5,,,2026-07-02T00:41:38Z
314,21,6,,,2026-07-02T00:41:38Z
314,21,7,,,2026-07-02T00:41:38Z
314,21,8,,,2026-07-02T00:41:38Z
314,21,9,,,2026-07-02T00:41:38Z
314,22,10,,,2026-07-02T00:41:38Z
314,22,11,,,2026-07-02T00:41:38Z
314,22,12,,,2026-07-02T00:41:38Z
314,22,13,,,2026-07-02T00:41:38Z
314,22,14,,,2026-07-02T00:41:38Z
314,22,15,,,2026-07-02T00:41:38Z
314,22,16,,,2026-07-02T00:41:38Z
314,22,17,,,2026-07-02T00:41:38Z
314,22,18,,,2026-07-02T00:41:38Z
314,22,19,,,2026-07-02T00:41:38Z
314,22,20,,,2026-07-02T00:41:38Z
314,22,21,,,2026-07-02T00:41:38Z
314,22,22,,,2026-07-02T00:41:38Z
314,22,3,,,2026-07-02T00:41:38Z
314,22,4,,,2026-07-02T00:41:38Z
314,22,5,,,2026-07-02T00:41:38Z
314,22,6,,,2026-07-02T00:41:38Z
314,22,7,,,2026-07-02T00:41:38Z
314,22,8,,,2026-07-02T00:41:38Z
314,22,9,,,2026-07-02T00:41:38Z
314,23,10,,,2026-07-02T00:41:38Z
314,23,11,,,2026-07-02T00:41:38Z
314,23,12,,,2026-07-02T00:41:38Z
314,23,13,,,2026-07-02T00:41:38Z
314,23,14,,,2026-07-02T00:41:38Z
314,23,15,,,2026-07-02T00:41:38Z
314,23,16,,,2026-07-02T00:41:38Z
314,23,17,,,2026-07-02T00:41:38Z
314,23,18,,,2026-07-02T00:41:38Z
314,23,19,,,2026-07-02T00:41:38Z
314,23,20,,,2026-07-02T00:41:38Z
314,23,21,,,2026-07-02T00:41:38Z
314,23,22,,,2026-07-02T00:41:38Z
314,23,23,,,2026-07-02T00:41:38Z
314,23,3,,,2026-07-02T00:41:38Z
314,23,4,,,2026-07-02T00:41:38Z
314,23,5,,,2026-07-02T00:41:38Z
314,23,6,,,2026-07-02T00:41:38Z
314,23,7,,,2026-07-02T00:41:38Z
314,23,8,,,2026-07-02T00:41:38Z
314,23,9,,,2026-07-02T00:41:38Z
314,24,10,,,2026-07-02T00:41:38Z
314,24,11,,,2026-07-02T00:41:38Z
314,24,12,,,2026-07-02T00:41:38Z
314,24,13,,,2026-07-02T00:41:38Z
314,24,14,,,2026-07-02T00:41:38Z
314,24,15,,,2026-07-02T00:41:38Z
314,24,16,,,2026-07-02T00:41:38Z
314,24,17,,,2026-07-02T00:41:38Z
314,24,18,,,2026-07-02T00:41:38Z
314,24,19,,,2026-07-02T00:41:38Z
314,24,20,,,2026-07-02T00:41:38Z
314,24,21,,,2026-07-02T00:41:38Z
314,24,22,,,2026-07-02T00:41:38Z
314,24,23,,,2026-07-02T00:41:38Z
314,24,3,,,2026-07-02T00:41:38Z
314,24,4,,,2026-07-02T00:41:38Z
314,24,5,,,2026-07-02T00:41:38Z
314,24,6,,,2026-07-02T00:41:38Z
314,24,7,,,2026-07-02T00:41:38Z
314,24,8,,,2026-07-02T00:41:38Z
314,24,9,,,2026-07-02T00:41:38Z
314,25,10,,,2026-07-02T00:41:38Z
314,25,11,,,2026-07-02T00:41:38Z
314,25,12,,,2026-07-02T00:41:38Z
314,25,13,,,2026-07-02T00:41:38Z
314,25,14,,,2026-07-02T00:41:38Z
314,25,15,,,2026-07-02T00:41:38Z
314,25,16,,,2026-07-02T00:41:38Z
314,25,17,,,2026-07-02T00:41:38Z
314,25,18,,,2026-07-02T00:41:38Z
314,25,19,,,2026-07-02T00:41:38Z
314,25,20,,,2026-07-02T00:41:38Z
314,25,21,,,2026-07-02T00:41:38Z
314,25,22,,,2026-07-02T00:41:38Z
314,25,23,,,2026-07-02T00:41:38Z
314,25,3,,,2026-07-02T00:41:38Z
314,25,4,,,2026-07-02T00:41:38Z
314,25,5,,,2026-07-02T00:41:38Z
314,25,6,,,2026-07-02T00:41:38Z
314,25,7,,,2026-07-02T00:41:38Z
314,25,8,,,2026-07-02T00:41:38Z
314,25,9,,,2026-07-02T00:41:38Z
314,26,10,,,2026-07-02T00:41:38Z
314,26,11,,,2026-07-02T00:41:38Z
314,26,12,,,2026-07-02T00:41:38Z
314,26,13,,,2026-07-02T00:41:38Z
314,26,14,,,2026-07-02T00:41:38Z
314,26,15,,,2026-07-02T00:41:38Z
314,26,16,,,2026-07-02T00:41:38Z
314,26,17,,,2026-07-02T00:41:38Z
314,26,18,,,2026-07-02T00:41:38Z
314,26,19,,,2026-07-02T00:41:38Z
314,26,20,,,2026-07-02T00:41:38Z
314,26,21,,,2026-07-02T00:41:38Z
314,26,22,,,2026-07-02T00:41:38Z
314,26,23,,,2026-07-02T00:41:38Z
314,26,24,,,2026-07-02T00:41:38Z
314,26,3,,,2026-07-02T00:41:38Z
314,26,4,,,2026-07-02T00:41:38Z
314,26,5,,,2026-07-02T00:41:38Z
314,26,6,,,2026-07-02T00:41:38Z
314,26,7,,,2026-07-02T00:41:38Z
314,26,8,,,2026-07-02T00:41:38Z
314,26,9,,,2026-07-02T00:41:38Z
314,28,10,,,2026-07-02T00:41:38Z
314,28,11,,,2026-07-02T00:41:38Z
314,28,12,,,2026-07-02T00:41:38Z
314,28,13,,,2026-07-02T00:41:38Z
314,28,14,,,2026-07-02T00:41:38Z
314,28,15,,,2026-07-02T00:41:38Z
314,28,16,,,2026-07-02T00:41:38Z
314,28,17,,,2026-07-02T00:41:38Z
314,28,18,,,2026-07-02T00:41:38Z
314,28,19,,,2026-07-02T00:41:38Z
314,28,20,,,2026-07-02T00:41:38Z
314,28,21,,,2026-07-02T00:41:38Z
314,28,22,,,2026-07-02T00:41:38Z
314,28,23,,,2026-07-02T00:41:38Z
314,28,24,,,2026-07-02T00:41:38Z
314,28,3,,,2026-07-02T00:41:38Z
314,28,4,,,2026-07-02T00:41:38Z
314,28,5,,,2026-07-02T00:41:38Z
314,28,6,,,2026-07-02T00:41:38Z
314,28,7,,,2026-07-02T00:41:38Z
314,28,8,,,2026-07-02T00:41:38Z
314,28,9,,,2026-07-02T00:41:38Z
314,29,10,,,2026-07-02T00:41:38Z
314,29,11,,,2026-07-02T00:41:38Z
314,29,12,,,2026-07-02T00:41:38Z
314,29,13,,,2026-07-02T00:41:38Z
314,29,14,,,2026-07-02T00:41:38Z
314,29,15,,,2026-07-02T00:41:38Z
314,29,16,,,2026-07-02T00:41:38Z
314,29,17,,,2026-07-02T00:41:38Z
314,29,18,,,2026-07-02T00:41:38Z
314,29,19,,,2026-07-02T00:41:38Z
314,29,20,,,2026-07-02T00:41:38Z
314,29,21,,,2026-07-02T00:41:38Z
314,29,22,,,2026-07-02T00:41:38Z
314,29,23,,,2026-07-02T00:41:38Z
314,29,24,,,2026-07-02T00:41:38Z
314,29,25,,,2026-07-02T00:41:38Z
314,29,3,,,2026-07-02T00:41:38Z
314,29,4,,,2026-07-02T00:41:38Z
314,29,5,,,2026-07-02T00:41:38Z
314,29,6,,,2026-07-02T00:41:38Z
314,29,7,,,2026-07-02T00:41:38Z
314,29,8,,,2026-07-02T00:41:38Z
314,29,9,,,2026-07-02T00:41:38Z
314,30,10,,,2026-07-02T00:41:38Z
314,30,11,,,2026-07-02T00:41:38Z
314,30,12,,,2026-07-02T00:41:38Z
314,30,13,,,2026-07-02T00:41:38Z
314,30,14,,,2026-07-02T00:41:38Z
314,30,15,,,2026-07-02T00:41:38Z
314,30,16,,,2026-07-02T00:41:38Z
314,30,17,,,2026-07-02T00:41:38Z
314,30,18,,,2026-07-02T00:41:38Z
314,30,19,,,2026-07-02T00:41:38Z
314,30,20,,,2026-07-02T00:41:38Z
314,30,21,,,2026-07-02T00:41:38Z
314,30,22,,,2026-07-02T00:41:38Z
314,30,23,,,2026-07-02T00:41:38Z
314,30,24,,,2026-07-02T00:41:38Z
314,30,25,,,2026-07-02T00:41:38Z
314,30,3,,,2026-07-02T00:41:38Z
314,30,4,,,2026-07-02T00:41:38Z
314,30,5,,,2026-07-02T00:41:38Z
314,30,6,,,2026-07-02T00:41:38Z
314,30,7,,,2026-07-02T00:41:38Z
314,30,8,,,2026-07-02T00:41:38Z
314,30,9,,,2026-07-02T00:41:38Z
314,31,10,,,2026-07-02T00:41:38Z
314,31,11,,,2026-07-02T00:41:38Z
314,31,12,,,2026-07-02T00:41:38Z
314,31,13,,,2026-07-02T00:41:38Z
314,31,14,,,2026-07-02T00:41:38Z
314,31,15,,,2026-07-02T00:41:38Z
314,31,16,,,2026-07-02T00:41:38Z
314,31,17,,,2026-07-02T00:41:38Z
314,31,18,,,2026-07-02T00:41:38Z
314,31,19,,,2026-07-02T00:41:38Z
314,31,20,,,2026-07-02T00:41:38Z
314,31,21,,,2026-07-02T00:41:38Z
314,31,22,,,2026-07-02T00:41:38Z
314,31,23,,,2026-07-02T00:41:38Z
314,31,24,,,2026-07-02T00:41:38Z
314,31,25,,,2026-07-02T00:41:38Z
314,31,3,,,2026-07-02T00:41:38Z
314,31,4,,,2026-07-02T00:41:38Z
314,31,5,,,2026-07-02T00:41:38Z
314,31,6,,,2026-07-02T00:41:38Z
314,31,7,,,2026-07-02T00:41:38Z
314,31,8,,,2026-07-02T00:41:38Z
314,31,9,,,2026-07-02T00:41:38Z
314,32,10,,,2026-07-02T00:41:38Z
314,32,11,,,2026-07-02T00:41:38Z
314,32,12,,,2026-07-02T00:41:38Z
314,32,13,,,2026-07-02T00:41:38Z
314,32,14,,,2026-07-02T00:41:38Z
314,32,15,,,2026-07-02T00:41:38Z
314,32,16,,,2026-07-02T00:41:38Z
314,32,17,,,2026-07-02T00:41:38Z
314,32,18,,,2026-07-02T00:41:38Z
314,32,19,,,2026-07-02T00:41:38Z
314,32,20,,,2026-07-02T00:41:38Z
314,32,21,,,2026-07-02T00:41:38Z
314,32,22,,,2026-07-02T00:41:38Z
314,32,23,,,2026-07-02T00:41:38Z
314,32,24,,,2026-07-02T00:41:38Z
314,32,25,,,2026-07-02T00:41:38Z
314,32,26,,,2026-07-02T00:41:38Z
314,32,27,,,2026-07-02T00:41:38Z
314,32,28,,,2026-07-02T00:41:38Z
314,32,29,,,2026-07-02T00:41:38Z
314,32,3,,,2026-07-02T00:41:38Z
314,32,4,,,2026-07-02T00:41:38Z
314,32,5,,,2026-07-02T00:41:38Z
314,32,6,,,2026-07-02T00:41:38Z
314,32,7,,,2026-07-02T00:41:38Z
314,32,8,,,2026-07-02T00:41:38Z
314,32,9,,,2026-07-02T00:41:38Z
314,2,12,,,2026-07-02T00:41:38Z
314,2,13,,,2026-07-02T00:41:38Z
314,2,14,,,2026-07-02T00:41:38Z
314,3,5,,,2026-07-02T00:41:38Z
314,3,6,,,2026-07-02T00:41:38Z
314,3,7,,,2026-07-02T00:41:38Z
314,4,4,,,2026-07-02T00:41:38Z
314,4,5,,,2026-07-02T00:41:38Z
314,4,6,,,2026-07-02T00:41:38Z
314,4,7,,,2026-07-02T00:41:38Z
314,5,4,,,2026-07-02T00:41:38Z
314,5,5,,,2026-07-02T00:41:38Z
314,5,6,,,2026-07-02T00:41:38Z
314,5,7,,,2026-07-02T00:41:38Z
314,5,8,,,2026-07-02T00:41:38Z
314,5,9,,,2026-07-02T00:41:38Z
314,5,10,,,2026-07-02T00:41:38Z
314,5,11,,,2026-07-02T00:41:38Z
314,6,4,,,2026-07-02T00:41:38Z
314,6,5,,,2026-07-02T00:41:38Z
314,6,6,,,2026-07-02T00:41:38Z
314,6,7,,,2026-07-02T00:41:38Z
314,6,8,,,2026-07-02T00:41:38Z
314,6,9,,,2026-07-02T00:41:38Z
314,6,10,,,2026-07-02T00:41:38Z
314,6,11,,,2026-07-02T00:41:38Z
314,6,12,,,2026-07-02T00:41:38Z
314,6,13,,,2026-07-02T00:41:38Z
314,6,14,,,2026-07-02T00:41:38Z
314,7,4,,,2026-07-02T00:41:38Z
314,7,5,,,2026-07-02T00:41:38Z
314,7,6,,,2026-07-02T00:41:38Z
314,7,7,,,2026-07-02T00:41:38Z
314,7,8,,,2026-07-02T00:41:38Z
314,7,9,,,2026-07-02T00:41:38Z
314,7,10,,,2026-07-02T00:41:38Z
314,7,11,,,2026-07-02T00:41:38Z
314,7,12,,,2026-07-02T00:41:38Z
314,7,13,,,2026-07-02T00:41:38Z
314,7,14,,,2026-07-02T00:41:38Z
315,10,13,,,2026-07-02T00:41:38Z
315,10,14,,,2026-07-02T00:41:38Z
315,10,15,,,2026-07-02T00:41:38Z
315,11,13,,,2026-07-02T00:41:38Z
315,11,14,,,2026-07-02T00:41:38Z
315,11,15,,,2026-07-02T00:41:38Z
315,12,11,,,2026-07-02T00:41:38Z
315,12,12,,,2026-07-02T00:41:38Z
315,12,7,,,2026-07-02T00:41:38Z
315,12,8,,,2026-07-02T00:41:38Z
315,13,10,,,2026-07-02T00:41:38Z
315,13,11,,,2026-07-02T00:41:38Z
315,13,12,,,2026-07-02T00:41:38Z
315,13,13,,,2026-07-02T00:41:38Z
315,13,14,,,2026-07-02T00:41:38Z
315,13,15,,,2026-07-02T00:41:38Z
315,13,16,,,2026-07-02T00:41:38Z
315,13,17,,,2026-07-02T00:41:38Z
315,13,18,,,2026-07-02T00:41:38Z
315,13,19,,,2026-07-02T00:41:38Z
315,13,20,,,2026-07-02T00:41:38Z
315,13,21,,,2026-07-02T00:41:38Z
315,13,3,,,2026-07-02T00:41:38Z
315,13,4,,,2026-07-02T00:41:38Z
315,13,5,,,2026-07-02T00:41:38Z
315,13,6,,,2026-07-02T00:41:38Z
315,13,7,,,2026-07-02T00:41:38Z
315,13,8,,,2026-07-02T00:41:38Z
315,13,9,,,2026-07-02T00:41:38Z
315,19,10,,,2026-07-02T00:41:38Z
315,19,11,,,2026-07-02T00:41:38Z
315,19,12,,,2026-07-02T00:41:38Z
315,19,13,,,2026-07-02T00:41:38Z
315,19,14,,,2026-07-02T00:41:38Z
315,19,15,,,2026-07-02T00:41:38Z
315,19,16,,,2026-07-02T00:41:38Z
315,19,17,,,2026-07-02T00:41:38Z
315,19,18,,,2026-07-02T00:41:38Z
315,19,19,,,2026-07-02T00:41:38Z
315,19,20,,,2026-07-02T00:41:38Z
315,19,21,,,2026-07-02T00:41:38Z
315,19,22,,,2026-07-02T00:41:38Z
315,19,23,,,2026-07-02T00:41:38Z
315,19,3,,,2026-07-02T00:41:38Z
315,19,4,,,2026-07-02T00:41:38Z
315,19,5,,,2026-07-02T00:41:38Z
315,19,6,,,2026-07-02T00:41:38Z
315,19,7,,,2026-07-02T00:41:38Z
315,19,8,,,2026-07-02T00:41:38Z
315,19,9,,,2026-07-02T00:41:38Z
315,27,10,,,2026-07-02T00:41:38Z
315,27,11,,,2026-07-02T00:41:38Z
315,27,12,,,2026-07-02T00:41:38Z
315,27,13,,,2026-07-02T00:41:38Z
315,27,14,,,2026-07-02T00:41:38Z
315,27,15,,,2026-07-02T00:41:38Z
315,27,16,,,2026-07-02T00:41:38Z
315,27,17,,,2026-07-02T00:41:38Z
315,27,18,,,2026-07-02T00:41:38Z
315,27,19,,,2026-07-02T00:41:38Z
315,27,20,,,2026-07-02T00:41:38Z
315,27,21,,,2026-07-02T00:41:38Z
315,27,22,,,2026-07-02T00:41:38Z
315,27,23,,,2026-07-02T00:41:38Z
315,27,24,,,2026-07-02T00:41:38Z
315,27,25,,,2026-07-02T00:41:38Z
315,27,26,,,2026-07-02T00:41:38Z
315,27,3,,,2026-07-02T00:41:38Z
315,27,4,,,2026-07-02T00:41:38Z
315,27,5,,,2026-07-02T00:41:38Z
315,27,6,,,2026-07-02T00:41:38Z
315,27,7,,,2026-07-02T00:41:38Z
315,27,8,,,2026-07-02T00:41:38Z
315,27,9,,,2026-07-02T00:41:38Z
315,20,10,,,2026-07-02T00:41:38Z
315,20,11,,,2026-07-02T00:41:38Z
315,20,12,,,2026-07-02T00:41:38Z
315,20,13,,,2026-07-02T00:41:38Z
315,20,14,,,2026-07-02T00:41:38Z
315,20,15,,,2026-07-02T00:41:38Z
315,20,16,,,2026-07-02T00:41:38Z
315,20,17,,,2026-07-02T00:41:38Z
315,20,18,,,2026-07-02T00:41:38Z
315,20,19,,,2026-07-02T00:41:38Z
315,20,20,,,2026-07-02T00:41:38Z
315,20,21,,,2026-07-02T00:41:38Z
315,20,22,,,2026-07-02T00:41:38Z
315,20,23,,,2026-07-02T00:41:38Z
315,20,3,,,2026-07-02T00:41:38Z
315,20,4,,,2026-07-02T00:41:38Z
315,20,5,,,2026-07-02T00:41:38Z
315,20,6,,,2026-07-02T00:41:38Z
315,20,7,,,2026-07-02T00:41:38Z
315,20,8,,,2026-07-02T00:41:38Z
315,20,9,,,2026-07-02T00:41:38Z
315,21,10,,,2026-07-02T00:41:38Z
315,21,11,,,2026-07-02T00:41:38Z
315,21,12,,,2026-07-02T00:41:38Z
315,21,13,,,2026-07-02T00:41:38Z
315,21,14,,,2026-07-02T00:41:38Z
315,21,15,,,2026-07-02T00:41:38Z
315,21,16,,,2026-07-02T00:41:38Z
315,21,17,,,2026-07-02T00:41:38Z
315,21,18,,,2026-07-02T00:41:38Z
315,21,19,,,2026-07-02T00:41:38Z
315,21,20,,,2026-07-02T00:41:38Z
315,21,21,,,2026-07-02T00:41:38Z
315,21,22,,,2026-07-02T00:41:38Z
315,21,23,,,2026-07-02T00:41:38Z
315,21,24,,,2026-07-02T00:41:38Z
315,21,3,,,2026-07-02T00:41:38Z
315,21,4,,,2026-07-02T00:41:38Z
315,21,5,,,2026-07-02T00:41:38Z
315,21,6,,,2026-07-02T00:41:38Z
315,21,7,,,2026-07-02T00:41:38Z
315,21,8,,,2026-07-02T00:41:38Z
315,21,9,,,2026-07-02T00:41:38Z
315,22,10,,,2026-07-02T00:41:38Z
315,22,11,,,2026-07-02T00:41:38Z
315,22,12,,,2026-07-02T00:41:38Z
315,22,13,,,2026-07-02T00:41:38Z
315,22,14,,,2026-07-02T00:41:38Z
315,22,15,,,2026-07-02T00:41:38Z
315,22,16,,,2026-07-02T00:41:38Z
315,22,17,,,2026-07-02T00:41:38Z
315,22,18,,,2026-07-02T00:41:38Z
315,22,19,,,2026-07-02T00:41:38Z
315,22,20,,,2026-07-02T00:41:38Z
315,22,21,,,2026-07-02T00:41:38Z
315,22,22,,,2026-07-02T00:41:38Z
315,22,23,,,2026-07-02T00:41:38Z
315,22,24,,,2026-07-02T00:41:38Z
315,22,3,,,2026-07-02T00:41:38Z
315,22,4,,,2026-07-02T00:41:38Z
315,22,5,,,2026-07-02T00:41:38Z
315,22,6,,,2026-07-02T00:41:38Z
315,22,7,,,2026-07-02T00:41:38Z
315,22,8,,,2026-07-02T00:41:38Z
315,22,9,,,2026-07-02T00:41:38Z
315,23,10,,,2026-07-02T00:41:38Z
315,23,11,,,2026-07-02T00:41:38Z
315,23,12,,,2026-07-02T00:41:38Z
315,23,13,,,2026-07-02T00:41:38Z
315,23,14,,,2026-07-02T00:41:38Z
315,23,15,,,2026-07-02T00:41:38Z
315,23,16,,,2026-07-02T00:41:38Z
315,23,17,,,2026-07-02T00:41:38Z
315,23,18,,,2026-07-02T00:41:38Z
315,23,19,,,2026-07-02T00:41:38Z
315,23,20,,,2026-07-02T00:41:38Z
315,23,21,,,2026-07-02T00:41:38Z
315,23,22,,,2026-07-02T00:41:38Z
315,23,23,,,2026-07-02T00:41:38Z
315,23,24,,,2026-07-02T00:41:38Z
315,23,3,,,2026-07-02T00:41:38Z
315,23,4,,,2026-07-02T00:41:38Z
315,23,5,,,2026-07-02T00:41:38Z
315,23,6,,,2026-07-02T00:41:38Z
315,23,7,,,2026-07-02T00:41:38Z
315,23,8,,,2026-07-02T00:41:38Z
315,23,9,,,2026-07-02T00:41:38Z
315,24,10,,,2026-07-02T00:41:38Z
315,24,11,,,2026-07-02T00:41:38Z
315,24,12,,,2026-07-02T00:41:38Z
315,24,13,,,2026-07-02T00:41:38Z
315,24,14,,,2026-07-02T00:41:38Z
315,24,15,,,2026-07-02T00:41:38Z
315,24,16,,,2026-07-02T00:41:38Z
315,24,17,,,2026-07-02T00:41:38Z
315,24,18,,,2026-07-02T00:41:38Z
315,24,19,,,2026-07-02T00:41:38Z
315,24,20,,,2026-07-02T00:41:38Z
315,24,21,,,2026-07-02T00:41:38Z
315,24,22,,,2026-07-02T00:41:38Z
315,24,23,,,2026-07-02T00:41:38Z
315,24,24,,,2026-07-02T00:41:38Z
315,24,25,,,2026-07-02T00:41:38Z
315,24,3,,,2026-07-02T00:41:38Z
315,24,4,,,2026-07-02T00:41:38Z
315,24,5,,,2026-07-02T00:41:38Z
315,24,6,,,2026-07-02T00:41:38Z
315,24,7,,,2026-07-02T00:41:38Z
315,24,8,,,2026-07-02T00:41:38Z
315,24,9,,,2026-07-02T00:41:38Z
315,25,10,,,2026-07-02T00:41:38Z
315,25,11,,,2026-07-02T00:41:38Z
315,25,12,,,2026-07-02T00:41:38Z
315,25,13,,,2026-07-02T00:41:38Z
315,25,14,,,2026-07-02T00:41:38Z
315,25,15,,,2026-07-02T00:41:38Z
315,25,16,,,2026-07-02T00:41:38Z
315,25,17,,,2026-07-02T00:41:38Z
315,25,18,,,2026-07-02T00:41:38Z
315,25,19,,,2026-07-02T00:41:38Z
315,25,20,,,2026-07-02T00:41:38Z
315,25,21,,,2026-07-02T00:41:38Z
315,25,22,,,2026-07-02T00:41:38Z
315,25,23,,,2026-07-02T00:41:38Z
315,25,24,,,2026-07-02T00:41:38Z
315,25,25,,,2026-07-02T00:41:38Z
315,25,3,,,2026-07-02T00:41:38Z
315,25,4,,,2026-07-02T00:41:38Z
315,25,5,,,2026-07-02T00:41:38Z
315,25,6,,,2026-07-02T00:41:38Z
315,25,7,,,2026-07-02T00:41:38Z
315,25,8,,,2026-07-02T00:41:38Z
315,25,9,,,2026-07-02T00:41:38Z
315,26,10,,,2026-07-02T00:41:38Z
315,26,11,,,2026-07-02T00:41:38Z
315,26,12,,,2026-07-02T00:41:38Z
315,26,13,,,2026-07-02T00:41:38Z
315,26,14,,,2026-07-02T00:41:38Z
315,26,15,,,2026-07-02T00:41:38Z
315,26,16,,,2026-07-02T00:41:38Z
315,26,17,,,2026-07-02T00:41:38Z
315,26,18,,,2026-07-02T00:41:38Z
315,26,19,,,2026-07-02T00:41:38Z
315,26,20,,,2026-07-02T00:41:38Z
315,26,21,,,2026-07-02T00:41:38Z
315,26,22,,,2026-07-02T00:41:38Z
315,26,23,,,2026-07-02T00:41:38Z
315,26,24,,,2026-07-02T00:41:38Z
315,26,25,,,2026-07-02T00:41:38Z
315,26,3,,,2026-07-02T00:41:38Z
315,26,4,,,2026-07-02T00:41:38Z
315,26,5,,,2026-07-02T00:41:38Z
315,26,6,,,2026-07-02T00:41:38Z
315,26,7,,,2026-07-02T00:41:38Z
315,26,8,,,2026-07-02T00:41:38Z
315,26,9,,,2026-07-02T00:41:38Z
315,28,10,,,2026-07-02T00:41:38Z
315,28,11,,,2026-07-02T00:41:38Z
315,28,12,,,2026-07-02T00:41:38Z
315,28,13,,,2026-07-02T00:41:38Z
315,28,14,,,2026-07-02T00:41:38Z
315,28,15,,,2026-07-02T00:41:38Z
315,28,16,,,2026-07-02T00:41:38Z
315,28,17,,,2026-07-02T00:41:38Z
315,28,18,,,2026-07-02T00:41:38Z
315,28,19,,,2026-07-02T00:41:38Z
315,28,20,,,2026-07-02T00:41:38Z
315,28,21,,,2026-07-02T00:41:38Z
315,28,22,,,2026-07-02T00:41:38Z
315,28,23,,,2026-07-02T00:41:38Z
315,28,24,,,2026-07-02T00:41:38Z
315,28,25,,,2026-07-02T00:41:38Z
315,28,26,,,2026-07-02T00:41:38Z
315,28,3,,,2026-07-02T00:41:38Z
315,28,4,,,2026-07-02T00:41:38Z
315,28,5,,,2026-07-02T00:41:38Z
315,28,6,,,2026-07-02T00:41:38Z
315,28,7,,,2026-07-02T00:41:38Z
315,28,8,,,2026-07-02T00:41:38Z
315,28,9,,,2026-07-02T00:41:38Z
315,29,10,,,2026-07-02T00:41:38Z
315,29,11,,,2026-07-02T00:41:38Z
315,29,12,,,2026-07-02T00:41:38Z
315,29,13,,,2026-07-02T00:41:38Z
315,29,14,,,2026-07-02T00:41:38Z
315,29,15,,,2026-07-02T00:41:38Z
315,29,16,,,2026-07-02T00:41:38Z
315,29,17,,,2026-07-02T00:41:38Z
315,29,18,,,2026-07-02T00:41:38Z
315,29,19,,,2026-07-02T00:41:38Z
315,29,20,,,2026-07-02T00:41:38Z
315,29,21,,,2026-07-02T00:41:38Z
315,29,22,,,2026-07-02T00:41:38Z
315,29,23,,,2026-07-02T00:41:38Z
315,29,24,,,2026-07-02T00:41:38Z
315,29,25,,,2026-07-02T00:41:38Z
315,29,26,,,2026-07-02T00:41:38Z
315,29,3,,,2026-07-02T00:41:38Z
315,29,4,,,2026-07-02T00:41:38Z
315,29,5,,,2026-07-02T00:41:38Z
315,29,6,,,2026-07-02T00:41:38Z
315,29,7,,,2026-07-02T00:41:38Z
315,29,8,,,2026-07-02T00:41:38Z
315,29,9,,,2026-07-02T00:41:38Z
315,30,10,,,2026-07-02T00:41:38Z
315,30,11,,,2026-07-02T00:41:38Z
315,30,12,,,2026-07-02T00:41:38Z
315,30,13,,,2026-07-02T00:41:38Z
315,30,14,,,2026-07-02T00:41:38Z
315,30,15,,,2026-07-02T00:41:38Z
315,30,16,,,2026-07-02T00:41:38Z
315,30,17,,,2026-07-02T00:41:38Z
315,30,18,,,2026-07-02T00:41:38Z
315,30,19,,,2026-07-02T00:41:38Z
315,30,20,,,2026-07-02T00:41:38Z
315,30,21,,,2026-07-02T00:41:38Z
315,30,22,,,2026-07-02T00:41:38Z
315,30,23,,,2026-07-02T00:41:38Z
315,30,24,,,2026-07-02T00:41:38Z
315,30,25,,,2026-07-02T00:41:38Z
315,30,26,,,2026-07-02T00:41:38Z
315,30,27,,,2026-07-02T00:41:38Z
315,30,3,,,2026-07-02T00:41:38Z
315,30,4,,,2026-07-02T00:41:38Z
315,30,5,,,2026-07-02T00:41:38Z
315,30,6,,,2026-07-02T00:41:38Z
315,30,7,,,2026-07-02T00:41:38Z
315,30,8,,,2026-07-02T00:41:38Z
315,30,9,,,2026-07-02T00:41:38Z
315,31,10,,,2026-07-02T00:41:38Z
315,31,11,,,2026-07-02T00:41:38Z
315,31,12,,,2026-07-02T00:41:38Z
315,31,13,,,2026-07-02T00:41:38Z
315,31,14,,,2026-07-02T00:41:38Z
315,31,20,,,2026-07-02T00:41:38Z
315,31,21,,,2026-07-02T00:41:38Z
315,31,22,,,2026-07-02T00:41:38Z
315,31,23,,,2026-07-02T00:41:38Z
315,31,24,,,2026-07-02T00:41:38Z
315,31,25,,,2026-07-02T00:41:38Z
315,31,26,,,2026-07-02T00:41:38Z
315,31,27,,,2026-07-02T00:41:38Z
315,31,3,,,2026-07-02T00:41:38Z
315,31,4,,,2026-07-02T00:41:38Z
315,31,5,,,2026-07-02T00:41:38Z
315,31,6,,,2026-07-02T00:41:38Z
315,31,7,,,2026-07-02T00:41:38Z
315,31,8,,,2026-07-02T00:41:38Z
315,31,9,,,2026-07-02T00:41:38Z
315,32,10,,,2026-07-02T00:41:38Z
315,32,11,,,2026-07-02T00:41:38Z
315,32,12,,,2026-07-02T00:41:38Z
315,32,13,,,2026-07-02T00:41:38Z
315,32,14,,,2026-07-02T00:41:38Z
315,32,15,,,2026-07-02T00:41:38Z
315,32,20,,,2026-07-02T00:41:38Z
315,32,21,,,2026-07-02T00:41:38Z
315,32,22,,,2026-07-02T00:41:38Z
315,32,23,,,2026-07-02T00:41:38Z
315,32,24,,,2026-07-02T00:41:38Z
315,32,25,,,2026-07-02T00:41:38Z
315,32,26,,,2026-07-02T00:41:38Z
315,32,27,,,2026-07-02T00:41:38Z
315,32,28,,,2026-07-02T00:41:38Z
315,32,29,,,2026-07-02T00:41:38Z
315,32,3,,,2026-07-02T00:41:38Z
315,32,4,,,2026-07-02T00:41:38Z
315,32,5,,,2026-07-02T00:41:38Z
315,32,6,,,2026-07-02T00:41:38Z
315,32,7,,,2026-07-02T00:41:38Z
315,32,8,,,2026-07-02T00:41:38Z
315,32,9,,,2026-07-02T00:41:38Z
315,9,17,,,2026-07-02T00:41:38Z
315,3,10,,,2026-07-02T00:41:38Z
315,3,11,,,2026-07-02T00:41:38Z
315,4,4,,,2026-07-02T00:41:38Z
315,4,5,,,2026-07-02T00:41:38Z
315,4,6,,,2026-07-02T00:41:38Z
315,4,7,,,2026-07-02T00:41:38Z
315,5,4,,,2026-07-02T00:41:38Z
315,5,5,,,2026-07-02T00:41:38Z
315,5,6,,,2026-07-02T00:41:38Z
315,5,7,,,2026-07-02T00:41:38Z
315,5,8,,,2026-07-02T00:41:38Z
315,5,9,,,2026-07-02T00:41:38Z
315,5,11,,,2026-07-02T00:41:38Z
315,5,12,,,2026-07-02T00:41:38Z
315,5,13,,,2026-07-02T00:41:38Z
315,6,4,,,2026-07-02T00:41:38Z
315,6,5,,,2026-07-02T00:41:38Z
315,7,4,,,2026-07-02T00:41:38Z
315,7,5,,,2026-07-02T00:41:38Z
315,7,6,,,2026-07-02T00:41:38Z
315,7,7,,,2026-07-02T00:41:38Z
315,7,8,,,2026-07-02T00:41:38Z
315,7,9,,,2026-07-02T00:41:38Z
315,7,10,,,2026-07-02T00:41:38Z
315,7,11,,,2026-07-02T00:41:38Z
315,7,12,,,2026-07-02T00:41:38Z
315,7,13,,,2026-07-02T00:41:38Z
315,7,14,,,2026-07-02T00:41:38Z
315,7,15,,,2026-07-02T00:41:38Z
315,7,16,,,2026-07-02T00:41:38Z
316,10,19,,,2026-07-02T00:41:38Z
316,10,20,,,2026-07-02T00:41:38Z
316,12,7,,,2026-07-02T00:41:38Z
316,12,8,,,2026-07-02T00:41:38Z
316,19,10,,,2026-07-02T00:41:38Z
316,19,11,,,2026-07-02T00:41:38Z
316,19,12,,,2026-07-02T00:41:38Z
316,19,13,,,2026-07-02T00:41:38Z
316,19,14,,,2026-07-02T00:41:38Z
316,19,15,,,2026-07-02T00:41:38Z
316,19,16,,,2026-07-02T00:41:38Z
316,19,17,,,2026-07-02T00:41:38Z
316,19,18,,,2026-07-02T00:41:38Z
316,19,19,,,2026-07-02T00:41:38Z
316,19,20,,,2026-07-02T00:41:38Z
316,19,21,,,2026-07-02T00:41:38Z
316,19,22,,,2026-07-02T00:41:38Z
316,19,23,,,2026-07-02T00:41:38Z
316,19,3,,,2026-07-02T00:41:38Z
316,19,4,,,2026-07-02T00:41:38Z
316,19,5,,,2026-07-02T00:41:38Z
316,19,6,,,2026-07-02T00:41:38Z
316,19,7,,,2026-07-02T00:41:38Z
316,19,8,,,2026-07-02T00:41:38Z
316,19,9,,,2026-07-02T00:41:38Z
316,27,10,,,2026-07-02T00:41:38Z
316,27,11,,,2026-07-02T00:41:38Z
316,27,12,,,2026-07-02T00:41:38Z
316,27,13,,,2026-07-02T00:41:38Z
316,27,14,,,2026-07-02T00:41:38Z
316,27,15,,,2026-07-02T00:41:38Z
316,27,16,,,2026-07-02T00:41:38Z
316,27,17,,,2026-07-02T00:41:38Z
316,27,18,,,2026-07-02T00:41:38Z
316,27,19,,,2026-07-02T00:41:38Z
316,27,20,,,2026-07-02T00:41:38Z
316,27,21,,,2026-07-02T00:41:38Z
316,27,22,,,2026-07-02T00:41:38Z
316,27,23,,,2026-07-02T00:41:38Z
316,27,24,,,2026-07-02T00:41:38Z
316,27,25,,,2026-07-02T00:41:38Z
316,27,26,,,2026-07-02T00:41:38Z
316,27,27,,,2026-07-02T00:41:38Z
316,27,28,,,2026-07-02T00:41:38Z
316,27,29,,,2026-07-02T00:41:38Z
316,27,30,,,2026-07-02T00:41:38Z
316,27,4,,,2026-07-02T00:41:38Z
316,27,5,,,2026-07-02T00:41:38Z
316,27,6,,,2026-07-02T00:41:38Z
316,27,7,,,2026-07-02T00:41:38Z
316,27,8,,,2026-07-02T00:41:38Z
316,27,9,,,2026-07-02T00:41:38Z
316,20,10,,,2026-07-02T00:41:38Z
316,20,11,,,2026-07-02T00:41:38Z
316,20,12,,,2026-07-02T00:41:38Z
316,20,13,,,2026-07-02T00:41:38Z
316,20,14,,,2026-07-02T00:41:38Z
316,20,15,,,2026-07-02T00:41:38Z
316,20,16,,,2026-07-02T00:41:38Z
316,20,21,,,2026-07-02T00:41:38Z
316,20,22,,,2026-07-02T00:41:38Z
316,20,23,,,2026-07-02T00:41:38Z
316,20,5,,,2026-07-02T00:41:38Z
316,20,6,,,2026-07-02T00:41:38Z
316,20,7,,,2026-07-02T00:41:38Z
316,20,8,,,2026-07-02T00:41:38Z
316,20,9,,,2026-07-02T00:41:38Z
316,21,10,,,2026-07-02T00:41:38Z
316,21,11,,,2026-07-02T00:41:38Z
316,21,12,,,2026-07-02T00:41:38Z
316,21,13,,,2026-07-02T00:41:38Z
316,21,14,,,2026-07-02T00:41:38Z
316,21,15,,,2026-07-02T00:41:38Z
316,21,16,,,2026-07-02T00:41:38Z
316,21,17,,,2026-07-02T00:41:38Z
316,21,18,,,2026-07-02T00:41:38Z
316,21,19,,,2026-07-02T00:41:38Z
316,21,20,,,2026-07-02T00:41:38Z
316,21,21,,,2026-07-02T00:41:38Z
316,21,22,,,2026-07-02T00:41:38Z
316,21,23,,,2026-07-02T00:41:38Z
316,21,3,,,2026-07-02T00:41:38Z
316,21,4,,,2026-07-02T00:41:38Z
316,21,5,,,2026-07-02T00:41:38Z
316,21,6,,,2026-07-02T00:41:38Z
316,21,7,,,2026-07-02T00:41:38Z
316,21,8,,,2026-07-02T00:41:38Z
316,21,9,,,2026-07-02T00:41:38Z
316,22,10,,,2026-07-02T00:41:38Z
316,22,11,,,2026-07-02T00:41:38Z
316,22,12,,,2026-07-02T00:41:38Z
316,22,13,,,2026-07-02T00:41:38Z
316,22,14,,,2026-07-02T00:41:38Z
316,22,15,,,2026-07-02T00:41:38Z
316,22,16,,,2026-07-02T00:41:38Z
316,22,17,,,2026-07-02T00:41:38Z
316,22,18,,,2026-07-02T00:41:38Z
316,22,19,,,2026-07-02T00:41:38Z
316,22,20,,,2026-07-02T00:41:38Z
316,22,21,,,2026-07-02T00:41:38Z
316,22,22,,,2026-07-02T00:41:38Z
316,22,23,,,2026-07-02T00:41:38Z
316,22,24,,,2026-07-02T00:41:38Z
316,22,25,,,2026-07-02T00:41:38Z
316,22,26,,,2026-07-02T00:41:38Z
316,22,27,,,2026-07-02T00:41:38Z
316,22,28,,,2026-07-02T00:41:38Z
316,22,3,,,2026-07-02T00:41:38Z
316,22,4,,,2026-07-02T00:41:38Z
316,22,5,,,2026-07-02T00:41:38Z
316,22,6,,,2026-07-02T00:41:38Z
316,22,7,,,2026-07-02T00:41:38Z
316,22,8,,,2026-07-02T00:41:38Z
316,22,9,,,2026-07-02T00:41:38Z
316,23,10,,,2026-07-02T00:41:38Z
316,23,11,,,2026-07-02T00:41:38Z
316,23,12,,,2026-07-02T00:41:38Z
316,23,13,,,2026-07-02T00:41:38Z
316,23,14,,,2026-07-02T00:41:38Z
316,23,15,,,2026-07-02T00:41:38Z
316,23,16,,,2026-07-02T00:41:38Z
316,23,17,,,2026-07-02T00:41:38Z
316,23,18,,,2026-07-02T00:41:38Z
316,23,19,,,2026-07-02T00:41:38Z
316,23,20,,,2026-07-02T00:41:38Z
316,23,21,,,2026-07-02T00:41:38Z
316,23,22,,,2026-07-02T00:41:38Z
316,23,23,,,2026-07-02T00:41:38Z
316,23,24,,,2026-07-02T00:41:38Z
316,23,25,,,2026-07-02T00:41:38Z
316,23,26,,,2026-07-02T00:41:38Z
316,23,27,,,2026-07-02T00:41:38Z
316,23,28,,,2026-07-02T00:41:38Z
316,23,3,,,2026-07-02T00:41:38Z
316,23,4,,,2026-07-02T00:41:38Z
316,23,5,,,2026-07-02T00:41:38Z
316,23,6,,,2026-07-02T00:41:38Z
316,23,7,,,2026-07-02T00:41:38Z
316,23,8,,,2026-07-02T00:41:38Z
316,23,9,,,2026-07-02T00:41:38Z
316,24,10,,,2026-07-02T00:41:38Z
316,24,11,,,2026-07-02T00:41:38Z
316,24,12,,,2026-07-02T00:41:38Z
316,24,13,,,2026-07-02T00:41:38Z
316,24,14,,,2026-07-02T00:41:38Z
316,24,15,,,2026-07-02T00:41:38Z
316,24,16,,,2026-07-02T00:41:38Z
316,24,17,,,2026-07-02T00:41:38Z
316,24,18,,,2026-07-02T00:41:38Z
316,24,19,,,2026-07-02T00:41:38Z
316,24,20,,,2026-07-02T00:41:38Z
316,24,21,,,2026-07-02T00:41:38Z
316,24,22,,,2026-07-02T00:41:38Z
316,24,23,,,2026-07-02T00:41:38Z
316,24,24,,,2026-07-02T00:41:38Z
316,24,25,,,2026-07-02T00:41:38Z
316,24,26,,,2026-07-02T00:41:38Z
316,24,27,,,2026-07-02T00:41:38Z
316,24,28,,,2026-07-02T00:41:38Z
316,24,3,,,2026-07-02T00:41:38Z
316,24,4,,,2026-07-02T00:41:38Z
316,24,5,,,2026-07-02T00:41:38Z
316,24,6,,,2026-07-02T00:41:38Z
316,24,7,,,2026-07-02T00:41:38Z
316,24,8,,,2026-07-02T00:41:38Z
316,24,9,,,2026-07-02T00:41:38Z
316,25,10,,,2026-07-02T00:41:38Z
316,25,11,,,2026-07-02T00:41:38Z
316,25,12,,,2026-07-02T00:41:38Z
316,25,13,,,2026-07-02T00:41:38Z
316,25,14,,,2026-07-02T00:41:38Z
316,25,15,,,2026-07-02T00:41:38Z
316,25,16,,,2026-07-02T00:41:38Z
316,25,17,,,2026-07-02T00:41:38Z
316,25,18,,,2026-07-02T00:41:38Z
316,25,19,,,2026-07-02T00:41:38Z
316,25,20,,,2026-07-02T00:41:38Z
316,25,21,,,2026-07-02T00:41:38Z
316,25,22,,,2026-07-02T00:41:38Z
316,25,23,,,2026-07-02T00:41:38Z
316,25,24,,,2026-07-02T00:41:38Z
316,25,25,,,2026-07-02T00:41:38Z
316,25,26,,,2026-07-02T00:41:38Z
316,25,27,,,2026-07-02T00:41:38Z
316,25,28,,,2026-07-02T00:41:38Z
316,25,29,,,2026-07-02T00:41:38Z
316,25,3,,,2026-07-02T00:41:38Z
316,25,4,,,2026-07-02T00:41:38Z
316,25,5,,,2026-07-02T00:41:38Z
316,25,6,,,2026-07-02T00:41:38Z
316,25,7,,,2026-07-02T00:41:38Z
316,25,8,,,2026-07-02T00:41:38Z
316,25,9,,,2026-07-02T00:41:38Z
316,26,10,,,2026-07-02T00:41:38Z
316,26,11,,,2026-07-02T00:41:38Z
316,26,12,,,2026-07-02T00:41:38Z
316,26,13,,,2026-07-02T00:41:38Z
316,26,14,,,2026-07-02T00:41:38Z
316,26,15,,,2026-07-02T00:41:38Z
316,26,16,,,2026-07-02T00:41:38Z
316,26,17,,,2026-07-02T00:41:38Z
316,26,18,,,2026-07-02T00:41:38Z
316,26,19,,,2026-07-02T00:41:38Z
316,26,20,,,2026-07-02T00:41:38Z
316,26,21,,,2026-07-02T00:41:38Z
316,26,22,,,2026-07-02T00:41:38Z
316,26,23,,,2026-07-02T00:41:38Z
316,26,24,,,2026-07-02T00:41:38Z
316,26,25,,,2026-07-02T00:41:38Z
316,26,26,,,2026-07-02T00:41:38Z
316,26,27,,,2026-07-02T00:41:38Z
316,26,28,,,2026-07-02T00:41:38Z
316,26,29,,,2026-07-02T00:41:38Z
316,26,3,,,2026-07-02T00:41:38Z
316,26,4,,,2026-07-02T00:41:38Z
316,26,5,,,2026-07-02T00:41:38Z
316,26,6,,,2026-07-02T00:41:38Z
316,26,7,,,2026-07-02T00:41:38Z
316,26,8,,,2026-07-02T00:41:38Z
316,26,9,,,2026-07-02T00:41:38Z
316,28,10,,,2026-07-02T00:41:38Z
316,28,11,,,2026-07-02T00:41:38Z
316,28,12,,,2026-07-02T00:41:38Z
316,28,13,,,2026-07-02T00:41:38Z
316,28,14,,,2026-07-02T00:41:38Z
316,28,15,,,2026-07-02T00:41:38Z
316,28,16,,,2026-07-02T00:41:38Z
316,28,17,,,2026-07-02T00:41:38Z
316,28,18,,,2026-07-02T00:41:38Z
316,28,19,,,2026-07-02T00:41:38Z
316,28,20,,,2026-07-02T00:41:38Z
316,28,21,,,2026-07-02T00:41:38Z
316,28,22,,,2026-07-02T00:41:38Z
316,28,23,,,2026-07-02T00:41:38Z
316,28,24,,,2026-07-02T00:41:38Z
316,28,25,,,2026-07-02T00:41:38Z
316,28,26,,,2026-07-02T00:41:38Z
316,28,27,,,2026-07-02T00:41:38Z
316,28,28,,,2026-07-02T00:41:38Z
316,28,29,,,2026-07-02T00:41:38Z
316,28,30,,,2026-07-02T00:41:38Z
316,28,4,,,2026-07-02T00:41:38Z
316,28,5,,,2026-07-02T00:41:38Z
316,28,6,,,2026-07-02T00:41:38Z
316,28,7,,,2026-07-02T00:41:38Z
316,28,8,,,2026-07-02T00:41:38Z
316,28,9,,,2026-07-02T00:41:38Z
316,29,10,,,2026-07-02T00:41:38Z
316,29,11,,,2026-07-02T00:41:38Z
316,29,12,,,2026-07-02T00:41:38Z
316,29,13,,,2026-07-02T00:41:38Z
316,29,14,,,2026-07-02T00:41:38Z
316,29,15,,,2026-07-02T00:41:38Z
316,29,16,,,2026-07-02T00:41:38Z
316,29,17,,,2026-07-02T00:41:38Z
316,29,18,,,2026-07-02T00:41:38Z
316,29,19,,,2026-07-02T00:41:38Z
316,29,20,,,2026-07-02T00:41:38Z
316,29,21,,,2026-07-02T00:41:38Z
316,29,22,,,2026-07-02T00:41:38Z
316,29,23,,,2026-07-02T00:41:38Z
316,29,24,,,2026-07-02T00:41:38Z
316,29,25,,,2026-07-02T00:41:38Z
316,29,26,,,2026-07-02T00:41:38Z
316,29,27,,,2026-07-02T00:41:38Z
316,29,28,,,2026-07-02T00:41:38Z
316,29,29,,,2026-07-02T00:41:38Z
316,29,30,,,2026-07-02T00:41:38Z
316,29,4,,,2026-07-02T00:41:38Z
316,29,5,,,2026-07-02T00:41:38Z
316,29,6,,,2026-07-02T00:41:38Z
316,29,7,,,2026-07-02T00:41:38Z
316,29,8,,,2026-07-02T00:41:38Z
316,29,9,,,2026-07-02T00:41:38Z
316,30,10,,,2026-07-02T00:41:38Z
316,30,11,,,2026-07-02T00:41:38Z
316,30,12,,,2026-07-02T00:41:38Z
316,30,13,,,2026-07-02T00:41:38Z
316,30,14,,,2026-07-02T00:41:38Z
316,30,15,,,2026-07-02T00:41:38Z
316,30,16,,,2026-07-02T00:41:38Z
316,30,17,,,2026-07-02T00:41:38Z
316,30,18,,,2026-07-02T00:41:38Z
316,30,19,,,2026-07-02T00:41:38Z
316,30,20,,,2026-07-02T00:41:38Z
316,30,21,,,2026-07-02T00:41:38Z
316,30,22,,,2026-07-02T00:41:38Z
316,30,23,,,2026-07-02T00:41:38Z
316,30,24,,,2026-07-02T00:41:38Z
316,30,25,,,2026-07-02T00:41:38Z
316,30,26,,,2026-07-02T00:41:38Z
316,30,27,,,2026-07-02T00:41:38Z
316,30,28,,,2026-07-02T00:41:38Z
316,30,29,,,2026-07-02T00:41:38Z
316,30,30,,,2026-07-02T00:41:38Z
316,30,31,,,2026-07-02T00:41:38Z
316,30,4,,,2026-07-02T00:41:38Z
316,30,5,,,2026-07-02T00:41:38Z
316,30,6,,,2026-07-02T00:41:38Z
316,30,7,,,2026-07-02T00:41:38Z
316,30,8,,,2026-07-02T00:41:38Z
316,30,9,,,2026-07-02T00:41:38Z
316,31,10,,,2026-07-02T00:41:38Z
316,31,11,,,2026-07-02T00:41:38Z
316,31,12,,,2026-07-02T00:41:38Z
316,31,13,,,2026-07-02T00:41:38Z
316,31,14,,,2026-07-02T00:41:38Z
316,31,15,,,2026-07-02T00:41:38Z
316,31,16,,,2026-07-02T00:41:38Z
316,31,17,,,2026-07-02T00:41:38Z
316,31,18,,,2026-07-02T00:41:38Z
316,31,19,,,2026-07-02T00:41:38Z
316,31,20,,,2026-07-02T00:41:38Z
316,31,21,,,2026-07-02T00:41:38Z
316,31,22,,,2026-07-02T00:41:38Z
316,31,23,,,2026-07-02T00:41:38Z
316,31,24,,,2026-07-02T00:41:38Z
316,31,25,,,2026-07-02T00:41:38Z
316,31,26,,,2026-07-02T00:41:38Z
316,31,27,,,2026-07-02T00:41:38Z
316,31,28,,,2026-07-02T00:41:38Z
316,31,29,,,2026-07-02T00:41:38Z
316,31,30,,,2026-07-02T00:41:38Z
316,31,31,,,2026-07-02T00:41:38Z
316,31,4,,,2026-07-02T00:41:38Z
316,31,5,,,2026-07-02T00:41:38Z
316,31,6,,,2026-07-02T00:41:38Z
316,31,7,,,2026-07-02T00:41:38Z
316,31,8,,,2026-07-02T00:41:38Z
316,31,9,,,2026-07-02T00:41:38Z
316,32,10,,,2026-07-02T00:41:38Z
316,32,11,,,2026-07-02T00:41:38Z
316,32,12,,,2026-07-02T00:41:38Z
316,32,13,,,2026-07-02T00:41:38Z
316,32,14,,,2026-07-02T00:41:38Z
316,32,15,,,2026-07-02T00:41:38Z
316,32,16,,,2026-07-02T00:41:38Z
316,32,17,,,2026-07-02T00:41:38Z
316,32,18,,,2026-07-02T00:41:38Z
316,32,19,,,2026-07-02T00:41:38Z
316,32,20,,,2026-07-02T00:41:38Z
316,32,21,,,2026-07-02T00:41:38Z
316,32,22,,,2026-07-02T00:41:38Z
316,32,23,,,2026-07-02T00:41:38Z
316,32,24,,,2026-07-02T00:41:38Z
316,32,25,,,2026-07-02T00:41:38Z
316,32,26,,,2026-07-02T00:41:38Z
316,32,27,,,2026-07-02T00:41:38Z
316,32,28,,,2026-07-02T00:41:38Z
316,32,29,,,2026-07-02T00:41:38Z
316,32,30,,,2026-07-02T00:41:38Z
316,32,31,,,2026-07-02T00:41:38Z
316,32,32,,,2026-07-02T00:41:38Z
316,32,33,,,2026-07-02T00:41:38Z
316,32,34,,,2026-07-02T00:41:38Z
316,32,4,,,2026-07-02T00:41:38Z
316,32,5,,,2026-07-02T00:41:38Z
316,32,6,,,2026-07-02T00:41:38Z
316,32,7,,,2026-07-02T00:41:38Z
316,32,8,,,2026-07-02T00:41:38Z
316,32,9,,,2026-07-02T00:41:38Z
316,2,5,,,2026-07-02T00:41:38Z
316W,4,3,,,2026-07-02T00:41:38Z
316W,4,4,,,2026-07-02T00:41:38Z
316W,4,5,,,2026-07-02T00:41:38Z
316W,4,6,,,2026-07-02T00:41:38Z
316W,4,7,,,2026-07-02T00:41:38Z
316W,4,8,,,2026-07-02T00:41:38Z
317,1,9,,,2026-07-02T00:41:38Z
317,2,8,,,2026-07-02T00:41:38Z
317,2,9,,,2026-07-02T00:41:38Z
317,3,11,,,2026-07-02T00:41:38Z
317,3,12,,,2026-07-02T00:41:38Z
317,3,13,,,2026-07-02T00:41:38Z
317,4,7,,,2026-07-02T00:41:38Z
317,4,8,,,2026-07-02T00:41:38Z
317,4,9,,,2026-07-02T00:41:38Z
317,4,10,,,2026-07-02T00:41:38Z
317,4,11,,,2026-07-02T00:41:38Z
317,5,8,,,2026-07-02T00:41:38Z
317,5,9,,,2026-07-02T00:41:38Z
317,5,10,,,2026-07-02T00:41:38Z
317,5,11,,,2026-07-02T00:41:38Z
317,5,12,,,2026-07-02T00:41:38Z
317,5,13,,,2026-07-02T00:41:38Z
317,5,14,,,2026-07-02T00:41:38Z
317,5,15,,,2026-07-02T00:41:38Z
317,6,8,,,2026-07-02T00:41:38Z
317,6,9,,,2026-07-02T00:41:38Z
317,6,10,,,2026-07-02T00:41:38Z
317,6,11,,,2026-07-02T00:41:38Z
317,6,12,,,2026-07-02T00:41:38Z
317,6,13,,,2026-07-02T00:41:38Z
317,6,14,,,2026-07-02T00:41:38Z
317,6,15,,,2026-07-02T00:41:38Z
317,7,4,,,2026-07-02T00:41:38Z
317,7,5,,,2026-07-02T00:41:38Z
317,7,6,,,2026-07-02T00:41:38Z
317,7,7,,,2026-07-02T00:41:38Z
317,7,8,,,2026-07-02T00:41:38Z
317,7,9,,,2026-07-02T00:41:38Z
317,7,10,,,2026-07-02T00:41:38Z
317,7,11,,,2026-07-02T00:41:38Z
317,7,12,,,2026-07-02T00:41:38Z
317,7,13,,,2026-07-02T00:41:38Z
317,7,14,,,2026-07-02T00:41:38Z
317,7,15,,,2026-07-02T00:41:38Z
317,7,16,,,2026-07-02T00:41:38Z
317,10,15,,,2026-07-02T00:41:38Z
317,10,16,,,2026-07-02T00:41:38Z
317,10,17,,,2026-07-02T00:41:38Z
317,11,12,,,2026-07-02T00:41:38Z
317,11,13,,,2026-07-02T00:41:38Z
317,11,14,,,2026-07-02T00:41:38Z
317,11,7,,,2026-07-02T00:41:38Z
317,11,8,,,2026-07-02T00:41:38Z
317,11,9,,,2026-07-02T00:41:38Z
317,12,13,,,2026-07-02T00:41:38Z
317,12,14,,,2026-07-02T00:41:38Z
317,12,15,,,2026-07-02T00:41:38Z
317,12,16,,,2026-07-02T00:41:38Z
317,12,17,,,2026-07-02T00:41:38Z
317,12,18,,,2026-07-02T00:41:38Z
317,13,10,,,2026-07-02T00:41:38Z
317,13,11,,,2026-07-02T00:41:38Z
317,13,12,,,2026-07-02T00:41:38Z
317,13,13,,,2026-07-02T00:41:38Z
317,13,14,,,2026-07-02T00:41:38Z
317,13,15,,,2026-07-02T00:41:38Z
317,13,16,,,2026-07-02T00:41:38Z
317,13,17,,,2026-07-02T00:41:38Z
317,13,18,,,2026-07-02T00:41:38Z
317,13,19,,,2026-07-02T00:41:38Z
317,13,20,,,2026-07-02T00:41:38Z
317,13,21,,,2026-07-02T00:41:38Z
317,13,5,,,2026-07-02T00:41:38Z
317,13,6,,,2026-07-02T00:41:38Z
317,13,7,,,2026-07-02T00:41:38Z
317,13,8,,,2026-07-02T00:41:38Z
317,13,9,,,2026-07-02T00:41:38Z
317,19,10,,,2026-07-02T00:41:38Z
317,19,11,,,2026-07-02T00:41:38Z
317,19,12,,,2026-07-02T00:41:38Z
317,19,13,,,2026-07-02T00:41:38Z
317,19,14,,,2026-07-02T00:41:38Z
317,19,16,,,2026-07-02T00:41:38Z
317,19,17,,,2026-07-02T00:41:38Z
317,19,18,,,2026-07-02T00:41:38Z
317,19,19,,,2026-07-02T00:41:38Z
317,19,20,,,2026-07-02T00:41:38Z
317,19,21,,,2026-07-02T00:41:38Z
317,19,22,,,2026-07-02T00:41:38Z
317,19,23,,,2026-07-02T00:41:38Z
317,19,3,,,2026-07-02T00:41:38Z
317,19,4,,,2026-07-02T00:41:38Z
317,19,5,,,2026-07-02T00:41:38Z
317,19,6,,,2026-07-02T00:41:38Z
317,19,7,,,2026-07-02T00:41:38Z
317,19,8,,,2026-07-02T00:41:38Z
317,19,9,,,2026-07-02T00:41:38Z
317,27,10,,,2026-07-02T00:41:38Z
317,27,11,,,2026-07-02T00:41:38Z
317,27,12,,,2026-07-02T00:41:38Z
317,27,13,,,2026-07-02T00:41:38Z
317,27,14,,,2026-07-02T00:41:38Z
317,27,15,,,2026-07-02T00:41:38Z
317,27,16,,,2026-07-02T00:41:38Z
317,27,17,,,2026-07-02T00:41:38Z
317,27,18,,,2026-07-02T00:41:38Z
317,27,19,,,2026-07-02T00:41:38Z
317,27,20,,,2026-07-02T00:41:38Z
317,27,21,,,2026-07-02T00:41:38Z
317,27,22,,,2026-07-02T00:41:38Z
317,27,23,,,2026-07-02T00:41:38Z
317,27,24,,,2026-07-02T00:41:38Z
317,27,25,,,2026-07-02T00:41:38Z
317,27,26,,,2026-07-02T00:41:38Z
317,27,3,,,2026-07-02T00:41:38Z
317,27,4,,,2026-07-02T00:41:38Z
317,27,5,,,2026-07-02T00:41:38Z
317,27,6,,,2026-07-02T00:41:38Z
317,27,7,,,2026-07-02T00:41:38Z
317,27,8,,,2026-07-02T00:41:38Z
317,27,9,,,2026-07-02T00:41:38Z
317,20,10,,,2026-07-02T00:41:38Z
317,20,11,,,2026-07-02T00:41:38Z
317,20,12,,,2026-07-02T00:41:38Z
317,20,13,,,2026-07-02T00:41:38Z
317,20,14,,,2026-07-02T00:41:38Z
317,20,15,,,2026-07-02T00:41:38Z
317,20,16,,,2026-07-02T00:41:38Z
317,20,17,,,2026-07-02T00:41:38Z
317,20,18,,,2026-07-02T00:41:38Z
317,20,19,,,2026-07-02T00:41:38Z
317,20,20,,,2026-07-02T00:41:38Z
317,20,21,,,2026-07-02T00:41:38Z
317,20,22,,,2026-07-02T00:41:38Z
317,20,23,,,2026-07-02T00:41:38Z
317,20,3,,,2026-07-02T00:41:38Z
317,20,4,,,2026-07-02T00:41:38Z
317,20,5,,,2026-07-02T00:41:38Z
317,20,6,,,2026-07-02T00:41:38Z
317,20,7,,,2026-07-02T00:41:38Z
317,20,8,,,2026-07-02T00:41:38Z
317,20,9,,,2026-07-02T00:41:38Z
317,21,10,,,2026-07-02T00:41:38Z
317,21,11,,,2026-07-02T00:41:38Z
317,21,12,,,2026-07-02T00:41:38Z
317,21,13,,,2026-07-02T00:41:38Z
317,21,14,,,2026-07-02T00:41:38Z
317,21,15,,,2026-07-02T00:41:38Z
317,21,16,,,2026-07-02T00:41:38Z
317,21,17,,,2026-07-02T00:41:38Z
317,21,18,,,2026-07-02T00:41:38Z
317,21,19,,,2026-07-02T00:41:38Z
317,21,20,,,2026-07-02T00:41:38Z
317,21,21,,,2026-07-02T00:41:38Z
317,21,22,,,2026-07-02T00:41:38Z
317,21,23,,,2026-07-02T00:41:38Z
317,21,24,,,2026-07-02T00:41:38Z
317,21,5,,,2026-07-02T00:41:38Z
317,21,6,,,2026-07-02T00:41:38Z
317,21,7,,,2026-07-02T00:41:38Z
317,21,8,,,2026-07-02T00:41:38Z
317,21,9,,,2026-07-02T00:41:38Z
317,22,10,,,2026-07-02T00:41:38Z
317,22,11,,,2026-07-02T00:41:38Z
317,22,12,,,2026-07-02T00:41:38Z
317,22,13,,,2026-07-02T00:41:38Z
317,22,14,,,2026-07-02T00:41:38Z
317,22,15,,,2026-07-02T00:41:38Z
317,22,16,,,2026-07-02T00:41:38Z
317,22,17,,,2026-07-02T00:41:38Z
317,22,18,,,2026-07-02T00:41:38Z
317,22,19,,,2026-07-02T00:41:38Z
317,22,20,,,2026-07-02T00:41:38Z
317,22,21,,,2026-07-02T00:41:38Z
317,22,22,,,2026-07-02T00:41:38Z
317,22,23,,,2026-07-02T00:41:38Z
317,22,24,,,2026-07-02T00:41:38Z
317,22,3,,,2026-07-02T00:41:38Z
317,22,4,,,2026-07-02T00:41:38Z
317,22,5,,,2026-07-02T00:41:38Z
317,22,6,,,2026-07-02T00:41:38Z
317,22,7,,,2026-07-02T00:41:38Z
317,22,8,,,2026-07-02T00:41:38Z
317,22,9,,,2026-07-02T00:41:38Z
317,23,10,,,2026-07-02T00:41:38Z
317,23,11,,,2026-07-02T00:41:38Z
317,23,12,,,2026-07-02T00:41:38Z
317,23,13,,,2026-07-02T00:41:38Z
317,23,14,,,2026-07-02T00:41:38Z
317,23,15,,,2026-07-02T00:41:38Z
317,23,16,,,2026-07-02T00:41:38Z
317,23,17,,,2026-07-02T00:41:38Z
317,23,18,,,2026-07-02T00:41:38Z
317,23,19,,,2026-07-02T00:41:38Z
317,23,20,,,2026-07-02T00:41:38Z
317,23,21,,,2026-07-02T00:41:38Z
317,23,22,,,2026-07-02T00:41:38Z
317,23,23,,,2026-07-02T00:41:38Z
317,23,24,,,2026-07-02T00:41:38Z
317,23,3,,,2026-07-02T00:41:38Z
317,23,4,,,2026-07-02T00:41:38Z
317,23,5,,,2026-07-02T00:41:38Z
317,23,6,,,2026-07-02T00:41:38Z
317,23,7,,,2026-07-02T00:41:38Z
317,23,8,,,2026-07-02T00:41:38Z
317,23,9,,,2026-07-02T00:41:38Z
317,24,10,,,2026-07-02T00:41:38Z
317,24,11,,,2026-07-02T00:41:38Z
317,24,12,,,2026-07-02T00:41:38Z
317,24,13,,,2026-07-02T00:41:38Z
317,24,14,,,2026-07-02T00:41:38Z
317,24,15,,,2026-07-02T00:41:38Z
317,24,16,,,2026-07-02T00:41:38Z
317,24,17,,,2026-07-02T00:41:38Z
317,24,18,,,2026-07-02T00:41:38Z
317,24,19,,,2026-07-02T00:41:38Z
317,24,20,,,2026-07-02T00:41:38Z
317,24,21,,,2026-07-02T00:41:38Z
317,24,22,,,2026-07-02T00:41:38Z
317,24,23,,,2026-07-02T00:41:38Z
317,24,24,,,2026-07-02T00:41:38Z
317,24,25,,,2026-07-02T00:41:38Z
317,24,3,,,2026-07-02T00:41:38Z
317,24,4,,,2026-07-02T00:41:38Z
317,24,5,,,2026-07-02T00:41:38Z
317,24,6,,,2026-07-02T00:41:38Z
317,24,7,,,2026-07-02T00:41:38Z
317,24,8,,,2026-07-02T00:41:38Z
317,24,9,,,2026-07-02T00:41:38Z
317,25,10,,,2026-07-02T00:41:38Z
317,25,11,,,2026-07-02T00:41:38Z
317,25,12,,,2026-07-02T00:41:38Z
317,25,13,,,2026-07-02T00:41:38Z
317,25,14,,,2026-07-02T00:41:38Z
317,25,15,,,2026-07-02T00:41:38Z
317,25,16,,,2026-07-02T00:41:38Z
317,25,17,,,2026-07-02T00:41:38Z
317,25,18,,,2026-07-02T00:41:38Z
317,25,19,,,2026-07-02T00:41:38Z
317,25,20,,,2026-07-02T00:41:38Z
317,25,21,,,2026-07-02T00:41:38Z
317,25,22,,,2026-07-02T00:41:38Z
317,25,23,,,2026-07-02T00:41:38Z
317,25,24,,,2026-07-02T00:41:38Z
317,25,25,,,2026-07-02T00:41:38Z
317,25,3,,,2026-07-02T00:41:38Z
317,25,4,,,2026-07-02T00:41:38Z
317,25,5,,,2026-07-02T00:41:38Z
317,25,6,,,2026-07-02T00:41:38Z
317,25,7,,,2026-07-02T00:41:38Z
317,25,8,,,2026-07-02T00:41:38Z
317,25,9,,,2026-07-02T00:41:38Z
317,26,10,,,2026-07-02T00:41:38Z
317,26,11,,,2026-07-02T00:41:38Z
317,26,12,,,2026-07-02T00:41:38Z
317,26,13,,,2026-07-02T00:41:38Z
317,26,14,,,2026-07-02T00:41:38Z
317,26,15,,,2026-07-02T00:41:38Z
317,26,16,,,2026-07-02T00:41:38Z
317,26,17,,,2026-07-02T00:41:38Z
317,26,18,,,2026-07-02T00:41:38Z
317,26,19,,,2026-07-02T00:41:38Z
317,26,20,,,2026-07-02T00:41:38Z
317,26,21,,,2026-07-02T00:41:38Z
317,26,22,,,2026-07-02T00:41:38Z
317,26,23,,,2026-07-02T00:41:38Z
317,26,24,,,2026-07-02T00:41:38Z
317,26,25,,,2026-07-02T00:41:38Z
317,26,3,,,2026-07-02T00:41:38Z
317,26,4,,,2026-07-02T00:41:38Z
317,26,5,,,2026-07-02T00:41:38Z
317,26,6,,,2026-07-02T00:41:38Z
317,26,7,,,2026-07-02T00:41:38Z
317,26,8,,,2026-07-02T00:41:38Z
317,26,9,,,2026-07-02T00:41:38Z
317,28,10,,,2026-07-02T00:41:38Z
317,28,11,,,2026-07-02T00:41:38Z
317,28,12,,,2026-07-02T00:41:38Z
317,28,13,,,2026-07-02T00:41:38Z
317,28,14,,,2026-07-02T00:41:38Z
317,28,15,,,2026-07-02T00:41:38Z
317,28,16,,,2026-07-02T00:41:38Z
317,28,17,,,2026-07-02T00:41:38Z
317,28,18,,,2026-07-02T00:41:38Z
317,28,19,,,2026-07-02T00:41:38Z
317,28,20,,,2026-07-02T00:41:38Z
317,28,21,,,2026-07-02T00:41:38Z
317,28,22,,,2026-07-02T00:41:38Z
317,28,23,,,2026-07-02T00:41:38Z
317,28,24,,,2026-07-02T00:41:38Z
317,28,25,,,2026-07-02T00:41:38Z
317,28,26,,,2026-07-02T00:41:38Z
317,28,3,,,2026-07-02T00:41:38Z
317,28,4,,,2026-07-02T00:41:38Z
317,28,5,,,2026-07-02T00:41:38Z
317,28,6,,,2026-07-02T00:41:38Z
317,28,7,,,2026-07-02T00:41:38Z
317,28,8,,,2026-07-02T00:41:38Z
317,28,9,,,2026-07-02T00:41:38Z
317,29,10,,,2026-07-02T00:41:38Z
317,29,11,,,2026-07-02T00:41:38Z
317,29,12,,,2026-07-02T00:41:38Z
317,29,13,,,2026-07-02T00:41:38Z
317,29,14,,,2026-07-02T00:41:38Z
317,29,15,,,2026-07-02T00:41:38Z
317,29,16,,,2026-07-02T00:41:38Z
317,29,17,,,2026-07-02T00:41:38Z
317,29,18,,,2026-07-02T00:41:38Z
317,29,19,,,2026-07-02T00:41:38Z
317,29,20,,,2026-07-02T00:41:38Z
317,29,21,,,2026-07-02T00:41:38Z
317,29,22,,,2026-07-02T00:41:38Z
317,29,23,,,2026-07-02T00:41:38Z
317,29,24,,,2026-07-02T00:41:38Z
317,29,25,,,2026-07-02T00:41:38Z
317,29,26,,,2026-07-02T00:41:38Z
317,29,3,,,2026-07-02T00:41:38Z
317,29,4,,,2026-07-02T00:41:38Z
317,29,5,,,2026-07-02T00:41:38Z
317,29,6,,,2026-07-02T00:41:38Z
317,29,7,,,2026-07-02T00:41:38Z
317,29,8,,,2026-07-02T00:41:38Z
317,29,9,,,2026-07-02T00:41:38Z
317,30,10,,,2026-07-02T00:41:38Z
317,30,11,,,2026-07-02T00:41:38Z
317,30,12,,,2026-07-02T00:41:38Z
317,30,13,,,2026-07-02T00:41:38Z
317,30,14,,,2026-07-02T00:41:38Z
317,30,15,,,2026-07-02T00:41:38Z
317,30,16,,,2026-07-02T00:41:38Z
317,30,17,,,2026-07-02T00:41:38Z
317,30,18,,,2026-07-02T00:41:38Z
317,30,19,,,2026-07-02T00:41:38Z
317,30,20,,,2026-07-02T00:41:38Z
317,30,21,,,2026-07-02T00:41:38Z
317,30,22,,,2026-07-02T00:41:38Z
317,30,23,,,2026-07-02T00:41:38Z
317,30,24,,,2026-07-02T00:41:38Z
317,30,25,,,2026-07-02T00:41:38Z
317,30,26,,,2026-07-02T00:41:38Z
317,30,27,,,2026-07-02T00:41:38Z
317,30,3,,,2026-07-02T00:41:38Z
317,30,4,,,2026-07-02T00:41:38Z
317,30,5,,,2026-07-02T00:41:38Z
317,30,6,,,2026-07-02T00:41:38Z
317,30,7,,,2026-07-02T00:41:38Z
317,30,8,,,2026-07-02T00:41:38Z
317,30,9,,,2026-07-02T00:41:38Z
317,31,14,,,2026-07-02T00:41:38Z
317,31,15,,,2026-07-02T00:41:38Z
317,31,16,,,2026-07-02T00:41:38Z
317,31,17,,,2026-07-02T00:41:38Z
317,31,18,,,2026-07-02T00:41:38Z
317,31,19,,,2026-07-02T00:41:38Z
317,31,20,,,2026-07-02T00:41:38Z
317,31,21,,,2026-07-02T00:41:38Z
317,31,22,,,2026-07-02T00:41:38Z
317,31,23,,,2026-07-02T00:41:38Z
317,31,24,,,2026-07-02T00:41:38Z
317,31,25,,,2026-07-02T00:41:38Z
317,31,26,,,2026-07-02T00:41:38Z
317,31,27,,,2026-07-02T00:41:38Z
317,31,3,,,2026-07-02T00:41:38Z
317,31,4,,,2026-07-02T00:41:38Z
317,31,5,,,2026-07-02T00:41:38Z
317,31,6,,,2026-07-02T00:41:38Z
317,31,7,,,2026-07-02T00:41:38Z
317,31,8,,,2026-07-02T00:41:38Z
317,32,13,,,2026-07-02T00:41:38Z
317,32,14,,,2026-07-02T00:41:38Z
317,32,15,,,2026-07-02T00:41:38Z
317,32,16,,,2026-07-02T00:41:38Z
317,32,17,,,2026-07-02T00:41:38Z
317,32,18,,,2026-07-02T00:41:38Z
317,32,19,,,2026-07-02T00:41:38Z
317,32,20,,,2026-07-02T00:41:38Z
317,32,21,,,2026-07-02T00:41:38Z
317,32,22,,,2026-07-02T00:41:38Z
317,32,23,,,2026-07-02T00:41:38Z
317,32,24,,,2026-07-02T00:41:38Z
317,32,25,,,2026-07-02T00:41:38Z
317,32,26,,,2026-07-02T00:41:38Z
317,32,27,,,2026-07-02T00:41:38Z
317,32,28,,,2026-07-02T00:41:38Z
317,32,29,,,2026-07-02T00:41:38Z
317,32,30,,,2026-07-02T00:41:38Z
317,32,4,,,2026-07-02T00:41:38Z
317,32,5,,,2026-07-02T00:41:38Z
317,32,6,,,2026-07-02T00:41:38Z
317,32,7,,,2026-07-02T00:41:38Z
318,10,10,,,2026-07-02T00:41:38Z
318,10,11,,,2026-07-02T00:41:38Z
318,10,12,,,2026-07-02T00:41:38Z
318,10,4,,,2026-07-02T00:41:38Z
318,10,5,,,2026-07-02T00:41:38Z
318,11,13,,,2026-07-02T00:41:38Z
318,11,14,,,2026-07-02T00:41:38Z
318,11,15,,,2026-07-02T00:41:38Z
318,11,16,,,2026-07-02T00:41:38Z
318,12,10,,,2026-07-02T00:41:38Z
318,12,11,,,2026-07-02T00:41:38Z
318,12,12,,,2026-07-02T00:41:38Z
318,12,13,,,2026-07-02T00:41:38Z
318,12,14,,,2026-07-02T00:41:38Z
318,12,15,,,2026-07-02T00:41:38Z
318,12,2,,,2026-07-02T00:41:38Z
318,12,3,,,2026-07-02T00:41:38Z
318,12,4,,,2026-07-02T00:41:38Z
318,12,5,,,2026-07-02T00:41:38Z
318,12,6,,,2026-07-02T00:41:38Z
318,12,7,,,2026-07-02T00:41:38Z
318,12,8,,,2026-07-02T00:41:38Z
318,12,9,,,2026-07-02T00:41:38Z
318,13,10,,,2026-07-02T00:41:38Z
318,13,11,,,2026-07-02T00:41:38Z
318,13,12,,,2026-07-02T00:41:38Z
318,13,13,,,2026-07-02T00:41:38Z
318,13,14,,,2026-07-02T00:41:38Z
318,13,15,,,2026-07-02T00:41:38Z
318,13,16,,,2026-07-02T00:41:38Z
318,13,17,,,2026-07-02T00:41:38Z
318,13,2,,,2026-07-02T00:41:38Z
318,13,3,,,2026-07-02T00:41:38Z
318,13,4,,,2026-07-02T00:41:38Z
318,13,5,,,2026-07-02T00:41:38Z
318,13,6,,,2026-07-02T00:41:38Z
318,13,7,,,2026-07-02T00:41:38Z
318,13,8,,,2026-07-02T00:41:38Z
318,13,9,,,2026-07-02T00:41:38Z
318,19,10,,,2026-07-02T00:41:38Z
318,19,11,,,2026-07-02T00:41:38Z
318,19,12,,,2026-07-02T00:41:38Z
318,19,13,,,2026-07-02T00:41:38Z
318,19,14,,,2026-07-02T00:41:38Z
318,19,15,,,2026-07-02T00:41:38Z
318,19,16,,,2026-07-02T00:41:38Z
318,19,17,,,2026-07-02T00:41:38Z
318,19,18,,,2026-07-02T00:41:38Z
318,19,19,,,2026-07-02T00:41:38Z
318,19,20,,,2026-07-02T00:41:38Z
318,19,21,,,2026-07-02T00:41:38Z
318,19,3,,,2026-07-02T00:41:38Z
318,19,4,,,2026-07-02T00:41:38Z
318,19,5,,,2026-07-02T00:41:38Z
318,19,6,,,2026-07-02T00:41:38Z
318,19,7,,,2026-07-02T00:41:38Z
318,19,8,,,2026-07-02T00:41:38Z
318,19,9,,,2026-07-02T00:41:38Z
318,27,10,,,2026-07-02T00:41:38Z
318,27,11,,,2026-07-02T00:41:38Z
318,27,12,,,2026-07-02T00:41:38Z
318,27,13,,,2026-07-02T00:41:38Z
318,27,14,,,2026-07-02T00:41:38Z
318,27,15,,,2026-07-02T00:41:38Z
318,27,16,,,2026-07-02T00:41:38Z
318,27,17,,,2026-07-02T00:41:38Z
318,27,18,,,2026-07-02T00:41:38Z
318,27,19,,,2026-07-02T00:41:38Z
318,27,20,,,2026-07-02T00:41:38Z
318,27,21,,,2026-07-02T00:41:38Z
318,27,22,,,2026-07-02T00:41:38Z
318,27,23,,,2026-07-02T00:41:38Z
318,27,24,,,2026-07-02T00:41:38Z
318,27,3,,,2026-07-02T00:41:38Z
318,27,4,,,2026-07-02T00:41:38Z
318,27,5,,,2026-07-02T00:41:38Z
318,27,6,,,2026-07-02T00:41:38Z
318,27,7,,,2026-07-02T00:41:38Z
318,27,8,,,2026-07-02T00:41:38Z
318,27,9,,,2026-07-02T00:41:38Z
318,20,10,,,2026-07-02T00:41:38Z
318,20,11,,,2026-07-02T00:41:38Z
318,20,12,,,2026-07-02T00:41:38Z
318,20,13,,,2026-07-02T00:41:38Z
318,20,14,,,2026-07-02T00:41:38Z
318,20,15,,,2026-07-02T00:41:38Z
318,20,16,,,2026-07-02T00:41:38Z
318,20,17,,,2026-07-02T00:41:38Z
318,20,18,,,2026-07-02T00:41:38Z
318,20,19,,,2026-07-02T00:41:38Z
318,20,20,,,2026-07-02T00:41:38Z
318,20,21,,,2026-07-02T00:41:38Z
318,20,3,,,2026-07-02T00:41:38Z
318,20,4,,,2026-07-02T00:41:38Z
318,20,5,,,2026-07-02T00:41:38Z
318,20,6,,,2026-07-02T00:41:38Z
318,20,7,,,2026-07-02T00:41:38Z
318,20,8,,,2026-07-02T00:41:38Z
318,20,9,,,2026-07-02T00:41:38Z
318,21,10,,,2026-07-02T00:41:38Z
318,21,11,,,2026-07-02T00:41:38Z
318,21,12,,,2026-07-02T00:41:38Z
318,21,13,,,2026-07-02T00:41:38Z
318,21,14,,,2026-07-02T00:41:38Z
318,21,15,,,2026-07-02T00:41:38Z
318,21,16,,,2026-07-02T00:41:38Z
318,21,17,,,2026-07-02T00:41:38Z
318,21,18,,,2026-07-02T00:41:38Z
318,21,19,,,2026-07-02T00:41:38Z
318,21,20,,,2026-07-02T00:41:38Z
318,21,21,,,2026-07-02T00:41:38Z
318,21,22,,,2026-07-02T00:41:38Z
318,21,3,,,2026-07-02T00:41:38Z
318,21,4,,,2026-07-02T00:41:38Z
318,21,5,,,2026-07-02T00:41:38Z
318,21,6,,,2026-07-02T00:41:38Z
318,21,7,,,2026-07-02T00:41:38Z
318,21,8,,,2026-07-02T00:41:38Z
318,21,9,,,2026-07-02T00:41:38Z
318,22,10,,,2026-07-02T00:41:38Z
318,22,11,,,2026-07-02T00:41:38Z
318,22,12,,,2026-07-02T00:41:38Z
318,22,13,,,2026-07-02T00:41:38Z
318,22,14,,,2026-07-02T00:41:38Z
318,22,15,,,2026-07-02T00:41:38Z
318,22,16,,,2026-07-02T00:41:38Z
318,22,17,,,2026-07-02T00:41:38Z
318,22,18,,,2026-07-02T00:41:38Z
318,22,19,,,2026-07-02T00:41:38Z
318,22,20,,,2026-07-02T00:41:38Z
318,22,21,,,2026-07-02T00:41:38Z
318,22,22,,,2026-07-02T00:41:38Z
318,22,3,,,2026-07-02T00:41:38Z
318,22,4,,,2026-07-02T00:41:38Z
318,22,5,,,2026-07-02T00:41:38Z
318,22,6,,,2026-07-02T00:41:38Z
318,22,7,,,2026-07-02T00:41:38Z
318,22,8,,,2026-07-02T00:41:38Z
318,22,9,,,2026-07-02T00:41:38Z
318,23,10,,,2026-07-02T00:41:38Z
318,23,11,,,2026-07-02T00:41:38Z
318,23,12,,,2026-07-02T00:41:38Z
318,23,13,,,2026-07-02T00:41:38Z
318,23,14,,,2026-07-02T00:41:38Z
318,23,15,,,2026-07-02T00:41:38Z
318,23,16,,,2026-07-02T00:41:38Z
318,23,17,,,2026-07-02T00:41:38Z
318,23,18,,,2026-07-02T00:41:38Z
318,23,19,,,2026-07-02T00:41:38Z
318,23,20,,,2026-07-02T00:41:38Z
318,23,21,,,2026-07-02T00:41:38Z
318,23,22,,,2026-07-02T00:41:38Z
318,23,23,,,2026-07-02T00:41:38Z
318,23,3,,,2026-07-02T00:41:38Z
318,23,4,,,2026-07-02T00:41:38Z
318,23,5,,,2026-07-02T00:41:38Z
318,23,6,,,2026-07-02T00:41:38Z
318,23,7,,,2026-07-02T00:41:38Z
318,23,8,,,2026-07-02T00:41:38Z
318,23,9,,,2026-07-02T00:41:38Z
318,24,10,,,2026-07-02T00:41:38Z
318,24,11,,,2026-07-02T00:41:38Z
318,24,12,,,2026-07-02T00:41:38Z
318,24,13,,,2026-07-02T00:41:38Z
318,24,14,,,2026-07-02T00:41:38Z
318,24,15,,,2026-07-02T00:41:38Z
318,24,16,,,2026-07-02T00:41:38Z
318,24,17,,,2026-07-02T00:41:38Z
318,24,18,,,2026-07-02T00:41:38Z
318,24,19,,,2026-07-02T00:41:38Z
318,24,20,,,2026-07-02T00:41:38Z
318,24,21,,,2026-07-02T00:41:38Z
318,24,22,,,2026-07-02T00:41:38Z
318,24,23,,,2026-07-02T00:41:38Z
318,24,3,,,2026-07-02T00:41:38Z
318,24,4,,,2026-07-02T00:41:38Z
318,24,5,,,2026-07-02T00:41:38Z
318,24,6,,,2026-07-02T00:41:38Z
318,24,7,,,2026-07-02T00:41:38Z
318,24,8,,,2026-07-02T00:41:38Z
318,24,9,,,2026-07-02T00:41:38Z
318,25,10,,,2026-07-02T00:41:38Z
318,25,11,,,2026-07-02T00:41:38Z
318,25,12,,,2026-07-02T00:41:38Z
318,25,13,,,2026-07-02T00:41:38Z
318,25,14,,,2026-07-02T00:41:38Z
318,25,15,,,2026-07-02T00:41:38Z
318,25,16,,,2026-07-02T00:41:38Z
318,25,17,,,2026-07-02T00:41:38Z
318,25,18,,,2026-07-02T00:41:38Z
318,25,19,,,2026-07-02T00:41:38Z
318,25,20,,,2026-07-02T00:41:38Z
318,25,21,,,2026-07-02T00:41:38Z
318,25,22,,,2026-07-02T00:41:38Z
318,25,23,,,2026-07-02T00:41:38Z
318,25,3,,,2026-07-02T00:41:38Z
318,25,4,,,2026-07-02T00:41:38Z
318,25,5,,,2026-07-02T00:41:38Z
318,25,6,,,2026-07-02T00:41:38Z
318,25,7,,,2026-07-02T00:41:38Z
318,25,8,,,2026-07-02T00:41:38Z
318,25,9,,,2026-07-02T00:41:38Z
318,26,10,,,2026-07-02T00:41:38Z
318,26,11,,,2026-07-02T00:41:38Z
318,26,12,,,2026-07-02T00:41:38Z
318,26,13,,,2026-07-02T00:41:38Z
318,26,14,,,2026-07-02T00:41:38Z
318,26,15,,,2026-07-02T00:41:38Z
318,26,16,,,2026-07-02T00:41:38Z
318,26,17,,,2026-07-02T00:41:38Z
318,26,18,,,2026-07-02T00:41:38Z
318,26,19,,,2026-07-02T00:41:38Z
318,26,20,,,2026-07-02T00:41:38Z
318,26,21,,,2026-07-02T00:41:38Z
318,26,22,,,2026-07-02T00:41:38Z
318,26,23,,,2026-07-02T00:41:38Z
318,26,24,,,2026-07-02T00:41:38Z
318,26,3,,,2026-07-02T00:41:38Z
318,26,4,,,2026-07-02T00:41:38Z
318,26,5,,,2026-07-02T00:41:38Z
318,26,6,,,2026-07-02T00:41:38Z
318,26,7,,,2026-07-02T00:41:38Z
318,26,8,,,2026-07-02T00:41:38Z
318,26,9,,,2026-07-02T00:41:38Z
318,28,10,,,2026-07-02T00:41:38Z
318,28,11,,,2026-07-02T00:41:38Z
318,28,12,,,2026-07-02T00:41:38Z
318,28,13,,,2026-07-02T00:41:38Z
318,28,14,,,2026-07-02T00:41:38Z
318,28,15,,,2026-07-02T00:41:38Z
318,28,16,,,2026-07-02T00:41:38Z
318,28,17,,,2026-07-02T00:41:38Z
318,28,18,,,2026-07-02T00:41:38Z
318,28,19,,,2026-07-02T00:41:38Z
318,28,20,,,2026-07-02T00:41:38Z
318,28,21,,,2026-07-02T00:41:38Z
318,28,22,,,2026-07-02T00:41:38Z
318,28,23,,,2026-07-02T00:41:38Z
318,28,24,,,2026-07-02T00:41:38Z
318,28,3,,,2026-07-02T00:41:38Z
318,28,4,,,2026-07-02T00:41:38Z
318,28,5,,,2026-07-02T00:41:38Z
318,28,6,,,2026-07-02T00:41:38Z
318,28,7,,,2026-07-02T00:41:38Z
318,28,8,,,2026-07-02T00:41:38Z
318,28,9,,,2026-07-02T00:41:38Z
318,29,10,,,2026-07-02T00:41:38Z
318,29,11,,,2026-07-02T00:41:38Z
318,29,12,,,2026-07-02T00:41:38Z
318,29,13,,,2026-07-02T00:41:38Z
318,29,14,,,2026-07-02T00:41:38Z
318,29,15,,,2026-07-02T00:41:38Z
318,29,16,,,2026-07-02T00:41:38Z
318,29,17,,,2026-07-02T00:41:38Z
318,29,18,,,2026-07-02T00:41:38Z
318,29,19,,,2026-07-02T00:41:38Z
318,29,20,,,2026-07-02T00:41:38Z
318,29,21,,,2026-07-02T00:41:38Z
318,29,22,,,2026-07-02T00:41:38Z
318,29,23,,,2026-07-02T00:41:38Z
318,29,24,,,2026-07-02T00:41:38Z
318,29,25,,,2026-07-02T00:41:38Z
318,29,3,,,2026-07-02T00:41:38Z
318,29,4,,,2026-07-02T00:41:38Z
318,29,5,,,2026-07-02T00:41:38Z
318,29,6,,,2026-07-02T00:41:38Z
318,29,7,,,2026-07-02T00:41:38Z
318,29,8,,,2026-07-02T00:41:38Z
318,29,9,,,2026-07-02T00:41:38Z
318,30,10,,,2026-07-02T00:41:38Z
318,30,11,,,2026-07-02T00:41:38Z
318,30,12,,,2026-07-02T00:41:38Z
318,30,13,,,2026-07-02T00:41:38Z
318,30,14,,,2026-07-02T00:41:38Z
318,30,15,,,2026-07-02T00:41:38Z
318,30,16,,,2026-07-02T00:41:38Z
318,30,17,,,2026-07-02T00:41:38Z
318,30,18,,,2026-07-02T00:41:38Z
318,30,19,,,2026-07-02T00:41:38Z
318,30,20,,,2026-07-02T00:41:38Z
318,30,21,,,2026-07-02T00:41:38Z
318,30,22,,,2026-07-02T00:41:38Z
318,30,23,,,2026-07-02T00:41:38Z
318,30,24,,,2026-07-02T00:41:38Z
318,30,25,,,2026-07-02T00:41:38Z
318,30,3,,,2026-07-02T00:41:38Z
318,30,4,,,2026-07-02T00:41:38Z
318,30,5,,,2026-07-02T00:41:38Z
318,30,6,,,2026-07-02T00:41:38Z
318,30,7,,,2026-07-02T00:41:38Z
318,30,8,,,2026-07-02T00:41:38Z
318,30,9,,,2026-07-02T00:41:38Z
318,31,10,,,2026-07-02T00:41:38Z
318,31,11,,,2026-07-02T00:41:38Z
318,31,12,,,2026-07-02T00:41:38Z
318,31,13,,,2026-07-02T00:41:38Z
318,31,14,,,2026-07-02T00:41:38Z
318,31,15,,,2026-07-02T00:41:38Z
318,31,16,,,2026-07-02T00:41:38Z
318,31,17,,,2026-07-02T00:41:38Z
318,31,18,,,2026-07-02T00:41:38Z
318,31,19,,,2026-07-02T00:41:38Z
318,31,20,,,2026-07-02T00:41:38Z
318,31,21,,,2026-07-02T00:41:38Z
318,31,22,,,2026-07-02T00:41:38Z
318,31,23,,,2026-07-02T00:41:38Z
318,31,24,,,2026-07-02T00:41:38Z
318,31,25,,,2026-07-02T00:41:38Z
318,31,26,,,2026-07-02T00:41:38Z
318,31,3,,,2026-07-02T00:41:38Z
318,31,4,,,2026-07-02T00:41:38Z
318,31,5,,,2026-07-02T00:41:38Z
318,31,6,,,2026-07-02T00:41:38Z
318,31,7,,,2026-07-02T00:41:38Z
318,31,8,,,2026-07-02T00:41:38Z
318,31,9,,,2026-07-02T00:41:38Z
318,32,10,,,2026-07-02T00:41:38Z
318,32,11,,,2026-07-02T00:41:38Z
318,32,12,,,2026-07-02T00:41:38Z
318,32,13,,,2026-07-02T00:41:38Z
318,32,14,,,2026-07-02T00:41:38Z
318,32,15,,,2026-07-02T00:41:38Z
318,32,16,,,2026-07-02T00:41:38Z
318,32,17,,,2026-07-02T00:41:38Z
318,32,18,,,2026-07-02T00:41:38Z
318,32,19,,,2026-07-02T00:41:38Z
318,32,20,,,2026-07-02T00:41:38Z
318,32,21,,,2026-07-02T00:41:38Z
318,32,22,,,2026-07-02T00:41:38Z
318,32,23,,,2026-07-02T00:41:38Z
318,32,24,,,2026-07-02T00:41:38Z
318,32,25,,,2026-07-02T00:41:38Z
318,32,26,,,2026-07-02T00:41:38Z
318,32,27,,,2026-07-02T00:41:38Z
318,32,28,,,2026-07-02T00:41:38Z
318,32,29,,,2026-07-02T00:41:38Z
318,32,3,,,2026-07-02T00:41:38Z
318,32,4,,,2026-07-02T00:41:38Z
318,32,5,,,2026-07-02T00:41:38Z
318,32,6,,,2026-07-02T00:41:38Z
318,32,7,,,2026-07-02T00:41:38Z
318,32,8,,,2026-07-02T00:41:38Z
318,32,9,,,2026-07-02T00:41:38Z
318,9,11,,,2026-07-02T00:41:38Z
318,9,12,,,2026-07-02T00:41:38Z
318,9,13,,,2026-07-02T00:41:38Z
318,2,6,,,2026-07-02T00:41:38Z
318,2,7,,,2026-07-02T00:41:38Z
318,2,8,,,2026-07-02T00:41:38Z
318,2,9,,,2026-07-02T00:41:38Z
318,2,1,,,2026-07-02T00:41:38Z
318,2,10,,,2026-07-02T00:41:38Z
318,2,2,,,2026-07-02T00:41:38Z
318,3,5,,,2026-07-02T00:41:38Z
318,3,6,,,2026-07-02T00:41:38Z
318,3,7,,,2026-07-02T00:41:38Z
318,3,8,,,2026-07-02T00:41:38Z
318,3,9,,,2026-07-02T00:41:38Z
318,3,10,,,2026-07-02T00:41:38Z
318,3,11,,,2026-07-02T00:41:38Z
318,3,12,,,2026-07-02T00:41:38Z
318,3,13,,,2026-07-02T00:41:38Z
318,4,4,,,2026-07-02T00:41:38Z
318,4,5,,,2026-07-02T00:41:38Z
318,4,6,,,2026-07-02T00:41:38Z
318,4,7,,,2026-07-02T00:41:38Z
318,4,8,,,2026-07-02T00:41:38Z
318,4,9,,,2026-07-02T00:41:38Z
318,4,10,,,2026-07-02T00:41:38Z
318,4,11,,,2026-07-02T00:41:38Z
318,4,12,,,2026-07-02T00:41:38Z
318,5,4,,,2026-07-02T00:41:38Z
318,5,5,,,2026-07-02T00:41:38Z
318,5,6,,,2026-07-02T00:41:38Z
318,5,7,,,2026-07-02T00:41:38Z
318,5,8,,,2026-07-02T00:41:38Z
318,5,9,,,2026-07-02T00:41:38Z
318,5,10,,,2026-07-02T00:41:38Z
318,5,11,,,2026-07-02T00:41:38Z
318,5,12,,,2026-07-02T00:41:38Z
318,5,13,,,2026-07-02T00:41:38Z
318,6,4,,,2026-07-02T00:41:38Z
318,6,5,,,2026-07-02T00:41:38Z
318,6,6,,,2026-07-02T00:41:38Z
318,6,7,,,2026-07-02T00:41:38Z
318,6,8,,,2026-07-02T00:41:38Z
318,6,9,,,2026-07-02T00:41:38Z
318,6,10,,,2026-07-02T00:41:38Z
318,6,11,,,2026-07-02T00:41:38Z
318,6,12,,,2026-07-02T00:41:38Z
318,6,13,,,2026-07-02T00:41:38Z
318,6,14,,,2026-07-02T00:41:38Z
318,7,4,,,2026-07-02T00:41:38Z
318,7,5,,,2026-07-02T00:41:38Z
318,7,6,,,2026-07-02T00:41:38Z
318,7,7,,,2026-07-02T00:41:38Z
318,7,8,,,2026-07-02T00:41:38Z
318,7,9,,,2026-07-02T00:41:38Z
318,7,10,,,2026-07-02T00:41:38Z
318,7,11,,,2026-07-02T00:41:38Z
318,7,12,,,2026-07-02T00:41:38Z
318,7,13,,,2026-07-02T00:41:38Z
318,7,14,,,2026-07-02T00:41:38Z
319,11,10,,,2026-07-02T00:41:38Z
319,11,11,,,2026-07-02T00:41:38Z
319,11,12,,,2026-07-02T00:41:38Z
319,11,13,,,2026-07-02T00:41:38Z
319,11,14,,,2026-07-02T00:41:38Z
319,11,5,,,2026-07-02T00:41:38Z
319,11,6,,,2026-07-02T00:41:38Z
319,11,7,,,2026-07-02T00:41:38Z
319,11,8,,,2026-07-02T00:41:38Z
319,11,9,,,2026-07-02T00:41:38Z
319,12,10,,,2026-07-02T00:41:38Z
319,12,11,,,2026-07-02T00:41:38Z
319,12,12,,,2026-07-02T00:41:38Z
319,12,13,,,2026-07-02T00:41:38Z
319,12,14,,,2026-07-02T00:41:38Z
319,12,15,,,2026-07-02T00:41:38Z
319,12,16,,,2026-07-02T00:41:38Z
319,12,17,,,2026-07-02T00:41:38Z
319,12,18,,,2026-07-02T00:41:38Z
319,12,19,,,2026-07-02T00:41:38Z
319,12,2,,,2026-07-02T00:41:38Z
319,12,3,,,2026-07-02T00:41:38Z
319,12,4,,,2026-07-02T00:41:38Z
319,12,5,,,2026-07-02T00:41:38Z
319,12,6,,,2026-07-02T00:41:38Z
319,12,7,,,2026-07-02T00:41:38Z
319,12,8,,,2026-07-02T00:41:38Z
319,12,9,,,2026-07-02T00:41:38Z
319,13,10,,,2026-07-02T00:41:38Z
319,13,11,,,2026-07-02T00:41:38Z
319,13,12,,,2026-07-02T00:41:38Z
319,13,13,,,2026-07-02T00:41:38Z
319,13,14,,,2026-07-02T00:41:38Z
319,13,15,,,2026-07-02T00:41:38Z
319,13,16,,,2026-07-02T00:41:38Z
319,13,17,,,2026-07-02T00:41:38Z
319,13,18,,,2026-07-02T00:41:38Z
319,13,19,,,2026-07-02T00:41:38Z
319,13,2,,,2026-07-02T00:41:38Z
319,13,3,,,2026-07-02T00:41:38Z
319,13,4,,,2026-07-02T00:41:38Z
319,13,5,,,2026-07-02T00:41:38Z
319,13,6,,,2026-07-02T00:41:38Z
319,13,7,,,2026-07-02T00:41:38Z
319,13,8,,,2026-07-02T00:41:38Z
319,13,9,,,2026-07-02T00:41:38Z
319,19,10,,,2026-07-02T00:41:38Z
319,19,11,,,2026-07-02T00:41:38Z
319,19,12,,,2026-07-02T00:41:38Z
319,19,13,,,2026-07-02T00:41:38Z
319,19,14,,,2026-07-02T00:41:38Z
319,19,15,,,2026-07-02T00:41:38Z
319,19,16,,,2026-07-02T00:41:38Z
319,19,17,,,2026-07-02T00:41:38Z
319,19,18,,,2026-07-02T00:41:38Z
319,19,19,,,2026-07-02T00:41:38Z
319,19,20,,,2026-07-02T00:41:38Z
319,19,21,,,2026-07-02T00:41:38Z
319,19,3,,,2026-07-02T00:41:38Z
319,19,4,,,2026-07-02T00:41:38Z
319,19,5,,,2026-07-02T00:41:38Z
319,19,6,,,2026-07-02T00:41:38Z
319,19,7,,,2026-07-02T00:41:38Z
319,19,8,,,2026-07-02T00:41:38Z
319,19,9,,,2026-07-02T00:41:38Z
319,27,10,,,2026-07-02T00:41:38Z
319,27,11,,,2026-07-02T00:41:38Z
319,27,12,,,2026-07-02T00:41:38Z
319,27,13,,,2026-07-02T00:41:38Z
319,27,14,,,2026-07-02T00:41:38Z
319,27,15,,,2026-07-02T00:41:38Z
319,27,16,,,2026-07-02T00:41:38Z
319,27,17,,,2026-07-02T00:41:38Z
319,27,18,,,2026-07-02T00:41:38Z
319,27,19,,,2026-07-02T00:41:38Z
319,27,20,,,2026-07-02T00:41:38Z
319,27,21,,,2026-07-02T00:41:38Z
319,27,22,,,2026-07-02T00:41:38Z
319,27,23,,,2026-07-02T00:41:38Z
319,27,24,,,2026-07-02T00:41:38Z
319,27,3,,,2026-07-02T00:41:38Z
319,27,4,,,2026-07-02T00:41:38Z
319,27,5,,,2026-07-02T00:41:38Z
319,27,6,,,2026-07-02T00:41:38Z
319,27,7,,,2026-07-02T00:41:38Z
319,27,8,,,2026-07-02T00:41:38Z
319,27,9,,,2026-07-02T00:41:38Z
319,20,10,,,2026-07-02T00:41:38Z
319,20,11,,,2026-07-02T00:41:38Z
319,20,12,,,2026-07-02T00:41:38Z
319,20,13,,,2026-07-02T00:41:38Z
319,20,14,,,2026-07-02T00:41:38Z
319,20,15,,,2026-07-02T00:41:38Z
319,20,16,,,2026-07-02T00:41:38Z
319,20,17,,,2026-07-02T00:41:38Z
319,20,18,,,2026-07-02T00:41:38Z
319,20,19,,,2026-07-02T00:41:38Z
319,20,20,,,2026-07-02T00:41:38Z
319,20,21,,,2026-07-02T00:41:38Z
319,20,3,,,2026-07-02T00:41:38Z
319,20,4,,,2026-07-02T00:41:38Z
319,20,5,,,2026-07-02T00:41:38Z
319,20,6,,,2026-07-02T00:41:38Z
319,20,7,,,2026-07-02T00:41:38Z
319,20,8,,,2026-07-02T00:41:38Z
319,20,9,,,2026-07-02T00:41:38Z
319,21,10,,,2026-07-02T00:41:38Z
319,21,11,,,2026-07-02T00:41:38Z
319,21,12,,,2026-07-02T00:41:38Z
319,21,13,,,2026-07-02T00:41:38Z
319,21,14,,,2026-07-02T00:41:38Z
319,21,15,,,2026-07-02T00:41:38Z
319,21,16,,,2026-07-02T00:41:38Z
319,21,17,,,2026-07-02T00:41:38Z
319,21,18,,,2026-07-02T00:41:38Z
319,21,19,,,2026-07-02T00:41:38Z
319,21,20,,,2026-07-02T00:41:38Z
319,21,21,,,2026-07-02T00:41:38Z
319,21,22,,,2026-07-02T00:41:38Z
319,21,3,,,2026-07-02T00:41:38Z
319,21,4,,,2026-07-02T00:41:38Z
319,21,5,,,2026-07-02T00:41:38Z
319,21,6,,,2026-07-02T00:41:38Z
319,21,7,,,2026-07-02T00:41:38Z
319,21,8,,,2026-07-02T00:41:38Z
319,21,9,,,2026-07-02T00:41:38Z
319,22,10,,,2026-07-02T00:41:38Z
319,22,11,,,2026-07-02T00:41:38Z
319,22,12,,,2026-07-02T00:41:38Z
319,22,13,,,2026-07-02T00:41:38Z
319,22,14,,,2026-07-02T00:41:38Z
319,22,15,,,2026-07-02T00:41:38Z
319,22,16,,,2026-07-02T00:41:38Z
319,22,17,,,2026-07-02T00:41:38Z
319,22,18,,,2026-07-02T00:41:38Z
319,22,19,,,2026-07-02T00:41:38Z
319,22,20,,,2026-07-02T00:41:38Z
319,22,21,,,2026-07-02T00:41:38Z
319,22,22,,,2026-07-02T00:41:38Z
319,22,3,,,2026-07-02T00:41:38Z
319,22,4,,,2026-07-02T00:41:38Z
319,22,5,,,2026-07-02T00:41:38Z
319,22,6,,,2026-07-02T00:41:38Z
319,22,7,,,2026-07-02T00:41:38Z
319,22,8,,,2026-07-02T00:41:38Z
319,22,9,,,2026-07-02T00:41:38Z
319,23,10,,,2026-07-02T00:41:38Z
319,23,11,,,2026-07-02T00:41:38Z
319,23,12,,,2026-07-02T00:41:38Z
319,23,13,,,2026-07-02T00:41:38Z
319,23,14,,,2026-07-02T00:41:38Z
319,23,15,,,2026-07-02T00:41:38Z
319,23,16,,,2026-07-02T00:41:38Z
319,23,17,,,2026-07-02T00:41:38Z
319,23,18,,,2026-07-02T00:41:38Z
319,23,19,,,2026-07-02T00:41:38Z
319,23,20,,,2026-07-02T00:41:38Z
319,23,21,,,2026-07-02T00:41:38Z
319,23,22,,,2026-07-02T00:41:38Z
319,23,23,,,2026-07-02T00:41:38Z
319,23,3,,,2026-07-02T00:41:38Z
319,23,4,,,2026-07-02T00:41:38Z
319,23,5,,,2026-07-02T00:41:38Z
319,23,6,,,2026-07-02T00:41:38Z
319,23,7,,,2026-07-02T00:41:38Z
319,23,8,,,2026-07-02T00:41:38Z
319,23,9,,,2026-07-02T00:41:38Z
319,24,10,,,2026-07-02T00:41:38Z
319,24,11,,,2026-07-02T00:41:38Z
319,24,12,,,2026-07-02T00:41:38Z
319,24,13,,,2026-07-02T00:41:38Z
319,24,14,,,2026-07-02T00:41:38Z
319,24,15,,,2026-07-02T00:41:38Z
319,24,16,,,2026-07-02T00:41:38Z
319,24,17,,,2026-07-02T00:41:38Z
319,24,18,,,2026-07-02T00:41:38Z
319,24,19,,,2026-07-02T00:41:38Z
319,24,20,,,2026-07-02T00:41:38Z
319,24,21,,,2026-07-02T00:41:38Z
319,24,22,,,2026-07-02T00:41:38Z
319,24,23,,,2026-07-02T00:41:38Z
319,24,3,,,2026-07-02T00:41:38Z
319,24,4,,,2026-07-02T00:41:38Z
319,24,5,,,2026-07-02T00:41:38Z
319,24,6,,,2026-07-02T00:41:38Z
319,24,7,,,2026-07-02T00:41:38Z
319,24,8,,,2026-07-02T00:41:38Z
319,24,9,,,2026-07-02T00:41:38Z
319,25,10,,,2026-07-02T00:41:38Z
319,25,11,,,2026-07-02T00:41:38Z
319,25,12,,,2026-07-02T00:41:38Z
319,25,13,,,2026-07-02T00:41:38Z
319,25,14,,,2026-07-02T00:41:38Z
319,25,15,,,2026-07-02T00:41:38Z
319,25,16,,,2026-07-02T00:41:38Z
319,25,17,,,2026-07-02T00:41:38Z
319,25,18,,,2026-07-02T00:41:38Z
319,25,19,,,2026-07-02T00:41:38Z
319,25,20,,,2026-07-02T00:41:38Z
319,25,21,,,2026-07-02T00:41:38Z
319,25,22,,,2026-07-02T00:41:38Z
319,25,23,,,2026-07-02T00:41:38Z
319,25,3,,,2026-07-02T00:41:38Z
319,25,4,,,2026-07-02T00:41:38Z
319,25,5,,,2026-07-02T00:41:38Z
319,25,6,,,2026-07-02T00:41:38Z
319,25,7,,,2026-07-02T00:41:38Z
319,25,8,,,2026-07-02T00:41:38Z
319,25,9,,,2026-07-02T00:41:38Z
319,26,10,,,2026-07-02T00:41:38Z
319,26,11,,,2026-07-02T00:41:38Z
319,26,12,,,2026-07-02T00:41:38Z
319,26,13,,,2026-07-02T00:41:38Z
319,26,14,,,2026-07-02T00:41:38Z
319,26,15,,,2026-07-02T00:41:38Z
319,26,16,,,2026-07-02T00:41:38Z
319,26,17,,,2026-07-02T00:41:38Z
319,26,18,,,2026-07-02T00:41:38Z
319,26,19,,,2026-07-02T00:41:38Z
319,26,20,,,2026-07-02T00:41:38Z
319,26,21,,,2026-07-02T00:41:38Z
319,26,22,,,2026-07-02T00:41:38Z
319,26,23,,,2026-07-02T00:41:38Z
319,26,24,,,2026-07-02T00:41:38Z
319,26,3,,,2026-07-02T00:41:38Z
319,26,4,,,2026-07-02T00:41:38Z
319,26,5,,,2026-07-02T00:41:38Z
319,26,6,,,2026-07-02T00:41:38Z
319,26,7,,,2026-07-02T00:41:38Z
319,26,8,,,2026-07-02T00:41:38Z
319,26,9,,,2026-07-02T00:41:38Z
319,28,10,,,2026-07-02T00:41:38Z
319,28,11,,,2026-07-02T00:41:38Z
319,28,12,,,2026-07-02T00:41:38Z
319,28,13,,,2026-07-02T00:41:38Z
319,28,14,,,2026-07-02T00:41:38Z
319,28,15,,,2026-07-02T00:41:38Z
319,28,16,,,2026-07-02T00:41:38Z
319,28,17,,,2026-07-02T00:41:38Z
319,28,18,,,2026-07-02T00:41:38Z
319,28,19,,,2026-07-02T00:41:38Z
319,28,20,,,2026-07-02T00:41:38Z
319,28,21,,,2026-07-02T00:41:38Z
319,28,22,,,2026-07-02T00:41:38Z
319,28,23,,,2026-07-02T00:41:38Z
319,28,24,,,2026-07-02T00:41:38Z
319,28,3,,,2026-07-02T00:41:38Z
319,28,4,,,2026-07-02T00:41:38Z
319,28,5,,,2026-07-02T00:41:38Z
319,28,6,,,2026-07-02T00:41:38Z
319,28,7,,,2026-07-02T00:41:38Z
319,28,8,,,2026-07-02T00:41:38Z
319,28,9,,,2026-07-02T00:41:38Z
319,29,10,,,2026-07-02T00:41:38Z
319,29,11,,,2026-07-02T00:41:38Z
319,29,12,,,2026-07-02T00:41:38Z
319,29,13,,,2026-07-02T00:41:38Z
319,29,14,,,2026-07-02T00:41:38Z
319,29,15,,,2026-07-02T00:41:38Z
319,29,16,,,2026-07-02T00:41:38Z
319,29,17,,,2026-07-02T00:41:38Z
319,29,18,,,2026-07-02T00:41:38Z
319,29,19,,,2026-07-02T00:41:38Z
319,29,20,,,2026-07-02T00:41:38Z
319,29,21,,,2026-07-02T00:41:38Z
319,29,22,,,2026-07-02T00:41:38Z
319,29,23,,,2026-07-02T00:41:38Z
319,29,24,,,2026-07-02T00:41:38Z
319,29,25,,,2026-07-02T00:41:38Z
319,29,3,,,2026-07-02T00:41:38Z
319,29,4,,,2026-07-02T00:41:38Z
319,29,5,,,2026-07-02T00:41:38Z
319,29,6,,,2026-07-02T00:41:38Z
319,29,7,,,2026-07-02T00:41:38Z
319,29,8,,,2026-07-02T00:41:38Z
319,29,9,,,2026-07-02T00:41:38Z
319,30,10,,,2026-07-02T00:41:38Z
319,30,11,,,2026-07-02T00:41:38Z
319,30,12,,,2026-07-02T00:41:38Z
319,30,13,,,2026-07-02T00:41:38Z
319,30,14,,,2026-07-02T00:41:38Z
319,30,15,,,2026-07-02T00:41:38Z
319,30,16,,,2026-07-02T00:41:38Z
319,30,17,,,2026-07-02T00:41:38Z
319,30,18,,,2026-07-02T00:41:38Z
319,30,19,,,2026-07-02T00:41:38Z
319,30,20,,,2026-07-02T00:41:38Z
319,30,21,,,2026-07-02T00:41:38Z
319,30,22,,,2026-07-02T00:41:38Z
319,30,23,,,2026-07-02T00:41:38Z
319,30,24,,,2026-07-02T00:41:38Z
319,30,25,,,2026-07-02T00:41:38Z
319,30,3,,,2026-07-02T00:41:38Z
319,30,4,,,2026-07-02T00:41:38Z
319,30,5,,,2026-07-02T00:41:38Z
319,30,6,,,2026-07-02T00:41:38Z
319,30,7,,,2026-07-02T00:41:38Z
319,30,8,,,2026-07-02T00:41:38Z
319,30,9,,,2026-07-02T00:41:38Z
319,31,10,,,2026-07-02T00:41:38Z
319,31,11,,,2026-07-02T00:41:38Z
319,31,12,,,2026-07-02T00:41:38Z
319,31,13,,,2026-07-02T00:41:38Z
319,31,14,,,2026-07-02T00:41:38Z
319,31,15,,,2026-07-02T00:41:38Z
319,31,16,,,2026-07-02T00:41:38Z
319,31,17,,,2026-07-02T00:41:38Z
319,31,18,,,2026-07-02T00:41:38Z
319,31,19,,,2026-07-02T00:41:38Z
319,31,20,,,2026-07-02T00:41:38Z
319,31,21,,,2026-07-02T00:41:38Z
319,31,22,,,2026-07-02T00:41:38Z
319,31,23,,,2026-07-02T00:41:38Z
319,31,24,,,2026-07-02T00:41:38Z
319,31,25,,,2026-07-02T00:41:38Z
319,31,26,,,2026-07-02T00:41:38Z
319,31,3,,,2026-07-02T00:41:38Z
319,31,4,,,2026-07-02T00:41:38Z
319,31,5,,,2026-07-02T00:41:38Z
319,31,6,,,2026-07-02T00:41:38Z
319,31,7,,,2026-07-02T00:41:38Z
319,31,8,,,2026-07-02T00:41:38Z
319,31,9,,,2026-07-02T00:41:38Z
319,32,10,,,2026-07-02T00:41:38Z
319,32,11,,,2026-07-02T00:41:38Z
319,32,12,,,2026-07-02T00:41:38Z
319,32,13,,,2026-07-02T00:41:38Z
319,32,14,,,2026-07-02T00:41:38Z
319,32,15,,,2026-07-02T00:41:38Z
319,32,16,,,2026-07-02T00:41:38Z
319,32,17,,,2026-07-02T00:41:38Z
319,32,18,,,2026-07-02T00:41:38Z
319,32,19,,,2026-07-02T00:41:38Z
319,32,20,,,2026-07-02T00:41:38Z
319,32,21,,,2026-07-02T00:41:38Z
319,32,22,,,2026-07-02T00:41:38Z
319,32,23,,,2026-07-02T00:41:38Z
319,32,24,,,2026-07-02T00:41:38Z
319,32,25,,,2026-07-02T00:41:38Z
319,32,26,,,2026-07-02T00:41:38Z
319,32,27,,,2026-07-02T00:41:38Z
319,32,28,,,2026-07-02T00:41:38Z
319,32,29,,,2026-07-02T00:41:38Z
319,32,3,,,2026-07-02T00:41:38Z
319,32,4,,,2026-07-02T00:41:38Z
319,32,5,,,2026-07-02T00:41:38Z
319,32,6,,,2026-07-02T00:41:38Z
319,32,7,,,2026-07-02T00:41:38Z
319,32,8,,,2026-07-02T00:41:38Z
319,32,9,,,2026-07-02T00:41:38Z
319,8,11,,,2026-07-02T00:41:38Z
319,8,14,,,2026-07-02T00:41:38Z
319,9,5,,,2026-07-02T00:41:38Z
319,2,8,,,2026-07-02T00:41:38Z
319,2,9,,,2026-07-02T00:41:38Z
319,2,10,,,2026-07-02T00:41:38Z
319,2,11,,,2026-07-02T00:41:38Z
319,4,4,,,2026-07-02T00:41:38Z
319,4,5,,,2026-07-02T00:41:38Z
319,4,6,,,2026-07-02T00:41:38Z
319,4,7,,,2026-07-02T00:41:38Z
319,4,8,,,2026-07-02T00:41:38Z
319,4,9,,,2026-07-02T00:41:38Z
319,4,10,,,2026-07-02T00:41:38Z
319,5,6,,,2026-07-02T00:41:38Z
319,5,7,,,2026-07-02T00:41:38Z
319,5,8,,,2026-07-02T00:41:38Z
319,5,9,,,2026-07-02T00:41:38Z
319,5,10,,,2026-07-02T00:41:38Z
319,5,11,,,2026-07-02T00:41:38Z
319,5,12,,,2026-07-02T00:41:38Z
319,5,13,,,2026-07-02T00:41:38Z
319,6,4,,,2026-07-02T00:41:38Z
319,6,5,,,2026-07-02T00:41:38Z
319,6,6,,,2026-07-02T00:41:38Z
319,6,7,,,2026-07-02T00:41:38Z
319,6,8,,,2026-07-02T00:41:38Z
319,6,9,,,2026-07-02T00:41:38Z
319,6,10,,,2026-07-02T00:41:38Z
319,6,11,,,2026-07-02T00:41:38Z
319,6,12,,,2026-07-02T00:41:38Z
319,6,13,,,2026-07-02T00:41:38Z
319,6,14,,,2026-07-02T00:41:38Z
319,7,4,,,2026-07-02T00:41:38Z
319,7,5,,,2026-07-02T00:41:38Z
319,7,6,,,2026-07-02T00:41:38Z
319,7,7,,,2026-07-02T00:41:38Z
319,7,8,,,2026-07-02T00:41:38Z
319,7,9,,,2026-07-02T00:41:38Z
319,7,10,,,2026-07-02T00:41:38Z
319,7,11,,,2026-07-02T00:41:38Z
319,7,12,,,2026-07-02T00:41:38Z
319,7,13,,,2026-07-02T00:41:38Z
319,7,14,,,2026-07-02T00:41:38Z
320,11,12,,,2026-07-02T00:41:38Z
320,11,13,,,2026-07-02T00:41:38Z
320,12,10,,,2026-07-02T00:41:38Z
320,12,11,,,2026-07-02T00:41:38Z
320,12,12,,,2026-07-02T00:41:38Z
320,12,13,,,2026-07-02T00:41:38Z
320,12,14,,,2026-07-02T00:41:38Z
320,12,15,,,2026-07-02T00:41:38Z
320,12,3,,,2026-07-02T00:41:38Z
320,12,4,,,2026-07-02T00:41:38Z
320,12,5,,,2026-07-02T00:41:38Z
320,12,6,,,2026-07-02T00:41:38Z
320,12,7,,,2026-07-02T00:41:38Z
320,12,8,,,2026-07-02T00:41:38Z
320,12,9,,,2026-07-02T00:41:38Z
320,13,17,,,2026-07-02T00:41:38Z
320,13,18,,,2026-07-02T00:41:38Z
320,19,10,,,2026-07-02T00:41:38Z
320,19,11,,,2026-07-02T00:41:38Z
320,19,12,,,2026-07-02T00:41:38Z
320,19,13,,,2026-07-02T00:41:38Z
320,19,14,,,2026-07-02T00:41:38Z
320,19,15,,,2026-07-02T00:41:38Z
320,19,16,,,2026-07-02T00:41:38Z
320,19,17,,,2026-07-02T00:41:38Z
320,19,18,,,2026-07-02T00:41:38Z
320,19,19,,,2026-07-02T00:41:38Z
320,19,2,,,2026-07-02T00:41:38Z
320,19,3,,,2026-07-02T00:41:38Z
320,19,4,,,2026-07-02T00:41:38Z
320,19,5,,,2026-07-02T00:41:38Z
320,19,6,,,2026-07-02T00:41:38Z
320,19,7,,,2026-07-02T00:41:38Z
320,19,8,,,2026-07-02T00:41:38Z
320,19,9,,,2026-07-02T00:41:38Z
320,27,10,,,2026-07-02T00:41:38Z
320,27,11,,,2026-07-02T00:41:38Z
320,27,12,,,2026-07-02T00:41:38Z
320,27,13,,,2026-07-02T00:41:38Z
320,27,14,,,2026-07-02T00:41:38Z
320,27,15,,,2026-07-02T00:41:38Z
320,27,16,,,2026-07-02T00:41:38Z
320,27,17,,,2026-07-02T00:41:38Z
320,27,18,,,2026-07-02T00:41:38Z
320,27,19,,,2026-07-02T00:41:38Z
320,27,20,,,2026-07-02T00:41:38Z
320,27,3,,,2026-07-02T00:41:38Z
320,27,4,,,2026-07-02T00:41:38Z
320,27,5,,,2026-07-02T00:41:38Z
320,27,6,,,2026-07-02T00:41:38Z
320,27,7,,,2026-07-02T00:41:38Z
320,27,8,,,2026-07-02T00:41:38Z
320,27,9,,,2026-07-02T00:41:38Z
320,20,12,,,2026-07-02T00:41:38Z
320,20,13,,,2026-07-02T00:41:38Z
320,20,14,,,2026-07-02T00:41:38Z
320,20,15,,,2026-07-02T00:41:38Z
320,20,16,,,2026-07-02T00:41:38Z
320,20,17,,,2026-07-02T00:41:38Z
320,20,18,,,2026-07-02T00:41:38Z
320,20,19,,,2026-07-02T00:41:38Z
320,20,2,,,2026-07-02T00:41:38Z
320,20,3,,,2026-07-02T00:41:38Z
320,20,4,,,2026-07-02T00:41:38Z
320,20,5,,,2026-07-02T00:41:38Z
320,20,6,,,2026-07-02T00:41:38Z
320,20,7,,,2026-07-02T00:41:38Z
320,20,8,,,2026-07-02T00:41:38Z
320,20,9,,,2026-07-02T00:41:38Z
320,21,10,,,2026-07-02T00:41:38Z
320,21,11,,,2026-07-02T00:41:38Z
320,21,12,,,2026-07-02T00:41:38Z
320,21,13,,,2026-07-02T00:41:38Z
320,21,14,,,2026-07-02T00:41:38Z
320,21,15,,,2026-07-02T00:41:38Z
320,21,16,,,2026-07-02T00:41:38Z
320,21,17,,,2026-07-02T00:41:38Z
320,21,18,,,2026-07-02T00:41:38Z
320,21,19,,,2026-07-02T00:41:38Z
320,21,2,,,2026-07-02T00:41:38Z
320,21,3,,,2026-07-02T00:41:38Z
320,21,4,,,2026-07-02T00:41:38Z
320,21,5,,,2026-07-02T00:41:38Z
320,21,6,,,2026-07-02T00:41:38Z
320,21,7,,,2026-07-02T00:41:38Z
320,21,8,,,2026-07-02T00:41:38Z
320,21,9,,,2026-07-02T00:41:38Z
320,22,10,,,2026-07-02T00:41:38Z
320,22,11,,,2026-07-02T00:41:38Z
320,22,12,,,2026-07-02T00:41:38Z
320,22,13,,,2026-07-02T00:41:38Z
320,22,14,,,2026-07-02T00:41:38Z
320,22,15,,,2026-07-02T00:41:38Z
320,22,16,,,2026-07-02T00:41:38Z
320,22,17,,,2026-07-02T00:41:38Z
320,22,18,,,2026-07-02T00:41:38Z
320,22,19,,,2026-07-02T00:41:38Z
320,22,2,,,2026-07-02T00:41:38Z
320,22,3,,,2026-07-02T00:41:38Z
320,22,4,,,2026-07-02T00:41:38Z
320,22,5,,,2026-07-02T00:41:38Z
320,22,6,,,2026-07-02T00:41:38Z
320,22,7,,,2026-07-02T00:41:38Z
320,22,8,,,2026-07-02T00:41:38Z
320,22,9,,,2026-07-02T00:41:38Z
320,23,10,,,2026-07-02T00:41:38Z
320,23,11,,,2026-07-02T00:41:38Z
320,23,12,,,2026-07-02T00:41:38Z
320,23,13,,,2026-07-02T00:41:38Z
320,23,14,,,2026-07-02T00:41:38Z
320,23,15,,,2026-07-02T00:41:38Z
320,23,16,,,2026-07-02T00:41:38Z
320,23,17,,,2026-07-02T00:41:38Z
320,23,18,,,2026-07-02T00:41:38Z
320,23,19,,,2026-07-02T00:41:38Z
320,23,2,,,2026-07-02T00:41:38Z
320,23,3,,,2026-07-02T00:41:38Z
320,23,4,,,2026-07-02T00:41:38Z
320,23,5,,,2026-07-02T00:41:38Z
320,23,6,,,2026-07-02T00:41:38Z
320,23,7,,,2026-07-02T00:41:38Z
320,23,8,,,2026-07-02T00:41:38Z
320,23,9,,,2026-07-02T00:41:38Z
320,24,10,,,2026-07-02T00:41:38Z
320,24,11,,,2026-07-02T00:41:38Z
320,24,12,,,2026-07-02T00:41:38Z
320,24,13,,,2026-07-02T00:41:38Z
320,24,14,,,2026-07-02T00:41:38Z
320,24,15,,,2026-07-02T00:41:38Z
320,24,16,,,2026-07-02T00:41:38Z
320,24,17,,,2026-07-02T00:41:38Z
320,24,18,,,2026-07-02T00:41:38Z
320,24,19,,,2026-07-02T00:41:38Z
320,24,20,,,2026-07-02T00:41:38Z
320,24,3,,,2026-07-02T00:41:38Z
320,24,4,,,2026-07-02T00:41:38Z
320,24,5,,,2026-07-02T00:41:38Z
320,24,6,,,2026-07-02T00:41:38Z
320,24,7,,,2026-07-02T00:41:38Z
320,24,8,,,2026-07-02T00:41:38Z
320,24,9,,,2026-07-02T00:41:38Z
320,25,10,,,2026-07-02T00:41:38Z
320,25,11,,,2026-07-02T00:41:38Z
320,25,12,,,2026-07-02T00:41:38Z
320,25,13,,,2026-07-02T00:41:38Z
320,25,14,,,2026-07-02T00:41:38Z
320,25,15,,,2026-07-02T00:41:38Z
320,25,16,,,2026-07-02T00:41:38Z
320,25,17,,,2026-07-02T00:41:38Z
320,25,18,,,2026-07-02T00:41:38Z
320,25,19,,,2026-07-02T00:41:38Z
320,25,20,,,2026-07-02T00:41:38Z
320,25,3,,,2026-07-02T00:41:38Z
320,25,4,,,2026-07-02T00:41:38Z
320,25,5,,,2026-07-02T00:41:38Z
320,25,6,,,2026-07-02T00:41:38Z
320,25,7,,,2026-07-02T00:41:38Z
320,25,8,,,2026-07-02T00:41:38Z
320,25,9,,,2026-07-02T00:41:38Z
320,26,10,,,2026-07-02T00:41:38Z
320,26,11,,,2026-07-02T00:41:38Z
320,26,12,,,2026-07-02T00:41:38Z
320,26,13,,,2026-07-02T00:41:38Z
320,26,14,,,2026-07-02T00:41:38Z
320,26,15,,,2026-07-02T00:41:38Z
320,26,16,,,2026-07-02T00:41:38Z
320,26,17,,,2026-07-02T00:41:38Z
320,26,18,,,2026-07-02T00:41:38Z
320,26,19,,,2026-07-02T00:41:38Z
320,26,20,,,2026-07-02T00:41:38Z
320,26,3,,,2026-07-02T00:41:38Z
320,26,4,,,2026-07-02T00:41:38Z
320,26,5,,,2026-07-02T00:41:38Z
320,26,6,,,2026-07-02T00:41:38Z
320,26,7,,,2026-07-02T00:41:38Z
320,26,8,,,2026-07-02T00:41:38Z
320,26,9,,,2026-07-02T00:41:38Z
320,28,10,,,2026-07-02T00:41:38Z
320,28,11,,,2026-07-02T00:41:38Z
320,28,12,,,2026-07-02T00:41:38Z
320,28,13,,,2026-07-02T00:41:38Z
320,28,14,,,2026-07-02T00:41:38Z
320,28,15,,,2026-07-02T00:41:38Z
320,28,16,,,2026-07-02T00:41:38Z
320,28,17,,,2026-07-02T00:41:38Z
320,28,18,,,2026-07-02T00:41:38Z
320,28,19,,,2026-07-02T00:41:38Z
320,28,20,,,2026-07-02T00:41:38Z
320,28,3,,,2026-07-02T00:41:38Z
320,28,4,,,2026-07-02T00:41:38Z
320,28,5,,,2026-07-02T00:41:38Z
320,28,6,,,2026-07-02T00:41:38Z
320,28,7,,,2026-07-02T00:41:38Z
320,28,8,,,2026-07-02T00:41:38Z
320,28,9,,,2026-07-02T00:41:38Z
320,29,10,,,2026-07-02T00:41:38Z
320,29,11,,,2026-07-02T00:41:38Z
320,29,12,,,2026-07-02T00:41:38Z
320,29,13,,,2026-07-02T00:41:38Z
320,29,14,,,2026-07-02T00:41:38Z
320,29,15,,,2026-07-02T00:41:38Z
320,29,16,,,2026-07-02T00:41:38Z
320,29,17,,,2026-07-02T00:41:38Z
320,29,18,,,2026-07-02T00:41:38Z
320,29,19,,,2026-07-02T00:41:38Z
320,29,20,,,2026-07-02T00:41:38Z
320,29,21,,,2026-07-02T00:41:38Z
320,29,3,,,2026-07-02T00:41:38Z
320,29,4,,,2026-07-02T00:41:38Z
320,29,5,,,2026-07-02T00:41:38Z
320,29,6,,,2026-07-02T00:41:38Z
320,29,7,,,2026-07-02T00:41:38Z
320,29,8,,,2026-07-02T00:41:38Z
320,29,9,,,2026-07-02T00:41:38Z
320,30,10,,,2026-07-02T00:41:38Z
320,30,11,,,2026-07-02T00:41:38Z
320,30,12,,,2026-07-02T00:41:38Z
320,30,13,,,2026-07-02T00:41:38Z
320,30,14,,,2026-07-02T00:41:38Z
320,30,15,,,2026-07-02T00:41:38Z
320,30,16,,,2026-07-02T00:41:38Z
320,30,17,,,2026-07-02T00:41:38Z
320,30,18,,,2026-07-02T00:41:38Z
320,30,19,,,2026-07-02T00:41:38Z
320,30,20,,,2026-07-02T00:41:38Z
320,30,21,,,2026-07-02T00:41:38Z
320,30,3,,,2026-07-02T00:41:38Z
320,30,4,,,2026-07-02T00:41:38Z
320,30,5,,,2026-07-02T00:41:38Z
320,30,6,,,2026-07-02T00:41:38Z
320,30,7,,,2026-07-02T00:41:38Z
320,30,8,,,2026-07-02T00:41:38Z
320,30,9,,,2026-07-02T00:41:38Z
320,31,10,,,2026-07-02T00:41:38Z
320,31,11,,,2026-07-02T00:41:38Z
320,31,12,,,2026-07-02T00:41:38Z
320,31,13,,,2026-07-02T00:41:38Z
320,31,14,,,2026-07-02T00:41:38Z
320,31,15,,,2026-07-02T00:41:38Z
320,31,16,,,2026-07-02T00:41:38Z
320,31,17,,,2026-07-02T00:41:38Z
320,31,18,,,2026-07-02T00:41:38Z
320,31,19,,,2026-07-02T00:41:38Z
320,31,20,,,2026-07-02T00:41:38Z
320,31,21,,,2026-07-02T00:41:38Z
320,31,3,,,2026-07-02T00:41:38Z
320,31,4,,,2026-07-02T00:41:38Z
320,31,5,,,2026-07-02T00:41:38Z
320,31,6,,,2026-07-02T00:41:38Z
320,31,7,,,2026-07-02T00:41:38Z
320,31,8,,,2026-07-02T00:41:38Z
320,31,9,,,2026-07-02T00:41:38Z
320,32,10,,,2026-07-02T00:41:38Z
320,32,11,,,2026-07-02T00:41:38Z
320,32,12,,,2026-07-02T00:41:38Z
320,32,13,,,2026-07-02T00:41:38Z
320,32,14,,,2026-07-02T00:41:38Z
320,32,15,,,2026-07-02T00:41:38Z
320,32,16,,,2026-07-02T00:41:38Z
320,32,17,,,2026-07-02T00:41:38Z
320,32,18,,,2026-07-02T00:41:38Z
320,32,19,,,2026-07-02T00:41:38Z
320,32,20,,,2026-07-02T00:41:38Z
320,32,21,,,2026-07-02T00:41:38Z
320,32,22,,,2026-07-02T00:41:38Z
320,32,23,,,2026-07-02T00:41:38Z
320,32,24,,,2026-07-02T00:41:38Z
320,32,3,,,2026-07-02T00:41:38Z
320,32,4,,,2026-07-02T00:41:38Z
320,32,5,,,2026-07-02T00:41:38Z
320,32,6,,,2026-07-02T00:41:38Z
320,32,7,,,2026-07-02T00:41:38Z
320,32,8,,,2026-07-02T00:41:38Z
320,32,9,,,2026-07-02T00:41:38Z
320,8,6,,,2026-07-02T00:41:38Z
320,3,4,,,2026-07-02T00:41:38Z
320,3,3,,,2026-07-02T00:41:38Z
320W,4,2,,,2026-07-02T00:41:38Z
320W,4,3,,,2026-07-02T00:41:38Z
320W,4,4,,,2026-07-02T00:41:38Z
320W,4,5,,,2026-07-02T00:41:38Z
321,10,10,,,2026-07-02T00:41:38Z
321,10,11,,,2026-07-02T00:41:38Z
321,10,12,,,2026-07-02T00:41:38Z
321,10,13,,,2026-07-02T00:41:38Z
321,10,14,,,2026-07-02T00:41:38Z
321,10,7,,,2026-07-02T00:41:38Z
321,10,8,,,2026-07-02T00:41:38Z
321,10,9,,,2026-07-02T00:41:38Z
321,11,10,,,2026-07-02T00:41:38Z
321,11,11,,,2026-07-02T00:41:38Z
321,11,12,,,2026-07-02T00:41:38Z
321,11,13,,,2026-07-02T00:41:38Z
321,11,14,,,2026-07-02T00:41:38Z
321,11,15,,,2026-07-02T00:41:38Z
321,11,3,,,2026-07-02T00:41:38Z
321,11,4,,,2026-07-02T00:41:38Z
321,11,5,,,2026-07-02T00:41:38Z
321,11,6,,,2026-07-02T00:41:38Z
321,11,7,,,2026-07-02T00:41:38Z
321,11,8,,,2026-07-02T00:41:38Z
321,11,9,,,2026-07-02T00:41:38Z
321,12,10,,,2026-07-02T00:41:38Z
321,12,11,,,2026-07-02T00:41:38Z
321,12,12,,,2026-07-02T00:41:38Z
321,12,13,,,2026-07-02T00:41:38Z
321,12,14,,,2026-07-02T00:41:38Z
321,12,15,,,2026-07-02T00:41:38Z
321,12,16,,,2026-07-02T00:41:38Z
321,12,17,,,2026-07-02T00:41:38Z
321,12,18,,,2026-07-02T00:41:38Z
321,12,19,,,2026-07-02T00:41:38Z
321,12,5,,,2026-07-02T00:41:38Z
321,12,6,,,2026-07-02T00:41:38Z
321,12,7,,,2026-07-02T00:41:38Z
321,12,8,,,2026-07-02T00:41:38Z
321,12,9,,,2026-07-02T00:41:38Z
321,13,10,,,2026-07-02T00:41:38Z
321,13,11,,,2026-07-02T00:41:38Z
321,13,12,,,2026-07-02T00:41:38Z
321,13,13,,,2026-07-02T00:41:38Z
321,13,14,,,2026-07-02T00:41:38Z
321,13,15,,,2026-07-02T00:41:38Z
321,13,2,,,2026-07-02T00:41:38Z
321,13,3,,,2026-07-02T00:41:38Z
321,13,4,,,2026-07-02T00:41:38Z
321,13,5,,,2026-07-02T00:41:38Z
321,13,6,,,2026-07-02T00:41:38Z
321,13,7,,,2026-07-02T00:41:38Z
321,13,8,,,2026-07-02T00:41:38Z
321,13,9,,,2026-07-02T00:41:38Z
321,19,10,,,2026-07-02T00:41:38Z
321,19,11,,,2026-07-02T00:41:38Z
321,19,12,,,2026-07-02T00:41:38Z
321,19,13,,,2026-07-02T00:41:38Z
321,19,14,,,2026-07-02T00:41:38Z
321,19,15,,,2026-07-02T00:41:38Z
321,19,16,,,2026-07-02T00:41:38Z
321,19,17,,,2026-07-02T00:41:38Z
321,19,18,,,2026-07-02T00:41:38Z
321,19,19,,,2026-07-02T00:41:38Z
321,19,2,,,2026-07-02T00:41:38Z
321,19,3,,,2026-07-02T00:41:38Z
321,19,4,,,2026-07-02T00:41:38Z
321,19,5,,,2026-07-02T00:41:38Z
321,19,6,,,2026-07-02T00:41:38Z
321,19,7,,,2026-07-02T00:41:38Z
321,19,8,,,2026-07-02T00:41:38Z
321,19,9,,,2026-07-02T00:41:38Z
321,27,10,,,2026-07-02T00:41:38Z
321,27,11,,,2026-07-02T00:41:38Z
321,27,12,,,2026-07-02T00:41:38Z
321,27,13,,,2026-07-02T00:41:38Z
321,27,14,,,2026-07-02T00:41:38Z
321,27,15,,,2026-07-02T00:41:38Z
321,27,16,,,2026-07-02T00:41:38Z
321,27,17,,,2026-07-02T00:41:38Z
321,27,18,,,2026-07-02T00:41:38Z
321,27,19,,,2026-07-02T00:41:38Z
321,27,2,,,2026-07-02T00:41:38Z
321,27,3,,,2026-07-02T00:41:38Z
321,27,4,,,2026-07-02T00:41:38Z
321,27,5,,,2026-07-02T00:41:38Z
321,27,6,,,2026-07-02T00:41:38Z
321,27,7,,,2026-07-02T00:41:38Z
321,27,8,,,2026-07-02T00:41:38Z
321,27,9,,,2026-07-02T00:41:38Z
321,20,10,,,2026-07-02T00:41:38Z
321,20,11,,,2026-07-02T00:41:38Z
321,20,12,,,2026-07-02T00:41:38Z
321,20,13,,,2026-07-02T00:41:38Z
321,20,14,,,2026-07-02T00:41:38Z
321,20,15,,,2026-07-02T00:41:38Z
321,20,16,,,2026-07-02T00:41:38Z
321,20,17,,,2026-07-02T00:41:38Z
321,20,18,,,2026-07-02T00:41:38Z
321,20,19,,,2026-07-02T00:41:38Z
321,20,2,,,2026-07-02T00:41:38Z
321,20,3,,,2026-07-02T00:41:38Z
321,20,4,,,2026-07-02T00:41:38Z
321,20,5,,,2026-07-02T00:41:38Z
321,20,6,,,2026-07-02T00:41:38Z
321,20,7,,,2026-07-02T00:41:38Z
321,20,8,,,2026-07-02T00:41:38Z
321,20,9,,,2026-07-02T00:41:38Z
321,21,10,,,2026-07-02T00:41:38Z
321,21,11,,,2026-07-02T00:41:38Z
321,21,12,,,2026-07-02T00:41:38Z
321,21,13,,,2026-07-02T00:41:38Z
321,21,14,,,2026-07-02T00:41:38Z
321,21,15,,,2026-07-02T00:41:38Z
321,21,16,,,2026-07-02T00:41:38Z
321,21,17,,,2026-07-02T00:41:38Z
321,21,18,,,2026-07-02T00:41:38Z
321,21,19,,,2026-07-02T00:41:38Z
321,21,2,,,2026-07-02T00:41:38Z
321,21,3,,,2026-07-02T00:41:38Z
321,21,4,,,2026-07-02T00:41:38Z
321,21,5,,,2026-07-02T00:41:38Z
321,21,6,,,2026-07-02T00:41:38Z
321,21,7,,,2026-07-02T00:41:38Z
321,21,8,,,2026-07-02T00:41:38Z
321,21,9,,,2026-07-02T00:41:38Z
321,22,10,,,2026-07-02T00:41:38Z
321,22,11,,,2026-07-02T00:41:38Z
321,22,12,,,2026-07-02T00:41:38Z
321,22,13,,,2026-07-02T00:41:38Z
321,22,14,,,2026-07-02T00:41:38Z
321,22,15,,,2026-07-02T00:41:38Z
321,22,16,,,2026-07-02T00:41:38Z
321,22,17,,,2026-07-02T00:41:38Z
321,22,18,,,2026-07-02T00:41:38Z
321,22,19,,,2026-07-02T00:41:38Z
321,22,2,,,2026-07-02T00:41:38Z
321,22,3,,,2026-07-02T00:41:38Z
321,22,4,,,2026-07-02T00:41:38Z
321,22,5,,,2026-07-02T00:41:38Z
321,22,6,,,2026-07-02T00:41:38Z
321,22,7,,,2026-07-02T00:41:38Z
321,22,8,,,2026-07-02T00:41:38Z
321,22,9,,,2026-07-02T00:41:38Z
321,23,10,,,2026-07-02T00:41:38Z
321,23,11,,,2026-07-02T00:41:38Z
321,23,12,,,2026-07-02T00:41:38Z
321,23,13,,,2026-07-02T00:41:38Z
321,23,14,,,2026-07-02T00:41:38Z
321,23,15,,,2026-07-02T00:41:38Z
321,23,16,,,2026-07-02T00:41:38Z
321,23,17,,,2026-07-02T00:41:38Z
321,23,18,,,2026-07-02T00:41:38Z
321,23,19,,,2026-07-02T00:41:38Z
321,23,2,,,2026-07-02T00:41:38Z
321,23,3,,,2026-07-02T00:41:38Z
321,23,4,,,2026-07-02T00:41:38Z
321,23,5,,,2026-07-02T00:41:38Z
321,23,6,,,2026-07-02T00:41:38Z
321,23,7,,,2026-07-02T00:41:38Z
321,23,8,,,2026-07-02T00:41:38Z
321,23,9,,,2026-07-02T00:41:38Z
321,24,10,,,2026-07-02T00:41:38Z
321,24,11,,,2026-07-02T00:41:38Z
321,24,12,,,2026-07-02T00:41:38Z
321,24,13,,,2026-07-02T00:41:38Z
321,24,14,,,2026-07-02T00:41:38Z
321,24,15,,,2026-07-02T00:41:38Z
321,24,16,,,2026-07-02T00:41:38Z
321,24,17,,,2026-07-02T00:41:38Z
321,24,18,,,2026-07-02T00:41:38Z
321,24,19,,,2026-07-02T00:41:38Z
321,24,2,,,2026-07-02T00:41:38Z
321,24,3,,,2026-07-02T00:41:38Z
321,24,4,,,2026-07-02T00:41:38Z
321,24,5,,,2026-07-02T00:41:38Z
321,24,6,,,2026-07-02T00:41:38Z
321,24,7,,,2026-07-02T00:41:38Z
321,24,8,,,2026-07-02T00:41:38Z
321,24,9,,,2026-07-02T00:41:38Z
321,25,10,,,2026-07-02T00:41:38Z
321,25,11,,,2026-07-02T00:41:38Z
321,25,12,,,2026-07-02T00:41:38Z
321,25,13,,,2026-07-02T00:41:38Z
321,25,14,,,2026-07-02T00:41:38Z
321,25,15,,,2026-07-02T00:41:38Z
321,25,16,,,2026-07-02T00:41:38Z
321,25,17,,,2026-07-02T00:41:38Z
321,25,18,,,2026-07-02T00:41:38Z
321,25,19,,,2026-07-02T00:41:38Z
321,25,2,,,2026-07-02T00:41:38Z
321,25,3,,,2026-07-02T00:41:38Z
321,25,4,,,2026-07-02T00:41:38Z
321,25,5,,,2026-07-02T00:41:38Z
321,25,6,,,2026-07-02T00:41:38Z
321,25,7,,,2026-07-02T00:41:38Z
321,25,8,,,2026-07-02T00:41:38Z
321,25,9,,,2026-07-02T00:41:38Z
321,26,10,,,2026-07-02T00:41:38Z
321,26,11,,,2026-07-02T00:41:38Z
321,26,12,,,2026-07-02T00:41:38Z
321,26,13,,,2026-07-02T00:41:38Z
321,26,14,,,2026-07-02T00:41:38Z
321,26,15,,,2026-07-02T00:41:38Z
321,26,16,,,2026-07-02T00:41:38Z
321,26,17,,,2026-07-02T00:41:38Z
321,26,18,,,2026-07-02T00:41:38Z
321,26,19,,,2026-07-02T00:41:38Z
321,26,2,,,2026-07-02T00:41:38Z
321,26,3,,,2026-07-02T00:41:38Z
321,26,4,,,2026-07-02T00:41:38Z
321,26,5,,,2026-07-02T00:41:38Z
321,26,6,,,2026-07-02T00:41:38Z
321,26,7,,,2026-07-02T00:41:38Z
321,26,8,,,2026-07-02T00:41:38Z
321,26,9,,,2026-07-02T00:41:38Z
321,28,10,,,2026-07-02T00:41:38Z
321,28,11,,,2026-07-02T00:41:38Z
321,28,12,,,2026-07-02T00:41:38Z
321,28,13,,,2026-07-02T00:41:38Z
321,28,14,,,2026-07-02T00:41:38Z
321,28,15,,,2026-07-02T00:41:38Z
321,28,16,,,2026-07-02T00:41:38Z
321,28,17,,,2026-07-02T00:41:38Z
321,28,18,,,2026-07-02T00:41:38Z
321,28,19,,,2026-07-02T00:41:38Z
321,28,2,,,2026-07-02T00:41:38Z
321,28,3,,,2026-07-02T00:41:38Z
321,28,4,,,2026-07-02T00:41:38Z
321,28,5,,,2026-07-02T00:41:38Z
321,28,6,,,2026-07-02T00:41:38Z
321,28,7,,,2026-07-02T00:41:38Z
321,28,8,,,2026-07-02T00:41:38Z
321,28,9,,,2026-07-02T00:41:38Z
321,29,10,,,2026-07-02T00:41:38Z
321,29,11,,,2026-07-02T00:41:38Z
321,29,12,,,2026-07-02T00:41:38Z
321,29,13,,,2026-07-02T00:41:38Z
321,29,14,,,2026-07-02T00:41:38Z
321,29,15,,,2026-07-02T00:41:38Z
321,29,16,,,2026-07-02T00:41:38Z
321,29,17,,,2026-07-02T00:41:38Z
321,29,18,,,2026-07-02T00:41:38Z
321,29,19,,,2026-07-02T00:41:38Z
321,29,2,,,2026-07-02T00:41:38Z
321,29,3,,,2026-07-02T00:41:38Z
321,29,4,,,2026-07-02T00:41:38Z
321,29,5,,,2026-07-02T00:41:38Z
321,29,6,,,2026-07-02T00:41:38Z
321,29,7,,,2026-07-02T00:41:38Z
321,29,8,,,2026-07-02T00:41:38Z
321,29,9,,,2026-07-02T00:41:38Z
321,30,10,,,2026-07-02T00:41:38Z
321,30,11,,,2026-07-02T00:41:38Z
321,30,12,,,2026-07-02T00:41:38Z
321,30,13,,,2026-07-02T00:41:38Z
321,30,14,,,2026-07-02T00:41:38Z
321,30,15,,,2026-07-02T00:41:38Z
321,30,16,,,2026-07-02T00:41:38Z
321,30,17,,,2026-07-02T00:41:38Z
321,30,18,,,2026-07-02T00:41:38Z
321,30,19,,,2026-07-02T00:41:38Z
321,30,2,,,2026-07-02T00:41:38Z
321,30,3,,,2026-07-02T00:41:38Z
321,30,4,,,2026-07-02T00:41:38Z
321,30,5,,,2026-07-02T00:41:38Z
321,30,6,,,2026-07-02T00:41:38Z
321,30,7,,,2026-07-02T00:41:38Z
321,30,8,,,2026-07-02T00:41:38Z
321,30,9,,,2026-07-02T00:41:38Z
321,31,10,,,2026-07-02T00:41:38Z
321,31,11,,,2026-07-02T00:41:38Z
321,31,12,,,2026-07-02T00:41:38Z
321,31,13,,,2026-07-02T00:41:38Z
321,31,14,,,2026-07-02T00:41:38Z
321,31,15,,,2026-07-02T00:41:38Z
321,31,16,,,2026-07-02T00:41:38Z
321,31,17,,,2026-07-02T00:41:38Z
321,31,18,,,2026-07-02T00:41:38Z
321,31,19,,,2026-07-02T00:41:38Z
321,31,2,,,2026-07-02T00:41:38Z
321,31,3,,,2026-07-02T00:41:38Z
321,31,4,,,2026-07-02T00:41:38Z
321,31,5,,,2026-07-02T00:41:38Z
321,31,6,,,2026-07-02T00:41:38Z
321,31,7,,,2026-07-02T00:41:38Z
321,31,8,,,2026-07-02T00:41:38Z
321,31,9,,,2026-07-02T00:41:38Z
321,32,10,,,2026-07-02T00:41:38Z
321,32,11,,,2026-07-02T00:41:38Z
321,32,12,,,2026-07-02T00:41:38Z
321,32,13,,,2026-07-02T00:41:38Z
321,32,14,,,2026-07-02T00:41:38Z
321,32,15,,,2026-07-02T00:41:38Z
321,32,16,,,2026-07-02T00:41:38Z
321,32,17,,,2026-07-02T00:41:38Z
321,32,18,,,2026-07-02T00:41:38Z
321,32,19,,,2026-07-02T00:41:38Z
321,32,20,,,2026-07-02T00:41:38Z
321,32,21,,,2026-07-02T00:41:38Z
321,32,3,,,2026-07-02T00:41:38Z
321,32,4,,,2026-07-02T00:41:38Z
321,32,5,,,2026-07-02T00:41:38Z
321,32,6,,,2026-07-02T00:41:38Z
321,32,7,,,2026-07-02T00:41:38Z
321,32,8,,,2026-07-02T00:41:38Z
321,32,9,,,2026-07-02T00:41:38Z
321,9,19,,,2026-07-02T00:41:38Z
321,2,10,,,2026-07-02T00:41:38Z
321,2,11,,,2026-07-02T00:41:38Z
321,3,4,,,2026-07-02T00:41:38Z
321,3,5,,,2026-07-02T00:41:38Z
321,3,6,,,2026-07-02T00:41:38Z
321,3,7,,,2026-07-02T00:41:38Z
321,3,8,,,2026-07-02T00:41:38Z
321,3,9,,,2026-07-02T00:41:38Z
321,3,10,,,2026-07-02T00:41:38Z
321,3,11,,,2026-07-02T00:41:38Z
321,3,12,,,2026-07-02T00:41:38Z
321,3,13,,,2026-07-02T00:41:38Z
321,3,14,,,2026-07-02T00:41:38Z
321,3,3,,,2026-07-02T00:41:38Z
321,4,4,,,2026-07-02T00:41:38Z
321,4,5,,,2026-07-02T00:41:38Z
321,4,6,,,2026-07-02T00:41:38Z
321,4,7,,,2026-07-02T00:41:38Z
321,4,8,,,2026-07-02T00:41:38Z
321,4,9,,,2026-07-02T00:41:38Z
321,4,10,,,2026-07-02T00:41:38Z
321,4,11,,,2026-07-02T00:41:38Z
321,4,12,,,2026-07-02T00:41:38Z
321,4,13,,,2026-07-02T00:41:38Z
321,4,14,,,2026-07-02T00:41:38Z
321,4,15,,,2026-07-02T00:41:38Z
321,5,4,,,2026-07-02T00:41:38Z
321,5,5,,,2026-07-02T00:41:38Z
321,5,6,,,2026-07-02T00:41:38Z
321,5,7,,,2026-07-02T00:41:38Z
321,5,8,,,2026-07-02T00:41:38Z
321,5,9,,,2026-07-02T00:41:38Z
321,5,10,,,2026-07-02T00:41:38Z
321,5,11,,,2026-07-02T00:41:38Z
321,5,12,,,2026-07-02T00:41:38Z
321,5,13,,,2026-07-02T00:41:38Z
321,5,14,,,2026-07-02T00:41:38Z
321,5,15,,,2026-07-02T00:41:38Z
321,5,16,,,2026-07-02T00:41:38Z
321,6,4,,,2026-07-02T00:41:38Z
321,6,5,,,2026-07-02T00:41:38Z
321,6,6,,,2026-07-02T00:41:38Z
321,6,7,,,2026-07-02T00:41:38Z
321,6,8,,,2026-07-02T00:41:38Z
321,6,9,,,2026-07-02T00:41:38Z
321,6,10,,,2026-07-02T00:41:38Z
321,6,11,,,2026-07-02T00:41:38Z
321,6,12,,,2026-07-02T00:41:38Z
321,6,13,,,2026-07-02T00:41:38Z
321,6,14,,,2026-07-02T00:41:38Z
321,6,15,,,2026-07-02T00:41:38Z
321,6,16,,,2026-07-02T00:41:38Z
321,7,4,,,2026-07-02T00:41:38Z
321,7,5,,,2026-07-02T00:41:38Z
321,7,6,,,2026-07-02T00:41:38Z
321,7,7,,,2026-07-02T00:41:38Z
321,7,8,,,2026-07-02T00:41:38Z
321,7,9,,,2026-07-02T00:41:38Z
321,7,10,,,2026-07-02T00:41:38Z
321,7,11,,,2026-07-02T00:41:38Z
321,7,12,,,2026-07-02T00:41:38Z
321,7,13,,,2026-07-02T00:41:38Z
321,7,14,,,2026-07-02T00:41:38Z
321,7,15,,,2026-07-02T00:41:38Z
321,7,16,,,2026-07-02T00:41:38Z
322,1,8,,,2026-07-02T00:41:38Z
322,1,9,,,2026-07-02T00:41:38Z
322,2,4,,,2026-07-02T00:41:38Z
322,2,5,,,2026-07-02T00:41:38Z
322,2,6,,,2026-07-02T00:41:38Z
322,2,7,,,2026-07-02T00:41:38Z
322,2,8,,,2026-07-02T00:41:38Z
322,2,9,,,2026-07-02T00:41:38Z
322,2,10,,,2026-07-02T00:41:38Z
322,2,17,,,2026-07-02T00:41:38Z
322,2,3,,,2026-07-02T00:41:38Z
322,3,4,,,2026-07-02T00:41:38Z
322,3,5,,,2026-07-02T00:41:38Z
322,3,6,,,2026-07-02T00:41:38Z
322,3,7,,,2026-07-02T00:41:38Z
322,3,8,,,2026-07-02T00:41:38Z
322,3,9,,,2026-07-02T00:41:38Z
322,3,1,,,2026-07-02T00:41:38Z
322,3,10,,,2026-07-02T00:41:38Z
322,3,11,,,2026-07-02T00:41:38Z
322,3,12,,,2026-07-02T00:41:38Z
322,3,13,,,2026-07-02T00:41:38Z
322,3,14,,,2026-07-02T00:41:38Z
322,3,15,,,2026-07-02T00:41:38Z
322,3,16,,,2026-07-02T00:41:38Z
322,3,17,,,2026-07-02T00:41:38Z
322,3,2,,,2026-07-02T00:41:38Z
322,3,3,,,2026-07-02T00:41:38Z
322,4,4,,,2026-07-02T00:41:38Z
322,4,5,,,2026-07-02T00:41:38Z
322,4,6,,,2026-07-02T00:41:38Z
322,4,7,,,2026-07-02T00:41:38Z
322,4,8,,,2026-07-02T00:41:38Z
322,4,9,,,2026-07-02T00:41:38Z
322,4,10,,,2026-07-02T00:41:38Z
322,4,11,,,2026-07-02T00:41:38Z
322,5,6,,,2026-07-02T00:41:38Z
322,5,7,,,2026-07-02T00:41:38Z
322,5,8,,,2026-07-02T00:41:38Z
322,5,9,,,2026-07-02T00:41:38Z
322,5,10,,,2026-07-02T00:41:38Z
322,5,11,,,2026-07-02T00:41:38Z
322,5,12,,,2026-07-02T00:41:38Z
322,5,13,,,2026-07-02T00:41:38Z
322,5,14,,,2026-07-02T00:41:38Z
322,5,15,,,2026-07-02T00:41:38Z
322,5,16,,,2026-07-02T00:41:38Z
322,6,4,,,2026-07-02T00:41:38Z
322,6,5,,,2026-07-02T00:41:38Z
322,6,6,,,2026-07-02T00:41:38Z
322,6,7,,,2026-07-02T00:41:38Z
322,6,8,,,2026-07-02T00:41:38Z
322,6,9,,,2026-07-02T00:41:38Z
322,6,10,,,2026-07-02T00:41:38Z
322,6,11,,,2026-07-02T00:41:38Z
322,6,12,,,2026-07-02T00:41:38Z
322,6,13,,,2026-07-02T00:41:38Z
322,6,14,,,2026-07-02T00:41:38Z
322,6,15,,,2026-07-02T00:41:38Z
322,6,16,,,2026-07-02T00:41:38Z
322,7,4,,,2026-07-02T00:41:38Z
322,7,5,,,2026-07-02T00:41:38Z
322,7,6,,,2026-07-02T00:41:38Z
322,7,7,,,2026-07-02T00:41:38Z
322,7,8,,,2026-07-02T00:41:38Z
322,7,9,,,2026-07-02T00:41:38Z
322,7,10,,,2026-07-02T00:41:38Z
322,7,11,,,2026-07-02T00:41:38Z
322,7,12,,,2026-07-02T00:41:38Z
322,7,13,,,2026-07-02T00:41:38Z
322,7,14,,,2026-07-02T00:41:38Z
322,7,15,,,2026-07-02T00:41:38Z
322,7,16,,,2026-07-02T00:41:38Z
322,11,10,,,2026-07-02T00:41:38Z
322,11,11,,,2026-07-02T00:41:38Z
322,11,12,,,2026-07-02T00:41:38Z
322,11,13,,,2026-07-02T00:41:38Z
322,11,8,,,2026-07-02T00:41:38Z
322,11,9,,,2026-07-02T00:41:38Z
322,12,10,,,2026-07-02T00:41:38Z
322,12,11,,,2026-07-02T00:41:38Z
322,12,12,,,2026-07-02T00:41:38Z
322,12,13,,,2026-07-02T00:41:38Z
322,12,14,,,2026-07-02T00:41:38Z
322,12,15,,,2026-07-02T00:41:38Z
322,12,16,,,2026-07-02T00:41:38Z
322,12,17,,,2026-07-02T00:41:38Z
322,12,3,,,2026-07-02T00:41:38Z
322,12,4,,,2026-07-02T00:41:38Z
322,12,5,,,2026-07-02T00:41:38Z
322,12,6,,,2026-07-02T00:41:38Z
322,12,7,,,2026-07-02T00:41:38Z
322,12,8,,,2026-07-02T00:41:38Z
322,12,9,,,2026-07-02T00:41:38Z
322,13,10,,,2026-07-02T00:41:38Z
322,13,11,,,2026-07-02T00:41:38Z
322,13,12,,,2026-07-02T00:41:38Z
322,13,13,,,2026-07-02T00:41:38Z
322,13,14,,,2026-07-02T00:41:38Z
322,13,15,,,2026-07-02T00:41:38Z
322,13,16,,,2026-07-02T00:41:38Z
322,13,17,,,2026-07-02T00:41:38Z
322,13,2,,,2026-07-02T00:41:38Z
322,13,3,,,2026-07-02T00:41:38Z
322,13,4,,,2026-07-02T00:41:38Z
322,13,5,,,2026-07-02T00:41:38Z
322,13,6,,,2026-07-02T00:41:38Z
322,13,7,,,2026-07-02T00:41:38Z
322,13,8,,,2026-07-02T00:41:38Z
322,13,9,,,2026-07-02T00:41:38Z
322,19,10,,,2026-07-02T00:41:38Z
322,19,11,,,2026-07-02T00:41:38Z
322,19,12,,,2026-07-02T00:41:38Z
322,19,13,,,2026-07-02T00:41:38Z
322,19,14,,,2026-07-02T00:41:38Z
322,19,15,,,2026-07-02T00:41:38Z
322,19,16,,,2026-07-02T00:41:38Z
322,19,17,,,2026-07-02T00:41:38Z
322,19,18,,,2026-07-02T00:41:38Z
322,19,19,,,2026-07-02T00:41:38Z
322,19,2,,,2026-07-02T00:41:38Z
322,19,3,,,2026-07-02T00:41:38Z
322,19,4,,,2026-07-02T00:41:38Z
322,19,5,,,2026-07-02T00:41:38Z
322,19,6,,,2026-07-02T00:41:38Z
322,19,7,,,2026-07-02T00:41:38Z
322,19,8,,,2026-07-02T00:41:38Z
322,19,9,,,2026-07-02T00:41:38Z
322,27,10,,,2026-07-02T00:41:38Z
322,27,11,,,2026-07-02T00:41:38Z
322,27,12,,,2026-07-02T00:41:38Z
322,27,13,,,2026-07-02T00:41:38Z
322,27,14,,,2026-07-02T00:41:38Z
322,27,15,,,2026-07-02T00:41:38Z
322,27,16,,,2026-07-02T00:41:38Z
322,27,17,,,2026-07-02T00:41:38Z
322,27,18,,,2026-07-02T00:41:38Z
322,27,19,,,2026-07-02T00:41:38Z
322,27,2,,,2026-07-02T00:41:38Z
322,27,3,,,2026-07-02T00:41:38Z
322,27,4,,,2026-07-02T00:41:38Z
322,27,5,,,2026-07-02T00:41:38Z
322,27,6,,,2026-07-02T00:41:38Z
322,27,7,,,2026-07-02T00:41:38Z
322,27,8,,,2026-07-02T00:41:38Z
322,27,9,,,2026-07-02T00:41:38Z
322,20,10,,,2026-07-02T00:41:38Z
322,20,11,,,2026-07-02T00:41:38Z
322,20,12,,,2026-07-02T00:41:38Z
322,20,13,,,2026-07-02T00:41:38Z
322,20,14,,,2026-07-02T00:41:38Z
322,20,15,,,2026-07-02T00:41:38Z
322,20,16,,,2026-07-02T00:41:38Z
322,20,17,,,2026-07-02T00:41:38Z
322,20,18,,,2026-07-02T00:41:38Z
322,20,19,,,2026-07-02T00:41:38Z
322,20,2,,,2026-07-02T00:41:38Z
322,20,3,,,2026-07-02T00:41:38Z
322,20,4,,,2026-07-02T00:41:38Z
322,20,5,,,2026-07-02T00:41:38Z
322,20,6,,,2026-07-02T00:41:38Z
322,20,7,,,2026-07-02T00:41:38Z
322,20,8,,,2026-07-02T00:41:38Z
322,20,9,,,2026-07-02T00:41:38Z
322,21,10,,,2026-07-02T00:41:38Z
322,21,11,,,2026-07-02T00:41:38Z
322,21,12,,,2026-07-02T00:41:38Z
322,21,13,,,2026-07-02T00:41:38Z
322,21,14,,,2026-07-02T00:41:38Z
322,21,15,,,2026-07-02T00:41:38Z
322,21,16,,,2026-07-02T00:41:38Z
322,21,17,,,2026-07-02T00:41:38Z
322,21,18,,,2026-07-02T00:41:38Z
322,21,19,,,2026-07-02T00:41:38Z
322,21,2,,,2026-07-02T00:41:38Z
322,21,3,,,2026-07-02T00:41:38Z
322,21,4,,,2026-07-02T00:41:38Z
322,21,5,,,2026-07-02T00:41:38Z
322,21,6,,,2026-07-02T00:41:38Z
322,21,7,,,2026-07-02T00:41:38Z
322,21,8,,,2026-07-02T00:41:38Z
322,21,9,,,2026-07-02T00:41:38Z
322,22,10,,,2026-07-02T00:41:38Z
322,22,11,,,2026-07-02T00:41:38Z
322,22,12,,,2026-07-02T00:41:38Z
322,22,13,,,2026-07-02T00:41:38Z
322,22,14,,,2026-07-02T00:41:38Z
322,22,15,,,2026-07-02T00:41:38Z
322,22,16,,,2026-07-02T00:41:38Z
322,22,17,,,2026-07-02T00:41:38Z
322,22,18,,,2026-07-02T00:41:38Z
322,22,19,,,2026-07-02T00:41:38Z
322,22,2,,,2026-07-02T00:41:38Z
322,22,3,,,2026-07-02T00:41:38Z
322,22,4,,,2026-07-02T00:41:38Z
322,22,5,,,2026-07-02T00:41:38Z
322,22,6,,,2026-07-02T00:41:38Z
322,22,7,,,2026-07-02T00:41:38Z
322,22,8,,,2026-07-02T00:41:38Z
322,22,9,,,2026-07-02T00:41:38Z
322,23,10,,,2026-07-02T00:41:38Z
322,23,11,,,2026-07-02T00:41:38Z
322,23,12,,,2026-07-02T00:41:38Z
322,23,13,,,2026-07-02T00:41:38Z
322,23,14,,,2026-07-02T00:41:38Z
322,23,15,,,2026-07-02T00:41:38Z
322,23,16,,,2026-07-02T00:41:38Z
322,23,17,,,2026-07-02T00:41:38Z
322,23,18,,,2026-07-02T00:41:38Z
322,23,19,,,2026-07-02T00:41:38Z
322,23,2,,,2026-07-02T00:41:38Z
322,23,3,,,2026-07-02T00:41:38Z
322,23,4,,,2026-07-02T00:41:38Z
322,23,5,,,2026-07-02T00:41:38Z
322,23,6,,,2026-07-02T00:41:38Z
322,23,7,,,2026-07-02T00:41:38Z
322,23,8,,,2026-07-02T00:41:38Z
322,23,9,,,2026-07-02T00:41:38Z
322,24,10,,,2026-07-02T00:41:38Z
322,24,11,,,2026-07-02T00:41:38Z
322,24,12,,,2026-07-02T00:41:38Z
322,24,13,,,2026-07-02T00:41:38Z
322,24,14,,,2026-07-02T00:41:38Z
322,24,15,,,2026-07-02T00:41:38Z
322,24,16,,,2026-07-02T00:41:38Z
322,24,17,,,2026-07-02T00:41:38Z
322,24,18,,,2026-07-02T00:41:38Z
322,24,19,,,2026-07-02T00:41:38Z
322,24,2,,,2026-07-02T00:41:38Z
322,24,3,,,2026-07-02T00:41:38Z
322,24,4,,,2026-07-02T00:41:38Z
322,24,5,,,2026-07-02T00:41:38Z
322,24,6,,,2026-07-02T00:41:38Z
322,24,7,,,2026-07-02T00:41:38Z
322,24,8,,,2026-07-02T00:41:38Z
322,24,9,,,2026-07-02T00:41:38Z
322,25,10,,,2026-07-02T00:41:38Z
322,25,11,,,2026-07-02T00:41:38Z
322,25,12,,,2026-07-02T00:41:38Z
322,25,13,,,2026-07-02T00:41:38Z
322,25,14,,,2026-07-02T00:41:38Z
322,25,15,,,2026-07-02T00:41:38Z
322,25,16,,,2026-07-02T00:41:38Z
322,25,17,,,2026-07-02T00:41:38Z
322,25,18,,,2026-07-02T00:41:38Z
322,25,19,,,2026-07-02T00:41:38Z
322,25,2,,,2026-07-02T00:41:38Z
322,25,3,,,2026-07-02T00:41:38Z
322,25,4,,,2026-07-02T00:41:38Z
322,25,5,,,2026-07-02T00:41:38Z
322,25,6,,,2026-07-02T00:41:38Z
322,25,7,,,2026-07-02T00:41:38Z
322,25,8,,,2026-07-02T00:41:38Z
322,25,9,,,2026-07-02T00:41:38Z
322,26,10,,,2026-07-02T00:41:38Z
322,26,11,,,2026-07-02T00:41:38Z
322,26,12,,,2026-07-02T00:41:38Z
322,26,13,,,2026-07-02T00:41:38Z
322,26,14,,,2026-07-02T00:41:38Z
322,26,15,,,2026-07-02T00:41:38Z
322,26,16,,,2026-07-02T00:41:38Z
322,26,17,,,2026-07-02T00:41:38Z
322,26,18,,,2026-07-02T00:41:38Z
322,26,19,,,2026-07-02T00:41:38Z
322,26,2,,,2026-07-02T00:41:38Z
322,26,3,,,2026-07-02T00:41:38Z
322,26,4,,,2026-07-02T00:41:38Z
322,26,5,,,2026-07-02T00:41:38Z
322,26,6,,,2026-07-02T00:41:38Z
322,26,7,,,2026-07-02T00:41:38Z
322,26,8,,,2026-07-02T00:41:38Z
322,26,9,,,2026-07-02T00:41:38Z
322,28,10,,,2026-07-02T00:41:38Z
322,28,11,,,2026-07-02T00:41:38Z
322,28,12,,,2026-07-02T00:41:38Z
322,28,13,,,2026-07-02T00:41:38Z
322,28,14,,,2026-07-02T00:41:38Z
322,28,15,,,2026-07-02T00:41:38Z
322,28,16,,,2026-07-02T00:41:38Z
322,28,17,,,2026-07-02T00:41:38Z
322,28,18,,,2026-07-02T00:41:38Z
322,28,19,,,2026-07-02T00:41:38Z
322,28,2,,,2026-07-02T00:41:38Z
322,28,3,,,2026-07-02T00:41:38Z
322,28,4,,,2026-07-02T00:41:38Z
322,28,5,,,2026-07-02T00:41:38Z
322,28,6,,,2026-07-02T00:41:38Z
322,28,7,,,2026-07-02T00:41:38Z
322,28,8,,,2026-07-02T00:41:38Z
322,28,9,,,2026-07-02T00:41:38Z
322,29,10,,,2026-07-02T00:41:38Z
322,29,11,,,2026-07-02T00:41:38Z
322,29,12,,,2026-07-02T00:41:38Z
322,29,13,,,2026-07-02T00:41:38Z
322,29,14,,,2026-07-02T00:41:38Z
322,29,15,,,2026-07-02T00:41:38Z
322,29,16,,,2026-07-02T00:41:38Z
322,29,17,,,2026-07-02T00:41:38Z
322,29,18,,,2026-07-02T00:41:38Z
322,29,19,,,2026-07-02T00:41:38Z
322,29,2,,,2026-07-02T00:41:38Z
322,29,3,,,2026-07-02T00:41:38Z
322,29,4,,,2026-07-02T00:41:38Z
322,29,5,,,2026-07-02T00:41:38Z
322,29,6,,,2026-07-02T00:41:38Z
322,29,7,,,2026-07-02T00:41:38Z
322,29,8,,,2026-07-02T00:41:38Z
322,29,9,,,2026-07-02T00:41:38Z
322,30,10,,,2026-07-02T00:41:38Z
322,30,11,,,2026-07-02T00:41:38Z
322,30,12,,,2026-07-02T00:41:38Z
322,30,13,,,2026-07-02T00:41:38Z
322,30,14,,,2026-07-02T00:41:38Z
322,30,15,,,2026-07-02T00:41:38Z
322,30,16,,,2026-07-02T00:41:38Z
322,30,17,,,2026-07-02T00:41:38Z
322,30,18,,,2026-07-02T00:41:38Z
322,30,19,,,2026-07-02T00:41:38Z
322,30,2,,,2026-07-02T00:41:38Z
322,30,3,,,2026-07-02T00:41:38Z
322,30,4,,,2026-07-02T00:41:38Z
322,30,5,,,2026-07-02T00:41:38Z
322,30,6,,,2026-07-02T00:41:38Z
322,30,7,,,2026-07-02T00:41:38Z
322,30,8,,,2026-07-02T00:41:38Z
322,30,9,,,2026-07-02T00:41:38Z
322,31,10,,,2026-07-02T00:41:38Z
322,31,11,,,2026-07-02T00:41:38Z
322,31,12,,,2026-07-02T00:41:38Z
322,31,13,,,2026-07-02T00:41:38Z
322,31,14,,,2026-07-02T00:41:38Z
322,31,15,,,2026-07-02T00:41:38Z
322,31,16,,,2026-07-02T00:41:38Z
322,31,17,,,2026-07-02T00:41:38Z
322,31,18,,,2026-07-02T00:41:38Z
322,31,19,,,2026-07-02T00:41:38Z
322,31,2,,,2026-07-02T00:41:38Z
322,31,3,,,2026-07-02T00:41:38Z
322,31,4,,,2026-07-02T00:41:38Z
322,31,5,,,2026-07-02T00:41:38Z
322,31,6,,,2026-07-02T00:41:38Z
322,31,7,,,2026-07-02T00:41:38Z
322,31,8,,,2026-07-02T00:41:38Z
322,31,9,,,2026-07-02T00:41:38Z
322,32,10,,,2026-07-02T00:41:38Z
322,32,11,,,2026-07-02T00:41:38Z
322,32,12,,,2026-07-02T00:41:38Z
322,32,13,,,2026-07-02T00:41:38Z
322,32,14,,,2026-07-02T00:41:38Z
322,32,15,,,2026-07-02T00:41:38Z
322,32,16,,,2026-07-02T00:41:38Z
322,32,17,,,2026-07-02T00:41:38Z
322,32,18,,,2026-07-02T00:41:38Z
322,32,19,,,2026-07-02T00:41:38Z
322,32,20,,,2026-07-02T00:41:38Z
322,32,21,,,2026-07-02T00:41:38Z
322,32,22,,,2026-07-02T00:41:38Z
322,32,3,,,2026-07-02T00:41:38Z
322,32,4,,,2026-07-02T00:41:38Z
322,32,5,,,2026-07-02T00:41:38Z
322,32,6,,,2026-07-02T00:41:38Z
322,32,7,,,2026-07-02T00:41:38Z
322,32,8,,,2026-07-02T00:41:38Z
322,32,9,,,2026-07-02T00:41:38Z
323,11,11,,,2026-07-02T00:41:38Z
323,11,12,,,2026-07-02T00:41:38Z
323,11,13,,,2026-07-02T00:41:38Z
323,12,10,,,2026-07-02T00:41:38Z
323,12,11,,,2026-07-02T00:41:38Z
323,12,12,,,2026-07-02T00:41:38Z
323,12,13,,,2026-07-02T00:41:38Z
323,12,14,,,2026-07-02T00:41:38Z
323,12,15,,,2026-07-02T00:41:38Z
323,12,16,,,2026-07-02T00:41:38Z
323,12,17,,,2026-07-02T00:41:38Z
323,12,9,,,2026-07-02T00:41:38Z
323,13,10,,,2026-07-02T00:41:38Z
323,13,11,,,2026-07-02T00:41:38Z
323,13,12,,,2026-07-02T00:41:38Z
323,13,13,,,2026-07-02T00:41:38Z
323,13,14,,,2026-07-02T00:41:38Z
323,13,15,,,2026-07-02T00:41:38Z
323,13,16,,,2026-07-02T00:41:38Z
323,13,17,,,2026-07-02T00:41:38Z
323,13,3,,,2026-07-02T00:41:38Z
323,13,4,,,2026-07-02T00:41:38Z
323,13,5,,,2026-07-02T00:41:38Z
323,13,6,,,2026-07-02T00:41:38Z
323,13,7,,,2026-07-02T00:41:38Z
323,13,8,,,2026-07-02T00:41:38Z
323,13,9,,,2026-07-02T00:41:38Z
323,19,10,,,2026-07-02T00:41:38Z
323,19,11,,,2026-07-02T00:41:38Z
323,19,12,,,2026-07-02T00:41:38Z
323,19,13,,,2026-07-02T00:41:38Z
323,19,14,,,2026-07-02T00:41:38Z
323,19,15,,,2026-07-02T00:41:38Z
323,19,16,,,2026-07-02T00:41:38Z
323,19,17,,,2026-07-02T00:41:38Z
323,19,18,,,2026-07-02T00:41:38Z
323,19,19,,,2026-07-02T00:41:38Z
323,19,2,,,2026-07-02T00:41:38Z
323,19,3,,,2026-07-02T00:41:38Z
323,19,4,,,2026-07-02T00:41:38Z
323,19,5,,,2026-07-02T00:41:38Z
323,19,6,,,2026-07-02T00:41:38Z
323,19,7,,,2026-07-02T00:41:38Z
323,19,8,,,2026-07-02T00:41:38Z
323,19,9,,,2026-07-02T00:41:38Z
323,27,10,,,2026-07-02T00:41:38Z
323,27,11,,,2026-07-02T00:41:38Z
323,27,12,,,2026-07-02T00:41:38Z
323,27,13,,,2026-07-02T00:41:38Z
323,27,14,,,2026-07-02T00:41:38Z
323,27,15,,,2026-07-02T00:41:38Z
323,27,16,,,2026-07-02T00:41:38Z
323,27,17,,,2026-07-02T00:41:38Z
323,27,18,,,2026-07-02T00:41:38Z
323,27,19,,,2026-07-02T00:41:38Z
323,27,2,,,2026-07-02T00:41:38Z
323,27,3,,,2026-07-02T00:41:38Z
323,27,4,,,2026-07-02T00:41:38Z
323,27,5,,,2026-07-02T00:41:38Z
323,27,6,,,2026-07-02T00:41:38Z
323,27,7,,,2026-07-02T00:41:38Z
323,27,8,,,2026-07-02T00:41:38Z
323,27,9,,,2026-07-02T00:41:38Z
323,20,10,,,2026-07-02T00:41:38Z
323,20,11,,,2026-07-02T00:41:38Z
323,20,12,,,2026-07-02T00:41:38Z
323,20,13,,,2026-07-02T00:41:38Z
323,20,14,,,2026-07-02T00:41:38Z
323,20,15,,,2026-07-02T00:41:38Z
323,20,16,,,2026-07-02T00:41:38Z
323,20,17,,,2026-07-02T00:41:38Z
323,20,18,,,2026-07-02T00:41:38Z
323,20,19,,,2026-07-02T00:41:38Z
323,20,2,,,2026-07-02T00:41:38Z
323,20,3,,,2026-07-02T00:41:38Z
323,20,4,,,2026-07-02T00:41:38Z
323,20,5,,,2026-07-02T00:41:38Z
323,20,6,,,2026-07-02T00:41:38Z
323,20,7,,,2026-07-02T00:41:38Z
323,20,8,,,2026-07-02T00:41:38Z
323,20,9,,,2026-07-02T00:41:38Z
323,21,10,,,2026-07-02T00:41:38Z
323,21,11,,,2026-07-02T00:41:38Z
323,21,12,,,2026-07-02T00:41:38Z
323,21,13,,,2026-07-02T00:41:38Z
323,21,14,,,2026-07-02T00:41:38Z
323,21,15,,,2026-07-02T00:41:38Z
323,21,16,,,2026-07-02T00:41:38Z
323,21,17,,,2026-07-02T00:41:38Z
323,21,18,,,2026-07-02T00:41:38Z
323,21,19,,,2026-07-02T00:41:38Z
323,21,2,,,2026-07-02T00:41:38Z
323,21,3,,,2026-07-02T00:41:38Z
323,21,4,,,2026-07-02T00:41:38Z
323,21,5,,,2026-07-02T00:41:38Z
323,21,6,,,2026-07-02T00:41:38Z
323,21,7,,,2026-07-02T00:41:38Z
323,21,8,,,2026-07-02T00:41:38Z
323,21,9,,,2026-07-02T00:41:38Z
323,22,10,,,2026-07-02T00:41:38Z
323,22,11,,,2026-07-02T00:41:38Z
323,22,12,,,2026-07-02T00:41:38Z
323,22,13,,,2026-07-02T00:41:38Z
323,22,14,,,2026-07-02T00:41:38Z
323,22,15,,,2026-07-02T00:41:38Z
323,22,16,,,2026-07-02T00:41:38Z
323,22,17,,,2026-07-02T00:41:38Z
323,22,18,,,2026-07-02T00:41:38Z
323,22,19,,,2026-07-02T00:41:38Z
323,22,2,,,2026-07-02T00:41:38Z
323,22,3,,,2026-07-02T00:41:38Z
323,22,4,,,2026-07-02T00:41:38Z
323,22,5,,,2026-07-02T00:41:38Z
323,22,6,,,2026-07-02T00:41:38Z
323,22,7,,,2026-07-02T00:41:38Z
323,22,8,,,2026-07-02T00:41:38Z
323,22,9,,,2026-07-02T00:41:38Z
323,23,10,,,2026-07-02T00:41:38Z
323,23,11,,,2026-07-02T00:41:38Z
323,23,12,,,2026-07-02T00:41:38Z
323,23,13,,,2026-07-02T00:41:38Z
323,23,14,,,2026-07-02T00:41:38Z
323,23,15,,,2026-07-02T00:41:38Z
323,23,16,,,2026-07-02T00:41:38Z
323,23,17,,,2026-07-02T00:41:38Z
323,23,18,,,2026-07-02T00:41:38Z
323,23,19,,,2026-07-02T00:41:38Z
323,23,2,,,2026-07-02T00:41:38Z
323,23,3,,,2026-07-02T00:41:38Z
323,23,4,,,2026-07-02T00:41:38Z
323,23,5,,,2026-07-02T00:41:38Z
323,23,6,,,2026-07-02T00:41:38Z
323,23,7,,,2026-07-02T00:41:38Z
323,23,8,,,2026-07-02T00:41:38Z
323,23,9,,,2026-07-02T00:41:38Z
323,24,10,,,2026-07-02T00:41:38Z
323,24,11,,,2026-07-02T00:41:38Z
323,24,12,,,2026-07-02T00:41:38Z
323,24,13,,,2026-07-02T00:41:38Z
323,24,14,,,2026-07-02T00:41:38Z
323,24,15,,,2026-07-02T00:41:38Z
323,24,16,,,2026-07-02T00:41:38Z
323,24,17,,,2026-07-02T00:41:38Z
323,24,18,,,2026-07-02T00:41:38Z
323,24,19,,,2026-07-02T00:41:38Z
323,24,2,,,2026-07-02T00:41:38Z
323,24,3,,,2026-07-02T00:41:38Z
323,24,4,,,2026-07-02T00:41:38Z
323,24,5,,,2026-07-02T00:41:38Z
323,24,6,,,2026-07-02T00:41:38Z
323,24,7,,,2026-07-02T00:41:38Z
323,24,8,,,2026-07-02T00:41:38Z
323,24,9,,,2026-07-02T00:41:38Z
323,25,10,,,2026-07-02T00:41:38Z
323,25,11,,,2026-07-02T00:41:38Z
323,25,12,,,2026-07-02T00:41:38Z
323,25,13,,,2026-07-02T00:41:38Z
323,25,14,,,2026-07-02T00:41:38Z
323,25,15,,,2026-07-02T00:41:38Z
323,25,16,,,2026-07-02T00:41:38Z
323,25,17,,,2026-07-02T00:41:38Z
323,25,18,,,2026-07-02T00:41:38Z
323,25,19,,,2026-07-02T00:41:38Z
323,25,2,,,2026-07-02T00:41:38Z
323,25,3,,,2026-07-02T00:41:38Z
323,25,4,,,2026-07-02T00:41:38Z
323,25,5,,,2026-07-02T00:41:38Z
323,25,6,,,2026-07-02T00:41:38Z
323,25,7,,,2026-07-02T00:41:38Z
323,25,8,,,2026-07-02T00:41:38Z
323,25,9,,,2026-07-02T00:41:38Z
323,26,10,,,2026-07-02T00:41:38Z
323,26,11,,,2026-07-02T00:41:38Z
323,26,12,,,2026-07-02T00:41:38Z
323,26,13,,,2026-07-02T00:41:38Z
323,26,14,,,2026-07-02T00:41:38Z
323,26,15,,,2026-07-02T00:41:38Z
323,26,16,,,2026-07-02T00:41:38Z
323,26,17,,,2026-07-02T00:41:38Z
323,26,18,,,2026-07-02T00:41:38Z
323,26,19,,,2026-07-02T00:41:38Z
323,26,2,,,2026-07-02T00:41:38Z
323,26,3,,,2026-07-02T00:41:38Z
323,26,4,,,2026-07-02T00:41:38Z
323,26,5,,,2026-07-02T00:41:38Z
323,26,6,,,2026-07-02T00:41:38Z
323,26,7,,,2026-07-02T00:41:38Z
323,26,8,,,2026-07-02T00:41:38Z
323,26,9,,,2026-07-02T00:41:38Z
323,28,10,,,2026-07-02T00:41:38Z
323,28,11,,,2026-07-02T00:41:38Z
323,28,12,,,2026-07-02T00:41:38Z
323,28,13,,,2026-07-02T00:41:38Z
323,28,14,,,2026-07-02T00:41:38Z
323,28,15,,,2026-07-02T00:41:38Z
323,28,16,,,2026-07-02T00:41:38Z
323,28,17,,,2026-07-02T00:41:38Z
323,28,18,,,2026-07-02T00:41:38Z
323,28,19,,,2026-07-02T00:41:38Z
323,28,2,,,2026-07-02T00:41:38Z
323,28,3,,,2026-07-02T00:41:38Z
323,28,4,,,2026-07-02T00:41:38Z
323,28,5,,,2026-07-02T00:41:38Z
323,28,6,,,2026-07-02T00:41:38Z
323,28,7,,,2026-07-02T00:41:38Z
323,28,8,,,2026-07-02T00:41:38Z
323,28,9,,,2026-07-02T00:41:38Z
323,29,10,,,2026-07-02T00:41:38Z
323,29,11,,,2026-07-02T00:41:38Z
323,29,12,,,2026-07-02T00:41:38Z
323,29,13,,,2026-07-02T00:41:38Z
323,29,14,,,2026-07-02T00:41:38Z
323,29,15,,,2026-07-02T00:41:38Z
323,29,16,,,2026-07-02T00:41:38Z
323,29,17,,,2026-07-02T00:41:38Z
323,29,18,,,2026-07-02T00:41:38Z
323,29,19,,,2026-07-02T00:41:38Z
323,29,2,,,2026-07-02T00:41:38Z
323,29,3,,,2026-07-02T00:41:38Z
323,29,4,,,2026-07-02T00:41:38Z
323,29,5,,,2026-07-02T00:41:38Z
323,29,6,,,2026-07-02T00:41:38Z
323,29,7,,,2026-07-02T00:41:38Z
323,29,8,,,2026-07-02T00:41:38Z
323,29,9,,,2026-07-02T00:41:38Z
323,30,10,,,2026-07-02T00:41:38Z
323,30,11,,,2026-07-02T00:41:38Z
323,30,12,,,2026-07-02T00:41:38Z
323,30,13,,,2026-07-02T00:41:38Z
323,30,14,,,2026-07-02T00:41:38Z
323,30,15,,,2026-07-02T00:41:38Z
323,30,16,,,2026-07-02T00:41:38Z
323,30,17,,,2026-07-02T00:41:38Z
323,30,18,,,2026-07-02T00:41:38Z
323,30,19,,,2026-07-02T00:41:38Z
323,30,2,,,2026-07-02T00:41:38Z
323,30,3,,,2026-07-02T00:41:38Z
323,30,4,,,2026-07-02T00:41:38Z
323,30,5,,,2026-07-02T00:41:38Z
323,30,6,,,2026-07-02T00:41:38Z
323,30,7,,,2026-07-02T00:41:38Z
323,30,8,,,2026-07-02T00:41:38Z
323,30,9,,,2026-07-02T00:41:38Z
323,31,10,,,2026-07-02T00:41:38Z
323,31,11,,,2026-07-02T00:41:38Z
323,31,12,,,2026-07-02T00:41:38Z
323,31,13,,,2026-07-02T00:41:38Z
323,31,14,,,2026-07-02T00:41:38Z
323,31,15,,,2026-07-02T00:41:38Z
323,31,16,,,2026-07-02T00:41:38Z
323,31,17,,,2026-07-02T00:41:38Z
323,31,18,,,2026-07-02T00:41:38Z
323,31,19,,,2026-07-02T00:41:38Z
323,31,2,,,2026-07-02T00:41:38Z
323,31,3,,,2026-07-02T00:41:38Z
323,31,4,,,2026-07-02T00:41:38Z
323,31,5,,,2026-07-02T00:41:38Z
323,31,6,,,2026-07-02T00:41:38Z
323,31,7,,,2026-07-02T00:41:38Z
323,31,8,,,2026-07-02T00:41:38Z
323,31,9,,,2026-07-02T00:41:38Z
323,32,10,,,2026-07-02T00:41:38Z
323,32,11,,,2026-07-02T00:41:38Z
323,32,12,,,2026-07-02T00:41:38Z
323,32,13,,,2026-07-02T00:41:38Z
323,32,14,,,2026-07-02T00:41:38Z
323,32,15,,,2026-07-02T00:41:38Z
323,32,16,,,2026-07-02T00:41:38Z
323,32,17,,,2026-07-02T00:41:38Z
323,32,18,,,2026-07-02T00:41:38Z
323,32,19,,,2026-07-02T00:41:38Z
323,32,2,,,2026-07-02T00:41:38Z
323,32,3,,,2026-07-02T00:41:38Z
323,32,4,,,2026-07-02T00:41:38Z
323,32,5,,,2026-07-02T00:41:38Z
323,32,6,,,2026-07-02T00:41:38Z
323,32,7,,,2026-07-02T00:41:38Z
323,32,8,,,2026-07-02T00:41:38Z
323,32,9,,,2026-07-02T00:41:38Z
323,33,16,,,2026-07-02T00:41:38Z
323,33,17,,,2026-07-02T00:41:38Z
323,33,18,,,2026-07-02T00:41:38Z
323,33,19,,,2026-07-02T00:41:38Z
323,33,20,,,2026-07-02T00:41:38Z
323,34,17,,,2026-07-02T00:41:38Z
323,34,18,,,2026-07-02T00:41:38Z
323,34,19,,,2026-07-02T00:41:38Z
323,34,20,,,2026-07-02T00:41:38Z
323,36,20,,,2026-07-02T00:41:38Z
323,9,13,,,2026-07-02T00:41:38Z
324,10,10,,,2026-07-02T00:41:38Z
324,10,11,,,2026-07-02T00:41:38Z
324,10,12,,,2026-07-02T00:41:38Z
324,10,13,,,2026-07-02T00:41:38Z
324,10,14,,,2026-07-02T00:41:38Z
324,10,15,,,2026-07-02T00:41:38Z
324,10,16,,,2026-07-02T00:41:38Z
324,10,5,,,2026-07-02T00:41:38Z
324,10,6,,,2026-07-02T00:41:38Z
324,10,7,,,2026-07-02T00:41:38Z
324,10,8,,,2026-07-02T00:41:38Z
324,10,9,,,2026-07-02T00:41:38Z
324,11,19,,,2026-07-02T00:41:38Z
324,11,20,,,2026-07-02T00:41:38Z
324,13,10,,,2026-07-02T00:41:38Z
324,13,11,,,2026-07-02T00:41:38Z
324,13,12,,,2026-07-02T00:41:38Z
324,13,13,,,2026-07-02T00:41:38Z
324,13,14,,,2026-07-02T00:41:38Z
324,13,2,,,2026-07-02T00:41:38Z
324,13,3,,,2026-07-02T00:41:38Z
324,13,4,,,2026-07-02T00:41:38Z
324,13,5,,,2026-07-02T00:41:38Z
324,13,6,,,2026-07-02T00:41:38Z
324,13,7,,,2026-07-02T00:41:38Z
324,13,8,,,2026-07-02T00:41:38Z
324,13,9,,,2026-07-02T00:41:38Z
324,19,10,,,2026-07-02T00:41:38Z
324,19,11,,,2026-07-02T00:41:38Z
324,19,12,,,2026-07-02T00:41:38Z
324,19,13,,,2026-07-02T00:41:38Z
324,19,14,,,2026-07-02T00:41:38Z
324,19,15,,,2026-07-02T00:41:38Z
324,19,16,,,2026-07-02T00:41:38Z
324,19,17,,,2026-07-02T00:41:38Z
324,19,18,,,2026-07-02T00:41:38Z
324,19,19,,,2026-07-02T00:41:38Z
324,19,20,,,2026-07-02T00:41:38Z
324,19,21,,,2026-07-02T00:41:38Z
324,19,3,,,2026-07-02T00:41:38Z
324,19,4,,,2026-07-02T00:41:38Z
324,19,5,,,2026-07-02T00:41:38Z
324,19,6,,,2026-07-02T00:41:38Z
324,19,7,,,2026-07-02T00:41:38Z
324,19,8,,,2026-07-02T00:41:38Z
324,19,9,,,2026-07-02T00:41:38Z
324,27,10,,,2026-07-02T00:41:38Z
324,27,11,,,2026-07-02T00:41:38Z
324,27,12,,,2026-07-02T00:41:38Z
324,27,13,,,2026-07-02T00:41:38Z
324,27,14,,,2026-07-02T00:41:38Z
324,27,15,,,2026-07-02T00:41:38Z
324,27,16,,,2026-07-02T00:41:38Z
324,27,17,,,2026-07-02T00:41:38Z
324,27,18,,,2026-07-02T00:41:38Z
324,27,19,,,2026-07-02T00:41:38Z
324,27,20,,,2026-07-02T00:41:38Z
324,27,21,,,2026-07-02T00:41:38Z
324,27,22,,,2026-07-02T00:41:38Z
324,27,23,,,2026-07-02T00:41:38Z
324,27,3,,,2026-07-02T00:41:38Z
324,27,4,,,2026-07-02T00:41:38Z
324,27,5,,,2026-07-02T00:41:38Z
324,27,6,,,2026-07-02T00:41:38Z
324,27,7,,,2026-07-02T00:41:38Z
324,27,8,,,2026-07-02T00:41:38Z
324,27,9,,,2026-07-02T00:41:38Z
324,20,10,,,2026-07-02T00:41:38Z
324,20,11,,,2026-07-02T00:41:38Z
324,20,12,,,2026-07-02T00:41:38Z
324,20,13,,,2026-07-02T00:41:38Z
324,20,14,,,2026-07-02T00:41:38Z
324,20,15,,,2026-07-02T00:41:38Z
324,20,16,,,2026-07-02T00:41:38Z
324,20,17,,,2026-07-02T00:41:38Z
324,20,18,,,2026-07-02T00:41:38Z
324,20,19,,,2026-07-02T00:41:38Z
324,20,20,,,2026-07-02T00:41:38Z
324,20,3,,,2026-07-02T00:41:38Z
324,20,4,,,2026-07-02T00:41:38Z
324,20,5,,,2026-07-02T00:41:38Z
324,20,6,,,2026-07-02T00:41:38Z
324,20,7,,,2026-07-02T00:41:38Z
324,20,8,,,2026-07-02T00:41:38Z
324,20,9,,,2026-07-02T00:41:38Z
324,21,10,,,2026-07-02T00:41:38Z
324,21,11,,,2026-07-02T00:41:38Z
324,21,12,,,2026-07-02T00:41:38Z
324,21,13,,,2026-07-02T00:41:38Z
324,21,14,,,2026-07-02T00:41:38Z
324,21,15,,,2026-07-02T00:41:38Z
324,21,16,,,2026-07-02T00:41:38Z
324,21,17,,,2026-07-02T00:41:38Z
324,21,18,,,2026-07-02T00:41:38Z
324,21,19,,,2026-07-02T00:41:38Z
324,21,20,,,2026-07-02T00:41:38Z
324,21,21,,,2026-07-02T00:41:38Z
324,21,22,,,2026-07-02T00:41:38Z
324,21,3,,,2026-07-02T00:41:38Z
324,21,4,,,2026-07-02T00:41:38Z
324,21,5,,,2026-07-02T00:41:38Z
324,21,6,,,2026-07-02T00:41:38Z
324,21,7,,,2026-07-02T00:41:38Z
324,21,8,,,2026-07-02T00:41:38Z
324,21,9,,,2026-07-02T00:41:38Z
324,22,10,,,2026-07-02T00:41:38Z
324,22,11,,,2026-07-02T00:41:38Z
324,22,12,,,2026-07-02T00:41:38Z
324,22,13,,,2026-07-02T00:41:38Z
324,22,14,,,2026-07-02T00:41:38Z
324,22,15,,,2026-07-02T00:41:38Z
324,22,16,,,2026-07-02T00:41:38Z
324,22,17,,,2026-07-02T00:41:38Z
324,22,18,,,2026-07-02T00:41:38Z
324,22,19,,,2026-07-02T00:41:38Z
324,22,20,,,2026-07-02T00:41:38Z
324,22,21,,,2026-07-02T00:41:38Z
324,22,22,,,2026-07-02T00:41:38Z
324,22,3,,,2026-07-02T00:41:38Z
324,22,4,,,2026-07-02T00:41:38Z
324,22,5,,,2026-07-02T00:41:38Z
324,22,6,,,2026-07-02T00:41:38Z
324,22,7,,,2026-07-02T00:41:38Z
324,22,8,,,2026-07-02T00:41:38Z
324,22,9,,,2026-07-02T00:41:38Z
324,23,10,,,2026-07-02T00:41:38Z
324,23,11,,,2026-07-02T00:41:38Z
324,23,12,,,2026-07-02T00:41:38Z
324,23,13,,,2026-07-02T00:41:38Z
324,23,14,,,2026-07-02T00:41:38Z
324,23,15,,,2026-07-02T00:41:38Z
324,23,16,,,2026-07-02T00:41:38Z
324,23,17,,,2026-07-02T00:41:38Z
324,23,18,,,2026-07-02T00:41:38Z
324,23,19,,,2026-07-02T00:41:38Z
324,23,20,,,2026-07-02T00:41:38Z
324,23,21,,,2026-07-02T00:41:38Z
324,23,22,,,2026-07-02T00:41:38Z
324,23,3,,,2026-07-02T00:41:38Z
324,23,4,,,2026-07-02T00:41:38Z
324,23,5,,,2026-07-02T00:41:38Z
324,23,6,,,2026-07-02T00:41:38Z
324,23,7,,,2026-07-02T00:41:38Z
324,23,8,,,2026-07-02T00:41:38Z
324,23,9,,,2026-07-02T00:41:38Z
324,24,10,,,2026-07-02T00:41:38Z
324,24,11,,,2026-07-02T00:41:38Z
324,24,12,,,2026-07-02T00:41:38Z
324,24,13,,,2026-07-02T00:41:38Z
324,24,14,,,2026-07-02T00:41:38Z
324,24,15,,,2026-07-02T00:41:38Z
324,24,16,,,2026-07-02T00:41:38Z
324,24,17,,,2026-07-02T00:41:38Z
324,24,18,,,2026-07-02T00:41:38Z
324,24,19,,,2026-07-02T00:41:38Z
324,24,20,,,2026-07-02T00:41:38Z
324,24,21,,,2026-07-02T00:41:38Z
324,24,22,,,2026-07-02T00:41:38Z
324,24,3,,,2026-07-02T00:41:38Z
324,24,4,,,2026-07-02T00:41:38Z
324,24,5,,,2026-07-02T00:41:38Z
324,24,6,,,2026-07-02T00:41:38Z
324,24,7,,,2026-07-02T00:41:38Z
324,24,8,,,2026-07-02T00:41:38Z
324,24,9,,,2026-07-02T00:41:38Z
324,25,10,,,2026-07-02T00:41:38Z
324,25,11,,,2026-07-02T00:41:38Z
324,25,12,,,2026-07-02T00:41:38Z
324,25,13,,,2026-07-02T00:41:38Z
324,25,14,,,2026-07-02T00:41:38Z
324,25,15,,,2026-07-02T00:41:38Z
324,25,16,,,2026-07-02T00:41:38Z
324,25,17,,,2026-07-02T00:41:38Z
324,25,18,,,2026-07-02T00:41:38Z
324,25,19,,,2026-07-02T00:41:38Z
324,25,20,,,2026-07-02T00:41:38Z
324,25,21,,,2026-07-02T00:41:38Z
324,25,22,,,2026-07-02T00:41:38Z
324,25,23,,,2026-07-02T00:41:38Z
324,25,3,,,2026-07-02T00:41:38Z
324,25,4,,,2026-07-02T00:41:38Z
324,25,5,,,2026-07-02T00:41:38Z
324,25,6,,,2026-07-02T00:41:38Z
324,25,7,,,2026-07-02T00:41:38Z
324,25,8,,,2026-07-02T00:41:38Z
324,25,9,,,2026-07-02T00:41:38Z
324,26,10,,,2026-07-02T00:41:38Z
324,26,11,,,2026-07-02T00:41:38Z
324,26,12,,,2026-07-02T00:41:38Z
324,26,13,,,2026-07-02T00:41:38Z
324,26,14,,,2026-07-02T00:41:38Z
324,26,15,,,2026-07-02T00:41:38Z
324,26,16,,,2026-07-02T00:41:38Z
324,26,17,,,2026-07-02T00:41:38Z
324,26,18,,,2026-07-02T00:41:38Z
324,26,19,,,2026-07-02T00:41:38Z
324,26,20,,,2026-07-02T00:41:38Z
324,26,21,,,2026-07-02T00:41:38Z
324,26,22,,,2026-07-02T00:41:38Z
324,26,23,,,2026-07-02T00:41:38Z
324,26,3,,,2026-07-02T00:41:38Z
324,26,4,,,2026-07-02T00:41:38Z
324,26,5,,,2026-07-02T00:41:38Z
324,26,6,,,2026-07-02T00:41:38Z
324,26,7,,,2026-07-02T00:41:38Z
324,26,8,,,2026-07-02T00:41:38Z
324,26,9,,,2026-07-02T00:41:38Z
324,28,10,,,2026-07-02T00:41:38Z
324,28,11,,,2026-07-02T00:41:38Z
324,28,12,,,2026-07-02T00:41:38Z
324,28,13,,,2026-07-02T00:41:38Z
324,28,14,,,2026-07-02T00:41:38Z
324,28,15,,,2026-07-02T00:41:38Z
324,28,16,,,2026-07-02T00:41:38Z
324,28,17,,,2026-07-02T00:41:38Z
324,28,18,,,2026-07-02T00:41:38Z
324,28,19,,,2026-07-02T00:41:38Z
324,28,20,,,2026-07-02T00:41:38Z
324,28,21,,,2026-07-02T00:41:38Z
324,28,22,,,2026-07-02T00:41:38Z
324,28,23,,,2026-07-02T00:41:38Z
324,28,3,,,2026-07-02T00:41:38Z
324,28,4,,,2026-07-02T00:41:38Z
324,28,5,,,2026-07-02T00:41:38Z
324,28,6,,,2026-07-02T00:41:38Z
324,28,7,,,2026-07-02T00:41:38Z
324,28,8,,,2026-07-02T00:41:38Z
324,28,9,,,2026-07-02T00:41:38Z
324,29,10,,,2026-07-02T00:41:38Z
324,29,11,,,2026-07-02T00:41:38Z
324,29,12,,,2026-07-02T00:41:38Z
324,29,13,,,2026-07-02T00:41:38Z
324,29,14,,,2026-07-02T00:41:38Z
324,29,15,,,2026-07-02T00:41:38Z
324,29,16,,,2026-07-02T00:41:38Z
324,29,17,,,2026-07-02T00:41:38Z
324,29,18,,,2026-07-02T00:41:38Z
324,29,19,,,2026-07-02T00:41:38Z
324,29,20,,,2026-07-02T00:41:38Z
324,29,21,,,2026-07-02T00:41:38Z
324,29,22,,,2026-07-02T00:41:38Z
324,29,23,,,2026-07-02T00:41:38Z
324,29,3,,,2026-07-02T00:41:38Z
324,29,4,,,2026-07-02T00:41:38Z
324,29,5,,,2026-07-02T00:41:38Z
324,29,6,,,2026-07-02T00:41:38Z
324,29,7,,,2026-07-02T00:41:38Z
324,29,8,,,2026-07-02T00:41:38Z
324,29,9,,,2026-07-02T00:41:38Z
324,37,10,,,2026-07-02T00:41:38Z
324,37,11,,,2026-07-02T00:41:38Z
324,37,12,,,2026-07-02T00:41:38Z
324,37,13,,,2026-07-02T00:41:38Z
324,37,14,,,2026-07-02T00:41:38Z
324,37,15,,,2026-07-02T00:41:38Z
324,37,16,,,2026-07-02T00:41:38Z
324,37,17,,,2026-07-02T00:41:38Z
324,37,18,,,2026-07-02T00:41:38Z
324,37,19,,,2026-07-02T00:41:38Z
324,37,20,,,2026-07-02T00:41:38Z
324,37,21,,,2026-07-02T00:41:38Z
324,37,22,,,2026-07-02T00:41:38Z
324,37,23,,,2026-07-02T00:41:38Z
324,37,24,,,2026-07-02T00:41:38Z
324,37,25,,,2026-07-02T00:41:38Z
324,37,3,,,2026-07-02T00:41:38Z
324,37,4,,,2026-07-02T00:41:38Z
324,37,5,,,2026-07-02T00:41:38Z
324,37,6,,,2026-07-02T00:41:38Z
324,37,7,,,2026-07-02T00:41:38Z
324,37,8,,,2026-07-02T00:41:38Z
324,37,9,,,2026-07-02T00:41:38Z
324,30,10,,,2026-07-02T00:41:38Z
324,30,11,,,2026-07-02T00:41:38Z
324,30,12,,,2026-07-02T00:41:38Z
324,30,13,,,2026-07-02T00:41:38Z
324,30,14,,,2026-07-02T00:41:38Z
324,30,15,,,2026-07-02T00:41:38Z
324,30,16,,,2026-07-02T00:41:38Z
324,30,17,,,2026-07-02T00:41:38Z
324,30,18,,,2026-07-02T00:41:38Z
324,30,19,,,2026-07-02T00:41:38Z
324,30,20,,,2026-07-02T00:41:38Z
324,30,21,,,2026-07-02T00:41:38Z
324,30,22,,,2026-07-02T00:41:38Z
324,30,23,,,2026-07-02T00:41:38Z
324,30,3,,,2026-07-02T00:41:38Z
324,30,4,,,2026-07-02T00:41:38Z
324,30,5,,,2026-07-02T00:41:38Z
324,30,6,,,2026-07-02T00:41:38Z
324,30,7,,,2026-07-02T00:41:38Z
324,30,8,,,2026-07-02T00:41:38Z
324,30,9,,,2026-07-02T00:41:38Z
324,31,10,,,2026-07-02T00:41:38Z
324,31,11,,,2026-07-02T00:41:38Z
324,31,12,,,2026-07-02T00:41:38Z
324,31,13,,,2026-07-02T00:41:38Z
324,31,14,,,2026-07-02T00:41:38Z
324,31,15,,,2026-07-02T00:41:38Z
324,31,16,,,2026-07-02T00:41:38Z
324,31,17,,,2026-07-02T00:41:38Z
324,31,18,,,2026-07-02T00:41:38Z
324,31,19,,,2026-07-02T00:41:38Z
324,31,20,,,2026-07-02T00:41:38Z
324,31,21,,,2026-07-02T00:41:38Z
324,31,22,,,2026-07-02T00:41:38Z
324,31,23,,,2026-07-02T00:41:38Z
324,31,24,,,2026-07-02T00:41:38Z
324,31,3,,,2026-07-02T00:41:38Z
324,31,4,,,2026-07-02T00:41:38Z
324,31,5,,,2026-07-02T00:41:38Z
324,31,6,,,2026-07-02T00:41:38Z
324,31,7,,,2026-07-02T00:41:38Z
324,31,8,,,2026-07-02T00:41:38Z
324,31,9,,,2026-07-02T00:41:38Z
324,32,10,,,2026-07-02T00:41:38Z
324,32,11,,,2026-07-02T00:41:38Z
324,32,12,,,2026-07-02T00:41:38Z
324,32,13,,,2026-07-02T00:41:38Z
324,32,14,,,2026-07-02T00:41:38Z
324,32,15,,,2026-07-02T00:41:38Z
324,32,16,,,2026-07-02T00:41:38Z
324,32,17,,,2026-07-02T00:41:38Z
324,32,18,,,2026-07-02T00:41:38Z
324,32,19,,,2026-07-02T00:41:38Z
324,32,20,,,2026-07-02T00:41:38Z
324,32,21,,,2026-07-02T00:41:38Z
324,32,22,,,2026-07-02T00:41:38Z
324,32,23,,,2026-07-02T00:41:38Z
324,32,24,,,2026-07-02T00:41:38Z
324,32,3,,,2026-07-02T00:41:38Z
324,32,4,,,2026-07-02T00:41:38Z
324,32,5,,,2026-07-02T00:41:38Z
324,32,6,,,2026-07-02T00:41:38Z
324,32,7,,,2026-07-02T00:41:38Z
324,32,8,,,2026-07-02T00:41:38Z
324,32,9,,,2026-07-02T00:41:38Z
324,33,10,,,2026-07-02T00:41:38Z
324,33,11,,,2026-07-02T00:41:38Z
324,33,12,,,2026-07-02T00:41:38Z
324,33,13,,,2026-07-02T00:41:38Z
324,33,14,,,2026-07-02T00:41:38Z
324,33,15,,,2026-07-02T00:41:38Z
324,33,16,,,2026-07-02T00:41:38Z
324,33,17,,,2026-07-02T00:41:38Z
324,33,18,,,2026-07-02T00:41:38Z
324,33,19,,,2026-07-02T00:41:38Z
324,33,20,,,2026-07-02T00:41:38Z
324,33,21,,,2026-07-02T00:41:38Z
324,33,22,,,2026-07-02T00:41:38Z
324,33,23,,,2026-07-02T00:41:38Z
324,33,24,,,2026-07-02T00:41:38Z
324,33,3,,,2026-07-02T00:41:38Z
324,33,4,,,2026-07-02T00:41:38Z
324,33,5,,,2026-07-02T00:41:38Z
324,33,6,,,2026-07-02T00:41:38Z
324,33,7,,,2026-07-02T00:41:38Z
324,33,8,,,2026-07-02T00:41:38Z
324,33,9,,,2026-07-02T00:41:38Z
324,34,10,,,2026-07-02T00:41:38Z
324,34,11,,,2026-07-02T00:41:38Z
324,34,12,,,2026-07-02T00:41:38Z
324,34,13,,,2026-07-02T00:41:38Z
324,34,14,,,2026-07-02T00:41:38Z
324,34,15,,,2026-07-02T00:41:38Z
324,34,16,,,2026-07-02T00:41:38Z
324,34,17,,,2026-07-02T00:41:38Z
324,34,18,,,2026-07-02T00:41:38Z
324,34,19,,,2026-07-02T00:41:38Z
324,34,20,,,2026-07-02T00:41:38Z
324,34,21,,,2026-07-02T00:41:38Z
324,34,22,,,2026-07-02T00:41:38Z
324,34,23,,,2026-07-02T00:41:38Z
324,34,24,,,2026-07-02T00:41:38Z
324,34,3,,,2026-07-02T00:41:38Z
324,34,4,,,2026-07-02T00:41:38Z
324,34,5,,,2026-07-02T00:41:38Z
324,34,6,,,2026-07-02T00:41:38Z
324,34,7,,,2026-07-02T00:41:38Z
324,34,8,,,2026-07-02T00:41:38Z
324,34,9,,,2026-07-02T00:41:38Z
324,35,10,,,2026-07-02T00:41:38Z
324,35,11,,,2026-07-02T00:41:38Z
324,35,12,,,2026-07-02T00:41:38Z
324,35,13,,,2026-07-02T00:41:38Z
324,35,14,,,2026-07-02T00:41:38Z
324,35,15,,,2026-07-02T00:41:38Z
324,35,16,,,2026-07-02T00:41:38Z
324,35,17,,,2026-07-02T00:41:38Z
324,35,18,,,2026-07-02T00:41:38Z
324,35,19,,,2026-07-02T00:41:38Z
324,35,20,,,2026-07-02T00:41:38Z
324,35,21,,,2026-07-02T00:41:38Z
324,35,22,,,2026-07-02T00:41:38Z
324,35,23,,,2026-07-02T00:41:38Z
324,35,24,,,2026-07-02T00:41:38Z
324,35,3,,,2026-07-02T00:41:38Z
324,35,4,,,2026-07-02T00:41:38Z
324,35,5,,,2026-07-02T00:41:38Z
324,35,6,,,2026-07-02T00:41:38Z
324,35,7,,,2026-07-02T00:41:38Z
324,35,8,,,2026-07-02T00:41:38Z
324,35,9,,,2026-07-02T00:41:38Z
324,36,10,,,2026-07-02T00:41:38Z
324,36,11,,,2026-07-02T00:41:38Z
324,36,12,,,2026-07-02T00:41:38Z
324,36,13,,,2026-07-02T00:41:38Z
324,36,14,,,2026-07-02T00:41:38Z
324,36,15,,,2026-07-02T00:41:38Z
324,36,16,,,2026-07-02T00:41:38Z
324,36,17,,,2026-07-02T00:41:38Z
324,36,18,,,2026-07-02T00:41:38Z
324,36,19,,,2026-07-02T00:41:38Z
324,36,20,,,2026-07-02T00:41:38Z
324,36,21,,,2026-07-02T00:41:38Z
324,36,22,,,2026-07-02T00:41:38Z
324,36,23,,,2026-07-02T00:41:38Z
324,36,24,,,2026-07-02T00:41:38Z
324,36,25,,,2026-07-02T00:41:38Z
324,36,3,,,2026-07-02T00:41:38Z
324,36,4,,,2026-07-02T00:41:38Z
324,36,5,,,2026-07-02T00:41:38Z
324,36,6,,,2026-07-02T00:41:38Z
324,36,7,,,2026-07-02T00:41:38Z
324,36,8,,,2026-07-02T00:41:38Z
324,36,9,,,2026-07-02T00:41:38Z
324,38,10,,,2026-07-02T00:41:38Z
324,38,11,,,2026-07-02T00:41:38Z
324,38,12,,,2026-07-02T00:41:38Z
324,38,13,,,2026-07-02T00:41:38Z
324,38,14,,,2026-07-02T00:41:38Z
324,38,15,,,2026-07-02T00:41:38Z
324,38,16,,,2026-07-02T00:41:38Z
324,38,17,,,2026-07-02T00:41:38Z
324,38,18,,,2026-07-02T00:41:38Z
324,38,19,,,2026-07-02T00:41:38Z
324,38,20,,,2026-07-02T00:41:38Z
324,38,21,,,2026-07-02T00:41:38Z
324,38,22,,,2026-07-02T00:41:38Z
324,38,23,,,2026-07-02T00:41:38Z
324,38,3,,,2026-07-02T00:41:38Z
324,38,4,,,2026-07-02T00:41:38Z
324,38,5,,,2026-07-02T00:41:38Z
324,38,6,,,2026-07-02T00:41:38Z
324,38,7,,,2026-07-02T00:41:38Z
324,38,8,,,2026-07-02T00:41:38Z
324,38,9,,,2026-07-02T00:41:38Z
324,39,10,,,2026-07-02T00:41:38Z
324,39,11,,,2026-07-02T00:41:38Z
324,39,12,,,2026-07-02T00:41:38Z
324,39,13,,,2026-07-02T00:41:38Z
324,39,14,,,2026-07-02T00:41:38Z
324,39,15,,,2026-07-02T00:41:38Z
324,39,16,,,2026-07-02T00:41:38Z
324,39,17,,,2026-07-02T00:41:38Z
324,39,18,,,2026-07-02T00:41:38Z
324,39,19,,,2026-07-02T00:41:38Z
324,39,20,,,2026-07-02T00:41:38Z
324,39,21,,,2026-07-02T00:41:38Z
324,39,22,,,2026-07-02T00:41:38Z
324,39,3,,,2026-07-02T00:41:38Z
324,39,4,,,2026-07-02T00:41:38Z
324,39,5,,,2026-07-02T00:41:38Z
324,39,6,,,2026-07-02T00:41:38Z
324,39,7,,,2026-07-02T00:41:38Z
324,39,8,,,2026-07-02T00:41:38Z
324,39,9,,,2026-07-02T00:41:38Z
324,40,10,,,2026-07-02T00:41:38Z
324,40,11,,,2026-07-02T00:41:38Z
324,40,12,,,2026-07-02T00:41:38Z
324,40,13,,,2026-07-02T00:41:38Z
324,40,14,,,2026-07-02T00:41:38Z
324,40,15,,,2026-07-02T00:41:38Z
324,40,16,,,2026-07-02T00:41:38Z
324,40,17,,,2026-07-02T00:41:38Z
324,40,18,,,2026-07-02T00:41:38Z
324,40,19,,,2026-07-02T00:41:38Z
324,40,20,,,2026-07-02T00:41:38Z
324,40,21,,,2026-07-02T00:41:38Z
324,40,22,,,2026-07-02T00:41:38Z
324,40,23,,,2026-07-02T00:41:38Z
324,40,24,,,2026-07-02T00:41:38Z
324,40,3,,,2026-07-02T00:41:38Z
324,40,4,,,2026-07-02T00:41:38Z
324,40,5,,,2026-07-02T00:41:38Z
324,40,6,,,2026-07-02T00:41:38Z
324,40,7,,,2026-07-02T00:41:38Z
324,40,8,,,2026-07-02T00:41:38Z
324,40,9,,,2026-07-02T00:41:38Z
324,9,7,,,2026-07-02T00:41:38Z
324,9,8,,,2026-07-02T00:41:38Z
324,9,9,,,2026-07-02T00:41:38Z
324,9,10,,,2026-07-02T00:41:38Z
324,2,9,,,2026-07-02T00:41:38Z
324,3,4,,,2026-07-02T00:41:38Z
324,3,5,,,2026-07-02T00:41:38Z
324,3,6,,,2026-07-02T00:41:38Z
324,6,10,,,2026-07-02T00:41:38Z
324,6,11,,,2026-07-02T00:41:38Z
324,6,12,,,2026-07-02T00:41:38Z
324,7,7,,,2026-07-02T00:41:38Z
324,7,8,,,2026-07-02T00:41:38Z
325,10,10,,,2026-07-02T00:41:38Z
325,10,11,,,2026-07-02T00:41:38Z
325,10,12,,,2026-07-02T00:41:38Z
325,11,10,,,2026-07-02T00:41:38Z
325,11,11,,,2026-07-02T00:41:38Z
325,11,12,,,2026-07-02T00:41:38Z
325,11,13,,,2026-07-02T00:41:38Z
325,11,14,,,2026-07-02T00:41:38Z
325,11,15,,,2026-07-02T00:41:38Z
325,11,16,,,2026-07-02T00:41:38Z
325,11,17,,,2026-07-02T00:41:38Z
325,11,18,,,2026-07-02T00:41:38Z
325,11,2,,,2026-07-02T00:41:38Z
325,11,3,,,2026-07-02T00:41:38Z
325,11,4,,,2026-07-02T00:41:38Z
325,11,5,,,2026-07-02T00:41:38Z
325,11,6,,,2026-07-02T00:41:38Z
325,11,7,,,2026-07-02T00:41:38Z
325,11,8,,,2026-07-02T00:41:38Z
325,11,9,,,2026-07-02T00:41:38Z
325,12,10,,,2026-07-02T00:41:38Z
325,12,11,,,2026-07-02T00:41:38Z
325,12,12,,,2026-07-02T00:41:38Z
325,12,13,,,2026-07-02T00:41:38Z
325,12,14,,,2026-07-02T00:41:38Z
325,12,15,,,2026-07-02T00:41:38Z
325,12,16,,,2026-07-02T00:41:38Z
325,12,17,,,2026-07-02T00:41:38Z
325,12,18,,,2026-07-02T00:41:38Z
325,12,3,,,2026-07-02T00:41:38Z
325,12,4,,,2026-07-02T00:41:38Z
325,12,5,,,2026-07-02T00:41:38Z
325,12,6,,,2026-07-02T00:41:38Z
325,12,7,,,2026-07-02T00:41:38Z
325,12,8,,,2026-07-02T00:41:38Z
325,12,9,,,2026-07-02T00:41:38Z
325,13,10,,,2026-07-02T00:41:38Z
325,13,11,,,2026-07-02T00:41:38Z
325,13,12,,,2026-07-02T00:41:38Z
325,13,13,,,2026-07-02T00:41:38Z
325,13,2,,,2026-07-02T00:41:38Z
325,13,3,,,2026-07-02T00:41:38Z
325,13,4,,,2026-07-02T00:41:38Z
325,13,5,,,2026-07-02T00:41:38Z
325,13,6,,,2026-07-02T00:41:38Z
325,13,7,,,2026-07-02T00:41:38Z
325,13,8,,,2026-07-02T00:41:38Z
325,13,9,,,2026-07-02T00:41:38Z
325,19,10,,,2026-07-02T00:41:38Z
325,19,11,,,2026-07-02T00:41:38Z
325,19,12,,,2026-07-02T00:41:38Z
325,19,13,,,2026-07-02T00:41:38Z
325,19,14,,,2026-07-02T00:41:38Z
325,19,15,,,2026-07-02T00:41:38Z
325,19,16,,,2026-07-02T00:41:38Z
325,19,17,,,2026-07-02T00:41:38Z
325,19,18,,,2026-07-02T00:41:38Z
325,19,19,,,2026-07-02T00:41:38Z
325,19,2,,,2026-07-02T00:41:38Z
325,19,3,,,2026-07-02T00:41:38Z
325,19,4,,,2026-07-02T00:41:38Z
325,19,5,,,2026-07-02T00:41:38Z
325,19,6,,,2026-07-02T00:41:38Z
325,19,7,,,2026-07-02T00:41:38Z
325,19,8,,,2026-07-02T00:41:38Z
325,19,9,,,2026-07-02T00:41:38Z
325,27,10,,,2026-07-02T00:41:38Z
325,27,11,,,2026-07-02T00:41:38Z
325,27,12,,,2026-07-02T00:41:38Z
325,27,13,,,2026-07-02T00:41:38Z
325,27,14,,,2026-07-02T00:41:38Z
325,27,15,,,2026-07-02T00:41:38Z
325,27,16,,,2026-07-02T00:41:38Z
325,27,17,,,2026-07-02T00:41:38Z
325,27,18,,,2026-07-02T00:41:38Z
325,27,19,,,2026-07-02T00:41:38Z
325,27,20,,,2026-07-02T00:41:38Z
325,27,3,,,2026-07-02T00:41:38Z
325,27,4,,,2026-07-02T00:41:38Z
325,27,5,,,2026-07-02T00:41:38Z
325,27,6,,,2026-07-02T00:41:38Z
325,27,7,,,2026-07-02T00:41:38Z
325,27,8,,,2026-07-02T00:41:38Z
325,27,9,,,2026-07-02T00:41:38Z
325,20,10,,,2026-07-02T00:41:38Z
325,20,11,,,2026-07-02T00:41:38Z
325,20,12,,,2026-07-02T00:41:38Z
325,20,13,,,2026-07-02T00:41:38Z
325,20,14,,,2026-07-02T00:41:38Z
325,20,15,,,2026-07-02T00:41:38Z
325,20,16,,,2026-07-02T00:41:38Z
325,20,17,,,2026-07-02T00:41:38Z
325,20,18,,,2026-07-02T00:41:38Z
325,20,19,,,2026-07-02T00:41:38Z
325,20,2,,,2026-07-02T00:41:38Z
325,20,3,,,2026-07-02T00:41:38Z
325,20,4,,,2026-07-02T00:41:38Z
325,20,5,,,2026-07-02T00:41:38Z
325,20,6,,,2026-07-02T00:41:38Z
325,20,7,,,2026-07-02T00:41:38Z
325,20,8,,,2026-07-02T00:41:38Z
325,20,9,,,2026-07-02T00:41:38Z
325,21,10,,,2026-07-02T00:41:38Z
325,21,11,,,2026-07-02T00:41:38Z
325,21,12,,,2026-07-02T00:41:38Z
325,21,13,,,2026-07-02T00:41:38Z
325,21,14,,,2026-07-02T00:41:38Z
325,21,15,,,2026-07-02T00:41:38Z
325,21,16,,,2026-07-02T00:41:38Z
325,21,17,,,2026-07-02T00:41:38Z
325,21,18,,,2026-07-02T00:41:38Z
325,21,19,,,2026-07-02T00:41:38Z
325,21,2,,,2026-07-02T00:41:38Z
325,21,3,,,2026-07-02T00:41:38Z
325,21,4,,,2026-07-02T00:41:38Z
325,21,5,,,2026-07-02T00:41:38Z
325,21,6,,,2026-07-02T00:41:38Z
325,21,7,,,2026-07-02T00:41:38Z
325,21,8,,,2026-07-02T00:41:38Z
325,21,9,,,2026-07-02T00:41:38Z
325,22,10,,,2026-07-02T00:41:38Z
325,22,11,,,2026-07-02T00:41:38Z
325,22,12,,,2026-07-02T00:41:38Z
325,22,13,,,2026-07-02T00:41:38Z
325,22,14,,,2026-07-02T00:41:38Z
325,22,15,,,2026-07-02T00:41:38Z
325,22,16,,,2026-07-02T00:41:38Z
325,22,17,,,2026-07-02T00:41:38Z
325,22,18,,,2026-07-02T00:41:38Z
325,22,19,,,2026-07-02T00:41:38Z
325,22,20,,,2026-07-02T00:41:38Z
325,22,3,,,2026-07-02T00:41:38Z
325,22,4,,,2026-07-02T00:41:38Z
325,22,5,,,2026-07-02T00:41:38Z
325,22,6,,,2026-07-02T00:41:38Z
325,22,7,,,2026-07-02T00:41:38Z
325,22,8,,,2026-07-02T00:41:38Z
325,22,9,,,2026-07-02T00:41:38Z
325,23,10,,,2026-07-02T00:41:38Z
325,23,11,,,2026-07-02T00:41:38Z
325,23,12,,,2026-07-02T00:41:38Z
325,23,13,,,2026-07-02T00:41:38Z
325,23,14,,,2026-07-02T00:41:38Z
325,23,15,,,2026-07-02T00:41:38Z
325,23,16,,,2026-07-02T00:41:38Z
325,23,17,,,2026-07-02T00:41:38Z
325,23,18,,,2026-07-02T00:41:38Z
325,23,19,,,2026-07-02T00:41:38Z
325,23,20,,,2026-07-02T00:41:38Z
325,23,3,,,2026-07-02T00:41:38Z
325,23,4,,,2026-07-02T00:41:38Z
325,23,5,,,2026-07-02T00:41:38Z
325,23,6,,,2026-07-02T00:41:38Z
325,23,7,,,2026-07-02T00:41:38Z
325,23,8,,,2026-07-02T00:41:38Z
325,23,9,,,2026-07-02T00:41:38Z
325,24,10,,,2026-07-02T00:41:38Z
325,24,11,,,2026-07-02T00:41:38Z
325,24,12,,,2026-07-02T00:41:38Z
325,24,13,,,2026-07-02T00:41:38Z
325,24,14,,,2026-07-02T00:41:38Z
325,24,15,,,2026-07-02T00:41:38Z
325,24,16,,,2026-07-02T00:41:38Z
325,24,17,,,2026-07-02T00:41:38Z
325,24,18,,,2026-07-02T00:41:38Z
325,24,19,,,2026-07-02T00:41:38Z
325,24,20,,,2026-07-02T00:41:38Z
325,24,3,,,2026-07-02T00:41:38Z
325,24,4,,,2026-07-02T00:41:38Z
325,24,5,,,2026-07-02T00:41:38Z
325,24,6,,,2026-07-02T00:41:38Z
325,24,7,,,2026-07-02T00:41:38Z
325,24,8,,,2026-07-02T00:41:38Z
325,24,9,,,2026-07-02T00:41:38Z
325,25,10,,,2026-07-02T00:41:38Z
325,25,11,,,2026-07-02T00:41:38Z
325,25,12,,,2026-07-02T00:41:38Z
325,25,13,,,2026-07-02T00:41:38Z
325,25,14,,,2026-07-02T00:41:38Z
325,25,15,,,2026-07-02T00:41:38Z
325,25,16,,,2026-07-02T00:41:38Z
325,25,17,,,2026-07-02T00:41:38Z
325,25,18,,,2026-07-02T00:41:38Z
325,25,19,,,2026-07-02T00:41:38Z
325,25,20,,,2026-07-02T00:41:38Z
325,25,3,,,2026-07-02T00:41:38Z
325,25,4,,,2026-07-02T00:41:38Z
325,25,5,,,2026-07-02T00:41:38Z
325,25,6,,,2026-07-02T00:41:38Z
325,25,7,,,2026-07-02T00:41:38Z
325,25,8,,,2026-07-02T00:41:38Z
325,25,9,,,2026-07-02T00:41:38Z
325,26,10,,,2026-07-02T00:41:38Z
325,26,11,,,2026-07-02T00:41:38Z
325,26,12,,,2026-07-02T00:41:38Z
325,26,13,,,2026-07-02T00:41:38Z
325,26,14,,,2026-07-02T00:41:38Z
325,26,15,,,2026-07-02T00:41:38Z
325,26,16,,,2026-07-02T00:41:38Z
325,26,17,,,2026-07-02T00:41:38Z
325,26,18,,,2026-07-02T00:41:38Z
325,26,19,,,2026-07-02T00:41:38Z
325,26,20,,,2026-07-02T00:41:38Z
325,26,3,,,2026-07-02T00:41:38Z
325,26,4,,,2026-07-02T00:41:38Z
325,26,5,,,2026-07-02T00:41:38Z
325,26,6,,,2026-07-02T00:41:38Z
325,26,7,,,2026-07-02T00:41:38Z
325,26,8,,,2026-07-02T00:41:38Z
325,26,9,,,2026-07-02T00:41:38Z
325,28,10,,,2026-07-02T00:41:38Z
325,28,11,,,2026-07-02T00:41:38Z
325,28,12,,,2026-07-02T00:41:38Z
325,28,13,,,2026-07-02T00:41:38Z
325,28,14,,,2026-07-02T00:41:38Z
325,28,15,,,2026-07-02T00:41:38Z
325,28,16,,,2026-07-02T00:41:38Z
325,28,17,,,2026-07-02T00:41:38Z
325,28,18,,,2026-07-02T00:41:38Z
325,28,19,,,2026-07-02T00:41:38Z
325,28,20,,,2026-07-02T00:41:38Z
325,28,21,,,2026-07-02T00:41:38Z
325,28,3,,,2026-07-02T00:41:38Z
325,28,4,,,2026-07-02T00:41:38Z
325,28,5,,,2026-07-02T00:41:38Z
325,28,6,,,2026-07-02T00:41:38Z
325,28,7,,,2026-07-02T00:41:38Z
325,28,8,,,2026-07-02T00:41:38Z
325,28,9,,,2026-07-02T00:41:38Z
325,29,10,,,2026-07-02T00:41:38Z
325,29,11,,,2026-07-02T00:41:38Z
325,29,12,,,2026-07-02T00:41:38Z
325,29,13,,,2026-07-02T00:41:38Z
325,29,14,,,2026-07-02T00:41:38Z
325,29,15,,,2026-07-02T00:41:38Z
325,29,16,,,2026-07-02T00:41:38Z
325,29,17,,,2026-07-02T00:41:38Z
325,29,18,,,2026-07-02T00:41:38Z
325,29,19,,,2026-07-02T00:41:38Z
325,29,20,,,2026-07-02T00:41:38Z
325,29,21,,,2026-07-02T00:41:38Z
325,29,3,,,2026-07-02T00:41:38Z
325,29,4,,,2026-07-02T00:41:38Z
325,29,5,,,2026-07-02T00:41:38Z
325,29,6,,,2026-07-02T00:41:38Z
325,29,7,,,2026-07-02T00:41:38Z
325,29,8,,,2026-07-02T00:41:38Z
325,29,9,,,2026-07-02T00:41:38Z
325,37,10,,,2026-07-02T00:41:38Z
325,37,11,,,2026-07-02T00:41:38Z
325,37,12,,,2026-07-02T00:41:38Z
325,37,13,,,2026-07-02T00:41:38Z
325,37,14,,,2026-07-02T00:41:38Z
325,37,15,,,2026-07-02T00:41:38Z
325,37,16,,,2026-07-02T00:41:38Z
325,37,17,,,2026-07-02T00:41:38Z
325,37,18,,,2026-07-02T00:41:38Z
325,37,19,,,2026-07-02T00:41:38Z
325,37,20,,,2026-07-02T00:41:38Z
325,37,21,,,2026-07-02T00:41:38Z
325,37,22,,,2026-07-02T00:41:38Z
325,37,3,,,2026-07-02T00:41:38Z
325,37,4,,,2026-07-02T00:41:38Z
325,37,5,,,2026-07-02T00:41:38Z
325,37,6,,,2026-07-02T00:41:38Z
325,37,7,,,2026-07-02T00:41:38Z
325,37,8,,,2026-07-02T00:41:38Z
325,37,9,,,2026-07-02T00:41:38Z
325,30,10,,,2026-07-02T00:41:38Z
325,30,11,,,2026-07-02T00:41:38Z
325,30,12,,,2026-07-02T00:41:38Z
325,30,13,,,2026-07-02T00:41:38Z
325,30,14,,,2026-07-02T00:41:38Z
325,30,15,,,2026-07-02T00:41:38Z
325,30,16,,,2026-07-02T00:41:38Z
325,30,17,,,2026-07-02T00:41:38Z
325,30,18,,,2026-07-02T00:41:38Z
325,30,19,,,2026-07-02T00:41:38Z
325,30,20,,,2026-07-02T00:41:38Z
325,30,21,,,2026-07-02T00:41:38Z
325,30,3,,,2026-07-02T00:41:38Z
325,30,4,,,2026-07-02T00:41:38Z
325,30,5,,,2026-07-02T00:41:38Z
325,30,6,,,2026-07-02T00:41:38Z
325,30,7,,,2026-07-02T00:41:38Z
325,30,8,,,2026-07-02T00:41:38Z
325,30,9,,,2026-07-02T00:41:38Z
325,31,10,,,2026-07-02T00:41:38Z
325,31,11,,,2026-07-02T00:41:38Z
325,31,12,,,2026-07-02T00:41:38Z
325,31,13,,,2026-07-02T00:41:38Z
325,31,14,,,2026-07-02T00:41:38Z
325,31,15,,,2026-07-02T00:41:38Z
325,31,16,,,2026-07-02T00:41:38Z
325,31,17,,,2026-07-02T00:41:38Z
325,31,18,,,2026-07-02T00:41:38Z
325,31,19,,,2026-07-02T00:41:38Z
325,31,20,,,2026-07-02T00:41:38Z
325,31,21,,,2026-07-02T00:41:38Z
325,31,3,,,2026-07-02T00:41:38Z
325,31,4,,,2026-07-02T00:41:38Z
325,31,5,,,2026-07-02T00:41:38Z
325,31,6,,,2026-07-02T00:41:38Z
325,31,7,,,2026-07-02T00:41:38Z
325,31,8,,,2026-07-02T00:41:38Z
325,31,9,,,2026-07-02T00:41:38Z
325,32,10,,,2026-07-02T00:41:38Z
325,32,11,,,2026-07-02T00:41:38Z
325,32,12,,,2026-07-02T00:41:38Z
325,32,13,,,2026-07-02T00:41:38Z
325,32,14,,,2026-07-02T00:41:38Z
325,32,15,,,2026-07-02T00:41:38Z
325,32,16,,,2026-07-02T00:41:38Z
325,32,17,,,2026-07-02T00:41:38Z
325,32,18,,,2026-07-02T00:41:38Z
325,32,19,,,2026-07-02T00:41:38Z
325,32,20,,,2026-07-02T00:41:38Z
325,32,21,,,2026-07-02T00:41:38Z
325,32,3,,,2026-07-02T00:41:38Z
325,32,4,,,2026-07-02T00:41:38Z
325,32,5,,,2026-07-02T00:41:38Z
325,32,6,,,2026-07-02T00:41:38Z
325,32,7,,,2026-07-02T00:41:38Z
325,32,8,,,2026-07-02T00:41:38Z
325,32,9,,,2026-07-02T00:41:38Z
325,33,10,,,2026-07-02T00:41:38Z
325,33,11,,,2026-07-02T00:41:38Z
325,33,12,,,2026-07-02T00:41:38Z
325,33,13,,,2026-07-02T00:41:38Z
325,33,14,,,2026-07-02T00:41:38Z
325,33,15,,,2026-07-02T00:41:38Z
325,33,16,,,2026-07-02T00:41:38Z
325,33,17,,,2026-07-02T00:41:38Z
325,33,18,,,2026-07-02T00:41:38Z
325,33,19,,,2026-07-02T00:41:38Z
325,33,20,,,2026-07-02T00:41:38Z
325,33,21,,,2026-07-02T00:41:38Z
325,33,22,,,2026-07-02T00:41:38Z
325,33,3,,,2026-07-02T00:41:38Z
325,33,4,,,2026-07-02T00:41:38Z
325,33,5,,,2026-07-02T00:41:38Z
325,33,6,,,2026-07-02T00:41:38Z
325,33,7,,,2026-07-02T00:41:38Z
325,33,8,,,2026-07-02T00:41:38Z
325,33,9,,,2026-07-02T00:41:38Z
325,34,10,,,2026-07-02T00:41:38Z
325,34,11,,,2026-07-02T00:41:38Z
325,34,12,,,2026-07-02T00:41:38Z
325,34,13,,,2026-07-02T00:41:38Z
325,34,14,,,2026-07-02T00:41:38Z
325,34,15,,,2026-07-02T00:41:38Z
325,34,16,,,2026-07-02T00:41:38Z
325,34,17,,,2026-07-02T00:41:38Z
325,34,18,,,2026-07-02T00:41:38Z
325,34,19,,,2026-07-02T00:41:38Z
325,34,20,,,2026-07-02T00:41:38Z
325,34,21,,,2026-07-02T00:41:38Z
325,34,22,,,2026-07-02T00:41:38Z
325,34,3,,,2026-07-02T00:41:38Z
325,34,4,,,2026-07-02T00:41:38Z
325,34,5,,,2026-07-02T00:41:38Z
325,34,6,,,2026-07-02T00:41:38Z
325,34,7,,,2026-07-02T00:41:38Z
325,34,8,,,2026-07-02T00:41:38Z
325,34,9,,,2026-07-02T00:41:38Z
325,35,10,,,2026-07-02T00:41:38Z
325,35,11,,,2026-07-02T00:41:38Z
325,35,12,,,2026-07-02T00:41:38Z
325,35,13,,,2026-07-02T00:41:38Z
325,35,14,,,2026-07-02T00:41:38Z
325,35,15,,,2026-07-02T00:41:38Z
325,35,16,,,2026-07-02T00:41:38Z
325,35,17,,,2026-07-02T00:41:38Z
325,35,18,,,2026-07-02T00:41:38Z
325,35,19,,,2026-07-02T00:41:38Z
325,35,20,,,2026-07-02T00:41:38Z
325,35,21,,,2026-07-02T00:41:38Z
325,35,22,,,2026-07-02T00:41:38Z
325,35,3,,,2026-07-02T00:41:38Z
325,35,4,,,2026-07-02T00:41:38Z
325,35,5,,,2026-07-02T00:41:38Z
325,35,6,,,2026-07-02T00:41:38Z
325,35,7,,,2026-07-02T00:41:38Z
325,35,8,,,2026-07-02T00:41:38Z
325,35,9,,,2026-07-02T00:41:38Z
325,36,10,,,2026-07-02T00:41:38Z
325,36,11,,,2026-07-02T00:41:38Z
325,36,12,,,2026-07-02T00:41:38Z
325,36,13,,,2026-07-02T00:41:38Z
325,36,14,,,2026-07-02T00:41:38Z
325,36,15,,,2026-07-02T00:41:38Z
325,36,16,,,2026-07-02T00:41:38Z
325,36,17,,,2026-07-02T00:41:38Z
325,36,18,,,2026-07-02T00:41:38Z
325,36,19,,,2026-07-02T00:41:38Z
325,36,20,,,2026-07-02T00:41:38Z
325,36,21,,,2026-07-02T00:41:38Z
325,36,22,,,2026-07-02T00:41:38Z
325,36,3,,,2026-07-02T00:41:38Z
325,36,4,,,2026-07-02T00:41:38Z
325,36,5,,,2026-07-02T00:41:38Z
325,36,6,,,2026-07-02T00:41:38Z
325,36,7,,,2026-07-02T00:41:38Z
325,36,8,,,2026-07-02T00:41:38Z
325,36,9,,,2026-07-02T00:41:38Z
325,38,10,,,2026-07-02T00:41:38Z
325,38,11,,,2026-07-02T00:41:38Z
325,38,12,,,2026-07-02T00:41:38Z
325,38,13,,,2026-07-02T00:41:38Z
325,38,14,,,2026-07-02T00:41:38Z
325,38,15,,,2026-07-02T00:41:38Z
325,38,16,,,2026-07-02T00:41:38Z
325,38,17,,,2026-07-02T00:41:38Z
325,38,18,,,2026-07-02T00:41:38Z
325,38,19,,,2026-07-02T00:41:38Z
325,38,20,,,2026-07-02T00:41:38Z
325,38,21,,,2026-07-02T00:41:38Z
325,38,22,,,2026-07-02T00:41:38Z
325,38,23,,,2026-07-02T00:41:38Z
325,38,3,,,2026-07-02T00:41:38Z
325,38,4,,,2026-07-02T00:41:38Z
325,38,5,,,2026-07-02T00:41:38Z
325,38,6,,,2026-07-02T00:41:38Z
325,38,7,,,2026-07-02T00:41:38Z
325,38,8,,,2026-07-02T00:41:38Z
325,38,9,,,2026-07-02T00:41:38Z
325,39,10,,,2026-07-02T00:41:38Z
325,39,11,,,2026-07-02T00:41:38Z
325,39,12,,,2026-07-02T00:41:38Z
325,39,13,,,2026-07-02T00:41:38Z
325,39,14,,,2026-07-02T00:41:38Z
325,39,15,,,2026-07-02T00:41:38Z
325,39,16,,,2026-07-02T00:41:38Z
325,39,17,,,2026-07-02T00:41:38Z
325,39,18,,,2026-07-02T00:41:38Z
325,39,19,,,2026-07-02T00:41:38Z
325,39,20,,,2026-07-02T00:41:38Z
325,39,21,,,2026-07-02T00:41:38Z
325,39,22,,,2026-07-02T00:41:38Z
325,39,23,,,2026-07-02T00:41:38Z
325,39,3,,,2026-07-02T00:41:38Z
325,39,4,,,2026-07-02T00:41:38Z
325,39,5,,,2026-07-02T00:41:38Z
325,39,6,,,2026-07-02T00:41:38Z
325,39,7,,,2026-07-02T00:41:38Z
325,39,8,,,2026-07-02T00:41:38Z
325,39,9,,,2026-07-02T00:41:38Z
325,40,10,,,2026-07-02T00:41:38Z
325,40,11,,,2026-07-02T00:41:38Z
325,40,12,,,2026-07-02T00:41:38Z
325,40,13,,,2026-07-02T00:41:38Z
325,40,14,,,2026-07-02T00:41:38Z
325,40,15,,,2026-07-02T00:41:38Z
325,40,16,,,2026-07-02T00:41:38Z
325,40,17,,,2026-07-02T00:41:38Z
325,40,18,,,2026-07-02T00:41:38Z
325,40,19,,,2026-07-02T00:41:38Z
325,40,20,,,2026-07-02T00:41:38Z
325,40,21,,,2026-07-02T00:41:38Z
325,40,22,,,2026-07-02T00:41:38Z
325,40,23,,,2026-07-02T00:41:38Z
325,40,24,,,2026-07-02T00:41:38Z
325,40,25,,,2026-07-02T00:41:38Z
325,40,3,,,2026-07-02T00:41:38Z
325,40,4,,,2026-07-02T00:41:38Z
325,40,5,,,2026-07-02T00:41:38Z
325,40,6,,,2026-07-02T00:41:38Z
325,40,7,,,2026-07-02T00:41:38Z
325,40,8,,,2026-07-02T00:41:38Z
325,40,9,,,2026-07-02T00:41:38Z
325,8,4,,,2026-07-02T00:41:38Z
325,8,5,,,2026-07-02T00:41:38Z
325,8,6,,,2026-07-02T00:41:38Z
325,8,7,,,2026-07-02T00:41:38Z
325,8,8,,,2026-07-02T00:41:38Z
325,9,4,,,2026-07-02T00:41:38Z
325,9,5,,,2026-07-02T00:41:38Z
325,9,6,,,2026-07-02T00:41:38Z
325,9,7,,,2026-07-02T00:41:38Z
325,9,8,,,2026-07-02T00:41:38Z
325,9,9,,,2026-07-02T00:41:38Z
325,9,10,,,2026-07-02T00:41:38Z
325,9,11,,,2026-07-02T00:41:38Z
325,9,12,,,2026-07-02T00:41:38Z
325,9,13,,,2026-07-02T00:41:38Z
325,9,14,,,2026-07-02T00:41:38Z
325,9,15,,,2026-07-02T00:41:38Z
325,9,3,,,2026-07-02T00:41:38Z
325,7,8,,,2026-07-02T00:41:38Z
325,7,9,,,2026-07-02T00:41:38Z
325,7,10,,,2026-07-02T00:41:38Z
326,1,18,,,2026-07-02T00:41:38Z
326,10,10,,,2026-07-02T00:41:38Z
326,10,11,,,2026-07-02T00:41:38Z
326,10,12,,,2026-07-02T00:41:38Z
326,10,13,,,2026-07-02T00:41:38Z
326,10,14,,,2026-07-02T00:41:38Z
326,10,15,,,2026-07-02T00:41:38Z
326,10,16,,,2026-07-02T00:41:38Z
326,10,17,,,2026-07-02T00:41:38Z
326,10,18,,,2026-07-02T00:41:38Z
326,10,19,,,2026-07-02T00:41:38Z
326,10,5,,,2026-07-02T00:41:38Z
326,10,6,,,2026-07-02T00:41:38Z
326,10,7,,,2026-07-02T00:41:38Z
326,10,8,,,2026-07-02T00:41:38Z
326,10,9,,,2026-07-02T00:41:38Z
326,11,10,,,2026-07-02T00:41:38Z
326,11,11,,,2026-07-02T00:41:38Z
326,11,12,,,2026-07-02T00:41:38Z
326,11,13,,,2026-07-02T00:41:38Z
326,11,14,,,2026-07-02T00:41:38Z
326,11,15,,,2026-07-02T00:41:38Z
326,11,16,,,2026-07-02T00:41:38Z
326,11,17,,,2026-07-02T00:41:38Z
326,11,18,,,2026-07-02T00:41:38Z
326,11,19,,,2026-07-02T00:41:38Z
326,11,2,,,2026-07-02T00:41:38Z
326,11,3,,,2026-07-02T00:41:38Z
326,11,4,,,2026-07-02T00:41:38Z
326,11,5,,,2026-07-02T00:41:38Z
326,11,6,,,2026-07-02T00:41:38Z
326,11,7,,,2026-07-02T00:41:38Z
326,11,8,,,2026-07-02T00:41:38Z
326,11,9,,,2026-07-02T00:41:38Z
326,12,10,,,2026-07-02T00:41:38Z
326,12,11,,,2026-07-02T00:41:38Z
326,12,12,,,2026-07-02T00:41:38Z
326,12,13,,,2026-07-02T00:41:38Z
326,12,14,,,2026-07-02T00:41:38Z
326,12,15,,,2026-07-02T00:41:38Z
326,12,16,,,2026-07-02T00:41:38Z
326,12,17,,,2026-07-02T00:41:38Z
326,12,18,,,2026-07-02T00:41:38Z
326,12,19,,,2026-07-02T00:41:38Z
326,12,2,,,2026-07-02T00:41:38Z
326,12,3,,,2026-07-02T00:41:38Z
326,12,4,,,2026-07-02T00:41:38Z
326,12,7,,,2026-07-02T00:41:38Z
326,12,8,,,2026-07-02T00:41:38Z
326,12,9,,,2026-07-02T00:41:38Z
326,13,10,,,2026-07-02T00:41:38Z
326,13,11,,,2026-07-02T00:41:38Z
326,13,12,,,2026-07-02T00:41:38Z
326,13,13,,,2026-07-02T00:41:38Z
326,13,14,,,2026-07-02T00:41:38Z
326,13,15,,,2026-07-02T00:41:38Z
326,13,16,,,2026-07-02T00:41:38Z
326,13,17,,,2026-07-02T00:41:38Z
326,13,18,,,2026-07-02T00:41:38Z
326,13,19,,,2026-07-02T00:41:38Z
326,13,2,,,2026-07-02T00:41:38Z
326,13,3,,,2026-07-02T00:41:38Z
326,13,4,,,2026-07-02T00:41:38Z
326,13,5,,,2026-07-02T00:41:38Z
326,13,6,,,2026-07-02T00:41:38Z
326,13,7,,,2026-07-02T00:41:38Z
326,13,8,,,2026-07-02T00:41:38Z
326,13,9,,,2026-07-02T00:41:38Z
326,19,10,,,2026-07-02T00:41:38Z
326,19,11,,,2026-07-02T00:41:38Z
326,19,12,,,2026-07-02T00:41:38Z
326,19,13,,,2026-07-02T00:41:38Z
326,19,14,,,2026-07-02T00:41:38Z
326,19,15,,,2026-07-02T00:41:38Z
326,19,16,,,2026-07-02T00:41:38Z
326,19,17,,,2026-07-02T00:41:38Z
326,19,18,,,2026-07-02T00:41:38Z
326,19,19,,,2026-07-02T00:41:38Z
326,19,2,,,2026-07-02T00:41:38Z
326,19,3,,,2026-07-02T00:41:38Z
326,19,4,,,2026-07-02T00:41:38Z
326,19,5,,,2026-07-02T00:41:38Z
326,19,6,,,2026-07-02T00:41:38Z
326,19,7,,,2026-07-02T00:41:38Z
326,19,8,,,2026-07-02T00:41:38Z
326,19,9,,,2026-07-02T00:41:38Z
326,27,10,,,2026-07-02T00:41:38Z
326,27,11,,,2026-07-02T00:41:38Z
326,27,12,,,2026-07-02T00:41:38Z
326,27,13,,,2026-07-02T00:41:38Z
326,27,14,,,2026-07-02T00:41:38Z
326,27,15,,,2026-07-02T00:41:38Z
326,27,16,,,2026-07-02T00:41:38Z
326,27,17,,,2026-07-02T00:41:38Z
326,27,18,,,2026-07-02T00:41:38Z
326,27,19,,,2026-07-02T00:41:38Z
326,27,2,,,2026-07-02T00:41:38Z
326,27,3,,,2026-07-02T00:41:38Z
326,27,4,,,2026-07-02T00:41:38Z
326,27,5,,,2026-07-02T00:41:38Z
326,27,6,,,2026-07-02T00:41:38Z
326,27,7,,,2026-07-02T00:41:38Z
326,27,8,,,2026-07-02T00:41:38Z
326,27,9,,,2026-07-02T00:41:38Z
326,20,10,,,2026-07-02T00:41:38Z
326,20,11,,,2026-07-02T00:41:38Z
326,20,12,,,2026-07-02T00:41:38Z
326,20,13,,,2026-07-02T00:41:38Z
326,20,14,,,2026-07-02T00:41:38Z
326,20,15,,,2026-07-02T00:41:38Z
326,20,16,,,2026-07-02T00:41:38Z
326,20,17,,,2026-07-02T00:41:38Z
326,20,18,,,2026-07-02T00:41:38Z
326,20,19,,,2026-07-02T00:41:38Z
326,20,2,,,2026-07-02T00:41:38Z
326,20,3,,,2026-07-02T00:41:38Z
326,20,4,,,2026-07-02T00:41:38Z
326,20,5,,,2026-07-02T00:41:38Z
326,20,6,,,2026-07-02T00:41:38Z
326,20,7,,,2026-07-02T00:41:38Z
326,20,8,,,2026-07-02T00:41:38Z
326,20,9,,,2026-07-02T00:41:38Z
326,21,10,,,2026-07-02T00:41:38Z
326,21,11,,,2026-07-02T00:41:38Z
326,21,12,,,2026-07-02T00:41:38Z
326,21,13,,,2026-07-02T00:41:38Z
326,21,14,,,2026-07-02T00:41:38Z
326,21,15,,,2026-07-02T00:41:38Z
326,21,16,,,2026-07-02T00:41:38Z
326,21,17,,,2026-07-02T00:41:38Z
326,21,18,,,2026-07-02T00:41:38Z
326,21,19,,,2026-07-02T00:41:38Z
326,21,2,,,2026-07-02T00:41:38Z
326,21,3,,,2026-07-02T00:41:38Z
326,21,4,,,2026-07-02T00:41:38Z
326,21,5,,,2026-07-02T00:41:38Z
326,21,6,,,2026-07-02T00:41:38Z
326,21,7,,,2026-07-02T00:41:38Z
326,21,8,,,2026-07-02T00:41:38Z
326,21,9,,,2026-07-02T00:41:38Z
326,22,10,,,2026-07-02T00:41:38Z
326,22,11,,,2026-07-02T00:41:38Z
326,22,12,,,2026-07-02T00:41:38Z
326,22,13,,,2026-07-02T00:41:38Z
326,22,14,,,2026-07-02T00:41:38Z
326,22,15,,,2026-07-02T00:41:38Z
326,22,16,,,2026-07-02T00:41:38Z
326,22,17,,,2026-07-02T00:41:38Z
326,22,18,,,2026-07-02T00:41:38Z
326,22,19,,,2026-07-02T00:41:38Z
326,22,2,,,2026-07-02T00:41:38Z
326,22,3,,,2026-07-02T00:41:38Z
326,22,4,,,2026-07-02T00:41:38Z
326,22,5,,,2026-07-02T00:41:38Z
326,22,6,,,2026-07-02T00:41:38Z
326,22,7,,,2026-07-02T00:41:38Z
326,22,8,,,2026-07-02T00:41:38Z
326,22,9,,,2026-07-02T00:41:38Z
326,23,10,,,2026-07-02T00:41:38Z
326,23,11,,,2026-07-02T00:41:38Z
326,23,12,,,2026-07-02T00:41:38Z
326,23,13,,,2026-07-02T00:41:38Z
326,23,14,,,2026-07-02T00:41:38Z
326,23,15,,,2026-07-02T00:41:38Z
326,23,16,,,2026-07-02T00:41:38Z
326,23,17,,,2026-07-02T00:41:38Z
326,23,18,,,2026-07-02T00:41:38Z
326,23,19,,,2026-07-02T00:41:38Z
326,23,2,,,2026-07-02T00:41:38Z
326,23,3,,,2026-07-02T00:41:38Z
326,23,4,,,2026-07-02T00:41:38Z
326,23,5,,,2026-07-02T00:41:38Z
326,23,6,,,2026-07-02T00:41:38Z
326,23,7,,,2026-07-02T00:41:38Z
326,23,8,,,2026-07-02T00:41:38Z
326,23,9,,,2026-07-02T00:41:38Z
326,24,10,,,2026-07-02T00:41:38Z
326,24,11,,,2026-07-02T00:41:38Z
326,24,12,,,2026-07-02T00:41:38Z
326,24,13,,,2026-07-02T00:41:38Z
326,24,14,,,2026-07-02T00:41:38Z
326,24,15,,,2026-07-02T00:41:38Z
326,24,16,,,2026-07-02T00:41:38Z
326,24,17,,,2026-07-02T00:41:38Z
326,24,18,,,2026-07-02T00:41:38Z
326,24,19,,,2026-07-02T00:41:38Z
326,24,2,,,2026-07-02T00:41:38Z
326,24,3,,,2026-07-02T00:41:38Z
326,24,4,,,2026-07-02T00:41:38Z
326,24,5,,,2026-07-02T00:41:38Z
326,24,6,,,2026-07-02T00:41:38Z
326,24,7,,,2026-07-02T00:41:38Z
326,24,8,,,2026-07-02T00:41:38Z
326,24,9,,,2026-07-02T00:41:38Z
326,25,10,,,2026-07-02T00:41:38Z
326,25,11,,,2026-07-02T00:41:38Z
326,25,12,,,2026-07-02T00:41:38Z
326,25,13,,,2026-07-02T00:41:38Z
326,25,14,,,2026-07-02T00:41:38Z
326,25,15,,,2026-07-02T00:41:38Z
326,25,16,,,2026-07-02T00:41:38Z
326,25,17,,,2026-07-02T00:41:38Z
326,25,18,,,2026-07-02T00:41:38Z
326,25,19,,,2026-07-02T00:41:38Z
326,25,2,,,2026-07-02T00:41:38Z
326,25,3,,,2026-07-02T00:41:38Z
326,25,4,,,2026-07-02T00:41:38Z
326,25,5,,,2026-07-02T00:41:38Z
326,25,6,,,2026-07-02T00:41:38Z
326,25,7,,,2026-07-02T00:41:38Z
326,25,8,,,2026-07-02T00:41:38Z
326,25,9,,,2026-07-02T00:41:38Z
326,26,10,,,2026-07-02T00:41:38Z
326,26,11,,,2026-07-02T00:41:38Z
326,26,12,,,2026-07-02T00:41:38Z
326,26,13,,,2026-07-02T00:41:38Z
326,26,14,,,2026-07-02T00:41:38Z
326,26,15,,,2026-07-02T00:41:38Z
326,26,16,,,2026-07-02T00:41:38Z
326,26,17,,,2026-07-02T00:41:38Z
326,26,18,,,2026-07-02T00:41:38Z
326,26,19,,,2026-07-02T00:41:38Z
326,26,2,,,2026-07-02T00:41:38Z
326,26,3,,,2026-07-02T00:41:38Z
326,26,4,,,2026-07-02T00:41:38Z
326,26,5,,,2026-07-02T00:41:38Z
326,26,6,,,2026-07-02T00:41:38Z
326,26,7,,,2026-07-02T00:41:38Z
326,26,8,,,2026-07-02T00:41:38Z
326,26,9,,,2026-07-02T00:41:38Z
326,28,10,,,2026-07-02T00:41:38Z
326,28,11,,,2026-07-02T00:41:38Z
326,28,12,,,2026-07-02T00:41:38Z
326,28,13,,,2026-07-02T00:41:38Z
326,28,14,,,2026-07-02T00:41:38Z
326,28,15,,,2026-07-02T00:41:38Z
326,28,16,,,2026-07-02T00:41:38Z
326,28,17,,,2026-07-02T00:41:38Z
326,28,18,,,2026-07-02T00:41:38Z
326,28,19,,,2026-07-02T00:41:38Z
326,28,2,,,2026-07-02T00:41:38Z
326,28,3,,,2026-07-02T00:41:38Z
326,28,4,,,2026-07-02T00:41:38Z
326,28,5,,,2026-07-02T00:41:38Z
326,28,6,,,2026-07-02T00:41:38Z
326,28,7,,,2026-07-02T00:41:38Z
326,28,8,,,2026-07-02T00:41:38Z
326,28,9,,,2026-07-02T00:41:38Z
326,29,10,,,2026-07-02T00:41:38Z
326,29,11,,,2026-07-02T00:41:38Z
326,29,12,,,2026-07-02T00:41:38Z
326,29,13,,,2026-07-02T00:41:38Z
326,29,14,,,2026-07-02T00:41:38Z
326,29,15,,,2026-07-02T00:41:38Z
326,29,16,,,2026-07-02T00:41:38Z
326,29,17,,,2026-07-02T00:41:38Z
326,29,18,,,2026-07-02T00:41:38Z
326,29,19,,,2026-07-02T00:41:38Z
326,29,2,,,2026-07-02T00:41:38Z
326,29,3,,,2026-07-02T00:41:38Z
326,29,4,,,2026-07-02T00:41:38Z
326,29,5,,,2026-07-02T00:41:38Z
326,29,6,,,2026-07-02T00:41:38Z
326,29,7,,,2026-07-02T00:41:38Z
326,29,8,,,2026-07-02T00:41:38Z
326,29,9,,,2026-07-02T00:41:38Z
326,37,10,,,2026-07-02T00:41:38Z
326,37,11,,,2026-07-02T00:41:38Z
326,37,12,,,2026-07-02T00:41:38Z
326,37,13,,,2026-07-02T00:41:38Z
326,37,14,,,2026-07-02T00:41:38Z
326,37,15,,,2026-07-02T00:41:38Z
326,37,16,,,2026-07-02T00:41:38Z
326,37,17,,,2026-07-02T00:41:38Z
326,37,18,,,2026-07-02T00:41:38Z
326,37,19,,,2026-07-02T00:41:38Z
326,37,2,,,2026-07-02T00:41:38Z
326,37,3,,,2026-07-02T00:41:38Z
326,37,4,,,2026-07-02T00:41:38Z
326,37,5,,,2026-07-02T00:41:38Z
326,37,6,,,2026-07-02T00:41:38Z
326,37,7,,,2026-07-02T00:41:38Z
326,37,8,,,2026-07-02T00:41:38Z
326,37,9,,,2026-07-02T00:41:38Z
326,30,10,,,2026-07-02T00:41:38Z
326,30,11,,,2026-07-02T00:41:38Z
326,30,12,,,2026-07-02T00:41:38Z
326,30,13,,,2026-07-02T00:41:38Z
326,30,14,,,2026-07-02T00:41:38Z
326,30,15,,,2026-07-02T00:41:38Z
326,30,16,,,2026-07-02T00:41:38Z
326,30,17,,,2026-07-02T00:41:38Z
326,30,18,,,2026-07-02T00:41:38Z
326,30,19,,,2026-07-02T00:41:38Z
326,30,2,,,2026-07-02T00:41:38Z
326,30,3,,,2026-07-02T00:41:38Z
326,30,4,,,2026-07-02T00:41:38Z
326,30,5,,,2026-07-02T00:41:38Z
326,30,6,,,2026-07-02T00:41:38Z
326,30,7,,,2026-07-02T00:41:38Z
326,30,8,,,2026-07-02T00:41:38Z
326,30,9,,,2026-07-02T00:41:38Z
326,31,10,,,2026-07-02T00:41:38Z
326,31,11,,,2026-07-02T00:41:38Z
326,31,12,,,2026-07-02T00:41:38Z
326,31,13,,,2026-07-02T00:41:38Z
326,31,14,,,2026-07-02T00:41:38Z
326,31,15,,,2026-07-02T00:41:38Z
326,31,16,,,2026-07-02T00:41:38Z
326,31,17,,,2026-07-02T00:41:38Z
326,31,18,,,2026-07-02T00:41:38Z
326,31,19,,,2026-07-02T00:41:38Z
326,31,2,,,2026-07-02T00:41:38Z
326,31,3,,,2026-07-02T00:41:38Z
326,31,4,,,2026-07-02T00:41:38Z
326,31,5,,,2026-07-02T00:41:38Z
326,31,6,,,2026-07-02T00:41:38Z
326,31,7,,,2026-07-02T00:41:38Z
326,31,8,,,2026-07-02T00:41:38Z
326,31,9,,,2026-07-02T00:41:38Z
326,32,10,,,2026-07-02T00:41:38Z
326,32,11,,,2026-07-02T00:41:38Z
326,32,12,,,2026-07-02T00:41:38Z
326,32,13,,,2026-07-02T00:41:38Z
326,32,14,,,2026-07-02T00:41:38Z
326,32,15,,,2026-07-02T00:41:38Z
326,32,16,,,2026-07-02T00:41:38Z
326,32,17,,,2026-07-02T00:41:38Z
326,32,18,,,2026-07-02T00:41:38Z
326,32,19,,,2026-07-02T00:41:38Z
326,32,2,,,2026-07-02T00:41:38Z
326,32,3,,,2026-07-02T00:41:38Z
326,32,4,,,2026-07-02T00:41:38Z
326,32,5,,,2026-07-02T00:41:38Z
326,32,6,,,2026-07-02T00:41:38Z
326,32,7,,,2026-07-02T00:41:38Z
326,32,8,,,2026-07-02T00:41:38Z
326,32,9,,,2026-07-02T00:41:38Z
326,33,10,,,2026-07-02T00:41:38Z
326,33,11,,,2026-07-02T00:41:38Z
326,33,12,,,2026-07-02T00:41:38Z
326,33,13,,,2026-07-02T00:41:38Z
326,33,14,,,2026-07-02T00:41:38Z
326,33,15,,,2026-07-02T00:41:38Z
326,33,16,,,2026-07-02T00:41:38Z
326,33,17,,,2026-07-02T00:41:38Z
326,33,18,,,2026-07-02T00:41:38Z
326,33,19,,,2026-07-02T00:41:38Z
326,33,2,,,2026-07-02T00:41:38Z
326,33,3,,,2026-07-02T00:41:38Z
326,33,4,,,2026-07-02T00:41:38Z
326,33,5,,,2026-07-02T00:41:38Z
326,33,6,,,2026-07-02T00:41:38Z
326,33,7,,,2026-07-02T00:41:38Z
326,33,8,,,2026-07-02T00:41:38Z
326,33,9,,,2026-07-02T00:41:38Z
326,34,10,,,2026-07-02T00:41:38Z
326,34,11,,,2026-07-02T00:41:38Z
326,34,12,,,2026-07-02T00:41:38Z
326,34,13,,,2026-07-02T00:41:38Z
326,34,14,,,2026-07-02T00:41:38Z
326,34,15,,,2026-07-02T00:41:38Z
326,34,16,,,2026-07-02T00:41:38Z
326,34,17,,,2026-07-02T00:41:38Z
326,34,18,,,2026-07-02T00:41:38Z
326,34,19,,,2026-07-02T00:41:38Z
326,34,2,,,2026-07-02T00:41:38Z
326,34,3,,,2026-07-02T00:41:38Z
326,34,4,,,2026-07-02T00:41:38Z
326,34,5,,,2026-07-02T00:41:38Z
326,34,6,,,2026-07-02T00:41:38Z
326,34,7,,,2026-07-02T00:41:38Z
326,34,8,,,2026-07-02T00:41:38Z
326,34,9,,,2026-07-02T00:41:38Z
326,35,10,,,2026-07-02T00:41:38Z
326,35,11,,,2026-07-02T00:41:38Z
326,35,12,,,2026-07-02T00:41:38Z
326,35,13,,,2026-07-02T00:41:38Z
326,35,14,,,2026-07-02T00:41:38Z
326,35,15,,,2026-07-02T00:41:38Z
326,35,16,,,2026-07-02T00:41:38Z
326,35,17,,,2026-07-02T00:41:38Z
326,35,18,,,2026-07-02T00:41:38Z
326,35,19,,,2026-07-02T00:41:38Z
326,35,2,,,2026-07-02T00:41:38Z
326,35,3,,,2026-07-02T00:41:38Z
326,35,4,,,2026-07-02T00:41:38Z
326,35,5,,,2026-07-02T00:41:38Z
326,35,6,,,2026-07-02T00:41:38Z
326,35,7,,,2026-07-02T00:41:38Z
326,35,8,,,2026-07-02T00:41:38Z
326,35,9,,,2026-07-02T00:41:38Z
326,36,10,,,2026-07-02T00:41:38Z
326,36,11,,,2026-07-02T00:41:38Z
326,36,12,,,2026-07-02T00:41:38Z
326,36,13,,,2026-07-02T00:41:38Z
326,36,14,,,2026-07-02T00:41:38Z
326,36,15,,,2026-07-02T00:41:38Z
326,36,16,,,2026-07-02T00:41:38Z
326,36,17,,,2026-07-02T00:41:38Z
326,36,18,,,2026-07-02T00:41:38Z
326,36,19,,,2026-07-02T00:41:38Z
326,36,2,,,2026-07-02T00:41:38Z
326,36,3,,,2026-07-02T00:41:38Z
326,36,4,,,2026-07-02T00:41:38Z
326,36,5,,,2026-07-02T00:41:38Z
326,36,6,,,2026-07-02T00:41:38Z
326,36,7,,,2026-07-02T00:41:38Z
326,36,8,,,2026-07-02T00:41:38Z
326,36,9,,,2026-07-02T00:41:38Z
326,38,10,,,2026-07-02T00:41:38Z
326,38,11,,,2026-07-02T00:41:38Z
326,38,12,,,2026-07-02T00:41:38Z
326,38,13,,,2026-07-02T00:41:38Z
326,38,14,,,2026-07-02T00:41:38Z
326,38,15,,,2026-07-02T00:41:38Z
326,38,16,,,2026-07-02T00:41:38Z
326,38,17,,,2026-07-02T00:41:38Z
326,38,18,,,2026-07-02T00:41:38Z
326,38,19,,,2026-07-02T00:41:38Z
326,38,2,,,2026-07-02T00:41:38Z
326,38,3,,,2026-07-02T00:41:38Z
326,38,4,,,2026-07-02T00:41:38Z
326,38,5,,,2026-07-02T00:41:38Z
326,38,6,,,2026-07-02T00:41:38Z
326,38,7,,,2026-07-02T00:41:38Z
326,38,8,,,2026-07-02T00:41:38Z
326,38,9,,,2026-07-02T00:41:38Z
326,39,10,,,2026-07-02T00:41:38Z
326,39,11,,,2026-07-02T00:41:38Z
326,39,12,,,2026-07-02T00:41:38Z
326,39,13,,,2026-07-02T00:41:38Z
326,39,14,,,2026-07-02T00:41:38Z
326,39,15,,,2026-07-02T00:41:38Z
326,39,16,,,2026-07-02T00:41:38Z
326,39,17,,,2026-07-02T00:41:38Z
326,39,18,,,2026-07-02T00:41:38Z
326,39,19,,,2026-07-02T00:41:38Z
326,39,2,,,2026-07-02T00:41:38Z
326,39,3,,,2026-07-02T00:41:38Z
326,39,4,,,2026-07-02T00:41:38Z
326,39,5,,,2026-07-02T00:41:38Z
326,39,6,,,2026-07-02T00:41:38Z
326,39,7,,,2026-07-02T00:41:38Z
326,39,8,,,2026-07-02T00:41:38Z
326,39,9,,,2026-07-02T00:41:38Z
326,40,10,,,2026-07-02T00:41:38Z
326,40,11,,,2026-07-02T00:41:38Z
326,40,12,,,2026-07-02T00:41:38Z
326,40,13,,,2026-07-02T00:41:38Z
326,40,14,,,2026-07-02T00:41:38Z
326,40,15,,,2026-07-02T00:41:38Z
326,40,16,,,2026-07-02T00:41:38Z
326,40,17,,,2026-07-02T00:41:38Z
326,40,18,,,2026-07-02T00:41:38Z
326,40,19,,,2026-07-02T00:41:38Z
326,40,20,,,2026-07-02T00:41:38Z
326,40,21,,,2026-07-02T00:41:38Z
326,40,3,,,2026-07-02T00:41:38Z
326,40,4,,,2026-07-02T00:41:38Z
326,40,5,,,2026-07-02T00:41:38Z
326,40,6,,,2026-07-02T00:41:38Z
326,40,7,,,2026-07-02T00:41:38Z
326,40,8,,,2026-07-02T00:41:38Z
326,40,9,,,2026-07-02T00:41:38Z
326,8,9,,,2026-07-02T00:41:38Z
326,8,10,,,2026-07-02T00:41:38Z
326,8,11,,,2026-07-02T00:41:38Z
326,8,12,,,2026-07-02T00:41:38Z
326,8,13,,,2026-07-02T00:41:38Z
326,8,14,,,2026-07-02T00:41:38Z
326,9,5,,,2026-07-02T00:41:38Z
326,9,6,,,2026-07-02T00:41:38Z
326,9,7,,,2026-07-02T00:41:38Z
326,9,8,,,2026-07-02T00:41:38Z
326,9,9,,,2026-07-02T00:41:38Z
326,9,1,,,2026-07-02T00:41:38Z
326,9,10,,,2026-07-02T00:41:38Z
326,9,11,,,2026-07-02T00:41:38Z
326,9,12,,,2026-07-02T00:41:38Z
326,9,13,,,2026-07-02T00:41:38Z
326,9,2,,,2026-07-02T00:41:38Z
327,10,10,,,2026-07-02T00:41:38Z
327,10,11,,,2026-07-02T00:41:38Z
327,10,12,,,2026-07-02T00:41:38Z
327,10,13,,,2026-07-02T00:41:38Z
327,10,14,,,2026-07-02T00:41:38Z
327,10,15,,,2026-07-02T00:41:38Z
327,10,16,,,2026-07-02T00:41:38Z
327,10,17,,,2026-07-02T00:41:38Z
327,10,18,,,2026-07-02T00:41:38Z
327,10,19,,,2026-07-02T00:41:38Z
327,10,2,,,2026-07-02T00:41:38Z
327,10,3,,,2026-07-02T00:41:38Z
327,10,4,,,2026-07-02T00:41:38Z
327,10,5,,,2026-07-02T00:41:38Z
327,10,6,,,2026-07-02T00:41:38Z
327,10,7,,,2026-07-02T00:41:38Z
327,10,8,,,2026-07-02T00:41:38Z
327,10,9,,,2026-07-02T00:41:38Z
327,11,10,,,2026-07-02T00:41:38Z
327,11,11,,,2026-07-02T00:41:38Z
327,11,12,,,2026-07-02T00:41:38Z
327,11,13,,,2026-07-02T00:41:38Z
327,11,14,,,2026-07-02T00:41:38Z
327,11,15,,,2026-07-02T00:41:38Z
327,11,16,,,2026-07-02T00:41:38Z
327,11,17,,,2026-07-02T00:41:38Z
327,11,18,,,2026-07-02T00:41:38Z
327,11,19,,,2026-07-02T00:41:38Z
327,11,2,,,2026-07-02T00:41:38Z
327,11,3,,,2026-07-02T00:41:38Z
327,11,4,,,2026-07-02T00:41:38Z
327,11,5,,,2026-07-02T00:41:38Z
327,11,6,,,2026-07-02T00:41:38Z
327,11,7,,,2026-07-02T00:41:38Z
327,11,8,,,2026-07-02T00:41:38Z
327,11,9,,,2026-07-02T00:41:38Z
327,12,10,,,2026-07-02T00:41:38Z
327,12,11,,,2026-07-02T00:41:38Z
327,12,12,,,2026-07-02T00:41:38Z
327,12,13,,,2026-07-02T00:41:38Z
327,12,14,,,2026-07-02T00:41:38Z
327,12,15,,,2026-07-02T00:41:38Z
327,12,16,,,2026-07-02T00:41:38Z
327,12,17,,,2026-07-02T00:41:38Z
327,12,18,,,2026-07-02T00:41:38Z
327,12,19,,,2026-07-02T00:41:38Z
327,12,2,,,2026-07-02T00:41:38Z
327,12,3,,,2026-07-02T00:41:38Z
327,12,4,,,2026-07-02T00:41:38Z
327,12,5,,,2026-07-02T00:41:38Z
327,12,6,,,2026-07-02T00:41:38Z
327,12,7,,,2026-07-02T00:41:38Z
327,12,8,,,2026-07-02T00:41:38Z
327,12,9,,,2026-07-02T00:41:38Z
327,13,10,,,2026-07-02T00:41:38Z
327,13,11,,,2026-07-02T00:41:38Z
327,13,12,,,2026-07-02T00:41:38Z
327,13,13,,,2026-07-02T00:41:38Z
327,13,14,,,2026-07-02T00:41:38Z
327,13,15,,,2026-07-02T00:41:38Z
327,13,16,,,2026-07-02T00:41:38Z
327,13,17,,,2026-07-02T00:41:38Z
327,13,18,,,2026-07-02T00:41:38Z
327,13,19,,,2026-07-02T00:41:38Z
327,13,2,,,2026-07-02T00:41:38Z
327,13,3,,,2026-07-02T00:41:38Z
327,13,4,,,2026-07-02T00:41:38Z
327,13,5,,,2026-07-02T00:41:38Z
327,13,6,,,2026-07-02T00:41:38Z
327,13,7,,,2026-07-02T00:41:38Z
327,13,8,,,2026-07-02T00:41:38Z
327,13,9,,,2026-07-02T00:41:38Z
327,19,10,,,2026-07-02T00:41:38Z
327,19,11,,,2026-07-02T00:41:38Z
327,19,12,,,2026-07-02T00:41:38Z
327,19,13,,,2026-07-02T00:41:38Z
327,19,14,,,2026-07-02T00:41:38Z
327,19,15,,,2026-07-02T00:41:38Z
327,19,16,,,2026-07-02T00:41:38Z
327,19,17,,,2026-07-02T00:41:38Z
327,19,18,,,2026-07-02T00:41:38Z
327,19,19,,,2026-07-02T00:41:38Z
327,19,2,,,2026-07-02T00:41:38Z
327,19,3,,,2026-07-02T00:41:38Z
327,19,4,,,2026-07-02T00:41:38Z
327,19,5,,,2026-07-02T00:41:38Z
327,19,6,,,2026-07-02T00:41:38Z
327,19,7,,,2026-07-02T00:41:38Z
327,19,8,,,2026-07-02T00:41:38Z
327,19,9,,,2026-07-02T00:41:38Z
327,27,10,,,2026-07-02T00:41:38Z
327,27,11,,,2026-07-02T00:41:38Z
327,27,12,,,2026-07-02T00:41:38Z
327,27,13,,,2026-07-02T00:41:38Z
327,27,14,,,2026-07-02T00:41:38Z
327,27,15,,,2026-07-02T00:41:38Z
327,27,16,,,2026-07-02T00:41:38Z
327,27,17,,,2026-07-02T00:41:38Z
327,27,18,,,2026-07-02T00:41:38Z
327,27,19,,,2026-07-02T00:41:38Z
327,27,2,,,2026-07-02T00:41:38Z
327,27,3,,,2026-07-02T00:41:38Z
327,27,4,,,2026-07-02T00:41:38Z
327,27,5,,,2026-07-02T00:41:38Z
327,27,6,,,2026-07-02T00:41:38Z
327,27,7,,,2026-07-02T00:41:38Z
327,27,8,,,2026-07-02T00:41:38Z
327,27,9,,,2026-07-02T00:41:38Z
327,20,10,,,2026-07-02T00:41:38Z
327,20,11,,,2026-07-02T00:41:38Z
327,20,12,,,2026-07-02T00:41:38Z
327,20,13,,,2026-07-02T00:41:38Z
327,20,14,,,2026-07-02T00:41:38Z
327,20,15,,,2026-07-02T00:41:38Z
327,20,16,,,2026-07-02T00:41:38Z
327,20,17,,,2026-07-02T00:41:38Z
327,20,18,,,2026-07-02T00:41:38Z
327,20,19,,,2026-07-02T00:41:38Z
327,20,2,,,2026-07-02T00:41:38Z
327,20,3,,,2026-07-02T00:41:38Z
327,20,4,,,2026-07-02T00:41:38Z
327,20,5,,,2026-07-02T00:41:38Z
327,20,6,,,2026-07-02T00:41:38Z
327,20,7,,,2026-07-02T00:41:38Z
327,20,8,,,2026-07-02T00:41:38Z
327,20,9,,,2026-07-02T00:41:38Z
327,21,10,,,2026-07-02T00:41:38Z
327,21,11,,,2026-07-02T00:41:38Z
327,21,12,,,2026-07-02T00:41:38Z
327,21,13,,,2026-07-02T00:41:38Z
327,21,14,,,2026-07-02T00:41:38Z
327,21,15,,,2026-07-02T00:41:38Z
327,21,16,,,2026-07-02T00:41:38Z
327,21,17,,,2026-07-02T00:41:38Z
327,21,18,,,2026-07-02T00:41:38Z
327,21,19,,,2026-07-02T00:41:38Z
327,21,2,,,2026-07-02T00:41:38Z
327,21,3,,,2026-07-02T00:41:38Z
327,21,4,,,2026-07-02T00:41:38Z
327,21,5,,,2026-07-02T00:41:38Z
327,21,6,,,2026-07-02T00:41:38Z
327,21,7,,,2026-07-02T00:41:38Z
327,21,8,,,2026-07-02T00:41:38Z
327,21,9,,,2026-07-02T00:41:38Z
327,22,10,,,2026-07-02T00:41:38Z
327,22,11,,,2026-07-02T00:41:38Z
327,22,12,,,2026-07-02T00:41:38Z
327,22,13,,,2026-07-02T00:41:38Z
327,22,14,,,2026-07-02T00:41:38Z
327,22,15,,,2026-07-02T00:41:38Z
327,22,16,,,2026-07-02T00:41:38Z
327,22,17,,,2026-07-02T00:41:38Z
327,22,18,,,2026-07-02T00:41:38Z
327,22,19,,,2026-07-02T00:41:38Z
327,22,2,,,2026-07-02T00:41:38Z
327,22,3,,,2026-07-02T00:41:38Z
327,22,4,,,2026-07-02T00:41:38Z
327,22,5,,,2026-07-02T00:41:38Z
327,22,6,,,2026-07-02T00:41:38Z
327,22,7,,,2026-07-02T00:41:38Z
327,22,8,,,2026-07-02T00:41:38Z
327,22,9,,,2026-07-02T00:41:38Z
327,23,10,,,2026-07-02T00:41:38Z
327,23,11,,,2026-07-02T00:41:38Z
327,23,12,,,2026-07-02T00:41:38Z
327,23,13,,,2026-07-02T00:41:38Z
327,23,14,,,2026-07-02T00:41:38Z
327,23,15,,,2026-07-02T00:41:38Z
327,23,16,,,2026-07-02T00:41:38Z
327,23,17,,,2026-07-02T00:41:38Z
327,23,18,,,2026-07-02T00:41:38Z
327,23,19,,,2026-07-02T00:41:38Z
327,23,2,,,2026-07-02T00:41:38Z
327,23,3,,,2026-07-02T00:41:38Z
327,23,4,,,2026-07-02T00:41:38Z
327,23,5,,,2026-07-02T00:41:38Z
327,23,6,,,2026-07-02T00:41:38Z
327,23,7,,,2026-07-02T00:41:38Z
327,23,8,,,2026-07-02T00:41:38Z
327,23,9,,,2026-07-02T00:41:38Z
327,24,10,,,2026-07-02T00:41:38Z
327,24,11,,,2026-07-02T00:41:38Z
327,24,12,,,2026-07-02T00:41:38Z
327,24,13,,,2026-07-02T00:41:38Z
327,24,14,,,2026-07-02T00:41:38Z
327,24,15,,,2026-07-02T00:41:38Z
327,24,16,,,2026-07-02T00:41:38Z
327,24,17,,,2026-07-02T00:41:38Z
327,24,18,,,2026-07-02T00:41:38Z
327,24,19,,,2026-07-02T00:41:38Z
327,24,2,,,2026-07-02T00:41:38Z
327,24,3,,,2026-07-02T00:41:38Z
327,24,4,,,2026-07-02T00:41:38Z
327,24,5,,,2026-07-02T00:41:38Z
327,24,6,,,2026-07-02T00:41:38Z
327,24,7,,,2026-07-02T00:41:38Z
327,24,8,,,2026-07-02T00:41:38Z
327,24,9,,,2026-07-02T00:41:38Z
327,25,10,,,2026-07-02T00:41:38Z
327,25,11,,,2026-07-02T00:41:38Z
327,25,12,,,2026-07-02T00:41:38Z
327,25,13,,,2026-07-02T00:41:38Z
327,25,14,,,2026-07-02T00:41:38Z
327,25,15,,,2026-07-02T00:41:38Z
327,25,16,,,2026-07-02T00:41:38Z
327,25,17,,,2026-07-02T00:41:38Z
327,25,18,,,2026-07-02T00:41:38Z
327,25,19,,,2026-07-02T00:41:38Z
327,25,2,,,2026-07-02T00:41:38Z
327,25,3,,,2026-07-02T00:41:38Z
327,25,4,,,2026-07-02T00:41:38Z
327,25,5,,,2026-07-02T00:41:38Z
327,25,6,,,2026-07-02T00:41:38Z
327,25,7,,,2026-07-02T00:41:38Z
327,25,8,,,2026-07-02T00:41:38Z
327,25,9,,,2026-07-02T00:41:38Z
327,26,10,,,2026-07-02T00:41:38Z
327,26,11,,,2026-07-02T00:41:38Z
327,26,12,,,2026-07-02T00:41:38Z
327,26,13,,,2026-07-02T00:41:38Z
327,26,14,,,2026-07-02T00:41:38Z
327,26,15,,,2026-07-02T00:41:38Z
327,26,16,,,2026-07-02T00:41:38Z
327,26,17,,,2026-07-02T00:41:38Z
327,26,18,,,2026-07-02T00:41:38Z
327,26,19,,,2026-07-02T00:41:38Z
327,26,2,,,2026-07-02T00:41:38Z
327,26,3,,,2026-07-02T00:41:38Z
327,26,4,,,2026-07-02T00:41:38Z
327,26,5,,,2026-07-02T00:41:38Z
327,26,6,,,2026-07-02T00:41:38Z
327,26,7,,,2026-07-02T00:41:38Z
327,26,8,,,2026-07-02T00:41:38Z
327,26,9,,,2026-07-02T00:41:38Z
327,28,10,,,2026-07-02T00:41:38Z
327,28,11,,,2026-07-02T00:41:38Z
327,28,12,,,2026-07-02T00:41:38Z
327,28,13,,,2026-07-02T00:41:38Z
327,28,14,,,2026-07-02T00:41:38Z
327,28,15,,,2026-07-02T00:41:38Z
327,28,16,,,2026-07-02T00:41:38Z
327,28,17,,,2026-07-02T00:41:38Z
327,28,18,,,2026-07-02T00:41:38Z
327,28,19,,,2026-07-02T00:41:38Z
327,28,2,,,2026-07-02T00:41:38Z
327,28,3,,,2026-07-02T00:41:38Z
327,28,4,,,2026-07-02T00:41:38Z
327,28,5,,,2026-07-02T00:41:38Z
327,28,6,,,2026-07-02T00:41:38Z
327,28,7,,,2026-07-02T00:41:38Z
327,28,8,,,2026-07-02T00:41:38Z
327,28,9,,,2026-07-02T00:41:38Z
327,29,10,,,2026-07-02T00:41:38Z
327,29,11,,,2026-07-02T00:41:38Z
327,29,12,,,2026-07-02T00:41:38Z
327,29,13,,,2026-07-02T00:41:38Z
327,29,14,,,2026-07-02T00:41:38Z
327,29,15,,,2026-07-02T00:41:38Z
327,29,16,,,2026-07-02T00:41:38Z
327,29,17,,,2026-07-02T00:41:38Z
327,29,18,,,2026-07-02T00:41:38Z
327,29,19,,,2026-07-02T00:41:38Z
327,29,2,,,2026-07-02T00:41:38Z
327,29,3,,,2026-07-02T00:41:38Z
327,29,4,,,2026-07-02T00:41:38Z
327,29,5,,,2026-07-02T00:41:38Z
327,29,6,,,2026-07-02T00:41:38Z
327,29,7,,,2026-07-02T00:41:38Z
327,29,8,,,2026-07-02T00:41:38Z
327,29,9,,,2026-07-02T00:41:38Z
327,37,10,,,2026-07-02T00:41:38Z
327,37,11,,,2026-07-02T00:41:38Z
327,37,12,,,2026-07-02T00:41:38Z
327,37,13,,,2026-07-02T00:41:38Z
327,37,14,,,2026-07-02T00:41:38Z
327,37,15,,,2026-07-02T00:41:38Z
327,37,16,,,2026-07-02T00:41:38Z
327,37,17,,,2026-07-02T00:41:38Z
327,37,18,,,2026-07-02T00:41:38Z
327,37,19,,,2026-07-02T00:41:38Z
327,37,2,,,2026-07-02T00:41:38Z
327,37,3,,,2026-07-02T00:41:38Z
327,37,4,,,2026-07-02T00:41:38Z
327,37,5,,,2026-07-02T00:41:38Z
327,37,6,,,2026-07-02T00:41:38Z
327,37,7,,,2026-07-02T00:41:38Z
327,37,8,,,2026-07-02T00:41:38Z
327,37,9,,,2026-07-02T00:41:38Z
327,30,10,,,2026-07-02T00:41:38Z
327,30,11,,,2026-07-02T00:41:38Z
327,30,12,,,2026-07-02T00:41:38Z
327,30,13,,,2026-07-02T00:41:38Z
327,30,14,,,2026-07-02T00:41:38Z
327,30,15,,,2026-07-02T00:41:38Z
327,30,16,,,2026-07-02T00:41:38Z
327,30,17,,,2026-07-02T00:41:38Z
327,30,18,,,2026-07-02T00:41:38Z
327,30,19,,,2026-07-02T00:41:38Z
327,30,2,,,2026-07-02T00:41:38Z
327,30,3,,,2026-07-02T00:41:38Z
327,30,4,,,2026-07-02T00:41:38Z
327,30,5,,,2026-07-02T00:41:38Z
327,30,6,,,2026-07-02T00:41:38Z
327,30,7,,,2026-07-02T00:41:38Z
327,30,8,,,2026-07-02T00:41:38Z
327,30,9,,,2026-07-02T00:41:38Z
327,31,10,,,2026-07-02T00:41:38Z
327,31,11,,,2026-07-02T00:41:38Z
327,31,12,,,2026-07-02T00:41:38Z
327,31,13,,,2026-07-02T00:41:38Z
327,31,14,,,2026-07-02T00:41:38Z
327,31,15,,,2026-07-02T00:41:38Z
327,31,16,,,2026-07-02T00:41:38Z
327,31,17,,,2026-07-02T00:41:38Z
327,31,18,,,2026-07-02T00:41:38Z
327,31,19,,,2026-07-02T00:41:38Z
327,31,2,,,2026-07-02T00:41:38Z
327,31,3,,,2026-07-02T00:41:38Z
327,31,4,,,2026-07-02T00:41:38Z
327,31,5,,,2026-07-02T00:41:38Z
327,31,6,,,2026-07-02T00:41:38Z
327,31,7,,,2026-07-02T00:41:38Z
327,31,8,,,2026-07-02T00:41:38Z
327,31,9,,,2026-07-02T00:41:38Z
327,32,10,,,2026-07-02T00:41:38Z
327,32,11,,,2026-07-02T00:41:38Z
327,32,12,,,2026-07-02T00:41:38Z
327,32,13,,,2026-07-02T00:41:38Z
327,32,14,,,2026-07-02T00:41:38Z
327,32,15,,,2026-07-02T00:41:38Z
327,32,16,,,2026-07-02T00:41:38Z
327,32,17,,,2026-07-02T00:41:38Z
327,32,18,,,2026-07-02T00:41:38Z
327,32,19,,,2026-07-02T00:41:38Z
327,32,2,,,2026-07-02T00:41:38Z
327,32,3,,,2026-07-02T00:41:38Z
327,32,4,,,2026-07-02T00:41:38Z
327,32,5,,,2026-07-02T00:41:38Z
327,32,6,,,2026-07-02T00:41:38Z
327,32,7,,,2026-07-02T00:41:38Z
327,32,8,,,2026-07-02T00:41:38Z
327,32,9,,,2026-07-02T00:41:38Z
327,33,10,,,2026-07-02T00:41:38Z
327,33,11,,,2026-07-02T00:41:38Z
327,33,12,,,2026-07-02T00:41:38Z
327,33,13,,,2026-07-02T00:41:38Z
327,33,14,,,2026-07-02T00:41:38Z
327,33,15,,,2026-07-02T00:41:38Z
327,33,16,,,2026-07-02T00:41:38Z
327,33,17,,,2026-07-02T00:41:38Z
327,33,18,,,2026-07-02T00:41:38Z
327,33,19,,,2026-07-02T00:41:38Z
327,33,2,,,2026-07-02T00:41:38Z
327,33,3,,,2026-07-02T00:41:38Z
327,33,4,,,2026-07-02T00:41:38Z
327,33,5,,,2026-07-02T00:41:38Z
327,33,6,,,2026-07-02T00:41:38Z
327,33,7,,,2026-07-02T00:41:38Z
327,33,8,,,2026-07-02T00:41:38Z
327,33,9,,,2026-07-02T00:41:38Z
327,34,10,,,2026-07-02T00:41:38Z
327,34,11,,,2026-07-02T00:41:38Z
327,34,12,,,2026-07-02T00:41:38Z
327,34,13,,,2026-07-02T00:41:38Z
327,34,14,,,2026-07-02T00:41:38Z
327,34,15,,,2026-07-02T00:41:38Z
327,34,16,,,2026-07-02T00:41:38Z
327,34,17,,,2026-07-02T00:41:38Z
327,34,18,,,2026-07-02T00:41:38Z
327,34,19,,,2026-07-02T00:41:38Z
327,34,2,,,2026-07-02T00:41:38Z
327,34,3,,,2026-07-02T00:41:38Z
327,34,4,,,2026-07-02T00:41:38Z
327,34,5,,,2026-07-02T00:41:38Z
327,34,6,,,2026-07-02T00:41:38Z
327,34,7,,,2026-07-02T00:41:38Z
327,34,8,,,2026-07-02T00:41:38Z
327,34,9,,,2026-07-02T00:41:38Z
327,35,10,,,2026-07-02T00:41:38Z
327,35,11,,,2026-07-02T00:41:38Z
327,35,12,,,2026-07-02T00:41:38Z
327,35,13,,,2026-07-02T00:41:38Z
327,35,14,,,2026-07-02T00:41:38Z
327,35,15,,,2026-07-02T00:41:38Z
327,35,16,,,2026-07-02T00:41:38Z
327,35,17,,,2026-07-02T00:41:38Z
327,35,18,,,2026-07-02T00:41:38Z
327,35,19,,,2026-07-02T00:41:38Z
327,35,2,,,2026-07-02T00:41:38Z
327,35,3,,,2026-07-02T00:41:38Z
327,35,4,,,2026-07-02T00:41:38Z
327,35,5,,,2026-07-02T00:41:38Z
327,35,6,,,2026-07-02T00:41:38Z
327,35,7,,,2026-07-02T00:41:38Z
327,35,8,,,2026-07-02T00:41:38Z
327,35,9,,,2026-07-02T00:41:38Z
327,36,10,,,2026-07-02T00:41:38Z
327,36,11,,,2026-07-02T00:41:38Z
327,36,12,,,2026-07-02T00:41:38Z
327,36,13,,,2026-07-02T00:41:38Z
327,36,14,,,2026-07-02T00:41:38Z
327,36,15,,,2026-07-02T00:41:38Z
327,36,16,,,2026-07-02T00:41:38Z
327,36,17,,,2026-07-02T00:41:38Z
327,36,18,,,2026-07-02T00:41:38Z
327,36,19,,,2026-07-02T00:41:38Z
327,36,2,,,2026-07-02T00:41:38Z
327,36,3,,,2026-07-02T00:41:38Z
327,36,4,,,2026-07-02T00:41:38Z
327,36,5,,,2026-07-02T00:41:38Z
327,36,6,,,2026-07-02T00:41:38Z
327,36,7,,,2026-07-02T00:41:38Z
327,36,8,,,2026-07-02T00:41:38Z
327,36,9,,,2026-07-02T00:41:38Z
327,38,10,,,2026-07-02T00:41:38Z
327,38,11,,,2026-07-02T00:41:38Z
327,38,12,,,2026-07-02T00:41:38Z
327,38,13,,,2026-07-02T00:41:38Z
327,38,14,,,2026-07-02T00:41:38Z
327,38,15,,,2026-07-02T00:41:38Z
327,38,16,,,2026-07-02T00:41:38Z
327,38,17,,,2026-07-02T00:41:38Z
327,38,18,,,2026-07-02T00:41:38Z
327,38,19,,,2026-07-02T00:41:38Z
327,38,2,,,2026-07-02T00:41:38Z
327,38,3,,,2026-07-02T00:41:38Z
327,38,4,,,2026-07-02T00:41:38Z
327,38,5,,,2026-07-02T00:41:38Z
327,38,6,,,2026-07-02T00:41:38Z
327,38,7,,,2026-07-02T00:41:38Z
327,38,8,,,2026-07-02T00:41:38Z
327,38,9,,,2026-07-02T00:41:38Z
327,39,10,,,2026-07-02T00:41:38Z
327,39,11,,,2026-07-02T00:41:38Z
327,39,12,,,2026-07-02T00:41:38Z
327,39,13,,,2026-07-02T00:41:38Z
327,39,14,,,2026-07-02T00:41:38Z
327,39,15,,,2026-07-02T00:41:38Z
327,39,16,,,2026-07-02T00:41:38Z
327,39,17,,,2026-07-02T00:41:38Z
327,39,18,,,2026-07-02T00:41:38Z
327,39,19,,,2026-07-02T00:41:38Z
327,39,2,,,2026-07-02T00:41:38Z
327,39,3,,,2026-07-02T00:41:38Z
327,39,4,,,2026-07-02T00:41:38Z
327,39,5,,,2026-07-02T00:41:38Z
327,39,6,,,2026-07-02T00:41:38Z
327,39,7,,,2026-07-02T00:41:38Z
327,39,8,,,2026-07-02T00:41:38Z
327,39,9,,,2026-07-02T00:41:38Z
327,40,10,,,2026-07-02T00:41:38Z
327,40,11,,,2026-07-02T00:41:38Z
327,40,12,,,2026-07-02T00:41:38Z
327,40,13,,,2026-07-02T00:41:38Z
327,40,14,,,2026-07-02T00:41:38Z
327,40,15,,,2026-07-02T00:41:38Z
327,40,16,,,2026-07-02T00:41:38Z
327,40,17,,,2026-07-02T00:41:38Z
327,40,18,,,2026-07-02T00:41:38Z
327,40,19,,,2026-07-02T00:41:38Z
327,40,20,,,2026-07-02T00:41:38Z
327,40,21,,,2026-07-02T00:41:38Z
327,40,3,,,2026-07-02T00:41:38Z
327,40,4,,,2026-07-02T00:41:38Z
327,40,5,,,2026-07-02T00:41:38Z
327,40,6,,,2026-07-02T00:41:38Z
327,40,7,,,2026-07-02T00:41:38Z
327,40,8,,,2026-07-02T00:41:38Z
327,40,9,,,2026-07-02T00:41:38Z
327,9,6,,,2026-07-02T00:41:38Z
327,9,7,,,2026-07-02T00:41:38Z
327,9,8,,,2026-07-02T00:41:38Z
327,9,9,,,2026-07-02T00:41:38Z
327,9,10,,,2026-07-02T00:41:38Z
327,9,11,,,2026-07-02T00:41:38Z
327,9,12,,,2026-07-02T00:41:38Z
327,9,13,,,2026-07-02T00:41:38Z
327,9,14,,,2026-07-02T00:41:38Z
327,9,15,,,2026-07-02T00:41:38Z
327,9,16,,,2026-07-02T00:41:38Z
327,9,17,,,2026-07-02T00:41:38Z
327,2,17,,,2026-07-02T00:41:38Z
327,6,8,,,2026-07-02T00:41:38Z
327,6,9,,,2026-07-02T00:41:38Z
327,6,10,,,2026-07-02T00:41:38Z
327,6,11,,,2026-07-02T00:41:38Z
327,6,12,,,2026-07-02T00:41:38Z
327,6,13,,,2026-07-02T00:41:38Z
327,6,14,,,2026-07-02T00:41:38Z
327,7,4,,,2026-07-02T00:41:38Z
327,7,5,,,2026-07-02T00:41:38Z
327,7,6,,,2026-07-02T00:41:38Z
327,7,7,,,2026-07-02T00:41:38Z
327,7,8,,,2026-07-02T00:41:38Z
327,7,9,,,2026-07-02T00:41:38Z
327,7,10,,,2026-07-02T00:41:38Z
328,17,10,,,2026-07-02T00:41:38Z
328,17,11,,,2026-07-02T00:41:38Z
328,17,12,,,2026-07-02T00:41:38Z
328,17,13,,,2026-07-02T00:41:38Z
328,17,14,,,2026-07-02T00:41:38Z
328,17,15,,,2026-07-02T00:41:38Z
328,17,16,,,2026-07-02T00:41:38Z
328,17,17,,,2026-07-02T00:41:38Z
328,17,18,,,2026-07-02T00:41:38Z
328,17,19,,,2026-07-02T00:41:38Z
328,17,5,,,2026-07-02T00:41:38Z
328,17,6,,,2026-07-02T00:41:38Z
328,17,7,,,2026-07-02T00:41:38Z
328,17,8,,,2026-07-02T00:41:38Z
328,17,9,,,2026-07-02T00:41:38Z
328,10,10,,,2026-07-02T00:41:38Z
328,10,11,,,2026-07-02T00:41:38Z
328,10,12,,,2026-07-02T00:41:38Z
328,10,13,,,2026-07-02T00:41:38Z
328,10,14,,,2026-07-02T00:41:38Z
328,10,15,,,2026-07-02T00:41:38Z
328,10,16,,,2026-07-02T00:41:38Z
328,10,17,,,2026-07-02T00:41:38Z
328,10,18,,,2026-07-02T00:41:38Z
328,10,19,,,2026-07-02T00:41:38Z
328,10,2,,,2026-07-02T00:41:38Z
328,10,3,,,2026-07-02T00:41:38Z
328,10,4,,,2026-07-02T00:41:38Z
328,10,5,,,2026-07-02T00:41:38Z
328,10,6,,,2026-07-02T00:41:38Z
328,10,7,,,2026-07-02T00:41:38Z
328,10,8,,,2026-07-02T00:41:38Z
328,10,9,,,2026-07-02T00:41:38Z
328,11,1,,,2026-07-02T00:41:38Z
328,11,2,,,2026-07-02T00:41:38Z
328,13,10,,,2026-07-02T00:41:38Z
328,13,11,,,2026-07-02T00:41:38Z
328,13,12,,,2026-07-02T00:41:38Z
328,13,13,,,2026-07-02T00:41:38Z
328,13,14,,,2026-07-02T00:41:38Z
328,13,15,,,2026-07-02T00:41:38Z
328,13,16,,,2026-07-02T00:41:38Z
328,13,17,,,2026-07-02T00:41:38Z
328,13,18,,,2026-07-02T00:41:38Z
328,13,19,,,2026-07-02T00:41:38Z
328,13,3,,,2026-07-02T00:41:38Z
328,13,4,,,2026-07-02T00:41:38Z
328,13,5,,,2026-07-02T00:41:38Z
328,13,6,,,2026-07-02T00:41:38Z
328,13,7,,,2026-07-02T00:41:38Z
328,13,8,,,2026-07-02T00:41:38Z
328,13,9,,,2026-07-02T00:41:38Z
328,14,10,,,2026-07-02T00:41:38Z
328,14,11,,,2026-07-02T00:41:38Z
328,14,12,,,2026-07-02T00:41:38Z
328,14,13,,,2026-07-02T00:41:38Z
328,14,14,,,2026-07-02T00:41:38Z
328,14,15,,,2026-07-02T00:41:38Z
328,14,16,,,2026-07-02T00:41:38Z
328,14,17,,,2026-07-02T00:41:38Z
328,14,18,,,2026-07-02T00:41:38Z
328,14,19,,,2026-07-02T00:41:38Z
328,14,2,,,2026-07-02T00:41:38Z
328,14,3,,,2026-07-02T00:41:38Z
328,14,4,,,2026-07-02T00:41:38Z
328,14,5,,,2026-07-02T00:41:38Z
328,14,6,,,2026-07-02T00:41:38Z
328,14,7,,,2026-07-02T00:41:38Z
328,14,8,,,2026-07-02T00:41:38Z
328,14,9,,,2026-07-02T00:41:38Z
328,16,11,,,2026-07-02T00:41:38Z
328,16,12,,,2026-07-02T00:41:38Z
328,16,13,,,2026-07-02T00:41:38Z
328,16,14,,,2026-07-02T00:41:38Z
328,16,15,,,2026-07-02T00:41:38Z
328,16,16,,,2026-07-02T00:41:38Z
328,16,17,,,2026-07-02T00:41:38Z
328,16,18,,,2026-07-02T00:41:38Z
328,16,19,,,2026-07-02T00:41:38Z
328,18,10,,,2026-07-02T00:41:38Z
328,18,11,,,2026-07-02T00:41:38Z
328,18,12,,,2026-07-02T00:41:38Z
328,18,13,,,2026-07-02T00:41:38Z
328,18,14,,,2026-07-02T00:41:38Z
328,18,15,,,2026-07-02T00:41:38Z
328,18,16,,,2026-07-02T00:41:38Z
328,18,17,,,2026-07-02T00:41:38Z
328,18,18,,,2026-07-02T00:41:38Z
328,18,19,,,2026-07-02T00:41:38Z
328,18,2,,,2026-07-02T00:41:38Z
328,18,3,,,2026-07-02T00:41:38Z
328,18,4,,,2026-07-02T00:41:38Z
328,18,5,,,2026-07-02T00:41:38Z
328,18,6,,,2026-07-02T00:41:38Z
328,18,7,,,2026-07-02T00:41:38Z
328,18,8,,,2026-07-02T00:41:38Z
328,18,9,,,2026-07-02T00:41:38Z
328,19,10,,,2026-07-02T00:41:38Z
328,19,11,,,2026-07-02T00:41:38Z
328,19,12,,,2026-07-02T00:41:38Z
328,19,13,,,2026-07-02T00:41:38Z
328,19,14,,,2026-07-02T00:41:38Z
328,19,15,,,2026-07-02T00:41:38Z
328,19,16,,,2026-07-02T00:41:38Z
328,19,17,,,2026-07-02T00:41:38Z
328,19,18,,,2026-07-02T00:41:38Z
328,19,19,,,2026-07-02T00:41:38Z
328,19,2,,,2026-07-02T00:41:38Z
328,19,3,,,2026-07-02T00:41:38Z
328,19,4,,,2026-07-02T00:41:38Z
328,19,5,,,2026-07-02T00:41:38Z
328,19,6,,,2026-07-02T00:41:38Z
328,19,7,,,2026-07-02T00:41:38Z
328,19,8,,,2026-07-02T00:41:38Z
328,19,9,,,2026-07-02T00:41:38Z
328,27,10,,,2026-07-02T00:41:38Z
328,27,11,,,2026-07-02T00:41:38Z
328,27,12,,,2026-07-02T00:41:38Z
328,27,13,,,2026-07-02T00:41:38Z
328,27,14,,,2026-07-02T00:41:38Z
328,27,15,,,2026-07-02T00:41:38Z
328,27,16,,,2026-07-02T00:41:38Z
328,27,17,,,2026-07-02T00:41:38Z
328,27,18,,,2026-07-02T00:41:38Z
328,27,19,,,2026-07-02T00:41:38Z
328,27,2,,,2026-07-02T00:41:38Z
328,27,3,,,2026-07-02T00:41:38Z
328,27,4,,,2026-07-02T00:41:38Z
328,27,5,,,2026-07-02T00:41:38Z
328,27,6,,,2026-07-02T00:41:38Z
328,27,7,,,2026-07-02T00:41:38Z
328,27,8,,,2026-07-02T00:41:38Z
328,27,9,,,2026-07-02T00:41:38Z
328,20,10,,,2026-07-02T00:41:38Z
328,20,11,,,2026-07-02T00:41:38Z
328,20,12,,,2026-07-02T00:41:38Z
328,20,13,,,2026-07-02T00:41:38Z
328,20,14,,,2026-07-02T00:41:38Z
328,20,15,,,2026-07-02T00:41:38Z
328,20,16,,,2026-07-02T00:41:38Z
328,20,17,,,2026-07-02T00:41:38Z
328,20,18,,,2026-07-02T00:41:38Z
328,20,19,,,2026-07-02T00:41:38Z
328,20,2,,,2026-07-02T00:41:38Z
328,20,3,,,2026-07-02T00:41:38Z
328,20,4,,,2026-07-02T00:41:38Z
328,20,5,,,2026-07-02T00:41:38Z
328,20,6,,,2026-07-02T00:41:38Z
328,20,7,,,2026-07-02T00:41:38Z
328,20,8,,,2026-07-02T00:41:38Z
328,20,9,,,2026-07-02T00:41:38Z
328,21,10,,,2026-07-02T00:41:38Z
328,21,11,,,2026-07-02T00:41:38Z
328,21,12,,,2026-07-02T00:41:38Z
328,21,13,,,2026-07-02T00:41:38Z
328,21,14,,,2026-07-02T00:41:38Z
328,21,15,,,2026-07-02T00:41:38Z
328,21,16,,,2026-07-02T00:41:38Z
328,21,17,,,2026-07-02T00:41:38Z
328,21,18,,,2026-07-02T00:41:38Z
328,21,19,,,2026-07-02T00:41:38Z
328,21,2,,,2026-07-02T00:41:38Z
328,21,3,,,2026-07-02T00:41:38Z
328,21,4,,,2026-07-02T00:41:38Z
328,21,5,,,2026-07-02T00:41:38Z
328,21,6,,,2026-07-02T00:41:38Z
328,21,7,,,2026-07-02T00:41:38Z
328,21,8,,,2026-07-02T00:41:38Z
328,21,9,,,2026-07-02T00:41:38Z
328,22,10,,,2026-07-02T00:41:38Z
328,22,11,,,2026-07-02T00:41:38Z
328,22,12,,,2026-07-02T00:41:38Z
328,22,13,,,2026-07-02T00:41:38Z
328,22,14,,,2026-07-02T00:41:38Z
328,22,15,,,2026-07-02T00:41:38Z
328,22,16,,,2026-07-02T00:41:38Z
328,22,17,,,2026-07-02T00:41:38Z
328,22,18,,,2026-07-02T00:41:38Z
328,22,19,,,2026-07-02T00:41:38Z
328,22,2,,,2026-07-02T00:41:38Z
328,22,3,,,2026-07-02T00:41:38Z
328,22,4,,,2026-07-02T00:41:38Z
328,22,5,,,2026-07-02T00:41:38Z
328,22,6,,,2026-07-02T00:41:38Z
328,22,7,,,2026-07-02T00:41:38Z
328,22,8,,,2026-07-02T00:41:38Z
328,22,9,,,2026-07-02T00:41:38Z
328,23,10,,,2026-07-02T00:41:38Z
328,23,11,,,2026-07-02T00:41:38Z
328,23,12,,,2026-07-02T00:41:38Z
328,23,13,,,2026-07-02T00:41:38Z
328,23,14,,,2026-07-02T00:41:38Z
328,23,15,,,2026-07-02T00:41:38Z
328,23,16,,,2026-07-02T00:41:38Z
328,23,17,,,2026-07-02T00:41:38Z
328,23,18,,,2026-07-02T00:41:38Z
328,23,19,,,2026-07-02T00:41:38Z
328,23,2,,,2026-07-02T00:41:38Z
328,23,3,,,2026-07-02T00:41:38Z
328,23,4,,,2026-07-02T00:41:38Z
328,23,5,,,2026-07-02T00:41:38Z
328,23,6,,,2026-07-02T00:41:38Z
328,23,7,,,2026-07-02T00:41:38Z
328,23,8,,,2026-07-02T00:41:38Z
328,23,9,,,2026-07-02T00:41:38Z
328,24,10,,,2026-07-02T00:41:38Z
328,24,11,,,2026-07-02T00:41:38Z
328,24,12,,,2026-07-02T00:41:38Z
328,24,13,,,2026-07-02T00:41:38Z
328,24,14,,,2026-07-02T00:41:38Z
328,24,15,,,2026-07-02T00:41:38Z
328,24,16,,,2026-07-02T00:41:38Z
328,24,17,,,2026-07-02T00:41:38Z
328,24,18,,,2026-07-02T00:41:38Z
328,24,19,,,2026-07-02T00:41:38Z
328,24,2,,,2026-07-02T00:41:38Z
328,24,3,,,2026-07-02T00:41:38Z
328,24,4,,,2026-07-02T00:41:38Z
328,24,5,,,2026-07-02T00:41:38Z
328,24,6,,,2026-07-02T00:41:38Z
328,24,7,,,2026-07-02T00:41:38Z
328,24,8,,,2026-07-02T00:41:38Z
328,24,9,,,2026-07-02T00:41:38Z
328,25,10,,,2026-07-02T00:41:38Z
328,25,11,,,2026-07-02T00:41:38Z
328,25,12,,,2026-07-02T00:41:38Z
328,25,13,,,2026-07-02T00:41:38Z
328,25,14,,,2026-07-02T00:41:38Z
328,25,15,,,2026-07-02T00:41:38Z
328,25,16,,,2026-07-02T00:41:38Z
328,25,17,,,2026-07-02T00:41:38Z
328,25,18,,,2026-07-02T00:41:38Z
328,25,19,,,2026-07-02T00:41:38Z
328,25,2,,,2026-07-02T00:41:38Z
328,25,3,,,2026-07-02T00:41:38Z
328,25,4,,,2026-07-02T00:41:38Z
328,25,5,,,2026-07-02T00:41:38Z
328,25,6,,,2026-07-02T00:41:38Z
328,25,7,,,2026-07-02T00:41:38Z
328,25,8,,,2026-07-02T00:41:38Z
328,25,9,,,2026-07-02T00:41:38Z
328,26,10,,,2026-07-02T00:41:38Z
328,26,11,,,2026-07-02T00:41:38Z
328,26,12,,,2026-07-02T00:41:38Z
328,26,13,,,2026-07-02T00:41:38Z
328,26,14,,,2026-07-02T00:41:38Z
328,26,15,,,2026-07-02T00:41:38Z
328,26,16,,,2026-07-02T00:41:38Z
328,26,17,,,2026-07-02T00:41:38Z
328,26,18,,,2026-07-02T00:41:38Z
328,26,19,,,2026-07-02T00:41:38Z
328,26,2,,,2026-07-02T00:41:38Z
328,26,3,,,2026-07-02T00:41:38Z
328,26,4,,,2026-07-02T00:41:38Z
328,26,5,,,2026-07-02T00:41:38Z
328,26,6,,,2026-07-02T00:41:38Z
328,26,7,,,2026-07-02T00:41:38Z
328,26,8,,,2026-07-02T00:41:38Z
328,26,9,,,2026-07-02T00:41:38Z
328,28,10,,,2026-07-02T00:41:38Z
328,28,11,,,2026-07-02T00:41:38Z
328,28,12,,,2026-07-02T00:41:38Z
328,28,13,,,2026-07-02T00:41:38Z
328,28,14,,,2026-07-02T00:41:38Z
328,28,15,,,2026-07-02T00:41:38Z
328,28,16,,,2026-07-02T00:41:38Z
328,28,17,,,2026-07-02T00:41:38Z
328,28,18,,,2026-07-02T00:41:38Z
328,28,19,,,2026-07-02T00:41:38Z
328,28,2,,,2026-07-02T00:41:38Z
328,28,3,,,2026-07-02T00:41:38Z
328,28,4,,,2026-07-02T00:41:38Z
328,28,5,,,2026-07-02T00:41:38Z
328,28,6,,,2026-07-02T00:41:38Z
328,28,7,,,2026-07-02T00:41:38Z
328,28,8,,,2026-07-02T00:41:38Z
328,28,9,,,2026-07-02T00:41:38Z
328,29,10,,,2026-07-02T00:41:38Z
328,29,11,,,2026-07-02T00:41:38Z
328,29,12,,,2026-07-02T00:41:38Z
328,29,13,,,2026-07-02T00:41:38Z
328,29,14,,,2026-07-02T00:41:38Z
328,29,15,,,2026-07-02T00:41:38Z
328,29,16,,,2026-07-02T00:41:38Z
328,29,17,,,2026-07-02T00:41:38Z
328,29,18,,,2026-07-02T00:41:38Z
328,29,19,,,2026-07-02T00:41:38Z
328,29,2,,,2026-07-02T00:41:38Z
328,29,3,,,2026-07-02T00:41:38Z
328,29,4,,,2026-07-02T00:41:38Z
328,29,5,,,2026-07-02T00:41:38Z
328,29,6,,,2026-07-02T00:41:38Z
328,29,7,,,2026-07-02T00:41:38Z
328,29,8,,,2026-07-02T00:41:38Z
328,29,9,,,2026-07-02T00:41:38Z
328,37,10,,,2026-07-02T00:41:38Z
328,37,11,,,2026-07-02T00:41:38Z
328,37,12,,,2026-07-02T00:41:38Z
328,37,13,,,2026-07-02T00:41:38Z
328,37,14,,,2026-07-02T00:41:38Z
328,37,15,,,2026-07-02T00:41:38Z
328,37,16,,,2026-07-02T00:41:38Z
328,37,17,,,2026-07-02T00:41:38Z
328,37,18,,,2026-07-02T00:41:38Z
328,37,19,,,2026-07-02T00:41:38Z
328,37,2,,,2026-07-02T00:41:38Z
328,37,3,,,2026-07-02T00:41:38Z
328,37,4,,,2026-07-02T00:41:38Z
328,37,5,,,2026-07-02T00:41:38Z
328,37,6,,,2026-07-02T00:41:38Z
328,37,7,,,2026-07-02T00:41:38Z
328,37,8,,,2026-07-02T00:41:38Z
328,37,9,,,2026-07-02T00:41:38Z
328,30,10,,,2026-07-02T00:41:38Z
328,30,11,,,2026-07-02T00:41:38Z
328,30,12,,,2026-07-02T00:41:38Z
328,30,13,,,2026-07-02T00:41:38Z
328,30,14,,,2026-07-02T00:41:38Z
328,30,15,,,2026-07-02T00:41:38Z
328,30,16,,,2026-07-02T00:41:38Z
328,30,17,,,2026-07-02T00:41:38Z
328,30,18,,,2026-07-02T00:41:38Z
328,30,19,,,2026-07-02T00:41:38Z
328,30,2,,,2026-07-02T00:41:38Z
328,30,3,,,2026-07-02T00:41:38Z
328,30,4,,,2026-07-02T00:41:38Z
328,30,5,,,2026-07-02T00:41:38Z
328,30,6,,,2026-07-02T00:41:38Z
328,30,7,,,2026-07-02T00:41:38Z
328,30,8,,,2026-07-02T00:41:38Z
328,30,9,,,2026-07-02T00:41:38Z
328,31,10,,,2026-07-02T00:41:38Z
328,31,11,,,2026-07-02T00:41:38Z
328,31,12,,,2026-07-02T00:41:38Z
328,31,13,,,2026-07-02T00:41:38Z
328,31,14,,,2026-07-02T00:41:38Z
328,31,15,,,2026-07-02T00:41:38Z
328,31,16,,,2026-07-02T00:41:38Z
328,31,17,,,2026-07-02T00:41:38Z
328,31,18,,,2026-07-02T00:41:38Z
328,31,19,,,2026-07-02T00:41:38Z
328,31,2,,,2026-07-02T00:41:38Z
328,31,3,,,2026-07-02T00:41:38Z
328,31,4,,,2026-07-02T00:41:38Z
328,31,5,,,2026-07-02T00:41:38Z
328,31,6,,,2026-07-02T00:41:38Z
328,31,7,,,2026-07-02T00:41:38Z
328,31,8,,,2026-07-02T00:41:38Z
328,31,9,,,2026-07-02T00:41:38Z
328,32,10,,,2026-07-02T00:41:38Z
328,32,11,,,2026-07-02T00:41:38Z
328,32,12,,,2026-07-02T00:41:38Z
328,32,13,,,2026-07-02T00:41:38Z
328,32,14,,,2026-07-02T00:41:38Z
328,32,15,,,2026-07-02T00:41:38Z
328,32,16,,,2026-07-02T00:41:38Z
328,32,17,,,2026-07-02T00:41:38Z
328,32,18,,,2026-07-02T00:41:38Z
328,32,19,,,2026-07-02T00:41:38Z
328,32,2,,,2026-07-02T00:41:38Z
328,32,3,,,2026-07-02T00:41:38Z
328,32,4,,,2026-07-02T00:41:38Z
328,32,5,,,2026-07-02T00:41:38Z
328,32,6,,,2026-07-02T00:41:38Z
328,32,7,,,2026-07-02T00:41:38Z
328,32,8,,,2026-07-02T00:41:38Z
328,32,9,,,2026-07-02T00:41:38Z
328,33,10,,,2026-07-02T00:41:38Z
328,33,11,,,2026-07-02T00:41:38Z
328,33,12,,,2026-07-02T00:41:38Z
328,33,13,,,2026-07-02T00:41:38Z
328,33,14,,,2026-07-02T00:41:38Z
328,33,15,,,2026-07-02T00:41:38Z
328,33,16,,,2026-07-02T00:41:38Z
328,33,17,,,2026-07-02T00:41:38Z
328,33,18,,,2026-07-02T00:41:38Z
328,33,19,,,2026-07-02T00:41:38Z
328,33,2,,,2026-07-02T00:41:38Z
328,33,3,,,2026-07-02T00:41:38Z
328,33,4,,,2026-07-02T00:41:38Z
328,33,5,,,2026-07-02T00:41:38Z
328,33,6,,,2026-07-02T00:41:38Z
328,33,7,,,2026-07-02T00:41:38Z
328,33,8,,,2026-07-02T00:41:38Z
328,33,9,,,2026-07-02T00:41:38Z
328,34,10,,,2026-07-02T00:41:38Z
328,34,11,,,2026-07-02T00:41:38Z
328,34,12,,,2026-07-02T00:41:38Z
328,34,13,,,2026-07-02T00:41:38Z
328,34,14,,,2026-07-02T00:41:38Z
328,34,15,,,2026-07-02T00:41:38Z
328,34,16,,,2026-07-02T00:41:38Z
328,34,17,,,2026-07-02T00:41:38Z
328,34,18,,,2026-07-02T00:41:38Z
328,34,19,,,2026-07-02T00:41:38Z
328,34,2,,,2026-07-02T00:41:38Z
328,34,3,,,2026-07-02T00:41:38Z
328,34,4,,,2026-07-02T00:41:38Z
328,34,5,,,2026-07-02T00:41:38Z
328,34,6,,,2026-07-02T00:41:38Z
328,34,7,,,2026-07-02T00:41:38Z
328,34,8,,,2026-07-02T00:41:38Z
328,34,9,,,2026-07-02T00:41:38Z
328,35,10,,,2026-07-02T00:41:38Z
328,35,11,,,2026-07-02T00:41:38Z
328,35,12,,,2026-07-02T00:41:38Z
328,35,13,,,2026-07-02T00:41:38Z
328,35,14,,,2026-07-02T00:41:38Z
328,35,15,,,2026-07-02T00:41:38Z
328,35,16,,,2026-07-02T00:41:38Z
328,35,17,,,2026-07-02T00:41:38Z
328,35,18,,,2026-07-02T00:41:38Z
328,35,19,,,2026-07-02T00:41:38Z
328,35,2,,,2026-07-02T00:41:38Z
328,35,3,,,2026-07-02T00:41:38Z
328,35,4,,,2026-07-02T00:41:38Z
328,35,5,,,2026-07-02T00:41:38Z
328,35,6,,,2026-07-02T00:41:38Z
328,35,7,,,2026-07-02T00:41:38Z
328,35,8,,,2026-07-02T00:41:38Z
328,35,9,,,2026-07-02T00:41:38Z
328,36,10,,,2026-07-02T00:41:38Z
328,36,11,,,2026-07-02T00:41:38Z
328,36,12,,,2026-07-02T00:41:38Z
328,36,13,,,2026-07-02T00:41:38Z
328,36,14,,,2026-07-02T00:41:38Z
328,36,15,,,2026-07-02T00:41:38Z
328,36,16,,,2026-07-02T00:41:38Z
328,36,17,,,2026-07-02T00:41:38Z
328,36,18,,,2026-07-02T00:41:38Z
328,36,19,,,2026-07-02T00:41:38Z
328,36,2,,,2026-07-02T00:41:38Z
328,36,3,,,2026-07-02T00:41:38Z
328,36,4,,,2026-07-02T00:41:38Z
328,36,5,,,2026-07-02T00:41:38Z
328,36,6,,,2026-07-02T00:41:38Z
328,36,7,,,2026-07-02T00:41:38Z
328,36,8,,,2026-07-02T00:41:38Z
328,36,9,,,2026-07-02T00:41:38Z
328,38,10,,,2026-07-02T00:41:38Z
328,38,11,,,2026-07-02T00:41:38Z
328,38,12,,,2026-07-02T00:41:38Z
328,38,13,,,2026-07-02T00:41:38Z
328,38,14,,,2026-07-02T00:41:38Z
328,38,15,,,2026-07-02T00:41:38Z
328,38,16,,,2026-07-02T00:41:38Z
328,38,17,,,2026-07-02T00:41:38Z
328,38,18,,,2026-07-02T00:41:38Z
328,38,19,,,2026-07-02T00:41:38Z
328,38,2,,,2026-07-02T00:41:38Z
328,38,3,,,2026-07-02T00:41:38Z
328,38,4,,,2026-07-02T00:41:38Z
328,38,5,,,2026-07-02T00:41:38Z
328,38,6,,,2026-07-02T00:41:38Z
328,38,7,,,2026-07-02T00:41:38Z
328,38,8,,,2026-07-02T00:41:38Z
328,38,9,,,2026-07-02T00:41:38Z
328,39,10,,,2026-07-02T00:41:38Z
328,39,11,,,2026-07-02T00:41:38Z
328,39,12,,,2026-07-02T00:41:38Z
328,39,13,,,2026-07-02T00:41:38Z
328,39,14,,,2026-07-02T00:41:38Z
328,39,15,,,2026-07-02T00:41:38Z
328,39,16,,,2026-07-02T00:41:38Z
328,39,17,,,2026-07-02T00:41:38Z
328,39,18,,,2026-07-02T00:41:38Z
328,39,19,,,2026-07-02T00:41:38Z
328,39,2,,,2026-07-02T00:41:38Z
328,39,3,,,2026-07-02T00:41:38Z
328,39,4,,,2026-07-02T00:41:38Z
328,39,5,,,2026-07-02T00:41:38Z
328,39,6,,,2026-07-02T00:41:38Z
328,39,7,,,2026-07-02T00:41:38Z
328,39,8,,,2026-07-02T00:41:38Z
328,39,9,,,2026-07-02T00:41:38Z
328,3,2,,,2026-07-02T00:41:38Z
328,40,10,,,2026-07-02T00:41:38Z
328,40,11,,,2026-07-02T00:41:38Z
328,40,12,,,2026-07-02T00:41:38Z
328,40,13,,,2026-07-02T00:41:38Z
328,40,14,,,2026-07-02T00:41:38Z
328,40,15,,,2026-07-02T00:41:38Z
328,40,16,,,2026-07-02T00:41:38Z
328,40,17,,,2026-07-02T00:41:38Z
328,40,18,,,2026-07-02T00:41:38Z
328,40,19,,,2026-07-02T00:41:38Z
328,40,20,,,2026-07-02T00:41:38Z
328,40,21,,,2026-07-02T00:41:38Z
328,40,3,,,2026-07-02T00:41:38Z
328,40,4,,,2026-07-02T00:41:38Z
328,40,5,,,2026-07-02T00:41:38Z
328,40,6,,,2026-07-02T00:41:38Z
328,40,7,,,2026-07-02T00:41:38Z
328,40,8,,,2026-07-02T00:41:38Z
328,40,9,,,2026-07-02T00:41:38Z
328,8,8,,,2026-07-02T00:41:38Z
328,8,9,,,2026-07-02T00:41:38Z
328,8,10,,,2026-07-02T00:41:38Z
328,8,11,,,2026-07-02T00:41:38Z
328,8,12,,,2026-07-02T00:41:38Z
328,8,13,,,2026-07-02T00:41:38Z
328,8,14,,,2026-07-02T00:41:38Z
328,8,15,,,2026-07-02T00:41:38Z
328,8,16,,,2026-07-02T00:41:38Z
328,9,5,,,2026-07-02T00:41:38Z
328,9,6,,,2026-07-02T00:41:38Z
328,9,7,,,2026-07-02T00:41:38Z
328,9,8,,,2026-07-02T00:41:38Z
328,9,9,,,2026-07-02T00:41:38Z
328,9,10,,,2026-07-02T00:41:38Z
328,9,11,,,2026-07-02T00:41:38Z
328,9,12,,,2026-07-02T00:41:38Z
328,9,13,,,2026-07-02T00:41:38Z
328,9,14,,,2026-07-02T00:41:38Z
328,9,15,,,2026-07-02T00:41:38Z
328,9,16,,,2026-07-02T00:41:38Z
328,9,17,,,2026-07-02T00:41:38Z
328,9,18,,,2026-07-02T00:41:38Z
328,9,19,,,2026-07-02T00:41:38Z
329,10,10,,,2026-07-02T00:41:38Z
329,10,2,,,2026-07-02T00:41:38Z
329,10,3,,,2026-07-02T00:41:38Z
329,10,4,,,2026-07-02T00:41:38Z
329,10,5,,,2026-07-02T00:41:38Z
329,10,6,,,2026-07-02T00:41:38Z
329,10,7,,,2026-07-02T00:41:38Z
329,10,8,,,2026-07-02T00:41:38Z
329,10,9,,,2026-07-02T00:41:38Z
329,11,10,,,2026-07-02T00:41:38Z
329,11,11,,,2026-07-02T00:41:38Z
329,11,2,,,2026-07-02T00:41:38Z
329,11,3,,,2026-07-02T00:41:38Z
329,11,4,,,2026-07-02T00:41:38Z
329,11,5,,,2026-07-02T00:41:38Z
329,11,6,,,2026-07-02T00:41:38Z
329,11,7,,,2026-07-02T00:41:38Z
329,11,8,,,2026-07-02T00:41:38Z
329,11,9,,,2026-07-02T00:41:38Z
329,12,10,,,2026-07-02T00:41:38Z
329,12,11,,,2026-07-02T00:41:38Z
329,12,2,,,2026-07-02T00:41:38Z
329,12,3,,,2026-07-02T00:41:38Z
329,12,4,,,2026-07-02T00:41:38Z
329,12,5,,,2026-07-02T00:41:38Z
329,12,6,,,2026-07-02T00:41:38Z
329,12,7,,,2026-07-02T00:41:38Z
329,12,8,,,2026-07-02T00:41:38Z
329,12,9,,,2026-07-02T00:41:38Z
329,16,10,,,2026-07-02T00:41:38Z
329,16,11,,,2026-07-02T00:41:38Z
329,16,12,,,2026-07-02T00:41:38Z
329,16,13,,,2026-07-02T00:41:38Z
329,16,2,,,2026-07-02T00:41:38Z
329,16,3,,,2026-07-02T00:41:38Z
329,16,4,,,2026-07-02T00:41:38Z
329,16,5,,,2026-07-02T00:41:38Z
329,16,6,,,2026-07-02T00:41:38Z
329,16,7,,,2026-07-02T00:41:38Z
329,16,8,,,2026-07-02T00:41:38Z
329,16,9,,,2026-07-02T00:41:38Z
329,18,10,,,2026-07-02T00:41:38Z
329,18,11,,,2026-07-02T00:41:38Z
329,18,12,,,2026-07-02T00:41:38Z
329,18,13,,,2026-07-02T00:41:38Z
329,18,14,,,2026-07-02T00:41:38Z
329,18,2,,,2026-07-02T00:41:38Z
329,18,3,,,2026-07-02T00:41:38Z
329,18,4,,,2026-07-02T00:41:38Z
329,18,5,,,2026-07-02T00:41:38Z
329,18,6,,,2026-07-02T00:41:38Z
329,18,7,,,2026-07-02T00:41:38Z
329,18,8,,,2026-07-02T00:41:38Z
329,18,9,,,2026-07-02T00:41:38Z
329,19,10,,,2026-07-02T00:41:38Z
329,19,11,,,2026-07-02T00:41:38Z
329,19,12,,,2026-07-02T00:41:38Z
329,19,13,,,2026-07-02T00:41:38Z
329,19,14,,,2026-07-02T00:41:38Z
329,19,15,,,2026-07-02T00:41:38Z
329,19,2,,,2026-07-02T00:41:38Z
329,19,3,,,2026-07-02T00:41:38Z
329,19,4,,,2026-07-02T00:41:38Z
329,19,5,,,2026-07-02T00:41:38Z
329,19,6,,,2026-07-02T00:41:38Z
329,19,7,,,2026-07-02T00:41:38Z
329,19,8,,,2026-07-02T00:41:38Z
329,19,9,,,2026-07-02T00:41:38Z
329,1,3,,,2026-07-02T00:41:38Z
329,27,10,,,2026-07-02T00:41:38Z
329,27,11,,,2026-07-02T00:41:38Z
329,27,12,,,2026-07-02T00:41:38Z
329,27,13,,,2026-07-02T00:41:38Z
329,27,14,,,2026-07-02T00:41:38Z
329,27,15,,,2026-07-02T00:41:38Z
329,27,16,,,2026-07-02T00:41:38Z
329,27,17,,,2026-07-02T00:41:38Z
329,27,18,,,2026-07-02T00:41:38Z
329,27,2,,,2026-07-02T00:41:38Z
329,27,3,,,2026-07-02T00:41:38Z
329,27,4,,,2026-07-02T00:41:38Z
329,27,5,,,2026-07-02T00:41:38Z
329,27,6,,,2026-07-02T00:41:38Z
329,27,7,,,2026-07-02T00:41:38Z
329,27,8,,,2026-07-02T00:41:38Z
329,27,9,,,2026-07-02T00:41:38Z
329,20,10,,,2026-07-02T00:41:38Z
329,20,11,,,2026-07-02T00:41:38Z
329,20,12,,,2026-07-02T00:41:38Z
329,20,13,,,2026-07-02T00:41:38Z
329,20,14,,,2026-07-02T00:41:38Z
329,20,15,,,2026-07-02T00:41:38Z
329,20,2,,,2026-07-02T00:41:38Z
329,20,3,,,2026-07-02T00:41:38Z
329,20,4,,,2026-07-02T00:41:38Z
329,20,5,,,2026-07-02T00:41:38Z
329,20,6,,,2026-07-02T00:41:38Z
329,20,7,,,2026-07-02T00:41:38Z
329,20,8,,,2026-07-02T00:41:38Z
329,20,9,,,2026-07-02T00:41:38Z
329,21,10,,,2026-07-02T00:41:38Z
329,21,11,,,2026-07-02T00:41:38Z
329,21,12,,,2026-07-02T00:41:38Z
329,21,13,,,2026-07-02T00:41:38Z
329,21,14,,,2026-07-02T00:41:38Z
329,21,15,,,2026-07-02T00:41:38Z
329,21,2,,,2026-07-02T00:41:38Z
329,21,3,,,2026-07-02T00:41:38Z
329,21,4,,,2026-07-02T00:41:38Z
329,21,5,,,2026-07-02T00:41:38Z
329,21,6,,,2026-07-02T00:41:38Z
329,21,7,,,2026-07-02T00:41:38Z
329,21,8,,,2026-07-02T00:41:38Z
329,21,9,,,2026-07-02T00:41:38Z
329,22,10,,,2026-07-02T00:41:38Z
329,22,11,,,2026-07-02T00:41:38Z
329,22,12,,,2026-07-02T00:41:38Z
329,22,13,,,2026-07-02T00:41:38Z
329,22,14,,,2026-07-02T00:41:38Z
329,22,15,,,2026-07-02T00:41:38Z
329,22,16,,,2026-07-02T00:41:38Z
329,22,2,,,2026-07-02T00:41:38Z
329,22,3,,,2026-07-02T00:41:38Z
329,22,4,,,2026-07-02T00:41:38Z
329,22,5,,,2026-07-02T00:41:38Z
329,22,6,,,2026-07-02T00:41:38Z
329,22,7,,,2026-07-02T00:41:38Z
329,22,8,,,2026-07-02T00:41:38Z
329,22,9,,,2026-07-02T00:41:38Z
329,23,10,,,2026-07-02T00:41:38Z
329,23,11,,,2026-07-02T00:41:38Z
329,23,12,,,2026-07-02T00:41:38Z
329,23,13,,,2026-07-02T00:41:38Z
329,23,14,,,2026-07-02T00:41:38Z
329,23,15,,,2026-07-02T00:41:38Z
329,23,16,,,2026-07-02T00:41:38Z
329,23,2,,,2026-07-02T00:41:38Z
329,23,3,,,2026-07-02T00:41:38Z
329,23,4,,,2026-07-02T00:41:38Z
329,23,5,,,2026-07-02T00:41:38Z
329,23,6,,,2026-07-02T00:41:38Z
329,23,7,,,2026-07-02T00:41:38Z
329,23,8,,,2026-07-02T00:41:38Z
329,23,9,,,2026-07-02T00:41:38Z
329,24,10,,,2026-07-02T00:41:38Z
329,24,11,,,2026-07-02T00:41:38Z
329,24,12,,,2026-07-02T00:41:38Z
329,24,13,,,2026-07-02T00:41:38Z
329,24,14,,,2026-07-02T00:41:38Z
329,24,15,,,2026-07-02T00:41:38Z
329,24,16,,,2026-07-02T00:41:38Z
329,24,17,,,2026-07-02T00:41:38Z
329,24,2,,,2026-07-02T00:41:38Z
329,24,3,,,2026-07-02T00:41:38Z
329,24,4,,,2026-07-02T00:41:38Z
329,24,5,,,2026-07-02T00:41:38Z
329,24,6,,,2026-07-02T00:41:38Z
329,24,7,,,2026-07-02T00:41:38Z
329,24,8,,,2026-07-02T00:41:38Z
329,24,9,,,2026-07-02T00:41:38Z
329,25,10,,,2026-07-02T00:41:38Z
329,25,11,,,2026-07-02T00:41:38Z
329,25,12,,,2026-07-02T00:41:38Z
329,25,13,,,2026-07-02T00:41:38Z
329,25,14,,,2026-07-02T00:41:38Z
329,25,15,,,2026-07-02T00:41:38Z
329,25,16,,,2026-07-02T00:41:38Z
329,25,17,,,2026-07-02T00:41:38Z
329,25,2,,,2026-07-02T00:41:38Z
329,25,3,,,2026-07-02T00:41:38Z
329,25,4,,,2026-07-02T00:41:38Z
329,25,5,,,2026-07-02T00:41:38Z
329,25,6,,,2026-07-02T00:41:38Z
329,25,7,,,2026-07-02T00:41:38Z
329,25,8,,,2026-07-02T00:41:38Z
329,25,9,,,2026-07-02T00:41:38Z
329,26,10,,,2026-07-02T00:41:38Z
329,26,11,,,2026-07-02T00:41:38Z
329,26,12,,,2026-07-02T00:41:38Z
329,26,13,,,2026-07-02T00:41:38Z
329,26,14,,,2026-07-02T00:41:38Z
329,26,15,,,2026-07-02T00:41:38Z
329,26,16,,,2026-07-02T00:41:38Z
329,26,17,,,2026-07-02T00:41:38Z
329,26,18,,,2026-07-02T00:41:38Z
329,26,2,,,2026-07-02T00:41:38Z
329,26,3,,,2026-07-02T00:41:38Z
329,26,4,,,2026-07-02T00:41:38Z
329,26,5,,,2026-07-02T00:41:38Z
329,26,6,,,2026-07-02T00:41:38Z
329,26,7,,,2026-07-02T00:41:38Z
329,26,8,,,2026-07-02T00:41:38Z
329,26,9,,,2026-07-02T00:41:38Z
329,28,10,,,2026-07-02T00:41:38Z
329,28,11,,,2026-07-02T00:41:38Z
329,28,12,,,2026-07-02T00:41:38Z
329,28,13,,,2026-07-02T00:41:38Z
329,28,14,,,2026-07-02T00:41:38Z
329,28,15,,,2026-07-02T00:41:38Z
329,28,16,,,2026-07-02T00:41:38Z
329,28,17,,,2026-07-02T00:41:38Z
329,28,18,,,2026-07-02T00:41:38Z
329,28,19,,,2026-07-02T00:41:38Z
329,28,2,,,2026-07-02T00:41:38Z
329,28,3,,,2026-07-02T00:41:38Z
329,28,4,,,2026-07-02T00:41:38Z
329,28,5,,,2026-07-02T00:41:38Z
329,28,6,,,2026-07-02T00:41:38Z
329,28,7,,,2026-07-02T00:41:38Z
329,28,8,,,2026-07-02T00:41:38Z
329,28,9,,,2026-07-02T00:41:38Z
329,29,10,,,2026-07-02T00:41:38Z
329,29,11,,,2026-07-02T00:41:38Z
329,29,12,,,2026-07-02T00:41:38Z
329,29,13,,,2026-07-02T00:41:38Z
329,29,14,,,2026-07-02T00:41:38Z
329,29,15,,,2026-07-02T00:41:38Z
329,29,16,,,2026-07-02T00:41:38Z
329,29,17,,,2026-07-02T00:41:38Z
329,29,18,,,2026-07-02T00:41:38Z
329,29,19,,,2026-07-02T00:41:38Z
329,29,2,,,2026-07-02T00:41:38Z
329,29,3,,,2026-07-02T00:41:38Z
329,29,4,,,2026-07-02T00:41:38Z
329,29,5,,,2026-07-02T00:41:38Z
329,29,6,,,2026-07-02T00:41:38Z
329,29,7,,,2026-07-02T00:41:38Z
329,29,8,,,2026-07-02T00:41:38Z
329,29,9,,,2026-07-02T00:41:38Z
329,37,10,,,2026-07-02T00:41:38Z
329,37,2,,,2026-07-02T00:41:38Z
329,37,3,,,2026-07-02T00:41:38Z
329,37,4,,,2026-07-02T00:41:38Z
329,37,5,,,2026-07-02T00:41:38Z
329,37,6,,,2026-07-02T00:41:38Z
329,37,7,,,2026-07-02T00:41:38Z
329,37,8,,,2026-07-02T00:41:38Z
329,37,9,,,2026-07-02T00:41:38Z
329,30,10,,,2026-07-02T00:41:38Z
329,30,11,,,2026-07-02T00:41:38Z
329,30,12,,,2026-07-02T00:41:38Z
329,30,13,,,2026-07-02T00:41:38Z
329,30,14,,,2026-07-02T00:41:38Z
329,30,15,,,2026-07-02T00:41:38Z
329,30,16,,,2026-07-02T00:41:38Z
329,30,17,,,2026-07-02T00:41:38Z
329,30,18,,,2026-07-02T00:41:38Z
329,30,19,,,2026-07-02T00:41:38Z
329,30,20,,,2026-07-02T00:41:38Z
329,30,3,,,2026-07-02T00:41:38Z
329,30,4,,,2026-07-02T00:41:38Z
329,30,5,,,2026-07-02T00:41:38Z
329,30,6,,,2026-07-02T00:41:38Z
329,30,7,,,2026-07-02T00:41:38Z
329,30,8,,,2026-07-02T00:41:38Z
329,30,9,,,2026-07-02T00:41:38Z
329,31,10,,,2026-07-02T00:41:38Z
329,31,11,,,2026-07-02T00:41:38Z
329,31,12,,,2026-07-02T00:41:38Z
329,31,13,,,2026-07-02T00:41:38Z
329,31,14,,,2026-07-02T00:41:38Z
329,31,15,,,2026-07-02T00:41:38Z
329,31,16,,,2026-07-02T00:41:38Z
329,31,17,,,2026-07-02T00:41:38Z
329,31,18,,,2026-07-02T00:41:38Z
329,31,19,,,2026-07-02T00:41:38Z
329,31,20,,,2026-07-02T00:41:38Z
329,31,3,,,2026-07-02T00:41:38Z
329,31,4,,,2026-07-02T00:41:38Z
329,31,5,,,2026-07-02T00:41:38Z
329,31,6,,,2026-07-02T00:41:38Z
329,31,7,,,2026-07-02T00:41:38Z
329,31,8,,,2026-07-02T00:41:38Z
329,31,9,,,2026-07-02T00:41:38Z
329,32,10,,,2026-07-02T00:41:38Z
329,32,11,,,2026-07-02T00:41:38Z
329,32,12,,,2026-07-02T00:41:38Z
329,32,13,,,2026-07-02T00:41:38Z
329,32,14,,,2026-07-02T00:41:38Z
329,32,15,,,2026-07-02T00:41:38Z
329,32,16,,,2026-07-02T00:41:38Z
329,32,17,,,2026-07-02T00:41:38Z
329,32,18,,,2026-07-02T00:41:38Z
329,32,19,,,2026-07-02T00:41:38Z
329,32,20,,,2026-07-02T00:41:38Z
329,32,21,,,2026-07-02T00:41:38Z
329,32,3,,,2026-07-02T00:41:38Z
329,32,4,,,2026-07-02T00:41:38Z
329,32,5,,,2026-07-02T00:41:38Z
329,32,6,,,2026-07-02T00:41:38Z
329,32,7,,,2026-07-02T00:41:38Z
329,32,8,,,2026-07-02T00:41:38Z
329,32,9,,,2026-07-02T00:41:38Z
329,33,10,,,2026-07-02T00:41:38Z
329,33,11,,,2026-07-02T00:41:38Z
329,33,12,,,2026-07-02T00:41:38Z
329,33,13,,,2026-07-02T00:41:38Z
329,33,14,,,2026-07-02T00:41:38Z
329,33,15,,,2026-07-02T00:41:38Z
329,33,16,,,2026-07-02T00:41:38Z
329,33,17,,,2026-07-02T00:41:38Z
329,33,18,,,2026-07-02T00:41:38Z
329,33,19,,,2026-07-02T00:41:38Z
329,33,20,,,2026-07-02T00:41:38Z
329,33,21,,,2026-07-02T00:41:38Z
329,33,3,,,2026-07-02T00:41:38Z
329,33,4,,,2026-07-02T00:41:38Z
329,33,5,,,2026-07-02T00:41:38Z
329,33,6,,,2026-07-02T00:41:38Z
329,33,7,,,2026-07-02T00:41:38Z
329,33,8,,,2026-07-02T00:41:38Z
329,33,9,,,2026-07-02T00:41:38Z
329,34,10,,,2026-07-02T00:41:38Z
329,34,11,,,2026-07-02T00:41:38Z
329,34,12,,,2026-07-02T00:41:38Z
329,34,13,,,2026-07-02T00:41:38Z
329,34,14,,,2026-07-02T00:41:38Z
329,34,15,,,2026-07-02T00:41:38Z
329,34,16,,,2026-07-02T00:41:38Z
329,34,17,,,2026-07-02T00:41:38Z
329,34,18,,,2026-07-02T00:41:38Z
329,34,19,,,2026-07-02T00:41:38Z
329,34,2,,,2026-07-02T00:41:38Z
329,34,3,,,2026-07-02T00:41:38Z
329,34,4,,,2026-07-02T00:41:38Z
329,34,5,,,2026-07-02T00:41:38Z
329,34,6,,,2026-07-02T00:41:38Z
329,34,7,,,2026-07-02T00:41:38Z
329,34,8,,,2026-07-02T00:41:38Z
329,34,9,,,2026-07-02T00:41:38Z
329,35,10,,,2026-07-02T00:41:38Z
329,35,11,,,2026-07-02T00:41:38Z
329,35,12,,,2026-07-02T00:41:38Z
329,35,13,,,2026-07-02T00:41:38Z
329,35,14,,,2026-07-02T00:41:38Z
329,35,15,,,2026-07-02T00:41:38Z
329,35,16,,,2026-07-02T00:41:38Z
329,35,2,,,2026-07-02T00:41:38Z
329,35,3,,,2026-07-02T00:41:38Z
329,35,4,,,2026-07-02T00:41:38Z
329,35,5,,,2026-07-02T00:41:38Z
329,35,6,,,2026-07-02T00:41:38Z
329,35,7,,,2026-07-02T00:41:38Z
329,35,8,,,2026-07-02T00:41:38Z
329,35,9,,,2026-07-02T00:41:38Z
329,36,10,,,2026-07-02T00:41:38Z
329,36,11,,,2026-07-02T00:41:38Z
329,36,12,,,2026-07-02T00:41:38Z
329,36,13,,,2026-07-02T00:41:38Z
329,36,2,,,2026-07-02T00:41:38Z
329,36,3,,,2026-07-02T00:41:38Z
329,36,4,,,2026-07-02T00:41:38Z
329,36,5,,,2026-07-02T00:41:38Z
329,36,6,,,2026-07-02T00:41:38Z
329,36,7,,,2026-07-02T00:41:38Z
329,36,8,,,2026-07-02T00:41:38Z
329,36,9,,,2026-07-02T00:41:38Z
329,38,10,,,2026-07-02T00:41:38Z
329,38,11,,,2026-07-02T00:41:38Z
329,38,2,,,2026-07-02T00:41:38Z
329,38,3,,,2026-07-02T00:41:38Z
329,38,4,,,2026-07-02T00:41:38Z
329,38,5,,,2026-07-02T00:41:38Z
329,38,6,,,2026-07-02T00:41:38Z
329,38,7,,,2026-07-02T00:41:38Z
329,38,8,,,2026-07-02T00:41:38Z
329,38,9,,,2026-07-02T00:41:38Z
329,39,1,,,2026-07-02T00:41:38Z
329,39,2,,,2026-07-02T00:41:38Z
329,39,3,,,2026-07-02T00:41:38Z
329,39,4,,,2026-07-02T00:41:38Z
329,39,5,,,2026-07-02T00:41:38Z
329,39,6,,,2026-07-02T00:41:38Z
329,39,7,,,2026-07-02T00:41:38Z
329,39,8,,,2026-07-02T00:41:38Z
329,39,9,,,2026-07-02T00:41:38Z
329,3,1,,,2026-07-02T00:41:38Z
329,3,2,,,2026-07-02T00:41:38Z
329,3,3,,,2026-07-02T00:41:38Z
329,40,1,,,2026-07-02T00:41:38Z
329,40,2,,,2026-07-02T00:41:38Z
329,40,3,,,2026-07-02T00:41:38Z
329,40,4,,,2026-07-02T00:41:38Z
329,4,4,,,2026-07-02T00:41:38Z
329,4,5,,,2026-07-02T00:41:38Z
329,5,4,,,2026-07-02T00:41:38Z
329,5,5,,,2026-07-02T00:41:38Z
329,5,6,,,2026-07-02T00:41:38Z
329,6,4,,,2026-07-02T00:41:38Z
329,6,5,,,2026-07-02T00:41:38Z
329,6,6,,,2026-07-02T00:41:38Z
329,7,4,,,2026-07-02T00:41:38Z
329,7,5,,,2026-07-02T00:41:38Z
329,7,6,,,2026-07-02T00:41:38Z
329,7,7,,,2026-07-02T00:41:38Z
329,8,4,,,2026-07-02T00:41:38Z
329,8,5,,,2026-07-02T00:41:38Z
329,8,6,,,2026-07-02T00:41:38Z
329,8,7,,,2026-07-02T00:41:38Z
329,9,4,,,2026-07-02T00:41:38Z
329,9,5,,,2026-07-02T00:41:38Z
329,9,6,,,2026-07-02T00:41:38Z
329,9,7,,,2026-07-02T00:41:38Z
329,9,8,,,2026-07-02T00:41:38Z
329,9,9,,,2026-07-02T00:41:38Z
329,9,1,,,2026-07-02T00:41:38Z
329,9,10,,,2026-07-02T00:41:38Z
329,9,2,,,2026-07-02T00:41:38Z
329,9,3,,,2026-07-02T00:41:38Z
330,17,10,,,2026-07-02T00:41:38Z
330,17,11,,,2026-07-02T00:41:38Z
330,17,12,,,2026-07-02T00:41:38Z
330,17,13,,,2026-07-02T00:41:38Z
330,17,14,,,2026-07-02T00:41:38Z
330,17,15,,,2026-07-02T00:41:38Z
330,17,16,,,2026-07-02T00:41:38Z
330,17,17,,,2026-07-02T00:41:38Z
330,17,18,,,2026-07-02T00:41:38Z
330,17,2,,,2026-07-02T00:41:38Z
330,17,3,,,2026-07-02T00:41:38Z
330,17,4,,,2026-07-02T00:41:38Z
330,17,5,,,2026-07-02T00:41:38Z
330,17,6,,,2026-07-02T00:41:38Z
330,17,7,,,2026-07-02T00:41:38Z
330,17,8,,,2026-07-02T00:41:38Z
330,17,9,,,2026-07-02T00:41:38Z
330,10,10,,,2026-07-02T00:41:38Z
330,10,11,,,2026-07-02T00:41:38Z
330,10,12,,,2026-07-02T00:41:38Z
330,10,13,,,2026-07-02T00:41:38Z
330,10,14,,,2026-07-02T00:41:38Z
330,10,15,,,2026-07-02T00:41:38Z
330,10,2,,,2026-07-02T00:41:38Z
330,10,3,,,2026-07-02T00:41:38Z
330,10,4,,,2026-07-02T00:41:38Z
330,10,5,,,2026-07-02T00:41:38Z
330,10,6,,,2026-07-02T00:41:38Z
330,10,7,,,2026-07-02T00:41:38Z
330,10,8,,,2026-07-02T00:41:38Z
330,10,9,,,2026-07-02T00:41:38Z
330,12,10,,,2026-07-02T00:41:38Z
330,12,11,,,2026-07-02T00:41:38Z
330,12,12,,,2026-07-02T00:41:38Z
330,12,13,,,2026-07-02T00:41:38Z
330,12,14,,,2026-07-02T00:41:38Z
330,12,15,,,2026-07-02T00:41:38Z
330,12,16,,,2026-07-02T00:41:38Z
330,12,2,,,2026-07-02T00:41:38Z
330,12,3,,,2026-07-02T00:41:38Z
330,12,4,,,2026-07-02T00:41:38Z
330,12,5,,,2026-07-02T00:41:38Z
330,12,6,,,2026-07-02T00:41:38Z
330,12,7,,,2026-07-02T00:41:38Z
330,12,8,,,2026-07-02T00:41:38Z
330,12,9,,,2026-07-02T00:41:38Z
330,14,10,,,2026-07-02T00:41:38Z
330,14,11,,,2026-07-02T00:41:38Z
330,14,12,,,2026-07-02T00:41:38Z
330,14,13,,,2026-07-02T00:41:38Z
330,14,14,,,2026-07-02T00:41:38Z
330,14,15,,,2026-07-02T00:41:38Z
330,14,16,,,2026-07-02T00:41:38Z
330,14,17,,,2026-07-02T00:41:38Z
330,14,2,,,2026-07-02T00:41:38Z
330,14,3,,,2026-07-02T00:41:38Z
330,14,4,,,2026-07-02T00:41:38Z
330,14,5,,,2026-07-02T00:41:38Z
330,14,6,,,2026-07-02T00:41:38Z
330,14,7,,,2026-07-02T00:41:38Z
330,14,8,,,2026-07-02T00:41:38Z
330,14,9,,,2026-07-02T00:41:38Z
330,16,10,,,2026-07-02T00:41:38Z
330,16,11,,,2026-07-02T00:41:38Z
330,16,12,,,2026-07-02T00:41:38Z
330,16,13,,,2026-07-02T00:41:38Z
330,16,14,,,2026-07-02T00:41:38Z
330,16,15,,,2026-07-02T00:41:38Z
330,16,16,,,2026-07-02T00:41:38Z
330,16,17,,,2026-07-02T00:41:38Z
330,16,18,,,2026-07-02T00:41:38Z
330,16,2,,,2026-07-02T00:41:38Z
330,16,3,,,2026-07-02T00:41:38Z
330,16,4,,,2026-07-02T00:41:38Z
330,16,5,,,2026-07-02T00:41:38Z
330,16,6,,,2026-07-02T00:41:38Z
330,16,7,,,2026-07-02T00:41:38Z
330,16,8,,,2026-07-02T00:41:38Z
330,16,9,,,2026-07-02T00:41:38Z
330,18,10,,,2026-07-02T00:41:38Z
330,18,11,,,2026-07-02T00:41:38Z
330,18,12,,,2026-07-02T00:41:38Z
330,18,13,,,2026-07-02T00:41:38Z
330,18,14,,,2026-07-02T00:41:38Z
330,18,15,,,2026-07-02T00:41:38Z
330,18,16,,,2026-07-02T00:41:38Z
330,18,17,,,2026-07-02T00:41:38Z
330,18,18,,,2026-07-02T00:41:38Z
330,18,19,,,2026-07-02T00:41:38Z
330,18,2,,,2026-07-02T00:41:38Z
330,18,3,,,2026-07-02T00:41:38Z
330,18,4,,,2026-07-02T00:41:38Z
330,18,5,,,2026-07-02T00:41:38Z
330,18,6,,,2026-07-02T00:41:38Z
330,18,7,,,2026-07-02T00:41:38Z
330,18,8,,,2026-07-02T00:41:38Z
330,18,9,,,2026-07-02T00:41:38Z
330,19,10,,,2026-07-02T00:41:38Z
330,19,11,,,2026-07-02T00:41:38Z
330,19,12,,,2026-07-02T00:41:38Z
330,19,13,,,2026-07-02T00:41:38Z
330,19,14,,,2026-07-02T00:41:38Z
330,19,15,,,2026-07-02T00:41:38Z
330,19,16,,,2026-07-02T00:41:38Z
330,19,17,,,2026-07-02T00:41:38Z
330,19,18,,,2026-07-02T00:41:38Z
330,19,19,,,2026-07-02T00:41:38Z
330,19,2,,,2026-07-02T00:41:38Z
330,19,3,,,2026-07-02T00:41:38Z
330,19,4,,,2026-07-02T00:41:38Z
330,19,5,,,2026-07-02T00:41:38Z
330,19,6,,,2026-07-02T00:41:38Z
330,19,7,,,2026-07-02T00:41:38Z
330,19,8,,,2026-07-02T00:41:38Z
330,19,9,,,2026-07-02T00:41:38Z
330,27,10,,,2026-07-02T00:41:38Z
330,27,11,,,2026-07-02T00:41:38Z
330,27,12,,,2026-07-02T00:41:38Z
330,27,13,,,2026-07-02T00:41:38Z
330,27,14,,,2026-07-02T00:41:38Z
330,27,15,,,2026-07-02T00:41:38Z
330,27,16,,,2026-07-02T00:41:38Z
330,27,17,,,2026-07-02T00:41:38Z
330,27,18,,,2026-07-02T00:41:38Z
330,27,19,,,2026-07-02T00:41:38Z
330,27,20,,,2026-07-02T00:41:38Z
330,27,21,,,2026-07-02T00:41:38Z
330,27,22,,,2026-07-02T00:41:38Z
330,27,23,,,2026-07-02T00:41:38Z
330,27,3,,,2026-07-02T00:41:38Z
330,27,4,,,2026-07-02T00:41:38Z
330,27,5,,,2026-07-02T00:41:38Z
330,27,6,,,2026-07-02T00:41:38Z
330,27,7,,,2026-07-02T00:41:38Z
330,27,8,,,2026-07-02T00:41:38Z
330,27,9,,,2026-07-02T00:41:38Z
330,20,10,,,2026-07-02T00:41:38Z
330,20,11,,,2026-07-02T00:41:38Z
330,20,12,,,2026-07-02T00:41:38Z
330,20,13,,,2026-07-02T00:41:38Z
330,20,14,,,2026-07-02T00:41:38Z
330,20,15,,,2026-07-02T00:41:38Z
330,20,16,,,2026-07-02T00:41:38Z
330,20,17,,,2026-07-02T00:41:38Z
330,20,18,,,2026-07-02T00:41:38Z
330,20,19,,,2026-07-02T00:41:38Z
330,20,20,,,2026-07-02T00:41:38Z
330,20,3,,,2026-07-02T00:41:38Z
330,20,4,,,2026-07-02T00:41:38Z
330,20,5,,,2026-07-02T00:41:38Z
330,20,6,,,2026-07-02T00:41:38Z
330,20,7,,,2026-07-02T00:41:38Z
330,20,8,,,2026-07-02T00:41:38Z
330,20,9,,,2026-07-02T00:41:38Z
330,21,10,,,2026-07-02T00:41:38Z
330,21,11,,,2026-07-02T00:41:38Z
330,21,12,,,2026-07-02T00:41:38Z
330,21,13,,,2026-07-02T00:41:38Z
330,21,14,,,2026-07-02T00:41:38Z
330,21,15,,,2026-07-02T00:41:38Z
330,21,16,,,2026-07-02T00:41:38Z
330,21,17,,,2026-07-02T00:41:38Z
330,21,18,,,2026-07-02T00:41:38Z
330,21,19,,,2026-07-02T00:41:38Z
330,21,20,,,2026-07-02T00:41:38Z
330,21,3,,,2026-07-02T00:41:38Z
330,21,4,,,2026-07-02T00:41:38Z
330,21,5,,,2026-07-02T00:41:38Z
330,21,6,,,2026-07-02T00:41:38Z
330,21,7,,,2026-07-02T00:41:38Z
330,21,8,,,2026-07-02T00:41:38Z
330,21,9,,,2026-07-02T00:41:38Z
330,22,10,,,2026-07-02T00:41:38Z
330,22,11,,,2026-07-02T00:41:38Z
330,22,12,,,2026-07-02T00:41:38Z
330,22,13,,,2026-07-02T00:41:38Z
330,22,14,,,2026-07-02T00:41:38Z
330,22,15,,,2026-07-02T00:41:38Z
330,22,16,,,2026-07-02T00:41:38Z
330,22,17,,,2026-07-02T00:41:38Z
330,22,18,,,2026-07-02T00:41:38Z
330,22,19,,,2026-07-02T00:41:38Z
330,22,20,,,2026-07-02T00:41:38Z
330,22,21,,,2026-07-02T00:41:38Z
330,22,3,,,2026-07-02T00:41:38Z
330,22,4,,,2026-07-02T00:41:38Z
330,22,5,,,2026-07-02T00:41:38Z
330,22,6,,,2026-07-02T00:41:38Z
330,22,7,,,2026-07-02T00:41:38Z
330,22,8,,,2026-07-02T00:41:38Z
330,22,9,,,2026-07-02T00:41:38Z
330,23,10,,,2026-07-02T00:41:38Z
330,23,11,,,2026-07-02T00:41:38Z
330,23,12,,,2026-07-02T00:41:38Z
330,23,13,,,2026-07-02T00:41:38Z
330,23,14,,,2026-07-02T00:41:38Z
330,23,15,,,2026-07-02T00:41:38Z
330,23,16,,,2026-07-02T00:41:38Z
330,23,17,,,2026-07-02T00:41:38Z
330,23,18,,,2026-07-02T00:41:38Z
330,23,19,,,2026-07-02T00:41:38Z
330,23,20,,,2026-07-02T00:41:38Z
330,23,21,,,2026-07-02T00:41:38Z
330,23,3,,,2026-07-02T00:41:38Z
330,23,4,,,2026-07-02T00:41:38Z
330,23,5,,,2026-07-02T00:41:38Z
330,23,6,,,2026-07-02T00:41:38Z
330,23,7,,,2026-07-02T00:41:38Z
330,23,8,,,2026-07-02T00:41:38Z
330,23,9,,,2026-07-02T00:41:38Z
330,24,10,,,2026-07-02T00:41:38Z
330,24,11,,,2026-07-02T00:41:38Z
330,24,12,,,2026-07-02T00:41:38Z
330,24,13,,,2026-07-02T00:41:38Z
330,24,14,,,2026-07-02T00:41:38Z
330,24,15,,,2026-07-02T00:41:38Z
330,24,16,,,2026-07-02T00:41:38Z
330,24,17,,,2026-07-02T00:41:38Z
330,24,18,,,2026-07-02T00:41:38Z
330,24,19,,,2026-07-02T00:41:38Z
330,24,20,,,2026-07-02T00:41:38Z
330,24,21,,,2026-07-02T00:41:38Z
330,24,22,,,2026-07-02T00:41:38Z
330,24,3,,,2026-07-02T00:41:38Z
330,24,4,,,2026-07-02T00:41:38Z
330,24,5,,,2026-07-02T00:41:38Z
330,24,6,,,2026-07-02T00:41:38Z
330,24,7,,,2026-07-02T00:41:38Z
330,24,8,,,2026-07-02T00:41:38Z
330,24,9,,,2026-07-02T00:41:38Z
330,25,10,,,2026-07-02T00:41:38Z
330,25,11,,,2026-07-02T00:41:38Z
330,25,12,,,2026-07-02T00:41:38Z
330,25,13,,,2026-07-02T00:41:38Z
330,25,14,,,2026-07-02T00:41:38Z
330,25,15,,,2026-07-02T00:41:38Z
330,25,16,,,2026-07-02T00:41:38Z
330,25,17,,,2026-07-02T00:41:38Z
330,25,18,,,2026-07-02T00:41:38Z
330,25,19,,,2026-07-02T00:41:38Z
330,25,20,,,2026-07-02T00:41:38Z
330,25,21,,,2026-07-02T00:41:38Z
330,25,22,,,2026-07-02T00:41:38Z
330,25,3,,,2026-07-02T00:41:38Z
330,25,4,,,2026-07-02T00:41:38Z
330,25,5,,,2026-07-02T00:41:38Z
330,25,6,,,2026-07-02T00:41:38Z
330,25,7,,,2026-07-02T00:41:38Z
330,25,8,,,2026-07-02T00:41:38Z
330,25,9,,,2026-07-02T00:41:38Z
330,26,10,,,2026-07-02T00:41:38Z
330,26,11,,,2026-07-02T00:41:38Z
330,26,12,,,2026-07-02T00:41:38Z
330,26,13,,,2026-07-02T00:41:38Z
330,26,14,,,2026-07-02T00:41:38Z
330,26,15,,,2026-07-02T00:41:38Z
330,26,16,,,2026-07-02T00:41:38Z
330,26,17,,,2026-07-02T00:41:38Z
330,26,18,,,2026-07-02T00:41:38Z
330,26,19,,,2026-07-02T00:41:38Z
330,26,20,,,2026-07-02T00:41:38Z
330,26,21,,,2026-07-02T00:41:38Z
330,26,22,,,2026-07-02T00:41:38Z
330,26,3,,,2026-07-02T00:41:38Z
330,26,4,,,2026-07-02T00:41:38Z
330,26,5,,,2026-07-02T00:41:38Z
330,26,6,,,2026-07-02T00:41:38Z
330,26,7,,,2026-07-02T00:41:38Z
330,26,8,,,2026-07-02T00:41:38Z
330,26,9,,,2026-07-02T00:41:38Z
330,28,10,,,2026-07-02T00:41:38Z
330,28,11,,,2026-07-02T00:41:38Z
330,28,12,,,2026-07-02T00:41:38Z
330,28,13,,,2026-07-02T00:41:38Z
330,28,14,,,2026-07-02T00:41:38Z
330,28,15,,,2026-07-02T00:41:38Z
330,28,16,,,2026-07-02T00:41:38Z
330,28,17,,,2026-07-02T00:41:38Z
330,28,18,,,2026-07-02T00:41:38Z
330,28,19,,,2026-07-02T00:41:38Z
330,28,20,,,2026-07-02T00:41:38Z
330,28,21,,,2026-07-02T00:41:38Z
330,28,22,,,2026-07-02T00:41:38Z
330,28,23,,,2026-07-02T00:41:38Z
330,28,3,,,2026-07-02T00:41:38Z
330,28,4,,,2026-07-02T00:41:38Z
330,28,5,,,2026-07-02T00:41:38Z
330,28,6,,,2026-07-02T00:41:38Z
330,28,7,,,2026-07-02T00:41:38Z
330,28,8,,,2026-07-02T00:41:38Z
330,28,9,,,2026-07-02T00:41:38Z
330,29,10,,,2026-07-02T00:41:38Z
330,29,11,,,2026-07-02T00:41:38Z
330,29,12,,,2026-07-02T00:41:38Z
330,29,13,,,2026-07-02T00:41:38Z
330,29,14,,,2026-07-02T00:41:38Z
330,29,15,,,2026-07-02T00:41:38Z
330,29,16,,,2026-07-02T00:41:38Z
330,29,17,,,2026-07-02T00:41:38Z
330,29,18,,,2026-07-02T00:41:38Z
330,29,19,,,2026-07-02T00:41:38Z
330,29,20,,,2026-07-02T00:41:38Z
330,29,21,,,2026-07-02T00:41:38Z
330,29,22,,,2026-07-02T00:41:38Z
330,29,23,,,2026-07-02T00:41:38Z
330,29,24,,,2026-07-02T00:41:38Z
330,29,3,,,2026-07-02T00:41:38Z
330,29,4,,,2026-07-02T00:41:38Z
330,29,5,,,2026-07-02T00:41:38Z
330,29,6,,,2026-07-02T00:41:38Z
330,29,7,,,2026-07-02T00:41:38Z
330,29,8,,,2026-07-02T00:41:38Z
330,29,9,,,2026-07-02T00:41:38Z
330,30,10,,,2026-07-02T00:41:38Z
330,30,11,,,2026-07-02T00:41:38Z
330,30,12,,,2026-07-02T00:41:38Z
330,30,13,,,2026-07-02T00:41:38Z
330,30,14,,,2026-07-02T00:41:38Z
330,30,15,,,2026-07-02T00:41:38Z
330,30,16,,,2026-07-02T00:41:38Z
330,30,17,,,2026-07-02T00:41:38Z
330,30,18,,,2026-07-02T00:41:38Z
330,30,19,,,2026-07-02T00:41:38Z
330,30,20,,,2026-07-02T00:41:38Z
330,30,21,,,2026-07-02T00:41:38Z
330,30,22,,,2026-07-02T00:41:38Z
330,30,23,,,2026-07-02T00:41:38Z
330,30,24,,,2026-07-02T00:41:38Z
330,30,3,,,2026-07-02T00:41:38Z
330,30,4,,,2026-07-02T00:41:38Z
330,30,5,,,2026-07-02T00:41:38Z
330,30,6,,,2026-07-02T00:41:38Z
330,30,7,,,2026-07-02T00:41:38Z
330,30,8,,,2026-07-02T00:41:38Z
330,30,9,,,2026-07-02T00:41:38Z
330,31,10,,,2026-07-02T00:41:38Z
330,31,15,,,2026-07-02T00:41:38Z
330,31,16,,,2026-07-02T00:41:38Z
330,31,17,,,2026-07-02T00:41:38Z
330,31,18,,,2026-07-02T00:41:38Z
330,31,19,,,2026-07-02T00:41:38Z
330,31,20,,,2026-07-02T00:41:38Z
330,31,21,,,2026-07-02T00:41:38Z
330,31,22,,,2026-07-02T00:41:38Z
330,31,23,,,2026-07-02T00:41:38Z
330,31,24,,,2026-07-02T00:41:38Z
330,31,3,,,2026-07-02T00:41:38Z
330,31,4,,,2026-07-02T00:41:38Z
330,31,5,,,2026-07-02T00:41:38Z
330,31,6,,,2026-07-02T00:41:38Z
330,31,7,,,2026-07-02T00:41:38Z
330,31,8,,,2026-07-02T00:41:38Z
330,31,9,,,2026-07-02T00:41:38Z
330,32,10,,,2026-07-02T00:41:38Z
330,32,15,,,2026-07-02T00:41:38Z
330,32,16,,,2026-07-02T00:41:38Z
330,32,17,,,2026-07-02T00:41:38Z
330,32,18,,,2026-07-02T00:41:38Z
330,32,19,,,2026-07-02T00:41:38Z
330,32,20,,,2026-07-02T00:41:38Z
330,32,21,,,2026-07-02T00:41:38Z
330,32,22,,,2026-07-02T00:41:38Z
330,32,23,,,2026-07-02T00:41:38Z
330,32,24,,,2026-07-02T00:41:38Z
330,32,25,,,2026-07-02T00:41:38Z
330,32,26,,,2026-07-02T00:41:38Z
330,32,27,,,2026-07-02T00:41:38Z
330,32,3,,,2026-07-02T00:41:38Z
330,32,4,,,2026-07-02T00:41:38Z
330,32,5,,,2026-07-02T00:41:38Z
330,32,6,,,2026-07-02T00:41:38Z
330,32,7,,,2026-07-02T00:41:38Z
330,32,8,,,2026-07-02T00:41:38Z
330,32,9,,,2026-07-02T00:41:38Z
330,33,1,,,2026-07-02T00:41:38Z
330,33,2,,,2026-07-02T00:41:38Z
330,3,9,,,2026-07-02T00:41:38Z
330,3,10,,,2026-07-02T00:41:38Z
330,3,11,,,2026-07-02T00:41:38Z
330,3,12,,,2026-07-02T00:41:38Z
330,4,4,,,2026-07-02T00:41:38Z
330,4,5,,,2026-07-02T00:41:38Z
330,4,6,,,2026-07-02T00:41:38Z
330,4,7,,,2026-07-02T00:41:38Z
330,5,4,,,2026-07-02T00:41:38Z
330,5,5,,,2026-07-02T00:41:38Z
330,5,6,,,2026-07-02T00:41:38Z
330,5,7,,,2026-07-02T00:41:38Z
330,5,8,,,2026-07-02T00:41:38Z
330,6,4,,,2026-07-02T00:41:38Z
330,6,5,,,2026-07-02T00:41:38Z
330,6,6,,,2026-07-02T00:41:38Z
330,6,7,,,2026-07-02T00:41:38Z
330,6,8,,,2026-07-02T00:41:38Z
330,6,9,,,2026-07-02T00:41:38Z
330,6,10,,,2026-07-02T00:41:38Z
330,7,4,,,2026-07-02T00:41:38Z
330,7,5,,,2026-07-02T00:41:38Z
330,7,6,,,2026-07-02T00:41:38Z
330,7,7,,,2026-07-02T00:41:38Z
330,7,8,,,2026-07-02T00:41:38Z
330,7,9,,,2026-07-02T00:41:38Z
330,7,10,,,2026-07-02T00:41:38Z
330,7,11,,,2026-07-02T00:41:38Z
330,8,4,,,2026-07-02T00:41:38Z
330,8,5,,,2026-07-02T00:41:38Z
330,8,6,,,2026-07-02T00:41:38Z
330,8,7,,,2026-07-02T00:41:38Z
330,8,8,,,2026-07-02T00:41:38Z
330,8,9,,,2026-07-02T00:41:38Z
330,8,10,,,2026-07-02T00:41:38Z
330,8,11,,,2026-07-02T00:41:38Z
330,9,5,,,2026-07-02T00:41:38Z
330,9,6,,,2026-07-02T00:41:38Z
330,9,7,,,2026-07-02T00:41:38Z
330,9,8,,,2026-07-02T00:41:38Z
330,9,9,,,2026-07-02T00:41:38Z
330,9,10,,,2026-07-02T00:41:38Z
330,9,11,,,2026-07-02T00:41:38Z
330,9,12,,,2026-07-02T00:41:38Z
330,9,13,,,2026-07-02T00:41:38Z
330,9,14,,,2026-07-02T00:41:38Z
330,9,15,,,2026-07-02T00:41:38Z
331,17,10,,,2026-07-02T00:41:38Z
331,17,11,,,2026-07-02T00:41:38Z
331,17,12,,,2026-07-02T00:41:38Z
331,17,13,,,2026-07-02T00:41:38Z
331,17,14,,,2026-07-02T00:41:38Z
331,17,15,,,2026-07-02T00:41:38Z
331,17,16,,,2026-07-02T00:41:38Z
331,17,17,,,2026-07-02T00:41:38Z
331,17,18,,,2026-07-02T00:41:38Z
331,17,19,,,2026-07-02T00:41:38Z
331,17,20,,,2026-07-02T00:41:38Z
331,17,21,,,2026-07-02T00:41:38Z
331,17,22,,,2026-07-02T00:41:38Z
331,17,23,,,2026-07-02T00:41:38Z
331,17,24,,,2026-07-02T00:41:38Z
331,17,3,,,2026-07-02T00:41:38Z
331,17,4,,,2026-07-02T00:41:38Z
331,17,5,,,2026-07-02T00:41:38Z
331,17,6,,,2026-07-02T00:41:38Z
331,17,7,,,2026-07-02T00:41:38Z
331,17,8,,,2026-07-02T00:41:38Z
331,17,9,,,2026-07-02T00:41:38Z
331,10,10,,,2026-07-02T00:41:38Z
331,10,11,,,2026-07-02T00:41:38Z
331,10,12,,,2026-07-02T00:41:38Z
331,10,13,,,2026-07-02T00:41:38Z
331,10,14,,,2026-07-02T00:41:38Z
331,10,15,,,2026-07-02T00:41:38Z
331,10,16,,,2026-07-02T00:41:38Z
331,10,17,,,2026-07-02T00:41:38Z
331,10,18,,,2026-07-02T00:41:38Z
331,10,19,,,2026-07-02T00:41:38Z
331,10,20,,,2026-07-02T00:41:38Z
331,10,21,,,2026-07-02T00:41:38Z
331,10,22,,,2026-07-02T00:41:38Z
331,10,23,,,2026-07-02T00:41:38Z
331,10,24,,,2026-07-02T00:41:38Z
331,10,5,,,2026-07-02T00:41:38Z
331,10,6,,,2026-07-02T00:41:38Z
331,10,7,,,2026-07-02T00:41:38Z
331,10,8,,,2026-07-02T00:41:38Z
331,10,9,,,2026-07-02T00:41:38Z
331,11,10,,,2026-07-02T00:41:38Z
331,11,11,,,2026-07-02T00:41:38Z
331,11,12,,,2026-07-02T00:41:38Z
331,11,13,,,2026-07-02T00:41:38Z
331,11,14,,,2026-07-02T00:41:38Z
331,11,15,,,2026-07-02T00:41:38Z
331,11,16,,,2026-07-02T00:41:38Z
331,11,17,,,2026-07-02T00:41:38Z
331,11,18,,,2026-07-02T00:41:38Z
331,11,19,,,2026-07-02T00:41:38Z
331,11,20,,,2026-07-02T00:41:38Z
331,11,21,,,2026-07-02T00:41:38Z
331,11,22,,,2026-07-02T00:41:38Z
331,11,23,,,2026-07-02T00:41:38Z
331,11,24,,,2026-07-02T00:41:38Z
331,11,3,,,2026-07-02T00:41:38Z
331,11,4,,,2026-07-02T00:41:38Z
331,11,5,,,2026-07-02T00:41:38Z
331,11,6,,,2026-07-02T00:41:38Z
331,11,7,,,2026-07-02T00:41:38Z
331,11,8,,,2026-07-02T00:41:38Z
331,11,9,,,2026-07-02T00:41:38Z
331,13,10,,,2026-07-02T00:41:38Z
331,13,11,,,2026-07-02T00:41:38Z
331,13,12,,,2026-07-02T00:41:38Z
331,13,13,,,2026-07-02T00:41:38Z
331,13,14,,,2026-07-02T00:41:38Z
331,13,15,,,2026-07-02T00:41:38Z
331,13,16,,,2026-07-02T00:41:38Z
331,13,17,,,2026-07-02T00:41:38Z
331,13,18,,,2026-07-02T00:41:38Z
331,13,19,,,2026-07-02T00:41:38Z
331,13,20,,,2026-07-02T00:41:38Z
331,13,21,,,2026-07-02T00:41:38Z
331,13,22,,,2026-07-02T00:41:38Z
331,13,23,,,2026-07-02T00:41:38Z
331,13,24,,,2026-07-02T00:41:38Z
331,13,3,,,2026-07-02T00:41:38Z
331,13,4,,,2026-07-02T00:41:38Z
331,13,5,,,2026-07-02T00:41:38Z
331,13,6,,,2026-07-02T00:41:38Z
331,13,7,,,2026-07-02T00:41:38Z
331,13,8,,,2026-07-02T00:41:38Z
331,13,9,,,2026-07-02T00:41:38Z
331,15,10,,,2026-07-02T00:41:38Z
331,15,11,,,2026-07-02T00:41:38Z
331,15,12,,,2026-07-02T00:41:38Z
331,15,13,,,2026-07-02T00:41:38Z
331,15,14,,,2026-07-02T00:41:38Z
331,15,15,,,2026-07-02T00:41:38Z
331,15,16,,,2026-07-02T00:41:38Z
331,15,17,,,2026-07-02T00:41:38Z
331,15,18,,,2026-07-02T00:41:38Z
331,15,19,,,2026-07-02T00:41:38Z
331,15,20,,,2026-07-02T00:41:38Z
331,15,21,,,2026-07-02T00:41:38Z
331,15,22,,,2026-07-02T00:41:38Z
331,15,23,,,2026-07-02T00:41:38Z
331,15,24,,,2026-07-02T00:41:38Z
331,15,3,,,2026-07-02T00:41:38Z
331,15,4,,,2026-07-02T00:41:38Z
331,15,5,,,2026-07-02T00:41:38Z
331,15,6,,,2026-07-02T00:41:38Z
331,15,7,,,2026-07-02T00:41:38Z
331,15,8,,,2026-07-02T00:41:38Z
331,15,9,,,2026-07-02T00:41:38Z
331,16,10,,,2026-07-02T00:41:38Z
331,16,11,,,2026-07-02T00:41:38Z
331,16,12,,,2026-07-02T00:41:38Z
331,16,13,,,2026-07-02T00:41:38Z
331,16,14,,,2026-07-02T00:41:38Z
331,16,15,,,2026-07-02T00:41:38Z
331,16,16,,,2026-07-02T00:41:38Z
331,16,17,,,2026-07-02T00:41:38Z
331,16,18,,,2026-07-02T00:41:38Z
331,16,19,,,2026-07-02T00:41:38Z
331,16,20,,,2026-07-02T00:41:38Z
331,16,21,,,2026-07-02T00:41:38Z
331,16,22,,,2026-07-02T00:41:38Z
331,16,23,,,2026-07-02T00:41:38Z
331,16,24,,,2026-07-02T00:41:38Z
331,16,3,,,2026-07-02T00:41:38Z
331,16,4,,,2026-07-02T00:41:38Z
331,16,5,,,2026-07-02T00:41:38Z
331,16,6,,,2026-07-02T00:41:38Z
331,16,7,,,2026-07-02T00:41:38Z
331,16,8,,,2026-07-02T00:41:38Z
331,16,9,,,2026-07-02T00:41:38Z
331,18,10,,,2026-07-02T00:41:38Z
331,18,11,,,2026-07-02T00:41:38Z
331,18,12,,,2026-07-02T00:41:38Z
331,18,13,,,2026-07-02T00:41:38Z
331,18,14,,,2026-07-02T00:41:38Z
331,18,15,,,2026-07-02T00:41:38Z
331,18,16,,,2026-07-02T00:41:38Z
331,18,17,,,2026-07-02T00:41:38Z
331,18,18,,,2026-07-02T00:41:38Z
331,18,19,,,2026-07-02T00:41:38Z
331,18,20,,,2026-07-02T00:41:38Z
331,18,21,,,2026-07-02T00:41:38Z
331,18,22,,,2026-07-02T00:41:38Z
331,18,23,,,2026-07-02T00:41:38Z
331,18,24,,,2026-07-02T00:41:38Z
331,18,3,,,2026-07-02T00:41:38Z
331,18,4,,,2026-07-02T00:41:38Z
331,18,5,,,2026-07-02T00:41:38Z
331,18,6,,,2026-07-02T00:41:38Z
331,18,7,,,2026-07-02T00:41:38Z
331,18,8,,,2026-07-02T00:41:38Z
331,18,9,,,2026-07-02T00:41:38Z
331,19,10,,,2026-07-02T00:41:38Z
331,19,11,,,2026-07-02T00:41:38Z
331,19,12,,,2026-07-02T00:41:38Z
331,19,13,,,2026-07-02T00:41:38Z
331,19,14,,,2026-07-02T00:41:38Z
331,19,15,,,2026-07-02T00:41:38Z
331,19,16,,,2026-07-02T00:41:38Z
331,19,17,,,2026-07-02T00:41:38Z
331,19,18,,,2026-07-02T00:41:38Z
331,19,19,,,2026-07-02T00:41:38Z
331,19,20,,,2026-07-02T00:41:38Z
331,19,21,,,2026-07-02T00:41:38Z
331,19,22,,,2026-07-02T00:41:38Z
331,19,23,,,2026-07-02T00:41:38Z
331,19,24,,,2026-07-02T00:41:38Z
331,19,3,,,2026-07-02T00:41:38Z
331,19,4,,,2026-07-02T00:41:38Z
331,19,5,,,2026-07-02T00:41:38Z
331,19,6,,,2026-07-02T00:41:38Z
331,19,7,,,2026-07-02T00:41:38Z
331,19,8,,,2026-07-02T00:41:38Z
331,19,9,,,2026-07-02T00:41:38Z
331,1,20,,,2026-07-02T00:41:38Z
331,1,23,,,2026-07-02T00:41:38Z
331,1,24,,,2026-07-02T00:41:38Z
331,20,10,,,2026-07-02T00:41:38Z
331,20,11,,,2026-07-02T00:41:38Z
331,20,12,,,2026-07-02T00:41:38Z
331,20,13,,,2026-07-02T00:41:38Z
331,20,14,,,2026-07-02T00:41:38Z
331,20,15,,,2026-07-02T00:41:38Z
331,20,16,,,2026-07-02T00:41:38Z
331,20,17,,,2026-07-02T00:41:38Z
331,20,18,,,2026-07-02T00:41:38Z
331,20,19,,,2026-07-02T00:41:38Z
331,20,20,,,2026-07-02T00:41:38Z
331,20,21,,,2026-07-02T00:41:38Z
331,20,22,,,2026-07-02T00:41:38Z
331,20,23,,,2026-07-02T00:41:38Z
331,20,24,,,2026-07-02T00:41:38Z
331,20,3,,,2026-07-02T00:41:38Z
331,20,4,,,2026-07-02T00:41:38Z
331,20,5,,,2026-07-02T00:41:38Z
331,20,6,,,2026-07-02T00:41:38Z
331,20,7,,,2026-07-02T00:41:38Z
331,20,8,,,2026-07-02T00:41:38Z
331,20,9,,,2026-07-02T00:41:38Z
331,2,6,,,2026-07-02T00:41:38Z
331,2,7,,,2026-07-02T00:41:38Z
331,2,8,,,2026-07-02T00:41:38Z
331,2,9,,,2026-07-02T00:41:38Z
331,2,10,,,2026-07-02T00:41:38Z
331,2,11,,,2026-07-02T00:41:38Z
331,2,12,,,2026-07-02T00:41:38Z
331,2,13,,,2026-07-02T00:41:38Z
331,2,14,,,2026-07-02T00:41:38Z
331,2,15,,,2026-07-02T00:41:38Z
331,2,16,,,2026-07-02T00:41:38Z
331,3,5,,,2026-07-02T00:41:38Z
331,3,6,,,2026-07-02T00:41:38Z
331,3,7,,,2026-07-02T00:41:38Z
331,3,8,,,2026-07-02T00:41:38Z
331,3,9,,,2026-07-02T00:41:38Z
331,3,1,,,2026-07-02T00:41:38Z
331,3,10,,,2026-07-02T00:41:38Z
331,3,11,,,2026-07-02T00:41:38Z
331,3,12,,,2026-07-02T00:41:38Z
331,3,13,,,2026-07-02T00:41:38Z
331,3,14,,,2026-07-02T00:41:38Z
331,3,15,,,2026-07-02T00:41:38Z
331,3,16,,,2026-07-02T00:41:38Z
331,3,17,,,2026-07-02T00:41:38Z
331,3,18,,,2026-07-02T00:41:38Z
331,3,19,,,2026-07-02T00:41:38Z
331,3,2,,,2026-07-02T00:41:38Z
331,3,20,,,2026-07-02T00:41:38Z
331,3,21,,,2026-07-02T00:41:38Z
331,3,3,,,2026-07-02T00:41:38Z
331,4,4,,,2026-07-02T00:41:38Z
331,4,5,,,2026-07-02T00:41:38Z
331,4,6,,,2026-07-02T00:41:38Z
331,4,7,,,2026-07-02T00:41:38Z
331,4,8,,,2026-07-02T00:41:38Z
331,4,9,,,2026-07-02T00:41:38Z
331,4,10,,,2026-07-02T00:41:38Z
331,4,11,,,2026-07-02T00:41:38Z
331,4,12,,,2026-07-02T00:41:38Z
331,4,13,,,2026-07-02T00:41:38Z
331,4,14,,,2026-07-02T00:41:38Z
331,4,15,,,2026-07-02T00:41:38Z
331,4,16,,,2026-07-02T00:41:38Z
331,4,17,,,2026-07-02T00:41:38Z
331,4,18,,,2026-07-02T00:41:38Z
331,4,19,,,2026-07-02T00:41:38Z
331,4,20,,,2026-07-02T00:41:38Z
331,5,6,,,2026-07-02T00:41:38Z
331,5,7,,,2026-07-02T00:41:38Z
331,5,8,,,2026-07-02T00:41:38Z
331,5,9,,,2026-07-02T00:41:38Z
331,5,10,,,2026-07-02T00:41:38Z
331,5,11,,,2026-07-02T00:41:38Z
331,5,12,,,2026-07-02T00:41:38Z
331,5,13,,,2026-07-02T00:41:38Z
331,5,14,,,2026-07-02T00:41:38Z
331,5,15,,,2026-07-02T00:41:38Z
331,5,16,,,2026-07-02T00:41:38Z
331,5,17,,,2026-07-02T00:41:38Z
331,5,18,,,2026-07-02T00:41:38Z
331,5,19,,,2026-07-02T00:41:38Z
331,5,20,,,2026-07-02T00:41:38Z
331,5,21,,,2026-07-02T00:41:38Z
331,6,4,,,2026-07-02T00:41:38Z
331,6,5,,,2026-07-02T00:41:38Z
331,6,6,,,2026-07-02T00:41:38Z
331,6,7,,,2026-07-02T00:41:38Z
331,6,8,,,2026-07-02T00:41:38Z
331,6,9,,,2026-07-02T00:41:38Z
331,6,10,,,2026-07-02T00:41:38Z
331,6,11,,,2026-07-02T00:41:38Z
331,6,12,,,2026-07-02T00:41:38Z
331,6,13,,,2026-07-02T00:41:38Z
331,6,14,,,2026-07-02T00:41:38Z
331,6,15,,,2026-07-02T00:41:38Z
331,6,16,,,2026-07-02T00:41:38Z
331,6,17,,,2026-07-02T00:41:38Z
331,6,18,,,2026-07-02T00:41:38Z
331,6,19,,,2026-07-02T00:41:38Z
331,6,20,,,2026-07-02T00:41:38Z
331,6,21,,,2026-07-02T00:41:38Z
331,7,4,,,2026-07-02T00:41:38Z
331,7,5,,,2026-07-02T00:41:38Z
331,7,6,,,2026-07-02T00:41:38Z
331,7,7,,,2026-07-02T00:41:38Z
331,7,8,,,2026-07-02T00:41:38Z
331,7,9,,,2026-07-02T00:41:38Z
331,7,10,,,2026-07-02T00:41:38Z
331,7,11,,,2026-07-02T00:41:38Z
331,7,12,,,2026-07-02T00:41:38Z
331,7,13,,,2026-07-02T00:41:38Z
331,7,14,,,2026-07-02T00:41:38Z
331,7,15,,,2026-07-02T00:41:38Z
331,7,16,,,2026-07-02T00:41:38Z
331,7,17,,,2026-07-02T00:41:38Z
331,7,18,,,2026-07-02T00:41:38Z
331,7,19,,,2026-07-02T00:41:38Z
331,7,20,,,2026-07-02T00:41:38Z
331,7,21,,,2026-07-02T00:41:38Z
331,8,4,,,2026-07-02T00:41:38Z
331,8,5,,,2026-07-02T00:41:38Z
331,8,6,,,2026-07-02T00:41:38Z
331,8,7,,,2026-07-02T00:41:38Z
331,8,8,,,2026-07-02T00:41:38Z
331,8,9,,,2026-07-02T00:41:38Z
331,8,10,,,2026-07-02T00:41:38Z
331,8,11,,,2026-07-02T00:41:38Z
331,8,12,,,2026-07-02T00:41:38Z
331,8,13,,,2026-07-02T00:41:38Z
331,8,14,,,2026-07-02T00:41:38Z
331,8,15,,,2026-07-02T00:41:38Z
331,8,16,,,2026-07-02T00:41:38Z
331,8,17,,,2026-07-02T00:41:38Z
331,8,18,,,2026-07-02T00:41:38Z
331,8,19,,,2026-07-02T00:41:38Z
331,8,20,,,2026-07-02T00:41:38Z
331,8,21,,,2026-07-02T00:41:38Z
331,9,4,,,2026-07-02T00:41:38Z
331,9,5,,,2026-07-02T00:41:38Z
331,9,6,,,2026-07-02T00:41:38Z
331,9,7,,,2026-07-02T00:41:38Z
331,9,8,,,2026-07-02T00:41:38Z
331,9,9,,,2026-07-02T00:41:38Z
331,9,10,,,2026-07-02T00:41:38Z
331,9,11,,,2026-07-02T00:41:38Z
331,9,12,,,2026-07-02T00:41:38Z
331,9,13,,,2026-07-02T00:41:38Z
331,9,14,,,2026-07-02T00:41:38Z
331,9,15,,,2026-07-02T00:41:38Z
331,9,16,,,2026-07-02T00:41:38Z
331,9,17,,,2026-07-02T00:41:38Z
331,9,18,,,2026-07-02T00:41:38Z
331,9,19,,,2026-07-02T00:41:38Z
331,9,20,,,2026-07-02T00:41:38Z
331,9,21,,,2026-07-02T00:41:38Z
331,9,22,,,2026-07-02T00:41:38Z
331,9,23,,,2026-07-02T00:41:38Z
331,9,24,,,2026-07-02T00:41:38Z
331,9,3,,,2026-07-02T00:41:38Z
331,27,10,,,2026-07-02T00:41:38Z
331,27,11,,,2026-07-02T00:41:38Z
331,27,12,,,2026-07-02T00:41:38Z
331,27,13,,,2026-07-02T00:41:38Z
331,27,14,,,2026-07-02T00:41:38Z
331,27,15,,,2026-07-02T00:41:38Z
331,27,16,,,2026-07-02T00:41:38Z
331,27,17,,,2026-07-02T00:41:38Z
331,27,18,,,2026-07-02T00:41:38Z
331,27,19,,,2026-07-02T00:41:38Z
331,27,20,,,2026-07-02T00:41:38Z
331,27,21,,,2026-07-02T00:41:38Z
331,27,22,,,2026-07-02T00:41:38Z
331,27,23,,,2026-07-02T00:41:38Z
331,27,24,,,2026-07-02T00:41:38Z
331,27,3,,,2026-07-02T00:41:38Z
331,27,4,,,2026-07-02T00:41:38Z
331,27,5,,,2026-07-02T00:41:38Z
331,27,6,,,2026-07-02T00:41:38Z
331,27,7,,,2026-07-02T00:41:38Z
331,27,8,,,2026-07-02T00:41:38Z
331,27,9,,,2026-07-02T00:41:38Z
331,21,10,,,2026-07-02T00:41:38Z
331,21,11,,,2026-07-02T00:41:38Z
331,21,12,,,2026-07-02T00:41:38Z
331,21,13,,,2026-07-02T00:41:38Z
331,21,14,,,2026-07-02T00:41:38Z
331,21,15,,,2026-07-02T00:41:38Z
331,21,16,,,2026-07-02T00:41:38Z
331,21,17,,,2026-07-02T00:41:38Z
331,21,18,,,2026-07-02T00:41:38Z
331,21,19,,,2026-07-02T00:41:38Z
331,21,20,,,2026-07-02T00:41:38Z
331,21,21,,,2026-07-02T00:41:38Z
331,21,22,,,2026-07-02T00:41:38Z
331,21,23,,,2026-07-02T00:41:38Z
331,21,24,,,2026-07-02T00:41:38Z
331,21,3,,,2026-07-02T00:41:38Z
331,21,4,,,2026-07-02T00:41:38Z
331,21,5,,,2026-07-02T00:41:38Z
331,21,6,,,2026-07-02T00:41:38Z
331,21,7,,,2026-07-02T00:41:38Z
331,21,8,,,2026-07-02T00:41:38Z
331,21,9,,,2026-07-02T00:41:38Z
331,22,10,,,2026-07-02T00:41:38Z
331,22,11,,,2026-07-02T00:41:38Z
331,22,12,,,2026-07-02T00:41:38Z
331,22,13,,,2026-07-02T00:41:38Z
331,22,14,,,2026-07-02T00:41:38Z
331,22,15,,,2026-07-02T00:41:38Z
331,22,16,,,2026-07-02T00:41:38Z
331,22,17,,,2026-07-02T00:41:38Z
331,22,18,,,2026-07-02T00:41:38Z
331,22,19,,,2026-07-02T00:41:38Z
331,22,20,,,2026-07-02T00:41:38Z
331,22,21,,,2026-07-02T00:41:38Z
331,22,22,,,2026-07-02T00:41:38Z
331,22,23,,,2026-07-02T00:41:38Z
331,22,24,,,2026-07-02T00:41:38Z
331,22,3,,,2026-07-02T00:41:38Z
331,22,4,,,2026-07-02T00:41:38Z
331,22,5,,,2026-07-02T00:41:38Z
331,22,6,,,2026-07-02T00:41:38Z
331,22,7,,,2026-07-02T00:41:38Z
331,22,8,,,2026-07-02T00:41:38Z
331,22,9,,,2026-07-02T00:41:38Z
331,23,10,,,2026-07-02T00:41:38Z
331,23,11,,,2026-07-02T00:41:38Z
331,23,12,,,2026-07-02T00:41:38Z
331,23,13,,,2026-07-02T00:41:38Z
331,23,14,,,2026-07-02T00:41:38Z
331,23,15,,,2026-07-02T00:41:38Z
331,23,16,,,2026-07-02T00:41:38Z
331,23,17,,,2026-07-02T00:41:38Z
331,23,18,,,2026-07-02T00:41:38Z
331,23,19,,,2026-07-02T00:41:38Z
331,23,20,,,2026-07-02T00:41:38Z
331,23,21,,,2026-07-02T00:41:38Z
331,23,22,,,2026-07-02T00:41:38Z
331,23,23,,,2026-07-02T00:41:38Z
331,23,24,,,2026-07-02T00:41:38Z
331,23,3,,,2026-07-02T00:41:38Z
331,23,4,,,2026-07-02T00:41:38Z
331,23,5,,,2026-07-02T00:41:38Z
331,23,6,,,2026-07-02T00:41:38Z
331,23,7,,,2026-07-02T00:41:38Z
331,23,8,,,2026-07-02T00:41:38Z
331,23,9,,,2026-07-02T00:41:38Z
331,24,10,,,2026-07-02T00:41:38Z
331,24,11,,,2026-07-02T00:41:38Z
331,24,12,,,2026-07-02T00:41:38Z
331,24,13,,,2026-07-02T00:41:38Z
331,24,14,,,2026-07-02T00:41:38Z
331,24,15,,,2026-07-02T00:41:38Z
331,24,16,,,2026-07-02T00:41:38Z
331,24,17,,,2026-07-02T00:41:38Z
331,24,18,,,2026-07-02T00:41:38Z
331,24,19,,,2026-07-02T00:41:38Z
331,24,20,,,2026-07-02T00:41:38Z
331,24,21,,,2026-07-02T00:41:38Z
331,24,22,,,2026-07-02T00:41:38Z
331,24,23,,,2026-07-02T00:41:38Z
331,24,24,,,2026-07-02T00:41:38Z
331,24,3,,,2026-07-02T00:41:38Z
331,24,4,,,2026-07-02T00:41:38Z
331,24,5,,,2026-07-02T00:41:38Z
331,24,6,,,2026-07-02T00:41:38Z
331,24,7,,,2026-07-02T00:41:38Z
331,24,8,,,2026-07-02T00:41:38Z
331,24,9,,,2026-07-02T00:41:38Z
331,25,10,,,2026-07-02T00:41:38Z
331,25,11,,,2026-07-02T00:41:38Z
331,25,12,,,2026-07-02T00:41:38Z
331,25,13,,,2026-07-02T00:41:38Z
331,25,14,,,2026-07-02T00:41:38Z
331,25,15,,,2026-07-02T00:41:38Z
331,25,16,,,2026-07-02T00:41:38Z
331,25,17,,,2026-07-02T00:41:38Z
331,25,18,,,2026-07-02T00:41:38Z
331,25,19,,,2026-07-02T00:41:38Z
331,25,20,,,2026-07-02T00:41:38Z
331,25,21,,,2026-07-02T00:41:38Z
331,25,22,,,2026-07-02T00:41:38Z
331,25,23,,,2026-07-02T00:41:38Z
331,25,24,,,2026-07-02T00:41:38Z
331,25,3,,,2026-07-02T00:41:38Z
331,25,4,,,2026-07-02T00:41:38Z
331,25,5,,,2026-07-02T00:41:38Z
331,25,6,,,2026-07-02T00:41:38Z
331,25,7,,,2026-07-02T00:41:38Z
331,25,8,,,2026-07-02T00:41:38Z
331,25,9,,,2026-07-02T00:41:38Z
331,26,10,,,2026-07-02T00:41:38Z
331,26,11,,,2026-07-02T00:41:38Z
331,26,12,,,2026-07-02T00:41:38Z
331,26,13,,,2026-07-02T00:41:38Z
331,26,14,,,2026-07-02T00:41:38Z
331,26,15,,,2026-07-02T00:41:38Z
331,26,16,,,2026-07-02T00:41:38Z
331,26,17,,,2026-07-02T00:41:38Z
331,26,18,,,2026-07-02T00:41:38Z
331,26,19,,,2026-07-02T00:41:38Z
331,26,20,,,2026-07-02T00:41:38Z
331,26,21,,,2026-07-02T00:41:38Z
331,26,22,,,2026-07-02T00:41:38Z
331,26,23,,,2026-07-02T00:41:38Z
331,26,24,,,2026-07-02T00:41:38Z
331,26,3,,,2026-07-02T00:41:38Z
331,26,4,,,2026-07-02T00:41:38Z
331,26,5,,,2026-07-02T00:41:38Z
331,26,6,,,2026-07-02T00:41:38Z
331,26,7,,,2026-07-02T00:41:38Z
331,26,8,,,2026-07-02T00:41:38Z
331,26,9,,,2026-07-02T00:41:38Z
331,28,10,,,2026-07-02T00:41:38Z
331,28,11,,,2026-07-02T00:41:38Z
331,28,12,,,2026-07-02T00:41:38Z
331,28,13,,,2026-07-02T00:41:38Z
331,28,14,,,2026-07-02T00:41:38Z
331,28,15,,,2026-07-02T00:41:38Z
331,28,16,,,2026-07-02T00:41:38Z
331,28,17,,,2026-07-02T00:41:38Z
331,28,18,,,2026-07-02T00:41:38Z
331,28,19,,,2026-07-02T00:41:38Z
331,28,20,,,2026-07-02T00:41:38Z
331,28,21,,,2026-07-02T00:41:38Z
331,28,22,,,2026-07-02T00:41:38Z
331,28,23,,,2026-07-02T00:41:38Z
331,28,24,,,2026-07-02T00:41:38Z
331,28,3,,,2026-07-02T00:41:38Z
331,28,4,,,2026-07-02T00:41:38Z
331,28,5,,,2026-07-02T00:41:38Z
331,28,6,,,2026-07-02T00:41:38Z
331,28,7,,,2026-07-02T00:41:38Z
331,28,8,,,2026-07-02T00:41:38Z
331,28,9,,,2026-07-02T00:41:38Z
331,29,10,,,2026-07-02T00:41:38Z
331,29,11,,,2026-07-02T00:41:38Z
331,29,12,,,2026-07-02T00:41:38Z
331,29,13,,,2026-07-02T00:41:38Z
331,29,14,,,2026-07-02T00:41:38Z
331,29,15,,,2026-07-02T00:41:38Z
331,29,16,,,2026-07-02T00:41:38Z
331,29,17,,,2026-07-02T00:41:38Z
331,29,18,,,2026-07-02T00:41:38Z
331,29,19,,,2026-07-02T00:41:38Z
331,29,20,,,2026-07-02T00:41:38Z
331,29,21,,,2026-07-02T00:41:38Z
331,29,22,,,2026-07-02T00:41:38Z
331,29,23,,,2026-07-02T00:41:38Z
331,29,24,,,2026-07-02T00:41:38Z
331,29,3,,,2026-07-02T00:41:38Z
331,29,4,,,2026-07-02T00:41:38Z
331,29,5,,,2026-07-02T00:41:38Z
331,29,6,,,2026-07-02T00:41:38Z
331,29,7,,,2026-07-02T00:41:38Z
331,29,8,,,2026-07-02T00:41:38Z
331,29,9,,,2026-07-02T00:41:38Z
331,30,10,,,2026-07-02T00:41:38Z
331,30,11,,,2026-07-02T00:41:38Z
331,30,12,,,2026-07-02T00:41:38Z
331,30,13,,,2026-07-02T00:41:38Z
331,30,14,,,2026-07-02T00:41:38Z
331,30,15,,,2026-07-02T00:41:38Z
331,30,16,,,2026-07-02T00:41:38Z
331,30,17,,,2026-07-02T00:41:38Z
331,30,18,,,2026-07-02T00:41:38Z
331,30,19,,,2026-07-02T00:41:38Z
331,30,20,,,2026-07-02T00:41:38Z
331,30,21,,,2026-07-02T00:41:38Z
331,30,22,,,2026-07-02T00:41:38Z
331,30,23,,,2026-07-02T00:41:38Z
331,30,24,,,2026-07-02T00:41:38Z
331,30,3,,,2026-07-02T00:41:38Z
331,30,4,,,2026-07-02T00:41:38Z
331,30,5,,,2026-07-02T00:41:38Z
331,30,6,,,2026-07-02T00:41:38Z
331,30,7,,,2026-07-02T00:41:38Z
331,30,8,,,2026-07-02T00:41:38Z
331,30,9,,,2026-07-02T00:41:38Z
331,31,10,,,2026-07-02T00:41:38Z
331,31,11,,,2026-07-02T00:41:38Z
331,31,12,,,2026-07-02T00:41:38Z
331,31,13,,,2026-07-02T00:41:38Z
331,31,14,,,2026-07-02T00:41:38Z
331,31,15,,,2026-07-02T00:41:38Z
331,31,16,,,2026-07-02T00:41:38Z
331,31,17,,,2026-07-02T00:41:38Z
331,31,18,,,2026-07-02T00:41:38Z
331,31,19,,,2026-07-02T00:41:38Z
331,31,20,,,2026-07-02T00:41:38Z
331,31,21,,,2026-07-02T00:41:38Z
331,31,22,,,2026-07-02T00:41:38Z
331,31,23,,,2026-07-02T00:41:38Z
331,31,24,,,2026-07-02T00:41:38Z
331,31,3,,,2026-07-02T00:41:38Z
331,31,4,,,2026-07-02T00:41:38Z
331,31,5,,,2026-07-02T00:41:38Z
331,31,6,,,2026-07-02T00:41:38Z
331,31,7,,,2026-07-02T00:41:38Z
331,31,8,,,2026-07-02T00:41:38Z
331,31,9,,,2026-07-02T00:41:38Z
331,32,10,,,2026-07-02T00:41:38Z
331,32,11,,,2026-07-02T00:41:38Z
331,32,12,,,2026-07-02T00:41:38Z
331,32,13,,,2026-07-02T00:41:38Z
331,32,14,,,2026-07-02T00:41:38Z
331,32,15,,,2026-07-02T00:41:38Z
331,32,16,,,2026-07-02T00:41:38Z
331,32,17,,,2026-07-02T00:41:38Z
331,32,18,,,2026-07-02T00:41:38Z
331,32,19,,,2026-07-02T00:41:38Z
331,32,20,,,2026-07-02T00:41:38Z
331,32,21,,,2026-07-02T00:41:38Z
331,32,22,,,2026-07-02T00:41:38Z
331,32,23,,,2026-07-02T00:41:38Z
331,32,24,,,2026-07-02T00:41:38Z
331,32,25,,,2026-07-02T00:41:38Z
331,32,26,,,2026-07-02T00:41:38Z
331,32,3,,,2026-07-02T00:41:38Z
331,32,4,,,2026-07-02T00:41:38Z
331,32,5,,,2026-07-02T00:41:38Z
331,32,6,,,2026-07-02T00:41:38Z
331,32,7,,,2026-07-02T00:41:38Z
331,32,8,,,2026-07-02T00:41:38Z
331,32,9,,,2026-07-02T00:41:38Z
332,17,1,,,2026-07-02T00:41:38Z
332,17,2,,,2026-07-02T00:41:38Z
332,17,3,,,2026-07-02T00:41:38Z
332,17,4,,,2026-07-02T00:41:38Z
332,17,5,,,2026-07-02T00:41:38Z
332,10,3,,,2026-07-02T00:41:38Z
332,10,4,,,2026-07-02T00:41:38Z
332,10,5,,,2026-07-02T00:41:38Z
332,11,1,,,2026-07-02T00:41:38Z
332,11,2,,,2026-07-02T00:41:38Z
332,11,3,,,2026-07-02T00:41:38Z
332,11,4,,,2026-07-02T00:41:38Z
332,11,5,,,2026-07-02T00:41:38Z
332,12,1,,,2026-07-02T00:41:38Z
332,12,2,,,2026-07-02T00:41:38Z
332,12,3,,,2026-07-02T00:41:38Z
332,12,4,,,2026-07-02T00:41:38Z
332,12,5,,,2026-07-02T00:41:38Z
332,13,1,,,2026-07-02T00:41:38Z
332,13,2,,,2026-07-02T00:41:38Z
332,13,3,,,2026-07-02T00:41:38Z
332,13,4,,,2026-07-02T00:41:38Z
332,13,5,,,2026-07-02T00:41:38Z
332,14,1,,,2026-07-02T00:41:38Z
332,14,2,,,2026-07-02T00:41:38Z
332,14,3,,,2026-07-02T00:41:38Z
332,14,4,,,2026-07-02T00:41:38Z
332,14,5,,,2026-07-02T00:41:38Z
332,15,1,,,2026-07-02T00:41:38Z
332,15,2,,,2026-07-02T00:41:38Z
332,15,3,,,2026-07-02T00:41:38Z
332,15,4,,,2026-07-02T00:41:38Z
332,15,5,,,2026-07-02T00:41:38Z
332,16,1,,,2026-07-02T00:41:38Z
332,16,2,,,2026-07-02T00:41:38Z
332,16,3,,,2026-07-02T00:41:38Z
332,16,4,,,2026-07-02T00:41:38Z
332,16,5,,,2026-07-02T00:41:38Z
332,18,1,,,2026-07-02T00:41:38Z
332,18,2,,,2026-07-02T00:41:38Z
332,18,3,,,2026-07-02T00:41:38Z
332,18,4,,,2026-07-02T00:41:38Z
332,18,5,,,2026-07-02T00:41:38Z
332,19,1,,,2026-07-02T00:41:38Z
332,19,2,,,2026-07-02T00:41:38Z
332,19,3,,,2026-07-02T00:41:38Z
332,19,4,,,2026-07-02T00:41:38Z
332,19,5,,,2026-07-02T00:41:38Z
332,27,1,,,2026-07-02T00:41:38Z
332,27,2,,,2026-07-02T00:41:38Z
332,27,3,,,2026-07-02T00:41:38Z
332,27,4,,,2026-07-02T00:41:38Z
332,27,5,,,2026-07-02T00:41:38Z
332,20,1,,,2026-07-02T00:41:38Z
332,20,2,,,2026-07-02T00:41:38Z
332,20,3,,,2026-07-02T00:41:38Z
332,20,4,,,2026-07-02T00:41:38Z
332,20,5,,,2026-07-02T00:41:38Z
332,21,1,,,2026-07-02T00:41:38Z
332,21,2,,,2026-07-02T00:41:38Z
332,21,3,,,2026-07-02T00:41:38Z
332,21,4,,,2026-07-02T00:41:38Z
332,21,5,,,2026-07-02T00:41:38Z
332,22,1,,,2026-07-02T00:41:38Z
332,22,2,,,2026-07-02T00:41:38Z
332,22,3,,,2026-07-02T00:41:38Z
332,22,4,,,2026-07-02T00:41:38Z
332,22,5,,,2026-07-02T00:41:38Z
332,23,1,,,2026-07-02T00:41:38Z
332,23,2,,,2026-07-02T00:41:38Z
332,23,3,,,2026-07-02T00:41:38Z
332,23,4,,,2026-07-02T00:41:38Z
332,23,5,,,2026-07-02T00:41:38Z
332,24,1,,,2026-07-02T00:41:38Z
332,24,2,,,2026-07-02T00:41:38Z
332,24,3,,,2026-07-02T00:41:38Z
332,24,4,,,2026-07-02T00:41:38Z
332,24,5,,,2026-07-02T00:41:38Z
332,25,1,,,2026-07-02T00:41:38Z
332,25,2,,,2026-07-02T00:41:38Z
332,25,3,,,2026-07-02T00:41:38Z
332,25,4,,,2026-07-02T00:41:38Z
332,25,5,,,2026-07-02T00:41:38Z
332,26,1,,,2026-07-02T00:41:38Z
332,26,2,,,2026-07-02T00:41:38Z
332,26,3,,,2026-07-02T00:41:38Z
332,26,4,,,2026-07-02T00:41:38Z
332,26,5,,,2026-07-02T00:41:38Z
332,28,1,,,2026-07-02T00:41:38Z
332,28,2,,,2026-07-02T00:41:38Z
332,28,3,,,2026-07-02T00:41:38Z
332,28,4,,,2026-07-02T00:41:38Z
332,28,5,,,2026-07-02T00:41:38Z
332,29,1,,,2026-07-02T00:41:38Z
332,29,2,,,2026-07-02T00:41:38Z
332,29,3,,,2026-07-02T00:41:38Z
332,29,4,,,2026-07-02T00:41:38Z
332,29,5,,,2026-07-02T00:41:38Z
332,30,1,,,2026-07-02T00:41:38Z
332,30,2,,,2026-07-02T00:41:38Z
332,30,3,,,2026-07-02T00:41:38Z
332,30,4,,,2026-07-02T00:41:38Z
332,30,5,,,2026-07-02T00:41:38Z
332,31,1,,,2026-07-02T00:41:38Z
332,31,2,,,2026-07-02T00:41:38Z
332,31,3,,,2026-07-02T00:41:38Z
332,31,4,,,2026-07-02T00:41:38Z
332,31,5,,,2026-07-02T00:41:38Z
332,32,1,,,2026-07-02T00:41:38Z
332,32,2,,,2026-07-02T00:41:38Z
332,32,3,,,2026-07-02T00:41:38Z
332,32,4,,,2026-07-02T00:41:38Z
332,32,5,,,2026-07-02T00:41:38Z
332,3,4,,,2026-07-02T00:41:38Z
332,3,5,,,2026-07-02T00:41:38Z
332,3,3,,,2026-07-02T00:41:38Z
332,4,4,,,2026-07-02T00:41:38Z
332,4,5,,,2026-07-02T00:41:38Z
332,5,4,,,2026-07-02T00:41:38Z
332,5,5,,,2026-07-02T00:41:38Z
332,6,4,,,2026-07-02T00:41:38Z
332,6,5,,,2026-07-02T00:41:38Z
332,7,4,,,2026-07-02T00:41:38Z
332,7,5,,,2026-07-02T00:41:38Z
332,9,4,,,2026-07-02T00:41:38Z
332,9,5,,,2026-07-02T00:41:38Z
332,9,1,,,2026-07-02T00:41:38Z
332,9,2,,,2026-07-02T00:41:38Z
332,9,3,,,2026-07-02T00:41:38Z
A,F,10,,,2026-07-02T00:41:38Z
A,F,11,,,2026-07-02T00:41:38Z
A,F,2,,,2026-07-02T00:41:38Z
A,F,5,,,2026-07-02T00:41:38Z
A,F,6,,,2026-07-02T00:41:38Z
A,F,7,,,2026-07-02T00:41:38Z
A,F,8,,,2026-07-02T00:41:38Z
A,F,9,,,2026-07-02T00:41:38Z
A,G,10,,,2026-07-02T00:41:38Z
A,G,11,,,2026-07-02T00:41:38Z
A,G,12,,,2026-07-02T00:41:38Z
A,G,13,,,2026-07-02T00:41:38Z
A,G,3,,,2026-07-02T00:41:38Z
A,G,4,,,2026-07-02T00:41:38Z
A,G,5,,,2026-07-02T00:41:38Z
A,G,6,,,2026-07-02T00:41:38Z
A,G,7,,,2026-07-02T00:41:38Z
A,G,8,,,2026-07-02T00:41:38Z
A,G,9,,,2026-07-02T00:41:38Z
BW,A,3,,,2026-07-02T00:41:38Z
BW,A,4,,,2026-07-02T00:41:38Z
C,10,7,,,2026-07-02T00:41:38Z
C,10,10,,,2026-07-02T00:41:38Z
C,10,11,,,2026-07-02T00:41:38Z
C,10,12,,,2026-07-02T00:41:38Z
C,10,5,,,2026-07-02T00:41:38Z
C,10,6,,,2026-07-02T00:41:38Z
C,10,8,,,2026-07-02T00:41:38Z
C,10,9,,,2026-07-02T00:41:38Z
C,11,7,,,2026-07-02T00:41:38Z
C,11,3,,,2026-07-02T00:41:38Z
C,11,4,,,2026-07-02T00:41:38Z
C,11,5,,,2026-07-02T00:41:38Z
C,11,6,,,2026-07-02T00:41:38Z
C,11,8,,,2026-07-02T00:41:38Z
C,12,7,,,2026-07-02T00:41:38Z
C,12,10,,,2026-07-02T00:41:38Z
C,12,11,,,2026-07-02T00:41:38Z
C,12,12,,,2026-07-02T00:41:38Z
C,12,4,,,2026-07-02T00:41:38Z
C,12,5,,,2026-07-02T00:41:38Z
C,12,6,,,2026-07-02T00:41:38Z
C,12,8,,,2026-07-02T00:41:38Z
C,12,9,,,2026-07-02T00:41:38Z
C,13,7,,,2026-07-02T00:41:38Z
C,13,10,,,2026-07-02T00:41:38Z
C,13,11,,,2026-07-02T00:41:38Z
C,13,12,,,2026-07-02T00:41:38Z
C,13,2,,,2026-07-02T00:41:38Z
C,13,3,,,2026-07-02T00:41:38Z
C,13,4,,,2026-07-02T00:41:38Z
C,13,5,,,2026-07-02T00:41:38Z
C,13,6,,,2026-07-02T00:41:38Z
C,13,8,,,2026-07-02T00:41:38Z
C,13,9,,,2026-07-02T00:41:38Z
C,14,7,,,2026-07-02T00:41:38Z
C,14,10,,,2026-07-02T00:41:38Z
C,14,11,,,2026-07-02T00:41:38Z
C,14,12,,,2026-07-02T00:41:38Z
C,14,2,,,2026-07-02T00:41:38Z
C,14,3,,,2026-07-02T00:41:38Z
C,14,4,,,2026-07-02T00:41:38Z
C,14,5,,,2026-07-02T00:41:38Z
C,14,6,,,2026-07-02T00:41:38Z
C,14,8,,,2026-07-02T00:41:38Z
C,14,9,,,2026-07-02T00:41:38Z
C,15,1,,,2026-07-02T00:41:38Z
C,15,2,,,2026-07-02T00:41:38Z
C,15,3,,,2026-07-02T00:41:38Z
C,15,4,,,2026-07-02T00:41:38Z
C,16,7,,,2026-07-02T00:41:38Z
C,16,10,,,2026-07-02T00:41:38Z
C,16,11,,,2026-07-02T00:41:38Z
C,16,12,,,2026-07-02T00:41:38Z
C,16,2,,,2026-07-02T00:41:38Z
C,16,3,,,2026-07-02T00:41:38Z
C,16,4,,,2026-07-02T00:41:38Z
C,16,5,,,2026-07-02T00:41:38Z
C,16,6,,,2026-07-02T00:41:38Z
C,16,8,,,2026-07-02T00:41:38Z
C,16,9,,,2026-07-02T00:41:38Z
C,17,7,,,2026-07-02T00:41:38Z
C,17,10,,,2026-07-02T00:41:38Z
C,17,11,,,2026-07-02T00:41:38Z
C,17,12,,,2026-07-02T00:41:38Z
C,17,2,,,2026-07-02T00:41:38Z
C,17,3,,,2026-07-02T00:41:38Z
C,17,4,,,2026-07-02T00:41:38Z
C,17,5,,,2026-07-02T00:41:38Z
C,17,6,,,2026-07-02T00:41:38Z
C,17,8,,,2026-07-02T00:41:38Z
C,17,9,,,2026-07-02T00:41:38Z
C,18,7,,,2026-07-02T00:41:38Z
C,18,10,,,2026-07-02T00:41:38Z
C,18,11,,,2026-07-02T00:41:38Z
C,18,12,,,2026-07-02T00:41:38Z
C,18,5,,,2026-07-02T00:41:38Z
C,18,6,,,2026-07-02T00:41:38Z
C,18,8,,,2026-07-02T00:41:38Z
C,18,9,,,2026-07-02T00:41:38Z
C,7,7,,,2026-07-02T00:41:38Z
C,7,8,,,2026-07-02T00:41:38Z
C,8,3,,,2026-07-02T00:41:38Z
C,8,4,,,2026-07-02T00:41:38Z
C,8,5,,,2026-07-02T00:41:38Z
C,8,6,,,2026-07-02T00:41:38Z
C,8,7,,,2026-07-02T00:41:38Z
C,8,8,,,2026-07-02T00:41:38Z
C,9,7,,,2026-07-02T00:41:38Z
C,9,8,,,2026-07-02T00:41:38Z
D,10,1,,,2026-07-02T00:41:38Z
D,10,2,,,2026-07-02T00:41:38Z
D,11,1,,,2026-07-02T00:41:38Z
D,11,2,,,2026-07-02T00:41:38Z
D,11,3,,,2026-07-02T00:41:38Z
D,11,4,,,2026-07-02T00:41:38Z
D,11,5,,,2026-07-02T00:41:38Z
D,11,6,,,2026-07-02T00:41:38Z
D,12,7,,,2026-07-02T00:41:38Z
D,12,10,,,2026-07-02T00:41:38Z
D,12,11,,,2026-07-02T00:41:38Z
D,12,12,,,2026-07-02T00:41:38Z
D,12,4,,,2026-07-02T00:41:38Z
D,12,5,,,2026-07-02T00:41:38Z
D,12,6,,,2026-07-02T00:41:38Z
D,12,8,,,2026-07-02T00:41:38Z
D,12,9,,,2026-07-02T00:41:38Z
D,13,7,,,2026-07-02T00:41:38Z
D,13,10,,,2026-07-02T00:41:38Z
D,13,11,,,2026-07-02T00:41:38Z
D,13,12,,,2026-07-02T00:41:38Z
D,13,2,,,2026-07-02T00:41:38Z
D,13,3,,,2026-07-02T00:41:38Z
D,13,4,,,2026-07-02T00:41:38Z
D,13,5,,,2026-07-02T00:41:38Z
D,13,6,,,2026-07-02T00:41:38Z
D,13,8,,,2026-07-02T00:41:38Z
D,13,9,,,2026-07-02T00:41:38Z
D,14,7,,,2026-07-02T00:41:38Z
D,14,1,,,2026-07-02T00:41:38Z
D,14,2,,,2026-07-02T00:41:38Z
D,14,3,,,2026-07-02T00:41:38Z
D,14,4,,,2026-07-02T00:41:38Z
D,14,5,,,2026-07-02T00:41:38Z
D,14,6,,,2026-07-02T00:41:38Z
D,14,8,,,2026-07-02T00:41:38Z
D,15,10,,,2026-07-02T00:41:38Z
D,15,11,,,2026-07-02T00:41:38Z
D,15,12,,,2026-07-02T00:41:38Z
D,15,8,,,2026-07-02T00:41:38Z
D,15,9,,,2026-07-02T00:41:38Z
D,16,7,,,2026-07-02T00:41:38Z
D,16,10,,,2026-07-02T00:41:38Z
D,16,11,,,2026-07-02T00:41:38Z
D,16,12,,,2026-07-02T00:41:38Z
D,16,2,,,2026-07-02T00:41:38Z
D,16,3,,,2026-07-02T00:41:38Z
D,16,4,,,2026-07-02T00:41:38Z
D,16,5,,,2026-07-02T00:41:38Z
D,16,6,,,2026-07-02T00:41:38Z
D,16,8,,,2026-07-02T00:41:38Z
D,16,9,,,2026-07-02T00:41:38Z
D,17,7,,,2026-07-02T00:41:38Z
D,17,1,,,2026-07-02T00:41:38Z
D,17,2,,,2026-07-02T00:41:38Z
D,17,3,,,2026-07-02T00:41:38Z
D,17,4,,,2026-07-02T00:41:38Z
D,17,5,,,2026-07-02T00:41:38Z
D,17,6,,,2026-07-02T00:41:38Z
D,17,8,,,2026-07-02T00:41:38Z
D,18,7,,,2026-07-02T00:41:38Z
D,18,10,,,2026-07-02T00:41:38Z
D,18,11,,,2026-07-02T00:41:38Z
D,18,12,,,2026-07-02T00:41:38Z
D,18,5,,,2026-07-02T00:41:38Z
D,18,6,,,2026-07-02T00:41:38Z
D,18,8,,,2026-07-02T00:41:38Z
D,18,9,,,2026-07-02T00:41:38Z
D,6,1,,,2026-07-02T00:41:38Z
D,6,2,,,2026-07-02T00:41:38Z
D,6,3,,,2026-07-02T00:41:38Z
D,6,4,,,2026-07-02T00:41:38Z
D,9,10,,,2026-07-02T00:41:38Z
D,9,3,,,2026-07-02T00:41:38Z
D,9,4,,,2026-07-02T00:41:38Z
D,9,5,,,2026-07-02T00:41:38Z
D,9,6,,,2026-07-02T00:41:38Z
D,9,7,,,2026-07-02T00:41:38Z
D,9,8,,,2026-07-02T00:41:38Z
D,9,9,,,2026-07-02T00:41:38Z
E,10,10,,,2026-07-02T00:41:38Z
E,10,9,,,2026-07-02T00:41:38Z
E,11,11,,,2026-07-02T00:41:38Z
E,11,12,,,2026-07-02T00:41:38Z
E,11,3,,,2026-07-02T00:41:38Z
E,11,4,,,2026-07-02T00:41:38Z
E,11,9,,,2026-07-02T00:41:38Z
E,12,7,,,2026-07-02T00:41:38Z
E,12,10,,,2026-07-02T00:41:38Z
E,12,11,,,2026-07-02T00:41:38Z
E,12,12,,,2026-07-02T00:41:38Z
E,12,6,,,2026-07-02T00:41:38Z
E,12,8,,,2026-07-02T00:41:38Z
E,12,9,,,2026-07-02T00:41:38Z
E,13,1,,,2026-07-02T00:41:38Z
E,13,2,,,2026-07-02T00:41:38Z
E,13,3,,,2026-07-02T00:41:38Z
E,13,4,,,2026-07-02T00:41:38Z
E,13,5,,,2026-07-02T00:41:38Z
E,13,6,,,2026-07-02T00:41:38Z
E,14,7,,,2026-07-02T00:41:38Z
E,14,10,,,2026-07-02T00:41:38Z
E,14,11,,,2026-07-02T00:41:38Z
E,14,12,,,2026-07-02T00:41:38Z
E,14,3,,,2026-07-02T00:41:38Z
E,14,4,,,2026-07-02T00:41:38Z
E,14,5,,,2026-07-02T00:41:38Z
E,14,6,,,2026-07-02T00:41:38Z
E,14,8,,,2026-07-02T00:41:38Z
E,14,9,,,2026-07-02T00:41:38Z
E,15,7,,,2026-07-02T00:41:38Z
E,15,1,,,2026-07-02T00:41:38Z
E,15,2,,,2026-07-02T00:41:38Z
E,15,3,,,2026-07-02T00:41:38Z
E,15,4,,,2026-07-02T00:41:38Z
E,15,5,,,2026-07-02T00:41:38Z
E,15,6,,,2026-07-02T00:41:38Z
E,15,8,,,2026-07-02T00:41:38Z
E,16,7,,,2026-07-02T00:41:38Z
E,16,10,,,2026-07-02T00:41:38Z
E,16,11,,,2026-07-02T00:41:38Z
E,16,12,,,2026-07-02T00:41:38Z
E,16,2,,,2026-07-02T00:41:38Z
E,16,3,,,2026-07-02T00:41:38Z
E,16,4,,,2026-07-02T00:41:38Z
E,16,5,,,2026-07-02T00:41:38Z
E,16,6,,,2026-07-02T00:41:38Z
E,16,8,,,2026-07-02T00:41:38Z
E,16,9,,,2026-07-02T00:41:38Z
E,17,7,,,2026-07-02T00:41:38Z
E,17,10,,,2026-07-02T00:41:38Z
E,17,11,,,2026-07-02T00:41:38Z
E,17,12,,,2026-07-02T00:41:38Z
E,17,2,,,2026-07-02T00:41:38Z
E,17,3,,,2026-07-02T00:41:38Z
E,17,4,,,2026-07-02T00:41:38Z
E,17,5,,,2026-07-02T00:41:38Z
E,17,6,,,2026-07-02T00:41:38Z
E,17,8,,,2026-07-02T00:41:38Z
E,17,9,,,2026-07-02T00:41:38Z
E,18,7,,,2026-07-02T00:41:38Z
E,18,10,,,2026-07-02T00:41:38Z
E,18,2,,,2026-07-02T00:41:38Z
E,18,3,,,2026-07-02T00:41:38Z
E,18,4,,,2026-07-02T00:41:38Z
E,18,5,,,2026-07-02T00:41:38Z
E,18,6,,,2026-07-02T00:41:38Z
E,18,8,,,2026-07-02T00:41:38Z
E,18,9,,,2026-07-02T00:41:38Z
E,9,10,,,2026-07-02T00:41:38Z
E,9,9,,,2026-07-02T00:41:38Z
F,10,7,,,2026-07-02T00:41:38Z
F,10,5,,,2026-07-02T00:41:38Z
F,10,6,,,2026-07-02T00:41:38Z
F,10,8,,,2026-07-02T00:41:38Z
F,11,7,,,2026-07-02T00:41:38Z
F,11,10,,,2026-07-02T00:41:38Z
F,11,2,,,2026-07-02T00:41:38Z
F,11,3,,,2026-07-02T00:41:38Z
F,11,4,,,2026-07-02T00:41:38Z
F,11,5,,,2026-07-02T00:41:38Z
F,11,6,,,2026-07-02T00:41:38Z
F,11,8,,,2026-07-02T00:41:38Z
F,11,9,,,2026-07-02T00:41:38Z
F,12,7,,,2026-07-02T00:41:38Z
F,12,10,,,2026-07-02T00:41:38Z
F,12,11,,,2026-07-02T00:41:38Z
F,12,12,,,2026-07-02T00:41:38Z
F,12,5,,,2026-07-02T00:41:38Z
F,12,6,,,2026-07-02T00:41:38Z
F,12,8,,,2026-07-02T00:41:38Z
F,12,9,,,2026-07-02T00:41:38Z
F,13,7,,,2026-07-02T00:41:38Z
F,13,10,,,2026-07-02T00:41:38Z
F,13,11,,,2026-07-02T00:41:38Z
F,13,12,,,2026-07-02T00:41:38Z
F,13,5,,,2026-07-02T00:41:38Z
F,13,6,,,2026-07-02T00:41:38Z
F,13,8,,,2026-07-02T00:41:38Z
F,13,9,,,2026-07-02T00:41:38Z
F,14,7,,,2026-07-02T00:41:38Z
F,14,10,,,2026-07-02T00:41:38Z
F,14,11,,,2026-07-02T00:41:38Z
F,14,12,,,2026-07-02T00:41:38Z
F,14,5,,,2026-07-02T00:41:38Z
F,14,6,,,2026-07-02T00:41:38Z
F,14,8,,,2026-07-02T00:41:38Z
F,14,9,,,2026-07-02T00:41:38Z
F,15,7,,,2026-07-02T00:41:38Z
F,15,10,,,2026-07-02T00:41:38Z
F,15,11,,,2026-07-02T00:41:38Z
F,15,12,,,2026-07-02T00:41:38Z
F,15,2,,,2026-07-02T00:41:38Z
F,15,3,,,2026-07-02T00:41:38Z
F,15,4,,,2026-07-02T00:41:38Z
F,15,5,,,2026-07-02T00:41:38Z
F,15,6,,,2026-07-02T00:41:38Z
F,15,8,,,2026-07-02T00:41:38Z
F,15,9,,,2026-07-02T00:41:38Z
F,16,10,,,2026-07-02T00:41:38Z
F,16,11,,,2026-07-02T00:41:38Z
F,16,12,,,2026-07-02T00:41:38Z
F,16,8,,,2026-07-02T00:41:38Z
F,16,9,,,2026-07-02T00:41:38Z
F,17,7,,,2026-07-02T00:41:38Z
F,17,10,,,2026-07-02T00:41:38Z
F,17,11,,,2026-07-02T00:41:38Z
F,17,12,,,2026-07-02T00:41:38Z
F,17,3,,,2026-07-02T00:41:38Z
F,17,4,,,2026-07-02T00:41:38Z
F,17,5,,,2026-07-02T00:41:38Z
F,17,6,,,2026-07-02T00:41:38Z
F,17,8,,,2026-07-02T00:41:38Z
F,17,9,,,2026-07-02T00:41:38Z
F,18,7,,,2026-07-02T00:41:38Z
F,18,3,,,2026-07-02T00:41:38Z
F,18,4,,,2026-07-02T00:41:38Z
F,18,5,,,2026-07-02T00:41:38Z
F,18,6,,,2026-07-02T00:41:38Z
F,7,1,,,2026-07-02T00:41:38Z
F,7,2,,,2026-07-02T00:41:38Z
G,E,8,,,2026-07-02T00:41:38Z
G,E,9,,,2026-07-02T00:41:38Z
G,F,5,,,2026-07-02T00:41:38Z
G,F,6,,,2026-07-02T00:41:38Z
G,F,7,,,2026-07-02T00:41:38Z
G,M,4,,,2026-07-02T00:41:38Z
G,M,5,,,2026-07-02T00:41:38Z
G,M,6,,,2026-07-02T00:41:38Z
G,M,7,,,2026-07-02T00:41:38Z
G,M,8,,,2026-07-02T00:41:38Z
G,M,9,,,2026-07-02T00:41:38Z
G,G,10,,,2026-07-02T00:41:38Z
G,G,11,,,2026-07-02T00:41:38Z
G,G,7,,,2026-07-02T00:41:38Z
G,G,8,,,2026-07-02T00:41:38Z
G,G,9,,,2026-07-02T00:41:38Z
G,H,6,,,2026-07-02T00:41:38Z
G,H,7,,,2026-07-02T00:41:38Z
G,H,8,,,2026-07-02T00:41:38Z
G,H,9,,,2026-07-02T00:41:38Z
G,J,5,,,2026-07-02T00:41:38Z
G,K,7,,,2026-07-02T00:41:38Z
G,K,8,,,2026-07-02T00:41:38Z
G,K,9,,,2026-07-02T00:41:38Z
G,L,1,,,2026-07-02T00:41:38Z
G,L,2,,,2026-07-02T00:41:38Z
G,L,3,,,2026-07-02T00:41:38Z
G,L,4,,,2026-07-02T00:41:38Z
G,L,5,,,2026-07-02T00:41:38Z
G,L,6,,,2026-07-02T00:41:38Z
G,L,7,,,2026-07-02T00:41:38Z
G,L,8,,,2026-07-02T00:41:38Z
G,L,9,,,2026-07-02T00:41:38Z
H,C,12,,,2026-07-02T00:41:38Z
H,C,13,,,2026-07-02T00:41:38Z
H,E,7,,,2026-07-02T00:41:38Z
H,E,8,,,2026-07-02T00:41:38Z
H,E,9,,,2026-07-02T00:41:38Z
H,M,10,,,2026-07-02T00:41:38Z
H,M,11,,,2026-07-02T00:41:38Z
H,M,12,,,2026-07-02T00:41:38Z
H,M,13,,,2026-07-02T00:41:38Z
H,M,14,,,2026-07-02T00:41:38Z
H,M,19,,,2026-07-02T00:41:38Z
H,M,20,,,2026-07-02T00:41:38Z
H,M,5,,,2026-07-02T00:41:38Z
H,M,6,,,2026-07-02T00:41:38Z
H,M,7,,,2026-07-02T00:41:38Z
H,M,8,,,2026-07-02T00:41:38Z
H,M,9,,,2026-07-02T00:41:38Z
H,H,9,,,2026-07-02T00:41:38Z
H,I,11,,,2026-07-02T00:41:38Z
H,I,12,,,2026-07-02T00:41:38Z
H,I,13,,,2026-07-02T00:41:38Z
H,I,14,,,2026-07-02T00:41:38Z
H,I,5,,,2026-07-02T00:41:38Z
H,I,6,,,2026-07-02T00:41:38Z
H,K,10,,,2026-07-02T00:41:38Z
H,K,11,,,2026-07-02T00:41:38Z
H,K,12,,,2026-07-02T00:41:38Z
H,K,5,,,2026-07-02T00:41:38Z
H,K,6,,,2026-07-02T00:41:38Z
H,K,7,,,2026-07-02T00:41:38Z
H,K,8,,,2026-07-02T00:41:38Z
H,K,9,,,2026-07-02T00:41:38Z
H,L,17,,,2026-07-02T00:41:38Z
H,L,10,,,2026-07-02T00:41:38Z
H,L,11,,,2026-07-02T00:41:38Z
H,L,12,,,2026-07-02T00:41:38Z
H,L,13,,,2026-07-02T00:41:38Z
H,L,14,,,2026-07-02T00:41:38Z
H,L,15,,,2026-07-02T00:41:38Z
H,L,16,,,2026-07-02T00:41:38Z
H,L,5,,,2026-07-02T00:41:38Z
H,L,6,,,2026-07-02T00:41:38Z
H,L,7,,,2026-07-02T00:41:38Z
H,L,8,,,2026-07-02T00:41:38Z
H,L,9,,,2026-07-02T00:41:38Z
I,D,5,,,2026-07-02T00:41:38Z
I,D,6,,,2026-07-02T00:41:38Z
I,D,7,,,2026-07-02T00:41:38Z
I,D,8,,,2026-07-02T00:41:38Z
I,F,5,,,2026-07-02T00:41:38Z
I,F,6,,,2026-07-02T00:41:38Z
I,F,7,,,2026-07-02T00:41:38Z
I,M,1,,,2026-07-02T00:41:38Z
I,M,2,,,2026-07-02T00:41:38Z
I,M,3,,,2026-07-02T00:41:38Z
I,M,4,,,2026-07-02T00:41:38Z
I,M,5,,,2026-07-02T00:41:38Z
I,M,6,,,2026-07-02T00:41:38Z
I,M,7,,,2026-07-02T00:41:38Z
I,M,8,,,2026-07-02T00:41:38Z
I,M,9,,,2026-07-02T00:41:38Z
I,H,12,,,2026-07-02T00:41:38Z
I,H,13,,,2026-07-02T00:41:38Z
I,I,5,,,2026-07-02T00:41:38Z
I,J,3,,,2026-07-02T00:41:38Z
I,J,4,,,2026-07-02T00:41:38Z
I,K,8,,,2026-07-02T00:41:38Z
I,K,9,,,2026-07-02T00:41:38Z
J,H,3,,,2026-07-02T00:41:38Z
J,I,12,,,2026-07-02T00:41:38Z
J,I,13,,,2026-07-02T00:41:38Z
J,I,5,,,2026-07-02T00:41:38Z
J,I,6,,,2026-07-02T00:41:38Z
J,J,10,,,2026-07-02T00:41:38Z
J,J,11,,,2026-07-02T00:41:38Z
J,K,5,,,2026-07-02T00:41:38Z
K,D,1,,,2026-07-02T00:41:38Z
K,D,2,,,2026-07-02T00:41:38Z
K,F,7,,,2026-07-02T00:41:38Z
K,M,7,,,2026-07-02T00:41:38Z
K,M,8,,,2026-07-02T00:41:38Z
K,K,5,,,2026-07-02T00:41:38Z
K,K,6,,,2026-07-02T00:41:38Z
K,L,13,,,2026-07-02T00:41:38Z
K,L,14,,,2026-07-02T00:41:38Z
L,D,7,,,2026-07-02T00:41:38Z
L,D,8,,,2026-07-02T00:41:38Z
L,H,12,,,2026-07-02T00:41:38Z
L,H,13,,,2026-07-02T00:41:38Z
L,I,10,,,2026-07-02T00:41:38Z
L,I,9,,,2026-07-02T00:41:38Z
L,J,10,,,2026-07-02T00:41:38Z
L,J,11,,,2026-07-02T00:41:38Z
L,J,12,,,2026-07-02T00:41:38Z
L,J,9,,,2026-07-02T00:41:38Z
L,K,17,,,2026-07-02T00:41:38Z
L,K,12,,,2026-07-02T00:41:38Z
L,K,13,,,2026-07-02T00:41:38Z
L,K,16,,,2026-07-02T00:41:38Z
L,K,3,,,2026-07-02T00:41:38Z
L,K,4,,,2026-07-02T00:41:38Z
L,K,5,,,2026-07-02T00:41:38Z
L,K,7,,,2026-07-02T00:41:38Z
L,L,3,,,2026-07-02T00:41:38Z
L,L,4,,,2026-07-02T00:41:38Z
L,L,5,,,2026-07-02T00:41:38Z
L,L,6,,,2026-07-02T00:41:38Z
L,L,7,,,2026-07-02T00:41:38Z
L,L,8,,,2026-07-02T00:41:38Z
L,L,9,,,2026-07-02T00:41:38Z
LFTERR,1,20,,,2026-07-02T00:41:38Z
LFTERR,1,21,,,2026-07-02T00:41:38Z
LFTERR,1,22,,,2026-07-02T00:41:38Z
LFTERR,1,23,,,2026-07-02T00:41:38Z
LFTERR,1,24,,,2026-07-02T00:41:38Z
LFTERR,1,25,,,2026-07-02T00:41:38Z
LFTERR,1,26,,,2026-07-02T00:41:38Z
LFTERR,2,17,,,2026-07-02T00:41:38Z
LFTERR,2,15,,,2026-07-02T00:41:38Z
LFTERR,2,16,,,2026-07-02T00:41:38Z
LFTERR,2,18,,,2026-07-02T00:41:38Z
LFTERR,2,19,,,2026-07-02T00:41:38Z
LFTERR,2,27,,,2026-07-02T00:41:38Z
LFTERR,2,20,,,2026-07-02T00:41:38Z
LFTERR,2,21,,,2026-07-02T00:41:38Z
LFTERR,2,22,,,2026-07-02T00:41:38Z
LFTERR,2,23,,,2026-07-02T00:41:38Z
LFTERR,2,24,,,2026-07-02T00:41:38Z
LFTERR,2,25,,,2026-07-02T00:41:38Z
LFTERR,2,26,,,2026-07-02T00:41:38Z
LFTERR,2,28,,,2026-07-02T00:41:38Z
LFTERR,2,29,,,2026-07-02T00:41:38Z
LFTERR,2,30,,,2026-07-02T00:41:38Z
LFTERR,T10,4,,,2026-07-02T00:41:38Z
LFTERR,T10,5,,,2026-07-02T00:41:38Z
LFTERR,T10,1,,,2026-07-02T00:41:38Z
LFTERR,T10,2,,,2026-07-02T00:41:38Z
LFTERR,T10,3,,,2026-07-02T00:41:38Z
LFTERR,T23,4,,,2026-07-02T00:41:38Z
LFTERR,T23,5,,,2026-07-02T00:41:38Z
LFTERR,T23,1,,,2026-07-02T00:41:38Z
LFTERR,T23,2,,,2026-07-02T00:41:38Z
LFTERR,T23,3,,,2026-07-02T00:41:38Z
LFTERR,T24,4,,,2026-07-02T00:41:38Z
LFTERR,T24,5,,,2026-07-02T00:41:38Z
LFTERR,T24,1,,,2026-07-02T00:41:38Z
LFTERR,T24,2,,,2026-07-02T00:41:38Z
LFTERR,T24,3,,,2026-07-02T00:41:38Z
LFTERR,T27,4,,,2026-07-02T00:41:38Z
LFTERR,T27,5,,,2026-07-02T00:41:38Z
LFTERR,T27,1,,,2026-07-02T00:41:38Z
LFTERR,T27,2,,,2026-07-02T00:41:38Z
LFTERR,T27,3,,,2026-07-02T00:41:38Z
LFTERR,T37,4,,,2026-07-02T00:41:38Z
LFTERR,T37,5,,,2026-07-02T00:41:38Z
LFTERR,T37,1,,,2026-07-02T00:41:38Z
LFTERR,T37,2,,,2026-07-02T00:41:38Z
LFTERR,T37,3,,,2026-07-02T00:41:38Z
LFTERR,T39,4,,,2026-07-02T00:41:38Z
LFTERR,T39,5,,,2026-07-02T00:41:38Z
LFTERR,T39,1,,,2026-07-02T00:41:38Z
LFTERR,T39,2,,,2026-07-02T00:41:38Z
LFTERR,T39,3,,,2026-07-02T00:41:38Z
LFTERR,T22,4,,,2026-07-02T00:41:38Z
LFTERR,T22,1,,,2026-07-02T00:41:38Z
LFTERR,T22,2,,,2026-07-02T00:41:38Z
LFTERR,T22,3,,,2026-07-02T00:41:38Z
LFTERR,T25,4,,,2026-07-02T00:41:38Z
LFTERR,T25,1,,,2026-07-02T00:41:38Z
LFTERR,T25,2,,,2026-07-02T00:41:38Z
LFTERR,T25,3,,,2026-07-02T00:41:38Z
LFTERR,T26,4,,,2026-07-02T00:41:38Z
LFTERR,T26,1,,,2026-07-02T00:41:38Z
LFTERR,T26,2,,,2026-07-02T00:41:38Z
LFTERR,T26,3,,,2026-07-02T00:41:38Z
LFTERR,T33,4,,,2026-07-02T00:41:38Z
LFTERR,T33,1,,,2026-07-02T00:41:38Z
LFTERR,T33,2,,,2026-07-02T00:41:38Z
LFTERR,T33,3,,,2026-07-02T00:41:38Z
LFTERR,T34,4,,,2026-07-02T00:41:38Z
LFTERR,T34,1,,,2026-07-02T00:41:38Z
LFTERR,T34,2,,,2026-07-02T00:41:38Z
LFTERR,T34,3,,,2026-07-02T00:41:38Z
LFTERR,T35,4,,,2026-07-02T00:41:38Z
LFTERR,T35,1,,,2026-07-02T00:41:38Z
LFTERR,T35,2,,,2026-07-02T00:41:38Z
LFTERR,T35,3,,,2026-07-02T00:41:38Z
LFTERR,T36,4,,,2026-07-02T00:41:38Z
LFTERR,T36,1,,,2026-07-02T00:41:38Z
LFTERR,T36,2,,,2026-07-02T00:41:38Z
LFTERR,T36,3,,,2026-07-02T00:41:38Z
LFTERR,T38,4,,,2026-07-02T00:41:38Z
LFTERR,T38,1,,,2026-07-02T00:41:38Z
LFTERR,T38,2,,,2026-07-02T00:41:38Z
LFTERR,T38,3,,,2026-07-02T00:41:38Z
M,D,3,,,2026-07-02T00:41:38Z
M,M,1,,,2026-07-02T00:41:38Z
M,M,2,,,2026-07-02T00:41:38Z
M,M,7,,,2026-07-02T00:41:38Z
M,M,8,,,2026-07-02T00:41:38Z
M,M,9,,,2026-07-02T00:41:38Z
M,I,10,,,2026-07-02T00:41:38Z
M,I,11,,,2026-07-02T00:41:38Z
M,J,5,,,2026-07-02T00:41:38Z
M,J,6,,,2026-07-02T00:41:38Z
M,J,7,,,2026-07-02T00:41:38Z
M,K,3,,,2026-07-02T00:41:38Z
M,K,4,,,2026-07-02T00:41:38Z
M,K,5,,,2026-07-02T00:41:38Z
M,K,6,,,2026-07-02T00:41:38Z
M,K,7,,,2026-07-02T00:41:38Z
N,10,7,,,2026-07-02T00:41:38Z
N,10,5,,,2026-07-02T00:41:38Z
N,10,6,,,2026-07-02T00:41:38Z
N,14,10,,,2026-07-02T00:41:38Z
N,14,9,,,2026-07-02T00:41:38Z
N,17,11,,,2026-07-02T00:41:38Z
N,17,12,,,2026-07-02T00:41:38Z
N,18,7,,,2026-07-02T00:41:38Z
N,18,10,,,2026-07-02T00:41:38Z
N,18,5,,,2026-07-02T00:41:38Z
N,18,6,,,2026-07-02T00:41:38Z
N,18,8,,,2026-07-02T00:41:38Z
N,18,9,,,2026-07-02T00:41:38Z
O,11,7,,,2026-07-02T00:41:38Z
O,11,5,,,2026-07-02T00:41:38Z
O,11,6,,,2026-07-02T00:41:38Z
O,11,8,,,2026-07-02T00:41:38Z
O,13,7,,,2026-07-02T00:41:38Z
O,13,5,,,2026-07-02T00:41:38Z
O,13,6,,,2026-07-02T00:41:38Z
O,16,7,,,2026-07-02T00:41:38Z
O,16,10,,,2026-07-02T00:41:38Z
O,16,3,,,2026-07-02T00:41:38Z
O,16,4,,,2026-07-02T00:41:38Z
O,16,5,,,2026-07-02T00:41:38Z
O,16,6,,,2026-07-02T00:41:38Z
O,16,8,,,2026-07-02T00:41:38Z
O,16,9,,,2026-07-02T00:41:38Z
O,17,7,,,2026-07-02T00:41:38Z
O,17,10,,,2026-07-02T00:41:38Z
O,17,11,,,2026-07-02T00:41:38Z
O,17,12,,,2026-07-02T00:41:38Z
O,17,2,,,2026-07-02T00:41:38Z
O,17,3,,,2026-07-02T00:41:38Z
O,17,4,,,2026-07-02T00:41:38Z
O,17,5,,,2026-07-02T00:41:38Z
O,17,6,,,2026-07-02T00:41:38Z
O,17,8,,,2026-07-02T00:41:38Z
O,17,9,,,2026-07-02T00:41:38Z
O,18,7,,,2026-07-02T00:41:38Z
O,18,10,,,2026-07-02T00:41:38Z
O,18,11,,,2026-07-02T00:41:38Z
O,18,12,,,2026-07-02T00:41:38Z
O,18,2,,,2026-07-02T00:41:38Z
O,18,3,,,2026-07-02T00:41:38Z
O,18,4,,,2026-07-02T00:41:38Z
O,18,5,,,2026-07-02T00:41:38Z
O,18,6,,,2026-07-02T00:41:38Z
O,18,8,,,2026-07-02T00:41:38Z
O,18,9,,,2026-07-02T00:41:38Z
O,8,7,,,2026-07-02T00:41:38Z
O,8,8,,,2026-07-02T00:41:38Z
P,10,10,,,2026-07-02T00:41:38Z
P,10,9,,,2026-07-02T00:41:38Z
P,11,7,,,2026-07-02T00:41:38Z
P,11,5,,,2026-07-02T00:41:38Z
P,11,6,,,2026-07-02T00:41:38Z
P,14,7,,,2026-07-02T00:41:38Z
P,14,1,,,2026-07-02T00:41:38Z
P,14,2,,,2026-07-02T00:41:38Z
P,14,3,,,2026-07-02T00:41:38Z
P,14,4,,,2026-07-02T00:41:38Z
P,14,5,,,2026-07-02T00:41:38Z
P,14,6,,,2026-07-02T00:41:38Z
P,14,8,,,2026-07-02T00:41:38Z
P,15,12,,,2026-07-02T00:41:38Z
P,16,7,,,2026-07-02T00:41:38Z
P,16,10,,,2026-07-02T00:41:38Z
P,16,11,,,2026-07-02T00:41:38Z
P,16,12,,,2026-07-02T00:41:38Z
P,16,2,,,2026-07-02T00:41:38Z
P,16,3,,,2026-07-02T00:41:38Z
P,16,4,,,2026-07-02T00:41:38Z
P,16,5,,,2026-07-02T00:41:38Z
P,16,6,,,2026-07-02T00:41:38Z
P,16,8,,,2026-07-02T00:41:38Z
P,16,9,,,2026-07-02T00:41:38Z
P,17,7,,,2026-07-02T00:41:38Z
P,17,10,,,2026-07-02T00:41:38Z
P,17,11,,,2026-07-02T00:41:38Z
P,17,12,,,2026-07-02T00:41:38Z
P,17,2,,,2026-07-02T00:41:38Z
P,17,3,,,2026-07-02T00:41:38Z
P,17,4,,,2026-07-02T00:41:38Z
P,17,5,,,2026-07-02T00:41:38Z
P,17,6,,,2026-07-02T00:41:38Z
P,17,8,,,2026-07-02T00:41:38Z
P,17,9,,,2026-07-02T00:41:38Z
P,18,7,,,2026-07-02T00:41:38Z
P,18,10,,,2026-07-02T00:41:38Z
P,18,11,,,2026-07-02T00:41:38Z
P,18,12,,,2026-07-02T00:41:38Z
P,18,2,,,2026-07-02T00:41:38Z
P,18,3,,,2026-07-02T00:41:38Z
P,18,4,,,2026-07-02T00:41:38Z
P,18,5,,,2026-07-02T00:41:38Z
P,18,6,,,2026-07-02T00:41:38Z
P,18,8,,,2026-07-02T00:41:38Z
P,18,9,,,2026-07-02T00:41:38Z
P,9,11,,,2026-07-02T00:41:38Z
P,9,12,,,2026-07-02T00:41:38Z
Q,10,5,,,2026-07-02T00:41:38Z
Q,10,6,,,2026-07-02T00:41:38Z
Q,11,7,,,2026-07-02T00:41:38Z
Q,11,3,,,2026-07-02T00:41:38Z
Q,11,4,,,2026-07-02T00:41:38Z
Q,11,5,,,2026-07-02T00:41:38Z
Q,11,6,,,2026-07-02T00:41:38Z
Q,11,8,,,2026-07-02T00:41:38Z
Q,12,7,,,2026-07-02T00:41:38Z
Q,12,10,,,2026-07-02T00:41:38Z
Q,12,3,,,2026-07-02T00:41:38Z
Q,12,4,,,2026-07-02T00:41:38Z
Q,12,5,,,2026-07-02T00:41:38Z
Q,12,6,,,2026-07-02T00:41:38Z
Q,12,8,,,2026-07-02T00:41:38Z
Q,12,9,,,2026-07-02T00:41:38Z
Q,13,7,,,2026-07-02T00:41:38Z
Q,13,10,,,2026-07-02T00:41:38Z
Q,13,11,,,2026-07-02T00:41:38Z
Q,13,12,,,2026-07-02T00:41:38Z
Q,13,3,,,2026-07-02T00:41:38Z
Q,13,4,,,2026-07-02T00:41:38Z
Q,13,5,,,2026-07-02T00:41:38Z
Q,13,6,,,2026-07-02T00:41:38Z
Q,13,8,,,2026-07-02T00:41:38Z
Q,13,9,,,2026-07-02T00:41:38Z
Q,14,7,,,2026-07-02T00:41:38Z
Q,14,10,,,2026-07-02T00:41:38Z
Q,14,11,,,2026-07-02T00:41:38Z
Q,14,12,,,2026-07-02T00:41:38Z
Q,14,4,,,2026-07-02T00:41:38Z
Q,14,5,,,2026-07-02T00:41:38Z
Q,14,6,,,2026-07-02T00:41:38Z
Q,14,8,,,2026-07-02T00:41:38Z
Q,14,9,,,2026-07-02T00:41:38Z
Q,15,7,,,2026-07-02T00:41:38Z
Q,15,10,,,2026-07-02T00:41:38Z
Q,15,11,,,2026-07-02T00:41:38Z
Q,15,12,,,2026-07-02T00:41:38Z
Q,15,2,,,2026-07-02T00:41:38Z
Q,15,3,,,2026-07-02T00:41:38Z
Q,15,4,,,2026-07-02T00:41:38Z
Q,15,5,,,2026-07-02T00:41:38Z
Q,15,6,,,2026-07-02T00:41:38Z
Q,15,8,,,2026-07-02T00:41:38Z
Q,15,9,,,2026-07-02T00:41:38Z
Q,16,10,,,2026-07-02T00:41:38Z
Q,16,11,,,2026-07-02T00:41:38Z
Q,16,12,,,2026-07-02T00:41:38Z
Q,16,2,,,2026-07-02T00:41:38Z
Q,16,3,,,2026-07-02T00:41:38Z
Q,16,4,,,2026-07-02T00:41:38Z
Q,16,9,,,2026-07-02T00:41:38Z
Q,17,7,,,2026-07-02T00:41:38Z
Q,17,10,,,2026-07-02T00:41:38Z
Q,17,11,,,2026-07-02T00:41:38Z
Q,17,12,,,2026-07-02T00:41:38Z
Q,17,2,,,2026-07-02T00:41:38Z
Q,17,3,,,2026-07-02T00:41:38Z
Q,17,4,,,2026-07-02T00:41:38Z
Q,17,5,,,2026-07-02T00:41:38Z
Q,17,6,,,2026-07-02T00:41:38Z
Q,17,8,,,2026-07-02T00:41:38Z
Q,17,9,,,2026-07-02T00:41:38Z
Q,18,10,,,2026-07-02T00:41:38Z
Q,18,11,,,2026-07-02T00:41:38Z
Q,18,12,,,2026-07-02T00:41:38Z
Q,18,2,,,2026-07-02T00:41:38Z
Q,18,3,,,2026-07-02T00:41:38Z
Q,18,4,,,2026-07-02T00:41:38Z
Q,18,5,,,2026-07-02T00:41:38Z
Q,18,6,,,2026-07-02T00:41:38Z
Q,18,9,,,2026-07-02T00:41:38Z
Q,8,3,,,2026-07-02T00:41:38Z
Q,8,4,,,2026-07-02T00:41:38Z
Q,8,5,,,2026-07-02T00:41:38Z
Q,8,6,,,2026-07-02T00:41:38Z
Q,8,7,,,2026-07-02T00:41:38Z
Q,9,3,,,2026-07-02T00:41:38Z
Q,9,5,,,2026-07-02T00:41:38Z
Q,9,6,,,2026-07-02T00:41:38Z
Q,9,7,,,2026-07-02T00:41:38Z
Q,9,8,,,2026-07-02T00:41:38Z
R,G,11,,,2026-07-02T00:41:38Z
R,G,12,,,2026-07-02T00:41:38Z
S,A,14,,,2026-07-02T00:41:38Z
S,A,15,,,2026-07-02T00:41:38Z
S,AA,7,,,2026-07-02T00:41:38Z
S,AA,10,,,2026-07-02T00:41:38Z
S,AA,11,,,2026-07-02T00:41:38Z
S,AA,8,,,2026-07-02T00:41:38Z
S,AA,9,,,2026-07-02T00:41:38Z
S,C,10,,,2026-07-02T00:41:38Z
S,D,10,,,2026-07-02T00:41:38Z
S,D,11,,,2026-07-02T00:41:38Z
S,E,10,,,2026-07-02T00:41:38Z
S,E,11,,,2026-07-02T00:41:38Z
S,E,9,,,2026-07-02T00:41:38Z
S,F,13,,,2026-07-02T00:41:38Z
S,F,14,,,2026-07-02T00:41:38Z
S,F,3,,,2026-07-02T00:41:38Z
S,F,4,,,2026-07-02T00:41:38Z
S,F,5,,,2026-07-02T00:41:38Z
S,F,6,,,2026-07-02T00:41:38Z
S,F,7,,,2026-07-02T00:41:38Z
S,F,8,,,2026-07-02T00:41:38Z
S,G,5,,,2026-07-02T00:41:38Z
S,G,6,,,2026-07-02T00:41:38Z
S,G,7,,,2026-07-02T00:41:38Z
