section,row,seat,price_usd,selection_type,scraped_at
102,37,1,84.88,standard,2026-07-18T01:32:20Z
102,37,2,84.88,standard,2026-07-18T01:32:20Z
102,38,1,84.88,standard,2026-07-18T01:32:20Z
102,38,2,84.88,standard,2026-07-18T01:32:20Z
102,38,3,84.88,standard,2026-07-18T01:32:20Z
102,38,4,84.88,standard,2026-07-18T01:32:20Z
102,39A,1,84.88,standard,2026-07-18T01:32:20Z
102,39A,2,84.88,standard,2026-07-18T01:32:20Z
102,39A,3,84.88,standard,2026-07-18T01:32:20Z
102,39A,4,84.88,standard,2026-07-18T01:32:20Z
103,30,7,84.88,standard,2026-07-18T01:32:20Z
103,35,8,84.88,standard,2026-07-18T01:32:20Z
103,35,9,84.88,standard,2026-07-18T01:32:20Z
103,35,10,84.88,standard,2026-07-18T01:32:20Z
103,35,11,84.88,standard,2026-07-18T01:32:20Z
103,36,9,84.88,standard,2026-07-18T01:32:20Z
103,36,10,84.88,standard,2026-07-18T01:32:20Z
103,36,11,84.88,standard,2026-07-18T01:32:20Z
103,36,12,84.88,standard,2026-07-18T01:32:20Z
103,36,13,84.88,standard,2026-07-18T01:32:20Z
103,37,11,84.88,standard,2026-07-18T01:32:20Z
103,37,12,84.88,standard,2026-07-18T01:32:20Z
103,37,13,84.88,standard,2026-07-18T01:32:20Z
103,37,14,84.88,standard,2026-07-18T01:32:20Z
103,37,15,84.88,standard,2026-07-18T01:32:20Z
103,37,16,84.88,standard,2026-07-18T01:32:20Z
103,38,11,84.88,standard,2026-07-18T01:32:20Z
103,38,12,84.88,standard,2026-07-18T01:32:20Z
103,39A,7,84.88,standard,2026-07-18T01:32:20Z
103,39A,8,84.88,standard,2026-07-18T01:32:20Z
103,39A,9,84.88,standard,2026-07-18T01:32:20Z
104,36,3,84.88,standard,2026-07-18T01:32:20Z
104,36,4,84.88,standard,2026-07-18T01:32:20Z
104,36,5,84.88,standard,2026-07-18T01:32:20Z
104,37,5,84.88,standard,2026-07-18T01:32:20Z
104,37,6,84.88,standard,2026-07-18T01:32:20Z
104,37,7,84.88,standard,2026-07-18T01:32:20Z
104,38,5,84.88,standard,2026-07-18T01:32:20Z
104,38,6,84.88,standard,2026-07-18T01:32:20Z
104,38,7,84.88,standard,2026-07-18T01:32:20Z
105,36,5,86.89,standard,2026-07-18T01:32:20Z
105,36,6,86.89,standard,2026-07-18T01:32:20Z
105,36,7,86.89,standard,2026-07-18T01:32:20Z
105,36,8,86.89,standard,2026-07-18T01:32:20Z
105,36,9,86.89,standard,2026-07-18T01:32:20Z
105,36,10,86.89,standard,2026-07-18T01:32:20Z
105,36,11,86.89,standard,2026-07-18T01:32:20Z
105,36,12,86.89,standard,2026-07-18T01:32:20Z
105,36,13,86.89,standard,2026-07-18T01:32:20Z
105,36,16,86.89,standard,2026-07-18T01:32:20Z
105,37,3,86.89,standard,2026-07-18T01:32:20Z
105,37,4,86.89,standard,2026-07-18T01:32:20Z
105,37,5,86.89,standard,2026-07-18T01:32:20Z
105,37,6,86.89,standard,2026-07-18T01:32:20Z
105,37,7,86.89,standard,2026-07-18T01:32:20Z
105,37,8,86.89,standard,2026-07-18T01:32:20Z
105,37,9,86.89,standard,2026-07-18T01:32:20Z
105,37,10,86.89,standard,2026-07-18T01:32:20Z
105,37,11,86.89,standard,2026-07-18T01:32:20Z
105,37,12,86.89,standard,2026-07-18T01:32:20Z
105,38,7,86.89,standard,2026-07-18T01:32:20Z
105,38,8,86.89,standard,2026-07-18T01:32:20Z
105,38,9,86.89,standard,2026-07-18T01:32:20Z
105,38,10,86.89,standard,2026-07-18T01:32:20Z
105,38,11,86.89,standard,2026-07-18T01:32:20Z
105,38,12,86.89,standard,2026-07-18T01:32:20Z
105,38,13,86.89,standard,2026-07-18T01:32:20Z
105,38,14,86.89,standard,2026-07-18T01:32:20Z
105,38,15,86.89,standard,2026-07-18T01:32:20Z
105,38,16,86.89,standard,2026-07-18T01:32:20Z
106,34,7,86.89,standard,2026-07-18T01:32:20Z
106,34,8,86.89,standard,2026-07-18T01:32:20Z
106,34,9,86.89,standard,2026-07-18T01:32:20Z
106,34,10,86.89,standard,2026-07-18T01:32:20Z
106,34,11,86.89,standard,2026-07-18T01:32:20Z
106,34,12,86.89,standard,2026-07-18T01:32:20Z
106,34,13,86.89,standard,2026-07-18T01:32:20Z
106,34,14,86.89,standard,2026-07-18T01:32:20Z
106,34,15,86.89,standard,2026-07-18T01:32:20Z
106,34,16,86.89,standard,2026-07-18T01:32:20Z
106,34,17,86.89,standard,2026-07-18T01:32:20Z
106,35,8,86.89,standard,2026-07-18T01:32:20Z
106,35,9,86.89,standard,2026-07-18T01:32:20Z
106,35,10,86.89,standard,2026-07-18T01:32:20Z
106,35,11,86.89,standard,2026-07-18T01:32:20Z
106,35,12,86.89,standard,2026-07-18T01:32:20Z
106,35,13,86.89,standard,2026-07-18T01:32:20Z
106,35,14,86.89,standard,2026-07-18T01:32:20Z
106,35,15,86.89,standard,2026-07-18T01:32:20Z
106,35,16,86.89,standard,2026-07-18T01:32:20Z
106,35,17,86.89,standard,2026-07-18T01:32:20Z
106,35,18,86.89,standard,2026-07-18T01:32:20Z
106,35,19,86.89,standard,2026-07-18T01:32:20Z
106,35,20,86.89,standard,2026-07-18T01:32:20Z
106,36,9,86.89,standard,2026-07-18T01:32:20Z
106,36,10,86.89,standard,2026-07-18T01:32:20Z
106,36,11,86.89,standard,2026-07-18T01:32:20Z
106,36,12,86.89,standard,2026-07-18T01:32:20Z
106,36,13,86.89,standard,2026-07-18T01:32:20Z
106,36,14,86.89,standard,2026-07-18T01:32:20Z
106,36,15,86.89,standard,2026-07-18T01:32:20Z
106,36,16,86.89,standard,2026-07-18T01:32:20Z
106,36,17,86.89,standard,2026-07-18T01:32:20Z
106,36,18,86.89,standard,2026-07-18T01:32:20Z
106,36,19,86.89,standard,2026-07-18T01:32:20Z
106,37,7,86.89,standard,2026-07-18T01:32:20Z
106,37,8,86.89,standard,2026-07-18T01:32:20Z
106,37,9,86.89,standard,2026-07-18T01:32:20Z
106,37,10,86.89,standard,2026-07-18T01:32:20Z
106,37,11,86.89,standard,2026-07-18T01:32:20Z
106,37,12,86.89,standard,2026-07-18T01:32:20Z
106,37,13,86.89,standard,2026-07-18T01:32:20Z
106,37,14,86.89,standard,2026-07-18T01:32:20Z
106,37,15,86.89,standard,2026-07-18T01:32:20Z
106,37,16,86.89,standard,2026-07-18T01:32:20Z
106,37,17,86.89,standard,2026-07-18T01:32:20Z
106,37,18,86.89,standard,2026-07-18T01:32:20Z
106,37,19,86.89,standard,2026-07-18T01:32:20Z
106,38,3,86.89,standard,2026-07-18T01:32:20Z
106,38,4,86.89,standard,2026-07-18T01:32:20Z
106,38,5,86.89,standard,2026-07-18T01:32:20Z
106,38,6,86.89,standard,2026-07-18T01:32:20Z
106,38,7,86.89,standard,2026-07-18T01:32:20Z
106,38,8,86.89,standard,2026-07-18T01:32:20Z
106,38,9,86.89,standard,2026-07-18T01:32:20Z
106,38,10,86.89,standard,2026-07-18T01:32:20Z
106,38,11,86.89,standard,2026-07-18T01:32:20Z
106,38,12,86.89,standard,2026-07-18T01:32:20Z
106,38,13,86.89,standard,2026-07-18T01:32:20Z
106,38,14,86.89,standard,2026-07-18T01:32:20Z
106,38,15,86.89,standard,2026-07-18T01:32:20Z
106,38,16,86.89,standard,2026-07-18T01:32:20Z
106,38,17,86.89,standard,2026-07-18T01:32:20Z
106,38,18,86.89,standard,2026-07-18T01:32:20Z
106,38,19,86.89,standard,2026-07-18T01:32:20Z
106,38,20,86.89,standard,2026-07-18T01:32:20Z
106,38,21,86.89,standard,2026-07-18T01:32:20Z
106,38,22,86.89,standard,2026-07-18T01:32:20Z
106,38,23,86.89,standard,2026-07-18T01:32:20Z
106,38,24,86.89,standard,2026-07-18T01:32:20Z
106,41A,16,86.89,standard,2026-07-18T01:32:20Z
106,41A,17,86.89,standard,2026-07-18T01:32:20Z
106,41A,18,86.89,standard,2026-07-18T01:32:20Z
106,41A,19,86.89,standard,2026-07-18T01:32:20Z
107,34,7,86.89,standard,2026-07-18T01:32:20Z
107,34,8,86.89,standard,2026-07-18T01:32:20Z
107,34,9,86.89,standard,2026-07-18T01:32:20Z
107,34,12,86.89,standard,2026-07-18T01:32:20Z
107,34,13,86.89,standard,2026-07-18T01:32:20Z
107,34,14,86.89,standard,2026-07-18T01:32:20Z
107,34,15,86.89,standard,2026-07-18T01:32:20Z
107,34,16,86.89,standard,2026-07-18T01:32:20Z
107,34,17,86.89,standard,2026-07-18T01:32:20Z
107,34,18,86.89,standard,2026-07-18T01:32:20Z
107,34,19,86.89,standard,2026-07-18T01:32:20Z
107,35,16,86.89,standard,2026-07-18T01:32:20Z
107,35,17,86.89,standard,2026-07-18T01:32:20Z
107,35,18,86.89,standard,2026-07-18T01:32:20Z
107,36,15,86.89,standard,2026-07-18T01:32:20Z
107,36,16,86.89,standard,2026-07-18T01:32:20Z
107,36,17,86.89,standard,2026-07-18T01:32:20Z
107,36,18,86.89,standard,2026-07-18T01:32:20Z
107,37,5,86.89,standard,2026-07-18T01:32:20Z
107,37,6,86.89,standard,2026-07-18T01:32:20Z
107,37,7,86.89,standard,2026-07-18T01:32:20Z
107,37,8,86.89,standard,2026-07-18T01:32:20Z
107,37,9,86.89,standard,2026-07-18T01:32:20Z
107,37,10,86.89,standard,2026-07-18T01:32:20Z
107,37,11,86.89,standard,2026-07-18T01:32:20Z
107,37,12,86.89,standard,2026-07-18T01:32:20Z
107,37,13,86.89,standard,2026-07-18T01:32:20Z
107,37,14,86.89,standard,2026-07-18T01:32:20Z
107,37,15,86.89,standard,2026-07-18T01:32:20Z
107,37,16,86.89,standard,2026-07-18T01:32:20Z
107,37,17,86.89,standard,2026-07-18T01:32:20Z
107,37,18,86.89,standard,2026-07-18T01:32:20Z
107,37,19,86.89,standard,2026-07-18T01:32:20Z
107,37,20,86.89,standard,2026-07-18T01:32:20Z
107,37,21,86.89,standard,2026-07-18T01:32:20Z
107,37,22,86.89,standard,2026-07-18T01:32:20Z
107,38,4,86.89,standard,2026-07-18T01:32:20Z
107,38,5,86.89,standard,2026-07-18T01:32:20Z
107,38,6,86.89,standard,2026-07-18T01:32:20Z
107,38,7,86.89,standard,2026-07-18T01:32:20Z
107,38,8,86.89,standard,2026-07-18T01:32:20Z
107,38,9,86.89,standard,2026-07-18T01:32:20Z
107,38,10,86.89,standard,2026-07-18T01:32:20Z
107,38,11,86.89,standard,2026-07-18T01:32:20Z
107,38,12,86.89,standard,2026-07-18T01:32:20Z
107,38,13,86.89,standard,2026-07-18T01:32:20Z
107,38,14,86.89,standard,2026-07-18T01:32:20Z
107,38,15,86.89,standard,2026-07-18T01:32:20Z
107,38,16,86.89,standard,2026-07-18T01:32:20Z
107,38,17,86.89,standard,2026-07-18T01:32:20Z
107,38,18,86.89,standard,2026-07-18T01:32:20Z
107,38,19,86.89,standard,2026-07-18T01:32:20Z
107,38,20,86.89,standard,2026-07-18T01:32:20Z
108,34,6,86.89,standard,2026-07-18T01:32:20Z
108,34,7,86.89,standard,2026-07-18T01:32:20Z
108,34,8,86.89,standard,2026-07-18T01:32:20Z
108,35,11,86.89,standard,2026-07-18T01:32:20Z
108,35,12,86.89,standard,2026-07-18T01:32:20Z
108,36,11,86.89,standard,2026-07-18T01:32:20Z
108,36,12,86.89,standard,2026-07-18T01:32:20Z
108,36,13,86.89,standard,2026-07-18T01:32:20Z
108,36,14,86.89,standard,2026-07-18T01:32:20Z
108,36,15,86.89,standard,2026-07-18T01:32:20Z
108,36,16,86.89,standard,2026-07-18T01:32:20Z
108,36,17,86.89,standard,2026-07-18T01:32:20Z
108,36,18,86.89,standard,2026-07-18T01:32:20Z
108,36,19,86.89,standard,2026-07-18T01:32:20Z
108,36,20,86.89,standard,2026-07-18T01:32:20Z
108,36,21,86.89,standard,2026-07-18T01:32:20Z
108,36,22,86.89,standard,2026-07-18T01:32:20Z
108,37,8,86.89,standard,2026-07-18T01:32:20Z
108,37,9,86.89,standard,2026-07-18T01:32:20Z
108,37,10,86.89,standard,2026-07-18T01:32:20Z
108,37,11,86.89,standard,2026-07-18T01:32:20Z
108,37,12,86.89,standard,2026-07-18T01:32:20Z
108,37,13,86.89,standard,2026-07-18T01:32:20Z
108,37,14,86.89,standard,2026-07-18T01:32:20Z
108,37,15,86.89,standard,2026-07-18T01:32:20Z
108,37,16,86.89,standard,2026-07-18T01:32:20Z
108,37,17,86.89,standard,2026-07-18T01:32:20Z
108,37,18,86.89,standard,2026-07-18T01:32:20Z
108,37,19,86.89,standard,2026-07-18T01:32:20Z
108,37,20,86.89,standard,2026-07-18T01:32:20Z
108,38,8,86.89,standard,2026-07-18T01:32:20Z
108,38,9,86.89,standard,2026-07-18T01:32:20Z
108,38,10,86.89,standard,2026-07-18T01:32:20Z
108,38,11,86.89,standard,2026-07-18T01:32:20Z
108,38,12,86.89,standard,2026-07-18T01:32:20Z
108,38,13,86.89,standard,2026-07-18T01:32:20Z
108,38,14,86.89,standard,2026-07-18T01:32:20Z
108,38,15,86.89,standard,2026-07-18T01:32:20Z
108,38,16,86.89,standard,2026-07-18T01:32:20Z
108,38,17,86.89,standard,2026-07-18T01:32:20Z
108,38,18,86.89,standard,2026-07-18T01:32:20Z
108,38,19,86.89,standard,2026-07-18T01:32:20Z
108,38,20,86.89,standard,2026-07-18T01:32:20Z
108,41A,3,86.89,standard,2026-07-18T01:32:20Z
108,41A,4,86.89,standard,2026-07-18T01:32:20Z
108,41A,13,86.89,standard,2026-07-18T01:32:20Z
108,41A,14,86.89,standard,2026-07-18T01:32:20Z
108,41A,15,86.89,standard,2026-07-18T01:32:20Z
108,41A,16,86.89,standard,2026-07-18T01:32:20Z
108,41A,17,86.89,standard,2026-07-18T01:32:20Z
108,41A,18,86.89,standard,2026-07-18T01:32:20Z
108,41A,19,86.89,standard,2026-07-18T01:32:20Z
109,34,9,86.89,standard,2026-07-18T01:32:20Z
109,34,10,86.89,standard,2026-07-18T01:32:20Z
109,34,11,86.89,standard,2026-07-18T01:32:20Z
109,34,13,86.89,standard,2026-07-18T01:32:20Z
109,35,5,86.89,standard,2026-07-18T01:32:20Z
109,35,6,86.89,standard,2026-07-18T01:32:20Z
109,35,10,86.89,standard,2026-07-18T01:32:20Z
109,35,11,86.89,standard,2026-07-18T01:32:20Z
109,35,12,86.89,standard,2026-07-18T01:32:20Z
109,35,13,86.89,standard,2026-07-18T01:32:20Z
109,36,9,86.89,standard,2026-07-18T01:32:20Z
109,36,10,86.89,standard,2026-07-18T01:32:20Z
109,36,11,86.89,standard,2026-07-18T01:32:20Z
109,37,3,86.89,standard,2026-07-18T01:32:20Z
109,37,4,86.89,standard,2026-07-18T01:32:20Z
109,37,5,86.89,standard,2026-07-18T01:32:20Z
109,37,6,86.89,standard,2026-07-18T01:32:20Z
109,37,7,86.89,standard,2026-07-18T01:32:20Z
109,37,8,86.89,standard,2026-07-18T01:32:20Z
109,37,9,86.89,standard,2026-07-18T01:32:20Z
109,37,10,86.89,standard,2026-07-18T01:32:20Z
109,37,11,86.89,standard,2026-07-18T01:32:20Z
109,37,12,86.89,standard,2026-07-18T01:32:20Z
109,37,13,86.89,standard,2026-07-18T01:32:20Z
109,37,14,86.89,standard,2026-07-18T01:32:20Z
109,37,15,86.89,standard,2026-07-18T01:32:20Z
109,37,16,86.89,standard,2026-07-18T01:32:20Z
109,38,3,86.89,standard,2026-07-18T01:32:20Z
109,38,4,86.89,standard,2026-07-18T01:32:20Z
109,38,5,86.89,standard,2026-07-18T01:32:20Z
109,38,6,86.89,standard,2026-07-18T01:32:20Z
109,38,7,86.89,standard,2026-07-18T01:32:20Z
109,38,8,86.89,standard,2026-07-18T01:32:20Z
109,38,9,86.89,standard,2026-07-18T01:32:20Z
109,38,10,86.89,standard,2026-07-18T01:32:20Z
109,38,11,86.89,standard,2026-07-18T01:32:20Z
109,38,12,86.89,standard,2026-07-18T01:32:20Z
109,38,13,86.89,standard,2026-07-18T01:32:20Z
109,38,14,86.89,standard,2026-07-18T01:32:20Z
109,38,15,86.89,standard,2026-07-18T01:32:20Z
109,41A,1,86.89,standard,2026-07-18T01:32:20Z
109,41A,2,86.89,standard,2026-07-18T01:32:20Z
109,41A,3,86.89,standard,2026-07-18T01:32:20Z
109,41A,4,86.89,standard,2026-07-18T01:32:20Z
109,41A,13,86.89,standard,2026-07-18T01:32:20Z
109,41A,14,86.89,standard,2026-07-18T01:32:20Z
110,34,6,89.94,standard,2026-07-18T01:32:20Z
110,34,7,89.94,standard,2026-07-18T01:32:20Z
110,34,8,89.94,standard,2026-07-18T01:32:20Z
110,34,9,89.94,standard,2026-07-18T01:32:20Z
110,34,10,89.94,standard,2026-07-18T01:32:20Z
110,36,7,89.94,standard,2026-07-18T01:32:20Z
110,36,8,89.94,standard,2026-07-18T01:32:20Z
110,36,9,89.94,standard,2026-07-18T01:32:20Z
110,37,3,89.94,standard,2026-07-18T01:32:20Z
110,37,4,89.94,standard,2026-07-18T01:32:20Z
110,37,5,89.94,standard,2026-07-18T01:32:20Z
110,37,6,89.94,standard,2026-07-18T01:32:20Z
110,37,7,89.94,standard,2026-07-18T01:32:20Z
110,37,8,89.94,standard,2026-07-18T01:32:20Z
110,37,9,89.94,standard,2026-07-18T01:32:20Z
110,37,10,89.94,standard,2026-07-18T01:32:20Z
110,37,11,89.94,standard,2026-07-18T01:32:20Z
110,37,12,89.94,standard,2026-07-18T01:32:20Z
110,37,13,89.94,standard,2026-07-18T01:32:20Z
110,37,14,89.94,standard,2026-07-18T01:32:20Z
110,37,15,89.94,standard,2026-07-18T01:32:20Z
110,37,16,89.94,standard,2026-07-18T01:32:20Z
110,38,2,89.94,standard,2026-07-18T01:32:20Z
110,38,3,89.94,standard,2026-07-18T01:32:20Z
110,38,4,89.94,standard,2026-07-18T01:32:20Z
110,38,5,89.94,standard,2026-07-18T01:32:20Z
110,38,6,89.94,standard,2026-07-18T01:32:20Z
110,38,7,89.94,standard,2026-07-18T01:32:20Z
110,38,8,89.94,standard,2026-07-18T01:32:20Z
110,38,9,89.94,standard,2026-07-18T01:32:20Z
110,38,10,89.94,standard,2026-07-18T01:32:20Z
110,38,11,89.94,standard,2026-07-18T01:32:20Z
110,38,12,89.94,standard,2026-07-18T01:32:20Z
110,38,13,89.94,standard,2026-07-18T01:32:20Z
110,38,14,89.94,standard,2026-07-18T01:32:20Z
110,38,15,89.94,standard,2026-07-18T01:32:20Z
110,38,16,89.94,standard,2026-07-18T01:32:20Z
110,38,17,89.94,standard,2026-07-18T01:32:20Z
110,39,2,89.94,standard,2026-07-18T01:32:20Z
110,39,3,89.94,standard,2026-07-18T01:32:20Z
110,39,4,89.94,standard,2026-07-18T01:32:20Z
110,39,5,89.94,standard,2026-07-18T01:32:20Z
110,39,6,89.94,standard,2026-07-18T01:32:20Z
110,39,7,89.94,standard,2026-07-18T01:32:20Z
110,39,8,89.94,standard,2026-07-18T01:32:20Z
110,39,9,89.94,standard,2026-07-18T01:32:20Z
110,39,10,89.94,standard,2026-07-18T01:32:20Z
110,39,11,89.94,standard,2026-07-18T01:32:20Z
110,39,12,89.94,standard,2026-07-18T01:32:20Z
110,39,13,89.94,standard,2026-07-18T01:32:20Z
110,39,14,89.94,standard,2026-07-18T01:32:20Z
110,39,15,89.94,standard,2026-07-18T01:32:20Z
110,39,16,89.94,standard,2026-07-18T01:32:20Z
110,39,17,89.94,standard,2026-07-18T01:32:20Z
110,39,18,89.94,standard,2026-07-18T01:32:20Z
110,40,2,89.94,standard,2026-07-18T01:32:20Z
110,40,3,89.94,standard,2026-07-18T01:32:20Z
110,40,4,89.94,standard,2026-07-18T01:32:20Z
110,40,5,89.94,standard,2026-07-18T01:32:20Z
110,40,6,89.94,standard,2026-07-18T01:32:20Z
110,40,7,89.94,standard,2026-07-18T01:32:20Z
110,40,8,89.94,standard,2026-07-18T01:32:20Z
110,40,9,89.94,standard,2026-07-18T01:32:20Z
110,40,10,89.94,standard,2026-07-18T01:32:20Z
110,41A,1,89.94,standard,2026-07-18T01:32:20Z
110,41A,2,89.94,standard,2026-07-18T01:32:20Z
110,41A,3,89.94,standard,2026-07-18T01:32:20Z
110,41A,4,89.94,standard,2026-07-18T01:32:20Z
110,41A,5,89.94,standard,2026-07-18T01:32:20Z
110,41A,6,89.94,standard,2026-07-18T01:32:20Z
110,41A,13,89.94,standard,2026-07-18T01:32:20Z
110,41A,14,89.94,standard,2026-07-18T01:32:20Z
110,41A,15,89.94,standard,2026-07-18T01:32:20Z
111,31,5,89.94,standard,2026-07-18T01:32:20Z
111,31,6,89.94,standard,2026-07-18T01:32:20Z
111,31,7,89.94,standard,2026-07-18T01:32:20Z
112,18,8,89.94,standard,2026-07-18T01:32:20Z
112,18,9,89.94,standard,2026-07-18T01:32:20Z
112,20,11,89.94,standard,2026-07-18T01:32:20Z
112,20,12,89.94,standard,2026-07-18T01:32:20Z
112,21,12,89.94,standard,2026-07-18T01:32:20Z
112,21,13,89.94,standard,2026-07-18T01:32:20Z
112,22,11,89.94,standard,2026-07-18T01:32:20Z
112,22,12,89.94,standard,2026-07-18T01:32:20Z
112,23,6,89.94,standard,2026-07-18T01:32:20Z
112,23,7,89.94,standard,2026-07-18T01:32:20Z
112,23,8,89.94,standard,2026-07-18T01:32:20Z
112,23,11,89.94,standard,2026-07-18T01:32:20Z
112,23,12,89.94,standard,2026-07-18T01:32:20Z
112,26,12,89.94,standard,2026-07-18T01:32:20Z
112,26,13,89.94,standard,2026-07-18T01:32:20Z
112,26,14,89.94,standard,2026-07-18T01:32:20Z
112,27,10,89.94,standard,2026-07-18T01:32:20Z
112,27,11,89.94,standard,2026-07-18T01:32:20Z
112,27,12,89.94,standard,2026-07-18T01:32:20Z
112,27,13,89.94,standard,2026-07-18T01:32:20Z
112,29,12,89.94,standard,2026-07-18T01:32:20Z
112,29,13,89.94,standard,2026-07-18T01:32:20Z
112,41A,1,89.94,standard,2026-07-18T01:32:20Z
112,41A,2,89.94,standard,2026-07-18T01:32:20Z
112,41A,3,89.94,standard,2026-07-18T01:32:20Z
112,41A,4,89.94,standard,2026-07-18T01:32:20Z
112,41A,5,89.94,standard,2026-07-18T01:32:20Z
114,16,4,89.94,standard,2026-07-18T01:32:20Z
115,20,9,89.94,standard,2026-07-18T01:32:20Z
116,7,5,89.94,standard,2026-07-18T01:32:20Z
116,7,6,89.94,standard,2026-07-18T01:32:20Z
116,7,9,89.94,standard,2026-07-18T01:32:20Z
116,7,10,89.94,standard,2026-07-18T01:32:20Z
116,41A,7,89.94,standard,2026-07-18T01:32:20Z
116,41A,8,89.94,standard,2026-07-18T01:32:20Z
117,8,3,89.94,standard,2026-07-18T01:32:20Z
117,8,4,89.94,standard,2026-07-18T01:32:20Z
117,9,5,89.94,standard,2026-07-18T01:32:20Z
117,9,6,89.94,standard,2026-07-18T01:32:20Z
117,41A,6,89.94,standard,2026-07-18T01:32:20Z
117,41A,7,89.94,standard,2026-07-18T01:32:20Z
117,41A,8,89.94,standard,2026-07-18T01:32:20Z
117,41A,9,89.94,standard,2026-07-18T01:32:20Z
118,36,6,89.94,standard,2026-07-18T01:32:20Z
118,38,5,89.94,standard,2026-07-18T01:32:20Z
118,41A,8,89.94,standard,2026-07-18T01:32:20Z
118,41A,9,89.94,standard,2026-07-18T01:32:20Z
118,41A,10,89.94,standard,2026-07-18T01:32:20Z
119,10,7,122.66,standard,2026-07-18T01:32:20Z
119,10,8,122.66,standard,2026-07-18T01:32:20Z
119,10,9,122.66,standard,2026-07-18T01:32:20Z
119,10,10,122.66,standard,2026-07-18T01:32:20Z
119,10,11,122.66,standard,2026-07-18T01:32:20Z
119,11,5,122.66,standard,2026-07-18T01:32:20Z
119,11,6,122.66,standard,2026-07-18T01:32:20Z
119,11,7,122.66,standard,2026-07-18T01:32:20Z
119,11,8,122.66,standard,2026-07-18T01:32:20Z
119,11,9,122.66,standard,2026-07-18T01:32:20Z
119,11,10,122.66,standard,2026-07-18T01:32:20Z
119,11,11,122.66,standard,2026-07-18T01:32:20Z
119,12,5,122.66,standard,2026-07-18T01:32:20Z
119,12,6,122.66,standard,2026-07-18T01:32:20Z
119,12,7,122.66,standard,2026-07-18T01:32:20Z
119,12,8,122.66,standard,2026-07-18T01:32:20Z
119,12,9,122.66,standard,2026-07-18T01:32:20Z
119,37,13,122.66,standard,2026-07-18T01:32:20Z
119,37,14,122.66,standard,2026-07-18T01:32:20Z
119,38,13,122.66,standard,2026-07-18T01:32:20Z
119,38,14,122.66,standard,2026-07-18T01:32:20Z
120,5,1,122.66,standard,2026-07-18T01:32:20Z
120,5,2,122.66,standard,2026-07-18T01:32:20Z
120,5,3,122.66,standard,2026-07-18T01:32:20Z
120,5,4,122.66,standard,2026-07-18T01:32:20Z
120,5,5,122.66,standard,2026-07-18T01:32:20Z
120,14,4,122.66,standard,2026-07-18T01:32:20Z
120,14,5,122.66,standard,2026-07-18T01:32:20Z
120,14,6,122.66,standard,2026-07-18T01:32:20Z
120,14,7,122.66,standard,2026-07-18T01:32:20Z
120,37,7,122.66,standard,2026-07-18T01:32:20Z
121,41A,1,122.66,standard,2026-07-18T01:32:20Z
121,41A,2,122.66,standard,2026-07-18T01:32:20Z
122,41A,3,122.66,standard,2026-07-18T01:32:20Z
122,41A,4,122.66,standard,2026-07-18T01:32:20Z
122,41A,5,122.66,standard,2026-07-18T01:32:20Z
122,41A,6,122.66,standard,2026-07-18T01:32:20Z
125,35,9,122.66,standard,2026-07-18T01:32:20Z
125,36,7,122.66,standard,2026-07-18T01:32:20Z
126,26,7,122.66,standard,2026-07-18T01:32:20Z
126,26,8,122.66,standard,2026-07-18T01:32:20Z
128,41A,1,122.66,standard,2026-07-18T01:32:20Z
128,41A,2,122.66,standard,2026-07-18T01:32:20Z
131,32,10,133.88,standard,2026-07-18T01:32:20Z
132,15,11,122.66,standard,2026-07-18T01:32:20Z
132,15,12,122.66,standard,2026-07-18T01:32:20Z
132,16,11,122.66,standard,2026-07-18T01:32:20Z
132,16,12,122.66,standard,2026-07-18T01:32:20Z
132,16,13,122.66,standard,2026-07-18T01:32:20Z
132,29,7,122.66,standard,2026-07-18T01:32:20Z
132,29,8,122.66,standard,2026-07-18T01:32:20Z
133,19,7,122.66,standard,2026-07-18T01:32:20Z
133,19,8,122.66,standard,2026-07-18T01:32:20Z
133,39,11,122.66,standard,2026-07-18T01:32:20Z
133,41A,11,122.66,standard,2026-07-18T01:32:20Z
133,41A,12,122.66,standard,2026-07-18T01:32:20Z
133,41A,13,122.66,standard,2026-07-18T01:32:20Z
134,19,5,122.66,standard,2026-07-18T01:32:20Z
134,19,6,122.66,standard,2026-07-18T01:32:20Z
134,20,6,122.66,standard,2026-07-18T01:32:20Z
134,20,7,122.66,standard,2026-07-18T01:32:20Z
134,20,8,122.66,standard,2026-07-18T01:32:20Z
134,26,7,122.66,standard,2026-07-18T01:32:20Z
134,26,8,122.66,standard,2026-07-18T01:32:20Z
134,40,5,122.66,standard,2026-07-18T01:32:20Z
134,40,6,122.66,standard,2026-07-18T01:32:20Z
134,40,7,122.66,standard,2026-07-18T01:32:20Z
134,41A,12,122.66,standard,2026-07-18T01:32:20Z
134,41A,13,122.66,standard,2026-07-18T01:32:20Z
134,41A,14,122.66,standard,2026-07-18T01:32:20Z
135,16,5,122.66,standard,2026-07-18T01:32:20Z
135,16,6,122.66,standard,2026-07-18T01:32:20Z
135,17,4,122.66,standard,2026-07-18T01:32:20Z
135,17,5,122.66,standard,2026-07-18T01:32:20Z
135,17,6,122.66,standard,2026-07-18T01:32:20Z
135,18,5,122.66,standard,2026-07-18T01:32:20Z
135,18,6,122.66,standard,2026-07-18T01:32:20Z
135,18,7,122.66,standard,2026-07-18T01:32:20Z
135,18,8,122.66,standard,2026-07-18T01:32:20Z
135,19,5,122.66,standard,2026-07-18T01:32:20Z
135,19,6,122.66,standard,2026-07-18T01:32:20Z
135,19,7,122.66,standard,2026-07-18T01:32:20Z
135,22,9,122.66,standard,2026-07-18T01:32:20Z
135,38,8,122.66,standard,2026-07-18T01:32:20Z
136,15,5,122.66,standard,2026-07-18T01:32:20Z
136,22,9,122.66,standard,2026-07-18T01:32:20Z
136,24,9,122.66,standard,2026-07-18T01:32:20Z
136,25,4,122.66,standard,2026-07-18T01:32:20Z
136,25,5,122.66,standard,2026-07-18T01:32:20Z
136,25,6,122.66,standard,2026-07-18T01:32:20Z
136,25,7,122.66,standard,2026-07-18T01:32:20Z
136,25,8,122.66,standard,2026-07-18T01:32:20Z
136,41A,1,122.66,standard,2026-07-18T01:32:20Z
136,41A,2,122.66,standard,2026-07-18T01:32:20Z
136,41A,3,122.66,standard,2026-07-18T01:32:20Z
137,15,9,122.66,standard,2026-07-18T01:32:20Z
137,15,10,122.66,standard,2026-07-18T01:32:20Z
137,16,7,122.66,standard,2026-07-18T01:32:20Z
137,16,8,122.66,standard,2026-07-18T01:32:20Z
137,25,9,122.66,standard,2026-07-18T01:32:20Z
137,25,10,122.66,standard,2026-07-18T01:32:20Z
137,38,5,122.66,standard,2026-07-18T01:32:20Z
137,38,6,122.66,standard,2026-07-18T01:32:20Z
137,38,7,122.66,standard,2026-07-18T01:32:20Z
137,38,8,122.66,standard,2026-07-18T01:32:20Z
137,41A,1,122.66,standard,2026-07-18T01:32:20Z
137,41A,2,122.66,standard,2026-07-18T01:32:20Z
137,41A,3,122.66,standard,2026-07-18T01:32:20Z
137,41A,8,122.66,standard,2026-07-18T01:32:20Z
137,41A,9,122.66,standard,2026-07-18T01:32:20Z
138,13,8,157.37,standard,2026-07-18T01:32:20Z
138,13,9,157.37,standard,2026-07-18T01:32:20Z
138,24,2,157.37,standard,2026-07-18T01:32:20Z
139,8,3,122.66,standard,2026-07-18T01:32:20Z
139,8,4,122.66,standard,2026-07-18T01:32:20Z
139,11,2,122.66,standard,2026-07-18T01:32:20Z
139,11,3,122.66,standard,2026-07-18T01:32:20Z
139,11,4,122.66,standard,2026-07-18T01:32:20Z
139,11,7,122.66,standard,2026-07-18T01:32:20Z
139,11,8,122.66,standard,2026-07-18T01:32:20Z
139,11,9,122.66,standard,2026-07-18T01:32:20Z
139,11,10,122.66,standard,2026-07-18T01:32:20Z
139,14,5,122.66,standard,2026-07-18T01:32:20Z
139,14,6,122.66,standard,2026-07-18T01:32:20Z
139,14,7,122.66,standard,2026-07-18T01:32:20Z
139,14,8,122.66,standard,2026-07-18T01:32:20Z
139,18,4,122.66,standard,2026-07-18T01:32:20Z
139,33,5,122.66,standard,2026-07-18T01:32:20Z
139,33,6,122.66,standard,2026-07-18T01:32:20Z
139,41,1,122.66,standard,2026-07-18T01:32:20Z
139,41A,9,122.66,standard,2026-07-18T01:32:20Z
140,7,9,122.66,standard,2026-07-18T01:32:20Z
140,7,10,122.66,standard,2026-07-18T01:32:20Z
140,7,11,122.66,standard,2026-07-18T01:32:20Z
140,7,12,122.66,standard,2026-07-18T01:32:20Z
140,8,6,122.66,standard,2026-07-18T01:32:20Z
140,8,7,122.66,standard,2026-07-18T01:32:20Z
140,8,8,122.66,standard,2026-07-18T01:32:20Z
140,8,9,122.66,standard,2026-07-18T01:32:20Z
140,26,5,122.66,standard,2026-07-18T01:32:20Z
140,26,6,122.66,standard,2026-07-18T01:32:20Z
140,26,7,122.66,standard,2026-07-18T01:32:20Z
140,28,4,122.66,standard,2026-07-18T01:32:20Z
140,28,5,122.66,standard,2026-07-18T01:32:20Z
140,28,6,122.66,standard,2026-07-18T01:32:20Z
140,32,4,122.66,standard,2026-07-18T01:32:20Z
140,32,5,122.66,standard,2026-07-18T01:32:20Z
140,32,6,122.66,standard,2026-07-18T01:32:20Z
140,32,7,122.66,standard,2026-07-18T01:32:20Z
140,35,5,122.66,standard,2026-07-18T01:32:20Z
140,35,6,122.66,standard,2026-07-18T01:32:20Z
140,35,7,122.66,standard,2026-07-18T01:32:20Z
140,36,4,122.66,standard,2026-07-18T01:32:20Z
140,36,5,122.66,standard,2026-07-18T01:32:20Z
140,37,5,122.66,standard,2026-07-18T01:32:20Z
140,37,6,122.66,standard,2026-07-18T01:32:20Z
140,37,7,122.66,standard,2026-07-18T01:32:20Z
140,37,8,122.66,standard,2026-07-18T01:32:20Z
140,37,9,122.66,standard,2026-07-18T01:32:20Z
140,38,5,122.66,standard,2026-07-18T01:32:20Z
140,38,6,122.66,standard,2026-07-18T01:32:20Z
140,38,7,122.66,standard,2026-07-18T01:32:20Z
140,38,8,122.66,standard,2026-07-18T01:32:20Z
140,38,9,122.66,standard,2026-07-18T01:32:20Z
141,2,7,122.66,standard,2026-07-18T01:32:20Z
141,2,8,122.66,standard,2026-07-18T01:32:20Z
141,6,3,122.66,standard,2026-07-18T01:32:20Z
141,6,4,122.66,standard,2026-07-18T01:32:20Z
141,7,11,122.66,standard,2026-07-18T01:32:20Z
141,7,12,122.66,standard,2026-07-18T01:32:20Z
141,7,13,122.66,standard,2026-07-18T01:32:20Z
141,7,14,122.66,standard,2026-07-18T01:32:20Z
141,15,8,122.66,standard,2026-07-18T01:32:20Z
141,22,11,122.66,standard,2026-07-18T01:32:20Z
141,22,12,122.66,standard,2026-07-18T01:32:20Z
141,22,13,122.66,standard,2026-07-18T01:32:20Z
141,24,7,122.66,standard,2026-07-18T01:32:20Z
141,24,8,122.66,standard,2026-07-18T01:32:20Z
141,24,9,122.66,standard,2026-07-18T01:32:20Z
141,27,7,122.66,standard,2026-07-18T01:32:20Z
141,27,8,122.66,standard,2026-07-18T01:32:20Z
141,28,12,122.66,standard,2026-07-18T01:32:20Z
141,28,13,122.66,standard,2026-07-18T01:32:20Z
141,28,14,122.66,standard,2026-07-18T01:32:20Z
141,28,15,122.66,standard,2026-07-18T01:32:20Z
141,29,6,122.66,standard,2026-07-18T01:32:20Z
141,29,7,122.66,standard,2026-07-18T01:32:20Z
141,29,8,122.66,standard,2026-07-18T01:32:20Z
141,31,5,122.66,standard,2026-07-18T01:32:20Z
141,31,6,122.66,standard,2026-07-18T01:32:20Z
141,31,7,122.66,standard,2026-07-18T01:32:20Z
141,31,8,122.66,standard,2026-07-18T01:32:20Z
141,31,9,122.66,standard,2026-07-18T01:32:20Z
141,31,10,122.66,standard,2026-07-18T01:32:20Z
141,31,11,122.66,standard,2026-07-18T01:32:20Z
141,31,12,122.66,standard,2026-07-18T01:32:20Z
141,32,5,122.66,standard,2026-07-18T01:32:20Z
141,32,6,122.66,standard,2026-07-18T01:32:20Z
141,32,7,122.66,standard,2026-07-18T01:32:20Z
141,32,8,122.66,standard,2026-07-18T01:32:20Z
141,32,9,122.66,standard,2026-07-18T01:32:20Z
141,32,10,122.66,standard,2026-07-18T01:32:20Z
141,32,11,122.66,standard,2026-07-18T01:32:20Z
141,32,12,122.66,standard,2026-07-18T01:32:20Z
141,32,13,122.66,standard,2026-07-18T01:32:20Z
141,32,14,122.66,standard,2026-07-18T01:32:20Z
141,32,15,122.66,standard,2026-07-18T01:32:20Z
141,32,16,122.66,standard,2026-07-18T01:32:20Z
141,32,17,122.66,standard,2026-07-18T01:32:20Z
141,33,9,122.66,standard,2026-07-18T01:32:20Z
141,33,10,122.66,standard,2026-07-18T01:32:20Z
141,33,11,122.66,standard,2026-07-18T01:32:20Z
141,33,12,122.66,standard,2026-07-18T01:32:20Z
141,33,13,122.66,standard,2026-07-18T01:32:20Z
141,33,14,122.66,standard,2026-07-18T01:32:20Z
141,33,15,122.66,standard,2026-07-18T01:32:20Z
141,33,16,122.66,standard,2026-07-18T01:32:20Z
141,33,17,122.66,standard,2026-07-18T01:32:20Z
141,34,3,122.66,standard,2026-07-18T01:32:20Z
141,34,4,122.66,standard,2026-07-18T01:32:20Z
141,34,5,122.66,standard,2026-07-18T01:32:20Z
141,34,6,122.66,standard,2026-07-18T01:32:20Z
141,34,7,122.66,standard,2026-07-18T01:32:20Z
141,34,8,122.66,standard,2026-07-18T01:32:20Z
141,34,10,122.66,standard,2026-07-18T01:32:20Z
141,34,11,122.66,standard,2026-07-18T01:32:20Z
141,34,12,122.66,standard,2026-07-18T01:32:20Z
141,34,13,122.66,standard,2026-07-18T01:32:20Z
141,34,14,122.66,standard,2026-07-18T01:32:20Z
141,35,4,122.66,standard,2026-07-18T01:32:20Z
141,35,5,122.66,standard,2026-07-18T01:32:20Z
141,35,6,122.66,standard,2026-07-18T01:32:20Z
141,35,7,122.66,standard,2026-07-18T01:32:20Z
141,35,8,122.66,standard,2026-07-18T01:32:20Z
141,35,9,122.66,standard,2026-07-18T01:32:20Z
141,35,10,122.66,standard,2026-07-18T01:32:20Z
141,35,11,122.66,standard,2026-07-18T01:32:20Z
141,35,12,122.66,standard,2026-07-18T01:32:20Z
141,35,13,122.66,standard,2026-07-18T01:32:20Z
141,35,14,122.66,standard,2026-07-18T01:32:20Z
141,35,15,122.66,standard,2026-07-18T01:32:20Z
141,35,16,122.66,standard,2026-07-18T01:32:20Z
141,35,17,122.66,standard,2026-07-18T01:32:20Z
141,35,18,122.66,standard,2026-07-18T01:32:20Z
141,36,3,122.66,standard,2026-07-18T01:32:20Z
141,36,4,122.66,standard,2026-07-18T01:32:20Z
141,36,5,122.66,standard,2026-07-18T01:32:20Z
141,36,6,122.66,standard,2026-07-18T01:32:20Z
141,36,7,122.66,standard,2026-07-18T01:32:20Z
141,36,10,122.66,standard,2026-07-18T01:32:20Z
141,36,11,122.66,standard,2026-07-18T01:32:20Z
141,37,4,122.66,standard,2026-07-18T01:32:20Z
141,37,5,122.66,standard,2026-07-18T01:32:20Z
141,37,6,122.66,standard,2026-07-18T01:32:20Z
141,37,7,122.66,standard,2026-07-18T01:32:20Z
141,37,8,122.66,standard,2026-07-18T01:32:20Z
141,37,9,122.66,standard,2026-07-18T01:32:20Z
141,37,10,122.66,standard,2026-07-18T01:32:20Z
141,37,11,122.66,standard,2026-07-18T01:32:20Z
141,37,12,122.66,standard,2026-07-18T01:32:20Z
141,37,13,122.66,standard,2026-07-18T01:32:20Z
141,37,14,122.66,standard,2026-07-18T01:32:20Z
141,37,15,122.66,standard,2026-07-18T01:32:20Z
141,37,16,122.66,standard,2026-07-18T01:32:20Z
141,37,17,122.66,standard,2026-07-18T01:32:20Z
141,37,18,122.66,standard,2026-07-18T01:32:20Z
141,37,19,122.66,standard,2026-07-18T01:32:20Z
142,2,1,89.94,standard,2026-07-18T01:32:20Z
142,2,2,89.94,standard,2026-07-18T01:32:20Z
142,2,3,89.94,standard,2026-07-18T01:32:20Z
142,2,4,89.94,standard,2026-07-18T01:32:20Z
142,6,5,89.94,standard,2026-07-18T01:32:20Z
142,6,6,89.94,standard,2026-07-18T01:32:20Z
142,6,7,89.94,standard,2026-07-18T01:32:20Z
142,6,8,89.94,standard,2026-07-18T01:32:20Z
142,40,15,89.94,standard,2026-07-18T01:32:20Z
142,40,16,89.94,standard,2026-07-18T01:32:20Z
143,3,7,89.94,standard,2026-07-18T01:32:20Z
143,3,8,89.94,standard,2026-07-18T01:32:20Z
143,3,9,89.94,standard,2026-07-18T01:32:20Z
143,3,10,89.94,standard,2026-07-18T01:32:20Z
143,7,6,89.94,standard,2026-07-18T01:32:20Z
143,7,7,89.94,standard,2026-07-18T01:32:20Z
143,7,8,89.94,standard,2026-07-18T01:32:20Z
143,14,10,89.94,standard,2026-07-18T01:32:20Z
143,14,11,89.94,standard,2026-07-18T01:32:20Z
143,15,7,89.94,standard,2026-07-18T01:32:20Z
143,15,8,89.94,standard,2026-07-18T01:32:20Z
143,33,5,89.94,standard,2026-07-18T01:32:20Z
143,33,6,89.94,standard,2026-07-18T01:32:20Z
143,34,4,89.94,standard,2026-07-18T01:32:20Z
143,34,5,89.94,standard,2026-07-18T01:32:20Z
143,34,6,89.94,standard,2026-07-18T01:32:20Z
143,35,6,89.94,standard,2026-07-18T01:32:20Z
143,35,7,89.94,standard,2026-07-18T01:32:20Z
143,36,4,89.94,standard,2026-07-18T01:32:20Z
143,36,5,89.94,standard,2026-07-18T01:32:20Z
143,36,6,89.94,standard,2026-07-18T01:32:20Z
143,36,7,89.94,standard,2026-07-18T01:32:20Z
143,36,8,89.94,standard,2026-07-18T01:32:20Z
143,36,9,89.94,standard,2026-07-18T01:32:20Z
143,36,10,89.94,standard,2026-07-18T01:32:20Z
143,36,11,89.94,standard,2026-07-18T01:32:20Z
143,36,12,89.94,standard,2026-07-18T01:32:20Z
143,37,3,89.94,standard,2026-07-18T01:32:20Z
143,37,4,89.94,standard,2026-07-18T01:32:20Z
143,37,5,89.94,standard,2026-07-18T01:32:20Z
143,37,6,89.94,standard,2026-07-18T01:32:20Z
143,37,7,89.94,standard,2026-07-18T01:32:20Z
143,37,8,89.94,standard,2026-07-18T01:32:20Z
143,37,9,89.94,standard,2026-07-18T01:32:20Z
143,37,10,89.94,standard,2026-07-18T01:32:20Z
143,37,11,89.94,standard,2026-07-18T01:32:20Z
143,37,12,89.94,standard,2026-07-18T01:32:20Z
143,38,8,89.94,standard,2026-07-18T01:32:20Z
143,38,9,89.94,standard,2026-07-18T01:32:20Z
143,38,10,89.94,standard,2026-07-18T01:32:20Z
143,38,11,89.94,standard,2026-07-18T01:32:20Z
143,38,12,89.94,standard,2026-07-18T01:32:20Z
144,1,12,89.94,standard,2026-07-18T01:32:20Z
144,1,15,89.94,standard,2026-07-18T01:32:20Z
144,3,5,89.94,standard,2026-07-18T01:32:20Z
144,3,6,89.94,standard,2026-07-18T01:32:20Z
144,5,5,89.94,standard,2026-07-18T01:32:20Z
144,5,6,89.94,standard,2026-07-18T01:32:20Z
144,5,7,89.94,standard,2026-07-18T01:32:20Z
144,5,8,89.94,standard,2026-07-18T01:32:20Z
144,5,9,89.94,standard,2026-07-18T01:32:20Z
144,5,10,89.94,standard,2026-07-18T01:32:20Z
144,5,11,89.94,standard,2026-07-18T01:32:20Z
144,6,8,89.94,standard,2026-07-18T01:32:20Z
144,6,9,89.94,standard,2026-07-18T01:32:20Z
144,6,10,89.94,standard,2026-07-18T01:32:20Z
144,7,5,89.94,standard,2026-07-18T01:32:20Z
144,7,6,89.94,standard,2026-07-18T01:32:20Z
144,7,7,89.94,standard,2026-07-18T01:32:20Z
144,7,8,89.94,standard,2026-07-18T01:32:20Z
144,7,9,89.94,standard,2026-07-18T01:32:20Z
144,7,10,89.94,standard,2026-07-18T01:32:20Z
144,7,11,89.94,standard,2026-07-18T01:32:20Z
144,8,8,89.94,standard,2026-07-18T01:32:20Z
144,8,9,89.94,standard,2026-07-18T01:32:20Z
144,8,10,89.94,standard,2026-07-18T01:32:20Z
144,11,11,89.94,standard,2026-07-18T01:32:20Z
144,11,12,89.94,standard,2026-07-18T01:32:20Z
144,30,7,89.94,standard,2026-07-18T01:32:20Z
144,30,8,89.94,standard,2026-07-18T01:32:20Z
144,30,9,89.94,standard,2026-07-18T01:32:20Z
144,30,10,89.94,standard,2026-07-18T01:32:20Z
144,30,11,89.94,standard,2026-07-18T01:32:20Z
144,30,12,89.94,standard,2026-07-18T01:32:20Z
146,1,11,89.94,standard,2026-07-18T01:32:20Z
146,5,5,89.94,standard,2026-07-18T01:32:20Z
146,5,6,89.94,standard,2026-07-18T01:32:20Z
146,5,7,89.94,standard,2026-07-18T01:32:20Z
146,5,8,89.94,standard,2026-07-18T01:32:20Z
146,5,9,89.94,standard,2026-07-18T01:32:20Z
146,5,10,89.94,standard,2026-07-18T01:32:20Z
146,5,11,89.94,standard,2026-07-18T01:32:20Z
146,5,12,89.94,standard,2026-07-18T01:32:20Z
146,34,11,89.94,standard,2026-07-18T01:32:20Z
146,34,12,89.94,standard,2026-07-18T01:32:20Z
146,35,8,89.94,standard,2026-07-18T01:32:20Z
146,35,9,89.94,standard,2026-07-18T01:32:20Z
146,35,12,89.94,standard,2026-07-18T01:32:20Z
146,36,5,89.94,standard,2026-07-18T01:32:20Z
146,36,6,89.94,standard,2026-07-18T01:32:20Z
146,36,7,89.94,standard,2026-07-18T01:32:20Z
146,36,8,89.94,standard,2026-07-18T01:32:20Z
146,36,9,89.94,standard,2026-07-18T01:32:20Z
146,36,10,89.94,standard,2026-07-18T01:32:20Z
146,36,11,89.94,standard,2026-07-18T01:32:20Z
146,36,12,89.94,standard,2026-07-18T01:32:20Z
146,36,13,89.94,standard,2026-07-18T01:32:20Z
146,36,14,89.94,standard,2026-07-18T01:32:20Z
146,36,15,89.94,standard,2026-07-18T01:32:20Z
146,37,4,89.94,standard,2026-07-18T01:32:20Z
146,37,5,89.94,standard,2026-07-18T01:32:20Z
146,37,6,89.94,standard,2026-07-18T01:32:20Z
146,37,7,89.94,standard,2026-07-18T01:32:20Z
146,37,8,89.94,standard,2026-07-18T01:32:20Z
146,37,9,89.94,standard,2026-07-18T01:32:20Z
146,37,10,89.94,standard,2026-07-18T01:32:20Z
146,37,11,89.94,standard,2026-07-18T01:32:20Z
146,37,12,89.94,standard,2026-07-18T01:32:20Z
146,37,13,89.94,standard,2026-07-18T01:32:20Z
146,37,14,89.94,standard,2026-07-18T01:32:20Z
146,37,15,89.94,standard,2026-07-18T01:32:20Z
146,37,16,89.94,standard,2026-07-18T01:32:20Z
146,37,17,89.94,standard,2026-07-18T01:32:20Z
146,37,18,89.94,standard,2026-07-18T01:32:20Z
146,37,19,89.94,standard,2026-07-18T01:32:20Z
148,41A,4,89.94,standard,2026-07-18T01:32:20Z
148,41A,5,89.94,standard,2026-07-18T01:32:20Z
148,41A,6,89.94,standard,2026-07-18T01:32:20Z
148,41A,7,89.94,standard,2026-07-18T01:32:20Z
148,41A,8,89.94,standard,2026-07-18T01:32:20Z
148,41A,9,89.94,standard,2026-07-18T01:32:20Z
148,41A,10,89.94,standard,2026-07-18T01:32:20Z
148,41A,11,89.94,standard,2026-07-18T01:32:20Z
149,41A,11,89.94,standard,2026-07-18T01:32:20Z
149,41A,12,89.94,standard,2026-07-18T01:32:20Z
149,41A,13,89.94,standard,2026-07-18T01:32:20Z
149,41A,14,89.94,standard,2026-07-18T01:32:20Z
149,41A,15,89.94,standard,2026-07-18T01:32:20Z
149,41A,16,89.94,standard,2026-07-18T01:32:20Z
150,28,1,89.94,standard,2026-07-18T01:32:20Z
150,30,5,89.94,standard,2026-07-18T01:32:20Z
150,30,6,89.94,standard,2026-07-18T01:32:20Z
150,30,7,89.94,standard,2026-07-18T01:32:20Z
150,30,8,89.94,standard,2026-07-18T01:32:20Z
150,30,9,89.94,standard,2026-07-18T01:32:20Z
150,31,9,89.94,standard,2026-07-18T01:32:20Z
150,31,10,89.94,standard,2026-07-18T01:32:20Z
150,31,11,89.94,standard,2026-07-18T01:32:20Z
150,31,12,89.94,standard,2026-07-18T01:32:20Z
150,32,2,89.94,standard,2026-07-18T01:32:20Z
150,32,3,89.94,standard,2026-07-18T01:32:20Z
150,32,4,89.94,standard,2026-07-18T01:32:20Z
150,32,5,89.94,standard,2026-07-18T01:32:20Z
150,32,6,89.94,standard,2026-07-18T01:32:20Z
150,32,7,89.94,standard,2026-07-18T01:32:20Z
150,32,8,89.94,standard,2026-07-18T01:32:20Z
150,32,9,89.94,standard,2026-07-18T01:32:20Z
150,32,10,89.94,standard,2026-07-18T01:32:20Z
150,32,11,89.94,standard,2026-07-18T01:32:20Z
150,32,12,89.94,standard,2026-07-18T01:32:20Z
150,32,13,89.94,standard,2026-07-18T01:32:20Z
150,32,14,89.94,standard,2026-07-18T01:32:20Z
150,32,15,89.94,standard,2026-07-18T01:32:20Z
150,35,17,89.94,standard,2026-07-18T01:32:20Z
150,35,18,89.94,standard,2026-07-18T01:32:20Z
150,35,19,89.94,standard,2026-07-18T01:32:20Z
150,36,15,89.94,standard,2026-07-18T01:32:20Z
150,36,16,89.94,standard,2026-07-18T01:32:20Z
150,36,17,89.94,standard,2026-07-18T01:32:20Z
150,36,18,89.94,standard,2026-07-18T01:32:20Z
150,37,19,89.94,standard,2026-07-18T01:32:20Z
150,38,13,89.94,standard,2026-07-18T01:32:20Z
150,38,14,89.94,standard,2026-07-18T01:32:20Z
150,38,15,89.94,standard,2026-07-18T01:32:20Z
150,38,16,89.94,standard,2026-07-18T01:32:20Z
150,38,17,89.94,standard,2026-07-18T01:32:20Z
150,38,18,89.94,standard,2026-07-18T01:32:20Z
150,38,19,89.94,standard,2026-07-18T01:32:20Z
150,38,20,89.94,standard,2026-07-18T01:32:20Z
150,38,21,89.94,standard,2026-07-18T01:32:20Z
150,39,11,89.94,standard,2026-07-18T01:32:20Z
150,39,12,89.94,standard,2026-07-18T01:32:20Z
150,39,13,89.94,standard,2026-07-18T01:32:20Z
150,39,14,89.94,standard,2026-07-18T01:32:20Z
150,39,15,89.94,standard,2026-07-18T01:32:20Z
150,39,16,89.94,standard,2026-07-18T01:32:20Z
150,39,17,89.94,standard,2026-07-18T01:32:20Z
150,39,18,89.94,standard,2026-07-18T01:32:20Z
150,39,19,89.94,standard,2026-07-18T01:32:20Z
150,39,20,89.94,standard,2026-07-18T01:32:20Z
150,39,21,89.94,standard,2026-07-18T01:32:20Z
150,39,22,89.94,standard,2026-07-18T01:32:20Z
150,40,9,89.94,standard,2026-07-18T01:32:20Z
150,40,10,89.94,standard,2026-07-18T01:32:20Z
150,40,11,89.94,standard,2026-07-18T01:32:20Z
150,40,12,89.94,standard,2026-07-18T01:32:20Z
150,40,13,89.94,standard,2026-07-18T01:32:20Z
150,40,14,89.94,standard,2026-07-18T01:32:20Z
150,40,15,89.94,standard,2026-07-18T01:32:20Z
150,40,16,89.94,standard,2026-07-18T01:32:20Z
150,40,17,89.94,standard,2026-07-18T01:32:20Z
150,40,18,89.94,standard,2026-07-18T01:32:20Z
150,40,19,89.94,standard,2026-07-18T01:32:20Z
150,40,20,89.94,standard,2026-07-18T01:32:20Z
150,40,21,89.94,standard,2026-07-18T01:32:20Z
150,40,22,89.94,standard,2026-07-18T01:32:20Z
150,40,23,89.94,standard,2026-07-18T01:32:20Z
150,41A,1,89.94,standard,2026-07-18T01:32:20Z
150,41A,2,89.94,standard,2026-07-18T01:32:20Z
150,41A,3,89.94,standard,2026-07-18T01:32:20Z
150,41A,12,89.94,standard,2026-07-18T01:32:20Z
150,41A,13,89.94,standard,2026-07-18T01:32:20Z
150,41A,14,89.94,standard,2026-07-18T01:32:20Z
150,41A,15,89.94,standard,2026-07-18T01:32:20Z
150,41A,16,89.94,standard,2026-07-18T01:32:20Z
150,41A,17,89.94,standard,2026-07-18T01:32:20Z
151,36,1,89.94,standard,2026-07-18T01:32:20Z
180,3,6,58.08,standard,2026-07-18T01:32:20Z
180,3,7,58.08,standard,2026-07-18T01:32:20Z
180,5,3,58.08,standard,2026-07-18T01:32:20Z
180,5,4,58.08,standard,2026-07-18T01:32:20Z
180,5,6,58.08,standard,2026-07-18T01:32:20Z
180,5,7,58.08,standard,2026-07-18T01:32:20Z
180,5,8,58.08,standard,2026-07-18T01:32:20Z
180,5,9,58.08,standard,2026-07-18T01:32:20Z
180,5,10,58.08,standard,2026-07-18T01:32:20Z
180,5,11,58.08,standard,2026-07-18T01:32:20Z
181,2,10,58.08,standard,2026-07-18T01:32:20Z
181,2,11,58.08,standard,2026-07-18T01:32:20Z
181,3,8,58.08,standard,2026-07-18T01:32:20Z
181,3,9,58.08,standard,2026-07-18T01:32:20Z
181,3,10,58.08,standard,2026-07-18T01:32:20Z
181,3,11,58.08,standard,2026-07-18T01:32:20Z
181,4,8,58.08,standard,2026-07-18T01:32:20Z
181,4,9,58.08,standard,2026-07-18T01:32:20Z
181,4,10,58.08,standard,2026-07-18T01:32:20Z
181,4,11,58.08,standard,2026-07-18T01:32:20Z
181,5,8,58.08,standard,2026-07-18T01:32:20Z
181,5,9,58.08,standard,2026-07-18T01:32:20Z
181,5,10,58.08,standard,2026-07-18T01:32:20Z
181,5,11,58.08,standard,2026-07-18T01:32:20Z
181,5,12,58.08,standard,2026-07-18T01:32:20Z
181,5,13,58.08,standard,2026-07-18T01:32:20Z
181,5,14,58.08,standard,2026-07-18T01:32:20Z
181,5,19,58.08,standard,2026-07-18T01:32:20Z
181,6,8,58.08,standard,2026-07-18T01:32:20Z
181,6,9,58.08,standard,2026-07-18T01:32:20Z
181,6,10,58.08,standard,2026-07-18T01:32:20Z
181,6,11,58.08,standard,2026-07-18T01:32:20Z
181,6,12,58.08,standard,2026-07-18T01:32:20Z
181,6,13,58.08,standard,2026-07-18T01:32:20Z
181,6,14,58.08,standard,2026-07-18T01:32:20Z
181,6,15,58.08,standard,2026-07-18T01:32:20Z
181,6,16,58.08,standard,2026-07-18T01:32:20Z
181,6,17,58.08,standard,2026-07-18T01:32:20Z
181,6,18,58.08,standard,2026-07-18T01:32:20Z
181,6,19,58.08,standard,2026-07-18T01:32:20Z
181,6,20,58.08,standard,2026-07-18T01:32:20Z
181,6,21,58.08,standard,2026-07-18T01:32:20Z
181,6,22,58.08,standard,2026-07-18T01:32:20Z
181,6,23,58.08,standard,2026-07-18T01:32:20Z
181,6,24,58.08,standard,2026-07-18T01:32:20Z
181,7,8,58.08,standard,2026-07-18T01:32:20Z
181,7,9,58.08,standard,2026-07-18T01:32:20Z
181,7,10,58.08,standard,2026-07-18T01:32:20Z
181,7,11,58.08,standard,2026-07-18T01:32:20Z
181,7,17,58.08,standard,2026-07-18T01:32:20Z
181,7,18,58.08,standard,2026-07-18T01:32:20Z
181,7,19,58.08,standard,2026-07-18T01:32:20Z
181,7,20,58.08,standard,2026-07-18T01:32:20Z
181,7,21,58.08,standard,2026-07-18T01:32:20Z
181,7,22,58.08,standard,2026-07-18T01:32:20Z
181,7,23,58.08,standard,2026-07-18T01:32:20Z
181,7,24,58.08,standard,2026-07-18T01:32:20Z
181,8,17,58.08,standard,2026-07-18T01:32:20Z
181,8,18,58.08,standard,2026-07-18T01:32:20Z
181,8,19,58.08,standard,2026-07-18T01:32:20Z
181,8,20,58.08,standard,2026-07-18T01:32:20Z
181,8,21,58.08,standard,2026-07-18T01:32:20Z
181,9,25,58.08,standard,2026-07-18T01:32:20Z
181,9,26,58.08,standard,2026-07-18T01:32:20Z
181,10,21,58.08,standard,2026-07-18T01:32:20Z
181,10,22,58.08,standard,2026-07-18T01:32:20Z
181,10,23,58.08,standard,2026-07-18T01:32:20Z
181,10,24,58.08,standard,2026-07-18T01:32:20Z
181,10,25,58.08,standard,2026-07-18T01:32:20Z
181,10,26,58.08,standard,2026-07-18T01:32:20Z
181,10,27,58.08,standard,2026-07-18T01:32:20Z
183,10,8,58.08,standard,2026-07-18T01:32:20Z
183,10,9,58.08,standard,2026-07-18T01:32:20Z
183,10,10,58.08,standard,2026-07-18T01:32:20Z
183,10,11,58.08,standard,2026-07-18T01:32:20Z
183,10,12,58.08,standard,2026-07-18T01:32:20Z
183,10,13,58.08,standard,2026-07-18T01:32:20Z
183,10,14,58.08,standard,2026-07-18T01:32:20Z
183,10,15,58.08,standard,2026-07-18T01:32:20Z
183,10,16,58.08,standard,2026-07-18T01:32:20Z
183,10,17,58.08,standard,2026-07-18T01:32:20Z
183,10,18,58.08,standard,2026-07-18T01:32:20Z
183,10,19,58.08,standard,2026-07-18T01:32:20Z
183,10,20,58.08,standard,2026-07-18T01:32:20Z
184,10,8,58.08,standard,2026-07-18T01:32:20Z
184,10,9,58.08,standard,2026-07-18T01:32:20Z
184,10,10,58.08,standard,2026-07-18T01:32:20Z
184,10,11,58.08,standard,2026-07-18T01:32:20Z
184,10,12,58.08,standard,2026-07-18T01:32:20Z
184,10,13,58.08,standard,2026-07-18T01:32:20Z
184,10,14,58.08,standard,2026-07-18T01:32:20Z
184,10,15,58.08,standard,2026-07-18T01:32:20Z
184,10,16,58.08,standard,2026-07-18T01:32:20Z
184,10,17,58.08,standard,2026-07-18T01:32:20Z
184,10,18,58.08,standard,2026-07-18T01:32:20Z
184,10,19,58.08,standard,2026-07-18T01:32:20Z
185,7,12,58.08,standard,2026-07-18T01:32:20Z
185,7,13,58.08,standard,2026-07-18T01:32:20Z
185,8,9,58.08,standard,2026-07-18T01:32:20Z
185,8,10,58.08,standard,2026-07-18T01:32:20Z
185,8,18,58.08,standard,2026-07-18T01:32:20Z
185,8,19,58.08,standard,2026-07-18T01:32:20Z
185,8,20,58.08,standard,2026-07-18T01:32:20Z
185,9,6,58.08,standard,2026-07-18T01:32:20Z
185,9,7,58.08,standard,2026-07-18T01:32:20Z
185,9,8,58.08,standard,2026-07-18T01:32:20Z
185,9,9,58.08,standard,2026-07-18T01:32:20Z
185,9,10,58.08,standard,2026-07-18T01:32:20Z
185,9,11,58.08,standard,2026-07-18T01:32:20Z
185,9,12,58.08,standard,2026-07-18T01:32:20Z
185,9,13,58.08,standard,2026-07-18T01:32:20Z
185,9,14,58.08,standard,2026-07-18T01:32:20Z
185,9,15,58.08,standard,2026-07-18T01:32:20Z
185,9,16,58.08,standard,2026-07-18T01:32:20Z
185,9,17,58.08,standard,2026-07-18T01:32:20Z
185,9,18,58.08,standard,2026-07-18T01:32:20Z
185,9,19,58.08,standard,2026-07-18T01:32:20Z
185,9,20,58.08,standard,2026-07-18T01:32:20Z
186,5,19,58.08,standard,2026-07-18T01:32:20Z
186,5,20,58.08,standard,2026-07-18T01:32:20Z
186,5,21,58.08,standard,2026-07-18T01:32:20Z
186,6,16,58.08,standard,2026-07-18T01:32:20Z
186,6,17,58.08,standard,2026-07-18T01:32:20Z
186,6,18,58.08,standard,2026-07-18T01:32:20Z
186,6,19,58.08,standard,2026-07-18T01:32:20Z
186,6,20,58.08,standard,2026-07-18T01:32:20Z
186,6,21,58.08,standard,2026-07-18T01:32:20Z
186,6,22,58.08,standard,2026-07-18T01:32:20Z
186,7,7,58.08,standard,2026-07-18T01:32:20Z
186,7,8,58.08,standard,2026-07-18T01:32:20Z
186,7,12,58.08,standard,2026-07-18T01:32:20Z
186,7,13,58.08,standard,2026-07-18T01:32:20Z
186,7,14,58.08,standard,2026-07-18T01:32:20Z
186,7,15,58.08,standard,2026-07-18T01:32:20Z
186,7,16,58.08,standard,2026-07-18T01:32:20Z
186,7,17,58.08,standard,2026-07-18T01:32:20Z
186,7,18,58.08,standard,2026-07-18T01:32:20Z
186,7,19,58.08,standard,2026-07-18T01:32:20Z
186,7,20,58.08,standard,2026-07-18T01:32:20Z
186,7,21,58.08,standard,2026-07-18T01:32:20Z
186,7,22,58.08,standard,2026-07-18T01:32:20Z
186,8,7,58.08,standard,2026-07-18T01:32:20Z
186,8,8,58.08,standard,2026-07-18T01:32:20Z
186,8,9,58.08,standard,2026-07-18T01:32:20Z
186,8,10,58.08,standard,2026-07-18T01:32:20Z
186,8,11,58.08,standard,2026-07-18T01:32:20Z
186,8,12,58.08,standard,2026-07-18T01:32:20Z
186,8,13,58.08,standard,2026-07-18T01:32:20Z
186,8,14,58.08,standard,2026-07-18T01:32:20Z
186,8,15,58.08,standard,2026-07-18T01:32:20Z
186,8,16,58.08,standard,2026-07-18T01:32:20Z
186,8,17,58.08,standard,2026-07-18T01:32:20Z
186,8,18,58.08,standard,2026-07-18T01:32:20Z
186,8,19,58.08,standard,2026-07-18T01:32:20Z
186,9,3,58.08,standard,2026-07-18T01:32:20Z
186,9,4,58.08,standard,2026-07-18T01:32:20Z
186,9,13,58.08,standard,2026-07-18T01:32:20Z
186,9,14,58.08,standard,2026-07-18T01:32:20Z
186,9,15,58.08,standard,2026-07-18T01:32:20Z
186,9,20,58.08,standard,2026-07-18T01:32:20Z
186,9,25,58.08,standard,2026-07-18T01:32:20Z
186,9,26,58.08,standard,2026-07-18T01:32:20Z
187,3,9,58.08,standard,2026-07-18T01:32:20Z
187,3,10,58.08,standard,2026-07-18T01:32:20Z
187,4,9,58.08,standard,2026-07-18T01:32:20Z
187,4,10,58.08,standard,2026-07-18T01:32:20Z
187,5,6,58.08,standard,2026-07-18T01:32:20Z
187,5,7,58.08,standard,2026-07-18T01:32:20Z
187,5,8,58.08,standard,2026-07-18T01:32:20Z
187,5,9,58.08,standard,2026-07-18T01:32:20Z
187,5,10,58.08,standard,2026-07-18T01:32:20Z
187,6,5,58.08,standard,2026-07-18T01:32:20Z
187,6,6,58.08,standard,2026-07-18T01:32:20Z
187,6,7,58.08,standard,2026-07-18T01:32:20Z
187,6,8,58.08,standard,2026-07-18T01:32:20Z
187,6,9,58.08,standard,2026-07-18T01:32:20Z
187,6,10,58.08,standard,2026-07-18T01:32:20Z
187,6,11,58.08,standard,2026-07-18T01:32:20Z
187,6,12,58.08,standard,2026-07-18T01:32:20Z
187,6,13,58.08,standard,2026-07-18T01:32:20Z
187,6,14,58.08,standard,2026-07-18T01:32:20Z
187,7,4,58.08,standard,2026-07-18T01:32:20Z
187,7,5,58.08,standard,2026-07-18T01:32:20Z
187,7,6,58.08,standard,2026-07-18T01:32:20Z
187,7,7,58.08,standard,2026-07-18T01:32:20Z
187,7,8,58.08,standard,2026-07-18T01:32:20Z
187,7,9,58.08,standard,2026-07-18T01:32:20Z
187,7,10,58.08,standard,2026-07-18T01:32:20Z
187,7,11,58.08,standard,2026-07-18T01:32:20Z
187,7,12,58.08,standard,2026-07-18T01:32:20Z
187,7,13,58.08,standard,2026-07-18T01:32:20Z
187,7,14,58.08,standard,2026-07-18T01:32:20Z
187,8,3,58.08,standard,2026-07-18T01:32:20Z
187,8,4,58.08,standard,2026-07-18T01:32:20Z
187,8,5,58.08,standard,2026-07-18T01:32:20Z
187,8,6,58.08,standard,2026-07-18T01:32:20Z
187,8,7,58.08,standard,2026-07-18T01:32:20Z
187,8,8,58.08,standard,2026-07-18T01:32:20Z
187,8,9,58.08,standard,2026-07-18T01:32:20Z
187,8,10,58.08,standard,2026-07-18T01:32:20Z
187,8,11,58.08,standard,2026-07-18T01:32:20Z
187,8,12,58.08,standard,2026-07-18T01:32:20Z
187,8,13,58.08,standard,2026-07-18T01:32:20Z
187,8,14,58.08,standard,2026-07-18T01:32:20Z
187,9,6,58.08,standard,2026-07-18T01:32:20Z
187,9,7,58.08,standard,2026-07-18T01:32:20Z
187,9,8,58.08,standard,2026-07-18T01:32:20Z
187,9,9,58.08,standard,2026-07-18T01:32:20Z
187,9,10,58.08,standard,2026-07-18T01:32:20Z
187,9,11,58.08,standard,2026-07-18T01:32:20Z
187,9,12,58.08,standard,2026-07-18T01:32:20Z
187,9,13,58.08,standard,2026-07-18T01:32:20Z
187,9,14,58.08,standard,2026-07-18T01:32:20Z
190,6,3,53.87,standard,2026-07-18T01:32:20Z
190,6,4,53.87,standard,2026-07-18T01:32:20Z
190,6,5,53.87,standard,2026-07-18T01:32:20Z
190,8,1,53.87,standard,2026-07-18T01:32:20Z
190,8,2,53.87,standard,2026-07-18T01:32:20Z
190,8,3,53.87,standard,2026-07-18T01:32:20Z
190,8,4,53.87,standard,2026-07-18T01:32:20Z
190,8,5,53.87,standard,2026-07-18T01:32:20Z
190,8,6,53.87,standard,2026-07-18T01:32:20Z
190,8,7,53.87,standard,2026-07-18T01:32:20Z
190,8,8,53.87,standard,2026-07-18T01:32:20Z
190,8,9,53.87,standard,2026-07-18T01:32:20Z
190,9,1,53.87,standard,2026-07-18T01:32:20Z
190,9,2,53.87,standard,2026-07-18T01:32:20Z
190,9,3,53.87,standard,2026-07-18T01:32:20Z
190,9,4,53.87,standard,2026-07-18T01:32:20Z
190,9,5,53.87,standard,2026-07-18T01:32:20Z
190,9,6,53.87,standard,2026-07-18T01:32:20Z
190,9,7,53.87,standard,2026-07-18T01:32:20Z
190,10,1,53.87,standard,2026-07-18T01:32:20Z
190,10,2,53.87,standard,2026-07-18T01:32:20Z
190,10,3,53.87,standard,2026-07-18T01:32:20Z
190,10,4,53.87,standard,2026-07-18T01:32:20Z
190,10,5,53.87,standard,2026-07-18T01:32:20Z
190,10,6,53.87,standard,2026-07-18T01:32:20Z
190,10,7,53.87,standard,2026-07-18T01:32:20Z
190,11,3,53.87,standard,2026-07-18T01:32:20Z
190,11,4,53.87,standard,2026-07-18T01:32:20Z
190,11,5,53.87,standard,2026-07-18T01:32:20Z
190,11,6,53.87,standard,2026-07-18T01:32:20Z
190,11,7,53.87,standard,2026-07-18T01:32:20Z
190,11,8,53.87,standard,2026-07-18T01:32:20Z
190,11,9,53.87,standard,2026-07-18T01:32:20Z
190,12,3,53.87,standard,2026-07-18T01:32:20Z
190,12,4,53.87,standard,2026-07-18T01:32:20Z
190,12,5,53.87,standard,2026-07-18T01:32:20Z
190,12,6,53.87,standard,2026-07-18T01:32:20Z
190,12,7,53.87,standard,2026-07-18T01:32:20Z
190,12,8,53.87,standard,2026-07-18T01:32:20Z
190,12,9,53.87,standard,2026-07-18T01:32:20Z
190,12,10,53.87,standard,2026-07-18T01:32:20Z
190,12,11,53.87,standard,2026-07-18T01:32:20Z
190,12,12,53.87,standard,2026-07-18T01:32:20Z
191,5,16,53.87,standard,2026-07-18T01:32:20Z
191,5,17,53.87,standard,2026-07-18T01:32:20Z
191,5,18,53.87,standard,2026-07-18T01:32:20Z
191,7,3,53.87,standard,2026-07-18T01:32:20Z
191,7,4,53.87,standard,2026-07-18T01:32:20Z
191,7,5,53.87,standard,2026-07-18T01:32:20Z
191,7,6,53.87,standard,2026-07-18T01:32:20Z
191,7,7,53.87,standard,2026-07-18T01:32:20Z
191,7,8,53.87,standard,2026-07-18T01:32:20Z
191,7,9,53.87,standard,2026-07-18T01:32:20Z
191,7,10,53.87,standard,2026-07-18T01:32:20Z
191,7,11,53.87,standard,2026-07-18T01:32:20Z
191,7,12,53.87,standard,2026-07-18T01:32:20Z
191,7,13,53.87,standard,2026-07-18T01:32:20Z
191,7,14,53.87,standard,2026-07-18T01:32:20Z
191,7,15,53.87,standard,2026-07-18T01:32:20Z
191,7,16,53.87,standard,2026-07-18T01:32:20Z
191,7,17,53.87,standard,2026-07-18T01:32:20Z
191,7,18,53.87,standard,2026-07-18T01:32:20Z
191,8,3,53.87,standard,2026-07-18T01:32:20Z
191,8,4,53.87,standard,2026-07-18T01:32:20Z
191,8,5,53.87,standard,2026-07-18T01:32:20Z
191,8,6,53.87,standard,2026-07-18T01:32:20Z
191,8,7,53.87,standard,2026-07-18T01:32:20Z
191,8,8,53.87,standard,2026-07-18T01:32:20Z
191,8,9,53.87,standard,2026-07-18T01:32:20Z
191,8,10,53.87,standard,2026-07-18T01:32:20Z
191,8,11,53.87,standard,2026-07-18T01:32:20Z
191,8,12,53.87,standard,2026-07-18T01:32:20Z
191,8,13,53.87,standard,2026-07-18T01:32:20Z
191,8,14,53.87,standard,2026-07-18T01:32:20Z
191,8,15,53.87,standard,2026-07-18T01:32:20Z
191,8,16,53.87,standard,2026-07-18T01:32:20Z
191,8,17,53.87,standard,2026-07-18T01:32:20Z
191,8,18,53.87,standard,2026-07-18T01:32:20Z
191,8,19,53.87,standard,2026-07-18T01:32:20Z
191,8,20,53.87,standard,2026-07-18T01:32:20Z
191,9,3,53.87,standard,2026-07-18T01:32:20Z
191,9,4,53.87,standard,2026-07-18T01:32:20Z
191,9,5,53.87,standard,2026-07-18T01:32:20Z
191,9,6,53.87,standard,2026-07-18T01:32:20Z
191,9,7,53.87,standard,2026-07-18T01:32:20Z
191,9,8,53.87,standard,2026-07-18T01:32:20Z
191,9,9,53.87,standard,2026-07-18T01:32:20Z
191,9,10,53.87,standard,2026-07-18T01:32:20Z
191,9,11,53.87,standard,2026-07-18T01:32:20Z
191,9,12,53.87,standard,2026-07-18T01:32:20Z
191,9,13,53.87,standard,2026-07-18T01:32:20Z
191,9,14,53.87,standard,2026-07-18T01:32:20Z
191,9,15,53.87,standard,2026-07-18T01:32:20Z
191,9,16,53.87,standard,2026-07-18T01:32:20Z
191,9,17,53.87,standard,2026-07-18T01:32:20Z
191,9,18,53.87,standard,2026-07-18T01:32:20Z
191,9,19,53.87,standard,2026-07-18T01:32:20Z
191,9,20,53.87,standard,2026-07-18T01:32:20Z
191,9,21,53.87,standard,2026-07-18T01:32:20Z
191,10,3,53.87,standard,2026-07-18T01:32:20Z
191,10,4,53.87,standard,2026-07-18T01:32:20Z
191,10,5,53.87,standard,2026-07-18T01:32:20Z
191,10,6,53.87,standard,2026-07-18T01:32:20Z
191,10,7,53.87,standard,2026-07-18T01:32:20Z
191,10,8,53.87,standard,2026-07-18T01:32:20Z
191,10,9,53.87,standard,2026-07-18T01:32:20Z
191,10,10,53.87,standard,2026-07-18T01:32:20Z
191,10,11,53.87,standard,2026-07-18T01:32:20Z
191,10,12,53.87,standard,2026-07-18T01:32:20Z
191,10,13,53.87,standard,2026-07-18T01:32:20Z
191,10,14,53.87,standard,2026-07-18T01:32:20Z
191,10,15,53.87,standard,2026-07-18T01:32:20Z
191,10,16,53.87,standard,2026-07-18T01:32:20Z
191,10,17,53.87,standard,2026-07-18T01:32:20Z
191,10,18,53.87,standard,2026-07-18T01:32:20Z
191,10,19,53.87,standard,2026-07-18T01:32:20Z
191,10,20,53.87,standard,2026-07-18T01:32:20Z
191,10,21,53.87,standard,2026-07-18T01:32:20Z
191,11,3,53.87,standard,2026-07-18T01:32:20Z
191,11,4,53.87,standard,2026-07-18T01:32:20Z
191,11,5,53.87,standard,2026-07-18T01:32:20Z
191,11,6,53.87,standard,2026-07-18T01:32:20Z
191,11,7,53.87,standard,2026-07-18T01:32:20Z
191,11,8,53.87,standard,2026-07-18T01:32:20Z
191,11,9,53.87,standard,2026-07-18T01:32:20Z
191,11,10,53.87,standard,2026-07-18T01:32:20Z
191,11,11,53.87,standard,2026-07-18T01:32:20Z
191,11,12,53.87,standard,2026-07-18T01:32:20Z
191,11,13,53.87,standard,2026-07-18T01:32:20Z
191,11,14,53.87,standard,2026-07-18T01:32:20Z
191,11,15,53.87,standard,2026-07-18T01:32:20Z
191,11,16,53.87,standard,2026-07-18T01:32:20Z
191,11,17,53.87,standard,2026-07-18T01:32:20Z
191,11,18,53.87,standard,2026-07-18T01:32:20Z
191,11,19,53.87,standard,2026-07-18T01:32:20Z
191,11,20,53.87,standard,2026-07-18T01:32:20Z
191,11,21,53.87,standard,2026-07-18T01:32:20Z
191,12,5,53.87,standard,2026-07-18T01:32:20Z
191,12,6,53.87,standard,2026-07-18T01:32:20Z
191,12,7,53.87,standard,2026-07-18T01:32:20Z
191,12,8,53.87,standard,2026-07-18T01:32:20Z
191,12,9,53.87,standard,2026-07-18T01:32:20Z
191,12,10,53.87,standard,2026-07-18T01:32:20Z
191,12,11,53.87,standard,2026-07-18T01:32:20Z
191,12,12,53.87,standard,2026-07-18T01:32:20Z
191,12,13,53.87,standard,2026-07-18T01:32:20Z
191,12,14,53.87,standard,2026-07-18T01:32:20Z
191,12,15,53.87,standard,2026-07-18T01:32:20Z
191,12,16,53.87,standard,2026-07-18T01:32:20Z
191,12,17,53.87,standard,2026-07-18T01:32:20Z
191,12,18,53.87,standard,2026-07-18T01:32:20Z
191,12,19,53.87,standard,2026-07-18T01:32:20Z
191,12,20,53.87,standard,2026-07-18T01:32:20Z
191,12,21,53.87,standard,2026-07-18T01:32:20Z
191,12,22,53.87,standard,2026-07-18T01:32:20Z
191,12,23,53.87,standard,2026-07-18T01:32:20Z
191,12,24,53.87,standard,2026-07-18T01:32:20Z
191,17A,1,53.87,standard,2026-07-18T01:32:20Z
191,17A,2,53.87,standard,2026-07-18T01:32:20Z
191,17A,23,53.87,standard,2026-07-18T01:32:20Z
191,17A,24,53.87,standard,2026-07-18T01:32:20Z
192,5,12,53.87,standard,2026-07-18T01:32:20Z
192,5,13,53.87,standard,2026-07-18T01:32:20Z
192,5,14,53.87,standard,2026-07-18T01:32:20Z
192,5,15,53.87,standard,2026-07-18T01:32:20Z
192,5,16,53.87,standard,2026-07-18T01:32:20Z
192,5,17,53.87,standard,2026-07-18T01:32:20Z
192,5,18,53.87,standard,2026-07-18T01:32:20Z
192,5,19,53.87,standard,2026-07-18T01:32:20Z
192,5,20,53.87,standard,2026-07-18T01:32:20Z
192,5,21,53.87,standard,2026-07-18T01:32:20Z
192,5,22,53.87,standard,2026-07-18T01:32:20Z
192,7,5,53.87,standard,2026-07-18T01:32:20Z
192,7,6,53.87,standard,2026-07-18T01:32:20Z
192,7,7,53.87,standard,2026-07-18T01:32:20Z
192,7,8,53.87,standard,2026-07-18T01:32:20Z
192,7,9,53.87,standard,2026-07-18T01:32:20Z
192,7,10,53.87,standard,2026-07-18T01:32:20Z
192,7,11,53.87,standard,2026-07-18T01:32:20Z
192,7,12,53.87,standard,2026-07-18T01:32:20Z
192,7,13,53.87,standard,2026-07-18T01:32:20Z
192,7,14,53.87,standard,2026-07-18T01:32:20Z
192,7,15,53.87,standard,2026-07-18T01:32:20Z
192,7,16,53.87,standard,2026-07-18T01:32:20Z
192,7,17,53.87,standard,2026-07-18T01:32:20Z
192,8,3,53.87,standard,2026-07-18T01:32:20Z
192,8,4,53.87,standard,2026-07-18T01:32:20Z
192,8,5,53.87,standard,2026-07-18T01:32:20Z
192,8,6,53.87,standard,2026-07-18T01:32:20Z
192,8,7,53.87,standard,2026-07-18T01:32:20Z
192,8,8,53.87,standard,2026-07-18T01:32:20Z
192,8,9,53.87,standard,2026-07-18T01:32:20Z
192,8,10,53.87,standard,2026-07-18T01:32:20Z
192,8,11,53.87,standard,2026-07-18T01:32:20Z
192,8,12,53.87,standard,2026-07-18T01:32:20Z
192,8,13,53.87,standard,2026-07-18T01:32:20Z
192,8,14,53.87,standard,2026-07-18T01:32:20Z
192,8,15,53.87,standard,2026-07-18T01:32:20Z
192,8,16,53.87,standard,2026-07-18T01:32:20Z
192,8,17,53.87,standard,2026-07-18T01:32:20Z
192,8,18,53.87,standard,2026-07-18T01:32:20Z
192,8,19,53.87,standard,2026-07-18T01:32:20Z
192,8,20,53.87,standard,2026-07-18T01:32:20Z
192,8,21,53.87,standard,2026-07-18T01:32:20Z
192,8,22,53.87,standard,2026-07-18T01:32:20Z
192,8,23,53.87,standard,2026-07-18T01:32:20Z
192,9,5,53.87,standard,2026-07-18T01:32:20Z
192,9,6,53.87,standard,2026-07-18T01:32:20Z
192,9,7,53.87,standard,2026-07-18T01:32:20Z
192,9,8,53.87,standard,2026-07-18T01:32:20Z
192,9,9,53.87,standard,2026-07-18T01:32:20Z
192,9,10,53.87,standard,2026-07-18T01:32:20Z
192,9,11,53.87,standard,2026-07-18T01:32:20Z
192,9,12,53.87,standard,2026-07-18T01:32:20Z
192,9,13,53.87,standard,2026-07-18T01:32:20Z
192,9,14,53.87,standard,2026-07-18T01:32:20Z
192,9,15,53.87,standard,2026-07-18T01:32:20Z
192,9,16,53.87,standard,2026-07-18T01:32:20Z
192,9,17,53.87,standard,2026-07-18T01:32:20Z
192,9,18,53.87,standard,2026-07-18T01:32:20Z
192,9,19,53.87,standard,2026-07-18T01:32:20Z
192,9,20,53.87,standard,2026-07-18T01:32:20Z
192,9,21,53.87,standard,2026-07-18T01:32:20Z
192,9,22,53.87,standard,2026-07-18T01:32:20Z
192,9,23,53.87,standard,2026-07-18T01:32:20Z
192,10,3,53.87,standard,2026-07-18T01:32:20Z
192,10,4,53.87,standard,2026-07-18T01:32:20Z
192,10,5,53.87,standard,2026-07-18T01:32:20Z
192,10,6,53.87,standard,2026-07-18T01:32:20Z
192,10,7,53.87,standard,2026-07-18T01:32:20Z
192,10,8,53.87,standard,2026-07-18T01:32:20Z
192,10,9,53.87,standard,2026-07-18T01:32:20Z
192,10,10,53.87,standard,2026-07-18T01:32:20Z
192,10,11,53.87,standard,2026-07-18T01:32:20Z
192,10,12,53.87,standard,2026-07-18T01:32:20Z
192,10,13,53.87,standard,2026-07-18T01:32:20Z
192,10,14,53.87,standard,2026-07-18T01:32:20Z
192,10,15,53.87,standard,2026-07-18T01:32:20Z
192,10,16,53.87,standard,2026-07-18T01:32:20Z
192,10,17,53.87,standard,2026-07-18T01:32:20Z
192,10,18,53.87,standard,2026-07-18T01:32:20Z
192,10,19,53.87,standard,2026-07-18T01:32:20Z
192,10,20,53.87,standard,2026-07-18T01:32:20Z
192,10,21,53.87,standard,2026-07-18T01:32:20Z
192,10,22,53.87,standard,2026-07-18T01:32:20Z
192,10,23,53.87,standard,2026-07-18T01:32:20Z
192,11,3,53.87,standard,2026-07-18T01:32:20Z
192,11,4,53.87,standard,2026-07-18T01:32:20Z
192,11,5,53.87,standard,2026-07-18T01:32:20Z
192,11,6,53.87,standard,2026-07-18T01:32:20Z
192,11,7,53.87,standard,2026-07-18T01:32:20Z
192,11,8,53.87,standard,2026-07-18T01:32:20Z
192,11,9,53.87,standard,2026-07-18T01:32:20Z
192,11,10,53.87,standard,2026-07-18T01:32:20Z
192,11,11,53.87,standard,2026-07-18T01:32:20Z
192,11,12,53.87,standard,2026-07-18T01:32:20Z
192,11,13,53.87,standard,2026-07-18T01:32:20Z
192,11,14,53.87,standard,2026-07-18T01:32:20Z
192,11,15,53.87,standard,2026-07-18T01:32:20Z
192,11,16,53.87,standard,2026-07-18T01:32:20Z
192,11,17,53.87,standard,2026-07-18T01:32:20Z
192,11,18,53.87,standard,2026-07-18T01:32:20Z
192,11,19,53.87,standard,2026-07-18T01:32:20Z
192,11,20,53.87,standard,2026-07-18T01:32:20Z
192,11,21,53.87,standard,2026-07-18T01:32:20Z
192,11,22,53.87,standard,2026-07-18T01:32:20Z
192,11,23,53.87,standard,2026-07-18T01:32:20Z
192,12,3,53.87,standard,2026-07-18T01:32:20Z
192,12,4,53.87,standard,2026-07-18T01:32:20Z
192,12,5,53.87,standard,2026-07-18T01:32:20Z
192,12,6,53.87,standard,2026-07-18T01:32:20Z
192,12,7,53.87,standard,2026-07-18T01:32:20Z
192,12,8,53.87,standard,2026-07-18T01:32:20Z
192,12,9,53.87,standard,2026-07-18T01:32:20Z
192,12,10,53.87,standard,2026-07-18T01:32:20Z
192,12,11,53.87,standard,2026-07-18T01:32:20Z
192,12,12,53.87,standard,2026-07-18T01:32:20Z
192,12,13,53.87,standard,2026-07-18T01:32:20Z
192,12,14,53.87,standard,2026-07-18T01:32:20Z
192,12,15,53.87,standard,2026-07-18T01:32:20Z
192,12,16,53.87,standard,2026-07-18T01:32:20Z
192,12,17,53.87,standard,2026-07-18T01:32:20Z
192,12,18,53.87,standard,2026-07-18T01:32:20Z
192,12,19,53.87,standard,2026-07-18T01:32:20Z
192,12,20,53.87,standard,2026-07-18T01:32:20Z
192,12,21,53.87,standard,2026-07-18T01:32:20Z
192,12,22,53.87,standard,2026-07-18T01:32:20Z
192,12,23,53.87,standard,2026-07-18T01:32:20Z
192,12,24,53.87,standard,2026-07-18T01:32:20Z
192,12,25,53.87,standard,2026-07-18T01:32:20Z
192,12,26,53.87,standard,2026-07-18T01:32:20Z
193,5,7,53.87,standard,2026-07-18T01:32:20Z
193,5,8,53.87,standard,2026-07-18T01:32:20Z
193,7,11,53.87,standard,2026-07-18T01:32:20Z
193,7,12,53.87,standard,2026-07-18T01:32:20Z
193,7,13,53.87,standard,2026-07-18T01:32:20Z
193,7,14,53.87,standard,2026-07-18T01:32:20Z
193,7,15,53.87,standard,2026-07-18T01:32:20Z
193,7,16,53.87,standard,2026-07-18T01:32:20Z
193,8,3,53.87,standard,2026-07-18T01:32:20Z
193,8,4,53.87,standard,2026-07-18T01:32:20Z
193,8,5,53.87,standard,2026-07-18T01:32:20Z
193,8,6,53.87,standard,2026-07-18T01:32:20Z
193,8,7,53.87,standard,2026-07-18T01:32:20Z
193,8,8,53.87,standard,2026-07-18T01:32:20Z
193,8,9,53.87,standard,2026-07-18T01:32:20Z
193,8,10,53.87,standard,2026-07-18T01:32:20Z
193,8,11,53.87,standard,2026-07-18T01:32:20Z
193,8,12,53.87,standard,2026-07-18T01:32:20Z
193,8,13,53.87,standard,2026-07-18T01:32:20Z
193,8,14,53.87,standard,2026-07-18T01:32:20Z
193,8,15,53.87,standard,2026-07-18T01:32:20Z
193,8,16,53.87,standard,2026-07-18T01:32:20Z
193,8,17,53.87,standard,2026-07-18T01:32:20Z
193,8,18,53.87,standard,2026-07-18T01:32:20Z
193,8,19,53.87,standard,2026-07-18T01:32:20Z
193,8,20,53.87,standard,2026-07-18T01:32:20Z
193,8,21,53.87,standard,2026-07-18T01:32:20Z
193,9,3,53.87,standard,2026-07-18T01:32:20Z
193,9,4,53.87,standard,2026-07-18T01:32:20Z
193,9,5,53.87,standard,2026-07-18T01:32:20Z
193,9,6,53.87,standard,2026-07-18T01:32:20Z
193,9,7,53.87,standard,2026-07-18T01:32:20Z
193,9,8,53.87,standard,2026-07-18T01:32:20Z
193,9,9,53.87,standard,2026-07-18T01:32:20Z
193,9,10,53.87,standard,2026-07-18T01:32:20Z
193,9,11,53.87,standard,2026-07-18T01:32:20Z
193,9,12,53.87,standard,2026-07-18T01:32:20Z
193,9,13,53.87,standard,2026-07-18T01:32:20Z
193,9,14,53.87,standard,2026-07-18T01:32:20Z
193,9,15,53.87,standard,2026-07-18T01:32:20Z
193,9,16,53.87,standard,2026-07-18T01:32:20Z
193,9,17,53.87,standard,2026-07-18T01:32:20Z
193,9,18,53.87,standard,2026-07-18T01:32:20Z
193,9,19,53.87,standard,2026-07-18T01:32:20Z
193,9,20,53.87,standard,2026-07-18T01:32:20Z
193,9,21,53.87,standard,2026-07-18T01:32:20Z
193,10,3,53.87,standard,2026-07-18T01:32:20Z
193,10,4,53.87,standard,2026-07-18T01:32:20Z
193,10,5,53.87,standard,2026-07-18T01:32:20Z
193,10,6,53.87,standard,2026-07-18T01:32:20Z
193,10,7,53.87,standard,2026-07-18T01:32:20Z
193,10,8,53.87,standard,2026-07-18T01:32:20Z
193,10,9,53.87,standard,2026-07-18T01:32:20Z
193,10,10,53.87,standard,2026-07-18T01:32:20Z
193,10,11,53.87,standard,2026-07-18T01:32:20Z
193,10,12,53.87,standard,2026-07-18T01:32:20Z
193,10,13,53.87,standard,2026-07-18T01:32:20Z
193,10,14,53.87,standard,2026-07-18T01:32:20Z
193,10,15,53.87,standard,2026-07-18T01:32:20Z
193,10,16,53.87,standard,2026-07-18T01:32:20Z
193,10,17,53.87,standard,2026-07-18T01:32:20Z
193,10,18,53.87,standard,2026-07-18T01:32:20Z
193,10,19,53.87,standard,2026-07-18T01:32:20Z
193,10,20,53.87,standard,2026-07-18T01:32:20Z
193,10,21,53.87,standard,2026-07-18T01:32:20Z
193,11,3,53.87,standard,2026-07-18T01:32:20Z
193,11,4,53.87,standard,2026-07-18T01:32:20Z
193,11,5,53.87,standard,2026-07-18T01:32:20Z
193,11,6,53.87,standard,2026-07-18T01:32:20Z
193,11,7,53.87,standard,2026-07-18T01:32:20Z
193,11,8,53.87,standard,2026-07-18T01:32:20Z
193,11,9,53.87,standard,2026-07-18T01:32:20Z
193,11,10,53.87,standard,2026-07-18T01:32:20Z
193,11,11,53.87,standard,2026-07-18T01:32:20Z
193,11,12,53.87,standard,2026-07-18T01:32:20Z
193,11,13,53.87,standard,2026-07-18T01:32:20Z
193,11,14,53.87,standard,2026-07-18T01:32:20Z
193,11,15,53.87,standard,2026-07-18T01:32:20Z
193,11,16,53.87,standard,2026-07-18T01:32:20Z
193,11,17,53.87,standard,2026-07-18T01:32:20Z
193,11,18,53.87,standard,2026-07-18T01:32:20Z
193,11,19,53.87,standard,2026-07-18T01:32:20Z
193,11,20,53.87,standard,2026-07-18T01:32:20Z
193,11,21,53.87,standard,2026-07-18T01:32:20Z
193,12,6,53.87,standard,2026-07-18T01:32:20Z
193,12,7,53.87,standard,2026-07-18T01:32:20Z
193,12,8,53.87,standard,2026-07-18T01:32:20Z
193,12,9,53.87,standard,2026-07-18T01:32:20Z
193,12,10,53.87,standard,2026-07-18T01:32:20Z
193,12,11,53.87,standard,2026-07-18T01:32:20Z
193,12,12,53.87,standard,2026-07-18T01:32:20Z
193,12,13,53.87,standard,2026-07-18T01:32:20Z
193,12,14,53.87,standard,2026-07-18T01:32:20Z
193,12,15,53.87,standard,2026-07-18T01:32:20Z
193,12,16,53.87,standard,2026-07-18T01:32:20Z
193,12,17,53.87,standard,2026-07-18T01:32:20Z
193,12,18,53.87,standard,2026-07-18T01:32:20Z
193,12,19,53.87,standard,2026-07-18T01:32:20Z
193,12,20,53.87,standard,2026-07-18T01:32:20Z
193,12,21,53.87,standard,2026-07-18T01:32:20Z
193,12,22,53.87,standard,2026-07-18T01:32:20Z
193,12,23,53.87,standard,2026-07-18T01:32:20Z
193,12,24,53.87,standard,2026-07-18T01:32:20Z
193,17A,21,53.87,standard,2026-07-18T01:32:20Z
193,17A,22,53.87,standard,2026-07-18T01:32:20Z
193,17A,23,53.87,standard,2026-07-18T01:32:20Z
193,17A,24,53.87,standard,2026-07-18T01:32:20Z
194,6,11,53.87,standard,2026-07-18T01:32:20Z
194,6,12,53.87,standard,2026-07-18T01:32:20Z
194,6,13,53.87,standard,2026-07-18T01:32:20Z
194,6,14,53.87,standard,2026-07-18T01:32:20Z
194,6,15,53.87,standard,2026-07-18T01:32:20Z
194,6,16,53.87,standard,2026-07-18T01:32:20Z
194,8,8,53.87,standard,2026-07-18T01:32:20Z
194,8,9,53.87,standard,2026-07-18T01:32:20Z
194,8,10,53.87,standard,2026-07-18T01:32:20Z
194,8,11,53.87,standard,2026-07-18T01:32:20Z
194,8,12,53.87,standard,2026-07-18T01:32:20Z
194,8,13,53.87,standard,2026-07-18T01:32:20Z
194,8,14,53.87,standard,2026-07-18T01:32:20Z
194,9,4,53.87,standard,2026-07-18T01:32:20Z
194,9,5,53.87,standard,2026-07-18T01:32:20Z
194,9,6,53.87,standard,2026-07-18T01:32:20Z
194,9,7,53.87,standard,2026-07-18T01:32:20Z
194,9,8,53.87,standard,2026-07-18T01:32:20Z
194,9,9,53.87,standard,2026-07-18T01:32:20Z
194,9,10,53.87,standard,2026-07-18T01:32:20Z
194,9,11,53.87,standard,2026-07-18T01:32:20Z
194,9,12,53.87,standard,2026-07-18T01:32:20Z
194,9,13,53.87,standard,2026-07-18T01:32:20Z
194,9,14,53.87,standard,2026-07-18T01:32:20Z
194,9,15,53.87,standard,2026-07-18T01:32:20Z
194,9,16,53.87,standard,2026-07-18T01:32:20Z
194,10,3,53.87,standard,2026-07-18T01:32:20Z
194,10,4,53.87,standard,2026-07-18T01:32:20Z
194,10,5,53.87,standard,2026-07-18T01:32:20Z
194,10,6,53.87,standard,2026-07-18T01:32:20Z
194,10,7,53.87,standard,2026-07-18T01:32:20Z
194,10,8,53.87,standard,2026-07-18T01:32:20Z
194,10,9,53.87,standard,2026-07-18T01:32:20Z
194,10,10,53.87,standard,2026-07-18T01:32:20Z
194,10,11,53.87,standard,2026-07-18T01:32:20Z
194,10,12,53.87,standard,2026-07-18T01:32:20Z
194,10,13,53.87,standard,2026-07-18T01:32:20Z
194,11,3,53.87,standard,2026-07-18T01:32:20Z
194,11,4,53.87,standard,2026-07-18T01:32:20Z
194,11,5,53.87,standard,2026-07-18T01:32:20Z
194,11,6,53.87,standard,2026-07-18T01:32:20Z
194,11,7,53.87,standard,2026-07-18T01:32:20Z
194,11,8,53.87,standard,2026-07-18T01:32:20Z
194,11,9,53.87,standard,2026-07-18T01:32:20Z
194,11,10,53.87,standard,2026-07-18T01:32:20Z
194,11,11,53.87,standard,2026-07-18T01:32:20Z
194,11,12,53.87,standard,2026-07-18T01:32:20Z
194,11,13,53.87,standard,2026-07-18T01:32:20Z
194,11,14,53.87,standard,2026-07-18T01:32:20Z
194,11,15,53.87,standard,2026-07-18T01:32:20Z
194,11,16,53.87,standard,2026-07-18T01:32:20Z
194,11,17,53.87,standard,2026-07-18T01:32:20Z
194,11,18,53.87,standard,2026-07-18T01:32:20Z
194,11,19,53.87,standard,2026-07-18T01:32:20Z
194,11,20,53.87,standard,2026-07-18T01:32:20Z
194,12,3,53.87,standard,2026-07-18T01:32:20Z
194,12,4,53.87,standard,2026-07-18T01:32:20Z
194,12,5,53.87,standard,2026-07-18T01:32:20Z
194,12,6,53.87,standard,2026-07-18T01:32:20Z
194,12,7,53.87,standard,2026-07-18T01:32:20Z
194,12,8,53.87,standard,2026-07-18T01:32:20Z
194,12,9,53.87,standard,2026-07-18T01:32:20Z
194,12,10,53.87,standard,2026-07-18T01:32:20Z
194,12,11,53.87,standard,2026-07-18T01:32:20Z
194,12,12,53.87,standard,2026-07-18T01:32:20Z
194,12,13,53.87,standard,2026-07-18T01:32:20Z
194,12,14,53.87,standard,2026-07-18T01:32:20Z
194,12,15,53.87,standard,2026-07-18T01:32:20Z
194,12,16,53.87,standard,2026-07-18T01:32:20Z
194,12,17,53.87,standard,2026-07-18T01:32:20Z
194,12,18,53.87,standard,2026-07-18T01:32:20Z
194,12,19,53.87,standard,2026-07-18T01:32:20Z
194,12,20,53.87,standard,2026-07-18T01:32:20Z
194,12,21,53.87,standard,2026-07-18T01:32:20Z
194,13,3,53.87,standard,2026-07-18T01:32:20Z
194,13,4,53.87,standard,2026-07-18T01:32:20Z
194,13,5,53.87,standard,2026-07-18T01:32:20Z
194,13,6,53.87,standard,2026-07-18T01:32:20Z
194,13,7,53.87,standard,2026-07-18T01:32:20Z
194,13,8,53.87,standard,2026-07-18T01:32:20Z
194,13,9,53.87,standard,2026-07-18T01:32:20Z
194,13,10,53.87,standard,2026-07-18T01:32:20Z
194,13,11,53.87,standard,2026-07-18T01:32:20Z
194,13,12,53.87,standard,2026-07-18T01:32:20Z
194,13,13,53.87,standard,2026-07-18T01:32:20Z
194,13,14,53.87,standard,2026-07-18T01:32:20Z
194,13,15,53.87,standard,2026-07-18T01:32:20Z
194,13,16,53.87,standard,2026-07-18T01:32:20Z
194,13,17,53.87,standard,2026-07-18T01:32:20Z
194,13,18,53.87,standard,2026-07-18T01:32:20Z
194,13,19,53.87,standard,2026-07-18T01:32:20Z
194,13,20,53.87,standard,2026-07-18T01:32:20Z
194,13,21,53.87,standard,2026-07-18T01:32:20Z
194,13,22,53.87,standard,2026-07-18T01:32:20Z
194,13,23,53.87,standard,2026-07-18T01:32:20Z
194,13,24,53.87,standard,2026-07-18T01:32:20Z
194,14,3,53.87,standard,2026-07-18T01:32:20Z
194,14,4,53.87,standard,2026-07-18T01:32:20Z
194,14,5,53.87,standard,2026-07-18T01:32:20Z
194,14,6,53.87,standard,2026-07-18T01:32:20Z
194,14,7,53.87,standard,2026-07-18T01:32:20Z
194,14,8,53.87,standard,2026-07-18T01:32:20Z
194,14,9,53.87,standard,2026-07-18T01:32:20Z
194,14,10,53.87,standard,2026-07-18T01:32:20Z
194,14,11,53.87,standard,2026-07-18T01:32:20Z
194,14,12,53.87,standard,2026-07-18T01:32:20Z
194,14,13,53.87,standard,2026-07-18T01:32:20Z
194,14,14,53.87,standard,2026-07-18T01:32:20Z
194,14,15,53.87,standard,2026-07-18T01:32:20Z
194,14,16,53.87,standard,2026-07-18T01:32:20Z
194,14,17,53.87,standard,2026-07-18T01:32:20Z
194,14,18,53.87,standard,2026-07-18T01:32:20Z
194,14,19,53.87,standard,2026-07-18T01:32:20Z
194,14,20,53.87,standard,2026-07-18T01:32:20Z
194,14,21,53.87,standard,2026-07-18T01:32:20Z
194,14,22,53.87,standard,2026-07-18T01:32:20Z
194,14,23,53.87,standard,2026-07-18T01:32:20Z
194,14,24,53.87,standard,2026-07-18T01:32:20Z
194,17A,19,53.87,standard,2026-07-18T01:32:20Z
194,17A,20,53.87,standard,2026-07-18T01:32:20Z
194,17A,21,53.87,standard,2026-07-18T01:32:20Z
194,17A,22,53.87,standard,2026-07-18T01:32:20Z
194,17A,23,53.87,standard,2026-07-18T01:32:20Z
194,17A,24,53.87,standard,2026-07-18T01:32:20Z
195,6,9,53.87,standard,2026-07-18T01:32:20Z
195,6,10,53.87,standard,2026-07-18T01:32:20Z
195,6,11,53.87,standard,2026-07-18T01:32:20Z
195,7,9,53.87,standard,2026-07-18T01:32:20Z
195,7,10,53.87,standard,2026-07-18T01:32:20Z
195,9,7,53.87,standard,2026-07-18T01:32:20Z
195,9,8,53.87,standard,2026-07-18T01:32:20Z
195,9,9,53.87,standard,2026-07-18T01:32:20Z
195,9,10,53.87,standard,2026-07-18T01:32:20Z
195,9,11,53.87,standard,2026-07-18T01:32:20Z
195,10,3,53.87,standard,2026-07-18T01:32:20Z
195,10,4,53.87,standard,2026-07-18T01:32:20Z
195,10,5,53.87,standard,2026-07-18T01:32:20Z
195,10,6,53.87,standard,2026-07-18T01:32:20Z
195,10,7,53.87,standard,2026-07-18T01:32:20Z
195,11,3,53.87,standard,2026-07-18T01:32:20Z
195,11,4,53.87,standard,2026-07-18T01:32:20Z
195,11,5,53.87,standard,2026-07-18T01:32:20Z
195,11,6,53.87,standard,2026-07-18T01:32:20Z
195,11,7,53.87,standard,2026-07-18T01:32:20Z
195,11,8,53.87,standard,2026-07-18T01:32:20Z
195,11,9,53.87,standard,2026-07-18T01:32:20Z
195,11,10,53.87,standard,2026-07-18T01:32:20Z
195,11,11,53.87,standard,2026-07-18T01:32:20Z
195,13,2,53.87,standard,2026-07-18T01:32:20Z
195,13,3,53.87,standard,2026-07-18T01:32:20Z
195,13,4,53.87,standard,2026-07-18T01:32:20Z
195,13,5,53.87,standard,2026-07-18T01:32:20Z
195,13,6,53.87,standard,2026-07-18T01:32:20Z
195,13,7,53.87,standard,2026-07-18T01:32:20Z
195,13,8,53.87,standard,2026-07-18T01:32:20Z
195,13,9,53.87,standard,2026-07-18T01:32:20Z
195,13,10,53.87,standard,2026-07-18T01:32:20Z
195,17A,2,53.87,standard,2026-07-18T01:32:20Z
195,17A,3,53.87,standard,2026-07-18T01:32:20Z
195,17A,4,53.87,standard,2026-07-18T01:32:20Z
195,17A,5,53.87,standard,2026-07-18T01:32:20Z
211,1,6,115.54,standard,2026-07-18T01:32:20Z
212,1,12,115.54,standard,2026-07-18T01:32:20Z
213,1,14,115.54,standard,2026-07-18T01:32:20Z
214,11A,5,115.54,standard,2026-07-18T01:32:20Z
214,11A,6,115.54,standard,2026-07-18T01:32:20Z
216,11,7,115.54,standard,2026-07-18T01:32:20Z
218,1,12,143.15,standard,2026-07-18T01:32:20Z
222,2,12,143.15,standard,2026-07-18T01:32:20Z
233,2,14,143.15,standard,2026-07-18T01:32:20Z
234,2,13,143.15,standard,2026-07-18T01:32:20Z
234,9,2,143.15,standard,2026-07-18T01:32:20Z
236,2,12,143.15,standard,2026-07-18T01:32:20Z
237,2,1,143.15,standard,2026-07-18T01:32:20Z
237,3,12,143.15,standard,2026-07-18T01:32:20Z
238,7,8,143.15,standard,2026-07-18T01:32:20Z
238,8,9,143.15,standard,2026-07-18T01:32:20Z
240,1,1,143.15,standard,2026-07-18T01:32:20Z
240,4,6,143.15,standard,2026-07-18T01:32:20Z
240,6,3,143.15,standard,2026-07-18T01:32:20Z
240,10,9,143.15,standard,2026-07-18T01:32:20Z
240,10,10,143.15,standard,2026-07-18T01:32:20Z
240,13,4,143.15,standard,2026-07-18T01:32:20Z
241,9,3,143.15,standard,2026-07-18T01:32:20Z
241,9,4,143.15,standard,2026-07-18T01:32:20Z
241,12,15,143.15,standard,2026-07-18T01:32:20Z
243,1,1,143.15,standard,2026-07-18T01:32:20Z
243,6,8,143.15,standard,2026-07-18T01:32:20Z
243,7,9,143.15,standard,2026-07-18T01:32:20Z
244,1,1,115.54,standard,2026-07-18T01:32:20Z
245,6,9,115.54,standard,2026-07-18T01:32:20Z
245,6,10,115.54,standard,2026-07-18T01:32:20Z
245,7,8,115.54,standard,2026-07-18T01:32:20Z
245,7,9,115.54,standard,2026-07-18T01:32:20Z
245,8,10,115.54,standard,2026-07-18T01:32:20Z
245,8,11,115.54,standard,2026-07-18T01:32:20Z
245,8,12,115.54,standard,2026-07-18T01:32:20Z
245,9,9,115.54,standard,2026-07-18T01:32:20Z
245,9,10,115.54,standard,2026-07-18T01:32:20Z
245,9,11,115.54,standard,2026-07-18T01:32:20Z
245,10,8,115.54,standard,2026-07-18T01:32:20Z
245,10,9,115.54,standard,2026-07-18T01:32:20Z
245,11,8,115.54,standard,2026-07-18T01:32:20Z
245,11,9,115.54,standard,2026-07-18T01:32:20Z
245,11,10,115.54,standard,2026-07-18T01:32:20Z
246,2,3,115.54,standard,2026-07-18T01:32:20Z
246,2,4,115.54,standard,2026-07-18T01:32:20Z
246,3,10,115.54,standard,2026-07-18T01:32:20Z
246,3,11,115.54,standard,2026-07-18T01:32:20Z
246,4,7,115.54,standard,2026-07-18T01:32:20Z
246,4,8,115.54,standard,2026-07-18T01:32:20Z
246,4,9,115.54,standard,2026-07-18T01:32:20Z
247,1,1,115.54,standard,2026-07-18T01:32:20Z
247,2,1,115.54,standard,2026-07-18T01:32:20Z
247,9,7,115.54,standard,2026-07-18T01:32:20Z
247,9,8,115.54,standard,2026-07-18T01:32:20Z
247,10,5,115.54,standard,2026-07-18T01:32:20Z
247,10,6,115.54,standard,2026-07-18T01:32:20Z
247,10,7,115.54,standard,2026-07-18T01:32:20Z
247,10,8,115.54,standard,2026-07-18T01:32:20Z
247,10,9,115.54,standard,2026-07-18T01:32:20Z
247,10,10,115.54,standard,2026-07-18T01:32:20Z
247,11,9,115.54,standard,2026-07-18T01:32:20Z
247,11,10,115.54,standard,2026-07-18T01:32:20Z
248,1,1,115.54,standard,2026-07-18T01:32:20Z
248,10,1,115.54,standard,2026-07-18T01:32:20Z
248,10,2,115.54,standard,2026-07-18T01:32:20Z
248,10,3,115.54,standard,2026-07-18T01:32:20Z
249,1,1,115.54,standard,2026-07-18T01:32:20Z
249,7,4,115.54,standard,2026-07-18T01:32:20Z
249,7,5,115.54,standard,2026-07-18T01:32:20Z
249,7,6,115.54,standard,2026-07-18T01:32:20Z
249,8,6,115.54,standard,2026-07-18T01:32:20Z
249,9,5,115.54,standard,2026-07-18T01:32:20Z
249,9,6,115.54,standard,2026-07-18T01:32:20Z
249,10,3,115.54,standard,2026-07-18T01:32:20Z
249,10,4,115.54,standard,2026-07-18T01:32:20Z
249,10,5,115.54,standard,2026-07-18T01:32:20Z
249,10,6,115.54,standard,2026-07-18T01:32:20Z
249,11,5,115.54,standard,2026-07-18T01:32:20Z
249,11,6,115.54,standard,2026-07-18T01:32:20Z
249,12,1,115.54,standard,2026-07-18T01:32:20Z
249,12,2,115.54,standard,2026-07-18T01:32:20Z
249,12,3,115.54,standard,2026-07-18T01:32:20Z
249,12,4,115.54,standard,2026-07-18T01:32:20Z
27,7,8,813.82,standard,2026-07-18T01:32:20Z
306,16,2,48.76,standard,2026-07-18T01:32:20Z
306,16,3,48.76,standard,2026-07-18T01:32:20Z
306,16,4,48.76,standard,2026-07-18T01:32:20Z
306,16,5,48.76,standard,2026-07-18T01:32:20Z
306,16,6,48.76,standard,2026-07-18T01:32:20Z
306,17,2,48.76,standard,2026-07-18T01:32:20Z
306,17,3,48.76,standard,2026-07-18T01:32:20Z
306,17,4,48.76,standard,2026-07-18T01:32:20Z
306,17,5,48.76,standard,2026-07-18T01:32:20Z
306,17,6,48.76,standard,2026-07-18T01:32:20Z
306,17,7,48.76,standard,2026-07-18T01:32:20Z
306,17,8,48.76,standard,2026-07-18T01:32:20Z
306,17,9,48.76,standard,2026-07-18T01:32:20Z
306,17,10,48.76,standard,2026-07-18T01:32:20Z
306,18,2,48.76,standard,2026-07-18T01:32:20Z
306,18,3,48.76,standard,2026-07-18T01:32:20Z
306,18,4,48.76,standard,2026-07-18T01:32:20Z
306,18,5,48.76,standard,2026-07-18T01:32:20Z
306,18,6,48.76,standard,2026-07-18T01:32:20Z
306,18,7,48.76,standard,2026-07-18T01:32:20Z
306,18,8,48.76,standard,2026-07-18T01:32:20Z
306,18,9,48.76,standard,2026-07-18T01:32:20Z
306,18,10,48.76,standard,2026-07-18T01:32:20Z
306,18,11,48.76,standard,2026-07-18T01:32:20Z
306,18,12,48.76,standard,2026-07-18T01:32:20Z
306,19,2,48.76,standard,2026-07-18T01:32:20Z
306,19,3,48.76,standard,2026-07-18T01:32:20Z
306,19,4,48.76,standard,2026-07-18T01:32:20Z
306,19,5,48.76,standard,2026-07-18T01:32:20Z
306,19,6,48.76,standard,2026-07-18T01:32:20Z
306,19,7,48.76,standard,2026-07-18T01:32:20Z
306,19,8,48.76,standard,2026-07-18T01:32:20Z
306,19,9,48.76,standard,2026-07-18T01:32:20Z
306,19,10,48.76,standard,2026-07-18T01:32:20Z
306,19,11,48.76,standard,2026-07-18T01:32:20Z
306,19,12,48.76,standard,2026-07-18T01:32:20Z
306,20,2,48.76,standard,2026-07-18T01:32:20Z
306,20,3,48.76,standard,2026-07-18T01:32:20Z
306,20,4,48.76,standard,2026-07-18T01:32:20Z
306,20,5,48.76,standard,2026-07-18T01:32:20Z
306,20,6,48.76,standard,2026-07-18T01:32:20Z
306,20,7,48.76,standard,2026-07-18T01:32:20Z
306,20,8,48.76,standard,2026-07-18T01:32:20Z
306,20,9,48.76,standard,2026-07-18T01:32:20Z
306,20,10,48.76,standard,2026-07-18T01:32:20Z
306,20,11,48.76,standard,2026-07-18T01:32:20Z
306,20,12,48.76,standard,2026-07-18T01:32:20Z
306,21,2,48.76,standard,2026-07-18T01:32:20Z
306,21,3,48.76,standard,2026-07-18T01:32:20Z
306,21,4,48.76,standard,2026-07-18T01:32:20Z
306,21,5,48.76,standard,2026-07-18T01:32:20Z
306,21,6,48.76,standard,2026-07-18T01:32:20Z
306,21,7,48.76,standard,2026-07-18T01:32:20Z
306,21,8,48.76,standard,2026-07-18T01:32:20Z
306,21,9,48.76,standard,2026-07-18T01:32:20Z
306,22,2,48.76,standard,2026-07-18T01:32:20Z
306,22,3,48.76,standard,2026-07-18T01:32:20Z
306,22,4,48.76,standard,2026-07-18T01:32:20Z
306,22,5,48.76,standard,2026-07-18T01:32:20Z
306,22,6,48.76,standard,2026-07-18T01:32:20Z
306,22,7,48.76,standard,2026-07-18T01:32:20Z
306,22,8,48.76,standard,2026-07-18T01:32:20Z
306,22,9,48.76,standard,2026-07-18T01:32:20Z
306,22,10,48.76,standard,2026-07-18T01:32:20Z
306,22,11,48.76,standard,2026-07-18T01:32:20Z
306,22,12,48.76,standard,2026-07-18T01:32:20Z
307,15,4,48.76,standard,2026-07-18T01:32:20Z
307,16,5,48.76,standard,2026-07-18T01:32:20Z
307,16,6,48.76,standard,2026-07-18T01:32:20Z
307,16,7,48.76,standard,2026-07-18T01:32:20Z
307,16,8,48.76,standard,2026-07-18T01:32:20Z
307,16,9,48.76,standard,2026-07-18T01:32:20Z
307,16,10,48.76,standard,2026-07-18T01:32:20Z
307,16,11,48.76,standard,2026-07-18T01:32:20Z
307,16,12,48.76,standard,2026-07-18T01:32:20Z
307,16,13,48.76,standard,2026-07-18T01:32:20Z
307,16,14,48.76,standard,2026-07-18T01:32:20Z
307,16,15,48.76,standard,2026-07-18T01:32:20Z
307,16,16,48.76,standard,2026-07-18T01:32:20Z
307,16,17,48.76,standard,2026-07-18T01:32:20Z
307,16,18,48.76,standard,2026-07-18T01:32:20Z
307,17,4,48.76,standard,2026-07-18T01:32:20Z
307,17,5,48.76,standard,2026-07-18T01:32:20Z
307,17,6,48.76,standard,2026-07-18T01:32:20Z
307,17,7,48.76,standard,2026-07-18T01:32:20Z
307,17,8,48.76,standard,2026-07-18T01:32:20Z
307,17,9,48.76,standard,2026-07-18T01:32:20Z
307,17,10,48.76,standard,2026-07-18T01:32:20Z
307,17,11,48.76,standard,2026-07-18T01:32:20Z
307,17,12,48.76,standard,2026-07-18T01:32:20Z
307,17,13,48.76,standard,2026-07-18T01:32:20Z
307,17,14,48.76,standard,2026-07-18T01:32:20Z
307,17,15,48.76,standard,2026-07-18T01:32:20Z
307,17,16,48.76,standard,2026-07-18T01:32:20Z
307,17,17,48.76,standard,2026-07-18T01:32:20Z
307,17,18,48.76,standard,2026-07-18T01:32:20Z
307,17,19,48.76,standard,2026-07-18T01:32:20Z
307,18,4,48.76,standard,2026-07-18T01:32:20Z
307,18,5,48.76,standard,2026-07-18T01:32:20Z
307,18,6,48.76,standard,2026-07-18T01:32:20Z
307,18,7,48.76,standard,2026-07-18T01:32:20Z
307,18,8,48.76,standard,2026-07-18T01:32:20Z
307,18,9,48.76,standard,2026-07-18T01:32:20Z
307,18,10,48.76,standard,2026-07-18T01:32:20Z
307,18,11,48.76,standard,2026-07-18T01:32:20Z
307,18,12,48.76,standard,2026-07-18T01:32:20Z
307,18,13,48.76,standard,2026-07-18T01:32:20Z
307,18,14,48.76,standard,2026-07-18T01:32:20Z
307,18,15,48.76,standard,2026-07-18T01:32:20Z
307,18,16,48.76,standard,2026-07-18T01:32:20Z
307,18,17,48.76,standard,2026-07-18T01:32:20Z
307,18,18,48.76,standard,2026-07-18T01:32:20Z
307,18,19,48.76,standard,2026-07-18T01:32:20Z
307,18,20,48.76,standard,2026-07-18T01:32:20Z
307,18,21,48.76,standard,2026-07-18T01:32:20Z
307,19,4,48.76,standard,2026-07-18T01:32:20Z
307,19,5,48.76,standard,2026-07-18T01:32:20Z
307,19,6,48.76,standard,2026-07-18T01:32:20Z
307,19,7,48.76,standard,2026-07-18T01:32:20Z
307,19,8,48.76,standard,2026-07-18T01:32:20Z
307,19,9,48.76,standard,2026-07-18T01:32:20Z
307,19,10,48.76,standard,2026-07-18T01:32:20Z
307,19,11,48.76,standard,2026-07-18T01:32:20Z
307,19,12,48.76,standard,2026-07-18T01:32:20Z
307,19,13,48.76,standard,2026-07-18T01:32:20Z
307,19,14,48.76,standard,2026-07-18T01:32:20Z
307,19,15,48.76,standard,2026-07-18T01:32:20Z
307,19,16,48.76,standard,2026-07-18T01:32:20Z
307,19,17,48.76,standard,2026-07-18T01:32:20Z
307,19,18,48.76,standard,2026-07-18T01:32:20Z
307,20,3,48.76,standard,2026-07-18T01:32:20Z
307,20,4,48.76,standard,2026-07-18T01:32:20Z
307,20,5,48.76,standard,2026-07-18T01:32:20Z
307,20,6,48.76,standard,2026-07-18T01:32:20Z
307,20,7,48.76,standard,2026-07-18T01:32:20Z
307,20,8,48.76,standard,2026-07-18T01:32:20Z
307,20,9,48.76,standard,2026-07-18T01:32:20Z
307,20,10,48.76,standard,2026-07-18T01:32:20Z
307,20,11,48.76,standard,2026-07-18T01:32:20Z
307,20,12,48.76,standard,2026-07-18T01:32:20Z
307,20,13,48.76,standard,2026-07-18T01:32:20Z
307,20,14,48.76,standard,2026-07-18T01:32:20Z
307,20,15,48.76,standard,2026-07-18T01:32:20Z
307,20,16,48.76,standard,2026-07-18T01:32:20Z
307,20,17,48.76,standard,2026-07-18T01:32:20Z
307,20,18,48.76,standard,2026-07-18T01:32:20Z
307,20,19,48.76,standard,2026-07-18T01:32:20Z
307,20,20,48.76,standard,2026-07-18T01:32:20Z
307,20,21,48.76,standard,2026-07-18T01:32:20Z
307,21,3,48.76,standard,2026-07-18T01:32:20Z
307,21,4,48.76,standard,2026-07-18T01:32:20Z
307,21,5,48.76,standard,2026-07-18T01:32:20Z
307,21,6,48.76,standard,2026-07-18T01:32:20Z
307,21,7,48.76,standard,2026-07-18T01:32:20Z
307,21,8,48.76,standard,2026-07-18T01:32:20Z
307,21,9,48.76,standard,2026-07-18T01:32:20Z
307,21,10,48.76,standard,2026-07-18T01:32:20Z
307,21,11,48.76,standard,2026-07-18T01:32:20Z
307,21,12,48.76,standard,2026-07-18T01:32:20Z
307,21,13,48.76,standard,2026-07-18T01:32:20Z
307,21,14,48.76,standard,2026-07-18T01:32:20Z
307,21,15,48.76,standard,2026-07-18T01:32:20Z
307,21,16,48.76,standard,2026-07-18T01:32:20Z
307,21,17,48.76,standard,2026-07-18T01:32:20Z
307,21,18,48.76,standard,2026-07-18T01:32:20Z
307,21,19,48.76,standard,2026-07-18T01:32:20Z
307,21,20,48.76,standard,2026-07-18T01:32:20Z
307,21,21,48.76,standard,2026-07-18T01:32:20Z
307,21,22,48.76,standard,2026-07-18T01:32:20Z
307,22,3,48.76,standard,2026-07-18T01:32:20Z
307,22,4,48.76,standard,2026-07-18T01:32:20Z
307,22,5,48.76,standard,2026-07-18T01:32:20Z
307,22,6,48.76,standard,2026-07-18T01:32:20Z
307,22,7,48.76,standard,2026-07-18T01:32:20Z
307,22,8,48.76,standard,2026-07-18T01:32:20Z
307,22,9,48.76,standard,2026-07-18T01:32:20Z
307,22,10,48.76,standard,2026-07-18T01:32:20Z
307,22,11,48.76,standard,2026-07-18T01:32:20Z
307,22,12,48.76,standard,2026-07-18T01:32:20Z
307,22,13,48.76,standard,2026-07-18T01:32:20Z
307,22,14,48.76,standard,2026-07-18T01:32:20Z
307,22,15,48.76,standard,2026-07-18T01:32:20Z
307,22,16,48.76,standard,2026-07-18T01:32:20Z
307,22,17,48.76,standard,2026-07-18T01:32:20Z
307,22,18,48.76,standard,2026-07-18T01:32:20Z
308,18,7,48.76,standard,2026-07-18T01:32:20Z
308,18,8,48.76,standard,2026-07-18T01:32:20Z
308,18,9,48.76,standard,2026-07-18T01:32:20Z
308,18,10,48.76,standard,2026-07-18T01:32:20Z
308,18,11,48.76,standard,2026-07-18T01:32:20Z
308,18,12,48.76,standard,2026-07-18T01:32:20Z
308,18,13,48.76,standard,2026-07-18T01:32:20Z
308,18,14,48.76,standard,2026-07-18T01:32:20Z
308,18,15,48.76,standard,2026-07-18T01:32:20Z
308,18,16,48.76,standard,2026-07-18T01:32:20Z
308,19,4,48.76,standard,2026-07-18T01:32:20Z
308,19,5,48.76,standard,2026-07-18T01:32:20Z
308,19,6,48.76,standard,2026-07-18T01:32:20Z
308,19,7,48.76,standard,2026-07-18T01:32:20Z
308,19,8,48.76,standard,2026-07-18T01:32:20Z
308,19,9,48.76,standard,2026-07-18T01:32:20Z
308,19,10,48.76,standard,2026-07-18T01:32:20Z
308,19,11,48.76,standard,2026-07-18T01:32:20Z
308,19,12,48.76,standard,2026-07-18T01:32:20Z
308,19,13,48.76,standard,2026-07-18T01:32:20Z
308,19,14,48.76,standard,2026-07-18T01:32:20Z
308,19,15,48.76,standard,2026-07-18T01:32:20Z
308,19,16,48.76,standard,2026-07-18T01:32:20Z
308,19,17,48.76,standard,2026-07-18T01:32:20Z
308,19,18,48.76,standard,2026-07-18T01:32:20Z
308,19,19,48.76,standard,2026-07-18T01:32:20Z
308,19,20,48.76,standard,2026-07-18T01:32:20Z
308,19,21,48.76,standard,2026-07-18T01:32:20Z
308,19,22,48.76,standard,2026-07-18T01:32:20Z
308,20,3,48.76,standard,2026-07-18T01:32:20Z
308,20,4,48.76,standard,2026-07-18T01:32:20Z
308,20,5,48.76,standard,2026-07-18T01:32:20Z
308,20,6,48.76,standard,2026-07-18T01:32:20Z
308,20,7,48.76,standard,2026-07-18T01:32:20Z
308,20,8,48.76,standard,2026-07-18T01:32:20Z
308,20,9,48.76,standard,2026-07-18T01:32:20Z
308,20,10,48.76,standard,2026-07-18T01:32:20Z
308,20,11,48.76,standard,2026-07-18T01:32:20Z
308,20,12,48.76,standard,2026-07-18T01:32:20Z
308,20,13,48.76,standard,2026-07-18T01:32:20Z
308,20,14,48.76,standard,2026-07-18T01:32:20Z
308,20,15,48.76,standard,2026-07-18T01:32:20Z
308,20,16,48.76,standard,2026-07-18T01:32:20Z
308,20,17,48.76,standard,2026-07-18T01:32:20Z
308,20,18,48.76,standard,2026-07-18T01:32:20Z
308,20,19,48.76,standard,2026-07-18T01:32:20Z
308,20,20,48.76,standard,2026-07-18T01:32:20Z
308,20,21,48.76,standard,2026-07-18T01:32:20Z
308,20,22,48.76,standard,2026-07-18T01:32:20Z
308,21,3,48.76,standard,2026-07-18T01:32:20Z
308,21,4,48.76,standard,2026-07-18T01:32:20Z
308,21,5,48.76,standard,2026-07-18T01:32:20Z
308,21,6,48.76,standard,2026-07-18T01:32:20Z
308,21,7,48.76,standard,2026-07-18T01:32:20Z
308,21,8,48.76,standard,2026-07-18T01:32:20Z
308,21,9,48.76,standard,2026-07-18T01:32:20Z
308,21,10,48.76,standard,2026-07-18T01:32:20Z
308,21,11,48.76,standard,2026-07-18T01:32:20Z
308,21,12,48.76,standard,2026-07-18T01:32:20Z
308,21,13,48.76,standard,2026-07-18T01:32:20Z
308,21,14,48.76,standard,2026-07-18T01:32:20Z
308,21,15,48.76,standard,2026-07-18T01:32:20Z
308,21,16,48.76,standard,2026-07-18T01:32:20Z
308,21,17,48.76,standard,2026-07-18T01:32:20Z
308,21,18,48.76,standard,2026-07-18T01:32:20Z
308,21,19,48.76,standard,2026-07-18T01:32:20Z
308,21,20,48.76,standard,2026-07-18T01:32:20Z
308,21,21,48.76,standard,2026-07-18T01:32:20Z
308,21,22,48.76,standard,2026-07-18T01:32:20Z
308,21,23,48.76,standard,2026-07-18T01:32:20Z
308,21,24,48.76,standard,2026-07-18T01:32:20Z
308,22,4,48.76,standard,2026-07-18T01:32:20Z
308,22,5,48.76,standard,2026-07-18T01:32:20Z
308,22,7,48.76,standard,2026-07-18T01:32:20Z
308,22,8,48.76,standard,2026-07-18T01:32:20Z
308,22,9,48.76,standard,2026-07-18T01:32:20Z
308,22,10,48.76,standard,2026-07-18T01:32:20Z
308,22,11,48.76,standard,2026-07-18T01:32:20Z
308,22,12,48.76,standard,2026-07-18T01:32:20Z
308,22,13,48.76,standard,2026-07-18T01:32:20Z
308,22,14,48.76,standard,2026-07-18T01:32:20Z
308,22,15,48.76,standard,2026-07-18T01:32:20Z
308,22,16,48.76,standard,2026-07-18T01:32:20Z
308,22,17,48.76,standard,2026-07-18T01:32:20Z
308,22,18,48.76,standard,2026-07-18T01:32:20Z
308,22,19,48.76,standard,2026-07-18T01:32:20Z
308,22,20,48.76,standard,2026-07-18T01:32:20Z
308,22,21,48.76,standard,2026-07-18T01:32:20Z
308,22,22,48.76,standard,2026-07-18T01:32:20Z
308,22,23,48.76,standard,2026-07-18T01:32:20Z
308,22,24,48.76,standard,2026-07-18T01:32:20Z
309,18,8,48.76,standard,2026-07-18T01:32:20Z
309,18,9,48.76,standard,2026-07-18T01:32:20Z
309,18,16,48.76,standard,2026-07-18T01:32:20Z
309,18,17,48.76,standard,2026-07-18T01:32:20Z
309,18,18,48.76,standard,2026-07-18T01:32:20Z
309,19,5,48.76,standard,2026-07-18T01:32:20Z
309,19,6,48.76,standard,2026-07-18T01:32:20Z
309,19,7,48.76,standard,2026-07-18T01:32:20Z
309,19,8,48.76,standard,2026-07-18T01:32:20Z
309,19,9,48.76,standard,2026-07-18T01:32:20Z
309,19,10,48.76,standard,2026-07-18T01:32:20Z
309,19,11,48.76,standard,2026-07-18T01:32:20Z
309,19,12,48.76,standard,2026-07-18T01:32:20Z
309,19,13,48.76,standard,2026-07-18T01:32:20Z
309,19,14,48.76,standard,2026-07-18T01:32:20Z
309,19,15,48.76,standard,2026-07-18T01:32:20Z
309,20,4,48.76,standard,2026-07-18T01:32:20Z
309,20,5,48.76,standard,2026-07-18T01:32:20Z
309,20,6,48.76,standard,2026-07-18T01:32:20Z
309,20,7,48.76,standard,2026-07-18T01:32:20Z
309,20,8,48.76,standard,2026-07-18T01:32:20Z
309,20,9,48.76,standard,2026-07-18T01:32:20Z
309,20,10,48.76,standard,2026-07-18T01:32:20Z
309,20,11,48.76,standard,2026-07-18T01:32:20Z
309,20,12,48.76,standard,2026-07-18T01:32:20Z
309,20,13,48.76,standard,2026-07-18T01:32:20Z
309,20,14,48.76,standard,2026-07-18T01:32:20Z
309,20,15,48.76,standard,2026-07-18T01:32:20Z
309,20,16,48.76,standard,2026-07-18T01:32:20Z
309,20,17,48.76,standard,2026-07-18T01:32:20Z
309,20,18,48.76,standard,2026-07-18T01:32:20Z
309,20,19,48.76,standard,2026-07-18T01:32:20Z
309,20,20,48.76,standard,2026-07-18T01:32:20Z
309,20,21,48.76,standard,2026-07-18T01:32:20Z
309,21,3,48.76,standard,2026-07-18T01:32:20Z
309,21,4,48.76,standard,2026-07-18T01:32:20Z
309,21,5,48.76,standard,2026-07-18T01:32:20Z
309,21,6,48.76,standard,2026-07-18T01:32:20Z
309,21,7,48.76,standard,2026-07-18T01:32:20Z
309,21,8,48.76,standard,2026-07-18T01:32:20Z
309,21,9,48.76,standard,2026-07-18T01:32:20Z
309,21,10,48.76,standard,2026-07-18T01:32:20Z
309,21,11,48.76,standard,2026-07-18T01:32:20Z
309,21,12,48.76,standard,2026-07-18T01:32:20Z
309,21,13,48.76,standard,2026-07-18T01:32:20Z
309,21,14,48.76,standard,2026-07-18T01:32:20Z
309,21,15,48.76,standard,2026-07-18T01:32:20Z
309,21,16,48.76,standard,2026-07-18T01:32:20Z
309,21,17,48.76,standard,2026-07-18T01:32:20Z
309,21,18,48.76,standard,2026-07-18T01:32:20Z
309,21,19,48.76,standard,2026-07-18T01:32:20Z
309,21,20,48.76,standard,2026-07-18T01:32:20Z
309,21,21,48.76,standard,2026-07-18T01:32:20Z
309,21,22,48.76,standard,2026-07-18T01:32:20Z
309,21,23,48.76,standard,2026-07-18T01:32:20Z
309,21,24,48.76,standard,2026-07-18T01:32:20Z
309,22,3,48.76,standard,2026-07-18T01:32:20Z
309,22,4,48.76,standard,2026-07-18T01:32:20Z
309,22,5,48.76,standard,2026-07-18T01:32:20Z
309,22,6,48.76,standard,2026-07-18T01:32:20Z
309,22,7,48.76,standard,2026-07-18T01:32:20Z
309,22,8,48.76,standard,2026-07-18T01:32:20Z
309,22,9,48.76,standard,2026-07-18T01:32:20Z
309,22,10,48.76,standard,2026-07-18T01:32:20Z
309,22,11,48.76,standard,2026-07-18T01:32:20Z
309,22,12,48.76,standard,2026-07-18T01:32:20Z
309,22,13,48.76,standard,2026-07-18T01:32:20Z
309,22,14,48.76,standard,2026-07-18T01:32:20Z
309,22,15,48.76,standard,2026-07-18T01:32:20Z
309,22,16,48.76,standard,2026-07-18T01:32:20Z
309,22,17,48.76,standard,2026-07-18T01:32:20Z
309,22,18,48.76,standard,2026-07-18T01:32:20Z
309,22,19,48.76,standard,2026-07-18T01:32:20Z
309,22,20,48.76,standard,2026-07-18T01:32:20Z
309,22,21,48.76,standard,2026-07-18T01:32:20Z
309,22,22,48.76,standard,2026-07-18T01:32:20Z
309,22,23,48.76,standard,2026-07-18T01:32:20Z
309,22,24,48.76,standard,2026-07-18T01:32:20Z
309,24,21,48.76,standard,2026-07-18T01:32:20Z
309,24,22,48.76,standard,2026-07-18T01:32:20Z
310,20,3,48.76,standard,2026-07-18T01:32:20Z
310,20,4,48.76,standard,2026-07-18T01:32:20Z
310,20,5,48.76,standard,2026-07-18T01:32:20Z
310,20,6,48.76,standard,2026-07-18T01:32:20Z
310,21,4,48.76,standard,2026-07-18T01:32:20Z
310,21,5,48.76,standard,2026-07-18T01:32:20Z
310,21,6,48.76,standard,2026-07-18T01:32:20Z
310,21,7,48.76,standard,2026-07-18T01:32:20Z
310,21,8,48.76,standard,2026-07-18T01:32:20Z
310,21,9,48.76,standard,2026-07-18T01:32:20Z
310,21,12,48.76,standard,2026-07-18T01:32:20Z
310,21,13,48.76,standard,2026-07-18T01:32:20Z
310,21,14,48.76,standard,2026-07-18T01:32:20Z
310,21,15,48.76,standard,2026-07-18T01:32:20Z
310,21,16,48.76,standard,2026-07-18T01:32:20Z
310,21,17,48.76,standard,2026-07-18T01:32:20Z
310,22,3,48.76,standard,2026-07-18T01:32:20Z
310,22,4,48.76,standard,2026-07-18T01:32:20Z
310,22,5,48.76,standard,2026-07-18T01:32:20Z
310,22,6,48.76,standard,2026-07-18T01:32:20Z
310,22,7,48.76,standard,2026-07-18T01:32:20Z
310,22,8,48.76,standard,2026-07-18T01:32:20Z
310,22,9,48.76,standard,2026-07-18T01:32:20Z
310,22,10,48.76,standard,2026-07-18T01:32:20Z
310,22,11,48.76,standard,2026-07-18T01:32:20Z
310,22,12,48.76,standard,2026-07-18T01:32:20Z
310,22,13,48.76,standard,2026-07-18T01:32:20Z
310,22,14,48.76,standard,2026-07-18T01:32:20Z
310,22,15,48.76,standard,2026-07-18T01:32:20Z
310,22,16,48.76,standard,2026-07-18T01:32:20Z
310,22,17,48.76,standard,2026-07-18T01:32:20Z
310,22,18,48.76,standard,2026-07-18T01:32:20Z
310,22,19,48.76,standard,2026-07-18T01:32:20Z
310,22,20,48.76,standard,2026-07-18T01:32:20Z
310,22,21,48.76,standard,2026-07-18T01:32:20Z
311,14,1,49.81,standard,2026-07-18T01:32:20Z
311,14,2,49.81,standard,2026-07-18T01:32:20Z
311,14,3,49.81,standard,2026-07-18T01:32:20Z
311,14,4,49.81,standard,2026-07-18T01:32:20Z
311,14,5,49.81,standard,2026-07-18T01:32:20Z
311,14,6,49.81,standard,2026-07-18T01:32:20Z
311,14,7,49.81,standard,2026-07-18T01:32:20Z
311,15,1,49.81,standard,2026-07-18T01:32:20Z
311,15,2,49.81,standard,2026-07-18T01:32:20Z
311,15,3,49.81,standard,2026-07-18T01:32:20Z
311,15,4,49.81,standard,2026-07-18T01:32:20Z
311,15,5,49.81,standard,2026-07-18T01:32:20Z
311,15,6,49.81,standard,2026-07-18T01:32:20Z
311,15,7,49.81,standard,2026-07-18T01:32:20Z
311,15,8,49.81,standard,2026-07-18T01:32:20Z
311,15,9,49.81,standard,2026-07-18T01:32:20Z
311,16,2,49.81,standard,2026-07-18T01:32:20Z
311,16,3,49.81,standard,2026-07-18T01:32:20Z
311,16,4,49.81,standard,2026-07-18T01:32:20Z
311,16,5,49.81,standard,2026-07-18T01:32:20Z
311,16,6,49.81,standard,2026-07-18T01:32:20Z
311,16,7,49.81,standard,2026-07-18T01:32:20Z
311,16,8,49.81,standard,2026-07-18T01:32:20Z
311,16,9,49.81,standard,2026-07-18T01:32:20Z
311,16,10,49.81,standard,2026-07-18T01:32:20Z
311,16,11,49.81,standard,2026-07-18T01:32:20Z
311,17,2,49.81,standard,2026-07-18T01:32:20Z
311,17,3,49.81,standard,2026-07-18T01:32:20Z
311,17,4,49.81,standard,2026-07-18T01:32:20Z
311,17,5,49.81,standard,2026-07-18T01:32:20Z
311,17,6,49.81,standard,2026-07-18T01:32:20Z
311,17,7,49.81,standard,2026-07-18T01:32:20Z
311,17,8,49.81,standard,2026-07-18T01:32:20Z
311,17,9,49.81,standard,2026-07-18T01:32:20Z
311,17,10,49.81,standard,2026-07-18T01:32:20Z
311,17,11,49.81,standard,2026-07-18T01:32:20Z
311,17,12,49.81,standard,2026-07-18T01:32:20Z
311,18,2,49.81,standard,2026-07-18T01:32:20Z
311,18,3,49.81,standard,2026-07-18T01:32:20Z
311,18,4,49.81,standard,2026-07-18T01:32:20Z
311,18,5,49.81,standard,2026-07-18T01:32:20Z
311,18,6,49.81,standard,2026-07-18T01:32:20Z
311,18,7,49.81,standard,2026-07-18T01:32:20Z
311,18,8,49.81,standard,2026-07-18T01:32:20Z
311,18,9,49.81,standard,2026-07-18T01:32:20Z
311,18,10,49.81,standard,2026-07-18T01:32:20Z
311,18,11,49.81,standard,2026-07-18T01:32:20Z
311,18,12,49.81,standard,2026-07-18T01:32:20Z
311,18,13,49.81,standard,2026-07-18T01:32:20Z
311,19,2,49.81,standard,2026-07-18T01:32:20Z
311,19,3,49.81,standard,2026-07-18T01:32:20Z
311,19,4,49.81,standard,2026-07-18T01:32:20Z
311,19,5,49.81,standard,2026-07-18T01:32:20Z
311,19,6,49.81,standard,2026-07-18T01:32:20Z
311,19,7,49.81,standard,2026-07-18T01:32:20Z
311,19,8,49.81,standard,2026-07-18T01:32:20Z
311,19,9,49.81,standard,2026-07-18T01:32:20Z
311,19,10,49.81,standard,2026-07-18T01:32:20Z
311,19,11,49.81,standard,2026-07-18T01:32:20Z
311,19,12,49.81,standard,2026-07-18T01:32:20Z
311,19,13,49.81,standard,2026-07-18T01:32:20Z
311,19,14,49.81,standard,2026-07-18T01:32:20Z
311,19,15,49.81,standard,2026-07-18T01:32:20Z
311,20,2,49.81,standard,2026-07-18T01:32:20Z
311,20,3,49.81,standard,2026-07-18T01:32:20Z
311,20,4,49.81,standard,2026-07-18T01:32:20Z
311,20,5,49.81,standard,2026-07-18T01:32:20Z
311,20,6,49.81,standard,2026-07-18T01:32:20Z
311,20,7,49.81,standard,2026-07-18T01:32:20Z
311,20,8,49.81,standard,2026-07-18T01:32:20Z
311,20,9,49.81,standard,2026-07-18T01:32:20Z
311,20,10,49.81,standard,2026-07-18T01:32:20Z
311,20,11,49.81,standard,2026-07-18T01:32:20Z
311,20,12,49.81,standard,2026-07-18T01:32:20Z
311,20,13,49.81,standard,2026-07-18T01:32:20Z
311,20,14,49.81,standard,2026-07-18T01:32:20Z
311,20,15,49.81,standard,2026-07-18T01:32:20Z
311,21,2,49.81,standard,2026-07-18T01:32:20Z
311,21,3,49.81,standard,2026-07-18T01:32:20Z
311,21,4,49.81,standard,2026-07-18T01:32:20Z
311,21,5,49.81,standard,2026-07-18T01:32:20Z
311,21,6,49.81,standard,2026-07-18T01:32:20Z
311,21,7,49.81,standard,2026-07-18T01:32:20Z
311,21,8,49.81,standard,2026-07-18T01:32:20Z
311,21,9,49.81,standard,2026-07-18T01:32:20Z
311,21,10,49.81,standard,2026-07-18T01:32:20Z
311,21,11,49.81,standard,2026-07-18T01:32:20Z
311,21,12,49.81,standard,2026-07-18T01:32:20Z
311,21,13,49.81,standard,2026-07-18T01:32:20Z
311,21,14,49.81,standard,2026-07-18T01:32:20Z
311,21,15,49.81,standard,2026-07-18T01:32:20Z
311,21,16,49.81,standard,2026-07-18T01:32:20Z
311,21,17,49.81,standard,2026-07-18T01:32:20Z
311,22,2,49.81,standard,2026-07-18T01:32:20Z
311,22,3,49.81,standard,2026-07-18T01:32:20Z
311,22,4,49.81,standard,2026-07-18T01:32:20Z
311,22,5,49.81,standard,2026-07-18T01:32:20Z
311,22,6,49.81,standard,2026-07-18T01:32:20Z
311,22,7,49.81,standard,2026-07-18T01:32:20Z
311,22,8,49.81,standard,2026-07-18T01:32:20Z
311,22,9,49.81,standard,2026-07-18T01:32:20Z
311,22,10,49.81,standard,2026-07-18T01:32:20Z
311,22,11,49.81,standard,2026-07-18T01:32:20Z
311,22,12,49.81,standard,2026-07-18T01:32:20Z
311,22,13,49.81,standard,2026-07-18T01:32:20Z
311,22,14,49.81,standard,2026-07-18T01:32:20Z
311,22,15,49.81,standard,2026-07-18T01:32:20Z
311,22,16,49.81,standard,2026-07-18T01:32:20Z
311,22,17,49.81,standard,2026-07-18T01:32:20Z
311,22,18,49.81,standard,2026-07-18T01:32:20Z
311,23,2,49.81,standard,2026-07-18T01:32:20Z
311,23,3,49.81,standard,2026-07-18T01:32:20Z
311,23,4,49.81,standard,2026-07-18T01:32:20Z
311,23,5,49.81,standard,2026-07-18T01:32:20Z
311,23,6,49.81,standard,2026-07-18T01:32:20Z
311,23,7,49.81,standard,2026-07-18T01:32:20Z
311,23,8,49.81,standard,2026-07-18T01:32:20Z
311,23,9,49.81,standard,2026-07-18T01:32:20Z
311,23,10,49.81,standard,2026-07-18T01:32:20Z
311,23,11,49.81,standard,2026-07-18T01:32:20Z
311,23,12,49.81,standard,2026-07-18T01:32:20Z
311,23,13,49.81,standard,2026-07-18T01:32:20Z
311,23,14,49.81,standard,2026-07-18T01:32:20Z
311,23,15,49.81,standard,2026-07-18T01:32:20Z
311,23,16,49.81,standard,2026-07-18T01:32:20Z
311,23,17,49.81,standard,2026-07-18T01:32:20Z
311,23,18,49.81,standard,2026-07-18T01:32:20Z
311,23,19,49.81,standard,2026-07-18T01:32:20Z
311,24,2,49.81,standard,2026-07-18T01:32:20Z
311,24,3,49.81,standard,2026-07-18T01:32:20Z
311,24,4,49.81,standard,2026-07-18T01:32:20Z
311,24,5,49.81,standard,2026-07-18T01:32:20Z
311,24,6,49.81,standard,2026-07-18T01:32:20Z
311,24,7,49.81,standard,2026-07-18T01:32:20Z
311,24,8,49.81,standard,2026-07-18T01:32:20Z
311,24,11,49.81,standard,2026-07-18T01:32:20Z
311,24,12,49.81,standard,2026-07-18T01:32:20Z
311,24,13,49.81,standard,2026-07-18T01:32:20Z
311,24,14,49.81,standard,2026-07-18T01:32:20Z
311,24,15,49.81,standard,2026-07-18T01:32:20Z
311,24,16,49.81,standard,2026-07-18T01:32:20Z
311,24,17,49.81,standard,2026-07-18T01:32:20Z
312,8,5,49.81,standard,2026-07-18T01:32:20Z
312,8,6,49.81,standard,2026-07-18T01:32:20Z
312,8,7,49.81,standard,2026-07-18T01:32:20Z
312,8,8,49.81,standard,2026-07-18T01:32:20Z
312,15,7,49.81,standard,2026-07-18T01:32:20Z
312,15,8,49.81,standard,2026-07-18T01:32:20Z
312,16,5,49.81,standard,2026-07-18T01:32:20Z
312,16,6,49.81,standard,2026-07-18T01:32:20Z
312,17,5,49.81,standard,2026-07-18T01:32:20Z
312,17,6,49.81,standard,2026-07-18T01:32:20Z
312,17,7,49.81,standard,2026-07-18T01:32:20Z
312,17,8,49.81,standard,2026-07-18T01:32:20Z
312,17,9,49.81,standard,2026-07-18T01:32:20Z
312,17,10,49.81,standard,2026-07-18T01:32:20Z
312,17,11,49.81,standard,2026-07-18T01:32:20Z
312,17,12,49.81,standard,2026-07-18T01:32:20Z
312,18,2,49.81,standard,2026-07-18T01:32:20Z
312,18,3,49.81,standard,2026-07-18T01:32:20Z
312,18,4,49.81,standard,2026-07-18T01:32:20Z
312,18,5,49.81,standard,2026-07-18T01:32:20Z
312,18,6,49.81,standard,2026-07-18T01:32:20Z
312,18,7,49.81,standard,2026-07-18T01:32:20Z
312,18,8,49.81,standard,2026-07-18T01:32:20Z
312,18,9,49.81,standard,2026-07-18T01:32:20Z
312,18,10,49.81,standard,2026-07-18T01:32:20Z
312,18,11,49.81,standard,2026-07-18T01:32:20Z
312,18,12,49.81,standard,2026-07-18T01:32:20Z
312,19,5,49.81,standard,2026-07-18T01:32:20Z
312,19,6,49.81,standard,2026-07-18T01:32:20Z
312,19,7,49.81,standard,2026-07-18T01:32:20Z
312,19,8,49.81,standard,2026-07-18T01:32:20Z
312,19,9,49.81,standard,2026-07-18T01:32:20Z
312,19,10,49.81,standard,2026-07-18T01:32:20Z
312,19,11,49.81,standard,2026-07-18T01:32:20Z
312,19,12,49.81,standard,2026-07-18T01:32:20Z
312,19,13,49.81,standard,2026-07-18T01:32:20Z
312,19,14,49.81,standard,2026-07-18T01:32:20Z
312,19,15,49.81,standard,2026-07-18T01:32:20Z
312,19,16,49.81,standard,2026-07-18T01:32:20Z
312,20,5,49.81,standard,2026-07-18T01:32:20Z
312,20,6,49.81,standard,2026-07-18T01:32:20Z
312,20,7,49.81,standard,2026-07-18T01:32:20Z
312,20,8,49.81,standard,2026-07-18T01:32:20Z
312,20,9,49.81,standard,2026-07-18T01:32:20Z
312,20,10,49.81,standard,2026-07-18T01:32:20Z
312,20,11,49.81,standard,2026-07-18T01:32:20Z
312,20,12,49.81,standard,2026-07-18T01:32:20Z
312,20,13,49.81,standard,2026-07-18T01:32:20Z
312,20,14,49.81,standard,2026-07-18T01:32:20Z
312,20,15,49.81,standard,2026-07-18T01:32:20Z
312,21,2,49.81,standard,2026-07-18T01:32:20Z
312,21,3,49.81,standard,2026-07-18T01:32:20Z
312,21,4,49.81,standard,2026-07-18T01:32:20Z
312,21,5,49.81,standard,2026-07-18T01:32:20Z
312,21,6,49.81,standard,2026-07-18T01:32:20Z
312,21,7,49.81,standard,2026-07-18T01:32:20Z
312,21,8,49.81,standard,2026-07-18T01:32:20Z
312,21,9,49.81,standard,2026-07-18T01:32:20Z
312,21,10,49.81,standard,2026-07-18T01:32:20Z
312,21,11,49.81,standard,2026-07-18T01:32:20Z
312,21,12,49.81,standard,2026-07-18T01:32:20Z
312,21,13,49.81,standard,2026-07-18T01:32:20Z
312,21,14,49.81,standard,2026-07-18T01:32:20Z
312,21,15,49.81,standard,2026-07-18T01:32:20Z
312,21,16,49.81,standard,2026-07-18T01:32:20Z
312,22,2,49.81,standard,2026-07-18T01:32:20Z
312,22,3,49.81,standard,2026-07-18T01:32:20Z
312,22,4,49.81,standard,2026-07-18T01:32:20Z
312,22,5,49.81,standard,2026-07-18T01:32:20Z
312,22,6,49.81,standard,2026-07-18T01:32:20Z
312,22,7,49.81,standard,2026-07-18T01:32:20Z
312,22,8,49.81,standard,2026-07-18T01:32:20Z
312,22,9,49.81,standard,2026-07-18T01:32:20Z
312,22,10,49.81,standard,2026-07-18T01:32:20Z
312,22,11,49.81,standard,2026-07-18T01:32:20Z
312,22,12,49.81,standard,2026-07-18T01:32:20Z
312,22,13,49.81,standard,2026-07-18T01:32:20Z
312,22,14,49.81,standard,2026-07-18T01:32:20Z
312,22,15,49.81,standard,2026-07-18T01:32:20Z
312,22,16,49.81,standard,2026-07-18T01:32:20Z
312,23,2,49.81,standard,2026-07-18T01:32:20Z
312,23,3,49.81,standard,2026-07-18T01:32:20Z
312,23,4,49.81,standard,2026-07-18T01:32:20Z
312,23,5,49.81,standard,2026-07-18T01:32:20Z
312,23,6,49.81,standard,2026-07-18T01:32:20Z
312,23,7,49.81,standard,2026-07-18T01:32:20Z
312,23,8,49.81,standard,2026-07-18T01:32:20Z
312,23,9,49.81,standard,2026-07-18T01:32:20Z
312,23,10,49.81,standard,2026-07-18T01:32:20Z
312,23,11,49.81,standard,2026-07-18T01:32:20Z
312,23,12,49.81,standard,2026-07-18T01:32:20Z
312,23,13,49.81,standard,2026-07-18T01:32:20Z
312,23,14,49.81,standard,2026-07-18T01:32:20Z
312,23,15,49.81,standard,2026-07-18T01:32:20Z
312,23,16,49.81,standard,2026-07-18T01:32:20Z
312,24,2,49.81,standard,2026-07-18T01:32:20Z
312,24,3,49.81,standard,2026-07-18T01:32:20Z
312,24,4,49.81,standard,2026-07-18T01:32:20Z
312,24,5,49.81,standard,2026-07-18T01:32:20Z
312,24,6,49.81,standard,2026-07-18T01:32:20Z
312,24,7,49.81,standard,2026-07-18T01:32:20Z
312,24,8,49.81,standard,2026-07-18T01:32:20Z
312,24,9,49.81,standard,2026-07-18T01:32:20Z
312,24,10,49.81,standard,2026-07-18T01:32:20Z
312,24,11,49.81,standard,2026-07-18T01:32:20Z
313,1,2,49.81,standard,2026-07-18T01:32:20Z
313,1,24,49.81,standard,2026-07-18T01:32:20Z
313,2,2,49.81,standard,2026-07-18T01:32:20Z
313,2,24,49.81,standard,2026-07-18T01:32:20Z
313,19,9,49.81,standard,2026-07-18T01:32:20Z
313,19,10,49.81,standard,2026-07-18T01:32:20Z
313,20,10,49.81,standard,2026-07-18T01:32:20Z
313,20,11,49.81,standard,2026-07-18T01:32:20Z
313,20,12,49.81,standard,2026-07-18T01:32:20Z
313,20,13,49.81,standard,2026-07-18T01:32:20Z
313,20,14,49.81,standard,2026-07-18T01:32:20Z
313,21,13,49.81,standard,2026-07-18T01:32:20Z
313,21,14,49.81,standard,2026-07-18T01:32:20Z
313,21,15,49.81,standard,2026-07-18T01:32:20Z
313,22,6,49.81,standard,2026-07-18T01:32:20Z
313,22,7,49.81,standard,2026-07-18T01:32:20Z
313,22,8,49.81,standard,2026-07-18T01:32:20Z
313,22,9,49.81,standard,2026-07-18T01:32:20Z
313,22,10,49.81,standard,2026-07-18T01:32:20Z
313,22,11,49.81,standard,2026-07-18T01:32:20Z
313,22,12,49.81,standard,2026-07-18T01:32:20Z
313,22,13,49.81,standard,2026-07-18T01:32:20Z
313,22,14,49.81,standard,2026-07-18T01:32:20Z
313,22,15,49.81,standard,2026-07-18T01:32:20Z
313,23,6,49.81,standard,2026-07-18T01:32:20Z
313,23,7,49.81,standard,2026-07-18T01:32:20Z
313,23,8,49.81,standard,2026-07-18T01:32:20Z
313,23,9,49.81,standard,2026-07-18T01:32:20Z
313,23,10,49.81,standard,2026-07-18T01:32:20Z
313,23,11,49.81,standard,2026-07-18T01:32:20Z
313,23,12,49.81,standard,2026-07-18T01:32:20Z
313,23,13,49.81,standard,2026-07-18T01:32:20Z
313,23,14,49.81,standard,2026-07-18T01:32:20Z
313,23,15,49.81,standard,2026-07-18T01:32:20Z
313,23,16,49.81,standard,2026-07-18T01:32:20Z
313,23,17,49.81,standard,2026-07-18T01:32:20Z
313,23,18,49.81,standard,2026-07-18T01:32:20Z
313,23,19,49.81,standard,2026-07-18T01:32:20Z
313,23,20,49.81,standard,2026-07-18T01:32:20Z
313,24,8,49.81,standard,2026-07-18T01:32:20Z
313,24,9,49.81,standard,2026-07-18T01:32:20Z
313,24,10,49.81,standard,2026-07-18T01:32:20Z
313,24,11,49.81,standard,2026-07-18T01:32:20Z
313,24,12,49.81,standard,2026-07-18T01:32:20Z
313,24,13,49.81,standard,2026-07-18T01:32:20Z
313,24,14,49.81,standard,2026-07-18T01:32:20Z
313,24,15,49.81,standard,2026-07-18T01:32:20Z
313,24,16,49.81,standard,2026-07-18T01:32:20Z
313,25,23,49.81,standard,2026-07-18T01:32:20Z
314,1,1,60.13,standard,2026-07-18T01:32:20Z
314,1,8,60.13,standard,2026-07-18T01:32:20Z
314,3,9,60.13,standard,2026-07-18T01:32:20Z
314,4,10,60.13,standard,2026-07-18T01:32:20Z
323,3,24,79.62,standard,2026-07-18T01:32:20Z
327,7,14,79.62,standard,2026-07-18T01:32:20Z
328,11,16,50.81,standard,2026-07-18T01:32:20Z
328,12,16,50.81,standard,2026-07-18T01:32:20Z
328,13,16,50.81,standard,2026-07-18T01:32:20Z
328,14,17,50.81,standard,2026-07-18T01:32:20Z
328,15,17,50.81,standard,2026-07-18T01:32:20Z
328,16,1,50.81,standard,2026-07-18T01:32:20Z
330,13,16,50.81,standard,2026-07-18T01:32:20Z
330,14,17,50.81,standard,2026-07-18T01:32:20Z
330,15,17,50.81,standard,2026-07-18T01:32:20Z
330,16,17,50.81,standard,2026-07-18T01:32:20Z
330,5A,6,50.81,standard,2026-07-18T01:32:20Z
331,2,18,50.81,standard,2026-07-18T01:32:20Z
331,11,1,50.81,standard,2026-07-18T01:32:20Z
332,2,13,50.81,standard,2026-07-18T01:32:20Z
332,15,17,50.81,standard,2026-07-18T01:32:20Z
332,16,17,50.81,standard,2026-07-18T01:32:20Z
333,2,18,79.62,standard,2026-07-18T01:32:20Z
334,2,9,50.81,standard,2026-07-18T01:32:20Z
334,13,1,50.81,standard,2026-07-18T01:32:20Z
334,14,1,50.81,standard,2026-07-18T01:32:20Z
335,1,15,79.62,standard,2026-07-18T01:32:20Z
335,2,15,79.62,standard,2026-07-18T01:32:20Z
337,3,1,79.62,standard,2026-07-18T01:32:20Z
337,4,1,79.62,standard,2026-07-18T01:32:20Z
339,1,1,50.81,standard,2026-07-18T01:32:20Z
339,2,1,50.81,standard,2026-07-18T01:32:20Z
339,9,1,50.81,standard,2026-07-18T01:32:20Z
340,1,1,50.81,standard,2026-07-18T01:32:20Z
340,14,3,50.81,standard,2026-07-18T01:32:20Z
340,20,13,50.81,standard,2026-07-18T01:32:20Z
342,21,19,49.81,standard,2026-07-18T01:32:20Z
342,21,20,49.81,standard,2026-07-18T01:32:20Z
342,23,20,49.81,standard,2026-07-18T01:32:20Z
342,5A,11,49.81,standard,2026-07-18T01:32:20Z
344,1,1,49.81,standard,2026-07-18T01:32:20Z
344,20,11,49.81,standard,2026-07-18T01:32:20Z
344,20,12,49.81,standard,2026-07-18T01:32:20Z
344,20,14,49.81,standard,2026-07-18T01:32:20Z
344,20,15,49.81,standard,2026-07-18T01:32:20Z
344,20,16,49.81,standard,2026-07-18T01:32:20Z
344,20,17,49.81,standard,2026-07-18T01:32:20Z
344,20,18,49.81,standard,2026-07-18T01:32:20Z
344,21,12,49.81,standard,2026-07-18T01:32:20Z
344,21,13,49.81,standard,2026-07-18T01:32:20Z
344,21,16,49.81,standard,2026-07-18T01:32:20Z
344,21,17,49.81,standard,2026-07-18T01:32:20Z
344,21,18,49.81,standard,2026-07-18T01:32:20Z
344,21,19,49.81,standard,2026-07-18T01:32:20Z
344,22,9,49.81,standard,2026-07-18T01:32:20Z
344,22,10,49.81,standard,2026-07-18T01:32:20Z
344,22,11,49.81,standard,2026-07-18T01:32:20Z
344,22,12,49.81,standard,2026-07-18T01:32:20Z
344,22,13,49.81,standard,2026-07-18T01:32:20Z
344,22,14,49.81,standard,2026-07-18T01:32:20Z
344,22,15,49.81,standard,2026-07-18T01:32:20Z
344,22,16,49.81,standard,2026-07-18T01:32:20Z
344,22,17,49.81,standard,2026-07-18T01:32:20Z
344,22,18,49.81,standard,2026-07-18T01:32:20Z
344,22,19,49.81,standard,2026-07-18T01:32:20Z
344,22,20,49.81,standard,2026-07-18T01:32:20Z
344,22,21,49.81,standard,2026-07-18T01:32:20Z
344,22,22,49.81,standard,2026-07-18T01:32:20Z
344,23,15,49.81,standard,2026-07-18T01:32:20Z
344,23,16,49.81,standard,2026-07-18T01:32:20Z
344,23,17,49.81,standard,2026-07-18T01:32:20Z
344,23,18,49.81,standard,2026-07-18T01:32:20Z
344,23,19,49.81,standard,2026-07-18T01:32:20Z
344,23,20,49.81,standard,2026-07-18T01:32:20Z
345,19,9,49.81,standard,2026-07-18T01:32:20Z
345,19,10,49.81,standard,2026-07-18T01:32:20Z
345,19,11,49.81,standard,2026-07-18T01:32:20Z
345,19,17,49.81,standard,2026-07-18T01:32:20Z
345,19,18,49.81,standard,2026-07-18T01:32:20Z
345,19,19,49.81,standard,2026-07-18T01:32:20Z
345,19,20,49.81,standard,2026-07-18T01:32:20Z
345,20,15,49.81,standard,2026-07-18T01:32:20Z
345,20,16,49.81,standard,2026-07-18T01:32:20Z
345,20,17,49.81,standard,2026-07-18T01:32:20Z
345,21,7,49.81,standard,2026-07-18T01:32:20Z
345,21,8,49.81,standard,2026-07-18T01:32:20Z
345,21,9,49.81,standard,2026-07-18T01:32:20Z
345,21,10,49.81,standard,2026-07-18T01:32:20Z
345,21,11,49.81,standard,2026-07-18T01:32:20Z
345,21,12,49.81,standard,2026-07-18T01:32:20Z
345,21,13,49.81,standard,2026-07-18T01:32:20Z
345,21,14,49.81,standard,2026-07-18T01:32:20Z
345,21,15,49.81,standard,2026-07-18T01:32:20Z
345,21,16,49.81,standard,2026-07-18T01:32:20Z
345,21,17,49.81,standard,2026-07-18T01:32:20Z
345,21,18,49.81,standard,2026-07-18T01:32:20Z
345,22,8,49.81,standard,2026-07-18T01:32:20Z
345,22,9,49.81,standard,2026-07-18T01:32:20Z
345,22,10,49.81,standard,2026-07-18T01:32:20Z
345,22,11,49.81,standard,2026-07-18T01:32:20Z
345,22,12,49.81,standard,2026-07-18T01:32:20Z
345,22,13,49.81,standard,2026-07-18T01:32:20Z
345,22,14,49.81,standard,2026-07-18T01:32:20Z
345,22,15,49.81,standard,2026-07-18T01:32:20Z
345,22,16,49.81,standard,2026-07-18T01:32:20Z
345,22,17,49.81,standard,2026-07-18T01:32:20Z
345,22,18,49.81,standard,2026-07-18T01:32:20Z
345,22,19,49.81,standard,2026-07-18T01:32:20Z
345,22,20,49.81,standard,2026-07-18T01:32:20Z
345,22,21,49.81,standard,2026-07-18T01:32:20Z
345,23,4,49.81,standard,2026-07-18T01:32:20Z
345,23,5,49.81,standard,2026-07-18T01:32:20Z
345,23,6,49.81,standard,2026-07-18T01:32:20Z
345,23,7,49.81,standard,2026-07-18T01:32:20Z
345,23,8,49.81,standard,2026-07-18T01:32:20Z
345,23,9,49.81,standard,2026-07-18T01:32:20Z
345,23,10,49.81,standard,2026-07-18T01:32:20Z
345,23,11,49.81,standard,2026-07-18T01:32:20Z
345,23,12,49.81,standard,2026-07-18T01:32:20Z
345,23,13,49.81,standard,2026-07-18T01:32:20Z
345,23,14,49.81,standard,2026-07-18T01:32:20Z
345,23,15,49.81,standard,2026-07-18T01:32:20Z
345,23,16,49.81,standard,2026-07-18T01:32:20Z
345,23,17,49.81,standard,2026-07-18T01:32:20Z
345,23,18,49.81,standard,2026-07-18T01:32:20Z
345,23,19,49.81,standard,2026-07-18T01:32:20Z
345,23,20,49.81,standard,2026-07-18T01:32:20Z
345,23,21,49.81,standard,2026-07-18T01:32:20Z
346,2,1,49.81,standard,2026-07-18T01:32:20Z
346,2,2,49.81,standard,2026-07-18T01:32:20Z
346,3,1,49.81,standard,2026-07-18T01:32:20Z
346,4,1,49.81,standard,2026-07-18T01:32:20Z
346,5,1,49.81,standard,2026-07-18T01:32:20Z
346,5,2,49.81,standard,2026-07-18T01:32:20Z
346,17,12,49.81,standard,2026-07-18T01:32:20Z
346,17,13,49.81,standard,2026-07-18T01:32:20Z
346,17,14,49.81,standard,2026-07-18T01:32:20Z
346,17,15,49.81,standard,2026-07-18T01:32:20Z
346,18,6,49.81,standard,2026-07-18T01:32:20Z
346,18,7,49.81,standard,2026-07-18T01:32:20Z
346,18,8,49.81,standard,2026-07-18T01:32:20Z
346,18,9,49.81,standard,2026-07-18T01:32:20Z
346,18,10,49.81,standard,2026-07-18T01:32:20Z
346,18,11,49.81,standard,2026-07-18T01:32:20Z
346,18,12,49.81,standard,2026-07-18T01:32:20Z
346,18,13,49.81,standard,2026-07-18T01:32:20Z
346,18,14,49.81,standard,2026-07-18T01:32:20Z
346,18,15,49.81,standard,2026-07-18T01:32:20Z
346,18,16,49.81,standard,2026-07-18T01:32:20Z
346,18,17,49.81,standard,2026-07-18T01:32:20Z
346,18,18,49.81,standard,2026-07-18T01:32:20Z
346,18,19,49.81,standard,2026-07-18T01:32:20Z
346,18,20,49.81,standard,2026-07-18T01:32:20Z
346,19,2,49.81,standard,2026-07-18T01:32:20Z
346,19,3,49.81,standard,2026-07-18T01:32:20Z
346,19,4,49.81,standard,2026-07-18T01:32:20Z
346,19,5,49.81,standard,2026-07-18T01:32:20Z
346,19,6,49.81,standard,2026-07-18T01:32:20Z
346,19,7,49.81,standard,2026-07-18T01:32:20Z
346,19,8,49.81,standard,2026-07-18T01:32:20Z
346,19,9,49.81,standard,2026-07-18T01:32:20Z
346,19,10,49.81,standard,2026-07-18T01:32:20Z
346,19,11,49.81,standard,2026-07-18T01:32:20Z
346,19,12,49.81,standard,2026-07-18T01:32:20Z
346,19,13,49.81,standard,2026-07-18T01:32:20Z
346,19,14,49.81,standard,2026-07-18T01:32:20Z
346,20,3,49.81,standard,2026-07-18T01:32:20Z
346,20,4,49.81,standard,2026-07-18T01:32:20Z
346,20,5,49.81,standard,2026-07-18T01:32:20Z
346,20,6,49.81,standard,2026-07-18T01:32:20Z
346,20,7,49.81,standard,2026-07-18T01:32:20Z
346,20,8,49.81,standard,2026-07-18T01:32:20Z
346,20,9,49.81,standard,2026-07-18T01:32:20Z
346,20,10,49.81,standard,2026-07-18T01:32:20Z
346,20,11,49.81,standard,2026-07-18T01:32:20Z
346,20,12,49.81,standard,2026-07-18T01:32:20Z
346,20,13,49.81,standard,2026-07-18T01:32:20Z
346,20,14,49.81,standard,2026-07-18T01:32:20Z
346,20,15,49.81,standard,2026-07-18T01:32:20Z
346,20,16,49.81,standard,2026-07-18T01:32:20Z
347,21,2,49.81,standard,2026-07-18T01:32:20Z
347,21,3,49.81,standard,2026-07-18T01:32:20Z
347,21,4,49.81,standard,2026-07-18T01:32:20Z
ICAFLO,1,21,105.37,standard,2026-07-18T01:32:20Z
ICAFLO,1,22,105.37,standard,2026-07-18T01:32:20Z
