section,row,seat,price_usd,selection_type,scraped_at
10,4,14,11.14,standard,2026-07-06T22:17:09Z
10,4,15,11.14,standard,2026-07-06T22:17:09Z
10,4,16,11.14,standard,2026-07-06T22:17:09Z
10,4,17,11.14,standard,2026-07-06T22:17:09Z
10,4,18,11.14,standard,2026-07-06T22:17:09Z
10,12,8,11.14,standard,2026-07-06T22:17:09Z
10,12,9,11.14,standard,2026-07-06T22:17:09Z
10,15,3,11.14,standard,2026-07-06T22:17:09Z
10,15,4,11.14,standard,2026-07-06T22:17:09Z
10,15,17,11.14,standard,2026-07-06T22:17:09Z
10,15,18,11.14,standard,2026-07-06T22:17:09Z
11,12,9,11.14,standard,2026-07-06T22:17:09Z
11,12,10,11.14,standard,2026-07-06T22:17:09Z
110,14,5,11.14,standard,2026-07-06T22:17:09Z
110,14,6,11.14,standard,2026-07-06T22:17:09Z
110,14,9,11.14,standard,2026-07-06T22:17:09Z
110,14,10,11.14,standard,2026-07-06T22:17:09Z
110,15,3,11.14,standard,2026-07-06T22:17:09Z
110,15,4,11.14,standard,2026-07-06T22:17:09Z
110,16,3,11.14,standard,2026-07-06T22:17:09Z
110,16,4,11.14,standard,2026-07-06T22:17:09Z
110,16,5,11.14,standard,2026-07-06T22:17:09Z
110,16,6,11.14,standard,2026-07-06T22:17:09Z
110,16,9,11.14,standard,2026-07-06T22:17:09Z
110,16,10,11.14,standard,2026-07-06T22:17:09Z
110,18,5,11.14,standard,2026-07-06T22:17:09Z
110,18,6,11.14,standard,2026-07-06T22:17:09Z
110,18,7,11.14,standard,2026-07-06T22:17:09Z
110,19,11,11.14,standard,2026-07-06T22:17:09Z
110,19,12,11.14,standard,2026-07-06T22:17:09Z
111,14,9,11.14,standard,2026-07-06T22:17:09Z
111,14,10,11.14,standard,2026-07-06T22:17:09Z
111,15,17,11.14,standard,2026-07-06T22:17:09Z
111,15,18,11.14,standard,2026-07-06T22:17:09Z
111,15,19,11.14,standard,2026-07-06T22:17:09Z
111,15,20,11.14,standard,2026-07-06T22:17:09Z
111,16,11,11.14,standard,2026-07-06T22:17:09Z
111,16,12,11.14,standard,2026-07-06T22:17:09Z
111,17,3,11.14,standard,2026-07-06T22:17:09Z
111,17,4,11.14,standard,2026-07-06T22:17:09Z
112,16,14,11.14,standard,2026-07-06T22:17:09Z
112,16,15,11.14,standard,2026-07-06T22:17:09Z
112,16,16,11.14,standard,2026-07-06T22:17:09Z
112,18,17,11.14,standard,2026-07-06T22:17:09Z
112,18,18,11.14,standard,2026-07-06T22:17:09Z
112,18,19,11.14,standard,2026-07-06T22:17:09Z
112,18,20,11.14,standard,2026-07-06T22:17:09Z
112,19,5,11.14,standard,2026-07-06T22:17:09Z
112,19,6,11.14,standard,2026-07-06T22:17:09Z
112,19,7,11.14,standard,2026-07-06T22:17:09Z
112,19,8,11.14,standard,2026-07-06T22:17:09Z
112,19,9,11.14,standard,2026-07-06T22:17:09Z
112,20,10,11.14,standard,2026-07-06T22:17:09Z
112,20,11,11.14,standard,2026-07-06T22:17:09Z
112,20,12,11.14,standard,2026-07-06T22:17:09Z
112,20,13,11.14,standard,2026-07-06T22:17:09Z
113,7,3,11.14,standard,2026-07-06T22:17:09Z
113,7,4,11.14,standard,2026-07-06T22:17:09Z
113,8,4,11.14,standard,2026-07-06T22:17:09Z
113,8,5,11.14,standard,2026-07-06T22:17:09Z
113,10,19,11.14,standard,2026-07-06T22:17:09Z
113,10,20,11.14,standard,2026-07-06T22:17:09Z
113,13,13,11.14,standard,2026-07-06T22:17:09Z
113,13,14,11.14,standard,2026-07-06T22:17:09Z
113,13,15,11.14,standard,2026-07-06T22:17:09Z
113,13,16,11.14,standard,2026-07-06T22:17:09Z
113,15,7,11.14,standard,2026-07-06T22:17:09Z
113,15,8,11.14,standard,2026-07-06T22:17:09Z
113,16,8,11.14,standard,2026-07-06T22:17:09Z
113,16,9,11.14,standard,2026-07-06T22:17:09Z
116,14,2,11.14,standard,2026-07-06T22:17:09Z
116,14,3,11.14,standard,2026-07-06T22:17:09Z
116,14,4,11.14,standard,2026-07-06T22:17:09Z
116,14,5,11.14,standard,2026-07-06T22:17:09Z
116,14,6,11.14,standard,2026-07-06T22:17:09Z
116,14,7,11.14,standard,2026-07-06T22:17:09Z
116,14,8,11.14,standard,2026-07-06T22:17:09Z
116,14,9,11.14,standard,2026-07-06T22:17:09Z
116,14,10,11.14,standard,2026-07-06T22:17:09Z
116,14,11,11.14,standard,2026-07-06T22:17:09Z
116,14,12,11.14,standard,2026-07-06T22:17:09Z
116,14,13,11.14,standard,2026-07-06T22:17:09Z
116,14,14,11.14,standard,2026-07-06T22:17:09Z
116,14,15,11.14,standard,2026-07-06T22:17:09Z
116,14,16,11.14,standard,2026-07-06T22:17:09Z
116,15,3,11.14,standard,2026-07-06T22:17:09Z
116,15,4,11.14,standard,2026-07-06T22:17:09Z
116,15,5,11.14,standard,2026-07-06T22:17:09Z
116,15,6,11.14,standard,2026-07-06T22:17:09Z
116,15,7,11.14,standard,2026-07-06T22:17:09Z
116,15,8,11.14,standard,2026-07-06T22:17:09Z
116,15,9,11.14,standard,2026-07-06T22:17:09Z
116,15,10,11.14,standard,2026-07-06T22:17:09Z
116,15,11,11.14,standard,2026-07-06T22:17:09Z
116,15,12,11.14,standard,2026-07-06T22:17:09Z
116,15,13,11.14,standard,2026-07-06T22:17:09Z
116,15,14,11.14,standard,2026-07-06T22:17:09Z
116,15,15,11.14,standard,2026-07-06T22:17:09Z
116,15,16,11.14,standard,2026-07-06T22:17:09Z
116,15,17,11.14,standard,2026-07-06T22:17:09Z
116,15,18,11.14,standard,2026-07-06T22:17:09Z
116,15,19,11.14,standard,2026-07-06T22:17:09Z
116,16,3,11.14,standard,2026-07-06T22:17:09Z
116,16,4,11.14,standard,2026-07-06T22:17:09Z
116,16,5,11.14,standard,2026-07-06T22:17:09Z
116,16,6,11.14,standard,2026-07-06T22:17:09Z
116,16,7,11.14,standard,2026-07-06T22:17:09Z
116,16,8,11.14,standard,2026-07-06T22:17:09Z
116,16,9,11.14,standard,2026-07-06T22:17:09Z
116,16,10,11.14,standard,2026-07-06T22:17:09Z
116,16,11,11.14,standard,2026-07-06T22:17:09Z
116,16,12,11.14,standard,2026-07-06T22:17:09Z
116,16,13,11.14,standard,2026-07-06T22:17:09Z
116,16,14,11.14,standard,2026-07-06T22:17:09Z
116,16,15,11.14,standard,2026-07-06T22:17:09Z
116,16,16,11.14,standard,2026-07-06T22:17:09Z
116,16,17,11.14,standard,2026-07-06T22:17:09Z
116,16,18,11.14,standard,2026-07-06T22:17:09Z
116,16,19,11.14,standard,2026-07-06T22:17:09Z
116,16,20,11.14,standard,2026-07-06T22:17:09Z
116,17,3,11.14,standard,2026-07-06T22:17:09Z
116,17,4,11.14,standard,2026-07-06T22:17:09Z
116,17,5,11.14,standard,2026-07-06T22:17:09Z
116,17,6,11.14,standard,2026-07-06T22:17:09Z
116,17,7,11.14,standard,2026-07-06T22:17:09Z
116,17,8,11.14,standard,2026-07-06T22:17:09Z
116,17,9,11.14,standard,2026-07-06T22:17:09Z
116,17,10,11.14,standard,2026-07-06T22:17:09Z
116,17,11,11.14,standard,2026-07-06T22:17:09Z
116,17,12,11.14,standard,2026-07-06T22:17:09Z
116,17,13,11.14,standard,2026-07-06T22:17:09Z
116,17,14,11.14,standard,2026-07-06T22:17:09Z
116,17,15,11.14,standard,2026-07-06T22:17:09Z
116,17,16,11.14,standard,2026-07-06T22:17:09Z
116,17,17,11.14,standard,2026-07-06T22:17:09Z
116,17,18,11.14,standard,2026-07-06T22:17:09Z
116,17,19,11.14,standard,2026-07-06T22:17:09Z
116,17,20,11.14,standard,2026-07-06T22:17:09Z
118,17,5,11.14,standard,2026-07-06T22:17:09Z
118,17,6,11.14,standard,2026-07-06T22:17:09Z
118,17,7,11.14,standard,2026-07-06T22:17:09Z
118,17,8,11.14,standard,2026-07-06T22:17:09Z
118,17,9,11.14,standard,2026-07-06T22:17:09Z
118,17,10,11.14,standard,2026-07-06T22:17:09Z
118,17,11,11.14,standard,2026-07-06T22:17:09Z
118,17,12,11.14,standard,2026-07-06T22:17:09Z
118,17,13,11.14,standard,2026-07-06T22:17:09Z
118,17,14,11.14,standard,2026-07-06T22:17:09Z
118,17,15,11.14,standard,2026-07-06T22:17:09Z
118,17,16,11.14,standard,2026-07-06T22:17:09Z
118,17,19,11.14,standard,2026-07-06T22:17:09Z
118,17,20,11.14,standard,2026-07-06T22:17:09Z
12,13,4,11.14,standard,2026-07-06T22:17:09Z
12,13,5,11.14,standard,2026-07-06T22:17:09Z
13,7,11,11.14,standard,2026-07-06T22:17:09Z
13,7,12,11.14,standard,2026-07-06T22:17:09Z
13,8,7,11.14,standard,2026-07-06T22:17:09Z
13,8,8,11.14,standard,2026-07-06T22:17:09Z
13,9,13,11.14,standard,2026-07-06T22:17:09Z
13,9,14,11.14,standard,2026-07-06T22:17:09Z
13,10,6,11.14,standard,2026-07-06T22:17:09Z
13,10,7,11.14,standard,2026-07-06T22:17:09Z
13,10,8,11.14,standard,2026-07-06T22:17:09Z
13,11,11,11.14,standard,2026-07-06T22:17:09Z
13,11,12,11.14,standard,2026-07-06T22:17:09Z
13,12,5,11.14,standard,2026-07-06T22:17:09Z
13,12,6,11.14,standard,2026-07-06T22:17:09Z
13,12,7,11.14,standard,2026-07-06T22:17:09Z
13,12,8,11.14,standard,2026-07-06T22:17:09Z
13,12,9,11.14,standard,2026-07-06T22:17:09Z
13,12,10,11.14,standard,2026-07-06T22:17:09Z
13,12,11,11.14,standard,2026-07-06T22:17:09Z
13,12,12,11.14,standard,2026-07-06T22:17:09Z
13,13,11,11.14,standard,2026-07-06T22:17:09Z
13,13,12,11.14,standard,2026-07-06T22:17:09Z
13,13,13,11.14,standard,2026-07-06T22:17:09Z
13,13,14,11.14,standard,2026-07-06T22:17:09Z
131,1,1,11.14,standard,2026-07-06T22:17:09Z
131,1,2,11.14,standard,2026-07-06T22:17:09Z
131,1,3,11.14,standard,2026-07-06T22:17:09Z
131,1,4,11.14,standard,2026-07-06T22:17:09Z
131,1,5,11.14,standard,2026-07-06T22:17:09Z
131,1,6,11.14,standard,2026-07-06T22:17:09Z
131,1,7,11.14,standard,2026-07-06T22:17:09Z
131,2,1,11.14,standard,2026-07-06T22:17:09Z
131,2,2,11.14,standard,2026-07-06T22:17:09Z
131,2,3,11.14,standard,2026-07-06T22:17:09Z
131,2,4,11.14,standard,2026-07-06T22:17:09Z
131,2,5,11.14,standard,2026-07-06T22:17:09Z
131,2,6,11.14,standard,2026-07-06T22:17:09Z
131,2,7,11.14,standard,2026-07-06T22:17:09Z
131,12,16,11.14,standard,2026-07-06T22:17:09Z
131,12,17,11.14,standard,2026-07-06T22:17:09Z
131,14,7,11.14,standard,2026-07-06T22:17:09Z
131,14,8,11.14,standard,2026-07-06T22:17:09Z
131,14,9,11.14,standard,2026-07-06T22:17:09Z
131,14,10,11.14,standard,2026-07-06T22:17:09Z
131,15,2,11.14,standard,2026-07-06T22:17:09Z
131,15,3,11.14,standard,2026-07-06T22:17:09Z
131,15,4,11.14,standard,2026-07-06T22:17:09Z
131,15,5,11.14,standard,2026-07-06T22:17:09Z
131,15,6,11.14,standard,2026-07-06T22:17:09Z
131,15,7,11.14,standard,2026-07-06T22:17:09Z
131,15,8,11.14,standard,2026-07-06T22:17:09Z
131,15,9,11.14,standard,2026-07-06T22:17:09Z
131,15,10,11.14,standard,2026-07-06T22:17:09Z
131,15,11,11.14,standard,2026-07-06T22:17:09Z
131,15,12,11.14,standard,2026-07-06T22:17:09Z
131,15,13,11.14,standard,2026-07-06T22:17:09Z
131,15,14,11.14,standard,2026-07-06T22:17:09Z
131,15,15,11.14,standard,2026-07-06T22:17:09Z
131,15,16,11.14,standard,2026-07-06T22:17:09Z
131,15,17,11.14,standard,2026-07-06T22:17:09Z
131,15,18,11.14,standard,2026-07-06T22:17:09Z
131,16,7,11.14,standard,2026-07-06T22:17:09Z
131,16,8,11.14,standard,2026-07-06T22:17:09Z
131,16,9,11.14,standard,2026-07-06T22:17:09Z
131,16,10,11.14,standard,2026-07-06T22:17:09Z
131,16,11,11.14,standard,2026-07-06T22:17:09Z
131,16,12,11.14,standard,2026-07-06T22:17:09Z
131,16,13,11.14,standard,2026-07-06T22:17:09Z
131,16,14,11.14,standard,2026-07-06T22:17:09Z
131,16,15,11.14,standard,2026-07-06T22:17:09Z
131,16,16,11.14,standard,2026-07-06T22:17:09Z
131,16,17,11.14,standard,2026-07-06T22:17:09Z
131,16,18,11.14,standard,2026-07-06T22:17:09Z
131,17,5,11.14,standard,2026-07-06T22:17:09Z
131,17,6,11.14,standard,2026-07-06T22:17:09Z
131,17,7,11.14,standard,2026-07-06T22:17:09Z
131,17,8,11.14,standard,2026-07-06T22:17:09Z
131,17,9,11.14,standard,2026-07-06T22:17:09Z
131,17,10,11.14,standard,2026-07-06T22:17:09Z
131,17,11,11.14,standard,2026-07-06T22:17:09Z
131,17,12,11.14,standard,2026-07-06T22:17:09Z
131,17,13,11.14,standard,2026-07-06T22:17:09Z
131,17,14,11.14,standard,2026-07-06T22:17:09Z
131,17,15,11.14,standard,2026-07-06T22:17:09Z
131,17,16,11.14,standard,2026-07-06T22:17:09Z
131,17,17,11.14,standard,2026-07-06T22:17:09Z
131,17,18,11.14,standard,2026-07-06T22:17:09Z
131,18,5,11.14,standard,2026-07-06T22:17:09Z
131,18,6,11.14,standard,2026-07-06T22:17:09Z
131,18,7,11.14,standard,2026-07-06T22:17:09Z
131,18,8,11.14,standard,2026-07-06T22:17:09Z
131,18,9,11.14,standard,2026-07-06T22:17:09Z
131,18,10,11.14,standard,2026-07-06T22:17:09Z
131,18,11,11.14,standard,2026-07-06T22:17:09Z
131,18,12,11.14,standard,2026-07-06T22:17:09Z
131,18,13,11.14,standard,2026-07-06T22:17:09Z
131,18,14,11.14,standard,2026-07-06T22:17:09Z
131,18,15,11.14,standard,2026-07-06T22:17:09Z
131,18,16,11.14,standard,2026-07-06T22:17:09Z
131,18,17,11.14,standard,2026-07-06T22:17:09Z
131,18,18,11.14,standard,2026-07-06T22:17:09Z
131,19,5,11.14,standard,2026-07-06T22:17:09Z
131,19,6,11.14,standard,2026-07-06T22:17:09Z
131,19,7,11.14,standard,2026-07-06T22:17:09Z
131,19,8,11.14,standard,2026-07-06T22:17:09Z
131,19,9,11.14,standard,2026-07-06T22:17:09Z
131,19,10,11.14,standard,2026-07-06T22:17:09Z
131,19,11,11.14,standard,2026-07-06T22:17:09Z
131,19,12,11.14,standard,2026-07-06T22:17:09Z
131,19,13,11.14,standard,2026-07-06T22:17:09Z
131,19,14,11.14,standard,2026-07-06T22:17:09Z
131,19,15,11.14,standard,2026-07-06T22:17:09Z
131,19,16,11.14,standard,2026-07-06T22:17:09Z
131,19,17,11.14,standard,2026-07-06T22:17:09Z
131,19,18,11.14,standard,2026-07-06T22:17:09Z
131,20,1,11.14,standard,2026-07-06T22:17:09Z
131,20,2,11.14,standard,2026-07-06T22:17:09Z
131,20,3,11.14,standard,2026-07-06T22:17:09Z
131,20,4,11.14,standard,2026-07-06T22:17:09Z
131,20,6,11.14,standard,2026-07-06T22:17:09Z
131,20,7,11.14,standard,2026-07-06T22:17:09Z
131,20,8,11.14,standard,2026-07-06T22:17:09Z
133,17,3,11.14,standard,2026-07-06T22:17:09Z
133,17,4,11.14,standard,2026-07-06T22:17:09Z
133,17,5,11.14,standard,2026-07-06T22:17:09Z
133,17,6,11.14,standard,2026-07-06T22:17:09Z
133,17,7,11.14,standard,2026-07-06T22:17:09Z
133,17,8,11.14,standard,2026-07-06T22:17:09Z
133,17,9,11.14,standard,2026-07-06T22:17:09Z
133,17,10,11.14,standard,2026-07-06T22:17:09Z
133,17,11,11.14,standard,2026-07-06T22:17:09Z
133,17,12,11.14,standard,2026-07-06T22:17:09Z
133,17,13,11.14,standard,2026-07-06T22:17:09Z
133,17,14,11.14,standard,2026-07-06T22:17:09Z
133,17,15,11.14,standard,2026-07-06T22:17:09Z
133,17,16,11.14,standard,2026-07-06T22:17:09Z
133,17,17,11.14,standard,2026-07-06T22:17:09Z
133,17,18,11.14,standard,2026-07-06T22:17:09Z
133,17,19,11.14,standard,2026-07-06T22:17:09Z
133,17,20,11.14,standard,2026-07-06T22:17:09Z
133,17,21,11.14,standard,2026-07-06T22:17:09Z
133,17,22,11.14,standard,2026-07-06T22:17:09Z
135,5,13,11.14,standard,2026-07-06T22:17:09Z
135,5,14,11.14,standard,2026-07-06T22:17:09Z
135,17,3,11.14,standard,2026-07-06T22:17:09Z
135,17,4,11.14,standard,2026-07-06T22:17:09Z
135,17,5,11.14,standard,2026-07-06T22:17:09Z
135,17,6,11.14,standard,2026-07-06T22:17:09Z
135,17,7,11.14,standard,2026-07-06T22:17:09Z
135,17,8,11.14,standard,2026-07-06T22:17:09Z
135,17,9,11.14,standard,2026-07-06T22:17:09Z
135,17,10,11.14,standard,2026-07-06T22:17:09Z
135,17,11,11.14,standard,2026-07-06T22:17:09Z
135,17,12,11.14,standard,2026-07-06T22:17:09Z
135,17,13,11.14,standard,2026-07-06T22:17:09Z
135,17,14,11.14,standard,2026-07-06T22:17:09Z
135,17,15,11.14,standard,2026-07-06T22:17:09Z
135,17,16,11.14,standard,2026-07-06T22:17:09Z
135,17,17,11.14,standard,2026-07-06T22:17:09Z
135,17,18,11.14,standard,2026-07-06T22:17:09Z
135,17,19,11.14,standard,2026-07-06T22:17:09Z
135,17,20,11.14,standard,2026-07-06T22:17:09Z
135,18,3,11.14,standard,2026-07-06T22:17:09Z
135,18,4,11.14,standard,2026-07-06T22:17:09Z
135,18,5,11.14,standard,2026-07-06T22:17:09Z
135,18,6,11.14,standard,2026-07-06T22:17:09Z
135,18,7,11.14,standard,2026-07-06T22:17:09Z
135,18,8,11.14,standard,2026-07-06T22:17:09Z
135,18,9,11.14,standard,2026-07-06T22:17:09Z
135,18,10,11.14,standard,2026-07-06T22:17:09Z
135,18,11,11.14,standard,2026-07-06T22:17:09Z
135,18,12,11.14,standard,2026-07-06T22:17:09Z
135,18,13,11.14,standard,2026-07-06T22:17:09Z
135,18,14,11.14,standard,2026-07-06T22:17:09Z
135,18,15,11.14,standard,2026-07-06T22:17:09Z
135,18,16,11.14,standard,2026-07-06T22:17:09Z
135,18,17,11.14,standard,2026-07-06T22:17:09Z
135,18,18,11.14,standard,2026-07-06T22:17:09Z
135,18,19,11.14,standard,2026-07-06T22:17:09Z
135,18,20,11.14,standard,2026-07-06T22:17:09Z
135,19,3,11.14,standard,2026-07-06T22:17:09Z
135,19,4,11.14,standard,2026-07-06T22:17:09Z
135,19,5,11.14,standard,2026-07-06T22:17:09Z
135,19,6,11.14,standard,2026-07-06T22:17:09Z
135,19,7,11.14,standard,2026-07-06T22:17:09Z
135,19,8,11.14,standard,2026-07-06T22:17:09Z
135,19,9,11.14,standard,2026-07-06T22:17:09Z
135,19,10,11.14,standard,2026-07-06T22:17:09Z
135,19,11,11.14,standard,2026-07-06T22:17:09Z
135,19,12,11.14,standard,2026-07-06T22:17:09Z
135,19,13,11.14,standard,2026-07-06T22:17:09Z
135,19,14,11.14,standard,2026-07-06T22:17:09Z
135,19,15,11.14,standard,2026-07-06T22:17:09Z
135,19,16,11.14,standard,2026-07-06T22:17:09Z
135,19,17,11.14,standard,2026-07-06T22:17:09Z
135,19,18,11.14,standard,2026-07-06T22:17:09Z
135,19,19,11.14,standard,2026-07-06T22:17:09Z
135,19,20,11.14,standard,2026-07-06T22:17:09Z
135,20,3,11.14,standard,2026-07-06T22:17:09Z
135,20,4,11.14,standard,2026-07-06T22:17:09Z
135,20,5,11.14,standard,2026-07-06T22:17:09Z
135,20,6,11.14,standard,2026-07-06T22:17:09Z
135,20,7,11.14,standard,2026-07-06T22:17:09Z
135,20,8,11.14,standard,2026-07-06T22:17:09Z
135,20,9,11.14,standard,2026-07-06T22:17:09Z
135,20,10,11.14,standard,2026-07-06T22:17:09Z
135,20,11,11.14,standard,2026-07-06T22:17:09Z
135,20,12,11.14,standard,2026-07-06T22:17:09Z
135,20,13,11.14,standard,2026-07-06T22:17:09Z
135,20,17,11.14,standard,2026-07-06T22:17:09Z
135,20,18,11.14,standard,2026-07-06T22:17:09Z
135,20,19,11.14,standard,2026-07-06T22:17:09Z
135,20,20,11.14,standard,2026-07-06T22:17:09Z
137,16,15,11.14,standard,2026-07-06T22:17:09Z
137,16,16,11.14,standard,2026-07-06T22:17:09Z
137,17,9,11.14,standard,2026-07-06T22:17:09Z
137,17,10,11.14,standard,2026-07-06T22:17:09Z
137,18,15,11.14,standard,2026-07-06T22:17:09Z
137,18,16,11.14,standard,2026-07-06T22:17:09Z
137,19,15,11.14,standard,2026-07-06T22:17:09Z
137,19,16,11.14,standard,2026-07-06T22:17:09Z
137,20,9,11.14,standard,2026-07-06T22:17:09Z
137,20,10,11.14,standard,2026-07-06T22:17:09Z
137,20,11,11.14,standard,2026-07-06T22:17:09Z
137,20,12,11.14,standard,2026-07-06T22:17:09Z
137,20,13,11.14,standard,2026-07-06T22:17:09Z
137,20,14,11.14,standard,2026-07-06T22:17:09Z
138,7,14,11.14,standard,2026-07-06T22:17:09Z
138,7,15,11.14,standard,2026-07-06T22:17:09Z
138,7,16,11.14,standard,2026-07-06T22:17:09Z
138,8,13,11.14,standard,2026-07-06T22:17:09Z
138,8,14,11.14,standard,2026-07-06T22:17:09Z
138,9,9,11.14,standard,2026-07-06T22:17:09Z
138,9,10,11.14,standard,2026-07-06T22:17:09Z
138,9,22,11.14,standard,2026-07-06T22:17:09Z
138,11,18,11.14,standard,2026-07-06T22:17:09Z
138,11,23,11.14,standard,2026-07-06T22:17:09Z
138,11,24,11.14,standard,2026-07-06T22:17:09Z
138,12,5,11.14,standard,2026-07-06T22:17:09Z
138,12,6,11.14,standard,2026-07-06T22:17:09Z
138,12,7,11.14,standard,2026-07-06T22:17:09Z
138,12,8,11.14,standard,2026-07-06T22:17:09Z
138,12,20,11.14,standard,2026-07-06T22:17:09Z
138,12,21,11.14,standard,2026-07-06T22:17:09Z
138,12,22,11.14,standard,2026-07-06T22:17:09Z
138,13,5,11.14,standard,2026-07-06T22:17:09Z
138,13,6,11.14,standard,2026-07-06T22:17:09Z
138,13,7,11.14,standard,2026-07-06T22:17:09Z
138,13,8,11.14,standard,2026-07-06T22:17:09Z
138,13,9,11.14,standard,2026-07-06T22:17:09Z
138,13,10,11.14,standard,2026-07-06T22:17:09Z
138,13,13,11.14,standard,2026-07-06T22:17:09Z
138,13,14,11.14,standard,2026-07-06T22:17:09Z
138,14,5,11.14,standard,2026-07-06T22:17:09Z
138,14,6,11.14,standard,2026-07-06T22:17:09Z
138,14,11,11.14,standard,2026-07-06T22:17:09Z
138,14,12,11.14,standard,2026-07-06T22:17:09Z
138,14,13,11.14,standard,2026-07-06T22:17:09Z
138,14,14,11.14,standard,2026-07-06T22:17:09Z
138,14,15,11.14,standard,2026-07-06T22:17:09Z
138,14,18,11.14,standard,2026-07-06T22:17:09Z
138,14,19,11.14,standard,2026-07-06T22:17:09Z
138,14,20,11.14,standard,2026-07-06T22:17:09Z
138,14,21,11.14,standard,2026-07-06T22:17:09Z
138,14,22,11.14,standard,2026-07-06T22:17:09Z
138,16,5,11.14,standard,2026-07-06T22:17:09Z
138,16,6,11.14,standard,2026-07-06T22:17:09Z
138,16,7,11.14,standard,2026-07-06T22:17:09Z
138,16,8,11.14,standard,2026-07-06T22:17:09Z
138,16,9,11.14,standard,2026-07-06T22:17:09Z
138,16,10,11.14,standard,2026-07-06T22:17:09Z
138,16,11,11.14,standard,2026-07-06T22:17:09Z
138,16,12,11.14,standard,2026-07-06T22:17:09Z
138,17,3,11.14,standard,2026-07-06T22:17:09Z
138,17,4,11.14,standard,2026-07-06T22:17:09Z
138,17,5,11.14,standard,2026-07-06T22:17:09Z
138,17,6,11.14,standard,2026-07-06T22:17:09Z
138,17,7,11.14,standard,2026-07-06T22:17:09Z
138,17,12,11.14,standard,2026-07-06T22:17:09Z
138,17,13,11.14,standard,2026-07-06T22:17:09Z
138,17,14,11.14,standard,2026-07-06T22:17:09Z
138,17,15,11.14,standard,2026-07-06T22:17:09Z
138,17,16,11.14,standard,2026-07-06T22:17:09Z
138,17,17,11.14,standard,2026-07-06T22:17:09Z
138,17,18,11.14,standard,2026-07-06T22:17:09Z
138,17,19,11.14,standard,2026-07-06T22:17:09Z
138,18,23,11.14,standard,2026-07-06T22:17:09Z
138,18,24,11.14,standard,2026-07-06T22:17:09Z
138,WC,15,11.14,standard,2026-07-06T22:17:09Z
138,WC,16,11.14,standard,2026-07-06T22:17:09Z
14,12,6,11.14,standard,2026-07-06T22:17:09Z
14,12,7,11.14,standard,2026-07-06T22:17:09Z
14,12,8,11.14,standard,2026-07-06T22:17:09Z
140,11,9,11.14,standard,2026-07-06T22:17:09Z
140,11,10,11.14,standard,2026-07-06T22:17:09Z
140,11,13,11.14,standard,2026-07-06T22:17:09Z
140,11,14,11.14,standard,2026-07-06T22:17:09Z
140,11,15,11.14,standard,2026-07-06T22:17:09Z
140,14,5,11.14,standard,2026-07-06T22:17:09Z
140,14,6,11.14,standard,2026-07-06T22:17:09Z
140,14,7,11.14,standard,2026-07-06T22:17:09Z
140,14,8,11.14,standard,2026-07-06T22:17:09Z
140,14,9,11.14,standard,2026-07-06T22:17:09Z
140,16,10,11.14,standard,2026-07-06T22:17:09Z
140,16,11,11.14,standard,2026-07-06T22:17:09Z
140,16,12,11.14,standard,2026-07-06T22:17:09Z
140,16,13,11.14,standard,2026-07-06T22:17:09Z
140,17,2,11.14,standard,2026-07-06T22:17:09Z
140,17,3,11.14,standard,2026-07-06T22:17:09Z
140,17,4,11.14,standard,2026-07-06T22:17:09Z
140,17,5,11.14,standard,2026-07-06T22:17:09Z
140,17,6,11.14,standard,2026-07-06T22:17:09Z
140,17,7,11.14,standard,2026-07-06T22:17:09Z
140,17,8,11.14,standard,2026-07-06T22:17:09Z
140,17,9,11.14,standard,2026-07-06T22:17:09Z
140,17,10,11.14,standard,2026-07-06T22:17:09Z
140,17,11,11.14,standard,2026-07-06T22:17:09Z
140,17,12,11.14,standard,2026-07-06T22:17:09Z
140,17,13,11.14,standard,2026-07-06T22:17:09Z
140,17,14,11.14,standard,2026-07-06T22:17:09Z
140,17,15,11.14,standard,2026-07-06T22:17:09Z
140,18,3,11.14,standard,2026-07-06T22:17:09Z
140,18,4,11.14,standard,2026-07-06T22:17:09Z
140,18,5,11.14,standard,2026-07-06T22:17:09Z
140,18,6,11.14,standard,2026-07-06T22:17:09Z
140,18,7,11.14,standard,2026-07-06T22:17:09Z
140,18,8,11.14,standard,2026-07-06T22:17:09Z
140,18,9,11.14,standard,2026-07-06T22:17:09Z
140,18,10,11.14,standard,2026-07-06T22:17:09Z
140,18,15,11.14,standard,2026-07-06T22:17:09Z
140,18,16,11.14,standard,2026-07-06T22:17:09Z
140,18,17,11.14,standard,2026-07-06T22:17:09Z
140,18,18,11.14,standard,2026-07-06T22:17:09Z
140,18,19,11.14,standard,2026-07-06T22:17:09Z
140,19,7,11.14,standard,2026-07-06T22:17:09Z
140,19,8,11.14,standard,2026-07-06T22:17:09Z
140,19,9,11.14,standard,2026-07-06T22:17:09Z
140,19,10,11.14,standard,2026-07-06T22:17:09Z
140,19,11,11.14,standard,2026-07-06T22:17:09Z
140,19,12,11.14,standard,2026-07-06T22:17:09Z
140,19,13,11.14,standard,2026-07-06T22:17:09Z
140,19,14,11.14,standard,2026-07-06T22:17:09Z
140,19,15,11.14,standard,2026-07-06T22:17:09Z
140,19,16,11.14,standard,2026-07-06T22:17:09Z
140,19,17,11.14,standard,2026-07-06T22:17:09Z
140,20,8,11.14,standard,2026-07-06T22:17:09Z
140,20,9,11.14,standard,2026-07-06T22:17:09Z
140,20,15,11.14,standard,2026-07-06T22:17:09Z
140,20,16,11.14,standard,2026-07-06T22:17:09Z
140,20,17,11.14,standard,2026-07-06T22:17:09Z
140,20,18,11.14,standard,2026-07-06T22:17:09Z
140,20,19,11.14,standard,2026-07-06T22:17:09Z
140,20,20,11.14,standard,2026-07-06T22:17:09Z
140,20,21,11.14,standard,2026-07-06T22:17:09Z
141,3,2,11.14,standard,2026-07-06T22:17:09Z
141,3,3,11.14,standard,2026-07-06T22:17:09Z
141,10,16,11.14,standard,2026-07-06T22:17:09Z
141,10,17,11.14,standard,2026-07-06T22:17:09Z
141,10,18,11.14,standard,2026-07-06T22:17:09Z
141,10,19,11.14,standard,2026-07-06T22:17:09Z
141,10,20,11.14,standard,2026-07-06T22:17:09Z
141,12,5,11.14,standard,2026-07-06T22:17:09Z
141,12,6,11.14,standard,2026-07-06T22:17:09Z
141,13,3,11.14,standard,2026-07-06T22:17:09Z
141,13,4,11.14,standard,2026-07-06T22:17:09Z
141,13,5,11.14,standard,2026-07-06T22:17:09Z
141,13,6,11.14,standard,2026-07-06T22:17:09Z
141,13,7,11.14,standard,2026-07-06T22:17:09Z
141,13,8,11.14,standard,2026-07-06T22:17:09Z
141,13,9,11.14,standard,2026-07-06T22:17:09Z
141,13,10,11.14,standard,2026-07-06T22:17:09Z
141,13,11,11.14,standard,2026-07-06T22:17:09Z
141,13,12,11.14,standard,2026-07-06T22:17:09Z
141,13,13,11.14,standard,2026-07-06T22:17:09Z
141,13,14,11.14,standard,2026-07-06T22:17:09Z
141,13,15,11.14,standard,2026-07-06T22:17:09Z
141,13,16,11.14,standard,2026-07-06T22:17:09Z
141,13,17,11.14,standard,2026-07-06T22:17:09Z
141,13,18,11.14,standard,2026-07-06T22:17:09Z
141,13,19,11.14,standard,2026-07-06T22:17:09Z
141,13,20,11.14,standard,2026-07-06T22:17:09Z
141,14,5,11.14,standard,2026-07-06T22:17:09Z
141,14,6,11.14,standard,2026-07-06T22:17:09Z
141,14,9,11.14,standard,2026-07-06T22:17:09Z
141,14,10,11.14,standard,2026-07-06T22:17:09Z
141,14,11,11.14,standard,2026-07-06T22:17:09Z
141,14,12,11.14,standard,2026-07-06T22:17:09Z
141,14,13,11.14,standard,2026-07-06T22:17:09Z
141,14,20,11.14,standard,2026-07-06T22:17:09Z
141,14,21,11.14,standard,2026-07-06T22:17:09Z
141,15,7,11.14,standard,2026-07-06T22:17:09Z
141,15,8,11.14,standard,2026-07-06T22:17:09Z
141,15,9,11.14,standard,2026-07-06T22:17:09Z
141,15,10,11.14,standard,2026-07-06T22:17:09Z
141,15,11,11.14,standard,2026-07-06T22:17:09Z
141,15,12,11.14,standard,2026-07-06T22:17:09Z
141,15,13,11.14,standard,2026-07-06T22:17:09Z
141,15,14,11.14,standard,2026-07-06T22:17:09Z
141,15,15,11.14,standard,2026-07-06T22:17:09Z
141,15,16,11.14,standard,2026-07-06T22:17:09Z
141,15,17,11.14,standard,2026-07-06T22:17:09Z
141,15,18,11.14,standard,2026-07-06T22:17:09Z
141,15,19,11.14,standard,2026-07-06T22:17:09Z
141,15,22,11.14,standard,2026-07-06T22:17:09Z
141,15,23,11.14,standard,2026-07-06T22:17:09Z
141,16,3,11.14,standard,2026-07-06T22:17:09Z
141,16,4,11.14,standard,2026-07-06T22:17:09Z
141,16,5,11.14,standard,2026-07-06T22:17:09Z
141,16,18,11.14,standard,2026-07-06T22:17:09Z
141,16,19,11.14,standard,2026-07-06T22:17:09Z
141,16,20,11.14,standard,2026-07-06T22:17:09Z
141,16,21,11.14,standard,2026-07-06T22:17:09Z
141,16,22,11.14,standard,2026-07-06T22:17:09Z
141,16,23,11.14,standard,2026-07-06T22:17:09Z
141,16,24,11.14,standard,2026-07-06T22:17:09Z
141,16,25,11.14,standard,2026-07-06T22:17:09Z
141,16,26,11.14,standard,2026-07-06T22:17:09Z
141,17,18,11.14,standard,2026-07-06T22:17:09Z
141,17,19,11.14,standard,2026-07-06T22:17:09Z
141,17,20,11.14,standard,2026-07-06T22:17:09Z
141,17,21,11.14,standard,2026-07-06T22:17:09Z
141,17,22,11.14,standard,2026-07-06T22:17:09Z
141,17,23,11.14,standard,2026-07-06T22:17:09Z
141,17,24,11.14,standard,2026-07-06T22:17:09Z
141,17,25,11.14,standard,2026-07-06T22:17:09Z
142,7,5,11.14,standard,2026-07-06T22:17:09Z
142,7,6,11.14,standard,2026-07-06T22:17:09Z
142,7,7,11.14,standard,2026-07-06T22:17:09Z
142,7,8,11.14,standard,2026-07-06T22:17:09Z
142,8,3,11.14,standard,2026-07-06T22:17:09Z
142,8,4,11.14,standard,2026-07-06T22:17:09Z
142,8,11,11.14,standard,2026-07-06T22:17:09Z
142,8,12,11.14,standard,2026-07-06T22:17:09Z
142,9,13,11.14,standard,2026-07-06T22:17:09Z
142,9,14,11.14,standard,2026-07-06T22:17:09Z
142,9,17,11.14,standard,2026-07-06T22:17:09Z
142,9,18,11.14,standard,2026-07-06T22:17:09Z
142,9,19,11.14,standard,2026-07-06T22:17:09Z
142,9,20,11.14,standard,2026-07-06T22:17:09Z
142,10,3,11.14,standard,2026-07-06T22:17:09Z
142,10,4,11.14,standard,2026-07-06T22:17:09Z
142,10,5,11.14,standard,2026-07-06T22:17:09Z
142,10,6,11.14,standard,2026-07-06T22:17:09Z
142,10,7,11.14,standard,2026-07-06T22:17:09Z
142,10,8,11.14,standard,2026-07-06T22:17:09Z
142,10,9,11.14,standard,2026-07-06T22:17:09Z
142,10,10,11.14,standard,2026-07-06T22:17:09Z
142,10,15,11.14,standard,2026-07-06T22:17:09Z
142,10,16,11.14,standard,2026-07-06T22:17:09Z
142,10,17,11.14,standard,2026-07-06T22:17:09Z
142,10,18,11.14,standard,2026-07-06T22:17:09Z
142,11,6,11.14,standard,2026-07-06T22:17:09Z
142,11,7,11.14,standard,2026-07-06T22:17:09Z
142,11,8,11.14,standard,2026-07-06T22:17:09Z
142,11,9,11.14,standard,2026-07-06T22:17:09Z
142,11,14,11.14,standard,2026-07-06T22:17:09Z
142,11,15,11.14,standard,2026-07-06T22:17:09Z
142,11,16,11.14,standard,2026-07-06T22:17:09Z
142,12,16,11.14,standard,2026-07-06T22:17:09Z
142,12,17,11.14,standard,2026-07-06T22:17:09Z
142,12,18,11.14,standard,2026-07-06T22:17:09Z
142,12,19,11.14,standard,2026-07-06T22:17:09Z
142,13,3,11.14,standard,2026-07-06T22:17:09Z
142,13,4,11.14,standard,2026-07-06T22:17:09Z
142,13,5,11.14,standard,2026-07-06T22:17:09Z
142,13,6,11.14,standard,2026-07-06T22:17:09Z
142,13,7,11.14,standard,2026-07-06T22:17:09Z
142,13,8,11.14,standard,2026-07-06T22:17:09Z
142,13,9,11.14,standard,2026-07-06T22:17:09Z
142,13,10,11.14,standard,2026-07-06T22:17:09Z
142,13,11,11.14,standard,2026-07-06T22:17:09Z
142,13,12,11.14,standard,2026-07-06T22:17:09Z
142,13,13,11.14,standard,2026-07-06T22:17:09Z
142,13,14,11.14,standard,2026-07-06T22:17:09Z
142,13,15,11.14,standard,2026-07-06T22:17:09Z
142,13,19,11.14,standard,2026-07-06T22:17:09Z
142,13,20,11.14,standard,2026-07-06T22:17:09Z
143,6,7,11.14,standard,2026-07-06T22:17:09Z
143,6,8,11.14,standard,2026-07-06T22:17:09Z
143,7,6,11.14,standard,2026-07-06T22:17:09Z
143,7,7,11.14,standard,2026-07-06T22:17:09Z
143,7,8,11.14,standard,2026-07-06T22:17:09Z
143,10,13,11.14,standard,2026-07-06T22:17:09Z
143,10,14,11.14,standard,2026-07-06T22:17:09Z
143,10,15,11.14,standard,2026-07-06T22:17:09Z
143,10,16,11.14,standard,2026-07-06T22:17:09Z
143,11,14,11.14,standard,2026-07-06T22:17:09Z
143,11,15,11.14,standard,2026-07-06T22:17:09Z
143,11,16,11.14,standard,2026-07-06T22:17:09Z
143,11,17,11.14,standard,2026-07-06T22:17:09Z
143,12,6,11.14,standard,2026-07-06T22:17:09Z
143,12,7,11.14,standard,2026-07-06T22:17:09Z
143,12,14,11.14,standard,2026-07-06T22:17:09Z
143,12,15,11.14,standard,2026-07-06T22:17:09Z
143,12,16,11.14,standard,2026-07-06T22:17:09Z
144,17,3,11.14,standard,2026-07-06T22:17:09Z
144,17,4,11.14,standard,2026-07-06T22:17:09Z
144,18,8,11.14,standard,2026-07-06T22:17:09Z
144,18,9,11.14,standard,2026-07-06T22:17:09Z
144,21,14,11.14,standard,2026-07-06T22:17:09Z
144,21,15,11.14,standard,2026-07-06T22:17:09Z
144,23,12,11.14,standard,2026-07-06T22:17:09Z
144,23,13,11.14,standard,2026-07-06T22:17:09Z
144,24,11,11.14,standard,2026-07-06T22:17:09Z
144,24,12,11.14,standard,2026-07-06T22:17:09Z
145,16,16,11.14,standard,2026-07-06T22:17:09Z
145,16,17,11.14,standard,2026-07-06T22:17:09Z
145,17,5,11.14,standard,2026-07-06T22:17:09Z
145,17,6,11.14,standard,2026-07-06T22:17:09Z
145,17,13,11.14,standard,2026-07-06T22:17:09Z
145,17,14,11.14,standard,2026-07-06T22:17:09Z
145,19,12,11.14,standard,2026-07-06T22:17:09Z
145,19,13,11.14,standard,2026-07-06T22:17:09Z
145,21,13,11.14,standard,2026-07-06T22:17:09Z
145,21,14,11.14,standard,2026-07-06T22:17:09Z
145,26,15,11.14,standard,2026-07-06T22:17:09Z
145,26,16,11.14,standard,2026-07-06T22:17:09Z
145,26,17,11.14,standard,2026-07-06T22:17:09Z
146,16,8,11.14,standard,2026-07-06T22:17:09Z
146,16,9,11.14,standard,2026-07-06T22:17:09Z
146,16,10,11.14,standard,2026-07-06T22:17:09Z
146,18,15,11.14,standard,2026-07-06T22:17:09Z
146,18,16,11.14,standard,2026-07-06T22:17:09Z
146,22,13,11.14,standard,2026-07-06T22:17:09Z
146,22,14,11.14,standard,2026-07-06T22:17:09Z
146,22,15,11.14,standard,2026-07-06T22:17:09Z
146,22,16,11.14,standard,2026-07-06T22:17:09Z
146,22,17,11.14,standard,2026-07-06T22:17:09Z
146,22,21,11.14,standard,2026-07-06T22:17:09Z
146,22,22,11.14,standard,2026-07-06T22:17:09Z
146,25,6,11.14,standard,2026-07-06T22:17:09Z
146,25,7,11.14,standard,2026-07-06T22:17:09Z
146,25,8,11.14,standard,2026-07-06T22:17:09Z
146,WC,15,11.14,standard,2026-07-06T22:17:09Z
146,WC,16,11.14,standard,2026-07-06T22:17:09Z
147,7,18,11.14,standard,2026-07-06T22:17:09Z
147,10,14,11.14,standard,2026-07-06T22:17:09Z
147,14,12,11.14,standard,2026-07-06T22:17:09Z
147,14,13,11.14,standard,2026-07-06T22:17:09Z
147,17,5,11.14,standard,2026-07-06T22:17:09Z
147,17,6,11.14,standard,2026-07-06T22:17:09Z
147,19,3,11.14,standard,2026-07-06T22:17:09Z
147,19,4,11.14,standard,2026-07-06T22:17:09Z
147,24,6,11.14,standard,2026-07-06T22:17:09Z
147,24,7,11.14,standard,2026-07-06T22:17:09Z
147,24,8,11.14,standard,2026-07-06T22:17:09Z
147,24,9,11.14,standard,2026-07-06T22:17:09Z
147,24,10,11.14,standard,2026-07-06T22:17:09Z
147,24,11,11.14,standard,2026-07-06T22:17:09Z
147,24,12,11.14,standard,2026-07-06T22:17:09Z
147,24,13,11.14,standard,2026-07-06T22:17:09Z
147,24,14,11.14,standard,2026-07-06T22:17:09Z
147,24,15,11.14,standard,2026-07-06T22:17:09Z
147,24,16,11.14,standard,2026-07-06T22:17:09Z
147,27,18,11.14,standard,2026-07-06T22:17:09Z
147,27,19,11.14,standard,2026-07-06T22:17:09Z
147,27,20,11.14,standard,2026-07-06T22:17:09Z
148,12,11,11.14,standard,2026-07-06T22:17:09Z
148,12,12,11.14,standard,2026-07-06T22:17:09Z
148,13,7,11.14,standard,2026-07-06T22:17:09Z
148,13,8,11.14,standard,2026-07-06T22:17:09Z
148,17,2,11.14,standard,2026-07-06T22:17:09Z
148,19,5,11.14,standard,2026-07-06T22:17:09Z
148,19,6,11.14,standard,2026-07-06T22:17:09Z
148,20,11,11.14,standard,2026-07-06T22:17:09Z
148,20,12,11.14,standard,2026-07-06T22:17:09Z
148,21,9,11.14,standard,2026-07-06T22:17:09Z
148,21,10,11.14,standard,2026-07-06T22:17:09Z
148,21,11,11.14,standard,2026-07-06T22:17:09Z
148,21,12,11.14,standard,2026-07-06T22:17:09Z
148,21,13,11.14,standard,2026-07-06T22:17:09Z
148,21,14,11.14,standard,2026-07-06T22:17:09Z
148,21,15,11.14,standard,2026-07-06T22:17:09Z
148,21,16,11.14,standard,2026-07-06T22:17:09Z
148,21,17,11.14,standard,2026-07-06T22:17:09Z
148,21,18,11.14,standard,2026-07-06T22:17:09Z
148,21,19,11.14,standard,2026-07-06T22:17:09Z
148,21,20,11.14,standard,2026-07-06T22:17:09Z
148,21,21,11.14,standard,2026-07-06T22:17:09Z
148,21,22,11.14,standard,2026-07-06T22:17:09Z
148,21,23,11.14,standard,2026-07-06T22:17:09Z
148,21,24,11.14,standard,2026-07-06T22:17:09Z
148,21,25,11.14,standard,2026-07-06T22:17:09Z
148,24,3,11.14,standard,2026-07-06T22:17:09Z
148,24,4,11.14,standard,2026-07-06T22:17:09Z
148,24,5,11.14,standard,2026-07-06T22:17:09Z
148,24,6,11.14,standard,2026-07-06T22:17:09Z
148,24,7,11.14,standard,2026-07-06T22:17:09Z
148,24,8,11.14,standard,2026-07-06T22:17:09Z
148,24,9,11.14,standard,2026-07-06T22:17:09Z
148,24,10,11.14,standard,2026-07-06T22:17:09Z
148,24,11,11.14,standard,2026-07-06T22:17:09Z
148,24,12,11.14,standard,2026-07-06T22:17:09Z
148,24,13,11.14,standard,2026-07-06T22:17:09Z
148,24,14,11.14,standard,2026-07-06T22:17:09Z
148,24,15,11.14,standard,2026-07-06T22:17:09Z
148,24,16,11.14,standard,2026-07-06T22:17:09Z
148,24,17,11.14,standard,2026-07-06T22:17:09Z
148,24,18,11.14,standard,2026-07-06T22:17:09Z
148,24,19,11.14,standard,2026-07-06T22:17:09Z
148,24,20,11.14,standard,2026-07-06T22:17:09Z
148,24,21,11.14,standard,2026-07-06T22:17:09Z
148,24,22,11.14,standard,2026-07-06T22:17:09Z
148,24,23,11.14,standard,2026-07-06T22:17:09Z
148,24,24,11.14,standard,2026-07-06T22:17:09Z
148,24,25,11.14,standard,2026-07-06T22:17:09Z
148,24,26,11.14,standard,2026-07-06T22:17:09Z
148,25,3,11.14,standard,2026-07-06T22:17:09Z
148,25,4,11.14,standard,2026-07-06T22:17:09Z
148,25,5,11.14,standard,2026-07-06T22:17:09Z
148,25,6,11.14,standard,2026-07-06T22:17:09Z
148,25,7,11.14,standard,2026-07-06T22:17:09Z
148,25,8,11.14,standard,2026-07-06T22:17:09Z
148,25,9,11.14,standard,2026-07-06T22:17:09Z
148,25,10,11.14,standard,2026-07-06T22:17:09Z
148,25,11,11.14,standard,2026-07-06T22:17:09Z
148,25,12,11.14,standard,2026-07-06T22:17:09Z
148,25,13,11.14,standard,2026-07-06T22:17:09Z
148,25,14,11.14,standard,2026-07-06T22:17:09Z
148,25,15,11.14,standard,2026-07-06T22:17:09Z
148,25,16,11.14,standard,2026-07-06T22:17:09Z
148,25,17,11.14,standard,2026-07-06T22:17:09Z
148,25,18,11.14,standard,2026-07-06T22:17:09Z
148,25,19,11.14,standard,2026-07-06T22:17:09Z
148,25,20,11.14,standard,2026-07-06T22:17:09Z
148,25,21,11.14,standard,2026-07-06T22:17:09Z
148,25,22,11.14,standard,2026-07-06T22:17:09Z
148,25,23,11.14,standard,2026-07-06T22:17:09Z
148,25,24,11.14,standard,2026-07-06T22:17:09Z
148,25,25,11.14,standard,2026-07-06T22:17:09Z
148,25,26,11.14,standard,2026-07-06T22:17:09Z
148,25,27,11.14,standard,2026-07-06T22:17:09Z
148,26,3,11.14,standard,2026-07-06T22:17:09Z
148,26,4,11.14,standard,2026-07-06T22:17:09Z
148,26,5,11.14,standard,2026-07-06T22:17:09Z
148,26,6,11.14,standard,2026-07-06T22:17:09Z
148,26,7,11.14,standard,2026-07-06T22:17:09Z
148,26,8,11.14,standard,2026-07-06T22:17:09Z
148,26,9,11.14,standard,2026-07-06T22:17:09Z
148,26,10,11.14,standard,2026-07-06T22:17:09Z
148,26,11,11.14,standard,2026-07-06T22:17:09Z
148,26,12,11.14,standard,2026-07-06T22:17:09Z
148,26,13,11.14,standard,2026-07-06T22:17:09Z
148,26,14,11.14,standard,2026-07-06T22:17:09Z
148,26,15,11.14,standard,2026-07-06T22:17:09Z
148,26,16,11.14,standard,2026-07-06T22:17:09Z
148,26,17,11.14,standard,2026-07-06T22:17:09Z
148,26,18,11.14,standard,2026-07-06T22:17:09Z
148,26,19,11.14,standard,2026-07-06T22:17:09Z
148,26,20,11.14,standard,2026-07-06T22:17:09Z
148,26,21,11.14,standard,2026-07-06T22:17:09Z
148,26,22,11.14,standard,2026-07-06T22:17:09Z
148,26,23,11.14,standard,2026-07-06T22:17:09Z
148,26,24,11.14,standard,2026-07-06T22:17:09Z
148,26,25,11.14,standard,2026-07-06T22:17:09Z
148,26,26,11.14,standard,2026-07-06T22:17:09Z
148,26,27,11.14,standard,2026-07-06T22:17:09Z
148,27,3,11.14,standard,2026-07-06T22:17:09Z
148,27,4,11.14,standard,2026-07-06T22:17:09Z
148,27,5,11.14,standard,2026-07-06T22:17:09Z
148,27,6,11.14,standard,2026-07-06T22:17:09Z
148,27,7,11.14,standard,2026-07-06T22:17:09Z
148,27,8,11.14,standard,2026-07-06T22:17:09Z
148,27,9,11.14,standard,2026-07-06T22:17:09Z
148,27,10,11.14,standard,2026-07-06T22:17:09Z
148,27,11,11.14,standard,2026-07-06T22:17:09Z
148,27,12,11.14,standard,2026-07-06T22:17:09Z
148,27,13,11.14,standard,2026-07-06T22:17:09Z
148,27,14,11.14,standard,2026-07-06T22:17:09Z
148,27,15,11.14,standard,2026-07-06T22:17:09Z
148,27,16,11.14,standard,2026-07-06T22:17:09Z
148,27,17,11.14,standard,2026-07-06T22:17:09Z
148,27,18,11.14,standard,2026-07-06T22:17:09Z
148,27,19,11.14,standard,2026-07-06T22:17:09Z
148,27,20,11.14,standard,2026-07-06T22:17:09Z
148,27,21,11.14,standard,2026-07-06T22:17:09Z
148,27,22,11.14,standard,2026-07-06T22:17:09Z
148,27,23,11.14,standard,2026-07-06T22:17:09Z
148,27,24,11.14,standard,2026-07-06T22:17:09Z
148,27,25,11.14,standard,2026-07-06T22:17:09Z
148,27,26,11.14,standard,2026-07-06T22:17:09Z
148,27,27,11.14,standard,2026-07-06T22:17:09Z
148,28,3,11.14,standard,2026-07-06T22:17:09Z
148,28,4,11.14,standard,2026-07-06T22:17:09Z
148,28,5,11.14,standard,2026-07-06T22:17:09Z
148,28,6,11.14,standard,2026-07-06T22:17:09Z
148,28,7,11.14,standard,2026-07-06T22:17:09Z
148,28,8,11.14,standard,2026-07-06T22:17:09Z
148,28,9,11.14,standard,2026-07-06T22:17:09Z
148,28,10,11.14,standard,2026-07-06T22:17:09Z
148,28,11,11.14,standard,2026-07-06T22:17:09Z
148,28,12,11.14,standard,2026-07-06T22:17:09Z
148,28,13,11.14,standard,2026-07-06T22:17:09Z
148,28,14,11.14,standard,2026-07-06T22:17:09Z
148,28,15,11.14,standard,2026-07-06T22:17:09Z
148,28,16,11.14,standard,2026-07-06T22:17:09Z
148,28,17,11.14,standard,2026-07-06T22:17:09Z
148,28,18,11.14,standard,2026-07-06T22:17:09Z
148,28,19,11.14,standard,2026-07-06T22:17:09Z
148,28,20,11.14,standard,2026-07-06T22:17:09Z
148,28,21,11.14,standard,2026-07-06T22:17:09Z
148,28,22,11.14,standard,2026-07-06T22:17:09Z
148,28,23,11.14,standard,2026-07-06T22:17:09Z
148,28,24,11.14,standard,2026-07-06T22:17:09Z
148,28,25,11.14,standard,2026-07-06T22:17:09Z
148,28,26,11.14,standard,2026-07-06T22:17:09Z
148,28,27,11.14,standard,2026-07-06T22:17:09Z
148,28,28,11.14,standard,2026-07-06T22:17:09Z
148,29,3,11.14,standard,2026-07-06T22:17:09Z
148,29,4,11.14,standard,2026-07-06T22:17:09Z
148,29,5,11.14,standard,2026-07-06T22:17:09Z
148,29,6,11.14,standard,2026-07-06T22:17:09Z
148,29,7,11.14,standard,2026-07-06T22:17:09Z
148,29,8,11.14,standard,2026-07-06T22:17:09Z
148,29,9,11.14,standard,2026-07-06T22:17:09Z
148,29,10,11.14,standard,2026-07-06T22:17:09Z
148,29,11,11.14,standard,2026-07-06T22:17:09Z
148,29,12,11.14,standard,2026-07-06T22:17:09Z
148,29,13,11.14,standard,2026-07-06T22:17:09Z
148,29,14,11.14,standard,2026-07-06T22:17:09Z
148,29,15,11.14,standard,2026-07-06T22:17:09Z
148,29,16,11.14,standard,2026-07-06T22:17:09Z
148,29,17,11.14,standard,2026-07-06T22:17:09Z
148,29,18,11.14,standard,2026-07-06T22:17:09Z
148,29,19,11.14,standard,2026-07-06T22:17:09Z
148,29,20,11.14,standard,2026-07-06T22:17:09Z
148,29,21,11.14,standard,2026-07-06T22:17:09Z
148,29,22,11.14,standard,2026-07-06T22:17:09Z
148,29,23,11.14,standard,2026-07-06T22:17:09Z
148,29,24,11.14,standard,2026-07-06T22:17:09Z
148,29,25,11.14,standard,2026-07-06T22:17:09Z
148,29,26,11.14,standard,2026-07-06T22:17:09Z
148,29,27,11.14,standard,2026-07-06T22:17:09Z
148,29,28,11.14,standard,2026-07-06T22:17:09Z
149,7,17,11.14,standard,2026-07-06T22:17:09Z
149,7,18,11.14,standard,2026-07-06T22:17:09Z
149,8,4,11.14,standard,2026-07-06T22:17:09Z
149,8,5,11.14,standard,2026-07-06T22:17:09Z
149,8,6,11.14,standard,2026-07-06T22:17:09Z
149,8,19,11.14,standard,2026-07-06T22:17:09Z
149,8,20,11.14,standard,2026-07-06T22:17:09Z
149,10,5,11.14,standard,2026-07-06T22:17:09Z
149,10,6,11.14,standard,2026-07-06T22:17:09Z
149,13,11,11.14,standard,2026-07-06T22:17:09Z
149,13,12,11.14,standard,2026-07-06T22:17:09Z
150,13,3,11.14,standard,2026-07-06T22:17:09Z
150,13,4,11.14,standard,2026-07-06T22:17:09Z
150,14,5,11.14,standard,2026-07-06T22:17:09Z
150,14,6,11.14,standard,2026-07-06T22:17:09Z
150,15,9,11.14,standard,2026-07-06T22:17:09Z
150,15,10,11.14,standard,2026-07-06T22:17:09Z
150,15,11,11.14,standard,2026-07-06T22:17:09Z
150,15,12,11.14,standard,2026-07-06T22:17:09Z
150,16,17,11.14,standard,2026-07-06T22:17:09Z
150,16,18,11.14,standard,2026-07-06T22:17:09Z
150,17,8,11.14,standard,2026-07-06T22:17:09Z
150,17,9,11.14,standard,2026-07-06T22:17:09Z
150,17,13,11.14,standard,2026-07-06T22:17:09Z
150,17,14,11.14,standard,2026-07-06T22:17:09Z
150,17,15,11.14,standard,2026-07-06T22:17:09Z
150,17,16,11.14,standard,2026-07-06T22:17:09Z
150,17,17,11.14,standard,2026-07-06T22:17:09Z
150,17,18,11.14,standard,2026-07-06T22:17:09Z
150,17,19,11.14,standard,2026-07-06T22:17:09Z
150,18,11,11.14,standard,2026-07-06T22:17:09Z
150,18,12,11.14,standard,2026-07-06T22:17:09Z
150,18,13,11.14,standard,2026-07-06T22:17:09Z
150,18,14,11.14,standard,2026-07-06T22:17:09Z
150,18,15,11.14,standard,2026-07-06T22:17:09Z
150,18,16,11.14,standard,2026-07-06T22:17:09Z
150,18,17,11.14,standard,2026-07-06T22:17:09Z
150,18,18,11.14,standard,2026-07-06T22:17:09Z
150,18,19,11.14,standard,2026-07-06T22:17:09Z
150,21,3,11.14,standard,2026-07-06T22:17:09Z
150,21,4,11.14,standard,2026-07-06T22:17:09Z
150,21,5,11.14,standard,2026-07-06T22:17:09Z
150,21,6,11.14,standard,2026-07-06T22:17:09Z
150,21,7,11.14,standard,2026-07-06T22:17:09Z
150,21,8,11.14,standard,2026-07-06T22:17:09Z
150,21,9,11.14,standard,2026-07-06T22:17:09Z
150,21,10,11.14,standard,2026-07-06T22:17:09Z
150,21,11,11.14,standard,2026-07-06T22:17:09Z
150,21,12,11.14,standard,2026-07-06T22:17:09Z
150,21,13,11.14,standard,2026-07-06T22:17:09Z
150,21,14,11.14,standard,2026-07-06T22:17:09Z
150,21,15,11.14,standard,2026-07-06T22:17:09Z
150,21,16,11.14,standard,2026-07-06T22:17:09Z
150,21,17,11.14,standard,2026-07-06T22:17:09Z
150,21,18,11.14,standard,2026-07-06T22:17:09Z
150,21,19,11.14,standard,2026-07-06T22:17:09Z
150,21,20,11.14,standard,2026-07-06T22:17:09Z
150,21,21,11.14,standard,2026-07-06T22:17:09Z
150,21,22,11.14,standard,2026-07-06T22:17:09Z
150,22,3,11.14,standard,2026-07-06T22:17:09Z
150,22,4,11.14,standard,2026-07-06T22:17:09Z
150,22,5,11.14,standard,2026-07-06T22:17:09Z
150,22,6,11.14,standard,2026-07-06T22:17:09Z
150,22,7,11.14,standard,2026-07-06T22:17:09Z
150,22,8,11.14,standard,2026-07-06T22:17:09Z
150,22,9,11.14,standard,2026-07-06T22:17:09Z
150,22,10,11.14,standard,2026-07-06T22:17:09Z
150,22,11,11.14,standard,2026-07-06T22:17:09Z
150,22,12,11.14,standard,2026-07-06T22:17:09Z
150,22,13,11.14,standard,2026-07-06T22:17:09Z
150,22,14,11.14,standard,2026-07-06T22:17:09Z
150,22,15,11.14,standard,2026-07-06T22:17:09Z
150,22,16,11.14,standard,2026-07-06T22:17:09Z
150,22,17,11.14,standard,2026-07-06T22:17:09Z
150,22,18,11.14,standard,2026-07-06T22:17:09Z
150,22,19,11.14,standard,2026-07-06T22:17:09Z
150,22,20,11.14,standard,2026-07-06T22:17:09Z
150,22,21,11.14,standard,2026-07-06T22:17:09Z
150,22,22,11.14,standard,2026-07-06T22:17:09Z
150,23,3,11.14,standard,2026-07-06T22:17:09Z
150,23,4,11.14,standard,2026-07-06T22:17:09Z
150,23,5,11.14,standard,2026-07-06T22:17:09Z
150,23,6,11.14,standard,2026-07-06T22:17:09Z
150,23,7,11.14,standard,2026-07-06T22:17:09Z
150,23,8,11.14,standard,2026-07-06T22:17:09Z
150,23,9,11.14,standard,2026-07-06T22:17:09Z
150,23,10,11.14,standard,2026-07-06T22:17:09Z
150,23,11,11.14,standard,2026-07-06T22:17:09Z
150,23,12,11.14,standard,2026-07-06T22:17:09Z
150,23,13,11.14,standard,2026-07-06T22:17:09Z
150,23,14,11.14,standard,2026-07-06T22:17:09Z
150,23,15,11.14,standard,2026-07-06T22:17:09Z
150,23,16,11.14,standard,2026-07-06T22:17:09Z
150,23,17,11.14,standard,2026-07-06T22:17:09Z
150,23,18,11.14,standard,2026-07-06T22:17:09Z
150,23,19,11.14,standard,2026-07-06T22:17:09Z
150,23,20,11.14,standard,2026-07-06T22:17:09Z
150,23,21,11.14,standard,2026-07-06T22:17:09Z
150,23,22,11.14,standard,2026-07-06T22:17:09Z
150,24,3,11.14,standard,2026-07-06T22:17:09Z
150,24,4,11.14,standard,2026-07-06T22:17:09Z
150,24,5,11.14,standard,2026-07-06T22:17:09Z
150,24,6,11.14,standard,2026-07-06T22:17:09Z
150,24,7,11.14,standard,2026-07-06T22:17:09Z
150,24,8,11.14,standard,2026-07-06T22:17:09Z
150,24,9,11.14,standard,2026-07-06T22:17:09Z
150,24,10,11.14,standard,2026-07-06T22:17:09Z
150,24,11,11.14,standard,2026-07-06T22:17:09Z
150,24,12,11.14,standard,2026-07-06T22:17:09Z
150,24,13,11.14,standard,2026-07-06T22:17:09Z
150,24,14,11.14,standard,2026-07-06T22:17:09Z
150,24,15,11.14,standard,2026-07-06T22:17:09Z
150,24,16,11.14,standard,2026-07-06T22:17:09Z
150,24,17,11.14,standard,2026-07-06T22:17:09Z
150,24,18,11.14,standard,2026-07-06T22:17:09Z
150,24,19,11.14,standard,2026-07-06T22:17:09Z
150,24,20,11.14,standard,2026-07-06T22:17:09Z
150,24,21,11.14,standard,2026-07-06T22:17:09Z
150,24,22,11.14,standard,2026-07-06T22:17:09Z
150,25,3,11.14,standard,2026-07-06T22:17:09Z
150,25,4,11.14,standard,2026-07-06T22:17:09Z
150,25,5,11.14,standard,2026-07-06T22:17:09Z
150,25,6,11.14,standard,2026-07-06T22:17:09Z
150,25,7,11.14,standard,2026-07-06T22:17:09Z
150,25,8,11.14,standard,2026-07-06T22:17:09Z
150,25,9,11.14,standard,2026-07-06T22:17:09Z
150,25,10,11.14,standard,2026-07-06T22:17:09Z
150,25,11,11.14,standard,2026-07-06T22:17:09Z
150,25,12,11.14,standard,2026-07-06T22:17:09Z
150,25,13,11.14,standard,2026-07-06T22:17:09Z
150,25,14,11.14,standard,2026-07-06T22:17:09Z
150,25,15,11.14,standard,2026-07-06T22:17:09Z
150,25,16,11.14,standard,2026-07-06T22:17:09Z
150,25,17,11.14,standard,2026-07-06T22:17:09Z
150,25,18,11.14,standard,2026-07-06T22:17:09Z
150,25,19,11.14,standard,2026-07-06T22:17:09Z
150,25,20,11.14,standard,2026-07-06T22:17:09Z
150,25,21,11.14,standard,2026-07-06T22:17:09Z
150,25,22,11.14,standard,2026-07-06T22:17:09Z
150,26,3,11.14,standard,2026-07-06T22:17:09Z
150,26,4,11.14,standard,2026-07-06T22:17:09Z
150,26,5,11.14,standard,2026-07-06T22:17:09Z
150,26,6,11.14,standard,2026-07-06T22:17:09Z
150,26,7,11.14,standard,2026-07-06T22:17:09Z
150,26,8,11.14,standard,2026-07-06T22:17:09Z
150,26,9,11.14,standard,2026-07-06T22:17:09Z
150,26,10,11.14,standard,2026-07-06T22:17:09Z
150,26,11,11.14,standard,2026-07-06T22:17:09Z
150,26,12,11.14,standard,2026-07-06T22:17:09Z
150,26,13,11.14,standard,2026-07-06T22:17:09Z
150,26,14,11.14,standard,2026-07-06T22:17:09Z
150,26,15,11.14,standard,2026-07-06T22:17:09Z
150,26,16,11.14,standard,2026-07-06T22:17:09Z
150,26,17,11.14,standard,2026-07-06T22:17:09Z
150,26,18,11.14,standard,2026-07-06T22:17:09Z
150,26,19,11.14,standard,2026-07-06T22:17:09Z
150,26,20,11.14,standard,2026-07-06T22:17:09Z
150,26,21,11.14,standard,2026-07-06T22:17:09Z
150,26,22,11.14,standard,2026-07-06T22:17:09Z
150,27,3,11.14,standard,2026-07-06T22:17:09Z
150,27,4,11.14,standard,2026-07-06T22:17:09Z
150,27,5,11.14,standard,2026-07-06T22:17:09Z
150,27,6,11.14,standard,2026-07-06T22:17:09Z
150,27,7,11.14,standard,2026-07-06T22:17:09Z
150,27,8,11.14,standard,2026-07-06T22:17:09Z
150,27,9,11.14,standard,2026-07-06T22:17:09Z
150,27,10,11.14,standard,2026-07-06T22:17:09Z
150,27,11,11.14,standard,2026-07-06T22:17:09Z
150,27,12,11.14,standard,2026-07-06T22:17:09Z
150,27,13,11.14,standard,2026-07-06T22:17:09Z
150,27,14,11.14,standard,2026-07-06T22:17:09Z
150,27,15,11.14,standard,2026-07-06T22:17:09Z
150,27,16,11.14,standard,2026-07-06T22:17:09Z
150,27,17,11.14,standard,2026-07-06T22:17:09Z
150,27,18,11.14,standard,2026-07-06T22:17:09Z
150,27,19,11.14,standard,2026-07-06T22:17:09Z
150,27,20,11.14,standard,2026-07-06T22:17:09Z
150,27,21,11.14,standard,2026-07-06T22:17:09Z
150,27,22,11.14,standard,2026-07-06T22:17:09Z
150,28,3,11.14,standard,2026-07-06T22:17:09Z
150,28,4,11.14,standard,2026-07-06T22:17:09Z
150,28,5,11.14,standard,2026-07-06T22:17:09Z
150,28,6,11.14,standard,2026-07-06T22:17:09Z
150,28,7,11.14,standard,2026-07-06T22:17:09Z
150,28,8,11.14,standard,2026-07-06T22:17:09Z
150,28,9,11.14,standard,2026-07-06T22:17:09Z
150,28,10,11.14,standard,2026-07-06T22:17:09Z
150,28,11,11.14,standard,2026-07-06T22:17:09Z
150,28,12,11.14,standard,2026-07-06T22:17:09Z
150,28,13,11.14,standard,2026-07-06T22:17:09Z
150,28,14,11.14,standard,2026-07-06T22:17:09Z
150,28,15,11.14,standard,2026-07-06T22:17:09Z
150,28,16,11.14,standard,2026-07-06T22:17:09Z
150,28,17,11.14,standard,2026-07-06T22:17:09Z
150,28,18,11.14,standard,2026-07-06T22:17:09Z
150,28,19,11.14,standard,2026-07-06T22:17:09Z
150,28,20,11.14,standard,2026-07-06T22:17:09Z
150,28,21,11.14,standard,2026-07-06T22:17:09Z
150,28,22,11.14,standard,2026-07-06T22:17:09Z
150,29,3,11.14,standard,2026-07-06T22:17:09Z
150,29,4,11.14,standard,2026-07-06T22:17:09Z
150,29,5,11.14,standard,2026-07-06T22:17:09Z
150,29,6,11.14,standard,2026-07-06T22:17:09Z
150,29,7,11.14,standard,2026-07-06T22:17:09Z
150,29,8,11.14,standard,2026-07-06T22:17:09Z
150,29,9,11.14,standard,2026-07-06T22:17:09Z
150,29,10,11.14,standard,2026-07-06T22:17:09Z
150,29,11,11.14,standard,2026-07-06T22:17:09Z
150,29,12,11.14,standard,2026-07-06T22:17:09Z
150,29,13,11.14,standard,2026-07-06T22:17:09Z
150,29,14,11.14,standard,2026-07-06T22:17:09Z
150,29,15,11.14,standard,2026-07-06T22:17:09Z
150,29,16,11.14,standard,2026-07-06T22:17:09Z
150,29,17,11.14,standard,2026-07-06T22:17:09Z
150,29,18,11.14,standard,2026-07-06T22:17:09Z
150,29,19,11.14,standard,2026-07-06T22:17:09Z
150,29,20,11.14,standard,2026-07-06T22:17:09Z
150,29,21,11.14,standard,2026-07-06T22:17:09Z
150,29,22,11.14,standard,2026-07-06T22:17:09Z
151,10,4,11.14,standard,2026-07-06T22:17:09Z
151,10,5,11.14,standard,2026-07-06T22:17:09Z
151,10,6,11.14,standard,2026-07-06T22:17:09Z
151,10,9,11.14,standard,2026-07-06T22:17:09Z
151,10,10,11.14,standard,2026-07-06T22:17:09Z
151,12,9,11.14,standard,2026-07-06T22:17:09Z
151,12,10,11.14,standard,2026-07-06T22:17:09Z
151,17,13,11.14,standard,2026-07-06T22:17:09Z
151,17,14,11.14,standard,2026-07-06T22:17:09Z
151,17,15,11.14,standard,2026-07-06T22:17:09Z
151,18,2,11.14,standard,2026-07-06T22:17:09Z
151,18,3,11.14,standard,2026-07-06T22:17:09Z
151,18,4,11.14,standard,2026-07-06T22:17:09Z
151,18,5,11.14,standard,2026-07-06T22:17:09Z
151,18,6,11.14,standard,2026-07-06T22:17:09Z
151,18,7,11.14,standard,2026-07-06T22:17:09Z
151,18,8,11.14,standard,2026-07-06T22:17:09Z
151,18,9,11.14,standard,2026-07-06T22:17:09Z
151,18,10,11.14,standard,2026-07-06T22:17:09Z
151,18,11,11.14,standard,2026-07-06T22:17:09Z
151,18,12,11.14,standard,2026-07-06T22:17:09Z
151,18,13,11.14,standard,2026-07-06T22:17:09Z
151,18,14,11.14,standard,2026-07-06T22:17:09Z
151,18,15,11.14,standard,2026-07-06T22:17:09Z
151,19,2,11.14,standard,2026-07-06T22:17:09Z
151,19,3,11.14,standard,2026-07-06T22:17:09Z
151,19,4,11.14,standard,2026-07-06T22:17:09Z
151,19,5,11.14,standard,2026-07-06T22:17:09Z
151,19,6,11.14,standard,2026-07-06T22:17:09Z
151,19,7,11.14,standard,2026-07-06T22:17:09Z
151,19,8,11.14,standard,2026-07-06T22:17:09Z
151,19,9,11.14,standard,2026-07-06T22:17:09Z
151,19,10,11.14,standard,2026-07-06T22:17:09Z
151,19,11,11.14,standard,2026-07-06T22:17:09Z
151,19,12,11.14,standard,2026-07-06T22:17:09Z
151,19,13,11.14,standard,2026-07-06T22:17:09Z
151,19,14,11.14,standard,2026-07-06T22:17:09Z
151,20,2,11.14,standard,2026-07-06T22:17:09Z
151,20,3,11.14,standard,2026-07-06T22:17:09Z
151,20,4,11.14,standard,2026-07-06T22:17:09Z
151,20,5,11.14,standard,2026-07-06T22:17:09Z
151,20,6,11.14,standard,2026-07-06T22:17:09Z
151,20,7,11.14,standard,2026-07-06T22:17:09Z
151,20,8,11.14,standard,2026-07-06T22:17:09Z
151,20,9,11.14,standard,2026-07-06T22:17:09Z
151,20,10,11.14,standard,2026-07-06T22:17:09Z
151,20,11,11.14,standard,2026-07-06T22:17:09Z
151,20,12,11.14,standard,2026-07-06T22:17:09Z
151,20,13,11.14,standard,2026-07-06T22:17:09Z
151,21,2,11.14,standard,2026-07-06T22:17:09Z
151,21,3,11.14,standard,2026-07-06T22:17:09Z
151,21,4,11.14,standard,2026-07-06T22:17:09Z
151,21,5,11.14,standard,2026-07-06T22:17:09Z
151,21,6,11.14,standard,2026-07-06T22:17:09Z
151,21,7,11.14,standard,2026-07-06T22:17:09Z
151,21,8,11.14,standard,2026-07-06T22:17:09Z
151,21,9,11.14,standard,2026-07-06T22:17:09Z
151,21,10,11.14,standard,2026-07-06T22:17:09Z
151,21,11,11.14,standard,2026-07-06T22:17:09Z
151,21,12,11.14,standard,2026-07-06T22:17:09Z
151,22,2,11.14,standard,2026-07-06T22:17:09Z
151,22,3,11.14,standard,2026-07-06T22:17:09Z
151,22,4,11.14,standard,2026-07-06T22:17:09Z
151,22,5,11.14,standard,2026-07-06T22:17:09Z
151,22,6,11.14,standard,2026-07-06T22:17:09Z
151,22,7,11.14,standard,2026-07-06T22:17:09Z
151,22,8,11.14,standard,2026-07-06T22:17:09Z
151,22,9,11.14,standard,2026-07-06T22:17:09Z
151,22,10,11.14,standard,2026-07-06T22:17:09Z
151,22,11,11.14,standard,2026-07-06T22:17:09Z
151,28,3,11.14,standard,2026-07-06T22:17:09Z
151,28,4,11.14,standard,2026-07-06T22:17:09Z
16,6,1,11.14,standard,2026-07-06T22:17:09Z
16,6,2,11.14,standard,2026-07-06T22:17:09Z
16,7,1,11.14,standard,2026-07-06T22:17:09Z
16,7,2,11.14,standard,2026-07-06T22:17:09Z
16,7,3,11.14,standard,2026-07-06T22:17:09Z
16,7,4,11.14,standard,2026-07-06T22:17:09Z
16,7,5,11.14,standard,2026-07-06T22:17:09Z
16,7,6,11.14,standard,2026-07-06T22:17:09Z
16,7,7,11.14,standard,2026-07-06T22:17:09Z
16,7,8,11.14,standard,2026-07-06T22:17:09Z
16,8,5,11.14,standard,2026-07-06T22:17:09Z
16,8,6,11.14,standard,2026-07-06T22:17:09Z
16,8,7,11.14,standard,2026-07-06T22:17:09Z
16,8,8,11.14,standard,2026-07-06T22:17:09Z
16,12,7,11.14,standard,2026-07-06T22:17:09Z
16,12,8,11.14,standard,2026-07-06T22:17:09Z
18,10,1,11.14,standard,2026-07-06T22:17:09Z
18,10,2,11.14,standard,2026-07-06T22:17:09Z
18,10,3,11.14,standard,2026-07-06T22:17:09Z
18,10,4,11.14,standard,2026-07-06T22:17:09Z
210,5,11,11.14,standard,2026-07-06T22:17:09Z
210,5,12,11.14,standard,2026-07-06T22:17:09Z
210,7,5,11.14,standard,2026-07-06T22:17:09Z
210,7,6,11.14,standard,2026-07-06T22:17:09Z
210,11,1,11.14,standard,2026-07-06T22:17:09Z
210,11,2,11.14,standard,2026-07-06T22:17:09Z
210,11,3,11.14,standard,2026-07-06T22:17:09Z
210,11,4,11.14,standard,2026-07-06T22:17:09Z
210,11,5,11.14,standard,2026-07-06T22:17:09Z
210,11,8,11.14,standard,2026-07-06T22:17:09Z
210,11,9,11.14,standard,2026-07-06T22:17:09Z
210,12,10,11.14,standard,2026-07-06T22:17:09Z
210,12,11,11.14,standard,2026-07-06T22:17:09Z
211,5,6,11.14,standard,2026-07-06T22:17:09Z
211,5,7,11.14,standard,2026-07-06T22:17:09Z
211,5,8,11.14,standard,2026-07-06T22:17:09Z
211,6,9,11.14,standard,2026-07-06T22:17:09Z
211,6,10,11.14,standard,2026-07-06T22:17:09Z
211,8,9,11.14,standard,2026-07-06T22:17:09Z
211,8,10,11.14,standard,2026-07-06T22:17:09Z
211,11,10,11.14,standard,2026-07-06T22:17:09Z
211,11,11,11.14,standard,2026-07-06T22:17:09Z
211,12,7,11.14,standard,2026-07-06T22:17:09Z
211,12,8,11.14,standard,2026-07-06T22:17:09Z
211,12,9,11.14,standard,2026-07-06T22:17:09Z
211,12,14,11.14,standard,2026-07-06T22:17:09Z
211,12,15,11.14,standard,2026-07-06T22:17:09Z
212,8,3,11.14,standard,2026-07-06T22:17:09Z
212,8,4,11.14,standard,2026-07-06T22:17:09Z
212,9,1,11.14,standard,2026-07-06T22:17:09Z
212,9,2,11.14,standard,2026-07-06T22:17:09Z
212,9,3,11.14,standard,2026-07-06T22:17:09Z
212,9,4,11.14,standard,2026-07-06T22:17:09Z
212,9,5,11.14,standard,2026-07-06T22:17:09Z
212,9,16,11.14,standard,2026-07-06T22:17:09Z
212,9,17,11.14,standard,2026-07-06T22:17:09Z
212,9,18,11.14,standard,2026-07-06T22:17:09Z
212,9,19,11.14,standard,2026-07-06T22:17:09Z
212,9,20,11.14,standard,2026-07-06T22:17:09Z
212,9,21,11.14,standard,2026-07-06T22:17:09Z
212,9,22,11.14,standard,2026-07-06T22:17:09Z
212,9,23,11.14,standard,2026-07-06T22:17:09Z
212,10,3,11.14,standard,2026-07-06T22:17:09Z
212,10,4,11.14,standard,2026-07-06T22:17:09Z
212,10,5,11.14,standard,2026-07-06T22:17:09Z
212,10,6,11.14,standard,2026-07-06T22:17:09Z
212,10,7,11.14,standard,2026-07-06T22:17:09Z
212,10,8,11.14,standard,2026-07-06T22:17:09Z
212,10,9,11.14,standard,2026-07-06T22:17:09Z
212,10,10,11.14,standard,2026-07-06T22:17:09Z
212,10,11,11.14,standard,2026-07-06T22:17:09Z
212,10,12,11.14,standard,2026-07-06T22:17:09Z
212,10,13,11.14,standard,2026-07-06T22:17:09Z
212,10,14,11.14,standard,2026-07-06T22:17:09Z
212,10,15,11.14,standard,2026-07-06T22:17:09Z
212,10,16,11.14,standard,2026-07-06T22:17:09Z
212,10,17,11.14,standard,2026-07-06T22:17:09Z
212,10,18,11.14,standard,2026-07-06T22:17:09Z
212,10,19,11.14,standard,2026-07-06T22:17:09Z
212,10,20,11.14,standard,2026-07-06T22:17:09Z
212,10,21,11.14,standard,2026-07-06T22:17:09Z
212,10,22,11.14,standard,2026-07-06T22:17:09Z
212,10,23,11.14,standard,2026-07-06T22:17:09Z
212,10,24,11.14,standard,2026-07-06T22:17:09Z
212,11,5,11.14,standard,2026-07-06T22:17:09Z
212,11,6,11.14,standard,2026-07-06T22:17:09Z
212,11,7,11.14,standard,2026-07-06T22:17:09Z
212,11,8,11.14,standard,2026-07-06T22:17:09Z
212,11,9,11.14,standard,2026-07-06T22:17:09Z
212,11,10,11.14,standard,2026-07-06T22:17:09Z
212,11,11,11.14,standard,2026-07-06T22:17:09Z
212,11,12,11.14,standard,2026-07-06T22:17:09Z
212,11,13,11.14,standard,2026-07-06T22:17:09Z
212,11,14,11.14,standard,2026-07-06T22:17:09Z
212,11,15,11.14,standard,2026-07-06T22:17:09Z
212,11,16,11.14,standard,2026-07-06T22:17:09Z
212,11,17,11.14,standard,2026-07-06T22:17:09Z
212,11,18,11.14,standard,2026-07-06T22:17:09Z
212,11,19,11.14,standard,2026-07-06T22:17:09Z
212,11,20,11.14,standard,2026-07-06T22:17:09Z
212,11,21,11.14,standard,2026-07-06T22:17:09Z
212,11,22,11.14,standard,2026-07-06T22:17:09Z
212,12,3,11.14,standard,2026-07-06T22:17:09Z
212,12,4,11.14,standard,2026-07-06T22:17:09Z
212,12,5,11.14,standard,2026-07-06T22:17:09Z
212,12,6,11.14,standard,2026-07-06T22:17:09Z
212,12,7,11.14,standard,2026-07-06T22:17:09Z
212,12,8,11.14,standard,2026-07-06T22:17:09Z
212,12,9,11.14,standard,2026-07-06T22:17:09Z
212,12,10,11.14,standard,2026-07-06T22:17:09Z
212,12,11,11.14,standard,2026-07-06T22:17:09Z
212,12,12,11.14,standard,2026-07-06T22:17:09Z
212,12,13,11.14,standard,2026-07-06T22:17:09Z
212,12,14,11.14,standard,2026-07-06T22:17:09Z
212,12,15,11.14,standard,2026-07-06T22:17:09Z
212,12,16,11.14,standard,2026-07-06T22:17:09Z
212,12,17,11.14,standard,2026-07-06T22:17:09Z
212,12,18,11.14,standard,2026-07-06T22:17:09Z
212,12,19,11.14,standard,2026-07-06T22:17:09Z
212,12,20,11.14,standard,2026-07-06T22:17:09Z
212,12,21,11.14,standard,2026-07-06T22:17:09Z
212,12,22,11.14,standard,2026-07-06T22:17:09Z
212,12,23,11.14,standard,2026-07-06T22:17:09Z
212,12,24,11.14,standard,2026-07-06T22:17:09Z
212,12,25,11.14,standard,2026-07-06T22:17:09Z
212,12,26,11.14,standard,2026-07-06T22:17:09Z
212,12,27,11.14,standard,2026-07-06T22:17:09Z
212,12,28,11.14,standard,2026-07-06T22:17:09Z
212,12,29,11.14,standard,2026-07-06T22:17:09Z
213,7,3,11.14,standard,2026-07-06T22:17:09Z
213,7,4,11.14,standard,2026-07-06T22:17:09Z
213,8,5,11.14,standard,2026-07-06T22:17:09Z
213,8,6,11.14,standard,2026-07-06T22:17:09Z
213,8,7,11.14,standard,2026-07-06T22:17:09Z
213,8,8,11.14,standard,2026-07-06T22:17:09Z
213,8,9,11.14,standard,2026-07-06T22:17:09Z
213,8,10,11.14,standard,2026-07-06T22:17:09Z
213,8,11,11.14,standard,2026-07-06T22:17:09Z
213,8,12,11.14,standard,2026-07-06T22:17:09Z
213,8,15,11.14,standard,2026-07-06T22:17:09Z
213,8,16,11.14,standard,2026-07-06T22:17:09Z
213,8,17,11.14,standard,2026-07-06T22:17:09Z
213,8,18,11.14,standard,2026-07-06T22:17:09Z
213,8,19,11.14,standard,2026-07-06T22:17:09Z
213,9,12,11.14,standard,2026-07-06T22:17:09Z
213,9,13,11.14,standard,2026-07-06T22:17:09Z
213,9,14,11.14,standard,2026-07-06T22:17:09Z
213,9,15,11.14,standard,2026-07-06T22:17:09Z
213,9,16,11.14,standard,2026-07-06T22:17:09Z
213,9,17,11.14,standard,2026-07-06T22:17:09Z
213,9,18,11.14,standard,2026-07-06T22:17:09Z
213,9,19,11.14,standard,2026-07-06T22:17:09Z
213,10,5,11.14,standard,2026-07-06T22:17:09Z
213,10,6,11.14,standard,2026-07-06T22:17:09Z
213,10,7,11.14,standard,2026-07-06T22:17:09Z
213,10,8,11.14,standard,2026-07-06T22:17:09Z
213,10,9,11.14,standard,2026-07-06T22:17:09Z
213,10,10,11.14,standard,2026-07-06T22:17:09Z
213,10,16,11.14,standard,2026-07-06T22:17:09Z
213,10,17,11.14,standard,2026-07-06T22:17:09Z
213,11,3,11.14,standard,2026-07-06T22:17:09Z
213,11,4,11.14,standard,2026-07-06T22:17:09Z
213,11,5,11.14,standard,2026-07-06T22:17:09Z
213,11,6,11.14,standard,2026-07-06T22:17:09Z
213,11,7,11.14,standard,2026-07-06T22:17:09Z
213,11,8,11.14,standard,2026-07-06T22:17:09Z
213,11,9,11.14,standard,2026-07-06T22:17:09Z
213,11,10,11.14,standard,2026-07-06T22:17:09Z
213,11,13,11.14,standard,2026-07-06T22:17:09Z
213,11,14,11.14,standard,2026-07-06T22:17:09Z
213,11,15,11.14,standard,2026-07-06T22:17:09Z
213,11,16,11.14,standard,2026-07-06T22:17:09Z
213,11,17,11.14,standard,2026-07-06T22:17:09Z
213,12,13,11.14,standard,2026-07-06T22:17:09Z
213,12,14,11.14,standard,2026-07-06T22:17:09Z
213,12,15,11.14,standard,2026-07-06T22:17:09Z
213,12,16,11.14,standard,2026-07-06T22:17:09Z
213,12,17,11.14,standard,2026-07-06T22:17:09Z
213,12,18,11.14,standard,2026-07-06T22:17:09Z
213,12,19,11.14,standard,2026-07-06T22:17:09Z
213,14,17,11.14,standard,2026-07-06T22:17:09Z
213,14,18,11.14,standard,2026-07-06T22:17:09Z
214,4,10,11.14,standard,2026-07-06T22:17:09Z
214,4,11,11.14,standard,2026-07-06T22:17:09Z
214,5,4,11.14,standard,2026-07-06T22:17:09Z
214,5,5,11.14,standard,2026-07-06T22:17:09Z
214,5,6,11.14,standard,2026-07-06T22:17:09Z
214,6,11,11.14,standard,2026-07-06T22:17:09Z
214,6,12,11.14,standard,2026-07-06T22:17:09Z
214,6,13,11.14,standard,2026-07-06T22:17:09Z
214,7,19,11.14,standard,2026-07-06T22:17:09Z
214,7,20,11.14,standard,2026-07-06T22:17:09Z
214,8,10,11.14,standard,2026-07-06T22:17:09Z
214,8,11,11.14,standard,2026-07-06T22:17:09Z
214,8,14,11.14,standard,2026-07-06T22:17:09Z
214,8,15,11.14,standard,2026-07-06T22:17:09Z
214,10,9,11.14,standard,2026-07-06T22:17:09Z
214,10,10,11.14,standard,2026-07-06T22:17:09Z
214,10,11,11.14,standard,2026-07-06T22:17:09Z
214,11,17,11.14,standard,2026-07-06T22:17:09Z
214,11,18,11.14,standard,2026-07-06T22:17:09Z
214,12,6,11.14,standard,2026-07-06T22:17:09Z
214,12,17,11.14,standard,2026-07-06T22:17:09Z
214,12,18,11.14,standard,2026-07-06T22:17:09Z
214,12,19,11.14,standard,2026-07-06T22:17:09Z
214,13,11,11.14,standard,2026-07-06T22:17:09Z
214,13,12,11.14,standard,2026-07-06T22:17:09Z
214,13,17,11.14,standard,2026-07-06T22:17:09Z
214,13,18,11.14,standard,2026-07-06T22:17:09Z
214,14,5,11.14,standard,2026-07-06T22:17:09Z
214,14,6,11.14,standard,2026-07-06T22:17:09Z
214,14,11,11.14,standard,2026-07-06T22:17:09Z
214,14,12,11.14,standard,2026-07-06T22:17:09Z
214,14,17,11.14,standard,2026-07-06T22:17:09Z
214,14,18,11.14,standard,2026-07-06T22:17:09Z
216,1,9,11.14,standard,2026-07-06T22:17:09Z
216,1,10,11.14,standard,2026-07-06T22:17:09Z
216,7,20,11.14,standard,2026-07-06T22:17:09Z
216,7,21,11.14,standard,2026-07-06T22:17:09Z
216,9,10,11.14,standard,2026-07-06T22:17:09Z
216,9,11,11.14,standard,2026-07-06T22:17:09Z
216,10,10,11.14,standard,2026-07-06T22:17:09Z
216,10,11,11.14,standard,2026-07-06T22:17:09Z
216,12,13,11.14,standard,2026-07-06T22:17:09Z
216,12,14,11.14,standard,2026-07-06T22:17:09Z
216,12,15,11.14,standard,2026-07-06T22:17:09Z
216,13,14,11.14,standard,2026-07-06T22:17:09Z
216,13,15,11.14,standard,2026-07-06T22:17:09Z
216,13,16,11.14,standard,2026-07-06T22:17:09Z
216,14,14,11.14,standard,2026-07-06T22:17:09Z
216,14,15,11.14,standard,2026-07-06T22:17:09Z
216,15,8,11.14,standard,2026-07-06T22:17:09Z
216,15,9,11.14,standard,2026-07-06T22:17:09Z
216,15,10,11.14,standard,2026-07-06T22:17:09Z
217,3,11,11.14,standard,2026-07-06T22:17:09Z
217,3,12,11.14,standard,2026-07-06T22:17:09Z
217,4,3,11.14,standard,2026-07-06T22:17:09Z
217,4,5,11.14,standard,2026-07-06T22:17:09Z
217,4,6,11.14,standard,2026-07-06T22:17:09Z
217,4,7,11.14,standard,2026-07-06T22:17:09Z
217,4,8,11.14,standard,2026-07-06T22:17:09Z
217,4,9,11.14,standard,2026-07-06T22:17:09Z
217,4,10,11.14,standard,2026-07-06T22:17:09Z
217,4,11,11.14,standard,2026-07-06T22:17:09Z
217,4,12,11.14,standard,2026-07-06T22:17:09Z
217,4,13,11.14,standard,2026-07-06T22:17:09Z
217,4,14,11.14,standard,2026-07-06T22:17:09Z
217,4,15,11.14,standard,2026-07-06T22:17:09Z
217,4,16,11.14,standard,2026-07-06T22:17:09Z
217,4,17,11.14,standard,2026-07-06T22:17:09Z
217,5,7,11.14,standard,2026-07-06T22:17:09Z
217,5,8,11.14,standard,2026-07-06T22:17:09Z
217,5,9,11.14,standard,2026-07-06T22:17:09Z
217,5,10,11.14,standard,2026-07-06T22:17:09Z
217,5,11,11.14,standard,2026-07-06T22:17:09Z
217,5,12,11.14,standard,2026-07-06T22:17:09Z
217,5,13,11.14,standard,2026-07-06T22:17:09Z
217,5,14,11.14,standard,2026-07-06T22:17:09Z
217,5,15,11.14,standard,2026-07-06T22:17:09Z
217,5,16,11.14,standard,2026-07-06T22:17:09Z
217,5,17,11.14,standard,2026-07-06T22:17:09Z
217,5,18,11.14,standard,2026-07-06T22:17:09Z
217,5,19,11.14,standard,2026-07-06T22:17:09Z
218,2,6,11.14,standard,2026-07-06T22:17:09Z
218,2,7,11.14,standard,2026-07-06T22:17:09Z
218,2,8,11.14,standard,2026-07-06T22:17:09Z
218,2,9,11.14,standard,2026-07-06T22:17:09Z
218,2,10,11.14,standard,2026-07-06T22:17:09Z
218,2,11,11.14,standard,2026-07-06T22:17:09Z
218,2,12,11.14,standard,2026-07-06T22:17:09Z
218,2,13,11.14,standard,2026-07-06T22:17:09Z
218,2,14,11.14,standard,2026-07-06T22:17:09Z
218,2,15,11.14,standard,2026-07-06T22:17:09Z
218,2,16,11.14,standard,2026-07-06T22:17:09Z
218,2,17,11.14,standard,2026-07-06T22:17:09Z
218,5,9,11.14,standard,2026-07-06T22:17:09Z
218,5,10,11.14,standard,2026-07-06T22:17:09Z
218,5,11,11.14,standard,2026-07-06T22:17:09Z
218,5,12,11.14,standard,2026-07-06T22:17:09Z
218,5,13,11.14,standard,2026-07-06T22:17:09Z
218,5,14,11.14,standard,2026-07-06T22:17:09Z
218,5,15,11.14,standard,2026-07-06T22:17:09Z
218,5,16,11.14,standard,2026-07-06T22:17:09Z
218,7,3,11.14,standard,2026-07-06T22:17:09Z
218,7,4,11.14,standard,2026-07-06T22:17:09Z
218,7,5,11.14,standard,2026-07-06T22:17:09Z
218,7,6,11.14,standard,2026-07-06T22:17:09Z
218,7,7,11.14,standard,2026-07-06T22:17:09Z
218,7,8,11.14,standard,2026-07-06T22:17:09Z
218,7,9,11.14,standard,2026-07-06T22:17:09Z
218,7,10,11.14,standard,2026-07-06T22:17:09Z
218,7,11,11.14,standard,2026-07-06T22:17:09Z
218,7,12,11.14,standard,2026-07-06T22:17:09Z
218,7,13,11.14,standard,2026-07-06T22:17:09Z
218,7,14,11.14,standard,2026-07-06T22:17:09Z
218,7,15,11.14,standard,2026-07-06T22:17:09Z
218,7,16,11.14,standard,2026-07-06T22:17:09Z
218,8,5,11.14,standard,2026-07-06T22:17:09Z
218,8,6,11.14,standard,2026-07-06T22:17:09Z
218,8,7,11.14,standard,2026-07-06T22:17:09Z
218,8,8,11.14,standard,2026-07-06T22:17:09Z
218,8,9,11.14,standard,2026-07-06T22:17:09Z
218,8,10,11.14,standard,2026-07-06T22:17:09Z
218,8,11,11.14,standard,2026-07-06T22:17:09Z
218,8,12,11.14,standard,2026-07-06T22:17:09Z
218,8,13,11.14,standard,2026-07-06T22:17:09Z
218,8,14,11.14,standard,2026-07-06T22:17:09Z
218,8,15,11.14,standard,2026-07-06T22:17:09Z
218,8,16,11.14,standard,2026-07-06T22:17:09Z
218,8,17,11.14,standard,2026-07-06T22:17:09Z
218,8,18,11.14,standard,2026-07-06T22:17:09Z
218,9,3,11.14,standard,2026-07-06T22:17:09Z
218,9,4,11.14,standard,2026-07-06T22:17:09Z
218,9,5,11.14,standard,2026-07-06T22:17:09Z
218,9,6,11.14,standard,2026-07-06T22:17:09Z
218,9,7,11.14,standard,2026-07-06T22:17:09Z
218,9,8,11.14,standard,2026-07-06T22:17:09Z
218,9,9,11.14,standard,2026-07-06T22:17:09Z
218,9,10,11.14,standard,2026-07-06T22:17:09Z
218,9,11,11.14,standard,2026-07-06T22:17:09Z
218,9,12,11.14,standard,2026-07-06T22:17:09Z
218,9,13,11.14,standard,2026-07-06T22:17:09Z
218,9,14,11.14,standard,2026-07-06T22:17:09Z
218,9,15,11.14,standard,2026-07-06T22:17:09Z
218,9,16,11.14,standard,2026-07-06T22:17:09Z
218,9,17,11.14,standard,2026-07-06T22:17:09Z
218,9,18,11.14,standard,2026-07-06T22:17:09Z
218,9,19,11.14,standard,2026-07-06T22:17:09Z
218,9,20,11.14,standard,2026-07-06T22:17:09Z
218,10,6,11.14,standard,2026-07-06T22:17:09Z
218,10,7,11.14,standard,2026-07-06T22:17:09Z
218,10,8,11.14,standard,2026-07-06T22:17:09Z
218,10,9,11.14,standard,2026-07-06T22:17:09Z
218,10,10,11.14,standard,2026-07-06T22:17:09Z
218,10,11,11.14,standard,2026-07-06T22:17:09Z
218,10,12,11.14,standard,2026-07-06T22:17:09Z
218,10,13,11.14,standard,2026-07-06T22:17:09Z
218,10,14,11.14,standard,2026-07-06T22:17:09Z
218,10,15,11.14,standard,2026-07-06T22:17:09Z
218,11,5,11.14,standard,2026-07-06T22:17:09Z
218,11,6,11.14,standard,2026-07-06T22:17:09Z
218,11,7,11.14,standard,2026-07-06T22:17:09Z
218,11,8,11.14,standard,2026-07-06T22:17:09Z
218,11,9,11.14,standard,2026-07-06T22:17:09Z
218,11,10,11.14,standard,2026-07-06T22:17:09Z
218,11,11,11.14,standard,2026-07-06T22:17:09Z
218,11,12,11.14,standard,2026-07-06T22:17:09Z
218,11,13,11.14,standard,2026-07-06T22:17:09Z
218,11,14,11.14,standard,2026-07-06T22:17:09Z
218,11,15,11.14,standard,2026-07-06T22:17:09Z
218,11,16,11.14,standard,2026-07-06T22:17:09Z
218,11,17,11.14,standard,2026-07-06T22:17:09Z
218,11,18,11.14,standard,2026-07-06T22:17:09Z
218,11,19,11.14,standard,2026-07-06T22:17:09Z
218,11,20,11.14,standard,2026-07-06T22:17:09Z
218,12,5,11.14,standard,2026-07-06T22:17:09Z
218,12,6,11.14,standard,2026-07-06T22:17:09Z
218,12,7,11.14,standard,2026-07-06T22:17:09Z
218,12,8,11.14,standard,2026-07-06T22:17:09Z
218,12,9,11.14,standard,2026-07-06T22:17:09Z
218,12,10,11.14,standard,2026-07-06T22:17:09Z
218,12,11,11.14,standard,2026-07-06T22:17:09Z
218,12,12,11.14,standard,2026-07-06T22:17:09Z
218,12,13,11.14,standard,2026-07-06T22:17:09Z
218,12,14,11.14,standard,2026-07-06T22:17:09Z
218,12,15,11.14,standard,2026-07-06T22:17:09Z
218,13,5,11.14,standard,2026-07-06T22:17:09Z
218,13,6,11.14,standard,2026-07-06T22:17:09Z
218,13,7,11.14,standard,2026-07-06T22:17:09Z
218,13,8,11.14,standard,2026-07-06T22:17:09Z
218,13,9,11.14,standard,2026-07-06T22:17:09Z
218,13,10,11.14,standard,2026-07-06T22:17:09Z
218,13,11,11.14,standard,2026-07-06T22:17:09Z
218,13,12,11.14,standard,2026-07-06T22:17:09Z
218,13,13,11.14,standard,2026-07-06T22:17:09Z
218,13,14,11.14,standard,2026-07-06T22:17:09Z
218,13,15,11.14,standard,2026-07-06T22:17:09Z
218,13,16,11.14,standard,2026-07-06T22:17:09Z
218,14,4,11.14,standard,2026-07-06T22:17:09Z
218,14,5,11.14,standard,2026-07-06T22:17:09Z
218,14,6,11.14,standard,2026-07-06T22:17:09Z
218,14,7,11.14,standard,2026-07-06T22:17:09Z
218,14,8,11.14,standard,2026-07-06T22:17:09Z
218,14,9,11.14,standard,2026-07-06T22:17:09Z
218,14,10,11.14,standard,2026-07-06T22:17:09Z
218,14,11,11.14,standard,2026-07-06T22:17:09Z
218,14,12,11.14,standard,2026-07-06T22:17:09Z
218,14,13,11.14,standard,2026-07-06T22:17:09Z
218,14,14,11.14,standard,2026-07-06T22:17:09Z
218,14,15,11.14,standard,2026-07-06T22:17:09Z
218,14,16,11.14,standard,2026-07-06T22:17:09Z
218,15,13,11.14,standard,2026-07-06T22:17:09Z
218,15,14,11.14,standard,2026-07-06T22:17:09Z
233,1,7,11.14,standard,2026-07-06T22:17:09Z
233,1,8,11.14,standard,2026-07-06T22:17:09Z
233,2,1,11.14,standard,2026-07-06T22:17:09Z
233,2,2,11.14,standard,2026-07-06T22:17:09Z
233,2,3,11.14,standard,2026-07-06T22:17:09Z
233,2,4,11.14,standard,2026-07-06T22:17:09Z
233,2,5,11.14,standard,2026-07-06T22:17:09Z
233,2,6,11.14,standard,2026-07-06T22:17:09Z
233,2,7,11.14,standard,2026-07-06T22:17:09Z
233,2,8,11.14,standard,2026-07-06T22:17:09Z
233,2,9,11.14,standard,2026-07-06T22:17:09Z
233,2,10,11.14,standard,2026-07-06T22:17:09Z
233,9,17,11.14,standard,2026-07-06T22:17:09Z
235,11,9,11.14,standard,2026-07-06T22:17:09Z
235,11,10,11.14,standard,2026-07-06T22:17:09Z
235,11,11,11.14,standard,2026-07-06T22:17:09Z
235,12,8,11.14,standard,2026-07-06T22:17:09Z
235,12,9,11.14,standard,2026-07-06T22:17:09Z
235,12,10,11.14,standard,2026-07-06T22:17:09Z
235,12,11,11.14,standard,2026-07-06T22:17:09Z
235,13,7,11.14,standard,2026-07-06T22:17:09Z
235,13,8,11.14,standard,2026-07-06T22:17:09Z
235,13,9,11.14,standard,2026-07-06T22:17:09Z
235,13,10,11.14,standard,2026-07-06T22:17:09Z
235,13,11,11.14,standard,2026-07-06T22:17:09Z
235,13,12,11.14,standard,2026-07-06T22:17:09Z
235,13,13,11.14,standard,2026-07-06T22:17:09Z
235,13,14,11.14,standard,2026-07-06T22:17:09Z
235,13,15,11.14,standard,2026-07-06T22:17:09Z
235,13,16,11.14,standard,2026-07-06T22:17:09Z
235,13,17,11.14,standard,2026-07-06T22:17:09Z
235,13,18,11.14,standard,2026-07-06T22:17:09Z
235,14,3,11.14,standard,2026-07-06T22:17:09Z
235,14,4,11.14,standard,2026-07-06T22:17:09Z
235,14,5,11.14,standard,2026-07-06T22:17:09Z
235,14,6,11.14,standard,2026-07-06T22:17:09Z
235,14,7,11.14,standard,2026-07-06T22:17:09Z
235,14,8,11.14,standard,2026-07-06T22:17:09Z
235,14,9,11.14,standard,2026-07-06T22:17:09Z
235,14,10,11.14,standard,2026-07-06T22:17:09Z
235,14,11,11.14,standard,2026-07-06T22:17:09Z
235,14,12,11.14,standard,2026-07-06T22:17:09Z
235,14,13,11.14,standard,2026-07-06T22:17:09Z
235,14,14,11.14,standard,2026-07-06T22:17:09Z
235,14,15,11.14,standard,2026-07-06T22:17:09Z
235,14,16,11.14,standard,2026-07-06T22:17:09Z
235,15,16,11.14,standard,2026-07-06T22:17:09Z
235,15,17,11.14,standard,2026-07-06T22:17:09Z
235,15,18,11.14,standard,2026-07-06T22:17:09Z
235,16,16,11.14,standard,2026-07-06T22:17:09Z
235,16,17,11.14,standard,2026-07-06T22:17:09Z
237,1,16,11.14,standard,2026-07-06T22:17:09Z
237,1,17,11.14,standard,2026-07-06T22:17:09Z
237,1,18,11.14,standard,2026-07-06T22:17:09Z
237,2,21,11.14,standard,2026-07-06T22:17:09Z
237,2,22,11.14,standard,2026-07-06T22:17:09Z
237,3,3,11.14,standard,2026-07-06T22:17:09Z
237,3,4,11.14,standard,2026-07-06T22:17:09Z
237,3,8,11.14,standard,2026-07-06T22:17:09Z
237,3,9,11.14,standard,2026-07-06T22:17:09Z
237,3,10,11.14,standard,2026-07-06T22:17:09Z
237,3,11,11.14,standard,2026-07-06T22:17:09Z
237,3,12,11.14,standard,2026-07-06T22:17:09Z
237,3,13,11.14,standard,2026-07-06T22:17:09Z
237,3,14,11.14,standard,2026-07-06T22:17:09Z
237,3,15,11.14,standard,2026-07-06T22:17:09Z
237,3,16,11.14,standard,2026-07-06T22:17:09Z
237,3,17,11.14,standard,2026-07-06T22:17:09Z
237,3,18,11.14,standard,2026-07-06T22:17:09Z
237,3,19,11.14,standard,2026-07-06T22:17:09Z
237,5,6,11.14,standard,2026-07-06T22:17:09Z
237,5,7,11.14,standard,2026-07-06T22:17:09Z
237,5,8,11.14,standard,2026-07-06T22:17:09Z
237,6,5,11.14,standard,2026-07-06T22:17:09Z
237,6,6,11.14,standard,2026-07-06T22:17:09Z
237,6,7,11.14,standard,2026-07-06T22:17:09Z
237,6,8,11.14,standard,2026-07-06T22:17:09Z
237,7,6,11.14,standard,2026-07-06T22:17:09Z
237,7,7,11.14,standard,2026-07-06T22:17:09Z
237,7,8,11.14,standard,2026-07-06T22:17:09Z
237,7,9,11.14,standard,2026-07-06T22:17:09Z
237,7,10,11.14,standard,2026-07-06T22:17:09Z
237,7,11,11.14,standard,2026-07-06T22:17:09Z
237,7,12,11.14,standard,2026-07-06T22:17:09Z
237,7,13,11.14,standard,2026-07-06T22:17:09Z
237,7,14,11.14,standard,2026-07-06T22:17:09Z
237,7,15,11.14,standard,2026-07-06T22:17:09Z
237,7,16,11.14,standard,2026-07-06T22:17:09Z
237,7,17,11.14,standard,2026-07-06T22:17:09Z
237,7,18,11.14,standard,2026-07-06T22:17:09Z
237,7,19,11.14,standard,2026-07-06T22:17:09Z
237,7,20,11.14,standard,2026-07-06T22:17:09Z
237,7,21,11.14,standard,2026-07-06T22:17:09Z
237,7,22,11.14,standard,2026-07-06T22:17:09Z
237,8,4,11.14,standard,2026-07-06T22:17:09Z
237,8,5,11.14,standard,2026-07-06T22:17:09Z
237,8,6,11.14,standard,2026-07-06T22:17:09Z
237,8,7,11.14,standard,2026-07-06T22:17:09Z
237,8,8,11.14,standard,2026-07-06T22:17:09Z
237,8,9,11.14,standard,2026-07-06T22:17:09Z
237,8,10,11.14,standard,2026-07-06T22:17:09Z
237,8,11,11.14,standard,2026-07-06T22:17:09Z
237,8,12,11.14,standard,2026-07-06T22:17:09Z
237,8,13,11.14,standard,2026-07-06T22:17:09Z
237,8,14,11.14,standard,2026-07-06T22:17:09Z
237,8,15,11.14,standard,2026-07-06T22:17:09Z
237,8,16,11.14,standard,2026-07-06T22:17:09Z
237,8,17,11.14,standard,2026-07-06T22:17:09Z
237,8,18,11.14,standard,2026-07-06T22:17:09Z
237,8,19,11.14,standard,2026-07-06T22:17:09Z
237,8,20,11.14,standard,2026-07-06T22:17:09Z
237,8,21,11.14,standard,2026-07-06T22:17:09Z
237,8,22,11.14,standard,2026-07-06T22:17:09Z
237,9,3,11.14,standard,2026-07-06T22:17:09Z
237,9,4,11.14,standard,2026-07-06T22:17:09Z
237,9,5,11.14,standard,2026-07-06T22:17:09Z
237,9,6,11.14,standard,2026-07-06T22:17:09Z
237,9,7,11.14,standard,2026-07-06T22:17:09Z
237,9,8,11.14,standard,2026-07-06T22:17:09Z
237,9,9,11.14,standard,2026-07-06T22:17:09Z
237,9,10,11.14,standard,2026-07-06T22:17:09Z
237,9,11,11.14,standard,2026-07-06T22:17:09Z
237,9,12,11.14,standard,2026-07-06T22:17:09Z
237,9,13,11.14,standard,2026-07-06T22:17:09Z
237,9,14,11.14,standard,2026-07-06T22:17:09Z
237,9,15,11.14,standard,2026-07-06T22:17:09Z
237,9,16,11.14,standard,2026-07-06T22:17:09Z
237,11,13,11.14,standard,2026-07-06T22:17:09Z
237,11,14,11.14,standard,2026-07-06T22:17:09Z
237,11,15,11.14,standard,2026-07-06T22:17:09Z
237,11,16,11.14,standard,2026-07-06T22:17:09Z
237,11,17,11.14,standard,2026-07-06T22:17:09Z
237,11,18,11.14,standard,2026-07-06T22:17:09Z
237,11,19,11.14,standard,2026-07-06T22:17:09Z
237,11,20,11.14,standard,2026-07-06T22:17:09Z
237,11,21,11.14,standard,2026-07-06T22:17:09Z
237,11,22,11.14,standard,2026-07-06T22:17:09Z
237,12,3,11.14,standard,2026-07-06T22:17:09Z
237,12,4,11.14,standard,2026-07-06T22:17:09Z
237,12,5,11.14,standard,2026-07-06T22:17:09Z
237,12,6,11.14,standard,2026-07-06T22:17:09Z
237,12,7,11.14,standard,2026-07-06T22:17:09Z
237,12,8,11.14,standard,2026-07-06T22:17:09Z
237,12,9,11.14,standard,2026-07-06T22:17:09Z
237,12,10,11.14,standard,2026-07-06T22:17:09Z
237,12,11,11.14,standard,2026-07-06T22:17:09Z
237,12,12,11.14,standard,2026-07-06T22:17:09Z
237,12,13,11.14,standard,2026-07-06T22:17:09Z
237,12,14,11.14,standard,2026-07-06T22:17:09Z
237,12,15,11.14,standard,2026-07-06T22:17:09Z
237,12,16,11.14,standard,2026-07-06T22:17:09Z
237,12,17,11.14,standard,2026-07-06T22:17:09Z
237,12,18,11.14,standard,2026-07-06T22:17:09Z
237,12,19,11.14,standard,2026-07-06T22:17:09Z
237,12,20,11.14,standard,2026-07-06T22:17:09Z
237,12,21,11.14,standard,2026-07-06T22:17:09Z
237,12,22,11.14,standard,2026-07-06T22:17:09Z
237,13,3,11.14,standard,2026-07-06T22:17:09Z
237,13,4,11.14,standard,2026-07-06T22:17:09Z
237,13,5,11.14,standard,2026-07-06T22:17:09Z
237,13,6,11.14,standard,2026-07-06T22:17:09Z
237,13,7,11.14,standard,2026-07-06T22:17:09Z
237,13,8,11.14,standard,2026-07-06T22:17:09Z
237,13,9,11.14,standard,2026-07-06T22:17:09Z
237,13,10,11.14,standard,2026-07-06T22:17:09Z
237,13,11,11.14,standard,2026-07-06T22:17:09Z
237,13,12,11.14,standard,2026-07-06T22:17:09Z
237,13,13,11.14,standard,2026-07-06T22:17:09Z
237,13,14,11.14,standard,2026-07-06T22:17:09Z
237,13,15,11.14,standard,2026-07-06T22:17:09Z
237,13,16,11.14,standard,2026-07-06T22:17:09Z
237,13,17,11.14,standard,2026-07-06T22:17:09Z
237,13,18,11.14,standard,2026-07-06T22:17:09Z
237,13,19,11.14,standard,2026-07-06T22:17:09Z
237,13,20,11.14,standard,2026-07-06T22:17:09Z
237,13,21,11.14,standard,2026-07-06T22:17:09Z
237,13,22,11.14,standard,2026-07-06T22:17:09Z
237,14,3,11.14,standard,2026-07-06T22:17:09Z
237,14,4,11.14,standard,2026-07-06T22:17:09Z
237,14,5,11.14,standard,2026-07-06T22:17:09Z
237,14,6,11.14,standard,2026-07-06T22:17:09Z
237,14,7,11.14,standard,2026-07-06T22:17:09Z
237,14,8,11.14,standard,2026-07-06T22:17:09Z
237,14,15,11.14,standard,2026-07-06T22:17:09Z
237,14,16,11.14,standard,2026-07-06T22:17:09Z
237,14,17,11.14,standard,2026-07-06T22:17:09Z
237,14,18,11.14,standard,2026-07-06T22:17:09Z
237,14,19,11.14,standard,2026-07-06T22:17:09Z
237,14,20,11.14,standard,2026-07-06T22:17:09Z
237,14,21,11.14,standard,2026-07-06T22:17:09Z
237,14,22,11.14,standard,2026-07-06T22:17:09Z
237,15,2,11.14,standard,2026-07-06T22:17:09Z
237,15,3,11.14,standard,2026-07-06T22:17:09Z
237,15,4,11.14,standard,2026-07-06T22:17:09Z
237,15,5,11.14,standard,2026-07-06T22:17:09Z
237,15,6,11.14,standard,2026-07-06T22:17:09Z
237,15,7,11.14,standard,2026-07-06T22:17:09Z
237,15,8,11.14,standard,2026-07-06T22:17:09Z
237,15,9,11.14,standard,2026-07-06T22:17:09Z
237,15,10,11.14,standard,2026-07-06T22:17:09Z
237,15,11,11.14,standard,2026-07-06T22:17:09Z
237,15,12,11.14,standard,2026-07-06T22:17:09Z
237,15,13,11.14,standard,2026-07-06T22:17:09Z
237,15,14,11.14,standard,2026-07-06T22:17:09Z
237,16,9,11.14,standard,2026-07-06T22:17:09Z
237,16,10,11.14,standard,2026-07-06T22:17:09Z
237,16,11,11.14,standard,2026-07-06T22:17:09Z
237,16,12,11.14,standard,2026-07-06T22:17:09Z
237,16,13,11.14,standard,2026-07-06T22:17:09Z
237,16,14,11.14,standard,2026-07-06T22:17:09Z
237,16,15,11.14,standard,2026-07-06T22:17:09Z
237,16,16,11.14,standard,2026-07-06T22:17:09Z
237,16,17,11.14,standard,2026-07-06T22:17:09Z
237,16,18,11.14,standard,2026-07-06T22:17:09Z
237,16,19,11.14,standard,2026-07-06T22:17:09Z
237,16,20,11.14,standard,2026-07-06T22:17:09Z
237,16,21,11.14,standard,2026-07-06T22:17:09Z
237,16,22,11.14,standard,2026-07-06T22:17:09Z
238,1,1,11.14,standard,2026-07-06T22:17:09Z
238,1,2,11.14,standard,2026-07-06T22:17:09Z
238,2,8,11.14,standard,2026-07-06T22:17:09Z
238,2,9,11.14,standard,2026-07-06T22:17:09Z
238,2,10,11.14,standard,2026-07-06T22:17:09Z
238,2,11,11.14,standard,2026-07-06T22:17:09Z
238,2,12,11.14,standard,2026-07-06T22:17:09Z
238,2,13,11.14,standard,2026-07-06T22:17:09Z
238,2,14,11.14,standard,2026-07-06T22:17:09Z
238,2,15,11.14,standard,2026-07-06T22:17:09Z
238,2,16,11.14,standard,2026-07-06T22:17:09Z
238,2,17,11.14,standard,2026-07-06T22:17:09Z
238,3,3,11.14,standard,2026-07-06T22:17:09Z
238,3,4,11.14,standard,2026-07-06T22:17:09Z
238,3,5,11.14,standard,2026-07-06T22:17:09Z
238,3,6,11.14,standard,2026-07-06T22:17:09Z
238,3,7,11.14,standard,2026-07-06T22:17:09Z
238,3,8,11.14,standard,2026-07-06T22:17:09Z
238,4,1,11.14,standard,2026-07-06T22:17:09Z
238,4,2,11.14,standard,2026-07-06T22:17:09Z
238,4,3,11.14,standard,2026-07-06T22:17:09Z
238,4,4,11.14,standard,2026-07-06T22:17:09Z
238,4,5,11.14,standard,2026-07-06T22:17:09Z
238,4,6,11.14,standard,2026-07-06T22:17:09Z
238,4,7,11.14,standard,2026-07-06T22:17:09Z
238,4,8,11.14,standard,2026-07-06T22:17:09Z
238,5,1,11.14,standard,2026-07-06T22:17:09Z
238,5,2,11.14,standard,2026-07-06T22:17:09Z
238,5,3,11.14,standard,2026-07-06T22:17:09Z
238,5,4,11.14,standard,2026-07-06T22:17:09Z
238,5,5,11.14,standard,2026-07-06T22:17:09Z
238,5,6,11.14,standard,2026-07-06T22:17:09Z
238,5,7,11.14,standard,2026-07-06T22:17:09Z
238,5,8,11.14,standard,2026-07-06T22:17:09Z
238,5,9,11.14,standard,2026-07-06T22:17:09Z
238,5,10,11.14,standard,2026-07-06T22:17:09Z
238,5,11,11.14,standard,2026-07-06T22:17:09Z
238,5,12,11.14,standard,2026-07-06T22:17:09Z
238,5,13,11.14,standard,2026-07-06T22:17:09Z
238,5,14,11.14,standard,2026-07-06T22:17:09Z
238,5,15,11.14,standard,2026-07-06T22:17:09Z
238,5,16,11.14,standard,2026-07-06T22:17:09Z
238,5,17,11.14,standard,2026-07-06T22:17:09Z
238,5,18,11.14,standard,2026-07-06T22:17:09Z
238,6,1,11.14,standard,2026-07-06T22:17:09Z
238,6,2,11.14,standard,2026-07-06T22:17:09Z
238,6,3,11.14,standard,2026-07-06T22:17:09Z
238,6,4,11.14,standard,2026-07-06T22:17:09Z
238,6,5,11.14,standard,2026-07-06T22:17:09Z
238,6,6,11.14,standard,2026-07-06T22:17:09Z
238,6,7,11.14,standard,2026-07-06T22:17:09Z
238,6,8,11.14,standard,2026-07-06T22:17:09Z
238,6,9,11.14,standard,2026-07-06T22:17:09Z
238,6,10,11.14,standard,2026-07-06T22:17:09Z
238,6,11,11.14,standard,2026-07-06T22:17:09Z
238,6,12,11.14,standard,2026-07-06T22:17:09Z
238,6,13,11.14,standard,2026-07-06T22:17:09Z
238,6,14,11.14,standard,2026-07-06T22:17:09Z
238,6,15,11.14,standard,2026-07-06T22:17:09Z
238,6,16,11.14,standard,2026-07-06T22:17:09Z
238,6,17,11.14,standard,2026-07-06T22:17:09Z
238,6,18,11.14,standard,2026-07-06T22:17:09Z
238,7,1,11.14,standard,2026-07-06T22:17:09Z
238,7,2,11.14,standard,2026-07-06T22:17:09Z
238,7,3,11.14,standard,2026-07-06T22:17:09Z
238,7,4,11.14,standard,2026-07-06T22:17:09Z
238,7,5,11.14,standard,2026-07-06T22:17:09Z
238,7,6,11.14,standard,2026-07-06T22:17:09Z
238,7,7,11.14,standard,2026-07-06T22:17:09Z
238,7,8,11.14,standard,2026-07-06T22:17:09Z
238,7,9,11.14,standard,2026-07-06T22:17:09Z
238,7,10,11.14,standard,2026-07-06T22:17:09Z
238,7,11,11.14,standard,2026-07-06T22:17:09Z
238,7,12,11.14,standard,2026-07-06T22:17:09Z
238,7,13,11.14,standard,2026-07-06T22:17:09Z
238,7,14,11.14,standard,2026-07-06T22:17:09Z
238,7,15,11.14,standard,2026-07-06T22:17:09Z
238,7,16,11.14,standard,2026-07-06T22:17:09Z
238,7,17,11.14,standard,2026-07-06T22:17:09Z
238,7,18,11.14,standard,2026-07-06T22:17:09Z
238,8,1,11.14,standard,2026-07-06T22:17:09Z
238,8,2,11.14,standard,2026-07-06T22:17:09Z
238,8,3,11.14,standard,2026-07-06T22:17:09Z
238,8,4,11.14,standard,2026-07-06T22:17:09Z
238,8,5,11.14,standard,2026-07-06T22:17:09Z
238,8,6,11.14,standard,2026-07-06T22:17:09Z
238,8,7,11.14,standard,2026-07-06T22:17:09Z
238,8,8,11.14,standard,2026-07-06T22:17:09Z
238,8,9,11.14,standard,2026-07-06T22:17:09Z
238,8,10,11.14,standard,2026-07-06T22:17:09Z
238,8,11,11.14,standard,2026-07-06T22:17:09Z
238,8,12,11.14,standard,2026-07-06T22:17:09Z
238,8,13,11.14,standard,2026-07-06T22:17:09Z
238,8,14,11.14,standard,2026-07-06T22:17:09Z
238,8,15,11.14,standard,2026-07-06T22:17:09Z
238,8,16,11.14,standard,2026-07-06T22:17:09Z
238,8,17,11.14,standard,2026-07-06T22:17:09Z
238,8,18,11.14,standard,2026-07-06T22:17:09Z
238,9,1,11.14,standard,2026-07-06T22:17:09Z
238,9,2,11.14,standard,2026-07-06T22:17:09Z
238,9,3,11.14,standard,2026-07-06T22:17:09Z
238,9,4,11.14,standard,2026-07-06T22:17:09Z
238,9,5,11.14,standard,2026-07-06T22:17:09Z
238,9,6,11.14,standard,2026-07-06T22:17:09Z
238,9,7,11.14,standard,2026-07-06T22:17:09Z
238,9,8,11.14,standard,2026-07-06T22:17:09Z
238,9,9,11.14,standard,2026-07-06T22:17:09Z
238,9,10,11.14,standard,2026-07-06T22:17:09Z
238,9,11,11.14,standard,2026-07-06T22:17:09Z
238,9,12,11.14,standard,2026-07-06T22:17:09Z
238,9,13,11.14,standard,2026-07-06T22:17:09Z
238,9,14,11.14,standard,2026-07-06T22:17:09Z
238,9,15,11.14,standard,2026-07-06T22:17:09Z
238,9,16,11.14,standard,2026-07-06T22:17:09Z
238,9,17,11.14,standard,2026-07-06T22:17:09Z
238,9,18,11.14,standard,2026-07-06T22:17:09Z
238,10,2,11.14,standard,2026-07-06T22:17:09Z
238,10,3,11.14,standard,2026-07-06T22:17:09Z
238,10,4,11.14,standard,2026-07-06T22:17:09Z
238,10,5,11.14,standard,2026-07-06T22:17:09Z
238,10,6,11.14,standard,2026-07-06T22:17:09Z
238,10,7,11.14,standard,2026-07-06T22:17:09Z
238,10,8,11.14,standard,2026-07-06T22:17:09Z
238,10,9,11.14,standard,2026-07-06T22:17:09Z
238,10,10,11.14,standard,2026-07-06T22:17:09Z
238,10,11,11.14,standard,2026-07-06T22:17:09Z
238,10,12,11.14,standard,2026-07-06T22:17:09Z
238,10,13,11.14,standard,2026-07-06T22:17:09Z
238,10,14,11.14,standard,2026-07-06T22:17:09Z
238,10,15,11.14,standard,2026-07-06T22:17:09Z
238,10,16,11.14,standard,2026-07-06T22:17:09Z
238,10,17,11.14,standard,2026-07-06T22:17:09Z
238,10,18,11.14,standard,2026-07-06T22:17:09Z
238,11,2,11.14,standard,2026-07-06T22:17:09Z
238,11,3,11.14,standard,2026-07-06T22:17:09Z
238,11,4,11.14,standard,2026-07-06T22:17:09Z
238,11,5,11.14,standard,2026-07-06T22:17:09Z
238,11,6,11.14,standard,2026-07-06T22:17:09Z
238,11,7,11.14,standard,2026-07-06T22:17:09Z
238,11,8,11.14,standard,2026-07-06T22:17:09Z
238,11,9,11.14,standard,2026-07-06T22:17:09Z
238,11,10,11.14,standard,2026-07-06T22:17:09Z
238,11,11,11.14,standard,2026-07-06T22:17:09Z
238,11,12,11.14,standard,2026-07-06T22:17:09Z
238,11,13,11.14,standard,2026-07-06T22:17:09Z
238,11,14,11.14,standard,2026-07-06T22:17:09Z
238,11,15,11.14,standard,2026-07-06T22:17:09Z
238,11,16,11.14,standard,2026-07-06T22:17:09Z
238,11,17,11.14,standard,2026-07-06T22:17:09Z
238,11,18,11.14,standard,2026-07-06T22:17:09Z
238,12,2,11.14,standard,2026-07-06T22:17:09Z
238,12,3,11.14,standard,2026-07-06T22:17:09Z
238,12,4,11.14,standard,2026-07-06T22:17:09Z
238,12,5,11.14,standard,2026-07-06T22:17:09Z
238,12,6,11.14,standard,2026-07-06T22:17:09Z
238,12,7,11.14,standard,2026-07-06T22:17:09Z
238,12,8,11.14,standard,2026-07-06T22:17:09Z
238,12,9,11.14,standard,2026-07-06T22:17:09Z
238,12,10,11.14,standard,2026-07-06T22:17:09Z
238,12,11,11.14,standard,2026-07-06T22:17:09Z
238,12,12,11.14,standard,2026-07-06T22:17:09Z
238,12,13,11.14,standard,2026-07-06T22:17:09Z
238,12,14,11.14,standard,2026-07-06T22:17:09Z
238,12,15,11.14,standard,2026-07-06T22:17:09Z
238,12,16,11.14,standard,2026-07-06T22:17:09Z
238,12,17,11.14,standard,2026-07-06T22:17:09Z
238,12,18,11.14,standard,2026-07-06T22:17:09Z
238,13,2,11.14,standard,2026-07-06T22:17:09Z
238,13,3,11.14,standard,2026-07-06T22:17:09Z
238,13,4,11.14,standard,2026-07-06T22:17:09Z
238,13,5,11.14,standard,2026-07-06T22:17:09Z
238,13,6,11.14,standard,2026-07-06T22:17:09Z
238,13,7,11.14,standard,2026-07-06T22:17:09Z
238,13,8,11.14,standard,2026-07-06T22:17:09Z
238,13,9,11.14,standard,2026-07-06T22:17:09Z
238,13,10,11.14,standard,2026-07-06T22:17:09Z
238,13,11,11.14,standard,2026-07-06T22:17:09Z
238,13,12,11.14,standard,2026-07-06T22:17:09Z
238,13,13,11.14,standard,2026-07-06T22:17:09Z
238,13,14,11.14,standard,2026-07-06T22:17:09Z
238,13,15,11.14,standard,2026-07-06T22:17:09Z
238,13,16,11.14,standard,2026-07-06T22:17:09Z
238,13,17,11.14,standard,2026-07-06T22:17:09Z
238,13,18,11.14,standard,2026-07-06T22:17:09Z
238,14,2,11.14,standard,2026-07-06T22:17:09Z
238,14,3,11.14,standard,2026-07-06T22:17:09Z
238,14,4,11.14,standard,2026-07-06T22:17:09Z
238,14,5,11.14,standard,2026-07-06T22:17:09Z
238,14,6,11.14,standard,2026-07-06T22:17:09Z
238,14,13,11.14,standard,2026-07-06T22:17:09Z
238,14,14,11.14,standard,2026-07-06T22:17:09Z
238,14,15,11.14,standard,2026-07-06T22:17:09Z
238,14,16,11.14,standard,2026-07-06T22:17:09Z
238,14,17,11.14,standard,2026-07-06T22:17:09Z
238,14,18,11.14,standard,2026-07-06T22:17:09Z
238,15,2,11.14,standard,2026-07-06T22:17:09Z
238,15,3,11.14,standard,2026-07-06T22:17:09Z
238,15,4,11.14,standard,2026-07-06T22:17:09Z
238,15,5,11.14,standard,2026-07-06T22:17:09Z
238,15,6,11.14,standard,2026-07-06T22:17:09Z
238,15,7,11.14,standard,2026-07-06T22:17:09Z
238,15,8,11.14,standard,2026-07-06T22:17:09Z
238,15,9,11.14,standard,2026-07-06T22:17:09Z
238,15,10,11.14,standard,2026-07-06T22:17:09Z
238,16,9,11.14,standard,2026-07-06T22:17:09Z
238,16,10,11.14,standard,2026-07-06T22:17:09Z
238,16,11,11.14,standard,2026-07-06T22:17:09Z
238,16,12,11.14,standard,2026-07-06T22:17:09Z
238,16,13,11.14,standard,2026-07-06T22:17:09Z
238,16,14,11.14,standard,2026-07-06T22:17:09Z
238,16,15,11.14,standard,2026-07-06T22:17:09Z
238,16,16,11.14,standard,2026-07-06T22:17:09Z
238,16,17,11.14,standard,2026-07-06T22:17:09Z
238,16,18,11.14,standard,2026-07-06T22:17:09Z
239,8,15,11.14,standard,2026-07-06T22:17:09Z
239,8,16,11.14,standard,2026-07-06T22:17:09Z
239,9,13,11.14,standard,2026-07-06T22:17:09Z
239,9,14,11.14,standard,2026-07-06T22:17:09Z
239,9,15,11.14,standard,2026-07-06T22:17:09Z
239,9,16,11.14,standard,2026-07-06T22:17:09Z
239,13,3,11.14,standard,2026-07-06T22:17:09Z
239,13,4,11.14,standard,2026-07-06T22:17:09Z
239,13,5,11.14,standard,2026-07-06T22:17:09Z
239,13,6,11.14,standard,2026-07-06T22:17:09Z
239,13,7,11.14,standard,2026-07-06T22:17:09Z
239,13,8,11.14,standard,2026-07-06T22:17:09Z
239,13,9,11.14,standard,2026-07-06T22:17:09Z
239,13,10,11.14,standard,2026-07-06T22:17:09Z
239,13,11,11.14,standard,2026-07-06T22:17:09Z
239,13,12,11.14,standard,2026-07-06T22:17:09Z
239,13,13,11.14,standard,2026-07-06T22:17:09Z
239,13,14,11.14,standard,2026-07-06T22:17:09Z
239,13,15,11.14,standard,2026-07-06T22:17:09Z
239,13,16,11.14,standard,2026-07-06T22:17:09Z
239,13,17,11.14,standard,2026-07-06T22:17:09Z
239,13,18,11.14,standard,2026-07-06T22:17:09Z
239,13,19,11.14,standard,2026-07-06T22:17:09Z
239,14,19,11.14,standard,2026-07-06T22:17:09Z
239,14,20,11.14,standard,2026-07-06T22:17:09Z
239,15,5,11.14,standard,2026-07-06T22:17:09Z
239,15,6,11.14,standard,2026-07-06T22:17:09Z
239,15,7,11.14,standard,2026-07-06T22:17:09Z
239,15,8,11.14,standard,2026-07-06T22:17:09Z
239,15,9,11.14,standard,2026-07-06T22:17:09Z
239,16,20,11.14,standard,2026-07-06T22:17:09Z
239,16,21,11.14,standard,2026-07-06T22:17:09Z
240,2,15,11.14,standard,2026-07-06T22:17:09Z
240,2,16,11.14,standard,2026-07-06T22:17:09Z
240,3,13,11.14,standard,2026-07-06T22:17:09Z
240,3,14,11.14,standard,2026-07-06T22:17:09Z
240,3,15,11.14,standard,2026-07-06T22:17:09Z
240,3,16,11.14,standard,2026-07-06T22:17:09Z
240,3,17,11.14,standard,2026-07-06T22:17:09Z
240,4,7,11.14,standard,2026-07-06T22:17:09Z
240,4,8,11.14,standard,2026-07-06T22:17:09Z
240,4,13,11.14,standard,2026-07-06T22:17:09Z
240,4,14,11.14,standard,2026-07-06T22:17:09Z
240,4,15,11.14,standard,2026-07-06T22:17:09Z
240,4,16,11.14,standard,2026-07-06T22:17:09Z
240,4,17,11.14,standard,2026-07-06T22:17:09Z
240,7,1,11.14,standard,2026-07-06T22:17:09Z
240,7,2,11.14,standard,2026-07-06T22:17:09Z
240,7,3,11.14,standard,2026-07-06T22:17:09Z
240,7,4,11.14,standard,2026-07-06T22:17:09Z
240,7,5,11.14,standard,2026-07-06T22:17:09Z
240,7,6,11.14,standard,2026-07-06T22:17:09Z
240,7,7,11.14,standard,2026-07-06T22:17:09Z
240,7,8,11.14,standard,2026-07-06T22:17:09Z
240,7,9,11.14,standard,2026-07-06T22:17:09Z
240,7,10,11.14,standard,2026-07-06T22:17:09Z
240,7,11,11.14,standard,2026-07-06T22:17:09Z
240,7,12,11.14,standard,2026-07-06T22:17:09Z
240,7,13,11.14,standard,2026-07-06T22:17:09Z
240,7,14,11.14,standard,2026-07-06T22:17:09Z
240,7,15,11.14,standard,2026-07-06T22:17:09Z
240,7,16,11.14,standard,2026-07-06T22:17:09Z
240,7,17,11.14,standard,2026-07-06T22:17:09Z
240,7,18,11.14,standard,2026-07-06T22:17:09Z
240,8,1,11.14,standard,2026-07-06T22:17:09Z
240,8,2,11.14,standard,2026-07-06T22:17:09Z
240,8,3,11.14,standard,2026-07-06T22:17:09Z
240,8,4,11.14,standard,2026-07-06T22:17:09Z
240,8,5,11.14,standard,2026-07-06T22:17:09Z
240,8,6,11.14,standard,2026-07-06T22:17:09Z
240,8,7,11.14,standard,2026-07-06T22:17:09Z
240,8,8,11.14,standard,2026-07-06T22:17:09Z
240,8,9,11.14,standard,2026-07-06T22:17:09Z
240,8,10,11.14,standard,2026-07-06T22:17:09Z
240,8,11,11.14,standard,2026-07-06T22:17:09Z
240,8,12,11.14,standard,2026-07-06T22:17:09Z
240,8,13,11.14,standard,2026-07-06T22:17:09Z
240,8,14,11.14,standard,2026-07-06T22:17:09Z
240,8,15,11.14,standard,2026-07-06T22:17:09Z
240,8,16,11.14,standard,2026-07-06T22:17:09Z
240,8,17,11.14,standard,2026-07-06T22:17:09Z
240,8,18,11.14,standard,2026-07-06T22:17:09Z
240,8,19,11.14,standard,2026-07-06T22:17:09Z
240,9,1,11.14,standard,2026-07-06T22:17:09Z
240,9,2,11.14,standard,2026-07-06T22:17:09Z
240,9,3,11.14,standard,2026-07-06T22:17:09Z
240,9,4,11.14,standard,2026-07-06T22:17:09Z
240,9,5,11.14,standard,2026-07-06T22:17:09Z
240,9,6,11.14,standard,2026-07-06T22:17:09Z
240,9,7,11.14,standard,2026-07-06T22:17:09Z
240,9,8,11.14,standard,2026-07-06T22:17:09Z
240,9,9,11.14,standard,2026-07-06T22:17:09Z
240,9,10,11.14,standard,2026-07-06T22:17:09Z
240,9,11,11.14,standard,2026-07-06T22:17:09Z
240,9,12,11.14,standard,2026-07-06T22:17:09Z
240,9,13,11.14,standard,2026-07-06T22:17:09Z
240,9,14,11.14,standard,2026-07-06T22:17:09Z
240,9,15,11.14,standard,2026-07-06T22:17:09Z
240,9,16,11.14,standard,2026-07-06T22:17:09Z
240,9,17,11.14,standard,2026-07-06T22:17:09Z
240,9,18,11.14,standard,2026-07-06T22:17:09Z
240,9,19,11.14,standard,2026-07-06T22:17:09Z
240,11,15,11.14,standard,2026-07-06T22:17:09Z
240,11,16,11.14,standard,2026-07-06T22:17:09Z
240,11,17,11.14,standard,2026-07-06T22:17:09Z
240,11,18,11.14,standard,2026-07-06T22:17:09Z
240,11,19,11.14,standard,2026-07-06T22:17:09Z
240,11,20,11.14,standard,2026-07-06T22:17:09Z
240,12,9,11.14,standard,2026-07-06T22:17:09Z
240,12,10,11.14,standard,2026-07-06T22:17:09Z
240,12,11,11.14,standard,2026-07-06T22:17:09Z
240,12,12,11.14,standard,2026-07-06T22:17:09Z
240,12,13,11.14,standard,2026-07-06T22:17:09Z
240,12,14,11.14,standard,2026-07-06T22:17:09Z
240,12,15,11.14,standard,2026-07-06T22:17:09Z
240,12,16,11.14,standard,2026-07-06T22:17:09Z
240,13,3,11.14,standard,2026-07-06T22:17:09Z
240,13,4,11.14,standard,2026-07-06T22:17:09Z
240,13,5,11.14,standard,2026-07-06T22:17:09Z
240,13,6,11.14,standard,2026-07-06T22:17:09Z
240,13,7,11.14,standard,2026-07-06T22:17:09Z
240,13,8,11.14,standard,2026-07-06T22:17:09Z
240,13,9,11.14,standard,2026-07-06T22:17:09Z
240,13,10,11.14,standard,2026-07-06T22:17:09Z
240,13,11,11.14,standard,2026-07-06T22:17:09Z
240,13,12,11.14,standard,2026-07-06T22:17:09Z
240,13,13,11.14,standard,2026-07-06T22:17:09Z
240,13,14,11.14,standard,2026-07-06T22:17:09Z
240,13,15,11.14,standard,2026-07-06T22:17:09Z
240,13,16,11.14,standard,2026-07-06T22:17:09Z
240,13,17,11.14,standard,2026-07-06T22:17:09Z
240,13,18,11.14,standard,2026-07-06T22:17:09Z
240,13,19,11.14,standard,2026-07-06T22:17:09Z
240,13,20,11.14,standard,2026-07-06T22:17:09Z
240,13,21,11.14,standard,2026-07-06T22:17:09Z
240,14,5,11.14,standard,2026-07-06T22:17:09Z
240,14,6,11.14,standard,2026-07-06T22:17:09Z
240,14,7,11.14,standard,2026-07-06T22:17:09Z
240,14,8,11.14,standard,2026-07-06T22:17:09Z
240,14,9,11.14,standard,2026-07-06T22:17:09Z
240,14,10,11.14,standard,2026-07-06T22:17:09Z
240,14,11,11.14,standard,2026-07-06T22:17:09Z
240,14,12,11.14,standard,2026-07-06T22:17:09Z
240,14,13,11.14,standard,2026-07-06T22:17:09Z
240,14,14,11.14,standard,2026-07-06T22:17:09Z
240,14,15,11.14,standard,2026-07-06T22:17:09Z
240,14,16,11.14,standard,2026-07-06T22:17:09Z
240,14,17,11.14,standard,2026-07-06T22:17:09Z
240,14,18,11.14,standard,2026-07-06T22:17:09Z
240,14,19,11.14,standard,2026-07-06T22:17:09Z
240,14,20,11.14,standard,2026-07-06T22:17:09Z
240,14,21,11.14,standard,2026-07-06T22:17:09Z
240,15,5,11.14,standard,2026-07-06T22:17:09Z
240,15,6,11.14,standard,2026-07-06T22:17:09Z
240,15,7,11.14,standard,2026-07-06T22:17:09Z
240,15,8,11.14,standard,2026-07-06T22:17:09Z
240,15,9,11.14,standard,2026-07-06T22:17:09Z
240,15,10,11.14,standard,2026-07-06T22:17:09Z
240,15,11,11.14,standard,2026-07-06T22:17:09Z
240,15,12,11.14,standard,2026-07-06T22:17:09Z
240,15,13,11.14,standard,2026-07-06T22:17:09Z
240,15,14,11.14,standard,2026-07-06T22:17:09Z
240,15,15,11.14,standard,2026-07-06T22:17:09Z
240,15,16,11.14,standard,2026-07-06T22:17:09Z
240,15,17,11.14,standard,2026-07-06T22:17:09Z
240,15,18,11.14,standard,2026-07-06T22:17:09Z
240,15,19,11.14,standard,2026-07-06T22:17:09Z
240,15,20,11.14,standard,2026-07-06T22:17:09Z
240,15,21,11.14,standard,2026-07-06T22:17:09Z
240,16,7,11.14,standard,2026-07-06T22:17:09Z
240,16,8,11.14,standard,2026-07-06T22:17:09Z
240,16,9,11.14,standard,2026-07-06T22:17:09Z
240,16,10,11.14,standard,2026-07-06T22:17:09Z
240,16,11,11.14,standard,2026-07-06T22:17:09Z
240,16,12,11.14,standard,2026-07-06T22:17:09Z
240,16,13,11.14,standard,2026-07-06T22:17:09Z
240,16,14,11.14,standard,2026-07-06T22:17:09Z
240,16,15,11.14,standard,2026-07-06T22:17:09Z
240,16,16,11.14,standard,2026-07-06T22:17:09Z
240,16,17,11.14,standard,2026-07-06T22:17:09Z
240,16,18,11.14,standard,2026-07-06T22:17:09Z
241,2,10,11.14,standard,2026-07-06T22:17:09Z
241,2,11,11.14,standard,2026-07-06T22:17:09Z
241,4,1,11.14,standard,2026-07-06T22:17:09Z
241,4,2,11.14,standard,2026-07-06T22:17:09Z
241,4,3,11.14,standard,2026-07-06T22:17:09Z
241,4,4,11.14,standard,2026-07-06T22:17:09Z
241,4,5,11.14,standard,2026-07-06T22:17:09Z
241,4,6,11.14,standard,2026-07-06T22:17:09Z
241,4,7,11.14,standard,2026-07-06T22:17:09Z
241,4,8,11.14,standard,2026-07-06T22:17:09Z
241,4,9,11.14,standard,2026-07-06T22:17:09Z
241,4,10,11.14,standard,2026-07-06T22:17:09Z
241,4,11,11.14,standard,2026-07-06T22:17:09Z
241,4,12,11.14,standard,2026-07-06T22:17:09Z
241,5,1,11.14,standard,2026-07-06T22:17:09Z
241,5,2,11.14,standard,2026-07-06T22:17:09Z
241,5,3,11.14,standard,2026-07-06T22:17:09Z
241,5,4,11.14,standard,2026-07-06T22:17:09Z
241,5,5,11.14,standard,2026-07-06T22:17:09Z
241,5,6,11.14,standard,2026-07-06T22:17:09Z
241,5,7,11.14,standard,2026-07-06T22:17:09Z
241,5,8,11.14,standard,2026-07-06T22:17:09Z
241,5,9,11.14,standard,2026-07-06T22:17:09Z
241,5,10,11.14,standard,2026-07-06T22:17:09Z
241,5,11,11.14,standard,2026-07-06T22:17:09Z
241,5,12,11.14,standard,2026-07-06T22:17:09Z
241,5,13,11.14,standard,2026-07-06T22:17:09Z
241,6,5,11.14,standard,2026-07-06T22:17:09Z
241,6,6,11.14,standard,2026-07-06T22:17:09Z
241,6,7,11.14,standard,2026-07-06T22:17:09Z
241,6,8,11.14,standard,2026-07-06T22:17:09Z
241,6,9,11.14,standard,2026-07-06T22:17:09Z
241,7,1,11.14,standard,2026-07-06T22:17:09Z
241,7,2,11.14,standard,2026-07-06T22:17:09Z
241,7,3,11.14,standard,2026-07-06T22:17:09Z
241,7,4,11.14,standard,2026-07-06T22:17:09Z
241,7,5,11.14,standard,2026-07-06T22:17:09Z
241,7,6,11.14,standard,2026-07-06T22:17:09Z
241,7,7,11.14,standard,2026-07-06T22:17:09Z
241,7,8,11.14,standard,2026-07-06T22:17:09Z
241,7,9,11.14,standard,2026-07-06T22:17:09Z
241,7,10,11.14,standard,2026-07-06T22:17:09Z
241,7,11,11.14,standard,2026-07-06T22:17:09Z
241,7,12,11.14,standard,2026-07-06T22:17:09Z
241,7,13,11.14,standard,2026-07-06T22:17:09Z
241,8,1,11.14,standard,2026-07-06T22:17:09Z
241,8,2,11.14,standard,2026-07-06T22:17:09Z
241,8,3,11.14,standard,2026-07-06T22:17:09Z
241,8,4,11.14,standard,2026-07-06T22:17:09Z
241,8,5,11.14,standard,2026-07-06T22:17:09Z
241,8,6,11.14,standard,2026-07-06T22:17:09Z
241,8,7,11.14,standard,2026-07-06T22:17:09Z
241,8,8,11.14,standard,2026-07-06T22:17:09Z
241,8,11,11.14,standard,2026-07-06T22:17:09Z
241,8,12,11.14,standard,2026-07-06T22:17:09Z
241,8,13,11.14,standard,2026-07-06T22:17:09Z
241,8,14,11.14,standard,2026-07-06T22:17:09Z
241,10,2,11.14,standard,2026-07-06T22:17:09Z
241,10,3,11.14,standard,2026-07-06T22:17:09Z
241,10,4,11.14,standard,2026-07-06T22:17:09Z
241,10,5,11.14,standard,2026-07-06T22:17:09Z
241,10,6,11.14,standard,2026-07-06T22:17:09Z
241,10,7,11.14,standard,2026-07-06T22:17:09Z
241,10,8,11.14,standard,2026-07-06T22:17:09Z
241,10,9,11.14,standard,2026-07-06T22:17:09Z
241,10,10,11.14,standard,2026-07-06T22:17:09Z
241,10,11,11.14,standard,2026-07-06T22:17:09Z
241,10,12,11.14,standard,2026-07-06T22:17:09Z
241,10,13,11.14,standard,2026-07-06T22:17:09Z
241,10,14,11.14,standard,2026-07-06T22:17:09Z
241,10,15,11.14,standard,2026-07-06T22:17:09Z
241,12,2,11.14,standard,2026-07-06T22:17:09Z
241,12,3,11.14,standard,2026-07-06T22:17:09Z
241,12,4,11.14,standard,2026-07-06T22:17:09Z
241,12,5,11.14,standard,2026-07-06T22:17:09Z
241,12,6,11.14,standard,2026-07-06T22:17:09Z
241,12,7,11.14,standard,2026-07-06T22:17:09Z
241,12,8,11.14,standard,2026-07-06T22:17:09Z
241,12,9,11.14,standard,2026-07-06T22:17:09Z
241,12,10,11.14,standard,2026-07-06T22:17:09Z
241,12,11,11.14,standard,2026-07-06T22:17:09Z
241,12,12,11.14,standard,2026-07-06T22:17:09Z
241,12,13,11.14,standard,2026-07-06T22:17:09Z
241,12,14,11.14,standard,2026-07-06T22:17:09Z
241,12,15,11.14,standard,2026-07-06T22:17:09Z
241,13,2,11.14,standard,2026-07-06T22:17:09Z
241,13,3,11.14,standard,2026-07-06T22:17:09Z
241,13,4,11.14,standard,2026-07-06T22:17:09Z
241,13,5,11.14,standard,2026-07-06T22:17:09Z
241,13,6,11.14,standard,2026-07-06T22:17:09Z
241,13,7,11.14,standard,2026-07-06T22:17:09Z
241,13,8,11.14,standard,2026-07-06T22:17:09Z
241,13,9,11.14,standard,2026-07-06T22:17:09Z
241,13,10,11.14,standard,2026-07-06T22:17:09Z
241,13,11,11.14,standard,2026-07-06T22:17:09Z
241,13,12,11.14,standard,2026-07-06T22:17:09Z
241,13,13,11.14,standard,2026-07-06T22:17:09Z
241,13,14,11.14,standard,2026-07-06T22:17:09Z
241,13,15,11.14,standard,2026-07-06T22:17:09Z
241,13,16,11.14,standard,2026-07-06T22:17:09Z
241,15,2,11.14,standard,2026-07-06T22:17:09Z
241,15,3,11.14,standard,2026-07-06T22:17:09Z
241,15,4,11.14,standard,2026-07-06T22:17:09Z
241,15,5,11.14,standard,2026-07-06T22:17:09Z
241,15,6,11.14,standard,2026-07-06T22:17:09Z
241,15,7,11.14,standard,2026-07-06T22:17:09Z
241,15,8,11.14,standard,2026-07-06T22:17:09Z
241,15,9,11.14,standard,2026-07-06T22:17:09Z
241,15,10,11.14,standard,2026-07-06T22:17:09Z
241,15,11,11.14,standard,2026-07-06T22:17:09Z
241,15,12,11.14,standard,2026-07-06T22:17:09Z
241,15,13,11.14,standard,2026-07-06T22:17:09Z
241,15,14,11.14,standard,2026-07-06T22:17:09Z
241,16,3,11.14,standard,2026-07-06T22:17:09Z
241,16,4,11.14,standard,2026-07-06T22:17:09Z
241,16,5,11.14,standard,2026-07-06T22:17:09Z
241,16,6,11.14,standard,2026-07-06T22:17:09Z
241,16,7,11.14,standard,2026-07-06T22:17:09Z
241,16,8,11.14,standard,2026-07-06T22:17:09Z
241,16,9,11.14,standard,2026-07-06T22:17:09Z
241,16,10,11.14,standard,2026-07-06T22:17:09Z
241,16,11,11.14,standard,2026-07-06T22:17:09Z
241,16,12,11.14,standard,2026-07-06T22:17:09Z
241,16,13,11.14,standard,2026-07-06T22:17:09Z
241,16,14,11.14,standard,2026-07-06T22:17:09Z
241,16,15,11.14,standard,2026-07-06T22:17:09Z
241,16,16,11.14,standard,2026-07-06T22:17:09Z
241,16,17,11.14,standard,2026-07-06T22:17:09Z
242,3,7,11.14,standard,2026-07-06T22:17:09Z
242,3,8,11.14,standard,2026-07-06T22:17:09Z
242,3,9,11.14,standard,2026-07-06T22:17:09Z
242,3,10,11.14,standard,2026-07-06T22:17:09Z
242,3,11,11.14,standard,2026-07-06T22:17:09Z
242,3,21,11.14,standard,2026-07-06T22:17:09Z
242,3,22,11.14,standard,2026-07-06T22:17:09Z
242,4,12,11.14,standard,2026-07-06T22:17:09Z
242,4,13,11.14,standard,2026-07-06T22:17:09Z
242,4,14,11.14,standard,2026-07-06T22:17:09Z
242,4,15,11.14,standard,2026-07-06T22:17:09Z
242,4,16,11.14,standard,2026-07-06T22:17:09Z
242,4,17,11.14,standard,2026-07-06T22:17:09Z
242,4,18,11.14,standard,2026-07-06T22:17:09Z
242,5,6,11.14,standard,2026-07-06T22:17:09Z
242,5,7,11.14,standard,2026-07-06T22:17:09Z
242,5,8,11.14,standard,2026-07-06T22:17:09Z
242,5,9,11.14,standard,2026-07-06T22:17:09Z
242,5,10,11.14,standard,2026-07-06T22:17:09Z
242,5,11,11.14,standard,2026-07-06T22:17:09Z
242,5,12,11.14,standard,2026-07-06T22:17:09Z
242,5,13,11.14,standard,2026-07-06T22:17:09Z
242,5,14,11.14,standard,2026-07-06T22:17:09Z
242,5,15,11.14,standard,2026-07-06T22:17:09Z
242,5,16,11.14,standard,2026-07-06T22:17:09Z
242,5,17,11.14,standard,2026-07-06T22:17:09Z
242,6,5,11.14,standard,2026-07-06T22:17:09Z
242,6,6,11.14,standard,2026-07-06T22:17:09Z
242,6,7,11.14,standard,2026-07-06T22:17:09Z
242,6,8,11.14,standard,2026-07-06T22:17:09Z
242,6,9,11.14,standard,2026-07-06T22:17:09Z
242,6,10,11.14,standard,2026-07-06T22:17:09Z
242,6,11,11.14,standard,2026-07-06T22:17:09Z
242,6,12,11.14,standard,2026-07-06T22:17:09Z
242,6,16,11.14,standard,2026-07-06T22:17:09Z
242,6,17,11.14,standard,2026-07-06T22:17:09Z
242,6,18,11.14,standard,2026-07-06T22:17:09Z
242,6,19,11.14,standard,2026-07-06T22:17:09Z
242,6,20,11.14,standard,2026-07-06T22:17:09Z
242,6,21,11.14,standard,2026-07-06T22:17:09Z
242,6,22,11.14,standard,2026-07-06T22:17:09Z
242,6,23,11.14,standard,2026-07-06T22:17:09Z
242,7,18,11.14,standard,2026-07-06T22:17:09Z
242,7,19,11.14,standard,2026-07-06T22:17:09Z
242,7,20,11.14,standard,2026-07-06T22:17:09Z
242,7,21,11.14,standard,2026-07-06T22:17:09Z
242,7,22,11.14,standard,2026-07-06T22:17:09Z
242,7,23,11.14,standard,2026-07-06T22:17:09Z
242,9,1,11.14,standard,2026-07-06T22:17:09Z
242,9,2,11.14,standard,2026-07-06T22:17:09Z
242,9,3,11.14,standard,2026-07-06T22:17:09Z
242,9,4,11.14,standard,2026-07-06T22:17:09Z
242,9,5,11.14,standard,2026-07-06T22:17:09Z
242,9,6,11.14,standard,2026-07-06T22:17:09Z
242,9,7,11.14,standard,2026-07-06T22:17:09Z
242,9,8,11.14,standard,2026-07-06T22:17:09Z
242,9,9,11.14,standard,2026-07-06T22:17:09Z
242,9,10,11.14,standard,2026-07-06T22:17:09Z
242,9,11,11.14,standard,2026-07-06T22:17:09Z
242,9,12,11.14,standard,2026-07-06T22:17:09Z
242,9,13,11.14,standard,2026-07-06T22:17:09Z
242,9,14,11.14,standard,2026-07-06T22:17:09Z
242,9,15,11.14,standard,2026-07-06T22:17:09Z
242,9,16,11.14,standard,2026-07-06T22:17:09Z
242,9,17,11.14,standard,2026-07-06T22:17:09Z
242,9,18,11.14,standard,2026-07-06T22:17:09Z
242,9,19,11.14,standard,2026-07-06T22:17:09Z
242,9,20,11.14,standard,2026-07-06T22:17:09Z
242,9,21,11.14,standard,2026-07-06T22:17:09Z
242,9,22,11.14,standard,2026-07-06T22:17:09Z
242,9,23,11.14,standard,2026-07-06T22:17:09Z
242,9,24,11.14,standard,2026-07-06T22:17:09Z
242,10,3,11.14,standard,2026-07-06T22:17:09Z
242,10,4,11.14,standard,2026-07-06T22:17:09Z
242,10,5,11.14,standard,2026-07-06T22:17:09Z
242,10,6,11.14,standard,2026-07-06T22:17:09Z
242,10,7,11.14,standard,2026-07-06T22:17:09Z
242,10,8,11.14,standard,2026-07-06T22:17:09Z
242,10,9,11.14,standard,2026-07-06T22:17:09Z
242,10,10,11.14,standard,2026-07-06T22:17:09Z
242,10,11,11.14,standard,2026-07-06T22:17:09Z
242,10,12,11.14,standard,2026-07-06T22:17:09Z
242,10,13,11.14,standard,2026-07-06T22:17:09Z
242,10,14,11.14,standard,2026-07-06T22:17:09Z
242,10,15,11.14,standard,2026-07-06T22:17:09Z
242,10,16,11.14,standard,2026-07-06T22:17:09Z
242,10,17,11.14,standard,2026-07-06T22:17:09Z
242,10,18,11.14,standard,2026-07-06T22:17:09Z
242,10,19,11.14,standard,2026-07-06T22:17:09Z
242,10,20,11.14,standard,2026-07-06T22:17:09Z
242,10,21,11.14,standard,2026-07-06T22:17:09Z
242,10,22,11.14,standard,2026-07-06T22:17:09Z
242,11,4,11.14,standard,2026-07-06T22:17:09Z
242,11,5,11.14,standard,2026-07-06T22:17:09Z
242,11,6,11.14,standard,2026-07-06T22:17:09Z
242,11,7,11.14,standard,2026-07-06T22:17:09Z
242,11,8,11.14,standard,2026-07-06T22:17:09Z
242,11,9,11.14,standard,2026-07-06T22:17:09Z
242,11,10,11.14,standard,2026-07-06T22:17:09Z
242,11,11,11.14,standard,2026-07-06T22:17:09Z
242,11,12,11.14,standard,2026-07-06T22:17:09Z
242,11,13,11.14,standard,2026-07-06T22:17:09Z
242,11,14,11.14,standard,2026-07-06T22:17:09Z
242,11,15,11.14,standard,2026-07-06T22:17:09Z
242,11,16,11.14,standard,2026-07-06T22:17:09Z
242,11,17,11.14,standard,2026-07-06T22:17:09Z
242,11,18,11.14,standard,2026-07-06T22:17:09Z
242,11,19,11.14,standard,2026-07-06T22:17:09Z
242,11,20,11.14,standard,2026-07-06T22:17:09Z
242,11,21,11.14,standard,2026-07-06T22:17:09Z
242,11,22,11.14,standard,2026-07-06T22:17:09Z
242,11,23,11.14,standard,2026-07-06T22:17:09Z
242,11,24,11.14,standard,2026-07-06T22:17:09Z
242,11,25,11.14,standard,2026-07-06T22:17:09Z
242,12,3,11.14,standard,2026-07-06T22:17:09Z
242,12,4,11.14,standard,2026-07-06T22:17:09Z
242,12,5,11.14,standard,2026-07-06T22:17:09Z
242,12,6,11.14,standard,2026-07-06T22:17:09Z
242,12,7,11.14,standard,2026-07-06T22:17:09Z
242,12,8,11.14,standard,2026-07-06T22:17:09Z
242,12,9,11.14,standard,2026-07-06T22:17:09Z
242,12,10,11.14,standard,2026-07-06T22:17:09Z
242,12,11,11.14,standard,2026-07-06T22:17:09Z
242,12,12,11.14,standard,2026-07-06T22:17:09Z
242,12,13,11.14,standard,2026-07-06T22:17:09Z
242,12,14,11.14,standard,2026-07-06T22:17:09Z
242,12,15,11.14,standard,2026-07-06T22:17:09Z
242,12,16,11.14,standard,2026-07-06T22:17:09Z
242,12,17,11.14,standard,2026-07-06T22:17:09Z
242,12,18,11.14,standard,2026-07-06T22:17:09Z
242,12,19,11.14,standard,2026-07-06T22:17:09Z
242,12,20,11.14,standard,2026-07-06T22:17:09Z
242,12,21,11.14,standard,2026-07-06T22:17:09Z
242,12,22,11.14,standard,2026-07-06T22:17:09Z
242,12,23,11.14,standard,2026-07-06T22:17:09Z
242,12,24,11.14,standard,2026-07-06T22:17:09Z
242,12,25,11.14,standard,2026-07-06T22:17:09Z
242,13,13,11.14,standard,2026-07-06T22:17:09Z
242,13,14,11.14,standard,2026-07-06T22:17:09Z
242,13,15,11.14,standard,2026-07-06T22:17:09Z
242,13,16,11.14,standard,2026-07-06T22:17:09Z
242,13,17,11.14,standard,2026-07-06T22:17:09Z
242,13,18,11.14,standard,2026-07-06T22:17:09Z
242,13,19,11.14,standard,2026-07-06T22:17:09Z
242,13,20,11.14,standard,2026-07-06T22:17:09Z
242,13,21,11.14,standard,2026-07-06T22:17:09Z
242,13,22,11.14,standard,2026-07-06T22:17:09Z
242,13,23,11.14,standard,2026-07-06T22:17:09Z
242,13,24,11.14,standard,2026-07-06T22:17:09Z
242,13,25,11.14,standard,2026-07-06T22:17:09Z
242,14,13,11.14,standard,2026-07-06T22:17:09Z
242,14,14,11.14,standard,2026-07-06T22:17:09Z
242,14,15,11.14,standard,2026-07-06T22:17:09Z
242,14,16,11.14,standard,2026-07-06T22:17:09Z
242,14,17,11.14,standard,2026-07-06T22:17:09Z
242,14,18,11.14,standard,2026-07-06T22:17:09Z
242,15,19,11.14,standard,2026-07-06T22:17:09Z
242,15,20,11.14,standard,2026-07-06T22:17:09Z
242,15,21,11.14,standard,2026-07-06T22:17:09Z
242,15,22,11.14,standard,2026-07-06T22:17:09Z
242,15,23,11.14,standard,2026-07-06T22:17:09Z
242,15,24,11.14,standard,2026-07-06T22:17:09Z
242,15,25,11.14,standard,2026-07-06T22:17:09Z
242,15,26,11.14,standard,2026-07-06T22:17:09Z
242,16,7,11.14,standard,2026-07-06T22:17:09Z
242,16,8,11.14,standard,2026-07-06T22:17:09Z
242,16,9,11.14,standard,2026-07-06T22:17:09Z
242,16,10,11.14,standard,2026-07-06T22:17:09Z
242,16,11,11.14,standard,2026-07-06T22:17:09Z
242,16,12,11.14,standard,2026-07-06T22:17:09Z
242,16,13,11.14,standard,2026-07-06T22:17:09Z
242,16,14,11.14,standard,2026-07-06T22:17:09Z
242,16,15,11.14,standard,2026-07-06T22:17:09Z
242,16,16,11.14,standard,2026-07-06T22:17:09Z
242,16,17,11.14,standard,2026-07-06T22:17:09Z
242,16,18,11.14,standard,2026-07-06T22:17:09Z
242,16,19,11.14,standard,2026-07-06T22:17:09Z
242,16,20,11.14,standard,2026-07-06T22:17:09Z
242,16,21,11.14,standard,2026-07-06T22:17:09Z
242,16,22,11.14,standard,2026-07-06T22:17:09Z
242,16,23,11.14,standard,2026-07-06T22:17:09Z
242,16,24,11.14,standard,2026-07-06T22:17:09Z
242,16,25,11.14,standard,2026-07-06T22:17:09Z
242,16,26,11.14,standard,2026-07-06T22:17:09Z
242,16,27,11.14,standard,2026-07-06T22:17:09Z
243,3,10,11.14,standard,2026-07-06T22:17:09Z
243,3,11,11.14,standard,2026-07-06T22:17:09Z
243,5,1,11.14,standard,2026-07-06T22:17:09Z
243,5,2,11.14,standard,2026-07-06T22:17:09Z
243,5,3,11.14,standard,2026-07-06T22:17:09Z
243,5,4,11.14,standard,2026-07-06T22:17:09Z
243,5,5,11.14,standard,2026-07-06T22:17:09Z
243,5,6,11.14,standard,2026-07-06T22:17:09Z
243,5,7,11.14,standard,2026-07-06T22:17:09Z
243,5,8,11.14,standard,2026-07-06T22:17:09Z
243,5,9,11.14,standard,2026-07-06T22:17:09Z
243,5,10,11.14,standard,2026-07-06T22:17:09Z
243,5,16,11.14,standard,2026-07-06T22:17:09Z
243,5,17,11.14,standard,2026-07-06T22:17:09Z
243,5,18,11.14,standard,2026-07-06T22:17:09Z
243,5,19,11.14,standard,2026-07-06T22:17:09Z
243,5,20,11.14,standard,2026-07-06T22:17:09Z
243,5,21,11.14,standard,2026-07-06T22:17:09Z
243,5,22,11.14,standard,2026-07-06T22:17:09Z
243,6,1,11.14,standard,2026-07-06T22:17:09Z
243,6,2,11.14,standard,2026-07-06T22:17:09Z
243,6,3,11.14,standard,2026-07-06T22:17:09Z
243,6,4,11.14,standard,2026-07-06T22:17:09Z
243,6,5,11.14,standard,2026-07-06T22:17:09Z
243,6,6,11.14,standard,2026-07-06T22:17:09Z
243,6,7,11.14,standard,2026-07-06T22:17:09Z
243,6,8,11.14,standard,2026-07-06T22:17:09Z
243,6,9,11.14,standard,2026-07-06T22:17:09Z
243,6,10,11.14,standard,2026-07-06T22:17:09Z
243,6,11,11.14,standard,2026-07-06T22:17:09Z
243,6,12,11.14,standard,2026-07-06T22:17:09Z
243,6,13,11.14,standard,2026-07-06T22:17:09Z
243,6,14,11.14,standard,2026-07-06T22:17:09Z
243,6,15,11.14,standard,2026-07-06T22:17:09Z
243,6,16,11.14,standard,2026-07-06T22:17:09Z
243,6,17,11.14,standard,2026-07-06T22:17:09Z
243,6,18,11.14,standard,2026-07-06T22:17:09Z
243,6,19,11.14,standard,2026-07-06T22:17:09Z
243,6,20,11.14,standard,2026-07-06T22:17:09Z
243,6,21,11.14,standard,2026-07-06T22:17:09Z
243,6,22,11.14,standard,2026-07-06T22:17:09Z
243,7,2,11.14,standard,2026-07-06T22:17:09Z
243,7,3,11.14,standard,2026-07-06T22:17:09Z
243,7,4,11.14,standard,2026-07-06T22:17:09Z
243,7,5,11.14,standard,2026-07-06T22:17:09Z
243,7,6,11.14,standard,2026-07-06T22:17:09Z
243,7,7,11.14,standard,2026-07-06T22:17:09Z
243,7,8,11.14,standard,2026-07-06T22:17:09Z
243,7,9,11.14,standard,2026-07-06T22:17:09Z
243,7,10,11.14,standard,2026-07-06T22:17:09Z
243,7,11,11.14,standard,2026-07-06T22:17:09Z
243,7,12,11.14,standard,2026-07-06T22:17:09Z
243,7,13,11.14,standard,2026-07-06T22:17:09Z
243,7,14,11.14,standard,2026-07-06T22:17:09Z
243,7,15,11.14,standard,2026-07-06T22:17:09Z
243,7,16,11.14,standard,2026-07-06T22:17:09Z
243,7,17,11.14,standard,2026-07-06T22:17:09Z
243,7,18,11.14,standard,2026-07-06T22:17:09Z
243,7,19,11.14,standard,2026-07-06T22:17:09Z
243,7,20,11.14,standard,2026-07-06T22:17:09Z
243,7,21,11.14,standard,2026-07-06T22:17:09Z
243,7,22,11.14,standard,2026-07-06T22:17:09Z
243,8,1,11.14,standard,2026-07-06T22:17:09Z
243,8,2,11.14,standard,2026-07-06T22:17:09Z
243,8,3,11.14,standard,2026-07-06T22:17:09Z
243,8,4,11.14,standard,2026-07-06T22:17:09Z
243,8,5,11.14,standard,2026-07-06T22:17:09Z
243,8,6,11.14,standard,2026-07-06T22:17:09Z
243,8,7,11.14,standard,2026-07-06T22:17:09Z
243,8,8,11.14,standard,2026-07-06T22:17:09Z
243,8,9,11.14,standard,2026-07-06T22:17:09Z
243,8,10,11.14,standard,2026-07-06T22:17:09Z
243,8,11,11.14,standard,2026-07-06T22:17:09Z
243,8,12,11.14,standard,2026-07-06T22:17:09Z
243,8,13,11.14,standard,2026-07-06T22:17:09Z
243,8,14,11.14,standard,2026-07-06T22:17:09Z
243,8,15,11.14,standard,2026-07-06T22:17:09Z
243,8,16,11.14,standard,2026-07-06T22:17:09Z
243,8,17,11.14,standard,2026-07-06T22:17:09Z
243,8,20,11.14,standard,2026-07-06T22:17:09Z
243,8,21,11.14,standard,2026-07-06T22:17:09Z
243,8,22,11.14,standard,2026-07-06T22:17:09Z
243,8,23,11.14,standard,2026-07-06T22:17:09Z
243,9,1,11.14,standard,2026-07-06T22:17:09Z
243,9,2,11.14,standard,2026-07-06T22:17:09Z
243,9,3,11.14,standard,2026-07-06T22:17:09Z
243,9,4,11.14,standard,2026-07-06T22:17:09Z
243,9,5,11.14,standard,2026-07-06T22:17:09Z
243,9,6,11.14,standard,2026-07-06T22:17:09Z
243,9,7,11.14,standard,2026-07-06T22:17:09Z
243,9,8,11.14,standard,2026-07-06T22:17:09Z
243,9,9,11.14,standard,2026-07-06T22:17:09Z
243,9,10,11.14,standard,2026-07-06T22:17:09Z
243,9,11,11.14,standard,2026-07-06T22:17:09Z
243,9,12,11.14,standard,2026-07-06T22:17:09Z
243,9,13,11.14,standard,2026-07-06T22:17:09Z
243,9,14,11.14,standard,2026-07-06T22:17:09Z
243,9,15,11.14,standard,2026-07-06T22:17:09Z
243,9,16,11.14,standard,2026-07-06T22:17:09Z
243,9,17,11.14,standard,2026-07-06T22:17:09Z
243,9,18,11.14,standard,2026-07-06T22:17:09Z
243,9,19,11.14,standard,2026-07-06T22:17:09Z
243,9,20,11.14,standard,2026-07-06T22:17:09Z
243,9,21,11.14,standard,2026-07-06T22:17:09Z
243,9,22,11.14,standard,2026-07-06T22:17:09Z
243,9,23,11.14,standard,2026-07-06T22:17:09Z
243,10,5,11.14,standard,2026-07-06T22:17:09Z
243,10,6,11.14,standard,2026-07-06T22:17:09Z
243,10,7,11.14,standard,2026-07-06T22:17:09Z
243,10,8,11.14,standard,2026-07-06T22:17:09Z
243,10,9,11.14,standard,2026-07-06T22:17:09Z
243,10,10,11.14,standard,2026-07-06T22:17:09Z
243,10,11,11.14,standard,2026-07-06T22:17:09Z
243,10,12,11.14,standard,2026-07-06T22:17:09Z
243,10,13,11.14,standard,2026-07-06T22:17:09Z
243,10,14,11.14,standard,2026-07-06T22:17:09Z
243,10,15,11.14,standard,2026-07-06T22:17:09Z
243,10,16,11.14,standard,2026-07-06T22:17:09Z
243,10,17,11.14,standard,2026-07-06T22:17:09Z
243,10,18,11.14,standard,2026-07-06T22:17:09Z
243,10,19,11.14,standard,2026-07-06T22:17:09Z
243,10,20,11.14,standard,2026-07-06T22:17:09Z
243,10,21,11.14,standard,2026-07-06T22:17:09Z
243,10,22,11.14,standard,2026-07-06T22:17:09Z
243,11,3,11.14,standard,2026-07-06T22:17:09Z
243,11,4,11.14,standard,2026-07-06T22:17:09Z
243,11,5,11.14,standard,2026-07-06T22:17:09Z
243,11,6,11.14,standard,2026-07-06T22:17:09Z
243,11,7,11.14,standard,2026-07-06T22:17:09Z
243,11,8,11.14,standard,2026-07-06T22:17:09Z
243,11,9,11.14,standard,2026-07-06T22:17:09Z
243,11,10,11.14,standard,2026-07-06T22:17:09Z
243,11,11,11.14,standard,2026-07-06T22:17:09Z
243,11,12,11.14,standard,2026-07-06T22:17:09Z
243,11,13,11.14,standard,2026-07-06T22:17:09Z
243,11,14,11.14,standard,2026-07-06T22:17:09Z
243,11,15,11.14,standard,2026-07-06T22:17:09Z
243,11,16,11.14,standard,2026-07-06T22:17:09Z
243,11,17,11.14,standard,2026-07-06T22:17:09Z
243,11,18,11.14,standard,2026-07-06T22:17:09Z
243,11,19,11.14,standard,2026-07-06T22:17:09Z
243,11,20,11.14,standard,2026-07-06T22:17:09Z
243,11,21,11.14,standard,2026-07-06T22:17:09Z
243,12,3,11.14,standard,2026-07-06T22:17:09Z
243,12,4,11.14,standard,2026-07-06T22:17:09Z
243,12,5,11.14,standard,2026-07-06T22:17:09Z
243,12,6,11.14,standard,2026-07-06T22:17:09Z
243,12,7,11.14,standard,2026-07-06T22:17:09Z
243,12,8,11.14,standard,2026-07-06T22:17:09Z
243,12,9,11.14,standard,2026-07-06T22:17:09Z
243,12,10,11.14,standard,2026-07-06T22:17:09Z
243,12,11,11.14,standard,2026-07-06T22:17:09Z
243,12,12,11.14,standard,2026-07-06T22:17:09Z
243,12,13,11.14,standard,2026-07-06T22:17:09Z
243,12,14,11.14,standard,2026-07-06T22:17:09Z
243,12,15,11.14,standard,2026-07-06T22:17:09Z
243,12,16,11.14,standard,2026-07-06T22:17:09Z
243,12,17,11.14,standard,2026-07-06T22:17:09Z
243,12,18,11.14,standard,2026-07-06T22:17:09Z
243,12,19,11.14,standard,2026-07-06T22:17:09Z
243,12,20,11.14,standard,2026-07-06T22:17:09Z
243,12,21,11.14,standard,2026-07-06T22:17:09Z
243,12,22,11.14,standard,2026-07-06T22:17:09Z
243,12,23,11.14,standard,2026-07-06T22:17:09Z
243,12,24,11.14,standard,2026-07-06T22:17:09Z
243,13,3,11.14,standard,2026-07-06T22:17:09Z
243,13,4,11.14,standard,2026-07-06T22:17:09Z
243,13,5,11.14,standard,2026-07-06T22:17:09Z
243,13,6,11.14,standard,2026-07-06T22:17:09Z
243,13,7,11.14,standard,2026-07-06T22:17:09Z
243,13,8,11.14,standard,2026-07-06T22:17:09Z
243,13,9,11.14,standard,2026-07-06T22:17:09Z
243,13,10,11.14,standard,2026-07-06T22:17:09Z
243,13,11,11.14,standard,2026-07-06T22:17:09Z
243,13,12,11.14,standard,2026-07-06T22:17:09Z
243,13,13,11.14,standard,2026-07-06T22:17:09Z
243,13,14,11.14,standard,2026-07-06T22:17:09Z
243,13,15,11.14,standard,2026-07-06T22:17:09Z
243,13,16,11.14,standard,2026-07-06T22:17:09Z
243,13,17,11.14,standard,2026-07-06T22:17:09Z
243,13,18,11.14,standard,2026-07-06T22:17:09Z
243,13,19,11.14,standard,2026-07-06T22:17:09Z
243,13,20,11.14,standard,2026-07-06T22:17:09Z
243,13,21,11.14,standard,2026-07-06T22:17:09Z
243,13,22,11.14,standard,2026-07-06T22:17:09Z
243,13,23,11.14,standard,2026-07-06T22:17:09Z
243,13,24,11.14,standard,2026-07-06T22:17:09Z
243,14,2,11.14,standard,2026-07-06T22:17:09Z
243,14,3,11.14,standard,2026-07-06T22:17:09Z
243,14,4,11.14,standard,2026-07-06T22:17:09Z
243,14,5,11.14,standard,2026-07-06T22:17:09Z
243,14,6,11.14,standard,2026-07-06T22:17:09Z
243,14,7,11.14,standard,2026-07-06T22:17:09Z
243,14,8,11.14,standard,2026-07-06T22:17:09Z
243,14,9,11.14,standard,2026-07-06T22:17:09Z
243,14,10,11.14,standard,2026-07-06T22:17:09Z
243,14,11,11.14,standard,2026-07-06T22:17:09Z
243,14,12,11.14,standard,2026-07-06T22:17:09Z
243,14,13,11.14,standard,2026-07-06T22:17:09Z
243,14,14,11.14,standard,2026-07-06T22:17:09Z
243,14,15,11.14,standard,2026-07-06T22:17:09Z
243,14,16,11.14,standard,2026-07-06T22:17:09Z
243,15,7,11.14,standard,2026-07-06T22:17:09Z
243,15,8,11.14,standard,2026-07-06T22:17:09Z
243,15,15,11.14,standard,2026-07-06T22:17:09Z
243,15,16,11.14,standard,2026-07-06T22:17:09Z
243,15,17,11.14,standard,2026-07-06T22:17:09Z
243,15,18,11.14,standard,2026-07-06T22:17:09Z
243,16,3,11.14,standard,2026-07-06T22:17:09Z
243,16,4,11.14,standard,2026-07-06T22:17:09Z
312,3,3,11.14,standard,2026-07-06T22:17:09Z
312,3,4,11.14,standard,2026-07-06T22:17:09Z
312,5,14,11.14,standard,2026-07-06T22:17:09Z
312,5,15,11.14,standard,2026-07-06T22:17:09Z
312,6,5,11.14,standard,2026-07-06T22:17:09Z
312,6,6,11.14,standard,2026-07-06T22:17:09Z
312,6,7,11.14,standard,2026-07-06T22:17:09Z
312,10,4,11.14,standard,2026-07-06T22:17:09Z
312,10,5,11.14,standard,2026-07-06T22:17:09Z
312,10,8,11.14,standard,2026-07-06T22:17:09Z
312,10,13,11.14,standard,2026-07-06T22:17:09Z
312,10,14,11.14,standard,2026-07-06T22:17:09Z
313,6,5,11.14,standard,2026-07-06T22:17:09Z
313,6,6,11.14,standard,2026-07-06T22:17:09Z
313,6,10,11.14,standard,2026-07-06T22:17:09Z
313,6,11,11.14,standard,2026-07-06T22:17:09Z
313,6,12,11.14,standard,2026-07-06T22:17:09Z
314,3,1,11.14,standard,2026-07-06T22:17:09Z
314,3,2,11.14,standard,2026-07-06T22:17:09Z
314,3,3,11.14,standard,2026-07-06T22:17:09Z
314,3,4,11.14,standard,2026-07-06T22:17:09Z
314,3,16,11.14,standard,2026-07-06T22:17:09Z
314,3,17,11.14,standard,2026-07-06T22:17:09Z
314,9,7,11.14,standard,2026-07-06T22:17:09Z
314,9,8,11.14,standard,2026-07-06T22:17:09Z
314,12,15,11.14,standard,2026-07-06T22:17:09Z
314,12,16,11.14,standard,2026-07-06T22:17:09Z
315,2,7,11.14,standard,2026-07-06T22:17:09Z
315,2,8,11.14,standard,2026-07-06T22:17:09Z
315,6,5,11.14,standard,2026-07-06T22:17:09Z
315,6,6,11.14,standard,2026-07-06T22:17:09Z
315,6,18,11.14,standard,2026-07-06T22:17:09Z
315,6,19,11.14,standard,2026-07-06T22:17:09Z
315,7,11,11.14,standard,2026-07-06T22:17:09Z
315,7,12,11.14,standard,2026-07-06T22:17:09Z
315,8,17,11.14,standard,2026-07-06T22:17:09Z
315,8,18,11.14,standard,2026-07-06T22:17:09Z
315,8,19,11.14,standard,2026-07-06T22:17:09Z
315,9,3,11.14,standard,2026-07-06T22:17:09Z
315,9,4,11.14,standard,2026-07-06T22:17:09Z
315,9,24,11.14,standard,2026-07-06T22:17:09Z
315,9,25,11.14,standard,2026-07-06T22:17:09Z
315,10,3,11.14,standard,2026-07-06T22:17:09Z
315,10,4,11.14,standard,2026-07-06T22:17:09Z
315,10,10,11.14,standard,2026-07-06T22:17:09Z
315,10,11,11.14,standard,2026-07-06T22:17:09Z
315,10,12,11.14,standard,2026-07-06T22:17:09Z
315,10,13,11.14,standard,2026-07-06T22:17:09Z
316,5,19,11.14,standard,2026-07-06T22:17:09Z
316,5,20,11.14,standard,2026-07-06T22:17:09Z
316,7,17,11.14,standard,2026-07-06T22:17:09Z
316,7,18,11.14,standard,2026-07-06T22:17:09Z
316,8,9,11.14,standard,2026-07-06T22:17:09Z
316,8,10,11.14,standard,2026-07-06T22:17:09Z
316,9,21,11.14,standard,2026-07-06T22:17:09Z
316,9,22,11.14,standard,2026-07-06T22:17:09Z
316,11,9,11.14,standard,2026-07-06T22:17:09Z
316,11,10,11.14,standard,2026-07-06T22:17:09Z
316,11,15,11.14,standard,2026-07-06T22:17:09Z
316,11,16,11.14,standard,2026-07-06T22:17:09Z
316,11,21,11.14,standard,2026-07-06T22:17:09Z
316,11,22,11.14,standard,2026-07-06T22:17:09Z
316,12,9,11.14,standard,2026-07-06T22:17:09Z
316,12,10,11.14,standard,2026-07-06T22:17:09Z
316,13,12,11.14,standard,2026-07-06T22:17:09Z
316,13,13,11.14,standard,2026-07-06T22:17:09Z
316,13,14,11.14,standard,2026-07-06T22:17:09Z
317,8,12,11.14,standard,2026-07-06T22:17:09Z
317,8,13,11.14,standard,2026-07-06T22:17:09Z
317,9,17,11.14,standard,2026-07-06T22:17:09Z
317,9,18,11.14,standard,2026-07-06T22:17:09Z
317,10,17,11.14,standard,2026-07-06T22:17:09Z
317,10,18,11.14,standard,2026-07-06T22:17:09Z
317,12,19,11.14,standard,2026-07-06T22:17:09Z
317,12,20,11.14,standard,2026-07-06T22:17:09Z
318,10,11,11.14,standard,2026-07-06T22:17:09Z
318,10,12,11.14,standard,2026-07-06T22:17:09Z
32,6,1,11.14,standard,2026-07-06T22:17:09Z
32,6,2,11.14,standard,2026-07-06T22:17:09Z
32,8,5,11.14,standard,2026-07-06T22:17:09Z
32,8,6,11.14,standard,2026-07-06T22:17:09Z
32,8,7,11.14,standard,2026-07-06T22:17:09Z
32,8,8,11.14,standard,2026-07-06T22:17:09Z
32,10,7,11.14,standard,2026-07-06T22:17:09Z
32,10,8,11.14,standard,2026-07-06T22:17:09Z
32,11,3,11.14,standard,2026-07-06T22:17:09Z
32,11,4,11.14,standard,2026-07-06T22:17:09Z
320,6,17,11.14,standard,2026-07-06T22:17:09Z
320,12,13,11.14,standard,2026-07-06T22:17:09Z
320,12,14,11.14,standard,2026-07-06T22:17:09Z
320,12,15,11.14,standard,2026-07-06T22:17:09Z
320,12,16,11.14,standard,2026-07-06T22:17:09Z
320,12,17,11.14,standard,2026-07-06T22:17:09Z
329,1,3,11.14,standard,2026-07-06T22:17:09Z
329,1,4,11.14,standard,2026-07-06T22:17:09Z
329,6,5,11.14,standard,2026-07-06T22:17:09Z
329,6,6,11.14,standard,2026-07-06T22:17:09Z
329,6,7,11.14,standard,2026-07-06T22:17:09Z
329,6,8,11.14,standard,2026-07-06T22:17:09Z
329,6,9,11.14,standard,2026-07-06T22:17:09Z
329,6,10,11.14,standard,2026-07-06T22:17:09Z
329,6,11,11.14,standard,2026-07-06T22:17:09Z
329,6,12,11.14,standard,2026-07-06T22:17:09Z
329,6,13,11.14,standard,2026-07-06T22:17:09Z
329,6,14,11.14,standard,2026-07-06T22:17:09Z
329,6,15,11.14,standard,2026-07-06T22:17:09Z
329,6,16,11.14,standard,2026-07-06T22:17:09Z
329,7,2,11.14,standard,2026-07-06T22:17:09Z
329,7,3,11.14,standard,2026-07-06T22:17:09Z
329,7,4,11.14,standard,2026-07-06T22:17:09Z
329,7,5,11.14,standard,2026-07-06T22:17:09Z
329,7,6,11.14,standard,2026-07-06T22:17:09Z
329,7,7,11.14,standard,2026-07-06T22:17:09Z
329,7,8,11.14,standard,2026-07-06T22:17:09Z
329,7,9,11.14,standard,2026-07-06T22:17:09Z
329,7,10,11.14,standard,2026-07-06T22:17:09Z
329,7,11,11.14,standard,2026-07-06T22:17:09Z
329,7,12,11.14,standard,2026-07-06T22:17:09Z
329,7,13,11.14,standard,2026-07-06T22:17:09Z
329,7,14,11.14,standard,2026-07-06T22:17:09Z
329,7,15,11.14,standard,2026-07-06T22:17:09Z
329,7,16,11.14,standard,2026-07-06T22:17:09Z
329,8,15,11.14,standard,2026-07-06T22:17:09Z
329,8,16,11.14,standard,2026-07-06T22:17:09Z
329,8,17,11.14,standard,2026-07-06T22:17:09Z
33,10,6,11.14,standard,2026-07-06T22:17:09Z
33,10,7,11.14,standard,2026-07-06T22:17:09Z
33,10,8,11.14,standard,2026-07-06T22:17:09Z
330,2,13,11.14,standard,2026-07-06T22:17:09Z
330,2,14,11.14,standard,2026-07-06T22:17:09Z
330,4,9,11.14,standard,2026-07-06T22:17:09Z
330,4,10,11.14,standard,2026-07-06T22:17:09Z
330,6,14,11.14,standard,2026-07-06T22:17:09Z
330,6,15,11.14,standard,2026-07-06T22:17:09Z
330,8,10,11.14,standard,2026-07-06T22:17:09Z
330,8,11,11.14,standard,2026-07-06T22:17:09Z
330,8,18,11.14,standard,2026-07-06T22:17:09Z
330,8,19,11.14,standard,2026-07-06T22:17:09Z
330,8,20,11.14,standard,2026-07-06T22:17:09Z
330,9,15,11.14,standard,2026-07-06T22:17:09Z
330,9,16,11.14,standard,2026-07-06T22:17:09Z
330,9,17,11.14,standard,2026-07-06T22:17:09Z
330,9,18,11.14,standard,2026-07-06T22:17:09Z
330,13,21,11.14,standard,2026-07-06T22:17:09Z
330,13,22,11.14,standard,2026-07-06T22:17:09Z
331,2,1,11.14,standard,2026-07-06T22:17:09Z
331,2,2,11.14,standard,2026-07-06T22:17:09Z
331,4,7,11.14,standard,2026-07-06T22:17:09Z
331,4,8,11.14,standard,2026-07-06T22:17:09Z
331,5,7,11.14,standard,2026-07-06T22:17:09Z
331,5,8,11.14,standard,2026-07-06T22:17:09Z
331,6,6,11.14,standard,2026-07-06T22:17:09Z
331,6,7,11.14,standard,2026-07-06T22:17:09Z
331,8,14,11.14,standard,2026-07-06T22:17:09Z
331,8,15,11.14,standard,2026-07-06T22:17:09Z
331,8,16,11.14,standard,2026-07-06T22:17:09Z
331,8,17,11.14,standard,2026-07-06T22:17:09Z
331,10,11,11.14,standard,2026-07-06T22:17:09Z
331,10,12,11.14,standard,2026-07-06T22:17:09Z
331,10,20,11.14,standard,2026-07-06T22:17:09Z
331,10,21,11.14,standard,2026-07-06T22:17:09Z
331,10,22,11.14,standard,2026-07-06T22:17:09Z
331,11,11,11.14,standard,2026-07-06T22:17:09Z
331,11,12,11.14,standard,2026-07-06T22:17:09Z
331,11,13,11.14,standard,2026-07-06T22:17:09Z
331,12,14,11.14,standard,2026-07-06T22:17:09Z
331,12,15,11.14,standard,2026-07-06T22:17:09Z
331,13,5,11.14,standard,2026-07-06T22:17:09Z
331,13,6,11.14,standard,2026-07-06T22:17:09Z
333,2,3,11.14,standard,2026-07-06T22:17:09Z
333,2,4,11.14,standard,2026-07-06T22:17:09Z
333,4,11,11.14,standard,2026-07-06T22:17:09Z
333,4,12,11.14,standard,2026-07-06T22:17:09Z
333,5,7,11.14,standard,2026-07-06T22:17:09Z
333,5,8,11.14,standard,2026-07-06T22:17:09Z
333,5,13,11.14,standard,2026-07-06T22:17:09Z
333,5,14,11.14,standard,2026-07-06T22:17:09Z
333,7,20,11.14,standard,2026-07-06T22:17:09Z
333,7,21,11.14,standard,2026-07-06T22:17:09Z
333,9,2,11.14,standard,2026-07-06T22:17:09Z
333,9,3,11.14,standard,2026-07-06T22:17:09Z
333,9,4,11.14,standard,2026-07-06T22:17:09Z
333,9,5,11.14,standard,2026-07-06T22:17:09Z
333,9,6,11.14,standard,2026-07-06T22:17:09Z
333,9,7,11.14,standard,2026-07-06T22:17:09Z
333,9,8,11.14,standard,2026-07-06T22:17:09Z
333,9,9,11.14,standard,2026-07-06T22:17:09Z
333,9,10,11.14,standard,2026-07-06T22:17:09Z
333,9,11,11.14,standard,2026-07-06T22:17:09Z
333,9,12,11.14,standard,2026-07-06T22:17:09Z
333,9,13,11.14,standard,2026-07-06T22:17:09Z
333,9,14,11.14,standard,2026-07-06T22:17:09Z
333,9,15,11.14,standard,2026-07-06T22:17:09Z
333,9,16,11.14,standard,2026-07-06T22:17:09Z
333,9,17,11.14,standard,2026-07-06T22:17:09Z
333,9,18,11.14,standard,2026-07-06T22:17:09Z
333,9,19,11.14,standard,2026-07-06T22:17:09Z
333,9,20,11.14,standard,2026-07-06T22:17:09Z
333,9,21,11.14,standard,2026-07-06T22:17:09Z
333,9,22,11.14,standard,2026-07-06T22:17:09Z
333,10,15,11.14,standard,2026-07-06T22:17:09Z
333,10,16,11.14,standard,2026-07-06T22:17:09Z
335,2,21,11.14,standard,2026-07-06T22:17:09Z
335,3,14,11.14,standard,2026-07-06T22:17:09Z
335,3,15,11.14,standard,2026-07-06T22:17:09Z
335,3,16,11.14,standard,2026-07-06T22:17:09Z
335,5,10,11.14,standard,2026-07-06T22:17:09Z
335,5,11,11.14,standard,2026-07-06T22:17:09Z
335,8,17,11.14,standard,2026-07-06T22:17:09Z
335,8,18,11.14,standard,2026-07-06T22:17:09Z
335,8,19,11.14,standard,2026-07-06T22:17:09Z
335,8,20,11.14,standard,2026-07-06T22:17:09Z
335,9,16,11.14,standard,2026-07-06T22:17:09Z
335,9,17,11.14,standard,2026-07-06T22:17:09Z
335,9,18,11.14,standard,2026-07-06T22:17:09Z
335,10,21,11.14,standard,2026-07-06T22:17:09Z
335,10,22,11.14,standard,2026-07-06T22:17:09Z
335,11,19,11.14,standard,2026-07-06T22:17:09Z
335,11,20,11.14,standard,2026-07-06T22:17:09Z
335,11,21,11.14,standard,2026-07-06T22:17:09Z
335,13,1,11.14,standard,2026-07-06T22:17:09Z
335,13,2,11.14,standard,2026-07-06T22:17:09Z
337,6,21,11.14,standard,2026-07-06T22:17:09Z
337,6,22,11.14,standard,2026-07-06T22:17:09Z
337,7,17,11.14,standard,2026-07-06T22:17:09Z
337,7,18,11.14,standard,2026-07-06T22:17:09Z
337,7,19,11.14,standard,2026-07-06T22:17:09Z
337,7,20,11.14,standard,2026-07-06T22:17:09Z
337,8,11,11.14,standard,2026-07-06T22:17:09Z
337,8,12,11.14,standard,2026-07-06T22:17:09Z
337,8,13,11.14,standard,2026-07-06T22:17:09Z
337,8,14,11.14,standard,2026-07-06T22:17:09Z
337,8,15,11.14,standard,2026-07-06T22:17:09Z
337,8,16,11.14,standard,2026-07-06T22:17:09Z
337,8,21,11.14,standard,2026-07-06T22:17:09Z
337,8,22,11.14,standard,2026-07-06T22:17:09Z
337,9,1,11.14,standard,2026-07-06T22:17:09Z
337,9,2,11.14,standard,2026-07-06T22:17:09Z
337,9,14,11.14,standard,2026-07-06T22:17:09Z
337,9,15,11.14,standard,2026-07-06T22:17:09Z
337,9,16,11.14,standard,2026-07-06T22:17:09Z
337,9,17,11.14,standard,2026-07-06T22:17:09Z
337,9,22,11.14,standard,2026-07-06T22:17:09Z
337,9,23,11.14,standard,2026-07-06T22:17:09Z
337,9,24,11.14,standard,2026-07-06T22:17:09Z
337,10,3,11.14,standard,2026-07-06T22:17:09Z
337,10,4,11.14,standard,2026-07-06T22:17:09Z
337,10,19,11.14,standard,2026-07-06T22:17:09Z
337,10,20,11.14,standard,2026-07-06T22:17:09Z
337,10,21,11.14,standard,2026-07-06T22:17:09Z
337,10,22,11.14,standard,2026-07-06T22:17:09Z
337,10,23,11.14,standard,2026-07-06T22:17:09Z
337,10,24,11.14,standard,2026-07-06T22:17:09Z
337,11,3,11.14,standard,2026-07-06T22:17:09Z
337,11,4,11.14,standard,2026-07-06T22:17:09Z
337,11,5,11.14,standard,2026-07-06T22:17:09Z
337,11,6,11.14,standard,2026-07-06T22:17:09Z
337,11,7,11.14,standard,2026-07-06T22:17:09Z
337,11,8,11.14,standard,2026-07-06T22:17:09Z
337,11,19,11.14,standard,2026-07-06T22:17:09Z
337,11,20,11.14,standard,2026-07-06T22:17:09Z
337,11,21,11.14,standard,2026-07-06T22:17:09Z
337,11,22,11.14,standard,2026-07-06T22:17:09Z
337,12,5,11.14,standard,2026-07-06T22:17:09Z
337,12,6,11.14,standard,2026-07-06T22:17:09Z
337,12,17,11.14,standard,2026-07-06T22:17:09Z
337,12,18,11.14,standard,2026-07-06T22:17:09Z
337,12,21,11.14,standard,2026-07-06T22:17:09Z
337,12,22,11.14,standard,2026-07-06T22:17:09Z
337,13,2,11.14,standard,2026-07-06T22:17:09Z
337,13,16,11.14,standard,2026-07-06T22:17:09Z
337,13,17,11.14,standard,2026-07-06T22:17:09Z
337,13,18,11.14,standard,2026-07-06T22:17:09Z
339,2,5,11.14,standard,2026-07-06T22:17:09Z
339,2,6,11.14,standard,2026-07-06T22:17:09Z
339,2,7,11.14,standard,2026-07-06T22:17:09Z
339,2,8,11.14,standard,2026-07-06T22:17:09Z
339,3,18,11.14,standard,2026-07-06T22:17:09Z
339,3,19,11.14,standard,2026-07-06T22:17:09Z
339,4,3,11.14,standard,2026-07-06T22:17:09Z
339,4,4,11.14,standard,2026-07-06T22:17:09Z
339,4,11,11.14,standard,2026-07-06T22:17:09Z
339,4,12,11.14,standard,2026-07-06T22:17:09Z
339,4,13,11.14,standard,2026-07-06T22:17:09Z
339,5,3,11.14,standard,2026-07-06T22:17:09Z
339,5,4,11.14,standard,2026-07-06T22:17:09Z
339,5,5,11.14,standard,2026-07-06T22:17:09Z
339,5,6,11.14,standard,2026-07-06T22:17:09Z
339,5,7,11.14,standard,2026-07-06T22:17:09Z
339,5,8,11.14,standard,2026-07-06T22:17:09Z
339,5,9,11.14,standard,2026-07-06T22:17:09Z
339,5,10,11.14,standard,2026-07-06T22:17:09Z
339,5,11,11.14,standard,2026-07-06T22:17:09Z
339,5,12,11.14,standard,2026-07-06T22:17:09Z
339,5,13,11.14,standard,2026-07-06T22:17:09Z
339,5,14,11.14,standard,2026-07-06T22:17:09Z
339,5,17,11.14,standard,2026-07-06T22:17:09Z
339,5,18,11.14,standard,2026-07-06T22:17:09Z
339,6,13,11.14,standard,2026-07-06T22:17:09Z
339,6,14,11.14,standard,2026-07-06T22:17:09Z
339,6,15,11.14,standard,2026-07-06T22:17:09Z
339,6,18,11.14,standard,2026-07-06T22:17:09Z
339,6,19,11.14,standard,2026-07-06T22:17:09Z
339,6,20,11.14,standard,2026-07-06T22:17:09Z
339,6,21,11.14,standard,2026-07-06T22:17:09Z
339,6,22,11.14,standard,2026-07-06T22:17:09Z
339,6,23,11.14,standard,2026-07-06T22:17:09Z
339,6,24,11.14,standard,2026-07-06T22:17:09Z
339,6,25,11.14,standard,2026-07-06T22:17:09Z
339,7,6,11.14,standard,2026-07-06T22:17:09Z
339,7,7,11.14,standard,2026-07-06T22:17:09Z
339,7,8,11.14,standard,2026-07-06T22:17:09Z
339,7,9,11.14,standard,2026-07-06T22:17:09Z
339,7,10,11.14,standard,2026-07-06T22:17:09Z
339,9,5,11.14,standard,2026-07-06T22:17:09Z
339,9,6,11.14,standard,2026-07-06T22:17:09Z
339,9,7,11.14,standard,2026-07-06T22:17:09Z
339,9,8,11.14,standard,2026-07-06T22:17:09Z
339,9,9,11.14,standard,2026-07-06T22:17:09Z
339,9,10,11.14,standard,2026-07-06T22:17:09Z
339,9,11,11.14,standard,2026-07-06T22:17:09Z
339,9,12,11.14,standard,2026-07-06T22:17:09Z
339,9,13,11.14,standard,2026-07-06T22:17:09Z
339,9,14,11.14,standard,2026-07-06T22:17:09Z
339,9,15,11.14,standard,2026-07-06T22:17:09Z
339,9,16,11.14,standard,2026-07-06T22:17:09Z
339,9,17,11.14,standard,2026-07-06T22:17:09Z
339,9,18,11.14,standard,2026-07-06T22:17:09Z
339,9,19,11.14,standard,2026-07-06T22:17:09Z
339,9,20,11.14,standard,2026-07-06T22:17:09Z
339,9,21,11.14,standard,2026-07-06T22:17:09Z
339,9,22,11.14,standard,2026-07-06T22:17:09Z
339,9,23,11.14,standard,2026-07-06T22:17:09Z
339,9,24,11.14,standard,2026-07-06T22:17:09Z
339,9,25,11.14,standard,2026-07-06T22:17:09Z
339,9,26,11.14,standard,2026-07-06T22:17:09Z
339,10,6,11.14,standard,2026-07-06T22:17:09Z
339,10,7,11.14,standard,2026-07-06T22:17:09Z
339,10,8,11.14,standard,2026-07-06T22:17:09Z
339,10,9,11.14,standard,2026-07-06T22:17:09Z
339,10,10,11.14,standard,2026-07-06T22:17:09Z
339,10,11,11.14,standard,2026-07-06T22:17:09Z
339,10,12,11.14,standard,2026-07-06T22:17:09Z
339,10,13,11.14,standard,2026-07-06T22:17:09Z
339,10,14,11.14,standard,2026-07-06T22:17:09Z
339,10,15,11.14,standard,2026-07-06T22:17:09Z
339,10,16,11.14,standard,2026-07-06T22:17:09Z
339,10,24,11.14,standard,2026-07-06T22:17:09Z
339,10,25,11.14,standard,2026-07-06T22:17:09Z
34,11,3,11.14,standard,2026-07-06T22:17:09Z
34,11,4,11.14,standard,2026-07-06T22:17:09Z
340,1,7,11.14,standard,2026-07-06T22:17:09Z
340,1,8,11.14,standard,2026-07-06T22:17:09Z
340,9,15,11.14,standard,2026-07-06T22:17:09Z
340,11,13,11.14,standard,2026-07-06T22:17:09Z
340,11,14,11.14,standard,2026-07-06T22:17:09Z
341,1,13,11.14,standard,2026-07-06T22:17:09Z
341,1,14,11.14,standard,2026-07-06T22:17:09Z
341,2,7,11.14,standard,2026-07-06T22:17:09Z
341,2,8,11.14,standard,2026-07-06T22:17:09Z
341,2,17,11.14,standard,2026-07-06T22:17:09Z
341,2,18,11.14,standard,2026-07-06T22:17:09Z
341,3,16,11.14,standard,2026-07-06T22:17:09Z
341,3,17,11.14,standard,2026-07-06T22:17:09Z
341,5,6,11.14,standard,2026-07-06T22:17:09Z
341,5,7,11.14,standard,2026-07-06T22:17:09Z
341,5,8,11.14,standard,2026-07-06T22:17:09Z
341,8,8,11.14,standard,2026-07-06T22:17:09Z
341,8,9,11.14,standard,2026-07-06T22:17:09Z
341,8,10,11.14,standard,2026-07-06T22:17:09Z
341,8,11,11.14,standard,2026-07-06T22:17:09Z
341,9,10,11.14,standard,2026-07-06T22:17:09Z
341,9,11,11.14,standard,2026-07-06T22:17:09Z
341,10,10,11.14,standard,2026-07-06T22:17:09Z
341,10,11,11.14,standard,2026-07-06T22:17:09Z
341,10,12,11.14,standard,2026-07-06T22:17:09Z
341,11,9,11.14,standard,2026-07-06T22:17:09Z
341,11,10,11.14,standard,2026-07-06T22:17:09Z
341,11,11,11.14,standard,2026-07-06T22:17:09Z
341,11,12,11.14,standard,2026-07-06T22:17:09Z
341,11,13,11.14,standard,2026-07-06T22:17:09Z
341,11,14,11.14,standard,2026-07-06T22:17:09Z
341,11,15,11.14,standard,2026-07-06T22:17:09Z
341,12,7,11.14,standard,2026-07-06T22:17:09Z
341,12,8,11.14,standard,2026-07-06T22:17:09Z
341,12,10,11.14,standard,2026-07-06T22:17:09Z
341,12,11,11.14,standard,2026-07-06T22:17:09Z
341,12,12,11.14,standard,2026-07-06T22:17:09Z
341,13,9,11.14,standard,2026-07-06T22:17:09Z
341,13,10,11.14,standard,2026-07-06T22:17:09Z
342,5,5,11.14,standard,2026-07-06T22:17:09Z
342,5,6,11.14,standard,2026-07-06T22:17:09Z
342,5,7,11.14,standard,2026-07-06T22:17:09Z
342,5,8,11.14,standard,2026-07-06T22:17:09Z
342,5,9,11.14,standard,2026-07-06T22:17:09Z
342,7,7,11.14,standard,2026-07-06T22:17:09Z
342,7,8,11.14,standard,2026-07-06T22:17:09Z
342,7,9,11.14,standard,2026-07-06T22:17:09Z
342,8,8,11.14,standard,2026-07-06T22:17:09Z
342,8,9,11.14,standard,2026-07-06T22:17:09Z
342,8,10,11.14,standard,2026-07-06T22:17:09Z
342,8,11,11.14,standard,2026-07-06T22:17:09Z
342,8,12,11.14,standard,2026-07-06T22:17:09Z
342,9,6,11.14,standard,2026-07-06T22:17:09Z
342,9,7,11.14,standard,2026-07-06T22:17:09Z
342,9,8,11.14,standard,2026-07-06T22:17:09Z
342,9,9,11.14,standard,2026-07-06T22:17:09Z
342,9,10,11.14,standard,2026-07-06T22:17:09Z
342,9,11,11.14,standard,2026-07-06T22:17:09Z
342,9,12,11.14,standard,2026-07-06T22:17:09Z
342,9,13,11.14,standard,2026-07-06T22:17:09Z
342,10,5,11.14,standard,2026-07-06T22:17:09Z
342,10,6,11.14,standard,2026-07-06T22:17:09Z
342,10,7,11.14,standard,2026-07-06T22:17:09Z
342,10,8,11.14,standard,2026-07-06T22:17:09Z
342,10,9,11.14,standard,2026-07-06T22:17:09Z
342,10,14,11.14,standard,2026-07-06T22:17:09Z
342,10,15,11.14,standard,2026-07-06T22:17:09Z
342,11,6,11.14,standard,2026-07-06T22:17:09Z
342,11,7,11.14,standard,2026-07-06T22:17:09Z
342,11,8,11.14,standard,2026-07-06T22:17:09Z
342,11,9,11.14,standard,2026-07-06T22:17:09Z
342,11,10,11.14,standard,2026-07-06T22:17:09Z
342,11,11,11.14,standard,2026-07-06T22:17:09Z
342,11,12,11.14,standard,2026-07-06T22:17:09Z
342,11,13,11.14,standard,2026-07-06T22:17:09Z
342,11,14,11.14,standard,2026-07-06T22:17:09Z
342,11,15,11.14,standard,2026-07-06T22:17:09Z
342,12,5,11.14,standard,2026-07-06T22:17:09Z
342,12,6,11.14,standard,2026-07-06T22:17:09Z
342,12,7,11.14,standard,2026-07-06T22:17:09Z
342,12,8,11.14,standard,2026-07-06T22:17:09Z
342,13,5,11.14,standard,2026-07-06T22:17:09Z
342,13,6,11.14,standard,2026-07-06T22:17:09Z
342,13,7,11.14,standard,2026-07-06T22:17:09Z
342,13,8,11.14,standard,2026-07-06T22:17:09Z
342,13,9,11.14,standard,2026-07-06T22:17:09Z
342,13,10,11.14,standard,2026-07-06T22:17:09Z
343,1,1,11.14,standard,2026-07-06T22:17:09Z
343,1,2,11.14,standard,2026-07-06T22:17:09Z
343,1,11,11.14,standard,2026-07-06T22:17:09Z
343,1,12,11.14,standard,2026-07-06T22:17:09Z
343,2,4,11.14,standard,2026-07-06T22:17:09Z
343,2,5,11.14,standard,2026-07-06T22:17:09Z
343,2,6,11.14,standard,2026-07-06T22:17:09Z
343,2,7,11.14,standard,2026-07-06T22:17:09Z
343,2,8,11.14,standard,2026-07-06T22:17:09Z
343,2,9,11.14,standard,2026-07-06T22:17:09Z
343,2,10,11.14,standard,2026-07-06T22:17:09Z
343,2,11,11.14,standard,2026-07-06T22:17:09Z
343,4,3,11.14,standard,2026-07-06T22:17:09Z
343,4,4,11.14,standard,2026-07-06T22:17:09Z
343,4,5,11.14,standard,2026-07-06T22:17:09Z
343,4,6,11.14,standard,2026-07-06T22:17:09Z
343,4,7,11.14,standard,2026-07-06T22:17:09Z
343,4,8,11.14,standard,2026-07-06T22:17:09Z
343,4,9,11.14,standard,2026-07-06T22:17:09Z
343,4,10,11.14,standard,2026-07-06T22:17:09Z
343,4,11,11.14,standard,2026-07-06T22:17:09Z
343,5,2,11.14,standard,2026-07-06T22:17:09Z
343,5,3,11.14,standard,2026-07-06T22:17:09Z
343,5,4,11.14,standard,2026-07-06T22:17:09Z
343,5,5,11.14,standard,2026-07-06T22:17:09Z
343,5,6,11.14,standard,2026-07-06T22:17:09Z
343,5,7,11.14,standard,2026-07-06T22:17:09Z
343,5,8,11.14,standard,2026-07-06T22:17:09Z
343,5,9,11.14,standard,2026-07-06T22:17:09Z
343,5,10,11.14,standard,2026-07-06T22:17:09Z
343,5,11,11.14,standard,2026-07-06T22:17:09Z
343,5,12,11.14,standard,2026-07-06T22:17:09Z
343,5,13,11.14,standard,2026-07-06T22:17:09Z
343,5,14,11.14,standard,2026-07-06T22:17:09Z
343,6,1,11.14,standard,2026-07-06T22:17:09Z
343,6,2,11.14,standard,2026-07-06T22:17:09Z
343,6,5,11.14,standard,2026-07-06T22:17:09Z
343,6,6,11.14,standard,2026-07-06T22:17:09Z
343,6,19,11.14,standard,2026-07-06T22:17:09Z
343,6,20,11.14,standard,2026-07-06T22:17:09Z
343,6,21,11.14,standard,2026-07-06T22:17:09Z
343,6,22,11.14,standard,2026-07-06T22:17:09Z
343,6,23,11.14,standard,2026-07-06T22:17:09Z
343,7,1,11.14,standard,2026-07-06T22:17:09Z
343,7,2,11.14,standard,2026-07-06T22:17:09Z
343,7,3,11.14,standard,2026-07-06T22:17:09Z
343,7,4,11.14,standard,2026-07-06T22:17:09Z
343,7,5,11.14,standard,2026-07-06T22:17:09Z
343,7,6,11.14,standard,2026-07-06T22:17:09Z
343,7,15,11.14,standard,2026-07-06T22:17:09Z
343,7,16,11.14,standard,2026-07-06T22:17:09Z
343,7,17,11.14,standard,2026-07-06T22:17:09Z
343,7,18,11.14,standard,2026-07-06T22:17:09Z
343,7,19,11.14,standard,2026-07-06T22:17:09Z
343,7,20,11.14,standard,2026-07-06T22:17:09Z
343,7,21,11.14,standard,2026-07-06T22:17:09Z
343,7,22,11.14,standard,2026-07-06T22:17:09Z
343,7,23,11.14,standard,2026-07-06T22:17:09Z
343,7,24,11.14,standard,2026-07-06T22:17:09Z
343,8,1,11.14,standard,2026-07-06T22:17:09Z
343,8,2,11.14,standard,2026-07-06T22:17:09Z
343,8,9,11.14,standard,2026-07-06T22:17:09Z
343,8,10,11.14,standard,2026-07-06T22:17:09Z
343,8,11,11.14,standard,2026-07-06T22:17:09Z
343,8,12,11.14,standard,2026-07-06T22:17:09Z
343,8,13,11.14,standard,2026-07-06T22:17:09Z
343,8,14,11.14,standard,2026-07-06T22:17:09Z
343,8,15,11.14,standard,2026-07-06T22:17:09Z
343,8,16,11.14,standard,2026-07-06T22:17:09Z
343,8,17,11.14,standard,2026-07-06T22:17:09Z
343,8,18,11.14,standard,2026-07-06T22:17:09Z
343,9,1,11.14,standard,2026-07-06T22:17:09Z
343,9,2,11.14,standard,2026-07-06T22:17:09Z
343,9,7,11.14,standard,2026-07-06T22:17:09Z
343,9,8,11.14,standard,2026-07-06T22:17:09Z
343,9,9,11.14,standard,2026-07-06T22:17:09Z
343,9,10,11.14,standard,2026-07-06T22:17:09Z
343,9,11,11.14,standard,2026-07-06T22:17:09Z
343,9,12,11.14,standard,2026-07-06T22:17:09Z
343,10,9,11.14,standard,2026-07-06T22:17:09Z
343,10,10,11.14,standard,2026-07-06T22:17:09Z
343,10,11,11.14,standard,2026-07-06T22:17:09Z
343,10,12,11.14,standard,2026-07-06T22:17:09Z
343,10,13,11.14,standard,2026-07-06T22:17:09Z
343,10,14,11.14,standard,2026-07-06T22:17:09Z
343,10,15,11.14,standard,2026-07-06T22:17:09Z
343,10,16,11.14,standard,2026-07-06T22:17:09Z
343,10,17,11.14,standard,2026-07-06T22:17:09Z
343,10,18,11.14,standard,2026-07-06T22:17:09Z
343,10,19,11.14,standard,2026-07-06T22:17:09Z
343,10,20,11.14,standard,2026-07-06T22:17:09Z
343,10,21,11.14,standard,2026-07-06T22:17:09Z
343,10,22,11.14,standard,2026-07-06T22:17:09Z
343,10,23,11.14,standard,2026-07-06T22:17:09Z
343,10,24,11.14,standard,2026-07-06T22:17:09Z
343,11,3,11.14,standard,2026-07-06T22:17:09Z
343,11,4,11.14,standard,2026-07-06T22:17:09Z
343,11,5,11.14,standard,2026-07-06T22:17:09Z
343,11,6,11.14,standard,2026-07-06T22:17:09Z
343,11,7,11.14,standard,2026-07-06T22:17:09Z
343,11,8,11.14,standard,2026-07-06T22:17:09Z
343,11,9,11.14,standard,2026-07-06T22:17:09Z
343,11,10,11.14,standard,2026-07-06T22:17:09Z
343,11,11,11.14,standard,2026-07-06T22:17:09Z
343,11,12,11.14,standard,2026-07-06T22:17:09Z
343,11,13,11.14,standard,2026-07-06T22:17:09Z
343,11,14,11.14,standard,2026-07-06T22:17:09Z
343,11,15,11.14,standard,2026-07-06T22:17:09Z
343,11,16,11.14,standard,2026-07-06T22:17:09Z
343,12,5,11.14,standard,2026-07-06T22:17:09Z
343,12,6,11.14,standard,2026-07-06T22:17:09Z
343,12,7,11.14,standard,2026-07-06T22:17:09Z
343,12,8,11.14,standard,2026-07-06T22:17:09Z
343,12,9,11.14,standard,2026-07-06T22:17:09Z
343,12,10,11.14,standard,2026-07-06T22:17:09Z
343,12,11,11.14,standard,2026-07-06T22:17:09Z
343,12,12,11.14,standard,2026-07-06T22:17:09Z
343,12,13,11.14,standard,2026-07-06T22:17:09Z
343,12,14,11.14,standard,2026-07-06T22:17:09Z
343,12,15,11.14,standard,2026-07-06T22:17:09Z
344,1,9,11.14,standard,2026-07-06T22:17:09Z
344,1,10,11.14,standard,2026-07-06T22:17:09Z
344,1,13,11.14,standard,2026-07-06T22:17:09Z
344,1,14,11.14,standard,2026-07-06T22:17:09Z
344,3,1,11.14,standard,2026-07-06T22:17:09Z
344,3,2,11.14,standard,2026-07-06T22:17:09Z
344,3,3,11.14,standard,2026-07-06T22:17:09Z
344,3,4,11.14,standard,2026-07-06T22:17:09Z
344,3,5,11.14,standard,2026-07-06T22:17:09Z
344,3,8,11.14,standard,2026-07-06T22:17:09Z
344,3,9,11.14,standard,2026-07-06T22:17:09Z
344,3,13,11.14,standard,2026-07-06T22:17:09Z
344,3,14,11.14,standard,2026-07-06T22:17:09Z
344,3,15,11.14,standard,2026-07-06T22:17:09Z
344,3,16,11.14,standard,2026-07-06T22:17:09Z
344,3,22,11.14,standard,2026-07-06T22:17:09Z
344,3,23,11.14,standard,2026-07-06T22:17:09Z
344,4,1,11.14,standard,2026-07-06T22:17:09Z
344,4,2,11.14,standard,2026-07-06T22:17:09Z
344,4,3,11.14,standard,2026-07-06T22:17:09Z
344,4,4,11.14,standard,2026-07-06T22:17:09Z
344,4,5,11.14,standard,2026-07-06T22:17:09Z
344,4,10,11.14,standard,2026-07-06T22:17:09Z
344,4,11,11.14,standard,2026-07-06T22:17:09Z
344,4,12,11.14,standard,2026-07-06T22:17:09Z
344,4,13,11.14,standard,2026-07-06T22:17:09Z
344,4,14,11.14,standard,2026-07-06T22:17:09Z
344,4,15,11.14,standard,2026-07-06T22:17:09Z
344,4,18,11.14,standard,2026-07-06T22:17:09Z
344,4,19,11.14,standard,2026-07-06T22:17:09Z
344,4,20,11.14,standard,2026-07-06T22:17:09Z
344,4,21,11.14,standard,2026-07-06T22:17:09Z
344,4,22,11.14,standard,2026-07-06T22:17:09Z
344,5,1,11.14,standard,2026-07-06T22:17:09Z
344,5,2,11.14,standard,2026-07-06T22:17:09Z
344,5,3,11.14,standard,2026-07-06T22:17:09Z
344,5,4,11.14,standard,2026-07-06T22:17:09Z
344,5,5,11.14,standard,2026-07-06T22:17:09Z
344,5,6,11.14,standard,2026-07-06T22:17:09Z
344,5,20,11.14,standard,2026-07-06T22:17:09Z
344,5,21,11.14,standard,2026-07-06T22:17:09Z
344,5,22,11.14,standard,2026-07-06T22:17:09Z
344,5,23,11.14,standard,2026-07-06T22:17:09Z
344,5,24,11.14,standard,2026-07-06T22:17:09Z
344,5,25,11.14,standard,2026-07-06T22:17:09Z
344,5,26,11.14,standard,2026-07-06T22:17:09Z
344,6,1,11.14,standard,2026-07-06T22:17:09Z
344,6,2,11.14,standard,2026-07-06T22:17:09Z
344,6,3,11.14,standard,2026-07-06T22:17:09Z
344,6,4,11.14,standard,2026-07-06T22:17:09Z
344,6,5,11.14,standard,2026-07-06T22:17:09Z
344,6,6,11.14,standard,2026-07-06T22:17:09Z
344,6,14,11.14,standard,2026-07-06T22:17:09Z
344,6,15,11.14,standard,2026-07-06T22:17:09Z
344,6,16,11.14,standard,2026-07-06T22:17:09Z
344,6,17,11.14,standard,2026-07-06T22:17:09Z
344,6,18,11.14,standard,2026-07-06T22:17:09Z
344,6,19,11.14,standard,2026-07-06T22:17:09Z
344,7,3,11.14,standard,2026-07-06T22:17:09Z
344,7,4,11.14,standard,2026-07-06T22:17:09Z
344,7,5,11.14,standard,2026-07-06T22:17:09Z
344,7,6,11.14,standard,2026-07-06T22:17:09Z
344,7,7,11.14,standard,2026-07-06T22:17:09Z
344,7,8,11.14,standard,2026-07-06T22:17:09Z
344,7,9,11.14,standard,2026-07-06T22:17:09Z
344,7,10,11.14,standard,2026-07-06T22:17:09Z
344,7,11,11.14,standard,2026-07-06T22:17:09Z
344,7,12,11.14,standard,2026-07-06T22:17:09Z
344,7,13,11.14,standard,2026-07-06T22:17:09Z
344,7,14,11.14,standard,2026-07-06T22:17:09Z
344,7,15,11.14,standard,2026-07-06T22:17:09Z
344,7,16,11.14,standard,2026-07-06T22:17:09Z
344,7,17,11.14,standard,2026-07-06T22:17:09Z
344,7,18,11.14,standard,2026-07-06T22:17:09Z
344,7,19,11.14,standard,2026-07-06T22:17:09Z
344,7,24,11.14,standard,2026-07-06T22:17:09Z
344,7,25,11.14,standard,2026-07-06T22:17:09Z
344,7,26,11.14,standard,2026-07-06T22:17:09Z
344,8,9,11.14,standard,2026-07-06T22:17:09Z
344,8,10,11.14,standard,2026-07-06T22:17:09Z
344,8,11,11.14,standard,2026-07-06T22:17:09Z
344,8,12,11.14,standard,2026-07-06T22:17:09Z
344,8,13,11.14,standard,2026-07-06T22:17:09Z
344,8,14,11.14,standard,2026-07-06T22:17:09Z
344,8,15,11.14,standard,2026-07-06T22:17:09Z
344,8,16,11.14,standard,2026-07-06T22:17:09Z
344,8,17,11.14,standard,2026-07-06T22:17:09Z
344,8,18,11.14,standard,2026-07-06T22:17:09Z
344,8,19,11.14,standard,2026-07-06T22:17:09Z
344,8,20,11.14,standard,2026-07-06T22:17:09Z
344,8,21,11.14,standard,2026-07-06T22:17:09Z
344,8,22,11.14,standard,2026-07-06T22:17:09Z
344,8,23,11.14,standard,2026-07-06T22:17:09Z
344,8,24,11.14,standard,2026-07-06T22:17:09Z
344,8,25,11.14,standard,2026-07-06T22:17:09Z
344,8,26,11.14,standard,2026-07-06T22:17:09Z
344,8,27,11.14,standard,2026-07-06T22:17:09Z
344,8,28,11.14,standard,2026-07-06T22:17:09Z
344,9,1,11.14,standard,2026-07-06T22:17:09Z
344,9,2,11.14,standard,2026-07-06T22:17:09Z
344,9,3,11.14,standard,2026-07-06T22:17:09Z
344,9,4,11.14,standard,2026-07-06T22:17:09Z
344,9,5,11.14,standard,2026-07-06T22:17:09Z
344,9,6,11.14,standard,2026-07-06T22:17:09Z
344,9,7,11.14,standard,2026-07-06T22:17:09Z
344,9,8,11.14,standard,2026-07-06T22:17:09Z
344,9,9,11.14,standard,2026-07-06T22:17:09Z
344,9,10,11.14,standard,2026-07-06T22:17:09Z
344,9,11,11.14,standard,2026-07-06T22:17:09Z
344,9,12,11.14,standard,2026-07-06T22:17:09Z
344,9,13,11.14,standard,2026-07-06T22:17:09Z
344,9,14,11.14,standard,2026-07-06T22:17:09Z
344,9,15,11.14,standard,2026-07-06T22:17:09Z
344,9,16,11.14,standard,2026-07-06T22:17:09Z
344,9,17,11.14,standard,2026-07-06T22:17:09Z
344,9,18,11.14,standard,2026-07-06T22:17:09Z
344,9,19,11.14,standard,2026-07-06T22:17:09Z
344,9,20,11.14,standard,2026-07-06T22:17:09Z
344,10,4,11.14,standard,2026-07-06T22:17:09Z
344,10,5,11.14,standard,2026-07-06T22:17:09Z
344,10,6,11.14,standard,2026-07-06T22:17:09Z
344,10,7,11.14,standard,2026-07-06T22:17:09Z
344,10,15,11.14,standard,2026-07-06T22:17:09Z
344,10,16,11.14,standard,2026-07-06T22:17:09Z
344,10,17,11.14,standard,2026-07-06T22:17:09Z
344,10,18,11.14,standard,2026-07-06T22:17:09Z
344,10,19,11.14,standard,2026-07-06T22:17:09Z
344,10,20,11.14,standard,2026-07-06T22:17:09Z
344,10,21,11.14,standard,2026-07-06T22:17:09Z
344,10,22,11.14,standard,2026-07-06T22:17:09Z
344,10,23,11.14,standard,2026-07-06T22:17:09Z
344,10,24,11.14,standard,2026-07-06T22:17:09Z
344,10,25,11.14,standard,2026-07-06T22:17:09Z
344,10,26,11.14,standard,2026-07-06T22:17:09Z
344,10,27,11.14,standard,2026-07-06T22:17:09Z
344,10,28,11.14,standard,2026-07-06T22:17:09Z
344,10,29,11.14,standard,2026-07-06T22:17:09Z
344,10,30,11.14,standard,2026-07-06T22:17:09Z
345,9,19,22.69,standard,2026-07-06T22:17:09Z
345,9,20,22.69,standard,2026-07-06T22:17:09Z
345,9,21,22.69,standard,2026-07-06T22:17:09Z
345,9,22,22.69,standard,2026-07-06T22:17:09Z
345,9,23,22.69,standard,2026-07-06T22:17:09Z
345,9,24,22.69,standard,2026-07-06T22:17:09Z
345,10,22,22.69,standard,2026-07-06T22:17:09Z
345,10,23,22.69,standard,2026-07-06T22:17:09Z
345,10,24,22.69,standard,2026-07-06T22:17:09Z
345,11,9,22.69,standard,2026-07-06T22:17:09Z
345,11,10,22.69,standard,2026-07-06T22:17:09Z
345,11,11,22.69,standard,2026-07-06T22:17:09Z
345,11,12,22.69,standard,2026-07-06T22:17:09Z
345,11,13,22.69,standard,2026-07-06T22:17:09Z
345,11,14,22.69,standard,2026-07-06T22:17:09Z
345,11,15,22.69,standard,2026-07-06T22:17:09Z
345,11,16,22.69,standard,2026-07-06T22:17:09Z
345,11,17,22.69,standard,2026-07-06T22:17:09Z
345,11,18,22.69,standard,2026-07-06T22:17:09Z
345,11,19,22.69,standard,2026-07-06T22:17:09Z
345,11,20,22.69,standard,2026-07-06T22:17:09Z
345,11,21,22.69,standard,2026-07-06T22:17:09Z
345,11,22,22.69,standard,2026-07-06T22:17:09Z
345,11,23,22.69,standard,2026-07-06T22:17:09Z
345,11,24,22.69,standard,2026-07-06T22:17:09Z
345,12,7,22.69,standard,2026-07-06T22:17:09Z
345,12,8,22.69,standard,2026-07-06T22:17:09Z
345,12,9,22.69,standard,2026-07-06T22:17:09Z
345,12,10,22.69,standard,2026-07-06T22:17:09Z
345,12,11,22.69,standard,2026-07-06T22:17:09Z
345,12,12,22.69,standard,2026-07-06T22:17:09Z
345,12,13,22.69,standard,2026-07-06T22:17:09Z
345,12,14,22.69,standard,2026-07-06T22:17:09Z
345,12,15,22.69,standard,2026-07-06T22:17:09Z
345,12,16,22.69,standard,2026-07-06T22:17:09Z
345,12,17,22.69,standard,2026-07-06T22:17:09Z
345,12,18,22.69,standard,2026-07-06T22:17:09Z
345,12,19,22.69,standard,2026-07-06T22:17:09Z
345,12,20,22.69,standard,2026-07-06T22:17:09Z
345,12,21,22.69,standard,2026-07-06T22:17:09Z
345,12,22,22.69,standard,2026-07-06T22:17:09Z
345,12,23,22.69,standard,2026-07-06T22:17:09Z
345,12,24,22.69,standard,2026-07-06T22:17:09Z
345,13,5,22.69,standard,2026-07-06T22:17:09Z
345,13,6,22.69,standard,2026-07-06T22:17:09Z
345,13,7,22.69,standard,2026-07-06T22:17:09Z
345,13,8,22.69,standard,2026-07-06T22:17:09Z
345,13,9,22.69,standard,2026-07-06T22:17:09Z
345,13,10,22.69,standard,2026-07-06T22:17:09Z
345,13,13,22.69,standard,2026-07-06T22:17:09Z
345,13,14,22.69,standard,2026-07-06T22:17:09Z
345,13,15,22.69,standard,2026-07-06T22:17:09Z
345,13,16,22.69,standard,2026-07-06T22:17:09Z
345,13,17,22.69,standard,2026-07-06T22:17:09Z
345,13,18,22.69,standard,2026-07-06T22:17:09Z
345,13,19,22.69,standard,2026-07-06T22:17:09Z
345,13,20,22.69,standard,2026-07-06T22:17:09Z
345,13,21,22.69,standard,2026-07-06T22:17:09Z
345,13,22,22.69,standard,2026-07-06T22:17:09Z
345,13,23,22.69,standard,2026-07-06T22:17:09Z
345,13,24,22.69,standard,2026-07-06T22:17:09Z
346,5,15,22.69,standard,2026-07-06T22:17:09Z
346,5,16,22.69,standard,2026-07-06T22:17:09Z
346,5,17,22.69,standard,2026-07-06T22:17:09Z
346,5,18,22.69,standard,2026-07-06T22:17:09Z
346,5,19,22.69,standard,2026-07-06T22:17:09Z
346,5,20,22.69,standard,2026-07-06T22:17:09Z
346,6,9,22.69,standard,2026-07-06T22:17:09Z
346,6,10,22.69,standard,2026-07-06T22:17:09Z
346,6,11,22.69,standard,2026-07-06T22:17:09Z
346,6,12,22.69,standard,2026-07-06T22:17:09Z
346,6,13,22.69,standard,2026-07-06T22:17:09Z
346,6,14,22.69,standard,2026-07-06T22:17:09Z
346,6,15,22.69,standard,2026-07-06T22:17:09Z
346,6,16,22.69,standard,2026-07-06T22:17:09Z
346,6,17,22.69,standard,2026-07-06T22:17:09Z
346,6,18,22.69,standard,2026-07-06T22:17:09Z
346,6,19,22.69,standard,2026-07-06T22:17:09Z
346,6,20,22.69,standard,2026-07-06T22:17:09Z
346,6,21,22.69,standard,2026-07-06T22:17:09Z
346,6,22,22.69,standard,2026-07-06T22:17:09Z
346,6,23,22.69,standard,2026-07-06T22:17:09Z
346,6,24,22.69,standard,2026-07-06T22:17:09Z
346,7,6,22.69,standard,2026-07-06T22:17:09Z
346,7,7,22.69,standard,2026-07-06T22:17:09Z
346,7,8,22.69,standard,2026-07-06T22:17:09Z
346,7,9,22.69,standard,2026-07-06T22:17:09Z
346,7,10,22.69,standard,2026-07-06T22:17:09Z
346,7,11,22.69,standard,2026-07-06T22:17:09Z
346,7,12,22.69,standard,2026-07-06T22:17:09Z
346,7,13,22.69,standard,2026-07-06T22:17:09Z
346,7,14,22.69,standard,2026-07-06T22:17:09Z
346,7,15,22.69,standard,2026-07-06T22:17:09Z
346,7,16,22.69,standard,2026-07-06T22:17:09Z
346,7,17,22.69,standard,2026-07-06T22:17:09Z
346,7,18,22.69,standard,2026-07-06T22:17:09Z
346,7,19,22.69,standard,2026-07-06T22:17:09Z
346,7,20,22.69,standard,2026-07-06T22:17:09Z
346,7,21,22.69,standard,2026-07-06T22:17:09Z
346,7,22,22.69,standard,2026-07-06T22:17:09Z
346,7,23,22.69,standard,2026-07-06T22:17:09Z
346,7,24,22.69,standard,2026-07-06T22:17:09Z
346,8,1,22.69,standard,2026-07-06T22:17:09Z
346,8,2,22.69,standard,2026-07-06T22:17:09Z
346,8,3,22.69,standard,2026-07-06T22:17:09Z
346,8,4,22.69,standard,2026-07-06T22:17:09Z
346,8,5,22.69,standard,2026-07-06T22:17:09Z
346,8,6,22.69,standard,2026-07-06T22:17:09Z
346,8,7,22.69,standard,2026-07-06T22:17:09Z
346,8,8,22.69,standard,2026-07-06T22:17:09Z
346,8,9,22.69,standard,2026-07-06T22:17:09Z
346,8,10,22.69,standard,2026-07-06T22:17:09Z
346,8,11,22.69,standard,2026-07-06T22:17:09Z
346,8,12,22.69,standard,2026-07-06T22:17:09Z
346,8,13,22.69,standard,2026-07-06T22:17:09Z
346,8,14,22.69,standard,2026-07-06T22:17:09Z
346,8,15,22.69,standard,2026-07-06T22:17:09Z
346,8,16,22.69,standard,2026-07-06T22:17:09Z
346,8,17,22.69,standard,2026-07-06T22:17:09Z
346,8,18,22.69,standard,2026-07-06T22:17:09Z
346,8,19,22.69,standard,2026-07-06T22:17:09Z
346,8,20,22.69,standard,2026-07-06T22:17:09Z
346,8,21,22.69,standard,2026-07-06T22:17:09Z
346,8,22,22.69,standard,2026-07-06T22:17:09Z
346,8,23,22.69,standard,2026-07-06T22:17:09Z
346,8,24,22.69,standard,2026-07-06T22:17:09Z
346,9,1,22.69,standard,2026-07-06T22:17:09Z
346,9,2,22.69,standard,2026-07-06T22:17:09Z
346,9,3,22.69,standard,2026-07-06T22:17:09Z
346,9,4,22.69,standard,2026-07-06T22:17:09Z
346,9,5,22.69,standard,2026-07-06T22:17:09Z
346,9,6,22.69,standard,2026-07-06T22:17:09Z
346,9,7,22.69,standard,2026-07-06T22:17:09Z
346,9,8,22.69,standard,2026-07-06T22:17:09Z
346,9,9,22.69,standard,2026-07-06T22:17:09Z
346,9,10,22.69,standard,2026-07-06T22:17:09Z
346,9,11,22.69,standard,2026-07-06T22:17:09Z
346,9,12,22.69,standard,2026-07-06T22:17:09Z
346,9,13,22.69,standard,2026-07-06T22:17:09Z
346,9,14,22.69,standard,2026-07-06T22:17:09Z
346,9,15,22.69,standard,2026-07-06T22:17:09Z
346,9,16,22.69,standard,2026-07-06T22:17:09Z
346,9,17,22.69,standard,2026-07-06T22:17:09Z
346,9,18,22.69,standard,2026-07-06T22:17:09Z
346,9,19,22.69,standard,2026-07-06T22:17:09Z
346,9,20,22.69,standard,2026-07-06T22:17:09Z
346,9,21,22.69,standard,2026-07-06T22:17:09Z
346,10,3,22.69,standard,2026-07-06T22:17:09Z
346,10,4,22.69,standard,2026-07-06T22:17:09Z
346,10,5,22.69,standard,2026-07-06T22:17:09Z
346,10,6,22.69,standard,2026-07-06T22:17:09Z
346,10,7,22.69,standard,2026-07-06T22:17:09Z
346,10,8,22.69,standard,2026-07-06T22:17:09Z
346,10,9,22.69,standard,2026-07-06T22:17:09Z
346,10,10,22.69,standard,2026-07-06T22:17:09Z
346,10,11,22.69,standard,2026-07-06T22:17:09Z
346,10,12,22.69,standard,2026-07-06T22:17:09Z
346,10,13,22.69,standard,2026-07-06T22:17:09Z
346,10,14,22.69,standard,2026-07-06T22:17:09Z
346,10,15,22.69,standard,2026-07-06T22:17:09Z
346,10,16,22.69,standard,2026-07-06T22:17:09Z
346,10,17,22.69,standard,2026-07-06T22:17:09Z
346,10,18,22.69,standard,2026-07-06T22:17:09Z
346,10,19,22.69,standard,2026-07-06T22:17:09Z
346,10,20,22.69,standard,2026-07-06T22:17:09Z
346,10,21,22.69,standard,2026-07-06T22:17:09Z
346,10,22,22.69,standard,2026-07-06T22:17:09Z
346,10,23,22.69,standard,2026-07-06T22:17:09Z
346,10,24,22.69,standard,2026-07-06T22:17:09Z
346,WC,1,22.69,standard,2026-07-06T22:17:09Z
346,WC,2,22.69,standard,2026-07-06T22:17:09Z
346,WC,3,22.69,standard,2026-07-06T22:17:09Z
346,WC,4,22.69,standard,2026-07-06T22:17:09Z
346,WC,5,22.69,standard,2026-07-06T22:17:09Z
346,WC,6,22.69,standard,2026-07-06T22:17:09Z
347,4,9,22.69,standard,2026-07-06T22:17:09Z
347,4,10,22.69,standard,2026-07-06T22:17:09Z
347,4,11,22.69,standard,2026-07-06T22:17:09Z
347,4,12,22.69,standard,2026-07-06T22:17:09Z
347,4,13,22.69,standard,2026-07-06T22:17:09Z
347,5,15,22.69,standard,2026-07-06T22:17:09Z
347,5,16,22.69,standard,2026-07-06T22:17:09Z
347,6,10,22.69,standard,2026-07-06T22:17:09Z
347,6,11,22.69,standard,2026-07-06T22:17:09Z
347,7,1,22.69,standard,2026-07-06T22:17:09Z
347,7,2,22.69,standard,2026-07-06T22:17:09Z
347,7,3,22.69,standard,2026-07-06T22:17:09Z
347,7,4,22.69,standard,2026-07-06T22:17:09Z
347,7,5,22.69,standard,2026-07-06T22:17:09Z
347,7,6,22.69,standard,2026-07-06T22:17:09Z
347,8,1,22.69,standard,2026-07-06T22:17:09Z
347,8,2,22.69,standard,2026-07-06T22:17:09Z
347,8,3,22.69,standard,2026-07-06T22:17:09Z
347,8,4,22.69,standard,2026-07-06T22:17:09Z
347,8,5,22.69,standard,2026-07-06T22:17:09Z
347,8,6,22.69,standard,2026-07-06T22:17:09Z
347,8,7,22.69,standard,2026-07-06T22:17:09Z
347,8,8,22.69,standard,2026-07-06T22:17:09Z
347,8,9,22.69,standard,2026-07-06T22:17:09Z
347,8,10,22.69,standard,2026-07-06T22:17:09Z
347,8,11,22.69,standard,2026-07-06T22:17:09Z
347,8,12,22.69,standard,2026-07-06T22:17:09Z
347,8,13,22.69,standard,2026-07-06T22:17:09Z
347,8,14,22.69,standard,2026-07-06T22:17:09Z
347,8,15,22.69,standard,2026-07-06T22:17:09Z
347,8,16,22.69,standard,2026-07-06T22:17:09Z
347,8,17,22.69,standard,2026-07-06T22:17:09Z
347,9,7,22.69,standard,2026-07-06T22:17:09Z
347,9,8,22.69,standard,2026-07-06T22:17:09Z
347,9,9,22.69,standard,2026-07-06T22:17:09Z
347,9,10,22.69,standard,2026-07-06T22:17:09Z
347,9,11,22.69,standard,2026-07-06T22:17:09Z
347,9,12,22.69,standard,2026-07-06T22:17:09Z
347,9,13,22.69,standard,2026-07-06T22:17:09Z
347,9,14,22.69,standard,2026-07-06T22:17:09Z
347,9,15,22.69,standard,2026-07-06T22:17:09Z
347,9,16,22.69,standard,2026-07-06T22:17:09Z
347,9,17,22.69,standard,2026-07-06T22:17:09Z
347,9,18,22.69,standard,2026-07-06T22:17:09Z
347,10,2,22.69,standard,2026-07-06T22:17:09Z
347,10,3,22.69,standard,2026-07-06T22:17:09Z
347,10,4,22.69,standard,2026-07-06T22:17:09Z
347,10,5,22.69,standard,2026-07-06T22:17:09Z
347,10,6,22.69,standard,2026-07-06T22:17:09Z
347,10,7,22.69,standard,2026-07-06T22:17:09Z
347,10,8,22.69,standard,2026-07-06T22:17:09Z
347,10,9,22.69,standard,2026-07-06T22:17:09Z
347,10,10,22.69,standard,2026-07-06T22:17:09Z
347,10,11,22.69,standard,2026-07-06T22:17:09Z
347,10,12,22.69,standard,2026-07-06T22:17:09Z
347,10,13,22.69,standard,2026-07-06T22:17:09Z
347,10,14,22.69,standard,2026-07-06T22:17:09Z
347,10,15,22.69,standard,2026-07-06T22:17:09Z
347,10,16,22.69,standard,2026-07-06T22:17:09Z
347,10,17,22.69,standard,2026-07-06T22:17:09Z
347,10,18,22.69,standard,2026-07-06T22:17:09Z
347,11,2,22.69,standard,2026-07-06T22:17:09Z
347,11,3,22.69,standard,2026-07-06T22:17:09Z
347,11,4,22.69,standard,2026-07-06T22:17:09Z
347,11,5,22.69,standard,2026-07-06T22:17:09Z
347,11,6,22.69,standard,2026-07-06T22:17:09Z
347,11,7,22.69,standard,2026-07-06T22:17:09Z
347,11,8,22.69,standard,2026-07-06T22:17:09Z
347,11,9,22.69,standard,2026-07-06T22:17:09Z
347,11,10,22.69,standard,2026-07-06T22:17:09Z
347,11,11,22.69,standard,2026-07-06T22:17:09Z
347,11,12,22.69,standard,2026-07-06T22:17:09Z
347,11,13,22.69,standard,2026-07-06T22:17:09Z
347,11,14,22.69,standard,2026-07-06T22:17:09Z
347,11,15,22.69,standard,2026-07-06T22:17:09Z
347,11,16,22.69,standard,2026-07-06T22:17:09Z
347,11,17,22.69,standard,2026-07-06T22:17:09Z
347,11,18,22.69,standard,2026-07-06T22:17:09Z
347,11,19,22.69,standard,2026-07-06T22:17:09Z
347,12,2,22.69,standard,2026-07-06T22:17:09Z
347,12,3,22.69,standard,2026-07-06T22:17:09Z
347,12,4,22.69,standard,2026-07-06T22:17:09Z
347,12,5,22.69,standard,2026-07-06T22:17:09Z
347,12,6,22.69,standard,2026-07-06T22:17:09Z
347,12,7,22.69,standard,2026-07-06T22:17:09Z
347,12,8,22.69,standard,2026-07-06T22:17:09Z
347,12,9,22.69,standard,2026-07-06T22:17:09Z
347,12,10,22.69,standard,2026-07-06T22:17:09Z
347,12,11,22.69,standard,2026-07-06T22:17:09Z
347,12,12,22.69,standard,2026-07-06T22:17:09Z
347,12,13,22.69,standard,2026-07-06T22:17:09Z
347,12,14,22.69,standard,2026-07-06T22:17:09Z
347,12,15,22.69,standard,2026-07-06T22:17:09Z
347,12,16,22.69,standard,2026-07-06T22:17:09Z
347,12,17,22.69,standard,2026-07-06T22:17:09Z
347,12,18,22.69,standard,2026-07-06T22:17:09Z
347,12,19,22.69,standard,2026-07-06T22:17:09Z
347,13,4,22.69,standard,2026-07-06T22:17:09Z
347,13,5,22.69,standard,2026-07-06T22:17:09Z
347,13,6,22.69,standard,2026-07-06T22:17:09Z
347,13,7,22.69,standard,2026-07-06T22:17:09Z
347,13,8,22.69,standard,2026-07-06T22:17:09Z
347,13,9,22.69,standard,2026-07-06T22:17:09Z
347,13,10,22.69,standard,2026-07-06T22:17:09Z
347,13,11,22.69,standard,2026-07-06T22:17:09Z
347,13,12,22.69,standard,2026-07-06T22:17:09Z
347,13,13,22.69,standard,2026-07-06T22:17:09Z
347,13,14,22.69,standard,2026-07-06T22:17:09Z
347,13,15,22.69,standard,2026-07-06T22:17:09Z
347,13,16,22.69,standard,2026-07-06T22:17:09Z
37,12,4,11.14,standard,2026-07-06T22:17:09Z
37,12,6,11.14,standard,2026-07-06T22:17:09Z
37,12,7,11.14,standard,2026-07-06T22:17:09Z
37,12,8,11.14,standard,2026-07-06T22:17:09Z
38,9,10,11.14,standard,2026-07-06T22:17:09Z
38,9,11,11.14,standard,2026-07-06T22:17:09Z
38,10,11,11.14,standard,2026-07-06T22:17:09Z
38,10,12,11.14,standard,2026-07-06T22:17:09Z
38,11,11,11.14,standard,2026-07-06T22:17:09Z
38,11,12,11.14,standard,2026-07-06T22:17:09Z
38,12,9,11.14,standard,2026-07-06T22:17:09Z
38,12,10,11.14,standard,2026-07-06T22:17:09Z
38,12,11,11.14,standard,2026-07-06T22:17:09Z
38,12,12,11.14,standard,2026-07-06T22:17:09Z
39,5,8,11.14,standard,2026-07-06T22:17:09Z
39,5,9,11.14,standard,2026-07-06T22:17:09Z
39,5,10,11.14,standard,2026-07-06T22:17:09Z
39,6,5,11.14,standard,2026-07-06T22:17:09Z
39,6,6,11.14,standard,2026-07-06T22:17:09Z
39,6,7,11.14,standard,2026-07-06T22:17:09Z
39,6,8,11.14,standard,2026-07-06T22:17:09Z
39,6,9,11.14,standard,2026-07-06T22:17:09Z
39,7,10,11.14,standard,2026-07-06T22:17:09Z
39,7,11,11.14,standard,2026-07-06T22:17:09Z
39,8,3,11.14,standard,2026-07-06T22:17:09Z
39,8,4,11.14,standard,2026-07-06T22:17:09Z
39,8,5,11.14,standard,2026-07-06T22:17:09Z
39,9,1,11.14,standard,2026-07-06T22:17:09Z
39,9,2,11.14,standard,2026-07-06T22:17:09Z
39,9,3,11.14,standard,2026-07-06T22:17:09Z
39,9,4,11.14,standard,2026-07-06T22:17:09Z
39,9,5,11.14,standard,2026-07-06T22:17:09Z
39,9,6,11.14,standard,2026-07-06T22:17:09Z
39,10,6,11.14,standard,2026-07-06T22:17:09Z
39,10,7,11.14,standard,2026-07-06T22:17:09Z
39,10,8,11.14,standard,2026-07-06T22:17:09Z
39,10,9,11.14,standard,2026-07-06T22:17:09Z
39,10,10,11.14,standard,2026-07-06T22:17:09Z
39,10,11,11.14,standard,2026-07-06T22:17:09Z
39,10,12,11.14,standard,2026-07-06T22:17:09Z
39,11,6,11.14,standard,2026-07-06T22:17:09Z
39,11,7,11.14,standard,2026-07-06T22:17:09Z
39,11,8,11.14,standard,2026-07-06T22:17:09Z
39,11,9,11.14,standard,2026-07-06T22:17:09Z
39,11,10,11.14,standard,2026-07-06T22:17:09Z
39,11,11,11.14,standard,2026-07-06T22:17:09Z
39,11,12,11.14,standard,2026-07-06T22:17:09Z
39,12,1,11.14,standard,2026-07-06T22:17:09Z
39,12,2,11.14,standard,2026-07-06T22:17:09Z
39,12,3,11.14,standard,2026-07-06T22:17:09Z
39,12,4,11.14,standard,2026-07-06T22:17:09Z
39,12,5,11.14,standard,2026-07-06T22:17:09Z
39,12,6,11.14,standard,2026-07-06T22:17:09Z
39,12,7,11.14,standard,2026-07-06T22:17:09Z
39,12,8,11.14,standard,2026-07-06T22:17:09Z
39,12,9,11.14,standard,2026-07-06T22:17:09Z
39,12,10,11.14,standard,2026-07-06T22:17:09Z
39,12,11,11.14,standard,2026-07-06T22:17:09Z
39,12,12,11.14,standard,2026-07-06T22:17:09Z
39,13,6,11.14,standard,2026-07-06T22:17:09Z
39,13,7,11.14,standard,2026-07-06T22:17:09Z
39,13,8,11.14,standard,2026-07-06T22:17:09Z
39,13,9,11.14,standard,2026-07-06T22:17:09Z
39,13,10,11.14,standard,2026-07-06T22:17:09Z
39,13,11,11.14,standard,2026-07-06T22:17:09Z
39,13,12,11.14,standard,2026-07-06T22:17:09Z
39,13,13,11.14,standard,2026-07-06T22:17:09Z
41,8,7,11.14,standard,2026-07-06T22:17:09Z
41,8,8,11.14,standard,2026-07-06T22:17:09Z
41,8,9,11.14,standard,2026-07-06T22:17:09Z
41,8,10,11.14,standard,2026-07-06T22:17:09Z
41,13,7,11.14,standard,2026-07-06T22:17:09Z
41,13,8,11.14,standard,2026-07-06T22:17:09Z
41,13,9,11.14,standard,2026-07-06T22:17:09Z
41,13,10,11.14,standard,2026-07-06T22:17:09Z
410,1,18,11.14,standard,2026-07-06T22:17:09Z
410,1,19,11.14,standard,2026-07-06T22:17:09Z
410,1,20,11.14,standard,2026-07-06T22:17:09Z
410,1,21,11.14,standard,2026-07-06T22:17:09Z
410,1,22,11.14,standard,2026-07-06T22:17:09Z
410,1,23,11.14,standard,2026-07-06T22:17:09Z
410,1,24,11.14,standard,2026-07-06T22:17:09Z
410,2,6,11.14,standard,2026-07-06T22:17:09Z
410,2,7,11.14,standard,2026-07-06T22:17:09Z
410,2,8,11.14,standard,2026-07-06T22:17:09Z
410,2,9,11.14,standard,2026-07-06T22:17:09Z
410,2,10,11.14,standard,2026-07-06T22:17:09Z
410,2,11,11.14,standard,2026-07-06T22:17:09Z
410,2,12,11.14,standard,2026-07-06T22:17:09Z
410,2,13,11.14,standard,2026-07-06T22:17:09Z
410,2,14,11.14,standard,2026-07-06T22:17:09Z
410,2,15,11.14,standard,2026-07-06T22:17:09Z
410,2,16,11.14,standard,2026-07-06T22:17:09Z
410,2,17,11.14,standard,2026-07-06T22:17:09Z
410,2,18,11.14,standard,2026-07-06T22:17:09Z
410,2,19,11.14,standard,2026-07-06T22:17:09Z
410,2,20,11.14,standard,2026-07-06T22:17:09Z
410,2,21,11.14,standard,2026-07-06T22:17:09Z
410,2,22,11.14,standard,2026-07-06T22:17:09Z
410,2,23,11.14,standard,2026-07-06T22:17:09Z
410,2,24,11.14,standard,2026-07-06T22:17:09Z
410,3,8,11.14,standard,2026-07-06T22:17:09Z
410,3,9,11.14,standard,2026-07-06T22:17:09Z
410,3,10,11.14,standard,2026-07-06T22:17:09Z
410,3,11,11.14,standard,2026-07-06T22:17:09Z
410,3,12,11.14,standard,2026-07-06T22:17:09Z
410,3,13,11.14,standard,2026-07-06T22:17:09Z
410,3,14,11.14,standard,2026-07-06T22:17:09Z
410,3,15,11.14,standard,2026-07-06T22:17:09Z
410,3,16,11.14,standard,2026-07-06T22:17:09Z
410,3,17,11.14,standard,2026-07-06T22:17:09Z
410,3,18,11.14,standard,2026-07-06T22:17:09Z
410,3,19,11.14,standard,2026-07-06T22:17:09Z
410,3,20,11.14,standard,2026-07-06T22:17:09Z
410,3,21,11.14,standard,2026-07-06T22:17:09Z
410,3,22,11.14,standard,2026-07-06T22:17:09Z
410,3,23,11.14,standard,2026-07-06T22:17:09Z
410,3,24,11.14,standard,2026-07-06T22:17:09Z
410,3,25,11.14,standard,2026-07-06T22:17:09Z
410,3,26,11.14,standard,2026-07-06T22:17:09Z
410,4,7,11.14,standard,2026-07-06T22:17:09Z
410,4,8,11.14,standard,2026-07-06T22:17:09Z
410,4,9,11.14,standard,2026-07-06T22:17:09Z
410,4,10,11.14,standard,2026-07-06T22:17:09Z
410,4,11,11.14,standard,2026-07-06T22:17:09Z
410,4,12,11.14,standard,2026-07-06T22:17:09Z
410,4,13,11.14,standard,2026-07-06T22:17:09Z
410,4,14,11.14,standard,2026-07-06T22:17:09Z
410,4,15,11.14,standard,2026-07-06T22:17:09Z
410,4,16,11.14,standard,2026-07-06T22:17:09Z
410,4,17,11.14,standard,2026-07-06T22:17:09Z
410,4,18,11.14,standard,2026-07-06T22:17:09Z
410,4,19,11.14,standard,2026-07-06T22:17:09Z
410,4,20,11.14,standard,2026-07-06T22:17:09Z
410,4,21,11.14,standard,2026-07-06T22:17:09Z
410,4,22,11.14,standard,2026-07-06T22:17:09Z
410,4,23,11.14,standard,2026-07-06T22:17:09Z
410,4,24,11.14,standard,2026-07-06T22:17:09Z
410,4,25,11.14,standard,2026-07-06T22:17:09Z
410,4,26,11.14,standard,2026-07-06T22:17:09Z
410,5,16,11.14,standard,2026-07-06T22:17:09Z
410,5,17,11.14,standard,2026-07-06T22:17:09Z
410,5,18,11.14,standard,2026-07-06T22:17:09Z
410,5,19,11.14,standard,2026-07-06T22:17:09Z
410,5,20,11.14,standard,2026-07-06T22:17:09Z
410,5,21,11.14,standard,2026-07-06T22:17:09Z
410,5,22,11.14,standard,2026-07-06T22:17:09Z
410,5,23,11.14,standard,2026-07-06T22:17:09Z
410,5,24,11.14,standard,2026-07-06T22:17:09Z
410,5,25,11.14,standard,2026-07-06T22:17:09Z
410,5,26,11.14,standard,2026-07-06T22:17:09Z
410,6,6,11.14,standard,2026-07-06T22:17:09Z
410,6,7,11.14,standard,2026-07-06T22:17:09Z
410,6,8,11.14,standard,2026-07-06T22:17:09Z
410,6,9,11.14,standard,2026-07-06T22:17:09Z
410,6,10,11.14,standard,2026-07-06T22:17:09Z
410,6,11,11.14,standard,2026-07-06T22:17:09Z
410,6,12,11.14,standard,2026-07-06T22:17:09Z
410,6,13,11.14,standard,2026-07-06T22:17:09Z
410,6,14,11.14,standard,2026-07-06T22:17:09Z
410,6,15,11.14,standard,2026-07-06T22:17:09Z
410,6,16,11.14,standard,2026-07-06T22:17:09Z
410,6,17,11.14,standard,2026-07-06T22:17:09Z
410,6,18,11.14,standard,2026-07-06T22:17:09Z
410,6,19,11.14,standard,2026-07-06T22:17:09Z
410,6,20,11.14,standard,2026-07-06T22:17:09Z
410,6,21,11.14,standard,2026-07-06T22:17:09Z
410,6,22,11.14,standard,2026-07-06T22:17:09Z
410,6,23,11.14,standard,2026-07-06T22:17:09Z
410,6,24,11.14,standard,2026-07-06T22:17:09Z
410,6,25,11.14,standard,2026-07-06T22:17:09Z
410,6,26,11.14,standard,2026-07-06T22:17:09Z
410,7,10,11.14,standard,2026-07-06T22:17:09Z
410,7,11,11.14,standard,2026-07-06T22:17:09Z
410,7,12,11.14,standard,2026-07-06T22:17:09Z
410,7,13,11.14,standard,2026-07-06T22:17:09Z
410,7,14,11.14,standard,2026-07-06T22:17:09Z
410,7,15,11.14,standard,2026-07-06T22:17:09Z
410,7,16,11.14,standard,2026-07-06T22:17:09Z
410,7,17,11.14,standard,2026-07-06T22:17:09Z
410,7,18,11.14,standard,2026-07-06T22:17:09Z
410,7,19,11.14,standard,2026-07-06T22:17:09Z
410,10,22,11.14,standard,2026-07-06T22:17:09Z
410,10,23,11.14,standard,2026-07-06T22:17:09Z
410,10,24,11.14,standard,2026-07-06T22:17:09Z
411,1,5,11.14,standard,2026-07-06T22:17:09Z
411,1,6,11.14,standard,2026-07-06T22:17:09Z
411,1,17,11.14,standard,2026-07-06T22:17:09Z
411,1,18,11.14,standard,2026-07-06T22:17:09Z
411,1,19,11.14,standard,2026-07-06T22:17:09Z
411,1,20,11.14,standard,2026-07-06T22:17:09Z
411,1,21,11.14,standard,2026-07-06T22:17:09Z
411,2,3,11.14,standard,2026-07-06T22:17:09Z
411,2,4,11.14,standard,2026-07-06T22:17:09Z
411,2,5,11.14,standard,2026-07-06T22:17:09Z
411,2,6,11.14,standard,2026-07-06T22:17:09Z
411,2,7,11.14,standard,2026-07-06T22:17:09Z
411,2,8,11.14,standard,2026-07-06T22:17:09Z
411,2,9,11.14,standard,2026-07-06T22:17:09Z
411,2,10,11.14,standard,2026-07-06T22:17:09Z
411,2,11,11.14,standard,2026-07-06T22:17:09Z
411,2,12,11.14,standard,2026-07-06T22:17:09Z
411,2,13,11.14,standard,2026-07-06T22:17:09Z
411,2,14,11.14,standard,2026-07-06T22:17:09Z
411,2,15,11.14,standard,2026-07-06T22:17:09Z
411,2,16,11.14,standard,2026-07-06T22:17:09Z
411,2,17,11.14,standard,2026-07-06T22:17:09Z
411,2,18,11.14,standard,2026-07-06T22:17:09Z
411,2,19,11.14,standard,2026-07-06T22:17:09Z
411,2,20,11.14,standard,2026-07-06T22:17:09Z
411,2,21,11.14,standard,2026-07-06T22:17:09Z
411,2,22,11.14,standard,2026-07-06T22:17:09Z
411,2,23,11.14,standard,2026-07-06T22:17:09Z
411,2,24,11.14,standard,2026-07-06T22:17:09Z
411,3,1,11.14,standard,2026-07-06T22:17:09Z
411,3,2,11.14,standard,2026-07-06T22:17:09Z
411,3,3,11.14,standard,2026-07-06T22:17:09Z
411,3,4,11.14,standard,2026-07-06T22:17:09Z
411,3,5,11.14,standard,2026-07-06T22:17:09Z
411,3,6,11.14,standard,2026-07-06T22:17:09Z
411,3,7,11.14,standard,2026-07-06T22:17:09Z
411,3,8,11.14,standard,2026-07-06T22:17:09Z
411,3,9,11.14,standard,2026-07-06T22:17:09Z
411,3,10,11.14,standard,2026-07-06T22:17:09Z
411,3,11,11.14,standard,2026-07-06T22:17:09Z
411,4,1,11.14,standard,2026-07-06T22:17:09Z
411,4,2,11.14,standard,2026-07-06T22:17:09Z
411,4,3,11.14,standard,2026-07-06T22:17:09Z
411,4,4,11.14,standard,2026-07-06T22:17:09Z
411,4,5,11.14,standard,2026-07-06T22:17:09Z
411,4,6,11.14,standard,2026-07-06T22:17:09Z
411,4,7,11.14,standard,2026-07-06T22:17:09Z
411,4,8,11.14,standard,2026-07-06T22:17:09Z
411,4,9,11.14,standard,2026-07-06T22:17:09Z
411,4,10,11.14,standard,2026-07-06T22:17:09Z
411,4,11,11.14,standard,2026-07-06T22:17:09Z
411,4,12,11.14,standard,2026-07-06T22:17:09Z
411,4,13,11.14,standard,2026-07-06T22:17:09Z
411,4,14,11.14,standard,2026-07-06T22:17:09Z
411,4,15,11.14,standard,2026-07-06T22:17:09Z
411,4,16,11.14,standard,2026-07-06T22:17:09Z
411,4,17,11.14,standard,2026-07-06T22:17:09Z
411,4,18,11.14,standard,2026-07-06T22:17:09Z
411,4,19,11.14,standard,2026-07-06T22:17:09Z
411,5,1,11.14,standard,2026-07-06T22:17:09Z
411,5,2,11.14,standard,2026-07-06T22:17:09Z
411,5,3,11.14,standard,2026-07-06T22:17:09Z
411,5,4,11.14,standard,2026-07-06T22:17:09Z
411,5,5,11.14,standard,2026-07-06T22:17:09Z
411,5,6,11.14,standard,2026-07-06T22:17:09Z
411,5,7,11.14,standard,2026-07-06T22:17:09Z
411,5,8,11.14,standard,2026-07-06T22:17:09Z
411,5,9,11.14,standard,2026-07-06T22:17:09Z
411,5,10,11.14,standard,2026-07-06T22:17:09Z
411,5,11,11.14,standard,2026-07-06T22:17:09Z
411,5,12,11.14,standard,2026-07-06T22:17:09Z
411,5,13,11.14,standard,2026-07-06T22:17:09Z
411,5,14,11.14,standard,2026-07-06T22:17:09Z
411,5,15,11.14,standard,2026-07-06T22:17:09Z
411,5,16,11.14,standard,2026-07-06T22:17:09Z
411,5,17,11.14,standard,2026-07-06T22:17:09Z
411,5,18,11.14,standard,2026-07-06T22:17:09Z
411,5,19,11.14,standard,2026-07-06T22:17:09Z
411,6,1,11.14,standard,2026-07-06T22:17:09Z
411,6,2,11.14,standard,2026-07-06T22:17:09Z
411,6,3,11.14,standard,2026-07-06T22:17:09Z
411,6,4,11.14,standard,2026-07-06T22:17:09Z
411,6,5,11.14,standard,2026-07-06T22:17:09Z
411,6,6,11.14,standard,2026-07-06T22:17:09Z
411,6,7,11.14,standard,2026-07-06T22:17:09Z
411,6,8,11.14,standard,2026-07-06T22:17:09Z
411,6,9,11.14,standard,2026-07-06T22:17:09Z
411,6,10,11.14,standard,2026-07-06T22:17:09Z
411,6,11,11.14,standard,2026-07-06T22:17:09Z
411,6,12,11.14,standard,2026-07-06T22:17:09Z
411,6,13,11.14,standard,2026-07-06T22:17:09Z
411,6,14,11.14,standard,2026-07-06T22:17:09Z
411,6,15,11.14,standard,2026-07-06T22:17:09Z
411,6,16,11.14,standard,2026-07-06T22:17:09Z
411,6,17,11.14,standard,2026-07-06T22:17:09Z
411,6,18,11.14,standard,2026-07-06T22:17:09Z
411,6,19,11.14,standard,2026-07-06T22:17:09Z
411,7,8,11.14,standard,2026-07-06T22:17:09Z
411,7,9,11.14,standard,2026-07-06T22:17:09Z
411,7,10,11.14,standard,2026-07-06T22:17:09Z
411,7,11,11.14,standard,2026-07-06T22:17:09Z
411,7,12,11.14,standard,2026-07-06T22:17:09Z
411,7,13,11.14,standard,2026-07-06T22:17:09Z
411,7,14,11.14,standard,2026-07-06T22:17:09Z
411,7,15,11.14,standard,2026-07-06T22:17:09Z
411,7,16,11.14,standard,2026-07-06T22:17:09Z
411,7,17,11.14,standard,2026-07-06T22:17:09Z
411,7,18,11.14,standard,2026-07-06T22:17:09Z
411,7,19,11.14,standard,2026-07-06T22:17:09Z
411,8,2,11.14,standard,2026-07-06T22:17:09Z
411,8,3,11.14,standard,2026-07-06T22:17:09Z
411,8,4,11.14,standard,2026-07-06T22:17:09Z
411,8,5,11.14,standard,2026-07-06T22:17:09Z
411,8,6,11.14,standard,2026-07-06T22:17:09Z
411,8,7,11.14,standard,2026-07-06T22:17:09Z
411,8,8,11.14,standard,2026-07-06T22:17:09Z
411,8,9,11.14,standard,2026-07-06T22:17:09Z
411,8,10,11.14,standard,2026-07-06T22:17:09Z
411,8,11,11.14,standard,2026-07-06T22:17:09Z
411,8,12,11.14,standard,2026-07-06T22:17:09Z
411,8,13,11.14,standard,2026-07-06T22:17:09Z
411,8,14,11.14,standard,2026-07-06T22:17:09Z
411,8,15,11.14,standard,2026-07-06T22:17:09Z
411,8,16,11.14,standard,2026-07-06T22:17:09Z
411,8,17,11.14,standard,2026-07-06T22:17:09Z
411,8,18,11.14,standard,2026-07-06T22:17:09Z
411,8,19,11.14,standard,2026-07-06T22:17:09Z
411,8,20,11.14,standard,2026-07-06T22:17:09Z
411,8,21,11.14,standard,2026-07-06T22:17:09Z
411,8,22,11.14,standard,2026-07-06T22:17:09Z
411,8,23,11.14,standard,2026-07-06T22:17:09Z
411,8,24,11.14,standard,2026-07-06T22:17:09Z
411,9,1,11.14,standard,2026-07-06T22:17:09Z
411,9,2,11.14,standard,2026-07-06T22:17:09Z
411,9,3,11.14,standard,2026-07-06T22:17:09Z
411,9,4,11.14,standard,2026-07-06T22:17:09Z
411,9,5,11.14,standard,2026-07-06T22:17:09Z
411,9,6,11.14,standard,2026-07-06T22:17:09Z
411,9,7,11.14,standard,2026-07-06T22:17:09Z
411,9,8,11.14,standard,2026-07-06T22:17:09Z
411,9,9,11.14,standard,2026-07-06T22:17:09Z
411,9,10,11.14,standard,2026-07-06T22:17:09Z
411,9,11,11.14,standard,2026-07-06T22:17:09Z
411,9,12,11.14,standard,2026-07-06T22:17:09Z
411,9,13,11.14,standard,2026-07-06T22:17:09Z
411,9,14,11.14,standard,2026-07-06T22:17:09Z
411,9,15,11.14,standard,2026-07-06T22:17:09Z
411,9,16,11.14,standard,2026-07-06T22:17:09Z
411,10,3,11.14,standard,2026-07-06T22:17:09Z
411,10,4,11.14,standard,2026-07-06T22:17:09Z
411,10,5,11.14,standard,2026-07-06T22:17:09Z
411,10,6,11.14,standard,2026-07-06T22:17:09Z
411,10,7,11.14,standard,2026-07-06T22:17:09Z
411,10,8,11.14,standard,2026-07-06T22:17:09Z
411,10,9,11.14,standard,2026-07-06T22:17:09Z
411,10,10,11.14,standard,2026-07-06T22:17:09Z
411,10,11,11.14,standard,2026-07-06T22:17:09Z
411,10,12,11.14,standard,2026-07-06T22:17:09Z
411,10,13,11.14,standard,2026-07-06T22:17:09Z
411,10,14,11.14,standard,2026-07-06T22:17:09Z
411,10,15,11.14,standard,2026-07-06T22:17:09Z
411,10,16,11.14,standard,2026-07-06T22:17:09Z
411,10,17,11.14,standard,2026-07-06T22:17:09Z
411,10,18,11.14,standard,2026-07-06T22:17:09Z
411,10,19,11.14,standard,2026-07-06T22:17:09Z
411,10,20,11.14,standard,2026-07-06T22:17:09Z
411,10,21,11.14,standard,2026-07-06T22:17:09Z
411,10,22,11.14,standard,2026-07-06T22:17:09Z
411,10,23,11.14,standard,2026-07-06T22:17:09Z
411,10,24,11.14,standard,2026-07-06T22:17:09Z
411,11,3,11.14,standard,2026-07-06T22:17:09Z
411,11,4,11.14,standard,2026-07-06T22:17:09Z
411,11,5,11.14,standard,2026-07-06T22:17:09Z
411,11,6,11.14,standard,2026-07-06T22:17:09Z
411,11,7,11.14,standard,2026-07-06T22:17:09Z
411,11,8,11.14,standard,2026-07-06T22:17:09Z
411,11,9,11.14,standard,2026-07-06T22:17:09Z
411,11,10,11.14,standard,2026-07-06T22:17:09Z
411,11,11,11.14,standard,2026-07-06T22:17:09Z
411,11,12,11.14,standard,2026-07-06T22:17:09Z
411,11,13,11.14,standard,2026-07-06T22:17:09Z
411,11,14,11.14,standard,2026-07-06T22:17:09Z
411,11,15,11.14,standard,2026-07-06T22:17:09Z
411,11,16,11.14,standard,2026-07-06T22:17:09Z
411,11,17,11.14,standard,2026-07-06T22:17:09Z
411,11,18,11.14,standard,2026-07-06T22:17:09Z
411,11,19,11.14,standard,2026-07-06T22:17:09Z
411,11,20,11.14,standard,2026-07-06T22:17:09Z
411,11,21,11.14,standard,2026-07-06T22:17:09Z
411,11,22,11.14,standard,2026-07-06T22:17:09Z
411,11,23,11.14,standard,2026-07-06T22:17:09Z
411,11,24,11.14,standard,2026-07-06T22:17:09Z
411,12,3,11.14,standard,2026-07-06T22:17:09Z
411,12,4,11.14,standard,2026-07-06T22:17:09Z
411,12,5,11.14,standard,2026-07-06T22:17:09Z
411,12,6,11.14,standard,2026-07-06T22:17:09Z
411,12,7,11.14,standard,2026-07-06T22:17:09Z
411,12,8,11.14,standard,2026-07-06T22:17:09Z
411,12,9,11.14,standard,2026-07-06T22:17:09Z
411,12,10,11.14,standard,2026-07-06T22:17:09Z
411,12,11,11.14,standard,2026-07-06T22:17:09Z
411,12,12,11.14,standard,2026-07-06T22:17:09Z
411,12,13,11.14,standard,2026-07-06T22:17:09Z
411,12,14,11.14,standard,2026-07-06T22:17:09Z
411,12,15,11.14,standard,2026-07-06T22:17:09Z
411,12,16,11.14,standard,2026-07-06T22:17:09Z
411,12,17,11.14,standard,2026-07-06T22:17:09Z
411,12,18,11.14,standard,2026-07-06T22:17:09Z
411,12,19,11.14,standard,2026-07-06T22:17:09Z
411,12,20,11.14,standard,2026-07-06T22:17:09Z
411,12,21,11.14,standard,2026-07-06T22:17:09Z
411,12,22,11.14,standard,2026-07-06T22:17:09Z
411,12,23,11.14,standard,2026-07-06T22:17:09Z
411,12,24,11.14,standard,2026-07-06T22:17:09Z
411,12,25,11.14,standard,2026-07-06T22:17:09Z
411,12,26,11.14,standard,2026-07-06T22:17:09Z
412,1,18,11.14,standard,2026-07-06T22:17:09Z
412,1,19,11.14,standard,2026-07-06T22:17:09Z
412,4,1,11.14,standard,2026-07-06T22:17:09Z
412,4,2,11.14,standard,2026-07-06T22:17:09Z
412,4,3,11.14,standard,2026-07-06T22:17:09Z
412,4,4,11.14,standard,2026-07-06T22:17:09Z
412,4,5,11.14,standard,2026-07-06T22:17:09Z
412,4,6,11.14,standard,2026-07-06T22:17:09Z
412,4,7,11.14,standard,2026-07-06T22:17:09Z
412,4,8,11.14,standard,2026-07-06T22:17:09Z
412,4,9,11.14,standard,2026-07-06T22:17:09Z
412,4,10,11.14,standard,2026-07-06T22:17:09Z
412,4,11,11.14,standard,2026-07-06T22:17:09Z
412,4,12,11.14,standard,2026-07-06T22:17:09Z
412,4,13,11.14,standard,2026-07-06T22:17:09Z
412,4,14,11.14,standard,2026-07-06T22:17:09Z
412,4,15,11.14,standard,2026-07-06T22:17:09Z
412,4,16,11.14,standard,2026-07-06T22:17:09Z
412,4,17,11.14,standard,2026-07-06T22:17:09Z
412,4,18,11.14,standard,2026-07-06T22:17:09Z
412,4,19,11.14,standard,2026-07-06T22:17:09Z
412,4,20,11.14,standard,2026-07-06T22:17:09Z
412,4,21,11.14,standard,2026-07-06T22:17:09Z
412,4,22,11.14,standard,2026-07-06T22:17:09Z
412,4,23,11.14,standard,2026-07-06T22:17:09Z
412,4,24,11.14,standard,2026-07-06T22:17:09Z
412,4,25,11.14,standard,2026-07-06T22:17:09Z
412,4,26,11.14,standard,2026-07-06T22:17:09Z
412,4,27,11.14,standard,2026-07-06T22:17:09Z
412,4,28,11.14,standard,2026-07-06T22:17:09Z
412,4,29,11.14,standard,2026-07-06T22:17:09Z
412,5,1,11.14,standard,2026-07-06T22:17:09Z
412,5,2,11.14,standard,2026-07-06T22:17:09Z
412,5,3,11.14,standard,2026-07-06T22:17:09Z
412,5,4,11.14,standard,2026-07-06T22:17:09Z
412,5,5,11.14,standard,2026-07-06T22:17:09Z
412,5,6,11.14,standard,2026-07-06T22:17:09Z
412,5,7,11.14,standard,2026-07-06T22:17:09Z
412,5,8,11.14,standard,2026-07-06T22:17:09Z
412,5,9,11.14,standard,2026-07-06T22:17:09Z
412,5,10,11.14,standard,2026-07-06T22:17:09Z
412,5,11,11.14,standard,2026-07-06T22:17:09Z
412,5,12,11.14,standard,2026-07-06T22:17:09Z
412,5,13,11.14,standard,2026-07-06T22:17:09Z
412,5,14,11.14,standard,2026-07-06T22:17:09Z
412,5,15,11.14,standard,2026-07-06T22:17:09Z
412,5,16,11.14,standard,2026-07-06T22:17:09Z
412,5,17,11.14,standard,2026-07-06T22:17:09Z
412,5,18,11.14,standard,2026-07-06T22:17:09Z
412,5,19,11.14,standard,2026-07-06T22:17:09Z
412,5,20,11.14,standard,2026-07-06T22:17:09Z
412,5,21,11.14,standard,2026-07-06T22:17:09Z
412,5,22,11.14,standard,2026-07-06T22:17:09Z
412,5,23,11.14,standard,2026-07-06T22:17:09Z
412,5,24,11.14,standard,2026-07-06T22:17:09Z
412,5,25,11.14,standard,2026-07-06T22:17:09Z
412,5,26,11.14,standard,2026-07-06T22:17:09Z
412,5,27,11.14,standard,2026-07-06T22:17:09Z
412,5,28,11.14,standard,2026-07-06T22:17:09Z
412,5,29,11.14,standard,2026-07-06T22:17:09Z
412,5,30,11.14,standard,2026-07-06T22:17:09Z
412,6,1,11.14,standard,2026-07-06T22:17:09Z
412,6,2,11.14,standard,2026-07-06T22:17:09Z
412,6,3,11.14,standard,2026-07-06T22:17:09Z
412,6,4,11.14,standard,2026-07-06T22:17:09Z
412,6,5,11.14,standard,2026-07-06T22:17:09Z
412,6,6,11.14,standard,2026-07-06T22:17:09Z
412,6,7,11.14,standard,2026-07-06T22:17:09Z
412,6,8,11.14,standard,2026-07-06T22:17:09Z
412,6,9,11.14,standard,2026-07-06T22:17:09Z
412,6,10,11.14,standard,2026-07-06T22:17:09Z
412,6,11,11.14,standard,2026-07-06T22:17:09Z
412,6,12,11.14,standard,2026-07-06T22:17:09Z
412,6,13,11.14,standard,2026-07-06T22:17:09Z
412,6,14,11.14,standard,2026-07-06T22:17:09Z
412,6,15,11.14,standard,2026-07-06T22:17:09Z
412,6,16,11.14,standard,2026-07-06T22:17:09Z
412,6,17,11.14,standard,2026-07-06T22:17:09Z
412,6,18,11.14,standard,2026-07-06T22:17:09Z
412,6,19,11.14,standard,2026-07-06T22:17:09Z
412,6,20,11.14,standard,2026-07-06T22:17:09Z
412,6,21,11.14,standard,2026-07-06T22:17:09Z
412,6,22,11.14,standard,2026-07-06T22:17:09Z
412,6,23,11.14,standard,2026-07-06T22:17:09Z
412,6,24,11.14,standard,2026-07-06T22:17:09Z
412,6,25,11.14,standard,2026-07-06T22:17:09Z
412,6,26,11.14,standard,2026-07-06T22:17:09Z
412,6,27,11.14,standard,2026-07-06T22:17:09Z
412,6,28,11.14,standard,2026-07-06T22:17:09Z
412,6,29,11.14,standard,2026-07-06T22:17:09Z
412,6,30,11.14,standard,2026-07-06T22:17:09Z
412,6,31,11.14,standard,2026-07-06T22:17:09Z
412,7,1,11.14,standard,2026-07-06T22:17:09Z
412,7,2,11.14,standard,2026-07-06T22:17:09Z
412,7,3,11.14,standard,2026-07-06T22:17:09Z
412,7,4,11.14,standard,2026-07-06T22:17:09Z
412,7,5,11.14,standard,2026-07-06T22:17:09Z
412,7,6,11.14,standard,2026-07-06T22:17:09Z
412,7,7,11.14,standard,2026-07-06T22:17:09Z
412,7,8,11.14,standard,2026-07-06T22:17:09Z
412,7,9,11.14,standard,2026-07-06T22:17:09Z
412,7,10,11.14,standard,2026-07-06T22:17:09Z
412,7,11,11.14,standard,2026-07-06T22:17:09Z
412,7,12,11.14,standard,2026-07-06T22:17:09Z
412,7,13,11.14,standard,2026-07-06T22:17:09Z
412,7,14,11.14,standard,2026-07-06T22:17:09Z
412,7,15,11.14,standard,2026-07-06T22:17:09Z
412,7,16,11.14,standard,2026-07-06T22:17:09Z
412,7,17,11.14,standard,2026-07-06T22:17:09Z
412,7,18,11.14,standard,2026-07-06T22:17:09Z
412,7,19,11.14,standard,2026-07-06T22:17:09Z
412,7,20,11.14,standard,2026-07-06T22:17:09Z
412,7,21,11.14,standard,2026-07-06T22:17:09Z
412,7,22,11.14,standard,2026-07-06T22:17:09Z
412,7,23,11.14,standard,2026-07-06T22:17:09Z
412,7,24,11.14,standard,2026-07-06T22:17:09Z
412,7,25,11.14,standard,2026-07-06T22:17:09Z
412,7,26,11.14,standard,2026-07-06T22:17:09Z
412,7,27,11.14,standard,2026-07-06T22:17:09Z
412,7,28,11.14,standard,2026-07-06T22:17:09Z
412,7,29,11.14,standard,2026-07-06T22:17:09Z
412,7,30,11.14,standard,2026-07-06T22:17:09Z
412,7,31,11.14,standard,2026-07-06T22:17:09Z
412,8,1,11.14,standard,2026-07-06T22:17:09Z
412,8,2,11.14,standard,2026-07-06T22:17:09Z
412,8,3,11.14,standard,2026-07-06T22:17:09Z
412,8,4,11.14,standard,2026-07-06T22:17:09Z
412,8,5,11.14,standard,2026-07-06T22:17:09Z
412,8,6,11.14,standard,2026-07-06T22:17:09Z
412,8,7,11.14,standard,2026-07-06T22:17:09Z
412,8,8,11.14,standard,2026-07-06T22:17:09Z
412,8,9,11.14,standard,2026-07-06T22:17:09Z
412,8,10,11.14,standard,2026-07-06T22:17:09Z
412,8,11,11.14,standard,2026-07-06T22:17:09Z
412,8,12,11.14,standard,2026-07-06T22:17:09Z
412,8,13,11.14,standard,2026-07-06T22:17:09Z
412,8,14,11.14,standard,2026-07-06T22:17:09Z
412,8,15,11.14,standard,2026-07-06T22:17:09Z
412,8,16,11.14,standard,2026-07-06T22:17:09Z
412,8,17,11.14,standard,2026-07-06T22:17:09Z
412,8,18,11.14,standard,2026-07-06T22:17:09Z
412,8,19,11.14,standard,2026-07-06T22:17:09Z
412,8,20,11.14,standard,2026-07-06T22:17:09Z
412,8,21,11.14,standard,2026-07-06T22:17:09Z
412,8,22,11.14,standard,2026-07-06T22:17:09Z
412,8,23,11.14,standard,2026-07-06T22:17:09Z
412,8,24,11.14,standard,2026-07-06T22:17:09Z
412,8,25,11.14,standard,2026-07-06T22:17:09Z
412,8,26,11.14,standard,2026-07-06T22:17:09Z
412,8,27,11.14,standard,2026-07-06T22:17:09Z
412,8,28,11.14,standard,2026-07-06T22:17:09Z
412,8,29,11.14,standard,2026-07-06T22:17:09Z
412,8,30,11.14,standard,2026-07-06T22:17:09Z
412,8,31,11.14,standard,2026-07-06T22:17:09Z
412,8,32,11.14,standard,2026-07-06T22:17:09Z
412,8,33,11.14,standard,2026-07-06T22:17:09Z
412,8,34,11.14,standard,2026-07-06T22:17:09Z
412,8,35,11.14,standard,2026-07-06T22:17:09Z
412,8,36,11.14,standard,2026-07-06T22:17:09Z
412,9,1,11.14,standard,2026-07-06T22:17:09Z
412,9,2,11.14,standard,2026-07-06T22:17:09Z
412,9,3,11.14,standard,2026-07-06T22:17:09Z
412,9,4,11.14,standard,2026-07-06T22:17:09Z
412,9,5,11.14,standard,2026-07-06T22:17:09Z
412,9,6,11.14,standard,2026-07-06T22:17:09Z
412,9,7,11.14,standard,2026-07-06T22:17:09Z
412,9,8,11.14,standard,2026-07-06T22:17:09Z
412,9,9,11.14,standard,2026-07-06T22:17:09Z
412,9,10,11.14,standard,2026-07-06T22:17:09Z
412,9,11,11.14,standard,2026-07-06T22:17:09Z
412,9,12,11.14,standard,2026-07-06T22:17:09Z
412,9,13,11.14,standard,2026-07-06T22:17:09Z
412,9,14,11.14,standard,2026-07-06T22:17:09Z
412,9,15,11.14,standard,2026-07-06T22:17:09Z
412,9,16,11.14,standard,2026-07-06T22:17:09Z
412,9,17,11.14,standard,2026-07-06T22:17:09Z
412,9,18,11.14,standard,2026-07-06T22:17:09Z
412,9,19,11.14,standard,2026-07-06T22:17:09Z
412,9,20,11.14,standard,2026-07-06T22:17:09Z
412,9,21,11.14,standard,2026-07-06T22:17:09Z
412,9,22,11.14,standard,2026-07-06T22:17:09Z
412,9,23,11.14,standard,2026-07-06T22:17:09Z
412,9,24,11.14,standard,2026-07-06T22:17:09Z
412,9,25,11.14,standard,2026-07-06T22:17:09Z
412,9,26,11.14,standard,2026-07-06T22:17:09Z
412,9,27,11.14,standard,2026-07-06T22:17:09Z
412,9,28,11.14,standard,2026-07-06T22:17:09Z
412,9,29,11.14,standard,2026-07-06T22:17:09Z
412,9,30,11.14,standard,2026-07-06T22:17:09Z
412,9,31,11.14,standard,2026-07-06T22:17:09Z
412,9,32,11.14,standard,2026-07-06T22:17:09Z
412,9,33,11.14,standard,2026-07-06T22:17:09Z
412,9,34,11.14,standard,2026-07-06T22:17:09Z
412,9,35,11.14,standard,2026-07-06T22:17:09Z
412,9,36,11.14,standard,2026-07-06T22:17:09Z
412,9,37,11.14,standard,2026-07-06T22:17:09Z
412,10,4,11.14,standard,2026-07-06T22:17:09Z
412,10,5,11.14,standard,2026-07-06T22:17:09Z
412,10,6,11.14,standard,2026-07-06T22:17:09Z
412,10,7,11.14,standard,2026-07-06T22:17:09Z
412,10,8,11.14,standard,2026-07-06T22:17:09Z
412,10,9,11.14,standard,2026-07-06T22:17:09Z
412,10,10,11.14,standard,2026-07-06T22:17:09Z
412,10,11,11.14,standard,2026-07-06T22:17:09Z
412,10,12,11.14,standard,2026-07-06T22:17:09Z
412,10,13,11.14,standard,2026-07-06T22:17:09Z
412,10,14,11.14,standard,2026-07-06T22:17:09Z
412,10,15,11.14,standard,2026-07-06T22:17:09Z
412,10,16,11.14,standard,2026-07-06T22:17:09Z
412,10,17,11.14,standard,2026-07-06T22:17:09Z
412,10,18,11.14,standard,2026-07-06T22:17:09Z
412,10,19,11.14,standard,2026-07-06T22:17:09Z
412,10,20,11.14,standard,2026-07-06T22:17:09Z
412,10,21,11.14,standard,2026-07-06T22:17:09Z
412,10,22,11.14,standard,2026-07-06T22:17:09Z
412,10,23,11.14,standard,2026-07-06T22:17:09Z
412,10,24,11.14,standard,2026-07-06T22:17:09Z
412,10,25,11.14,standard,2026-07-06T22:17:09Z
412,10,26,11.14,standard,2026-07-06T22:17:09Z
412,10,27,11.14,standard,2026-07-06T22:17:09Z
412,10,28,11.14,standard,2026-07-06T22:17:09Z
412,10,29,11.14,standard,2026-07-06T22:17:09Z
412,10,30,11.14,standard,2026-07-06T22:17:09Z
412,10,31,11.14,standard,2026-07-06T22:17:09Z
412,10,32,11.14,standard,2026-07-06T22:17:09Z
412,10,33,11.14,standard,2026-07-06T22:17:09Z
412,10,34,11.14,standard,2026-07-06T22:17:09Z
412,10,35,11.14,standard,2026-07-06T22:17:09Z
412,10,36,11.14,standard,2026-07-06T22:17:09Z
412,10,37,11.14,standard,2026-07-06T22:17:09Z
412,10,38,11.14,standard,2026-07-06T22:17:09Z
412,11,4,11.14,standard,2026-07-06T22:17:09Z
412,11,5,11.14,standard,2026-07-06T22:17:09Z
412,11,6,11.14,standard,2026-07-06T22:17:09Z
412,11,7,11.14,standard,2026-07-06T22:17:09Z
412,11,8,11.14,standard,2026-07-06T22:17:09Z
412,11,9,11.14,standard,2026-07-06T22:17:09Z
412,11,10,11.14,standard,2026-07-06T22:17:09Z
412,11,11,11.14,standard,2026-07-06T22:17:09Z
412,11,12,11.14,standard,2026-07-06T22:17:09Z
412,11,13,11.14,standard,2026-07-06T22:17:09Z
412,11,14,11.14,standard,2026-07-06T22:17:09Z
412,11,15,11.14,standard,2026-07-06T22:17:09Z
412,11,16,11.14,standard,2026-07-06T22:17:09Z
412,11,17,11.14,standard,2026-07-06T22:17:09Z
412,11,18,11.14,standard,2026-07-06T22:17:09Z
412,11,19,11.14,standard,2026-07-06T22:17:09Z
412,11,20,11.14,standard,2026-07-06T22:17:09Z
412,11,21,11.14,standard,2026-07-06T22:17:09Z
412,11,22,11.14,standard,2026-07-06T22:17:09Z
412,11,23,11.14,standard,2026-07-06T22:17:09Z
412,11,24,11.14,standard,2026-07-06T22:17:09Z
412,11,25,11.14,standard,2026-07-06T22:17:09Z
412,11,26,11.14,standard,2026-07-06T22:17:09Z
412,11,27,11.14,standard,2026-07-06T22:17:09Z
412,11,28,11.14,standard,2026-07-06T22:17:09Z
412,11,29,11.14,standard,2026-07-06T22:17:09Z
412,11,30,11.14,standard,2026-07-06T22:17:09Z
412,11,31,11.14,standard,2026-07-06T22:17:09Z
412,11,32,11.14,standard,2026-07-06T22:17:09Z
412,11,33,11.14,standard,2026-07-06T22:17:09Z
412,11,34,11.14,standard,2026-07-06T22:17:09Z
412,11,35,11.14,standard,2026-07-06T22:17:09Z
412,11,36,11.14,standard,2026-07-06T22:17:09Z
412,11,37,11.14,standard,2026-07-06T22:17:09Z
412,11,38,11.14,standard,2026-07-06T22:17:09Z
412,12,5,11.14,standard,2026-07-06T22:17:09Z
412,12,6,11.14,standard,2026-07-06T22:17:09Z
412,12,7,11.14,standard,2026-07-06T22:17:09Z
412,12,8,11.14,standard,2026-07-06T22:17:09Z
412,12,9,11.14,standard,2026-07-06T22:17:09Z
412,12,10,11.14,standard,2026-07-06T22:17:09Z
412,12,11,11.14,standard,2026-07-06T22:17:09Z
412,12,12,11.14,standard,2026-07-06T22:17:09Z
412,12,13,11.14,standard,2026-07-06T22:17:09Z
412,12,14,11.14,standard,2026-07-06T22:17:09Z
412,12,15,11.14,standard,2026-07-06T22:17:09Z
412,12,16,11.14,standard,2026-07-06T22:17:09Z
412,12,17,11.14,standard,2026-07-06T22:17:09Z
412,12,18,11.14,standard,2026-07-06T22:17:09Z
412,12,19,11.14,standard,2026-07-06T22:17:09Z
412,12,20,11.14,standard,2026-07-06T22:17:09Z
412,12,21,11.14,standard,2026-07-06T22:17:09Z
412,12,22,11.14,standard,2026-07-06T22:17:09Z
412,12,23,11.14,standard,2026-07-06T22:17:09Z
412,12,24,11.14,standard,2026-07-06T22:17:09Z
412,12,25,11.14,standard,2026-07-06T22:17:09Z
412,12,26,11.14,standard,2026-07-06T22:17:09Z
412,12,27,11.14,standard,2026-07-06T22:17:09Z
412,12,28,11.14,standard,2026-07-06T22:17:09Z
412,12,29,11.14,standard,2026-07-06T22:17:09Z
412,12,30,11.14,standard,2026-07-06T22:17:09Z
412,12,31,11.14,standard,2026-07-06T22:17:09Z
412,12,32,11.14,standard,2026-07-06T22:17:09Z
412,12,33,11.14,standard,2026-07-06T22:17:09Z
412,12,34,11.14,standard,2026-07-06T22:17:09Z
412,12,35,11.14,standard,2026-07-06T22:17:09Z
412,12,36,11.14,standard,2026-07-06T22:17:09Z
412,12,37,11.14,standard,2026-07-06T22:17:09Z
412,12,38,11.14,standard,2026-07-06T22:17:09Z
412,12,39,11.14,standard,2026-07-06T22:17:09Z
412,12,40,11.14,standard,2026-07-06T22:17:09Z
412,12,41,11.14,standard,2026-07-06T22:17:09Z
413,2,13,11.14,standard,2026-07-06T22:17:09Z
413,2,14,11.14,standard,2026-07-06T22:17:09Z
413,4,9,11.14,standard,2026-07-06T22:17:09Z
413,4,10,11.14,standard,2026-07-06T22:17:09Z
413,4,11,11.14,standard,2026-07-06T22:17:09Z
413,4,12,11.14,standard,2026-07-06T22:17:09Z
413,4,13,11.14,standard,2026-07-06T22:17:09Z
413,4,14,11.14,standard,2026-07-06T22:17:09Z
413,4,15,11.14,standard,2026-07-06T22:17:09Z
413,4,16,11.14,standard,2026-07-06T22:17:09Z
413,4,17,11.14,standard,2026-07-06T22:17:09Z
413,4,18,11.14,standard,2026-07-06T22:17:09Z
413,4,19,11.14,standard,2026-07-06T22:17:09Z
413,5,6,11.14,standard,2026-07-06T22:17:09Z
413,5,7,11.14,standard,2026-07-06T22:17:09Z
413,5,8,11.14,standard,2026-07-06T22:17:09Z
413,5,9,11.14,standard,2026-07-06T22:17:09Z
413,5,10,11.14,standard,2026-07-06T22:17:09Z
413,5,11,11.14,standard,2026-07-06T22:17:09Z
413,5,12,11.14,standard,2026-07-06T22:17:09Z
413,5,13,11.14,standard,2026-07-06T22:17:09Z
413,5,14,11.14,standard,2026-07-06T22:17:09Z
413,5,15,11.14,standard,2026-07-06T22:17:09Z
413,5,16,11.14,standard,2026-07-06T22:17:09Z
413,5,17,11.14,standard,2026-07-06T22:17:09Z
413,5,18,11.14,standard,2026-07-06T22:17:09Z
413,5,19,11.14,standard,2026-07-06T22:17:09Z
413,6,11,11.14,standard,2026-07-06T22:17:09Z
413,6,12,11.14,standard,2026-07-06T22:17:09Z
413,6,13,11.14,standard,2026-07-06T22:17:09Z
413,6,14,11.14,standard,2026-07-06T22:17:09Z
413,6,15,11.14,standard,2026-07-06T22:17:09Z
413,6,16,11.14,standard,2026-07-06T22:17:09Z
413,6,17,11.14,standard,2026-07-06T22:17:09Z
413,6,18,11.14,standard,2026-07-06T22:17:09Z
413,6,19,11.14,standard,2026-07-06T22:17:09Z
413,7,3,11.14,standard,2026-07-06T22:17:09Z
413,7,4,11.14,standard,2026-07-06T22:17:09Z
413,7,5,11.14,standard,2026-07-06T22:17:09Z
413,7,6,11.14,standard,2026-07-06T22:17:09Z
413,7,7,11.14,standard,2026-07-06T22:17:09Z
413,7,8,11.14,standard,2026-07-06T22:17:09Z
413,7,9,11.14,standard,2026-07-06T22:17:09Z
413,7,10,11.14,standard,2026-07-06T22:17:09Z
413,7,11,11.14,standard,2026-07-06T22:17:09Z
413,7,12,11.14,standard,2026-07-06T22:17:09Z
413,7,13,11.14,standard,2026-07-06T22:17:09Z
413,7,14,11.14,standard,2026-07-06T22:17:09Z
413,7,15,11.14,standard,2026-07-06T22:17:09Z
413,7,16,11.14,standard,2026-07-06T22:17:09Z
413,7,17,11.14,standard,2026-07-06T22:17:09Z
413,7,18,11.14,standard,2026-07-06T22:17:09Z
413,7,19,11.14,standard,2026-07-06T22:17:09Z
413,12,3,11.14,standard,2026-07-06T22:17:09Z
413,12,4,11.14,standard,2026-07-06T22:17:09Z
413,12,5,11.14,standard,2026-07-06T22:17:09Z
413,12,6,11.14,standard,2026-07-06T22:17:09Z
413,12,7,11.14,standard,2026-07-06T22:17:09Z
413,12,8,11.14,standard,2026-07-06T22:17:09Z
413,12,9,11.14,standard,2026-07-06T22:17:09Z
413,12,10,11.14,standard,2026-07-06T22:17:09Z
413,12,11,11.14,standard,2026-07-06T22:17:09Z
413,12,12,11.14,standard,2026-07-06T22:17:09Z
413,12,13,11.14,standard,2026-07-06T22:17:09Z
413,12,14,11.14,standard,2026-07-06T22:17:09Z
413,12,15,11.14,standard,2026-07-06T22:17:09Z
413,12,16,11.14,standard,2026-07-06T22:17:09Z
413,12,17,11.14,standard,2026-07-06T22:17:09Z
413,12,18,11.14,standard,2026-07-06T22:17:09Z
413,12,19,11.14,standard,2026-07-06T22:17:09Z
413,12,20,11.14,standard,2026-07-06T22:17:09Z
413,12,21,11.14,standard,2026-07-06T22:17:09Z
413,12,22,11.14,standard,2026-07-06T22:17:09Z
413,12,23,11.14,standard,2026-07-06T22:17:09Z
413,12,24,11.14,standard,2026-07-06T22:17:09Z
413,12,25,11.14,standard,2026-07-06T22:17:09Z
413,12,26,11.14,standard,2026-07-06T22:17:09Z
414,3,8,11.14,standard,2026-07-06T22:17:09Z
414,3,9,11.14,standard,2026-07-06T22:17:09Z
414,3,10,11.14,standard,2026-07-06T22:17:09Z
414,3,11,11.14,standard,2026-07-06T22:17:09Z
414,3,12,11.14,standard,2026-07-06T22:17:09Z
414,4,10,11.14,standard,2026-07-06T22:17:09Z
414,4,11,11.14,standard,2026-07-06T22:17:09Z
414,4,12,11.14,standard,2026-07-06T22:17:09Z
414,4,13,11.14,standard,2026-07-06T22:17:09Z
414,4,14,11.14,standard,2026-07-06T22:17:09Z
414,5,1,11.14,standard,2026-07-06T22:17:09Z
414,5,2,11.14,standard,2026-07-06T22:17:09Z
414,5,3,11.14,standard,2026-07-06T22:17:09Z
414,5,4,11.14,standard,2026-07-06T22:17:09Z
414,5,5,11.14,standard,2026-07-06T22:17:09Z
414,5,6,11.14,standard,2026-07-06T22:17:09Z
414,5,7,11.14,standard,2026-07-06T22:17:09Z
414,5,8,11.14,standard,2026-07-06T22:17:09Z
414,5,9,11.14,standard,2026-07-06T22:17:09Z
414,5,10,11.14,standard,2026-07-06T22:17:09Z
414,5,11,11.14,standard,2026-07-06T22:17:09Z
414,5,12,11.14,standard,2026-07-06T22:17:09Z
414,5,13,11.14,standard,2026-07-06T22:17:09Z
414,5,14,11.14,standard,2026-07-06T22:17:09Z
414,5,15,11.14,standard,2026-07-06T22:17:09Z
414,5,16,11.14,standard,2026-07-06T22:17:09Z
414,6,1,11.14,standard,2026-07-06T22:17:09Z
414,6,2,11.14,standard,2026-07-06T22:17:09Z
414,6,3,11.14,standard,2026-07-06T22:17:09Z
414,6,4,11.14,standard,2026-07-06T22:17:09Z
414,6,5,11.14,standard,2026-07-06T22:17:09Z
414,6,6,11.14,standard,2026-07-06T22:17:09Z
414,6,7,11.14,standard,2026-07-06T22:17:09Z
414,6,8,11.14,standard,2026-07-06T22:17:09Z
414,6,9,11.14,standard,2026-07-06T22:17:09Z
414,6,10,11.14,standard,2026-07-06T22:17:09Z
414,6,11,11.14,standard,2026-07-06T22:17:09Z
414,6,12,11.14,standard,2026-07-06T22:17:09Z
414,6,13,11.14,standard,2026-07-06T22:17:09Z
414,6,14,11.14,standard,2026-07-06T22:17:09Z
414,6,15,11.14,standard,2026-07-06T22:17:09Z
414,6,16,11.14,standard,2026-07-06T22:17:09Z
414,6,17,11.14,standard,2026-07-06T22:17:09Z
414,7,1,11.14,standard,2026-07-06T22:17:09Z
414,7,2,11.14,standard,2026-07-06T22:17:09Z
414,7,3,11.14,standard,2026-07-06T22:17:09Z
414,7,4,11.14,standard,2026-07-06T22:17:09Z
414,7,5,11.14,standard,2026-07-06T22:17:09Z
414,7,6,11.14,standard,2026-07-06T22:17:09Z
414,7,7,11.14,standard,2026-07-06T22:17:09Z
414,7,8,11.14,standard,2026-07-06T22:17:09Z
414,7,9,11.14,standard,2026-07-06T22:17:09Z
414,7,10,11.14,standard,2026-07-06T22:17:09Z
414,7,11,11.14,standard,2026-07-06T22:17:09Z
414,7,12,11.14,standard,2026-07-06T22:17:09Z
414,7,13,11.14,standard,2026-07-06T22:17:09Z
414,7,14,11.14,standard,2026-07-06T22:17:09Z
414,7,15,11.14,standard,2026-07-06T22:17:09Z
414,7,16,11.14,standard,2026-07-06T22:17:09Z
414,7,17,11.14,standard,2026-07-06T22:17:09Z
414,8,1,11.14,standard,2026-07-06T22:17:09Z
414,8,2,11.14,standard,2026-07-06T22:17:09Z
414,8,3,11.14,standard,2026-07-06T22:17:09Z
414,8,4,11.14,standard,2026-07-06T22:17:09Z
414,8,5,11.14,standard,2026-07-06T22:17:09Z
414,8,6,11.14,standard,2026-07-06T22:17:09Z
414,8,7,11.14,standard,2026-07-06T22:17:09Z
414,8,8,11.14,standard,2026-07-06T22:17:09Z
414,8,9,11.14,standard,2026-07-06T22:17:09Z
414,8,10,11.14,standard,2026-07-06T22:17:09Z
414,8,11,11.14,standard,2026-07-06T22:17:09Z
414,8,12,11.14,standard,2026-07-06T22:17:09Z
414,8,13,11.14,standard,2026-07-06T22:17:09Z
414,8,14,11.14,standard,2026-07-06T22:17:09Z
414,8,15,11.14,standard,2026-07-06T22:17:09Z
414,8,16,11.14,standard,2026-07-06T22:17:09Z
414,8,17,11.14,standard,2026-07-06T22:17:09Z
414,9,1,11.14,standard,2026-07-06T22:17:09Z
414,9,2,11.14,standard,2026-07-06T22:17:09Z
414,9,3,11.14,standard,2026-07-06T22:17:09Z
414,9,4,11.14,standard,2026-07-06T22:17:09Z
414,9,5,11.14,standard,2026-07-06T22:17:09Z
414,9,6,11.14,standard,2026-07-06T22:17:09Z
414,9,7,11.14,standard,2026-07-06T22:17:09Z
414,9,8,11.14,standard,2026-07-06T22:17:09Z
414,9,9,11.14,standard,2026-07-06T22:17:09Z
414,9,10,11.14,standard,2026-07-06T22:17:09Z
414,9,11,11.14,standard,2026-07-06T22:17:09Z
414,9,12,11.14,standard,2026-07-06T22:17:09Z
414,9,13,11.14,standard,2026-07-06T22:17:09Z
414,9,14,11.14,standard,2026-07-06T22:17:09Z
414,9,15,11.14,standard,2026-07-06T22:17:09Z
414,9,16,11.14,standard,2026-07-06T22:17:09Z
414,9,17,11.14,standard,2026-07-06T22:17:09Z
414,9,18,11.14,standard,2026-07-06T22:17:09Z
414,9,19,11.14,standard,2026-07-06T22:17:09Z
414,9,20,11.14,standard,2026-07-06T22:17:09Z
414,9,21,11.14,standard,2026-07-06T22:17:09Z
414,9,22,11.14,standard,2026-07-06T22:17:09Z
414,9,23,11.14,standard,2026-07-06T22:17:09Z
414,10,3,11.14,standard,2026-07-06T22:17:09Z
414,10,4,11.14,standard,2026-07-06T22:17:09Z
414,10,5,11.14,standard,2026-07-06T22:17:09Z
414,10,6,11.14,standard,2026-07-06T22:17:09Z
414,10,7,11.14,standard,2026-07-06T22:17:09Z
414,10,8,11.14,standard,2026-07-06T22:17:09Z
414,10,9,11.14,standard,2026-07-06T22:17:09Z
414,10,10,11.14,standard,2026-07-06T22:17:09Z
414,10,11,11.14,standard,2026-07-06T22:17:09Z
414,10,12,11.14,standard,2026-07-06T22:17:09Z
414,10,13,11.14,standard,2026-07-06T22:17:09Z
414,10,14,11.14,standard,2026-07-06T22:17:09Z
414,10,15,11.14,standard,2026-07-06T22:17:09Z
414,10,16,11.14,standard,2026-07-06T22:17:09Z
414,10,17,11.14,standard,2026-07-06T22:17:09Z
414,10,18,11.14,standard,2026-07-06T22:17:09Z
414,10,19,11.14,standard,2026-07-06T22:17:09Z
414,10,20,11.14,standard,2026-07-06T22:17:09Z
414,10,21,11.14,standard,2026-07-06T22:17:09Z
414,10,22,11.14,standard,2026-07-06T22:17:09Z
414,10,23,11.14,standard,2026-07-06T22:17:09Z
414,11,3,11.14,standard,2026-07-06T22:17:09Z
414,11,4,11.14,standard,2026-07-06T22:17:09Z
414,11,5,11.14,standard,2026-07-06T22:17:09Z
414,11,6,11.14,standard,2026-07-06T22:17:09Z
414,11,7,11.14,standard,2026-07-06T22:17:09Z
414,11,8,11.14,standard,2026-07-06T22:17:09Z
414,11,9,11.14,standard,2026-07-06T22:17:09Z
414,11,10,11.14,standard,2026-07-06T22:17:09Z
414,11,11,11.14,standard,2026-07-06T22:17:09Z
414,11,12,11.14,standard,2026-07-06T22:17:09Z
414,11,13,11.14,standard,2026-07-06T22:17:09Z
414,11,14,11.14,standard,2026-07-06T22:17:09Z
414,11,15,11.14,standard,2026-07-06T22:17:09Z
414,11,16,11.14,standard,2026-07-06T22:17:09Z
414,11,17,11.14,standard,2026-07-06T22:17:09Z
414,11,18,11.14,standard,2026-07-06T22:17:09Z
414,11,19,11.14,standard,2026-07-06T22:17:09Z
414,11,20,11.14,standard,2026-07-06T22:17:09Z
414,11,21,11.14,standard,2026-07-06T22:17:09Z
414,11,22,11.14,standard,2026-07-06T22:17:09Z
414,11,23,11.14,standard,2026-07-06T22:17:09Z
414,11,24,11.14,standard,2026-07-06T22:17:09Z
414,12,3,11.14,standard,2026-07-06T22:17:09Z
414,12,4,11.14,standard,2026-07-06T22:17:09Z
414,12,5,11.14,standard,2026-07-06T22:17:09Z
414,12,6,11.14,standard,2026-07-06T22:17:09Z
414,12,7,11.14,standard,2026-07-06T22:17:09Z
414,12,8,11.14,standard,2026-07-06T22:17:09Z
414,12,9,11.14,standard,2026-07-06T22:17:09Z
414,12,10,11.14,standard,2026-07-06T22:17:09Z
414,12,11,11.14,standard,2026-07-06T22:17:09Z
414,12,12,11.14,standard,2026-07-06T22:17:09Z
414,12,13,11.14,standard,2026-07-06T22:17:09Z
414,12,14,11.14,standard,2026-07-06T22:17:09Z
414,12,15,11.14,standard,2026-07-06T22:17:09Z
414,12,16,11.14,standard,2026-07-06T22:17:09Z
414,12,17,11.14,standard,2026-07-06T22:17:09Z
414,12,18,11.14,standard,2026-07-06T22:17:09Z
414,12,19,11.14,standard,2026-07-06T22:17:09Z
414,12,20,11.14,standard,2026-07-06T22:17:09Z
414,12,21,11.14,standard,2026-07-06T22:17:09Z
414,12,22,11.14,standard,2026-07-06T22:17:09Z
414,12,23,11.14,standard,2026-07-06T22:17:09Z
414,12,24,11.14,standard,2026-07-06T22:17:09Z
414,12,25,11.14,standard,2026-07-06T22:17:09Z
414,12,26,11.14,standard,2026-07-06T22:17:09Z
414,12,27,11.14,standard,2026-07-06T22:17:09Z
415,2,2,11.14,standard,2026-07-06T22:17:09Z
415,5,5,11.14,standard,2026-07-06T22:17:09Z
415,5,6,11.14,standard,2026-07-06T22:17:09Z
415,5,9,11.14,standard,2026-07-06T22:17:09Z
415,5,10,11.14,standard,2026-07-06T22:17:09Z
415,5,11,11.14,standard,2026-07-06T22:17:09Z
415,5,12,11.14,standard,2026-07-06T22:17:09Z
415,5,13,11.14,standard,2026-07-06T22:17:09Z
415,5,14,11.14,standard,2026-07-06T22:17:09Z
415,6,7,11.14,standard,2026-07-06T22:17:09Z
415,6,8,11.14,standard,2026-07-06T22:17:09Z
415,6,9,11.14,standard,2026-07-06T22:17:09Z
415,6,10,11.14,standard,2026-07-06T22:17:09Z
415,6,11,11.14,standard,2026-07-06T22:17:09Z
415,6,12,11.14,standard,2026-07-06T22:17:09Z
415,6,13,11.14,standard,2026-07-06T22:17:09Z
415,6,14,11.14,standard,2026-07-06T22:17:09Z
415,6,15,11.14,standard,2026-07-06T22:17:09Z
415,6,16,11.14,standard,2026-07-06T22:17:09Z
415,6,17,11.14,standard,2026-07-06T22:17:09Z
415,6,18,11.14,standard,2026-07-06T22:17:09Z
415,6,19,11.14,standard,2026-07-06T22:17:09Z
415,7,11,11.14,standard,2026-07-06T22:17:09Z
415,7,12,11.14,standard,2026-07-06T22:17:09Z
415,7,13,11.14,standard,2026-07-06T22:17:09Z
415,7,14,11.14,standard,2026-07-06T22:17:09Z
415,7,15,11.14,standard,2026-07-06T22:17:09Z
415,7,16,11.14,standard,2026-07-06T22:17:09Z
415,7,17,11.14,standard,2026-07-06T22:17:09Z
415,7,18,11.14,standard,2026-07-06T22:17:09Z
415,7,19,11.14,standard,2026-07-06T22:17:09Z
415,8,11,11.14,standard,2026-07-06T22:17:09Z
415,8,12,11.14,standard,2026-07-06T22:17:09Z
415,8,13,11.14,standard,2026-07-06T22:17:09Z
415,8,14,11.14,standard,2026-07-06T22:17:09Z
415,8,15,11.14,standard,2026-07-06T22:17:09Z
415,8,16,11.14,standard,2026-07-06T22:17:09Z
415,8,17,11.14,standard,2026-07-06T22:17:09Z
415,8,18,11.14,standard,2026-07-06T22:17:09Z
415,8,19,11.14,standard,2026-07-06T22:17:09Z
415,8,20,11.14,standard,2026-07-06T22:17:09Z
415,8,21,11.14,standard,2026-07-06T22:17:09Z
415,8,22,11.14,standard,2026-07-06T22:17:09Z
415,8,23,11.14,standard,2026-07-06T22:17:09Z
415,8,24,11.14,standard,2026-07-06T22:17:09Z
416,2,15,11.14,standard,2026-07-06T22:17:09Z
416,2,16,11.14,standard,2026-07-06T22:17:09Z
416,12,9,11.14,standard,2026-07-06T22:17:09Z
416,12,10,11.14,standard,2026-07-06T22:17:09Z
417,2,3,11.14,standard,2026-07-06T22:17:09Z
417,2,4,11.14,standard,2026-07-06T22:17:09Z
417,2,17,11.14,standard,2026-07-06T22:17:09Z
417,2,18,11.14,standard,2026-07-06T22:17:09Z
417,4,19,11.14,standard,2026-07-06T22:17:09Z
417,5,9,11.14,standard,2026-07-06T22:17:09Z
417,5,10,11.14,standard,2026-07-06T22:17:09Z
417,5,11,11.14,standard,2026-07-06T22:17:09Z
417,5,12,11.14,standard,2026-07-06T22:17:09Z
417,5,13,11.14,standard,2026-07-06T22:17:09Z
417,6,12,11.14,standard,2026-07-06T22:17:09Z
417,6,13,11.14,standard,2026-07-06T22:17:09Z
417,7,8,11.14,standard,2026-07-06T22:17:09Z
417,7,9,11.14,standard,2026-07-06T22:17:09Z
417,7,10,11.14,standard,2026-07-06T22:17:09Z
417,7,11,11.14,standard,2026-07-06T22:17:09Z
417,7,12,11.14,standard,2026-07-06T22:17:09Z
417,7,13,11.14,standard,2026-07-06T22:17:09Z
417,7,14,11.14,standard,2026-07-06T22:17:09Z
417,7,15,11.14,standard,2026-07-06T22:17:09Z
417,8,19,11.14,standard,2026-07-06T22:17:09Z
417,8,20,11.14,standard,2026-07-06T22:17:09Z
417,9,5,11.14,standard,2026-07-06T22:17:09Z
417,9,6,11.14,standard,2026-07-06T22:17:09Z
417,9,7,11.14,standard,2026-07-06T22:17:09Z
417,9,8,11.14,standard,2026-07-06T22:17:09Z
417,9,9,11.14,standard,2026-07-06T22:17:09Z
417,9,10,11.14,standard,2026-07-06T22:17:09Z
417,9,11,11.14,standard,2026-07-06T22:17:09Z
417,9,12,11.14,standard,2026-07-06T22:17:09Z
417,9,13,11.14,standard,2026-07-06T22:17:09Z
417,9,14,11.14,standard,2026-07-06T22:17:09Z
417,9,15,11.14,standard,2026-07-06T22:17:09Z
417,9,16,11.14,standard,2026-07-06T22:17:09Z
417,9,17,11.14,standard,2026-07-06T22:17:09Z
417,9,18,11.14,standard,2026-07-06T22:17:09Z
417,9,19,11.14,standard,2026-07-06T22:17:09Z
417,9,20,11.14,standard,2026-07-06T22:17:09Z
417,10,3,11.14,standard,2026-07-06T22:17:09Z
417,10,4,11.14,standard,2026-07-06T22:17:09Z
417,10,5,11.14,standard,2026-07-06T22:17:09Z
417,10,6,11.14,standard,2026-07-06T22:17:09Z
417,10,7,11.14,standard,2026-07-06T22:17:09Z
417,10,8,11.14,standard,2026-07-06T22:17:09Z
417,10,9,11.14,standard,2026-07-06T22:17:09Z
417,10,10,11.14,standard,2026-07-06T22:17:09Z
417,10,13,11.14,standard,2026-07-06T22:17:09Z
417,10,14,11.14,standard,2026-07-06T22:17:09Z
417,10,15,11.14,standard,2026-07-06T22:17:09Z
417,10,16,11.14,standard,2026-07-06T22:17:09Z
417,10,17,11.14,standard,2026-07-06T22:17:09Z
417,10,18,11.14,standard,2026-07-06T22:17:09Z
417,10,19,11.14,standard,2026-07-06T22:17:09Z
417,10,20,11.14,standard,2026-07-06T22:17:09Z
417,11,3,11.14,standard,2026-07-06T22:17:09Z
417,11,4,11.14,standard,2026-07-06T22:17:09Z
417,11,5,11.14,standard,2026-07-06T22:17:09Z
417,11,6,11.14,standard,2026-07-06T22:17:09Z
417,11,7,11.14,standard,2026-07-06T22:17:09Z
417,11,8,11.14,standard,2026-07-06T22:17:09Z
417,11,9,11.14,standard,2026-07-06T22:17:09Z
417,11,10,11.14,standard,2026-07-06T22:17:09Z
417,11,11,11.14,standard,2026-07-06T22:17:09Z
417,11,12,11.14,standard,2026-07-06T22:17:09Z
417,11,13,11.14,standard,2026-07-06T22:17:09Z
417,11,14,11.14,standard,2026-07-06T22:17:09Z
417,11,15,11.14,standard,2026-07-06T22:17:09Z
417,11,16,11.14,standard,2026-07-06T22:17:09Z
417,11,17,11.14,standard,2026-07-06T22:17:09Z
417,11,18,11.14,standard,2026-07-06T22:17:09Z
417,11,19,11.14,standard,2026-07-06T22:17:09Z
417,11,20,11.14,standard,2026-07-06T22:17:09Z
417,11,21,11.14,standard,2026-07-06T22:17:09Z
417,12,3,11.14,standard,2026-07-06T22:17:09Z
417,12,4,11.14,standard,2026-07-06T22:17:09Z
417,12,5,11.14,standard,2026-07-06T22:17:09Z
417,12,6,11.14,standard,2026-07-06T22:17:09Z
417,12,7,11.14,standard,2026-07-06T22:17:09Z
417,12,8,11.14,standard,2026-07-06T22:17:09Z
417,12,9,11.14,standard,2026-07-06T22:17:09Z
417,12,10,11.14,standard,2026-07-06T22:17:09Z
417,12,11,11.14,standard,2026-07-06T22:17:09Z
417,12,12,11.14,standard,2026-07-06T22:17:09Z
417,12,13,11.14,standard,2026-07-06T22:17:09Z
417,12,14,11.14,standard,2026-07-06T22:17:09Z
417,12,15,11.14,standard,2026-07-06T22:17:09Z
417,12,16,11.14,standard,2026-07-06T22:17:09Z
417,12,17,11.14,standard,2026-07-06T22:17:09Z
417,12,18,11.14,standard,2026-07-06T22:17:09Z
417,12,19,11.14,standard,2026-07-06T22:17:09Z
417,12,20,11.14,standard,2026-07-06T22:17:09Z
417,12,21,11.14,standard,2026-07-06T22:17:09Z
417,12,22,11.14,standard,2026-07-06T22:17:09Z
417,12,23,11.14,standard,2026-07-06T22:17:09Z
417,12,24,11.14,standard,2026-07-06T22:17:09Z
417,12,25,11.14,standard,2026-07-06T22:17:09Z
417,12,26,11.14,standard,2026-07-06T22:17:09Z
418,2,5,11.14,standard,2026-07-06T22:17:09Z
418,2,6,11.14,standard,2026-07-06T22:17:09Z
418,2,11,11.14,standard,2026-07-06T22:17:09Z
418,4,9,11.14,standard,2026-07-06T22:17:09Z
418,4,10,11.14,standard,2026-07-06T22:17:09Z
418,4,18,11.14,standard,2026-07-06T22:17:09Z
418,4,19,11.14,standard,2026-07-06T22:17:09Z
418,5,1,11.14,standard,2026-07-06T22:17:09Z
418,5,2,11.14,standard,2026-07-06T22:17:09Z
418,5,16,11.14,standard,2026-07-06T22:17:09Z
418,5,17,11.14,standard,2026-07-06T22:17:09Z
418,6,3,11.14,standard,2026-07-06T22:17:09Z
418,6,7,11.14,standard,2026-07-06T22:17:09Z
418,6,8,11.14,standard,2026-07-06T22:17:09Z
418,6,9,11.14,standard,2026-07-06T22:17:09Z
418,6,10,11.14,standard,2026-07-06T22:17:09Z
418,6,11,11.14,standard,2026-07-06T22:17:09Z
418,6,12,11.14,standard,2026-07-06T22:17:09Z
418,6,13,11.14,standard,2026-07-06T22:17:09Z
418,6,14,11.14,standard,2026-07-06T22:17:09Z
418,7,3,11.14,standard,2026-07-06T22:17:09Z
418,7,4,11.14,standard,2026-07-06T22:17:09Z
418,7,16,11.14,standard,2026-07-06T22:17:09Z
418,7,17,11.14,standard,2026-07-06T22:17:09Z
418,7,18,11.14,standard,2026-07-06T22:17:09Z
418,7,19,11.14,standard,2026-07-06T22:17:09Z
418,9,3,11.14,standard,2026-07-06T22:17:09Z
418,9,4,11.14,standard,2026-07-06T22:17:09Z
418,9,5,11.14,standard,2026-07-06T22:17:09Z
418,9,6,11.14,standard,2026-07-06T22:17:09Z
418,9,7,11.14,standard,2026-07-06T22:17:09Z
418,9,8,11.14,standard,2026-07-06T22:17:09Z
418,9,9,11.14,standard,2026-07-06T22:17:09Z
418,9,10,11.14,standard,2026-07-06T22:17:09Z
418,9,12,11.14,standard,2026-07-06T22:17:09Z
418,9,13,11.14,standard,2026-07-06T22:17:09Z
418,9,14,11.14,standard,2026-07-06T22:17:09Z
418,9,15,11.14,standard,2026-07-06T22:17:09Z
418,9,16,11.14,standard,2026-07-06T22:17:09Z
418,9,17,11.14,standard,2026-07-06T22:17:09Z
418,9,18,11.14,standard,2026-07-06T22:17:09Z
418,10,15,11.14,standard,2026-07-06T22:17:09Z
418,10,16,11.14,standard,2026-07-06T22:17:09Z
418,10,17,11.14,standard,2026-07-06T22:17:09Z
418,10,18,11.14,standard,2026-07-06T22:17:09Z
418,10,19,11.14,standard,2026-07-06T22:17:09Z
418,12,19,11.14,standard,2026-07-06T22:17:09Z
418,12,20,11.14,standard,2026-07-06T22:17:09Z
418,12,21,11.14,standard,2026-07-06T22:17:09Z
418,12,22,11.14,standard,2026-07-06T22:17:09Z
418,12,23,11.14,standard,2026-07-06T22:17:09Z
418,12,24,11.14,standard,2026-07-06T22:17:09Z
418,12,25,11.14,standard,2026-07-06T22:17:09Z
418,12,26,11.14,standard,2026-07-06T22:17:09Z
42,10,9,11.14,standard,2026-07-06T22:17:09Z
42,10,10,11.14,standard,2026-07-06T22:17:09Z
42,10,11,11.14,standard,2026-07-06T22:17:09Z
42,10,12,11.14,standard,2026-07-06T22:17:09Z
42,10,13,11.14,standard,2026-07-06T22:17:09Z
42,11,5,11.14,standard,2026-07-06T22:17:09Z
42,11,6,11.14,standard,2026-07-06T22:17:09Z
42,11,7,11.14,standard,2026-07-06T22:17:09Z
42,11,8,11.14,standard,2026-07-06T22:17:09Z
42,14,8,11.14,standard,2026-07-06T22:17:09Z
42,14,9,11.14,standard,2026-07-06T22:17:09Z
42,14,10,11.14,standard,2026-07-06T22:17:09Z
42,14,11,11.14,standard,2026-07-06T22:17:09Z
42,14,12,11.14,standard,2026-07-06T22:17:09Z
42,14,13,11.14,standard,2026-07-06T22:17:09Z
42,14,14,11.14,standard,2026-07-06T22:17:09Z
42,14,15,11.14,standard,2026-07-06T22:17:09Z
42,14,16,11.14,standard,2026-07-06T22:17:09Z
42,14,17,11.14,standard,2026-07-06T22:17:09Z
42,15,1,11.14,standard,2026-07-06T22:17:09Z
42,15,2,11.14,standard,2026-07-06T22:17:09Z
42,15,3,11.14,standard,2026-07-06T22:17:09Z
42,15,4,11.14,standard,2026-07-06T22:17:09Z
42,15,5,11.14,standard,2026-07-06T22:17:09Z
42,15,6,11.14,standard,2026-07-06T22:17:09Z
42,15,7,11.14,standard,2026-07-06T22:17:09Z
42,15,8,11.14,standard,2026-07-06T22:17:09Z
42,15,9,11.14,standard,2026-07-06T22:17:09Z
42,15,10,11.14,standard,2026-07-06T22:17:09Z
42,15,11,11.14,standard,2026-07-06T22:17:09Z
42,15,12,11.14,standard,2026-07-06T22:17:09Z
42,15,13,11.14,standard,2026-07-06T22:17:09Z
42,15,14,11.14,standard,2026-07-06T22:17:09Z
42,15,15,11.14,standard,2026-07-06T22:17:09Z
420,1,9,11.14,standard,2026-07-06T22:17:09Z
420,1,10,11.14,standard,2026-07-06T22:17:09Z
420,1,23,11.14,standard,2026-07-06T22:17:09Z
420,1,24,11.14,standard,2026-07-06T22:17:09Z
420,4,9,11.14,standard,2026-07-06T22:17:09Z
420,4,10,11.14,standard,2026-07-06T22:17:09Z
420,5,11,11.14,standard,2026-07-06T22:17:09Z
420,5,12,11.14,standard,2026-07-06T22:17:09Z
420,6,6,11.14,standard,2026-07-06T22:17:09Z
420,6,7,11.14,standard,2026-07-06T22:17:09Z
420,6,16,11.14,standard,2026-07-06T22:17:09Z
420,7,4,11.14,standard,2026-07-06T22:17:09Z
420,7,5,11.14,standard,2026-07-06T22:17:09Z
420,7,16,11.14,standard,2026-07-06T22:17:09Z
420,7,17,11.14,standard,2026-07-06T22:17:09Z
420,7,18,11.14,standard,2026-07-06T22:17:09Z
420,8,3,11.14,standard,2026-07-06T22:17:09Z
420,8,4,11.14,standard,2026-07-06T22:17:09Z
420,9,11,11.14,standard,2026-07-06T22:17:09Z
420,9,12,11.14,standard,2026-07-06T22:17:09Z
420,9,13,11.14,standard,2026-07-06T22:17:09Z
420,9,14,11.14,standard,2026-07-06T22:17:09Z
420,9,15,11.14,standard,2026-07-06T22:17:09Z
420,9,16,11.14,standard,2026-07-06T22:17:09Z
420,10,5,11.14,standard,2026-07-06T22:17:09Z
420,10,6,11.14,standard,2026-07-06T22:17:09Z
420,10,7,11.14,standard,2026-07-06T22:17:09Z
420,10,8,11.14,standard,2026-07-06T22:17:09Z
420,10,9,11.14,standard,2026-07-06T22:17:09Z
420,10,10,11.14,standard,2026-07-06T22:17:09Z
420,10,11,11.14,standard,2026-07-06T22:17:09Z
420,10,12,11.14,standard,2026-07-06T22:17:09Z
420,10,13,11.14,standard,2026-07-06T22:17:09Z
420,10,14,11.14,standard,2026-07-06T22:17:09Z
420,10,15,11.14,standard,2026-07-06T22:17:09Z
420,10,16,11.14,standard,2026-07-06T22:17:09Z
420,10,17,11.14,standard,2026-07-06T22:17:09Z
420,10,18,11.14,standard,2026-07-06T22:17:09Z
420,10,19,11.14,standard,2026-07-06T22:17:09Z
420,10,20,11.14,standard,2026-07-06T22:17:09Z
420,10,21,11.14,standard,2026-07-06T22:17:09Z
420,10,22,11.14,standard,2026-07-06T22:17:09Z
420,10,23,11.14,standard,2026-07-06T22:17:09Z
420,10,24,11.14,standard,2026-07-06T22:17:09Z
420,11,5,11.14,standard,2026-07-06T22:17:09Z
420,11,6,11.14,standard,2026-07-06T22:17:09Z
420,11,7,11.14,standard,2026-07-06T22:17:09Z
420,11,8,11.14,standard,2026-07-06T22:17:09Z
420,11,9,11.14,standard,2026-07-06T22:17:09Z
420,11,10,11.14,standard,2026-07-06T22:17:09Z
420,11,11,11.14,standard,2026-07-06T22:17:09Z
420,11,12,11.14,standard,2026-07-06T22:17:09Z
420,11,13,11.14,standard,2026-07-06T22:17:09Z
420,11,14,11.14,standard,2026-07-06T22:17:09Z
420,11,15,11.14,standard,2026-07-06T22:17:09Z
420,11,16,11.14,standard,2026-07-06T22:17:09Z
420,11,17,11.14,standard,2026-07-06T22:17:09Z
420,11,18,11.14,standard,2026-07-06T22:17:09Z
420,11,19,11.14,standard,2026-07-06T22:17:09Z
420,11,20,11.14,standard,2026-07-06T22:17:09Z
420,11,21,11.14,standard,2026-07-06T22:17:09Z
420,11,22,11.14,standard,2026-07-06T22:17:09Z
420,11,23,11.14,standard,2026-07-06T22:17:09Z
420,11,24,11.14,standard,2026-07-06T22:17:09Z
420,12,3,11.14,standard,2026-07-06T22:17:09Z
420,12,4,11.14,standard,2026-07-06T22:17:09Z
420,12,5,11.14,standard,2026-07-06T22:17:09Z
420,12,6,11.14,standard,2026-07-06T22:17:09Z
420,12,7,11.14,standard,2026-07-06T22:17:09Z
420,12,8,11.14,standard,2026-07-06T22:17:09Z
420,12,9,11.14,standard,2026-07-06T22:17:09Z
420,12,10,11.14,standard,2026-07-06T22:17:09Z
420,12,11,11.14,standard,2026-07-06T22:17:09Z
420,12,12,11.14,standard,2026-07-06T22:17:09Z
420,12,13,11.14,standard,2026-07-06T22:17:09Z
420,12,14,11.14,standard,2026-07-06T22:17:09Z
420,12,15,11.14,standard,2026-07-06T22:17:09Z
420,12,16,11.14,standard,2026-07-06T22:17:09Z
420,12,17,11.14,standard,2026-07-06T22:17:09Z
420,12,18,11.14,standard,2026-07-06T22:17:09Z
420,12,19,11.14,standard,2026-07-06T22:17:09Z
420,12,20,11.14,standard,2026-07-06T22:17:09Z
420,12,21,11.14,standard,2026-07-06T22:17:09Z
420,12,22,11.14,standard,2026-07-06T22:17:09Z
422,1,14,11.14,standard,2026-07-06T22:17:09Z
422,1,15,11.14,standard,2026-07-06T22:17:09Z
422,1,17,11.14,standard,2026-07-06T22:17:09Z
422,1,18,11.14,standard,2026-07-06T22:17:09Z
422,2,29,11.14,standard,2026-07-06T22:17:09Z
422,2,30,11.14,standard,2026-07-06T22:17:09Z
422,3,13,11.14,standard,2026-07-06T22:17:09Z
422,3,14,11.14,standard,2026-07-06T22:17:09Z
422,5,10,11.14,standard,2026-07-06T22:17:09Z
422,5,11,11.14,standard,2026-07-06T22:17:09Z
422,5,12,11.14,standard,2026-07-06T22:17:09Z
422,5,13,11.14,standard,2026-07-06T22:17:09Z
422,6,5,11.14,standard,2026-07-06T22:17:09Z
422,6,6,11.14,standard,2026-07-06T22:17:09Z
422,7,8,11.14,standard,2026-07-06T22:17:09Z
422,7,9,11.14,standard,2026-07-06T22:17:09Z
422,7,10,11.14,standard,2026-07-06T22:17:09Z
422,7,15,11.14,standard,2026-07-06T22:17:09Z
422,7,16,11.14,standard,2026-07-06T22:17:09Z
422,7,17,11.14,standard,2026-07-06T22:17:09Z
422,7,18,11.14,standard,2026-07-06T22:17:09Z
422,7,21,11.14,standard,2026-07-06T22:17:09Z
422,8,1,11.14,standard,2026-07-06T22:17:09Z
422,8,2,11.14,standard,2026-07-06T22:17:09Z
422,8,14,11.14,standard,2026-07-06T22:17:09Z
422,8,15,11.14,standard,2026-07-06T22:17:09Z
422,8,18,11.14,standard,2026-07-06T22:17:09Z
422,8,25,11.14,standard,2026-07-06T22:17:09Z
422,8,26,11.14,standard,2026-07-06T22:17:09Z
422,8,27,11.14,standard,2026-07-06T22:17:09Z
422,9,3,11.14,standard,2026-07-06T22:17:09Z
422,9,4,11.14,standard,2026-07-06T22:17:09Z
422,9,5,11.14,standard,2026-07-06T22:17:09Z
422,9,6,11.14,standard,2026-07-06T22:17:09Z
422,9,11,11.14,standard,2026-07-06T22:17:09Z
422,9,19,11.14,standard,2026-07-06T22:17:09Z
422,9,20,11.14,standard,2026-07-06T22:17:09Z
422,9,21,11.14,standard,2026-07-06T22:17:09Z
422,9,22,11.14,standard,2026-07-06T22:17:09Z
422,9,23,11.14,standard,2026-07-06T22:17:09Z
422,9,24,11.14,standard,2026-07-06T22:17:09Z
422,9,25,11.14,standard,2026-07-06T22:17:09Z
422,9,26,11.14,standard,2026-07-06T22:17:09Z
422,10,4,11.14,standard,2026-07-06T22:17:09Z
422,10,5,11.14,standard,2026-07-06T22:17:09Z
422,10,6,11.14,standard,2026-07-06T22:17:09Z
422,10,7,11.14,standard,2026-07-06T22:17:09Z
422,10,8,11.14,standard,2026-07-06T22:17:09Z
422,10,9,11.14,standard,2026-07-06T22:17:09Z
422,10,10,11.14,standard,2026-07-06T22:17:09Z
422,10,11,11.14,standard,2026-07-06T22:17:09Z
422,10,12,11.14,standard,2026-07-06T22:17:09Z
422,10,13,11.14,standard,2026-07-06T22:17:09Z
422,10,14,11.14,standard,2026-07-06T22:17:09Z
422,10,15,11.14,standard,2026-07-06T22:17:09Z
422,10,16,11.14,standard,2026-07-06T22:17:09Z
422,10,17,11.14,standard,2026-07-06T22:17:09Z
422,10,18,11.14,standard,2026-07-06T22:17:09Z
422,10,19,11.14,standard,2026-07-06T22:17:09Z
422,10,20,11.14,standard,2026-07-06T22:17:09Z
422,10,21,11.14,standard,2026-07-06T22:17:09Z
422,10,22,11.14,standard,2026-07-06T22:17:09Z
422,10,23,11.14,standard,2026-07-06T22:17:09Z
422,10,24,11.14,standard,2026-07-06T22:17:09Z
422,10,25,11.14,standard,2026-07-06T22:17:09Z
422,10,26,11.14,standard,2026-07-06T22:17:09Z
422,10,27,11.14,standard,2026-07-06T22:17:09Z
422,10,28,11.14,standard,2026-07-06T22:17:09Z
422,10,29,11.14,standard,2026-07-06T22:17:09Z
422,10,30,11.14,standard,2026-07-06T22:17:09Z
422,10,31,11.14,standard,2026-07-06T22:17:09Z
422,11,5,11.14,standard,2026-07-06T22:17:09Z
422,11,6,11.14,standard,2026-07-06T22:17:09Z
422,11,7,11.14,standard,2026-07-06T22:17:09Z
422,11,8,11.14,standard,2026-07-06T22:17:09Z
422,11,9,11.14,standard,2026-07-06T22:17:09Z
422,11,10,11.14,standard,2026-07-06T22:17:09Z
422,11,11,11.14,standard,2026-07-06T22:17:09Z
422,11,12,11.14,standard,2026-07-06T22:17:09Z
422,11,13,11.14,standard,2026-07-06T22:17:09Z
422,11,14,11.14,standard,2026-07-06T22:17:09Z
422,11,15,11.14,standard,2026-07-06T22:17:09Z
422,11,16,11.14,standard,2026-07-06T22:17:09Z
422,11,17,11.14,standard,2026-07-06T22:17:09Z
422,11,18,11.14,standard,2026-07-06T22:17:09Z
422,11,19,11.14,standard,2026-07-06T22:17:09Z
422,11,20,11.14,standard,2026-07-06T22:17:09Z
422,11,21,11.14,standard,2026-07-06T22:17:09Z
422,11,22,11.14,standard,2026-07-06T22:17:09Z
422,11,23,11.14,standard,2026-07-06T22:17:09Z
422,11,24,11.14,standard,2026-07-06T22:17:09Z
422,11,25,11.14,standard,2026-07-06T22:17:09Z
422,11,26,11.14,standard,2026-07-06T22:17:09Z
422,11,27,11.14,standard,2026-07-06T22:17:09Z
422,11,28,11.14,standard,2026-07-06T22:17:09Z
422,11,29,11.14,standard,2026-07-06T22:17:09Z
422,11,30,11.14,standard,2026-07-06T22:17:09Z
422,11,31,11.14,standard,2026-07-06T22:17:09Z
422,11,32,11.14,standard,2026-07-06T22:17:09Z
422,11,33,11.14,standard,2026-07-06T22:17:09Z
422,12,4,11.14,standard,2026-07-06T22:17:09Z
422,12,5,11.14,standard,2026-07-06T22:17:09Z
422,12,6,11.14,standard,2026-07-06T22:17:09Z
422,12,7,11.14,standard,2026-07-06T22:17:09Z
422,12,8,11.14,standard,2026-07-06T22:17:09Z
422,12,9,11.14,standard,2026-07-06T22:17:09Z
422,12,10,11.14,standard,2026-07-06T22:17:09Z
422,12,11,11.14,standard,2026-07-06T22:17:09Z
422,12,12,11.14,standard,2026-07-06T22:17:09Z
422,12,13,11.14,standard,2026-07-06T22:17:09Z
422,12,14,11.14,standard,2026-07-06T22:17:09Z
422,12,15,11.14,standard,2026-07-06T22:17:09Z
422,12,16,11.14,standard,2026-07-06T22:17:09Z
422,12,17,11.14,standard,2026-07-06T22:17:09Z
422,12,18,11.14,standard,2026-07-06T22:17:09Z
422,12,19,11.14,standard,2026-07-06T22:17:09Z
422,12,20,11.14,standard,2026-07-06T22:17:09Z
422,12,21,11.14,standard,2026-07-06T22:17:09Z
422,12,22,11.14,standard,2026-07-06T22:17:09Z
422,12,23,11.14,standard,2026-07-06T22:17:09Z
422,12,24,11.14,standard,2026-07-06T22:17:09Z
422,12,25,11.14,standard,2026-07-06T22:17:09Z
422,12,26,11.14,standard,2026-07-06T22:17:09Z
422,12,27,11.14,standard,2026-07-06T22:17:09Z
422,12,28,11.14,standard,2026-07-06T22:17:09Z
422,12,29,11.14,standard,2026-07-06T22:17:09Z
422,12,30,11.14,standard,2026-07-06T22:17:09Z
422,12,31,11.14,standard,2026-07-06T22:17:09Z
422,12,32,11.14,standard,2026-07-06T22:17:09Z
422,12,33,11.14,standard,2026-07-06T22:17:09Z
422,12,34,11.14,standard,2026-07-06T22:17:09Z
422,12,35,11.14,standard,2026-07-06T22:17:09Z
423,7,10,11.14,standard,2026-07-06T22:17:09Z
423,7,11,11.14,standard,2026-07-06T22:17:09Z
423,8,3,11.14,standard,2026-07-06T22:17:09Z
423,8,4,11.14,standard,2026-07-06T22:17:09Z
423,8,10,11.14,standard,2026-07-06T22:17:09Z
423,8,11,11.14,standard,2026-07-06T22:17:09Z
423,8,12,11.14,standard,2026-07-06T22:17:09Z
423,8,13,11.14,standard,2026-07-06T22:17:09Z
423,9,2,11.14,standard,2026-07-06T22:17:09Z
423,9,3,11.14,standard,2026-07-06T22:17:09Z
423,9,4,11.14,standard,2026-07-06T22:17:09Z
423,9,5,11.14,standard,2026-07-06T22:17:09Z
423,9,6,11.14,standard,2026-07-06T22:17:09Z
423,9,7,11.14,standard,2026-07-06T22:17:09Z
423,9,8,11.14,standard,2026-07-06T22:17:09Z
423,9,9,11.14,standard,2026-07-06T22:17:09Z
423,9,10,11.14,standard,2026-07-06T22:17:09Z
423,9,11,11.14,standard,2026-07-06T22:17:09Z
423,10,2,11.14,standard,2026-07-06T22:17:09Z
423,10,3,11.14,standard,2026-07-06T22:17:09Z
423,10,4,11.14,standard,2026-07-06T22:17:09Z
423,10,5,11.14,standard,2026-07-06T22:17:09Z
423,10,6,11.14,standard,2026-07-06T22:17:09Z
423,10,10,11.14,standard,2026-07-06T22:17:09Z
423,10,11,11.14,standard,2026-07-06T22:17:09Z
423,10,12,11.14,standard,2026-07-06T22:17:09Z
423,10,13,11.14,standard,2026-07-06T22:17:09Z
423,10,14,11.14,standard,2026-07-06T22:17:09Z
423,10,15,11.14,standard,2026-07-06T22:17:09Z
423,10,16,11.14,standard,2026-07-06T22:17:09Z
423,10,17,11.14,standard,2026-07-06T22:17:09Z
423,11,2,11.14,standard,2026-07-06T22:17:09Z
423,11,3,11.14,standard,2026-07-06T22:17:09Z
423,11,4,11.14,standard,2026-07-06T22:17:09Z
423,11,5,11.14,standard,2026-07-06T22:17:09Z
423,11,6,11.14,standard,2026-07-06T22:17:09Z
423,11,7,11.14,standard,2026-07-06T22:17:09Z
423,11,8,11.14,standard,2026-07-06T22:17:09Z
423,11,9,11.14,standard,2026-07-06T22:17:09Z
423,11,10,11.14,standard,2026-07-06T22:17:09Z
423,11,11,11.14,standard,2026-07-06T22:17:09Z
423,11,12,11.14,standard,2026-07-06T22:17:09Z
423,11,13,11.14,standard,2026-07-06T22:17:09Z
423,11,14,11.14,standard,2026-07-06T22:17:09Z
423,11,15,11.14,standard,2026-07-06T22:17:09Z
423,11,16,11.14,standard,2026-07-06T22:17:09Z
423,11,17,11.14,standard,2026-07-06T22:17:09Z
423,12,6,11.14,standard,2026-07-06T22:17:09Z
423,12,7,11.14,standard,2026-07-06T22:17:09Z
423,12,8,11.14,standard,2026-07-06T22:17:09Z
423,12,9,11.14,standard,2026-07-06T22:17:09Z
423,12,10,11.14,standard,2026-07-06T22:17:09Z
423,12,11,11.14,standard,2026-07-06T22:17:09Z
423,12,12,11.14,standard,2026-07-06T22:17:09Z
423,12,13,11.14,standard,2026-07-06T22:17:09Z
423,12,14,11.14,standard,2026-07-06T22:17:09Z
423,12,15,11.14,standard,2026-07-06T22:17:09Z
423,12,16,11.14,standard,2026-07-06T22:17:09Z
423,12,17,11.14,standard,2026-07-06T22:17:09Z
423,12,18,11.14,standard,2026-07-06T22:17:09Z
423,12,19,11.14,standard,2026-07-06T22:17:09Z
423,12,20,11.14,standard,2026-07-06T22:17:09Z
424,8,8,11.14,standard,2026-07-06T22:17:09Z
424,8,9,11.14,standard,2026-07-06T22:17:09Z
424,9,13,11.14,standard,2026-07-06T22:17:09Z
424,9,14,11.14,standard,2026-07-06T22:17:09Z
424,9,15,11.14,standard,2026-07-06T22:17:09Z
424,9,16,11.14,standard,2026-07-06T22:17:09Z
424,10,7,11.14,standard,2026-07-06T22:17:09Z
424,10,8,11.14,standard,2026-07-06T22:17:09Z
424,10,9,11.14,standard,2026-07-06T22:17:09Z
424,10,10,11.14,standard,2026-07-06T22:17:09Z
424,10,11,11.14,standard,2026-07-06T22:17:09Z
424,10,12,11.14,standard,2026-07-06T22:17:09Z
424,10,13,11.14,standard,2026-07-06T22:17:09Z
424,10,14,11.14,standard,2026-07-06T22:17:09Z
424,10,15,11.14,standard,2026-07-06T22:17:09Z
424,10,16,11.14,standard,2026-07-06T22:17:09Z
424,10,17,11.14,standard,2026-07-06T22:17:09Z
424,10,18,11.14,standard,2026-07-06T22:17:09Z
424,10,19,11.14,standard,2026-07-06T22:17:09Z
424,10,20,11.14,standard,2026-07-06T22:17:09Z
424,10,21,11.14,standard,2026-07-06T22:17:09Z
424,11,4,11.14,standard,2026-07-06T22:17:09Z
424,11,5,11.14,standard,2026-07-06T22:17:09Z
424,11,6,11.14,standard,2026-07-06T22:17:09Z
424,11,7,11.14,standard,2026-07-06T22:17:09Z
424,11,8,11.14,standard,2026-07-06T22:17:09Z
424,11,9,11.14,standard,2026-07-06T22:17:09Z
424,11,10,11.14,standard,2026-07-06T22:17:09Z
424,11,11,11.14,standard,2026-07-06T22:17:09Z
424,11,12,11.14,standard,2026-07-06T22:17:09Z
424,11,13,11.14,standard,2026-07-06T22:17:09Z
424,11,14,11.14,standard,2026-07-06T22:17:09Z
424,11,15,11.14,standard,2026-07-06T22:17:09Z
424,11,16,11.14,standard,2026-07-06T22:17:09Z
424,11,17,11.14,standard,2026-07-06T22:17:09Z
424,11,18,11.14,standard,2026-07-06T22:17:09Z
424,11,19,11.14,standard,2026-07-06T22:17:09Z
424,11,20,11.14,standard,2026-07-06T22:17:09Z
424,12,3,11.14,standard,2026-07-06T22:17:09Z
424,12,4,11.14,standard,2026-07-06T22:17:09Z
424,12,5,11.14,standard,2026-07-06T22:17:09Z
424,12,6,11.14,standard,2026-07-06T22:17:09Z
424,12,7,11.14,standard,2026-07-06T22:17:09Z
424,12,8,11.14,standard,2026-07-06T22:17:09Z
424,12,9,11.14,standard,2026-07-06T22:17:09Z
424,12,10,11.14,standard,2026-07-06T22:17:09Z
424,12,11,11.14,standard,2026-07-06T22:17:09Z
424,12,12,11.14,standard,2026-07-06T22:17:09Z
424,12,13,11.14,standard,2026-07-06T22:17:09Z
424,12,14,11.14,standard,2026-07-06T22:17:09Z
424,12,15,11.14,standard,2026-07-06T22:17:09Z
424,12,16,11.14,standard,2026-07-06T22:17:09Z
424,12,17,11.14,standard,2026-07-06T22:17:09Z
424,12,18,11.14,standard,2026-07-06T22:17:09Z
424,12,19,11.14,standard,2026-07-06T22:17:09Z
424,12,20,11.14,standard,2026-07-06T22:17:09Z
424,12,21,11.14,standard,2026-07-06T22:17:09Z
424,12,22,11.14,standard,2026-07-06T22:17:09Z
424,12,23,11.14,standard,2026-07-06T22:17:09Z
424,12,24,11.14,standard,2026-07-06T22:17:09Z
424,12,25,11.14,standard,2026-07-06T22:17:09Z
424,12,26,11.14,standard,2026-07-06T22:17:09Z
425,3,21,11.14,standard,2026-07-06T22:17:09Z
425,3,22,11.14,standard,2026-07-06T22:17:09Z
425,5,7,11.14,standard,2026-07-06T22:17:09Z
425,6,11,11.14,standard,2026-07-06T22:17:09Z
425,6,12,11.14,standard,2026-07-06T22:17:09Z
425,10,18,11.14,standard,2026-07-06T22:17:09Z
425,10,19,11.14,standard,2026-07-06T22:17:09Z
425,10,20,11.14,standard,2026-07-06T22:17:09Z
425,10,21,11.14,standard,2026-07-06T22:17:09Z
425,10,22,11.14,standard,2026-07-06T22:17:09Z
425,10,23,11.14,standard,2026-07-06T22:17:09Z
425,10,24,11.14,standard,2026-07-06T22:17:09Z
425,10,25,11.14,standard,2026-07-06T22:17:09Z
425,11,19,11.14,standard,2026-07-06T22:17:09Z
425,11,20,11.14,standard,2026-07-06T22:17:09Z
425,11,21,11.14,standard,2026-07-06T22:17:09Z
425,11,22,11.14,standard,2026-07-06T22:17:09Z
425,11,23,11.14,standard,2026-07-06T22:17:09Z
425,11,24,11.14,standard,2026-07-06T22:17:09Z
425,11,25,11.14,standard,2026-07-06T22:17:09Z
425,11,26,11.14,standard,2026-07-06T22:17:09Z
425,12,3,11.14,standard,2026-07-06T22:17:09Z
425,12,4,11.14,standard,2026-07-06T22:17:09Z
425,12,5,11.14,standard,2026-07-06T22:17:09Z
425,12,6,11.14,standard,2026-07-06T22:17:09Z
425,12,7,11.14,standard,2026-07-06T22:17:09Z
425,12,8,11.14,standard,2026-07-06T22:17:09Z
425,12,9,11.14,standard,2026-07-06T22:17:09Z
425,12,10,11.14,standard,2026-07-06T22:17:09Z
425,12,11,11.14,standard,2026-07-06T22:17:09Z
425,12,12,11.14,standard,2026-07-06T22:17:09Z
425,12,13,11.14,standard,2026-07-06T22:17:09Z
425,12,14,11.14,standard,2026-07-06T22:17:09Z
425,12,15,11.14,standard,2026-07-06T22:17:09Z
425,12,16,11.14,standard,2026-07-06T22:17:09Z
425,12,17,11.14,standard,2026-07-06T22:17:09Z
425,12,18,11.14,standard,2026-07-06T22:17:09Z
425,12,19,11.14,standard,2026-07-06T22:17:09Z
425,12,20,11.14,standard,2026-07-06T22:17:09Z
425,12,21,11.14,standard,2026-07-06T22:17:09Z
425,12,22,11.14,standard,2026-07-06T22:17:09Z
425,12,23,11.14,standard,2026-07-06T22:17:09Z
425,12,24,11.14,standard,2026-07-06T22:17:09Z
425,12,25,11.14,standard,2026-07-06T22:17:09Z
425,12,26,11.14,standard,2026-07-06T22:17:09Z
425,12,27,11.14,standard,2026-07-06T22:17:09Z
425,12,28,11.14,standard,2026-07-06T22:17:09Z
425,12,29,11.14,standard,2026-07-06T22:17:09Z
426,6,7,11.14,standard,2026-07-06T22:17:09Z
426,6,8,11.14,standard,2026-07-06T22:17:09Z
426,6,11,11.14,standard,2026-07-06T22:17:09Z
426,6,12,11.14,standard,2026-07-06T22:17:09Z
426,7,9,11.14,standard,2026-07-06T22:17:09Z
426,7,10,11.14,standard,2026-07-06T22:17:09Z
426,7,11,11.14,standard,2026-07-06T22:17:09Z
426,10,8,11.14,standard,2026-07-06T22:17:09Z
426,10,9,11.14,standard,2026-07-06T22:17:09Z
426,10,22,11.14,standard,2026-07-06T22:17:09Z
426,10,23,11.14,standard,2026-07-06T22:17:09Z
426,11,6,11.14,standard,2026-07-06T22:17:09Z
426,11,7,11.14,standard,2026-07-06T22:17:09Z
426,12,3,11.14,standard,2026-07-06T22:17:09Z
426,12,4,11.14,standard,2026-07-06T22:17:09Z
426,12,12,11.14,standard,2026-07-06T22:17:09Z
426,12,13,11.14,standard,2026-07-06T22:17:09Z
426,12,14,11.14,standard,2026-07-06T22:17:09Z
426,12,15,11.14,standard,2026-07-06T22:17:09Z
426,12,16,11.14,standard,2026-07-06T22:17:09Z
426,12,17,11.14,standard,2026-07-06T22:17:09Z
426,12,22,11.14,standard,2026-07-06T22:17:09Z
426,12,23,11.14,standard,2026-07-06T22:17:09Z
426,12,24,11.14,standard,2026-07-06T22:17:09Z
426,12,25,11.14,standard,2026-07-06T22:17:09Z
427,5,5,11.14,standard,2026-07-06T22:17:09Z
427,5,6,11.14,standard,2026-07-06T22:17:09Z
427,5,7,11.14,standard,2026-07-06T22:17:09Z
427,5,14,11.14,standard,2026-07-06T22:17:09Z
427,5,15,11.14,standard,2026-07-06T22:17:09Z
427,7,17,11.14,standard,2026-07-06T22:17:09Z
427,7,18,11.14,standard,2026-07-06T22:17:09Z
427,8,7,11.14,standard,2026-07-06T22:17:09Z
427,8,8,11.14,standard,2026-07-06T22:17:09Z
427,10,19,11.14,standard,2026-07-06T22:17:09Z
427,10,20,11.14,standard,2026-07-06T22:17:09Z
427,10,21,11.14,standard,2026-07-06T22:17:09Z
427,10,22,11.14,standard,2026-07-06T22:17:09Z
427,11,10,11.14,standard,2026-07-06T22:17:09Z
427,11,11,11.14,standard,2026-07-06T22:17:09Z
427,11,12,11.14,standard,2026-07-06T22:17:09Z
427,11,13,11.14,standard,2026-07-06T22:17:09Z
427,11,14,11.14,standard,2026-07-06T22:17:09Z
427,11,15,11.14,standard,2026-07-06T22:17:09Z
427,11,16,11.14,standard,2026-07-06T22:17:09Z
427,11,17,11.14,standard,2026-07-06T22:17:09Z
427,11,18,11.14,standard,2026-07-06T22:17:09Z
427,11,19,11.14,standard,2026-07-06T22:17:09Z
427,11,20,11.14,standard,2026-07-06T22:17:09Z
427,11,21,11.14,standard,2026-07-06T22:17:09Z
427,11,22,11.14,standard,2026-07-06T22:17:09Z
427,11,23,11.14,standard,2026-07-06T22:17:09Z
427,11,24,11.14,standard,2026-07-06T22:17:09Z
427,11,25,11.14,standard,2026-07-06T22:17:09Z
427,11,26,11.14,standard,2026-07-06T22:17:09Z
427,11,27,11.14,standard,2026-07-06T22:17:09Z
427,12,11,11.14,standard,2026-07-06T22:17:09Z
427,12,12,11.14,standard,2026-07-06T22:17:09Z
427,12,13,11.14,standard,2026-07-06T22:17:09Z
427,12,14,11.14,standard,2026-07-06T22:17:09Z
427,12,15,11.14,standard,2026-07-06T22:17:09Z
427,12,16,11.14,standard,2026-07-06T22:17:09Z
427,12,17,11.14,standard,2026-07-06T22:17:09Z
427,12,18,11.14,standard,2026-07-06T22:17:09Z
427,12,19,11.14,standard,2026-07-06T22:17:09Z
427,12,20,11.14,standard,2026-07-06T22:17:09Z
427,12,21,11.14,standard,2026-07-06T22:17:09Z
427,12,22,11.14,standard,2026-07-06T22:17:09Z
427,12,23,11.14,standard,2026-07-06T22:17:09Z
427,12,24,11.14,standard,2026-07-06T22:17:09Z
427,12,25,11.14,standard,2026-07-06T22:17:09Z
427,12,26,11.14,standard,2026-07-06T22:17:09Z
427,12,27,11.14,standard,2026-07-06T22:17:09Z
427,12,28,11.14,standard,2026-07-06T22:17:09Z
427,12,29,11.14,standard,2026-07-06T22:17:09Z
427,12,30,11.14,standard,2026-07-06T22:17:09Z
428,7,12,11.14,standard,2026-07-06T22:17:09Z
428,7,13,11.14,standard,2026-07-06T22:17:09Z
428,7,14,11.14,standard,2026-07-06T22:17:09Z
428,8,9,11.14,standard,2026-07-06T22:17:09Z
428,8,10,11.14,standard,2026-07-06T22:17:09Z
428,8,11,11.14,standard,2026-07-06T22:17:09Z
428,8,12,11.14,standard,2026-07-06T22:17:09Z
428,8,13,11.14,standard,2026-07-06T22:17:09Z
428,8,14,11.14,standard,2026-07-06T22:17:09Z
428,9,6,11.14,standard,2026-07-06T22:17:09Z
428,9,7,11.14,standard,2026-07-06T22:17:09Z
428,9,8,11.14,standard,2026-07-06T22:17:09Z
428,10,5,11.14,standard,2026-07-06T22:17:09Z
428,10,6,11.14,standard,2026-07-06T22:17:09Z
428,10,7,11.14,standard,2026-07-06T22:17:09Z
428,10,8,11.14,standard,2026-07-06T22:17:09Z
428,10,9,11.14,standard,2026-07-06T22:17:09Z
428,10,10,11.14,standard,2026-07-06T22:17:09Z
428,10,11,11.14,standard,2026-07-06T22:17:09Z
428,11,3,11.14,standard,2026-07-06T22:17:09Z
428,11,4,11.14,standard,2026-07-06T22:17:09Z
428,11,5,11.14,standard,2026-07-06T22:17:09Z
428,11,6,11.14,standard,2026-07-06T22:17:09Z
428,11,7,11.14,standard,2026-07-06T22:17:09Z
428,11,8,11.14,standard,2026-07-06T22:17:09Z
428,11,9,11.14,standard,2026-07-06T22:17:09Z
428,11,10,11.14,standard,2026-07-06T22:17:09Z
428,11,11,11.14,standard,2026-07-06T22:17:09Z
428,11,12,11.14,standard,2026-07-06T22:17:09Z
428,11,13,11.14,standard,2026-07-06T22:17:09Z
428,11,14,11.14,standard,2026-07-06T22:17:09Z
428,11,15,11.14,standard,2026-07-06T22:17:09Z
428,11,16,11.14,standard,2026-07-06T22:17:09Z
428,11,17,11.14,standard,2026-07-06T22:17:09Z
428,11,18,11.14,standard,2026-07-06T22:17:09Z
428,11,19,11.14,standard,2026-07-06T22:17:09Z
428,11,20,11.14,standard,2026-07-06T22:17:09Z
428,11,21,11.14,standard,2026-07-06T22:17:09Z
428,11,22,11.14,standard,2026-07-06T22:17:09Z
428,11,23,11.14,standard,2026-07-06T22:17:09Z
428,12,3,11.14,standard,2026-07-06T22:17:09Z
428,12,4,11.14,standard,2026-07-06T22:17:09Z
428,12,5,11.14,standard,2026-07-06T22:17:09Z
428,12,6,11.14,standard,2026-07-06T22:17:09Z
428,12,7,11.14,standard,2026-07-06T22:17:09Z
428,12,8,11.14,standard,2026-07-06T22:17:09Z
428,12,9,11.14,standard,2026-07-06T22:17:09Z
428,12,10,11.14,standard,2026-07-06T22:17:09Z
428,12,11,11.14,standard,2026-07-06T22:17:09Z
428,12,12,11.14,standard,2026-07-06T22:17:09Z
428,12,13,11.14,standard,2026-07-06T22:17:09Z
428,12,14,11.14,standard,2026-07-06T22:17:09Z
428,12,15,11.14,standard,2026-07-06T22:17:09Z
428,12,16,11.14,standard,2026-07-06T22:17:09Z
428,12,17,11.14,standard,2026-07-06T22:17:09Z
428,12,18,11.14,standard,2026-07-06T22:17:09Z
428,12,19,11.14,standard,2026-07-06T22:17:09Z
428,12,20,11.14,standard,2026-07-06T22:17:09Z
428,12,21,11.14,standard,2026-07-06T22:17:09Z
428,12,22,11.14,standard,2026-07-06T22:17:09Z
428,12,23,11.14,standard,2026-07-06T22:17:09Z
428,12,24,11.14,standard,2026-07-06T22:17:09Z
428,12,25,11.14,standard,2026-07-06T22:17:09Z
429,3,3,11.14,standard,2026-07-06T22:17:09Z
429,3,4,11.14,standard,2026-07-06T22:17:09Z
429,4,7,11.14,standard,2026-07-06T22:17:09Z
429,4,8,11.14,standard,2026-07-06T22:17:09Z
429,4,9,11.14,standard,2026-07-06T22:17:09Z
429,7,8,11.14,standard,2026-07-06T22:17:09Z
429,7,9,11.14,standard,2026-07-06T22:17:09Z
429,7,10,11.14,standard,2026-07-06T22:17:09Z
429,8,3,11.14,standard,2026-07-06T22:17:09Z
429,8,4,11.14,standard,2026-07-06T22:17:09Z
429,8,5,11.14,standard,2026-07-06T22:17:09Z
429,8,6,11.14,standard,2026-07-06T22:17:09Z
429,8,7,11.14,standard,2026-07-06T22:17:09Z
429,8,8,11.14,standard,2026-07-06T22:17:09Z
429,8,9,11.14,standard,2026-07-06T22:17:09Z
429,8,10,11.14,standard,2026-07-06T22:17:09Z
429,9,3,11.14,standard,2026-07-06T22:17:09Z
429,9,4,11.14,standard,2026-07-06T22:17:09Z
429,9,5,11.14,standard,2026-07-06T22:17:09Z
429,9,8,11.14,standard,2026-07-06T22:17:09Z
429,9,9,11.14,standard,2026-07-06T22:17:09Z
429,9,10,11.14,standard,2026-07-06T22:17:09Z
429,9,11,11.14,standard,2026-07-06T22:17:09Z
429,9,12,11.14,standard,2026-07-06T22:17:09Z
429,9,13,11.14,standard,2026-07-06T22:17:09Z
429,10,2,11.14,standard,2026-07-06T22:17:09Z
429,10,7,11.14,standard,2026-07-06T22:17:09Z
429,10,10,11.14,standard,2026-07-06T22:17:09Z
429,10,11,11.14,standard,2026-07-06T22:17:09Z
429,10,12,11.14,standard,2026-07-06T22:17:09Z
429,10,13,11.14,standard,2026-07-06T22:17:09Z
429,10,14,11.14,standard,2026-07-06T22:17:09Z
429,10,15,11.14,standard,2026-07-06T22:17:09Z
429,11,2,11.14,standard,2026-07-06T22:17:09Z
429,11,3,11.14,standard,2026-07-06T22:17:09Z
429,11,4,11.14,standard,2026-07-06T22:17:09Z
429,11,5,11.14,standard,2026-07-06T22:17:09Z
429,11,6,11.14,standard,2026-07-06T22:17:09Z
429,11,7,11.14,standard,2026-07-06T22:17:09Z
429,11,8,11.14,standard,2026-07-06T22:17:09Z
429,11,9,11.14,standard,2026-07-06T22:17:09Z
429,11,10,11.14,standard,2026-07-06T22:17:09Z
429,11,11,11.14,standard,2026-07-06T22:17:09Z
429,11,12,11.14,standard,2026-07-06T22:17:09Z
429,11,13,11.14,standard,2026-07-06T22:17:09Z
429,11,14,11.14,standard,2026-07-06T22:17:09Z
429,11,15,11.14,standard,2026-07-06T22:17:09Z
429,11,16,11.14,standard,2026-07-06T22:17:09Z
429,11,17,11.14,standard,2026-07-06T22:17:09Z
429,12,3,11.14,standard,2026-07-06T22:17:09Z
429,12,4,11.14,standard,2026-07-06T22:17:09Z
429,12,5,11.14,standard,2026-07-06T22:17:09Z
429,12,6,11.14,standard,2026-07-06T22:17:09Z
429,12,7,11.14,standard,2026-07-06T22:17:09Z
429,12,8,11.14,standard,2026-07-06T22:17:09Z
429,12,9,11.14,standard,2026-07-06T22:17:09Z
429,12,10,11.14,standard,2026-07-06T22:17:09Z
429,12,11,11.14,standard,2026-07-06T22:17:09Z
429,12,12,11.14,standard,2026-07-06T22:17:09Z
429,12,13,11.14,standard,2026-07-06T22:17:09Z
429,12,14,11.14,standard,2026-07-06T22:17:09Z
429,12,15,11.14,standard,2026-07-06T22:17:09Z
429,12,16,11.14,standard,2026-07-06T22:17:09Z
429,12,17,11.14,standard,2026-07-06T22:17:09Z
429,12,18,11.14,standard,2026-07-06T22:17:09Z
429,12,19,11.14,standard,2026-07-06T22:17:09Z
429,12,20,11.14,standard,2026-07-06T22:17:09Z
430,2,7,11.14,standard,2026-07-06T22:17:09Z
430,2,8,11.14,standard,2026-07-06T22:17:09Z
430,3,7,11.14,standard,2026-07-06T22:17:09Z
430,3,8,11.14,standard,2026-07-06T22:17:09Z
430,3,13,11.14,standard,2026-07-06T22:17:09Z
430,3,14,11.14,standard,2026-07-06T22:17:09Z
430,3,15,11.14,standard,2026-07-06T22:17:09Z
430,3,16,11.14,standard,2026-07-06T22:17:09Z
430,3,17,11.14,standard,2026-07-06T22:17:09Z
430,3,22,11.14,standard,2026-07-06T22:17:09Z
430,3,23,11.14,standard,2026-07-06T22:17:09Z
430,4,1,11.14,standard,2026-07-06T22:17:09Z
430,4,2,11.14,standard,2026-07-06T22:17:09Z
430,4,15,11.14,standard,2026-07-06T22:17:09Z
430,4,18,11.14,standard,2026-07-06T22:17:09Z
430,4,19,11.14,standard,2026-07-06T22:17:09Z
430,4,22,11.14,standard,2026-07-06T22:17:09Z
430,4,23,11.14,standard,2026-07-06T22:17:09Z
430,5,5,11.14,standard,2026-07-06T22:17:09Z
430,5,6,11.14,standard,2026-07-06T22:17:09Z
430,5,13,11.14,standard,2026-07-06T22:17:09Z
430,5,14,11.14,standard,2026-07-06T22:17:09Z
430,5,15,11.14,standard,2026-07-06T22:17:09Z
430,5,16,11.14,standard,2026-07-06T22:17:09Z
430,5,17,11.14,standard,2026-07-06T22:17:09Z
430,5,22,11.14,standard,2026-07-06T22:17:09Z
430,5,23,11.14,standard,2026-07-06T22:17:09Z
430,5,24,11.14,standard,2026-07-06T22:17:09Z
430,5,25,11.14,standard,2026-07-06T22:17:09Z
430,6,5,11.14,standard,2026-07-06T22:17:09Z
430,6,6,11.14,standard,2026-07-06T22:17:09Z
430,6,9,11.14,standard,2026-07-06T22:17:09Z
430,6,10,11.14,standard,2026-07-06T22:17:09Z
430,6,11,11.14,standard,2026-07-06T22:17:09Z
430,6,12,11.14,standard,2026-07-06T22:17:09Z
430,6,13,11.14,standard,2026-07-06T22:17:09Z
430,6,14,11.14,standard,2026-07-06T22:17:09Z
430,6,15,11.14,standard,2026-07-06T22:17:09Z
430,6,16,11.14,standard,2026-07-06T22:17:09Z
430,6,17,11.14,standard,2026-07-06T22:17:09Z
430,6,22,11.14,standard,2026-07-06T22:17:09Z
430,6,23,11.14,standard,2026-07-06T22:17:09Z
430,7,7,11.14,standard,2026-07-06T22:17:09Z
430,7,8,11.14,standard,2026-07-06T22:17:09Z
430,7,9,11.14,standard,2026-07-06T22:17:09Z
430,7,10,11.14,standard,2026-07-06T22:17:09Z
430,7,11,11.14,standard,2026-07-06T22:17:09Z
430,7,15,11.14,standard,2026-07-06T22:17:09Z
430,7,16,11.14,standard,2026-07-06T22:17:09Z
430,7,17,11.14,standard,2026-07-06T22:17:09Z
430,7,18,11.14,standard,2026-07-06T22:17:09Z
430,7,19,11.14,standard,2026-07-06T22:17:09Z
430,7,21,11.14,standard,2026-07-06T22:17:09Z
430,7,22,11.14,standard,2026-07-06T22:17:09Z
430,7,23,11.14,standard,2026-07-06T22:17:09Z
430,8,7,11.14,standard,2026-07-06T22:17:09Z
430,8,8,11.14,standard,2026-07-06T22:17:09Z
430,8,11,11.14,standard,2026-07-06T22:17:09Z
430,8,12,11.14,standard,2026-07-06T22:17:09Z
430,8,13,11.14,standard,2026-07-06T22:17:09Z
430,8,14,11.14,standard,2026-07-06T22:17:09Z
430,8,15,11.14,standard,2026-07-06T22:17:09Z
430,8,16,11.14,standard,2026-07-06T22:17:09Z
430,8,17,11.14,standard,2026-07-06T22:17:09Z
430,8,18,11.14,standard,2026-07-06T22:17:09Z
430,8,19,11.14,standard,2026-07-06T22:17:09Z
430,8,20,11.14,standard,2026-07-06T22:17:09Z
430,8,21,11.14,standard,2026-07-06T22:17:09Z
430,8,22,11.14,standard,2026-07-06T22:17:09Z
430,8,23,11.14,standard,2026-07-06T22:17:09Z
430,8,24,11.14,standard,2026-07-06T22:17:09Z
430,9,5,11.14,standard,2026-07-06T22:17:09Z
430,9,6,11.14,standard,2026-07-06T22:17:09Z
430,9,7,11.14,standard,2026-07-06T22:17:09Z
430,9,8,11.14,standard,2026-07-06T22:17:09Z
430,9,9,11.14,standard,2026-07-06T22:17:09Z
430,9,10,11.14,standard,2026-07-06T22:17:09Z
430,9,11,11.14,standard,2026-07-06T22:17:09Z
430,9,12,11.14,standard,2026-07-06T22:17:09Z
430,9,13,11.14,standard,2026-07-06T22:17:09Z
430,9,14,11.14,standard,2026-07-06T22:17:09Z
430,9,15,11.14,standard,2026-07-06T22:17:09Z
430,9,16,11.14,standard,2026-07-06T22:17:09Z
430,9,17,11.14,standard,2026-07-06T22:17:09Z
430,9,18,11.14,standard,2026-07-06T22:17:09Z
430,9,19,11.14,standard,2026-07-06T22:17:09Z
430,9,20,11.14,standard,2026-07-06T22:17:09Z
430,9,21,11.14,standard,2026-07-06T22:17:09Z
430,9,22,11.14,standard,2026-07-06T22:17:09Z
430,9,23,11.14,standard,2026-07-06T22:17:09Z
430,9,24,11.14,standard,2026-07-06T22:17:09Z
430,9,25,11.14,standard,2026-07-06T22:17:09Z
430,9,26,11.14,standard,2026-07-06T22:17:09Z
430,9,27,11.14,standard,2026-07-06T22:17:09Z
430,9,28,11.14,standard,2026-07-06T22:17:09Z
430,9,29,11.14,standard,2026-07-06T22:17:09Z
430,9,30,11.14,standard,2026-07-06T22:17:09Z
430,9,31,11.14,standard,2026-07-06T22:17:09Z
430,9,32,11.14,standard,2026-07-06T22:17:09Z
430,10,3,11.14,standard,2026-07-06T22:17:09Z
430,10,4,11.14,standard,2026-07-06T22:17:09Z
430,10,5,11.14,standard,2026-07-06T22:17:09Z
430,10,6,11.14,standard,2026-07-06T22:17:09Z
430,10,7,11.14,standard,2026-07-06T22:17:09Z
430,10,8,11.14,standard,2026-07-06T22:17:09Z
430,10,9,11.14,standard,2026-07-06T22:17:09Z
430,10,10,11.14,standard,2026-07-06T22:17:09Z
430,10,11,11.14,standard,2026-07-06T22:17:09Z
430,10,12,11.14,standard,2026-07-06T22:17:09Z
430,10,13,11.14,standard,2026-07-06T22:17:09Z
430,10,14,11.14,standard,2026-07-06T22:17:09Z
430,10,15,11.14,standard,2026-07-06T22:17:09Z
430,10,16,11.14,standard,2026-07-06T22:17:09Z
430,10,17,11.14,standard,2026-07-06T22:17:09Z
430,10,18,11.14,standard,2026-07-06T22:17:09Z
430,10,19,11.14,standard,2026-07-06T22:17:09Z
430,10,20,11.14,standard,2026-07-06T22:17:09Z
430,10,21,11.14,standard,2026-07-06T22:17:09Z
430,10,22,11.14,standard,2026-07-06T22:17:09Z
430,10,23,11.14,standard,2026-07-06T22:17:09Z
430,10,24,11.14,standard,2026-07-06T22:17:09Z
430,11,9,11.14,standard,2026-07-06T22:17:09Z
430,11,10,11.14,standard,2026-07-06T22:17:09Z
430,11,11,11.14,standard,2026-07-06T22:17:09Z
430,11,12,11.14,standard,2026-07-06T22:17:09Z
430,11,13,11.14,standard,2026-07-06T22:17:09Z
430,11,14,11.14,standard,2026-07-06T22:17:09Z
430,11,15,11.14,standard,2026-07-06T22:17:09Z
430,11,16,11.14,standard,2026-07-06T22:17:09Z
430,11,17,11.14,standard,2026-07-06T22:17:09Z
430,11,18,11.14,standard,2026-07-06T22:17:09Z
430,11,19,11.14,standard,2026-07-06T22:17:09Z
430,11,20,11.14,standard,2026-07-06T22:17:09Z
430,11,21,11.14,standard,2026-07-06T22:17:09Z
430,11,22,11.14,standard,2026-07-06T22:17:09Z
430,11,23,11.14,standard,2026-07-06T22:17:09Z
430,11,24,11.14,standard,2026-07-06T22:17:09Z
430,11,25,11.14,standard,2026-07-06T22:17:09Z
430,11,26,11.14,standard,2026-07-06T22:17:09Z
430,11,27,11.14,standard,2026-07-06T22:17:09Z
430,11,28,11.14,standard,2026-07-06T22:17:09Z
430,11,29,11.14,standard,2026-07-06T22:17:09Z
430,11,30,11.14,standard,2026-07-06T22:17:09Z
430,11,31,11.14,standard,2026-07-06T22:17:09Z
430,11,32,11.14,standard,2026-07-06T22:17:09Z
430,12,4,11.14,standard,2026-07-06T22:17:09Z
430,12,5,11.14,standard,2026-07-06T22:17:09Z
430,12,6,11.14,standard,2026-07-06T22:17:09Z
430,12,7,11.14,standard,2026-07-06T22:17:09Z
430,12,8,11.14,standard,2026-07-06T22:17:09Z
430,12,9,11.14,standard,2026-07-06T22:17:09Z
430,12,10,11.14,standard,2026-07-06T22:17:09Z
430,12,11,11.14,standard,2026-07-06T22:17:09Z
430,12,12,11.14,standard,2026-07-06T22:17:09Z
430,12,13,11.14,standard,2026-07-06T22:17:09Z
430,12,14,11.14,standard,2026-07-06T22:17:09Z
430,12,15,11.14,standard,2026-07-06T22:17:09Z
430,12,16,11.14,standard,2026-07-06T22:17:09Z
430,12,17,11.14,standard,2026-07-06T22:17:09Z
430,12,18,11.14,standard,2026-07-06T22:17:09Z
430,12,19,11.14,standard,2026-07-06T22:17:09Z
430,12,20,11.14,standard,2026-07-06T22:17:09Z
430,12,21,11.14,standard,2026-07-06T22:17:09Z
430,12,22,11.14,standard,2026-07-06T22:17:09Z
430,12,23,11.14,standard,2026-07-06T22:17:09Z
430,12,24,11.14,standard,2026-07-06T22:17:09Z
430,12,25,11.14,standard,2026-07-06T22:17:09Z
430,12,26,11.14,standard,2026-07-06T22:17:09Z
430,12,27,11.14,standard,2026-07-06T22:17:09Z
430,12,28,11.14,standard,2026-07-06T22:17:09Z
430,12,29,11.14,standard,2026-07-06T22:17:09Z
430,12,30,11.14,standard,2026-07-06T22:17:09Z
430,12,31,11.14,standard,2026-07-06T22:17:09Z
430,12,32,11.14,standard,2026-07-06T22:17:09Z
430,12,33,11.14,standard,2026-07-06T22:17:09Z
430,12,34,11.14,standard,2026-07-06T22:17:09Z
430,12,35,11.14,standard,2026-07-06T22:17:09Z
431,2,12,11.14,standard,2026-07-06T22:17:09Z
431,2,13,11.14,standard,2026-07-06T22:17:09Z
431,3,16,11.14,standard,2026-07-06T22:17:09Z
431,3,17,11.14,standard,2026-07-06T22:17:09Z
431,4,13,11.14,standard,2026-07-06T22:17:09Z
431,4,14,11.14,standard,2026-07-06T22:17:09Z
431,4,15,11.14,standard,2026-07-06T22:17:09Z
431,4,16,11.14,standard,2026-07-06T22:17:09Z
431,4,17,11.14,standard,2026-07-06T22:17:09Z
431,5,7,11.14,standard,2026-07-06T22:17:09Z
431,5,8,11.14,standard,2026-07-06T22:17:09Z
431,5,9,11.14,standard,2026-07-06T22:17:09Z
431,5,10,11.14,standard,2026-07-06T22:17:09Z
431,5,11,11.14,standard,2026-07-06T22:17:09Z
431,5,12,11.14,standard,2026-07-06T22:17:09Z
431,5,13,11.14,standard,2026-07-06T22:17:09Z
431,5,14,11.14,standard,2026-07-06T22:17:09Z
431,5,15,11.14,standard,2026-07-06T22:17:09Z
431,5,17,11.14,standard,2026-07-06T22:17:09Z
431,5,18,11.14,standard,2026-07-06T22:17:09Z
431,5,19,11.14,standard,2026-07-06T22:17:09Z
431,6,4,11.14,standard,2026-07-06T22:17:09Z
431,6,5,11.14,standard,2026-07-06T22:17:09Z
431,6,6,11.14,standard,2026-07-06T22:17:09Z
431,7,11,11.14,standard,2026-07-06T22:17:09Z
431,7,12,11.14,standard,2026-07-06T22:17:09Z
431,7,13,11.14,standard,2026-07-06T22:17:09Z
431,7,14,11.14,standard,2026-07-06T22:17:09Z
431,7,15,11.14,standard,2026-07-06T22:17:09Z
431,7,16,11.14,standard,2026-07-06T22:17:09Z
431,7,17,11.14,standard,2026-07-06T22:17:09Z
431,7,18,11.14,standard,2026-07-06T22:17:09Z
431,7,19,11.14,standard,2026-07-06T22:17:09Z
431,8,3,11.14,standard,2026-07-06T22:17:09Z
431,8,4,11.14,standard,2026-07-06T22:17:09Z
431,8,9,11.14,standard,2026-07-06T22:17:09Z
431,8,10,11.14,standard,2026-07-06T22:17:09Z
431,8,11,11.14,standard,2026-07-06T22:17:09Z
431,8,12,11.14,standard,2026-07-06T22:17:09Z
431,8,13,11.14,standard,2026-07-06T22:17:09Z
431,8,15,11.14,standard,2026-07-06T22:17:09Z
431,8,16,11.14,standard,2026-07-06T22:17:09Z
431,8,17,11.14,standard,2026-07-06T22:17:09Z
431,8,18,11.14,standard,2026-07-06T22:17:09Z
431,8,19,11.14,standard,2026-07-06T22:17:09Z
431,8,20,11.14,standard,2026-07-06T22:17:09Z
431,8,21,11.14,standard,2026-07-06T22:17:09Z
431,8,22,11.14,standard,2026-07-06T22:17:09Z
431,9,11,11.14,standard,2026-07-06T22:17:09Z
431,9,12,11.14,standard,2026-07-06T22:17:09Z
431,9,13,11.14,standard,2026-07-06T22:17:09Z
431,9,14,11.14,standard,2026-07-06T22:17:09Z
431,9,15,11.14,standard,2026-07-06T22:17:09Z
431,9,16,11.14,standard,2026-07-06T22:17:09Z
431,9,17,11.14,standard,2026-07-06T22:17:09Z
431,9,18,11.14,standard,2026-07-06T22:17:09Z
431,9,19,11.14,standard,2026-07-06T22:17:09Z
431,9,20,11.14,standard,2026-07-06T22:17:09Z
431,9,21,11.14,standard,2026-07-06T22:17:09Z
431,9,22,11.14,standard,2026-07-06T22:17:09Z
431,9,23,11.14,standard,2026-07-06T22:17:09Z
431,9,24,11.14,standard,2026-07-06T22:17:09Z
431,10,11,11.14,standard,2026-07-06T22:17:09Z
431,10,12,11.14,standard,2026-07-06T22:17:09Z
431,10,13,11.14,standard,2026-07-06T22:17:09Z
431,10,14,11.14,standard,2026-07-06T22:17:09Z
431,10,15,11.14,standard,2026-07-06T22:17:09Z
431,10,16,11.14,standard,2026-07-06T22:17:09Z
431,11,9,11.14,standard,2026-07-06T22:17:09Z
431,11,10,11.14,standard,2026-07-06T22:17:09Z
431,11,11,11.14,standard,2026-07-06T22:17:09Z
431,11,12,11.14,standard,2026-07-06T22:17:09Z
431,11,13,11.14,standard,2026-07-06T22:17:09Z
431,11,14,11.14,standard,2026-07-06T22:17:09Z
431,11,15,11.14,standard,2026-07-06T22:17:09Z
431,11,16,11.14,standard,2026-07-06T22:17:09Z
431,11,17,11.14,standard,2026-07-06T22:17:09Z
431,11,18,11.14,standard,2026-07-06T22:17:09Z
431,11,19,11.14,standard,2026-07-06T22:17:09Z
431,11,20,11.14,standard,2026-07-06T22:17:09Z
431,11,21,11.14,standard,2026-07-06T22:17:09Z
431,11,22,11.14,standard,2026-07-06T22:17:09Z
431,11,23,11.14,standard,2026-07-06T22:17:09Z
431,11,24,11.14,standard,2026-07-06T22:17:09Z
431,12,3,11.14,standard,2026-07-06T22:17:09Z
431,12,4,11.14,standard,2026-07-06T22:17:09Z
431,12,5,11.14,standard,2026-07-06T22:17:09Z
431,12,6,11.14,standard,2026-07-06T22:17:09Z
431,12,7,11.14,standard,2026-07-06T22:17:09Z
431,12,8,11.14,standard,2026-07-06T22:17:09Z
431,12,9,11.14,standard,2026-07-06T22:17:09Z
431,12,10,11.14,standard,2026-07-06T22:17:09Z
431,12,11,11.14,standard,2026-07-06T22:17:09Z
431,12,12,11.14,standard,2026-07-06T22:17:09Z
431,12,13,11.14,standard,2026-07-06T22:17:09Z
431,12,14,11.14,standard,2026-07-06T22:17:09Z
431,12,15,11.14,standard,2026-07-06T22:17:09Z
431,12,16,11.14,standard,2026-07-06T22:17:09Z
431,12,17,11.14,standard,2026-07-06T22:17:09Z
431,12,18,11.14,standard,2026-07-06T22:17:09Z
431,12,19,11.14,standard,2026-07-06T22:17:09Z
431,12,20,11.14,standard,2026-07-06T22:17:09Z
431,12,21,11.14,standard,2026-07-06T22:17:09Z
431,12,22,11.14,standard,2026-07-06T22:17:09Z
431,12,23,11.14,standard,2026-07-06T22:17:09Z
431,12,24,11.14,standard,2026-07-06T22:17:09Z
431,12,25,11.14,standard,2026-07-06T22:17:09Z
431,12,26,11.14,standard,2026-07-06T22:17:09Z
433,2,8,11.14,standard,2026-07-06T22:17:09Z
433,2,9,11.14,standard,2026-07-06T22:17:09Z
433,4,10,11.14,standard,2026-07-06T22:17:09Z
433,4,11,11.14,standard,2026-07-06T22:17:09Z
433,4,14,11.14,standard,2026-07-06T22:17:09Z
433,4,15,11.14,standard,2026-07-06T22:17:09Z
433,4,16,11.14,standard,2026-07-06T22:17:09Z
433,4,17,11.14,standard,2026-07-06T22:17:09Z
433,5,7,11.14,standard,2026-07-06T22:17:09Z
433,5,8,11.14,standard,2026-07-06T22:17:09Z
433,5,9,11.14,standard,2026-07-06T22:17:09Z
433,5,10,11.14,standard,2026-07-06T22:17:09Z
433,5,15,11.14,standard,2026-07-06T22:17:09Z
433,5,16,11.14,standard,2026-07-06T22:17:09Z
433,5,17,11.14,standard,2026-07-06T22:17:09Z
433,6,10,11.14,standard,2026-07-06T22:17:09Z
433,6,11,11.14,standard,2026-07-06T22:17:09Z
433,6,12,11.14,standard,2026-07-06T22:17:09Z
433,6,13,11.14,standard,2026-07-06T22:17:09Z
433,6,16,11.14,standard,2026-07-06T22:17:09Z
433,6,17,11.14,standard,2026-07-06T22:17:09Z
433,6,18,11.14,standard,2026-07-06T22:17:09Z
433,6,19,11.14,standard,2026-07-06T22:17:09Z
433,7,1,11.14,standard,2026-07-06T22:17:09Z
433,7,2,11.14,standard,2026-07-06T22:17:09Z
433,7,3,11.14,standard,2026-07-06T22:17:09Z
433,7,4,11.14,standard,2026-07-06T22:17:09Z
433,7,5,11.14,standard,2026-07-06T22:17:09Z
433,7,6,11.14,standard,2026-07-06T22:17:09Z
433,7,7,11.14,standard,2026-07-06T22:17:09Z
433,7,8,11.14,standard,2026-07-06T22:17:09Z
433,7,9,11.14,standard,2026-07-06T22:17:09Z
433,7,10,11.14,standard,2026-07-06T22:17:09Z
433,7,11,11.14,standard,2026-07-06T22:17:09Z
433,7,12,11.14,standard,2026-07-06T22:17:09Z
433,7,13,11.14,standard,2026-07-06T22:17:09Z
433,7,14,11.14,standard,2026-07-06T22:17:09Z
433,7,15,11.14,standard,2026-07-06T22:17:09Z
433,7,18,11.14,standard,2026-07-06T22:17:09Z
433,7,19,11.14,standard,2026-07-06T22:17:09Z
433,8,1,11.14,standard,2026-07-06T22:17:09Z
433,8,2,11.14,standard,2026-07-06T22:17:09Z
433,8,3,11.14,standard,2026-07-06T22:17:09Z
433,8,4,11.14,standard,2026-07-06T22:17:09Z
433,8,5,11.14,standard,2026-07-06T22:17:09Z
433,8,6,11.14,standard,2026-07-06T22:17:09Z
433,8,7,11.14,standard,2026-07-06T22:17:09Z
433,8,8,11.14,standard,2026-07-06T22:17:09Z
433,8,9,11.14,standard,2026-07-06T22:17:09Z
433,8,10,11.14,standard,2026-07-06T22:17:09Z
433,8,11,11.14,standard,2026-07-06T22:17:09Z
433,8,12,11.14,standard,2026-07-06T22:17:09Z
433,8,13,11.14,standard,2026-07-06T22:17:09Z
433,8,14,11.14,standard,2026-07-06T22:17:09Z
433,8,15,11.14,standard,2026-07-06T22:17:09Z
433,8,16,11.14,standard,2026-07-06T22:17:09Z
433,8,17,11.14,standard,2026-07-06T22:17:09Z
433,8,18,11.14,standard,2026-07-06T22:17:09Z
433,8,19,11.14,standard,2026-07-06T22:17:09Z
433,8,20,11.14,standard,2026-07-06T22:17:09Z
433,8,21,11.14,standard,2026-07-06T22:17:09Z
433,8,22,11.14,standard,2026-07-06T22:17:09Z
433,8,23,11.14,standard,2026-07-06T22:17:09Z
433,8,24,11.14,standard,2026-07-06T22:17:09Z
433,9,1,11.14,standard,2026-07-06T22:17:09Z
433,9,2,11.14,standard,2026-07-06T22:17:09Z
433,9,3,11.14,standard,2026-07-06T22:17:09Z
433,9,4,11.14,standard,2026-07-06T22:17:09Z
433,9,5,11.14,standard,2026-07-06T22:17:09Z
433,9,6,11.14,standard,2026-07-06T22:17:09Z
433,9,7,11.14,standard,2026-07-06T22:17:09Z
433,9,8,11.14,standard,2026-07-06T22:17:09Z
433,9,9,11.14,standard,2026-07-06T22:17:09Z
433,9,10,11.14,standard,2026-07-06T22:17:09Z
433,9,11,11.14,standard,2026-07-06T22:17:09Z
433,9,12,11.14,standard,2026-07-06T22:17:09Z
433,9,13,11.14,standard,2026-07-06T22:17:09Z
433,9,14,11.14,standard,2026-07-06T22:17:09Z
433,9,15,11.14,standard,2026-07-06T22:17:09Z
433,9,16,11.14,standard,2026-07-06T22:17:09Z
433,9,17,11.14,standard,2026-07-06T22:17:09Z
433,9,18,11.14,standard,2026-07-06T22:17:09Z
433,9,19,11.14,standard,2026-07-06T22:17:09Z
433,9,20,11.14,standard,2026-07-06T22:17:09Z
433,9,21,11.14,standard,2026-07-06T22:17:09Z
433,9,22,11.14,standard,2026-07-06T22:17:09Z
433,9,23,11.14,standard,2026-07-06T22:17:09Z
433,9,24,11.14,standard,2026-07-06T22:17:09Z
433,10,2,11.14,standard,2026-07-06T22:17:09Z
433,10,3,11.14,standard,2026-07-06T22:17:09Z
433,10,4,11.14,standard,2026-07-06T22:17:09Z
433,10,5,11.14,standard,2026-07-06T22:17:09Z
433,10,6,11.14,standard,2026-07-06T22:17:09Z
433,10,7,11.14,standard,2026-07-06T22:17:09Z
433,10,8,11.14,standard,2026-07-06T22:17:09Z
433,10,9,11.14,standard,2026-07-06T22:17:09Z
433,10,10,11.14,standard,2026-07-06T22:17:09Z
433,10,11,11.14,standard,2026-07-06T22:17:09Z
433,10,12,11.14,standard,2026-07-06T22:17:09Z
433,10,13,11.14,standard,2026-07-06T22:17:09Z
433,10,14,11.14,standard,2026-07-06T22:17:09Z
433,10,15,11.14,standard,2026-07-06T22:17:09Z
433,10,16,11.14,standard,2026-07-06T22:17:09Z
433,11,9,11.14,standard,2026-07-06T22:17:09Z
433,11,10,11.14,standard,2026-07-06T22:17:09Z
433,11,11,11.14,standard,2026-07-06T22:17:09Z
433,11,12,11.14,standard,2026-07-06T22:17:09Z
433,11,13,11.14,standard,2026-07-06T22:17:09Z
433,11,14,11.14,standard,2026-07-06T22:17:09Z
433,11,15,11.14,standard,2026-07-06T22:17:09Z
433,11,16,11.14,standard,2026-07-06T22:17:09Z
433,11,17,11.14,standard,2026-07-06T22:17:09Z
433,11,18,11.14,standard,2026-07-06T22:17:09Z
433,11,19,11.14,standard,2026-07-06T22:17:09Z
433,11,20,11.14,standard,2026-07-06T22:17:09Z
433,11,21,11.14,standard,2026-07-06T22:17:09Z
433,11,22,11.14,standard,2026-07-06T22:17:09Z
433,11,23,11.14,standard,2026-07-06T22:17:09Z
433,11,24,11.14,standard,2026-07-06T22:17:09Z
433,12,3,11.14,standard,2026-07-06T22:17:09Z
433,12,4,11.14,standard,2026-07-06T22:17:09Z
433,12,5,11.14,standard,2026-07-06T22:17:09Z
433,12,6,11.14,standard,2026-07-06T22:17:09Z
433,12,7,11.14,standard,2026-07-06T22:17:09Z
433,12,8,11.14,standard,2026-07-06T22:17:09Z
433,12,9,11.14,standard,2026-07-06T22:17:09Z
433,12,10,11.14,standard,2026-07-06T22:17:09Z
433,12,11,11.14,standard,2026-07-06T22:17:09Z
433,12,12,11.14,standard,2026-07-06T22:17:09Z
433,12,13,11.14,standard,2026-07-06T22:17:09Z
433,12,14,11.14,standard,2026-07-06T22:17:09Z
433,12,15,11.14,standard,2026-07-06T22:17:09Z
433,12,16,11.14,standard,2026-07-06T22:17:09Z
433,12,17,11.14,standard,2026-07-06T22:17:09Z
433,12,18,11.14,standard,2026-07-06T22:17:09Z
433,12,19,11.14,standard,2026-07-06T22:17:09Z
433,12,20,11.14,standard,2026-07-06T22:17:09Z
433,12,21,11.14,standard,2026-07-06T22:17:09Z
433,12,22,11.14,standard,2026-07-06T22:17:09Z
433,12,23,11.14,standard,2026-07-06T22:17:09Z
433,12,24,11.14,standard,2026-07-06T22:17:09Z
433,12,25,11.14,standard,2026-07-06T22:17:09Z
433,12,26,11.14,standard,2026-07-06T22:17:09Z
435,1,2,11.14,standard,2026-07-06T22:17:09Z
435,1,3,11.14,standard,2026-07-06T22:17:09Z
435,1,12,11.14,standard,2026-07-06T22:17:09Z
435,1,13,11.14,standard,2026-07-06T22:17:09Z
435,2,7,11.14,standard,2026-07-06T22:17:09Z
435,2,8,11.14,standard,2026-07-06T22:17:09Z
435,2,9,11.14,standard,2026-07-06T22:17:09Z
435,2,10,11.14,standard,2026-07-06T22:17:09Z
435,2,11,11.14,standard,2026-07-06T22:17:09Z
435,2,12,11.14,standard,2026-07-06T22:17:09Z
435,2,13,11.14,standard,2026-07-06T22:17:09Z
435,2,14,11.14,standard,2026-07-06T22:17:09Z
435,2,15,11.14,standard,2026-07-06T22:17:09Z
435,2,16,11.14,standard,2026-07-06T22:17:09Z
435,3,14,11.14,standard,2026-07-06T22:17:09Z
435,3,15,11.14,standard,2026-07-06T22:17:09Z
435,3,16,11.14,standard,2026-07-06T22:17:09Z
435,3,17,11.14,standard,2026-07-06T22:17:09Z
435,7,16,11.14,standard,2026-07-06T22:17:09Z
435,7,17,11.14,standard,2026-07-06T22:17:09Z
435,7,18,11.14,standard,2026-07-06T22:17:09Z
435,8,14,11.14,standard,2026-07-06T22:17:09Z
435,8,15,11.14,standard,2026-07-06T22:17:09Z
435,8,16,11.14,standard,2026-07-06T22:17:09Z
435,8,17,11.14,standard,2026-07-06T22:17:09Z
435,8,18,11.14,standard,2026-07-06T22:17:09Z
435,8,19,11.14,standard,2026-07-06T22:17:09Z
435,8,20,11.14,standard,2026-07-06T22:17:09Z
435,8,21,11.14,standard,2026-07-06T22:17:09Z
435,8,22,11.14,standard,2026-07-06T22:17:09Z
435,8,23,11.14,standard,2026-07-06T22:17:09Z
435,9,1,11.14,standard,2026-07-06T22:17:09Z
435,9,2,11.14,standard,2026-07-06T22:17:09Z
435,9,3,11.14,standard,2026-07-06T22:17:09Z
435,9,4,11.14,standard,2026-07-06T22:17:09Z
435,9,5,11.14,standard,2026-07-06T22:17:09Z
435,9,6,11.14,standard,2026-07-06T22:17:09Z
435,9,7,11.14,standard,2026-07-06T22:17:09Z
435,9,12,11.14,standard,2026-07-06T22:17:09Z
435,9,13,11.14,standard,2026-07-06T22:17:09Z
435,9,14,11.14,standard,2026-07-06T22:17:09Z
435,9,15,11.14,standard,2026-07-06T22:17:09Z
435,9,16,11.14,standard,2026-07-06T22:17:09Z
435,9,17,11.14,standard,2026-07-06T22:17:09Z
435,9,18,11.14,standard,2026-07-06T22:17:09Z
435,9,19,11.14,standard,2026-07-06T22:17:09Z
435,9,20,11.14,standard,2026-07-06T22:17:09Z
435,9,21,11.14,standard,2026-07-06T22:17:09Z
435,9,22,11.14,standard,2026-07-06T22:17:09Z
435,9,23,11.14,standard,2026-07-06T22:17:09Z
435,9,24,11.14,standard,2026-07-06T22:17:09Z
435,10,2,11.14,standard,2026-07-06T22:17:09Z
435,10,3,11.14,standard,2026-07-06T22:17:09Z
435,10,4,11.14,standard,2026-07-06T22:17:09Z
435,10,5,11.14,standard,2026-07-06T22:17:09Z
435,10,6,11.14,standard,2026-07-06T22:17:09Z
435,10,7,11.14,standard,2026-07-06T22:17:09Z
435,10,8,11.14,standard,2026-07-06T22:17:09Z
435,10,9,11.14,standard,2026-07-06T22:17:09Z
435,10,10,11.14,standard,2026-07-06T22:17:09Z
435,10,11,11.14,standard,2026-07-06T22:17:09Z
435,10,12,11.14,standard,2026-07-06T22:17:09Z
435,10,13,11.14,standard,2026-07-06T22:17:09Z
435,10,14,11.14,standard,2026-07-06T22:17:09Z
435,10,15,11.14,standard,2026-07-06T22:17:09Z
435,10,16,11.14,standard,2026-07-06T22:17:09Z
435,11,9,11.14,standard,2026-07-06T22:17:09Z
435,11,10,11.14,standard,2026-07-06T22:17:09Z
435,11,11,11.14,standard,2026-07-06T22:17:09Z
435,11,12,11.14,standard,2026-07-06T22:17:09Z
435,11,13,11.14,standard,2026-07-06T22:17:09Z
435,11,14,11.14,standard,2026-07-06T22:17:09Z
435,11,15,11.14,standard,2026-07-06T22:17:09Z
435,11,16,11.14,standard,2026-07-06T22:17:09Z
435,11,17,11.14,standard,2026-07-06T22:17:09Z
435,11,18,11.14,standard,2026-07-06T22:17:09Z
435,11,19,11.14,standard,2026-07-06T22:17:09Z
435,11,20,11.14,standard,2026-07-06T22:17:09Z
435,11,21,11.14,standard,2026-07-06T22:17:09Z
435,11,22,11.14,standard,2026-07-06T22:17:09Z
435,11,23,11.14,standard,2026-07-06T22:17:09Z
435,11,24,11.14,standard,2026-07-06T22:17:09Z
435,12,3,11.14,standard,2026-07-06T22:17:09Z
435,12,4,11.14,standard,2026-07-06T22:17:09Z
435,12,5,11.14,standard,2026-07-06T22:17:09Z
435,12,6,11.14,standard,2026-07-06T22:17:09Z
435,12,7,11.14,standard,2026-07-06T22:17:09Z
435,12,8,11.14,standard,2026-07-06T22:17:09Z
435,12,9,11.14,standard,2026-07-06T22:17:09Z
435,12,10,11.14,standard,2026-07-06T22:17:09Z
435,12,11,11.14,standard,2026-07-06T22:17:09Z
435,12,12,11.14,standard,2026-07-06T22:17:09Z
435,12,13,11.14,standard,2026-07-06T22:17:09Z
435,12,14,11.14,standard,2026-07-06T22:17:09Z
435,12,15,11.14,standard,2026-07-06T22:17:09Z
435,12,16,11.14,standard,2026-07-06T22:17:09Z
435,12,17,11.14,standard,2026-07-06T22:17:09Z
435,12,18,11.14,standard,2026-07-06T22:17:09Z
435,12,19,11.14,standard,2026-07-06T22:17:09Z
435,12,20,11.14,standard,2026-07-06T22:17:09Z
435,12,21,11.14,standard,2026-07-06T22:17:09Z
435,12,22,11.14,standard,2026-07-06T22:17:09Z
435,12,23,11.14,standard,2026-07-06T22:17:09Z
435,12,24,11.14,standard,2026-07-06T22:17:09Z
435,12,25,11.14,standard,2026-07-06T22:17:09Z
435,12,26,11.14,standard,2026-07-06T22:17:09Z
437,3,17,11.14,standard,2026-07-06T22:17:09Z
437,3,18,11.14,standard,2026-07-06T22:17:09Z
437,3,19,11.14,standard,2026-07-06T22:17:09Z
437,4,9,11.14,standard,2026-07-06T22:17:09Z
437,4,10,11.14,standard,2026-07-06T22:17:09Z
437,4,11,11.14,standard,2026-07-06T22:17:09Z
437,6,11,11.14,standard,2026-07-06T22:17:09Z
437,6,16,11.14,standard,2026-07-06T22:17:09Z
437,7,14,11.14,standard,2026-07-06T22:17:09Z
437,7,15,11.14,standard,2026-07-06T22:17:09Z
437,7,16,11.14,standard,2026-07-06T22:17:09Z
437,9,18,11.14,standard,2026-07-06T22:17:09Z
437,9,19,11.14,standard,2026-07-06T22:17:09Z
437,9,20,11.14,standard,2026-07-06T22:17:09Z
437,10,13,11.14,standard,2026-07-06T22:17:09Z
437,10,14,11.14,standard,2026-07-06T22:17:09Z
437,10,15,11.14,standard,2026-07-06T22:17:09Z
437,10,16,11.14,standard,2026-07-06T22:17:09Z
437,10,17,11.14,standard,2026-07-06T22:17:09Z
437,10,18,11.14,standard,2026-07-06T22:17:09Z
437,10,19,11.14,standard,2026-07-06T22:17:09Z
437,10,20,11.14,standard,2026-07-06T22:17:09Z
437,10,21,11.14,standard,2026-07-06T22:17:09Z
437,10,22,11.14,standard,2026-07-06T22:17:09Z
437,10,23,11.14,standard,2026-07-06T22:17:09Z
437,10,24,11.14,standard,2026-07-06T22:17:09Z
437,11,7,11.14,standard,2026-07-06T22:17:09Z
437,11,8,11.14,standard,2026-07-06T22:17:09Z
437,11,13,11.14,standard,2026-07-06T22:17:09Z
437,11,14,11.14,standard,2026-07-06T22:17:09Z
437,11,15,11.14,standard,2026-07-06T22:17:09Z
437,11,16,11.14,standard,2026-07-06T22:17:09Z
437,12,8,11.14,standard,2026-07-06T22:17:09Z
437,12,9,11.14,standard,2026-07-06T22:17:09Z
437,12,10,11.14,standard,2026-07-06T22:17:09Z
437,12,11,11.14,standard,2026-07-06T22:17:09Z
437,12,12,11.14,standard,2026-07-06T22:17:09Z
437,12,13,11.14,standard,2026-07-06T22:17:09Z
437,12,14,11.14,standard,2026-07-06T22:17:09Z
437,12,15,11.14,standard,2026-07-06T22:17:09Z
437,12,16,11.14,standard,2026-07-06T22:17:09Z
437,12,17,11.14,standard,2026-07-06T22:17:09Z
437,12,18,11.14,standard,2026-07-06T22:17:09Z
437,12,19,11.14,standard,2026-07-06T22:17:09Z
437,12,20,11.14,standard,2026-07-06T22:17:09Z
437,12,21,11.14,standard,2026-07-06T22:17:09Z
437,12,22,11.14,standard,2026-07-06T22:17:09Z
437,12,23,11.14,standard,2026-07-06T22:17:09Z
438,1,6,11.14,standard,2026-07-06T22:17:09Z
438,1,7,11.14,standard,2026-07-06T22:17:09Z
438,1,8,11.14,standard,2026-07-06T22:17:09Z
438,2,4,11.14,standard,2026-07-06T22:17:09Z
438,2,5,11.14,standard,2026-07-06T22:17:09Z
438,2,6,11.14,standard,2026-07-06T22:17:09Z
438,3,17,11.14,standard,2026-07-06T22:17:09Z
438,3,18,11.14,standard,2026-07-06T22:17:09Z
438,6,15,11.14,standard,2026-07-06T22:17:09Z
438,6,16,11.14,standard,2026-07-06T22:17:09Z
438,6,17,11.14,standard,2026-07-06T22:17:09Z
438,6,18,11.14,standard,2026-07-06T22:17:09Z
438,6,19,11.14,standard,2026-07-06T22:17:09Z
438,7,15,11.14,standard,2026-07-06T22:17:09Z
438,7,16,11.14,standard,2026-07-06T22:17:09Z
438,7,17,11.14,standard,2026-07-06T22:17:09Z
438,7,18,11.14,standard,2026-07-06T22:17:09Z
438,7,19,11.14,standard,2026-07-06T22:17:09Z
