section,row,seat,price_usd,selection_type,scraped_at
104,8,1,526.5,resale,2026-10-04T16:07:10Z
104,8,2,526.5,resale,2026-10-04T16:07:10Z
M10,17,11,259.74,resale,2026-10-04T16:07:10Z
M10,17,12,259.74,resale,2026-10-04T16:07:10Z
232,2,17,200.07,resale,2026-10-04T16:07:10Z
232,2,18,200.07,resale,2026-10-04T16:07:10Z
201,27,1,157.95,resale,2026-10-04T16:07:10Z
201,27,2,157.95,resale,2026-10-04T16:07:10Z
130,34,23,432.9,resale,2026-10-04T16:07:10Z
130,34,24,432.9,resale,2026-10-04T16:07:10Z
111,26,1,204.75,resale,2026-10-04T16:07:10Z
111,26,2,204.75,resale,2026-10-04T16:07:10Z
211,3,3,117.0,resale,2026-10-04T16:07:10Z
211,3,4,117.0,resale,2026-10-04T16:07:10Z
223,14,12,264.42,resale,2026-10-04T16:07:10Z
223,14,13,264.42,resale,2026-10-04T16:07:10Z
130,17,26,175.5,resale,2026-10-04T16:07:10Z
130,17,27,175.5,resale,2026-10-04T16:07:10Z
130,17,28,175.5,resale,2026-10-04T16:07:10Z
130,17,29,175.5,resale,2026-10-04T16:07:10Z
131,33,9,539.37,resale,2026-10-04T16:07:10Z
131,33,10,539.37,resale,2026-10-04T16:07:10Z
138,5,16,380.25,resale,2026-10-04T16:07:10Z
138,5,17,380.25,resale,2026-10-04T16:07:10Z
225,15,25,210.6,resale,2026-10-04T16:07:10Z
225,15,26,210.6,resale,2026-10-04T16:07:10Z
132,7,1,186.03,resale,2026-10-04T16:07:10Z
132,7,2,186.03,resale,2026-10-04T16:07:10Z
C2,12,14,926.64,resale,2026-10-04T16:07:10Z
C2,12,15,926.64,resale,2026-10-04T16:07:10Z
130,17,10,193.05,resale,2026-10-04T16:07:10Z
223,9,1,234.0,resale,2026-10-04T16:07:10Z
223,9,2,234.0,resale,2026-10-04T16:07:10Z
206,19,1,146.25,resale,2026-10-04T16:07:10Z
206,19,2,146.25,resale,2026-10-04T16:07:10Z
210,12,3,155.61,resale,2026-10-04T16:07:10Z
111,19,5,204.75,resale,2026-10-04T16:07:10Z
111,19,6,204.75,resale,2026-10-04T16:07:10Z
201,27,34,117.0,resale,2026-10-04T16:07:10Z
201,27,35,117.0,resale,2026-10-04T16:07:10Z
119,3,11,292.5,resale,2026-10-04T16:07:10Z
119,3,12,292.5,resale,2026-10-04T16:07:10Z
111,3,20,181.35,resale,2026-10-04T16:07:10Z
111,3,21,181.35,resale,2026-10-04T16:07:10Z
111,3,22,181.35,resale,2026-10-04T16:07:10Z
111,3,23,181.35,resale,2026-10-04T16:07:10Z
112,24,1,175.5,resale,2026-10-04T16:07:10Z
112,24,2,175.5,resale,2026-10-04T16:07:10Z
112,24,3,175.5,resale,2026-10-04T16:07:10Z
127,29,1,146.25,resale,2026-10-04T16:07:10Z
127,29,2,146.25,resale,2026-10-04T16:07:10Z
117,18,9,263.25,resale,2026-10-04T16:07:10Z
117,18,10,263.25,resale,2026-10-04T16:07:10Z
206,25,8,107.64,resale,2026-10-04T16:07:10Z
206,25,9,107.64,resale,2026-10-04T16:07:10Z
C38,6,17,293.67,resale,2026-10-04T16:07:10Z
C38,6,18,293.67,resale,2026-10-04T16:07:10Z
124,4,25,292.5,resale,2026-10-04T16:07:10Z
124,4,26,292.5,resale,2026-10-04T16:07:10Z
242,29,25,188.37,resale,2026-10-04T16:07:10Z
242,29,26,188.37,resale,2026-10-04T16:07:10Z
119,6,21,251.55,resale,2026-10-04T16:07:10Z
119,6,22,251.55,resale,2026-10-04T16:07:10Z
C24,4,9,394.29,resale,2026-10-04T16:07:10Z
C24,4,10,394.29,resale,2026-10-04T16:07:10Z
204,2,5,234.0,resale,2026-10-04T16:07:10Z
204,2,6,234.0,resale,2026-10-04T16:07:10Z
204,2,7,234.0,resale,2026-10-04T16:07:10Z
204,2,8,234.0,resale,2026-10-04T16:07:10Z
204,2,9,234.0,resale,2026-10-04T16:07:10Z
204,2,10,234.0,resale,2026-10-04T16:07:10Z
129,29,29,301.86,resale,2026-10-04T16:07:10Z
129,29,30,301.86,resale,2026-10-04T16:07:10Z
117,22,3,318.24,resale,2026-10-04T16:07:10Z
117,22,4,318.24,resale,2026-10-04T16:07:10Z
117,22,5,318.24,resale,2026-10-04T16:07:10Z
117,22,6,318.24,resale,2026-10-04T16:07:10Z
129,16,24,208.26,resale,2026-10-04T16:07:10Z
129,16,25,208.26,resale,2026-10-04T16:07:10Z
129,16,26,208.26,resale,2026-10-04T16:07:10Z
129,16,27,208.26,resale,2026-10-04T16:07:10Z
108,6,7,228.15,resale,2026-10-04T16:07:10Z
108,6,8,228.15,resale,2026-10-04T16:07:10Z
108,6,9,228.15,resale,2026-10-04T16:07:10Z
105,10,11,286.65,resale,2026-10-04T16:07:10Z
105,10,12,286.65,resale,2026-10-04T16:07:10Z
105,10,13,286.65,resale,2026-10-04T16:07:10Z
105,10,14,286.65,resale,2026-10-04T16:07:10Z
131,9,8,208.26,resale,2026-10-04T16:07:10Z
131,9,9,208.26,resale,2026-10-04T16:07:10Z
244,1,7,292.5,resale,2026-10-04T16:07:10Z
244,1,8,292.5,resale,2026-10-04T16:07:10Z
244,1,9,292.5,resale,2026-10-04T16:07:10Z
244,1,10,292.5,resale,2026-10-04T16:07:10Z
132,17,5,215.28,resale,2026-10-04T16:07:10Z
132,17,6,215.28,resale,2026-10-04T16:07:10Z
132,17,7,215.28,resale,2026-10-04T16:07:10Z
132,17,8,215.28,resale,2026-10-04T16:07:10Z
206,14,8,102.96,resale,2026-10-04T16:07:10Z
206,14,9,102.96,resale,2026-10-04T16:07:10Z
241,10,25,117.0,resale,2026-10-04T16:07:10Z
241,10,26,117.0,resale,2026-10-04T16:07:10Z
221,17,10,93.6,resale,2026-10-04T16:07:10Z
221,17,11,93.6,resale,2026-10-04T16:07:10Z
105,30,14,526.5,resale,2026-10-04T16:07:10Z
105,30,15,526.5,resale,2026-10-04T16:07:10Z
232,4,25,204.75,resale,2026-10-04T16:07:10Z
232,4,26,204.75,resale,2026-10-04T16:07:10Z
225,27,23,117.0,resale,2026-10-04T16:07:10Z
225,27,24,117.0,resale,2026-10-04T16:07:10Z
103,5,15,292.5,resale,2026-10-04T16:07:10Z
103,5,16,292.5,resale,2026-10-04T16:07:10Z
133,9,3,245.7,resale,2026-10-04T16:07:10Z
133,9,4,245.7,resale,2026-10-04T16:07:10Z
133,9,5,245.7,resale,2026-10-04T16:07:10Z
223,19,1,157.95,resale,2026-10-04T16:07:10Z
223,19,2,157.95,resale,2026-10-04T16:07:10Z
106,7,13,292.5,resale,2026-10-04T16:07:10Z
106,7,14,292.5,resale,2026-10-04T16:07:10Z
C36,16,19,720.72,resale,2026-10-04T16:07:10Z
C36,16,20,720.72,resale,2026-10-04T16:07:10Z
109,29,9,204.75,resale,2026-10-04T16:07:10Z
109,29,10,204.75,resale,2026-10-04T16:07:10Z
109,29,11,204.75,resale,2026-10-04T16:07:10Z
109,29,12,204.75,resale,2026-10-04T16:07:10Z
107,12,5,175.5,resale,2026-10-04T16:07:10Z
107,12,6,175.5,resale,2026-10-04T16:07:10Z
128,15,1,198.9,resale,2026-10-04T16:07:10Z
128,15,2,198.9,resale,2026-10-04T16:07:10Z
128,15,3,198.9,resale,2026-10-04T16:07:10Z
128,15,4,198.9,resale,2026-10-04T16:07:10Z
135,8,14,280.8,resale,2026-10-04T16:07:10Z
135,8,15,280.8,resale,2026-10-04T16:07:10Z
116,16,15,263.25,resale,2026-10-04T16:07:10Z
116,16,16,263.25,resale,2026-10-04T16:07:10Z
C17,1,13,803.79,resale,2026-10-04T16:07:10Z
C17,1,14,803.79,resale,2026-10-04T16:07:10Z
124,11,15,234.0,resale,2026-10-04T16:07:10Z
124,11,16,234.0,resale,2026-10-04T16:07:10Z
234,10,17,168.48,resale,2026-10-04T16:07:10Z
234,10,18,168.48,resale,2026-10-04T16:07:10Z
234,10,19,168.48,resale,2026-10-04T16:07:10Z
121,22,5,216.45,resale,2026-10-04T16:07:10Z
121,22,6,216.45,resale,2026-10-04T16:07:10Z
225,21,24,187.2,resale,2026-10-04T16:07:10Z
225,21,25,187.2,resale,2026-10-04T16:07:10Z
135,7,11,266.76,resale,2026-10-04T16:07:10Z
135,7,12,266.76,resale,2026-10-04T16:07:10Z
135,7,13,266.76,resale,2026-10-04T16:07:10Z
135,7,14,266.76,resale,2026-10-04T16:07:10Z
136,8,9,380.25,resale,2026-10-04T16:07:10Z
136,8,10,380.25,resale,2026-10-04T16:07:10Z
224,25,16,263.25,resale,2026-10-04T16:07:10Z
224,25,17,263.25,resale,2026-10-04T16:07:10Z
C18,8,1,251.55,resale,2026-10-04T16:07:10Z
C18,8,2,251.55,resale,2026-10-04T16:07:10Z
202,26,3,204.75,resale,2026-10-04T16:07:10Z
202,26,4,204.75,resale,2026-10-04T16:07:10Z
128,28,4,456.3,resale,2026-10-04T16:07:10Z
128,28,5,456.3,resale,2026-10-04T16:07:10Z
105,14,14,351.0,resale,2026-10-04T16:07:10Z
105,14,15,351.0,resale,2026-10-04T16:07:10Z
225,13,11,292.5,resale,2026-10-04T16:07:10Z
225,13,12,292.5,resale,2026-10-04T16:07:10Z
210,20,1,117.0,resale,2026-10-04T16:07:10Z
210,20,2,117.0,resale,2026-10-04T16:07:10Z
138,13,7,409.5,resale,2026-10-04T16:07:10Z
138,13,8,409.5,resale,2026-10-04T16:07:10Z
230,8,14,143.91,resale,2026-10-04T16:07:10Z
230,8,15,143.91,resale,2026-10-04T16:07:10Z
230,8,16,143.91,resale,2026-10-04T16:07:10Z
218,21,8,117.0,resale,2026-10-04T16:07:10Z
218,21,9,117.0,resale,2026-10-04T16:07:10Z
218,21,10,117.0,resale,2026-10-04T16:07:10Z
218,21,11,117.0,resale,2026-10-04T16:07:10Z
137,6,13,326.43,resale,2026-10-04T16:07:10Z
137,6,14,326.43,resale,2026-10-04T16:07:10Z
220,8,20,163.8,resale,2026-10-04T16:07:10Z
220,8,21,163.8,resale,2026-10-04T16:07:10Z
237,19,19,129.87,resale,2026-10-04T16:07:10Z
237,19,20,129.87,resale,2026-10-04T16:07:10Z
222,18,1,237.51,resale,2026-10-04T16:07:10Z
222,18,2,237.51,resale,2026-10-04T16:07:10Z
107,47,1,234.0,resale,2026-10-04T16:07:10Z
107,47,2,234.0,resale,2026-10-04T16:07:10Z
M11,13,3,274.95,resale,2026-10-04T16:07:10Z
M11,13,4,274.95,resale,2026-10-04T16:07:10Z
210,15,17,115.83,resale,2026-10-04T16:07:10Z
210,15,18,115.83,resale,2026-10-04T16:07:10Z
132,40,13,263.25,resale,2026-10-04T16:07:10Z
132,40,14,263.25,resale,2026-10-04T16:07:10Z
206,24,26,211.77,resale,2026-10-04T16:07:10Z
201,27,32,152.1,resale,2026-10-04T16:07:10Z
201,27,33,152.1,resale,2026-10-04T16:07:10Z
217,12,16,228.15,resale,2026-10-04T16:07:10Z
217,12,17,228.15,resale,2026-10-04T16:07:10Z
125,30,21,263.25,resale,2026-10-04T16:07:10Z
125,30,22,263.25,resale,2026-10-04T16:07:10Z
125,30,23,263.25,resale,2026-10-04T16:07:10Z
243,27,19,108.81,resale,2026-10-04T16:07:10Z
243,27,20,108.81,resale,2026-10-04T16:07:10Z
243,27,21,108.81,resale,2026-10-04T16:07:10Z
225,21,13,169.65,resale,2026-10-04T16:07:10Z
121,17,19,274.95,resale,2026-10-04T16:07:10Z
121,17,20,274.95,resale,2026-10-04T16:07:10Z
226,7,8,153.27,resale,2026-10-04T16:07:10Z
226,7,9,153.27,resale,2026-10-04T16:07:10Z
129,25,17,222.3,resale,2026-10-04T16:07:10Z
129,25,18,222.3,resale,2026-10-04T16:07:10Z
215,19,7,80.73,resale,2026-10-04T16:07:10Z
215,19,8,80.73,resale,2026-10-04T16:07:10Z
102,19,1,322.92,resale,2026-10-04T16:07:10Z
102,19,2,322.92,resale,2026-10-04T16:07:10Z
109,3,1,262.08,resale,2026-10-04T16:07:10Z
201,1,3,351.0,resale,2026-10-04T16:07:10Z
201,1,4,351.0,resale,2026-10-04T16:07:10Z
135,4,11,327.6,resale,2026-10-04T16:07:10Z
135,4,12,327.6,resale,2026-10-04T16:07:10Z
231,16,14,134.55,resale,2026-10-04T16:07:10Z
231,16,15,134.55,resale,2026-10-04T16:07:10Z
128,29,21,245.7,resale,2026-10-04T16:07:10Z
128,29,22,245.7,resale,2026-10-04T16:07:10Z
M12,8,9,175.5,resale,2026-10-04T16:07:10Z
M12,8,10,175.5,resale,2026-10-04T16:07:10Z
M12,8,11,175.5,resale,2026-10-04T16:07:10Z
206,17,13,231.66,resale,2026-10-04T16:07:10Z
M12,13,25,99.45,resale,2026-10-04T16:07:10Z
M12,13,26,99.45,resale,2026-10-04T16:07:10Z
135,10,19,310.05,resale,2026-10-04T16:07:10Z
135,10,20,310.05,resale,2026-10-04T16:07:10Z
135,10,21,310.05,resale,2026-10-04T16:07:10Z
135,10,22,310.05,resale,2026-10-04T16:07:10Z
110,28,5,157.95,resale,2026-10-04T16:07:10Z
110,28,6,157.95,resale,2026-10-04T16:07:10Z
114,23,3,204.75,resale,2026-10-04T16:07:10Z
114,23,4,204.75,resale,2026-10-04T16:07:10Z
C37,2,18,409.5,resale,2026-10-04T16:07:10Z
C37,2,19,409.5,resale,2026-10-04T16:07:10Z
FLD124,1,9,2338.83,resale,2026-10-04T16:07:10Z
FLD124,1,10,2338.83,resale,2026-10-04T16:07:10Z
130,20,27,301.86,resale,2026-10-04T16:07:10Z
130,20,28,301.86,resale,2026-10-04T16:07:10Z
228,29,1,175.5,resale,2026-10-04T16:07:10Z
228,29,2,175.5,resale,2026-10-04T16:07:10Z
228,29,3,175.5,resale,2026-10-04T16:07:10Z
228,29,4,175.5,resale,2026-10-04T16:07:10Z
116,17,1,321.75,resale,2026-10-04T16:07:10Z
116,17,2,321.75,resale,2026-10-04T16:07:10Z
116,17,3,321.75,resale,2026-10-04T16:07:10Z
121,4,21,466.83,resale,2026-10-04T16:07:10Z
121,4,22,466.83,resale,2026-10-04T16:07:10Z
233,16,5,128.7,resale,2026-10-04T16:07:10Z
233,16,6,128.7,resale,2026-10-04T16:07:10Z
126,22,1,204.75,resale,2026-10-04T16:07:10Z
126,22,2,204.75,resale,2026-10-04T16:07:10Z
126,22,3,204.75,resale,2026-10-04T16:07:10Z
126,22,4,204.75,resale,2026-10-04T16:07:10Z
209,2,11,438.75,resale,2026-10-04T16:07:10Z
209,2,12,438.75,resale,2026-10-04T16:07:10Z
130,11,3,671.58,resale,2026-10-04T16:07:10Z
130,11,4,671.58,resale,2026-10-04T16:07:10Z
129,19,21,263.25,resale,2026-10-04T16:07:10Z
129,19,22,263.25,resale,2026-10-04T16:07:10Z
218,21,15,127.53,resale,2026-10-04T16:07:10Z
218,21,16,127.53,resale,2026-10-04T16:07:10Z
227,1,1,263.25,resale,2026-10-04T16:07:10Z
227,1,2,263.25,resale,2026-10-04T16:07:10Z
227,1,3,263.25,resale,2026-10-04T16:07:10Z
227,1,4,263.25,resale,2026-10-04T16:07:10Z
C38,16,5,175.5,resale,2026-10-04T16:07:10Z
C38,16,6,175.5,resale,2026-10-04T16:07:10Z
231,22,23,128.7,resale,2026-10-04T16:07:10Z
231,22,24,128.7,resale,2026-10-04T16:07:10Z
109,21,17,140.4,resale,2026-10-04T16:07:10Z
106,28,10,286.65,resale,2026-10-04T16:07:10Z
106,28,11,286.65,resale,2026-10-04T16:07:10Z
130,34,15,321.75,resale,2026-10-04T16:07:10Z
130,34,16,321.75,resale,2026-10-04T16:07:10Z
120,27,5,228.15,resale,2026-10-04T16:07:10Z
120,27,6,228.15,resale,2026-10-04T16:07:10Z
206,16,3,146.25,resale,2026-10-04T16:07:10Z
206,16,4,146.25,resale,2026-10-04T16:07:10Z
110,28,1,321.75,resale,2026-10-04T16:07:10Z
110,28,2,321.75,resale,2026-10-04T16:07:10Z
110,28,3,321.75,resale,2026-10-04T16:07:10Z
110,28,4,321.75,resale,2026-10-04T16:07:10Z
244,7,16,167.31,resale,2026-10-04T16:07:10Z
244,7,17,167.31,resale,2026-10-04T16:07:10Z
244,7,18,167.31,resale,2026-10-04T16:07:10Z
244,7,19,167.31,resale,2026-10-04T16:07:10Z
120,26,5,221.13,resale,2026-10-04T16:07:10Z
120,26,6,221.13,resale,2026-10-04T16:07:10Z
231,26,1,157.95,resale,2026-10-04T16:07:10Z
231,26,2,157.95,resale,2026-10-04T16:07:10Z
231,26,3,157.95,resale,2026-10-04T16:07:10Z
236,12,11,187.2,resale,2026-10-04T16:07:10Z
236,12,12,187.2,resale,2026-10-04T16:07:10Z
241,22,20,175.5,resale,2026-10-04T16:07:10Z
118,26,5,292.5,resale,2026-10-04T16:07:10Z
118,26,6,292.5,resale,2026-10-04T16:07:10Z
118,26,7,292.5,resale,2026-10-04T16:07:10Z
118,26,8,292.5,resale,2026-10-04T16:07:10Z
240,26,7,243.36,resale,2026-10-04T16:07:10Z
240,26,8,243.36,resale,2026-10-04T16:07:10Z
138,9,3,409.5,resale,2026-10-04T16:07:10Z
138,9,4,409.5,resale,2026-10-04T16:07:10Z
138,9,5,409.5,resale,2026-10-04T16:07:10Z
138,9,6,409.5,resale,2026-10-04T16:07:10Z
114,31,15,292.5,resale,2026-10-04T16:07:10Z
114,31,16,292.5,resale,2026-10-04T16:07:10Z
110,25,21,271.44,resale,2026-10-04T16:07:10Z
110,25,22,271.44,resale,2026-10-04T16:07:10Z
244,24,11,234.0,resale,2026-10-04T16:07:10Z
244,24,12,234.0,resale,2026-10-04T16:07:10Z
130,7,23,186.03,resale,2026-10-04T16:07:10Z
130,7,24,186.03,resale,2026-10-04T16:07:10Z
123,3,11,438.75,resale,2026-10-04T16:07:10Z
123,3,12,438.75,resale,2026-10-04T16:07:10Z
126,31,18,339.3,resale,2026-10-04T16:07:10Z
126,31,19,339.3,resale,2026-10-04T16:07:10Z
219,10,13,127.53,resale,2026-10-04T16:07:10Z
219,10,14,127.53,resale,2026-10-04T16:07:10Z
107,9,11,198.9,resale,2026-10-04T16:07:10Z
107,9,12,198.9,resale,2026-10-04T16:07:10Z
224,28,1,235.17,resale,2026-10-04T16:07:10Z
224,28,2,235.17,resale,2026-10-04T16:07:10Z
235,8,15,122.85,resale,2026-10-04T16:07:10Z
235,8,16,122.85,resale,2026-10-04T16:07:10Z
129,25,19,234.0,resale,2026-10-04T16:07:10Z
129,25,20,234.0,resale,2026-10-04T16:07:10Z
220,7,14,140.4,resale,2026-10-04T16:07:10Z
220,7,15,140.4,resale,2026-10-04T16:07:10Z
110,6,14,198.9,resale,2026-10-04T16:07:10Z
110,6,15,198.9,resale,2026-10-04T16:07:10Z
110,6,16,198.9,resale,2026-10-04T16:07:10Z
110,6,9,468.0,resale,2026-10-04T16:07:10Z
110,6,10,468.0,resale,2026-10-04T16:07:10Z
117,19,8,221.13,resale,2026-10-04T16:07:10Z
117,19,9,221.13,resale,2026-10-04T16:07:10Z
117,19,10,221.13,resale,2026-10-04T16:07:10Z
105,21,25,351.0,resale,2026-10-04T16:07:10Z
105,21,26,351.0,resale,2026-10-04T16:07:10Z
130,26,3,466.83,resale,2026-10-04T16:07:10Z
130,26,4,466.83,resale,2026-10-04T16:07:10Z
205,27,21,210.6,resale,2026-10-04T16:07:10Z
205,27,22,210.6,resale,2026-10-04T16:07:10Z
103,3,14,468.0,resale,2026-10-04T16:07:10Z
103,3,15,468.0,resale,2026-10-04T16:07:10Z
136,22,3,696.15,resale,2026-10-04T16:07:10Z
136,22,4,696.15,resale,2026-10-04T16:07:10Z
222,18,17,262.08,resale,2026-10-04T16:07:10Z
222,18,18,262.08,resale,2026-10-04T16:07:10Z
222,18,19,262.08,resale,2026-10-04T16:07:10Z
226,28,25,222.3,resale,2026-10-04T16:07:10Z
226,28,26,222.3,resale,2026-10-04T16:07:10Z
C6,18,4,655.2,resale,2026-10-04T16:07:10Z
C6,18,5,655.2,resale,2026-10-04T16:07:10Z
C26,9,12,303.03,resale,2026-10-04T16:07:10Z
235,19,1,175.5,resale,2026-10-04T16:07:10Z
235,19,2,175.5,resale,2026-10-04T16:07:10Z
235,19,3,175.5,resale,2026-10-04T16:07:10Z
235,19,4,175.5,resale,2026-10-04T16:07:10Z
211,19,8,204.75,resale,2026-10-04T16:07:10Z
211,19,9,204.75,resale,2026-10-04T16:07:10Z
218,19,8,105.3,resale,2026-10-04T16:07:10Z
218,19,9,105.3,resale,2026-10-04T16:07:10Z
C1,12,9,380.25,resale,2026-10-04T16:07:10Z
C1,12,10,380.25,resale,2026-10-04T16:07:10Z
205,13,8,198.9,resale,2026-10-04T16:07:10Z
205,13,9,198.9,resale,2026-10-04T16:07:10Z
205,13,10,198.9,resale,2026-10-04T16:07:10Z
205,13,11,198.9,resale,2026-10-04T16:07:10Z
134,29,28,292.5,resale,2026-10-04T16:07:10Z
134,29,29,292.5,resale,2026-10-04T16:07:10Z
235,8,1,99.45,resale,2026-10-04T16:07:10Z
235,8,2,99.45,resale,2026-10-04T16:07:10Z
223,6,5,152.1,resale,2026-10-04T16:07:10Z
223,6,6,152.1,resale,2026-10-04T16:07:10Z
223,6,7,152.1,resale,2026-10-04T16:07:10Z
106,25,5,204.75,resale,2026-10-04T16:07:10Z
106,25,6,204.75,resale,2026-10-04T16:07:10Z
242,11,19,115.83,resale,2026-10-04T16:07:10Z
242,11,20,115.83,resale,2026-10-04T16:07:10Z
220,21,13,146.25,resale,2026-10-04T16:07:10Z
220,21,14,146.25,resale,2026-10-04T16:07:10Z
116,16,9,328.77,resale,2026-10-04T16:07:10Z
116,16,10,328.77,resale,2026-10-04T16:07:10Z
224,20,17,146.25,resale,2026-10-04T16:07:10Z
224,20,18,146.25,resale,2026-10-04T16:07:10Z
227,15,8,222.3,resale,2026-10-04T16:07:10Z
227,15,9,222.3,resale,2026-10-04T16:07:10Z
109,15,11,117.0,resale,2026-10-04T16:07:10Z
118,19,5,614.25,resale,2026-10-04T16:07:10Z
118,19,6,614.25,resale,2026-10-04T16:07:10Z
213,1,7,262.08,resale,2026-10-04T16:07:10Z
213,1,8,262.08,resale,2026-10-04T16:07:10Z
137,18,3,292.5,resale,2026-10-04T16:07:10Z
137,18,4,292.5,resale,2026-10-04T16:07:10Z
NETER3,4,24,402.48,resale,2026-10-04T16:07:10Z
NETER3,4,25,402.48,resale,2026-10-04T16:07:10Z
NETER3,4,26,402.48,resale,2026-10-04T16:07:10Z
225,9,1,196.56,resale,2026-10-04T16:07:10Z
225,9,2,196.56,resale,2026-10-04T16:07:10Z
240,15,23,107.64,resale,2026-10-04T16:07:10Z
240,15,24,107.64,resale,2026-10-04T16:07:10Z
219,25,19,345.15,resale,2026-10-04T16:07:10Z
219,25,20,345.15,resale,2026-10-04T16:07:10Z
111,6,23,163.8,resale,2026-10-04T16:07:10Z
111,6,24,163.8,resale,2026-10-04T16:07:10Z
C4,17,14,687.96,resale,2026-10-04T16:07:10Z
C4,17,15,687.96,resale,2026-10-04T16:07:10Z
C4,17,16,687.96,resale,2026-10-04T16:07:10Z
C4,17,17,687.96,resale,2026-10-04T16:07:10Z
127,19,11,269.1,resale,2026-10-04T16:07:10Z
127,19,12,269.1,resale,2026-10-04T16:07:10Z
226,6,8,175.5,resale,2026-10-04T16:07:10Z
226,6,9,175.5,resale,2026-10-04T16:07:10Z
227,14,10,155.61,resale,2026-10-04T16:07:10Z
227,14,11,155.61,resale,2026-10-04T16:07:10Z
215,3,1,114.66,resale,2026-10-04T16:07:10Z
215,3,2,114.66,resale,2026-10-04T16:07:10Z
C26,11,6,292.5,resale,2026-10-04T16:07:10Z
C26,11,7,292.5,resale,2026-10-04T16:07:10Z
C26,11,8,292.5,resale,2026-10-04T16:07:10Z
220,7,8,234.0,resale,2026-10-04T16:07:10Z
130,27,29,313.56,resale,2026-10-04T16:07:10Z
130,27,30,313.56,resale,2026-10-04T16:07:10Z
230,11,25,157.95,resale,2026-10-04T16:07:10Z
230,11,26,157.95,resale,2026-10-04T16:07:10Z
239,4,3,327.6,resale,2026-10-04T16:07:10Z
229,4,10,122.85,resale,2026-10-04T16:07:10Z
229,4,11,122.85,resale,2026-10-04T16:07:10Z
132,38,21,146.25,resale,2026-10-04T16:07:10Z
132,38,22,146.25,resale,2026-10-04T16:07:10Z
132,38,23,146.25,resale,2026-10-04T16:07:10Z
234,24,18,339.3,resale,2026-10-04T16:07:10Z
204,24,8,114.66,resale,2026-10-04T16:07:10Z
204,24,9,114.66,resale,2026-10-04T16:07:10Z
204,24,10,114.66,resale,2026-10-04T16:07:10Z
204,24,11,114.66,resale,2026-10-04T16:07:10Z
224,14,15,115.83,resale,2026-10-04T16:07:10Z
224,14,16,115.83,resale,2026-10-04T16:07:10Z
107,39,13,198.9,resale,2026-10-04T16:07:10Z
107,39,14,198.9,resale,2026-10-04T16:07:10Z
225,18,30,245.7,resale,2026-10-04T16:07:10Z
225,18,31,245.7,resale,2026-10-04T16:07:10Z
224,11,11,237.51,resale,2026-10-04T16:07:10Z
224,11,12,237.51,resale,2026-10-04T16:07:10Z
205,30,9,117.0,resale,2026-10-04T16:07:10Z
205,30,10,117.0,resale,2026-10-04T16:07:10Z
209,8,14,111.15,resale,2026-10-04T16:07:10Z
209,8,15,111.15,resale,2026-10-04T16:07:10Z
108,27,1,374.4,resale,2026-10-04T16:07:10Z
108,27,2,374.4,resale,2026-10-04T16:07:10Z
108,27,3,374.4,resale,2026-10-04T16:07:10Z
106,30,3,320.58,resale,2026-10-04T16:07:10Z
106,30,4,320.58,resale,2026-10-04T16:07:10Z
C19,12,8,776.88,resale,2026-10-04T16:07:10Z
C19,12,9,776.88,resale,2026-10-04T16:07:10Z
217,1,12,179.01,resale,2026-10-04T16:07:10Z
217,1,13,179.01,resale,2026-10-04T16:07:10Z
217,1,14,179.01,resale,2026-10-04T16:07:10Z
217,1,15,179.01,resale,2026-10-04T16:07:10Z
231,4,1,184.86,resale,2026-10-04T16:07:10Z
231,4,2,184.86,resale,2026-10-04T16:07:10Z
231,4,3,184.86,resale,2026-10-04T16:07:10Z
231,4,4,184.86,resale,2026-10-04T16:07:10Z
231,4,5,184.86,resale,2026-10-04T16:07:10Z
231,4,6,184.86,resale,2026-10-04T16:07:10Z
234,27,7,171.99,resale,2026-10-04T16:07:10Z
234,27,8,171.99,resale,2026-10-04T16:07:10Z
234,27,9,171.99,resale,2026-10-04T16:07:10Z
237,24,9,173.16,resale,2026-10-04T16:07:10Z
237,24,10,173.16,resale,2026-10-04T16:07:10Z
237,24,11,173.16,resale,2026-10-04T16:07:10Z
C40,11,7,585.0,resale,2026-10-04T16:07:10Z
C40,11,8,585.0,resale,2026-10-04T16:07:10Z
C23,2,20,409.5,resale,2026-10-04T16:07:10Z
C23,2,21,409.5,resale,2026-10-04T16:07:10Z
113,26,11,211.77,resale,2026-10-04T16:07:10Z
113,26,12,211.77,resale,2026-10-04T16:07:10Z
107,24,9,198.9,resale,2026-10-04T16:07:10Z
107,24,10,198.9,resale,2026-10-04T16:07:10Z
113,13,1,361.53,resale,2026-10-04T16:07:10Z
113,13,2,361.53,resale,2026-10-04T16:07:10Z
113,13,3,361.53,resale,2026-10-04T16:07:10Z
113,13,4,361.53,resale,2026-10-04T16:07:10Z
115,2,5,819.0,resale,2026-10-04T16:07:10Z
115,2,6,819.0,resale,2026-10-04T16:07:10Z
119,24,1,468.0,resale,2026-10-04T16:07:10Z
119,24,2,468.0,resale,2026-10-04T16:07:10Z
105,4,1,409.5,resale,2026-10-04T16:07:10Z
105,4,2,409.5,resale,2026-10-04T16:07:10Z
105,4,3,409.5,resale,2026-10-04T16:07:10Z
105,4,4,409.5,resale,2026-10-04T16:07:10Z
111,37,19,217.62,resale,2026-10-04T16:07:10Z
111,37,20,217.62,resale,2026-10-04T16:07:10Z
111,37,21,217.62,resale,2026-10-04T16:07:10Z
111,37,22,217.62,resale,2026-10-04T16:07:10Z
111,17,12,239.85,resale,2026-10-04T16:07:10Z
111,17,13,239.85,resale,2026-10-04T16:07:10Z
228,26,6,117.0,resale,2026-10-04T16:07:10Z
122,19,7,204.75,resale,2026-10-04T16:07:10Z
122,19,8,204.75,resale,2026-10-04T16:07:10Z
135,7,19,234.0,resale,2026-10-04T16:07:10Z
135,7,20,234.0,resale,2026-10-04T16:07:10Z
136,15,9,234.0,resale,2026-10-04T16:07:10Z
136,15,10,234.0,resale,2026-10-04T16:07:10Z
132,27,3,219.96,resale,2026-10-04T16:07:10Z
132,27,4,219.96,resale,2026-10-04T16:07:10Z
132,27,5,290.16,resale,2026-10-04T16:07:10Z
C3,14,7,234.0,resale,2026-10-04T16:07:10Z
C3,14,8,234.0,resale,2026-10-04T16:07:10Z
C3,14,9,234.0,resale,2026-10-04T16:07:10Z
C3,14,10,234.0,resale,2026-10-04T16:07:10Z
227,10,1,269.1,resale,2026-10-04T16:07:10Z
227,10,2,269.1,resale,2026-10-04T16:07:10Z
203,4,9,351.0,resale,2026-10-04T16:07:10Z
203,4,10,351.0,resale,2026-10-04T16:07:10Z
225,30,5,234.0,resale,2026-10-04T16:07:10Z
225,30,6,234.0,resale,2026-10-04T16:07:10Z
244,9,14,234.0,resale,2026-10-04T16:07:10Z
244,9,15,234.0,resale,2026-10-04T16:07:10Z
235,21,1,321.75,resale,2026-10-04T16:07:10Z
235,21,2,321.75,resale,2026-10-04T16:07:10Z
127,6,7,292.5,resale,2026-10-04T16:07:10Z
127,6,8,292.5,resale,2026-10-04T16:07:10Z
108,16,2,351.0,resale,2026-10-04T16:07:10Z
211,21,3,211.77,resale,2026-10-04T16:07:10Z
211,21,4,211.77,resale,2026-10-04T16:07:10Z
232,4,17,152.1,resale,2026-10-04T16:07:10Z
232,4,18,152.1,resale,2026-10-04T16:07:10Z
NETER1,1,39,280.8,resale,2026-10-04T16:07:10Z
NETER1,1,40,280.8,resale,2026-10-04T16:07:10Z
128,32,21,234.0,resale,2026-10-04T16:07:10Z
128,32,22,234.0,resale,2026-10-04T16:07:10Z
128,33,21,234.0,resale,2026-10-04T16:07:10Z
128,33,22,234.0,resale,2026-10-04T16:07:10Z
C24,17,11,209.43,resale,2026-10-04T16:07:10Z
C24,17,12,209.43,resale,2026-10-04T16:07:10Z
C24,17,13,209.43,resale,2026-10-04T16:07:10Z
C24,17,14,209.43,resale,2026-10-04T16:07:10Z
115,1,5,380.25,resale,2026-10-04T16:07:10Z
115,1,6,380.25,resale,2026-10-04T16:07:10Z
115,1,7,380.25,resale,2026-10-04T16:07:10Z
115,1,8,380.25,resale,2026-10-04T16:07:10Z
C24,8,11,249.21,resale,2026-10-04T16:07:10Z
C24,8,12,249.21,resale,2026-10-04T16:07:10Z
234,13,1,167.31,resale,2026-10-04T16:07:10Z
234,13,2,167.31,resale,2026-10-04T16:07:10Z
130,26,27,175.5,resale,2026-10-04T16:07:10Z
130,26,28,175.5,resale,2026-10-04T16:07:10Z
130,26,29,175.5,resale,2026-10-04T16:07:10Z
130,26,30,175.5,resale,2026-10-04T16:07:10Z
C19,18,10,351.0,resale,2026-10-04T16:07:10Z
C19,18,11,351.0,resale,2026-10-04T16:07:10Z
129,24,1,468.0,resale,2026-10-04T16:07:10Z
129,24,2,468.0,resale,2026-10-04T16:07:10Z
122,3,14,865.8,resale,2026-10-04T16:07:10Z
122,3,15,865.8,resale,2026-10-04T16:07:10Z
242,19,21,409.5,resale,2026-10-04T16:07:10Z
242,19,22,409.5,resale,2026-10-04T16:07:10Z
211,7,20,146.25,resale,2026-10-04T16:07:10Z
211,7,21,146.25,resale,2026-10-04T16:07:10Z
119,18,5,222.3,resale,2026-10-04T16:07:10Z
119,18,6,222.3,resale,2026-10-04T16:07:10Z
210,13,11,163.8,resale,2026-10-04T16:07:10Z
210,13,12,163.8,resale,2026-10-04T16:07:10Z
221,17,8,174.33,resale,2026-10-04T16:07:10Z
221,17,9,174.33,resale,2026-10-04T16:07:10Z
110,5,5,234.0,resale,2026-10-04T16:07:10Z
110,5,6,234.0,resale,2026-10-04T16:07:10Z
242,25,11,169.65,resale,2026-10-04T16:07:10Z
242,25,12,169.65,resale,2026-10-04T16:07:10Z
227,14,12,175.5,resale,2026-10-04T16:07:10Z
227,14,13,175.5,resale,2026-10-04T16:07:10Z
242,11,9,139.23,resale,2026-10-04T16:07:10Z
242,11,10,139.23,resale,2026-10-04T16:07:10Z
224,9,11,285.48,resale,2026-10-04T16:07:10Z
224,9,12,285.48,resale,2026-10-04T16:07:10Z
225,27,25,369.72,resale,2026-10-04T16:07:10Z
225,27,26,369.72,resale,2026-10-04T16:07:10Z
129,11,1,234.0,resale,2026-10-04T16:07:10Z
129,11,2,234.0,resale,2026-10-04T16:07:10Z
126,10,3,174.33,resale,2026-10-04T16:07:10Z
126,10,4,174.33,resale,2026-10-04T16:07:10Z
126,10,5,174.33,resale,2026-10-04T16:07:10Z
126,10,6,174.33,resale,2026-10-04T16:07:10Z
106,22,11,468.0,resale,2026-10-04T16:07:10Z
106,22,12,468.0,resale,2026-10-04T16:07:10Z
131,23,17,548.73,resale,2026-10-04T16:07:10Z
131,23,18,548.73,resale,2026-10-04T16:07:10Z
220,1,15,175.5,resale,2026-10-04T16:07:10Z
220,1,16,175.5,resale,2026-10-04T16:07:10Z
220,1,17,175.5,resale,2026-10-04T16:07:10Z
220,1,18,175.5,resale,2026-10-04T16:07:10Z
243,6,18,245.7,resale,2026-10-04T16:07:10Z
243,6,19,245.7,resale,2026-10-04T16:07:10Z
226,7,15,169.65,resale,2026-10-04T16:07:10Z
226,7,16,169.65,resale,2026-10-04T16:07:10Z
223,25,12,152.1,resale,2026-10-04T16:07:10Z
223,25,13,152.1,resale,2026-10-04T16:07:10Z
215,19,22,127.53,resale,2026-10-04T16:07:10Z
215,19,23,127.53,resale,2026-10-04T16:07:10Z
240,1,21,175.5,resale,2026-10-04T16:07:10Z
240,1,22,175.5,resale,2026-10-04T16:07:10Z
240,1,23,175.5,resale,2026-10-04T16:07:10Z
240,1,24,175.5,resale,2026-10-04T16:07:10Z
126,16,1,243.36,resale,2026-10-04T16:07:10Z
126,16,2,243.36,resale,2026-10-04T16:07:10Z
126,16,3,243.36,resale,2026-10-04T16:07:10Z
126,16,4,243.36,resale,2026-10-04T16:07:10Z
234,21,13,146.25,resale,2026-10-04T16:07:10Z
234,21,14,146.25,resale,2026-10-04T16:07:10Z
202,1,21,214.11,resale,2026-10-04T16:07:10Z
202,1,22,214.11,resale,2026-10-04T16:07:10Z
209,17,11,190.71,resale,2026-10-04T16:07:10Z
209,17,12,190.71,resale,2026-10-04T16:07:10Z
137,19,1,187.2,resale,2026-10-04T16:07:10Z
137,19,2,187.2,resale,2026-10-04T16:07:10Z
137,19,3,187.2,resale,2026-10-04T16:07:10Z
137,19,4,187.2,resale,2026-10-04T16:07:10Z
228,27,17,228.15,resale,2026-10-04T16:07:10Z
228,27,18,228.15,resale,2026-10-04T16:07:10Z
229,8,20,163.8,resale,2026-10-04T16:07:10Z
229,8,21,163.8,resale,2026-10-04T16:07:10Z
229,8,22,163.8,resale,2026-10-04T16:07:10Z
C25,6,15,209.43,resale,2026-10-04T16:07:10Z
C25,6,16,209.43,resale,2026-10-04T16:07:10Z
122,16,11,241.02,resale,2026-10-04T16:07:10Z
122,16,12,241.02,resale,2026-10-04T16:07:10Z
205,17,10,128.7,resale,2026-10-04T16:07:10Z
205,17,11,128.7,resale,2026-10-04T16:07:10Z
205,17,12,128.7,resale,2026-10-04T16:07:10Z
205,17,13,128.7,resale,2026-10-04T16:07:10Z
131,34,22,209.43,resale,2026-10-04T16:07:10Z
131,34,23,209.43,resale,2026-10-04T16:07:10Z
131,34,24,209.43,resale,2026-10-04T16:07:10Z
109,19,5,209.43,resale,2026-10-04T16:07:10Z
109,19,6,209.43,resale,2026-10-04T16:07:10Z
108,28,13,221.13,resale,2026-10-04T16:07:10Z
108,28,14,221.13,resale,2026-10-04T16:07:10Z
C36,14,15,386.1,resale,2026-10-04T16:07:10Z
C36,14,16,386.1,resale,2026-10-04T16:07:10Z
213,9,7,115.83,resale,2026-10-04T16:07:10Z
108,44,1,139.23,resale,2026-10-04T16:07:10Z
108,44,2,139.23,resale,2026-10-04T16:07:10Z
132,2,5,351.0,resale,2026-10-04T16:07:10Z
132,2,6,351.0,resale,2026-10-04T16:07:10Z
123,25,11,228.15,resale,2026-10-04T16:07:10Z
123,25,12,228.15,resale,2026-10-04T16:07:10Z
243,30,24,257.4,resale,2026-10-04T16:07:10Z
122,18,18,497.25,resale,2026-10-04T16:07:10Z
122,18,19,497.25,resale,2026-10-04T16:07:10Z
122,18,20,497.25,resale,2026-10-04T16:07:10Z
228,9,10,234.0,resale,2026-10-04T16:07:10Z
228,9,11,234.0,resale,2026-10-04T16:07:10Z
225,19,23,260.91,resale,2026-10-04T16:07:10Z
225,19,24,260.91,resale,2026-10-04T16:07:10Z
220,27,1,162.63,resale,2026-10-04T16:07:10Z
C20,10,17,292.5,resale,2026-10-04T16:07:10Z
C20,10,18,292.5,resale,2026-10-04T16:07:10Z
222,12,25,163.8,resale,2026-10-04T16:07:10Z
222,12,26,163.8,resale,2026-10-04T16:07:10Z
212,17,18,163.8,resale,2026-10-04T16:07:10Z
212,17,19,163.8,resale,2026-10-04T16:07:10Z
219,4,1,142.74,resale,2026-10-04T16:07:10Z
219,4,2,142.74,resale,2026-10-04T16:07:10Z
110,21,21,321.75,resale,2026-10-04T16:07:10Z
110,21,22,321.75,resale,2026-10-04T16:07:10Z
244,19,3,263.25,resale,2026-10-04T16:07:10Z
244,19,4,263.25,resale,2026-10-04T16:07:10Z
117,10,10,285.48,resale,2026-10-04T16:07:10Z
117,10,11,285.48,resale,2026-10-04T16:07:10Z
126,31,2,175.5,resale,2026-10-04T16:07:10Z
209,15,2,117.0,resale,2026-10-04T16:07:10Z
132,37,5,339.3,resale,2026-10-04T16:07:10Z
122,3,5,372.06,resale,2026-10-04T16:07:10Z
122,3,6,372.06,resale,2026-10-04T16:07:10Z
134,29,3,234.0,resale,2026-10-04T16:07:10Z
134,29,4,234.0,resale,2026-10-04T16:07:10Z
225,13,17,321.75,resale,2026-10-04T16:07:10Z
225,13,18,321.75,resale,2026-10-04T16:07:10Z
225,13,19,321.75,resale,2026-10-04T16:07:10Z
225,13,20,321.75,resale,2026-10-04T16:07:10Z
235,25,13,140.4,resale,2026-10-04T16:07:10Z
235,25,14,140.4,resale,2026-10-04T16:07:10Z
115,31,3,331.11,resale,2026-10-04T16:07:10Z
115,31,4,331.11,resale,2026-10-04T16:07:10Z
111,33,7,181.35,resale,2026-10-04T16:07:10Z
111,33,8,181.35,resale,2026-10-04T16:07:10Z
242,29,23,181.35,resale,2026-10-04T16:07:10Z
242,29,24,181.35,resale,2026-10-04T16:07:10Z
240,24,21,175.5,resale,2026-10-04T16:07:10Z
125,22,3,234.0,resale,2026-10-04T16:07:10Z
125,22,4,234.0,resale,2026-10-04T16:07:10Z
129,4,2,321.75,resale,2026-10-04T16:07:10Z
129,4,3,321.75,resale,2026-10-04T16:07:10Z
201,11,17,198.9,resale,2026-10-04T16:07:10Z
201,11,18,198.9,resale,2026-10-04T16:07:10Z
242,6,13,234.0,resale,2026-10-04T16:07:10Z
242,6,14,234.0,resale,2026-10-04T16:07:10Z
125,24,15,163.8,resale,2026-10-04T16:07:10Z
125,24,16,163.8,resale,2026-10-04T16:07:10Z
204,22,6,222.3,resale,2026-10-04T16:07:10Z
204,22,7,222.3,resale,2026-10-04T16:07:10Z
113,22,13,292.5,resale,2026-10-04T16:07:10Z
113,22,14,292.5,resale,2026-10-04T16:07:10Z
110,37,11,224.64,resale,2026-10-04T16:07:10Z
110,37,12,224.64,resale,2026-10-04T16:07:10Z
C24,10,1,327.6,resale,2026-10-04T16:07:10Z
C24,10,2,327.6,resale,2026-10-04T16:07:10Z
C24,10,3,327.6,resale,2026-10-04T16:07:10Z
C24,10,4,327.6,resale,2026-10-04T16:07:10Z
105,14,18,234.0,resale,2026-10-04T16:07:10Z
105,14,19,234.0,resale,2026-10-04T16:07:10Z
105,14,20,234.0,resale,2026-10-04T16:07:10Z
105,14,21,234.0,resale,2026-10-04T16:07:10Z
222,22,9,119.34,resale,2026-10-04T16:07:10Z
222,22,10,119.34,resale,2026-10-04T16:07:10Z
109,30,9,163.8,resale,2026-10-04T16:07:10Z
109,30,10,163.8,resale,2026-10-04T16:07:10Z
130,18,30,216.45,resale,2026-10-04T16:07:10Z
215,20,23,152.1,resale,2026-10-04T16:07:10Z
215,20,24,152.1,resale,2026-10-04T16:07:10Z
130,7,12,292.5,resale,2026-10-04T16:07:10Z
130,7,13,292.5,resale,2026-10-04T16:07:10Z
106,6,14,351.0,resale,2026-10-04T16:07:10Z
106,6,15,351.0,resale,2026-10-04T16:07:10Z
106,6,16,351.0,resale,2026-10-04T16:07:10Z
229,3,17,216.45,resale,2026-10-04T16:07:10Z
229,3,18,216.45,resale,2026-10-04T16:07:10Z
229,3,19,216.45,resale,2026-10-04T16:07:10Z
229,3,20,216.45,resale,2026-10-04T16:07:10Z
117,13,9,388.44,resale,2026-10-04T16:07:10Z
117,13,10,388.44,resale,2026-10-04T16:07:10Z
117,13,11,388.44,resale,2026-10-04T16:07:10Z
117,13,12,388.44,resale,2026-10-04T16:07:10Z
117,13,13,388.44,resale,2026-10-04T16:07:10Z
218,15,22,204.75,resale,2026-10-04T16:07:10Z
131,18,17,198.9,resale,2026-10-04T16:07:10Z
131,18,18,198.9,resale,2026-10-04T16:07:10Z
131,18,19,198.9,resale,2026-10-04T16:07:10Z
131,18,20,198.9,resale,2026-10-04T16:07:10Z
131,18,21,198.9,resale,2026-10-04T16:07:10Z
220,22,16,115.83,resale,2026-10-04T16:07:10Z
220,22,17,115.83,resale,2026-10-04T16:07:10Z
111,24,23,216.45,resale,2026-10-04T16:07:10Z
111,24,24,216.45,resale,2026-10-04T16:07:10Z
118,12,10,187.2,resale,2026-10-04T16:07:10Z
118,12,11,187.2,resale,2026-10-04T16:07:10Z
222,21,3,117.0,resale,2026-10-04T16:07:10Z
222,21,4,117.0,resale,2026-10-04T16:07:10Z
204,29,1,234.0,resale,2026-10-04T16:07:10Z
204,29,2,234.0,resale,2026-10-04T16:07:10Z
120,8,10,394.29,resale,2026-10-04T16:07:10Z
120,8,11,394.29,resale,2026-10-04T16:07:10Z
233,21,16,117.0,resale,2026-10-04T16:07:10Z
233,21,17,117.0,resale,2026-10-04T16:07:10Z
103,34,3,351.0,resale,2026-10-04T16:07:10Z
103,34,4,351.0,resale,2026-10-04T16:07:10Z
124,26,4,204.75,resale,2026-10-04T16:07:10Z
127,9,10,409.5,resale,2026-10-04T16:07:10Z
127,9,11,409.5,resale,2026-10-04T16:07:10Z
127,9,12,409.5,resale,2026-10-04T16:07:10Z
127,9,13,409.5,resale,2026-10-04T16:07:10Z
223,26,7,134.55,resale,2026-10-04T16:07:10Z
223,26,8,134.55,resale,2026-10-04T16:07:10Z
223,26,9,134.55,resale,2026-10-04T16:07:10Z
236,20,6,204.75,resale,2026-10-04T16:07:10Z
236,20,7,204.75,resale,2026-10-04T16:07:10Z
216,20,3,243.36,resale,2026-10-04T16:07:10Z
216,20,4,243.36,resale,2026-10-04T16:07:10Z
136,19,9,292.5,resale,2026-10-04T16:07:10Z
136,19,10,292.5,resale,2026-10-04T16:07:10Z
136,19,11,292.5,resale,2026-10-04T16:07:10Z
136,19,12,292.5,resale,2026-10-04T16:07:10Z
223,6,18,257.4,resale,2026-10-04T16:07:10Z
223,6,19,257.4,resale,2026-10-04T16:07:10Z
219,12,11,128.7,resale,2026-10-04T16:07:10Z
219,12,12,128.7,resale,2026-10-04T16:07:10Z
206,11,10,193.05,resale,2026-10-04T16:07:10Z
227,28,10,117.0,resale,2026-10-04T16:07:10Z
227,28,11,117.0,resale,2026-10-04T16:07:10Z
206,18,21,263.25,resale,2026-10-04T16:07:10Z
206,18,22,263.25,resale,2026-10-04T16:07:10Z
241,14,11,169.65,resale,2026-10-04T16:07:10Z
231,18,7,181.35,resale,2026-10-04T16:07:10Z
231,18,8,181.35,resale,2026-10-04T16:07:10Z
231,18,9,181.35,resale,2026-10-04T16:07:10Z
231,18,10,181.35,resale,2026-10-04T16:07:10Z
C20,2,5,679.77,resale,2026-10-04T16:07:10Z
C20,2,6,679.77,resale,2026-10-04T16:07:10Z
C20,2,7,679.77,resale,2026-10-04T16:07:10Z
C20,2,8,679.77,resale,2026-10-04T16:07:10Z
C20,2,9,679.77,resale,2026-10-04T16:07:10Z
111,34,5,140.4,resale,2026-10-04T16:07:10Z
111,34,6,140.4,resale,2026-10-04T16:07:10Z
219,18,17,115.83,resale,2026-10-04T16:07:10Z
219,18,18,115.83,resale,2026-10-04T16:07:10Z
103,26,16,468.0,resale,2026-10-04T16:07:10Z
204,12,23,153.27,resale,2026-10-04T16:07:10Z
204,12,24,153.27,resale,2026-10-04T16:07:10Z
C38,11,16,263.25,resale,2026-10-04T16:07:10Z
241,5,3,351.0,resale,2026-10-04T16:07:10Z
241,5,4,351.0,resale,2026-10-04T16:07:10Z
C26,17,13,351.0,resale,2026-10-04T16:07:10Z
C26,17,14,351.0,resale,2026-10-04T16:07:10Z
113,20,11,175.5,resale,2026-10-04T16:07:10Z
113,20,12,175.5,resale,2026-10-04T16:07:10Z
113,20,13,175.5,resale,2026-10-04T16:07:10Z
235,17,12,163.8,resale,2026-10-04T16:07:10Z
235,17,13,163.8,resale,2026-10-04T16:07:10Z
209,9,1,210.6,resale,2026-10-04T16:07:10Z
209,9,2,210.6,resale,2026-10-04T16:07:10Z
129,4,25,329.94,resale,2026-10-04T16:07:10Z
129,4,26,329.94,resale,2026-10-04T16:07:10Z
C25,6,7,292.5,resale,2026-10-04T16:07:10Z
C25,6,8,292.5,resale,2026-10-04T16:07:10Z
C25,6,9,292.5,resale,2026-10-04T16:07:10Z
C25,6,10,292.5,resale,2026-10-04T16:07:10Z
123,28,21,351.0,resale,2026-10-04T16:07:10Z
123,28,22,351.0,resale,2026-10-04T16:07:10Z
230,14,7,315.9,resale,2026-10-04T16:07:10Z
112,16,19,117.0,resale,2026-10-04T16:07:10Z
112,16,20,117.0,resale,2026-10-04T16:07:10Z
136,22,11,374.4,resale,2026-10-04T16:07:10Z
136,22,12,374.4,resale,2026-10-04T16:07:10Z
103,12,17,351.0,resale,2026-10-04T16:07:10Z
103,12,18,351.0,resale,2026-10-04T16:07:10Z
121,3,3,351.0,resale,2026-10-04T16:07:10Z
121,3,4,351.0,resale,2026-10-04T16:07:10Z
121,3,5,351.0,resale,2026-10-04T16:07:10Z
121,3,6,351.0,resale,2026-10-04T16:07:10Z
206,13,25,107.64,resale,2026-10-04T16:07:10Z
206,13,26,107.64,resale,2026-10-04T16:07:10Z
206,13,27,107.64,resale,2026-10-04T16:07:10Z
206,13,28,107.64,resale,2026-10-04T16:07:10Z
243,18,9,105.3,resale,2026-10-04T16:07:10Z
243,18,10,105.3,resale,2026-10-04T16:07:10Z
C1,10,13,370.89,resale,2026-10-04T16:07:10Z
C1,10,14,370.89,resale,2026-10-04T16:07:10Z
102,23,11,409.5,resale,2026-10-04T16:07:10Z
102,23,12,409.5,resale,2026-10-04T16:07:10Z
221,14,10,150.93,resale,2026-10-04T16:07:10Z
204,11,23,146.25,resale,2026-10-04T16:07:10Z
204,11,24,146.25,resale,2026-10-04T16:07:10Z
126,33,10,234.0,resale,2026-10-04T16:07:10Z
230,25,5,175.5,resale,2026-10-04T16:07:10Z
230,25,6,175.5,resale,2026-10-04T16:07:10Z
C23,18,14,351.0,resale,2026-10-04T16:07:10Z
C23,18,15,351.0,resale,2026-10-04T16:07:10Z
C23,18,16,351.0,resale,2026-10-04T16:07:10Z
C23,18,17,351.0,resale,2026-10-04T16:07:10Z
107,14,11,198.9,resale,2026-10-04T16:07:10Z
107,14,12,198.9,resale,2026-10-04T16:07:10Z
203,1,7,234.0,resale,2026-10-04T16:07:10Z
203,1,8,234.0,resale,2026-10-04T16:07:10Z
231,13,14,234.0,resale,2026-10-04T16:07:10Z
231,13,15,234.0,resale,2026-10-04T16:07:10Z
109,15,12,198.9,resale,2026-10-04T16:07:10Z
109,15,13,198.9,resale,2026-10-04T16:07:10Z
106,29,26,292.5,resale,2026-10-04T16:07:10Z
106,29,27,292.5,resale,2026-10-04T16:07:10Z
C20,3,1,408.33,resale,2026-10-04T16:07:10Z
C20,3,2,408.33,resale,2026-10-04T16:07:10Z
C20,3,3,408.33,resale,2026-10-04T16:07:10Z
C20,3,4,408.33,resale,2026-10-04T16:07:10Z
234,11,25,234.0,resale,2026-10-04T16:07:10Z
234,11,26,234.0,resale,2026-10-04T16:07:10Z
234,11,27,234.0,resale,2026-10-04T16:07:10Z
234,11,28,234.0,resale,2026-10-04T16:07:10Z
C37,15,10,409.5,resale,2026-10-04T16:07:10Z
C37,15,11,409.5,resale,2026-10-04T16:07:10Z
C38,18,7,397.8,resale,2026-10-04T16:07:10Z
210,17,3,234.0,resale,2026-10-04T16:07:10Z
210,17,4,234.0,resale,2026-10-04T16:07:10Z
126,23,1,234.0,resale,2026-10-04T16:07:10Z
126,23,2,234.0,resale,2026-10-04T16:07:10Z
126,23,3,234.0,resale,2026-10-04T16:07:10Z
126,23,4,234.0,resale,2026-10-04T16:07:10Z
205,27,7,211.77,resale,2026-10-04T16:07:10Z
126,30,3,175.5,resale,2026-10-04T16:07:10Z
126,30,4,175.5,resale,2026-10-04T16:07:10Z
130,15,15,175.5,resale,2026-10-04T16:07:10Z
209,14,11,157.95,resale,2026-10-04T16:07:10Z
243,26,19,105.3,resale,2026-10-04T16:07:10Z
243,26,20,105.3,resale,2026-10-04T16:07:10Z
201,20,33,244.53,resale,2026-10-04T16:07:10Z
201,20,34,244.53,resale,2026-10-04T16:07:10Z
201,20,35,244.53,resale,2026-10-04T16:07:10Z
201,20,36,244.53,resale,2026-10-04T16:07:10Z
C22,11,30,937.17,resale,2026-10-04T16:07:10Z
C22,11,31,937.17,resale,2026-10-04T16:07:10Z
136,19,15,351.0,resale,2026-10-04T16:07:10Z
136,19,16,351.0,resale,2026-10-04T16:07:10Z
231,25,20,99.45,resale,2026-10-04T16:07:10Z
231,25,21,99.45,resale,2026-10-04T16:07:10Z
213,12,15,175.5,resale,2026-10-04T16:07:10Z
213,12,16,175.5,resale,2026-10-04T16:07:10Z
213,12,17,175.5,resale,2026-10-04T16:07:10Z
117,29,13,263.25,resale,2026-10-04T16:07:10Z
117,29,14,263.25,resale,2026-10-04T16:07:10Z
117,29,15,263.25,resale,2026-10-04T16:07:10Z
117,29,16,263.25,resale,2026-10-04T16:07:10Z
108,12,1,269.1,resale,2026-10-04T16:07:10Z
108,12,2,269.1,resale,2026-10-04T16:07:10Z
108,12,3,269.1,resale,2026-10-04T16:07:10Z
125,22,5,345.15,resale,2026-10-04T16:07:10Z
125,22,6,345.15,resale,2026-10-04T16:07:10Z
125,22,7,345.15,resale,2026-10-04T16:07:10Z
219,4,11,234.0,resale,2026-10-04T16:07:10Z
219,4,12,234.0,resale,2026-10-04T16:07:10Z
138,17,20,321.75,resale,2026-10-04T16:07:10Z
138,17,21,321.75,resale,2026-10-04T16:07:10Z
111,31,13,260.91,resale,2026-10-04T16:07:10Z
111,31,14,260.91,resale,2026-10-04T16:07:10Z
115,24,15,297.18,resale,2026-10-04T16:07:10Z
115,24,16,297.18,resale,2026-10-04T16:07:10Z
219,19,19,146.25,resale,2026-10-04T16:07:10Z
219,19,20,146.25,resale,2026-10-04T16:07:10Z
131,35,8,263.25,resale,2026-10-04T16:07:10Z
131,35,9,263.25,resale,2026-10-04T16:07:10Z
131,35,10,263.25,resale,2026-10-04T16:07:10Z
131,35,11,263.25,resale,2026-10-04T16:07:10Z
102,6,7,526.5,resale,2026-10-04T16:07:10Z
102,6,8,526.5,resale,2026-10-04T16:07:10Z
102,6,9,526.5,resale,2026-10-04T16:07:10Z
102,6,10,526.5,resale,2026-10-04T16:07:10Z
102,6,11,526.5,resale,2026-10-04T16:07:10Z
215,19,15,228.15,resale,2026-10-04T16:07:10Z
215,19,16,228.15,resale,2026-10-04T16:07:10Z
201,16,22,187.2,resale,2026-10-04T16:07:10Z
201,16,23,187.2,resale,2026-10-04T16:07:10Z
131,17,20,174.33,resale,2026-10-04T16:07:10Z
131,17,21,174.33,resale,2026-10-04T16:07:10Z
C23,16,20,249.21,resale,2026-10-04T16:07:10Z
C23,16,21,249.21,resale,2026-10-04T16:07:10Z
C25,1,20,271.44,resale,2026-10-04T16:07:10Z
C25,1,21,271.44,resale,2026-10-04T16:07:10Z
106,1,13,702.0,resale,2026-10-04T16:07:10Z
102,10,10,462.15,resale,2026-10-04T16:07:10Z
NETER3,2,19,187.2,resale,2026-10-04T16:07:10Z
NETER3,2,20,187.2,resale,2026-10-04T16:07:10Z
NETER3,2,21,187.2,resale,2026-10-04T16:07:10Z
NETER3,2,22,187.2,resale,2026-10-04T16:07:10Z
126,12,10,204.75,resale,2026-10-04T16:07:10Z
120,14,19,468.0,resale,2026-10-04T16:07:10Z
120,14,20,468.0,resale,2026-10-04T16:07:10Z
205,23,3,115.83,resale,2026-10-04T16:07:10Z
205,23,4,115.83,resale,2026-10-04T16:07:10Z
119,15,11,526.5,resale,2026-10-04T16:07:10Z
213,11,3,111.15,resale,2026-10-04T16:07:10Z
213,11,4,111.15,resale,2026-10-04T16:07:10Z
118,18,15,409.5,resale,2026-10-04T16:07:10Z
118,18,16,409.5,resale,2026-10-04T16:07:10Z
241,28,15,181.35,resale,2026-10-04T16:07:10Z
241,28,16,181.35,resale,2026-10-04T16:07:10Z
231,26,4,198.9,resale,2026-10-04T16:07:10Z
231,26,5,198.9,resale,2026-10-04T16:07:10Z
106,29,14,349.83,resale,2026-10-04T16:07:10Z
106,29,15,349.83,resale,2026-10-04T16:07:10Z
106,29,16,349.83,resale,2026-10-04T16:07:10Z
106,29,17,349.83,resale,2026-10-04T16:07:10Z
117,13,20,274.95,resale,2026-10-04T16:07:10Z
117,13,21,274.95,resale,2026-10-04T16:07:10Z
203,24,8,234.0,resale,2026-10-04T16:07:10Z
203,24,9,234.0,resale,2026-10-04T16:07:10Z
119,16,19,390.78,resale,2026-10-04T16:07:10Z
201,20,15,163.8,resale,2026-10-04T16:07:10Z
201,20,16,163.8,resale,2026-10-04T16:07:10Z
209,17,21,234.0,resale,2026-10-04T16:07:10Z
209,17,22,234.0,resale,2026-10-04T16:07:10Z
217,9,13,163.8,resale,2026-10-04T16:07:10Z
217,9,14,163.8,resale,2026-10-04T16:07:10Z
119,25,14,263.25,resale,2026-10-04T16:07:10Z
119,25,15,263.25,resale,2026-10-04T16:07:10Z
C3,16,5,332.28,resale,2026-10-04T16:07:10Z
C3,16,6,332.28,resale,2026-10-04T16:07:10Z
110,1,29,409.5,resale,2026-10-04T16:07:10Z
110,1,30,409.5,resale,2026-10-04T16:07:10Z
233,9,5,146.25,resale,2026-10-04T16:07:10Z
233,9,6,146.25,resale,2026-10-04T16:07:10Z
C4,16,22,292.5,resale,2026-10-04T16:07:10Z
C4,16,23,292.5,resale,2026-10-04T16:07:10Z
213,16,9,111.15,resale,2026-10-04T16:07:10Z
213,16,10,111.15,resale,2026-10-04T16:07:10Z
C35,7,7,450.45,resale,2026-10-04T16:07:10Z
C35,7,8,450.45,resale,2026-10-04T16:07:10Z
C23,8,12,292.5,resale,2026-10-04T16:07:10Z
C23,8,13,292.5,resale,2026-10-04T16:07:10Z
128,14,19,210.6,resale,2026-10-04T16:07:10Z
130,13,32,222.3,resale,2026-10-04T16:07:10Z
123,25,3,228.15,resale,2026-10-04T16:07:10Z
123,25,4,228.15,resale,2026-10-04T16:07:10Z
130,33,22,222.3,resale,2026-10-04T16:07:10Z
130,33,23,222.3,resale,2026-10-04T16:07:10Z
229,12,16,117.0,resale,2026-10-04T16:07:10Z
243,10,19,128.7,resale,2026-10-04T16:07:10Z
243,10,20,128.7,resale,2026-10-04T16:07:10Z
243,30,13,257.4,resale,2026-10-04T16:07:10Z
243,30,14,257.4,resale,2026-10-04T16:07:10Z
243,30,15,257.4,resale,2026-10-04T16:07:10Z
243,30,16,257.4,resale,2026-10-04T16:07:10Z
114,23,5,146.25,resale,2026-10-04T16:07:10Z
114,23,6,146.25,resale,2026-10-04T16:07:10Z
223,23,3,140.4,resale,2026-10-04T16:07:10Z
223,23,4,140.4,resale,2026-10-04T16:07:10Z
207,30,16,128.7,resale,2026-10-04T16:07:10Z
207,30,17,128.7,resale,2026-10-04T16:07:10Z
207,30,18,128.7,resale,2026-10-04T16:07:10Z
202,10,10,117.0,resale,2026-10-04T16:07:10Z
202,10,11,117.0,resale,2026-10-04T16:07:10Z
202,10,12,117.0,resale,2026-10-04T16:07:10Z
202,10,13,117.0,resale,2026-10-04T16:07:10Z
242,11,5,117.0,resale,2026-10-04T16:07:10Z
242,11,6,117.0,resale,2026-10-04T16:07:10Z
127,27,20,321.75,resale,2026-10-04T16:07:10Z
127,27,21,321.75,resale,2026-10-04T16:07:10Z
228,20,3,132.21,resale,2026-10-04T16:07:10Z
228,20,4,132.21,resale,2026-10-04T16:07:10Z
132,20,8,269.1,resale,2026-10-04T16:07:10Z
115,30,13,204.75,resale,2026-10-04T16:07:10Z
115,30,14,204.75,resale,2026-10-04T16:07:10Z
110,9,18,146.25,resale,2026-10-04T16:07:10Z
110,9,19,146.25,resale,2026-10-04T16:07:10Z
244,26,15,186.03,resale,2026-10-04T16:07:10Z
244,26,16,186.03,resale,2026-10-04T16:07:10Z
111,26,21,156.78,resale,2026-10-04T16:07:10Z
111,26,22,156.78,resale,2026-10-04T16:07:10Z
230,18,3,257.4,resale,2026-10-04T16:07:10Z
230,18,4,257.4,resale,2026-10-04T16:07:10Z
230,18,5,257.4,resale,2026-10-04T16:07:10Z
123,19,21,234.0,resale,2026-10-04T16:07:10Z
123,19,22,234.0,resale,2026-10-04T16:07:10Z
233,18,1,150.93,resale,2026-10-04T16:07:10Z
233,18,2,150.93,resale,2026-10-04T16:07:10Z
228,21,19,188.37,resale,2026-10-04T16:07:10Z
228,21,20,188.37,resale,2026-10-04T16:07:10Z
221,27,17,146.25,resale,2026-10-04T16:07:10Z
221,27,18,146.25,resale,2026-10-04T16:07:10Z
201,8,19,251.55,resale,2026-10-04T16:07:10Z
201,8,20,251.55,resale,2026-10-04T16:07:10Z
201,8,21,251.55,resale,2026-10-04T16:07:10Z
201,8,22,251.55,resale,2026-10-04T16:07:10Z
240,1,1,234.0,resale,2026-10-04T16:07:10Z
240,1,2,234.0,resale,2026-10-04T16:07:10Z
207,30,29,117.0,resale,2026-10-04T16:07:10Z
207,30,30,117.0,resale,2026-10-04T16:07:10Z
106,24,11,263.25,resale,2026-10-04T16:07:10Z
106,24,12,263.25,resale,2026-10-04T16:07:10Z
209,15,3,212.94,resale,2026-10-04T16:07:10Z
201,1,21,204.75,resale,2026-10-04T16:07:10Z
201,1,22,204.75,resale,2026-10-04T16:07:10Z
230,24,4,175.5,resale,2026-10-04T16:07:10Z
230,24,5,175.5,resale,2026-10-04T16:07:10Z
C27,16,7,380.25,resale,2026-10-04T16:07:10Z
C27,16,8,380.25,resale,2026-10-04T16:07:10Z
114,24,1,169.65,resale,2026-10-04T16:07:10Z
114,24,2,169.65,resale,2026-10-04T16:07:10Z
231,24,15,274.95,resale,2026-10-04T16:07:10Z
231,24,16,274.95,resale,2026-10-04T16:07:10Z
112,14,14,198.9,resale,2026-10-04T16:07:10Z
112,14,15,198.9,resale,2026-10-04T16:07:10Z
137,26,7,292.5,resale,2026-10-04T16:07:10Z
137,26,8,292.5,resale,2026-10-04T16:07:10Z
227,16,14,131.04,resale,2026-10-04T16:07:10Z
201,20,1,162.63,resale,2026-10-04T16:07:10Z
201,20,2,162.63,resale,2026-10-04T16:07:10Z
C22,19,8,1140.75,resale,2026-10-04T16:07:10Z
C22,19,9,1140.75,resale,2026-10-04T16:07:10Z
132,20,6,210.6,resale,2026-10-04T16:07:10Z
132,20,7,210.6,resale,2026-10-04T16:07:10Z
111,19,21,198.9,resale,2026-10-04T16:07:10Z
111,19,22,198.9,resale,2026-10-04T16:07:10Z
105,9,1,234.0,resale,2026-10-04T16:07:10Z
105,9,2,234.0,resale,2026-10-04T16:07:10Z
105,9,3,234.0,resale,2026-10-04T16:07:10Z
105,9,4,234.0,resale,2026-10-04T16:07:10Z
228,25,7,175.5,resale,2026-10-04T16:07:10Z
228,25,8,175.5,resale,2026-10-04T16:07:10Z
233,13,1,104.13,resale,2026-10-04T16:07:10Z
233,13,2,104.13,resale,2026-10-04T16:07:10Z
210,18,1,117.0,resale,2026-10-04T16:07:10Z
210,18,2,117.0,resale,2026-10-04T16:07:10Z
102,20,7,246.87,resale,2026-10-04T16:07:10Z
102,20,8,246.87,resale,2026-10-04T16:07:10Z
225,18,28,120.51,resale,2026-10-04T16:07:10Z
225,18,29,120.51,resale,2026-10-04T16:07:10Z
224,12,19,146.25,resale,2026-10-04T16:07:10Z
224,12,20,146.25,resale,2026-10-04T16:07:10Z
105,6,5,292.5,resale,2026-10-04T16:07:10Z
105,6,6,292.5,resale,2026-10-04T16:07:10Z
105,6,7,292.5,resale,2026-10-04T16:07:10Z
105,6,8,292.5,resale,2026-10-04T16:07:10Z
138,29,23,491.4,resale,2026-10-04T16:07:10Z
138,29,24,491.4,resale,2026-10-04T16:07:10Z
239,3,11,195.39,resale,2026-10-04T16:07:10Z
239,3,12,195.39,resale,2026-10-04T16:07:10Z
116,16,13,263.25,resale,2026-10-04T16:07:10Z
116,16,14,263.25,resale,2026-10-04T16:07:10Z
241,22,24,126.36,resale,2026-10-04T16:07:10Z
241,22,25,126.36,resale,2026-10-04T16:07:10Z
111,3,32,409.5,resale,2026-10-04T16:07:10Z
118,11,13,234.0,resale,2026-10-04T16:07:10Z
118,11,14,234.0,resale,2026-10-04T16:07:10Z
221,8,17,204.75,resale,2026-10-04T16:07:10Z
221,8,18,204.75,resale,2026-10-04T16:07:10Z
221,8,19,204.75,resale,2026-10-04T16:07:10Z
219,11,7,223.47,resale,2026-10-04T16:07:10Z
219,11,8,223.47,resale,2026-10-04T16:07:10Z
209,1,10,234.0,resale,2026-10-04T16:07:10Z
209,1,11,234.0,resale,2026-10-04T16:07:10Z
117,26,13,181.35,resale,2026-10-04T16:07:10Z
117,26,14,181.35,resale,2026-10-04T16:07:10Z
221,10,3,166.14,resale,2026-10-04T16:07:10Z
221,10,4,166.14,resale,2026-10-04T16:07:10Z
226,26,1,140.4,resale,2026-10-04T16:07:10Z
226,26,2,140.4,resale,2026-10-04T16:07:10Z
NETER1,4,35,234.0,resale,2026-10-04T16:07:10Z
NETER1,4,36,234.0,resale,2026-10-04T16:07:10Z
134,34,23,468.0,resale,2026-10-04T16:07:10Z
223,18,15,234.0,resale,2026-10-04T16:07:10Z
223,18,16,234.0,resale,2026-10-04T16:07:10Z
223,28,24,134.55,resale,2026-10-04T16:07:10Z
223,28,25,134.55,resale,2026-10-04T16:07:10Z
243,23,7,117.0,resale,2026-10-04T16:07:10Z
243,23,8,117.0,resale,2026-10-04T16:07:10Z
243,23,9,117.0,resale,2026-10-04T16:07:10Z
230,10,25,146.25,resale,2026-10-04T16:07:10Z
230,10,26,146.25,resale,2026-10-04T16:07:10Z
105,26,11,321.75,resale,2026-10-04T16:07:10Z
105,26,12,321.75,resale,2026-10-04T16:07:10Z
201,26,38,257.4,resale,2026-10-04T16:07:10Z
216,3,3,180.18,resale,2026-10-04T16:07:10Z
216,3,4,180.18,resale,2026-10-04T16:07:10Z
235,18,17,117.0,resale,2026-10-04T16:07:10Z
220,14,25,146.25,resale,2026-10-04T16:07:10Z
220,14,26,146.25,resale,2026-10-04T16:07:10Z
C23,5,22,1082.25,resale,2026-10-04T16:07:10Z
C23,5,23,1082.25,resale,2026-10-04T16:07:10Z
110,16,5,315.9,resale,2026-10-04T16:07:10Z
110,16,6,315.9,resale,2026-10-04T16:07:10Z
110,16,7,315.9,resale,2026-10-04T16:07:10Z
110,16,8,315.9,resale,2026-10-04T16:07:10Z
132,27,6,146.25,resale,2026-10-04T16:07:10Z
226,7,19,187.2,resale,2026-10-04T16:07:10Z
226,7,20,187.2,resale,2026-10-04T16:07:10Z
226,7,21,187.2,resale,2026-10-04T16:07:10Z
226,7,22,187.2,resale,2026-10-04T16:07:10Z
228,30,34,280.8,resale,2026-10-04T16:07:10Z
228,30,35,280.8,resale,2026-10-04T16:07:10Z
130,17,6,526.5,resale,2026-10-04T16:07:10Z
130,17,7,526.5,resale,2026-10-04T16:07:10Z
137,19,5,263.25,resale,2026-10-04T16:07:10Z
137,19,6,263.25,resale,2026-10-04T16:07:10Z
137,19,7,263.25,resale,2026-10-04T16:07:10Z
137,19,8,263.25,resale,2026-10-04T16:07:10Z
134,8,9,234.0,resale,2026-10-04T16:07:10Z
134,8,10,234.0,resale,2026-10-04T16:07:10Z
209,21,25,117.0,resale,2026-10-04T16:07:10Z
209,21,26,117.0,resale,2026-10-04T16:07:10Z
209,21,27,117.0,resale,2026-10-04T16:07:10Z
209,21,28,117.0,resale,2026-10-04T16:07:10Z
234,21,6,146.25,resale,2026-10-04T16:07:10Z
223,28,11,198.9,resale,2026-10-04T16:07:10Z
223,28,12,198.9,resale,2026-10-04T16:07:10Z
107,34,1,245.7,resale,2026-10-04T16:07:10Z
107,34,2,245.7,resale,2026-10-04T16:07:10Z
107,34,3,245.7,resale,2026-10-04T16:07:10Z
217,1,4,163.8,resale,2026-10-04T16:07:10Z
217,1,5,163.8,resale,2026-10-04T16:07:10Z
108,38,22,189.54,resale,2026-10-04T16:07:10Z
108,38,23,189.54,resale,2026-10-04T16:07:10Z
132,12,3,187.2,resale,2026-10-04T16:07:10Z
132,12,4,187.2,resale,2026-10-04T16:07:10Z
229,22,13,230.49,resale,2026-10-04T16:07:10Z
229,22,14,230.49,resale,2026-10-04T16:07:10Z
C6,14,13,292.5,resale,2026-10-04T16:07:10Z
C6,14,14,292.5,resale,2026-10-04T16:07:10Z
244,20,7,163.8,resale,2026-10-04T16:07:10Z
244,20,8,163.8,resale,2026-10-04T16:07:10Z
111,9,5,332.28,resale,2026-10-04T16:07:10Z
111,9,6,332.28,resale,2026-10-04T16:07:10Z
240,14,24,204.75,resale,2026-10-04T16:07:10Z
240,14,25,204.75,resale,2026-10-04T16:07:10Z
223,10,15,190.71,resale,2026-10-04T16:07:10Z
223,10,16,190.71,resale,2026-10-04T16:07:10Z
114,22,15,234.0,resale,2026-10-04T16:07:10Z
114,22,16,234.0,resale,2026-10-04T16:07:10Z
114,22,17,234.0,resale,2026-10-04T16:07:10Z
104,10,5,263.25,resale,2026-10-04T16:07:10Z
104,10,6,263.25,resale,2026-10-04T16:07:10Z
122,20,4,760.5,resale,2026-10-04T16:07:10Z
122,20,5,760.5,resale,2026-10-04T16:07:10Z
111,37,2,234.0,resale,2026-10-04T16:07:10Z
111,37,3,234.0,resale,2026-10-04T16:07:10Z
C18,3,9,427.05,resale,2026-10-04T16:07:10Z
C18,3,10,427.05,resale,2026-10-04T16:07:10Z
206,25,6,117.0,resale,2026-10-04T16:07:10Z
206,25,7,117.0,resale,2026-10-04T16:07:10Z
206,25,14,117.0,resale,2026-10-04T16:07:10Z
206,25,15,117.0,resale,2026-10-04T16:07:10Z
121,18,21,234.0,resale,2026-10-04T16:07:10Z
121,18,22,234.0,resale,2026-10-04T16:07:10Z
121,18,23,234.0,resale,2026-10-04T16:07:10Z
121,18,24,234.0,resale,2026-10-04T16:07:10Z
204,5,8,228.15,resale,2026-10-04T16:07:10Z
204,5,9,228.15,resale,2026-10-04T16:07:10Z
C18,4,5,351.0,resale,2026-10-04T16:07:10Z
C18,4,6,351.0,resale,2026-10-04T16:07:10Z
206,16,1,140.4,resale,2026-10-04T16:07:10Z
206,16,2,140.4,resale,2026-10-04T16:07:10Z
206,6,10,134.55,resale,2026-10-04T16:07:10Z
206,6,11,134.55,resale,2026-10-04T16:07:10Z
206,6,12,134.55,resale,2026-10-04T16:07:10Z
206,6,13,134.55,resale,2026-10-04T16:07:10Z
SWTER1,3,27,204.75,resale,2026-10-04T16:07:10Z
SWTER1,3,28,204.75,resale,2026-10-04T16:07:10Z
SWTER1,3,29,204.75,resale,2026-10-04T16:07:10Z
SWTER1,3,30,204.75,resale,2026-10-04T16:07:10Z
M10,18,23,152.1,resale,2026-10-04T16:07:10Z
M10,18,24,152.1,resale,2026-10-04T16:07:10Z
227,24,21,140.4,resale,2026-10-04T16:07:10Z
227,24,22,140.4,resale,2026-10-04T16:07:10Z
109,26,21,181.35,resale,2026-10-04T16:07:10Z
109,26,22,181.35,resale,2026-10-04T16:07:10Z
123,27,11,234.0,resale,2026-10-04T16:07:10Z
123,27,12,234.0,resale,2026-10-04T16:07:10Z
244,30,8,187.2,resale,2026-10-04T16:07:10Z
244,30,9,187.2,resale,2026-10-04T16:07:10Z
109,24,22,351.0,resale,2026-10-04T16:07:10Z
109,24,23,351.0,resale,2026-10-04T16:07:10Z
109,24,24,351.0,resale,2026-10-04T16:07:10Z
109,24,25,351.0,resale,2026-10-04T16:07:10Z
221,22,7,203.58,resale,2026-10-04T16:07:10Z
221,22,8,203.58,resale,2026-10-04T16:07:10Z
221,22,9,203.58,resale,2026-10-04T16:07:10Z
128,33,9,175.5,resale,2026-10-04T16:07:10Z
128,33,10,175.5,resale,2026-10-04T16:07:10Z
104,23,17,292.5,resale,2026-10-04T16:07:10Z
104,23,18,292.5,resale,2026-10-04T16:07:10Z
228,1,12,234.0,resale,2026-10-04T16:07:10Z
228,1,13,234.0,resale,2026-10-04T16:07:10Z
116,22,11,188.37,resale,2026-10-04T16:07:10Z
116,22,12,188.37,resale,2026-10-04T16:07:10Z
229,1,21,314.73,resale,2026-10-04T16:07:10Z
229,1,22,314.73,resale,2026-10-04T16:07:10Z
229,1,23,313.56,resale,2026-10-04T16:07:10Z
229,1,24,313.56,resale,2026-10-04T16:07:10Z
135,2,9,190.71,resale,2026-10-04T16:07:10Z
135,2,10,190.71,resale,2026-10-04T16:07:10Z
231,19,17,175.5,resale,2026-10-04T16:07:10Z
128,12,15,292.5,resale,2026-10-04T16:07:10Z
128,12,16,292.5,resale,2026-10-04T16:07:10Z
128,12,17,292.5,resale,2026-10-04T16:07:10Z
128,12,18,292.5,resale,2026-10-04T16:07:10Z
219,4,3,122.85,resale,2026-10-04T16:07:10Z
219,4,4,122.85,resale,2026-10-04T16:07:10Z
111,29,27,280.8,resale,2026-10-04T16:07:10Z
111,29,28,280.8,resale,2026-10-04T16:07:10Z
111,29,29,280.8,resale,2026-10-04T16:07:10Z
111,29,30,280.8,resale,2026-10-04T16:07:10Z
C16,16,1,175.5,resale,2026-10-04T16:07:10Z
C16,16,2,175.5,resale,2026-10-04T16:07:10Z
240,19,20,135.72,resale,2026-10-04T16:07:10Z
240,19,21,135.72,resale,2026-10-04T16:07:10Z
C37,2,9,356.85,resale,2026-10-04T16:07:10Z
C37,2,10,356.85,resale,2026-10-04T16:07:10Z
220,2,10,146.25,resale,2026-10-04T16:07:10Z
220,2,11,146.25,resale,2026-10-04T16:07:10Z
C37,2,7,353.34,resale,2026-10-04T16:07:10Z
C37,2,8,353.34,resale,2026-10-04T16:07:10Z
130,18,14,351.0,resale,2026-10-04T16:07:10Z
130,18,15,351.0,resale,2026-10-04T16:07:10Z
126,28,5,397.8,resale,2026-10-04T16:07:10Z
126,28,6,397.8,resale,2026-10-04T16:07:10Z
117,4,13,263.25,resale,2026-10-04T16:07:10Z
117,4,14,263.25,resale,2026-10-04T16:07:10Z
131,23,21,146.25,resale,2026-10-04T16:07:10Z
131,23,22,146.25,resale,2026-10-04T16:07:10Z
219,14,11,163.8,resale,2026-10-04T16:07:10Z
219,14,12,163.8,resale,2026-10-04T16:07:10Z
201,18,23,175.5,resale,2026-10-04T16:07:10Z
201,18,24,175.5,resale,2026-10-04T16:07:10Z
121,25,21,409.5,resale,2026-10-04T16:07:10Z
121,25,22,409.5,resale,2026-10-04T16:07:10Z
124,6,19,230.49,resale,2026-10-04T16:07:10Z
124,6,20,230.49,resale,2026-10-04T16:07:10Z
124,6,21,230.49,resale,2026-10-04T16:07:10Z
226,17,12,245.7,resale,2026-10-04T16:07:10Z
226,17,13,245.7,resale,2026-10-04T16:07:10Z
205,26,16,117.0,resale,2026-10-04T16:07:10Z
205,26,17,117.0,resale,2026-10-04T16:07:10Z
223,28,15,146.25,resale,2026-10-04T16:07:10Z
223,28,16,146.25,resale,2026-10-04T16:07:10Z
133,3,1,234.0,resale,2026-10-04T16:07:10Z
133,3,2,234.0,resale,2026-10-04T16:07:10Z
204,21,8,134.55,resale,2026-10-04T16:07:10Z
204,21,9,134.55,resale,2026-10-04T16:07:10Z
114,16,13,321.75,resale,2026-10-04T16:07:10Z
114,16,14,321.75,resale,2026-10-04T16:07:10Z
131,13,11,210.6,resale,2026-10-04T16:07:10Z
131,13,12,210.6,resale,2026-10-04T16:07:10Z
117,12,11,572.13,resale,2026-10-04T16:07:10Z
117,12,12,572.13,resale,2026-10-04T16:07:10Z
216,13,6,231.66,resale,2026-10-04T16:07:10Z
216,13,7,231.66,resale,2026-10-04T16:07:10Z
136,18,3,409.5,resale,2026-10-04T16:07:10Z
136,18,4,409.5,resale,2026-10-04T16:07:10Z
241,24,22,221.13,resale,2026-10-04T16:07:10Z
241,24,23,221.13,resale,2026-10-04T16:07:10Z
241,24,24,221.13,resale,2026-10-04T16:07:10Z
242,8,13,204.75,resale,2026-10-04T16:07:10Z
242,8,14,204.75,resale,2026-10-04T16:07:10Z
C18,7,6,421.2,resale,2026-10-04T16:07:10Z
C18,7,7,421.2,resale,2026-10-04T16:07:10Z
129,19,11,310.05,resale,2026-10-04T16:07:10Z
129,19,12,310.05,resale,2026-10-04T16:07:10Z
244,17,13,234.0,resale,2026-10-04T16:07:10Z
105,5,7,468.0,resale,2026-10-04T16:07:10Z
105,5,8,468.0,resale,2026-10-04T16:07:10Z
123,14,20,345.15,resale,2026-10-04T16:07:10Z
123,14,21,345.15,resale,2026-10-04T16:07:10Z
110,18,21,169.65,resale,2026-10-04T16:07:10Z
110,18,22,169.65,resale,2026-10-04T16:07:10Z
110,18,23,169.65,resale,2026-10-04T16:07:10Z
110,18,24,169.65,resale,2026-10-04T16:07:10Z
105,7,23,292.5,resale,2026-10-04T16:07:10Z
105,7,24,292.5,resale,2026-10-04T16:07:10Z
131,22,15,339.3,resale,2026-10-04T16:07:10Z
131,22,16,339.3,resale,2026-10-04T16:07:10Z
240,8,5,117.0,resale,2026-10-04T16:07:10Z
240,8,6,117.0,resale,2026-10-04T16:07:10Z
206,7,23,105.3,resale,2026-10-04T16:07:10Z
206,7,24,105.3,resale,2026-10-04T16:07:10Z
204,15,23,112.32,resale,2026-10-04T16:07:10Z
204,15,24,112.32,resale,2026-10-04T16:07:10Z
121,15,7,292.5,resale,2026-10-04T16:07:10Z
121,15,8,292.5,resale,2026-10-04T16:07:10Z
C6,18,25,351.0,resale,2026-10-04T16:07:10Z
C6,18,26,351.0,resale,2026-10-04T16:07:10Z
219,19,21,117.0,resale,2026-10-04T16:07:10Z
219,19,22,117.0,resale,2026-10-04T16:07:10Z
219,19,23,117.0,resale,2026-10-04T16:07:10Z
228,9,1,117.0,resale,2026-10-04T16:07:10Z
228,9,2,117.0,resale,2026-10-04T16:07:10Z
222,27,5,143.91,resale,2026-10-04T16:07:10Z
222,27,6,143.91,resale,2026-10-04T16:07:10Z
132,15,12,263.25,resale,2026-10-04T16:07:10Z
132,15,13,263.25,resale,2026-10-04T16:07:10Z
132,15,14,263.25,resale,2026-10-04T16:07:10Z
106,20,4,234.0,resale,2026-10-04T16:07:10Z
109,19,9,455.13,resale,2026-10-04T16:07:10Z
109,19,10,455.13,resale,2026-10-04T16:07:10Z
224,23,1,117.0,resale,2026-10-04T16:07:10Z
224,23,2,117.0,resale,2026-10-04T16:07:10Z
224,24,4,117.0,resale,2026-10-04T16:07:10Z
224,24,5,117.0,resale,2026-10-04T16:07:10Z
239,25,20,257.4,resale,2026-10-04T16:07:10Z
239,25,21,257.4,resale,2026-10-04T16:07:10Z
214,14,18,141.57,resale,2026-10-04T16:07:10Z
230,25,23,193.05,resale,2026-10-04T16:07:10Z
230,25,24,193.05,resale,2026-10-04T16:07:10Z
109,21,9,169.65,resale,2026-10-04T16:07:10Z
109,21,10,169.65,resale,2026-10-04T16:07:10Z
229,13,4,117.0,resale,2026-10-04T16:07:10Z
229,13,5,117.0,resale,2026-10-04T16:07:10Z
138,16,11,702.0,resale,2026-10-04T16:07:10Z
138,16,12,702.0,resale,2026-10-04T16:07:10Z
102,15,5,351.0,resale,2026-10-04T16:07:10Z
102,15,6,351.0,resale,2026-10-04T16:07:10Z
203,1,11,232.83,resale,2026-10-04T16:07:10Z
203,1,12,232.83,resale,2026-10-04T16:07:10Z
203,1,13,232.83,resale,2026-10-04T16:07:10Z
C39,9,7,331.11,resale,2026-10-04T16:07:10Z
C39,9,8,331.11,resale,2026-10-04T16:07:10Z
106,6,12,321.75,resale,2026-10-04T16:07:10Z
106,6,13,321.75,resale,2026-10-04T16:07:10Z
115,21,20,292.5,resale,2026-10-04T16:07:10Z
115,21,21,292.5,resale,2026-10-04T16:07:10Z
126,3,7,234.0,resale,2026-10-04T16:07:10Z
126,3,8,234.0,resale,2026-10-04T16:07:10Z
236,13,11,258.57,resale,2026-10-04T16:07:10Z
236,14,8,198.9,resale,2026-10-04T16:07:10Z
236,14,9,198.9,resale,2026-10-04T16:07:10Z
105,2,1,321.75,resale,2026-10-04T16:07:10Z
105,2,2,321.75,resale,2026-10-04T16:07:10Z
105,2,3,321.75,resale,2026-10-04T16:07:10Z
105,2,4,321.75,resale,2026-10-04T16:07:10Z
125,28,23,175.5,resale,2026-10-04T16:07:10Z
125,28,24,175.5,resale,2026-10-04T16:07:10Z
C19,10,11,257.4,resale,2026-10-04T16:07:10Z
C19,10,12,257.4,resale,2026-10-04T16:07:10Z
C19,10,13,257.4,resale,2026-10-04T16:07:10Z
102,22,17,339.3,resale,2026-10-04T16:07:10Z
102,22,18,339.3,resale,2026-10-04T16:07:10Z
102,22,19,339.3,resale,2026-10-04T16:07:10Z
102,22,20,339.3,resale,2026-10-04T16:07:10Z
C19,13,17,292.5,resale,2026-10-04T16:07:10Z
C19,13,18,292.5,resale,2026-10-04T16:07:10Z
114,20,1,345.15,resale,2026-10-04T16:07:10Z
114,20,2,345.15,resale,2026-10-04T16:07:10Z
114,20,3,345.15,resale,2026-10-04T16:07:10Z
114,20,4,345.15,resale,2026-10-04T16:07:10Z
102,18,15,321.75,resale,2026-10-04T16:07:10Z
102,18,16,321.75,resale,2026-10-04T16:07:10Z
229,7,21,157.95,resale,2026-10-04T16:07:10Z
229,7,22,157.95,resale,2026-10-04T16:07:10Z
229,7,23,157.95,resale,2026-10-04T16:07:10Z
229,7,24,157.95,resale,2026-10-04T16:07:10Z
C20,17,24,376.74,resale,2026-10-04T16:07:10Z
C20,17,25,376.74,resale,2026-10-04T16:07:10Z
135,9,25,351.0,resale,2026-10-04T16:07:10Z
135,9,26,351.0,resale,2026-10-04T16:07:10Z
C5,12,19,345.15,resale,2026-10-04T16:07:10Z
C5,12,20,345.15,resale,2026-10-04T16:07:10Z
107,18,18,204.75,resale,2026-10-04T16:07:10Z
107,18,19,204.75,resale,2026-10-04T16:07:10Z
218,11,25,146.25,resale,2026-10-04T16:07:10Z
218,11,26,146.25,resale,2026-10-04T16:07:10Z
218,11,27,146.25,resale,2026-10-04T16:07:10Z
218,11,28,146.25,resale,2026-10-04T16:07:10Z
132,36,14,181.35,resale,2026-10-04T16:07:10Z
132,36,15,181.35,resale,2026-10-04T16:07:10Z
204,4,5,321.75,resale,2026-10-04T16:07:10Z
204,4,6,321.75,resale,2026-10-04T16:07:10Z
204,4,7,321.75,resale,2026-10-04T16:07:10Z
204,4,8,321.75,resale,2026-10-04T16:07:10Z
230,17,21,292.5,resale,2026-10-04T16:07:10Z
230,17,22,292.5,resale,2026-10-04T16:07:10Z
135,10,23,760.5,resale,2026-10-04T16:07:10Z
135,10,24,760.5,resale,2026-10-04T16:07:10Z
135,10,25,760.5,resale,2026-10-04T16:07:10Z
135,10,26,760.5,resale,2026-10-04T16:07:10Z
M11,16,26,263.25,resale,2026-10-04T16:07:10Z
M11,16,27,263.25,resale,2026-10-04T16:07:10Z
M11,16,28,263.25,resale,2026-10-04T16:07:10Z
M11,16,29,263.25,resale,2026-10-04T16:07:10Z
226,19,12,169.65,resale,2026-10-04T16:07:10Z
226,19,13,169.65,resale,2026-10-04T16:07:10Z
226,19,14,169.65,resale,2026-10-04T16:07:10Z
229,18,21,138.06,resale,2026-10-04T16:07:10Z
229,18,22,138.06,resale,2026-10-04T16:07:10Z
229,18,23,138.06,resale,2026-10-04T16:07:10Z
229,18,24,138.06,resale,2026-10-04T16:07:10Z
107,18,16,163.8,resale,2026-10-04T16:07:10Z
107,18,17,163.8,resale,2026-10-04T16:07:10Z
237,9,2,195.39,resale,2026-10-04T16:07:10Z
C37,2,1,327.6,resale,2026-10-04T16:07:10Z
C37,2,2,327.6,resale,2026-10-04T16:07:10Z
C37,2,3,327.6,resale,2026-10-04T16:07:10Z
C37,2,4,327.6,resale,2026-10-04T16:07:10Z
103,24,5,693.81,resale,2026-10-04T16:07:10Z
103,24,6,693.81,resale,2026-10-04T16:07:10Z
103,24,7,693.81,resale,2026-10-04T16:07:10Z
103,24,8,693.81,resale,2026-10-04T16:07:10Z
103,24,9,693.81,resale,2026-10-04T16:07:10Z
103,24,10,693.81,resale,2026-10-04T16:07:10Z
103,24,11,693.81,resale,2026-10-04T16:07:10Z
103,24,12,693.81,resale,2026-10-04T16:07:10Z
244,14,9,175.5,resale,2026-10-04T16:07:10Z
244,14,10,175.5,resale,2026-10-04T16:07:10Z
244,14,11,175.5,resale,2026-10-04T16:07:10Z
244,4,3,146.25,resale,2026-10-04T16:07:10Z
244,4,4,146.25,resale,2026-10-04T16:07:10Z
C26,17,15,292.5,resale,2026-10-04T16:07:10Z
C26,17,16,292.5,resale,2026-10-04T16:07:10Z
C37,15,16,292.5,resale,2026-10-04T16:07:10Z
C37,15,17,292.5,resale,2026-10-04T16:07:10Z
C37,15,18,292.5,resale,2026-10-04T16:07:10Z
C37,15,19,292.5,resale,2026-10-04T16:07:10Z
240,2,10,150.93,resale,2026-10-04T16:07:10Z
240,2,11,150.93,resale,2026-10-04T16:07:10Z
126,10,9,234.0,resale,2026-10-04T16:07:10Z
126,10,10,234.0,resale,2026-10-04T16:07:10Z
124,9,19,292.5,resale,2026-10-04T16:07:10Z
124,9,20,292.5,resale,2026-10-04T16:07:10Z
C39,6,9,380.25,resale,2026-10-04T16:07:10Z
C39,6,10,380.25,resale,2026-10-04T16:07:10Z
C39,6,11,380.25,resale,2026-10-04T16:07:10Z
C39,6,12,380.25,resale,2026-10-04T16:07:10Z
203,24,23,292.5,resale,2026-10-04T16:07:10Z
203,24,24,292.5,resale,2026-10-04T16:07:10Z
110,27,31,152.1,resale,2026-10-04T16:07:10Z
110,27,32,152.1,resale,2026-10-04T16:07:10Z
110,23,7,286.65,resale,2026-10-04T16:07:10Z
110,23,8,286.65,resale,2026-10-04T16:07:10Z
110,23,9,286.65,resale,2026-10-04T16:07:10Z
110,23,10,286.65,resale,2026-10-04T16:07:10Z
212,6,5,162.63,resale,2026-10-04T16:07:10Z
212,6,6,162.63,resale,2026-10-04T16:07:10Z
115,14,12,169.65,resale,2026-10-04T16:07:10Z
115,14,13,169.65,resale,2026-10-04T16:07:10Z
121,27,17,585.0,resale,2026-10-04T16:07:10Z
121,27,18,585.0,resale,2026-10-04T16:07:10Z
207,13,16,163.8,resale,2026-10-04T16:07:10Z
207,13,17,163.8,resale,2026-10-04T16:07:10Z
201,13,15,117.0,resale,2026-10-04T16:07:10Z
201,13,16,117.0,resale,2026-10-04T16:07:10Z
122,8,4,468.0,resale,2026-10-04T16:07:10Z
125,20,13,169.65,resale,2026-10-04T16:07:10Z
125,20,14,169.65,resale,2026-10-04T16:07:10Z
134,25,21,239.85,resale,2026-10-04T16:07:10Z
134,25,22,239.85,resale,2026-10-04T16:07:10Z
225,22,10,117.0,resale,2026-10-04T16:07:10Z
225,22,11,117.0,resale,2026-10-04T16:07:10Z
109,12,3,345.15,resale,2026-10-04T16:07:10Z
215,21,6,118.17,resale,2026-10-04T16:07:10Z
215,21,7,118.17,resale,2026-10-04T16:07:10Z
215,21,8,118.17,resale,2026-10-04T16:07:10Z
215,21,9,118.17,resale,2026-10-04T16:07:10Z
107,41,3,234.0,resale,2026-10-04T16:07:10Z
107,41,4,234.0,resale,2026-10-04T16:07:10Z
228,26,27,234.0,resale,2026-10-04T16:07:10Z
228,26,28,234.0,resale,2026-10-04T16:07:10Z
242,19,1,175.5,resale,2026-10-04T16:07:10Z
242,19,2,175.5,resale,2026-10-04T16:07:10Z
242,19,3,175.5,resale,2026-10-04T16:07:10Z
242,19,4,175.5,resale,2026-10-04T16:07:10Z
218,7,8,175.5,resale,2026-10-04T16:07:10Z
218,7,9,175.5,resale,2026-10-04T16:07:10Z
218,7,10,175.5,resale,2026-10-04T16:07:10Z
218,7,11,175.5,resale,2026-10-04T16:07:10Z
218,7,12,175.5,resale,2026-10-04T16:07:10Z
218,7,13,175.5,resale,2026-10-04T16:07:10Z
218,6,10,186.03,resale,2026-10-04T16:07:10Z
218,6,11,186.03,resale,2026-10-04T16:07:10Z
218,6,12,186.03,resale,2026-10-04T16:07:10Z
218,6,13,186.03,resale,2026-10-04T16:07:10Z
218,6,14,186.03,resale,2026-10-04T16:07:10Z
218,6,15,186.03,resale,2026-10-04T16:07:10Z
202,15,23,189.54,resale,2026-10-04T16:07:10Z
202,15,24,189.54,resale,2026-10-04T16:07:10Z
202,6,12,189.54,resale,2026-10-04T16:07:10Z
202,6,13,189.54,resale,2026-10-04T16:07:10Z
202,6,14,189.54,resale,2026-10-04T16:07:10Z
202,23,20,189.54,resale,2026-10-04T16:07:10Z
202,23,21,189.54,resale,2026-10-04T16:07:10Z
202,23,22,189.54,resale,2026-10-04T16:07:10Z
202,23,23,189.54,resale,2026-10-04T16:07:10Z
244,19,9,372.06,resale,2026-10-04T16:07:10Z
244,19,10,372.06,resale,2026-10-04T16:07:10Z
244,19,11,372.06,resale,2026-10-04T16:07:10Z
244,19,12,372.06,resale,2026-10-04T16:07:10Z
219,30,10,228.15,resale,2026-10-04T16:07:10Z
219,30,11,228.15,resale,2026-10-04T16:07:10Z
111,11,7,303.03,resale,2026-10-04T16:07:10Z
111,11,8,303.03,resale,2026-10-04T16:07:10Z
104,8,11,427.05,resale,2026-10-04T16:07:10Z
104,8,12,427.05,resale,2026-10-04T16:07:10Z
110,26,7,146.25,resale,2026-10-04T16:07:10Z
110,26,8,146.25,resale,2026-10-04T16:07:10Z
240,24,3,134.55,resale,2026-10-04T16:07:10Z
240,24,4,134.55,resale,2026-10-04T16:07:10Z
234,26,17,146.25,resale,2026-10-04T16:07:10Z
119,17,6,351.0,resale,2026-10-04T16:07:10Z
216,1,3,409.5,resale,2026-10-04T16:07:10Z
216,1,4,409.5,resale,2026-10-04T16:07:10Z
C20,16,9,585.0,resale,2026-10-04T16:07:10Z
225,12,20,257.4,resale,2026-10-04T16:07:10Z
221,9,19,152.1,resale,2026-10-04T16:07:10Z
109,17,3,186.03,resale,2026-10-04T16:07:10Z
109,17,4,186.03,resale,2026-10-04T16:07:10Z
240,6,9,140.4,resale,2026-10-04T16:07:10Z
240,6,10,140.4,resale,2026-10-04T16:07:10Z
227,29,8,175.5,resale,2026-10-04T16:07:10Z
240,18,1,145.08,resale,2026-10-04T16:07:10Z
240,18,2,145.08,resale,2026-10-04T16:07:10Z
240,18,3,145.08,resale,2026-10-04T16:07:10Z
240,18,4,145.08,resale,2026-10-04T16:07:10Z
210,18,9,341.64,resale,2026-10-04T16:07:10Z
125,25,15,468.0,resale,2026-10-04T16:07:10Z
125,25,16,468.0,resale,2026-10-04T16:07:10Z
C38,2,1,462.15,resale,2026-10-04T16:07:10Z
C38,2,2,462.15,resale,2026-10-04T16:07:10Z
124,6,5,321.75,resale,2026-10-04T16:07:10Z
124,6,6,321.75,resale,2026-10-04T16:07:10Z
242,22,1,97.11,resale,2026-10-04T16:07:10Z
242,22,2,97.11,resale,2026-10-04T16:07:10Z
113,18,3,263.25,resale,2026-10-04T16:07:10Z
113,18,4,263.25,resale,2026-10-04T16:07:10Z
205,7,8,146.25,resale,2026-10-04T16:07:10Z
205,7,9,146.25,resale,2026-10-04T16:07:10Z
205,7,10,146.25,resale,2026-10-04T16:07:10Z
225,26,25,197.73,resale,2026-10-04T16:07:10Z
225,26,26,197.73,resale,2026-10-04T16:07:10Z
C1,6,19,727.74,resale,2026-10-04T16:07:10Z
C1,6,20,727.74,resale,2026-10-04T16:07:10Z
210,10,6,280.8,resale,2026-10-04T16:07:10Z
210,10,7,280.8,resale,2026-10-04T16:07:10Z
220,22,26,134.55,resale,2026-10-04T16:07:10Z
135,16,15,293.67,resale,2026-10-04T16:07:10Z
216,2,14,194.22,resale,2026-10-04T16:07:10Z
216,2,15,194.22,resale,2026-10-04T16:07:10Z
C22,9,1,614.25,resale,2026-10-04T16:07:10Z
C22,9,2,614.25,resale,2026-10-04T16:07:10Z
244,1,1,279.63,resale,2026-10-04T16:07:10Z
244,1,2,279.63,resale,2026-10-04T16:07:10Z
244,1,3,279.63,resale,2026-10-04T16:07:10Z
244,1,4,279.63,resale,2026-10-04T16:07:10Z
242,13,16,175.5,resale,2026-10-04T16:07:10Z
242,13,17,175.5,resale,2026-10-04T16:07:10Z
242,13,18,175.5,resale,2026-10-04T16:07:10Z
242,13,19,175.5,resale,2026-10-04T16:07:10Z
116,9,19,321.75,resale,2026-10-04T16:07:10Z
116,9,20,321.75,resale,2026-10-04T16:07:10Z
130,30,4,351.0,resale,2026-10-04T16:07:10Z
130,30,5,351.0,resale,2026-10-04T16:07:10Z
240,7,3,122.85,resale,2026-10-04T16:07:10Z
240,7,4,122.85,resale,2026-10-04T16:07:10Z
NETER1,3,37,351.0,resale,2026-10-04T16:07:10Z
NETER1,3,38,351.0,resale,2026-10-04T16:07:10Z
NETER1,3,39,351.0,resale,2026-10-04T16:07:10Z
NETER1,3,40,351.0,resale,2026-10-04T16:07:10Z
201,24,23,263.25,resale,2026-10-04T16:07:10Z
201,24,24,263.25,resale,2026-10-04T16:07:10Z
228,5,20,234.0,resale,2026-10-04T16:07:10Z
131,25,11,292.5,resale,2026-10-04T16:07:10Z
131,25,12,292.5,resale,2026-10-04T16:07:10Z
C27,6,19,486.72,resale,2026-10-04T16:07:10Z
C27,6,20,486.72,resale,2026-10-04T16:07:10Z
230,9,6,175.5,resale,2026-10-04T16:07:10Z
134,5,7,204.75,resale,2026-10-04T16:07:10Z
134,5,8,204.75,resale,2026-10-04T16:07:10Z
110,37,19,175.5,resale,2026-10-04T16:07:10Z
110,37,20,175.5,resale,2026-10-04T16:07:10Z
239,11,1,239.85,resale,2026-10-04T16:07:10Z
239,11,2,239.85,resale,2026-10-04T16:07:10Z
210,16,15,152.1,resale,2026-10-04T16:07:10Z
210,16,16,152.1,resale,2026-10-04T16:07:10Z
203,3,11,187.2,resale,2026-10-04T16:07:10Z
203,3,12,187.2,resale,2026-10-04T16:07:10Z
240,11,7,280.8,resale,2026-10-04T16:07:10Z
240,11,8,280.8,resale,2026-10-04T16:07:10Z
225,12,11,126.36,resale,2026-10-04T16:07:10Z
225,12,12,126.36,resale,2026-10-04T16:07:10Z
205,9,16,99.45,resale,2026-10-04T16:07:10Z
205,9,17,99.45,resale,2026-10-04T16:07:10Z
136,4,14,263.25,resale,2026-10-04T16:07:10Z
136,4,15,263.25,resale,2026-10-04T16:07:10Z
136,4,16,263.25,resale,2026-10-04T16:07:10Z
136,4,17,263.25,resale,2026-10-04T16:07:10Z
106,28,24,409.5,resale,2026-10-04T16:07:10Z
106,28,25,409.5,resale,2026-10-04T16:07:10Z
105,21,17,175.5,resale,2026-10-04T16:07:10Z
105,21,18,175.5,resale,2026-10-04T16:07:10Z
105,21,19,175.5,resale,2026-10-04T16:07:10Z
105,21,20,175.5,resale,2026-10-04T16:07:10Z
130,9,11,196.56,resale,2026-10-04T16:07:10Z
130,9,12,196.56,resale,2026-10-04T16:07:10Z
217,18,5,117.0,resale,2026-10-04T16:07:10Z
129,28,19,555.75,resale,2026-10-04T16:07:10Z
129,28,20,555.75,resale,2026-10-04T16:07:10Z
240,29,9,117.0,resale,2026-10-04T16:07:10Z
240,29,10,117.0,resale,2026-10-04T16:07:10Z
229,22,5,204.75,resale,2026-10-04T16:07:10Z
229,22,6,204.75,resale,2026-10-04T16:07:10Z
220,11,1,163.8,resale,2026-10-04T16:07:10Z
220,11,2,163.8,resale,2026-10-04T16:07:10Z
233,3,1,321.75,resale,2026-10-04T16:07:10Z
111,11,11,175.5,resale,2026-10-04T16:07:10Z
111,11,12,175.5,resale,2026-10-04T16:07:10Z
C35,13,6,234.0,resale,2026-10-04T16:07:10Z
C35,13,7,234.0,resale,2026-10-04T16:07:10Z
202,20,25,271.44,resale,2026-10-04T16:07:10Z
202,20,26,271.44,resale,2026-10-04T16:07:10Z
225,6,17,187.2,resale,2026-10-04T16:07:10Z
225,6,18,187.2,resale,2026-10-04T16:07:10Z
106,12,18,175.5,resale,2026-10-04T16:07:10Z
106,12,19,175.5,resale,2026-10-04T16:07:10Z
119,21,11,585.0,resale,2026-10-04T16:07:10Z
119,21,12,585.0,resale,2026-10-04T16:07:10Z
206,19,21,263.25,resale,2026-10-04T16:07:10Z
206,19,22,263.25,resale,2026-10-04T16:07:10Z
203,2,5,351.0,resale,2026-10-04T16:07:10Z
106,25,25,215.28,resale,2026-10-04T16:07:10Z
106,25,26,215.28,resale,2026-10-04T16:07:10Z
103,26,14,228.15,resale,2026-10-04T16:07:10Z
103,26,15,228.15,resale,2026-10-04T16:07:10Z
225,11,19,117.0,resale,2026-10-04T16:07:10Z
225,11,20,117.0,resale,2026-10-04T16:07:10Z
206,1,15,263.25,resale,2026-10-04T16:07:10Z
112,6,14,819.0,resale,2026-10-04T16:07:10Z
112,6,15,819.0,resale,2026-10-04T16:07:10Z
242,17,25,117.0,resale,2026-10-04T16:07:10Z
242,17,26,117.0,resale,2026-10-04T16:07:10Z
128,34,6,175.5,resale,2026-10-04T16:07:10Z
128,34,7,175.5,resale,2026-10-04T16:07:10Z
C3,14,21,234.0,resale,2026-10-04T16:07:10Z
C3,14,22,234.0,resale,2026-10-04T16:07:10Z
225,26,21,127.53,resale,2026-10-04T16:07:10Z
225,26,22,127.53,resale,2026-10-04T16:07:10Z
122,10,13,222.3,resale,2026-10-04T16:07:10Z
122,10,14,222.3,resale,2026-10-04T16:07:10Z
206,27,25,93.6,resale,2026-10-04T16:07:10Z
206,27,26,93.6,resale,2026-10-04T16:07:10Z
230,25,17,232.83,resale,2026-10-04T16:07:10Z
230,25,18,232.83,resale,2026-10-04T16:07:10Z
C22,2,7,948.87,resale,2026-10-04T16:07:10Z
C22,2,8,948.87,resale,2026-10-04T16:07:10Z
C22,2,9,948.87,resale,2026-10-04T16:07:10Z
C22,2,10,948.87,resale,2026-10-04T16:07:10Z
116,16,1,232.83,resale,2026-10-04T16:07:10Z
116,16,2,232.83,resale,2026-10-04T16:07:10Z
115,18,8,174.33,resale,2026-10-04T16:07:10Z
115,18,9,174.33,resale,2026-10-04T16:07:10Z
202,17,14,117.0,resale,2026-10-04T16:07:10Z
M13,1,12,345.15,resale,2026-10-04T16:07:10Z
115,24,21,169.65,resale,2026-10-04T16:07:10Z
115,24,22,169.65,resale,2026-10-04T16:07:10Z
105,1,19,346.32,resale,2026-10-04T16:07:10Z
105,1,20,346.32,resale,2026-10-04T16:07:10Z
105,1,21,346.32,resale,2026-10-04T16:07:10Z
105,1,22,346.32,resale,2026-10-04T16:07:10Z
222,12,17,117.0,resale,2026-10-04T16:07:10Z
222,12,18,117.0,resale,2026-10-04T16:07:10Z
105,26,21,210.6,resale,2026-10-04T16:07:10Z
105,26,22,210.6,resale,2026-10-04T16:07:10Z
227,24,8,119.34,resale,2026-10-04T16:07:10Z
227,24,9,119.34,resale,2026-10-04T16:07:10Z
118,27,3,230.49,resale,2026-10-04T16:07:10Z
118,27,4,230.49,resale,2026-10-04T16:07:10Z
118,27,5,230.49,resale,2026-10-04T16:07:10Z
118,27,6,230.49,resale,2026-10-04T16:07:10Z
235,24,18,134.55,resale,2026-10-04T16:07:10Z
235,24,19,134.55,resale,2026-10-04T16:07:10Z
215,18,1,115.83,resale,2026-10-04T16:07:10Z
215,18,2,115.83,resale,2026-10-04T16:07:10Z
215,18,3,115.83,resale,2026-10-04T16:07:10Z
M11,18,25,140.4,resale,2026-10-04T16:07:10Z
206,8,27,210.6,resale,2026-10-04T16:07:10Z
206,8,28,210.6,resale,2026-10-04T16:07:10Z
219,2,9,125.19,resale,2026-10-04T16:07:10Z
219,2,10,125.19,resale,2026-10-04T16:07:10Z
117,4,10,311.22,resale,2026-10-04T16:07:10Z
128,11,14,161.46,resale,2026-10-04T16:07:10Z
128,11,15,161.46,resale,2026-10-04T16:07:10Z
129,12,15,251.55,resale,2026-10-04T16:07:10Z
129,12,16,251.55,resale,2026-10-04T16:07:10Z
129,12,17,251.55,resale,2026-10-04T16:07:10Z
C17,13,7,175.5,resale,2026-10-04T16:07:10Z
C17,13,8,175.5,resale,2026-10-04T16:07:10Z
122,1,5,446.94,resale,2026-10-04T16:07:10Z
230,23,5,234.0,resale,2026-10-04T16:07:10Z
230,23,6,234.0,resale,2026-10-04T16:07:10Z
230,23,7,234.0,resale,2026-10-04T16:07:10Z
116,28,15,222.3,resale,2026-10-04T16:07:10Z
116,28,16,222.3,resale,2026-10-04T16:07:10Z
116,28,17,222.3,resale,2026-10-04T16:07:10Z
111,38,12,209.43,resale,2026-10-04T16:07:10Z
111,38,13,209.43,resale,2026-10-04T16:07:10Z
230,23,3,234.0,resale,2026-10-04T16:07:10Z
230,23,4,234.0,resale,2026-10-04T16:07:10Z
109,12,6,263.25,resale,2026-10-04T16:07:10Z
109,12,7,263.25,resale,2026-10-04T16:07:10Z
235,26,11,108.81,resale,2026-10-04T16:07:10Z
235,26,12,108.81,resale,2026-10-04T16:07:10Z
240,20,22,146.25,resale,2026-10-04T16:07:10Z
223,8,5,139.23,resale,2026-10-04T16:07:10Z
223,8,6,139.23,resale,2026-10-04T16:07:10Z
105,30,18,348.66,resale,2026-10-04T16:07:10Z
105,30,19,348.66,resale,2026-10-04T16:07:10Z
102,1,1,456.3,resale,2026-10-04T16:07:10Z
102,1,2,456.3,resale,2026-10-04T16:07:10Z
206,12,7,122.85,resale,2026-10-04T16:07:10Z
206,12,8,122.85,resale,2026-10-04T16:07:10Z
206,12,9,122.85,resale,2026-10-04T16:07:10Z
206,12,10,122.85,resale,2026-10-04T16:07:10Z
228,26,8,105.3,resale,2026-10-04T16:07:10Z
228,26,9,105.3,resale,2026-10-04T16:07:10Z
201,15,23,140.4,resale,2026-10-04T16:07:10Z
201,15,24,140.4,resale,2026-10-04T16:07:10Z
234,14,15,198.9,resale,2026-10-04T16:07:10Z
114,29,23,156.78,resale,2026-10-04T16:07:10Z
114,29,24,156.78,resale,2026-10-04T16:07:10Z
C5,14,11,292.5,resale,2026-10-04T16:07:10Z
C5,14,12,292.5,resale,2026-10-04T16:07:10Z
C5,14,13,292.5,resale,2026-10-04T16:07:10Z
224,28,9,119.34,resale,2026-10-04T16:07:10Z
224,28,10,119.34,resale,2026-10-04T16:07:10Z
123,1,4,438.75,resale,2026-10-04T16:07:10Z
202,1,11,203.58,resale,2026-10-04T16:07:10Z
202,1,12,203.58,resale,2026-10-04T16:07:10Z
204,23,18,149.76,resale,2026-10-04T16:07:10Z
204,23,19,149.76,resale,2026-10-04T16:07:10Z
221,3,4,117.0,resale,2026-10-04T16:07:10Z
221,3,5,117.0,resale,2026-10-04T16:07:10Z
110,22,13,175.5,resale,2026-10-04T16:07:10Z
110,22,14,175.5,resale,2026-10-04T16:07:10Z
124,24,5,174.33,resale,2026-10-04T16:07:10Z
124,24,6,174.33,resale,2026-10-04T16:07:10Z
122,28,7,222.3,resale,2026-10-04T16:07:10Z
122,28,8,222.3,resale,2026-10-04T16:07:10Z
126,11,1,175.5,resale,2026-10-04T16:07:10Z
126,11,2,175.5,resale,2026-10-04T16:07:10Z
111,8,1,221.13,resale,2026-10-04T16:07:10Z
111,8,2,221.13,resale,2026-10-04T16:07:10Z
213,21,3,138.06,resale,2026-10-04T16:07:10Z
213,21,4,138.06,resale,2026-10-04T16:07:10Z
110,27,21,193.05,resale,2026-10-04T16:07:10Z
110,27,22,193.05,resale,2026-10-04T16:07:10Z
104,9,4,251.55,resale,2026-10-04T16:07:10Z
121,28,17,198.9,resale,2026-10-04T16:07:10Z
121,28,18,198.9,resale,2026-10-04T16:07:10Z
101,29,17,415.35,resale,2026-10-04T16:07:10Z
101,29,18,415.35,resale,2026-10-04T16:07:10Z
103,23,3,255.06,resale,2026-10-04T16:07:10Z
103,23,4,255.06,resale,2026-10-04T16:07:10Z
127,10,11,183.69,resale,2026-10-04T16:07:10Z
127,10,12,183.69,resale,2026-10-04T16:07:10Z
127,10,13,183.69,resale,2026-10-04T16:07:10Z
127,10,14,183.69,resale,2026-10-04T16:07:10Z
235,9,3,132.21,resale,2026-10-04T16:07:10Z
235,9,4,132.21,resale,2026-10-04T16:07:10Z
138,17,14,280.8,resale,2026-10-04T16:07:10Z
138,17,15,280.8,resale,2026-10-04T16:07:10Z
244,14,18,126.36,resale,2026-10-04T16:07:10Z
244,14,19,126.36,resale,2026-10-04T16:07:10Z
108,36,11,134.55,resale,2026-10-04T16:07:10Z
108,36,12,134.55,resale,2026-10-04T16:07:10Z
130,30,20,142.74,resale,2026-10-04T16:07:10Z
130,30,21,142.74,resale,2026-10-04T16:07:10Z
201,30,6,138.06,resale,2026-10-04T16:07:10Z
205,14,1,104.13,resale,2026-10-04T16:07:10Z
205,14,2,104.13,resale,2026-10-04T16:07:10Z
241,19,22,117.0,resale,2026-10-04T16:07:10Z
217,10,8,170.82,resale,2026-10-04T16:07:10Z
217,10,9,170.82,resale,2026-10-04T16:07:10Z
225,2,3,179.01,resale,2026-10-04T16:07:10Z
225,2,4,179.01,resale,2026-10-04T16:07:10Z
225,2,5,179.01,resale,2026-10-04T16:07:10Z
103,20,7,242.19,resale,2026-10-04T16:07:10Z
103,20,8,242.19,resale,2026-10-04T16:07:10Z
C27,17,19,152.1,resale,2026-10-04T16:07:10Z
C27,17,20,152.1,resale,2026-10-04T16:07:10Z
110,12,17,135.72,resale,2026-10-04T16:07:10Z
110,12,18,135.72,resale,2026-10-04T16:07:10Z
203,30,8,120.51,resale,2026-10-04T16:07:10Z
203,30,9,120.51,resale,2026-10-04T16:07:10Z
113,12,5,161.46,resale,2026-10-04T16:07:10Z
113,12,6,161.46,resale,2026-10-04T16:07:10Z
234,17,12,95.94,resale,2026-10-04T16:07:10Z
234,17,13,95.94,resale,2026-10-04T16:07:10Z
120,20,11,230.49,resale,2026-10-04T16:07:10Z
120,20,12,230.49,resale,2026-10-04T16:07:10Z
128,16,17,175.5,resale,2026-10-04T16:07:10Z
128,16,18,175.5,resale,2026-10-04T16:07:10Z
134,26,19,169.65,resale,2026-10-04T16:07:10Z
105,20,15,187.2,resale,2026-10-04T16:07:10Z
105,20,16,187.2,resale,2026-10-04T16:07:10Z
105,20,17,187.2,resale,2026-10-04T16:07:10Z
105,20,18,187.2,resale,2026-10-04T16:07:10Z
201,23,28,114.66,resale,2026-10-04T16:07:10Z
201,23,29,114.66,resale,2026-10-04T16:07:10Z
129,3,17,196.56,resale,2026-10-04T16:07:10Z
211,19,16,97.11,resale,2026-10-04T16:07:10Z
211,19,17,97.11,resale,2026-10-04T16:07:10Z
131,14,8,175.5,resale,2026-10-04T16:07:10Z
105,16,5,218.79,resale,2026-10-04T16:07:10Z
105,16,6,218.79,resale,2026-10-04T16:07:10Z
236,23,28,117.0,resale,2026-10-04T16:07:10Z
117,28,19,234.0,resale,2026-10-04T16:07:10Z
117,28,20,234.0,resale,2026-10-04T16:07:10Z
112,34W,13,274.95,resale,2026-10-04T16:07:10Z
112,34W,14,274.95,resale,2026-10-04T16:07:10Z
116,28,13,234.0,resale,2026-10-04T16:07:10Z
116,28,14,234.0,resale,2026-10-04T16:07:10Z
123,17,9,315.9,resale,2026-10-04T16:07:10Z
C17,19,11,168.48,resale,2026-10-04T16:07:10Z
105,2,13,702.0,resale,2026-10-04T16:07:10Z
105,2,14,702.0,resale,2026-10-04T16:07:10Z
C17,13,9,174.33,resale,2026-10-04T16:07:10Z
C17,13,10,174.33,resale,2026-10-04T16:07:10Z
228,29,29,146.25,resale,2026-10-04T16:07:10Z
228,29,30,146.25,resale,2026-10-04T16:07:10Z
109,13,16,234.0,resale,2026-10-04T16:07:10Z
109,13,17,234.0,resale,2026-10-04T16:07:10Z
109,13,18,234.0,resale,2026-10-04T16:07:10Z
210,18,17,98.28,resale,2026-10-04T16:07:10Z
210,18,18,98.28,resale,2026-10-04T16:07:10Z
209,18,5,98.28,resale,2026-10-04T16:07:10Z
209,18,6,98.28,resale,2026-10-04T16:07:10Z
213,19,1,97.11,resale,2026-10-04T16:07:10Z
213,19,2,97.11,resale,2026-10-04T16:07:10Z
117,21,5,234.0,resale,2026-10-04T16:07:10Z
117,21,6,234.0,resale,2026-10-04T16:07:10Z
M11,17,25,152.1,resale,2026-10-04T16:07:10Z
M11,17,26,152.1,resale,2026-10-04T16:07:10Z
203,15,3,150.93,resale,2026-10-04T16:07:10Z
236,3,19,175.5,resale,2026-10-04T16:07:10Z
236,3,20,175.5,resale,2026-10-04T16:07:10Z
220,15,4,117.0,resale,2026-10-04T16:07:10Z
205,17,26,111.15,resale,2026-10-04T16:07:10Z
C24,10,5,221.13,resale,2026-10-04T16:07:10Z
C24,10,6,221.13,resale,2026-10-04T16:07:10Z
C24,10,7,221.13,resale,2026-10-04T16:07:10Z
C24,10,8,221.13,resale,2026-10-04T16:07:10Z
127,2,5,234.0,resale,2026-10-04T16:07:10Z
127,2,6,234.0,resale,2026-10-04T16:07:10Z
124,28,24,186.03,resale,2026-10-04T16:07:10Z
124,28,25,186.03,resale,2026-10-04T16:07:10Z
124,28,26,186.03,resale,2026-10-04T16:07:10Z
SWTER1,2,37,186.03,resale,2026-10-04T16:07:10Z
SWTER1,2,38,186.03,resale,2026-10-04T16:07:10Z
SWTER1,2,39,186.03,resale,2026-10-04T16:07:10Z
SWTER1,2,40,186.03,resale,2026-10-04T16:07:10Z
SWTER1,2,41,186.03,resale,2026-10-04T16:07:10Z
C19,19,7,226.98,resale,2026-10-04T16:07:10Z
103,20,9,258.57,resale,2026-10-04T16:07:10Z
103,20,10,258.57,resale,2026-10-04T16:07:10Z
103,20,11,258.57,resale,2026-10-04T16:07:10Z
103,20,12,258.57,resale,2026-10-04T16:07:10Z
M11,19,31,139.23,resale,2026-10-04T16:07:10Z
M11,19,32,139.23,resale,2026-10-04T16:07:10Z
228,27,25,111.15,resale,2026-10-04T16:07:10Z
242,26,1,146.25,resale,2026-10-04T16:07:10Z
242,26,2,146.25,resale,2026-10-04T16:07:10Z
242,26,3,146.25,resale,2026-10-04T16:07:10Z
230,21,17,187.2,resale,2026-10-04T16:07:10Z
228,15,14,117.0,resale,2026-10-04T16:07:10Z
110,25,11,148.59,resale,2026-10-04T16:07:10Z
110,25,12,148.59,resale,2026-10-04T16:07:10Z
236,27,5,93.6,resale,2026-10-04T16:07:10Z
236,27,6,93.6,resale,2026-10-04T16:07:10Z
101,5,17,359.19,resale,2026-10-04T16:07:10Z
225,9,20,117.0,resale,2026-10-04T16:07:10Z
225,9,21,117.0,resale,2026-10-04T16:07:10Z
225,9,22,117.0,resale,2026-10-04T16:07:10Z
225,9,23,117.0,resale,2026-10-04T16:07:10Z
225,9,24,117.0,resale,2026-10-04T16:07:10Z
225,9,25,117.0,resale,2026-10-04T16:07:10Z
228,27,23,111.15,resale,2026-10-04T16:07:10Z
207,22,19,105.3,resale,2026-10-04T16:07:10Z
243,29,8,157.95,resale,2026-10-04T16:07:10Z
243,29,9,157.95,resale,2026-10-04T16:07:10Z
243,29,10,157.95,resale,2026-10-04T16:07:10Z
103,26,9,251.55,resale,2026-10-04T16:07:10Z
103,26,10,251.55,resale,2026-10-04T16:07:10Z
230,16,24,175.5,resale,2026-10-04T16:07:10Z
104,8,13,263.25,resale,2026-10-04T16:07:10Z
104,8,14,263.25,resale,2026-10-04T16:07:10Z
119,23,19,200.07,resale,2026-10-04T16:07:10Z
119,23,20,200.07,resale,2026-10-04T16:07:10Z
210,16,1,210.6,resale,2026-10-04T16:07:10Z
210,16,2,210.6,resale,2026-10-04T16:07:10Z
104,25,7,175.5,resale,2026-10-04T16:07:10Z
104,25,8,175.5,resale,2026-10-04T16:07:10Z
111,10,28,162.63,resale,2026-10-04T16:07:10Z
111,10,29,162.63,resale,2026-10-04T16:07:10Z
C25,14,5,134.55,resale,2026-10-04T16:07:10Z
235,6,7,97.11,resale,2026-10-04T16:07:10Z
235,6,8,97.11,resale,2026-10-04T16:07:10Z
C39,8,11,234.0,resale,2026-10-04T16:07:10Z
C39,8,12,234.0,resale,2026-10-04T16:07:10Z
110,7,9,152.1,resale,2026-10-04T16:07:10Z
110,7,10,152.1,resale,2026-10-04T16:07:10Z
110,7,11,152.1,resale,2026-10-04T16:07:10Z
123,28,11,312.39,resale,2026-10-04T16:07:10Z
123,28,12,312.39,resale,2026-10-04T16:07:10Z
106,7,15,356.85,resale,2026-10-04T16:07:10Z
C19,2,3,326.43,resale,2026-10-04T16:07:10Z
C19,2,4,326.43,resale,2026-10-04T16:07:10Z
115,23,9,204.75,resale,2026-10-04T16:07:10Z
115,23,10,204.75,resale,2026-10-04T16:07:10Z
234,9,6,187.2,resale,2026-10-04T16:07:10Z
129,34,15,311.22,resale,2026-10-04T16:07:10Z
C19,3,7,604.89,resale,2026-10-04T16:07:10Z
C19,3,8,604.89,resale,2026-10-04T16:07:10Z
236,10,25,234.0,resale,2026-10-04T16:07:10Z
236,10,26,234.0,resale,2026-10-04T16:07:10Z
236,10,27,234.0,resale,2026-10-04T16:07:10Z
236,10,28,234.0,resale,2026-10-04T16:07:10Z
111,24,9,234.0,resale,2026-10-04T16:07:10Z
111,24,10,234.0,resale,2026-10-04T16:07:10Z
242,10,3,193.05,resale,2026-10-04T16:07:10Z
242,10,4,193.05,resale,2026-10-04T16:07:10Z
117,3,8,327.6,resale,2026-10-04T16:07:10Z
234,16,6,193.05,resale,2026-10-04T16:07:10Z
234,16,7,193.05,resale,2026-10-04T16:07:10Z
230,14,8,117.0,resale,2026-10-04T16:07:10Z
209,10,4,175.5,resale,2026-10-04T16:07:10Z
114,20,15,204.75,resale,2026-10-04T16:07:10Z
114,20,16,204.75,resale,2026-10-04T16:07:10Z
103,30,1,526.5,resale,2026-10-04T16:07:10Z
C18,11,22,511.29,resale,2026-10-04T16:07:10Z
135,18,11,351.0,resale,2026-10-04T16:07:10Z
210,11,4,263.25,resale,2026-10-04T16:07:10Z
210,11,5,263.25,resale,2026-10-04T16:07:10Z
202,19,12,140.4,resale,2026-10-04T16:07:10Z
105,26,19,198.9,resale,2026-10-04T16:07:10Z
105,26,20,198.9,resale,2026-10-04T16:07:10Z
231,6,14,163.8,resale,2026-10-04T16:07:10Z
110,20,3,245.7,resale,2026-10-04T16:07:10Z
110,20,4,245.7,resale,2026-10-04T16:07:10Z
110,20,5,245.7,resale,2026-10-04T16:07:10Z
118,19,17,263.25,resale,2026-10-04T16:07:10Z
118,19,18,263.25,resale,2026-10-04T16:07:10Z
130,30,12,146.25,resale,2026-10-04T16:07:10Z
130,30,13,146.25,resale,2026-10-04T16:07:10Z
243,28,11,292.5,resale,2026-10-04T16:07:10Z
134,30,2,234.0,resale,2026-10-04T16:07:10Z
134,30,3,234.0,resale,2026-10-04T16:07:10Z
133,20,13,291.33,resale,2026-10-04T16:07:10Z
133,20,14,291.33,resale,2026-10-04T16:07:10Z
NETER3,1,17,175.5,resale,2026-10-04T16:07:10Z
NETER3,1,18,175.5,resale,2026-10-04T16:07:10Z
137,27,1,429.39,resale,2026-10-04T16:07:10Z
137,27,2,429.39,resale,2026-10-04T16:07:10Z
209,10,2,256.23,resale,2026-10-04T16:07:10Z
209,9,3,256.23,resale,2026-10-04T16:07:10Z
116,6,10,315.9,resale,2026-10-04T16:07:10Z
209,11,9,134.55,resale,2026-10-04T16:07:10Z
209,11,10,134.55,resale,2026-10-04T16:07:10Z
209,11,11,134.55,resale,2026-10-04T16:07:10Z
209,11,12,134.55,resale,2026-10-04T16:07:10Z
209,11,13,134.55,resale,2026-10-04T16:07:10Z
128,10,9,193.05,resale,2026-10-04T16:07:10Z
235,18,3,175.5,resale,2026-10-04T16:07:10Z
235,18,4,175.5,resale,2026-10-04T16:07:10Z
220,6,11,234.0,resale,2026-10-04T16:07:10Z
220,6,12,234.0,resale,2026-10-04T16:07:10Z
204,20,30,256.23,resale,2026-10-04T16:07:10Z
204,20,31,256.23,resale,2026-10-04T16:07:10Z
204,23,16,140.4,resale,2026-10-04T16:07:10Z
204,23,17,140.4,resale,2026-10-04T16:07:10Z
229,6,14,117.0,resale,2026-10-04T16:07:10Z
229,6,15,117.0,resale,2026-10-04T16:07:10Z
218,14,17,232.83,resale,2026-10-04T16:07:10Z
218,14,18,232.83,resale,2026-10-04T16:07:10Z
218,14,19,232.83,resale,2026-10-04T16:07:10Z
218,14,20,232.83,resale,2026-10-04T16:07:10Z
C5,14,18,234.0,resale,2026-10-04T16:07:10Z
209,18,18,263.25,resale,2026-10-04T16:07:10Z
209,18,19,263.25,resale,2026-10-04T16:07:10Z
243,12,16,111.15,resale,2026-10-04T16:07:10Z
243,12,17,111.15,resale,2026-10-04T16:07:10Z
211,4,11,174.33,resale,2026-10-04T16:07:10Z
211,4,12,174.33,resale,2026-10-04T16:07:10Z
118,14,11,348.66,resale,2026-10-04T16:07:10Z
118,14,12,348.66,resale,2026-10-04T16:07:10Z
118,14,13,348.66,resale,2026-10-04T16:07:10Z
118,14,14,348.66,resale,2026-10-04T16:07:10Z
226,25,16,141.57,resale,2026-10-04T16:07:10Z
C36,9,12,134.55,resale,2026-10-04T16:07:10Z
C36,9,13,134.55,resale,2026-10-04T16:07:10Z
C22,11,26,219.96,resale,2026-10-04T16:07:10Z
C22,11,27,219.96,resale,2026-10-04T16:07:10Z
130,20,4,280.8,resale,2026-10-04T16:07:10Z
130,20,5,280.8,resale,2026-10-04T16:07:10Z
130,20,6,280.8,resale,2026-10-04T16:07:10Z
203,29,24,146.25,resale,2026-10-04T16:07:10Z
203,29,25,146.25,resale,2026-10-04T16:07:10Z
207,16,18,175.5,resale,2026-10-04T16:07:10Z
207,16,19,175.5,resale,2026-10-04T16:07:10Z
107,41,2,204.75,resale,2026-10-04T16:07:10Z
105,4,23,771.03,resale,2026-10-04T16:07:10Z
105,4,24,771.03,resale,2026-10-04T16:07:10Z
105,4,25,771.03,resale,2026-10-04T16:07:10Z
105,4,26,771.03,resale,2026-10-04T16:07:10Z
124,2,3,187.2,resale,2026-10-04T16:07:10Z
124,2,4,187.2,resale,2026-10-04T16:07:10Z
106,4,9,292.5,resale,2026-10-04T16:07:10Z
106,4,10,292.5,resale,2026-10-04T16:07:10Z
237,24,7,164.97,resale,2026-10-04T16:07:10Z
241,9,11,180.18,resale,2026-10-04T16:07:10Z
241,9,12,180.18,resale,2026-10-04T16:07:10Z
C23,5,5,304.2,resale,2026-10-04T16:07:10Z
C23,5,6,304.2,resale,2026-10-04T16:07:10Z
C23,5,7,304.2,resale,2026-10-04T16:07:10Z
C23,5,8,304.2,resale,2026-10-04T16:07:10Z
221,7,6,146.25,resale,2026-10-04T16:07:10Z
221,7,7,146.25,resale,2026-10-04T16:07:10Z
204,17,21,211.77,resale,2026-10-04T16:07:10Z
220,23,27,210.6,resale,2026-10-04T16:07:10Z
220,23,28,210.6,resale,2026-10-04T16:07:10Z
113,19,7,251.55,resale,2026-10-04T16:07:10Z
113,19,8,251.55,resale,2026-10-04T16:07:10Z
223,23,1,107.64,resale,2026-10-04T16:07:10Z
223,23,2,107.64,resale,2026-10-04T16:07:10Z
219,25,9,131.04,resale,2026-10-04T16:07:10Z
219,25,10,131.04,resale,2026-10-04T16:07:10Z
112,5,10,292.5,resale,2026-10-04T16:07:10Z
112,5,11,292.5,resale,2026-10-04T16:07:10Z
112,5,12,292.5,resale,2026-10-04T16:07:10Z
112,5,13,292.5,resale,2026-10-04T16:07:10Z
112,5,14,292.5,resale,2026-10-04T16:07:10Z
124,27,1,263.25,resale,2026-10-04T16:07:10Z
124,27,2,263.25,resale,2026-10-04T16:07:10Z
124,27,3,263.25,resale,2026-10-04T16:07:10Z
124,27,4,263.25,resale,2026-10-04T16:07:10Z
215,15,8,117.0,resale,2026-10-04T16:07:10Z
215,15,9,117.0,resale,2026-10-04T16:07:10Z
C26,12,19,234.0,resale,2026-10-04T16:07:10Z
C26,12,20,234.0,resale,2026-10-04T16:07:10Z
231,27,25,117.0,resale,2026-10-04T16:07:10Z
C27,6,15,242.19,resale,2026-10-04T16:07:10Z
C27,6,16,242.19,resale,2026-10-04T16:07:10Z
217,8,3,234.0,resale,2026-10-04T16:07:10Z
217,8,4,234.0,resale,2026-10-04T16:07:10Z
217,8,5,234.0,resale,2026-10-04T16:07:10Z
217,8,6,234.0,resale,2026-10-04T16:07:10Z
217,8,7,234.0,resale,2026-10-04T16:07:10Z
134,6,7,228.15,resale,2026-10-04T16:07:10Z
134,6,8,228.15,resale,2026-10-04T16:07:10Z
231,13,18,234.0,resale,2026-10-04T16:07:10Z
231,13,19,234.0,resale,2026-10-04T16:07:10Z
207,20,14,175.5,resale,2026-10-04T16:07:10Z
122,19,11,380.25,resale,2026-10-04T16:07:10Z
122,19,12,380.25,resale,2026-10-04T16:07:10Z
122,19,13,380.25,resale,2026-10-04T16:07:10Z
C4,12,1,503.1,resale,2026-10-04T16:07:10Z
C4,12,2,503.1,resale,2026-10-04T16:07:10Z
129,24,30,234.0,resale,2026-10-04T16:07:10Z
129,24,31,234.0,resale,2026-10-04T16:07:10Z
129,24,32,234.0,resale,2026-10-04T16:07:10Z
135,16,4,351.0,resale,2026-10-04T16:07:10Z
237,26,8,111.15,resale,2026-10-04T16:07:10Z
237,26,9,111.15,resale,2026-10-04T16:07:10Z
221,11,9,197.73,resale,2026-10-04T16:07:10Z
221,11,10,197.73,resale,2026-10-04T16:07:10Z
209,16,9,117.0,resale,2026-10-04T16:07:10Z
209,16,10,117.0,resale,2026-10-04T16:07:10Z
C5,13,17,292.5,resale,2026-10-04T16:07:10Z
C5,13,18,292.5,resale,2026-10-04T16:07:10Z
111,25,9,187.2,resale,2026-10-04T16:07:10Z
111,25,10,187.2,resale,2026-10-04T16:07:10Z
111,5,15,409.5,resale,2026-10-04T16:07:10Z
111,30,21,198.9,resale,2026-10-04T16:07:10Z
217,12,1,168.48,resale,2026-10-04T16:07:10Z
217,12,2,168.48,resale,2026-10-04T16:07:10Z
217,12,3,191.88,resale,2026-10-04T16:07:10Z
243,11,13,181.35,resale,2026-10-04T16:07:10Z
243,11,14,181.35,resale,2026-10-04T16:07:10Z
130,27,25,349.83,resale,2026-10-04T16:07:10Z
130,27,26,349.83,resale,2026-10-04T16:07:10Z
130,27,27,349.83,resale,2026-10-04T16:07:10Z
130,27,28,349.83,resale,2026-10-04T16:07:10Z
C23,4,25,702.0,resale,2026-10-04T16:07:10Z
M13,10,12,402.48,resale,2026-10-04T16:07:10Z
M13,10,13,402.48,resale,2026-10-04T16:07:10Z
132,8,8,234.0,resale,2026-10-04T16:07:10Z
111,9,15,234.0,resale,2026-10-04T16:07:10Z
111,9,16,234.0,resale,2026-10-04T16:07:10Z
111,9,17,234.0,resale,2026-10-04T16:07:10Z
123,25,21,292.5,resale,2026-10-04T16:07:10Z
123,25,22,292.5,resale,2026-10-04T16:07:10Z
224,29,6,175.5,resale,2026-10-04T16:07:10Z
224,29,7,175.5,resale,2026-10-04T16:07:10Z
224,29,8,175.5,resale,2026-10-04T16:07:10Z
224,29,9,175.5,resale,2026-10-04T16:07:10Z
107,36,1,216.45,resale,2026-10-04T16:07:10Z
107,36,2,216.45,resale,2026-10-04T16:07:10Z
235,13,19,148.59,resale,2026-10-04T16:07:10Z
235,13,20,148.59,resale,2026-10-04T16:07:10Z
235,13,21,148.59,resale,2026-10-04T16:07:10Z
241,1,7,171.99,resale,2026-10-04T16:07:10Z
241,1,8,171.99,resale,2026-10-04T16:07:10Z
241,1,9,171.99,resale,2026-10-04T16:07:10Z
241,1,10,171.99,resale,2026-10-04T16:07:10Z
241,1,11,171.99,resale,2026-10-04T16:07:10Z
241,1,12,171.99,resale,2026-10-04T16:07:10Z
202,30,23,131.04,resale,2026-10-04T16:07:10Z
202,30,24,131.04,resale,2026-10-04T16:07:10Z
111,10,30,210.6,resale,2026-10-04T16:07:10Z
123,3,8,269.1,resale,2026-10-04T16:07:10Z
123,3,9,269.1,resale,2026-10-04T16:07:10Z
123,3,10,269.1,resale,2026-10-04T16:07:10Z
201,16,33,191.88,resale,2026-10-04T16:07:10Z
201,16,34,191.88,resale,2026-10-04T16:07:10Z
135,8,18,269.1,resale,2026-10-04T16:07:10Z
135,8,19,269.1,resale,2026-10-04T16:07:10Z
226,15,3,210.6,resale,2026-10-04T16:07:10Z
226,15,4,210.6,resale,2026-10-04T16:07:10Z
127,12,9,263.25,resale,2026-10-04T16:07:10Z
127,12,10,263.25,resale,2026-10-04T16:07:10Z
239,27,12,174.33,resale,2026-10-04T16:07:10Z
239,27,13,174.33,resale,2026-10-04T16:07:10Z
130,30,16,386.1,resale,2026-10-04T16:07:10Z
130,30,17,386.1,resale,2026-10-04T16:07:10Z
C38,1,1,468.0,resale,2026-10-04T16:07:10Z
C38,1,2,468.0,resale,2026-10-04T16:07:10Z
229,15,13,105.3,resale,2026-10-04T16:07:10Z
229,15,14,105.3,resale,2026-10-04T16:07:10Z
229,15,16,117.0,resale,2026-10-04T16:07:10Z
127,27,16,175.5,resale,2026-10-04T16:07:10Z
127,27,17,175.5,resale,2026-10-04T16:07:10Z
C37,15,14,306.54,resale,2026-10-04T16:07:10Z
C37,15,15,306.54,resale,2026-10-04T16:07:10Z
130,26,25,234.0,resale,2026-10-04T16:07:10Z
223,17,5,117.0,resale,2026-10-04T16:07:10Z
223,17,6,117.0,resale,2026-10-04T16:07:10Z
102,26,5,702.0,resale,2026-10-04T16:07:10Z
124,31,5,184.86,resale,2026-10-04T16:07:10Z
124,31,6,184.86,resale,2026-10-04T16:07:10Z
124,31,7,184.86,resale,2026-10-04T16:07:10Z
239,19,3,140.4,resale,2026-10-04T16:07:10Z
239,19,4,140.4,resale,2026-10-04T16:07:10Z
217,12,8,152.1,resale,2026-10-04T16:07:10Z
227,29,24,117.0,resale,2026-10-04T16:07:10Z
230,23,1,135.72,resale,2026-10-04T16:07:10Z
230,23,2,135.72,resale,2026-10-04T16:07:10Z
110,15,7,321.75,resale,2026-10-04T16:07:10Z
110,15,8,321.75,resale,2026-10-04T16:07:10Z
229,11,21,189.54,resale,2026-10-04T16:07:10Z
C18,1,1,466.83,resale,2026-10-04T16:07:10Z
C18,1,2,466.83,resale,2026-10-04T16:07:10Z
119,18,8,379.08,resale,2026-10-04T16:07:10Z
236,7,14,234.0,resale,2026-10-04T16:07:10Z
127,28,17,153.27,resale,2026-10-04T16:07:10Z
127,28,18,153.27,resale,2026-10-04T16:07:10Z
104,19,11,292.5,resale,2026-10-04T16:07:10Z
104,19,12,292.5,resale,2026-10-04T16:07:10Z
129,10,17,351.0,resale,2026-10-04T16:07:10Z
129,10,18,351.0,resale,2026-10-04T16:07:10Z
203,3,7,171.99,resale,2026-10-04T16:07:10Z
203,3,8,171.99,resale,2026-10-04T16:07:10Z
240,17,11,169.65,resale,2026-10-04T16:07:10Z
240,17,12,169.65,resale,2026-10-04T16:07:10Z
130,11,1,175.5,resale,2026-10-04T16:07:10Z
130,11,2,175.5,resale,2026-10-04T16:07:10Z
231,30,7,146.25,resale,2026-10-04T16:07:10Z
231,30,8,146.25,resale,2026-10-04T16:07:10Z
202,7,26,162.63,resale,2026-10-04T16:07:10Z
229,11,20,187.2,resale,2026-10-04T16:07:10Z
C3,18,17,409.5,resale,2026-10-04T16:07:10Z
C3,18,18,409.5,resale,2026-10-04T16:07:10Z
135,34,17,191.88,resale,2026-10-04T16:07:10Z
135,34,18,191.88,resale,2026-10-04T16:07:10Z
135,23,23,393.12,resale,2026-10-04T16:07:10Z
135,23,24,393.12,resale,2026-10-04T16:07:10Z
127,18,11,251.55,resale,2026-10-04T16:07:10Z
127,22,19,294.84,resale,2026-10-04T16:07:10Z
129,31,3,216.45,resale,2026-10-04T16:07:10Z
129,31,4,216.45,resale,2026-10-04T16:07:10Z
M13,16,35,234.0,resale,2026-10-04T16:07:10Z
M13,16,36,234.0,resale,2026-10-04T16:07:10Z
133,26,19,251.55,resale,2026-10-04T16:07:10Z
133,15,17,292.5,resale,2026-10-04T16:07:10Z
241,10,13,203.58,resale,2026-10-04T16:07:10Z
117,7,2,292.5,resale,2026-10-04T16:07:10Z
117,7,3,292.5,resale,2026-10-04T16:07:10Z
117,7,4,292.5,resale,2026-10-04T16:07:10Z
234,5,9,183.69,resale,2026-10-04T16:07:10Z
226,27,18,175.5,resale,2026-10-04T16:07:10Z
226,27,19,175.5,resale,2026-10-04T16:07:10Z
242,27,4,133.38,resale,2026-10-04T16:07:10Z
242,27,5,133.38,resale,2026-10-04T16:07:10Z
212,1,1,175.5,resale,2026-10-04T16:07:10Z
212,1,2,175.5,resale,2026-10-04T16:07:10Z
229,14,23,128.7,resale,2026-10-04T16:07:10Z
229,14,24,128.7,resale,2026-10-04T16:07:10Z
229,14,25,128.7,resale,2026-10-04T16:07:10Z
229,14,26,128.7,resale,2026-10-04T16:07:10Z
110,25,27,169.65,resale,2026-10-04T16:07:10Z
110,25,28,169.65,resale,2026-10-04T16:07:10Z
C16,1,15,479.7,resale,2026-10-04T16:07:10Z
C16,1,16,479.7,resale,2026-10-04T16:07:10Z
C16,1,17,479.7,resale,2026-10-04T16:07:10Z
110,10,9,175.5,resale,2026-10-04T16:07:10Z
110,10,10,175.5,resale,2026-10-04T16:07:10Z
104,30,1,274.95,resale,2026-10-04T16:07:10Z
104,30,2,274.95,resale,2026-10-04T16:07:10Z
244,18,6,175.5,resale,2026-10-04T16:07:10Z
244,18,7,175.5,resale,2026-10-04T16:07:10Z
244,18,8,175.5,resale,2026-10-04T16:07:10Z
215,15,10,117.0,resale,2026-10-04T16:07:10Z
215,15,11,117.0,resale,2026-10-04T16:07:10Z
C27,14,15,234.0,resale,2026-10-04T16:07:10Z
C27,14,16,234.0,resale,2026-10-04T16:07:10Z
108,2,3,702.0,resale,2026-10-04T16:07:10Z
108,2,4,702.0,resale,2026-10-04T16:07:10Z
203,13,18,146.25,resale,2026-10-04T16:07:10Z
203,13,19,146.25,resale,2026-10-04T16:07:10Z
C26,10,5,187.2,resale,2026-10-04T16:07:10Z
C37,5,14,265.59,resale,2026-10-04T16:07:10Z
C18,17,6,326.43,resale,2026-10-04T16:07:10Z
C18,17,7,326.43,resale,2026-10-04T16:07:10Z
M11,15,15,142.74,resale,2026-10-04T16:07:10Z
M11,15,16,142.74,resale,2026-10-04T16:07:10Z
236,6,3,117.0,resale,2026-10-04T16:07:10Z
236,6,4,117.0,resale,2026-10-04T16:07:10Z
242,15,21,179.01,resale,2026-10-04T16:07:10Z
242,15,22,179.01,resale,2026-10-04T16:07:10Z
NETER3,3,37,189.54,resale,2026-10-04T16:07:10Z
NETER3,3,38,189.54,resale,2026-10-04T16:07:10Z
C3,9,13,403.65,resale,2026-10-04T16:07:10Z
C3,9,14,403.65,resale,2026-10-04T16:07:10Z
106,27,15,397.8,resale,2026-10-04T16:07:10Z
106,27,16,397.8,resale,2026-10-04T16:07:10Z
240,22,1,175.5,resale,2026-10-04T16:07:10Z
240,22,2,175.5,resale,2026-10-04T16:07:10Z
219,21,5,129.87,resale,2026-10-04T16:07:10Z
219,21,6,129.87,resale,2026-10-04T16:07:10Z
219,21,7,129.87,resale,2026-10-04T16:07:10Z
221,10,22,204.75,resale,2026-10-04T16:07:10Z
204,10,7,167.31,resale,2026-10-04T16:07:10Z
204,10,8,167.31,resale,2026-10-04T16:07:10Z
123,6,6,327.6,resale,2026-10-04T16:07:10Z
123,6,7,327.6,resale,2026-10-04T16:07:10Z
236,25,3,117.0,resale,2026-10-04T16:07:10Z
236,25,4,117.0,resale,2026-10-04T16:07:10Z
109,11,16,163.8,resale,2026-10-04T16:07:10Z
109,11,17,163.8,resale,2026-10-04T16:07:10Z
222,29,27,115.83,resale,2026-10-04T16:07:10Z
222,29,28,115.83,resale,2026-10-04T16:07:10Z
135,21,13,219.96,resale,2026-10-04T16:07:10Z
135,21,14,219.96,resale,2026-10-04T16:07:10Z
201,24,23,204.75,resale,2026-10-04T16:07:10Z
201,24,24,204.75,resale,2026-10-04T16:07:10Z
206,19,3,135.72,resale,2026-10-04T16:07:10Z
206,19,4,135.72,resale,2026-10-04T16:07:10Z
230,1,19,152.1,resale,2026-10-04T16:07:10Z
230,1,20,152.1,resale,2026-10-04T16:07:10Z
228,28,24,127.53,resale,2026-10-04T16:07:10Z
228,28,25,127.53,resale,2026-10-04T16:07:10Z
C3,13,18,351.0,resale,2026-10-04T16:07:10Z
C17,5,18,293.67,resale,2026-10-04T16:07:10Z
C17,5,19,293.67,resale,2026-10-04T16:07:10Z
244,26,19,120.51,resale,2026-10-04T16:07:10Z
244,26,20,120.51,resale,2026-10-04T16:07:10Z
C24,10,10,234.0,resale,2026-10-04T16:07:10Z
118,29,14,207.09,resale,2026-10-04T16:07:10Z
120,5,19,448.11,resale,2026-10-04T16:07:10Z
120,5,20,448.11,resale,2026-10-04T16:07:10Z
120,5,21,448.11,resale,2026-10-04T16:07:10Z
207,26,6,104.13,resale,2026-10-04T16:07:10Z
207,26,7,104.13,resale,2026-10-04T16:07:10Z
207,5,14,171.99,resale,2026-10-04T16:07:10Z
235,28,15,194.22,resale,2026-10-04T16:07:10Z
235,28,16,194.22,resale,2026-10-04T16:07:10Z
C21,16,6,219.96,resale,2026-10-04T16:07:10Z
C21,16,7,219.96,resale,2026-10-04T16:07:10Z
230,29,1,174.33,resale,2026-10-04T16:07:10Z
230,29,2,174.33,resale,2026-10-04T16:07:10Z
244,15,5,234.0,resale,2026-10-04T16:07:10Z
204,24,18,105.3,resale,2026-10-04T16:07:10Z
204,24,19,105.3,resale,2026-10-04T16:07:10Z
205,12,3,263.25,resale,2026-10-04T16:07:10Z
205,12,4,263.25,resale,2026-10-04T16:07:10Z
243,27,24,122.85,resale,2026-10-04T16:07:10Z
243,27,25,122.85,resale,2026-10-04T16:07:10Z
226,11,19,210.6,resale,2026-10-04T16:07:10Z
226,11,20,210.6,resale,2026-10-04T16:07:10Z
110,4,16,258.57,resale,2026-10-04T16:07:10Z
110,4,17,258.57,resale,2026-10-04T16:07:10Z
216,2,8,134.55,resale,2026-10-04T16:07:10Z
117,18,2,1168.83,resale,2026-10-04T16:07:10Z
105,5,11,264.42,resale,2026-10-04T16:07:10Z
105,5,12,264.42,resale,2026-10-04T16:07:10Z
225,27,11,119.34,resale,2026-10-04T16:07:10Z
225,27,12,119.34,resale,2026-10-04T16:07:10Z
207,28,26,104.13,resale,2026-10-04T16:07:10Z
207,28,27,104.13,resale,2026-10-04T16:07:10Z
213,17,6,117.0,resale,2026-10-04T16:07:10Z
213,17,7,117.0,resale,2026-10-04T16:07:10Z
211,11,10,128.7,resale,2026-10-04T16:07:10Z
109,32,5,234.0,resale,2026-10-04T16:07:10Z
122,26,11,391.95,resale,2026-10-04T16:07:10Z
122,26,12,391.95,resale,2026-10-04T16:07:10Z
205,10,6,139.23,resale,2026-10-04T16:07:10Z
237,28,19,105.3,resale,2026-10-04T16:07:10Z
237,28,20,105.3,resale,2026-10-04T16:07:10Z
C21,18,11,234.0,resale,2026-10-04T16:07:10Z
M12,4,9,347.49,resale,2026-10-04T16:07:10Z
126,6,4,196.56,resale,2026-10-04T16:07:10Z
C18,11,23,409.5,resale,2026-10-04T16:07:10Z
C18,11,24,409.5,resale,2026-10-04T16:07:10Z
C18,11,25,409.5,resale,2026-10-04T16:07:10Z
