section,row,seat,price_usd,selection_type,scraped_at
309,3,1,119.0,resale,2026-10-04T16:02:16Z
309,3,2,119.0,resale,2026-10-04T16:02:16Z
239,5,5,265.37,resale,2026-10-04T16:02:16Z
239,5,6,265.37,resale,2026-10-04T16:02:16Z
316,6,13,63.07,resale,2026-10-04T16:02:16Z
316,6,14,63.07,resale,2026-10-04T16:02:16Z
340,19,21,71.4,resale,2026-10-04T16:02:16Z
340,19,22,71.4,resale,2026-10-04T16:02:16Z
337,24,17,59.5,resale,2026-10-04T16:02:16Z
337,24,18,59.5,resale,2026-10-04T16:02:16Z
336,9,7,65.45,resale,2026-10-04T16:02:16Z
336,9,8,65.45,resale,2026-10-04T16:02:16Z
309,9,15,148.75,resale,2026-10-04T16:02:16Z
309,9,16,148.75,resale,2026-10-04T16:02:16Z
202A,6,3,89.25,resale,2026-10-04T16:02:16Z
202A,6,4,89.25,resale,2026-10-04T16:02:16Z
139,26,5,279.65,resale,2026-10-04T16:02:16Z
139,26,6,279.65,resale,2026-10-04T16:02:16Z
115A,13,5,260.61,resale,2026-10-04T16:02:16Z
115A,13,6,260.61,resale,2026-10-04T16:02:16Z
245A,3,5,130.9,resale,2026-10-04T16:02:16Z
245A,3,6,130.9,resale,2026-10-04T16:02:16Z
250A,2,6,71.4,resale,2026-10-04T16:02:16Z
250A,2,7,71.4,resale,2026-10-04T16:02:16Z
334,4,15,98.77,resale,2026-10-04T16:02:16Z
334,4,16,98.77,resale,2026-10-04T16:02:16Z
334,4,17,98.77,resale,2026-10-04T16:02:16Z
334,4,18,98.77,resale,2026-10-04T16:02:16Z
334,4,19,98.77,resale,2026-10-04T16:02:16Z
334,4,20,98.77,resale,2026-10-04T16:02:16Z
226,18,19,105.91,resale,2026-10-04T16:02:16Z
226,18,20,105.91,resale,2026-10-04T16:02:16Z
106,16,11,101.15,resale,2026-10-04T16:02:16Z
106,16,12,101.15,resale,2026-10-04T16:02:16Z
219,2,16,310.59,resale,2026-10-04T16:02:16Z
219,2,17,310.59,resale,2026-10-04T16:02:16Z
229,12,20,190.4,resale,2026-10-04T16:02:16Z
229,12,21,190.4,resale,2026-10-04T16:02:16Z
229,12,22,190.4,resale,2026-10-04T16:02:16Z
229,12,23,190.4,resale,2026-10-04T16:02:16Z
223,12,7,261.8,resale,2026-10-04T16:02:16Z
223,12,8,261.8,resale,2026-10-04T16:02:16Z
234,11,13,190.4,resale,2026-10-04T16:02:16Z
234,11,14,190.4,resale,2026-10-04T16:02:16Z
318,24,5,119.0,resale,2026-10-04T16:02:16Z
318,24,6,119.0,resale,2026-10-04T16:02:16Z
209,5,13,585.0,resale,2026-10-04T16:02:16Z
209,5,14,585.0,resale,2026-10-04T16:02:16Z
312,22,19,95.2,resale,2026-10-04T16:02:16Z
312,22,20,95.2,resale,2026-10-04T16:02:16Z
312,22,21,95.2,resale,2026-10-04T16:02:16Z
312,22,22,95.2,resale,2026-10-04T16:02:16Z
315,20,5,65.45,resale,2026-10-04T16:02:16Z
315,20,6,65.45,resale,2026-10-04T16:02:16Z
110,11,7,267.75,resale,2026-10-04T16:02:16Z
110,21,9,238.0,resale,2026-10-04T16:02:16Z
110,21,10,238.0,resale,2026-10-04T16:02:16Z
101,8,17,166.6,resale,2026-10-04T16:02:16Z
101,8,18,166.6,resale,2026-10-04T16:02:16Z
142,19,1,326.06,resale,2026-10-04T16:02:16Z
142,19,2,326.06,resale,2026-10-04T16:02:16Z
250B,5,24,77.35,resale,2026-10-04T16:02:16Z
250B,5,25,77.35,resale,2026-10-04T16:02:16Z
137,26,9,466.83,resale,2026-10-04T16:02:16Z
137,26,10,466.83,resale,2026-10-04T16:02:16Z
137,26,11,466.83,resale,2026-10-04T16:02:16Z
137,31,11,261.8,resale,2026-10-04T16:02:16Z
137,31,12,261.8,resale,2026-10-04T16:02:16Z
137,31,13,261.8,resale,2026-10-04T16:02:16Z
137,31,14,261.8,resale,2026-10-04T16:02:16Z
204,1,11,186.83,resale,2026-10-04T16:02:16Z
204,1,12,186.83,resale,2026-10-04T16:02:16Z
137,27,15,166.6,resale,2026-10-04T16:02:16Z
137,27,16,166.6,resale,2026-10-04T16:02:16Z
318,3,1,107.1,resale,2026-10-04T16:02:16Z
318,3,2,107.1,resale,2026-10-04T16:02:16Z
318,3,3,107.1,resale,2026-10-04T16:02:16Z
318,3,4,107.1,resale,2026-10-04T16:02:16Z
110,17,17,177.31,resale,2026-10-04T16:02:16Z
110,17,18,177.31,resale,2026-10-04T16:02:16Z
117,1,16,297.5,resale,2026-10-04T16:02:16Z
337,13,26,95.2,resale,2026-10-04T16:02:16Z
337,13,27,95.2,resale,2026-10-04T16:02:16Z
232C,14,7,202.3,resale,2026-10-04T16:02:16Z
232C,14,8,202.3,resale,2026-10-04T16:02:16Z
121,4,3,83.3,resale,2026-10-04T16:02:16Z
121,4,4,83.3,resale,2026-10-04T16:02:16Z
326,13,1,89.25,resale,2026-10-04T16:02:16Z
326,13,2,89.25,resale,2026-10-04T16:02:16Z
326,13,3,89.25,resale,2026-10-04T16:02:16Z
326,13,4,89.25,resale,2026-10-04T16:02:16Z
223,7,9,94.01,resale,2026-10-04T16:02:16Z
223,7,10,94.01,resale,2026-10-04T16:02:16Z
223,7,11,94.01,resale,2026-10-04T16:02:16Z
223,7,12,94.01,resale,2026-10-04T16:02:16Z
250B,10,1,208.25,resale,2026-10-04T16:02:16Z
250B,10,2,208.25,resale,2026-10-04T16:02:16Z
250A,6,15,178.5,resale,2026-10-04T16:02:16Z
250A,6,16,178.5,resale,2026-10-04T16:02:16Z
343,16,5,178.5,resale,2026-10-04T16:02:16Z
343,16,6,178.5,resale,2026-10-04T16:02:16Z
343,16,7,178.5,resale,2026-10-04T16:02:16Z
106,42,9,318.92,resale,2026-10-04T16:02:16Z
106,42,10,318.92,resale,2026-10-04T16:02:16Z
106,42,11,318.92,resale,2026-10-04T16:02:16Z
143,12,16,196.35,resale,2026-10-04T16:02:16Z
143,12,17,196.35,resale,2026-10-04T16:02:16Z
113,26,13,555.75,resale,2026-10-04T16:02:16Z
113,26,14,555.75,resale,2026-10-04T16:02:16Z
237,1,13,409.5,resale,2026-10-04T16:02:16Z
237,1,14,409.5,resale,2026-10-04T16:02:16Z
237,1,15,409.5,resale,2026-10-04T16:02:16Z
237,1,16,409.5,resale,2026-10-04T16:02:16Z
108,8,3,115.43,resale,2026-10-04T16:02:16Z
108,8,4,115.43,resale,2026-10-04T16:02:16Z
113,20,5,731.25,resale,2026-10-04T16:02:16Z
113,20,6,731.25,resale,2026-10-04T16:02:16Z
111C,7,9,498.42,resale,2026-10-04T16:02:16Z
111C,7,10,498.42,resale,2026-10-04T16:02:16Z
109,23,10,345.1,resale,2026-10-04T16:02:16Z
109,23,11,345.1,resale,2026-10-04T16:02:16Z
126,34,9,91.63,resale,2026-10-04T16:02:16Z
126,34,10,91.63,resale,2026-10-04T16:02:16Z
336,16,7,57.12,resale,2026-10-04T16:02:16Z
336,16,8,57.12,resale,2026-10-04T16:02:16Z
335,14,3,59.5,resale,2026-10-04T16:02:16Z
335,14,4,59.5,resale,2026-10-04T16:02:16Z
224B,14,19,59.5,resale,2026-10-04T16:02:16Z
224B,14,20,59.5,resale,2026-10-04T16:02:16Z
221A,7,1,208.25,resale,2026-10-04T16:02:16Z
221A,7,2,208.25,resale,2026-10-04T16:02:16Z
123,24,5,113.05,resale,2026-10-04T16:02:16Z
123,24,6,113.05,resale,2026-10-04T16:02:16Z
342,12,26,160.65,resale,2026-10-04T16:02:16Z
342,12,27,160.65,resale,2026-10-04T16:02:16Z
320,1,3,208.25,resale,2026-10-04T16:02:16Z
320,1,4,208.25,resale,2026-10-04T16:02:16Z
135,18,3,130.9,resale,2026-10-04T16:02:16Z
135,18,4,130.9,resale,2026-10-04T16:02:16Z
101,8,1,113.05,resale,2026-10-04T16:02:16Z
101,8,2,113.05,resale,2026-10-04T16:02:16Z
335,12,3,73.78,resale,2026-10-04T16:02:16Z
335,12,4,73.78,resale,2026-10-04T16:02:16Z
336,20,15,59.5,resale,2026-10-04T16:02:16Z
336,20,16,59.5,resale,2026-10-04T16:02:16Z
104,43,9,222.53,resale,2026-10-04T16:02:16Z
104,43,10,222.53,resale,2026-10-04T16:02:16Z
126,43,5,226.1,resale,2026-10-04T16:02:16Z
126,43,6,226.1,resale,2026-10-04T16:02:16Z
116,14,5,178.5,resale,2026-10-04T16:02:16Z
116,14,6,178.5,resale,2026-10-04T16:02:16Z
128,32,9,119.0,resale,2026-10-04T16:02:16Z
128,32,10,119.0,resale,2026-10-04T16:02:16Z
222A,1,10,148.75,resale,2026-10-04T16:02:16Z
222A,1,11,148.75,resale,2026-10-04T16:02:16Z
312,21,6,85.68,resale,2026-10-04T16:02:16Z
312,21,7,85.68,resale,2026-10-04T16:02:16Z
228B,18,19,71.4,resale,2026-10-04T16:02:16Z
228B,18,20,71.4,resale,2026-10-04T16:02:16Z
305,18,11,142.8,resale,2026-10-04T16:02:16Z
305,18,12,142.8,resale,2026-10-04T16:02:16Z
222A,4,21,59.5,resale,2026-10-04T16:02:16Z
222A,4,22,59.5,resale,2026-10-04T16:02:16Z
315,20,27,159.46,resale,2026-10-04T16:02:16Z
315,20,28,159.46,resale,2026-10-04T16:02:16Z
249A,7,9,160.65,resale,2026-10-04T16:02:16Z
249A,7,10,160.65,resale,2026-10-04T16:02:16Z
108,27,10,123.76,resale,2026-10-04T16:02:16Z
108,27,11,123.76,resale,2026-10-04T16:02:16Z
108,27,12,123.76,resale,2026-10-04T16:02:16Z
108,27,13,123.76,resale,2026-10-04T16:02:16Z
134,18,25,273.7,resale,2026-10-04T16:02:16Z
134,18,26,273.7,resale,2026-10-04T16:02:16Z
124,20,15,214.2,resale,2026-10-04T16:02:16Z
124,20,16,214.2,resale,2026-10-04T16:02:16Z
126,39,9,208.25,resale,2026-10-04T16:02:16Z
126,39,10,208.25,resale,2026-10-04T16:02:16Z
341,5,17,107.1,resale,2026-10-04T16:02:16Z
341,5,18,107.1,resale,2026-10-04T16:02:16Z
202B,9,19,73.78,resale,2026-10-04T16:02:16Z
202B,9,20,73.78,resale,2026-10-04T16:02:16Z
110,8,6,176.12,resale,2026-10-04T16:02:16Z
110,8,7,176.12,resale,2026-10-04T16:02:16Z
124,43,15,136.85,resale,2026-10-04T16:02:16Z
124,43,16,136.85,resale,2026-10-04T16:02:16Z
220A,12,5,292.74,resale,2026-10-04T16:02:16Z
220A,12,6,292.74,resale,2026-10-04T16:02:16Z
231A,12,1,178.5,resale,2026-10-04T16:02:16Z
231A,12,2,178.5,resale,2026-10-04T16:02:16Z
128,17,15,130.9,resale,2026-10-04T16:02:16Z
128,17,16,130.9,resale,2026-10-04T16:02:16Z
314,26,20,172.55,resale,2026-10-04T16:02:16Z
314,26,21,172.55,resale,2026-10-04T16:02:16Z
244,4,3,267.75,resale,2026-10-04T16:02:16Z
244,4,4,267.75,resale,2026-10-04T16:02:16Z
315,26,1,205.87,resale,2026-10-04T16:02:16Z
315,26,2,205.87,resale,2026-10-04T16:02:16Z
315,26,3,205.87,resale,2026-10-04T16:02:16Z
315,26,4,205.87,resale,2026-10-04T16:02:16Z
218,11,16,497.25,resale,2026-10-04T16:02:16Z
218,11,17,497.25,resale,2026-10-04T16:02:16Z
203A,5,9,119.0,resale,2026-10-04T16:02:16Z
203A,5,10,119.0,resale,2026-10-04T16:02:16Z
318,11,17,148.75,resale,2026-10-04T16:02:16Z
318,11,18,148.75,resale,2026-10-04T16:02:16Z
336,25,27,49.98,resale,2026-10-04T16:02:16Z
336,25,28,49.98,resale,2026-10-04T16:02:16Z
103,21,21,232.05,resale,2026-10-04T16:02:16Z
103,21,22,232.05,resale,2026-10-04T16:02:16Z
341,13,24,220.15,resale,2026-10-04T16:02:16Z
341,13,25,220.15,resale,2026-10-04T16:02:16Z
341,13,26,220.15,resale,2026-10-04T16:02:16Z
341,13,27,220.15,resale,2026-10-04T16:02:16Z
110,32,5,333.2,resale,2026-10-04T16:02:16Z
110,32,6,333.2,resale,2026-10-04T16:02:16Z
129,45,23,148.75,resale,2026-10-04T16:02:16Z
129,45,24,148.75,resale,2026-10-04T16:02:16Z
340,26,1,63.07,resale,2026-10-04T16:02:16Z
340,26,2,63.07,resale,2026-10-04T16:02:16Z
340,26,3,63.07,resale,2026-10-04T16:02:16Z
340,26,4,63.07,resale,2026-10-04T16:02:16Z
123,32,27,177.31,resale,2026-10-04T16:02:16Z
123,32,28,177.31,resale,2026-10-04T16:02:16Z
340,12,24,119.0,resale,2026-10-04T16:02:16Z
340,12,25,119.0,resale,2026-10-04T16:02:16Z
104,42,11,321.3,resale,2026-10-04T16:02:16Z
104,42,12,321.3,resale,2026-10-04T16:02:16Z
129,23,26,253.47,resale,2026-10-04T16:02:16Z
129,23,27,253.47,resale,2026-10-04T16:02:16Z
129,23,28,253.47,resale,2026-10-04T16:02:16Z
129,23,29,253.47,resale,2026-10-04T16:02:16Z
104,20,23,89.25,resale,2026-10-04T16:02:16Z
104,20,24,89.25,resale,2026-10-04T16:02:16Z
250A,9,20,119.0,resale,2026-10-04T16:02:16Z
250A,9,21,119.0,resale,2026-10-04T16:02:16Z
307,6,1,77.35,resale,2026-10-04T16:02:16Z
307,6,2,77.35,resale,2026-10-04T16:02:16Z
307,6,3,77.35,resale,2026-10-04T16:02:16Z
307,6,4,77.35,resale,2026-10-04T16:02:16Z
249B,12,7,92.82,resale,2026-10-04T16:02:16Z
249B,12,8,92.82,resale,2026-10-04T16:02:16Z
310,26,26,159.46,resale,2026-10-04T16:02:16Z
310,26,27,159.46,resale,2026-10-04T16:02:16Z
134,28,20,208.25,resale,2026-10-04T16:02:16Z
134,28,21,208.25,resale,2026-10-04T16:02:16Z
339,18,3,95.2,resale,2026-10-04T16:02:16Z
339,18,4,95.2,resale,2026-10-04T16:02:16Z
339,18,5,95.2,resale,2026-10-04T16:02:16Z
339,18,6,95.2,resale,2026-10-04T16:02:16Z
104,39,27,82.11,resale,2026-10-04T16:02:16Z
104,39,28,82.11,resale,2026-10-04T16:02:16Z
142,6,24,119.0,resale,2026-10-04T16:02:16Z
142,6,25,119.0,resale,2026-10-04T16:02:16Z
148,8,3,119.0,resale,2026-10-04T16:02:16Z
148,8,4,119.0,resale,2026-10-04T16:02:16Z
148,8,5,119.0,resale,2026-10-04T16:02:16Z
148,8,6,119.0,resale,2026-10-04T16:02:16Z
306,19,27,136.85,resale,2026-10-04T16:02:16Z
306,19,28,136.85,resale,2026-10-04T16:02:16Z
225B,16,3,173.74,resale,2026-10-04T16:02:16Z
225B,16,4,173.74,resale,2026-10-04T16:02:16Z
124,32,17,102.34,resale,2026-10-04T16:02:16Z
124,32,18,102.34,resale,2026-10-04T16:02:16Z
106,34,7,238.0,resale,2026-10-04T16:02:16Z
106,34,8,238.0,resale,2026-10-04T16:02:16Z
111A,31,8,148.75,resale,2026-10-04T16:02:16Z
111A,31,9,148.75,resale,2026-10-04T16:02:16Z
104,27,3,89.25,resale,2026-10-04T16:02:16Z
104,27,4,89.25,resale,2026-10-04T16:02:16Z
309,14,26,59.5,resale,2026-10-04T16:02:16Z
309,14,27,59.5,resale,2026-10-04T16:02:16Z
142,24,19,154.7,resale,2026-10-04T16:02:16Z
142,24,20,154.7,resale,2026-10-04T16:02:16Z
103,14,9,178.5,resale,2026-10-04T16:02:16Z
103,14,10,178.5,resale,2026-10-04T16:02:16Z
227A,4,17,119.0,resale,2026-10-04T16:02:16Z
227A,4,18,119.0,resale,2026-10-04T16:02:16Z
337,12,15,130.9,resale,2026-10-04T16:02:16Z
337,12,16,130.9,resale,2026-10-04T16:02:16Z
340,16,25,89.25,resale,2026-10-04T16:02:16Z
340,16,26,89.25,resale,2026-10-04T16:02:16Z
140,10,13,258.23,resale,2026-10-04T16:02:16Z
140,10,14,258.23,resale,2026-10-04T16:02:16Z
140,10,15,258.23,resale,2026-10-04T16:02:16Z
137,11,5,224.91,resale,2026-10-04T16:02:16Z
137,11,6,224.91,resale,2026-10-04T16:02:16Z
110,3,10,264.18,resale,2026-10-04T16:02:16Z
110,3,11,264.18,resale,2026-10-04T16:02:16Z
109,2,4,264.18,resale,2026-10-04T16:02:16Z
109,2,5,264.18,resale,2026-10-04T16:02:16Z
109,2,6,264.18,resale,2026-10-04T16:02:16Z
109,2,7,264.18,resale,2026-10-04T16:02:16Z
307,23,9,89.25,resale,2026-10-04T16:02:16Z
307,23,10,89.25,resale,2026-10-04T16:02:16Z
307,23,11,89.25,resale,2026-10-04T16:02:16Z
307,23,12,89.25,resale,2026-10-04T16:02:16Z
118,18,5,301.07,resale,2026-10-04T16:02:16Z
118,18,6,301.07,resale,2026-10-04T16:02:16Z
131,29,17,178.5,resale,2026-10-04T16:02:16Z
131,29,18,178.5,resale,2026-10-04T16:02:16Z
129,20,13,148.75,resale,2026-10-04T16:02:16Z
129,20,14,148.75,resale,2026-10-04T16:02:16Z
129,20,15,148.75,resale,2026-10-04T16:02:16Z
129,20,16,148.75,resale,2026-10-04T16:02:16Z
347,11,13,59.5,resale,2026-10-04T16:02:16Z
347,11,14,59.5,resale,2026-10-04T16:02:16Z
126,32,25,119.0,resale,2026-10-04T16:02:16Z
126,32,26,119.0,resale,2026-10-04T16:02:16Z
135,28,23,189.21,resale,2026-10-04T16:02:16Z
135,28,24,189.21,resale,2026-10-04T16:02:16Z
221A,6,1,95.2,resale,2026-10-04T16:02:16Z
221A,6,2,95.2,resale,2026-10-04T16:02:16Z
221A,6,3,95.2,resale,2026-10-04T16:02:16Z
221A,6,4,95.2,resale,2026-10-04T16:02:16Z
346,22,3,51.17,resale,2026-10-04T16:02:16Z
346,22,4,51.17,resale,2026-10-04T16:02:16Z
224B,7,19,95.2,resale,2026-10-04T16:02:16Z
224B,7,20,95.2,resale,2026-10-04T16:02:16Z
340,24,11,95.2,resale,2026-10-04T16:02:16Z
340,24,12,95.2,resale,2026-10-04T16:02:16Z
340,24,13,95.2,resale,2026-10-04T16:02:16Z
340,24,14,95.2,resale,2026-10-04T16:02:16Z
116,12,7,166.6,resale,2026-10-04T16:02:16Z
116,12,8,166.6,resale,2026-10-04T16:02:16Z
341,24,19,188.02,resale,2026-10-04T16:02:16Z
341,24,20,188.02,resale,2026-10-04T16:02:16Z
341,24,21,188.02,resale,2026-10-04T16:02:16Z
341,24,22,188.02,resale,2026-10-04T16:02:16Z
118,22,9,104.72,resale,2026-10-04T16:02:16Z
118,22,10,104.72,resale,2026-10-04T16:02:16Z
230A,5,17,89.25,resale,2026-10-04T16:02:16Z
230A,5,18,89.25,resale,2026-10-04T16:02:16Z
250B,12,24,208.25,resale,2026-10-04T16:02:16Z
250B,12,25,208.25,resale,2026-10-04T16:02:16Z
118,5,5,226.1,resale,2026-10-04T16:02:16Z
118,5,6,226.1,resale,2026-10-04T16:02:16Z
135,29,13,267.75,resale,2026-10-04T16:02:16Z
135,29,14,267.75,resale,2026-10-04T16:02:16Z
142,8,13,178.5,resale,2026-10-04T16:02:16Z
142,8,14,178.5,resale,2026-10-04T16:02:16Z
218,9,17,255.85,resale,2026-10-04T16:02:16Z
218,9,18,255.85,resale,2026-10-04T16:02:16Z
326,22,9,89.25,resale,2026-10-04T16:02:16Z
326,22,10,89.25,resale,2026-10-04T16:02:16Z
142,20,9,176.12,resale,2026-10-04T16:02:16Z
142,20,10,176.12,resale,2026-10-04T16:02:16Z
139,30,1,236.81,resale,2026-10-04T16:02:16Z
139,30,2,236.81,resale,2026-10-04T16:02:16Z
314,20,5,59.5,resale,2026-10-04T16:02:16Z
314,20,6,59.5,resale,2026-10-04T16:02:16Z
203A,12,22,136.85,resale,2026-10-04T16:02:16Z
203A,12,23,136.85,resale,2026-10-04T16:02:16Z
143,14,23,213.01,resale,2026-10-04T16:02:16Z
143,14,24,213.01,resale,2026-10-04T16:02:16Z
335,13,24,142.8,resale,2026-10-04T16:02:16Z
335,13,25,142.8,resale,2026-10-04T16:02:16Z
343,2,1,83.3,resale,2026-10-04T16:02:16Z
343,2,2,83.3,resale,2026-10-04T16:02:16Z
228A,8,17,178.5,resale,2026-10-04T16:02:16Z
228A,8,18,178.5,resale,2026-10-04T16:02:16Z
321,7,1,61.88,resale,2026-10-04T16:02:16Z
321,7,2,61.88,resale,2026-10-04T16:02:16Z
350,13,1,91.63,resale,2026-10-04T16:02:16Z
350,13,2,91.63,resale,2026-10-04T16:02:16Z
350,13,3,91.63,resale,2026-10-04T16:02:16Z
350,13,4,91.63,resale,2026-10-04T16:02:16Z
314,17,24,85.68,resale,2026-10-04T16:02:16Z
314,17,25,85.68,resale,2026-10-04T16:02:16Z
314,17,26,85.68,resale,2026-10-04T16:02:16Z
314,17,27,85.68,resale,2026-10-04T16:02:16Z
121,36,23,95.2,resale,2026-10-04T16:02:16Z
121,36,24,95.2,resale,2026-10-04T16:02:16Z
126,12,15,148.75,resale,2026-10-04T16:02:16Z
126,12,16,148.75,resale,2026-10-04T16:02:16Z
320,26,15,148.75,resale,2026-10-04T16:02:16Z
320,26,16,148.75,resale,2026-10-04T16:02:16Z
108,32,20,172.55,resale,2026-10-04T16:02:16Z
108,32,21,172.55,resale,2026-10-04T16:02:16Z
222A,1,12,92.82,resale,2026-10-04T16:02:16Z
222A,1,13,92.82,resale,2026-10-04T16:02:16Z
222A,1,14,92.82,resale,2026-10-04T16:02:16Z
222A,1,15,92.82,resale,2026-10-04T16:02:16Z
228A,8,1,267.75,resale,2026-10-04T16:02:16Z
228A,8,2,267.75,resale,2026-10-04T16:02:16Z
228A,8,3,267.75,resale,2026-10-04T16:02:16Z
228A,8,4,267.75,resale,2026-10-04T16:02:16Z
314,20,7,59.5,resale,2026-10-04T16:02:16Z
314,20,8,59.5,resale,2026-10-04T16:02:16Z
104,28,1,107.1,resale,2026-10-04T16:02:16Z
104,28,2,107.1,resale,2026-10-04T16:02:16Z
104,21,7,178.5,resale,2026-10-04T16:02:16Z
104,21,8,178.5,resale,2026-10-04T16:02:16Z
104,21,9,178.5,resale,2026-10-04T16:02:16Z
104,21,10,178.5,resale,2026-10-04T16:02:16Z
128,38,26,208.25,resale,2026-10-04T16:02:16Z
128,38,27,208.25,resale,2026-10-04T16:02:16Z
101,4,11,468.0,resale,2026-10-04T16:02:16Z
106,31,25,117.81,resale,2026-10-04T16:02:16Z
106,31,26,117.81,resale,2026-10-04T16:02:16Z
123,45,9,89.25,resale,2026-10-04T16:02:16Z
123,45,10,89.25,resale,2026-10-04T16:02:16Z
134,26,26,161.84,resale,2026-10-04T16:02:16Z
134,26,27,161.84,resale,2026-10-04T16:02:16Z
312,15,22,191.59,resale,2026-10-04T16:02:16Z
312,15,23,191.59,resale,2026-10-04T16:02:16Z
124,16,13,167.79,resale,2026-10-04T16:02:16Z
124,16,14,167.79,resale,2026-10-04T16:02:16Z
124,16,15,167.79,resale,2026-10-04T16:02:16Z
124,16,16,167.79,resale,2026-10-04T16:02:16Z
343,1,21,148.75,resale,2026-10-04T16:02:16Z
343,1,22,148.75,resale,2026-10-04T16:02:16Z
343,1,23,148.75,resale,2026-10-04T16:02:16Z
343,1,24,148.75,resale,2026-10-04T16:02:16Z
340,4,5,166.6,resale,2026-10-04T16:02:16Z
340,4,6,166.6,resale,2026-10-04T16:02:16Z
134,22,3,355.81,resale,2026-10-04T16:02:16Z
134,22,4,355.81,resale,2026-10-04T16:02:16Z
337,6,19,71.4,resale,2026-10-04T16:02:16Z
337,6,20,71.4,resale,2026-10-04T16:02:16Z
337,6,21,71.4,resale,2026-10-04T16:02:16Z
337,6,22,71.4,resale,2026-10-04T16:02:16Z
202A,10,13,89.25,resale,2026-10-04T16:02:16Z
202A,10,14,89.25,resale,2026-10-04T16:02:16Z
202A,10,15,89.25,resale,2026-10-04T16:02:16Z
202A,10,16,89.25,resale,2026-10-04T16:02:16Z
148,31,11,119.0,resale,2026-10-04T16:02:16Z
148,31,12,119.0,resale,2026-10-04T16:02:16Z
210,8,13,362.7,resale,2026-10-04T16:02:16Z
210,8,14,362.7,resale,2026-10-04T16:02:16Z
109,28,15,226.1,resale,2026-10-04T16:02:16Z
109,28,16,226.1,resale,2026-10-04T16:02:16Z
334,4,4,80.92,resale,2026-10-04T16:02:16Z
334,4,5,80.92,resale,2026-10-04T16:02:16Z
334,4,6,80.92,resale,2026-10-04T16:02:16Z
334,3,12,83.3,resale,2026-10-04T16:02:16Z
334,3,13,83.3,resale,2026-10-04T16:02:16Z
334,3,14,83.3,resale,2026-10-04T16:02:16Z
320,1,5,73.78,resale,2026-10-04T16:02:16Z
320,1,6,73.78,resale,2026-10-04T16:02:16Z
311,9,17,86.87,resale,2026-10-04T16:02:16Z
311,9,18,86.87,resale,2026-10-04T16:02:16Z
310,21,5,71.4,resale,2026-10-04T16:02:16Z
310,21,6,71.4,resale,2026-10-04T16:02:16Z
315,15,18,190.4,resale,2026-10-04T16:02:16Z
315,15,19,190.4,resale,2026-10-04T16:02:16Z
124,26,20,178.5,resale,2026-10-04T16:02:16Z
124,26,21,178.5,resale,2026-10-04T16:02:16Z
207A,3,7,178.5,resale,2026-10-04T16:02:16Z
207A,3,8,178.5,resale,2026-10-04T16:02:16Z
108,31,7,113.05,resale,2026-10-04T16:02:16Z
108,31,8,113.05,resale,2026-10-04T16:02:16Z
108,31,9,113.05,resale,2026-10-04T16:02:16Z
108,31,10,113.05,resale,2026-10-04T16:02:16Z
135,19,13,214.2,resale,2026-10-04T16:02:16Z
135,19,14,214.2,resale,2026-10-04T16:02:16Z
135,19,15,214.2,resale,2026-10-04T16:02:16Z
110,21,15,249.9,resale,2026-10-04T16:02:16Z
110,21,16,249.9,resale,2026-10-04T16:02:16Z
110,21,17,249.9,resale,2026-10-04T16:02:16Z
110,21,18,249.9,resale,2026-10-04T16:02:16Z
144,11,10,105.91,resale,2026-10-04T16:02:16Z
144,11,11,105.91,resale,2026-10-04T16:02:16Z
315,9,1,199.92,resale,2026-10-04T16:02:16Z
315,9,2,199.92,resale,2026-10-04T16:02:16Z
101,7,9,113.05,resale,2026-10-04T16:02:16Z
101,7,10,113.05,resale,2026-10-04T16:02:16Z
135,22,21,160.65,resale,2026-10-04T16:02:16Z
135,22,22,160.65,resale,2026-10-04T16:02:16Z
126,21,7,105.91,resale,2026-10-04T16:02:16Z
126,21,8,105.91,resale,2026-10-04T16:02:16Z
208,3,11,327.25,resale,2026-10-04T16:02:16Z
208,3,12,327.25,resale,2026-10-04T16:02:16Z
346,15,26,65.45,resale,2026-10-04T16:02:16Z
346,15,27,65.45,resale,2026-10-04T16:02:16Z
124,30,7,178.5,resale,2026-10-04T16:02:16Z
124,30,8,178.5,resale,2026-10-04T16:02:16Z
347,15,1,142.8,resale,2026-10-04T16:02:16Z
104,17,3,220.15,resale,2026-10-04T16:02:16Z
104,17,4,220.15,resale,2026-10-04T16:02:16Z
317,15,5,77.35,resale,2026-10-04T16:02:16Z
317,15,6,77.35,resale,2026-10-04T16:02:16Z
317,15,7,77.35,resale,2026-10-04T16:02:16Z
317,15,8,77.35,resale,2026-10-04T16:02:16Z
335,23,9,47.6,resale,2026-10-04T16:02:16Z
335,23,10,47.6,resale,2026-10-04T16:02:16Z
335,23,11,47.6,resale,2026-10-04T16:02:16Z
335,23,12,47.6,resale,2026-10-04T16:02:16Z
338,2,1,178.5,resale,2026-10-04T16:02:16Z
338,2,2,178.5,resale,2026-10-04T16:02:16Z
338,2,3,178.5,resale,2026-10-04T16:02:16Z
338,2,4,178.5,resale,2026-10-04T16:02:16Z
314,13,22,148.75,resale,2026-10-04T16:02:16Z
314,13,23,148.75,resale,2026-10-04T16:02:16Z
129,30,22,248.71,resale,2026-10-04T16:02:16Z
129,30,23,248.71,resale,2026-10-04T16:02:16Z
249A,4,19,196.35,resale,2026-10-04T16:02:16Z
249A,4,20,196.35,resale,2026-10-04T16:02:16Z
244,5,9,351.0,resale,2026-10-04T16:02:16Z
244,5,10,351.0,resale,2026-10-04T16:02:16Z
149,26,19,123.76,resale,2026-10-04T16:02:16Z
149,26,20,123.76,resale,2026-10-04T16:02:16Z
135,1,3,315.35,resale,2026-10-04T16:02:16Z
135,1,4,315.35,resale,2026-10-04T16:02:16Z
111A,29,1,142.8,resale,2026-10-04T16:02:16Z
111A,29,2,142.8,resale,2026-10-04T16:02:16Z
124,45,27,297.5,resale,2026-10-04T16:02:16Z
124,45,28,297.5,resale,2026-10-04T16:02:16Z
124,45,29,297.5,resale,2026-10-04T16:02:16Z
124,45,30,297.5,resale,2026-10-04T16:02:16Z
146,37,17,232.05,resale,2026-10-04T16:02:16Z
146,37,18,232.05,resale,2026-10-04T16:02:16Z
110,6,5,403.65,resale,2026-10-04T16:02:16Z
110,6,6,403.65,resale,2026-10-04T16:02:16Z
215,10,17,178.5,resale,2026-10-04T16:02:16Z
215,10,18,178.5,resale,2026-10-04T16:02:16Z
124,29,15,239.19,resale,2026-10-04T16:02:16Z
124,29,16,239.19,resale,2026-10-04T16:02:16Z
111A,31,4,358.02,resale,2026-10-04T16:02:16Z
111A,31,5,358.02,resale,2026-10-04T16:02:16Z
227A,11,15,83.3,resale,2026-10-04T16:02:16Z
227A,11,16,83.3,resale,2026-10-04T16:02:16Z
101,29,17,89.25,resale,2026-10-04T16:02:16Z
101,29,18,89.25,resale,2026-10-04T16:02:16Z
101,29,19,89.25,resale,2026-10-04T16:02:16Z
101,29,20,89.25,resale,2026-10-04T16:02:16Z
213,11,5,351.0,resale,2026-10-04T16:02:16Z
213,11,6,351.0,resale,2026-10-04T16:02:16Z
331,13,17,133.28,resale,2026-10-04T16:02:16Z
331,13,18,133.28,resale,2026-10-04T16:02:16Z
231A,10,13,123.76,resale,2026-10-04T16:02:16Z
231A,10,14,123.76,resale,2026-10-04T16:02:16Z
239,6,17,307.02,resale,2026-10-04T16:02:16Z
239,6,18,307.02,resale,2026-10-04T16:02:16Z
202B,15,7,59.5,resale,2026-10-04T16:02:16Z
202B,15,8,59.5,resale,2026-10-04T16:02:16Z
126,39,19,101.15,resale,2026-10-04T16:02:16Z
126,39,20,101.15,resale,2026-10-04T16:02:16Z
126,39,21,101.15,resale,2026-10-04T16:02:16Z
126,39,22,101.15,resale,2026-10-04T16:02:16Z
103,25,7,113.05,resale,2026-10-04T16:02:16Z
103,25,8,113.05,resale,2026-10-04T16:02:16Z
103,25,9,113.05,resale,2026-10-04T16:02:16Z
103,25,10,113.05,resale,2026-10-04T16:02:16Z
129,5,18,159.46,resale,2026-10-04T16:02:16Z
129,5,19,159.46,resale,2026-10-04T16:02:16Z
129,5,20,159.46,resale,2026-10-04T16:02:16Z
131,10,9,132.09,resale,2026-10-04T16:02:16Z
131,10,10,132.09,resale,2026-10-04T16:02:16Z
131,10,11,132.09,resale,2026-10-04T16:02:16Z
131,10,12,132.09,resale,2026-10-04T16:02:16Z
131,10,13,132.09,resale,2026-10-04T16:02:16Z
241,9,17,438.75,resale,2026-10-04T16:02:16Z
241,9,18,438.75,resale,2026-10-04T16:02:16Z
126,5,5,165.41,resale,2026-10-04T16:02:16Z
126,5,6,165.41,resale,2026-10-04T16:02:16Z
126,5,7,165.41,resale,2026-10-04T16:02:16Z
126,5,8,165.41,resale,2026-10-04T16:02:16Z
126,4,5,178.5,resale,2026-10-04T16:02:16Z
126,4,6,178.5,resale,2026-10-04T16:02:16Z
126,4,7,178.5,resale,2026-10-04T16:02:16Z
126,4,8,178.5,resale,2026-10-04T16:02:16Z
126,4,9,178.5,resale,2026-10-04T16:02:16Z
126,4,10,178.5,resale,2026-10-04T16:02:16Z
235,1,3,297.5,resale,2026-10-04T16:02:16Z
235,1,4,297.5,resale,2026-10-04T16:02:16Z
121,12,5,133.28,resale,2026-10-04T16:02:16Z
121,12,6,133.28,resale,2026-10-04T16:02:16Z
104,9,1,149.94,resale,2026-10-04T16:02:16Z
104,9,2,149.94,resale,2026-10-04T16:02:16Z
104,9,3,149.94,resale,2026-10-04T16:02:16Z
104,9,4,149.94,resale,2026-10-04T16:02:16Z
344,6,5,82.11,resale,2026-10-04T16:02:16Z
344,6,6,82.11,resale,2026-10-04T16:02:16Z
313,5,17,89.25,resale,2026-10-04T16:02:16Z
313,5,18,89.25,resale,2026-10-04T16:02:16Z
117,3,19,526.5,resale,2026-10-04T16:02:16Z
117,3,20,526.5,resale,2026-10-04T16:02:16Z
312,17,5,69.02,resale,2026-10-04T16:02:16Z
312,17,6,69.02,resale,2026-10-04T16:02:16Z
312,17,7,69.02,resale,2026-10-04T16:02:16Z
312,17,8,69.02,resale,2026-10-04T16:02:16Z
148,28,16,113.05,resale,2026-10-04T16:02:16Z
148,28,17,113.05,resale,2026-10-04T16:02:16Z
148,28,18,113.05,resale,2026-10-04T16:02:16Z
148,28,19,113.05,resale,2026-10-04T16:02:16Z
308,26,16,73.78,resale,2026-10-04T16:02:16Z
308,26,17,73.78,resale,2026-10-04T16:02:16Z
308,26,18,73.78,resale,2026-10-04T16:02:16Z
308,26,19,73.78,resale,2026-10-04T16:02:16Z
308,26,20,73.78,resale,2026-10-04T16:02:16Z
308,26,21,73.78,resale,2026-10-04T16:02:16Z
308,26,22,73.78,resale,2026-10-04T16:02:16Z
250A,1,18,59.5,resale,2026-10-04T16:02:16Z
250A,1,19,59.5,resale,2026-10-04T16:02:16Z
316,8,8,107.1,resale,2026-10-04T16:02:16Z
316,8,9,107.1,resale,2026-10-04T16:02:16Z
325,11,9,69.02,resale,2026-10-04T16:02:16Z
325,11,10,69.02,resale,2026-10-04T16:02:16Z
325,11,11,69.02,resale,2026-10-04T16:02:16Z
325,11,12,69.02,resale,2026-10-04T16:02:16Z
323,18,9,66.64,resale,2026-10-04T16:02:16Z
323,18,10,66.64,resale,2026-10-04T16:02:16Z
323,18,11,66.64,resale,2026-10-04T16:02:16Z
323,18,12,66.64,resale,2026-10-04T16:02:16Z
143,24,17,204.68,resale,2026-10-04T16:02:16Z
143,24,18,204.68,resale,2026-10-04T16:02:16Z
124,14,21,124.95,resale,2026-10-04T16:02:16Z
124,14,22,124.95,resale,2026-10-04T16:02:16Z
227A,3,9,98.77,resale,2026-10-04T16:02:16Z
227A,3,10,98.77,resale,2026-10-04T16:02:16Z
128,11,4,141.61,resale,2026-10-04T16:02:16Z
128,11,5,141.61,resale,2026-10-04T16:02:16Z
128,11,6,141.61,resale,2026-10-04T16:02:16Z
128,11,7,141.61,resale,2026-10-04T16:02:16Z
346,9,3,61.88,resale,2026-10-04T16:02:16Z
346,9,4,61.88,resale,2026-10-04T16:02:16Z
338,25,11,119.0,resale,2026-10-04T16:02:16Z
246A,5,7,79.73,resale,2026-10-04T16:02:16Z
246A,5,8,79.73,resale,2026-10-04T16:02:16Z
133,30,17,177.31,resale,2026-10-04T16:02:16Z
133,30,18,177.31,resale,2026-10-04T16:02:16Z
133,30,19,177.31,resale,2026-10-04T16:02:16Z
133,30,20,177.31,resale,2026-10-04T16:02:16Z
206A,6,7,72.59,resale,2026-10-04T16:02:16Z
206A,6,8,72.59,resale,2026-10-04T16:02:16Z
337,14,21,61.88,resale,2026-10-04T16:02:16Z
337,14,22,61.88,resale,2026-10-04T16:02:16Z
341,22,11,67.83,resale,2026-10-04T16:02:16Z
341,22,12,67.83,resale,2026-10-04T16:02:16Z
341,22,13,67.83,resale,2026-10-04T16:02:16Z
341,22,14,67.83,resale,2026-10-04T16:02:16Z
104,35,11,104.72,resale,2026-10-04T16:02:16Z
104,35,12,104.72,resale,2026-10-04T16:02:16Z
343,9,5,72.59,resale,2026-10-04T16:02:16Z
343,9,6,72.59,resale,2026-10-04T16:02:16Z
343,9,7,72.59,resale,2026-10-04T16:02:16Z
343,9,8,72.59,resale,2026-10-04T16:02:16Z
348,10,1,89.25,resale,2026-10-04T16:02:16Z
348,10,2,89.25,resale,2026-10-04T16:02:16Z
148,33,15,295.12,resale,2026-10-04T16:02:16Z
148,33,16,295.12,resale,2026-10-04T16:02:16Z
148,33,17,295.12,resale,2026-10-04T16:02:16Z
228B,13,13,78.54,resale,2026-10-04T16:02:16Z
228B,13,14,78.54,resale,2026-10-04T16:02:16Z
101,20,11,178.5,resale,2026-10-04T16:02:16Z
101,20,12,178.5,resale,2026-10-04T16:02:16Z
309,20,5,59.5,resale,2026-10-04T16:02:16Z
309,20,6,59.5,resale,2026-10-04T16:02:16Z
309,20,7,59.5,resale,2026-10-04T16:02:16Z
309,20,8,59.5,resale,2026-10-04T16:02:16Z
149,46,24,283.22,resale,2026-10-04T16:02:16Z
149,46,25,283.22,resale,2026-10-04T16:02:16Z
149,46,26,283.22,resale,2026-10-04T16:02:16Z
149,46,27,283.22,resale,2026-10-04T16:02:16Z
311,20,19,73.78,resale,2026-10-04T16:02:16Z
311,20,20,73.78,resale,2026-10-04T16:02:16Z
228B,9,21,238.0,resale,2026-10-04T16:02:16Z
228B,9,22,238.0,resale,2026-10-04T16:02:16Z
121,35,22,119.0,resale,2026-10-04T16:02:16Z
121,35,23,119.0,resale,2026-10-04T16:02:16Z
121,35,24,119.0,resale,2026-10-04T16:02:16Z
121,35,25,119.0,resale,2026-10-04T16:02:16Z
232C,11,5,148.75,resale,2026-10-04T16:02:16Z
232C,11,6,148.75,resale,2026-10-04T16:02:16Z
140,15,11,238.0,resale,2026-10-04T16:02:16Z
140,15,12,238.0,resale,2026-10-04T16:02:16Z
133,20,11,1759.68,resale,2026-10-04T16:02:16Z
205A,3,9,119.0,resale,2026-10-04T16:02:16Z
205A,3,10,119.0,resale,2026-10-04T16:02:16Z
309,17,26,89.25,resale,2026-10-04T16:02:16Z
309,17,27,89.25,resale,2026-10-04T16:02:16Z
347,24,5,297.5,resale,2026-10-04T16:02:16Z
347,24,6,297.5,resale,2026-10-04T16:02:16Z
230A,5,3,178.5,resale,2026-10-04T16:02:16Z
230A,5,4,178.5,resale,2026-10-04T16:02:16Z
129,22,9,148.75,resale,2026-10-04T16:02:16Z
129,22,10,148.75,resale,2026-10-04T16:02:16Z
129,22,11,148.75,resale,2026-10-04T16:02:16Z
129,22,12,148.75,resale,2026-10-04T16:02:16Z
335,8,3,59.5,resale,2026-10-04T16:02:16Z
335,8,4,59.5,resale,2026-10-04T16:02:16Z
310,19,5,178.5,resale,2026-10-04T16:02:16Z
310,19,6,178.5,resale,2026-10-04T16:02:16Z
134,22,7,226.1,resale,2026-10-04T16:02:16Z
134,22,8,226.1,resale,2026-10-04T16:02:16Z
134,22,9,226.1,resale,2026-10-04T16:02:16Z
134,22,10,226.1,resale,2026-10-04T16:02:16Z
149,45,5,71.4,resale,2026-10-04T16:02:16Z
149,45,6,71.4,resale,2026-10-04T16:02:16Z
149,45,7,71.4,resale,2026-10-04T16:02:16Z
149,45,8,71.4,resale,2026-10-04T16:02:16Z
247A,8,11,148.75,resale,2026-10-04T16:02:16Z
247A,8,12,148.75,resale,2026-10-04T16:02:16Z
247A,8,13,148.75,resale,2026-10-04T16:02:16Z
247A,8,14,148.75,resale,2026-10-04T16:02:16Z
332,13,3,184.45,resale,2026-10-04T16:02:16Z
332,13,4,184.45,resale,2026-10-04T16:02:16Z
315,9,12,148.75,resale,2026-10-04T16:02:16Z
315,9,13,148.75,resale,2026-10-04T16:02:16Z
239,10,25,238.0,resale,2026-10-04T16:02:16Z
239,10,26,238.0,resale,2026-10-04T16:02:16Z
340,16,5,95.2,resale,2026-10-04T16:02:16Z
340,16,6,95.2,resale,2026-10-04T16:02:16Z
205A,8,1,154.7,resale,2026-10-04T16:02:16Z
205A,8,2,154.7,resale,2026-10-04T16:02:16Z
323,10,17,101.15,resale,2026-10-04T16:02:16Z
323,10,18,101.15,resale,2026-10-04T16:02:16Z
343,19,5,94.01,resale,2026-10-04T16:02:16Z
343,19,6,94.01,resale,2026-10-04T16:02:16Z
320,8,1,73.78,resale,2026-10-04T16:02:16Z
320,8,2,73.78,resale,2026-10-04T16:02:16Z
320,8,3,73.78,resale,2026-10-04T16:02:16Z
320,8,4,73.78,resale,2026-10-04T16:02:16Z
324,18,3,59.5,resale,2026-10-04T16:02:16Z
324,18,4,59.5,resale,2026-10-04T16:02:16Z
310,13,1,88.06,resale,2026-10-04T16:02:16Z
310,13,2,88.06,resale,2026-10-04T16:02:16Z
310,13,3,88.06,resale,2026-10-04T16:02:16Z
310,13,4,88.06,resale,2026-10-04T16:02:16Z
229,6,17,95.2,resale,2026-10-04T16:02:16Z
229,6,18,95.2,resale,2026-10-04T16:02:16Z
229,6,19,95.2,resale,2026-10-04T16:02:16Z
229,6,20,95.2,resale,2026-10-04T16:02:16Z
116,31,9,178.5,resale,2026-10-04T16:02:16Z
116,31,10,178.5,resale,2026-10-04T16:02:16Z
124,15,21,178.5,resale,2026-10-04T16:02:16Z
124,15,22,178.5,resale,2026-10-04T16:02:16Z
341,1,15,101.15,resale,2026-10-04T16:02:16Z
341,1,16,101.15,resale,2026-10-04T16:02:16Z
311,22,5,59.5,resale,2026-10-04T16:02:16Z
311,22,6,59.5,resale,2026-10-04T16:02:16Z
110,13,11,241.57,resale,2026-10-04T16:02:16Z
110,13,12,241.57,resale,2026-10-04T16:02:16Z
203B,6,1,89.25,resale,2026-10-04T16:02:16Z
203B,6,2,89.25,resale,2026-10-04T16:02:16Z
318,19,25,55.93,resale,2026-10-04T16:02:16Z
318,19,26,55.93,resale,2026-10-04T16:02:16Z
318,19,27,55.93,resale,2026-10-04T16:02:16Z
318,19,28,55.93,resale,2026-10-04T16:02:16Z
109,30,13,174.93,resale,2026-10-04T16:02:16Z
109,30,14,174.93,resale,2026-10-04T16:02:16Z
109,30,15,174.93,resale,2026-10-04T16:02:16Z
109,30,16,174.93,resale,2026-10-04T16:02:16Z
231A,8,20,89.25,resale,2026-10-04T16:02:16Z
134,29,15,297.5,resale,2026-10-04T16:02:16Z
134,29,16,297.5,resale,2026-10-04T16:02:16Z
344,19,5,132.09,resale,2026-10-04T16:02:16Z
344,19,6,132.09,resale,2026-10-04T16:02:16Z
327,14,25,148.75,resale,2026-10-04T16:02:16Z
309,5,17,65.45,resale,2026-10-04T16:02:16Z
309,5,18,65.45,resale,2026-10-04T16:02:16Z
309,2,17,105.91,resale,2026-10-04T16:02:16Z
309,2,18,105.91,resale,2026-10-04T16:02:16Z
137,20,1,230.86,resale,2026-10-04T16:02:16Z
137,20,2,230.86,resale,2026-10-04T16:02:16Z
313,4,7,117.81,resale,2026-10-04T16:02:16Z
313,4,8,117.81,resale,2026-10-04T16:02:16Z
148,37,25,119.0,resale,2026-10-04T16:02:16Z
148,37,26,119.0,resale,2026-10-04T16:02:16Z
148,37,27,119.0,resale,2026-10-04T16:02:16Z
148,37,28,119.0,resale,2026-10-04T16:02:16Z
126,31,30,141.61,resale,2026-10-04T16:02:16Z
126,31,31,141.61,resale,2026-10-04T16:02:16Z
113,23,26,936.0,resale,2026-10-04T16:02:16Z
139,19,27,2047.5,resale,2026-10-04T16:02:16Z
139,19,28,2047.5,resale,2026-10-04T16:02:16Z
203B,16,21,192.78,resale,2026-10-04T16:02:16Z
203B,16,22,192.78,resale,2026-10-04T16:02:16Z
323,19,1,59.5,resale,2026-10-04T16:02:16Z
323,19,2,59.5,resale,2026-10-04T16:02:16Z
144,32,7,409.5,resale,2026-10-04T16:02:16Z
320,11,1,57.12,resale,2026-10-04T16:02:16Z
320,11,2,57.12,resale,2026-10-04T16:02:16Z
320,11,3,57.12,resale,2026-10-04T16:02:16Z
320,11,4,57.12,resale,2026-10-04T16:02:16Z
315,10,15,119.0,resale,2026-10-04T16:02:16Z
315,10,16,119.0,resale,2026-10-04T16:02:16Z
343,20,7,134.47,resale,2026-10-04T16:02:16Z
343,20,8,134.47,resale,2026-10-04T16:02:16Z
104,43,27,107.1,resale,2026-10-04T16:02:16Z
104,43,28,107.1,resale,2026-10-04T16:02:16Z
104,43,29,107.1,resale,2026-10-04T16:02:16Z
104,43,30,107.1,resale,2026-10-04T16:02:16Z
131,44,23,170.17,resale,2026-10-04T16:02:16Z
131,44,24,170.17,resale,2026-10-04T16:02:16Z
123,19,9,339.15,resale,2026-10-04T16:02:16Z
123,19,10,339.15,resale,2026-10-04T16:02:16Z
123,19,11,339.15,resale,2026-10-04T16:02:16Z
227B,4,1,71.4,resale,2026-10-04T16:02:16Z
227B,4,2,71.4,resale,2026-10-04T16:02:16Z
109,15,6,208.25,resale,2026-10-04T16:02:16Z
109,15,7,208.25,resale,2026-10-04T16:02:16Z
108,20,5,374.4,resale,2026-10-04T16:02:16Z
108,20,6,374.4,resale,2026-10-04T16:02:16Z
249B,8,17,83.3,resale,2026-10-04T16:02:16Z
249B,8,18,83.3,resale,2026-10-04T16:02:16Z
222A,10,22,101.15,resale,2026-10-04T16:02:16Z
222A,10,23,101.15,resale,2026-10-04T16:02:16Z
135,12,24,291.55,resale,2026-10-04T16:02:16Z
135,12,25,291.55,resale,2026-10-04T16:02:16Z
135,12,26,291.55,resale,2026-10-04T16:02:16Z
320,14,21,226.1,resale,2026-10-04T16:02:16Z
320,14,22,226.1,resale,2026-10-04T16:02:16Z
320,14,23,226.1,resale,2026-10-04T16:02:16Z
320,14,24,226.1,resale,2026-10-04T16:02:16Z
320,14,25,226.1,resale,2026-10-04T16:02:16Z
320,14,26,226.1,resale,2026-10-04T16:02:16Z
111A,13,1,330.82,resale,2026-10-04T16:02:16Z
111A,13,2,330.82,resale,2026-10-04T16:02:16Z
321,14,9,65.45,resale,2026-10-04T16:02:16Z
321,14,10,65.45,resale,2026-10-04T16:02:16Z
245A,9,11,95.2,resale,2026-10-04T16:02:16Z
245A,9,12,95.2,resale,2026-10-04T16:02:16Z
237,6,11,351.0,resale,2026-10-04T16:02:16Z
237,6,12,351.0,resale,2026-10-04T16:02:16Z
341,23,17,184.45,resale,2026-10-04T16:02:16Z
341,23,18,184.45,resale,2026-10-04T16:02:16Z
348,6,15,138.04,resale,2026-10-04T16:02:16Z
348,6,16,138.04,resale,2026-10-04T16:02:16Z
302,14,13,140.42,resale,2026-10-04T16:02:16Z
302,14,14,140.42,resale,2026-10-04T16:02:16Z
347,8,13,82.11,resale,2026-10-04T16:02:16Z
347,8,14,82.11,resale,2026-10-04T16:02:16Z
347,8,15,82.11,resale,2026-10-04T16:02:16Z
229,9,4,119.0,resale,2026-10-04T16:02:16Z
126,23,18,202.3,resale,2026-10-04T16:02:16Z
126,23,19,202.3,resale,2026-10-04T16:02:16Z
110,20,13,351.0,resale,2026-10-04T16:02:16Z
110,20,14,351.0,resale,2026-10-04T16:02:16Z
146,45,13,114.24,resale,2026-10-04T16:02:16Z
146,45,14,114.24,resale,2026-10-04T16:02:16Z
203A,11,21,208.25,resale,2026-10-04T16:02:16Z
203A,11,22,208.25,resale,2026-10-04T16:02:16Z
203A,11,23,208.25,resale,2026-10-04T16:02:16Z
250B,15,3,59.5,resale,2026-10-04T16:02:16Z
250B,15,4,59.5,resale,2026-10-04T16:02:16Z
330,8,5,166.6,resale,2026-10-04T16:02:16Z
330,8,6,166.6,resale,2026-10-04T16:02:16Z
324,8,9,148.75,resale,2026-10-04T16:02:16Z
324,8,10,148.75,resale,2026-10-04T16:02:16Z
140,31,13,208.25,resale,2026-10-04T16:02:16Z
140,31,14,208.25,resale,2026-10-04T16:02:16Z
310,8,9,67.83,resale,2026-10-04T16:02:16Z
310,8,10,67.83,resale,2026-10-04T16:02:16Z
126,32,23,329.63,resale,2026-10-04T16:02:16Z
126,32,24,329.63,resale,2026-10-04T16:02:16Z
229,4,15,119.0,resale,2026-10-04T16:02:16Z
229,4,16,119.0,resale,2026-10-04T16:02:16Z
128,7,19,119.0,resale,2026-10-04T16:02:16Z
128,7,20,119.0,resale,2026-10-04T16:02:16Z
128,7,21,119.0,resale,2026-10-04T16:02:16Z
128,7,22,119.0,resale,2026-10-04T16:02:16Z
106,38,28,279.65,resale,2026-10-04T16:02:16Z
106,38,29,279.65,resale,2026-10-04T16:02:16Z
106,38,30,279.65,resale,2026-10-04T16:02:16Z
106,38,31,279.65,resale,2026-10-04T16:02:16Z
215,13,18,504.27,resale,2026-10-04T16:02:16Z
215,13,19,504.27,resale,2026-10-04T16:02:16Z
215,13,20,504.27,resale,2026-10-04T16:02:16Z
215,13,21,504.27,resale,2026-10-04T16:02:16Z
215,13,22,504.27,resale,2026-10-04T16:02:16Z
215,13,23,504.27,resale,2026-10-04T16:02:16Z
104,26,13,59.5,resale,2026-10-04T16:02:16Z
104,26,14,59.5,resale,2026-10-04T16:02:16Z
121,34,3,95.2,resale,2026-10-04T16:02:16Z
121,34,4,95.2,resale,2026-10-04T16:02:16Z
117,4,5,208.25,resale,2026-10-04T16:02:16Z
117,4,6,208.25,resale,2026-10-04T16:02:16Z
117,4,7,208.25,resale,2026-10-04T16:02:16Z
110,31,5,238.0,resale,2026-10-04T16:02:16Z
110,31,6,238.0,resale,2026-10-04T16:02:16Z
110,31,7,238.0,resale,2026-10-04T16:02:16Z
110,31,8,238.0,resale,2026-10-04T16:02:16Z
230A,5,1,119.0,resale,2026-10-04T16:02:16Z
230A,5,2,119.0,resale,2026-10-04T16:02:16Z
228B,5,3,190.4,resale,2026-10-04T16:02:16Z
228B,5,4,190.4,resale,2026-10-04T16:02:16Z
131,25,3,161.84,resale,2026-10-04T16:02:16Z
131,25,4,161.84,resale,2026-10-04T16:02:16Z
131,25,5,161.84,resale,2026-10-04T16:02:16Z
131,25,6,161.84,resale,2026-10-04T16:02:16Z
149,34,21,85.68,resale,2026-10-04T16:02:16Z
149,34,22,85.68,resale,2026-10-04T16:02:16Z
202B,11,7,190.4,resale,2026-10-04T16:02:16Z
202B,11,8,190.4,resale,2026-10-04T16:02:16Z
148,35,20,172.55,resale,2026-10-04T16:02:16Z
148,35,21,172.55,resale,2026-10-04T16:02:16Z
308,12,15,151.13,resale,2026-10-04T16:02:16Z
308,12,16,151.13,resale,2026-10-04T16:02:16Z
230A,12,20,234.43,resale,2026-10-04T16:02:16Z
230A,12,21,234.43,resale,2026-10-04T16:02:16Z
202B,10,9,113.05,resale,2026-10-04T16:02:16Z
202B,10,10,113.05,resale,2026-10-04T16:02:16Z
331,6,1,132.09,resale,2026-10-04T16:02:16Z
331,6,2,132.09,resale,2026-10-04T16:02:16Z
331,6,3,132.09,resale,2026-10-04T16:02:16Z
331,6,4,132.09,resale,2026-10-04T16:02:16Z
227A,5,15,89.25,resale,2026-10-04T16:02:16Z
227A,5,16,89.25,resale,2026-10-04T16:02:16Z
227A,5,17,89.25,resale,2026-10-04T16:02:16Z
123,29,25,89.25,resale,2026-10-04T16:02:16Z
123,29,26,89.25,resale,2026-10-04T16:02:16Z
320,21,1,89.25,resale,2026-10-04T16:02:16Z
320,21,2,89.25,resale,2026-10-04T16:02:16Z
109,13,19,196.35,resale,2026-10-04T16:02:16Z
109,13,20,196.35,resale,2026-10-04T16:02:16Z
109,13,21,196.35,resale,2026-10-04T16:02:16Z
109,13,22,196.35,resale,2026-10-04T16:02:16Z
139,18,13,240.38,resale,2026-10-04T16:02:16Z
139,18,14,240.38,resale,2026-10-04T16:02:16Z
149,46,30,161.84,resale,2026-10-04T16:02:16Z
149,46,31,161.84,resale,2026-10-04T16:02:16Z
101,26,3,107.1,resale,2026-10-04T16:02:16Z
101,26,4,107.1,resale,2026-10-04T16:02:16Z
347,12,23,71.4,resale,2026-10-04T16:02:16Z
347,12,24,71.4,resale,2026-10-04T16:02:16Z
311,13,3,164.22,resale,2026-10-04T16:02:16Z
313,17,16,94.01,resale,2026-10-04T16:02:16Z
313,17,17,94.01,resale,2026-10-04T16:02:16Z
310,13,24,124.95,resale,2026-10-04T16:02:16Z
310,13,25,124.95,resale,2026-10-04T16:02:16Z
139,21,1,261.8,resale,2026-10-04T16:02:16Z
139,21,2,261.8,resale,2026-10-04T16:02:16Z
343,4,23,71.4,resale,2026-10-04T16:02:16Z
343,4,24,71.4,resale,2026-10-04T16:02:16Z
244,14,5,232.05,resale,2026-10-04T16:02:16Z
244,14,6,232.05,resale,2026-10-04T16:02:16Z
207A,7,7,83.3,resale,2026-10-04T16:02:16Z
207A,7,8,83.3,resale,2026-10-04T16:02:16Z
121,26,19,226.1,resale,2026-10-04T16:02:16Z
121,26,20,226.1,resale,2026-10-04T16:02:16Z
121,26,21,226.1,resale,2026-10-04T16:02:16Z
121,26,22,226.1,resale,2026-10-04T16:02:16Z
121,26,23,226.1,resale,2026-10-04T16:02:16Z
311,10,5,121.38,resale,2026-10-04T16:02:16Z
311,10,6,121.38,resale,2026-10-04T16:02:16Z
232A,14,3,119.0,resale,2026-10-04T16:02:16Z
232A,14,4,119.0,resale,2026-10-04T16:02:16Z
232A,14,5,119.0,resale,2026-10-04T16:02:16Z
232A,14,6,119.0,resale,2026-10-04T16:02:16Z
101,19,19,409.5,resale,2026-10-04T16:02:16Z
129,43,19,128.52,resale,2026-10-04T16:02:16Z
129,43,20,128.52,resale,2026-10-04T16:02:16Z
149,47,24,113.05,resale,2026-10-04T16:02:16Z
149,47,25,113.05,resale,2026-10-04T16:02:16Z
129,44,19,128.52,resale,2026-10-04T16:02:16Z
129,44,20,128.52,resale,2026-10-04T16:02:16Z
338,5,6,120.19,resale,2026-10-04T16:02:16Z
338,5,7,120.19,resale,2026-10-04T16:02:16Z
338,5,8,120.19,resale,2026-10-04T16:02:16Z
126,36,19,178.5,resale,2026-10-04T16:02:16Z
126,36,20,178.5,resale,2026-10-04T16:02:16Z
144,32,1,208.25,resale,2026-10-04T16:02:16Z
144,32,2,208.25,resale,2026-10-04T16:02:16Z
103,29,11,129.71,resale,2026-10-04T16:02:16Z
103,29,12,129.71,resale,2026-10-04T16:02:16Z
143,22,12,351.0,resale,2026-10-04T16:02:16Z
143,22,13,351.0,resale,2026-10-04T16:02:16Z
124,19,23,208.25,resale,2026-10-04T16:02:16Z
249A,3,3,59.5,resale,2026-10-04T16:02:16Z
249A,3,4,59.5,resale,2026-10-04T16:02:16Z
324,16,17,70.21,resale,2026-10-04T16:02:16Z
324,16,18,70.21,resale,2026-10-04T16:02:16Z
118,7,11,216.58,resale,2026-10-04T16:02:16Z
118,7,12,216.58,resale,2026-10-04T16:02:16Z
128,37,24,178.5,resale,2026-10-04T16:02:16Z
128,37,25,178.5,resale,2026-10-04T16:02:16Z
128,37,26,178.5,resale,2026-10-04T16:02:16Z
128,37,27,178.5,resale,2026-10-04T16:02:16Z
104,19,25,148.75,resale,2026-10-04T16:02:16Z
104,19,26,148.75,resale,2026-10-04T16:02:16Z
104,19,27,148.75,resale,2026-10-04T16:02:16Z
134,16,24,267.75,resale,2026-10-04T16:02:16Z
134,16,25,267.75,resale,2026-10-04T16:02:16Z
306,14,8,53.55,resale,2026-10-04T16:02:16Z
306,14,9,53.55,resale,2026-10-04T16:02:16Z
314,24,15,94.01,resale,2026-10-04T16:02:16Z
314,24,16,94.01,resale,2026-10-04T16:02:16Z
350,10,1,67.83,resale,2026-10-04T16:02:16Z
350,10,2,67.83,resale,2026-10-04T16:02:16Z
350,10,3,67.83,resale,2026-10-04T16:02:16Z
350,10,4,67.83,resale,2026-10-04T16:02:16Z
247A,5,3,114.24,resale,2026-10-04T16:02:16Z
247A,5,4,114.24,resale,2026-10-04T16:02:16Z
103,42,6,113.05,resale,2026-10-04T16:02:16Z
103,42,7,113.05,resale,2026-10-04T16:02:16Z
308,25,14,89.25,resale,2026-10-04T16:02:16Z
308,25,15,89.25,resale,2026-10-04T16:02:16Z
308,25,16,89.25,resale,2026-10-04T16:02:16Z
308,25,17,89.25,resale,2026-10-04T16:02:16Z
308,25,18,89.25,resale,2026-10-04T16:02:16Z
243,3,11,238.0,resale,2026-10-04T16:02:16Z
243,3,12,238.0,resale,2026-10-04T16:02:16Z
316,17,16,80.92,resale,2026-10-04T16:02:16Z
316,17,17,80.92,resale,2026-10-04T16:02:16Z
227A,2,1,107.1,resale,2026-10-04T16:02:16Z
227A,2,2,107.1,resale,2026-10-04T16:02:16Z
227A,3,1,95.2,resale,2026-10-04T16:02:16Z
227A,3,2,95.2,resale,2026-10-04T16:02:16Z
206A,6,15,59.5,resale,2026-10-04T16:02:16Z
206A,6,16,59.5,resale,2026-10-04T16:02:16Z
327,21,23,104.72,resale,2026-10-04T16:02:16Z
327,21,24,104.72,resale,2026-10-04T16:02:16Z
308,3,1,59.5,resale,2026-10-04T16:02:16Z
308,3,2,59.5,resale,2026-10-04T16:02:16Z
146,36,21,83.3,resale,2026-10-04T16:02:16Z
146,36,22,83.3,resale,2026-10-04T16:02:16Z
216,4,22,380.25,resale,2026-10-04T16:02:16Z
216,4,23,380.25,resale,2026-10-04T16:02:16Z
345,11,14,94.01,resale,2026-10-04T16:02:16Z
345,11,15,94.01,resale,2026-10-04T16:02:16Z
109,18,1,119.0,resale,2026-10-04T16:02:16Z
109,18,2,119.0,resale,2026-10-04T16:02:16Z
109,18,3,119.0,resale,2026-10-04T16:02:16Z
109,18,4,119.0,resale,2026-10-04T16:02:16Z
124,46,20,208.25,resale,2026-10-04T16:02:16Z
224A,11,21,77.35,resale,2026-10-04T16:02:16Z
224A,11,22,77.35,resale,2026-10-04T16:02:16Z
224A,11,23,77.35,resale,2026-10-04T16:02:16Z
104,25,3,119.0,resale,2026-10-04T16:02:16Z
104,25,4,119.0,resale,2026-10-04T16:02:16Z
341,25,12,59.5,resale,2026-10-04T16:02:16Z
341,25,13,59.5,resale,2026-10-04T16:02:16Z
124,35,23,105.91,resale,2026-10-04T16:02:16Z
124,35,24,105.91,resale,2026-10-04T16:02:16Z
246A,7,15,71.4,resale,2026-10-04T16:02:16Z
246A,7,16,71.4,resale,2026-10-04T16:02:16Z
144,10,1,101.15,resale,2026-10-04T16:02:16Z
144,10,2,101.15,resale,2026-10-04T16:02:16Z
144,10,3,101.15,resale,2026-10-04T16:02:16Z
144,10,4,101.15,resale,2026-10-04T16:02:16Z
335,21,25,53.55,resale,2026-10-04T16:02:16Z
335,21,26,53.55,resale,2026-10-04T16:02:16Z
350,16,26,59.5,resale,2026-10-04T16:02:16Z
350,16,27,59.5,resale,2026-10-04T16:02:16Z
117,33,7,251.09,resale,2026-10-04T16:02:16Z
117,33,8,251.09,resale,2026-10-04T16:02:16Z
117,33,9,251.09,resale,2026-10-04T16:02:16Z
117,33,10,251.09,resale,2026-10-04T16:02:16Z
101,18,9,119.0,resale,2026-10-04T16:02:16Z
101,18,10,119.0,resale,2026-10-04T16:02:16Z
310,18,1,79.73,resale,2026-10-04T16:02:16Z
310,18,2,79.73,resale,2026-10-04T16:02:16Z
134,25,28,208.25,resale,2026-10-04T16:02:16Z
134,25,29,208.25,resale,2026-10-04T16:02:16Z
118,28,23,107.1,resale,2026-10-04T16:02:16Z
118,28,24,107.1,resale,2026-10-04T16:02:16Z
118,28,25,107.1,resale,2026-10-04T16:02:16Z
118,28,26,107.1,resale,2026-10-04T16:02:16Z
204,7,9,119.0,resale,2026-10-04T16:02:16Z
204,7,10,119.0,resale,2026-10-04T16:02:16Z
302,21,11,63.07,resale,2026-10-04T16:02:16Z
302,21,12,63.07,resale,2026-10-04T16:02:16Z
203B,12,19,90.44,resale,2026-10-04T16:02:16Z
203B,12,20,90.44,resale,2026-10-04T16:02:16Z
345,13,7,95.2,resale,2026-10-04T16:02:16Z
345,13,8,95.2,resale,2026-10-04T16:02:16Z
131,36,27,89.25,resale,2026-10-04T16:02:16Z
131,36,28,89.25,resale,2026-10-04T16:02:16Z
333,4,1,89.25,resale,2026-10-04T16:02:16Z
333,4,2,89.25,resale,2026-10-04T16:02:16Z
326,8,1,142.8,resale,2026-10-04T16:02:16Z
326,8,2,142.8,resale,2026-10-04T16:02:16Z
326,8,3,142.8,resale,2026-10-04T16:02:16Z
313,4,9,119.0,resale,2026-10-04T16:02:16Z
313,4,10,119.0,resale,2026-10-04T16:02:16Z
142,17,22,178.5,resale,2026-10-04T16:02:16Z
142,17,23,178.5,resale,2026-10-04T16:02:16Z
301,19,5,83.3,resale,2026-10-04T16:02:16Z
225B,3,23,113.05,resale,2026-10-04T16:02:16Z
225B,3,24,113.05,resale,2026-10-04T16:02:16Z
225B,3,25,113.05,resale,2026-10-04T16:02:16Z
128,30,6,120.19,resale,2026-10-04T16:02:16Z
118,30,7,136.85,resale,2026-10-04T16:02:16Z
118,30,8,136.85,resale,2026-10-04T16:02:16Z
124,28,12,101.15,resale,2026-10-04T16:02:16Z
124,28,13,101.15,resale,2026-10-04T16:02:16Z
211,3,1,492.57,resale,2026-10-04T16:02:16Z
211,3,2,492.57,resale,2026-10-04T16:02:16Z
211,3,3,492.57,resale,2026-10-04T16:02:16Z
211,3,4,492.57,resale,2026-10-04T16:02:16Z
131,39,25,95.2,resale,2026-10-04T16:02:16Z
131,39,26,95.2,resale,2026-10-04T16:02:16Z
247A,7,13,148.75,resale,2026-10-04T16:02:16Z
247A,7,14,148.75,resale,2026-10-04T16:02:16Z
333,2,1,97.58,resale,2026-10-04T16:02:16Z
333,2,2,97.58,resale,2026-10-04T16:02:16Z
343,16,8,104.72,resale,2026-10-04T16:02:16Z
343,16,9,104.72,resale,2026-10-04T16:02:16Z
343,16,10,104.72,resale,2026-10-04T16:02:16Z
343,16,11,104.72,resale,2026-10-04T16:02:16Z
327,17,15,77.35,resale,2026-10-04T16:02:16Z
327,17,16,77.35,resale,2026-10-04T16:02:16Z
139,15,10,249.9,resale,2026-10-04T16:02:16Z
139,15,11,249.9,resale,2026-10-04T16:02:16Z
121,40,13,355.81,resale,2026-10-04T16:02:16Z
121,40,16,355.81,resale,2026-10-04T16:02:16Z
232A,15,1,153.51,resale,2026-10-04T16:02:16Z
232A,15,2,153.51,resale,2026-10-04T16:02:16Z
232A,15,3,153.51,resale,2026-10-04T16:02:16Z
232A,15,4,153.51,resale,2026-10-04T16:02:16Z
317,13,13,119.0,resale,2026-10-04T16:02:16Z
317,13,14,119.0,resale,2026-10-04T16:02:16Z
317,13,15,119.0,resale,2026-10-04T16:02:16Z
204,3,12,119.0,resale,2026-10-04T16:02:16Z
204,3,13,119.0,resale,2026-10-04T16:02:16Z
350,22,27,89.25,resale,2026-10-04T16:02:16Z
350,22,28,89.25,resale,2026-10-04T16:02:16Z
350,22,29,89.25,resale,2026-10-04T16:02:16Z
336,12,22,80.92,resale,2026-10-04T16:02:16Z
336,12,23,80.92,resale,2026-10-04T16:02:16Z
206A,6,9,59.5,resale,2026-10-04T16:02:16Z
206A,6,10,59.5,resale,2026-10-04T16:02:16Z
206A,6,11,59.5,resale,2026-10-04T16:02:16Z
206A,6,12,59.5,resale,2026-10-04T16:02:16Z
224B,11,11,142.8,resale,2026-10-04T16:02:16Z
224B,11,12,142.8,resale,2026-10-04T16:02:16Z
224B,11,13,142.8,resale,2026-10-04T16:02:16Z
224B,11,14,142.8,resale,2026-10-04T16:02:16Z
338,17,24,89.25,resale,2026-10-04T16:02:16Z
338,17,25,89.25,resale,2026-10-04T16:02:16Z
338,17,26,89.25,resale,2026-10-04T16:02:16Z
338,17,27,89.25,resale,2026-10-04T16:02:16Z
325,25,7,59.5,resale,2026-10-04T16:02:16Z
325,25,8,59.5,resale,2026-10-04T16:02:16Z
224B,15,21,89.25,resale,2026-10-04T16:02:16Z
224B,15,22,89.25,resale,2026-10-04T16:02:16Z
202B,5,3,119.0,resale,2026-10-04T16:02:16Z
202B,5,4,119.0,resale,2026-10-04T16:02:16Z
124,8,21,178.5,resale,2026-10-04T16:02:16Z
124,8,22,178.5,resale,2026-10-04T16:02:16Z
205A,3,11,151.13,resale,2026-10-04T16:02:16Z
205A,3,12,151.13,resale,2026-10-04T16:02:16Z
210,6,21,190.4,resale,2026-10-04T16:02:16Z
210,6,22,190.4,resale,2026-10-04T16:02:16Z
205A,3,13,151.13,resale,2026-10-04T16:02:16Z
205A,3,14,151.13,resale,2026-10-04T16:02:16Z
320,20,11,98.77,resale,2026-10-04T16:02:16Z
320,20,12,98.77,resale,2026-10-04T16:02:16Z
320,20,13,98.77,resale,2026-10-04T16:02:16Z
202A,9,6,146.37,resale,2026-10-04T16:02:16Z
149,29,3,171.36,resale,2026-10-04T16:02:16Z
149,29,4,171.36,resale,2026-10-04T16:02:16Z
149,29,5,172.55,resale,2026-10-04T16:02:16Z
149,29,6,172.55,resale,2026-10-04T16:02:16Z
149,29,7,172.55,resale,2026-10-04T16:02:16Z
149,29,8,172.55,resale,2026-10-04T16:02:16Z
333,16,17,90.44,resale,2026-10-04T16:02:16Z
333,16,18,90.44,resale,2026-10-04T16:02:16Z
333,16,19,90.44,resale,2026-10-04T16:02:16Z
333,16,20,90.44,resale,2026-10-04T16:02:16Z
248,9,13,121.38,resale,2026-10-04T16:02:16Z
248,9,14,121.38,resale,2026-10-04T16:02:16Z
248,9,15,121.38,resale,2026-10-04T16:02:16Z
248,9,16,121.38,resale,2026-10-04T16:02:16Z
335,22,15,90.44,resale,2026-10-04T16:02:16Z
335,22,16,90.44,resale,2026-10-04T16:02:16Z
335,22,17,90.44,resale,2026-10-04T16:02:16Z
335,22,18,90.44,resale,2026-10-04T16:02:16Z
312,3,24,59.5,resale,2026-10-04T16:02:16Z
312,3,25,59.5,resale,2026-10-04T16:02:16Z
202B,17,13,97.58,resale,2026-10-04T16:02:16Z
202B,17,14,97.58,resale,2026-10-04T16:02:16Z
149,4,11,148.75,resale,2026-10-04T16:02:16Z
149,4,12,148.75,resale,2026-10-04T16:02:16Z
317,10,1,89.25,resale,2026-10-04T16:02:16Z
317,10,2,89.25,resale,2026-10-04T16:02:16Z
337,8,13,89.25,resale,2026-10-04T16:02:16Z
337,8,14,89.25,resale,2026-10-04T16:02:16Z
149,34,11,170.17,resale,2026-10-04T16:02:16Z
149,34,12,170.17,resale,2026-10-04T16:02:16Z
226,9,15,88.06,resale,2026-10-04T16:02:16Z
226,9,16,88.06,resale,2026-10-04T16:02:16Z
143,30,11,214.2,resale,2026-10-04T16:02:16Z
143,30,12,214.2,resale,2026-10-04T16:02:16Z
250B,13,3,136.85,resale,2026-10-04T16:02:16Z
250B,13,4,136.85,resale,2026-10-04T16:02:16Z
111C,14,9,877.5,resale,2026-10-04T16:02:16Z
245A,9,9,124.95,resale,2026-10-04T16:02:16Z
245A,9,10,124.95,resale,2026-10-04T16:02:16Z
229,9,13,198.73,resale,2026-10-04T16:02:16Z
229,9,14,198.73,resale,2026-10-04T16:02:16Z
229,9,15,198.73,resale,2026-10-04T16:02:16Z
218,9,13,238.0,resale,2026-10-04T16:02:16Z
218,9,14,238.0,resale,2026-10-04T16:02:16Z
218,9,15,238.0,resale,2026-10-04T16:02:16Z
218,9,16,238.0,resale,2026-10-04T16:02:16Z
104,13,7,107.1,resale,2026-10-04T16:02:16Z
104,13,8,107.1,resale,2026-10-04T16:02:16Z
104,13,9,107.1,resale,2026-10-04T16:02:16Z
104,13,10,107.1,resale,2026-10-04T16:02:16Z
348,6,13,83.3,resale,2026-10-04T16:02:16Z
348,6,14,83.3,resale,2026-10-04T16:02:16Z
313,2,17,113.05,resale,2026-10-04T16:02:16Z
313,2,18,113.05,resale,2026-10-04T16:02:16Z
313,2,19,113.05,resale,2026-10-04T16:02:16Z
313,2,20,113.05,resale,2026-10-04T16:02:16Z
232A,6,9,113.05,resale,2026-10-04T16:02:16Z
232A,6,10,113.05,resale,2026-10-04T16:02:16Z
224B,7,3,89.25,resale,2026-10-04T16:02:16Z
224B,7,4,89.25,resale,2026-10-04T16:02:16Z
115A,16,9,143.99,resale,2026-10-04T16:02:16Z
115A,16,10,143.99,resale,2026-10-04T16:02:16Z
115A,16,11,143.99,resale,2026-10-04T16:02:16Z
115A,16,12,143.99,resale,2026-10-04T16:02:16Z
231A,2,5,107.1,resale,2026-10-04T16:02:16Z
231A,2,6,107.1,resale,2026-10-04T16:02:16Z
231A,2,7,107.1,resale,2026-10-04T16:02:16Z
231A,2,8,107.1,resale,2026-10-04T16:02:16Z
204,7,11,166.6,resale,2026-10-04T16:02:16Z
204,7,12,166.6,resale,2026-10-04T16:02:16Z
204,7,13,166.6,resale,2026-10-04T16:02:16Z
204,7,14,166.6,resale,2026-10-04T16:02:16Z
305,22,9,59.5,resale,2026-10-04T16:02:16Z
305,22,10,59.5,resale,2026-10-04T16:02:16Z
305,22,11,59.5,resale,2026-10-04T16:02:16Z
305,22,12,59.5,resale,2026-10-04T16:02:16Z
244,4,1,178.5,resale,2026-10-04T16:02:16Z
244,4,2,178.5,resale,2026-10-04T16:02:16Z
215,3,7,526.5,resale,2026-10-04T16:02:16Z
215,3,8,526.5,resale,2026-10-04T16:02:16Z
101,28,23,178.5,resale,2026-10-04T16:02:16Z
101,28,24,178.5,resale,2026-10-04T16:02:16Z
101,28,25,178.5,resale,2026-10-04T16:02:16Z
101,28,26,178.5,resale,2026-10-04T16:02:16Z
318,12,11,63.07,resale,2026-10-04T16:02:16Z
318,12,12,63.07,resale,2026-10-04T16:02:16Z
318,12,13,63.07,resale,2026-10-04T16:02:16Z
318,12,14,63.07,resale,2026-10-04T16:02:16Z
318,12,15,63.07,resale,2026-10-04T16:02:16Z
318,12,16,63.07,resale,2026-10-04T16:02:16Z
126,8,15,238.0,resale,2026-10-04T16:02:16Z
126,8,16,238.0,resale,2026-10-04T16:02:16Z
134,3,13,297.5,resale,2026-10-04T16:02:16Z
134,3,14,297.5,resale,2026-10-04T16:02:16Z
205A,12,5,190.4,resale,2026-10-04T16:02:16Z
205A,12,6,190.4,resale,2026-10-04T16:02:16Z
336,13,25,89.25,resale,2026-10-04T16:02:16Z
336,13,26,89.25,resale,2026-10-04T16:02:16Z
123,40,3,176.12,resale,2026-10-04T16:02:16Z
123,40,4,176.12,resale,2026-10-04T16:02:16Z
318,15,23,116.62,resale,2026-10-04T16:02:16Z
323,15,3,77.35,resale,2026-10-04T16:02:16Z
323,15,4,77.35,resale,2026-10-04T16:02:16Z
323,15,5,77.35,resale,2026-10-04T16:02:16Z
323,15,6,77.35,resale,2026-10-04T16:02:16Z
112,4,7,978.12,resale,2026-10-04T16:02:16Z
112,4,8,978.12,resale,2026-10-04T16:02:16Z
347,20,13,76.16,resale,2026-10-04T16:02:16Z
347,20,14,76.16,resale,2026-10-04T16:02:16Z
337,23,13,59.5,resale,2026-10-04T16:02:16Z
337,23,14,59.5,resale,2026-10-04T16:02:16Z
337,23,15,59.5,resale,2026-10-04T16:02:16Z
337,23,16,59.5,resale,2026-10-04T16:02:16Z
312,15,4,59.5,resale,2026-10-04T16:02:16Z
312,15,5,59.5,resale,2026-10-04T16:02:16Z
202B,11,15,119.0,resale,2026-10-04T16:02:16Z
202B,11,16,119.0,resale,2026-10-04T16:02:16Z
202B,11,17,119.0,resale,2026-10-04T16:02:16Z
202B,11,18,119.0,resale,2026-10-04T16:02:16Z
117,34,13,178.5,resale,2026-10-04T16:02:16Z
117,34,14,178.5,resale,2026-10-04T16:02:16Z
319,4,9,77.35,resale,2026-10-04T16:02:16Z
319,4,10,77.35,resale,2026-10-04T16:02:16Z
134,9,9,136.85,resale,2026-10-04T16:02:16Z
134,9,10,136.85,resale,2026-10-04T16:02:16Z
339,12,16,208.25,resale,2026-10-04T16:02:16Z
339,12,17,208.25,resale,2026-10-04T16:02:16Z
233,5,13,238.0,resale,2026-10-04T16:02:16Z
233,5,14,238.0,resale,2026-10-04T16:02:16Z
312,15,6,59.5,resale,2026-10-04T16:02:16Z
312,15,7,59.5,resale,2026-10-04T16:02:16Z
135,23,23,178.5,resale,2026-10-04T16:02:16Z
135,23,24,178.5,resale,2026-10-04T16:02:16Z
123,26,25,119.0,resale,2026-10-04T16:02:16Z
133,27,16,121.38,resale,2026-10-04T16:02:16Z
133,27,17,121.38,resale,2026-10-04T16:02:16Z
133,27,18,121.38,resale,2026-10-04T16:02:16Z
126,35,15,92.82,resale,2026-10-04T16:02:16Z
126,35,16,92.82,resale,2026-10-04T16:02:16Z
137,22,5,304.64,resale,2026-10-04T16:02:16Z
137,22,6,304.64,resale,2026-10-04T16:02:16Z
137,22,7,304.64,resale,2026-10-04T16:02:16Z
137,22,8,304.64,resale,2026-10-04T16:02:16Z
335,24,5,85.68,resale,2026-10-04T16:02:16Z
335,24,6,85.68,resale,2026-10-04T16:02:16Z
335,24,7,85.68,resale,2026-10-04T16:02:16Z
335,24,8,85.68,resale,2026-10-04T16:02:16Z
129,23,13,89.25,resale,2026-10-04T16:02:16Z
129,23,14,89.25,resale,2026-10-04T16:02:16Z
129,23,15,89.25,resale,2026-10-04T16:02:16Z
129,23,16,89.25,resale,2026-10-04T16:02:16Z
126,18,17,190.4,resale,2026-10-04T16:02:16Z
126,18,18,190.4,resale,2026-10-04T16:02:16Z
129,37,13,119.0,resale,2026-10-04T16:02:16Z
129,37,14,119.0,resale,2026-10-04T16:02:16Z
110,27,17,245.14,resale,2026-10-04T16:02:16Z
110,27,18,245.14,resale,2026-10-04T16:02:16Z
227B,17,9,158.27,resale,2026-10-04T16:02:16Z
227B,17,10,158.27,resale,2026-10-04T16:02:16Z
338,7,13,89.25,resale,2026-10-04T16:02:16Z
338,7,14,89.25,resale,2026-10-04T16:02:16Z
338,7,15,89.25,resale,2026-10-04T16:02:16Z
338,7,16,89.25,resale,2026-10-04T16:02:16Z
128,10,3,172.55,resale,2026-10-04T16:02:16Z
128,10,4,172.55,resale,2026-10-04T16:02:16Z
148,30,15,110.67,resale,2026-10-04T16:02:16Z
148,30,16,110.67,resale,2026-10-04T16:02:16Z
326,16,6,77.35,resale,2026-10-04T16:02:16Z
335,11,5,83.3,resale,2026-10-04T16:02:16Z
335,11,6,83.3,resale,2026-10-04T16:02:16Z
348,11,1,69.02,resale,2026-10-04T16:02:16Z
348,11,2,69.02,resale,2026-10-04T16:02:16Z
348,11,3,69.02,resale,2026-10-04T16:02:16Z
348,11,4,69.02,resale,2026-10-04T16:02:16Z
142,15,21,203.49,resale,2026-10-04T16:02:16Z
142,15,22,203.49,resale,2026-10-04T16:02:16Z
143,6,8,265.37,resale,2026-10-04T16:02:16Z
137,6,15,214.2,resale,2026-10-04T16:02:16Z
137,6,16,214.2,resale,2026-10-04T16:02:16Z
201,12,1,157.08,resale,2026-10-04T16:02:16Z
201,12,2,157.08,resale,2026-10-04T16:02:16Z
201,12,3,157.08,resale,2026-10-04T16:02:16Z
201,12,4,157.08,resale,2026-10-04T16:02:16Z
202B,10,7,98.77,resale,2026-10-04T16:02:16Z
202B,10,8,98.77,resale,2026-10-04T16:02:16Z
341,16,5,58.31,resale,2026-10-04T16:02:16Z
341,16,6,58.31,resale,2026-10-04T16:02:16Z
121,23,22,161.84,resale,2026-10-04T16:02:16Z
121,23,23,161.84,resale,2026-10-04T16:02:16Z
302,18,9,53.55,resale,2026-10-04T16:02:16Z
302,18,10,53.55,resale,2026-10-04T16:02:16Z
323,15,18,64.26,resale,2026-10-04T16:02:16Z
323,15,19,64.26,resale,2026-10-04T16:02:16Z
106,34,31,89.25,resale,2026-10-04T16:02:16Z
106,34,32,89.25,resale,2026-10-04T16:02:16Z
126,18,11,140.42,resale,2026-10-04T16:02:16Z
126,18,12,140.42,resale,2026-10-04T16:02:16Z
343,26,1,59.5,resale,2026-10-04T16:02:16Z
343,26,2,59.5,resale,2026-10-04T16:02:16Z
106,37,29,182.07,resale,2026-10-04T16:02:16Z
106,37,30,182.07,resale,2026-10-04T16:02:16Z
325,15,13,59.5,resale,2026-10-04T16:02:16Z
325,15,14,59.5,resale,2026-10-04T16:02:16Z
325,15,15,59.5,resale,2026-10-04T16:02:16Z
325,15,16,59.5,resale,2026-10-04T16:02:16Z
348,9,9,52.36,resale,2026-10-04T16:02:16Z
348,9,10,52.36,resale,2026-10-04T16:02:16Z
318,20,27,35.7,resale,2026-10-04T16:02:16Z
224A,10,18,124.95,resale,2026-10-04T16:02:16Z
224A,10,19,124.95,resale,2026-10-04T16:02:16Z
237,2,10,267.75,resale,2026-10-04T16:02:16Z
237,2,11,267.75,resale,2026-10-04T16:02:16Z
320,10,11,65.45,resale,2026-10-04T16:02:16Z
320,10,12,65.45,resale,2026-10-04T16:02:16Z
249A,2,7,126.14,resale,2026-10-04T16:02:16Z
249A,2,8,126.14,resale,2026-10-04T16:02:16Z
109,22,5,145.18,resale,2026-10-04T16:02:16Z
109,22,6,145.18,resale,2026-10-04T16:02:16Z
109,22,7,145.18,resale,2026-10-04T16:02:16Z
109,22,8,145.18,resale,2026-10-04T16:02:16Z
345,15,1,89.25,resale,2026-10-04T16:02:16Z
345,15,2,89.25,resale,2026-10-04T16:02:16Z
131,26,18,130.9,resale,2026-10-04T16:02:16Z
131,26,19,130.9,resale,2026-10-04T16:02:16Z
131,26,20,130.9,resale,2026-10-04T16:02:16Z
131,26,21,130.9,resale,2026-10-04T16:02:16Z
209,7,15,239.19,resale,2026-10-04T16:02:16Z
209,7,16,239.19,resale,2026-10-04T16:02:16Z
326,20,1,101.15,resale,2026-10-04T16:02:16Z
326,20,2,101.15,resale,2026-10-04T16:02:16Z
101,26,7,117.81,resale,2026-10-04T16:02:16Z
101,26,8,117.81,resale,2026-10-04T16:02:16Z
135,10,7,172.55,resale,2026-10-04T16:02:16Z
135,10,8,172.55,resale,2026-10-04T16:02:16Z
143,13,1,208.25,resale,2026-10-04T16:02:16Z
143,13,2,208.25,resale,2026-10-04T16:02:16Z
139,31,17,172.55,resale,2026-10-04T16:02:16Z
139,31,18,172.55,resale,2026-10-04T16:02:16Z
310,3,3,71.4,resale,2026-10-04T16:02:16Z
310,3,4,71.4,resale,2026-10-04T16:02:16Z
124,11,7,107.1,resale,2026-10-04T16:02:16Z
124,11,8,107.1,resale,2026-10-04T16:02:16Z
101,24,29,223.72,resale,2026-10-04T16:02:16Z
129,24,28,130.9,resale,2026-10-04T16:02:16Z
129,24,29,130.9,resale,2026-10-04T16:02:16Z
128,16,13,95.2,resale,2026-10-04T16:02:16Z
128,16,14,95.2,resale,2026-10-04T16:02:16Z
229,14,7,85.68,resale,2026-10-04T16:02:16Z
229,14,8,85.68,resale,2026-10-04T16:02:16Z
223,8,3,86.87,resale,2026-10-04T16:02:16Z
223,8,4,86.87,resale,2026-10-04T16:02:16Z
126,37,21,121.38,resale,2026-10-04T16:02:16Z
126,37,22,121.38,resale,2026-10-04T16:02:16Z
123,32,15,178.5,resale,2026-10-04T16:02:16Z
123,32,16,178.5,resale,2026-10-04T16:02:16Z
106,34,33,89.25,resale,2026-10-04T16:02:16Z
106,34,34,89.25,resale,2026-10-04T16:02:16Z
129,44,9,110.67,resale,2026-10-04T16:02:16Z
129,44,10,110.67,resale,2026-10-04T16:02:16Z
212,9,15,178.5,resale,2026-10-04T16:02:16Z
212,9,16,178.5,resale,2026-10-04T16:02:16Z
129,24,22,130.9,resale,2026-10-04T16:02:16Z
129,24,23,130.9,resale,2026-10-04T16:02:16Z
129,24,24,130.9,resale,2026-10-04T16:02:16Z
101,32,15,110.67,resale,2026-10-04T16:02:16Z
101,32,16,110.67,resale,2026-10-04T16:02:16Z
135,22,30,154.7,resale,2026-10-04T16:02:16Z
135,22,31,154.7,resale,2026-10-04T16:02:16Z
142,19,20,278.46,resale,2026-10-04T16:02:16Z
142,19,21,278.46,resale,2026-10-04T16:02:16Z
140,21,7,334.39,resale,2026-10-04T16:02:16Z
140,21,8,334.39,resale,2026-10-04T16:02:16Z
314,13,19,119.0,resale,2026-10-04T16:02:16Z
314,13,20,119.0,resale,2026-10-04T16:02:16Z
314,13,21,119.0,resale,2026-10-04T16:02:16Z
246A,7,17,148.75,resale,2026-10-04T16:02:16Z
246A,7,18,148.75,resale,2026-10-04T16:02:16Z
336,4,9,89.25,resale,2026-10-04T16:02:16Z
336,4,10,89.25,resale,2026-10-04T16:02:16Z
229,5,7,178.5,resale,2026-10-04T16:02:16Z
229,5,8,178.5,resale,2026-10-04T16:02:16Z
229,5,9,178.5,resale,2026-10-04T16:02:16Z
229,5,10,178.5,resale,2026-10-04T16:02:16Z
306,20,27,202.3,resale,2026-10-04T16:02:16Z
306,20,28,202.3,resale,2026-10-04T16:02:16Z
209,6,5,386.1,resale,2026-10-04T16:02:16Z
209,6,6,386.1,resale,2026-10-04T16:02:16Z
123,33,7,226.1,resale,2026-10-04T16:02:16Z
123,33,8,226.1,resale,2026-10-04T16:02:16Z
324,19,1,52.36,resale,2026-10-04T16:02:16Z
324,19,2,52.36,resale,2026-10-04T16:02:16Z
128,8,19,190.4,resale,2026-10-04T16:02:16Z
128,8,20,190.4,resale,2026-10-04T16:02:16Z
320,2,5,57.12,resale,2026-10-04T16:02:16Z
320,2,6,57.12,resale,2026-10-04T16:02:16Z
149,23,23,89.25,resale,2026-10-04T16:02:16Z
149,23,24,89.25,resale,2026-10-04T16:02:16Z
112,9,5,931.32,resale,2026-10-04T16:02:16Z
112,9,6,931.32,resale,2026-10-04T16:02:16Z
104,29,1,119.0,resale,2026-10-04T16:02:16Z
104,29,2,119.0,resale,2026-10-04T16:02:16Z
101,26,21,89.25,resale,2026-10-04T16:02:16Z
101,26,22,89.25,resale,2026-10-04T16:02:16Z
326,15,1,59.5,resale,2026-10-04T16:02:16Z
326,15,2,59.5,resale,2026-10-04T16:02:16Z
326,15,3,59.5,resale,2026-10-04T16:02:16Z
326,15,4,59.5,resale,2026-10-04T16:02:16Z
124,39,25,196.35,resale,2026-10-04T16:02:16Z
124,39,26,196.35,resale,2026-10-04T16:02:16Z
124,39,27,196.35,resale,2026-10-04T16:02:16Z
124,39,28,196.35,resale,2026-10-04T16:02:16Z
104,43,25,189.21,resale,2026-10-04T16:02:16Z
104,43,26,189.21,resale,2026-10-04T16:02:16Z
315,15,5,135.66,resale,2026-10-04T16:02:16Z
315,15,6,135.66,resale,2026-10-04T16:02:16Z
123,45,7,120.19,resale,2026-10-04T16:02:16Z
123,45,8,120.19,resale,2026-10-04T16:02:16Z
148,21,16,351.05,resale,2026-10-04T16:02:16Z
148,21,17,351.05,resale,2026-10-04T16:02:16Z
117,20,8,178.5,resale,2026-10-04T16:02:16Z
117,20,9,178.5,resale,2026-10-04T16:02:16Z
123,30,13,130.9,resale,2026-10-04T16:02:16Z
123,30,14,130.9,resale,2026-10-04T16:02:16Z
225B,7,11,178.5,resale,2026-10-04T16:02:16Z
225B,7,12,178.5,resale,2026-10-04T16:02:16Z
337,19,27,88.06,resale,2026-10-04T16:02:16Z
337,19,28,88.06,resale,2026-10-04T16:02:16Z
131,20,13,107.1,resale,2026-10-04T16:02:16Z
131,20,14,107.1,resale,2026-10-04T16:02:16Z
113,20,8,1012.05,resale,2026-10-04T16:02:16Z
113,16,1,1086.93,resale,2026-10-04T16:02:16Z
113,16,2,1086.93,resale,2026-10-04T16:02:16Z
235,10,23,398.97,resale,2026-10-04T16:02:16Z
235,10,24,398.97,resale,2026-10-04T16:02:16Z
339,23,27,65.45,resale,2026-10-04T16:02:16Z
339,23,28,65.45,resale,2026-10-04T16:02:16Z
118,18,15,148.75,resale,2026-10-04T16:02:16Z
118,18,16,148.75,resale,2026-10-04T16:02:16Z
243,7,5,279.65,resale,2026-10-04T16:02:16Z
243,7,6,279.65,resale,2026-10-04T16:02:16Z
131,13,5,130.9,resale,2026-10-04T16:02:16Z
131,13,6,130.9,resale,2026-10-04T16:02:16Z
137,6,1,258.23,resale,2026-10-04T16:02:16Z
137,6,2,258.23,resale,2026-10-04T16:02:16Z
305,10,15,119.0,resale,2026-10-04T16:02:16Z
305,10,16,119.0,resale,2026-10-04T16:02:16Z
305,10,17,119.0,resale,2026-10-04T16:02:16Z
305,10,18,119.0,resale,2026-10-04T16:02:16Z
318,10,10,92.82,resale,2026-10-04T16:02:16Z
318,10,11,92.82,resale,2026-10-04T16:02:16Z
118,27,7,130.9,resale,2026-10-04T16:02:16Z
312,8,3,78.54,resale,2026-10-04T16:02:16Z
312,8,4,78.54,resale,2026-10-04T16:02:16Z
244,5,3,207.06,resale,2026-10-04T16:02:16Z
244,5,4,207.06,resale,2026-10-04T16:02:16Z
101,22,13,143.99,resale,2026-10-04T16:02:16Z
101,22,14,143.99,resale,2026-10-04T16:02:16Z
101,22,15,143.99,resale,2026-10-04T16:02:16Z
101,22,16,143.99,resale,2026-10-04T16:02:16Z
319,21,7,82.11,resale,2026-10-04T16:02:16Z
319,21,8,82.11,resale,2026-10-04T16:02:16Z
319,21,9,82.11,resale,2026-10-04T16:02:16Z
319,21,10,82.11,resale,2026-10-04T16:02:16Z
220A,4,8,94.01,resale,2026-10-04T16:02:16Z
220A,4,9,94.01,resale,2026-10-04T16:02:16Z
228B,15,1,101.15,resale,2026-10-04T16:02:16Z
228B,15,2,101.15,resale,2026-10-04T16:02:16Z
146,36,1,179.69,resale,2026-10-04T16:02:16Z
146,36,2,179.69,resale,2026-10-04T16:02:16Z
146,36,3,179.69,resale,2026-10-04T16:02:16Z
146,36,4,179.69,resale,2026-10-04T16:02:16Z
301,18,1,119.0,resale,2026-10-04T16:02:16Z
301,18,2,119.0,resale,2026-10-04T16:02:16Z
301,18,3,119.0,resale,2026-10-04T16:02:16Z
121,31,15,154.7,resale,2026-10-04T16:02:16Z
121,31,16,154.7,resale,2026-10-04T16:02:16Z
313,18,8,101.15,resale,2026-10-04T16:02:16Z
313,18,9,101.15,resale,2026-10-04T16:02:16Z
242,2,10,267.75,resale,2026-10-04T16:02:16Z
242,2,11,267.75,resale,2026-10-04T16:02:16Z
148,14,11,113.05,resale,2026-10-04T16:02:16Z
148,14,12,113.05,resale,2026-10-04T16:02:16Z
316,25,1,142.8,resale,2026-10-04T16:02:16Z
316,25,2,142.8,resale,2026-10-04T16:02:16Z
316,25,3,142.8,resale,2026-10-04T16:02:16Z
316,25,4,142.8,resale,2026-10-04T16:02:16Z
316,25,5,142.8,resale,2026-10-04T16:02:16Z
316,25,6,142.8,resale,2026-10-04T16:02:16Z
316,25,7,142.8,resale,2026-10-04T16:02:16Z
206A,5,21,226.1,resale,2026-10-04T16:02:16Z
206A,5,22,226.1,resale,2026-10-04T16:02:16Z
134,24,21,202.3,resale,2026-10-04T16:02:16Z
126,28,3,177.31,resale,2026-10-04T16:02:16Z
126,28,4,177.31,resale,2026-10-04T16:02:16Z
106,22,13,136.85,resale,2026-10-04T16:02:16Z
106,22,14,136.85,resale,2026-10-04T16:02:16Z
106,22,15,136.85,resale,2026-10-04T16:02:16Z
106,22,16,136.85,resale,2026-10-04T16:02:16Z
142,5,1,208.25,resale,2026-10-04T16:02:16Z
142,5,2,208.25,resale,2026-10-04T16:02:16Z
124,36,23,211.82,resale,2026-10-04T16:02:16Z
124,36,24,211.82,resale,2026-10-04T16:02:16Z
124,36,25,211.82,resale,2026-10-04T16:02:16Z
124,36,26,211.82,resale,2026-10-04T16:02:16Z
124,36,27,211.82,resale,2026-10-04T16:02:16Z
124,40,11,83.3,resale,2026-10-04T16:02:16Z
124,40,12,83.3,resale,2026-10-04T16:02:16Z
148,44,23,82.11,resale,2026-10-04T16:02:16Z
148,44,24,82.11,resale,2026-10-04T16:02:16Z
342,12,20,82.11,resale,2026-10-04T16:02:16Z
342,12,21,82.11,resale,2026-10-04T16:02:16Z
322,26,25,59.5,resale,2026-10-04T16:02:16Z
322,26,26,59.5,resale,2026-10-04T16:02:16Z
124,37,15,89.25,resale,2026-10-04T16:02:16Z
124,37,16,89.25,resale,2026-10-04T16:02:16Z
104,22,3,185.64,resale,2026-10-04T16:02:16Z
104,22,4,185.64,resale,2026-10-04T16:02:16Z
121,34,19,178.5,resale,2026-10-04T16:02:16Z
121,34,20,178.5,resale,2026-10-04T16:02:16Z
140,18,3,227.29,resale,2026-10-04T16:02:16Z
140,18,4,227.29,resale,2026-10-04T16:02:16Z
341,19,15,105.91,resale,2026-10-04T16:02:16Z
341,19,16,105.91,resale,2026-10-04T16:02:16Z
341,19,17,105.91,resale,2026-10-04T16:02:16Z
341,19,18,105.91,resale,2026-10-04T16:02:16Z
230A,7,17,166.6,resale,2026-10-04T16:02:16Z
230A,7,18,166.6,resale,2026-10-04T16:02:16Z
135,25,29,142.8,resale,2026-10-04T16:02:16Z
118,24,14,96.39,resale,2026-10-04T16:02:16Z
118,24,15,96.39,resale,2026-10-04T16:02:16Z
149,42,24,117.81,resale,2026-10-04T16:02:16Z
149,42,25,117.81,resale,2026-10-04T16:02:16Z
149,42,26,117.81,resale,2026-10-04T16:02:16Z
149,42,27,117.81,resale,2026-10-04T16:02:16Z
249A,7,7,172.55,resale,2026-10-04T16:02:16Z
249A,7,8,172.55,resale,2026-10-04T16:02:16Z
208,6,8,273.7,resale,2026-10-04T16:02:16Z
148,19,25,134.47,resale,2026-10-04T16:02:16Z
148,19,26,134.47,resale,2026-10-04T16:02:16Z
148,19,27,134.47,resale,2026-10-04T16:02:16Z
312,14,20,89.25,resale,2026-10-04T16:02:16Z
312,14,21,89.25,resale,2026-10-04T16:02:16Z
215,11,17,351.0,resale,2026-10-04T16:02:16Z
215,11,18,351.0,resale,2026-10-04T16:02:16Z
242,3,12,486.72,resale,2026-10-04T16:02:16Z
242,3,13,486.72,resale,2026-10-04T16:02:16Z
242,3,14,486.72,resale,2026-10-04T16:02:16Z
242,3,15,486.72,resale,2026-10-04T16:02:16Z
111A,30,10,259.42,resale,2026-10-04T16:02:16Z
111A,30,11,259.42,resale,2026-10-04T16:02:16Z
111A,30,12,259.42,resale,2026-10-04T16:02:16Z
111A,30,13,259.42,resale,2026-10-04T16:02:16Z
222A,11,1,135.66,resale,2026-10-04T16:02:16Z
222A,11,2,135.66,resale,2026-10-04T16:02:16Z
222A,11,3,135.66,resale,2026-10-04T16:02:16Z
222A,11,4,135.66,resale,2026-10-04T16:02:16Z
103,18,1,89.25,resale,2026-10-04T16:02:16Z
103,18,2,89.25,resale,2026-10-04T16:02:16Z
124,41,7,71.4,resale,2026-10-04T16:02:16Z
124,41,8,71.4,resale,2026-10-04T16:02:16Z
124,41,9,71.4,resale,2026-10-04T16:02:16Z
124,41,10,71.4,resale,2026-10-04T16:02:16Z
232C,12,1,232.05,resale,2026-10-04T16:02:16Z
232C,12,2,232.05,resale,2026-10-04T16:02:16Z
106,12,5,202.3,resale,2026-10-04T16:02:16Z
106,12,6,202.3,resale,2026-10-04T16:02:16Z
106,12,7,202.3,resale,2026-10-04T16:02:16Z
217,7,11,297.5,resale,2026-10-04T16:02:16Z
217,7,12,297.5,resale,2026-10-04T16:02:16Z
217,7,13,297.5,resale,2026-10-04T16:02:16Z
217,7,14,297.5,resale,2026-10-04T16:02:16Z
129,24,1,154.7,resale,2026-10-04T16:02:16Z
129,24,2,154.7,resale,2026-10-04T16:02:16Z
149,20,11,130.9,resale,2026-10-04T16:02:16Z
149,20,12,130.9,resale,2026-10-04T16:02:16Z
149,20,13,130.9,resale,2026-10-04T16:02:16Z
149,20,14,130.9,resale,2026-10-04T16:02:16Z
342,20,27,71.4,resale,2026-10-04T16:02:16Z
342,20,28,71.4,resale,2026-10-04T16:02:16Z
103,36,26,148.75,resale,2026-10-04T16:02:16Z
103,36,27,148.75,resale,2026-10-04T16:02:16Z
234,4,4,190.4,resale,2026-10-04T16:02:16Z
234,4,5,190.4,resale,2026-10-04T16:02:16Z
106,21,7,208.25,resale,2026-10-04T16:02:16Z
106,21,8,208.25,resale,2026-10-04T16:02:16Z
106,21,9,208.25,resale,2026-10-04T16:02:16Z
106,21,10,208.25,resale,2026-10-04T16:02:16Z
304,21,21,54.74,resale,2026-10-04T16:02:16Z
304,21,22,54.74,resale,2026-10-04T16:02:16Z
304,21,23,54.74,resale,2026-10-04T16:02:16Z
304,21,24,54.74,resale,2026-10-04T16:02:16Z
126,29,23,95.2,resale,2026-10-04T16:02:16Z
126,29,24,95.2,resale,2026-10-04T16:02:16Z
126,29,25,95.2,resale,2026-10-04T16:02:16Z
126,29,26,95.2,resale,2026-10-04T16:02:16Z
218,11,4,408.33,resale,2026-10-04T16:02:16Z
218,11,5,408.33,resale,2026-10-04T16:02:16Z
218,11,6,408.33,resale,2026-10-04T16:02:16Z
218,11,7,408.33,resale,2026-10-04T16:02:16Z
346,14,21,58.31,resale,2026-10-04T16:02:16Z
346,14,22,58.31,resale,2026-10-04T16:02:16Z
307,13,6,71.4,resale,2026-10-04T16:02:16Z
307,13,7,71.4,resale,2026-10-04T16:02:16Z
325,7,5,71.4,resale,2026-10-04T16:02:16Z
325,7,6,71.4,resale,2026-10-04T16:02:16Z
325,7,7,71.4,resale,2026-10-04T16:02:16Z
325,7,8,71.4,resale,2026-10-04T16:02:16Z
118,15,7,119.0,resale,2026-10-04T16:02:16Z
118,15,8,119.0,resale,2026-10-04T16:02:16Z
230A,7,5,89.25,resale,2026-10-04T16:02:16Z
230A,7,6,89.25,resale,2026-10-04T16:02:16Z
139,29,1,296.31,resale,2026-10-04T16:02:16Z
139,29,2,296.31,resale,2026-10-04T16:02:16Z
115A,27,5,327.25,resale,2026-10-04T16:02:16Z
115A,27,6,327.25,resale,2026-10-04T16:02:16Z
115A,27,7,327.25,resale,2026-10-04T16:02:16Z
133,2,11,119.0,resale,2026-10-04T16:02:16Z
133,2,12,119.0,resale,2026-10-04T16:02:16Z
224B,12,7,107.1,resale,2026-10-04T16:02:16Z
224B,12,8,107.1,resale,2026-10-04T16:02:16Z
215,1,5,355.81,resale,2026-10-04T16:02:16Z
215,1,6,355.81,resale,2026-10-04T16:02:16Z
106,44,9,89.25,resale,2026-10-04T16:02:16Z
106,44,10,89.25,resale,2026-10-04T16:02:16Z
104,42,26,104.72,resale,2026-10-04T16:02:16Z
128,12,15,238.0,resale,2026-10-04T16:02:16Z
128,12,16,238.0,resale,2026-10-04T16:02:16Z
235,6,5,178.5,resale,2026-10-04T16:02:16Z
235,6,6,178.5,resale,2026-10-04T16:02:16Z
337,17,26,255.85,resale,2026-10-04T16:02:16Z
337,17,27,255.85,resale,2026-10-04T16:02:16Z
324,21,15,67.83,resale,2026-10-04T16:02:16Z
324,21,16,67.83,resale,2026-10-04T16:02:16Z
335,20,5,88.06,resale,2026-10-04T16:02:16Z
335,20,6,88.06,resale,2026-10-04T16:02:16Z
335,20,7,88.06,resale,2026-10-04T16:02:16Z
335,20,8,88.06,resale,2026-10-04T16:02:16Z
143,18,11,282.03,resale,2026-10-04T16:02:16Z
143,18,12,282.03,resale,2026-10-04T16:02:16Z
224B,9,15,119.0,resale,2026-10-04T16:02:16Z
224B,9,16,119.0,resale,2026-10-04T16:02:16Z
139,26,7,238.0,resale,2026-10-04T16:02:16Z
139,26,8,238.0,resale,2026-10-04T16:02:16Z
143,31,21,180.88,resale,2026-10-04T16:02:16Z
143,31,22,180.88,resale,2026-10-04T16:02:16Z
237,11,15,297.5,resale,2026-10-04T16:02:16Z
237,11,16,297.5,resale,2026-10-04T16:02:16Z
201,9,19,166.6,resale,2026-10-04T16:02:16Z
201,9,20,166.6,resale,2026-10-04T16:02:16Z
309,23,1,65.45,resale,2026-10-04T16:02:16Z
309,23,2,65.45,resale,2026-10-04T16:02:16Z
146,34,11,107.1,resale,2026-10-04T16:02:16Z
146,34,12,107.1,resale,2026-10-04T16:02:16Z
314,13,17,130.9,resale,2026-10-04T16:02:16Z
314,13,18,130.9,resale,2026-10-04T16:02:16Z
148,9,18,238.0,resale,2026-10-04T16:02:16Z
148,9,19,238.0,resale,2026-10-04T16:02:16Z
140,27,22,450.45,resale,2026-10-04T16:02:16Z
140,27,23,450.45,resale,2026-10-04T16:02:16Z
249B,4,4,85.68,resale,2026-10-04T16:02:16Z
146,18,7,208.25,resale,2026-10-04T16:02:16Z
146,18,8,208.25,resale,2026-10-04T16:02:16Z
146,18,9,208.25,resale,2026-10-04T16:02:16Z
146,18,10,208.25,resale,2026-10-04T16:02:16Z
319,23,19,58.31,resale,2026-10-04T16:02:16Z
319,23,20,58.31,resale,2026-10-04T16:02:16Z
101,11,11,119.0,resale,2026-10-04T16:02:16Z
101,11,12,119.0,resale,2026-10-04T16:02:16Z
330,21,19,59.5,resale,2026-10-04T16:02:16Z
330,21,20,59.5,resale,2026-10-04T16:02:16Z
205A,7,1,166.6,resale,2026-10-04T16:02:16Z
205A,7,2,166.6,resale,2026-10-04T16:02:16Z
205A,7,3,166.6,resale,2026-10-04T16:02:16Z
205A,7,4,166.6,resale,2026-10-04T16:02:16Z
319,10,1,58.31,resale,2026-10-04T16:02:16Z
319,10,2,58.31,resale,2026-10-04T16:02:16Z
319,10,3,58.31,resale,2026-10-04T16:02:16Z
319,10,4,58.31,resale,2026-10-04T16:02:16Z
126,12,10,238.0,resale,2026-10-04T16:02:16Z
126,12,11,238.0,resale,2026-10-04T16:02:16Z
126,12,12,238.0,resale,2026-10-04T16:02:16Z
315,10,10,146.37,resale,2026-10-04T16:02:16Z
315,10,11,146.37,resale,2026-10-04T16:02:16Z
135,8,9,198.73,resale,2026-10-04T16:02:16Z
135,8,10,198.73,resale,2026-10-04T16:02:16Z
140,26,27,238.0,resale,2026-10-04T16:02:16Z
140,26,28,238.0,resale,2026-10-04T16:02:16Z
140,26,29,238.0,resale,2026-10-04T16:02:16Z
140,26,30,238.0,resale,2026-10-04T16:02:16Z
108,9,3,119.0,resale,2026-10-04T16:02:16Z
108,9,4,119.0,resale,2026-10-04T16:02:16Z
302,15,5,66.64,resale,2026-10-04T16:02:16Z
302,15,6,66.64,resale,2026-10-04T16:02:16Z
223,7,16,119.0,resale,2026-10-04T16:02:16Z
223,7,17,119.0,resale,2026-10-04T16:02:16Z
223,7,18,119.0,resale,2026-10-04T16:02:16Z
229,8,15,82.11,resale,2026-10-04T16:02:16Z
229,8,16,82.11,resale,2026-10-04T16:02:16Z
314,20,27,117.81,resale,2026-10-04T16:02:16Z
314,20,28,117.81,resale,2026-10-04T16:02:16Z
142,19,24,178.5,resale,2026-10-04T16:02:16Z
142,19,25,178.5,resale,2026-10-04T16:02:16Z
142,19,26,178.5,resale,2026-10-04T16:02:16Z
142,19,27,178.5,resale,2026-10-04T16:02:16Z
126,41,4,178.5,resale,2026-10-04T16:02:16Z
126,41,5,178.5,resale,2026-10-04T16:02:16Z
123,22,22,119.0,resale,2026-10-04T16:02:16Z
123,22,23,119.0,resale,2026-10-04T16:02:16Z
240,10,11,649.35,resale,2026-10-04T16:02:16Z
240,10,12,649.35,resale,2026-10-04T16:02:16Z
212,13,20,297.5,resale,2026-10-04T16:02:16Z
212,13,21,297.5,resale,2026-10-04T16:02:16Z
212,13,22,297.5,resale,2026-10-04T16:02:16Z
212,13,23,297.5,resale,2026-10-04T16:02:16Z
101,44,1,238.0,resale,2026-10-04T16:02:16Z
101,44,2,238.0,resale,2026-10-04T16:02:16Z
203A,6,15,96.39,resale,2026-10-04T16:02:16Z
203A,6,16,96.39,resale,2026-10-04T16:02:16Z
143,25,28,151.13,resale,2026-10-04T16:02:16Z
143,25,29,151.13,resale,2026-10-04T16:02:16Z
343,20,3,117.81,resale,2026-10-04T16:02:16Z
343,20,4,117.81,resale,2026-10-04T16:02:16Z
239,3,17,297.5,resale,2026-10-04T16:02:16Z
239,3,18,297.5,resale,2026-10-04T16:02:16Z
239,3,19,297.5,resale,2026-10-04T16:02:16Z
239,3,20,297.5,resale,2026-10-04T16:02:16Z
131,15,7,95.2,resale,2026-10-04T16:02:16Z
131,15,8,95.2,resale,2026-10-04T16:02:16Z
201,1,15,173.74,resale,2026-10-04T16:02:16Z
201,1,16,173.74,resale,2026-10-04T16:02:16Z
249B,9,19,226.1,resale,2026-10-04T16:02:16Z
249B,9,20,226.1,resale,2026-10-04T16:02:16Z
128,26,24,178.5,resale,2026-10-04T16:02:16Z
128,26,25,178.5,resale,2026-10-04T16:02:16Z
124,11,9,208.25,resale,2026-10-04T16:02:16Z
124,11,10,208.25,resale,2026-10-04T16:02:16Z
142,2,17,178.5,resale,2026-10-04T16:02:16Z
142,2,18,178.5,resale,2026-10-04T16:02:16Z
223,11,21,142.8,resale,2026-10-04T16:02:16Z
222A,12,12,101.15,resale,2026-10-04T16:02:16Z
222A,12,13,101.15,resale,2026-10-04T16:02:16Z
222A,12,14,101.15,resale,2026-10-04T16:02:16Z
222A,12,15,101.15,resale,2026-10-04T16:02:16Z
311,12,1,113.05,resale,2026-10-04T16:02:16Z
311,12,2,113.05,resale,2026-10-04T16:02:16Z
129,19,1,119.0,resale,2026-10-04T16:02:16Z
129,19,2,119.0,resale,2026-10-04T16:02:16Z
129,19,3,119.0,resale,2026-10-04T16:02:16Z
129,19,4,119.0,resale,2026-10-04T16:02:16Z
307,12,9,130.9,resale,2026-10-04T16:02:16Z
307,12,10,130.9,resale,2026-10-04T16:02:16Z
139,14,13,296.31,resale,2026-10-04T16:02:16Z
139,14,14,296.31,resale,2026-10-04T16:02:16Z
324,18,5,59.5,resale,2026-10-04T16:02:16Z
324,18,6,59.5,resale,2026-10-04T16:02:16Z
135,21,21,267.75,resale,2026-10-04T16:02:16Z
135,21,22,267.75,resale,2026-10-04T16:02:16Z
135,21,23,267.75,resale,2026-10-04T16:02:16Z
135,21,24,267.75,resale,2026-10-04T16:02:16Z
333,3,19,65.45,resale,2026-10-04T16:02:16Z
333,3,20,65.45,resale,2026-10-04T16:02:16Z
148,30,23,297.5,resale,2026-10-04T16:02:16Z
148,30,24,297.5,resale,2026-10-04T16:02:16Z
148,30,25,297.5,resale,2026-10-04T16:02:16Z
148,30,26,297.5,resale,2026-10-04T16:02:16Z
250B,17,13,101.15,resale,2026-10-04T16:02:16Z
250B,17,14,101.15,resale,2026-10-04T16:02:16Z
209,6,15,178.5,resale,2026-10-04T16:02:16Z
209,6,16,178.5,resale,2026-10-04T16:02:16Z
121,42,11,166.6,resale,2026-10-04T16:02:16Z
121,42,12,166.6,resale,2026-10-04T16:02:16Z
106,27,3,273.7,resale,2026-10-04T16:02:16Z
106,27,4,273.7,resale,2026-10-04T16:02:16Z
148,45,3,276.08,resale,2026-10-04T16:02:16Z
148,45,4,276.08,resale,2026-10-04T16:02:16Z
104,18,5,119.0,resale,2026-10-04T16:02:16Z
104,18,6,119.0,resale,2026-10-04T16:02:16Z
104,18,7,119.0,resale,2026-10-04T16:02:16Z
104,18,8,119.0,resale,2026-10-04T16:02:16Z
124,20,11,95.2,resale,2026-10-04T16:02:16Z
124,20,12,95.2,resale,2026-10-04T16:02:16Z
146,37,5,127.33,resale,2026-10-04T16:02:16Z
146,37,6,127.33,resale,2026-10-04T16:02:16Z
335,2,11,89.25,resale,2026-10-04T16:02:16Z
335,2,12,89.25,resale,2026-10-04T16:02:16Z
203B,3,24,117.81,resale,2026-10-04T16:02:16Z
203B,3,25,117.81,resale,2026-10-04T16:02:16Z
208,6,11,238.0,resale,2026-10-04T16:02:16Z
208,6,12,238.0,resale,2026-10-04T16:02:16Z
218,2,9,649.35,resale,2026-10-04T16:02:16Z
218,2,10,649.35,resale,2026-10-04T16:02:16Z
121,33,3,89.25,resale,2026-10-04T16:02:16Z
121,33,4,89.25,resale,2026-10-04T16:02:16Z
121,33,5,89.25,resale,2026-10-04T16:02:16Z
121,33,6,89.25,resale,2026-10-04T16:02:16Z
237,5,13,238.0,resale,2026-10-04T16:02:16Z
237,5,14,238.0,resale,2026-10-04T16:02:16Z
341,15,22,99.96,resale,2026-10-04T16:02:16Z
341,15,23,99.96,resale,2026-10-04T16:02:16Z
129,12,1,229.67,resale,2026-10-04T16:02:16Z
129,12,2,229.67,resale,2026-10-04T16:02:16Z
228A,7,21,119.0,resale,2026-10-04T16:02:16Z
228A,7,22,119.0,resale,2026-10-04T16:02:16Z
123,31,28,119.0,resale,2026-10-04T16:02:16Z
123,31,29,119.0,resale,2026-10-04T16:02:16Z
117,8,7,348.67,resale,2026-10-04T16:02:16Z
117,8,8,348.67,resale,2026-10-04T16:02:16Z
117,8,9,348.67,resale,2026-10-04T16:02:16Z
117,8,10,348.67,resale,2026-10-04T16:02:16Z
101,15,13,94.01,resale,2026-10-04T16:02:16Z
101,15,14,94.01,resale,2026-10-04T16:02:16Z
348,25,23,71.4,resale,2026-10-04T16:02:16Z
348,25,24,71.4,resale,2026-10-04T16:02:16Z
205A,11,15,208.25,resale,2026-10-04T16:02:16Z
205A,11,16,208.25,resale,2026-10-04T16:02:16Z
205A,11,17,208.25,resale,2026-10-04T16:02:16Z
318,22,1,65.45,resale,2026-10-04T16:02:16Z
318,22,2,65.45,resale,2026-10-04T16:02:16Z
149,16,15,178.5,resale,2026-10-04T16:02:16Z
149,16,16,178.5,resale,2026-10-04T16:02:16Z
149,16,17,178.5,resale,2026-10-04T16:02:16Z
149,16,18,178.5,resale,2026-10-04T16:02:16Z
206A,12,16,71.4,resale,2026-10-04T16:02:16Z
206A,12,17,71.4,resale,2026-10-04T16:02:16Z
128,30,29,148.75,resale,2026-10-04T16:02:16Z
128,30,30,148.75,resale,2026-10-04T16:02:16Z
346,17,21,90.44,resale,2026-10-04T16:02:16Z
346,17,22,90.44,resale,2026-10-04T16:02:16Z
317,18,5,114.24,resale,2026-10-04T16:02:16Z
317,18,6,114.24,resale,2026-10-04T16:02:16Z
135,5,19,238.0,resale,2026-10-04T16:02:16Z
135,5,20,238.0,resale,2026-10-04T16:02:16Z
134,17,25,154.7,resale,2026-10-04T16:02:16Z
134,17,26,154.7,resale,2026-10-04T16:02:16Z
121,20,19,329.63,resale,2026-10-04T16:02:16Z
121,20,20,329.63,resale,2026-10-04T16:02:16Z
338,19,1,89.25,resale,2026-10-04T16:02:16Z
338,19,2,89.25,resale,2026-10-04T16:02:16Z
338,19,3,89.25,resale,2026-10-04T16:02:16Z
338,19,4,89.25,resale,2026-10-04T16:02:16Z
126,5,9,213.01,resale,2026-10-04T16:02:16Z
126,5,10,213.01,resale,2026-10-04T16:02:16Z
126,5,11,213.01,resale,2026-10-04T16:02:16Z
126,5,12,213.01,resale,2026-10-04T16:02:16Z
314,20,9,83.3,resale,2026-10-04T16:02:16Z
314,20,10,83.3,resale,2026-10-04T16:02:16Z
126,13,7,198.73,resale,2026-10-04T16:02:16Z
126,13,8,198.73,resale,2026-10-04T16:02:16Z
203A,3,18,178.5,resale,2026-10-04T16:02:16Z
203A,3,19,178.5,resale,2026-10-04T16:02:16Z
203A,3,20,178.5,resale,2026-10-04T16:02:16Z
203A,3,21,178.5,resale,2026-10-04T16:02:16Z
202B,13,3,89.25,resale,2026-10-04T16:02:16Z
202B,13,4,89.25,resale,2026-10-04T16:02:16Z
201,6,11,121.38,resale,2026-10-04T16:02:16Z
201,6,12,121.38,resale,2026-10-04T16:02:16Z
201,6,13,121.38,resale,2026-10-04T16:02:16Z
110,28,1,468.0,resale,2026-10-04T16:02:16Z
110,28,2,468.0,resale,2026-10-04T16:02:16Z
226,3,24,83.3,resale,2026-10-04T16:02:16Z
226,3,25,83.3,resale,2026-10-04T16:02:16Z
249B,5,15,70.21,resale,2026-10-04T16:02:16Z
249B,5,16,70.21,resale,2026-10-04T16:02:16Z
249B,5,17,70.21,resale,2026-10-04T16:02:16Z
246A,10,17,79.73,resale,2026-10-04T16:02:16Z
246A,10,18,79.73,resale,2026-10-04T16:02:16Z
106,16,9,101.15,resale,2026-10-04T16:02:16Z
106,16,10,101.15,resale,2026-10-04T16:02:16Z
140,29,7,141.61,resale,2026-10-04T16:02:16Z
140,29,8,141.61,resale,2026-10-04T16:02:16Z
221A,12,12,122.57,resale,2026-10-04T16:02:16Z
221A,12,13,122.57,resale,2026-10-04T16:02:16Z
340,22,12,69.02,resale,2026-10-04T16:02:16Z
340,22,13,69.02,resale,2026-10-04T16:02:16Z
115A,32,12,291.55,resale,2026-10-04T16:02:16Z
115A,32,13,291.55,resale,2026-10-04T16:02:16Z
318,13,3,59.5,resale,2026-10-04T16:02:16Z
318,13,4,59.5,resale,2026-10-04T16:02:16Z
320,13,9,128.52,resale,2026-10-04T16:02:16Z
320,13,10,128.52,resale,2026-10-04T16:02:16Z
320,13,11,128.52,resale,2026-10-04T16:02:16Z
320,13,12,128.52,resale,2026-10-04T16:02:16Z
129,45,21,119.0,resale,2026-10-04T16:02:16Z
129,45,22,119.0,resale,2026-10-04T16:02:16Z
134,32,26,279.65,resale,2026-10-04T16:02:16Z
134,32,27,279.65,resale,2026-10-04T16:02:16Z
228B,11,23,59.5,resale,2026-10-04T16:02:16Z
228B,11,24,59.5,resale,2026-10-04T16:02:16Z
123,32,31,89.25,resale,2026-10-04T16:02:16Z
123,32,32,89.25,resale,2026-10-04T16:02:16Z
249A,12,7,119.0,resale,2026-10-04T16:02:16Z
249A,12,8,119.0,resale,2026-10-04T16:02:16Z
226,1,18,113.05,resale,2026-10-04T16:02:16Z
226,1,19,113.05,resale,2026-10-04T16:02:16Z
226,1,20,113.05,resale,2026-10-04T16:02:16Z
226,1,21,113.05,resale,2026-10-04T16:02:16Z
319,26,5,115.43,resale,2026-10-04T16:02:16Z
319,26,6,115.43,resale,2026-10-04T16:02:16Z
338,8,1,114.24,resale,2026-10-04T16:02:16Z
338,8,2,114.24,resale,2026-10-04T16:02:16Z
207A,9,9,228.48,resale,2026-10-04T16:02:16Z
207A,9,10,228.48,resale,2026-10-04T16:02:16Z
128,14,19,113.05,resale,2026-10-04T16:02:16Z
128,14,20,113.05,resale,2026-10-04T16:02:16Z
117,30,19,238.0,resale,2026-10-04T16:02:16Z
117,30,20,238.0,resale,2026-10-04T16:02:16Z
227A,12,4,105.91,resale,2026-10-04T16:02:16Z
227A,12,5,105.91,resale,2026-10-04T16:02:16Z
227A,12,6,105.91,resale,2026-10-04T16:02:16Z
227A,12,7,105.91,resale,2026-10-04T16:02:16Z
348,15,26,71.4,resale,2026-10-04T16:02:16Z
348,15,27,71.4,resale,2026-10-04T16:02:16Z
104,31,13,160.65,resale,2026-10-04T16:02:16Z
104,31,14,160.65,resale,2026-10-04T16:02:16Z
203B,13,9,130.9,resale,2026-10-04T16:02:16Z
203B,13,10,130.9,resale,2026-10-04T16:02:16Z
203B,13,11,130.9,resale,2026-10-04T16:02:16Z
312,4,13,136.85,resale,2026-10-04T16:02:16Z
312,4,14,136.85,resale,2026-10-04T16:02:16Z
312,4,15,136.85,resale,2026-10-04T16:02:16Z
312,4,16,136.85,resale,2026-10-04T16:02:16Z
101,34,13,208.25,resale,2026-10-04T16:02:16Z
101,34,14,208.25,resale,2026-10-04T16:02:16Z
204,3,10,95.2,resale,2026-10-04T16:02:16Z
204,3,11,95.2,resale,2026-10-04T16:02:16Z
325,10,9,113.05,resale,2026-10-04T16:02:16Z
325,10,10,113.05,resale,2026-10-04T16:02:16Z
325,10,11,113.05,resale,2026-10-04T16:02:16Z
325,10,12,113.05,resale,2026-10-04T16:02:16Z
348,24,22,77.35,resale,2026-10-04T16:02:16Z
348,24,23,77.35,resale,2026-10-04T16:02:16Z
348,24,24,77.35,resale,2026-10-04T16:02:16Z
348,24,25,77.35,resale,2026-10-04T16:02:16Z
315,14,22,78.54,resale,2026-10-04T16:02:16Z
315,14,23,78.54,resale,2026-10-04T16:02:16Z
315,14,24,78.54,resale,2026-10-04T16:02:16Z
315,14,25,78.54,resale,2026-10-04T16:02:16Z
334,1,7,102.34,resale,2026-10-04T16:02:16Z
334,1,8,102.34,resale,2026-10-04T16:02:16Z
309,4,10,84.49,resale,2026-10-04T16:02:16Z
309,4,11,84.49,resale,2026-10-04T16:02:16Z
309,4,12,84.49,resale,2026-10-04T16:02:16Z
309,4,13,84.49,resale,2026-10-04T16:02:16Z
309,4,14,84.49,resale,2026-10-04T16:02:16Z
309,4,15,84.49,resale,2026-10-04T16:02:16Z
309,4,16,84.49,resale,2026-10-04T16:02:16Z
146,30,26,178.5,resale,2026-10-04T16:02:16Z
146,30,27,178.5,resale,2026-10-04T16:02:16Z
144,18,16,208.25,resale,2026-10-04T16:02:16Z
144,18,17,208.25,resale,2026-10-04T16:02:16Z
144,18,18,208.25,resale,2026-10-04T16:02:16Z
144,18,19,208.25,resale,2026-10-04T16:02:16Z
305,17,11,119.0,resale,2026-10-04T16:02:16Z
305,17,12,119.0,resale,2026-10-04T16:02:16Z
227A,8,13,136.85,resale,2026-10-04T16:02:16Z
227A,8,14,136.85,resale,2026-10-04T16:02:16Z
227A,8,15,136.85,resale,2026-10-04T16:02:16Z
227A,8,16,136.85,resale,2026-10-04T16:02:16Z
134,23,23,184.45,resale,2026-10-04T16:02:16Z
134,23,24,184.45,resale,2026-10-04T16:02:16Z
316,26,22,59.5,resale,2026-10-04T16:02:16Z
316,26,23,59.5,resale,2026-10-04T16:02:16Z
109,28,17,148.75,resale,2026-10-04T16:02:16Z
109,28,18,148.75,resale,2026-10-04T16:02:16Z
225B,17,21,85.68,resale,2026-10-04T16:02:16Z
225B,17,22,85.68,resale,2026-10-04T16:02:16Z
131,42,21,121.38,resale,2026-10-04T16:02:16Z
131,42,22,121.38,resale,2026-10-04T16:02:16Z
118,17,1,142.8,resale,2026-10-04T16:02:16Z
118,17,2,142.8,resale,2026-10-04T16:02:16Z
118,17,3,142.8,resale,2026-10-04T16:02:16Z
146,19,1,146.37,resale,2026-10-04T16:02:16Z
146,19,2,146.37,resale,2026-10-04T16:02:16Z
146,19,3,146.37,resale,2026-10-04T16:02:16Z
204,8,2,161.84,resale,2026-10-04T16:02:16Z
149,25,15,240.38,resale,2026-10-04T16:02:16Z
149,25,16,240.38,resale,2026-10-04T16:02:16Z
133,17,7,119.0,resale,2026-10-04T16:02:16Z
133,17,8,119.0,resale,2026-10-04T16:02:16Z
142,6,16,226.1,resale,2026-10-04T16:02:16Z
142,6,17,226.1,resale,2026-10-04T16:02:16Z
142,6,18,178.5,resale,2026-10-04T16:02:16Z
142,6,19,178.5,resale,2026-10-04T16:02:16Z
348,9,11,83.3,resale,2026-10-04T16:02:16Z
348,9,12,83.3,resale,2026-10-04T16:02:16Z
218,5,19,238.0,resale,2026-10-04T16:02:16Z
218,5,20,238.0,resale,2026-10-04T16:02:16Z
310,21,20,71.4,resale,2026-10-04T16:02:16Z
137,27,9,238.0,resale,2026-10-04T16:02:16Z
137,27,10,238.0,resale,2026-10-04T16:02:16Z
224B,3,19,71.4,resale,2026-10-04T16:02:16Z
224B,3,20,71.4,resale,2026-10-04T16:02:16Z
133,34,17,202.3,resale,2026-10-04T16:02:16Z
133,34,18,202.3,resale,2026-10-04T16:02:16Z
205A,9,17,184.45,resale,2026-10-04T16:02:16Z
205A,9,18,184.45,resale,2026-10-04T16:02:16Z
140,8,1,202.3,resale,2026-10-04T16:02:16Z
140,8,2,202.3,resale,2026-10-04T16:02:16Z
140,8,3,202.3,resale,2026-10-04T16:02:16Z
140,8,4,202.3,resale,2026-10-04T16:02:16Z
104,16,9,101.15,resale,2026-10-04T16:02:16Z
104,16,10,101.15,resale,2026-10-04T16:02:16Z
109,15,14,293.93,resale,2026-10-04T16:02:16Z
109,15,15,293.93,resale,2026-10-04T16:02:16Z
123,42,27,128.52,resale,2026-10-04T16:02:16Z
123,42,28,128.52,resale,2026-10-04T16:02:16Z
123,42,29,128.52,resale,2026-10-04T16:02:16Z
123,42,30,128.52,resale,2026-10-04T16:02:16Z
212,11,19,438.75,resale,2026-10-04T16:02:16Z
212,11,20,438.75,resale,2026-10-04T16:02:16Z
212,11,21,438.75,resale,2026-10-04T16:02:16Z
212,11,22,438.75,resale,2026-10-04T16:02:16Z
108,3,1,198.73,resale,2026-10-04T16:02:16Z
108,3,2,198.73,resale,2026-10-04T16:02:16Z
108,3,3,198.73,resale,2026-10-04T16:02:16Z
249B,4,24,88.06,resale,2026-10-04T16:02:16Z
249B,4,25,88.06,resale,2026-10-04T16:02:16Z
239,1,5,268.94,resale,2026-10-04T16:02:16Z
239,1,6,268.94,resale,2026-10-04T16:02:16Z
239,1,7,268.94,resale,2026-10-04T16:02:16Z
239,1,8,268.94,resale,2026-10-04T16:02:16Z
337,17,1,80.92,resale,2026-10-04T16:02:16Z
337,17,2,80.92,resale,2026-10-04T16:02:16Z
134,4,5,297.5,resale,2026-10-04T16:02:16Z
134,4,6,297.5,resale,2026-10-04T16:02:16Z
328,21,27,71.4,resale,2026-10-04T16:02:16Z
328,21,28,71.4,resale,2026-10-04T16:02:16Z
129,27,17,89.25,resale,2026-10-04T16:02:16Z
129,27,18,89.25,resale,2026-10-04T16:02:16Z
302,22,26,49.98,resale,2026-10-04T16:02:16Z
302,22,27,49.98,resale,2026-10-04T16:02:16Z
201,1,11,130.9,resale,2026-10-04T16:02:16Z
201,1,12,130.9,resale,2026-10-04T16:02:16Z
106,26,11,148.75,resale,2026-10-04T16:02:16Z
106,26,12,148.75,resale,2026-10-04T16:02:16Z
106,26,13,148.75,resale,2026-10-04T16:02:16Z
106,26,14,148.75,resale,2026-10-04T16:02:16Z
124,25,11,178.5,resale,2026-10-04T16:02:16Z
124,25,12,178.5,resale,2026-10-04T16:02:16Z
124,25,13,178.5,resale,2026-10-04T16:02:16Z
124,25,14,178.5,resale,2026-10-04T16:02:16Z
139,9,9,351.0,resale,2026-10-04T16:02:16Z
139,9,10,351.0,resale,2026-10-04T16:02:16Z
117,8,1,158.27,resale,2026-10-04T16:02:16Z
117,8,2,158.27,resale,2026-10-04T16:02:16Z
117,8,3,158.27,resale,2026-10-04T16:02:16Z
117,8,4,158.27,resale,2026-10-04T16:02:16Z
117,1,12,238.0,resale,2026-10-04T16:02:16Z
117,1,13,238.0,resale,2026-10-04T16:02:16Z
309,23,13,66.64,resale,2026-10-04T16:02:16Z
309,23,14,66.64,resale,2026-10-04T16:02:16Z
249A,3,7,179.69,resale,2026-10-04T16:02:16Z
249A,3,8,179.69,resale,2026-10-04T16:02:16Z
228B,18,21,136.85,resale,2026-10-04T16:02:16Z
228B,18,22,136.85,resale,2026-10-04T16:02:16Z
245C,1,1,351.05,resale,2026-10-04T16:02:16Z
245C,1,2,351.05,resale,2026-10-04T16:02:16Z
103,35,3,95.2,resale,2026-10-04T16:02:16Z
103,35,4,95.2,resale,2026-10-04T16:02:16Z
144,20,8,236.81,resale,2026-10-04T16:02:16Z
144,20,9,236.81,resale,2026-10-04T16:02:16Z
133,31,17,148.75,resale,2026-10-04T16:02:16Z
133,31,18,148.75,resale,2026-10-04T16:02:16Z
335,21,21,59.5,resale,2026-10-04T16:02:16Z
335,21,22,59.5,resale,2026-10-04T16:02:16Z
227B,7,9,83.3,resale,2026-10-04T16:02:16Z
227B,7,10,83.3,resale,2026-10-04T16:02:16Z
306,25,22,95.2,resale,2026-10-04T16:02:16Z
306,25,23,95.2,resale,2026-10-04T16:02:16Z
203B,10,21,232.05,resale,2026-10-04T16:02:16Z
203B,10,22,232.05,resale,2026-10-04T16:02:16Z
247A,3,13,133.28,resale,2026-10-04T16:02:16Z
247A,3,14,133.28,resale,2026-10-04T16:02:16Z
247A,3,15,133.28,resale,2026-10-04T16:02:16Z
247A,3,16,133.28,resale,2026-10-04T16:02:16Z
247A,3,17,133.28,resale,2026-10-04T16:02:16Z
247A,3,18,133.28,resale,2026-10-04T16:02:16Z
111A,20,9,238.0,resale,2026-10-04T16:02:16Z
111A,20,10,238.0,resale,2026-10-04T16:02:16Z
209,4,20,170.17,resale,2026-10-04T16:02:16Z
209,4,21,170.17,resale,2026-10-04T16:02:16Z
336,12,26,94.01,resale,2026-10-04T16:02:16Z
336,12,27,94.01,resale,2026-10-04T16:02:16Z
306,16,7,89.25,resale,2026-10-04T16:02:16Z
306,16,8,89.25,resale,2026-10-04T16:02:16Z
143,14,17,258.23,resale,2026-10-04T16:02:16Z
143,14,18,258.23,resale,2026-10-04T16:02:16Z
116,5,14,178.5,resale,2026-10-04T16:02:16Z
116,5,15,178.5,resale,2026-10-04T16:02:16Z
137,10,9,232.05,resale,2026-10-04T16:02:16Z
137,10,10,232.05,resale,2026-10-04T16:02:16Z
250B,17,7,142.8,resale,2026-10-04T16:02:16Z
250B,17,8,142.8,resale,2026-10-04T16:02:16Z
144,30,7,142.8,resale,2026-10-04T16:02:16Z
144,30,8,142.8,resale,2026-10-04T16:02:16Z
318,5,1,59.5,resale,2026-10-04T16:02:16Z
318,5,2,59.5,resale,2026-10-04T16:02:16Z
118,14,1,107.1,resale,2026-10-04T16:02:16Z
118,14,2,107.1,resale,2026-10-04T16:02:16Z
227B,14,21,89.25,resale,2026-10-04T16:02:16Z
227B,14,22,89.25,resale,2026-10-04T16:02:16Z
225B,5,11,111.86,resale,2026-10-04T16:02:16Z
225B,5,12,111.86,resale,2026-10-04T16:02:16Z
314,2,25,115.43,resale,2026-10-04T16:02:16Z
314,2,26,115.43,resale,2026-10-04T16:02:16Z
310,17,7,59.5,resale,2026-10-04T16:02:16Z
310,17,8,59.5,resale,2026-10-04T16:02:16Z
340,15,7,84.49,resale,2026-10-04T16:02:16Z
340,15,8,84.49,resale,2026-10-04T16:02:16Z
135,15,3,238.0,resale,2026-10-04T16:02:16Z
135,15,4,238.0,resale,2026-10-04T16:02:16Z
316,12,8,59.5,resale,2026-10-04T16:02:16Z
316,12,9,59.5,resale,2026-10-04T16:02:16Z
109,30,17,174.93,resale,2026-10-04T16:02:16Z
109,30,18,174.93,resale,2026-10-04T16:02:16Z
108,29,22,238.0,resale,2026-10-04T16:02:16Z
108,29,23,238.0,resale,2026-10-04T16:02:16Z
201,15,7,83.3,resale,2026-10-04T16:02:16Z
201,15,8,83.3,resale,2026-10-04T16:02:16Z
327,11,1,83.3,resale,2026-10-04T16:02:16Z
327,11,2,83.3,resale,2026-10-04T16:02:16Z
327,11,3,83.3,resale,2026-10-04T16:02:16Z
327,11,4,83.3,resale,2026-10-04T16:02:16Z
239,1,27,817.83,resale,2026-10-04T16:02:16Z
239,1,28,817.83,resale,2026-10-04T16:02:16Z
343,14,26,89.25,resale,2026-10-04T16:02:16Z
343,14,27,89.25,resale,2026-10-04T16:02:16Z
128,46,9,142.8,resale,2026-10-04T16:02:16Z
128,46,10,142.8,resale,2026-10-04T16:02:16Z
128,45,9,119.0,resale,2026-10-04T16:02:16Z
128,45,10,119.0,resale,2026-10-04T16:02:16Z
229,1,14,73.78,resale,2026-10-04T16:02:16Z
229,1,15,73.78,resale,2026-10-04T16:02:16Z
210,10,5,464.49,resale,2026-10-04T16:02:16Z
210,10,6,464.49,resale,2026-10-04T16:02:16Z
333,21,17,51.17,resale,2026-10-04T16:02:16Z
333,21,18,51.17,resale,2026-10-04T16:02:16Z
123,16,10,158.27,resale,2026-10-04T16:02:16Z
123,16,11,158.27,resale,2026-10-04T16:02:16Z
311,25,7,90.44,resale,2026-10-04T16:02:16Z
311,25,8,90.44,resale,2026-10-04T16:02:16Z
311,25,9,90.44,resale,2026-10-04T16:02:16Z
336,22,1,69.02,resale,2026-10-04T16:02:16Z
336,22,2,69.02,resale,2026-10-04T16:02:16Z
226,6,14,91.63,resale,2026-10-04T16:02:16Z
226,6,15,91.63,resale,2026-10-04T16:02:16Z
349,13,26,63.07,resale,2026-10-04T16:02:16Z
349,13,27,63.07,resale,2026-10-04T16:02:16Z
204,8,3,161.84,resale,2026-10-04T16:02:16Z
204,8,4,161.84,resale,2026-10-04T16:02:16Z
343,18,5,59.5,resale,2026-10-04T16:02:16Z
343,18,6,59.5,resale,2026-10-04T16:02:16Z
118,29,21,119.0,resale,2026-10-04T16:02:16Z
118,29,22,119.0,resale,2026-10-04T16:02:16Z
118,29,23,119.0,resale,2026-10-04T16:02:16Z
129,9,17,297.5,resale,2026-10-04T16:02:16Z
129,9,18,297.5,resale,2026-10-04T16:02:16Z
245A,3,1,95.2,resale,2026-10-04T16:02:16Z
245A,3,2,95.2,resale,2026-10-04T16:02:16Z
245A,3,3,95.2,resale,2026-10-04T16:02:16Z
245A,3,4,95.2,resale,2026-10-04T16:02:16Z
101,16,12,117.81,resale,2026-10-04T16:02:16Z
101,16,13,117.81,resale,2026-10-04T16:02:16Z
231A,4,8,128.52,resale,2026-10-04T16:02:16Z
231A,4,9,128.52,resale,2026-10-04T16:02:16Z
137,20,26,409.5,resale,2026-10-04T16:02:16Z
137,20,27,409.5,resale,2026-10-04T16:02:16Z
137,20,28,409.5,resale,2026-10-04T16:02:16Z
137,20,29,409.5,resale,2026-10-04T16:02:16Z
128,37,20,79.73,resale,2026-10-04T16:02:16Z
128,37,21,79.73,resale,2026-10-04T16:02:16Z
148,13,5,205.87,resale,2026-10-04T16:02:16Z
148,13,6,205.87,resale,2026-10-04T16:02:16Z
148,13,7,205.87,resale,2026-10-04T16:02:16Z
148,13,8,205.87,resale,2026-10-04T16:02:16Z
148,13,9,205.87,resale,2026-10-04T16:02:16Z
148,13,10,205.87,resale,2026-10-04T16:02:16Z
142,4,19,238.0,resale,2026-10-04T16:02:16Z
142,4,20,238.0,resale,2026-10-04T16:02:16Z
128,44,25,196.35,resale,2026-10-04T16:02:16Z
128,44,26,196.35,resale,2026-10-04T16:02:16Z
240,4,5,297.5,resale,2026-10-04T16:02:16Z
240,4,6,297.5,resale,2026-10-04T16:02:16Z
240,4,7,297.5,resale,2026-10-04T16:02:16Z
240,4,8,297.5,resale,2026-10-04T16:02:16Z
121,25,1,119.0,resale,2026-10-04T16:02:16Z
121,25,2,119.0,resale,2026-10-04T16:02:16Z
121,20,15,147.56,resale,2026-10-04T16:02:16Z
121,20,16,147.56,resale,2026-10-04T16:02:16Z
121,20,17,147.56,resale,2026-10-04T16:02:16Z
121,20,18,147.56,resale,2026-10-04T16:02:16Z
206A,11,9,89.25,resale,2026-10-04T16:02:16Z
206A,11,10,89.25,resale,2026-10-04T16:02:16Z
110,17,7,119.0,resale,2026-10-04T16:02:16Z
110,17,8,119.0,resale,2026-10-04T16:02:16Z
344,9,9,95.2,resale,2026-10-04T16:02:16Z
144,29,17,207.06,resale,2026-10-04T16:02:16Z
144,29,18,207.06,resale,2026-10-04T16:02:16Z
346,13,13,89.25,resale,2026-10-04T16:02:16Z
346,13,14,89.25,resale,2026-10-04T16:02:16Z
346,13,15,89.25,resale,2026-10-04T16:02:16Z
346,13,16,89.25,resale,2026-10-04T16:02:16Z
340,9,5,79.73,resale,2026-10-04T16:02:16Z
340,9,6,79.73,resale,2026-10-04T16:02:16Z
133,24,1,95.2,resale,2026-10-04T16:02:16Z
133,24,2,95.2,resale,2026-10-04T16:02:16Z
328,14,9,58.31,resale,2026-10-04T16:02:16Z
328,14,10,58.31,resale,2026-10-04T16:02:16Z
328,14,11,58.31,resale,2026-10-04T16:02:16Z
328,14,12,58.31,resale,2026-10-04T16:02:16Z
149,24,7,119.0,resale,2026-10-04T16:02:16Z
149,24,8,119.0,resale,2026-10-04T16:02:16Z
335,20,21,94.01,resale,2026-10-04T16:02:16Z
335,20,22,94.01,resale,2026-10-04T16:02:16Z
139,29,9,292.74,resale,2026-10-04T16:02:16Z
139,29,10,292.74,resale,2026-10-04T16:02:16Z
139,29,11,292.74,resale,2026-10-04T16:02:16Z
139,29,12,292.74,resale,2026-10-04T16:02:16Z
139,30,9,299.88,resale,2026-10-04T16:02:16Z
139,30,10,299.88,resale,2026-10-04T16:02:16Z
139,30,11,299.88,resale,2026-10-04T16:02:16Z
139,30,12,299.88,resale,2026-10-04T16:02:16Z
333,4,7,113.05,resale,2026-10-04T16:02:16Z
333,4,8,113.05,resale,2026-10-04T16:02:16Z
333,4,9,113.05,resale,2026-10-04T16:02:16Z
333,4,10,113.05,resale,2026-10-04T16:02:16Z
333,4,11,113.05,resale,2026-10-04T16:02:16Z
309,23,17,69.02,resale,2026-10-04T16:02:16Z
309,23,18,69.02,resale,2026-10-04T16:02:16Z
309,23,19,61.88,resale,2026-10-04T16:02:16Z
309,23,20,61.88,resale,2026-10-04T16:02:16Z
311,21,17,59.5,resale,2026-10-04T16:02:16Z
311,21,18,59.5,resale,2026-10-04T16:02:16Z
325,17,5,119.0,resale,2026-10-04T16:02:16Z
325,17,6,119.0,resale,2026-10-04T16:02:16Z
239,9,11,297.5,resale,2026-10-04T16:02:16Z
239,9,12,297.5,resale,2026-10-04T16:02:16Z
239,9,13,297.5,resale,2026-10-04T16:02:16Z
239,9,14,297.5,resale,2026-10-04T16:02:16Z
142,26,17,95.2,resale,2026-10-04T16:02:16Z
142,26,18,95.2,resale,2026-10-04T16:02:16Z
249B,6,19,119.0,resale,2026-10-04T16:02:16Z
249B,6,20,119.0,resale,2026-10-04T16:02:16Z
249B,6,21,119.0,resale,2026-10-04T16:02:16Z
249B,6,22,119.0,resale,2026-10-04T16:02:16Z
221A,5,11,166.6,resale,2026-10-04T16:02:16Z
221A,5,12,166.6,resale,2026-10-04T16:02:16Z
221A,5,13,166.6,resale,2026-10-04T16:02:16Z
221A,5,14,166.6,resale,2026-10-04T16:02:16Z
203B,4,17,172.55,resale,2026-10-04T16:02:16Z
203B,4,18,172.55,resale,2026-10-04T16:02:16Z
328,12,15,71.4,resale,2026-10-04T16:02:16Z
328,12,16,71.4,resale,2026-10-04T16:02:16Z
124,45,25,220.15,resale,2026-10-04T16:02:16Z
124,45,26,220.15,resale,2026-10-04T16:02:16Z
232C,12,8,290.36,resale,2026-10-04T16:02:16Z
232C,12,9,290.36,resale,2026-10-04T16:02:16Z
315,22,1,101.15,resale,2026-10-04T16:02:16Z
315,22,2,101.15,resale,2026-10-04T16:02:16Z
315,22,3,101.15,resale,2026-10-04T16:02:16Z
315,22,4,101.15,resale,2026-10-04T16:02:16Z
306,25,20,59.5,resale,2026-10-04T16:02:16Z
306,25,21,59.5,resale,2026-10-04T16:02:16Z
323,9,7,67.83,resale,2026-10-04T16:02:16Z
323,9,8,67.83,resale,2026-10-04T16:02:16Z
149,39,15,154.7,resale,2026-10-04T16:02:16Z
149,39,16,154.7,resale,2026-10-04T16:02:16Z
230A,12,7,107.1,resale,2026-10-04T16:02:16Z
230A,12,8,107.1,resale,2026-10-04T16:02:16Z
250A,11,22,107.1,resale,2026-10-04T16:02:16Z
250A,11,23,107.1,resale,2026-10-04T16:02:16Z
249B,10,15,89.25,resale,2026-10-04T16:02:16Z
249B,10,16,89.25,resale,2026-10-04T16:02:16Z
235,3,5,238.0,resale,2026-10-04T16:02:16Z
235,3,6,238.0,resale,2026-10-04T16:02:16Z
227A,4,5,89.25,resale,2026-10-04T16:02:16Z
227A,4,6,89.25,resale,2026-10-04T16:02:16Z
108,32,1,117.81,resale,2026-10-04T16:02:16Z
108,32,2,117.81,resale,2026-10-04T16:02:16Z
108,32,3,117.81,resale,2026-10-04T16:02:16Z
225B,4,24,178.5,resale,2026-10-04T16:02:16Z
225B,4,25,178.5,resale,2026-10-04T16:02:16Z
309,12,1,119.0,resale,2026-10-04T16:02:16Z
309,12,2,119.0,resale,2026-10-04T16:02:16Z
309,12,3,119.0,resale,2026-10-04T16:02:16Z
309,12,4,119.0,resale,2026-10-04T16:02:16Z
250A,7,1,124.95,resale,2026-10-04T16:02:16Z
250A,7,2,124.95,resale,2026-10-04T16:02:16Z
250A,7,3,124.95,resale,2026-10-04T16:02:16Z
250A,7,4,124.95,resale,2026-10-04T16:02:16Z
106,30,30,242.76,resale,2026-10-04T16:02:16Z
106,30,31,242.76,resale,2026-10-04T16:02:16Z
126,8,5,245.14,resale,2026-10-04T16:02:16Z
126,8,6,245.14,resale,2026-10-04T16:02:16Z
126,8,7,245.14,resale,2026-10-04T16:02:16Z
126,8,8,245.14,resale,2026-10-04T16:02:16Z
103,40,19,97.58,resale,2026-10-04T16:02:16Z
103,40,20,97.58,resale,2026-10-04T16:02:16Z
230A,9,7,148.75,resale,2026-10-04T16:02:16Z
230A,9,8,148.75,resale,2026-10-04T16:02:16Z
128,10,8,213.01,resale,2026-10-04T16:02:16Z
128,10,9,213.01,resale,2026-10-04T16:02:16Z
203B,9,9,154.7,resale,2026-10-04T16:02:16Z
203B,9,10,154.7,resale,2026-10-04T16:02:16Z
149,12,15,107.1,resale,2026-10-04T16:02:16Z
149,12,16,107.1,resale,2026-10-04T16:02:16Z
201,10,15,179.69,resale,2026-10-04T16:02:16Z
201,10,16,179.69,resale,2026-10-04T16:02:16Z
201,10,17,179.69,resale,2026-10-04T16:02:16Z
201,10,18,179.69,resale,2026-10-04T16:02:16Z
223,12,16,172.55,resale,2026-10-04T16:02:16Z
223,12,17,172.55,resale,2026-10-04T16:02:16Z
223,12,18,172.55,resale,2026-10-04T16:02:16Z
223,12,19,172.55,resale,2026-10-04T16:02:16Z
338,3,7,91.63,resale,2026-10-04T16:02:16Z
338,3,8,91.63,resale,2026-10-04T16:02:16Z
338,3,9,91.63,resale,2026-10-04T16:02:16Z
338,3,10,91.63,resale,2026-10-04T16:02:16Z
320,17,23,77.35,resale,2026-10-04T16:02:16Z
320,17,24,77.35,resale,2026-10-04T16:02:16Z
118,30,11,208.25,resale,2026-10-04T16:02:16Z
118,30,12,208.25,resale,2026-10-04T16:02:16Z
225B,4,20,119.0,resale,2026-10-04T16:02:16Z
225B,4,21,119.0,resale,2026-10-04T16:02:16Z
332,18,30,88.06,resale,2026-10-04T16:02:16Z
332,18,31,88.06,resale,2026-10-04T16:02:16Z
111A,13,11,205.87,resale,2026-10-04T16:02:16Z
111A,13,12,205.87,resale,2026-10-04T16:02:16Z
235,2,14,160.65,resale,2026-10-04T16:02:16Z
235,2,15,160.65,resale,2026-10-04T16:02:16Z
237,9,15,297.5,resale,2026-10-04T16:02:16Z
237,9,16,297.5,resale,2026-10-04T16:02:16Z
325,20,13,83.3,resale,2026-10-04T16:02:16Z
325,20,14,83.3,resale,2026-10-04T16:02:16Z
341,7,1,59.5,resale,2026-10-04T16:02:16Z
341,7,2,59.5,resale,2026-10-04T16:02:16Z
341,7,3,59.5,resale,2026-10-04T16:02:16Z
341,7,4,59.5,resale,2026-10-04T16:02:16Z
247A,10,5,101.15,resale,2026-10-04T16:02:16Z
247A,10,6,101.15,resale,2026-10-04T16:02:16Z
247A,10,7,101.15,resale,2026-10-04T16:02:16Z
247A,10,8,101.15,resale,2026-10-04T16:02:16Z
308,6,6,53.55,resale,2026-10-04T16:02:16Z
308,6,7,53.55,resale,2026-10-04T16:02:16Z
242,7,16,297.5,resale,2026-10-04T16:02:16Z
146,23,8,89.25,resale,2026-10-04T16:02:16Z
146,23,9,89.25,resale,2026-10-04T16:02:16Z
134,28,18,166.6,resale,2026-10-04T16:02:16Z
134,28,19,166.6,resale,2026-10-04T16:02:16Z
221A,11,20,89.25,resale,2026-10-04T16:02:16Z
221A,11,21,89.25,resale,2026-10-04T16:02:16Z
301,20,11,107.1,resale,2026-10-04T16:02:16Z
305,19,17,59.5,resale,2026-10-04T16:02:16Z
305,19,18,59.5,resale,2026-10-04T16:02:16Z
328,13,13,54.74,resale,2026-10-04T16:02:16Z
328,13,14,54.74,resale,2026-10-04T16:02:16Z
328,13,15,54.74,resale,2026-10-04T16:02:16Z
328,13,16,54.74,resale,2026-10-04T16:02:16Z
129,10,5,136.85,resale,2026-10-04T16:02:16Z
129,10,6,136.85,resale,2026-10-04T16:02:16Z
142,15,19,178.5,resale,2026-10-04T16:02:16Z
142,15,20,178.5,resale,2026-10-04T16:02:16Z
144,16,17,317.73,resale,2026-10-04T16:02:16Z
144,16,18,317.73,resale,2026-10-04T16:02:16Z
142,18,24,214.2,resale,2026-10-04T16:02:16Z
142,18,25,214.2,resale,2026-10-04T16:02:16Z
142,18,26,214.2,resale,2026-10-04T16:02:16Z
142,18,27,214.2,resale,2026-10-04T16:02:16Z
250B,14,11,63.07,resale,2026-10-04T16:02:16Z
210,13,13,238.0,resale,2026-10-04T16:02:16Z
210,13,14,238.0,resale,2026-10-04T16:02:16Z
345,6,3,113.05,resale,2026-10-04T16:02:16Z
345,6,4,113.05,resale,2026-10-04T16:02:16Z
345,6,5,113.05,resale,2026-10-04T16:02:16Z
345,6,6,113.05,resale,2026-10-04T16:02:16Z
103,10,19,189.21,resale,2026-10-04T16:02:16Z
103,10,20,189.21,resale,2026-10-04T16:02:16Z
309,5,1,119.0,resale,2026-10-04T16:02:16Z
309,5,2,119.0,resale,2026-10-04T16:02:16Z
308,3,15,107.1,resale,2026-10-04T16:02:16Z
308,3,16,107.1,resale,2026-10-04T16:02:16Z
312,4,25,59.5,resale,2026-10-04T16:02:16Z
312,4,26,59.5,resale,2026-10-04T16:02:16Z
143,14,9,322.49,resale,2026-10-04T16:02:16Z
143,14,10,322.49,resale,2026-10-04T16:02:16Z
143,14,11,322.49,resale,2026-10-04T16:02:16Z
143,14,12,322.49,resale,2026-10-04T16:02:16Z
116,30,17,297.5,resale,2026-10-04T16:02:16Z
116,30,18,297.5,resale,2026-10-04T16:02:16Z
316,14,20,130.9,resale,2026-10-04T16:02:16Z
316,14,21,130.9,resale,2026-10-04T16:02:16Z
316,14,22,130.9,resale,2026-10-04T16:02:16Z
316,14,23,130.9,resale,2026-10-04T16:02:16Z
116,15,13,214.2,resale,2026-10-04T16:02:16Z
116,15,14,214.2,resale,2026-10-04T16:02:16Z
116,15,15,214.2,resale,2026-10-04T16:02:16Z
116,15,16,214.2,resale,2026-10-04T16:02:16Z
146,29,5,119.0,resale,2026-10-04T16:02:16Z
146,29,6,119.0,resale,2026-10-04T16:02:16Z
224B,5,14,107.1,resale,2026-10-04T16:02:16Z
224B,5,15,107.1,resale,2026-10-04T16:02:16Z
227B,5,12,77.35,resale,2026-10-04T16:02:16Z
227B,5,13,77.35,resale,2026-10-04T16:02:16Z
131,4,5,172.55,resale,2026-10-04T16:02:16Z
131,4,6,172.55,resale,2026-10-04T16:02:16Z
329,18,23,53.55,resale,2026-10-04T16:02:16Z
329,18,24,53.55,resale,2026-10-04T16:02:16Z
217,6,19,462.15,resale,2026-10-04T16:02:16Z
217,6,20,462.15,resale,2026-10-04T16:02:16Z
203A,12,18,151.13,resale,2026-10-04T16:02:16Z
203A,12,19,151.13,resale,2026-10-04T16:02:16Z
349,12,25,59.5,resale,2026-10-04T16:02:16Z
349,12,26,59.5,resale,2026-10-04T16:02:16Z
302,23,9,83.3,resale,2026-10-04T16:02:16Z
302,23,10,83.3,resale,2026-10-04T16:02:16Z
221A,2,18,91.63,resale,2026-10-04T16:02:16Z
221A,2,19,91.63,resale,2026-10-04T16:02:16Z
221A,2,20,91.63,resale,2026-10-04T16:02:16Z
221A,2,21,91.63,resale,2026-10-04T16:02:16Z
204,8,21,117.81,resale,2026-10-04T16:02:16Z
204,8,22,117.81,resale,2026-10-04T16:02:16Z
140,27,29,339.15,resale,2026-10-04T16:02:16Z
140,27,30,339.15,resale,2026-10-04T16:02:16Z
142,18,28,208.25,resale,2026-10-04T16:02:16Z
142,18,29,208.25,resale,2026-10-04T16:02:16Z
142,18,30,208.25,resale,2026-10-04T16:02:16Z
142,18,31,208.25,resale,2026-10-04T16:02:16Z
133,22,8,148.75,resale,2026-10-04T16:02:16Z
335,12,18,65.45,resale,2026-10-04T16:02:16Z
335,12,19,65.45,resale,2026-10-04T16:02:16Z
335,12,20,65.45,resale,2026-10-04T16:02:16Z
335,12,21,65.45,resale,2026-10-04T16:02:16Z
341,18,9,79.73,resale,2026-10-04T16:02:16Z
341,18,10,79.73,resale,2026-10-04T16:02:16Z
339,2,15,52.36,resale,2026-10-04T16:02:16Z
339,2,16,52.36,resale,2026-10-04T16:02:16Z
339,2,17,52.36,resale,2026-10-04T16:02:16Z
339,2,18,52.36,resale,2026-10-04T16:02:16Z
126,3,20,216.58,resale,2026-10-04T16:02:16Z
126,3,21,216.58,resale,2026-10-04T16:02:16Z
126,3,22,216.58,resale,2026-10-04T16:02:16Z
333,19,1,69.02,resale,2026-10-04T16:02:16Z
333,19,2,69.02,resale,2026-10-04T16:02:16Z
135,1,5,339.15,resale,2026-10-04T16:02:16Z
135,1,6,339.15,resale,2026-10-04T16:02:16Z
103,19,3,258.23,resale,2026-10-04T16:02:16Z
103,19,4,258.23,resale,2026-10-04T16:02:16Z
228B,16,23,77.35,resale,2026-10-04T16:02:16Z
228B,16,24,77.35,resale,2026-10-04T16:02:16Z
143,31,1,337.96,resale,2026-10-04T16:02:16Z
143,31,2,337.96,resale,2026-10-04T16:02:16Z
332,15,5,64.26,resale,2026-10-04T16:02:16Z
332,15,6,64.26,resale,2026-10-04T16:02:16Z
129,15,7,130.9,resale,2026-10-04T16:02:16Z
129,15,8,130.9,resale,2026-10-04T16:02:16Z
129,15,9,130.9,resale,2026-10-04T16:02:16Z
218,9,7,142.8,resale,2026-10-04T16:02:16Z
218,9,8,142.8,resale,2026-10-04T16:02:16Z
319,13,7,115.43,resale,2026-10-04T16:02:16Z
319,13,8,115.43,resale,2026-10-04T16:02:16Z
212,2,22,490.23,resale,2026-10-04T16:02:16Z
212,2,23,490.23,resale,2026-10-04T16:02:16Z
244,1,5,148.75,resale,2026-10-04T16:02:16Z
244,1,6,148.75,resale,2026-10-04T16:02:16Z
335,8,9,59.5,resale,2026-10-04T16:02:16Z
335,8,10,59.5,resale,2026-10-04T16:02:16Z
338,6,5,130.9,resale,2026-10-04T16:02:16Z
338,6,6,130.9,resale,2026-10-04T16:02:16Z
227B,17,17,183.26,resale,2026-10-04T16:02:16Z
227B,17,18,183.26,resale,2026-10-04T16:02:16Z
227B,17,19,183.26,resale,2026-10-04T16:02:16Z
227B,17,20,183.26,resale,2026-10-04T16:02:16Z
249B,11,1,148.75,resale,2026-10-04T16:02:16Z
249B,11,2,148.75,resale,2026-10-04T16:02:16Z
148,24,20,108.29,resale,2026-10-04T16:02:16Z
134,16,26,160.65,resale,2026-10-04T16:02:16Z
134,16,27,160.65,resale,2026-10-04T16:02:16Z
110,7,1,216.58,resale,2026-10-04T16:02:16Z
110,7,2,216.58,resale,2026-10-04T16:02:16Z
110,7,3,216.58,resale,2026-10-04T16:02:16Z
110,7,4,216.58,resale,2026-10-04T16:02:16Z
215,6,1,351.05,resale,2026-10-04T16:02:16Z
215,6,2,351.05,resale,2026-10-04T16:02:16Z
333,6,9,89.25,resale,2026-10-04T16:02:16Z
333,6,10,89.25,resale,2026-10-04T16:02:16Z
148,41,10,192.78,resale,2026-10-04T16:02:16Z
148,41,11,192.78,resale,2026-10-04T16:02:16Z
148,41,12,192.78,resale,2026-10-04T16:02:16Z
148,41,13,192.78,resale,2026-10-04T16:02:16Z
316,4,1,113.05,resale,2026-10-04T16:02:16Z
316,4,2,113.05,resale,2026-10-04T16:02:16Z
104,40,9,77.35,resale,2026-10-04T16:02:16Z
104,40,10,77.35,resale,2026-10-04T16:02:16Z
104,40,11,77.35,resale,2026-10-04T16:02:16Z
104,40,12,77.35,resale,2026-10-04T16:02:16Z
326,23,17,77.35,resale,2026-10-04T16:02:16Z
326,23,18,77.35,resale,2026-10-04T16:02:16Z
326,23,19,77.35,resale,2026-10-04T16:02:16Z
326,23,20,77.35,resale,2026-10-04T16:02:16Z
250A,6,17,113.05,resale,2026-10-04T16:02:16Z
250A,6,18,113.05,resale,2026-10-04T16:02:16Z
228A,10,11,160.65,resale,2026-10-04T16:02:16Z
228A,10,12,160.65,resale,2026-10-04T16:02:16Z
248,6,12,103.53,resale,2026-10-04T16:02:16Z
248,6,13,103.53,resale,2026-10-04T16:02:16Z
306,21,27,77.35,resale,2026-10-04T16:02:16Z
306,21,28,77.35,resale,2026-10-04T16:02:16Z
304,23,4,71.4,resale,2026-10-04T16:02:16Z
304,23,5,71.4,resale,2026-10-04T16:02:16Z
225B,5,21,179.69,resale,2026-10-04T16:02:16Z
225B,5,22,179.69,resale,2026-10-04T16:02:16Z
225B,5,23,179.69,resale,2026-10-04T16:02:16Z
301,7,7,113.05,resale,2026-10-04T16:02:16Z
301,7,8,113.05,resale,2026-10-04T16:02:16Z
301,7,9,113.05,resale,2026-10-04T16:02:16Z
106,35,13,107.1,resale,2026-10-04T16:02:16Z
106,35,14,107.1,resale,2026-10-04T16:02:16Z
131,15,1,178.5,resale,2026-10-04T16:02:16Z
131,15,2,178.5,resale,2026-10-04T16:02:16Z
134,20,15,148.75,resale,2026-10-04T16:02:16Z
134,20,16,148.75,resale,2026-10-04T16:02:16Z
338,16,7,120.19,resale,2026-10-04T16:02:16Z
338,16,8,120.19,resale,2026-10-04T16:02:16Z
336,21,3,119.0,resale,2026-10-04T16:02:16Z
336,21,4,119.0,resale,2026-10-04T16:02:16Z
101,28,27,257.04,resale,2026-10-04T16:02:16Z
101,28,28,257.04,resale,2026-10-04T16:02:16Z
309,8,14,120.19,resale,2026-10-04T16:02:16Z
309,8,15,120.19,resale,2026-10-04T16:02:16Z
228A,1,9,160.65,resale,2026-10-04T16:02:16Z
228A,1,10,160.65,resale,2026-10-04T16:02:16Z
314,2,5,192.78,resale,2026-10-04T16:02:16Z
314,2,6,192.78,resale,2026-10-04T16:02:16Z
314,2,7,192.78,resale,2026-10-04T16:02:16Z
103,37,13,345.1,resale,2026-10-04T16:02:16Z
103,37,14,345.1,resale,2026-10-04T16:02:16Z
124,30,25,107.1,resale,2026-10-04T16:02:16Z
124,30,26,107.1,resale,2026-10-04T16:02:16Z
229,5,19,178.5,resale,2026-10-04T16:02:16Z
229,5,20,178.5,resale,2026-10-04T16:02:16Z
229,5,21,178.5,resale,2026-10-04T16:02:16Z
229,5,22,178.5,resale,2026-10-04T16:02:16Z
129,19,21,119.0,resale,2026-10-04T16:02:16Z
129,19,22,119.0,resale,2026-10-04T16:02:16Z
225B,6,19,119.0,resale,2026-10-04T16:02:16Z
225B,6,20,119.0,resale,2026-10-04T16:02:16Z
225B,6,21,119.0,resale,2026-10-04T16:02:16Z
124,10,7,190.4,resale,2026-10-04T16:02:16Z
124,10,8,190.4,resale,2026-10-04T16:02:16Z
124,10,9,190.4,resale,2026-10-04T16:02:16Z
124,10,10,190.4,resale,2026-10-04T16:02:16Z
228A,3,1,113.05,resale,2026-10-04T16:02:16Z
228A,3,2,113.05,resale,2026-10-04T16:02:16Z
228A,3,3,113.05,resale,2026-10-04T16:02:16Z
228A,3,4,113.05,resale,2026-10-04T16:02:16Z
144,11,3,91.63,resale,2026-10-04T16:02:16Z
144,11,4,91.63,resale,2026-10-04T16:02:16Z
323,15,11,80.92,resale,2026-10-04T16:02:16Z
323,15,12,80.92,resale,2026-10-04T16:02:16Z
323,15,13,80.92,resale,2026-10-04T16:02:16Z
144,2,9,208.25,resale,2026-10-04T16:02:16Z
144,2,10,208.25,resale,2026-10-04T16:02:16Z
224B,4,16,133.28,resale,2026-10-04T16:02:16Z
146,41,5,95.2,resale,2026-10-04T16:02:16Z
146,41,6,95.2,resale,2026-10-04T16:02:16Z
306,22,11,86.87,resale,2026-10-04T16:02:16Z
306,22,12,86.87,resale,2026-10-04T16:02:16Z
146,13,5,83.3,resale,2026-10-04T16:02:16Z
146,13,6,83.3,resale,2026-10-04T16:02:16Z
146,13,7,83.3,resale,2026-10-04T16:02:16Z
146,13,8,83.3,resale,2026-10-04T16:02:16Z
249B,2,13,119.0,resale,2026-10-04T16:02:16Z
249B,2,14,119.0,resale,2026-10-04T16:02:16Z
128,23,19,208.25,resale,2026-10-04T16:02:16Z
128,23,20,208.25,resale,2026-10-04T16:02:16Z
226,4,22,119.0,resale,2026-10-04T16:02:16Z
226,4,23,119.0,resale,2026-10-04T16:02:16Z
317,8,9,113.05,resale,2026-10-04T16:02:16Z
317,8,10,113.05,resale,2026-10-04T16:02:16Z
233,12,1,236.81,resale,2026-10-04T16:02:16Z
233,12,2,236.81,resale,2026-10-04T16:02:16Z
203B,7,9,113.05,resale,2026-10-04T16:02:16Z
203B,7,10,113.05,resale,2026-10-04T16:02:16Z
335,21,17,67.83,resale,2026-10-04T16:02:16Z
335,21,18,67.83,resale,2026-10-04T16:02:16Z
103,41,11,108.29,resale,2026-10-04T16:02:16Z
103,41,12,108.29,resale,2026-10-04T16:02:16Z
222A,12,10,148.75,resale,2026-10-04T16:02:16Z
222A,12,11,148.75,resale,2026-10-04T16:02:16Z
144,28,7,177.31,resale,2026-10-04T16:02:16Z
144,28,8,177.31,resale,2026-10-04T16:02:16Z
144,28,9,177.31,resale,2026-10-04T16:02:16Z
144,28,10,177.31,resale,2026-10-04T16:02:16Z
144,28,11,177.31,resale,2026-10-04T16:02:16Z
135,23,19,178.5,resale,2026-10-04T16:02:16Z
135,23,20,178.5,resale,2026-10-04T16:02:16Z
148,21,4,89.25,resale,2026-10-04T16:02:16Z
148,21,5,89.25,resale,2026-10-04T16:02:16Z
148,21,6,89.25,resale,2026-10-04T16:02:16Z
103,27,3,166.6,resale,2026-10-04T16:02:16Z
103,27,4,166.6,resale,2026-10-04T16:02:16Z
103,27,5,166.6,resale,2026-10-04T16:02:16Z
103,27,6,166.6,resale,2026-10-04T16:02:16Z
319,2,19,77.35,resale,2026-10-04T16:02:16Z
319,2,20,77.35,resale,2026-10-04T16:02:16Z
208,6,15,214.2,resale,2026-10-04T16:02:16Z
208,6,16,214.2,resale,2026-10-04T16:02:16Z
246A,1,11,97.58,resale,2026-10-04T16:02:16Z
246A,1,12,97.58,resale,2026-10-04T16:02:16Z
246A,1,13,97.58,resale,2026-10-04T16:02:16Z
246A,1,14,97.58,resale,2026-10-04T16:02:16Z
246A,1,15,97.58,resale,2026-10-04T16:02:16Z
246A,1,16,97.58,resale,2026-10-04T16:02:16Z
246A,1,17,97.58,resale,2026-10-04T16:02:16Z
246A,1,18,97.58,resale,2026-10-04T16:02:16Z
246A,1,19,97.58,resale,2026-10-04T16:02:16Z
246A,1,20,97.58,resale,2026-10-04T16:02:16Z
246A,1,21,97.58,resale,2026-10-04T16:02:16Z
139,27,11,386.1,resale,2026-10-04T16:02:16Z
139,27,12,386.1,resale,2026-10-04T16:02:16Z
250A,8,7,154.7,resale,2026-10-04T16:02:16Z
250A,8,8,154.7,resale,2026-10-04T16:02:16Z
308,1,5,119.0,resale,2026-10-04T16:02:16Z
308,1,6,119.0,resale,2026-10-04T16:02:16Z
308,1,7,119.0,resale,2026-10-04T16:02:16Z
308,1,8,119.0,resale,2026-10-04T16:02:16Z
140,7,11,409.5,resale,2026-10-04T16:02:16Z
140,7,12,409.5,resale,2026-10-04T16:02:16Z
140,7,13,409.5,resale,2026-10-04T16:02:16Z
140,7,14,409.5,resale,2026-10-04T16:02:16Z
347,13,22,73.78,resale,2026-10-04T16:02:16Z
347,13,23,73.78,resale,2026-10-04T16:02:16Z
325,10,5,83.3,resale,2026-10-04T16:02:16Z
325,10,6,83.3,resale,2026-10-04T16:02:16Z
320,10,9,89.25,resale,2026-10-04T16:02:16Z
320,10,10,89.25,resale,2026-10-04T16:02:16Z
317,15,9,55.93,resale,2026-10-04T16:02:16Z
317,15,10,55.93,resale,2026-10-04T16:02:16Z
104,28,28,119.0,resale,2026-10-04T16:02:16Z
249B,1,20,119.0,resale,2026-10-04T16:02:16Z
249B,1,21,119.0,resale,2026-10-04T16:02:16Z
203A,12,5,89.25,resale,2026-10-04T16:02:16Z
203A,12,6,89.25,resale,2026-10-04T16:02:16Z
143,23,7,152.32,resale,2026-10-04T16:02:16Z
143,23,8,152.32,resale,2026-10-04T16:02:16Z
116,35W,11,178.5,resale,2026-10-04T16:02:16Z
116,35W,12,178.5,resale,2026-10-04T16:02:16Z
116,35W,13,178.5,resale,2026-10-04T16:02:16Z
116,35W,14,178.5,resale,2026-10-04T16:02:16Z
144,2,11,166.6,resale,2026-10-04T16:02:16Z
144,2,12,166.6,resale,2026-10-04T16:02:16Z
144,2,13,166.6,resale,2026-10-04T16:02:16Z
248,12,6,59.5,resale,2026-10-04T16:02:16Z
248,12,7,59.5,resale,2026-10-04T16:02:16Z
116,6,5,224.91,resale,2026-10-04T16:02:16Z
116,6,6,224.91,resale,2026-10-04T16:02:16Z
116,6,7,224.91,resale,2026-10-04T16:02:16Z
116,6,8,224.91,resale,2026-10-04T16:02:16Z
244,3,15,409.5,resale,2026-10-04T16:02:16Z
244,3,16,409.5,resale,2026-10-04T16:02:16Z
345,8,3,89.25,resale,2026-10-04T16:02:16Z
345,8,4,89.25,resale,2026-10-04T16:02:16Z
345,8,5,89.25,resale,2026-10-04T16:02:16Z
345,8,6,89.25,resale,2026-10-04T16:02:16Z
146,17,17,117.81,resale,2026-10-04T16:02:16Z
146,17,18,117.81,resale,2026-10-04T16:02:16Z
146,17,19,117.81,resale,2026-10-04T16:02:16Z
305,25,10,57.12,resale,2026-10-04T16:02:16Z
305,25,11,57.12,resale,2026-10-04T16:02:16Z
131,3,1,409.5,resale,2026-10-04T16:02:16Z
131,3,2,409.5,resale,2026-10-04T16:02:16Z
129,9,13,148.75,resale,2026-10-04T16:02:16Z
129,9,14,148.75,resale,2026-10-04T16:02:16Z
219,8,1,351.0,resale,2026-10-04T16:02:16Z
219,8,2,351.0,resale,2026-10-04T16:02:16Z
219,8,7,351.0,resale,2026-10-04T16:02:16Z
219,8,8,351.0,resale,2026-10-04T16:02:16Z
219,8,9,351.0,resale,2026-10-04T16:02:16Z
219,8,10,351.0,resale,2026-10-04T16:02:16Z
243,5,1,273.7,resale,2026-10-04T16:02:16Z
243,5,2,273.7,resale,2026-10-04T16:02:16Z
228B,10,23,164.22,resale,2026-10-04T16:02:16Z
228B,10,24,164.22,resale,2026-10-04T16:02:16Z
228B,10,25,164.22,resale,2026-10-04T16:02:16Z
228B,10,26,164.22,resale,2026-10-04T16:02:16Z
327,15,5,82.11,resale,2026-10-04T16:02:16Z
327,15,6,82.11,resale,2026-10-04T16:02:16Z
146,44,1,238.0,resale,2026-10-04T16:02:16Z
146,44,2,238.0,resale,2026-10-04T16:02:16Z
146,44,3,238.0,resale,2026-10-04T16:02:16Z
146,44,4,238.0,resale,2026-10-04T16:02:16Z
312,19,15,148.75,resale,2026-10-04T16:02:16Z
312,19,16,148.75,resale,2026-10-04T16:02:16Z
131,33,27,92.82,resale,2026-10-04T16:02:16Z
131,33,28,92.82,resale,2026-10-04T16:02:16Z
315,2,5,124.95,resale,2026-10-04T16:02:16Z
315,3,5,132.09,resale,2026-10-04T16:02:16Z
139,18,7,309.4,resale,2026-10-04T16:02:16Z
139,18,8,309.4,resale,2026-10-04T16:02:16Z
139,18,9,309.4,resale,2026-10-04T16:02:16Z
139,18,10,309.4,resale,2026-10-04T16:02:16Z
146,33,25,148.75,resale,2026-10-04T16:02:16Z
146,33,26,148.75,resale,2026-10-04T16:02:16Z
146,33,27,148.75,resale,2026-10-04T16:02:16Z
244,9,21,148.75,resale,2026-10-04T16:02:16Z
244,9,22,148.75,resale,2026-10-04T16:02:16Z
244,9,23,148.75,resale,2026-10-04T16:02:16Z
244,9,24,148.75,resale,2026-10-04T16:02:16Z
335,1,17,59.5,resale,2026-10-04T16:02:16Z
335,1,18,59.5,resale,2026-10-04T16:02:16Z
229,3,1,196.35,resale,2026-10-04T16:02:16Z
229,3,2,196.35,resale,2026-10-04T16:02:16Z
229,3,3,196.35,resale,2026-10-04T16:02:16Z
229,3,4,196.35,resale,2026-10-04T16:02:16Z
335,7,9,83.3,resale,2026-10-04T16:02:16Z
335,7,10,83.3,resale,2026-10-04T16:02:16Z
117,16,3,214.2,resale,2026-10-04T16:02:16Z
117,16,4,214.2,resale,2026-10-04T16:02:16Z
235,7,3,297.5,resale,2026-10-04T16:02:16Z
235,7,4,297.5,resale,2026-10-04T16:02:16Z
235,7,1,351.0,resale,2026-10-04T16:02:16Z
235,7,2,351.0,resale,2026-10-04T16:02:16Z
249B,15,19,88.06,resale,2026-10-04T16:02:16Z
249B,15,20,88.06,resale,2026-10-04T16:02:16Z
345,15,11,102.34,resale,2026-10-04T16:02:16Z
345,15,12,102.34,resale,2026-10-04T16:02:16Z
237,11,17,466.83,resale,2026-10-04T16:02:16Z
237,11,18,466.83,resale,2026-10-04T16:02:16Z
237,11,19,466.83,resale,2026-10-04T16:02:16Z
237,11,20,466.83,resale,2026-10-04T16:02:16Z
231A,6,5,101.15,resale,2026-10-04T16:02:16Z
231A,6,6,101.15,resale,2026-10-04T16:02:16Z
311,23,3,59.5,resale,2026-10-04T16:02:16Z
311,23,4,59.5,resale,2026-10-04T16:02:16Z
309,6,3,63.07,resale,2026-10-04T16:02:16Z
309,6,4,63.07,resale,2026-10-04T16:02:16Z
315,4,13,166.6,resale,2026-10-04T16:02:16Z
315,4,14,166.6,resale,2026-10-04T16:02:16Z
131,39,1,198.73,resale,2026-10-04T16:02:16Z
131,39,2,198.73,resale,2026-10-04T16:02:16Z
131,39,3,198.73,resale,2026-10-04T16:02:16Z
131,39,4,198.73,resale,2026-10-04T16:02:16Z
314,3,7,77.35,resale,2026-10-04T16:02:16Z
314,3,8,77.35,resale,2026-10-04T16:02:16Z
302,22,24,65.45,resale,2026-10-04T16:02:16Z
302,22,25,65.45,resale,2026-10-04T16:02:16Z
330,23,22,65.45,resale,2026-10-04T16:02:16Z
330,23,23,65.45,resale,2026-10-04T16:02:16Z
330,23,24,65.45,resale,2026-10-04T16:02:16Z
330,23,25,65.45,resale,2026-10-04T16:02:16Z
305,26,19,53.55,resale,2026-10-04T16:02:16Z
305,26,20,53.55,resale,2026-10-04T16:02:16Z
113,14,25,585.0,resale,2026-10-04T16:02:16Z
113,14,26,585.0,resale,2026-10-04T16:02:16Z
223,10,11,119.0,resale,2026-10-04T16:02:16Z
223,10,12,119.0,resale,2026-10-04T16:02:16Z
223,10,13,119.0,resale,2026-10-04T16:02:16Z
223,10,14,119.0,resale,2026-10-04T16:02:16Z
124,24,23,117.81,resale,2026-10-04T16:02:16Z
333,2,5,178.5,resale,2026-10-04T16:02:16Z
333,2,6,178.5,resale,2026-10-04T16:02:16Z
129,31,7,83.3,resale,2026-10-04T16:02:16Z
129,31,8,83.3,resale,2026-10-04T16:02:16Z
129,31,9,83.3,resale,2026-10-04T16:02:16Z
129,31,10,83.3,resale,2026-10-04T16:02:16Z
128,35,23,119.0,resale,2026-10-04T16:02:16Z
128,35,24,119.0,resale,2026-10-04T16:02:16Z
336,6,15,83.3,resale,2026-10-04T16:02:16Z
336,6,16,83.3,resale,2026-10-04T16:02:16Z
337,10,15,89.25,resale,2026-10-04T16:02:16Z
337,10,16,89.25,resale,2026-10-04T16:02:16Z
337,10,17,89.25,resale,2026-10-04T16:02:16Z
337,10,18,89.25,resale,2026-10-04T16:02:16Z
345,6,7,77.35,resale,2026-10-04T16:02:16Z
345,6,8,77.35,resale,2026-10-04T16:02:16Z
149,23,5,107.1,resale,2026-10-04T16:02:16Z
149,23,6,107.1,resale,2026-10-04T16:02:16Z
128,18,3,119.0,resale,2026-10-04T16:02:16Z
128,18,4,119.0,resale,2026-10-04T16:02:16Z
117,18,9,238.0,resale,2026-10-04T16:02:16Z
117,18,10,238.0,resale,2026-10-04T16:02:16Z
205A,9,11,117.81,resale,2026-10-04T16:02:16Z
205A,9,12,117.81,resale,2026-10-04T16:02:16Z
205A,9,13,117.81,resale,2026-10-04T16:02:16Z
139,17,15,255.85,resale,2026-10-04T16:02:16Z
139,17,16,255.85,resale,2026-10-04T16:02:16Z
117,13,21,238.0,resale,2026-10-04T16:02:16Z
117,13,22,238.0,resale,2026-10-04T16:02:16Z
310,13,14,95.2,resale,2026-10-04T16:02:16Z
310,13,15,95.2,resale,2026-10-04T16:02:16Z
101,24,19,178.5,resale,2026-10-04T16:02:16Z
101,24,20,178.5,resale,2026-10-04T16:02:16Z
126,39,25,95.2,resale,2026-10-04T16:02:16Z
126,39,26,95.2,resale,2026-10-04T16:02:16Z
111A,34,9,285.6,resale,2026-10-04T16:02:16Z
111A,34,10,285.6,resale,2026-10-04T16:02:16Z
134,28,1,202.3,resale,2026-10-04T16:02:16Z
134,28,2,202.3,resale,2026-10-04T16:02:16Z
134,28,3,202.3,resale,2026-10-04T16:02:16Z
134,28,4,202.3,resale,2026-10-04T16:02:16Z
134,23,7,148.75,resale,2026-10-04T16:02:16Z
134,23,8,148.75,resale,2026-10-04T16:02:16Z
134,23,9,148.75,resale,2026-10-04T16:02:16Z
134,23,10,148.75,resale,2026-10-04T16:02:16Z
134,23,11,148.75,resale,2026-10-04T16:02:16Z
134,23,12,148.75,resale,2026-10-04T16:02:16Z
227B,8,15,113.05,resale,2026-10-04T16:02:16Z
227B,8,16,113.05,resale,2026-10-04T16:02:16Z
142,4,29,238.0,resale,2026-10-04T16:02:16Z
142,4,30,238.0,resale,2026-10-04T16:02:16Z
337,15,13,65.45,resale,2026-10-04T16:02:16Z
337,15,14,65.45,resale,2026-10-04T16:02:16Z
128,26,7,178.5,resale,2026-10-04T16:02:16Z
128,26,8,178.5,resale,2026-10-04T16:02:16Z
134,19,5,305.83,resale,2026-10-04T16:02:16Z
134,19,6,305.83,resale,2026-10-04T16:02:16Z
101,21,25,119.0,resale,2026-10-04T16:02:16Z
101,21,26,119.0,resale,2026-10-04T16:02:16Z
101,21,27,119.0,resale,2026-10-04T16:02:16Z
101,21,28,119.0,resale,2026-10-04T16:02:16Z
249A,1,17,119.0,resale,2026-10-04T16:02:16Z
249A,1,18,119.0,resale,2026-10-04T16:02:16Z
249A,1,19,119.0,resale,2026-10-04T16:02:16Z
337,3,1,127.33,resale,2026-10-04T16:02:16Z
337,3,2,127.33,resale,2026-10-04T16:02:16Z
118,33,15,148.75,resale,2026-10-04T16:02:16Z
118,33,16,148.75,resale,2026-10-04T16:02:16Z
121,35,4,119.0,resale,2026-10-04T16:02:16Z
121,35,5,119.0,resale,2026-10-04T16:02:16Z
227B,16,9,119.0,resale,2026-10-04T16:02:16Z
227B,16,10,119.0,resale,2026-10-04T16:02:16Z
118,19,1,585.0,resale,2026-10-04T16:02:16Z
118,19,2,585.0,resale,2026-10-04T16:02:16Z
144,33,9,119.0,resale,2026-10-04T16:02:16Z
144,33,10,119.0,resale,2026-10-04T16:02:16Z
304,19,25,76.16,resale,2026-10-04T16:02:16Z
304,19,26,76.16,resale,2026-10-04T16:02:16Z
304,19,27,76.16,resale,2026-10-04T16:02:16Z
304,19,28,76.16,resale,2026-10-04T16:02:16Z
103,30,29,119.0,resale,2026-10-04T16:02:16Z
103,30,30,119.0,resale,2026-10-04T16:02:16Z
128,26,20,107.1,resale,2026-10-04T16:02:16Z
128,26,21,107.1,resale,2026-10-04T16:02:16Z
118,21,11,170.17,resale,2026-10-04T16:02:16Z
118,21,12,170.17,resale,2026-10-04T16:02:16Z
219,5,5,208.25,resale,2026-10-04T16:02:16Z
219,5,6,208.25,resale,2026-10-04T16:02:16Z
103,41,5,83.3,resale,2026-10-04T16:02:16Z
103,41,6,83.3,resale,2026-10-04T16:02:16Z
312,26,17,107.1,resale,2026-10-04T16:02:16Z
312,26,18,107.1,resale,2026-10-04T16:02:16Z
139,28,12,238.0,resale,2026-10-04T16:02:16Z
139,28,13,238.0,resale,2026-10-04T16:02:16Z
302,15,1,59.5,resale,2026-10-04T16:02:16Z
302,15,2,59.5,resale,2026-10-04T16:02:16Z
302,15,3,59.5,resale,2026-10-04T16:02:16Z
302,15,4,59.5,resale,2026-10-04T16:02:16Z
124,17,5,89.25,resale,2026-10-04T16:02:16Z
124,17,6,89.25,resale,2026-10-04T16:02:16Z
203B,7,1,82.11,resale,2026-10-04T16:02:16Z
203B,7,2,82.11,resale,2026-10-04T16:02:16Z
301,12,13,53.55,resale,2026-10-04T16:02:16Z
301,12,14,53.55,resale,2026-10-04T16:02:16Z
203B,14,21,89.25,resale,2026-10-04T16:02:16Z
203B,14,22,89.25,resale,2026-10-04T16:02:16Z
330,24,11,71.4,resale,2026-10-04T16:02:16Z
330,24,12,71.4,resale,2026-10-04T16:02:16Z
227B,6,8,214.2,resale,2026-10-04T16:02:16Z
121,41,27,148.75,resale,2026-10-04T16:02:16Z
121,41,28,148.75,resale,2026-10-04T16:02:16Z
316,18,26,71.4,resale,2026-10-04T16:02:16Z
316,18,27,71.4,resale,2026-10-04T16:02:16Z
231A,7,3,119.0,resale,2026-10-04T16:02:16Z
231A,7,4,119.0,resale,2026-10-04T16:02:16Z
126,19,22,208.25,resale,2026-10-04T16:02:16Z
224A,10,10,119.0,resale,2026-10-04T16:02:16Z
224A,10,11,119.0,resale,2026-10-04T16:02:16Z
224A,10,12,119.0,resale,2026-10-04T16:02:16Z
224A,10,13,119.0,resale,2026-10-04T16:02:16Z
328,8,5,76.16,resale,2026-10-04T16:02:16Z
328,8,6,76.16,resale,2026-10-04T16:02:16Z
129,14,3,142.8,resale,2026-10-04T16:02:16Z
129,14,4,142.8,resale,2026-10-04T16:02:16Z
118,33,17,148.75,resale,2026-10-04T16:02:16Z
118,33,18,148.75,resale,2026-10-04T16:02:16Z
118,33,19,148.75,resale,2026-10-04T16:02:16Z
118,33,20,148.75,resale,2026-10-04T16:02:16Z
148,20,9,148.75,resale,2026-10-04T16:02:16Z
148,20,10,148.75,resale,2026-10-04T16:02:16Z
148,20,11,148.75,resale,2026-10-04T16:02:16Z
148,20,12,148.75,resale,2026-10-04T16:02:16Z
337,4,15,130.9,resale,2026-10-04T16:02:16Z
337,4,16,130.9,resale,2026-10-04T16:02:16Z
137,11,19,360.36,resale,2026-10-04T16:02:16Z
137,11,20,360.36,resale,2026-10-04T16:02:16Z
223,10,1,107.1,resale,2026-10-04T16:02:16Z
223,10,2,107.1,resale,2026-10-04T16:02:16Z
341,19,3,127.33,resale,2026-10-04T16:02:16Z
341,19,4,127.33,resale,2026-10-04T16:02:16Z
341,19,5,127.33,resale,2026-10-04T16:02:16Z
341,19,6,127.33,resale,2026-10-04T16:02:16Z
116,5,16,148.75,resale,2026-10-04T16:02:16Z
116,5,17,148.75,resale,2026-10-04T16:02:16Z
207A,8,9,142.8,resale,2026-10-04T16:02:16Z
244,1,3,178.5,resale,2026-10-04T16:02:16Z
244,1,4,178.5,resale,2026-10-04T16:02:16Z
312,21,11,83.3,resale,2026-10-04T16:02:16Z
312,21,12,83.3,resale,2026-10-04T16:02:16Z
243,4,7,130.9,resale,2026-10-04T16:02:16Z
243,4,8,130.9,resale,2026-10-04T16:02:16Z
248,3,15,117.81,resale,2026-10-04T16:02:16Z
248,2,15,178.5,resale,2026-10-04T16:02:16Z
325,8,13,59.5,resale,2026-10-04T16:02:16Z
325,8,14,59.5,resale,2026-10-04T16:02:16Z
346,7,3,59.5,resale,2026-10-04T16:02:16Z
346,7,4,59.5,resale,2026-10-04T16:02:16Z
115C,10,11,819.0,resale,2026-10-04T16:02:16Z
115C,10,12,819.0,resale,2026-10-04T16:02:16Z
115C,10,13,819.0,resale,2026-10-04T16:02:16Z
115C,10,14,819.0,resale,2026-10-04T16:02:16Z
106,29,19,178.5,resale,2026-10-04T16:02:16Z
106,29,20,178.5,resale,2026-10-04T16:02:16Z
146,40,24,119.0,resale,2026-10-04T16:02:16Z
146,40,25,119.0,resale,2026-10-04T16:02:16Z
146,40,26,119.0,resale,2026-10-04T16:02:16Z
146,19,8,190.4,resale,2026-10-04T16:02:16Z
146,19,9,190.4,resale,2026-10-04T16:02:16Z
204,1,15,178.5,resale,2026-10-04T16:02:16Z
204,1,16,178.5,resale,2026-10-04T16:02:16Z
213,9,3,148.75,resale,2026-10-04T16:02:16Z
213,9,4,148.75,resale,2026-10-04T16:02:16Z
124,31,29,119.0,resale,2026-10-04T16:02:16Z
124,31,30,119.0,resale,2026-10-04T16:02:16Z
124,31,31,119.0,resale,2026-10-04T16:02:16Z
203B,15,9,59.5,resale,2026-10-04T16:02:16Z
203B,15,10,59.5,resale,2026-10-04T16:02:16Z
248,2,18,77.35,resale,2026-10-04T16:02:16Z
248,2,19,77.35,resale,2026-10-04T16:02:16Z
247A,11,1,99.96,resale,2026-10-04T16:02:16Z
247A,11,2,99.96,resale,2026-10-04T16:02:16Z
225B,17,16,119.0,resale,2026-10-04T16:02:16Z
338,11,5,92.82,resale,2026-10-04T16:02:16Z
338,11,6,92.82,resale,2026-10-04T16:02:16Z
303,16,1,59.5,resale,2026-10-04T16:02:16Z
303,16,2,59.5,resale,2026-10-04T16:02:16Z
303,16,3,59.5,resale,2026-10-04T16:02:16Z
309,17,10,57.12,resale,2026-10-04T16:02:16Z
309,17,11,57.12,resale,2026-10-04T16:02:16Z
215,11,15,409.5,resale,2026-10-04T16:02:16Z
215,11,16,409.5,resale,2026-10-04T16:02:16Z
135,23,21,178.5,resale,2026-10-04T16:02:16Z
135,23,22,178.5,resale,2026-10-04T16:02:16Z
135,1,9,468.0,resale,2026-10-04T16:02:16Z
135,1,10,468.0,resale,2026-10-04T16:02:16Z
135,1,11,468.0,resale,2026-10-04T16:02:16Z
302,23,1,89.25,resale,2026-10-04T16:02:16Z
302,23,2,89.25,resale,2026-10-04T16:02:16Z
227A,2,18,148.75,resale,2026-10-04T16:02:16Z
227A,2,19,148.75,resale,2026-10-04T16:02:16Z
227A,2,20,148.75,resale,2026-10-04T16:02:16Z
227A,2,21,148.75,resale,2026-10-04T16:02:16Z
121,5,3,214.2,resale,2026-10-04T16:02:16Z
121,5,4,214.2,resale,2026-10-04T16:02:16Z
121,5,5,214.2,resale,2026-10-04T16:02:16Z
121,5,6,214.2,resale,2026-10-04T16:02:16Z
121,5,7,214.2,resale,2026-10-04T16:02:16Z
323,9,17,64.26,resale,2026-10-04T16:02:16Z
323,9,18,64.26,resale,2026-10-04T16:02:16Z
111C,14,10,468.0,resale,2026-10-04T16:02:16Z
305,22,1,53.55,resale,2026-10-04T16:02:16Z
305,22,2,53.55,resale,2026-10-04T16:02:16Z
250A,6,19,86.87,resale,2026-10-04T16:02:16Z
250A,6,20,86.87,resale,2026-10-04T16:02:16Z
228A,10,22,89.25,resale,2026-10-04T16:02:16Z
228A,10,23,89.25,resale,2026-10-04T16:02:16Z
218,9,21,404.82,resale,2026-10-04T16:02:16Z
218,9,22,404.82,resale,2026-10-04T16:02:16Z
305,13,1,84.49,resale,2026-10-04T16:02:16Z
305,13,2,84.49,resale,2026-10-04T16:02:16Z
339,13,17,86.87,resale,2026-10-04T16:02:16Z
339,13,18,86.87,resale,2026-10-04T16:02:16Z
339,13,19,86.87,resale,2026-10-04T16:02:16Z
339,13,20,86.87,resale,2026-10-04T16:02:16Z
312,19,9,83.3,resale,2026-10-04T16:02:16Z
312,19,10,83.3,resale,2026-10-04T16:02:16Z
128,40,1,205.87,resale,2026-10-04T16:02:16Z
128,40,2,205.87,resale,2026-10-04T16:02:16Z
124,1,16,105.91,resale,2026-10-04T16:02:16Z
124,1,17,105.91,resale,2026-10-04T16:02:16Z
318,1,1,61.88,resale,2026-10-04T16:02:16Z
318,1,2,61.88,resale,2026-10-04T16:02:16Z
103,37,7,196.35,resale,2026-10-04T16:02:16Z
103,37,8,196.35,resale,2026-10-04T16:02:16Z
344,16,1,59.5,resale,2026-10-04T16:02:16Z
344,16,2,59.5,resale,2026-10-04T16:02:16Z
344,16,3,59.5,resale,2026-10-04T16:02:16Z
344,16,4,59.5,resale,2026-10-04T16:02:16Z
146,32,5,132.09,resale,2026-10-04T16:02:16Z
146,32,6,132.09,resale,2026-10-04T16:02:16Z
148,32,25,119.0,resale,2026-10-04T16:02:16Z
148,32,26,119.0,resale,2026-10-04T16:02:16Z
116,14,17,405.99,resale,2026-10-04T16:02:16Z
116,14,18,405.99,resale,2026-10-04T16:02:16Z
321,6,15,65.45,resale,2026-10-04T16:02:16Z
321,6,16,65.45,resale,2026-10-04T16:02:16Z
250B,12,10,149.94,resale,2026-10-04T16:02:16Z
250B,12,11,149.94,resale,2026-10-04T16:02:16Z
250B,12,12,149.94,resale,2026-10-04T16:02:16Z
250B,12,13,149.94,resale,2026-10-04T16:02:16Z
227A,7,17,249.9,resale,2026-10-04T16:02:16Z
227A,7,18,249.9,resale,2026-10-04T16:02:16Z
227A,7,19,249.9,resale,2026-10-04T16:02:16Z
201,5,17,71.4,resale,2026-10-04T16:02:16Z
201,5,18,71.4,resale,2026-10-04T16:02:16Z
224B,6,23,70.21,resale,2026-10-04T16:02:16Z
224B,6,24,70.21,resale,2026-10-04T16:02:16Z
224B,6,25,70.21,resale,2026-10-04T16:02:16Z
310,20,8,91.63,resale,2026-10-04T16:02:16Z
310,20,9,91.63,resale,2026-10-04T16:02:16Z
310,20,10,91.63,resale,2026-10-04T16:02:16Z
310,20,11,91.63,resale,2026-10-04T16:02:16Z
315,22,26,94.01,resale,2026-10-04T16:02:16Z
315,22,27,94.01,resale,2026-10-04T16:02:16Z
315,22,28,94.01,resale,2026-10-04T16:02:16Z
118,22,21,154.7,resale,2026-10-04T16:02:16Z
118,22,22,154.7,resale,2026-10-04T16:02:16Z
142,24,1,249.9,resale,2026-10-04T16:02:16Z
142,24,2,249.9,resale,2026-10-04T16:02:16Z
142,24,3,249.9,resale,2026-10-04T16:02:16Z
142,24,4,249.9,resale,2026-10-04T16:02:16Z
207A,15,3,184.45,resale,2026-10-04T16:02:16Z
207A,15,4,184.45,resale,2026-10-04T16:02:16Z
249A,5,10,178.5,resale,2026-10-04T16:02:16Z
106,45,30,211.82,resale,2026-10-04T16:02:16Z
106,45,31,211.82,resale,2026-10-04T16:02:16Z
232A,12,7,77.35,resale,2026-10-04T16:02:16Z
232A,12,8,77.35,resale,2026-10-04T16:02:16Z
216,2,5,148.75,resale,2026-10-04T16:02:16Z
216,2,6,148.75,resale,2026-10-04T16:02:16Z
343,9,9,119.0,resale,2026-10-04T16:02:16Z
343,9,10,119.0,resale,2026-10-04T16:02:16Z
101,37,21,119.0,resale,2026-10-04T16:02:16Z
101,37,22,119.0,resale,2026-10-04T16:02:16Z
222A,8,3,184.45,resale,2026-10-04T16:02:16Z
222A,8,4,184.45,resale,2026-10-04T16:02:16Z
103,32,30,166.6,resale,2026-10-04T16:02:16Z
103,32,31,166.6,resale,2026-10-04T16:02:16Z
205A,4,9,119.0,resale,2026-10-04T16:02:16Z
205A,4,10,119.0,resale,2026-10-04T16:02:16Z
205A,4,11,119.0,resale,2026-10-04T16:02:16Z
205A,4,12,119.0,resale,2026-10-04T16:02:16Z
341,2,11,111.86,resale,2026-10-04T16:02:16Z
341,2,12,111.86,resale,2026-10-04T16:02:16Z
341,2,13,111.86,resale,2026-10-04T16:02:16Z
341,2,14,111.86,resale,2026-10-04T16:02:16Z
240,6,23,258.23,resale,2026-10-04T16:02:16Z
240,6,24,258.23,resale,2026-10-04T16:02:16Z
226,11,13,59.5,resale,2026-10-04T16:02:16Z
226,11,14,59.5,resale,2026-10-04T16:02:16Z
249A,4,11,82.11,resale,2026-10-04T16:02:16Z
249A,4,12,82.11,resale,2026-10-04T16:02:16Z
212,1,7,297.5,resale,2026-10-04T16:02:16Z
212,1,8,297.5,resale,2026-10-04T16:02:16Z
139,18,21,224.91,resale,2026-10-04T16:02:16Z
139,18,22,224.91,resale,2026-10-04T16:02:16Z
144,16,15,166.6,resale,2026-10-04T16:02:16Z
144,16,16,166.6,resale,2026-10-04T16:02:16Z
211,2,15,394.29,resale,2026-10-04T16:02:16Z
211,2,16,394.29,resale,2026-10-04T16:02:16Z
149,38,2,95.2,resale,2026-10-04T16:02:16Z
149,38,3,95.2,resale,2026-10-04T16:02:16Z
149,38,4,95.2,resale,2026-10-04T16:02:16Z
135,22,5,261.8,resale,2026-10-04T16:02:16Z
135,22,6,261.8,resale,2026-10-04T16:02:16Z
320,13,25,47.6,resale,2026-10-04T16:02:16Z
320,13,26,47.6,resale,2026-10-04T16:02:16Z
203B,13,1,113.05,resale,2026-10-04T16:02:16Z
203B,13,2,113.05,resale,2026-10-04T16:02:16Z
250B,5,11,146.37,resale,2026-10-04T16:02:16Z
250B,5,12,146.37,resale,2026-10-04T16:02:16Z
134,7,9,232.05,resale,2026-10-04T16:02:16Z
134,7,10,232.05,resale,2026-10-04T16:02:16Z
134,7,11,232.05,resale,2026-10-04T16:02:16Z
134,7,12,232.05,resale,2026-10-04T16:02:16Z
104,11,3,202.3,resale,2026-10-04T16:02:16Z
104,11,4,202.3,resale,2026-10-04T16:02:16Z
126,20,1,215.39,resale,2026-10-04T16:02:16Z
126,20,2,215.39,resale,2026-10-04T16:02:16Z
225B,8,19,114.24,resale,2026-10-04T16:02:16Z
225B,8,20,114.24,resale,2026-10-04T16:02:16Z
109,21,19,119.0,resale,2026-10-04T16:02:16Z
109,21,20,119.0,resale,2026-10-04T16:02:16Z
103,17,13,184.45,resale,2026-10-04T16:02:16Z
103,17,14,184.45,resale,2026-10-04T16:02:16Z
148,11,12,202.3,resale,2026-10-04T16:02:16Z
148,11,13,202.3,resale,2026-10-04T16:02:16Z
340,23,9,83.3,resale,2026-10-04T16:02:16Z
340,23,10,83.3,resale,2026-10-04T16:02:16Z
135,20,11,199.92,resale,2026-10-04T16:02:16Z
135,20,12,199.92,resale,2026-10-04T16:02:16Z
117,12,17,260.61,resale,2026-10-04T16:02:16Z
117,12,18,260.61,resale,2026-10-04T16:02:16Z
140,16,3,165.41,resale,2026-10-04T16:02:16Z
140,16,4,165.41,resale,2026-10-04T16:02:16Z
137,11,9,267.75,resale,2026-10-04T16:02:16Z
137,11,10,267.75,resale,2026-10-04T16:02:16Z
303,10,7,95.2,resale,2026-10-04T16:02:16Z
303,10,8,95.2,resale,2026-10-04T16:02:16Z
104,45,11,59.5,resale,2026-10-04T16:02:16Z
104,45,12,59.5,resale,2026-10-04T16:02:16Z
228B,18,1,166.6,resale,2026-10-04T16:02:16Z
228B,18,2,166.6,resale,2026-10-04T16:02:16Z
307,9,3,59.5,resale,2026-10-04T16:02:16Z
307,9,4,59.5,resale,2026-10-04T16:02:16Z
128,45,23,178.5,resale,2026-10-04T16:02:16Z
128,45,24,178.5,resale,2026-10-04T16:02:16Z
146,39,27,190.4,resale,2026-10-04T16:02:16Z
146,39,28,190.4,resale,2026-10-04T16:02:16Z
124,31,17,148.75,resale,2026-10-04T16:02:16Z
124,31,18,148.75,resale,2026-10-04T16:02:16Z
340,14,22,53.55,resale,2026-10-04T16:02:16Z
340,14,23,53.55,resale,2026-10-04T16:02:16Z
327,15,9,101.15,resale,2026-10-04T16:02:16Z
327,15,10,101.15,resale,2026-10-04T16:02:16Z
327,15,11,101.15,resale,2026-10-04T16:02:16Z
113,22,1,760.5,resale,2026-10-04T16:02:16Z
113,22,2,760.5,resale,2026-10-04T16:02:16Z
241,7,13,327.25,resale,2026-10-04T16:02:16Z
241,7,14,327.25,resale,2026-10-04T16:02:16Z
148,38,8,119.0,resale,2026-10-04T16:02:16Z
126,25,24,101.15,resale,2026-10-04T16:02:16Z
126,25,25,101.15,resale,2026-10-04T16:02:16Z
144,17,15,119.0,resale,2026-10-04T16:02:16Z
144,17,16,119.0,resale,2026-10-04T16:02:16Z
101,31,12,77.35,resale,2026-10-04T16:02:16Z
101,31,13,77.35,resale,2026-10-04T16:02:16Z
227A,9,3,119.0,resale,2026-10-04T16:02:16Z
227A,9,4,119.0,resale,2026-10-04T16:02:16Z
327,10,1,72.59,resale,2026-10-04T16:02:16Z
327,10,2,72.59,resale,2026-10-04T16:02:16Z
123,35,9,178.5,resale,2026-10-04T16:02:16Z
123,35,10,178.5,resale,2026-10-04T16:02:16Z
123,35,11,178.5,resale,2026-10-04T16:02:16Z
123,35,12,178.5,resale,2026-10-04T16:02:16Z
142,25,23,113.05,resale,2026-10-04T16:02:16Z
142,25,24,113.05,resale,2026-10-04T16:02:16Z
346,11,5,53.55,resale,2026-10-04T16:02:16Z
346,11,6,53.55,resale,2026-10-04T16:02:16Z
148,13,11,124.95,resale,2026-10-04T16:02:16Z
148,13,12,124.95,resale,2026-10-04T16:02:16Z
148,13,13,124.95,resale,2026-10-04T16:02:16Z
148,13,14,124.95,resale,2026-10-04T16:02:16Z
123,34,15,84.49,resale,2026-10-04T16:02:16Z
123,34,16,84.49,resale,2026-10-04T16:02:16Z
123,34,17,84.49,resale,2026-10-04T16:02:16Z
123,34,18,84.49,resale,2026-10-04T16:02:16Z
144,6,3,130.9,resale,2026-10-04T16:02:16Z
144,6,4,130.9,resale,2026-10-04T16:02:16Z
144,6,5,130.9,resale,2026-10-04T16:02:16Z
144,6,6,130.9,resale,2026-10-04T16:02:16Z
225A,8,13,83.3,resale,2026-10-04T16:02:16Z
225A,8,14,83.3,resale,2026-10-04T16:02:16Z
225A,8,15,83.3,resale,2026-10-04T16:02:16Z
225A,8,16,83.3,resale,2026-10-04T16:02:16Z
109,21,3,142.8,resale,2026-10-04T16:02:16Z
109,21,4,142.8,resale,2026-10-04T16:02:16Z
109,21,5,142.8,resale,2026-10-04T16:02:16Z
109,21,6,142.8,resale,2026-10-04T16:02:16Z
340,23,13,103.53,resale,2026-10-04T16:02:16Z
340,23,14,103.53,resale,2026-10-04T16:02:16Z
338,14,17,154.7,resale,2026-10-04T16:02:16Z
338,14,18,154.7,resale,2026-10-04T16:02:16Z
338,14,19,154.7,resale,2026-10-04T16:02:16Z
338,14,20,154.7,resale,2026-10-04T16:02:16Z
338,14,21,154.7,resale,2026-10-04T16:02:16Z
338,14,22,154.7,resale,2026-10-04T16:02:16Z
240,1,22,289.17,resale,2026-10-04T16:02:16Z
240,1,23,289.17,resale,2026-10-04T16:02:16Z
149,40,9,222.53,resale,2026-10-04T16:02:16Z
149,40,10,222.53,resale,2026-10-04T16:02:16Z
249A,11,20,179.69,resale,2026-10-04T16:02:16Z
123,41,21,119.0,resale,2026-10-04T16:02:16Z
123,41,22,119.0,resale,2026-10-04T16:02:16Z
142,22,26,142.8,resale,2026-10-04T16:02:16Z
142,22,27,142.8,resale,2026-10-04T16:02:16Z
308,9,8,107.1,resale,2026-10-04T16:02:16Z
308,9,9,107.1,resale,2026-10-04T16:02:16Z
308,9,10,107.1,resale,2026-10-04T16:02:16Z
308,9,11,107.1,resale,2026-10-04T16:02:16Z
244,5,1,261.8,resale,2026-10-04T16:02:16Z
244,5,2,261.8,resale,2026-10-04T16:02:16Z
210,13,1,297.5,resale,2026-10-04T16:02:16Z
210,13,2,297.5,resale,2026-10-04T16:02:16Z
341,2,15,130.9,resale,2026-10-04T16:02:16Z
341,2,16,130.9,resale,2026-10-04T16:02:16Z
341,2,17,130.9,resale,2026-10-04T16:02:16Z
341,2,18,130.9,resale,2026-10-04T16:02:16Z
315,23,27,64.26,resale,2026-10-04T16:02:16Z
315,23,28,64.26,resale,2026-10-04T16:02:16Z
341,23,21,59.5,resale,2026-10-04T16:02:16Z
341,23,22,59.5,resale,2026-10-04T16:02:16Z
229,8,1,218.96,resale,2026-10-04T16:02:16Z
229,8,2,218.96,resale,2026-10-04T16:02:16Z
249B,7,23,113.05,resale,2026-10-04T16:02:16Z
249B,7,24,113.05,resale,2026-10-04T16:02:16Z
249B,7,25,113.05,resale,2026-10-04T16:02:16Z
249B,7,26,113.05,resale,2026-10-04T16:02:16Z
115C,14,11,585.0,resale,2026-10-04T16:02:16Z
115C,14,12,585.0,resale,2026-10-04T16:02:16Z
115C,14,13,585.0,resale,2026-10-04T16:02:16Z
115C,14,14,585.0,resale,2026-10-04T16:02:16Z
231A,3,20,71.4,resale,2026-10-04T16:02:16Z
231A,3,21,71.4,resale,2026-10-04T16:02:16Z
208,2,18,274.89,resale,2026-10-04T16:02:16Z
208,2,19,274.89,resale,2026-10-04T16:02:16Z
341,10,1,95.2,resale,2026-10-04T16:02:16Z
341,10,2,95.2,resale,2026-10-04T16:02:16Z
341,10,3,95.2,resale,2026-10-04T16:02:16Z
341,10,4,95.2,resale,2026-10-04T16:02:16Z
106,25,1,89.25,resale,2026-10-04T16:02:16Z
106,25,2,89.25,resale,2026-10-04T16:02:16Z
128,37,22,119.0,resale,2026-10-04T16:02:16Z
128,37,23,119.0,resale,2026-10-04T16:02:16Z
143,7,19,152.32,resale,2026-10-04T16:02:16Z
143,7,20,152.32,resale,2026-10-04T16:02:16Z
310,15,9,90.44,resale,2026-10-04T16:02:16Z
310,15,10,90.44,resale,2026-10-04T16:02:16Z
128,11,21,148.75,resale,2026-10-04T16:02:16Z
128,11,22,148.75,resale,2026-10-04T16:02:16Z
248,8,13,89.25,resale,2026-10-04T16:02:16Z
248,8,14,89.25,resale,2026-10-04T16:02:16Z
248,8,17,89.25,resale,2026-10-04T16:02:16Z
248,8,18,89.25,resale,2026-10-04T16:02:16Z
231A,10,21,208.25,resale,2026-10-04T16:02:16Z
144,11,1,178.5,resale,2026-10-04T16:02:16Z
144,11,2,178.5,resale,2026-10-04T16:02:16Z
213,8,21,526.5,resale,2026-10-04T16:02:16Z
213,8,22,526.5,resale,2026-10-04T16:02:16Z
213,8,23,526.5,resale,2026-10-04T16:02:16Z
213,8,24,526.5,resale,2026-10-04T16:02:16Z
223,10,19,190.4,resale,2026-10-04T16:02:16Z
223,10,20,190.4,resale,2026-10-04T16:02:16Z
203B,11,5,123.76,resale,2026-10-04T16:02:16Z
203B,11,6,123.76,resale,2026-10-04T16:02:16Z
338,9,18,71.4,resale,2026-10-04T16:02:16Z
227A,1,18,167.79,resale,2026-10-04T16:02:16Z
227A,1,19,167.79,resale,2026-10-04T16:02:16Z
227A,1,20,167.79,resale,2026-10-04T16:02:16Z
227A,1,21,167.79,resale,2026-10-04T16:02:16Z
226,1,5,113.05,resale,2026-10-04T16:02:16Z
327,17,13,71.4,resale,2026-10-04T16:02:16Z
327,17,14,71.4,resale,2026-10-04T16:02:16Z
201,16,29,89.25,resale,2026-10-04T16:02:16Z
201,17,29,143.99,resale,2026-10-04T16:02:16Z
115A,33,13,159.46,resale,2026-10-04T16:02:16Z
315,19,7,53.55,resale,2026-10-04T16:02:16Z
315,19,8,53.55,resale,2026-10-04T16:02:16Z
106,26,26,104.72,resale,2026-10-04T16:02:16Z
106,26,27,104.72,resale,2026-10-04T16:02:16Z
204,10,4,109.48,resale,2026-10-04T16:02:16Z
327,24,27,89.25,resale,2026-10-04T16:02:16Z
327,24,28,89.25,resale,2026-10-04T16:02:16Z
327,24,29,89.25,resale,2026-10-04T16:02:16Z
235,3,7,330.82,resale,2026-10-04T16:02:16Z
235,3,8,330.82,resale,2026-10-04T16:02:16Z
235,3,9,330.82,resale,2026-10-04T16:02:16Z
235,4,8,330.82,resale,2026-10-04T16:02:16Z
235,4,9,330.82,resale,2026-10-04T16:02:16Z
317,13,24,47.6,resale,2026-10-04T16:02:16Z
317,13,25,47.6,resale,2026-10-04T16:02:16Z
134,23,25,235.62,resale,2026-10-04T16:02:16Z
134,23,26,235.62,resale,2026-10-04T16:02:16Z
338,24,5,95.2,resale,2026-10-04T16:02:16Z
305,23,1,59.5,resale,2026-10-04T16:02:16Z
305,23,2,59.5,resale,2026-10-04T16:02:16Z
305,23,3,59.5,resale,2026-10-04T16:02:16Z
305,23,4,59.5,resale,2026-10-04T16:02:16Z
338,22,27,65.45,resale,2026-10-04T16:02:16Z
338,22,28,65.45,resale,2026-10-04T16:02:16Z
227A,1,15,178.5,resale,2026-10-04T16:02:16Z
217,2,20,382.59,resale,2026-10-04T16:02:16Z
217,2,21,382.59,resale,2026-10-04T16:02:16Z
143,9,10,130.9,resale,2026-10-04T16:02:16Z
143,9,11,130.9,resale,2026-10-04T16:02:16Z
316,5,15,83.3,resale,2026-10-04T16:02:16Z
316,5,16,83.3,resale,2026-10-04T16:02:16Z
103,45,29,59.5,resale,2026-10-04T16:02:16Z
103,45,30,59.5,resale,2026-10-04T16:02:16Z
350,11,8,66.64,resale,2026-10-04T16:02:16Z
350,11,9,66.64,resale,2026-10-04T16:02:16Z
350,11,10,66.64,resale,2026-10-04T16:02:16Z
140,19,26,190.4,resale,2026-10-04T16:02:16Z
140,19,27,190.4,resale,2026-10-04T16:02:16Z
306,17,21,71.4,resale,2026-10-04T16:02:16Z
306,17,22,71.4,resale,2026-10-04T16:02:16Z
306,17,23,71.4,resale,2026-10-04T16:02:16Z
306,17,24,71.4,resale,2026-10-04T16:02:16Z
134,6,19,165.41,resale,2026-10-04T16:02:16Z
134,6,20,165.41,resale,2026-10-04T16:02:16Z
121,41,26,151.13,resale,2026-10-04T16:02:16Z
208,11,21,220.15,resale,2026-10-04T16:02:16Z
208,11,22,220.15,resale,2026-10-04T16:02:16Z
221A,8,11,95.2,resale,2026-10-04T16:02:16Z
221A,8,12,95.2,resale,2026-10-04T16:02:16Z
124,14,18,119.0,resale,2026-10-04T16:02:16Z
115C,2,3,594.36,resale,2026-10-04T16:02:16Z
115C,2,4,594.36,resale,2026-10-04T16:02:16Z
135,29,3,119.0,resale,2026-10-04T16:02:16Z
135,29,4,119.0,resale,2026-10-04T16:02:16Z
144,23,17,178.5,resale,2026-10-04T16:02:16Z
121,35,16,124.95,resale,2026-10-04T16:02:16Z
121,35,17,124.95,resale,2026-10-04T16:02:16Z
316,13,3,119.0,resale,2026-10-04T16:02:16Z
117,18,19,168.98,resale,2026-10-04T16:02:16Z
117,18,20,168.98,resale,2026-10-04T16:02:16Z
204,9,1,83.3,resale,2026-10-04T16:02:16Z
204,9,2,83.3,resale,2026-10-04T16:02:16Z
204,9,3,83.3,resale,2026-10-04T16:02:16Z
148,16,9,116.62,resale,2026-10-04T16:02:16Z
148,16,10,116.62,resale,2026-10-04T16:02:16Z
109,11,9,154.7,resale,2026-10-04T16:02:16Z
109,11,10,154.7,resale,2026-10-04T16:02:16Z
109,11,11,154.7,resale,2026-10-04T16:02:16Z
109,11,12,154.7,resale,2026-10-04T16:02:16Z
335,22,3,65.45,resale,2026-10-04T16:02:16Z
335,22,4,65.45,resale,2026-10-04T16:02:16Z
347,9,7,64.26,resale,2026-10-04T16:02:16Z
347,9,8,64.26,resale,2026-10-04T16:02:16Z
149,33,27,71.4,resale,2026-10-04T16:02:16Z
149,33,28,71.4,resale,2026-10-04T16:02:16Z
106,27,13,102.34,resale,2026-10-04T16:02:16Z
106,27,14,102.34,resale,2026-10-04T16:02:16Z
231A,11,21,89.25,resale,2026-10-04T16:02:16Z
231A,11,22,89.25,resale,2026-10-04T16:02:16Z
231A,11,23,89.25,resale,2026-10-04T16:02:16Z
311,10,3,119.0,resale,2026-10-04T16:02:16Z
311,10,4,119.0,resale,2026-10-04T16:02:16Z
111C,10,7,468.0,resale,2026-10-04T16:02:16Z
111C,10,8,468.0,resale,2026-10-04T16:02:16Z
347,16,26,53.55,resale,2026-10-04T16:02:16Z
347,16,27,53.55,resale,2026-10-04T16:02:16Z
133,23,19,124.95,resale,2026-10-04T16:02:16Z
202B,17,9,73.78,resale,2026-10-04T16:02:16Z
202B,17,10,73.78,resale,2026-10-04T16:02:16Z
121,42,25,117.81,resale,2026-10-04T16:02:16Z
121,42,26,117.81,resale,2026-10-04T16:02:16Z
108,19,17,119.0,resale,2026-10-04T16:02:16Z
108,19,18,119.0,resale,2026-10-04T16:02:16Z
225B,7,15,77.35,resale,2026-10-04T16:02:16Z
225B,7,16,77.35,resale,2026-10-04T16:02:16Z
331,16,9,57.12,resale,2026-10-04T16:02:16Z
331,16,10,57.12,resale,2026-10-04T16:02:16Z
128,4,11,238.0,resale,2026-10-04T16:02:16Z
128,4,12,238.0,resale,2026-10-04T16:02:16Z
222A,7,21,71.4,resale,2026-10-04T16:02:16Z
222A,7,22,71.4,resale,2026-10-04T16:02:16Z
224A,3,9,114.24,resale,2026-10-04T16:02:16Z
224A,3,10,114.24,resale,2026-10-04T16:02:16Z
124,21,5,117.81,resale,2026-10-04T16:02:16Z
124,21,6,117.81,resale,2026-10-04T16:02:16Z
104,16,11,89.25,resale,2026-10-04T16:02:16Z
104,16,12,89.25,resale,2026-10-04T16:02:16Z
319,9,1,73.78,resale,2026-10-04T16:02:16Z
319,9,2,73.78,resale,2026-10-04T16:02:16Z
129,30,5,122.57,resale,2026-10-04T16:02:16Z
129,30,6,122.57,resale,2026-10-04T16:02:16Z
129,30,7,122.57,resale,2026-10-04T16:02:16Z
129,30,8,122.57,resale,2026-10-04T16:02:16Z
340,18,3,119.0,resale,2026-10-04T16:02:16Z
229,13,1,83.3,resale,2026-10-04T16:02:16Z
229,13,2,83.3,resale,2026-10-04T16:02:16Z
126,45,14,117.81,resale,2026-10-04T16:02:16Z
126,45,15,117.81,resale,2026-10-04T16:02:16Z
134,9,3,265.37,resale,2026-10-04T16:02:16Z
134,9,4,265.37,resale,2026-10-04T16:02:16Z
134,9,5,265.37,resale,2026-10-04T16:02:16Z
215,3,16,238.0,resale,2026-10-04T16:02:16Z
215,3,17,238.0,resale,2026-10-04T16:02:16Z
131,22,3,102.34,resale,2026-10-04T16:02:16Z
131,22,4,102.34,resale,2026-10-04T16:02:16Z
131,22,5,102.34,resale,2026-10-04T16:02:16Z
131,22,6,102.34,resale,2026-10-04T16:02:16Z
104,15,8,119.0,resale,2026-10-04T16:02:16Z
104,15,9,119.0,resale,2026-10-04T16:02:16Z
104,15,10,119.0,resale,2026-10-04T16:02:16Z
104,15,11,119.0,resale,2026-10-04T16:02:16Z
104,15,12,119.0,resale,2026-10-04T16:02:16Z
202A,3,5,97.58,resale,2026-10-04T16:02:16Z
202A,3,6,97.58,resale,2026-10-04T16:02:16Z
202A,3,7,97.58,resale,2026-10-04T16:02:16Z
202A,3,8,97.58,resale,2026-10-04T16:02:16Z
246A,4,19,102.34,resale,2026-10-04T16:02:16Z
246A,3,19,105.91,resale,2026-10-04T16:02:16Z
246A,3,20,105.91,resale,2026-10-04T16:02:16Z
246A,3,21,105.91,resale,2026-10-04T16:02:16Z
206A,7,22,140.42,resale,2026-10-04T16:02:16Z
311,15,1,63.07,resale,2026-10-04T16:02:16Z
311,15,2,63.07,resale,2026-10-04T16:02:16Z
311,15,3,63.07,resale,2026-10-04T16:02:16Z
311,15,4,63.07,resale,2026-10-04T16:02:16Z
301,14,9,59.5,resale,2026-10-04T16:02:16Z
301,14,10,59.5,resale,2026-10-04T16:02:16Z
339,4,8,59.5,resale,2026-10-04T16:02:16Z
339,4,9,59.5,resale,2026-10-04T16:02:16Z
126,24,15,110.67,resale,2026-10-04T16:02:16Z
126,24,16,110.67,resale,2026-10-04T16:02:16Z
126,26,17,103.53,resale,2026-10-04T16:02:16Z
126,26,18,103.53,resale,2026-10-04T16:02:16Z
128,46W,23,110.67,resale,2026-10-04T16:02:16Z
128,46W,24,110.67,resale,2026-10-04T16:02:16Z
229,5,1,86.87,resale,2026-10-04T16:02:16Z
229,5,2,86.87,resale,2026-10-04T16:02:16Z
229,5,3,86.87,resale,2026-10-04T16:02:16Z
229,5,4,86.87,resale,2026-10-04T16:02:16Z
229,5,5,86.87,resale,2026-10-04T16:02:16Z
229,5,6,86.87,resale,2026-10-04T16:02:16Z
222A,7,19,59.5,resale,2026-10-04T16:02:16Z
222A,7,20,59.5,resale,2026-10-04T16:02:16Z
113,15,11,718.38,resale,2026-10-04T16:02:16Z
113,15,12,718.38,resale,2026-10-04T16:02:16Z
148,34,3,113.05,resale,2026-10-04T16:02:16Z
148,34,4,113.05,resale,2026-10-04T16:02:16Z
124,40,4,65.45,resale,2026-10-04T16:02:16Z
126,3,3,140.42,resale,2026-10-04T16:02:16Z
126,3,4,140.42,resale,2026-10-04T16:02:16Z
224B,7,21,90.44,resale,2026-10-04T16:02:16Z
224B,7,22,90.44,resale,2026-10-04T16:02:16Z
202B,17,24,65.45,resale,2026-10-04T16:02:16Z
321,15,19,53.55,resale,2026-10-04T16:02:16Z
321,15,20,53.55,resale,2026-10-04T16:02:16Z
108,19,7,167.79,resale,2026-10-04T16:02:16Z
108,19,8,167.79,resale,2026-10-04T16:02:16Z
303,7,1,59.5,resale,2026-10-04T16:02:16Z
303,7,2,59.5,resale,2026-10-04T16:02:16Z
313,4,3,83.3,resale,2026-10-04T16:02:16Z
313,4,4,83.3,resale,2026-10-04T16:02:16Z
142,22,14,119.0,resale,2026-10-04T16:02:16Z
142,22,15,119.0,resale,2026-10-04T16:02:16Z
142,22,16,119.0,resale,2026-10-04T16:02:16Z
142,22,17,119.0,resale,2026-10-04T16:02:16Z
149,29,17,119.0,resale,2026-10-04T16:02:16Z
149,29,18,119.0,resale,2026-10-04T16:02:16Z
313,23,9,63.07,resale,2026-10-04T16:02:16Z
313,23,10,63.07,resale,2026-10-04T16:02:16Z
313,4,1,83.3,resale,2026-10-04T16:02:16Z
313,4,2,83.3,resale,2026-10-04T16:02:16Z
328,16,1,54.74,resale,2026-10-04T16:02:16Z
328,16,2,54.74,resale,2026-10-04T16:02:16Z
324,7,9,59.5,resale,2026-10-04T16:02:16Z
324,7,10,59.5,resale,2026-10-04T16:02:16Z
329,13,21,51.17,resale,2026-10-04T16:02:16Z
329,13,22,51.17,resale,2026-10-04T16:02:16Z
329,13,23,51.17,resale,2026-10-04T16:02:16Z
329,13,24,51.17,resale,2026-10-04T16:02:16Z
317,14,12,71.4,resale,2026-10-04T16:02:16Z
317,14,13,71.4,resale,2026-10-04T16:02:16Z
336,25,2,59.5,resale,2026-10-04T16:02:16Z
336,25,3,59.5,resale,2026-10-04T16:02:16Z
247A,6,19,59.5,resale,2026-10-04T16:02:16Z
247A,6,20,59.5,resale,2026-10-04T16:02:16Z
148,33,3,165.41,resale,2026-10-04T16:02:16Z
148,33,4,165.41,resale,2026-10-04T16:02:16Z
148,33,5,165.41,resale,2026-10-04T16:02:16Z
148,33,6,165.41,resale,2026-10-04T16:02:16Z
345,22,29,52.36,resale,2026-10-04T16:02:16Z
345,22,30,52.36,resale,2026-10-04T16:02:16Z
104,36,4,139.23,resale,2026-10-04T16:02:16Z
103,28,13,99.96,resale,2026-10-04T16:02:16Z
103,28,14,99.96,resale,2026-10-04T16:02:16Z
221A,5,21,58.31,resale,2026-10-04T16:02:16Z
221A,5,22,58.31,resale,2026-10-04T16:02:16Z
117,4,10,119.0,resale,2026-10-04T16:02:16Z
117,4,11,119.0,resale,2026-10-04T16:02:16Z
340,1,10,91.63,resale,2026-10-04T16:02:16Z
340,1,11,91.63,resale,2026-10-04T16:02:16Z
327,8,8,41.65,resale,2026-10-04T16:02:16Z
335,18,5,58.31,resale,2026-10-04T16:02:16Z
121,38,30,94.01,resale,2026-10-04T16:02:16Z
121,38,31,94.01,resale,2026-10-04T16:02:16Z
330,9,17,63.07,resale,2026-10-04T16:02:16Z
330,9,18,63.07,resale,2026-10-04T16:02:16Z
121,43,27,94.01,resale,2026-10-04T16:02:16Z
338,13,15,72.59,resale,2026-10-04T16:02:16Z
133,29,22,89.25,resale,2026-10-04T16:02:16Z
133,25,23,89.25,resale,2026-10-04T16:02:16Z
133,25,24,89.25,resale,2026-10-04T16:02:16Z
137,29,28,164.22,resale,2026-10-04T16:02:16Z
126,10,15,99.96,resale,2026-10-04T16:02:16Z
126,10,16,99.96,resale,2026-10-04T16:02:16Z
315,13,1,73.78,resale,2026-10-04T16:02:16Z
315,13,2,73.78,resale,2026-10-04T16:02:16Z
310,15,24,59.5,resale,2026-10-04T16:02:16Z
310,15,25,59.5,resale,2026-10-04T16:02:16Z
211,7,11,355.81,resale,2026-10-04T16:02:16Z
211,7,12,355.81,resale,2026-10-04T16:02:16Z
211,7,13,355.81,resale,2026-10-04T16:02:16Z
211,7,14,355.81,resale,2026-10-04T16:02:16Z
249B,11,17,141.61,resale,2026-10-04T16:02:16Z
249B,11,18,141.61,resale,2026-10-04T16:02:16Z
101,34,21,148.75,resale,2026-10-04T16:02:16Z
101,34,22,148.75,resale,2026-10-04T16:02:16Z
103,31,5,110.67,resale,2026-10-04T16:02:16Z
103,31,6,110.67,resale,2026-10-04T16:02:16Z
220A,15,5,59.5,resale,2026-10-04T16:02:16Z
220A,15,6,59.5,resale,2026-10-04T16:02:16Z
220A,15,7,59.5,resale,2026-10-04T16:02:16Z
220A,15,8,59.5,resale,2026-10-04T16:02:16Z
227A,10,13,103.53,resale,2026-10-04T16:02:16Z
227A,10,14,103.53,resale,2026-10-04T16:02:16Z
227A,10,15,103.53,resale,2026-10-04T16:02:16Z
227A,10,16,103.53,resale,2026-10-04T16:02:16Z
123,29,13,130.9,resale,2026-10-04T16:02:16Z
123,29,14,130.9,resale,2026-10-04T16:02:16Z
123,35,7,166.6,resale,2026-10-04T16:02:16Z
123,35,8,166.6,resale,2026-10-04T16:02:16Z
149,24,16,122.57,resale,2026-10-04T16:02:16Z
149,24,17,122.57,resale,2026-10-04T16:02:16Z
243,6,23,177.31,resale,2026-10-04T16:02:16Z
243,6,24,177.31,resale,2026-10-04T16:02:16Z
319,1,14,84.49,resale,2026-10-04T16:02:16Z
319,1,15,84.49,resale,2026-10-04T16:02:16Z
230A,9,5,117.81,resale,2026-10-04T16:02:16Z
230A,9,6,117.81,resale,2026-10-04T16:02:16Z
103,15,20,148.75,resale,2026-10-04T16:02:16Z
103,15,21,148.75,resale,2026-10-04T16:02:16Z
206A,7,5,85.68,resale,2026-10-04T16:02:16Z
206A,7,6,85.68,resale,2026-10-04T16:02:16Z
337,24,11,61.88,resale,2026-10-04T16:02:16Z
337,24,12,61.88,resale,2026-10-04T16:02:16Z
318,21,1,95.2,resale,2026-10-04T16:02:16Z
318,21,2,95.2,resale,2026-10-04T16:02:16Z
320,20,9,59.5,resale,2026-10-04T16:02:16Z
320,20,10,59.5,resale,2026-10-04T16:02:16Z
149,21,9,143.99,resale,2026-10-04T16:02:16Z
149,21,10,143.99,resale,2026-10-04T16:02:16Z
345,8,7,89.25,resale,2026-10-04T16:02:16Z
345,8,8,89.25,resale,2026-10-04T16:02:16Z
306,22,4,90.44,resale,2026-10-04T16:02:16Z
126,29,9,142.8,resale,2026-10-04T16:02:16Z
126,29,10,142.8,resale,2026-10-04T16:02:16Z
126,29,11,142.8,resale,2026-10-04T16:02:16Z
227A,8,20,107.1,resale,2026-10-04T16:02:16Z
227A,8,21,107.1,resale,2026-10-04T16:02:16Z
227A,8,22,107.1,resale,2026-10-04T16:02:16Z
311,1,23,103.53,resale,2026-10-04T16:02:16Z
311,1,24,103.53,resale,2026-10-04T16:02:16Z
242,12,13,462.15,resale,2026-10-04T16:02:16Z
242,12,14,462.15,resale,2026-10-04T16:02:16Z
129,37,23,132.09,resale,2026-10-04T16:02:16Z
249A,2,11,107.1,resale,2026-10-04T16:02:16Z
249A,2,12,107.1,resale,2026-10-04T16:02:16Z
142,7,27,351.0,resale,2026-10-04T16:02:16Z
142,7,28,351.0,resale,2026-10-04T16:02:16Z
142,7,29,351.0,resale,2026-10-04T16:02:16Z
235,14,18,351.05,resale,2026-10-04T16:02:16Z
235,14,19,351.05,resale,2026-10-04T16:02:16Z
217,4,16,381.42,resale,2026-10-04T16:02:16Z
217,4,17,381.42,resale,2026-10-04T16:02:16Z
224B,8,24,148.75,resale,2026-10-04T16:02:16Z
338,12,5,95.2,resale,2026-10-04T16:02:16Z
338,12,6,95.2,resale,2026-10-04T16:02:16Z
338,12,7,95.2,resale,2026-10-04T16:02:16Z
325,23,22,59.5,resale,2026-10-04T16:02:16Z
325,23,23,59.5,resale,2026-10-04T16:02:16Z
325,23,24,59.5,resale,2026-10-04T16:02:16Z
325,23,25,59.5,resale,2026-10-04T16:02:16Z
116,3,3,228.48,resale,2026-10-04T16:02:16Z
116,3,4,228.48,resale,2026-10-04T16:02:16Z
202B,15,13,59.5,resale,2026-10-04T16:02:16Z
202B,15,14,59.5,resale,2026-10-04T16:02:16Z
317,15,1,80.92,resale,2026-10-04T16:02:16Z
317,15,2,80.92,resale,2026-10-04T16:02:16Z
224B,17,14,117.81,resale,2026-10-04T16:02:16Z
224B,17,15,117.81,resale,2026-10-04T16:02:16Z
134,24,17,297.5,resale,2026-10-04T16:02:16Z
134,24,18,297.5,resale,2026-10-04T16:02:16Z
134,24,19,297.5,resale,2026-10-04T16:02:16Z
134,24,20,297.5,resale,2026-10-04T16:02:16Z
142,15,15,178.5,resale,2026-10-04T16:02:16Z
142,15,16,178.5,resale,2026-10-04T16:02:16Z
237,12,20,238.0,resale,2026-10-04T16:02:16Z
237,12,21,238.0,resale,2026-10-04T16:02:16Z
336,17,22,59.5,resale,2026-10-04T16:02:16Z
336,17,23,59.5,resale,2026-10-04T16:02:16Z
349,19,17,53.55,resale,2026-10-04T16:02:16Z
349,19,18,53.55,resale,2026-10-04T16:02:16Z
101,33,9,119.0,resale,2026-10-04T16:02:16Z
101,33,10,119.0,resale,2026-10-04T16:02:16Z
204,10,16,89.25,resale,2026-10-04T16:02:16Z
204,10,17,89.25,resale,2026-10-04T16:02:16Z
117,13,1,177.31,resale,2026-10-04T16:02:16Z
117,13,2,177.31,resale,2026-10-04T16:02:16Z
117,13,3,177.31,resale,2026-10-04T16:02:16Z
117,13,4,177.31,resale,2026-10-04T16:02:16Z
243,10,7,160.65,resale,2026-10-04T16:02:16Z
243,10,8,160.65,resale,2026-10-04T16:02:16Z
143,20,19,151.13,resale,2026-10-04T16:02:16Z
143,20,20,151.13,resale,2026-10-04T16:02:16Z
110,34,15,190.4,resale,2026-10-04T16:02:16Z
110,34,16,190.4,resale,2026-10-04T16:02:16Z
110,34,17,190.4,resale,2026-10-04T16:02:16Z
110,34,18,190.4,resale,2026-10-04T16:02:16Z
302,8,7,66.64,resale,2026-10-04T16:02:16Z
302,8,8,66.64,resale,2026-10-04T16:02:16Z
137,11,7,327.25,resale,2026-10-04T16:02:16Z
137,11,8,327.25,resale,2026-10-04T16:02:16Z
129,43,25,89.25,resale,2026-10-04T16:02:16Z
129,43,26,89.25,resale,2026-10-04T16:02:16Z
144,19,10,101.15,resale,2026-10-04T16:02:16Z
144,19,11,101.15,resale,2026-10-04T16:02:16Z
237,6,21,297.5,resale,2026-10-04T16:02:16Z
237,6,22,297.5,resale,2026-10-04T16:02:16Z
248,3,13,119.0,resale,2026-10-04T16:02:16Z
248,3,14,119.0,resale,2026-10-04T16:02:16Z
149,27,22,107.1,resale,2026-10-04T16:02:16Z
149,27,23,107.1,resale,2026-10-04T16:02:16Z
227A,12,16,136.85,resale,2026-10-04T16:02:16Z
227A,12,17,136.85,resale,2026-10-04T16:02:16Z
313,18,8,46.41,resale,2026-10-04T16:02:16Z
313,18,9,46.41,resale,2026-10-04T16:02:16Z
315,19,22,71.4,resale,2026-10-04T16:02:16Z
316,26,28,91.63,resale,2026-10-04T16:02:16Z
316,26,29,91.63,resale,2026-10-04T16:02:16Z
316,26,30,91.63,resale,2026-10-04T16:02:16Z
316,26,31,91.63,resale,2026-10-04T16:02:16Z
330,22,23,59.5,resale,2026-10-04T16:02:16Z
330,22,24,59.5,resale,2026-10-04T16:02:16Z
117,34,15,107.1,resale,2026-10-04T16:02:16Z
117,34,16,107.1,resale,2026-10-04T16:02:16Z
117,34,17,107.1,resale,2026-10-04T16:02:16Z
117,34,18,107.1,resale,2026-10-04T16:02:16Z
235,8,9,189.21,resale,2026-10-04T16:02:16Z
235,8,10,189.21,resale,2026-10-04T16:02:16Z
235,8,11,189.21,resale,2026-10-04T16:02:16Z
235,8,12,189.21,resale,2026-10-04T16:02:16Z
246A,2,13,192.78,resale,2026-10-04T16:02:16Z
246A,2,14,192.78,resale,2026-10-04T16:02:16Z
246A,2,15,192.78,resale,2026-10-04T16:02:16Z
246A,2,16,192.78,resale,2026-10-04T16:02:16Z
246A,2,17,192.78,resale,2026-10-04T16:02:16Z
344,9,5,71.4,resale,2026-10-04T16:02:16Z
344,9,6,71.4,resale,2026-10-04T16:02:16Z
224B,1,3,148.75,resale,2026-10-04T16:02:16Z
224B,1,4,148.75,resale,2026-10-04T16:02:16Z
330,23,20,48.79,resale,2026-10-04T16:02:16Z
330,23,21,48.79,resale,2026-10-04T16:02:16Z
318,6,1,111.86,resale,2026-10-04T16:02:16Z
318,6,2,111.86,resale,2026-10-04T16:02:16Z
210,2,3,351.0,resale,2026-10-04T16:02:16Z
338,23,7,107.1,resale,2026-10-04T16:02:16Z
338,23,8,107.1,resale,2026-10-04T16:02:16Z
338,23,9,107.1,resale,2026-10-04T16:02:16Z
126,39,11,145.18,resale,2026-10-04T16:02:16Z
126,39,12,145.18,resale,2026-10-04T16:02:16Z
126,39,13,145.18,resale,2026-10-04T16:02:16Z
126,39,14,145.18,resale,2026-10-04T16:02:16Z
104,44,21,133.28,resale,2026-10-04T16:02:16Z
104,44,22,133.28,resale,2026-10-04T16:02:16Z
314,23,25,119.0,resale,2026-10-04T16:02:16Z
314,23,26,119.0,resale,2026-10-04T16:02:16Z
235,1,12,372.06,resale,2026-10-04T16:02:16Z
235,1,13,372.06,resale,2026-10-04T16:02:16Z
128,32,15,89.25,resale,2026-10-04T16:02:16Z
128,32,16,89.25,resale,2026-10-04T16:02:16Z
242,9,16,267.75,resale,2026-10-04T16:02:16Z
242,9,17,267.75,resale,2026-10-04T16:02:16Z
124,38,3,91.63,resale,2026-10-04T16:02:16Z
124,38,4,91.63,resale,2026-10-04T16:02:16Z
116,14,7,253.47,resale,2026-10-04T16:02:16Z
116,14,8,253.47,resale,2026-10-04T16:02:16Z
101,36,3,95.2,resale,2026-10-04T16:02:16Z
101,36,4,95.2,resale,2026-10-04T16:02:16Z
235,8,13,267.75,resale,2026-10-04T16:02:16Z
235,8,14,267.75,resale,2026-10-04T16:02:16Z
242,2,3,438.75,resale,2026-10-04T16:02:16Z
242,2,4,438.75,resale,2026-10-04T16:02:16Z
242,2,5,438.75,resale,2026-10-04T16:02:16Z
242,2,6,438.75,resale,2026-10-04T16:02:16Z
221A,11,22,117.81,resale,2026-10-04T16:02:16Z
221A,11,23,117.81,resale,2026-10-04T16:02:16Z
315,7,19,142.8,resale,2026-10-04T16:02:16Z
315,7,20,142.8,resale,2026-10-04T16:02:16Z
249B,10,5,95.2,resale,2026-10-04T16:02:16Z
249B,10,6,95.2,resale,2026-10-04T16:02:16Z
233,9,15,232.05,resale,2026-10-04T16:02:16Z
233,9,16,232.05,resale,2026-10-04T16:02:16Z
148,30,9,124.95,resale,2026-10-04T16:02:16Z
148,30,10,124.95,resale,2026-10-04T16:02:16Z
328,16,26,70.21,resale,2026-10-04T16:02:16Z
133,26,19,119.0,resale,2026-10-04T16:02:16Z
133,26,20,119.0,resale,2026-10-04T16:02:16Z
101,7,15,178.5,resale,2026-10-04T16:02:16Z
101,7,16,178.5,resale,2026-10-04T16:02:16Z
101,7,17,178.5,resale,2026-10-04T16:02:16Z
101,7,18,178.5,resale,2026-10-04T16:02:16Z
117,2,1,265.37,resale,2026-10-04T16:02:16Z
117,2,2,265.37,resale,2026-10-04T16:02:16Z
117,2,3,265.37,resale,2026-10-04T16:02:16Z
129,24,3,143.99,resale,2026-10-04T16:02:16Z
129,24,4,143.99,resale,2026-10-04T16:02:16Z
321,6,5,53.55,resale,2026-10-04T16:02:16Z
321,6,6,53.55,resale,2026-10-04T16:02:16Z
321,6,7,53.55,resale,2026-10-04T16:02:16Z
321,6,8,53.55,resale,2026-10-04T16:02:16Z
123,12,9,119.0,resale,2026-10-04T16:02:16Z
123,12,10,119.0,resale,2026-10-04T16:02:16Z
333,5,9,82.11,resale,2026-10-04T16:02:16Z
333,5,10,82.11,resale,2026-10-04T16:02:16Z
135,25,13,119.0,resale,2026-10-04T16:02:16Z
135,25,14,119.0,resale,2026-10-04T16:02:16Z
112,2,3,643.5,resale,2026-10-04T16:02:16Z
215,5,5,450.45,resale,2026-10-04T16:02:16Z
215,5,6,450.45,resale,2026-10-04T16:02:16Z
215,5,7,450.45,resale,2026-10-04T16:02:16Z
215,5,8,450.45,resale,2026-10-04T16:02:16Z
226,11,7,71.4,resale,2026-10-04T16:02:16Z
226,11,8,71.4,resale,2026-10-04T16:02:16Z
103,47,1,136.85,resale,2026-10-04T16:02:16Z
322,10,15,71.4,resale,2026-10-04T16:02:16Z
322,10,16,71.4,resale,2026-10-04T16:02:16Z
319,3,17,71.4,resale,2026-10-04T16:02:16Z
319,3,18,71.4,resale,2026-10-04T16:02:16Z
221A,12,1,83.3,resale,2026-10-04T16:02:16Z
221A,12,2,83.3,resale,2026-10-04T16:02:16Z
335,13,22,67.83,resale,2026-10-04T16:02:16Z
335,13,23,67.83,resale,2026-10-04T16:02:16Z
335,13,20,69.02,resale,2026-10-04T16:02:16Z
335,13,21,69.02,resale,2026-10-04T16:02:16Z
224A,8,2,86.87,resale,2026-10-04T16:02:16Z
224A,8,3,86.87,resale,2026-10-04T16:02:16Z
224A,8,4,86.87,resale,2026-10-04T16:02:16Z
143,6,9,172.55,resale,2026-10-04T16:02:16Z
143,6,10,172.55,resale,2026-10-04T16:02:16Z
143,6,11,172.55,resale,2026-10-04T16:02:16Z
143,6,12,172.55,resale,2026-10-04T16:02:16Z
333,13,15,71.4,resale,2026-10-04T16:02:16Z
333,13,16,71.4,resale,2026-10-04T16:02:16Z
235,3,2,358.02,resale,2026-10-04T16:02:16Z
235,3,3,358.02,resale,2026-10-04T16:02:16Z
235,3,4,358.02,resale,2026-10-04T16:02:16Z
103,38,1,135.66,resale,2026-10-04T16:02:16Z
103,38,2,135.66,resale,2026-10-04T16:02:16Z
332,15,23,65.45,resale,2026-10-04T16:02:16Z
332,15,24,65.45,resale,2026-10-04T16:02:16Z
243,6,11,184.45,resale,2026-10-04T16:02:16Z
243,6,12,184.45,resale,2026-10-04T16:02:16Z
128,8,17,202.3,resale,2026-10-04T16:02:16Z
128,8,18,202.3,resale,2026-10-04T16:02:16Z
207A,13,1,83.3,resale,2026-10-04T16:02:16Z
207A,13,2,83.3,resale,2026-10-04T16:02:16Z
106,34,21,98.77,resale,2026-10-04T16:02:16Z
106,34,22,98.77,resale,2026-10-04T16:02:16Z
220C,13,5,178.5,resale,2026-10-04T16:02:16Z
220C,13,6,178.5,resale,2026-10-04T16:02:16Z
313,1,1,160.65,resale,2026-10-04T16:02:16Z
313,1,2,160.65,resale,2026-10-04T16:02:16Z
336,11,13,80.92,resale,2026-10-04T16:02:16Z
336,11,14,80.92,resale,2026-10-04T16:02:16Z
336,11,15,80.92,resale,2026-10-04T16:02:16Z
336,11,16,80.92,resale,2026-10-04T16:02:16Z
210,12,9,182.07,resale,2026-10-04T16:02:16Z
210,12,10,182.07,resale,2026-10-04T16:02:16Z
106,38,23,119.0,resale,2026-10-04T16:02:16Z
126,40,28,204.09,resale,2026-10-04T16:02:16Z
126,40,29,204.09,resale,2026-10-04T16:02:16Z
309,13,5,80.92,resale,2026-10-04T16:02:16Z
309,13,6,80.92,resale,2026-10-04T16:02:16Z
101,44,7,89.25,resale,2026-10-04T16:02:16Z
101,44,8,89.25,resale,2026-10-04T16:02:16Z
108,17,5,178.5,resale,2026-10-04T16:02:16Z
108,17,6,178.5,resale,2026-10-04T16:02:16Z
108,17,7,178.5,resale,2026-10-04T16:02:16Z
108,17,8,178.5,resale,2026-10-04T16:02:16Z
143,11,5,238.0,resale,2026-10-04T16:02:16Z
143,11,6,238.0,resale,2026-10-04T16:02:16Z
202A,12,21,97.58,resale,2026-10-04T16:02:16Z
126,20,16,89.25,resale,2026-10-04T16:02:16Z
246A,1,5,180.88,resale,2026-10-04T16:02:16Z
246A,1,6,180.88,resale,2026-10-04T16:02:16Z
104,12,22,142.8,resale,2026-10-04T16:02:16Z
104,12,23,142.8,resale,2026-10-04T16:02:16Z
335,26,28,78.54,resale,2026-10-04T16:02:16Z
335,26,29,78.54,resale,2026-10-04T16:02:16Z
341,22,2,119.0,resale,2026-10-04T16:02:16Z
341,22,3,119.0,resale,2026-10-04T16:02:16Z
341,22,4,119.0,resale,2026-10-04T16:02:16Z
225B,17,8,177.31,resale,2026-10-04T16:02:16Z
225B,17,9,177.31,resale,2026-10-04T16:02:16Z
225B,17,10,177.31,resale,2026-10-04T16:02:16Z
244,11,17,238.0,resale,2026-10-04T16:02:16Z
244,11,18,238.0,resale,2026-10-04T16:02:16Z
309,13,1,136.85,resale,2026-10-04T16:02:16Z
309,13,2,136.85,resale,2026-10-04T16:02:16Z
318,13,26,89.25,resale,2026-10-04T16:02:16Z
318,13,27,89.25,resale,2026-10-04T16:02:16Z
312,18,5,113.05,resale,2026-10-04T16:02:16Z
312,18,6,113.05,resale,2026-10-04T16:02:16Z
237,14,11,238.0,resale,2026-10-04T16:02:16Z
237,14,12,238.0,resale,2026-10-04T16:02:16Z
143,23,5,148.75,resale,2026-10-04T16:02:16Z
143,23,6,148.75,resale,2026-10-04T16:02:16Z
203A,12,9,173.74,resale,2026-10-04T16:02:16Z
323,8,7,71.4,resale,2026-10-04T16:02:16Z
323,8,8,71.4,resale,2026-10-04T16:02:16Z
323,8,9,71.4,resale,2026-10-04T16:02:16Z
323,8,10,71.4,resale,2026-10-04T16:02:16Z
135,22,5,152.32,resale,2026-10-04T16:02:16Z
135,22,6,152.32,resale,2026-10-04T16:02:16Z
318,15,1,110.67,resale,2026-10-04T16:02:16Z
318,15,2,110.67,resale,2026-10-04T16:02:16Z
236,2,20,328.44,resale,2026-10-04T16:02:16Z
236,2,21,328.44,resale,2026-10-04T16:02:16Z
236,2,22,328.44,resale,2026-10-04T16:02:16Z
236,2,23,328.44,resale,2026-10-04T16:02:16Z
317,16,6,78.54,resale,2026-10-04T16:02:16Z
317,16,7,78.54,resale,2026-10-04T16:02:16Z
143,11,17,178.5,resale,2026-10-04T16:02:16Z
143,11,18,178.5,resale,2026-10-04T16:02:16Z
250B,18,7,133.28,resale,2026-10-04T16:02:16Z
142,28,31,113.05,resale,2026-10-04T16:02:16Z
142,28,32,113.05,resale,2026-10-04T16:02:16Z
140,8,5,286.79,resale,2026-10-04T16:02:16Z
140,8,6,286.79,resale,2026-10-04T16:02:16Z
140,8,7,286.79,resale,2026-10-04T16:02:16Z
140,8,8,286.79,resale,2026-10-04T16:02:16Z
140,8,9,286.79,resale,2026-10-04T16:02:16Z
140,8,10,286.79,resale,2026-10-04T16:02:16Z
123,32,1,177.31,resale,2026-10-04T16:02:16Z
123,32,2,177.31,resale,2026-10-04T16:02:16Z
118,27,22,105.91,resale,2026-10-04T16:02:16Z
118,27,23,105.91,resale,2026-10-04T16:02:16Z
219,8,3,246.33,resale,2026-10-04T16:02:16Z
219,8,4,246.33,resale,2026-10-04T16:02:16Z
131,43,24,98.77,resale,2026-10-04T16:02:16Z
131,43,25,98.77,resale,2026-10-04T16:02:16Z
226,10,23,133.28,resale,2026-10-04T16:02:16Z
226,10,24,133.28,resale,2026-10-04T16:02:16Z
226,10,25,133.28,resale,2026-10-04T16:02:16Z
226,10,26,133.28,resale,2026-10-04T16:02:16Z
217,14,1,297.5,resale,2026-10-04T16:02:16Z
217,14,2,297.5,resale,2026-10-04T16:02:16Z
134,15,24,153.51,resale,2026-10-04T16:02:16Z
134,15,25,153.51,resale,2026-10-04T16:02:16Z
128,6,16,185.64,resale,2026-10-04T16:02:16Z
128,6,17,185.64,resale,2026-10-04T16:02:16Z
128,6,18,185.64,resale,2026-10-04T16:02:16Z
101,12,13,177.31,resale,2026-10-04T16:02:16Z
101,12,14,177.31,resale,2026-10-04T16:02:16Z
101,12,15,177.31,resale,2026-10-04T16:02:16Z
101,12,16,177.31,resale,2026-10-04T16:02:16Z
226,5,22,104.72,resale,2026-10-04T16:02:16Z
121,21,12,113.05,resale,2026-10-04T16:02:16Z
121,21,13,113.05,resale,2026-10-04T16:02:16Z
140,18,9,277.27,resale,2026-10-04T16:02:16Z
140,18,10,277.27,resale,2026-10-04T16:02:16Z
117,4,18,145.18,resale,2026-10-04T16:02:16Z
117,4,19,145.18,resale,2026-10-04T16:02:16Z
117,4,20,145.18,resale,2026-10-04T16:02:16Z
331,12,7,59.5,resale,2026-10-04T16:02:16Z
331,12,8,59.5,resale,2026-10-04T16:02:16Z
201,3,24,119.0,resale,2026-10-04T16:02:16Z
201,3,25,119.0,resale,2026-10-04T16:02:16Z
144,17,1,264.44,resale,2026-10-04T16:02:16Z
144,17,2,264.44,resale,2026-10-04T16:02:16Z
303,22,15,66.64,resale,2026-10-04T16:02:16Z
303,22,16,66.64,resale,2026-10-04T16:02:16Z
303,22,17,66.64,resale,2026-10-04T16:02:16Z
146,38,7,119.0,resale,2026-10-04T16:02:16Z
146,38,8,119.0,resale,2026-10-04T16:02:16Z
231A,12,15,178.5,resale,2026-10-04T16:02:16Z
325,25,3,59.5,resale,2026-10-04T16:02:16Z
325,25,4,59.5,resale,2026-10-04T16:02:16Z
249B,6,23,88.06,resale,2026-10-04T16:02:16Z
139,19,25,190.4,resale,2026-10-04T16:02:16Z
139,19,26,190.4,resale,2026-10-04T16:02:16Z
224A,2,16,119.0,resale,2026-10-04T16:02:16Z
224A,2,17,119.0,resale,2026-10-04T16:02:16Z
212,6,11,208.25,resale,2026-10-04T16:02:16Z
212,6,12,208.25,resale,2026-10-04T16:02:16Z
212,6,13,208.25,resale,2026-10-04T16:02:16Z
212,6,14,208.25,resale,2026-10-04T16:02:16Z
212,6,15,208.25,resale,2026-10-04T16:02:16Z
212,6,16,208.25,resale,2026-10-04T16:02:16Z
229,2,19,95.2,resale,2026-10-04T16:02:16Z
229,2,20,95.2,resale,2026-10-04T16:02:16Z
103,30,13,83.3,resale,2026-10-04T16:02:16Z
103,30,14,83.3,resale,2026-10-04T16:02:16Z
309,22,19,71.4,resale,2026-10-04T16:02:16Z
309,22,20,71.4,resale,2026-10-04T16:02:16Z
309,22,21,71.4,resale,2026-10-04T16:02:16Z
309,22,22,71.4,resale,2026-10-04T16:02:16Z
218,2,19,351.05,resale,2026-10-04T16:02:16Z
218,2,20,351.05,resale,2026-10-04T16:02:16Z
218,2,21,351.05,resale,2026-10-04T16:02:16Z
123,26,29,119.0,resale,2026-10-04T16:02:16Z
323,11,1,57.12,resale,2026-10-04T16:02:16Z
323,11,2,57.12,resale,2026-10-04T16:02:16Z
301,16,13,89.25,resale,2026-10-04T16:02:16Z
301,16,14,89.25,resale,2026-10-04T16:02:16Z
128,32,5,119.0,resale,2026-10-04T16:02:16Z
305,13,11,66.64,resale,2026-10-04T16:02:16Z
305,13,12,66.64,resale,2026-10-04T16:02:16Z
148,45,5,95.2,resale,2026-10-04T16:02:16Z
148,45,6,95.2,resale,2026-10-04T16:02:16Z
321,5,14,63.07,resale,2026-10-04T16:02:16Z
321,5,15,63.07,resale,2026-10-04T16:02:16Z
309,14,14,57.12,resale,2026-10-04T16:02:16Z
309,14,15,57.12,resale,2026-10-04T16:02:16Z
340,14,1,71.4,resale,2026-10-04T16:02:16Z
340,14,2,71.4,resale,2026-10-04T16:02:16Z
246A,6,6,161.84,resale,2026-10-04T16:02:16Z
246A,6,7,161.84,resale,2026-10-04T16:02:16Z
134,19,27,226.1,resale,2026-10-04T16:02:16Z
134,19,28,226.1,resale,2026-10-04T16:02:16Z
316,8,1,141.61,resale,2026-10-04T16:02:16Z
104,44,23,159.46,resale,2026-10-04T16:02:16Z
104,44,24,159.46,resale,2026-10-04T16:02:16Z
239,3,13,166.6,resale,2026-10-04T16:02:16Z
239,3,14,166.6,resale,2026-10-04T16:02:16Z
117,12,12,214.2,resale,2026-10-04T16:02:16Z
113,14,13,585.0,resale,2026-10-04T16:02:16Z
113,14,14,585.0,resale,2026-10-04T16:02:16Z
321,16,22,66.64,resale,2026-10-04T16:02:16Z
321,16,23,66.64,resale,2026-10-04T16:02:16Z
104,45,17,89.25,resale,2026-10-04T16:02:16Z
104,45,18,89.25,resale,2026-10-04T16:02:16Z
133,34,19,119.0,resale,2026-10-04T16:02:16Z
133,34,20,119.0,resale,2026-10-04T16:02:16Z
139,31,10,287.98,resale,2026-10-04T16:02:16Z
229,8,13,89.25,resale,2026-10-04T16:02:16Z
229,8,14,89.25,resale,2026-10-04T16:02:16Z
133,15,2,154.7,resale,2026-10-04T16:02:16Z
230A,6,5,140.42,resale,2026-10-04T16:02:16Z
230A,6,6,140.42,resale,2026-10-04T16:02:16Z
101,39,17,83.3,resale,2026-10-04T16:02:16Z
316,24,27,89.25,resale,2026-10-04T16:02:16Z
316,24,28,89.25,resale,2026-10-04T16:02:16Z
335,7,19,57.12,resale,2026-10-04T16:02:16Z
335,7,20,57.12,resale,2026-10-04T16:02:16Z
135,20,27,178.5,resale,2026-10-04T16:02:16Z
135,20,28,178.5,resale,2026-10-04T16:02:16Z
316,17,12,59.5,resale,2026-10-04T16:02:16Z
316,17,13,59.5,resale,2026-10-04T16:02:16Z
210,7,5,233.24,resale,2026-10-04T16:02:16Z
210,7,6,233.24,resale,2026-10-04T16:02:16Z
210,7,7,233.24,resale,2026-10-04T16:02:16Z
210,7,8,233.24,resale,2026-10-04T16:02:16Z
146,36,27,101.15,resale,2026-10-04T16:02:16Z
146,36,28,101.15,resale,2026-10-04T16:02:16Z
320,18,11,77.35,resale,2026-10-04T16:02:16Z
320,18,12,77.35,resale,2026-10-04T16:02:16Z
305,22,21,83.3,resale,2026-10-04T16:02:16Z
305,22,22,83.3,resale,2026-10-04T16:02:16Z
343,1,3,72.59,resale,2026-10-04T16:02:16Z
343,1,4,72.59,resale,2026-10-04T16:02:16Z
343,1,5,72.59,resale,2026-10-04T16:02:16Z
343,1,6,72.59,resale,2026-10-04T16:02:16Z
340,11,1,71.4,resale,2026-10-04T16:02:16Z
340,11,2,71.4,resale,2026-10-04T16:02:16Z
340,11,3,71.4,resale,2026-10-04T16:02:16Z
340,11,4,71.4,resale,2026-10-04T16:02:16Z
146,30,28,190.4,resale,2026-10-04T16:02:16Z
146,30,29,190.4,resale,2026-10-04T16:02:16Z
121,32,22,133.28,resale,2026-10-04T16:02:16Z
121,32,23,133.28,resale,2026-10-04T16:02:16Z
121,24,7,117.81,resale,2026-10-04T16:02:16Z
313,19,1,59.5,resale,2026-10-04T16:02:16Z
313,19,2,59.5,resale,2026-10-04T16:02:16Z
114,23,13,526.5,resale,2026-10-04T16:02:16Z
114,23,14,526.5,resale,2026-10-04T16:02:16Z
140,28,15,136.85,resale,2026-10-04T16:02:16Z
140,28,16,136.85,resale,2026-10-04T16:02:16Z
101,17,23,95.2,resale,2026-10-04T16:02:16Z
101,17,24,95.2,resale,2026-10-04T16:02:16Z
224B,14,7,152.32,resale,2026-10-04T16:02:16Z
224B,14,8,152.32,resale,2026-10-04T16:02:16Z
224B,14,9,152.32,resale,2026-10-04T16:02:16Z
224B,14,10,152.32,resale,2026-10-04T16:02:16Z
108,31,26,119.0,resale,2026-10-04T16:02:16Z
108,31,27,119.0,resale,2026-10-04T16:02:16Z
108,31,28,119.0,resale,2026-10-04T16:02:16Z
318,15,21,57.12,resale,2026-10-04T16:02:16Z
318,15,22,57.12,resale,2026-10-04T16:02:16Z
114,23,11,526.5,resale,2026-10-04T16:02:16Z
114,23,12,526.5,resale,2026-10-04T16:02:16Z
103,33,5,94.01,resale,2026-10-04T16:02:16Z
113,18,9,497.25,resale,2026-10-04T16:02:16Z
113,18,10,497.25,resale,2026-10-04T16:02:16Z
148,11,16,89.25,resale,2026-10-04T16:02:16Z
148,11,17,89.25,resale,2026-10-04T16:02:16Z
212,7,11,201.11,resale,2026-10-04T16:02:16Z
212,7,12,201.11,resale,2026-10-04T16:02:16Z
337,8,15,92.82,resale,2026-10-04T16:02:16Z
337,8,16,92.82,resale,2026-10-04T16:02:16Z
311,4,17,89.25,resale,2026-10-04T16:02:16Z
311,4,18,89.25,resale,2026-10-04T16:02:16Z
123,41,7,177.31,resale,2026-10-04T16:02:16Z
123,41,8,177.31,resale,2026-10-04T16:02:16Z
106,20,5,107.1,resale,2026-10-04T16:02:16Z
106,20,6,107.1,resale,2026-10-04T16:02:16Z
330,9,3,47.6,resale,2026-10-04T16:02:16Z
330,9,4,47.6,resale,2026-10-04T16:02:16Z
222A,1,2,142.8,resale,2026-10-04T16:02:16Z
227B,17,11,59.5,resale,2026-10-04T16:02:16Z
227B,17,12,59.5,resale,2026-10-04T16:02:16Z
124,44,16,101.15,resale,2026-10-04T16:02:16Z
244,12,21,238.0,resale,2026-10-04T16:02:16Z
244,12,22,238.0,resale,2026-10-04T16:02:16Z
343,14,21,57.12,resale,2026-10-04T16:02:16Z
343,14,22,57.12,resale,2026-10-04T16:02:16Z
250A,10,15,119.0,resale,2026-10-04T16:02:16Z
250A,10,16,119.0,resale,2026-10-04T16:02:16Z
250A,10,17,119.0,resale,2026-10-04T16:02:16Z
250A,10,18,119.0,resale,2026-10-04T16:02:16Z
302,26,11,64.26,resale,2026-10-04T16:02:16Z
302,26,12,64.26,resale,2026-10-04T16:02:16Z
129,17,22,89.25,resale,2026-10-04T16:02:16Z
129,17,23,89.25,resale,2026-10-04T16:02:16Z
143,20,10,230.86,resale,2026-10-04T16:02:16Z
314,11,5,94.01,resale,2026-10-04T16:02:16Z
314,11,6,94.01,resale,2026-10-04T16:02:16Z
110,6,7,178.5,resale,2026-10-04T16:02:16Z
110,6,8,178.5,resale,2026-10-04T16:02:16Z
110,6,9,178.5,resale,2026-10-04T16:02:16Z
110,6,10,178.5,resale,2026-10-04T16:02:16Z
225A,9,9,89.25,resale,2026-10-04T16:02:16Z
247A,8,20,86.87,resale,2026-10-04T16:02:16Z
211,8,11,451.62,resale,2026-10-04T16:02:16Z
211,8,12,451.62,resale,2026-10-04T16:02:16Z
211,8,13,451.62,resale,2026-10-04T16:02:16Z
211,8,14,451.62,resale,2026-10-04T16:02:16Z
128,25,28,107.1,resale,2026-10-04T16:02:16Z
128,25,29,107.1,resale,2026-10-04T16:02:16Z
250B,14,7,101.15,resale,2026-10-04T16:02:16Z
250B,14,8,101.15,resale,2026-10-04T16:02:16Z
250B,14,9,101.15,resale,2026-10-04T16:02:16Z
250B,14,10,101.15,resale,2026-10-04T16:02:16Z
244,5,23,178.5,resale,2026-10-04T16:02:16Z
244,5,24,178.5,resale,2026-10-04T16:02:16Z
109,14,4,214.2,resale,2026-10-04T16:02:16Z
314,10,17,53.55,resale,2026-10-04T16:02:16Z
314,10,18,53.55,resale,2026-10-04T16:02:16Z
104,4,3,148.75,resale,2026-10-04T16:02:16Z
104,4,4,148.75,resale,2026-10-04T16:02:16Z
149,47,36,142.8,resale,2026-10-04T16:02:16Z
337,24,9,77.35,resale,2026-10-04T16:02:16Z
337,24,10,77.35,resale,2026-10-04T16:02:16Z
113,24,14,702.0,resale,2026-10-04T16:02:16Z
113,24,15,702.0,resale,2026-10-04T16:02:16Z
149,43,11,90.44,resale,2026-10-04T16:02:16Z
235,11,1,349.86,resale,2026-10-04T16:02:16Z
235,11,2,349.86,resale,2026-10-04T16:02:16Z
235,11,3,349.86,resale,2026-10-04T16:02:16Z
235,11,4,349.86,resale,2026-10-04T16:02:16Z
218,1,1,266.56,resale,2026-10-04T16:02:16Z
106,37,19,101.15,resale,2026-10-04T16:02:16Z
106,37,20,101.15,resale,2026-10-04T16:02:16Z
343,24,21,59.5,resale,2026-10-04T16:02:16Z
343,24,22,59.5,resale,2026-10-04T16:02:16Z
342,18,5,70.21,resale,2026-10-04T16:02:16Z
230A,12,11,119.0,resale,2026-10-04T16:02:16Z
230A,12,12,119.0,resale,2026-10-04T16:02:16Z
112,15,8,485.55,resale,2026-10-04T16:02:16Z
112,15,9,485.55,resale,2026-10-04T16:02:16Z
243,7,15,246.33,resale,2026-10-04T16:02:16Z
243,7,16,246.33,resale,2026-10-04T16:02:16Z
205A,11,9,119.0,resale,2026-10-04T16:02:16Z
133,28,13,89.25,resale,2026-10-04T16:02:16Z
133,28,14,89.25,resale,2026-10-04T16:02:16Z
315,19,15,88.06,resale,2026-10-04T16:02:16Z
315,19,16,88.06,resale,2026-10-04T16:02:16Z
315,19,17,88.06,resale,2026-10-04T16:02:16Z
342,18,7,83.3,resale,2026-10-04T16:02:16Z
342,18,8,83.3,resale,2026-10-04T16:02:16Z
227B,11,5,119.0,resale,2026-10-04T16:02:16Z
227B,11,6,119.0,resale,2026-10-04T16:02:16Z
234,10,19,236.81,resale,2026-10-04T16:02:16Z
234,10,20,236.81,resale,2026-10-04T16:02:16Z
234,10,21,236.81,resale,2026-10-04T16:02:16Z
234,10,22,236.81,resale,2026-10-04T16:02:16Z
144,22,19,119.0,resale,2026-10-04T16:02:16Z
144,22,20,119.0,resale,2026-10-04T16:02:16Z
104,10,7,119.0,resale,2026-10-04T16:02:16Z
104,10,8,119.0,resale,2026-10-04T16:02:16Z
128,41,5,132.09,resale,2026-10-04T16:02:16Z
128,41,6,132.09,resale,2026-10-04T16:02:16Z
140,18,20,280.84,resale,2026-10-04T16:02:16Z
140,18,21,280.84,resale,2026-10-04T16:02:16Z
315,4,21,88.06,resale,2026-10-04T16:02:16Z
315,4,22,88.06,resale,2026-10-04T16:02:16Z
131,28,20,89.25,resale,2026-10-04T16:02:16Z
131,28,21,89.25,resale,2026-10-04T16:02:16Z
131,28,22,89.25,resale,2026-10-04T16:02:16Z
131,28,23,89.25,resale,2026-10-04T16:02:16Z
315,16,13,88.06,resale,2026-10-04T16:02:16Z
315,16,14,88.06,resale,2026-10-04T16:02:16Z
101,34,7,119.0,resale,2026-10-04T16:02:16Z
218,1,4,360.36,resale,2026-10-04T16:02:16Z
227A,9,23,85.68,resale,2026-10-04T16:02:16Z
139,15,3,278.46,resale,2026-10-04T16:02:16Z
139,15,4,278.46,resale,2026-10-04T16:02:16Z
206A,8,7,95.2,resale,2026-10-04T16:02:16Z
206A,8,8,95.2,resale,2026-10-04T16:02:16Z
206A,12,8,95.2,resale,2026-10-04T16:02:16Z
309,6,9,76.16,resale,2026-10-04T16:02:16Z
309,6,10,76.16,resale,2026-10-04T16:02:16Z
220A,11,5,69.02,resale,2026-10-04T16:02:16Z
220A,11,6,69.02,resale,2026-10-04T16:02:16Z
109,20,13,119.0,resale,2026-10-04T16:02:16Z
250B,13,12,83.3,resale,2026-10-04T16:02:16Z
250B,13,13,83.3,resale,2026-10-04T16:02:16Z
250B,13,14,83.3,resale,2026-10-04T16:02:16Z
106,44,19,83.3,resale,2026-10-04T16:02:16Z
106,44,20,83.3,resale,2026-10-04T16:02:16Z
137,15,21,166.6,resale,2026-10-04T16:02:16Z
137,15,22,166.6,resale,2026-10-04T16:02:16Z
204,6,17,77.35,resale,2026-10-04T16:02:16Z
129,35,17,142.8,resale,2026-10-04T16:02:16Z
129,35,18,142.8,resale,2026-10-04T16:02:16Z
129,35,19,142.8,resale,2026-10-04T16:02:16Z
129,35,20,142.8,resale,2026-10-04T16:02:16Z
114,16,9,918.45,resale,2026-10-04T16:02:16Z
114,16,10,918.45,resale,2026-10-04T16:02:16Z
114,16,11,918.45,resale,2026-10-04T16:02:16Z
235,13,3,178.5,resale,2026-10-04T16:02:16Z
235,13,4,178.5,resale,2026-10-04T16:02:16Z
232A,8,6,119.0,resale,2026-10-04T16:02:16Z
232A,8,7,119.0,resale,2026-10-04T16:02:16Z
231A,11,5,94.01,resale,2026-10-04T16:02:16Z
231A,11,6,94.01,resale,2026-10-04T16:02:16Z
231A,11,7,94.01,resale,2026-10-04T16:02:16Z
113,14,1,401.31,resale,2026-10-04T16:02:16Z
113,14,2,401.31,resale,2026-10-04T16:02:16Z
137,17,21,178.5,resale,2026-10-04T16:02:16Z
137,17,22,178.5,resale,2026-10-04T16:02:16Z
218,3,1,232.05,resale,2026-10-04T16:02:16Z
218,3,2,232.05,resale,2026-10-04T16:02:16Z
218,3,3,232.05,resale,2026-10-04T16:02:16Z
218,3,4,232.05,resale,2026-10-04T16:02:16Z
324,10,13,64.26,resale,2026-10-04T16:02:16Z
324,10,14,64.26,resale,2026-10-04T16:02:16Z
208,9,21,165.41,resale,2026-10-04T16:02:16Z
208,9,22,165.41,resale,2026-10-04T16:02:16Z
309,6,1,59.5,resale,2026-10-04T16:02:16Z
309,6,2,59.5,resale,2026-10-04T16:02:16Z
227B,9,12,59.5,resale,2026-10-04T16:02:16Z
329,24,3,47.6,resale,2026-10-04T16:02:16Z
329,24,4,47.6,resale,2026-10-04T16:02:16Z
330,21,3,53.55,resale,2026-10-04T16:02:16Z
330,21,4,53.55,resale,2026-10-04T16:02:16Z
