section,row,seat,price_usd,selection_type,scraped_at
102,33,1,43.6,standard,2026-07-22T18:49:58Z
102,33,2,43.6,standard,2026-07-22T18:49:58Z
102,33,3,43.6,standard,2026-07-22T18:49:58Z
102,34,1,43.6,standard,2026-07-22T18:49:58Z
102,34,2,43.6,standard,2026-07-22T18:49:58Z
102,34,3,43.6,standard,2026-07-22T18:49:58Z
102,35,1,43.6,standard,2026-07-22T18:49:58Z
102,35,2,43.6,standard,2026-07-22T18:49:58Z
102,35,3,43.6,standard,2026-07-22T18:49:58Z
102,36,3,43.6,standard,2026-07-22T18:49:58Z
102,37,1,43.6,standard,2026-07-22T18:49:58Z
102,37,2,43.6,standard,2026-07-22T18:49:58Z
102,37,3,43.6,standard,2026-07-22T18:49:58Z
102,37,4,43.6,standard,2026-07-22T18:49:58Z
102,36,1,43.6,standard,2026-07-22T18:49:58Z
102,36,2,43.6,standard,2026-07-22T18:49:58Z
102,38,1,43.6,standard,2026-07-22T18:49:58Z
102,38,2,43.6,standard,2026-07-22T18:49:58Z
103,37,10,43.6,standard,2026-07-22T18:49:58Z
103,37,11,43.6,standard,2026-07-22T18:49:58Z
103,37,12,43.6,standard,2026-07-22T18:49:58Z
103,37,13,43.6,standard,2026-07-22T18:49:58Z
103,37,14,43.6,standard,2026-07-22T18:49:58Z
103,37,5,43.6,standard,2026-07-22T18:49:58Z
103,37,6,43.6,standard,2026-07-22T18:49:58Z
103,37,7,43.6,standard,2026-07-22T18:49:58Z
103,37,8,43.6,standard,2026-07-22T18:49:58Z
103,37,9,43.6,standard,2026-07-22T18:49:58Z
103,31,5,43.6,standard,2026-07-22T18:49:58Z
103,31,6,43.6,standard,2026-07-22T18:49:58Z
103,31,7,43.6,standard,2026-07-22T18:49:58Z
103,33,10,43.6,standard,2026-07-22T18:49:58Z
103,33,11,43.6,standard,2026-07-22T18:49:58Z
103,33,12,43.6,standard,2026-07-22T18:49:58Z
103,33,13,43.6,standard,2026-07-22T18:49:58Z
103,33,14,43.6,standard,2026-07-22T18:49:58Z
103,33,5,43.6,standard,2026-07-22T18:49:58Z
103,33,6,43.6,standard,2026-07-22T18:49:58Z
103,33,7,43.6,standard,2026-07-22T18:49:58Z
103,33,8,43.6,standard,2026-07-22T18:49:58Z
103,33,9,43.6,standard,2026-07-22T18:49:58Z
103,34,10,43.6,standard,2026-07-22T18:49:58Z
103,34,11,43.6,standard,2026-07-22T18:49:58Z
103,34,12,43.6,standard,2026-07-22T18:49:58Z
103,34,13,43.6,standard,2026-07-22T18:49:58Z
103,34,5,43.6,standard,2026-07-22T18:49:58Z
103,34,6,43.6,standard,2026-07-22T18:49:58Z
103,34,7,43.6,standard,2026-07-22T18:49:58Z
103,34,8,43.6,standard,2026-07-22T18:49:58Z
103,34,9,43.6,standard,2026-07-22T18:49:58Z
103,35,10,43.6,standard,2026-07-22T18:49:58Z
103,35,11,43.6,standard,2026-07-22T18:49:58Z
103,35,12,43.6,standard,2026-07-22T18:49:58Z
103,35,3,43.6,standard,2026-07-22T18:49:58Z
103,35,4,43.6,standard,2026-07-22T18:49:58Z
103,35,5,43.6,standard,2026-07-22T18:49:58Z
103,35,6,43.6,standard,2026-07-22T18:49:58Z
103,35,7,43.6,standard,2026-07-22T18:49:58Z
103,35,8,43.6,standard,2026-07-22T18:49:58Z
103,35,9,43.6,standard,2026-07-22T18:49:58Z
103,36,10,43.6,standard,2026-07-22T18:49:58Z
103,36,11,43.6,standard,2026-07-22T18:49:58Z
103,36,12,43.6,standard,2026-07-22T18:49:58Z
103,36,4,43.6,standard,2026-07-22T18:49:58Z
103,36,5,43.6,standard,2026-07-22T18:49:58Z
103,36,6,43.6,standard,2026-07-22T18:49:58Z
103,36,7,43.6,standard,2026-07-22T18:49:58Z
103,36,8,43.6,standard,2026-07-22T18:49:58Z
103,36,9,43.6,standard,2026-07-22T18:49:58Z
103,38,10,43.6,standard,2026-07-22T18:49:58Z
103,38,11,43.6,standard,2026-07-22T18:49:58Z
103,38,12,43.6,standard,2026-07-22T18:49:58Z
103,38,15,43.6,standard,2026-07-22T18:49:58Z
103,38,16,43.6,standard,2026-07-22T18:49:58Z
103,38,17,43.6,standard,2026-07-22T18:49:58Z
103,38,18,43.6,standard,2026-07-22T18:49:58Z
103,38,4,43.6,standard,2026-07-22T18:49:58Z
103,38,5,43.6,standard,2026-07-22T18:49:58Z
103,38,6,43.6,standard,2026-07-22T18:49:58Z
103,38,7,43.6,standard,2026-07-22T18:49:58Z
103,38,8,43.6,standard,2026-07-22T18:49:58Z
103,38,9,43.6,standard,2026-07-22T18:49:58Z
103,39A,1,43.6,standard,2026-07-22T18:49:58Z
103,39A,2,43.6,standard,2026-07-22T18:49:58Z
103,39A,3,43.6,standard,2026-07-22T18:49:58Z
103,39A,4,43.6,standard,2026-07-22T18:49:58Z
103,39A,5,43.6,standard,2026-07-22T18:49:58Z
103,39A,6,43.6,standard,2026-07-22T18:49:58Z
104,29,3,43.6,standard,2026-07-22T18:49:58Z
104,29,4,43.6,standard,2026-07-22T18:49:58Z
104,37,1,43.6,standard,2026-07-22T18:49:58Z
104,37,2,43.6,standard,2026-07-22T18:49:58Z
104,37,3,43.6,standard,2026-07-22T18:49:58Z
104,37,4,43.6,standard,2026-07-22T18:49:58Z
104,37,5,43.6,standard,2026-07-22T18:49:58Z
104,31,3,43.6,standard,2026-07-22T18:49:58Z
104,31,4,43.6,standard,2026-07-22T18:49:58Z
104,31,5,43.6,standard,2026-07-22T18:49:58Z
104,32,2,43.6,standard,2026-07-22T18:49:58Z
104,34,1,43.6,standard,2026-07-22T18:49:58Z
104,34,2,43.6,standard,2026-07-22T18:49:58Z
104,34,3,43.6,standard,2026-07-22T18:49:58Z
104,34,4,43.6,standard,2026-07-22T18:49:58Z
104,34,5,43.6,standard,2026-07-22T18:49:58Z
104,34,6,43.6,standard,2026-07-22T18:49:58Z
104,36,1,43.6,standard,2026-07-22T18:49:58Z
104,36,2,43.6,standard,2026-07-22T18:49:58Z
104,36,6,43.6,standard,2026-07-22T18:49:58Z
104,36,7,43.6,standard,2026-07-22T18:49:58Z
104,36,8,43.6,standard,2026-07-22T18:49:58Z
105,27,7,48.76,standard,2026-07-22T18:49:58Z
105,24,3,48.76,standard,2026-07-22T18:49:58Z
105,24,4,48.76,standard,2026-07-22T18:49:58Z
105,25,3,48.76,standard,2026-07-22T18:49:58Z
105,26,7,48.76,standard,2026-07-22T18:49:58Z
105,37,10,48.76,standard,2026-07-22T18:49:58Z
105,37,11,48.76,standard,2026-07-22T18:49:58Z
105,37,12,48.76,standard,2026-07-22T18:49:58Z
105,37,13,48.76,standard,2026-07-22T18:49:58Z
105,37,14,48.76,standard,2026-07-22T18:49:58Z
105,37,15,48.76,standard,2026-07-22T18:49:58Z
105,37,16,48.76,standard,2026-07-22T18:49:58Z
105,37,17,48.76,standard,2026-07-22T18:49:58Z
105,37,2,48.76,standard,2026-07-22T18:49:58Z
105,37,3,48.76,standard,2026-07-22T18:49:58Z
105,37,4,48.76,standard,2026-07-22T18:49:58Z
105,37,5,48.76,standard,2026-07-22T18:49:58Z
105,37,6,48.76,standard,2026-07-22T18:49:58Z
105,37,7,48.76,standard,2026-07-22T18:49:58Z
105,37,8,48.76,standard,2026-07-22T18:49:58Z
105,37,9,48.76,standard,2026-07-22T18:49:58Z
105,30,4,48.76,standard,2026-07-22T18:49:58Z
105,30,5,48.76,standard,2026-07-22T18:49:58Z
105,30,6,48.76,standard,2026-07-22T18:49:58Z
105,31,10,48.76,standard,2026-07-22T18:49:58Z
105,31,11,48.76,standard,2026-07-22T18:49:58Z
105,34,10,48.76,standard,2026-07-22T18:49:58Z
105,34,11,48.76,standard,2026-07-22T18:49:58Z
105,34,12,48.76,standard,2026-07-22T18:49:58Z
105,34,13,48.76,standard,2026-07-22T18:49:58Z
105,34,14,48.76,standard,2026-07-22T18:49:58Z
105,34,9,48.76,standard,2026-07-22T18:49:58Z
105,35,9,48.76,standard,2026-07-22T18:49:58Z
105,36,10,48.76,standard,2026-07-22T18:49:58Z
105,36,9,48.76,standard,2026-07-22T18:49:58Z
105,38,10,48.76,standard,2026-07-22T18:49:58Z
105,38,11,48.76,standard,2026-07-22T18:49:58Z
105,38,12,48.76,standard,2026-07-22T18:49:58Z
105,38,13,48.76,standard,2026-07-22T18:49:58Z
105,38,14,48.76,standard,2026-07-22T18:49:58Z
105,38,15,48.76,standard,2026-07-22T18:49:58Z
105,38,16,48.76,standard,2026-07-22T18:49:58Z
105,38,17,48.76,standard,2026-07-22T18:49:58Z
105,38,18,48.76,standard,2026-07-22T18:49:58Z
105,38,2,48.76,standard,2026-07-22T18:49:58Z
105,38,3,48.76,standard,2026-07-22T18:49:58Z
105,38,4,48.76,standard,2026-07-22T18:49:58Z
105,38,5,48.76,standard,2026-07-22T18:49:58Z
105,38,6,48.76,standard,2026-07-22T18:49:58Z
105,38,7,48.76,standard,2026-07-22T18:49:58Z
105,38,8,48.76,standard,2026-07-22T18:49:58Z
105,38,9,48.76,standard,2026-07-22T18:49:58Z
106,25,5,48.76,standard,2026-07-22T18:49:58Z
106,26,23,48.76,standard,2026-07-22T18:49:58Z
106,26,24,48.76,standard,2026-07-22T18:49:58Z
106,37,3,48.76,standard,2026-07-22T18:49:58Z
106,37,4,48.76,standard,2026-07-22T18:49:58Z
106,30,11,48.76,standard,2026-07-22T18:49:58Z
106,30,12,48.76,standard,2026-07-22T18:49:58Z
106,30,13,48.76,standard,2026-07-22T18:49:58Z
106,30,14,48.76,standard,2026-07-22T18:49:58Z
106,30,15,48.76,standard,2026-07-22T18:49:58Z
106,31,20,48.76,standard,2026-07-22T18:49:58Z
106,31,21,48.76,standard,2026-07-22T18:49:58Z
106,36,18,48.76,standard,2026-07-22T18:49:58Z
106,36,19,48.76,standard,2026-07-22T18:49:58Z
106,36,20,48.76,standard,2026-07-22T18:49:58Z
106,39,10,48.76,standard,2026-07-22T18:49:58Z
106,39,11,48.76,standard,2026-07-22T18:49:58Z
106,39,12,48.76,standard,2026-07-22T18:49:58Z
106,39,13,48.76,standard,2026-07-22T18:49:58Z
106,39,14,48.76,standard,2026-07-22T18:49:58Z
106,39,15,48.76,standard,2026-07-22T18:49:58Z
106,39,16,48.76,standard,2026-07-22T18:49:58Z
106,39,17,48.76,standard,2026-07-22T18:49:58Z
106,39,18,48.76,standard,2026-07-22T18:49:58Z
106,39,19,48.76,standard,2026-07-22T18:49:58Z
106,39,6,48.76,standard,2026-07-22T18:49:58Z
106,39,7,48.76,standard,2026-07-22T18:49:58Z
106,39,8,48.76,standard,2026-07-22T18:49:58Z
106,39,9,48.76,standard,2026-07-22T18:49:58Z
106,40,10,48.76,standard,2026-07-22T18:49:58Z
106,40,11,48.76,standard,2026-07-22T18:49:58Z
106,40,12,48.76,standard,2026-07-22T18:49:58Z
106,40,13,48.76,standard,2026-07-22T18:49:58Z
106,40,14,48.76,standard,2026-07-22T18:49:58Z
106,40,15,48.76,standard,2026-07-22T18:49:58Z
106,40,16,48.76,standard,2026-07-22T18:49:58Z
106,40,17,48.76,standard,2026-07-22T18:49:58Z
106,40,18,48.76,standard,2026-07-22T18:49:58Z
106,40,19,48.76,standard,2026-07-22T18:49:58Z
106,40,20,48.76,standard,2026-07-22T18:49:58Z
106,40,21,48.76,standard,2026-07-22T18:49:58Z
106,40,22,48.76,standard,2026-07-22T18:49:58Z
106,40,3,48.76,standard,2026-07-22T18:49:58Z
106,40,4,48.76,standard,2026-07-22T18:49:58Z
106,40,5,48.76,standard,2026-07-22T18:49:58Z
106,40,6,48.76,standard,2026-07-22T18:49:58Z
106,40,7,48.76,standard,2026-07-22T18:49:58Z
106,40,8,48.76,standard,2026-07-22T18:49:58Z
106,40,9,48.76,standard,2026-07-22T18:49:58Z
107,24,17,48.76,standard,2026-07-22T18:49:58Z
107,24,18,48.76,standard,2026-07-22T18:49:58Z
107,25,10,48.76,standard,2026-07-22T18:49:58Z
107,37,12,48.76,standard,2026-07-22T18:49:58Z
107,37,13,48.76,standard,2026-07-22T18:49:58Z
107,37,14,48.76,standard,2026-07-22T18:49:58Z
107,37,15,48.76,standard,2026-07-22T18:49:58Z
107,37,16,48.76,standard,2026-07-22T18:49:58Z
107,37,17,48.76,standard,2026-07-22T18:49:58Z
107,37,18,48.76,standard,2026-07-22T18:49:58Z
107,37,19,48.76,standard,2026-07-22T18:49:58Z
107,37,20,48.76,standard,2026-07-22T18:49:58Z
107,31,12,48.76,standard,2026-07-22T18:49:58Z
107,31,13,48.76,standard,2026-07-22T18:49:58Z
107,31,14,48.76,standard,2026-07-22T18:49:58Z
107,31,8,48.76,standard,2026-07-22T18:49:58Z
107,31,9,48.76,standard,2026-07-22T18:49:58Z
107,32,10,48.76,standard,2026-07-22T18:49:58Z
107,32,8,48.76,standard,2026-07-22T18:49:58Z
107,32,9,48.76,standard,2026-07-22T18:49:58Z
107,33,10,48.76,standard,2026-07-22T18:49:58Z
107,33,11,48.76,standard,2026-07-22T18:49:58Z
107,33,12,48.76,standard,2026-07-22T18:49:58Z
107,33,13,48.76,standard,2026-07-22T18:49:58Z
107,33,14,48.76,standard,2026-07-22T18:49:58Z
107,33,9,48.76,standard,2026-07-22T18:49:58Z
107,34,10,48.76,standard,2026-07-22T18:49:58Z
107,34,11,48.76,standard,2026-07-22T18:49:58Z
107,34,12,48.76,standard,2026-07-22T18:49:58Z
107,34,13,48.76,standard,2026-07-22T18:49:58Z
107,34,14,48.76,standard,2026-07-22T18:49:58Z
107,34,15,48.76,standard,2026-07-22T18:49:58Z
107,34,16,48.76,standard,2026-07-22T18:49:58Z
107,34,17,48.76,standard,2026-07-22T18:49:58Z
107,34,18,48.76,standard,2026-07-22T18:49:58Z
107,34,19,48.76,standard,2026-07-22T18:49:58Z
107,34,3,48.76,standard,2026-07-22T18:49:58Z
107,34,4,48.76,standard,2026-07-22T18:49:58Z
107,34,7,48.76,standard,2026-07-22T18:49:58Z
107,34,8,48.76,standard,2026-07-22T18:49:58Z
107,34,9,48.76,standard,2026-07-22T18:49:58Z
107,35,16,48.76,standard,2026-07-22T18:49:58Z
107,36,13,48.76,standard,2026-07-22T18:49:58Z
107,36,14,48.76,standard,2026-07-22T18:49:58Z
107,36,15,48.76,standard,2026-07-22T18:49:58Z
107,36,16,48.76,standard,2026-07-22T18:49:58Z
107,40,10,48.76,standard,2026-07-22T18:49:58Z
107,40,11,48.76,standard,2026-07-22T18:49:58Z
107,40,12,48.76,standard,2026-07-22T18:49:58Z
107,40,13,48.76,standard,2026-07-22T18:49:58Z
107,40,14,48.76,standard,2026-07-22T18:49:58Z
107,40,3,48.76,standard,2026-07-22T18:49:58Z
107,40,4,48.76,standard,2026-07-22T18:49:58Z
107,40,5,48.76,standard,2026-07-22T18:49:58Z
107,40,6,48.76,standard,2026-07-22T18:49:58Z
107,40,7,48.76,standard,2026-07-22T18:49:58Z
107,40,8,48.76,standard,2026-07-22T18:49:58Z
107,40,9,48.76,standard,2026-07-22T18:49:58Z
108,37,10,48.76,standard,2026-07-22T18:49:58Z
108,37,3,48.76,standard,2026-07-22T18:49:58Z
108,37,4,48.76,standard,2026-07-22T18:49:58Z
108,37,5,48.76,standard,2026-07-22T18:49:58Z
108,37,6,48.76,standard,2026-07-22T18:49:58Z
108,37,7,48.76,standard,2026-07-22T18:49:58Z
108,37,8,48.76,standard,2026-07-22T18:49:58Z
108,37,9,48.76,standard,2026-07-22T18:49:58Z
108,32,12,48.76,standard,2026-07-22T18:49:58Z
108,32,13,48.76,standard,2026-07-22T18:49:58Z
108,32,14,48.76,standard,2026-07-22T18:49:58Z
108,35,10,48.76,standard,2026-07-22T18:49:58Z
108,35,11,48.76,standard,2026-07-22T18:49:58Z
108,35,12,48.76,standard,2026-07-22T18:49:58Z
108,35,13,48.76,standard,2026-07-22T18:49:58Z
108,35,14,48.76,standard,2026-07-22T18:49:58Z
108,35,15,48.76,standard,2026-07-22T18:49:58Z
108,35,16,48.76,standard,2026-07-22T18:49:58Z
108,35,17,48.76,standard,2026-07-22T18:49:58Z
108,35,18,48.76,standard,2026-07-22T18:49:58Z
108,35,19,48.76,standard,2026-07-22T18:49:58Z
108,35,8,48.76,standard,2026-07-22T18:49:58Z
108,35,9,48.76,standard,2026-07-22T18:49:58Z
108,36,10,48.76,standard,2026-07-22T18:49:58Z
108,36,11,48.76,standard,2026-07-22T18:49:58Z
108,36,12,48.76,standard,2026-07-22T18:49:58Z
108,36,13,48.76,standard,2026-07-22T18:49:58Z
108,36,14,48.76,standard,2026-07-22T18:49:58Z
108,36,15,48.76,standard,2026-07-22T18:49:58Z
108,36,16,48.76,standard,2026-07-22T18:49:58Z
108,36,17,48.76,standard,2026-07-22T18:49:58Z
108,36,18,48.76,standard,2026-07-22T18:49:58Z
108,36,19,48.76,standard,2026-07-22T18:49:58Z
108,36,20,48.76,standard,2026-07-22T18:49:58Z
108,36,7,48.76,standard,2026-07-22T18:49:58Z
108,36,8,48.76,standard,2026-07-22T18:49:58Z
108,36,9,48.76,standard,2026-07-22T18:49:58Z
108,40,10,48.76,standard,2026-07-22T18:49:58Z
108,40,11,48.76,standard,2026-07-22T18:49:58Z
108,40,15,48.76,standard,2026-07-22T18:49:58Z
108,40,16,48.76,standard,2026-07-22T18:49:58Z
108,40,17,48.76,standard,2026-07-22T18:49:58Z
108,40,2,48.76,standard,2026-07-22T18:49:58Z
108,40,3,48.76,standard,2026-07-22T18:49:58Z
108,40,4,48.76,standard,2026-07-22T18:49:58Z
108,40,5,48.76,standard,2026-07-22T18:49:58Z
108,40,6,48.76,standard,2026-07-22T18:49:58Z
108,40,9,48.76,standard,2026-07-22T18:49:58Z
109,37,10,48.76,standard,2026-07-22T18:49:58Z
109,37,11,48.76,standard,2026-07-22T18:49:58Z
109,37,12,48.76,standard,2026-07-22T18:49:58Z
109,37,5,48.76,standard,2026-07-22T18:49:58Z
109,37,6,48.76,standard,2026-07-22T18:49:58Z
109,37,7,48.76,standard,2026-07-22T18:49:58Z
109,37,8,48.76,standard,2026-07-22T18:49:58Z
109,37,9,48.76,standard,2026-07-22T18:49:58Z
109,33,10,48.76,standard,2026-07-22T18:49:58Z
109,33,11,48.76,standard,2026-07-22T18:49:58Z
109,33,12,48.76,standard,2026-07-22T18:49:58Z
109,33,13,48.76,standard,2026-07-22T18:49:58Z
109,33,14,48.76,standard,2026-07-22T18:49:58Z
109,33,4,48.76,standard,2026-07-22T18:49:58Z
109,33,5,48.76,standard,2026-07-22T18:49:58Z
109,33,9,48.76,standard,2026-07-22T18:49:58Z
109,35,10,48.76,standard,2026-07-22T18:49:58Z
109,35,11,48.76,standard,2026-07-22T18:49:58Z
109,35,12,48.76,standard,2026-07-22T18:49:58Z
109,35,13,48.76,standard,2026-07-22T18:49:58Z
109,35,8,48.76,standard,2026-07-22T18:49:58Z
109,35,9,48.76,standard,2026-07-22T18:49:58Z
109,36,10,48.76,standard,2026-07-22T18:49:58Z
109,36,11,48.76,standard,2026-07-22T18:49:58Z
109,36,12,48.76,standard,2026-07-22T18:49:58Z
109,36,13,48.76,standard,2026-07-22T18:49:58Z
109,36,7,48.76,standard,2026-07-22T18:49:58Z
109,36,8,48.76,standard,2026-07-22T18:49:58Z
109,36,9,48.76,standard,2026-07-22T18:49:58Z
109,38,10,48.76,standard,2026-07-22T18:49:58Z
109,38,11,48.76,standard,2026-07-22T18:49:58Z
109,38,12,48.76,standard,2026-07-22T18:49:58Z
109,38,13,48.76,standard,2026-07-22T18:49:58Z
109,38,14,48.76,standard,2026-07-22T18:49:58Z
109,38,15,48.76,standard,2026-07-22T18:49:58Z
109,38,16,48.76,standard,2026-07-22T18:49:58Z
109,38,6,48.76,standard,2026-07-22T18:49:58Z
109,38,7,48.76,standard,2026-07-22T18:49:58Z
109,38,8,48.76,standard,2026-07-22T18:49:58Z
109,38,9,48.76,standard,2026-07-22T18:49:58Z
109,39,10,48.76,standard,2026-07-22T18:49:58Z
109,39,11,48.76,standard,2026-07-22T18:49:58Z
109,39,12,48.76,standard,2026-07-22T18:49:58Z
109,39,13,48.76,standard,2026-07-22T18:49:58Z
109,39,14,48.76,standard,2026-07-22T18:49:58Z
109,39,6,48.76,standard,2026-07-22T18:49:58Z
109,39,7,48.76,standard,2026-07-22T18:49:58Z
109,39,8,48.76,standard,2026-07-22T18:49:58Z
109,39,9,48.76,standard,2026-07-22T18:49:58Z
109,40,10,48.76,standard,2026-07-22T18:49:58Z
109,40,11,48.76,standard,2026-07-22T18:49:58Z
109,40,12,48.76,standard,2026-07-22T18:49:58Z
109,40,13,48.76,standard,2026-07-22T18:49:58Z
109,40,4,48.76,standard,2026-07-22T18:49:58Z
109,40,5,48.76,standard,2026-07-22T18:49:58Z
109,40,6,48.76,standard,2026-07-22T18:49:58Z
109,40,7,48.76,standard,2026-07-22T18:49:58Z
109,40,8,48.76,standard,2026-07-22T18:49:58Z
109,40,9,48.76,standard,2026-07-22T18:49:58Z
110,32,12,,,2026-07-22T18:49:58Z
111,28,14,,,2026-07-22T18:49:58Z
111,28,15,,,2026-07-22T18:49:58Z
112,28,5,73.51,standard,2026-07-22T18:49:58Z
112,28,6,73.51,standard,2026-07-22T18:49:58Z
112,28,7,73.51,standard,2026-07-22T18:49:58Z
112,39,7,73.51,standard,2026-07-22T18:49:58Z
112,39,8,73.51,standard,2026-07-22T18:49:58Z
112,39,9,73.51,standard,2026-07-22T18:49:58Z
112,40,10,73.51,standard,2026-07-22T18:49:58Z
112,40,11,73.51,standard,2026-07-22T18:49:58Z
112,40,12,73.51,standard,2026-07-22T18:49:58Z
112,40,8,73.51,standard,2026-07-22T18:49:58Z
112,40,9,73.51,standard,2026-07-22T18:49:58Z
112,7,10,73.51,standard,2026-07-22T18:49:58Z
112,7,11,73.51,standard,2026-07-22T18:49:58Z
112,9,6,73.51,standard,2026-07-22T18:49:58Z
112,9,7,73.51,standard,2026-07-22T18:49:58Z
112,9,8,73.51,standard,2026-07-22T18:49:58Z
114,6,8,73.51,standard,2026-07-22T18:49:58Z
114,6,9,73.51,standard,2026-07-22T18:49:58Z
114,6,10,73.51,standard,2026-07-22T18:49:58Z
114,6,11,73.51,standard,2026-07-22T18:49:58Z
114,7,5,73.51,standard,2026-07-22T18:49:58Z
114,7,6,73.51,standard,2026-07-22T18:49:58Z
114,7,7,73.51,standard,2026-07-22T18:49:58Z
114,7,8,73.51,standard,2026-07-22T18:49:58Z
114,9,9,73.51,standard,2026-07-22T18:49:58Z
114,9,10,73.51,standard,2026-07-22T18:49:58Z
114,9,11,73.51,standard,2026-07-22T18:49:58Z
114,9,12,73.51,standard,2026-07-22T18:49:58Z
114,9,13,73.51,standard,2026-07-22T18:49:58Z
114,9,14,73.51,standard,2026-07-22T18:49:58Z
114,9,15,73.51,standard,2026-07-22T18:49:58Z
114,9,16,73.51,standard,2026-07-22T18:49:58Z
115,31,12,,,2026-07-22T18:49:58Z
116,1,14,73.51,standard,2026-07-22T18:49:58Z
116,17,10,73.51,standard,2026-07-22T18:49:58Z
116,17,11,73.51,standard,2026-07-22T18:49:58Z
116,17,5,73.51,standard,2026-07-22T18:49:58Z
116,17,6,73.51,standard,2026-07-22T18:49:58Z
116,17,7,73.51,standard,2026-07-22T18:49:58Z
116,17,8,73.51,standard,2026-07-22T18:49:58Z
116,17,9,73.51,standard,2026-07-22T18:49:58Z
116,10,6,73.51,standard,2026-07-22T18:49:58Z
116,10,7,73.51,standard,2026-07-22T18:49:58Z
116,13,11,73.51,standard,2026-07-22T18:49:58Z
116,13,12,73.51,standard,2026-07-22T18:49:58Z
116,15,10,73.51,standard,2026-07-22T18:49:58Z
116,15,11,73.51,standard,2026-07-22T18:49:58Z
116,15,12,73.51,standard,2026-07-22T18:49:58Z
116,15,13,73.51,standard,2026-07-22T18:49:58Z
116,15,8,73.51,standard,2026-07-22T18:49:58Z
116,15,9,73.51,standard,2026-07-22T18:49:58Z
116,16,4,73.51,standard,2026-07-22T18:49:58Z
116,16,5,73.51,standard,2026-07-22T18:49:58Z
116,18,4,73.51,standard,2026-07-22T18:49:58Z
116,18,5,73.51,standard,2026-07-22T18:49:58Z
116,18,6,73.51,standard,2026-07-22T18:49:58Z
116,18,7,73.51,standard,2026-07-22T18:49:58Z
116,19,10,73.51,standard,2026-07-22T18:49:58Z
116,19,11,73.51,standard,2026-07-22T18:49:58Z
116,19,9,73.51,standard,2026-07-22T18:49:58Z
116,5,4,73.51,standard,2026-07-22T18:49:58Z
116,5,5,73.51,standard,2026-07-22T18:49:58Z
116,5,6,73.51,standard,2026-07-22T18:49:58Z
116,5,7,73.51,standard,2026-07-22T18:49:58Z
116,5,8,73.51,standard,2026-07-22T18:49:58Z
116,6,5,73.51,standard,2026-07-22T18:49:58Z
116,6,6,73.51,standard,2026-07-22T18:49:58Z
116,6,7,73.51,standard,2026-07-22T18:49:58Z
116,6,8,73.51,standard,2026-07-22T18:49:58Z
116,6,9,73.51,standard,2026-07-22T18:49:58Z
116,6,10,73.51,standard,2026-07-22T18:49:58Z
116,6,11,73.51,standard,2026-07-22T18:49:58Z
116,6,12,73.51,standard,2026-07-22T18:49:58Z
116,7,5,73.51,standard,2026-07-22T18:49:58Z
116,7,6,73.51,standard,2026-07-22T18:49:58Z
116,7,7,73.51,standard,2026-07-22T18:49:58Z
116,7,8,73.51,standard,2026-07-22T18:49:58Z
116,7,9,73.51,standard,2026-07-22T18:49:58Z
116,7,10,73.51,standard,2026-07-22T18:49:58Z
116,7,11,73.51,standard,2026-07-22T18:49:58Z
116,7,12,73.51,standard,2026-07-22T18:49:58Z
116,7,13,73.51,standard,2026-07-22T18:49:58Z
116,7,14,73.51,standard,2026-07-22T18:49:58Z
116,40,5,73.51,standard,2026-07-22T18:49:58Z
116,40,6,73.51,standard,2026-07-22T18:49:58Z
117,17,15,73.51,standard,2026-07-22T18:49:58Z
117,17,16,73.51,standard,2026-07-22T18:49:58Z
117,17,2,73.51,standard,2026-07-22T18:49:58Z
117,17,3,73.51,standard,2026-07-22T18:49:58Z
117,16,7,73.51,standard,2026-07-22T18:49:58Z
117,16,8,73.51,standard,2026-07-22T18:49:58Z
117,19,11,73.51,standard,2026-07-22T18:49:58Z
117,19,12,73.51,standard,2026-07-22T18:49:58Z
117,19,3,73.51,standard,2026-07-22T18:49:58Z
117,19,4,73.51,standard,2026-07-22T18:49:58Z
117,4,5,73.51,standard,2026-07-22T18:49:58Z
117,4,6,73.51,standard,2026-07-22T18:49:58Z
117,8,4,73.51,standard,2026-07-22T18:49:58Z
117,8,5,73.51,standard,2026-07-22T18:49:58Z
117,8,6,73.51,standard,2026-07-22T18:49:58Z
117,8,1,73.51,standard,2026-07-22T18:49:58Z
117,8,2,73.51,standard,2026-07-22T18:49:58Z
117,8,3,73.51,standard,2026-07-22T18:49:58Z
117,9,5,73.51,standard,2026-07-22T18:49:58Z
117,9,6,73.51,standard,2026-07-22T18:49:58Z
118,17,2,73.51,standard,2026-07-22T18:49:58Z
118,17,3,73.51,standard,2026-07-22T18:49:58Z
118,17,4,73.51,standard,2026-07-22T18:49:58Z
118,14,3,73.51,standard,2026-07-22T18:49:58Z
118,14,4,73.51,standard,2026-07-22T18:49:58Z
118,15,10,73.51,standard,2026-07-22T18:49:58Z
118,15,4,73.51,standard,2026-07-22T18:49:58Z
118,15,5,73.51,standard,2026-07-22T18:49:58Z
118,15,6,73.51,standard,2026-07-22T18:49:58Z
118,15,7,73.51,standard,2026-07-22T18:49:58Z
118,15,8,73.51,standard,2026-07-22T18:49:58Z
118,15,9,73.51,standard,2026-07-22T18:49:58Z
118,19,10,73.51,standard,2026-07-22T18:49:58Z
118,19,11,73.51,standard,2026-07-22T18:49:58Z
118,2,4,73.51,standard,2026-07-22T18:49:58Z
118,2,5,73.51,standard,2026-07-22T18:49:58Z
118,2,6,73.51,standard,2026-07-22T18:49:58Z
118,2,3,73.51,standard,2026-07-22T18:49:58Z
118,3,9,73.51,standard,2026-07-22T18:49:58Z
118,3,10,73.51,standard,2026-07-22T18:49:58Z
119,10,3,104.27,standard,2026-07-22T18:49:58Z
119,10,4,104.27,standard,2026-07-22T18:49:58Z
119,10,5,104.27,standard,2026-07-22T18:49:58Z
119,10,6,104.27,standard,2026-07-22T18:49:58Z
119,10,7,104.27,standard,2026-07-22T18:49:58Z
119,10,8,104.27,standard,2026-07-22T18:49:58Z
119,10,9,104.27,standard,2026-07-22T18:49:58Z
119,11,10,104.27,standard,2026-07-22T18:49:58Z
119,11,11,104.27,standard,2026-07-22T18:49:58Z
119,11,5,104.27,standard,2026-07-22T18:49:58Z
119,11,6,104.27,standard,2026-07-22T18:49:58Z
119,11,7,104.27,standard,2026-07-22T18:49:58Z
119,11,8,104.27,standard,2026-07-22T18:49:58Z
119,11,9,104.27,standard,2026-07-22T18:49:58Z
119,12,10,104.27,standard,2026-07-22T18:49:58Z
119,12,11,104.27,standard,2026-07-22T18:49:58Z
119,12,12,104.27,standard,2026-07-22T18:49:58Z
119,12,13,104.27,standard,2026-07-22T18:49:58Z
119,12,5,104.27,standard,2026-07-22T18:49:58Z
119,12,6,104.27,standard,2026-07-22T18:49:58Z
119,12,7,104.27,standard,2026-07-22T18:49:58Z
119,12,8,104.27,standard,2026-07-22T18:49:58Z
119,12,9,104.27,standard,2026-07-22T18:49:58Z
119,13,1,104.27,standard,2026-07-22T18:49:58Z
119,13,2,104.27,standard,2026-07-22T18:49:58Z
119,13,3,104.27,standard,2026-07-22T18:49:58Z
119,13,4,104.27,standard,2026-07-22T18:49:58Z
119,13,5,104.27,standard,2026-07-22T18:49:58Z
119,13,6,104.27,standard,2026-07-22T18:49:58Z
119,13,7,104.27,standard,2026-07-22T18:49:58Z
119,13,8,104.27,standard,2026-07-22T18:49:58Z
119,6,4,104.27,standard,2026-07-22T18:49:58Z
119,6,5,104.27,standard,2026-07-22T18:49:58Z
119,6,6,104.27,standard,2026-07-22T18:49:58Z
119,6,7,104.27,standard,2026-07-22T18:49:58Z
119,6,8,104.27,standard,2026-07-22T18:49:58Z
119,6,9,104.27,standard,2026-07-22T18:49:58Z
119,6,10,104.27,standard,2026-07-22T18:49:58Z
119,6,11,104.27,standard,2026-07-22T18:49:58Z
119,7,5,104.27,standard,2026-07-22T18:49:58Z
119,7,6,104.27,standard,2026-07-22T18:49:58Z
119,7,7,104.27,standard,2026-07-22T18:49:58Z
119,7,8,104.27,standard,2026-07-22T18:49:58Z
119,9,5,104.27,standard,2026-07-22T18:49:58Z
119,9,6,104.27,standard,2026-07-22T18:49:58Z
119,9,7,104.27,standard,2026-07-22T18:49:58Z
119,9,8,104.27,standard,2026-07-22T18:49:58Z
119,9,9,104.27,standard,2026-07-22T18:49:58Z
119,9,10,104.27,standard,2026-07-22T18:49:58Z
119,9,11,104.27,standard,2026-07-22T18:49:58Z
119,27,14,104.27,standard,2026-07-22T18:49:58Z
119,27,15,104.27,standard,2026-07-22T18:49:58Z
119,27,7,104.27,standard,2026-07-22T18:49:58Z
119,27,8,104.27,standard,2026-07-22T18:49:58Z
119,22,1,104.27,standard,2026-07-22T18:49:58Z
119,22,2,104.27,standard,2026-07-22T18:49:58Z
119,25,13,104.27,standard,2026-07-22T18:49:58Z
119,25,14,104.27,standard,2026-07-22T18:49:58Z
119,26,15,104.27,standard,2026-07-22T18:49:58Z
119,26,16,104.27,standard,2026-07-22T18:49:58Z
119,28,14,104.27,standard,2026-07-22T18:49:58Z
119,28,15,104.27,standard,2026-07-22T18:49:58Z
119,3,1,104.27,standard,2026-07-22T18:49:58Z
119,3,2,104.27,standard,2026-07-22T18:49:58Z
119,4,10,104.27,standard,2026-07-22T18:49:58Z
119,4,11,104.27,standard,2026-07-22T18:49:58Z
119,4,12,104.27,standard,2026-07-22T18:49:58Z
119,4,13,104.27,standard,2026-07-22T18:49:58Z
119,5,5,104.27,standard,2026-07-22T18:49:58Z
119,5,6,104.27,standard,2026-07-22T18:49:58Z
119,5,11,104.27,standard,2026-07-22T18:49:58Z
119,5,12,104.27,standard,2026-07-22T18:49:58Z
119,5,13,104.27,standard,2026-07-22T18:49:58Z
119,5,14,104.27,standard,2026-07-22T18:49:58Z
119,39,12,104.27,standard,2026-07-22T18:49:58Z
119,39,13,104.27,standard,2026-07-22T18:49:58Z
119,39,14,104.27,standard,2026-07-22T18:49:58Z
119,39,15,104.27,standard,2026-07-22T18:49:58Z
119,39,16,104.27,standard,2026-07-22T18:49:58Z
119,39,17,104.27,standard,2026-07-22T18:49:58Z
119,40,10,104.27,standard,2026-07-22T18:49:58Z
119,40,11,104.27,standard,2026-07-22T18:49:58Z
119,40,12,104.27,standard,2026-07-22T18:49:58Z
119,40,13,104.27,standard,2026-07-22T18:49:58Z
119,40,14,104.27,standard,2026-07-22T18:49:58Z
119,40,15,104.27,standard,2026-07-22T18:49:58Z
119,40,16,104.27,standard,2026-07-22T18:49:58Z
119,40,17,104.27,standard,2026-07-22T18:49:58Z
119,40,18,104.27,standard,2026-07-22T18:49:58Z
119,40,19,104.27,standard,2026-07-22T18:49:58Z
119,40,20,104.27,standard,2026-07-22T18:49:58Z
119,40,6,104.27,standard,2026-07-22T18:49:58Z
119,40,7,104.27,standard,2026-07-22T18:49:58Z
119,40,8,104.27,standard,2026-07-22T18:49:58Z
119,40,9,104.27,standard,2026-07-22T18:49:58Z
120,1,5,104.27,standard,2026-07-22T18:49:58Z
120,1,6,104.27,standard,2026-07-22T18:49:58Z
120,1,7,104.27,standard,2026-07-22T18:49:58Z
120,1,8,104.27,standard,2026-07-22T18:49:58Z
120,10,10,104.27,standard,2026-07-22T18:49:58Z
120,10,7,104.27,standard,2026-07-22T18:49:58Z
120,10,8,104.27,standard,2026-07-22T18:49:58Z
120,10,9,104.27,standard,2026-07-22T18:49:58Z
120,13,11,104.27,standard,2026-07-22T18:49:58Z
120,13,12,104.27,standard,2026-07-22T18:49:58Z
120,14,1,104.27,standard,2026-07-22T18:49:58Z
120,14,2,104.27,standard,2026-07-22T18:49:58Z
120,14,3,104.27,standard,2026-07-22T18:49:58Z
120,14,4,104.27,standard,2026-07-22T18:49:58Z
120,14,5,104.27,standard,2026-07-22T18:49:58Z
120,14,6,104.27,standard,2026-07-22T18:49:58Z
120,14,7,104.27,standard,2026-07-22T18:49:58Z
120,14,8,104.27,standard,2026-07-22T18:49:58Z
120,15,3,104.27,standard,2026-07-22T18:49:58Z
120,15,4,104.27,standard,2026-07-22T18:49:58Z
120,9,7,104.27,standard,2026-07-22T18:49:58Z
120,9,8,104.27,standard,2026-07-22T18:49:58Z
120,9,9,104.27,standard,2026-07-22T18:49:58Z
120,9,10,104.27,standard,2026-07-22T18:49:58Z
120,2,5,104.27,standard,2026-07-22T18:49:58Z
120,2,6,104.27,standard,2026-07-22T18:49:58Z
120,2,7,104.27,standard,2026-07-22T18:49:58Z
120,2,8,104.27,standard,2026-07-22T18:49:58Z
120,2,9,104.27,standard,2026-07-22T18:49:58Z
120,2,10,104.27,standard,2026-07-22T18:49:58Z
120,2,11,104.27,standard,2026-07-22T18:49:58Z
120,2,12,104.27,standard,2026-07-22T18:49:58Z
120,3,5,104.27,standard,2026-07-22T18:49:58Z
120,3,6,104.27,standard,2026-07-22T18:49:58Z
120,3,7,104.27,standard,2026-07-22T18:49:58Z
120,3,8,104.27,standard,2026-07-22T18:49:58Z
120,3,9,104.27,standard,2026-07-22T18:49:58Z
120,3,10,104.27,standard,2026-07-22T18:49:58Z
120,3,11,104.27,standard,2026-07-22T18:49:58Z
120,3,12,104.27,standard,2026-07-22T18:49:58Z
120,4,4,104.27,standard,2026-07-22T18:49:58Z
120,4,5,104.27,standard,2026-07-22T18:49:58Z
120,4,6,104.27,standard,2026-07-22T18:49:58Z
120,4,7,104.27,standard,2026-07-22T18:49:58Z
120,4,8,104.27,standard,2026-07-22T18:49:58Z
120,4,9,104.27,standard,2026-07-22T18:49:58Z
120,4,1,104.27,standard,2026-07-22T18:49:58Z
120,4,10,104.27,standard,2026-07-22T18:49:58Z
120,4,11,104.27,standard,2026-07-22T18:49:58Z
120,4,12,104.27,standard,2026-07-22T18:49:58Z
120,4,2,104.27,standard,2026-07-22T18:49:58Z
120,4,3,104.27,standard,2026-07-22T18:49:58Z
120,5,4,104.27,standard,2026-07-22T18:49:58Z
120,5,5,104.27,standard,2026-07-22T18:49:58Z
120,5,6,104.27,standard,2026-07-22T18:49:58Z
120,5,7,104.27,standard,2026-07-22T18:49:58Z
120,5,8,104.27,standard,2026-07-22T18:49:58Z
120,5,9,104.27,standard,2026-07-22T18:49:58Z
120,5,1,104.27,standard,2026-07-22T18:49:58Z
120,5,10,104.27,standard,2026-07-22T18:49:58Z
120,5,11,104.27,standard,2026-07-22T18:49:58Z
120,5,12,104.27,standard,2026-07-22T18:49:58Z
120,5,2,104.27,standard,2026-07-22T18:49:58Z
120,5,3,104.27,standard,2026-07-22T18:49:58Z
120,6,4,104.27,standard,2026-07-22T18:49:58Z
120,6,5,104.27,standard,2026-07-22T18:49:58Z
120,6,6,104.27,standard,2026-07-22T18:49:58Z
120,6,7,104.27,standard,2026-07-22T18:49:58Z
120,6,8,104.27,standard,2026-07-22T18:49:58Z
120,6,9,104.27,standard,2026-07-22T18:49:58Z
120,6,1,104.27,standard,2026-07-22T18:49:58Z
120,6,10,104.27,standard,2026-07-22T18:49:58Z
120,6,11,104.27,standard,2026-07-22T18:49:58Z
120,6,12,104.27,standard,2026-07-22T18:49:58Z
120,6,2,104.27,standard,2026-07-22T18:49:58Z
120,6,3,104.27,standard,2026-07-22T18:49:58Z
120,21,7,104.27,standard,2026-07-22T18:49:58Z
120,21,8,104.27,standard,2026-07-22T18:49:58Z
120,21,9,104.27,standard,2026-07-22T18:49:58Z
120,22,5,104.27,standard,2026-07-22T18:49:58Z
120,22,6,104.27,standard,2026-07-22T18:49:58Z
120,22,7,104.27,standard,2026-07-22T18:49:58Z
120,22,8,104.27,standard,2026-07-22T18:49:58Z
120,22,9,104.27,standard,2026-07-22T18:49:58Z
120,26,4,104.27,standard,2026-07-22T18:49:58Z
120,26,5,104.27,standard,2026-07-22T18:49:58Z
120,28,5,104.27,standard,2026-07-22T18:49:58Z
120,28,6,104.27,standard,2026-07-22T18:49:58Z
120,40,10,104.27,standard,2026-07-22T18:49:58Z
121,11,7,104.27,standard,2026-07-22T18:49:58Z
121,11,8,104.27,standard,2026-07-22T18:49:58Z
121,13,5,104.27,standard,2026-07-22T18:49:58Z
121,13,6,104.27,standard,2026-07-22T18:49:58Z
121,13,7,104.27,standard,2026-07-22T18:49:58Z
121,13,8,104.27,standard,2026-07-22T18:49:58Z
121,14,10,104.27,standard,2026-07-22T18:49:58Z
121,14,5,104.27,standard,2026-07-22T18:49:58Z
121,14,6,104.27,standard,2026-07-22T18:49:58Z
121,14,7,104.27,standard,2026-07-22T18:49:58Z
121,14,8,104.27,standard,2026-07-22T18:49:58Z
121,14,9,104.27,standard,2026-07-22T18:49:58Z
121,25,4,104.27,standard,2026-07-22T18:49:58Z
121,25,5,104.27,standard,2026-07-22T18:49:58Z
121,25,6,104.27,standard,2026-07-22T18:49:58Z
121,25,7,104.27,standard,2026-07-22T18:49:58Z
121,25,8,104.27,standard,2026-07-22T18:49:58Z
121,39,3,104.27,standard,2026-07-22T18:49:58Z
121,39,4,104.27,standard,2026-07-22T18:49:58Z
121,39,5,104.27,standard,2026-07-22T18:49:58Z
121,39,6,104.27,standard,2026-07-22T18:49:58Z
121,40,4,104.27,standard,2026-07-22T18:49:58Z
121,40,5,104.27,standard,2026-07-22T18:49:58Z
121,40,6,104.27,standard,2026-07-22T18:49:58Z
121,40,7,104.27,standard,2026-07-22T18:49:58Z
121,7,7,104.27,standard,2026-07-22T18:49:58Z
121,7,8,104.27,standard,2026-07-22T18:49:58Z
121,8,5,104.27,standard,2026-07-22T18:49:58Z
122,15,10,104.27,standard,2026-07-22T18:49:58Z
122,15,7,104.27,standard,2026-07-22T18:49:58Z
122,15,8,104.27,standard,2026-07-22T18:49:58Z
122,15,9,104.27,standard,2026-07-22T18:49:58Z
122,25,3,104.27,standard,2026-07-22T18:49:58Z
122,25,4,104.27,standard,2026-07-22T18:49:58Z
122,25,5,104.27,standard,2026-07-22T18:49:58Z
122,25,6,104.27,standard,2026-07-22T18:49:58Z
122,25,7,104.27,standard,2026-07-22T18:49:58Z
122,25,8,104.27,standard,2026-07-22T18:49:58Z
123,17,10,104.27,standard,2026-07-22T18:49:58Z
123,17,9,104.27,standard,2026-07-22T18:49:58Z
123,20,6,104.27,standard,2026-07-22T18:49:58Z
123,39,8,104.27,standard,2026-07-22T18:49:58Z
123,39,9,104.27,standard,2026-07-22T18:49:58Z
124,10,10,104.27,standard,2026-07-22T18:49:58Z
124,10,5,104.27,standard,2026-07-22T18:49:58Z
124,10,6,104.27,standard,2026-07-22T18:49:58Z
124,10,7,104.27,standard,2026-07-22T18:49:58Z
124,10,8,104.27,standard,2026-07-22T18:49:58Z
124,10,9,104.27,standard,2026-07-22T18:49:58Z
124,11,5,104.27,standard,2026-07-22T18:49:58Z
124,11,6,104.27,standard,2026-07-22T18:49:58Z
124,11,7,104.27,standard,2026-07-22T18:49:58Z
124,11,8,104.27,standard,2026-07-22T18:49:58Z
124,16,7,104.27,standard,2026-07-22T18:49:58Z
124,16,8,104.27,standard,2026-07-22T18:49:58Z
125,14,5,104.27,standard,2026-07-22T18:49:58Z
125,14,6,104.27,standard,2026-07-22T18:49:58Z
125,15,10,104.27,standard,2026-07-22T18:49:58Z
125,15,7,104.27,standard,2026-07-22T18:49:58Z
125,15,8,104.27,standard,2026-07-22T18:49:58Z
125,15,9,104.27,standard,2026-07-22T18:49:58Z
125,18,5,104.27,standard,2026-07-22T18:49:58Z
125,18,6,104.27,standard,2026-07-22T18:49:58Z
125,18,7,104.27,standard,2026-07-22T18:49:58Z
125,18,8,104.27,standard,2026-07-22T18:49:58Z
125,38,5,104.27,standard,2026-07-22T18:49:58Z
125,38,6,104.27,standard,2026-07-22T18:49:58Z
125,38,7,104.27,standard,2026-07-22T18:49:58Z
125,38,8,104.27,standard,2026-07-22T18:49:58Z
126,18,3,104.27,standard,2026-07-22T18:49:58Z
126,18,4,104.27,standard,2026-07-22T18:49:58Z
126,18,5,104.27,standard,2026-07-22T18:49:58Z
126,18,6,104.27,standard,2026-07-22T18:49:58Z
126,18,7,104.27,standard,2026-07-22T18:49:58Z
126,18,8,104.27,standard,2026-07-22T18:49:58Z
126,23,10,104.27,standard,2026-07-22T18:49:58Z
126,23,8,104.27,standard,2026-07-22T18:49:58Z
126,23,9,104.27,standard,2026-07-22T18:49:58Z
126,26,7,104.27,standard,2026-07-22T18:49:58Z
126,26,8,104.27,standard,2026-07-22T18:49:58Z
126,36,10,104.27,standard,2026-07-22T18:49:58Z
126,36,11,104.27,standard,2026-07-22T18:49:58Z
126,36,9,104.27,standard,2026-07-22T18:49:58Z
126,38,13,104.27,standard,2026-07-22T18:49:58Z
126,38,14,104.27,standard,2026-07-22T18:49:58Z
126,39,11,104.27,standard,2026-07-22T18:49:58Z
126,39,12,104.27,standard,2026-07-22T18:49:58Z
126,39,13,104.27,standard,2026-07-22T18:49:58Z
126,39,14,104.27,standard,2026-07-22T18:49:58Z
126,40,10,104.27,standard,2026-07-22T18:49:58Z
126,40,11,104.27,standard,2026-07-22T18:49:58Z
126,40,12,104.27,standard,2026-07-22T18:49:58Z
126,40,13,104.27,standard,2026-07-22T18:49:58Z
126,40,7,104.27,standard,2026-07-22T18:49:58Z
126,40,8,104.27,standard,2026-07-22T18:49:58Z
126,40,9,104.27,standard,2026-07-22T18:49:58Z
127,14,10,104.27,standard,2026-07-22T18:49:58Z
127,14,11,104.27,standard,2026-07-22T18:49:58Z
127,15,3,104.27,standard,2026-07-22T18:49:58Z
127,15,4,104.27,standard,2026-07-22T18:49:58Z
127,19,5,104.27,standard,2026-07-22T18:49:58Z
127,19,6,104.27,standard,2026-07-22T18:49:58Z
127,21,5,104.27,standard,2026-07-22T18:49:58Z
127,21,6,104.27,standard,2026-07-22T18:49:58Z
127,31,3,104.27,standard,2026-07-22T18:49:58Z
127,31,4,104.27,standard,2026-07-22T18:49:58Z
127,34,7,104.27,standard,2026-07-22T18:49:58Z
127,34,8,104.27,standard,2026-07-22T18:49:58Z
127,38,10,104.27,standard,2026-07-22T18:49:58Z
127,38,8,104.27,standard,2026-07-22T18:49:58Z
127,38,9,104.27,standard,2026-07-22T18:49:58Z
127,39,6,104.27,standard,2026-07-22T18:49:58Z
127,39,7,104.27,standard,2026-07-22T18:49:58Z
127,40,10,104.27,standard,2026-07-22T18:49:58Z
127,40,11,104.27,standard,2026-07-22T18:49:58Z
127,40,12,104.27,standard,2026-07-22T18:49:58Z
127,40,6,104.27,standard,2026-07-22T18:49:58Z
127,40,7,104.27,standard,2026-07-22T18:49:58Z
127,40,8,104.27,standard,2026-07-22T18:49:58Z
127,40,9,104.27,standard,2026-07-22T18:49:58Z
128,22,10,104.27,standard,2026-07-22T18:49:58Z
128,22,2,104.27,standard,2026-07-22T18:49:58Z
128,22,3,104.27,standard,2026-07-22T18:49:58Z
128,22,4,104.27,standard,2026-07-22T18:49:58Z
128,22,5,104.27,standard,2026-07-22T18:49:58Z
128,22,6,104.27,standard,2026-07-22T18:49:58Z
128,22,7,104.27,standard,2026-07-22T18:49:58Z
128,22,8,104.27,standard,2026-07-22T18:49:58Z
128,22,9,104.27,standard,2026-07-22T18:49:58Z
128,23,10,104.27,standard,2026-07-22T18:49:58Z
128,23,11,104.27,standard,2026-07-22T18:49:58Z
128,23,12,104.27,standard,2026-07-22T18:49:58Z
128,23,2,104.27,standard,2026-07-22T18:49:58Z
128,23,3,104.27,standard,2026-07-22T18:49:58Z
128,23,4,104.27,standard,2026-07-22T18:49:58Z
128,23,5,104.27,standard,2026-07-22T18:49:58Z
128,23,6,104.27,standard,2026-07-22T18:49:58Z
128,23,7,104.27,standard,2026-07-22T18:49:58Z
128,23,8,104.27,standard,2026-07-22T18:49:58Z
128,23,9,104.27,standard,2026-07-22T18:49:58Z
128,25,5,104.27,standard,2026-07-22T18:49:58Z
128,25,6,104.27,standard,2026-07-22T18:49:58Z
128,38,6,104.27,standard,2026-07-22T18:49:58Z
128,38,7,104.27,standard,2026-07-22T18:49:58Z
128,39,5,104.27,standard,2026-07-22T18:49:58Z
128,39,6,104.27,standard,2026-07-22T18:49:58Z
128,39,7,104.27,standard,2026-07-22T18:49:58Z
128,40,4,104.27,standard,2026-07-22T18:49:58Z
128,40,5,104.27,standard,2026-07-22T18:49:58Z
128,40,6,104.27,standard,2026-07-22T18:49:58Z
128,40,7,104.27,standard,2026-07-22T18:49:58Z
129,11,8,104.27,standard,2026-07-22T18:49:58Z
129,11,9,104.27,standard,2026-07-22T18:49:58Z
129,20,6,104.27,standard,2026-07-22T18:49:58Z
129,20,7,104.27,standard,2026-07-22T18:49:58Z
129,37,10,104.27,standard,2026-07-22T18:49:58Z
129,37,7,104.27,standard,2026-07-22T18:49:58Z
129,37,8,104.27,standard,2026-07-22T18:49:58Z
129,37,9,104.27,standard,2026-07-22T18:49:58Z
129,38,9,104.27,standard,2026-07-22T18:49:58Z
129,39,10,104.27,standard,2026-07-22T18:49:58Z
129,39,3,104.27,standard,2026-07-22T18:49:58Z
129,39,4,104.27,standard,2026-07-22T18:49:58Z
129,39,5,104.27,standard,2026-07-22T18:49:58Z
129,39,6,104.27,standard,2026-07-22T18:49:58Z
129,39,7,104.27,standard,2026-07-22T18:49:58Z
129,39,8,104.27,standard,2026-07-22T18:49:58Z
129,39,9,104.27,standard,2026-07-22T18:49:58Z
129,40,10,104.27,standard,2026-07-22T18:49:58Z
129,40,11,104.27,standard,2026-07-22T18:49:58Z
129,40,12,104.27,standard,2026-07-22T18:49:58Z
129,40,15,104.27,standard,2026-07-22T18:49:58Z
129,40,16,104.27,standard,2026-07-22T18:49:58Z
129,40,6,104.27,standard,2026-07-22T18:49:58Z
129,40,7,104.27,standard,2026-07-22T18:49:58Z
129,40,8,104.27,standard,2026-07-22T18:49:58Z
129,40,9,104.27,standard,2026-07-22T18:49:58Z
129,42,4,104.27,standard,2026-07-22T18:49:58Z
129,42,5,104.27,standard,2026-07-22T18:49:58Z
129,42,6,104.27,standard,2026-07-22T18:49:58Z
129,42,7,104.27,standard,2026-07-22T18:49:58Z
129,42,8,104.27,standard,2026-07-22T18:49:58Z
131,17,5,104.27,standard,2026-07-22T18:49:58Z
131,17,6,104.27,standard,2026-07-22T18:49:58Z
131,18,3,104.27,standard,2026-07-22T18:49:58Z
131,18,4,104.27,standard,2026-07-22T18:49:58Z
131,23,10,104.27,standard,2026-07-22T18:49:58Z
131,23,9,104.27,standard,2026-07-22T18:49:58Z
131,25,8,104.27,standard,2026-07-22T18:49:58Z
131,25,9,104.27,standard,2026-07-22T18:49:58Z
131,29,7,104.27,standard,2026-07-22T18:49:58Z
131,29,8,104.27,standard,2026-07-22T18:49:58Z
131,40,7,104.27,standard,2026-07-22T18:49:58Z
131,40,8,104.27,standard,2026-07-22T18:49:58Z
132,14,12,104.27,standard,2026-07-22T18:49:58Z
132,14,13,104.27,standard,2026-07-22T18:49:58Z
132,14,16,104.27,standard,2026-07-22T18:49:58Z
132,14,17,104.27,standard,2026-07-22T18:49:58Z
132,15,11,104.27,standard,2026-07-22T18:49:58Z
132,15,12,104.27,standard,2026-07-22T18:49:58Z
132,16,11,104.27,standard,2026-07-22T18:49:58Z
132,16,12,104.27,standard,2026-07-22T18:49:58Z
132,16,13,104.27,standard,2026-07-22T18:49:58Z
132,16,14,104.27,standard,2026-07-22T18:49:58Z
132,16,15,104.27,standard,2026-07-22T18:49:58Z
132,16,16,104.27,standard,2026-07-22T18:49:58Z
132,18,3,104.27,standard,2026-07-22T18:49:58Z
132,18,4,104.27,standard,2026-07-22T18:49:58Z
132,18,5,104.27,standard,2026-07-22T18:49:58Z
132,18,6,104.27,standard,2026-07-22T18:49:58Z
132,18,7,104.27,standard,2026-07-22T18:49:58Z
132,18,8,104.27,standard,2026-07-22T18:49:58Z
132,19,5,104.27,standard,2026-07-22T18:49:58Z
132,19,6,104.27,standard,2026-07-22T18:49:58Z
132,24,7,104.27,standard,2026-07-22T18:49:58Z
132,24,8,104.27,standard,2026-07-22T18:49:58Z
132,29,7,104.27,standard,2026-07-22T18:49:58Z
132,29,8,104.27,standard,2026-07-22T18:49:58Z
132,38,10,104.27,standard,2026-07-22T18:49:58Z
132,38,11,104.27,standard,2026-07-22T18:49:58Z
132,38,12,104.27,standard,2026-07-22T18:49:58Z
132,38,8,104.27,standard,2026-07-22T18:49:58Z
132,38,9,104.27,standard,2026-07-22T18:49:58Z
132,39,10,104.27,standard,2026-07-22T18:49:58Z
132,39,11,104.27,standard,2026-07-22T18:49:58Z
132,39,12,104.27,standard,2026-07-22T18:49:58Z
132,39,13,104.27,standard,2026-07-22T18:49:58Z
132,39,14,104.27,standard,2026-07-22T18:49:58Z
132,42,4,104.27,standard,2026-07-22T18:49:58Z
132,42,5,104.27,standard,2026-07-22T18:49:58Z
132,42,6,104.27,standard,2026-07-22T18:49:58Z
132,42,7,104.27,standard,2026-07-22T18:49:58Z
133,19,6,104.27,standard,2026-07-22T18:49:58Z
133,19,7,104.27,standard,2026-07-22T18:49:58Z
133,19,8,104.27,standard,2026-07-22T18:49:58Z
133,19,9,104.27,standard,2026-07-22T18:49:58Z
133,22,5,104.27,standard,2026-07-22T18:49:58Z
133,22,6,104.27,standard,2026-07-22T18:49:58Z
133,30,7,104.27,standard,2026-07-22T18:49:58Z
133,30,8,104.27,standard,2026-07-22T18:49:58Z
133,37,6,104.27,standard,2026-07-22T18:49:58Z
133,40,12,104.27,standard,2026-07-22T18:49:58Z
133,40,13,104.27,standard,2026-07-22T18:49:58Z
133,40,14,104.27,standard,2026-07-22T18:49:58Z
134,18,3,104.27,standard,2026-07-22T18:49:58Z
134,18,4,104.27,standard,2026-07-22T18:49:58Z
134,18,5,104.27,standard,2026-07-22T18:49:58Z
134,18,6,104.27,standard,2026-07-22T18:49:58Z
134,19,5,104.27,standard,2026-07-22T18:49:58Z
134,19,6,104.27,standard,2026-07-22T18:49:58Z
134,20,3,104.27,standard,2026-07-22T18:49:58Z
134,20,4,104.27,standard,2026-07-22T18:49:58Z
134,21,3,104.27,standard,2026-07-22T18:49:58Z
134,21,4,104.27,standard,2026-07-22T18:49:58Z
134,21,5,104.27,standard,2026-07-22T18:49:58Z
134,21,6,104.27,standard,2026-07-22T18:49:58Z
134,21,7,104.27,standard,2026-07-22T18:49:58Z
134,21,8,104.27,standard,2026-07-22T18:49:58Z
134,21,9,104.27,standard,2026-07-22T18:49:58Z
134,25,10,104.27,standard,2026-07-22T18:49:58Z
134,25,11,104.27,standard,2026-07-22T18:49:58Z
134,25,12,104.27,standard,2026-07-22T18:49:58Z
134,25,7,104.27,standard,2026-07-22T18:49:58Z
134,25,8,104.27,standard,2026-07-22T18:49:58Z
134,25,9,104.27,standard,2026-07-22T18:49:58Z
134,26,7,104.27,standard,2026-07-22T18:49:58Z
134,26,8,104.27,standard,2026-07-22T18:49:58Z
134,32,8,104.27,standard,2026-07-22T18:49:58Z
134,32,9,104.27,standard,2026-07-22T18:49:58Z
134,40,10,104.27,standard,2026-07-22T18:49:58Z
134,40,11,104.27,standard,2026-07-22T18:49:58Z
134,40,12,104.27,standard,2026-07-22T18:49:58Z
134,40,5,104.27,standard,2026-07-22T18:49:58Z
134,40,6,104.27,standard,2026-07-22T18:49:58Z
134,40,7,104.27,standard,2026-07-22T18:49:58Z
134,40,8,104.27,standard,2026-07-22T18:49:58Z
134,40,9,104.27,standard,2026-07-22T18:49:58Z
135,10,4,104.27,standard,2026-07-22T18:49:58Z
135,10,5,104.27,standard,2026-07-22T18:49:58Z
135,10,6,104.27,standard,2026-07-22T18:49:58Z
135,16,5,104.27,standard,2026-07-22T18:49:58Z
135,16,6,104.27,standard,2026-07-22T18:49:58Z
135,18,5,104.27,standard,2026-07-22T18:49:58Z
135,18,6,104.27,standard,2026-07-22T18:49:58Z
135,18,7,104.27,standard,2026-07-22T18:49:58Z
135,18,8,104.27,standard,2026-07-22T18:49:58Z
135,19,5,104.27,standard,2026-07-22T18:49:58Z
135,19,6,104.27,standard,2026-07-22T18:49:58Z
135,19,7,104.27,standard,2026-07-22T18:49:58Z
135,19,8,104.27,standard,2026-07-22T18:49:58Z
135,19,9,104.27,standard,2026-07-22T18:49:58Z
135,23,1,104.27,standard,2026-07-22T18:49:58Z
135,23,2,104.27,standard,2026-07-22T18:49:58Z
135,23,3,104.27,standard,2026-07-22T18:49:58Z
135,23,4,104.27,standard,2026-07-22T18:49:58Z
135,23,5,104.27,standard,2026-07-22T18:49:58Z
135,23,6,104.27,standard,2026-07-22T18:49:58Z
135,23,7,104.27,standard,2026-07-22T18:49:58Z
135,23,8,104.27,standard,2026-07-22T18:49:58Z
135,38,7,104.27,standard,2026-07-22T18:49:58Z
135,38,8,104.27,standard,2026-07-22T18:49:58Z
135,38,9,104.27,standard,2026-07-22T18:49:58Z
135,39,6,104.27,standard,2026-07-22T18:49:58Z
135,39,7,104.27,standard,2026-07-22T18:49:58Z
135,39,8,104.27,standard,2026-07-22T18:49:58Z
135,40,10,104.27,standard,2026-07-22T18:49:58Z
135,40,11,104.27,standard,2026-07-22T18:49:58Z
135,40,4,104.27,standard,2026-07-22T18:49:58Z
135,40,5,104.27,standard,2026-07-22T18:49:58Z
135,40,6,104.27,standard,2026-07-22T18:49:58Z
135,40,7,104.27,standard,2026-07-22T18:49:58Z
135,40,8,104.27,standard,2026-07-22T18:49:58Z
135,40,9,104.27,standard,2026-07-22T18:49:58Z
136,15,7,104.27,standard,2026-07-22T18:49:58Z
136,15,8,104.27,standard,2026-07-22T18:49:58Z
136,15,9,104.27,standard,2026-07-22T18:49:58Z
136,16,6,104.27,standard,2026-07-22T18:49:58Z
136,16,7,104.27,standard,2026-07-22T18:49:58Z
136,16,8,104.27,standard,2026-07-22T18:49:58Z
136,25,3,104.27,standard,2026-07-22T18:49:58Z
136,25,4,104.27,standard,2026-07-22T18:49:58Z
136,25,6,104.27,standard,2026-07-22T18:49:58Z
136,25,7,104.27,standard,2026-07-22T18:49:58Z
136,25,8,104.27,standard,2026-07-22T18:49:58Z
136,37,5,104.27,standard,2026-07-22T18:49:58Z
136,37,6,104.27,standard,2026-07-22T18:49:58Z
136,37,7,104.27,standard,2026-07-22T18:49:58Z
136,32,6,104.27,standard,2026-07-22T18:49:58Z
136,32,7,104.27,standard,2026-07-22T18:49:58Z
136,32,8,104.27,standard,2026-07-22T18:49:58Z
136,35,10,104.27,standard,2026-07-22T18:49:58Z
136,35,8,104.27,standard,2026-07-22T18:49:58Z
136,35,9,104.27,standard,2026-07-22T18:49:58Z
136,40,5,104.27,standard,2026-07-22T18:49:58Z
136,40,6,104.27,standard,2026-07-22T18:49:58Z
136,40,7,104.27,standard,2026-07-22T18:49:58Z
136,40,8,104.27,standard,2026-07-22T18:49:58Z
136,40,9,104.27,standard,2026-07-22T18:49:58Z
137,16,5,104.27,standard,2026-07-22T18:49:58Z
137,16,6,104.27,standard,2026-07-22T18:49:58Z
137,16,7,104.27,standard,2026-07-22T18:49:58Z
137,16,8,104.27,standard,2026-07-22T18:49:58Z
137,18,10,104.27,standard,2026-07-22T18:49:58Z
137,18,11,104.27,standard,2026-07-22T18:49:58Z
137,18,12,104.27,standard,2026-07-22T18:49:58Z
137,18,2,104.27,standard,2026-07-22T18:49:58Z
137,18,3,104.27,standard,2026-07-22T18:49:58Z
137,18,4,104.27,standard,2026-07-22T18:49:58Z
137,18,5,104.27,standard,2026-07-22T18:49:58Z
137,18,6,104.27,standard,2026-07-22T18:49:58Z
137,18,7,104.27,standard,2026-07-22T18:49:58Z
137,18,8,104.27,standard,2026-07-22T18:49:58Z
137,18,9,104.27,standard,2026-07-22T18:49:58Z
137,22,2,104.27,standard,2026-07-22T18:49:58Z
137,22,3,104.27,standard,2026-07-22T18:49:58Z
137,22,4,104.27,standard,2026-07-22T18:49:58Z
137,23,3,104.27,standard,2026-07-22T18:49:58Z
137,23,4,104.27,standard,2026-07-22T18:49:58Z
137,28,7,104.27,standard,2026-07-22T18:49:58Z
137,28,8,104.27,standard,2026-07-22T18:49:58Z
137,29,5,104.27,standard,2026-07-22T18:49:58Z
137,29,6,104.27,standard,2026-07-22T18:49:58Z
137,29,7,104.27,standard,2026-07-22T18:49:58Z
137,29,8,104.27,standard,2026-07-22T18:49:58Z
137,33,5,104.27,standard,2026-07-22T18:49:58Z
137,33,6,104.27,standard,2026-07-22T18:49:58Z
137,35,10,104.27,standard,2026-07-22T18:49:58Z
137,35,8,104.27,standard,2026-07-22T18:49:58Z
137,35,9,104.27,standard,2026-07-22T18:49:58Z
138,10,5,104.27,standard,2026-07-22T18:49:58Z
138,10,6,104.27,standard,2026-07-22T18:49:58Z
138,10,7,104.27,standard,2026-07-22T18:49:58Z
138,10,8,104.27,standard,2026-07-22T18:49:58Z
138,11,11,104.27,standard,2026-07-22T18:49:58Z
138,11,12,104.27,standard,2026-07-22T18:49:58Z
138,6,4,104.27,standard,2026-07-22T18:49:58Z
138,6,11,104.27,standard,2026-07-22T18:49:58Z
138,6,12,104.27,standard,2026-07-22T18:49:58Z
138,6,3,104.27,standard,2026-07-22T18:49:58Z
138,8,9,104.27,standard,2026-07-22T18:49:58Z
138,8,10,104.27,standard,2026-07-22T18:49:58Z
138,8,11,104.27,standard,2026-07-22T18:49:58Z
138,8,12,104.27,standard,2026-07-22T18:49:58Z
138,17,7,104.27,standard,2026-07-22T18:49:58Z
138,17,8,104.27,standard,2026-07-22T18:49:58Z
138,17,9,104.27,standard,2026-07-22T18:49:58Z
138,13,7,104.27,standard,2026-07-22T18:49:58Z
138,13,8,104.27,standard,2026-07-22T18:49:58Z
138,16,10,104.27,standard,2026-07-22T18:49:58Z
138,16,9,104.27,standard,2026-07-22T18:49:58Z
138,22,4,104.27,standard,2026-07-22T18:49:58Z
138,22,5,104.27,standard,2026-07-22T18:49:58Z
138,22,6,104.27,standard,2026-07-22T18:49:58Z
138,26,4,104.27,standard,2026-07-22T18:49:58Z
138,26,5,104.27,standard,2026-07-22T18:49:58Z
138,26,6,104.27,standard,2026-07-22T18:49:58Z
138,37,10,104.27,standard,2026-07-22T18:49:58Z
138,37,9,104.27,standard,2026-07-22T18:49:58Z
138,33,8,104.27,standard,2026-07-22T18:49:58Z
138,33,9,104.27,standard,2026-07-22T18:49:58Z
138,35,7,104.27,standard,2026-07-22T18:49:58Z
138,35,8,104.27,standard,2026-07-22T18:49:58Z
138,35,9,104.27,standard,2026-07-22T18:49:58Z
138,39,5,104.27,standard,2026-07-22T18:49:58Z
138,39,6,104.27,standard,2026-07-22T18:49:58Z
139,11,10,104.27,standard,2026-07-22T18:49:58Z
139,11,5,104.27,standard,2026-07-22T18:49:58Z
139,11,6,104.27,standard,2026-07-22T18:49:58Z
139,11,7,104.27,standard,2026-07-22T18:49:58Z
139,11,8,104.27,standard,2026-07-22T18:49:58Z
139,11,9,104.27,standard,2026-07-22T18:49:58Z
139,13,10,104.27,standard,2026-07-22T18:49:58Z
139,13,9,104.27,standard,2026-07-22T18:49:58Z
139,14,5,104.27,standard,2026-07-22T18:49:58Z
139,14,6,104.27,standard,2026-07-22T18:49:58Z
139,14,7,104.27,standard,2026-07-22T18:49:58Z
139,14,8,104.27,standard,2026-07-22T18:49:58Z
139,18,1,104.27,standard,2026-07-22T18:49:58Z
139,18,2,104.27,standard,2026-07-22T18:49:58Z
139,19,10,104.27,standard,2026-07-22T18:49:58Z
139,19,9,104.27,standard,2026-07-22T18:49:58Z
139,27,10,104.27,standard,2026-07-22T18:49:58Z
139,27,9,104.27,standard,2026-07-22T18:49:58Z
139,28,4,104.27,standard,2026-07-22T18:49:58Z
139,28,5,104.27,standard,2026-07-22T18:49:58Z
139,29,5,104.27,standard,2026-07-22T18:49:58Z
139,29,6,104.27,standard,2026-07-22T18:49:58Z
139,29,7,104.27,standard,2026-07-22T18:49:58Z
139,37,10,104.27,standard,2026-07-22T18:49:58Z
139,37,11,104.27,standard,2026-07-22T18:49:58Z
139,37,6,104.27,standard,2026-07-22T18:49:58Z
139,37,7,104.27,standard,2026-07-22T18:49:58Z
139,37,8,104.27,standard,2026-07-22T18:49:58Z
139,37,9,104.27,standard,2026-07-22T18:49:58Z
139,32,6,104.27,standard,2026-07-22T18:49:58Z
139,32,7,104.27,standard,2026-07-22T18:49:58Z
139,33,2,104.27,standard,2026-07-22T18:49:58Z
139,33,3,104.27,standard,2026-07-22T18:49:58Z
139,33,4,104.27,standard,2026-07-22T18:49:58Z
139,33,5,104.27,standard,2026-07-22T18:49:58Z
139,34,10,104.27,standard,2026-07-22T18:49:58Z
139,34,8,104.27,standard,2026-07-22T18:49:58Z
139,34,9,104.27,standard,2026-07-22T18:49:58Z
139,35,8,104.27,standard,2026-07-22T18:49:58Z
139,35,9,104.27,standard,2026-07-22T18:49:58Z
139,36,10,104.27,standard,2026-07-22T18:49:58Z
139,36,7,104.27,standard,2026-07-22T18:49:58Z
139,36,8,104.27,standard,2026-07-22T18:49:58Z
139,36,9,104.27,standard,2026-07-22T18:49:58Z
139,38,10,104.27,standard,2026-07-22T18:49:58Z
139,38,3,104.27,standard,2026-07-22T18:49:58Z
139,38,4,104.27,standard,2026-07-22T18:49:58Z
139,38,5,104.27,standard,2026-07-22T18:49:58Z
139,38,6,104.27,standard,2026-07-22T18:49:58Z
139,38,7,104.27,standard,2026-07-22T18:49:58Z
139,38,8,104.27,standard,2026-07-22T18:49:58Z
139,38,9,104.27,standard,2026-07-22T18:49:58Z
139,6,5,104.27,standard,2026-07-22T18:49:58Z
139,6,6,104.27,standard,2026-07-22T18:49:58Z
139,7,7,104.27,standard,2026-07-22T18:49:58Z
139,7,8,104.27,standard,2026-07-22T18:49:58Z
139,7,9,104.27,standard,2026-07-22T18:49:58Z
139,7,10,104.27,standard,2026-07-22T18:49:58Z
139,7,11,104.27,standard,2026-07-22T18:49:58Z
139,7,12,104.27,standard,2026-07-22T18:49:58Z
139,9,7,104.27,standard,2026-07-22T18:49:58Z
139,9,8,104.27,standard,2026-07-22T18:49:58Z
140,12,3,104.27,standard,2026-07-22T18:49:58Z
140,12,4,104.27,standard,2026-07-22T18:49:58Z
140,12,5,104.27,standard,2026-07-22T18:49:58Z
140,12,6,104.27,standard,2026-07-22T18:49:58Z
140,12,7,104.27,standard,2026-07-22T18:49:58Z
140,13,10,104.27,standard,2026-07-22T18:49:58Z
140,13,11,104.27,standard,2026-07-22T18:49:58Z
140,13,12,104.27,standard,2026-07-22T18:49:58Z
140,13,2,104.27,standard,2026-07-22T18:49:58Z
140,13,3,104.27,standard,2026-07-22T18:49:58Z
140,13,4,104.27,standard,2026-07-22T18:49:58Z
140,13,5,104.27,standard,2026-07-22T18:49:58Z
140,13,6,104.27,standard,2026-07-22T18:49:58Z
140,13,7,104.27,standard,2026-07-22T18:49:58Z
140,13,8,104.27,standard,2026-07-22T18:49:58Z
140,13,9,104.27,standard,2026-07-22T18:49:58Z
140,16,5,104.27,standard,2026-07-22T18:49:58Z
140,16,6,104.27,standard,2026-07-22T18:49:58Z
140,18,10,104.27,standard,2026-07-22T18:49:58Z
140,18,9,104.27,standard,2026-07-22T18:49:58Z
140,8,4,104.27,standard,2026-07-22T18:49:58Z
140,8,5,104.27,standard,2026-07-22T18:49:58Z
140,8,6,104.27,standard,2026-07-22T18:49:58Z
140,8,3,104.27,standard,2026-07-22T18:49:58Z
140,9,9,104.27,standard,2026-07-22T18:49:58Z
140,9,10,104.27,standard,2026-07-22T18:49:58Z
140,2,5,104.27,standard,2026-07-22T18:49:58Z
140,2,6,104.27,standard,2026-07-22T18:49:58Z
140,2,7,104.27,standard,2026-07-22T18:49:58Z
140,2,8,104.27,standard,2026-07-22T18:49:58Z
140,4,5,104.27,standard,2026-07-22T18:49:58Z
140,4,6,104.27,standard,2026-07-22T18:49:58Z
140,4,7,104.27,standard,2026-07-22T18:49:58Z
140,4,8,104.27,standard,2026-07-22T18:49:58Z
140,5,4,104.27,standard,2026-07-22T18:49:58Z
140,5,3,104.27,standard,2026-07-22T18:49:58Z
140,7,9,104.27,standard,2026-07-22T18:49:58Z
140,7,1,104.27,standard,2026-07-22T18:49:58Z
140,7,10,104.27,standard,2026-07-22T18:49:58Z
140,7,11,104.27,standard,2026-07-22T18:49:58Z
140,7,12,104.27,standard,2026-07-22T18:49:58Z
140,7,2,104.27,standard,2026-07-22T18:49:58Z
140,27,6,104.27,standard,2026-07-22T18:49:58Z
140,27,7,104.27,standard,2026-07-22T18:49:58Z
140,27,8,104.27,standard,2026-07-22T18:49:58Z
140,27,9,104.27,standard,2026-07-22T18:49:58Z
140,20,4,104.27,standard,2026-07-22T18:49:58Z
140,20,5,104.27,standard,2026-07-22T18:49:58Z
140,20,6,104.27,standard,2026-07-22T18:49:58Z
140,21,7,104.27,standard,2026-07-22T18:49:58Z
140,21,8,104.27,standard,2026-07-22T18:49:58Z
140,23,10,104.27,standard,2026-07-22T18:49:58Z
140,23,9,104.27,standard,2026-07-22T18:49:58Z
140,25,10,104.27,standard,2026-07-22T18:49:58Z
140,25,8,104.27,standard,2026-07-22T18:49:58Z
140,25,9,104.27,standard,2026-07-22T18:49:58Z
140,26,10,104.27,standard,2026-07-22T18:49:58Z
140,26,3,104.27,standard,2026-07-22T18:49:58Z
140,26,4,104.27,standard,2026-07-22T18:49:58Z
140,26,5,104.27,standard,2026-07-22T18:49:58Z
140,26,6,104.27,standard,2026-07-22T18:49:58Z
140,26,7,104.27,standard,2026-07-22T18:49:58Z
140,26,8,104.27,standard,2026-07-22T18:49:58Z
140,26,9,104.27,standard,2026-07-22T18:49:58Z
140,28,1,104.27,standard,2026-07-22T18:49:58Z
140,28,2,104.27,standard,2026-07-22T18:49:58Z
140,28,3,104.27,standard,2026-07-22T18:49:58Z
140,29,5,104.27,standard,2026-07-22T18:49:58Z
140,29,6,104.27,standard,2026-07-22T18:49:58Z
140,29,7,104.27,standard,2026-07-22T18:49:58Z
140,29,8,104.27,standard,2026-07-22T18:49:58Z
140,37,10,104.27,standard,2026-07-22T18:49:58Z
140,37,11,104.27,standard,2026-07-22T18:49:58Z
140,37,12,104.27,standard,2026-07-22T18:49:58Z
140,37,3,104.27,standard,2026-07-22T18:49:58Z
140,37,4,104.27,standard,2026-07-22T18:49:58Z
140,37,5,104.27,standard,2026-07-22T18:49:58Z
140,37,6,104.27,standard,2026-07-22T18:49:58Z
140,37,7,104.27,standard,2026-07-22T18:49:58Z
140,37,8,104.27,standard,2026-07-22T18:49:58Z
140,37,9,104.27,standard,2026-07-22T18:49:58Z
140,30,7,104.27,standard,2026-07-22T18:49:58Z
140,30,8,104.27,standard,2026-07-22T18:49:58Z
140,31,10,104.27,standard,2026-07-22T18:49:58Z
140,31,9,104.27,standard,2026-07-22T18:49:58Z
140,32,8,104.27,standard,2026-07-22T18:49:58Z
140,32,9,104.27,standard,2026-07-22T18:49:58Z
140,33,3,104.27,standard,2026-07-22T18:49:58Z
140,33,4,104.27,standard,2026-07-22T18:49:58Z
140,33,5,104.27,standard,2026-07-22T18:49:58Z
140,35,11,104.27,standard,2026-07-22T18:49:58Z
140,35,12,104.27,standard,2026-07-22T18:49:58Z
140,36,3,104.27,standard,2026-07-22T18:49:58Z
140,36,4,104.27,standard,2026-07-22T18:49:58Z
140,36,5,104.27,standard,2026-07-22T18:49:58Z
140,36,6,104.27,standard,2026-07-22T18:49:58Z
140,36,7,104.27,standard,2026-07-22T18:49:58Z
140,38,5,104.27,standard,2026-07-22T18:49:58Z
140,38,6,104.27,standard,2026-07-22T18:49:58Z
140,38,7,104.27,standard,2026-07-22T18:49:58Z
140,39,10,104.27,standard,2026-07-22T18:49:58Z
140,39,11,104.27,standard,2026-07-22T18:49:58Z
140,39,2,104.27,standard,2026-07-22T18:49:58Z
140,39,3,104.27,standard,2026-07-22T18:49:58Z
140,39,4,104.27,standard,2026-07-22T18:49:58Z
140,39,5,104.27,standard,2026-07-22T18:49:58Z
140,39,6,104.27,standard,2026-07-22T18:49:58Z
140,39,7,104.27,standard,2026-07-22T18:49:58Z
140,39,8,104.27,standard,2026-07-22T18:49:58Z
140,39,9,104.27,standard,2026-07-22T18:49:58Z
140,40,10,104.27,standard,2026-07-22T18:49:58Z
140,40,2,104.27,standard,2026-07-22T18:49:58Z
140,40,3,104.27,standard,2026-07-22T18:49:58Z
140,40,4,104.27,standard,2026-07-22T18:49:58Z
140,40,5,104.27,standard,2026-07-22T18:49:58Z
140,40,6,104.27,standard,2026-07-22T18:49:58Z
140,40,7,104.27,standard,2026-07-22T18:49:58Z
140,40,8,104.27,standard,2026-07-22T18:49:58Z
140,40,9,104.27,standard,2026-07-22T18:49:58Z
140,39,12,104.27,standard,2026-07-22T18:49:58Z
141,17,14,104.27,standard,2026-07-22T18:49:58Z
141,17,15,104.27,standard,2026-07-22T18:49:58Z
141,13,1,104.27,standard,2026-07-22T18:49:58Z
141,13,2,104.27,standard,2026-07-22T18:49:58Z
141,13,3,104.27,standard,2026-07-22T18:49:58Z
141,13,8,104.27,standard,2026-07-22T18:49:58Z
141,15,3,104.27,standard,2026-07-22T18:49:58Z
141,15,4,104.27,standard,2026-07-22T18:49:58Z
141,16,14,104.27,standard,2026-07-22T18:49:58Z
141,16,15,104.27,standard,2026-07-22T18:49:58Z
141,16,16,104.27,standard,2026-07-22T18:49:58Z
141,18,15,104.27,standard,2026-07-22T18:49:58Z
141,18,16,104.27,standard,2026-07-22T18:49:58Z
141,18,17,104.27,standard,2026-07-22T18:49:58Z
141,19,3,104.27,standard,2026-07-22T18:49:58Z
141,19,4,104.27,standard,2026-07-22T18:49:58Z
141,6,4,104.27,standard,2026-07-22T18:49:58Z
141,6,5,104.27,standard,2026-07-22T18:49:58Z
141,6,3,104.27,standard,2026-07-22T18:49:58Z
141,7,11,104.27,standard,2026-07-22T18:49:58Z
141,7,12,104.27,standard,2026-07-22T18:49:58Z
141,7,13,104.27,standard,2026-07-22T18:49:58Z
141,7,14,104.27,standard,2026-07-22T18:49:58Z
141,8,6,104.27,standard,2026-07-22T18:49:58Z
141,8,7,104.27,standard,2026-07-22T18:49:58Z
141,8,8,104.27,standard,2026-07-22T18:49:58Z
141,2,7,104.27,standard,2026-07-22T18:49:58Z
141,2,8,104.27,standard,2026-07-22T18:49:58Z
141,27,10,104.27,standard,2026-07-22T18:49:58Z
141,27,11,104.27,standard,2026-07-22T18:49:58Z
141,27,12,104.27,standard,2026-07-22T18:49:58Z
141,27,13,104.27,standard,2026-07-22T18:49:58Z
141,27,14,104.27,standard,2026-07-22T18:49:58Z
141,27,15,104.27,standard,2026-07-22T18:49:58Z
141,27,5,104.27,standard,2026-07-22T18:49:58Z
141,27,6,104.27,standard,2026-07-22T18:49:58Z
141,27,7,104.27,standard,2026-07-22T18:49:58Z
141,27,8,104.27,standard,2026-07-22T18:49:58Z
141,27,9,104.27,standard,2026-07-22T18:49:58Z
141,20,10,104.27,standard,2026-07-22T18:49:58Z
141,20,11,104.27,standard,2026-07-22T18:49:58Z
141,20,12,104.27,standard,2026-07-22T18:49:58Z
141,20,5,104.27,standard,2026-07-22T18:49:58Z
141,20,6,104.27,standard,2026-07-22T18:49:58Z
141,20,7,104.27,standard,2026-07-22T18:49:58Z
141,20,8,104.27,standard,2026-07-22T18:49:58Z
141,20,9,104.27,standard,2026-07-22T18:49:58Z
141,21,10,104.27,standard,2026-07-22T18:49:58Z
141,21,11,104.27,standard,2026-07-22T18:49:58Z
141,21,12,104.27,standard,2026-07-22T18:49:58Z
141,21,8,104.27,standard,2026-07-22T18:49:58Z
141,21,9,104.27,standard,2026-07-22T18:49:58Z
141,24,10,104.27,standard,2026-07-22T18:49:58Z
141,24,11,104.27,standard,2026-07-22T18:49:58Z
141,24,12,104.27,standard,2026-07-22T18:49:58Z
141,24,13,104.27,standard,2026-07-22T18:49:58Z
141,24,14,104.27,standard,2026-07-22T18:49:58Z
141,24,4,104.27,standard,2026-07-22T18:49:58Z
141,24,5,104.27,standard,2026-07-22T18:49:58Z
141,24,6,104.27,standard,2026-07-22T18:49:58Z
141,24,7,104.27,standard,2026-07-22T18:49:58Z
141,24,8,104.27,standard,2026-07-22T18:49:58Z
141,24,9,104.27,standard,2026-07-22T18:49:58Z
141,25,10,104.27,standard,2026-07-22T18:49:58Z
141,25,11,104.27,standard,2026-07-22T18:49:58Z
141,25,12,104.27,standard,2026-07-22T18:49:58Z
141,25,13,104.27,standard,2026-07-22T18:49:58Z
141,25,14,104.27,standard,2026-07-22T18:49:58Z
141,25,7,104.27,standard,2026-07-22T18:49:58Z
141,25,8,104.27,standard,2026-07-22T18:49:58Z
141,25,9,104.27,standard,2026-07-22T18:49:58Z
141,26,10,104.27,standard,2026-07-22T18:49:58Z
141,26,11,104.27,standard,2026-07-22T18:49:58Z
141,26,12,104.27,standard,2026-07-22T18:49:58Z
141,26,13,104.27,standard,2026-07-22T18:49:58Z
141,26,14,104.27,standard,2026-07-22T18:49:58Z
141,26,15,104.27,standard,2026-07-22T18:49:58Z
141,26,7,104.27,standard,2026-07-22T18:49:58Z
141,26,8,104.27,standard,2026-07-22T18:49:58Z
141,26,9,104.27,standard,2026-07-22T18:49:58Z
141,28,10,104.27,standard,2026-07-22T18:49:58Z
141,28,11,104.27,standard,2026-07-22T18:49:58Z
141,28,12,104.27,standard,2026-07-22T18:49:58Z
141,28,13,104.27,standard,2026-07-22T18:49:58Z
141,28,14,104.27,standard,2026-07-22T18:49:58Z
141,28,15,104.27,standard,2026-07-22T18:49:58Z
141,28,5,104.27,standard,2026-07-22T18:49:58Z
141,28,6,104.27,standard,2026-07-22T18:49:58Z
141,28,7,104.27,standard,2026-07-22T18:49:58Z
141,28,8,104.27,standard,2026-07-22T18:49:58Z
141,28,9,104.27,standard,2026-07-22T18:49:58Z
141,29,10,104.27,standard,2026-07-22T18:49:58Z
141,29,11,104.27,standard,2026-07-22T18:49:58Z
141,29,12,104.27,standard,2026-07-22T18:49:58Z
141,29,13,104.27,standard,2026-07-22T18:49:58Z
141,29,14,104.27,standard,2026-07-22T18:49:58Z
141,29,15,104.27,standard,2026-07-22T18:49:58Z
141,29,16,104.27,standard,2026-07-22T18:49:58Z
141,29,17,104.27,standard,2026-07-22T18:49:58Z
141,29,6,104.27,standard,2026-07-22T18:49:58Z
141,29,7,104.27,standard,2026-07-22T18:49:58Z
141,29,8,104.27,standard,2026-07-22T18:49:58Z
141,29,9,104.27,standard,2026-07-22T18:49:58Z
141,37,11,104.27,standard,2026-07-22T18:49:58Z
141,37,12,104.27,standard,2026-07-22T18:49:58Z
141,37,13,104.27,standard,2026-07-22T18:49:58Z
141,37,14,104.27,standard,2026-07-22T18:49:58Z
141,37,15,104.27,standard,2026-07-22T18:49:58Z
141,37,16,104.27,standard,2026-07-22T18:49:58Z
141,37,17,104.27,standard,2026-07-22T18:49:58Z
141,37,18,104.27,standard,2026-07-22T18:49:58Z
141,37,19,104.27,standard,2026-07-22T18:49:58Z
141,37,20,104.27,standard,2026-07-22T18:49:58Z
141,37,21,104.27,standard,2026-07-22T18:49:58Z
141,30,10,104.27,standard,2026-07-22T18:49:58Z
141,30,11,104.27,standard,2026-07-22T18:49:58Z
141,30,12,104.27,standard,2026-07-22T18:49:58Z
141,30,13,104.27,standard,2026-07-22T18:49:58Z
141,30,14,104.27,standard,2026-07-22T18:49:58Z
141,30,15,104.27,standard,2026-07-22T18:49:58Z
141,30,16,104.27,standard,2026-07-22T18:49:58Z
141,30,17,104.27,standard,2026-07-22T18:49:58Z
141,30,18,104.27,standard,2026-07-22T18:49:58Z
141,30,9,104.27,standard,2026-07-22T18:49:58Z
141,31,10,104.27,standard,2026-07-22T18:49:58Z
141,31,11,104.27,standard,2026-07-22T18:49:58Z
141,31,12,104.27,standard,2026-07-22T18:49:58Z
141,31,16,104.27,standard,2026-07-22T18:49:58Z
141,31,17,104.27,standard,2026-07-22T18:49:58Z
141,31,18,104.27,standard,2026-07-22T18:49:58Z
141,31,19,104.27,standard,2026-07-22T18:49:58Z
141,31,20,104.27,standard,2026-07-22T18:49:58Z
141,31,3,104.27,standard,2026-07-22T18:49:58Z
141,31,4,104.27,standard,2026-07-22T18:49:58Z
141,31,5,104.27,standard,2026-07-22T18:49:58Z
141,31,6,104.27,standard,2026-07-22T18:49:58Z
141,31,7,104.27,standard,2026-07-22T18:49:58Z
141,31,8,104.27,standard,2026-07-22T18:49:58Z
141,31,9,104.27,standard,2026-07-22T18:49:58Z
141,32,10,104.27,standard,2026-07-22T18:49:58Z
141,32,11,104.27,standard,2026-07-22T18:49:58Z
141,32,12,104.27,standard,2026-07-22T18:49:58Z
141,32,2,104.27,standard,2026-07-22T18:49:58Z
141,32,3,104.27,standard,2026-07-22T18:49:58Z
141,32,4,104.27,standard,2026-07-22T18:49:58Z
141,32,5,104.27,standard,2026-07-22T18:49:58Z
141,32,6,104.27,standard,2026-07-22T18:49:58Z
141,32,7,104.27,standard,2026-07-22T18:49:58Z
141,32,8,104.27,standard,2026-07-22T18:49:58Z
141,32,9,104.27,standard,2026-07-22T18:49:58Z
141,33,11,104.27,standard,2026-07-22T18:49:58Z
141,33,12,104.27,standard,2026-07-22T18:49:58Z
141,33,13,104.27,standard,2026-07-22T18:49:58Z
141,34,11,104.27,standard,2026-07-22T18:49:58Z
141,34,12,104.27,standard,2026-07-22T18:49:58Z
141,34,13,104.27,standard,2026-07-22T18:49:58Z
141,34,14,104.27,standard,2026-07-22T18:49:58Z
141,34,15,104.27,standard,2026-07-22T18:49:58Z
141,34,16,104.27,standard,2026-07-22T18:49:58Z
141,34,17,104.27,standard,2026-07-22T18:49:58Z
141,34,18,104.27,standard,2026-07-22T18:49:58Z
141,34,19,104.27,standard,2026-07-22T18:49:58Z
141,34,20,104.27,standard,2026-07-22T18:49:58Z
141,35,11,104.27,standard,2026-07-22T18:49:58Z
141,35,12,104.27,standard,2026-07-22T18:49:58Z
141,35,13,104.27,standard,2026-07-22T18:49:58Z
141,35,14,104.27,standard,2026-07-22T18:49:58Z
141,35,15,104.27,standard,2026-07-22T18:49:58Z
141,35,16,104.27,standard,2026-07-22T18:49:58Z
141,35,17,104.27,standard,2026-07-22T18:49:58Z
141,35,18,104.27,standard,2026-07-22T18:49:58Z
141,35,19,104.27,standard,2026-07-22T18:49:58Z
141,35,20,104.27,standard,2026-07-22T18:49:58Z
141,35,21,104.27,standard,2026-07-22T18:49:58Z
141,36,11,104.27,standard,2026-07-22T18:49:58Z
141,36,12,104.27,standard,2026-07-22T18:49:58Z
141,36,13,104.27,standard,2026-07-22T18:49:58Z
141,36,14,104.27,standard,2026-07-22T18:49:58Z
141,36,15,104.27,standard,2026-07-22T18:49:58Z
141,36,16,104.27,standard,2026-07-22T18:49:58Z
141,36,17,104.27,standard,2026-07-22T18:49:58Z
141,36,18,104.27,standard,2026-07-22T18:49:58Z
141,36,19,104.27,standard,2026-07-22T18:49:58Z
141,36,20,104.27,standard,2026-07-22T18:49:58Z
141,36,21,104.27,standard,2026-07-22T18:49:58Z
141,38,12,104.27,standard,2026-07-22T18:49:58Z
141,38,13,104.27,standard,2026-07-22T18:49:58Z
141,38,14,104.27,standard,2026-07-22T18:49:58Z
141,38,15,104.27,standard,2026-07-22T18:49:58Z
141,38,16,104.27,standard,2026-07-22T18:49:58Z
141,38,17,104.27,standard,2026-07-22T18:49:58Z
141,38,18,104.27,standard,2026-07-22T18:49:58Z
141,38,19,104.27,standard,2026-07-22T18:49:58Z
141,38,20,104.27,standard,2026-07-22T18:49:58Z
141,38,21,104.27,standard,2026-07-22T18:49:58Z
141,39,15,104.27,standard,2026-07-22T18:49:58Z
141,39,16,104.27,standard,2026-07-22T18:49:58Z
141,39,17,104.27,standard,2026-07-22T18:49:58Z
141,39,18,104.27,standard,2026-07-22T18:49:58Z
141,39,19,104.27,standard,2026-07-22T18:49:58Z
141,39,20,104.27,standard,2026-07-22T18:49:58Z
141,39,21,104.27,standard,2026-07-22T18:49:58Z
141,40,10,104.27,standard,2026-07-22T18:49:58Z
141,40,11,104.27,standard,2026-07-22T18:49:58Z
141,40,12,104.27,standard,2026-07-22T18:49:58Z
141,40,13,104.27,standard,2026-07-22T18:49:58Z
141,40,14,104.27,standard,2026-07-22T18:49:58Z
141,40,15,104.27,standard,2026-07-22T18:49:58Z
141,40,16,104.27,standard,2026-07-22T18:49:58Z
141,40,17,104.27,standard,2026-07-22T18:49:58Z
141,40,18,104.27,standard,2026-07-22T18:49:58Z
141,40,19,104.27,standard,2026-07-22T18:49:58Z
141,40,20,104.27,standard,2026-07-22T18:49:58Z
141,40,21,104.27,standard,2026-07-22T18:49:58Z
141,40,3,104.27,standard,2026-07-22T18:49:58Z
141,40,4,104.27,standard,2026-07-22T18:49:58Z
141,40,5,104.27,standard,2026-07-22T18:49:58Z
141,40,6,104.27,standard,2026-07-22T18:49:58Z
141,40,7,104.27,standard,2026-07-22T18:49:58Z
141,40,8,104.27,standard,2026-07-22T18:49:58Z
141,40,9,104.27,standard,2026-07-22T18:49:58Z
141,39,22,104.27,standard,2026-07-22T18:49:58Z
142,17,10,73.51,standard,2026-07-22T18:49:58Z
142,17,7,73.51,standard,2026-07-22T18:49:58Z
142,17,8,73.51,standard,2026-07-22T18:49:58Z
142,17,9,73.51,standard,2026-07-22T18:49:58Z
142,15,7,73.51,standard,2026-07-22T18:49:58Z
142,15,8,73.51,standard,2026-07-22T18:49:58Z
142,16,6,73.51,standard,2026-07-22T18:49:58Z
142,16,7,73.51,standard,2026-07-22T18:49:58Z
142,6,5,73.51,standard,2026-07-22T18:49:58Z
142,6,6,73.51,standard,2026-07-22T18:49:58Z
142,6,7,73.51,standard,2026-07-22T18:49:58Z
142,6,8,73.51,standard,2026-07-22T18:49:58Z
142,7,9,73.51,standard,2026-07-22T18:49:58Z
142,9,1,73.51,standard,2026-07-22T18:49:58Z
142,9,2,73.51,standard,2026-07-22T18:49:58Z
142,2,4,73.51,standard,2026-07-22T18:49:58Z
142,2,1,73.51,standard,2026-07-22T18:49:58Z
142,2,2,73.51,standard,2026-07-22T18:49:58Z
142,2,3,73.51,standard,2026-07-22T18:49:58Z
142,22,13,73.51,standard,2026-07-22T18:49:58Z
142,30,10,73.51,standard,2026-07-22T18:49:58Z
142,30,11,73.51,standard,2026-07-22T18:49:58Z
142,30,12,73.51,standard,2026-07-22T18:49:58Z
142,30,13,73.51,standard,2026-07-22T18:49:58Z
142,30,14,73.51,standard,2026-07-22T18:49:58Z
142,30,2,73.51,standard,2026-07-22T18:49:58Z
142,30,3,73.51,standard,2026-07-22T18:49:58Z
142,30,4,73.51,standard,2026-07-22T18:49:58Z
142,30,5,73.51,standard,2026-07-22T18:49:58Z
142,30,6,73.51,standard,2026-07-22T18:49:58Z
142,30,7,73.51,standard,2026-07-22T18:49:58Z
142,30,8,73.51,standard,2026-07-22T18:49:58Z
142,30,9,73.51,standard,2026-07-22T18:49:58Z
143,13,5,73.51,standard,2026-07-22T18:49:58Z
143,13,6,73.51,standard,2026-07-22T18:49:58Z
143,13,7,73.51,standard,2026-07-22T18:49:58Z
143,13,8,73.51,standard,2026-07-22T18:49:58Z
143,15,10,73.51,standard,2026-07-22T18:49:58Z
143,15,5,73.51,standard,2026-07-22T18:49:58Z
143,15,6,73.51,standard,2026-07-22T18:49:58Z
143,15,7,73.51,standard,2026-07-22T18:49:58Z
143,15,8,73.51,standard,2026-07-22T18:49:58Z
143,15,9,73.51,standard,2026-07-22T18:49:58Z
143,16,10,73.51,standard,2026-07-22T18:49:58Z
143,16,11,73.51,standard,2026-07-22T18:49:58Z
143,16,12,73.51,standard,2026-07-22T18:49:58Z
143,16,9,73.51,standard,2026-07-22T18:49:58Z
143,3,7,73.51,standard,2026-07-22T18:49:58Z
143,3,8,73.51,standard,2026-07-22T18:49:58Z
143,3,9,73.51,standard,2026-07-22T18:49:58Z
143,3,10,73.51,standard,2026-07-22T18:49:58Z
143,5,4,73.51,standard,2026-07-22T18:49:58Z
143,5,1,73.51,standard,2026-07-22T18:49:58Z
143,5,2,73.51,standard,2026-07-22T18:49:58Z
143,5,3,73.51,standard,2026-07-22T18:49:58Z
143,7,5,73.51,standard,2026-07-22T18:49:58Z
143,7,6,73.51,standard,2026-07-22T18:49:58Z
143,7,7,73.51,standard,2026-07-22T18:49:58Z
143,7,8,73.51,standard,2026-07-22T18:49:58Z
143,7,9,73.51,standard,2026-07-22T18:49:58Z
144,1,5,73.51,standard,2026-07-22T18:49:58Z
144,1,6,73.51,standard,2026-07-22T18:49:58Z
144,1,7,73.51,standard,2026-07-22T18:49:58Z
144,1,8,73.51,standard,2026-07-22T18:49:58Z
144,1,1,73.51,standard,2026-07-22T18:49:58Z
144,1,2,73.51,standard,2026-07-22T18:49:58Z
144,1,3,73.51,standard,2026-07-22T18:49:58Z
144,17,10,73.51,standard,2026-07-22T18:49:58Z
144,17,11,73.51,standard,2026-07-22T18:49:58Z
144,17,12,73.51,standard,2026-07-22T18:49:58Z
144,17,13,73.51,standard,2026-07-22T18:49:58Z
144,17,5,73.51,standard,2026-07-22T18:49:58Z
144,17,6,73.51,standard,2026-07-22T18:49:58Z
144,17,7,73.51,standard,2026-07-22T18:49:58Z
144,17,8,73.51,standard,2026-07-22T18:49:58Z
144,17,9,73.51,standard,2026-07-22T18:49:58Z
144,10,10,73.51,standard,2026-07-22T18:49:58Z
144,10,11,73.51,standard,2026-07-22T18:49:58Z
144,10,12,73.51,standard,2026-07-22T18:49:58Z
144,10,13,73.51,standard,2026-07-22T18:49:58Z
144,10,14,73.51,standard,2026-07-22T18:49:58Z
144,10,8,73.51,standard,2026-07-22T18:49:58Z
144,10,9,73.51,standard,2026-07-22T18:49:58Z
144,12,11,73.51,standard,2026-07-22T18:49:58Z
144,13,10,73.51,standard,2026-07-22T18:49:58Z
144,13,9,73.51,standard,2026-07-22T18:49:58Z
144,14,15,73.51,standard,2026-07-22T18:49:58Z
144,14,16,73.51,standard,2026-07-22T18:49:58Z
144,15,10,73.51,standard,2026-07-22T18:49:58Z
144,15,11,73.51,standard,2026-07-22T18:49:58Z
144,15,12,73.51,standard,2026-07-22T18:49:58Z
144,16,11,73.51,standard,2026-07-22T18:49:58Z
144,16,12,73.51,standard,2026-07-22T18:49:58Z
144,18,10,73.51,standard,2026-07-22T18:49:58Z
144,18,11,73.51,standard,2026-07-22T18:49:58Z
144,18,12,73.51,standard,2026-07-22T18:49:58Z
144,18,9,73.51,standard,2026-07-22T18:49:58Z
144,3,5,73.51,standard,2026-07-22T18:49:58Z
144,3,6,73.51,standard,2026-07-22T18:49:58Z
144,5,11,73.51,standard,2026-07-22T18:49:58Z
144,5,12,73.51,standard,2026-07-22T18:49:58Z
144,5,13,73.51,standard,2026-07-22T18:49:58Z
144,5,14,73.51,standard,2026-07-22T18:49:58Z
144,5,15,73.51,standard,2026-07-22T18:49:58Z
144,5,16,73.51,standard,2026-07-22T18:49:58Z
144,6,5,73.51,standard,2026-07-22T18:49:58Z
144,6,6,73.51,standard,2026-07-22T18:49:58Z
144,6,7,73.51,standard,2026-07-22T18:49:58Z
144,6,8,73.51,standard,2026-07-22T18:49:58Z
144,6,9,73.51,standard,2026-07-22T18:49:58Z
144,6,10,73.51,standard,2026-07-22T18:49:58Z
144,6,11,73.51,standard,2026-07-22T18:49:58Z
144,7,4,73.51,standard,2026-07-22T18:49:58Z
144,7,9,73.51,standard,2026-07-22T18:49:58Z
144,7,10,73.51,standard,2026-07-22T18:49:58Z
144,7,11,73.51,standard,2026-07-22T18:49:58Z
144,7,12,73.51,standard,2026-07-22T18:49:58Z
144,7,13,73.51,standard,2026-07-22T18:49:58Z
144,7,14,73.51,standard,2026-07-22T18:49:58Z
144,7,16,73.51,standard,2026-07-22T18:49:58Z
144,8,4,73.51,standard,2026-07-22T18:49:58Z
144,9,4,73.51,standard,2026-07-22T18:49:58Z
144,9,1,73.51,standard,2026-07-22T18:49:58Z
144,9,2,73.51,standard,2026-07-22T18:49:58Z
144,9,3,73.51,standard,2026-07-22T18:49:58Z
144,40,13,73.51,standard,2026-07-22T18:49:58Z
144,40,14,73.51,standard,2026-07-22T18:49:58Z
146,2,4,73.51,standard,2026-07-22T18:49:58Z
146,2,5,73.51,standard,2026-07-22T18:49:58Z
146,2,6,73.51,standard,2026-07-22T18:49:58Z
146,2,7,73.51,standard,2026-07-22T18:49:58Z
146,2,8,73.51,standard,2026-07-22T18:49:58Z
146,2,9,73.51,standard,2026-07-22T18:49:58Z
146,2,1,73.51,standard,2026-07-22T18:49:58Z
146,2,10,73.51,standard,2026-07-22T18:49:58Z
146,2,2,73.51,standard,2026-07-22T18:49:58Z
146,2,3,73.51,standard,2026-07-22T18:49:58Z
146,5,9,73.51,standard,2026-07-22T18:49:58Z
146,5,10,73.51,standard,2026-07-22T18:49:58Z
146,9,5,73.51,standard,2026-07-22T18:49:58Z
146,9,6,73.51,standard,2026-07-22T18:49:58Z
146,9,7,73.51,standard,2026-07-22T18:49:58Z
146,9,8,73.51,standard,2026-07-22T18:49:58Z
146,9,9,73.51,standard,2026-07-22T18:49:58Z
146,9,10,73.51,standard,2026-07-22T18:49:58Z
146,9,11,73.51,standard,2026-07-22T18:49:58Z
146,9,12,73.51,standard,2026-07-22T18:49:58Z
146,9,13,73.51,standard,2026-07-22T18:49:58Z
146,9,14,73.51,standard,2026-07-22T18:49:58Z
146,9,15,73.51,standard,2026-07-22T18:49:58Z
146,9,16,73.51,standard,2026-07-22T18:49:58Z
146,9,17,73.51,standard,2026-07-22T18:49:58Z
146,9,18,73.51,standard,2026-07-22T18:49:58Z
146,28,12,73.51,standard,2026-07-22T18:49:58Z
146,28,13,73.51,standard,2026-07-22T18:49:58Z
147,13,3,,,2026-07-22T18:49:58Z
147,29,14,,,2026-07-22T18:49:58Z
147,29,15,,,2026-07-22T18:49:58Z
147,30,13,,,2026-07-22T18:49:58Z
147,30,14,,,2026-07-22T18:49:58Z
147,33,3,,,2026-07-22T18:49:58Z
147,33,4,,,2026-07-22T18:49:58Z
147,38,10,,,2026-07-22T18:49:58Z
147,38,11,,,2026-07-22T18:49:58Z
147,38,12,,,2026-07-22T18:49:58Z
147,38,13,,,2026-07-22T18:49:58Z
148,28,3,,,2026-07-22T18:49:58Z
148,28,4,,,2026-07-22T18:49:58Z
148,28,5,,,2026-07-22T18:49:58Z
148,39,10,,,2026-07-22T18:49:58Z
148,39,11,,,2026-07-22T18:49:58Z
148,39,12,,,2026-07-22T18:49:58Z
148,39,13,,,2026-07-22T18:49:58Z
148,39,7,,,2026-07-22T18:49:58Z
148,39,8,,,2026-07-22T18:49:58Z
148,39,9,,,2026-07-22T18:49:58Z
148,40,10,,,2026-07-22T18:49:58Z
148,40,11,,,2026-07-22T18:49:58Z
148,40,9,,,2026-07-22T18:49:58Z
149,27,5,,,2026-07-22T18:49:58Z
149,27,6,,,2026-07-22T18:49:58Z
149,27,7,,,2026-07-22T18:49:58Z
149,27,8,,,2026-07-22T18:49:58Z
149,28,7,,,2026-07-22T18:49:58Z
149,28,8,,,2026-07-22T18:49:58Z
149,31,12,,,2026-07-22T18:49:58Z
149,31,13,,,2026-07-22T18:49:58Z
149,39,2,,,2026-07-22T18:49:58Z
149,39,3,,,2026-07-22T18:49:58Z
149,39,4,,,2026-07-22T18:49:58Z
149,40,10,,,2026-07-22T18:49:58Z
149,40,11,,,2026-07-22T18:49:58Z
149,40,12,,,2026-07-22T18:49:58Z
149,40,13,,,2026-07-22T18:49:58Z
149,40,14,,,2026-07-22T18:49:58Z
149,40,15,,,2026-07-22T18:49:58Z
149,40,8,,,2026-07-22T18:49:58Z
149,40,9,,,2026-07-22T18:49:58Z
150,28,10,58.08,standard,2026-07-22T18:49:58Z
150,28,11,58.08,standard,2026-07-22T18:49:58Z
150,28,12,58.08,standard,2026-07-22T18:49:58Z
150,28,13,58.08,standard,2026-07-22T18:49:58Z
150,28,5,58.08,standard,2026-07-22T18:49:58Z
150,28,6,58.08,standard,2026-07-22T18:49:58Z
150,37,10,58.08,standard,2026-07-22T18:49:58Z
150,37,11,58.08,standard,2026-07-22T18:49:58Z
150,37,12,58.08,standard,2026-07-22T18:49:58Z
150,37,13,58.08,standard,2026-07-22T18:49:58Z
150,37,14,58.08,standard,2026-07-22T18:49:58Z
150,37,9,58.08,standard,2026-07-22T18:49:58Z
150,35,10,58.08,standard,2026-07-22T18:49:58Z
150,35,11,58.08,standard,2026-07-22T18:49:58Z
150,35,12,58.08,standard,2026-07-22T18:49:58Z
150,35,13,58.08,standard,2026-07-22T18:49:58Z
150,35,14,58.08,standard,2026-07-22T18:49:58Z
150,35,15,58.08,standard,2026-07-22T18:49:58Z
150,35,16,58.08,standard,2026-07-22T18:49:58Z
150,35,9,58.08,standard,2026-07-22T18:49:58Z
150,36,10,58.08,standard,2026-07-22T18:49:58Z
150,36,11,58.08,standard,2026-07-22T18:49:58Z
150,36,12,58.08,standard,2026-07-22T18:49:58Z
150,36,13,58.08,standard,2026-07-22T18:49:58Z
150,36,14,58.08,standard,2026-07-22T18:49:58Z
150,36,7,58.08,standard,2026-07-22T18:49:58Z
150,36,8,58.08,standard,2026-07-22T18:49:58Z
150,36,9,58.08,standard,2026-07-22T18:49:58Z
150,38,11,58.08,standard,2026-07-22T18:49:58Z
150,38,12,58.08,standard,2026-07-22T18:49:58Z
150,39,10,58.08,standard,2026-07-22T18:49:58Z
150,39,3,58.08,standard,2026-07-22T18:49:58Z
150,39,4,58.08,standard,2026-07-22T18:49:58Z
150,39,5,58.08,standard,2026-07-22T18:49:58Z
150,39,6,58.08,standard,2026-07-22T18:49:58Z
150,39,7,58.08,standard,2026-07-22T18:49:58Z
150,39,8,58.08,standard,2026-07-22T18:49:58Z
150,39,9,58.08,standard,2026-07-22T18:49:58Z
150,37,15,58.08,standard,2026-07-22T18:49:58Z
150,37,16,58.08,standard,2026-07-22T18:49:58Z
150,37,17,58.08,standard,2026-07-22T18:49:58Z
150,37,18,58.08,standard,2026-07-22T18:49:58Z
150,37,19,58.08,standard,2026-07-22T18:49:58Z
150,37,20,58.08,standard,2026-07-22T18:49:58Z
150,37,21,58.08,standard,2026-07-22T18:49:58Z
150,35,17,58.08,standard,2026-07-22T18:49:58Z
150,35,18,58.08,standard,2026-07-22T18:49:58Z
150,35,19,58.08,standard,2026-07-22T18:49:58Z
150,36,15,58.08,standard,2026-07-22T18:49:58Z
150,36,16,58.08,standard,2026-07-22T18:49:58Z
150,36,17,58.08,standard,2026-07-22T18:49:58Z
150,36,18,58.08,standard,2026-07-22T18:49:58Z
150,36,19,58.08,standard,2026-07-22T18:49:58Z
150,36,20,58.08,standard,2026-07-22T18:49:58Z
150,38,13,58.08,standard,2026-07-22T18:49:58Z
150,38,14,58.08,standard,2026-07-22T18:49:58Z
150,38,15,58.08,standard,2026-07-22T18:49:58Z
150,38,16,58.08,standard,2026-07-22T18:49:58Z
150,38,17,58.08,standard,2026-07-22T18:49:58Z
150,38,18,58.08,standard,2026-07-22T18:49:58Z
150,38,19,58.08,standard,2026-07-22T18:49:58Z
150,38,20,58.08,standard,2026-07-22T18:49:58Z
150,38,21,58.08,standard,2026-07-22T18:49:58Z
150,39,11,58.08,standard,2026-07-22T18:49:58Z
150,39,12,58.08,standard,2026-07-22T18:49:58Z
150,39,13,58.08,standard,2026-07-22T18:49:58Z
150,39,14,58.08,standard,2026-07-22T18:49:58Z
150,39,15,58.08,standard,2026-07-22T18:49:58Z
150,39,16,58.08,standard,2026-07-22T18:49:58Z
150,39,17,58.08,standard,2026-07-22T18:49:58Z
150,39,18,58.08,standard,2026-07-22T18:49:58Z
150,39,19,58.08,standard,2026-07-22T18:49:58Z
150,39,20,58.08,standard,2026-07-22T18:49:58Z
150,40,10,58.08,standard,2026-07-22T18:49:58Z
150,40,11,58.08,standard,2026-07-22T18:49:58Z
150,40,12,58.08,standard,2026-07-22T18:49:58Z
150,40,13,58.08,standard,2026-07-22T18:49:58Z
150,40,14,58.08,standard,2026-07-22T18:49:58Z
150,40,15,58.08,standard,2026-07-22T18:49:58Z
150,40,16,58.08,standard,2026-07-22T18:49:58Z
150,40,17,58.08,standard,2026-07-22T18:49:58Z
150,40,18,58.08,standard,2026-07-22T18:49:58Z
150,40,19,58.08,standard,2026-07-22T18:49:58Z
150,40,20,58.08,standard,2026-07-22T18:49:58Z
150,40,21,58.08,standard,2026-07-22T18:49:58Z
150,40,9,58.08,standard,2026-07-22T18:49:58Z
150,41A,14,58.08,standard,2026-07-22T18:49:58Z
151,29,1,,,2026-07-22T18:49:58Z
151,35,1,,,2026-07-22T18:49:58Z
151,35,2,,,2026-07-22T18:49:58Z
151,36,1,,,2026-07-22T18:49:58Z
180,4,8,36.5,standard,2026-07-22T18:49:58Z
180,4,9,36.5,standard,2026-07-22T18:49:58Z
180,4,10,36.5,standard,2026-07-22T18:49:58Z
180,4,11,36.5,standard,2026-07-22T18:49:58Z
180,5,4,36.5,standard,2026-07-22T18:49:58Z
180,5,5,36.5,standard,2026-07-22T18:49:58Z
180,5,6,36.5,standard,2026-07-22T18:49:58Z
180,5,7,36.5,standard,2026-07-22T18:49:58Z
180,5,8,36.5,standard,2026-07-22T18:49:58Z
180,5,9,36.5,standard,2026-07-22T18:49:58Z
180,5,1,36.5,standard,2026-07-22T18:49:58Z
180,5,10,36.5,standard,2026-07-22T18:49:58Z
180,5,11,36.5,standard,2026-07-22T18:49:58Z
180,5,12,36.5,standard,2026-07-22T18:49:58Z
180,5,2,36.5,standard,2026-07-22T18:49:58Z
180,5,3,36.5,standard,2026-07-22T18:49:58Z
180,6,4,36.5,standard,2026-07-22T18:49:58Z
180,6,5,36.5,standard,2026-07-22T18:49:58Z
180,6,6,36.5,standard,2026-07-22T18:49:58Z
180,6,7,36.5,standard,2026-07-22T18:49:58Z
180,6,8,36.5,standard,2026-07-22T18:49:58Z
180,6,9,36.5,standard,2026-07-22T18:49:58Z
180,6,1,36.5,standard,2026-07-22T18:49:58Z
180,6,10,36.5,standard,2026-07-22T18:49:58Z
180,6,11,36.5,standard,2026-07-22T18:49:58Z
180,6,12,36.5,standard,2026-07-22T18:49:58Z
180,6,2,36.5,standard,2026-07-22T18:49:58Z
180,6,3,36.5,standard,2026-07-22T18:49:58Z
180,7,5,36.5,standard,2026-07-22T18:49:58Z
180,7,6,36.5,standard,2026-07-22T18:49:58Z
180,7,7,36.5,standard,2026-07-22T18:49:58Z
180,7,8,36.5,standard,2026-07-22T18:49:58Z
180,7,9,36.5,standard,2026-07-22T18:49:58Z
180,7,10,36.5,standard,2026-07-22T18:49:58Z
180,7,11,36.5,standard,2026-07-22T18:49:58Z
180,7,12,36.5,standard,2026-07-22T18:49:58Z
180,7,13,36.5,standard,2026-07-22T18:49:58Z
181,10,17,36.5,standard,2026-07-22T18:49:58Z
181,10,18,36.5,standard,2026-07-22T18:49:58Z
181,10,19,36.5,standard,2026-07-22T18:49:58Z
181,10,20,36.5,standard,2026-07-22T18:49:58Z
181,10,21,36.5,standard,2026-07-22T18:49:58Z
181,10,22,36.5,standard,2026-07-22T18:49:58Z
181,10,23,36.5,standard,2026-07-22T18:49:58Z
181,10,24,36.5,standard,2026-07-22T18:49:58Z
181,10,25,36.5,standard,2026-07-22T18:49:58Z
181,10,26,36.5,standard,2026-07-22T18:49:58Z
181,10,27,36.5,standard,2026-07-22T18:49:58Z
181,10,28,36.5,standard,2026-07-22T18:49:58Z
181,11,17,36.5,standard,2026-07-22T18:49:58Z
181,11,18,36.5,standard,2026-07-22T18:49:58Z
181,11,19,36.5,standard,2026-07-22T18:49:58Z
181,11,20,36.5,standard,2026-07-22T18:49:58Z
181,11,21,36.5,standard,2026-07-22T18:49:58Z
181,11,22,36.5,standard,2026-07-22T18:49:58Z
181,11,23,36.5,standard,2026-07-22T18:49:58Z
181,11,24,36.5,standard,2026-07-22T18:49:58Z
181,11,25,36.5,standard,2026-07-22T18:49:58Z
181,11,26,36.5,standard,2026-07-22T18:49:58Z
181,11,27,36.5,standard,2026-07-22T18:49:58Z
181,11,28,36.5,standard,2026-07-22T18:49:58Z
181,12,17,36.5,standard,2026-07-22T18:49:58Z
181,12,18,36.5,standard,2026-07-22T18:49:58Z
181,12,19,36.5,standard,2026-07-22T18:49:58Z
181,12,20,36.5,standard,2026-07-22T18:49:58Z
181,12,21,36.5,standard,2026-07-22T18:49:58Z
181,12,22,36.5,standard,2026-07-22T18:49:58Z
181,12,23,36.5,standard,2026-07-22T18:49:58Z
181,12,24,36.5,standard,2026-07-22T18:49:58Z
181,12,25,36.5,standard,2026-07-22T18:49:58Z
181,12,26,36.5,standard,2026-07-22T18:49:58Z
181,12,27,36.5,standard,2026-07-22T18:49:58Z
181,12,28,36.5,standard,2026-07-22T18:49:58Z
181,12,29,36.5,standard,2026-07-22T18:49:58Z
181,1,15,36.5,standard,2026-07-22T18:49:58Z
181,1,16,36.5,standard,2026-07-22T18:49:58Z
181,1,17,36.5,standard,2026-07-22T18:49:58Z
181,1,26,36.5,standard,2026-07-22T18:49:58Z
181,3,4,36.5,standard,2026-07-22T18:49:58Z
181,3,5,36.5,standard,2026-07-22T18:49:58Z
181,3,6,36.5,standard,2026-07-22T18:49:58Z
181,3,7,36.5,standard,2026-07-22T18:49:58Z
181,3,3,36.5,standard,2026-07-22T18:49:58Z
181,4,7,36.5,standard,2026-07-22T18:49:58Z
181,4,12,36.5,standard,2026-07-22T18:49:58Z
181,4,13,36.5,standard,2026-07-22T18:49:58Z
181,4,14,36.5,standard,2026-07-22T18:49:58Z
181,4,15,36.5,standard,2026-07-22T18:49:58Z
181,4,16,36.5,standard,2026-07-22T18:49:58Z
181,4,17,36.5,standard,2026-07-22T18:49:58Z
181,4,18,36.5,standard,2026-07-22T18:49:58Z
181,4,19,36.5,standard,2026-07-22T18:49:58Z
181,4,20,36.5,standard,2026-07-22T18:49:58Z
181,4,21,36.5,standard,2026-07-22T18:49:58Z
181,4,22,36.5,standard,2026-07-22T18:49:58Z
181,4,23,36.5,standard,2026-07-22T18:49:58Z
181,4,24,36.5,standard,2026-07-22T18:49:58Z
181,4,25,36.5,standard,2026-07-22T18:49:58Z
181,4,26,36.5,standard,2026-07-22T18:49:58Z
181,5,4,36.5,standard,2026-07-22T18:49:58Z
181,5,5,36.5,standard,2026-07-22T18:49:58Z
181,5,6,36.5,standard,2026-07-22T18:49:58Z
181,5,7,36.5,standard,2026-07-22T18:49:58Z
181,5,12,36.5,standard,2026-07-22T18:49:58Z
181,5,13,36.5,standard,2026-07-22T18:49:58Z
181,5,14,36.5,standard,2026-07-22T18:49:58Z
181,5,15,36.5,standard,2026-07-22T18:49:58Z
181,5,16,36.5,standard,2026-07-22T18:49:58Z
181,5,17,36.5,standard,2026-07-22T18:49:58Z
181,5,18,36.5,standard,2026-07-22T18:49:58Z
181,5,19,36.5,standard,2026-07-22T18:49:58Z
181,5,20,36.5,standard,2026-07-22T18:49:58Z
181,5,21,36.5,standard,2026-07-22T18:49:58Z
181,5,22,36.5,standard,2026-07-22T18:49:58Z
181,5,25,36.5,standard,2026-07-22T18:49:58Z
181,5,26,36.5,standard,2026-07-22T18:49:58Z
181,5,3,36.5,standard,2026-07-22T18:49:58Z
181,6,4,36.5,standard,2026-07-22T18:49:58Z
181,6,5,36.5,standard,2026-07-22T18:49:58Z
181,6,6,36.5,standard,2026-07-22T18:49:58Z
181,6,7,36.5,standard,2026-07-22T18:49:58Z
181,6,12,36.5,standard,2026-07-22T18:49:58Z
181,6,13,36.5,standard,2026-07-22T18:49:58Z
181,6,14,36.5,standard,2026-07-22T18:49:58Z
181,6,15,36.5,standard,2026-07-22T18:49:58Z
181,6,16,36.5,standard,2026-07-22T18:49:58Z
181,6,17,36.5,standard,2026-07-22T18:49:58Z
181,6,18,36.5,standard,2026-07-22T18:49:58Z
181,6,19,36.5,standard,2026-07-22T18:49:58Z
181,6,20,36.5,standard,2026-07-22T18:49:58Z
181,6,21,36.5,standard,2026-07-22T18:49:58Z
181,6,22,36.5,standard,2026-07-22T18:49:58Z
181,6,23,36.5,standard,2026-07-22T18:49:58Z
181,6,24,36.5,standard,2026-07-22T18:49:58Z
181,6,25,36.5,standard,2026-07-22T18:49:58Z
181,6,26,36.5,standard,2026-07-22T18:49:58Z
181,6,3,36.5,standard,2026-07-22T18:49:58Z
181,7,4,36.5,standard,2026-07-22T18:49:58Z
181,7,5,36.5,standard,2026-07-22T18:49:58Z
181,7,6,36.5,standard,2026-07-22T18:49:58Z
181,7,7,36.5,standard,2026-07-22T18:49:58Z
181,7,12,36.5,standard,2026-07-22T18:49:58Z
181,7,13,36.5,standard,2026-07-22T18:49:58Z
181,7,14,36.5,standard,2026-07-22T18:49:58Z
181,7,15,36.5,standard,2026-07-22T18:49:58Z
181,7,16,36.5,standard,2026-07-22T18:49:58Z
181,7,17,36.5,standard,2026-07-22T18:49:58Z
181,7,18,36.5,standard,2026-07-22T18:49:58Z
181,7,19,36.5,standard,2026-07-22T18:49:58Z
181,7,20,36.5,standard,2026-07-22T18:49:58Z
181,7,21,36.5,standard,2026-07-22T18:49:58Z
181,7,22,36.5,standard,2026-07-22T18:49:58Z
181,7,23,36.5,standard,2026-07-22T18:49:58Z
181,7,24,36.5,standard,2026-07-22T18:49:58Z
181,7,3,36.5,standard,2026-07-22T18:49:58Z
181,8,17,36.5,standard,2026-07-22T18:49:58Z
181,8,18,36.5,standard,2026-07-22T18:49:58Z
181,8,19,36.5,standard,2026-07-22T18:49:58Z
181,8,20,36.5,standard,2026-07-22T18:49:58Z
181,8,21,36.5,standard,2026-07-22T18:49:58Z
181,8,22,36.5,standard,2026-07-22T18:49:58Z
181,8,23,36.5,standard,2026-07-22T18:49:58Z
181,8,24,36.5,standard,2026-07-22T18:49:58Z
181,8,25,36.5,standard,2026-07-22T18:49:58Z
181,8,26,36.5,standard,2026-07-22T18:49:58Z
181,9,17,36.5,standard,2026-07-22T18:49:58Z
181,9,18,36.5,standard,2026-07-22T18:49:58Z
181,9,19,36.5,standard,2026-07-22T18:49:58Z
181,9,20,36.5,standard,2026-07-22T18:49:58Z
181,9,21,36.5,standard,2026-07-22T18:49:58Z
181,9,22,36.5,standard,2026-07-22T18:49:58Z
181,9,23,36.5,standard,2026-07-22T18:49:58Z
181,9,24,36.5,standard,2026-07-22T18:49:58Z
181,9,25,36.5,standard,2026-07-22T18:49:58Z
181,9,26,36.5,standard,2026-07-22T18:49:58Z
181,9,27,36.5,standard,2026-07-22T18:49:58Z
181,9,28,36.5,standard,2026-07-22T18:49:58Z
181,3,8,36.5,standard,2026-07-22T18:49:58Z
181,3,9,36.5,standard,2026-07-22T18:49:58Z
181,3,10,36.5,standard,2026-07-22T18:49:58Z
181,3,11,36.5,standard,2026-07-22T18:49:58Z
181,4,8,36.5,standard,2026-07-22T18:49:58Z
181,4,9,36.5,standard,2026-07-22T18:49:58Z
181,4,10,36.5,standard,2026-07-22T18:49:58Z
181,4,11,36.5,standard,2026-07-22T18:49:58Z
181,5,8,36.5,standard,2026-07-22T18:49:58Z
181,5,9,36.5,standard,2026-07-22T18:49:58Z
181,5,10,36.5,standard,2026-07-22T18:49:58Z
181,5,11,36.5,standard,2026-07-22T18:49:58Z
181,6,8,36.5,standard,2026-07-22T18:49:58Z
181,6,9,36.5,standard,2026-07-22T18:49:58Z
181,6,10,36.5,standard,2026-07-22T18:49:58Z
181,6,11,36.5,standard,2026-07-22T18:49:58Z
181,7,8,36.5,standard,2026-07-22T18:49:58Z
181,7,9,36.5,standard,2026-07-22T18:49:58Z
181,7,10,36.5,standard,2026-07-22T18:49:58Z
181,7,11,36.5,standard,2026-07-22T18:49:58Z
182,10,11,36.5,standard,2026-07-22T18:49:58Z
182,10,12,36.5,standard,2026-07-22T18:49:58Z
182,10,13,36.5,standard,2026-07-22T18:49:58Z
182,10,14,36.5,standard,2026-07-22T18:49:58Z
182,10,15,36.5,standard,2026-07-22T18:49:58Z
182,10,16,36.5,standard,2026-07-22T18:49:58Z
182,10,17,36.5,standard,2026-07-22T18:49:58Z
182,10,18,36.5,standard,2026-07-22T18:49:58Z
182,10,19,36.5,standard,2026-07-22T18:49:58Z
182,10,20,36.5,standard,2026-07-22T18:49:58Z
182,10,21,36.5,standard,2026-07-22T18:49:58Z
182,10,22,36.5,standard,2026-07-22T18:49:58Z
182,10,23,36.5,standard,2026-07-22T18:49:58Z
182,10,24,36.5,standard,2026-07-22T18:49:58Z
182,10,3,36.5,standard,2026-07-22T18:49:58Z
182,10,4,36.5,standard,2026-07-22T18:49:58Z
182,10,5,36.5,standard,2026-07-22T18:49:58Z
182,10,6,36.5,standard,2026-07-22T18:49:58Z
182,10,7,36.5,standard,2026-07-22T18:49:58Z
182,10,8,36.5,standard,2026-07-22T18:49:58Z
182,10,9,36.5,standard,2026-07-22T18:49:58Z
182,11,10,36.5,standard,2026-07-22T18:49:58Z
182,11,11,36.5,standard,2026-07-22T18:49:58Z
182,11,12,36.5,standard,2026-07-22T18:49:58Z
182,11,13,36.5,standard,2026-07-22T18:49:58Z
182,11,14,36.5,standard,2026-07-22T18:49:58Z
182,11,15,36.5,standard,2026-07-22T18:49:58Z
182,11,16,36.5,standard,2026-07-22T18:49:58Z
182,11,17,36.5,standard,2026-07-22T18:49:58Z
182,11,18,36.5,standard,2026-07-22T18:49:58Z
182,11,19,36.5,standard,2026-07-22T18:49:58Z
182,11,20,36.5,standard,2026-07-22T18:49:58Z
182,11,21,36.5,standard,2026-07-22T18:49:58Z
182,11,22,36.5,standard,2026-07-22T18:49:58Z
182,11,23,36.5,standard,2026-07-22T18:49:58Z
182,11,24,36.5,standard,2026-07-22T18:49:58Z
182,11,3,36.5,standard,2026-07-22T18:49:58Z
182,11,4,36.5,standard,2026-07-22T18:49:58Z
182,11,5,36.5,standard,2026-07-22T18:49:58Z
182,11,6,36.5,standard,2026-07-22T18:49:58Z
182,11,7,36.5,standard,2026-07-22T18:49:58Z
182,11,8,36.5,standard,2026-07-22T18:49:58Z
182,11,9,36.5,standard,2026-07-22T18:49:58Z
182,12,10,36.5,standard,2026-07-22T18:49:58Z
182,12,11,36.5,standard,2026-07-22T18:49:58Z
182,12,12,36.5,standard,2026-07-22T18:49:58Z
182,12,13,36.5,standard,2026-07-22T18:49:58Z
182,12,14,36.5,standard,2026-07-22T18:49:58Z
182,12,15,36.5,standard,2026-07-22T18:49:58Z
182,12,16,36.5,standard,2026-07-22T18:49:58Z
182,12,2,36.5,standard,2026-07-22T18:49:58Z
182,12,3,36.5,standard,2026-07-22T18:49:58Z
182,12,4,36.5,standard,2026-07-22T18:49:58Z
182,12,5,36.5,standard,2026-07-22T18:49:58Z
182,12,6,36.5,standard,2026-07-22T18:49:58Z
182,12,7,36.5,standard,2026-07-22T18:49:58Z
182,12,8,36.5,standard,2026-07-22T18:49:58Z
182,12,9,36.5,standard,2026-07-22T18:49:58Z
182,3,5,36.5,standard,2026-07-22T18:49:58Z
182,3,6,36.5,standard,2026-07-22T18:49:58Z
182,5,4,36.5,standard,2026-07-22T18:49:58Z
182,5,5,36.5,standard,2026-07-22T18:49:58Z
182,5,12,36.5,standard,2026-07-22T18:49:58Z
182,5,13,36.5,standard,2026-07-22T18:49:58Z
182,5,14,36.5,standard,2026-07-22T18:49:58Z
182,5,15,36.5,standard,2026-07-22T18:49:58Z
182,6,6,36.5,standard,2026-07-22T18:49:58Z
182,6,7,36.5,standard,2026-07-22T18:49:58Z
182,6,8,36.5,standard,2026-07-22T18:49:58Z
182,6,9,36.5,standard,2026-07-22T18:49:58Z
182,6,10,36.5,standard,2026-07-22T18:49:58Z
182,6,11,36.5,standard,2026-07-22T18:49:58Z
182,7,10,36.5,standard,2026-07-22T18:49:58Z
182,7,11,36.5,standard,2026-07-22T18:49:58Z
182,7,12,36.5,standard,2026-07-22T18:49:58Z
182,7,13,36.5,standard,2026-07-22T18:49:58Z
182,7,14,36.5,standard,2026-07-22T18:49:58Z
182,7,15,36.5,standard,2026-07-22T18:49:58Z
182,7,16,36.5,standard,2026-07-22T18:49:58Z
182,7,17,36.5,standard,2026-07-22T18:49:58Z
182,8,10,36.5,standard,2026-07-22T18:49:58Z
182,8,11,36.5,standard,2026-07-22T18:49:58Z
182,8,12,36.5,standard,2026-07-22T18:49:58Z
182,8,13,36.5,standard,2026-07-22T18:49:58Z
182,8,14,36.5,standard,2026-07-22T18:49:58Z
182,8,15,36.5,standard,2026-07-22T18:49:58Z
182,8,16,36.5,standard,2026-07-22T18:49:58Z
182,8,17,36.5,standard,2026-07-22T18:49:58Z
182,9,9,36.5,standard,2026-07-22T18:49:58Z
182,9,10,36.5,standard,2026-07-22T18:49:58Z
182,9,11,36.5,standard,2026-07-22T18:49:58Z
182,9,12,36.5,standard,2026-07-22T18:49:58Z
182,9,13,36.5,standard,2026-07-22T18:49:58Z
182,9,14,36.5,standard,2026-07-22T18:49:58Z
182,9,15,36.5,standard,2026-07-22T18:49:58Z
182,9,16,36.5,standard,2026-07-22T18:49:58Z
182,9,17,36.5,standard,2026-07-22T18:49:58Z
182,9,18,36.5,standard,2026-07-22T18:49:58Z
182,9,19,36.5,standard,2026-07-22T18:49:58Z
182,9,20,36.5,standard,2026-07-22T18:49:58Z
182,9,21,36.5,standard,2026-07-22T18:49:58Z
182,9,22,36.5,standard,2026-07-22T18:49:58Z
183,10,10,36.5,standard,2026-07-22T18:49:58Z
183,10,11,36.5,standard,2026-07-22T18:49:58Z
183,10,14,36.5,standard,2026-07-22T18:49:58Z
183,10,15,36.5,standard,2026-07-22T18:49:58Z
183,10,16,36.5,standard,2026-07-22T18:49:58Z
183,10,17,36.5,standard,2026-07-22T18:49:58Z
183,10,18,36.5,standard,2026-07-22T18:49:58Z
183,10,19,36.5,standard,2026-07-22T18:49:58Z
183,10,20,36.5,standard,2026-07-22T18:49:58Z
183,10,21,36.5,standard,2026-07-22T18:49:58Z
183,10,22,36.5,standard,2026-07-22T18:49:58Z
183,10,23,36.5,standard,2026-07-22T18:49:58Z
183,10,24,36.5,standard,2026-07-22T18:49:58Z
183,10,3,36.5,standard,2026-07-22T18:49:58Z
183,10,4,36.5,standard,2026-07-22T18:49:58Z
183,10,5,36.5,standard,2026-07-22T18:49:58Z
183,10,6,36.5,standard,2026-07-22T18:49:58Z
183,10,7,36.5,standard,2026-07-22T18:49:58Z
183,10,8,36.5,standard,2026-07-22T18:49:58Z
183,10,9,36.5,standard,2026-07-22T18:49:58Z
183,11,10,36.5,standard,2026-07-22T18:49:58Z
183,11,15,36.5,standard,2026-07-22T18:49:58Z
183,11,16,36.5,standard,2026-07-22T18:49:58Z
183,11,17,36.5,standard,2026-07-22T18:49:58Z
183,11,18,36.5,standard,2026-07-22T18:49:58Z
183,11,19,36.5,standard,2026-07-22T18:49:58Z
183,11,20,36.5,standard,2026-07-22T18:49:58Z
183,11,21,36.5,standard,2026-07-22T18:49:58Z
183,11,22,36.5,standard,2026-07-22T18:49:58Z
183,11,23,36.5,standard,2026-07-22T18:49:58Z
183,11,24,36.5,standard,2026-07-22T18:49:58Z
183,11,3,36.5,standard,2026-07-22T18:49:58Z
183,11,4,36.5,standard,2026-07-22T18:49:58Z
183,11,5,36.5,standard,2026-07-22T18:49:58Z
183,11,6,36.5,standard,2026-07-22T18:49:58Z
183,11,7,36.5,standard,2026-07-22T18:49:58Z
183,11,8,36.5,standard,2026-07-22T18:49:58Z
183,11,9,36.5,standard,2026-07-22T18:49:58Z
183,12,10,36.5,standard,2026-07-22T18:49:58Z
183,12,11,36.5,standard,2026-07-22T18:49:58Z
183,12,13,36.5,standard,2026-07-22T18:49:58Z
183,12,14,36.5,standard,2026-07-22T18:49:58Z
183,12,15,36.5,standard,2026-07-22T18:49:58Z
183,12,16,36.5,standard,2026-07-22T18:49:58Z
183,12,17,36.5,standard,2026-07-22T18:49:58Z
183,12,18,36.5,standard,2026-07-22T18:49:58Z
183,12,19,36.5,standard,2026-07-22T18:49:58Z
183,12,20,36.5,standard,2026-07-22T18:49:58Z
183,12,21,36.5,standard,2026-07-22T18:49:58Z
183,12,22,36.5,standard,2026-07-22T18:49:58Z
183,12,3,36.5,standard,2026-07-22T18:49:58Z
183,12,4,36.5,standard,2026-07-22T18:49:58Z
183,12,5,36.5,standard,2026-07-22T18:49:58Z
183,12,6,36.5,standard,2026-07-22T18:49:58Z
183,12,7,36.5,standard,2026-07-22T18:49:58Z
183,12,8,36.5,standard,2026-07-22T18:49:58Z
183,12,9,36.5,standard,2026-07-22T18:49:58Z
183,3,15,36.5,standard,2026-07-22T18:49:58Z
183,5,10,36.5,standard,2026-07-22T18:49:58Z
183,5,11,36.5,standard,2026-07-22T18:49:58Z
183,8,7,36.5,standard,2026-07-22T18:49:58Z
183,8,8,36.5,standard,2026-07-22T18:49:58Z
183,8,9,36.5,standard,2026-07-22T18:49:58Z
183,8,10,36.5,standard,2026-07-22T18:49:58Z
183,8,11,36.5,standard,2026-07-22T18:49:58Z
183,9,4,36.5,standard,2026-07-22T18:49:58Z
183,9,5,36.5,standard,2026-07-22T18:49:58Z
183,9,6,36.5,standard,2026-07-22T18:49:58Z
183,9,7,36.5,standard,2026-07-22T18:49:58Z
183,9,8,36.5,standard,2026-07-22T18:49:58Z
183,9,9,36.5,standard,2026-07-22T18:49:58Z
183,9,10,36.5,standard,2026-07-22T18:49:58Z
183,9,11,36.5,standard,2026-07-22T18:49:58Z
183,9,12,36.5,standard,2026-07-22T18:49:58Z
183,9,13,36.5,standard,2026-07-22T18:49:58Z
183,9,14,36.5,standard,2026-07-22T18:49:58Z
183,9,20,36.5,standard,2026-07-22T18:49:58Z
183,9,21,36.5,standard,2026-07-22T18:49:58Z
183,9,22,36.5,standard,2026-07-22T18:49:58Z
183,9,23,36.5,standard,2026-07-22T18:49:58Z
183,9,24,36.5,standard,2026-07-22T18:49:58Z
183,9,3,36.5,standard,2026-07-22T18:49:58Z
183,10,12,36.5,standard,2026-07-22T18:49:58Z
183,10,13,36.5,standard,2026-07-22T18:49:58Z
184,10,10,36.5,standard,2026-07-22T18:49:58Z
184,10,11,36.5,standard,2026-07-22T18:49:58Z
184,10,14,36.5,standard,2026-07-22T18:49:58Z
184,10,15,36.5,standard,2026-07-22T18:49:58Z
184,10,16,36.5,standard,2026-07-22T18:49:58Z
184,10,17,36.5,standard,2026-07-22T18:49:58Z
184,10,18,36.5,standard,2026-07-22T18:49:58Z
184,10,19,36.5,standard,2026-07-22T18:49:58Z
184,10,20,36.5,standard,2026-07-22T18:49:58Z
184,10,21,36.5,standard,2026-07-22T18:49:58Z
184,10,22,36.5,standard,2026-07-22T18:49:58Z
184,10,23,36.5,standard,2026-07-22T18:49:58Z
184,10,24,36.5,standard,2026-07-22T18:49:58Z
184,10,3,36.5,standard,2026-07-22T18:49:58Z
184,10,4,36.5,standard,2026-07-22T18:49:58Z
184,11,10,36.5,standard,2026-07-22T18:49:58Z
184,11,15,36.5,standard,2026-07-22T18:49:58Z
184,11,16,36.5,standard,2026-07-22T18:49:58Z
184,11,17,36.5,standard,2026-07-22T18:49:58Z
184,11,18,36.5,standard,2026-07-22T18:49:58Z
184,11,19,36.5,standard,2026-07-22T18:49:58Z
184,11,20,36.5,standard,2026-07-22T18:49:58Z
184,11,21,36.5,standard,2026-07-22T18:49:58Z
184,11,22,36.5,standard,2026-07-22T18:49:58Z
184,11,23,36.5,standard,2026-07-22T18:49:58Z
184,11,24,36.5,standard,2026-07-22T18:49:58Z
184,11,3,36.5,standard,2026-07-22T18:49:58Z
184,11,4,36.5,standard,2026-07-22T18:49:58Z
184,11,5,36.5,standard,2026-07-22T18:49:58Z
184,11,6,36.5,standard,2026-07-22T18:49:58Z
184,11,7,36.5,standard,2026-07-22T18:49:58Z
184,11,8,36.5,standard,2026-07-22T18:49:58Z
184,11,9,36.5,standard,2026-07-22T18:49:58Z
184,12,10,36.5,standard,2026-07-22T18:49:58Z
184,12,11,36.5,standard,2026-07-22T18:49:58Z
184,12,13,36.5,standard,2026-07-22T18:49:58Z
184,12,14,36.5,standard,2026-07-22T18:49:58Z
184,12,15,36.5,standard,2026-07-22T18:49:58Z
184,12,16,36.5,standard,2026-07-22T18:49:58Z
184,12,17,36.5,standard,2026-07-22T18:49:58Z
184,12,18,36.5,standard,2026-07-22T18:49:58Z
184,12,19,36.5,standard,2026-07-22T18:49:58Z
184,12,20,36.5,standard,2026-07-22T18:49:58Z
184,12,21,36.5,standard,2026-07-22T18:49:58Z
184,12,22,36.5,standard,2026-07-22T18:49:58Z
184,12,3,36.5,standard,2026-07-22T18:49:58Z
184,12,4,36.5,standard,2026-07-22T18:49:58Z
184,12,5,36.5,standard,2026-07-22T18:49:58Z
184,12,6,36.5,standard,2026-07-22T18:49:58Z
184,12,7,36.5,standard,2026-07-22T18:49:58Z
184,12,8,36.5,standard,2026-07-22T18:49:58Z
184,12,9,36.5,standard,2026-07-22T18:49:58Z
184,5,14,36.5,standard,2026-07-22T18:49:58Z
184,5,15,36.5,standard,2026-07-22T18:49:58Z
184,5,16,36.5,standard,2026-07-22T18:49:58Z
184,5,17,36.5,standard,2026-07-22T18:49:58Z
184,6,13,36.5,standard,2026-07-22T18:49:58Z
184,6,14,36.5,standard,2026-07-22T18:49:58Z
184,6,15,36.5,standard,2026-07-22T18:49:58Z
184,6,16,36.5,standard,2026-07-22T18:49:58Z
184,7,11,36.5,standard,2026-07-22T18:49:58Z
184,7,12,36.5,standard,2026-07-22T18:49:58Z
184,7,13,36.5,standard,2026-07-22T18:49:58Z
184,7,14,36.5,standard,2026-07-22T18:49:58Z
184,7,15,36.5,standard,2026-07-22T18:49:58Z
184,7,16,36.5,standard,2026-07-22T18:49:58Z
184,9,16,36.5,standard,2026-07-22T18:49:58Z
184,9,17,36.5,standard,2026-07-22T18:49:58Z
184,9,18,36.5,standard,2026-07-22T18:49:58Z
184,9,19,36.5,standard,2026-07-22T18:49:58Z
184,9,20,36.5,standard,2026-07-22T18:49:58Z
184,9,21,36.5,standard,2026-07-22T18:49:58Z
184,9,22,36.5,standard,2026-07-22T18:49:58Z
184,9,23,36.5,standard,2026-07-22T18:49:58Z
184,10,12,36.5,standard,2026-07-22T18:49:58Z
184,10,13,36.5,standard,2026-07-22T18:49:58Z
185,10,11,36.5,standard,2026-07-22T18:49:58Z
185,10,14,36.5,standard,2026-07-22T18:49:58Z
185,10,15,36.5,standard,2026-07-22T18:49:58Z
185,10,16,36.5,standard,2026-07-22T18:49:58Z
185,10,17,36.5,standard,2026-07-22T18:49:58Z
185,10,18,36.5,standard,2026-07-22T18:49:58Z
185,10,19,36.5,standard,2026-07-22T18:49:58Z
185,10,20,36.5,standard,2026-07-22T18:49:58Z
185,10,21,36.5,standard,2026-07-22T18:49:58Z
185,10,22,36.5,standard,2026-07-22T18:49:58Z
185,10,23,36.5,standard,2026-07-22T18:49:58Z
185,10,24,36.5,standard,2026-07-22T18:49:58Z
185,11,10,36.5,standard,2026-07-22T18:49:58Z
185,11,15,36.5,standard,2026-07-22T18:49:58Z
185,11,16,36.5,standard,2026-07-22T18:49:58Z
185,11,17,36.5,standard,2026-07-22T18:49:58Z
185,11,18,36.5,standard,2026-07-22T18:49:58Z
185,11,19,36.5,standard,2026-07-22T18:49:58Z
185,11,20,36.5,standard,2026-07-22T18:49:58Z
185,11,21,36.5,standard,2026-07-22T18:49:58Z
185,11,22,36.5,standard,2026-07-22T18:49:58Z
185,11,23,36.5,standard,2026-07-22T18:49:58Z
185,11,24,36.5,standard,2026-07-22T18:49:58Z
185,11,3,36.5,standard,2026-07-22T18:49:58Z
185,11,4,36.5,standard,2026-07-22T18:49:58Z
185,11,5,36.5,standard,2026-07-22T18:49:58Z
185,11,6,36.5,standard,2026-07-22T18:49:58Z
185,11,7,36.5,standard,2026-07-22T18:49:58Z
185,11,8,36.5,standard,2026-07-22T18:49:58Z
185,11,9,36.5,standard,2026-07-22T18:49:58Z
185,12,10,36.5,standard,2026-07-22T18:49:58Z
185,12,11,36.5,standard,2026-07-22T18:49:58Z
185,12,13,36.5,standard,2026-07-22T18:49:58Z
185,12,14,36.5,standard,2026-07-22T18:49:58Z
185,12,15,36.5,standard,2026-07-22T18:49:58Z
185,12,16,36.5,standard,2026-07-22T18:49:58Z
185,12,17,36.5,standard,2026-07-22T18:49:58Z
185,12,18,36.5,standard,2026-07-22T18:49:58Z
185,12,19,36.5,standard,2026-07-22T18:49:58Z
185,12,20,36.5,standard,2026-07-22T18:49:58Z
185,12,21,36.5,standard,2026-07-22T18:49:58Z
185,12,22,36.5,standard,2026-07-22T18:49:58Z
185,12,3,36.5,standard,2026-07-22T18:49:58Z
185,12,4,36.5,standard,2026-07-22T18:49:58Z
185,12,5,36.5,standard,2026-07-22T18:49:58Z
185,12,6,36.5,standard,2026-07-22T18:49:58Z
185,12,7,36.5,standard,2026-07-22T18:49:58Z
185,12,8,36.5,standard,2026-07-22T18:49:58Z
185,12,9,36.5,standard,2026-07-22T18:49:58Z
185,5,6,36.5,standard,2026-07-22T18:49:58Z
185,5,7,36.5,standard,2026-07-22T18:49:58Z
185,5,8,36.5,standard,2026-07-22T18:49:58Z
185,5,9,36.5,standard,2026-07-22T18:49:58Z
185,5,10,36.5,standard,2026-07-22T18:49:58Z
185,5,11,36.5,standard,2026-07-22T18:49:58Z
185,5,12,36.5,standard,2026-07-22T18:49:58Z
185,5,13,36.5,standard,2026-07-22T18:49:58Z
185,5,14,36.5,standard,2026-07-22T18:49:58Z
185,5,15,36.5,standard,2026-07-22T18:49:58Z
185,5,16,36.5,standard,2026-07-22T18:49:58Z
185,6,7,36.5,standard,2026-07-22T18:49:58Z
185,6,8,36.5,standard,2026-07-22T18:49:58Z
185,6,9,36.5,standard,2026-07-22T18:49:58Z
185,6,10,36.5,standard,2026-07-22T18:49:58Z
185,6,11,36.5,standard,2026-07-22T18:49:58Z
185,6,12,36.5,standard,2026-07-22T18:49:58Z
185,6,13,36.5,standard,2026-07-22T18:49:58Z
185,6,14,36.5,standard,2026-07-22T18:49:58Z
185,6,15,36.5,standard,2026-07-22T18:49:58Z
185,6,16,36.5,standard,2026-07-22T18:49:58Z
185,6,17,36.5,standard,2026-07-22T18:49:58Z
185,7,13,36.5,standard,2026-07-22T18:49:58Z
185,7,14,36.5,standard,2026-07-22T18:49:58Z
185,7,15,36.5,standard,2026-07-22T18:49:58Z
185,7,16,36.5,standard,2026-07-22T18:49:58Z
185,7,17,36.5,standard,2026-07-22T18:49:58Z
185,7,18,36.5,standard,2026-07-22T18:49:58Z
185,8,13,36.5,standard,2026-07-22T18:49:58Z
185,8,14,36.5,standard,2026-07-22T18:49:58Z
185,8,15,36.5,standard,2026-07-22T18:49:58Z
185,8,16,36.5,standard,2026-07-22T18:49:58Z
185,8,17,36.5,standard,2026-07-22T18:49:58Z
185,8,18,36.5,standard,2026-07-22T18:49:58Z
185,8,19,36.5,standard,2026-07-22T18:49:58Z
185,9,11,36.5,standard,2026-07-22T18:49:58Z
185,9,12,36.5,standard,2026-07-22T18:49:58Z
185,9,13,36.5,standard,2026-07-22T18:49:58Z
185,9,14,36.5,standard,2026-07-22T18:49:58Z
185,9,15,36.5,standard,2026-07-22T18:49:58Z
185,9,16,36.5,standard,2026-07-22T18:49:58Z
185,9,17,36.5,standard,2026-07-22T18:49:58Z
185,9,18,36.5,standard,2026-07-22T18:49:58Z
185,9,19,36.5,standard,2026-07-22T18:49:58Z
185,9,20,36.5,standard,2026-07-22T18:49:58Z
185,9,21,36.5,standard,2026-07-22T18:49:58Z
185,9,22,36.5,standard,2026-07-22T18:49:58Z
185,9,23,36.5,standard,2026-07-22T18:49:58Z
185,9,24,36.5,standard,2026-07-22T18:49:58Z
185,10,12,36.5,standard,2026-07-22T18:49:58Z
185,10,13,36.5,standard,2026-07-22T18:49:58Z
186,10,10,36.5,standard,2026-07-22T18:49:58Z
186,10,11,36.5,standard,2026-07-22T18:49:58Z
186,10,14,36.5,standard,2026-07-22T18:49:58Z
186,10,15,36.5,standard,2026-07-22T18:49:58Z
186,10,16,36.5,standard,2026-07-22T18:49:58Z
186,10,17,36.5,standard,2026-07-22T18:49:58Z
186,10,18,36.5,standard,2026-07-22T18:49:58Z
186,10,19,36.5,standard,2026-07-22T18:49:58Z
186,10,20,36.5,standard,2026-07-22T18:49:58Z
186,10,21,36.5,standard,2026-07-22T18:49:58Z
186,10,22,36.5,standard,2026-07-22T18:49:58Z
186,10,23,36.5,standard,2026-07-22T18:49:58Z
186,10,24,36.5,standard,2026-07-22T18:49:58Z
186,10,25,36.5,standard,2026-07-22T18:49:58Z
186,10,26,36.5,standard,2026-07-22T18:49:58Z
186,10,27,36.5,standard,2026-07-22T18:49:58Z
186,10,28,36.5,standard,2026-07-22T18:49:58Z
186,10,3,36.5,standard,2026-07-22T18:49:58Z
186,10,4,36.5,standard,2026-07-22T18:49:58Z
186,10,5,36.5,standard,2026-07-22T18:49:58Z
186,10,6,36.5,standard,2026-07-22T18:49:58Z
186,10,7,36.5,standard,2026-07-22T18:49:58Z
186,10,8,36.5,standard,2026-07-22T18:49:58Z
186,10,9,36.5,standard,2026-07-22T18:49:58Z
186,11,10,36.5,standard,2026-07-22T18:49:58Z
186,11,15,36.5,standard,2026-07-22T18:49:58Z
186,11,16,36.5,standard,2026-07-22T18:49:58Z
186,11,17,36.5,standard,2026-07-22T18:49:58Z
186,11,18,36.5,standard,2026-07-22T18:49:58Z
186,11,19,36.5,standard,2026-07-22T18:49:58Z
186,11,20,36.5,standard,2026-07-22T18:49:58Z
186,11,21,36.5,standard,2026-07-22T18:49:58Z
186,11,22,36.5,standard,2026-07-22T18:49:58Z
186,11,23,36.5,standard,2026-07-22T18:49:58Z
186,11,24,36.5,standard,2026-07-22T18:49:58Z
186,11,25,36.5,standard,2026-07-22T18:49:58Z
186,11,26,36.5,standard,2026-07-22T18:49:58Z
186,11,27,36.5,standard,2026-07-22T18:49:58Z
186,11,28,36.5,standard,2026-07-22T18:49:58Z
186,11,3,36.5,standard,2026-07-22T18:49:58Z
186,11,4,36.5,standard,2026-07-22T18:49:58Z
186,11,5,36.5,standard,2026-07-22T18:49:58Z
186,11,6,36.5,standard,2026-07-22T18:49:58Z
186,11,7,36.5,standard,2026-07-22T18:49:58Z
186,11,8,36.5,standard,2026-07-22T18:49:58Z
186,11,9,36.5,standard,2026-07-22T18:49:58Z
186,12,10,36.5,standard,2026-07-22T18:49:58Z
186,12,11,36.5,standard,2026-07-22T18:49:58Z
186,12,16,36.5,standard,2026-07-22T18:49:58Z
186,12,17,36.5,standard,2026-07-22T18:49:58Z
186,12,18,36.5,standard,2026-07-22T18:49:58Z
186,12,19,36.5,standard,2026-07-22T18:49:58Z
186,12,20,36.5,standard,2026-07-22T18:49:58Z
186,12,21,36.5,standard,2026-07-22T18:49:58Z
186,12,22,36.5,standard,2026-07-22T18:49:58Z
186,12,23,36.5,standard,2026-07-22T18:49:58Z
186,12,24,36.5,standard,2026-07-22T18:49:58Z
186,12,25,36.5,standard,2026-07-22T18:49:58Z
186,12,26,36.5,standard,2026-07-22T18:49:58Z
186,12,27,36.5,standard,2026-07-22T18:49:58Z
186,12,28,36.5,standard,2026-07-22T18:49:58Z
186,12,3,36.5,standard,2026-07-22T18:49:58Z
186,12,4,36.5,standard,2026-07-22T18:49:58Z
186,12,5,36.5,standard,2026-07-22T18:49:58Z
186,12,6,36.5,standard,2026-07-22T18:49:58Z
186,12,7,36.5,standard,2026-07-22T18:49:58Z
186,12,8,36.5,standard,2026-07-22T18:49:58Z
186,12,9,36.5,standard,2026-07-22T18:49:58Z
186,4,9,36.5,standard,2026-07-22T18:49:58Z
186,4,10,36.5,standard,2026-07-22T18:49:58Z
186,4,11,36.5,standard,2026-07-22T18:49:58Z
186,4,12,36.5,standard,2026-07-22T18:49:58Z
186,4,13,36.5,standard,2026-07-22T18:49:58Z
186,4,14,36.5,standard,2026-07-22T18:49:58Z
186,4,15,36.5,standard,2026-07-22T18:49:58Z
186,4,16,36.5,standard,2026-07-22T18:49:58Z
186,4,17,36.5,standard,2026-07-22T18:49:58Z
186,4,18,36.5,standard,2026-07-22T18:49:58Z
186,4,19,36.5,standard,2026-07-22T18:49:58Z
186,4,20,36.5,standard,2026-07-22T18:49:58Z
186,4,21,36.5,standard,2026-07-22T18:49:58Z
186,5,10,36.5,standard,2026-07-22T18:49:58Z
186,5,11,36.5,standard,2026-07-22T18:49:58Z
186,5,12,36.5,standard,2026-07-22T18:49:58Z
186,5,13,36.5,standard,2026-07-22T18:49:58Z
186,5,14,36.5,standard,2026-07-22T18:49:58Z
186,5,15,36.5,standard,2026-07-22T18:49:58Z
186,5,16,36.5,standard,2026-07-22T18:49:58Z
186,5,17,36.5,standard,2026-07-22T18:49:58Z
186,5,18,36.5,standard,2026-07-22T18:49:58Z
186,5,19,36.5,standard,2026-07-22T18:49:58Z
186,5,20,36.5,standard,2026-07-22T18:49:58Z
186,5,21,36.5,standard,2026-07-22T18:49:58Z
186,5,22,36.5,standard,2026-07-22T18:49:58Z
186,5,23,36.5,standard,2026-07-22T18:49:58Z
186,5,24,36.5,standard,2026-07-22T18:49:58Z
186,5,25,36.5,standard,2026-07-22T18:49:58Z
186,6,10,36.5,standard,2026-07-22T18:49:58Z
186,6,11,36.5,standard,2026-07-22T18:49:58Z
186,6,12,36.5,standard,2026-07-22T18:49:58Z
186,6,13,36.5,standard,2026-07-22T18:49:58Z
186,6,14,36.5,standard,2026-07-22T18:49:58Z
186,6,15,36.5,standard,2026-07-22T18:49:58Z
186,6,16,36.5,standard,2026-07-22T18:49:58Z
186,6,17,36.5,standard,2026-07-22T18:49:58Z
186,6,18,36.5,standard,2026-07-22T18:49:58Z
186,6,19,36.5,standard,2026-07-22T18:49:58Z
186,6,20,36.5,standard,2026-07-22T18:49:58Z
186,6,21,36.5,standard,2026-07-22T18:49:58Z
186,6,22,36.5,standard,2026-07-22T18:49:58Z
186,6,23,36.5,standard,2026-07-22T18:49:58Z
186,6,24,36.5,standard,2026-07-22T18:49:58Z
186,6,25,36.5,standard,2026-07-22T18:49:58Z
186,7,4,36.5,standard,2026-07-22T18:49:58Z
186,7,5,36.5,standard,2026-07-22T18:49:58Z
186,7,6,36.5,standard,2026-07-22T18:49:58Z
186,7,7,36.5,standard,2026-07-22T18:49:58Z
186,7,8,36.5,standard,2026-07-22T18:49:58Z
186,7,9,36.5,standard,2026-07-22T18:49:58Z
186,7,10,36.5,standard,2026-07-22T18:49:58Z
186,7,11,36.5,standard,2026-07-22T18:49:58Z
186,7,12,36.5,standard,2026-07-22T18:49:58Z
186,7,13,36.5,standard,2026-07-22T18:49:58Z
186,7,14,36.5,standard,2026-07-22T18:49:58Z
186,7,15,36.5,standard,2026-07-22T18:49:58Z
186,7,16,36.5,standard,2026-07-22T18:49:58Z
186,7,17,36.5,standard,2026-07-22T18:49:58Z
186,7,18,36.5,standard,2026-07-22T18:49:58Z
186,7,19,36.5,standard,2026-07-22T18:49:58Z
186,7,20,36.5,standard,2026-07-22T18:49:58Z
186,7,21,36.5,standard,2026-07-22T18:49:58Z
186,7,22,36.5,standard,2026-07-22T18:49:58Z
186,7,23,36.5,standard,2026-07-22T18:49:58Z
186,7,24,36.5,standard,2026-07-22T18:49:58Z
186,7,25,36.5,standard,2026-07-22T18:49:58Z
186,7,3,36.5,standard,2026-07-22T18:49:58Z
186,8,4,36.5,standard,2026-07-22T18:49:58Z
186,8,5,36.5,standard,2026-07-22T18:49:58Z
186,8,6,36.5,standard,2026-07-22T18:49:58Z
186,8,7,36.5,standard,2026-07-22T18:49:58Z
186,8,8,36.5,standard,2026-07-22T18:49:58Z
186,8,9,36.5,standard,2026-07-22T18:49:58Z
186,8,10,36.5,standard,2026-07-22T18:49:58Z
186,8,11,36.5,standard,2026-07-22T18:49:58Z
186,8,12,36.5,standard,2026-07-22T18:49:58Z
186,8,13,36.5,standard,2026-07-22T18:49:58Z
186,8,14,36.5,standard,2026-07-22T18:49:58Z
186,8,15,36.5,standard,2026-07-22T18:49:58Z
186,8,16,36.5,standard,2026-07-22T18:49:58Z
186,8,17,36.5,standard,2026-07-22T18:49:58Z
186,8,18,36.5,standard,2026-07-22T18:49:58Z
186,8,19,36.5,standard,2026-07-22T18:49:58Z
186,8,20,36.5,standard,2026-07-22T18:49:58Z
186,8,21,36.5,standard,2026-07-22T18:49:58Z
186,8,22,36.5,standard,2026-07-22T18:49:58Z
186,8,23,36.5,standard,2026-07-22T18:49:58Z
186,8,24,36.5,standard,2026-07-22T18:49:58Z
186,8,25,36.5,standard,2026-07-22T18:49:58Z
186,8,3,36.5,standard,2026-07-22T18:49:58Z
186,9,4,36.5,standard,2026-07-22T18:49:58Z
186,9,5,36.5,standard,2026-07-22T18:49:58Z
186,9,6,36.5,standard,2026-07-22T18:49:58Z
186,9,7,36.5,standard,2026-07-22T18:49:58Z
186,9,8,36.5,standard,2026-07-22T18:49:58Z
186,9,9,36.5,standard,2026-07-22T18:49:58Z
186,9,1,36.5,standard,2026-07-22T18:49:58Z
186,9,10,36.5,standard,2026-07-22T18:49:58Z
186,9,11,36.5,standard,2026-07-22T18:49:58Z
186,9,12,36.5,standard,2026-07-22T18:49:58Z
186,9,13,36.5,standard,2026-07-22T18:49:58Z
186,9,14,36.5,standard,2026-07-22T18:49:58Z
186,9,15,36.5,standard,2026-07-22T18:49:58Z
186,9,16,36.5,standard,2026-07-22T18:49:58Z
186,9,17,36.5,standard,2026-07-22T18:49:58Z
186,9,18,36.5,standard,2026-07-22T18:49:58Z
186,9,19,36.5,standard,2026-07-22T18:49:58Z
186,9,2,36.5,standard,2026-07-22T18:49:58Z
186,9,20,36.5,standard,2026-07-22T18:49:58Z
186,9,21,36.5,standard,2026-07-22T18:49:58Z
186,9,22,36.5,standard,2026-07-22T18:49:58Z
186,9,23,36.5,standard,2026-07-22T18:49:58Z
186,9,24,36.5,standard,2026-07-22T18:49:58Z
186,9,25,36.5,standard,2026-07-22T18:49:58Z
186,9,26,36.5,standard,2026-07-22T18:49:58Z
186,9,27,36.5,standard,2026-07-22T18:49:58Z
186,9,28,36.5,standard,2026-07-22T18:49:58Z
186,9,3,36.5,standard,2026-07-22T18:49:58Z
186,10,12,36.5,standard,2026-07-22T18:49:58Z
186,10,13,36.5,standard,2026-07-22T18:49:58Z
187,10,10,36.5,standard,2026-07-22T18:49:58Z
187,10,11,36.5,standard,2026-07-22T18:49:58Z
187,10,12,36.5,standard,2026-07-22T18:49:58Z
187,10,13,36.5,standard,2026-07-22T18:49:58Z
187,10,14,36.5,standard,2026-07-22T18:49:58Z
187,10,2,36.5,standard,2026-07-22T18:49:58Z
187,10,3,36.5,standard,2026-07-22T18:49:58Z
187,10,4,36.5,standard,2026-07-22T18:49:58Z
187,10,5,36.5,standard,2026-07-22T18:49:58Z
187,10,6,36.5,standard,2026-07-22T18:49:58Z
187,10,7,36.5,standard,2026-07-22T18:49:58Z
187,10,8,36.5,standard,2026-07-22T18:49:58Z
187,10,9,36.5,standard,2026-07-22T18:49:58Z
187,11,10,36.5,standard,2026-07-22T18:49:58Z
187,11,11,36.5,standard,2026-07-22T18:49:58Z
187,11,12,36.5,standard,2026-07-22T18:49:58Z
187,11,13,36.5,standard,2026-07-22T18:49:58Z
187,11,14,36.5,standard,2026-07-22T18:49:58Z
187,11,2,36.5,standard,2026-07-22T18:49:58Z
187,11,3,36.5,standard,2026-07-22T18:49:58Z
187,11,4,36.5,standard,2026-07-22T18:49:58Z
187,11,5,36.5,standard,2026-07-22T18:49:58Z
187,11,6,36.5,standard,2026-07-22T18:49:58Z
187,11,7,36.5,standard,2026-07-22T18:49:58Z
187,11,8,36.5,standard,2026-07-22T18:49:58Z
187,11,9,36.5,standard,2026-07-22T18:49:58Z
187,12,10,36.5,standard,2026-07-22T18:49:58Z
187,12,11,36.5,standard,2026-07-22T18:49:58Z
187,12,12,36.5,standard,2026-07-22T18:49:58Z
187,12,13,36.5,standard,2026-07-22T18:49:58Z
187,12,14,36.5,standard,2026-07-22T18:49:58Z
187,12,15,36.5,standard,2026-07-22T18:49:58Z
187,12,2,36.5,standard,2026-07-22T18:49:58Z
187,12,3,36.5,standard,2026-07-22T18:49:58Z
187,12,4,36.5,standard,2026-07-22T18:49:58Z
187,12,5,36.5,standard,2026-07-22T18:49:58Z
187,12,6,36.5,standard,2026-07-22T18:49:58Z
187,12,7,36.5,standard,2026-07-22T18:49:58Z
187,12,8,36.5,standard,2026-07-22T18:49:58Z
187,12,9,36.5,standard,2026-07-22T18:49:58Z
187,4,5,36.5,standard,2026-07-22T18:49:58Z
187,4,6,36.5,standard,2026-07-22T18:49:58Z
187,4,7,36.5,standard,2026-07-22T18:49:58Z
187,4,8,36.5,standard,2026-07-22T18:49:58Z
187,4,9,36.5,standard,2026-07-22T18:49:58Z
187,4,10,36.5,standard,2026-07-22T18:49:58Z
187,4,11,36.5,standard,2026-07-22T18:49:58Z
187,4,12,36.5,standard,2026-07-22T18:49:58Z
187,4,13,36.5,standard,2026-07-22T18:49:58Z
187,4,14,36.5,standard,2026-07-22T18:49:58Z
187,5,4,36.5,standard,2026-07-22T18:49:58Z
187,5,5,36.5,standard,2026-07-22T18:49:58Z
187,5,6,36.5,standard,2026-07-22T18:49:58Z
187,5,7,36.5,standard,2026-07-22T18:49:58Z
187,5,8,36.5,standard,2026-07-22T18:49:58Z
187,5,9,36.5,standard,2026-07-22T18:49:58Z
187,5,10,36.5,standard,2026-07-22T18:49:58Z
187,5,11,36.5,standard,2026-07-22T18:49:58Z
187,5,12,36.5,standard,2026-07-22T18:49:58Z
187,5,13,36.5,standard,2026-07-22T18:49:58Z
187,5,14,36.5,standard,2026-07-22T18:49:58Z
187,5,3,36.5,standard,2026-07-22T18:49:58Z
187,6,4,36.5,standard,2026-07-22T18:49:58Z
187,6,5,36.5,standard,2026-07-22T18:49:58Z
187,6,6,36.5,standard,2026-07-22T18:49:58Z
187,6,7,36.5,standard,2026-07-22T18:49:58Z
187,6,8,36.5,standard,2026-07-22T18:49:58Z
187,6,9,36.5,standard,2026-07-22T18:49:58Z
187,6,10,36.5,standard,2026-07-22T18:49:58Z
187,6,11,36.5,standard,2026-07-22T18:49:58Z
187,6,12,36.5,standard,2026-07-22T18:49:58Z
187,6,13,36.5,standard,2026-07-22T18:49:58Z
187,6,14,36.5,standard,2026-07-22T18:49:58Z
187,6,3,36.5,standard,2026-07-22T18:49:58Z
187,7,4,36.5,standard,2026-07-22T18:49:58Z
187,7,5,36.5,standard,2026-07-22T18:49:58Z
187,7,6,36.5,standard,2026-07-22T18:49:58Z
187,7,7,36.5,standard,2026-07-22T18:49:58Z
187,7,8,36.5,standard,2026-07-22T18:49:58Z
187,7,9,36.5,standard,2026-07-22T18:49:58Z
187,7,10,36.5,standard,2026-07-22T18:49:58Z
187,7,11,36.5,standard,2026-07-22T18:49:58Z
187,7,12,36.5,standard,2026-07-22T18:49:58Z
187,7,13,36.5,standard,2026-07-22T18:49:58Z
187,7,14,36.5,standard,2026-07-22T18:49:58Z
187,7,3,36.5,standard,2026-07-22T18:49:58Z
187,8,4,36.5,standard,2026-07-22T18:49:58Z
187,8,5,36.5,standard,2026-07-22T18:49:58Z
187,8,6,36.5,standard,2026-07-22T18:49:58Z
187,8,7,36.5,standard,2026-07-22T18:49:58Z
187,8,8,36.5,standard,2026-07-22T18:49:58Z
187,8,9,36.5,standard,2026-07-22T18:49:58Z
187,8,10,36.5,standard,2026-07-22T18:49:58Z
187,8,11,36.5,standard,2026-07-22T18:49:58Z
187,8,12,36.5,standard,2026-07-22T18:49:58Z
187,8,13,36.5,standard,2026-07-22T18:49:58Z
187,8,14,36.5,standard,2026-07-22T18:49:58Z
187,8,3,36.5,standard,2026-07-22T18:49:58Z
187,9,4,36.5,standard,2026-07-22T18:49:58Z
187,9,5,36.5,standard,2026-07-22T18:49:58Z
187,9,6,36.5,standard,2026-07-22T18:49:58Z
187,9,7,36.5,standard,2026-07-22T18:49:58Z
187,9,8,36.5,standard,2026-07-22T18:49:58Z
187,9,9,36.5,standard,2026-07-22T18:49:58Z
187,9,1,36.5,standard,2026-07-22T18:49:58Z
187,9,10,36.5,standard,2026-07-22T18:49:58Z
187,9,11,36.5,standard,2026-07-22T18:49:58Z
187,9,12,36.5,standard,2026-07-22T18:49:58Z
187,9,13,36.5,standard,2026-07-22T18:49:58Z
187,9,14,36.5,standard,2026-07-22T18:49:58Z
187,9,2,36.5,standard,2026-07-22T18:49:58Z
187,9,3,36.5,standard,2026-07-22T18:49:58Z
190,15,1,31.4,standard,2026-07-22T18:49:58Z
190,15,2,31.4,standard,2026-07-22T18:49:58Z
190,16,10,31.4,standard,2026-07-22T18:49:58Z
190,16,11,31.4,standard,2026-07-22T18:49:58Z
190,16,8,31.4,standard,2026-07-22T18:49:58Z
190,16,9,31.4,standard,2026-07-22T18:49:58Z
190,7,7,31.4,standard,2026-07-22T18:49:58Z
190,7,8,31.4,standard,2026-07-22T18:49:58Z
191,10,10,31.4,standard,2026-07-22T18:49:58Z
191,10,11,31.4,standard,2026-07-22T18:49:58Z
191,10,12,31.4,standard,2026-07-22T18:49:58Z
191,10,13,31.4,standard,2026-07-22T18:49:58Z
191,10,14,31.4,standard,2026-07-22T18:49:58Z
191,10,15,31.4,standard,2026-07-22T18:49:58Z
191,10,16,31.4,standard,2026-07-22T18:49:58Z
191,10,17,31.4,standard,2026-07-22T18:49:58Z
191,10,18,31.4,standard,2026-07-22T18:49:58Z
191,10,19,31.4,standard,2026-07-22T18:49:58Z
191,10,20,31.4,standard,2026-07-22T18:49:58Z
191,10,21,31.4,standard,2026-07-22T18:49:58Z
191,10,3,31.4,standard,2026-07-22T18:49:58Z
191,10,4,31.4,standard,2026-07-22T18:49:58Z
191,10,5,31.4,standard,2026-07-22T18:49:58Z
191,10,6,31.4,standard,2026-07-22T18:49:58Z
191,10,7,31.4,standard,2026-07-22T18:49:58Z
191,10,8,31.4,standard,2026-07-22T18:49:58Z
191,10,9,31.4,standard,2026-07-22T18:49:58Z
191,11,10,31.4,standard,2026-07-22T18:49:58Z
191,11,11,31.4,standard,2026-07-22T18:49:58Z
191,11,12,31.4,standard,2026-07-22T18:49:58Z
191,11,13,31.4,standard,2026-07-22T18:49:58Z
191,11,14,31.4,standard,2026-07-22T18:49:58Z
191,11,15,31.4,standard,2026-07-22T18:49:58Z
191,11,16,31.4,standard,2026-07-22T18:49:58Z
191,11,17,31.4,standard,2026-07-22T18:49:58Z
191,11,18,31.4,standard,2026-07-22T18:49:58Z
191,11,19,31.4,standard,2026-07-22T18:49:58Z
191,11,20,31.4,standard,2026-07-22T18:49:58Z
191,11,21,31.4,standard,2026-07-22T18:49:58Z
191,11,3,31.4,standard,2026-07-22T18:49:58Z
191,11,4,31.4,standard,2026-07-22T18:49:58Z
191,11,5,31.4,standard,2026-07-22T18:49:58Z
191,11,6,31.4,standard,2026-07-22T18:49:58Z
191,11,7,31.4,standard,2026-07-22T18:49:58Z
191,11,8,31.4,standard,2026-07-22T18:49:58Z
191,11,9,31.4,standard,2026-07-22T18:49:58Z
191,12,10,31.4,standard,2026-07-22T18:49:58Z
191,12,11,31.4,standard,2026-07-22T18:49:58Z
191,12,12,31.4,standard,2026-07-22T18:49:58Z
191,12,13,31.4,standard,2026-07-22T18:49:58Z
191,12,14,31.4,standard,2026-07-22T18:49:58Z
191,12,15,31.4,standard,2026-07-22T18:49:58Z
191,12,16,31.4,standard,2026-07-22T18:49:58Z
191,12,17,31.4,standard,2026-07-22T18:49:58Z
191,12,18,31.4,standard,2026-07-22T18:49:58Z
191,12,19,31.4,standard,2026-07-22T18:49:58Z
191,12,20,31.4,standard,2026-07-22T18:49:58Z
191,12,21,31.4,standard,2026-07-22T18:49:58Z
191,12,22,31.4,standard,2026-07-22T18:49:58Z
191,12,3,31.4,standard,2026-07-22T18:49:58Z
191,12,4,31.4,standard,2026-07-22T18:49:58Z
191,12,5,31.4,standard,2026-07-22T18:49:58Z
191,12,6,31.4,standard,2026-07-22T18:49:58Z
191,12,7,31.4,standard,2026-07-22T18:49:58Z
191,12,8,31.4,standard,2026-07-22T18:49:58Z
191,12,9,31.4,standard,2026-07-22T18:49:58Z
191,13,10,31.4,standard,2026-07-22T18:49:58Z
191,13,11,31.4,standard,2026-07-22T18:49:58Z
191,13,12,31.4,standard,2026-07-22T18:49:58Z
191,13,13,31.4,standard,2026-07-22T18:49:58Z
191,13,14,31.4,standard,2026-07-22T18:49:58Z
191,13,15,31.4,standard,2026-07-22T18:49:58Z
191,13,16,31.4,standard,2026-07-22T18:49:58Z
191,13,17,31.4,standard,2026-07-22T18:49:58Z
191,13,18,31.4,standard,2026-07-22T18:49:58Z
191,13,19,31.4,standard,2026-07-22T18:49:58Z
191,13,20,31.4,standard,2026-07-22T18:49:58Z
191,13,21,31.4,standard,2026-07-22T18:49:58Z
191,13,22,31.4,standard,2026-07-22T18:49:58Z
191,13,23,31.4,standard,2026-07-22T18:49:58Z
191,13,24,31.4,standard,2026-07-22T18:49:58Z
191,13,3,31.4,standard,2026-07-22T18:49:58Z
191,13,5,31.4,standard,2026-07-22T18:49:58Z
191,13,6,31.4,standard,2026-07-22T18:49:58Z
191,13,7,31.4,standard,2026-07-22T18:49:58Z
191,13,8,31.4,standard,2026-07-22T18:49:58Z
191,13,9,31.4,standard,2026-07-22T18:49:58Z
191,14,10,31.4,standard,2026-07-22T18:49:58Z
191,14,11,31.4,standard,2026-07-22T18:49:58Z
191,14,12,31.4,standard,2026-07-22T18:49:58Z
191,14,13,31.4,standard,2026-07-22T18:49:58Z
191,14,14,31.4,standard,2026-07-22T18:49:58Z
191,14,15,31.4,standard,2026-07-22T18:49:58Z
191,14,16,31.4,standard,2026-07-22T18:49:58Z
191,14,17,31.4,standard,2026-07-22T18:49:58Z
191,14,18,31.4,standard,2026-07-22T18:49:58Z
191,14,19,31.4,standard,2026-07-22T18:49:58Z
191,14,20,31.4,standard,2026-07-22T18:49:58Z
191,14,21,31.4,standard,2026-07-22T18:49:58Z
191,14,22,31.4,standard,2026-07-22T18:49:58Z
191,14,23,31.4,standard,2026-07-22T18:49:58Z
191,14,24,31.4,standard,2026-07-22T18:49:58Z
191,14,3,31.4,standard,2026-07-22T18:49:58Z
191,14,5,31.4,standard,2026-07-22T18:49:58Z
191,14,6,31.4,standard,2026-07-22T18:49:58Z
191,14,7,31.4,standard,2026-07-22T18:49:58Z
191,14,8,31.4,standard,2026-07-22T18:49:58Z
191,14,9,31.4,standard,2026-07-22T18:49:58Z
191,15,10,31.4,standard,2026-07-22T18:49:58Z
191,15,11,31.4,standard,2026-07-22T18:49:58Z
191,15,12,31.4,standard,2026-07-22T18:49:58Z
191,15,13,31.4,standard,2026-07-22T18:49:58Z
191,15,14,31.4,standard,2026-07-22T18:49:58Z
191,15,15,31.4,standard,2026-07-22T18:49:58Z
191,15,16,31.4,standard,2026-07-22T18:49:58Z
191,15,17,31.4,standard,2026-07-22T18:49:58Z
191,15,18,31.4,standard,2026-07-22T18:49:58Z
191,15,19,31.4,standard,2026-07-22T18:49:58Z
191,15,20,31.4,standard,2026-07-22T18:49:58Z
191,15,21,31.4,standard,2026-07-22T18:49:58Z
191,15,22,31.4,standard,2026-07-22T18:49:58Z
191,15,23,31.4,standard,2026-07-22T18:49:58Z
191,15,24,31.4,standard,2026-07-22T18:49:58Z
191,15,3,31.4,standard,2026-07-22T18:49:58Z
191,15,4,31.4,standard,2026-07-22T18:49:58Z
191,15,5,31.4,standard,2026-07-22T18:49:58Z
191,15,6,31.4,standard,2026-07-22T18:49:58Z
191,15,7,31.4,standard,2026-07-22T18:49:58Z
191,15,8,31.4,standard,2026-07-22T18:49:58Z
191,15,9,31.4,standard,2026-07-22T18:49:58Z
191,16,10,31.4,standard,2026-07-22T18:49:58Z
191,16,11,31.4,standard,2026-07-22T18:49:58Z
191,16,12,31.4,standard,2026-07-22T18:49:58Z
191,16,13,31.4,standard,2026-07-22T18:49:58Z
191,16,14,31.4,standard,2026-07-22T18:49:58Z
191,16,15,31.4,standard,2026-07-22T18:49:58Z
191,16,21,31.4,standard,2026-07-22T18:49:58Z
191,16,22,31.4,standard,2026-07-22T18:49:58Z
191,16,24,31.4,standard,2026-07-22T18:49:58Z
191,16,3,31.4,standard,2026-07-22T18:49:58Z
191,16,4,31.4,standard,2026-07-22T18:49:58Z
191,16,5,31.4,standard,2026-07-22T18:49:58Z
191,16,6,31.4,standard,2026-07-22T18:49:58Z
191,16,7,31.4,standard,2026-07-22T18:49:58Z
191,16,8,31.4,standard,2026-07-22T18:49:58Z
191,16,9,31.4,standard,2026-07-22T18:49:58Z
191,4,7,31.4,standard,2026-07-22T18:49:58Z
191,4,8,31.4,standard,2026-07-22T18:49:58Z
191,4,9,31.4,standard,2026-07-22T18:49:58Z
191,4,10,31.4,standard,2026-07-22T18:49:58Z
191,4,11,31.4,standard,2026-07-22T18:49:58Z
191,4,12,31.4,standard,2026-07-22T18:49:58Z
191,4,17,31.4,standard,2026-07-22T18:49:58Z
191,4,18,31.4,standard,2026-07-22T18:49:58Z
191,4,19,31.4,standard,2026-07-22T18:49:58Z
191,4,20,31.4,standard,2026-07-22T18:49:58Z
191,5,5,31.4,standard,2026-07-22T18:49:58Z
191,5,6,31.4,standard,2026-07-22T18:49:58Z
191,5,7,31.4,standard,2026-07-22T18:49:58Z
191,5,12,31.4,standard,2026-07-22T18:49:58Z
191,5,13,31.4,standard,2026-07-22T18:49:58Z
191,5,14,31.4,standard,2026-07-22T18:49:58Z
191,5,15,31.4,standard,2026-07-22T18:49:58Z
191,5,16,31.4,standard,2026-07-22T18:49:58Z
191,5,17,31.4,standard,2026-07-22T18:49:58Z
191,5,18,31.4,standard,2026-07-22T18:49:58Z
191,5,19,31.4,standard,2026-07-22T18:49:58Z
191,5,20,31.4,standard,2026-07-22T18:49:58Z
191,6,7,31.4,standard,2026-07-22T18:49:58Z
191,6,8,31.4,standard,2026-07-22T18:49:58Z
191,6,9,31.4,standard,2026-07-22T18:49:58Z
191,6,10,31.4,standard,2026-07-22T18:49:58Z
191,6,11,31.4,standard,2026-07-22T18:49:58Z
191,6,12,31.4,standard,2026-07-22T18:49:58Z
191,6,13,31.4,standard,2026-07-22T18:49:58Z
191,6,14,31.4,standard,2026-07-22T18:49:58Z
191,6,15,31.4,standard,2026-07-22T18:49:58Z
191,6,16,31.4,standard,2026-07-22T18:49:58Z
191,6,17,31.4,standard,2026-07-22T18:49:58Z
191,6,18,31.4,standard,2026-07-22T18:49:58Z
191,6,19,31.4,standard,2026-07-22T18:49:58Z
191,6,20,31.4,standard,2026-07-22T18:49:58Z
191,6,21,31.4,standard,2026-07-22T18:49:58Z
191,7,4,31.4,standard,2026-07-22T18:49:58Z
191,7,5,31.4,standard,2026-07-22T18:49:58Z
191,7,6,31.4,standard,2026-07-22T18:49:58Z
191,7,7,31.4,standard,2026-07-22T18:49:58Z
191,7,8,31.4,standard,2026-07-22T18:49:58Z
191,7,9,31.4,standard,2026-07-22T18:49:58Z
191,7,10,31.4,standard,2026-07-22T18:49:58Z
191,7,11,31.4,standard,2026-07-22T18:49:58Z
191,7,12,31.4,standard,2026-07-22T18:49:58Z
191,7,13,31.4,standard,2026-07-22T18:49:58Z
191,7,14,31.4,standard,2026-07-22T18:49:58Z
191,7,15,31.4,standard,2026-07-22T18:49:58Z
191,7,16,31.4,standard,2026-07-22T18:49:58Z
191,7,17,31.4,standard,2026-07-22T18:49:58Z
191,7,18,31.4,standard,2026-07-22T18:49:58Z
191,7,19,31.4,standard,2026-07-22T18:49:58Z
191,7,20,31.4,standard,2026-07-22T18:49:58Z
191,7,21,31.4,standard,2026-07-22T18:49:58Z
191,7,3,31.4,standard,2026-07-22T18:49:58Z
191,8,4,31.4,standard,2026-07-22T18:49:58Z
191,8,5,31.4,standard,2026-07-22T18:49:58Z
191,8,6,31.4,standard,2026-07-22T18:49:58Z
191,8,7,31.4,standard,2026-07-22T18:49:58Z
191,8,8,31.4,standard,2026-07-22T18:49:58Z
191,8,9,31.4,standard,2026-07-22T18:49:58Z
191,8,10,31.4,standard,2026-07-22T18:49:58Z
191,8,11,31.4,standard,2026-07-22T18:49:58Z
191,8,12,31.4,standard,2026-07-22T18:49:58Z
191,8,13,31.4,standard,2026-07-22T18:49:58Z
191,8,14,31.4,standard,2026-07-22T18:49:58Z
191,8,15,31.4,standard,2026-07-22T18:49:58Z
191,8,16,31.4,standard,2026-07-22T18:49:58Z
191,8,17,31.4,standard,2026-07-22T18:49:58Z
191,8,18,31.4,standard,2026-07-22T18:49:58Z
191,8,19,31.4,standard,2026-07-22T18:49:58Z
191,8,20,31.4,standard,2026-07-22T18:49:58Z
191,8,21,31.4,standard,2026-07-22T18:49:58Z
191,8,3,31.4,standard,2026-07-22T18:49:58Z
191,9,4,31.4,standard,2026-07-22T18:49:58Z
191,9,5,31.4,standard,2026-07-22T18:49:58Z
191,9,6,31.4,standard,2026-07-22T18:49:58Z
191,9,7,31.4,standard,2026-07-22T18:49:58Z
191,9,8,31.4,standard,2026-07-22T18:49:58Z
191,9,9,31.4,standard,2026-07-22T18:49:58Z
191,9,10,31.4,standard,2026-07-22T18:49:58Z
191,9,11,31.4,standard,2026-07-22T18:49:58Z
191,9,12,31.4,standard,2026-07-22T18:49:58Z
191,9,13,31.4,standard,2026-07-22T18:49:58Z
191,9,14,31.4,standard,2026-07-22T18:49:58Z
191,9,15,31.4,standard,2026-07-22T18:49:58Z
191,9,16,31.4,standard,2026-07-22T18:49:58Z
191,9,17,31.4,standard,2026-07-22T18:49:58Z
191,9,18,31.4,standard,2026-07-22T18:49:58Z
191,9,19,31.4,standard,2026-07-22T18:49:58Z
191,9,20,31.4,standard,2026-07-22T18:49:58Z
191,9,21,31.4,standard,2026-07-22T18:49:58Z
191,9,3,31.4,standard,2026-07-22T18:49:58Z
192,10,10,31.4,standard,2026-07-22T18:49:58Z
192,10,11,31.4,standard,2026-07-22T18:49:58Z
192,10,12,31.4,standard,2026-07-22T18:49:58Z
192,10,13,31.4,standard,2026-07-22T18:49:58Z
192,10,14,31.4,standard,2026-07-22T18:49:58Z
192,10,15,31.4,standard,2026-07-22T18:49:58Z
192,10,16,31.4,standard,2026-07-22T18:49:58Z
192,10,17,31.4,standard,2026-07-22T18:49:58Z
192,10,18,31.4,standard,2026-07-22T18:49:58Z
192,10,19,31.4,standard,2026-07-22T18:49:58Z
192,10,20,31.4,standard,2026-07-22T18:49:58Z
192,10,21,31.4,standard,2026-07-22T18:49:58Z
192,10,22,31.4,standard,2026-07-22T18:49:58Z
192,10,23,31.4,standard,2026-07-22T18:49:58Z
192,10,3,31.4,standard,2026-07-22T18:49:58Z
192,10,4,31.4,standard,2026-07-22T18:49:58Z
192,10,5,31.4,standard,2026-07-22T18:49:58Z
192,10,6,31.4,standard,2026-07-22T18:49:58Z
192,10,7,31.4,standard,2026-07-22T18:49:58Z
192,10,8,31.4,standard,2026-07-22T18:49:58Z
192,10,9,31.4,standard,2026-07-22T18:49:58Z
192,11,10,31.4,standard,2026-07-22T18:49:58Z
192,11,11,31.4,standard,2026-07-22T18:49:58Z
192,11,12,31.4,standard,2026-07-22T18:49:58Z
192,11,13,31.4,standard,2026-07-22T18:49:58Z
192,11,14,31.4,standard,2026-07-22T18:49:58Z
192,11,15,31.4,standard,2026-07-22T18:49:58Z
192,11,16,31.4,standard,2026-07-22T18:49:58Z
192,11,17,31.4,standard,2026-07-22T18:49:58Z
192,11,18,31.4,standard,2026-07-22T18:49:58Z
192,11,19,31.4,standard,2026-07-22T18:49:58Z
192,11,20,31.4,standard,2026-07-22T18:49:58Z
192,11,21,31.4,standard,2026-07-22T18:49:58Z
192,11,22,31.4,standard,2026-07-22T18:49:58Z
192,11,23,31.4,standard,2026-07-22T18:49:58Z
192,11,3,31.4,standard,2026-07-22T18:49:58Z
192,11,4,31.4,standard,2026-07-22T18:49:58Z
192,11,5,31.4,standard,2026-07-22T18:49:58Z
192,11,6,31.4,standard,2026-07-22T18:49:58Z
192,11,7,31.4,standard,2026-07-22T18:49:58Z
192,11,8,31.4,standard,2026-07-22T18:49:58Z
192,11,9,31.4,standard,2026-07-22T18:49:58Z
192,12,10,31.4,standard,2026-07-22T18:49:58Z
192,12,11,31.4,standard,2026-07-22T18:49:58Z
192,12,12,31.4,standard,2026-07-22T18:49:58Z
192,12,13,31.4,standard,2026-07-22T18:49:58Z
192,12,14,31.4,standard,2026-07-22T18:49:58Z
192,12,15,31.4,standard,2026-07-22T18:49:58Z
192,12,16,31.4,standard,2026-07-22T18:49:58Z
192,12,17,31.4,standard,2026-07-22T18:49:58Z
192,12,18,31.4,standard,2026-07-22T18:49:58Z
192,12,19,31.4,standard,2026-07-22T18:49:58Z
192,12,20,31.4,standard,2026-07-22T18:49:58Z
192,12,21,31.4,standard,2026-07-22T18:49:58Z
192,12,22,31.4,standard,2026-07-22T18:49:58Z
192,12,23,31.4,standard,2026-07-22T18:49:58Z
192,12,24,31.4,standard,2026-07-22T18:49:58Z
192,12,25,31.4,standard,2026-07-22T18:49:58Z
192,12,26,31.4,standard,2026-07-22T18:49:58Z
192,12,3,31.4,standard,2026-07-22T18:49:58Z
192,12,4,31.4,standard,2026-07-22T18:49:58Z
192,12,5,31.4,standard,2026-07-22T18:49:58Z
192,12,6,31.4,standard,2026-07-22T18:49:58Z
192,12,7,31.4,standard,2026-07-22T18:49:58Z
192,12,8,31.4,standard,2026-07-22T18:49:58Z
192,12,9,31.4,standard,2026-07-22T18:49:58Z
192,13,10,31.4,standard,2026-07-22T18:49:58Z
192,13,11,31.4,standard,2026-07-22T18:49:58Z
192,13,12,31.4,standard,2026-07-22T18:49:58Z
192,13,13,31.4,standard,2026-07-22T18:49:58Z
192,13,14,31.4,standard,2026-07-22T18:49:58Z
192,13,15,31.4,standard,2026-07-22T18:49:58Z
192,13,16,31.4,standard,2026-07-22T18:49:58Z
192,13,17,31.4,standard,2026-07-22T18:49:58Z
192,13,18,31.4,standard,2026-07-22T18:49:58Z
192,13,19,31.4,standard,2026-07-22T18:49:58Z
192,13,20,31.4,standard,2026-07-22T18:49:58Z
192,13,21,31.4,standard,2026-07-22T18:49:58Z
192,13,22,31.4,standard,2026-07-22T18:49:58Z
192,13,23,31.4,standard,2026-07-22T18:49:58Z
192,13,24,31.4,standard,2026-07-22T18:49:58Z
192,13,25,31.4,standard,2026-07-22T18:49:58Z
192,13,26,31.4,standard,2026-07-22T18:49:58Z
192,13,3,31.4,standard,2026-07-22T18:49:58Z
192,13,4,31.4,standard,2026-07-22T18:49:58Z
192,13,5,31.4,standard,2026-07-22T18:49:58Z
192,13,6,31.4,standard,2026-07-22T18:49:58Z
192,13,7,31.4,standard,2026-07-22T18:49:58Z
192,13,8,31.4,standard,2026-07-22T18:49:58Z
192,13,9,31.4,standard,2026-07-22T18:49:58Z
192,14,10,31.4,standard,2026-07-22T18:49:58Z
192,14,11,31.4,standard,2026-07-22T18:49:58Z
192,14,12,31.4,standard,2026-07-22T18:49:58Z
192,14,13,31.4,standard,2026-07-22T18:49:58Z
192,14,14,31.4,standard,2026-07-22T18:49:58Z
192,14,15,31.4,standard,2026-07-22T18:49:58Z
192,14,16,31.4,standard,2026-07-22T18:49:58Z
192,14,17,31.4,standard,2026-07-22T18:49:58Z
192,14,18,31.4,standard,2026-07-22T18:49:58Z
192,14,19,31.4,standard,2026-07-22T18:49:58Z
192,14,20,31.4,standard,2026-07-22T18:49:58Z
192,14,21,31.4,standard,2026-07-22T18:49:58Z
192,14,22,31.4,standard,2026-07-22T18:49:58Z
192,14,23,31.4,standard,2026-07-22T18:49:58Z
192,14,24,31.4,standard,2026-07-22T18:49:58Z
192,14,25,31.4,standard,2026-07-22T18:49:58Z
192,14,26,31.4,standard,2026-07-22T18:49:58Z
192,14,3,31.4,standard,2026-07-22T18:49:58Z
192,14,4,31.4,standard,2026-07-22T18:49:58Z
192,14,5,31.4,standard,2026-07-22T18:49:58Z
192,14,6,31.4,standard,2026-07-22T18:49:58Z
192,14,7,31.4,standard,2026-07-22T18:49:58Z
192,14,8,31.4,standard,2026-07-22T18:49:58Z
192,14,9,31.4,standard,2026-07-22T18:49:58Z
192,15,10,31.4,standard,2026-07-22T18:49:58Z
192,15,11,31.4,standard,2026-07-22T18:49:58Z
192,15,12,31.4,standard,2026-07-22T18:49:58Z
192,15,2,31.4,standard,2026-07-22T18:49:58Z
192,15,3,31.4,standard,2026-07-22T18:49:58Z
192,15,4,31.4,standard,2026-07-22T18:49:58Z
192,15,5,31.4,standard,2026-07-22T18:49:58Z
192,15,6,31.4,standard,2026-07-22T18:49:58Z
192,15,7,31.4,standard,2026-07-22T18:49:58Z
192,15,8,31.4,standard,2026-07-22T18:49:58Z
192,15,9,31.4,standard,2026-07-22T18:49:58Z
192,16,10,31.4,standard,2026-07-22T18:49:58Z
192,16,11,31.4,standard,2026-07-22T18:49:58Z
192,16,12,31.4,standard,2026-07-22T18:49:58Z
192,16,2,31.4,standard,2026-07-22T18:49:58Z
192,16,3,31.4,standard,2026-07-22T18:49:58Z
192,16,4,31.4,standard,2026-07-22T18:49:58Z
192,16,5,31.4,standard,2026-07-22T18:49:58Z
192,16,6,31.4,standard,2026-07-22T18:49:58Z
192,16,7,31.4,standard,2026-07-22T18:49:58Z
192,16,8,31.4,standard,2026-07-22T18:49:58Z
192,16,9,31.4,standard,2026-07-22T18:49:58Z
192,3,13,31.4,standard,2026-07-22T18:49:58Z
192,3,14,31.4,standard,2026-07-22T18:49:58Z
192,3,15,31.4,standard,2026-07-22T18:49:58Z
192,3,17,31.4,standard,2026-07-22T18:49:58Z
192,4,7,31.4,standard,2026-07-22T18:49:58Z
192,4,8,31.4,standard,2026-07-22T18:49:58Z
192,4,9,31.4,standard,2026-07-22T18:49:58Z
192,4,10,31.4,standard,2026-07-22T18:49:58Z
192,4,11,31.4,standard,2026-07-22T18:49:58Z
192,4,12,31.4,standard,2026-07-22T18:49:58Z
192,5,6,31.4,standard,2026-07-22T18:49:58Z
192,5,7,31.4,standard,2026-07-22T18:49:58Z
192,5,8,31.4,standard,2026-07-22T18:49:58Z
192,5,9,31.4,standard,2026-07-22T18:49:58Z
192,5,10,31.4,standard,2026-07-22T18:49:58Z
192,5,11,31.4,standard,2026-07-22T18:49:58Z
192,5,12,31.4,standard,2026-07-22T18:49:58Z
192,5,13,31.4,standard,2026-07-22T18:49:58Z
192,6,4,31.4,standard,2026-07-22T18:49:58Z
192,6,5,31.4,standard,2026-07-22T18:49:58Z
192,6,6,31.4,standard,2026-07-22T18:49:58Z
192,6,7,31.4,standard,2026-07-22T18:49:58Z
192,6,8,31.4,standard,2026-07-22T18:49:58Z
192,6,9,31.4,standard,2026-07-22T18:49:58Z
192,6,10,31.4,standard,2026-07-22T18:49:58Z
192,6,11,31.4,standard,2026-07-22T18:49:58Z
192,6,12,31.4,standard,2026-07-22T18:49:58Z
192,6,13,31.4,standard,2026-07-22T18:49:58Z
192,6,14,31.4,standard,2026-07-22T18:49:58Z
192,6,15,31.4,standard,2026-07-22T18:49:58Z
192,6,16,31.4,standard,2026-07-22T18:49:58Z
192,6,17,31.4,standard,2026-07-22T18:49:58Z
192,6,18,31.4,standard,2026-07-22T18:49:58Z
192,6,19,31.4,standard,2026-07-22T18:49:58Z
192,6,20,31.4,standard,2026-07-22T18:49:58Z
192,6,21,31.4,standard,2026-07-22T18:49:58Z
192,6,22,31.4,standard,2026-07-22T18:49:58Z
192,6,23,31.4,standard,2026-07-22T18:49:58Z
192,6,3,31.4,standard,2026-07-22T18:49:58Z
192,7,4,31.4,standard,2026-07-22T18:49:58Z
192,7,5,31.4,standard,2026-07-22T18:49:58Z
192,7,6,31.4,standard,2026-07-22T18:49:58Z
192,7,7,31.4,standard,2026-07-22T18:49:58Z
192,7,8,31.4,standard,2026-07-22T18:49:58Z
192,7,9,31.4,standard,2026-07-22T18:49:58Z
192,7,10,31.4,standard,2026-07-22T18:49:58Z
192,7,11,31.4,standard,2026-07-22T18:49:58Z
192,7,13,31.4,standard,2026-07-22T18:49:58Z
192,7,14,31.4,standard,2026-07-22T18:49:58Z
192,7,15,31.4,standard,2026-07-22T18:49:58Z
192,7,16,31.4,standard,2026-07-22T18:49:58Z
192,7,17,31.4,standard,2026-07-22T18:49:58Z
192,7,18,31.4,standard,2026-07-22T18:49:58Z
192,7,19,31.4,standard,2026-07-22T18:49:58Z
192,7,20,31.4,standard,2026-07-22T18:49:58Z
192,7,21,31.4,standard,2026-07-22T18:49:58Z
192,7,22,31.4,standard,2026-07-22T18:49:58Z
192,7,23,31.4,standard,2026-07-22T18:49:58Z
192,7,3,31.4,standard,2026-07-22T18:49:58Z
192,8,4,31.4,standard,2026-07-22T18:49:58Z
192,8,5,31.4,standard,2026-07-22T18:49:58Z
192,8,6,31.4,standard,2026-07-22T18:49:58Z
192,8,7,31.4,standard,2026-07-22T18:49:58Z
192,8,8,31.4,standard,2026-07-22T18:49:58Z
192,8,9,31.4,standard,2026-07-22T18:49:58Z
192,8,10,31.4,standard,2026-07-22T18:49:58Z
192,8,11,31.4,standard,2026-07-22T18:49:58Z
192,8,12,31.4,standard,2026-07-22T18:49:58Z
192,8,13,31.4,standard,2026-07-22T18:49:58Z
192,8,14,31.4,standard,2026-07-22T18:49:58Z
192,8,15,31.4,standard,2026-07-22T18:49:58Z
192,8,16,31.4,standard,2026-07-22T18:49:58Z
192,8,17,31.4,standard,2026-07-22T18:49:58Z
192,8,18,31.4,standard,2026-07-22T18:49:58Z
192,8,19,31.4,standard,2026-07-22T18:49:58Z
192,8,20,31.4,standard,2026-07-22T18:49:58Z
192,8,21,31.4,standard,2026-07-22T18:49:58Z
192,8,22,31.4,standard,2026-07-22T18:49:58Z
192,8,23,31.4,standard,2026-07-22T18:49:58Z
192,8,3,31.4,standard,2026-07-22T18:49:58Z
192,9,4,31.4,standard,2026-07-22T18:49:58Z
192,9,5,31.4,standard,2026-07-22T18:49:58Z
192,9,6,31.4,standard,2026-07-22T18:49:58Z
192,9,7,31.4,standard,2026-07-22T18:49:58Z
192,9,8,31.4,standard,2026-07-22T18:49:58Z
192,9,9,31.4,standard,2026-07-22T18:49:58Z
192,9,10,31.4,standard,2026-07-22T18:49:58Z
192,9,11,31.4,standard,2026-07-22T18:49:58Z
192,9,12,31.4,standard,2026-07-22T18:49:58Z
192,9,13,31.4,standard,2026-07-22T18:49:58Z
192,9,14,31.4,standard,2026-07-22T18:49:58Z
192,9,15,31.4,standard,2026-07-22T18:49:58Z
192,9,16,31.4,standard,2026-07-22T18:49:58Z
192,9,17,31.4,standard,2026-07-22T18:49:58Z
192,9,18,31.4,standard,2026-07-22T18:49:58Z
192,9,19,31.4,standard,2026-07-22T18:49:58Z
192,9,20,31.4,standard,2026-07-22T18:49:58Z
192,9,21,31.4,standard,2026-07-22T18:49:58Z
192,9,22,31.4,standard,2026-07-22T18:49:58Z
192,9,23,31.4,standard,2026-07-22T18:49:58Z
192,9,3,31.4,standard,2026-07-22T18:49:58Z
193,10,10,31.4,standard,2026-07-22T18:49:58Z
193,10,11,31.4,standard,2026-07-22T18:49:58Z
193,10,12,31.4,standard,2026-07-22T18:49:58Z
193,10,13,31.4,standard,2026-07-22T18:49:58Z
193,10,14,31.4,standard,2026-07-22T18:49:58Z
193,10,15,31.4,standard,2026-07-22T18:49:58Z
193,10,16,31.4,standard,2026-07-22T18:49:58Z
193,10,17,31.4,standard,2026-07-22T18:49:58Z
193,10,18,31.4,standard,2026-07-22T18:49:58Z
193,10,19,31.4,standard,2026-07-22T18:49:58Z
193,10,20,31.4,standard,2026-07-22T18:49:58Z
193,10,21,31.4,standard,2026-07-22T18:49:58Z
193,10,3,31.4,standard,2026-07-22T18:49:58Z
193,10,4,31.4,standard,2026-07-22T18:49:58Z
193,10,5,31.4,standard,2026-07-22T18:49:58Z
193,10,6,31.4,standard,2026-07-22T18:49:58Z
193,10,7,31.4,standard,2026-07-22T18:49:58Z
193,10,8,31.4,standard,2026-07-22T18:49:58Z
193,10,9,31.4,standard,2026-07-22T18:49:58Z
193,11,10,31.4,standard,2026-07-22T18:49:58Z
193,11,11,31.4,standard,2026-07-22T18:49:58Z
193,11,12,31.4,standard,2026-07-22T18:49:58Z
193,11,13,31.4,standard,2026-07-22T18:49:58Z
193,11,14,31.4,standard,2026-07-22T18:49:58Z
193,11,15,31.4,standard,2026-07-22T18:49:58Z
193,11,16,31.4,standard,2026-07-22T18:49:58Z
193,11,17,31.4,standard,2026-07-22T18:49:58Z
193,11,18,31.4,standard,2026-07-22T18:49:58Z
193,11,19,31.4,standard,2026-07-22T18:49:58Z
193,11,20,31.4,standard,2026-07-22T18:49:58Z
193,11,21,31.4,standard,2026-07-22T18:49:58Z
193,11,3,31.4,standard,2026-07-22T18:49:58Z
193,11,4,31.4,standard,2026-07-22T18:49:58Z
193,11,5,31.4,standard,2026-07-22T18:49:58Z
193,11,6,31.4,standard,2026-07-22T18:49:58Z
193,11,7,31.4,standard,2026-07-22T18:49:58Z
193,11,8,31.4,standard,2026-07-22T18:49:58Z
193,11,9,31.4,standard,2026-07-22T18:49:58Z
193,12,10,31.4,standard,2026-07-22T18:49:58Z
193,12,11,31.4,standard,2026-07-22T18:49:58Z
193,12,12,31.4,standard,2026-07-22T18:49:58Z
193,12,13,31.4,standard,2026-07-22T18:49:58Z
193,12,14,31.4,standard,2026-07-22T18:49:58Z
193,12,15,31.4,standard,2026-07-22T18:49:58Z
193,12,16,31.4,standard,2026-07-22T18:49:58Z
193,12,17,31.4,standard,2026-07-22T18:49:58Z
193,12,18,31.4,standard,2026-07-22T18:49:58Z
193,12,19,31.4,standard,2026-07-22T18:49:58Z
193,12,20,31.4,standard,2026-07-22T18:49:58Z
193,12,21,31.4,standard,2026-07-22T18:49:58Z
193,12,22,31.4,standard,2026-07-22T18:49:58Z
193,12,23,31.4,standard,2026-07-22T18:49:58Z
193,12,24,31.4,standard,2026-07-22T18:49:58Z
193,12,3,31.4,standard,2026-07-22T18:49:58Z
193,12,4,31.4,standard,2026-07-22T18:49:58Z
193,12,5,31.4,standard,2026-07-22T18:49:58Z
193,12,6,31.4,standard,2026-07-22T18:49:58Z
193,12,7,31.4,standard,2026-07-22T18:49:58Z
193,12,8,31.4,standard,2026-07-22T18:49:58Z
193,12,9,31.4,standard,2026-07-22T18:49:58Z
193,13,10,31.4,standard,2026-07-22T18:49:58Z
193,13,11,31.4,standard,2026-07-22T18:49:58Z
193,13,12,31.4,standard,2026-07-22T18:49:58Z
193,13,13,31.4,standard,2026-07-22T18:49:58Z
193,13,14,31.4,standard,2026-07-22T18:49:58Z
193,13,15,31.4,standard,2026-07-22T18:49:58Z
193,13,16,31.4,standard,2026-07-22T18:49:58Z
193,13,17,31.4,standard,2026-07-22T18:49:58Z
193,13,18,31.4,standard,2026-07-22T18:49:58Z
193,13,19,31.4,standard,2026-07-22T18:49:58Z
193,13,20,31.4,standard,2026-07-22T18:49:58Z
193,13,21,31.4,standard,2026-07-22T18:49:58Z
193,13,22,31.4,standard,2026-07-22T18:49:58Z
193,13,23,31.4,standard,2026-07-22T18:49:58Z
193,13,24,31.4,standard,2026-07-22T18:49:58Z
193,13,3,31.4,standard,2026-07-22T18:49:58Z
193,13,4,31.4,standard,2026-07-22T18:49:58Z
193,13,5,31.4,standard,2026-07-22T18:49:58Z
193,13,6,31.4,standard,2026-07-22T18:49:58Z
193,13,7,31.4,standard,2026-07-22T18:49:58Z
193,13,8,31.4,standard,2026-07-22T18:49:58Z
193,13,9,31.4,standard,2026-07-22T18:49:58Z
193,14,10,31.4,standard,2026-07-22T18:49:58Z
193,14,11,31.4,standard,2026-07-22T18:49:58Z
193,14,12,31.4,standard,2026-07-22T18:49:58Z
193,14,13,31.4,standard,2026-07-22T18:49:58Z
193,14,14,31.4,standard,2026-07-22T18:49:58Z
193,14,15,31.4,standard,2026-07-22T18:49:58Z
193,14,16,31.4,standard,2026-07-22T18:49:58Z
193,14,17,31.4,standard,2026-07-22T18:49:58Z
193,14,18,31.4,standard,2026-07-22T18:49:58Z
193,14,19,31.4,standard,2026-07-22T18:49:58Z
193,14,20,31.4,standard,2026-07-22T18:49:58Z
193,14,21,31.4,standard,2026-07-22T18:49:58Z
193,14,22,31.4,standard,2026-07-22T18:49:58Z
193,14,23,31.4,standard,2026-07-22T18:49:58Z
193,14,24,31.4,standard,2026-07-22T18:49:58Z
193,14,3,31.4,standard,2026-07-22T18:49:58Z
193,14,4,31.4,standard,2026-07-22T18:49:58Z
193,14,5,31.4,standard,2026-07-22T18:49:58Z
193,14,6,31.4,standard,2026-07-22T18:49:58Z
193,14,7,31.4,standard,2026-07-22T18:49:58Z
193,14,8,31.4,standard,2026-07-22T18:49:58Z
193,14,9,31.4,standard,2026-07-22T18:49:58Z
193,15,14,31.4,standard,2026-07-22T18:49:58Z
193,15,15,31.4,standard,2026-07-22T18:49:58Z
193,15,16,31.4,standard,2026-07-22T18:49:58Z
193,15,17,31.4,standard,2026-07-22T18:49:58Z
193,15,18,31.4,standard,2026-07-22T18:49:58Z
193,15,19,31.4,standard,2026-07-22T18:49:58Z
193,15,20,31.4,standard,2026-07-22T18:49:58Z
193,15,21,31.4,standard,2026-07-22T18:49:58Z
193,15,22,31.4,standard,2026-07-22T18:49:58Z
193,15,23,31.4,standard,2026-07-22T18:49:58Z
193,15,24,31.4,standard,2026-07-22T18:49:58Z
193,16,14,31.4,standard,2026-07-22T18:49:58Z
193,16,15,31.4,standard,2026-07-22T18:49:58Z
193,16,16,31.4,standard,2026-07-22T18:49:58Z
193,16,17,31.4,standard,2026-07-22T18:49:58Z
193,16,18,31.4,standard,2026-07-22T18:49:58Z
193,16,19,31.4,standard,2026-07-22T18:49:58Z
193,16,20,31.4,standard,2026-07-22T18:49:58Z
193,16,21,31.4,standard,2026-07-22T18:49:58Z
193,16,22,31.4,standard,2026-07-22T18:49:58Z
193,16,23,31.4,standard,2026-07-22T18:49:58Z
193,16,24,31.4,standard,2026-07-22T18:49:58Z
193,2,12,31.4,standard,2026-07-22T18:49:58Z
193,2,13,31.4,standard,2026-07-22T18:49:58Z
193,2,14,31.4,standard,2026-07-22T18:49:58Z
193,2,15,31.4,standard,2026-07-22T18:49:58Z
193,2,16,31.4,standard,2026-07-22T18:49:58Z
193,2,17,31.4,standard,2026-07-22T18:49:58Z
193,2,18,31.4,standard,2026-07-22T18:49:58Z
193,2,19,31.4,standard,2026-07-22T18:49:58Z
193,2,20,31.4,standard,2026-07-22T18:49:58Z
193,3,4,31.4,standard,2026-07-22T18:49:58Z
193,3,5,31.4,standard,2026-07-22T18:49:58Z
193,3,12,31.4,standard,2026-07-22T18:49:58Z
193,3,13,31.4,standard,2026-07-22T18:49:58Z
193,3,14,31.4,standard,2026-07-22T18:49:58Z
193,3,15,31.4,standard,2026-07-22T18:49:58Z
193,3,16,31.4,standard,2026-07-22T18:49:58Z
193,3,17,31.4,standard,2026-07-22T18:49:58Z
193,3,18,31.4,standard,2026-07-22T18:49:58Z
193,3,19,31.4,standard,2026-07-22T18:49:58Z
193,3,2,31.4,standard,2026-07-22T18:49:58Z
193,3,20,31.4,standard,2026-07-22T18:49:58Z
193,3,21,31.4,standard,2026-07-22T18:49:58Z
193,3,22,31.4,standard,2026-07-22T18:49:58Z
193,3,23,31.4,standard,2026-07-22T18:49:58Z
193,3,3,31.4,standard,2026-07-22T18:49:58Z
193,4,4,31.4,standard,2026-07-22T18:49:58Z
193,4,5,31.4,standard,2026-07-22T18:49:58Z
193,4,6,31.4,standard,2026-07-22T18:49:58Z
193,4,7,31.4,standard,2026-07-22T18:49:58Z
193,4,8,31.4,standard,2026-07-22T18:49:58Z
193,4,9,31.4,standard,2026-07-22T18:49:58Z
193,4,10,31.4,standard,2026-07-22T18:49:58Z
193,4,11,31.4,standard,2026-07-22T18:49:58Z
193,4,12,31.4,standard,2026-07-22T18:49:58Z
193,4,13,31.4,standard,2026-07-22T18:49:58Z
193,4,14,31.4,standard,2026-07-22T18:49:58Z
193,4,15,31.4,standard,2026-07-22T18:49:58Z
193,4,16,31.4,standard,2026-07-22T18:49:58Z
193,4,17,31.4,standard,2026-07-22T18:49:58Z
193,4,18,31.4,standard,2026-07-22T18:49:58Z
193,4,19,31.4,standard,2026-07-22T18:49:58Z
193,4,20,31.4,standard,2026-07-22T18:49:58Z
193,4,21,31.4,standard,2026-07-22T18:49:58Z
193,4,22,31.4,standard,2026-07-22T18:49:58Z
193,5,4,31.4,standard,2026-07-22T18:49:58Z
193,5,5,31.4,standard,2026-07-22T18:49:58Z
193,5,6,31.4,standard,2026-07-22T18:49:58Z
193,5,7,31.4,standard,2026-07-22T18:49:58Z
193,5,8,31.4,standard,2026-07-22T18:49:58Z
193,5,9,31.4,standard,2026-07-22T18:49:58Z
193,5,10,31.4,standard,2026-07-22T18:49:58Z
193,5,11,31.4,standard,2026-07-22T18:49:58Z
193,5,12,31.4,standard,2026-07-22T18:49:58Z
193,5,13,31.4,standard,2026-07-22T18:49:58Z
193,5,14,31.4,standard,2026-07-22T18:49:58Z
193,5,15,31.4,standard,2026-07-22T18:49:58Z
193,5,16,31.4,standard,2026-07-22T18:49:58Z
193,5,17,31.4,standard,2026-07-22T18:49:58Z
193,5,18,31.4,standard,2026-07-22T18:49:58Z
193,5,19,31.4,standard,2026-07-22T18:49:58Z
193,5,20,31.4,standard,2026-07-22T18:49:58Z
193,5,21,31.4,standard,2026-07-22T18:49:58Z
193,6,4,31.4,standard,2026-07-22T18:49:58Z
193,6,5,31.4,standard,2026-07-22T18:49:58Z
193,6,6,31.4,standard,2026-07-22T18:49:58Z
193,6,7,31.4,standard,2026-07-22T18:49:58Z
193,6,8,31.4,standard,2026-07-22T18:49:58Z
193,6,9,31.4,standard,2026-07-22T18:49:58Z
193,6,10,31.4,standard,2026-07-22T18:49:58Z
193,6,11,31.4,standard,2026-07-22T18:49:58Z
193,6,12,31.4,standard,2026-07-22T18:49:58Z
193,6,13,31.4,standard,2026-07-22T18:49:58Z
193,6,14,31.4,standard,2026-07-22T18:49:58Z
193,6,15,31.4,standard,2026-07-22T18:49:58Z
193,6,16,31.4,standard,2026-07-22T18:49:58Z
193,6,17,31.4,standard,2026-07-22T18:49:58Z
193,6,18,31.4,standard,2026-07-22T18:49:58Z
193,6,3,31.4,standard,2026-07-22T18:49:58Z
193,7,4,31.4,standard,2026-07-22T18:49:58Z
193,7,5,31.4,standard,2026-07-22T18:49:58Z
193,7,6,31.4,standard,2026-07-22T18:49:58Z
193,7,7,31.4,standard,2026-07-22T18:49:58Z
193,7,8,31.4,standard,2026-07-22T18:49:58Z
193,7,9,31.4,standard,2026-07-22T18:49:58Z
193,7,10,31.4,standard,2026-07-22T18:49:58Z
193,7,11,31.4,standard,2026-07-22T18:49:58Z
193,7,12,31.4,standard,2026-07-22T18:49:58Z
193,7,13,31.4,standard,2026-07-22T18:49:58Z
193,7,14,31.4,standard,2026-07-22T18:49:58Z
193,7,15,31.4,standard,2026-07-22T18:49:58Z
193,7,16,31.4,standard,2026-07-22T18:49:58Z
193,7,17,31.4,standard,2026-07-22T18:49:58Z
193,7,3,31.4,standard,2026-07-22T18:49:58Z
193,8,4,31.4,standard,2026-07-22T18:49:58Z
193,8,5,31.4,standard,2026-07-22T18:49:58Z
193,8,6,31.4,standard,2026-07-22T18:49:58Z
193,8,7,31.4,standard,2026-07-22T18:49:58Z
193,8,8,31.4,standard,2026-07-22T18:49:58Z
193,8,9,31.4,standard,2026-07-22T18:49:58Z
193,8,10,31.4,standard,2026-07-22T18:49:58Z
193,8,11,31.4,standard,2026-07-22T18:49:58Z
193,8,12,31.4,standard,2026-07-22T18:49:58Z
193,8,13,31.4,standard,2026-07-22T18:49:58Z
193,8,14,31.4,standard,2026-07-22T18:49:58Z
193,8,15,31.4,standard,2026-07-22T18:49:58Z
193,8,16,31.4,standard,2026-07-22T18:49:58Z
193,8,17,31.4,standard,2026-07-22T18:49:58Z
193,8,18,31.4,standard,2026-07-22T18:49:58Z
193,8,19,31.4,standard,2026-07-22T18:49:58Z
193,8,20,31.4,standard,2026-07-22T18:49:58Z
193,8,21,31.4,standard,2026-07-22T18:49:58Z
193,8,3,31.4,standard,2026-07-22T18:49:58Z
193,9,4,31.4,standard,2026-07-22T18:49:58Z
193,9,5,31.4,standard,2026-07-22T18:49:58Z
193,9,6,31.4,standard,2026-07-22T18:49:58Z
193,9,7,31.4,standard,2026-07-22T18:49:58Z
193,9,8,31.4,standard,2026-07-22T18:49:58Z
193,9,9,31.4,standard,2026-07-22T18:49:58Z
193,9,10,31.4,standard,2026-07-22T18:49:58Z
193,9,11,31.4,standard,2026-07-22T18:49:58Z
193,9,12,31.4,standard,2026-07-22T18:49:58Z
193,9,13,31.4,standard,2026-07-22T18:49:58Z
193,9,14,31.4,standard,2026-07-22T18:49:58Z
193,9,15,31.4,standard,2026-07-22T18:49:58Z
193,9,16,31.4,standard,2026-07-22T18:49:58Z
193,9,17,31.4,standard,2026-07-22T18:49:58Z
193,9,18,31.4,standard,2026-07-22T18:49:58Z
193,9,19,31.4,standard,2026-07-22T18:49:58Z
193,9,20,31.4,standard,2026-07-22T18:49:58Z
193,9,21,31.4,standard,2026-07-22T18:49:58Z
193,9,3,31.4,standard,2026-07-22T18:49:58Z
194,10,21,31.4,standard,2026-07-22T18:49:58Z
194,10,3,31.4,standard,2026-07-22T18:49:58Z
194,10,4,31.4,standard,2026-07-22T18:49:58Z
194,10,5,31.4,standard,2026-07-22T18:49:58Z
194,10,6,31.4,standard,2026-07-22T18:49:58Z
194,10,7,31.4,standard,2026-07-22T18:49:58Z
194,10,8,31.4,standard,2026-07-22T18:49:58Z
194,11,10,31.4,standard,2026-07-22T18:49:58Z
194,11,11,31.4,standard,2026-07-22T18:49:58Z
194,11,12,31.4,standard,2026-07-22T18:49:58Z
194,11,13,31.4,standard,2026-07-22T18:49:58Z
194,11,14,31.4,standard,2026-07-22T18:49:58Z
194,11,15,31.4,standard,2026-07-22T18:49:58Z
194,11,16,31.4,standard,2026-07-22T18:49:58Z
194,11,17,31.4,standard,2026-07-22T18:49:58Z
194,11,18,31.4,standard,2026-07-22T18:49:58Z
194,11,19,31.4,standard,2026-07-22T18:49:58Z
194,11,20,31.4,standard,2026-07-22T18:49:58Z
194,11,21,31.4,standard,2026-07-22T18:49:58Z
194,11,3,31.4,standard,2026-07-22T18:49:58Z
194,11,4,31.4,standard,2026-07-22T18:49:58Z
194,11,5,31.4,standard,2026-07-22T18:49:58Z
194,11,6,31.4,standard,2026-07-22T18:49:58Z
194,11,7,31.4,standard,2026-07-22T18:49:58Z
194,11,8,31.4,standard,2026-07-22T18:49:58Z
194,11,9,31.4,standard,2026-07-22T18:49:58Z
194,12,10,31.4,standard,2026-07-22T18:49:58Z
194,12,11,31.4,standard,2026-07-22T18:49:58Z
194,12,12,31.4,standard,2026-07-22T18:49:58Z
194,12,13,31.4,standard,2026-07-22T18:49:58Z
194,12,14,31.4,standard,2026-07-22T18:49:58Z
194,12,15,31.4,standard,2026-07-22T18:49:58Z
194,12,16,31.4,standard,2026-07-22T18:49:58Z
194,12,17,31.4,standard,2026-07-22T18:49:58Z
194,12,18,31.4,standard,2026-07-22T18:49:58Z
194,12,19,31.4,standard,2026-07-22T18:49:58Z
194,12,20,31.4,standard,2026-07-22T18:49:58Z
194,12,21,31.4,standard,2026-07-22T18:49:58Z
194,12,22,31.4,standard,2026-07-22T18:49:58Z
194,12,23,31.4,standard,2026-07-22T18:49:58Z
194,12,24,31.4,standard,2026-07-22T18:49:58Z
194,12,3,31.4,standard,2026-07-22T18:49:58Z
194,12,4,31.4,standard,2026-07-22T18:49:58Z
194,12,5,31.4,standard,2026-07-22T18:49:58Z
194,12,6,31.4,standard,2026-07-22T18:49:58Z
194,12,7,31.4,standard,2026-07-22T18:49:58Z
194,12,8,31.4,standard,2026-07-22T18:49:58Z
194,12,9,31.4,standard,2026-07-22T18:49:58Z
194,13,10,31.4,standard,2026-07-22T18:49:58Z
194,13,11,31.4,standard,2026-07-22T18:49:58Z
194,13,12,31.4,standard,2026-07-22T18:49:58Z
194,13,13,31.4,standard,2026-07-22T18:49:58Z
194,13,14,31.4,standard,2026-07-22T18:49:58Z
194,13,15,31.4,standard,2026-07-22T18:49:58Z
194,13,16,31.4,standard,2026-07-22T18:49:58Z
194,13,17,31.4,standard,2026-07-22T18:49:58Z
194,13,18,31.4,standard,2026-07-22T18:49:58Z
194,13,19,31.4,standard,2026-07-22T18:49:58Z
194,13,20,31.4,standard,2026-07-22T18:49:58Z
194,13,21,31.4,standard,2026-07-22T18:49:58Z
194,13,22,31.4,standard,2026-07-22T18:49:58Z
194,13,23,31.4,standard,2026-07-22T18:49:58Z
194,13,24,31.4,standard,2026-07-22T18:49:58Z
194,13,3,31.4,standard,2026-07-22T18:49:58Z
194,13,4,31.4,standard,2026-07-22T18:49:58Z
194,13,5,31.4,standard,2026-07-22T18:49:58Z
194,13,6,31.4,standard,2026-07-22T18:49:58Z
194,13,7,31.4,standard,2026-07-22T18:49:58Z
194,13,8,31.4,standard,2026-07-22T18:49:58Z
194,13,9,31.4,standard,2026-07-22T18:49:58Z
194,14,10,31.4,standard,2026-07-22T18:49:58Z
194,14,11,31.4,standard,2026-07-22T18:49:58Z
194,14,12,31.4,standard,2026-07-22T18:49:58Z
194,14,13,31.4,standard,2026-07-22T18:49:58Z
194,14,14,31.4,standard,2026-07-22T18:49:58Z
194,14,15,31.4,standard,2026-07-22T18:49:58Z
194,14,16,31.4,standard,2026-07-22T18:49:58Z
194,14,17,31.4,standard,2026-07-22T18:49:58Z
194,14,18,31.4,standard,2026-07-22T18:49:58Z
194,14,19,31.4,standard,2026-07-22T18:49:58Z
194,14,20,31.4,standard,2026-07-22T18:49:58Z
194,14,21,31.4,standard,2026-07-22T18:49:58Z
194,14,22,31.4,standard,2026-07-22T18:49:58Z
194,14,23,31.4,standard,2026-07-22T18:49:58Z
194,14,24,31.4,standard,2026-07-22T18:49:58Z
194,14,3,31.4,standard,2026-07-22T18:49:58Z
194,14,4,31.4,standard,2026-07-22T18:49:58Z
194,14,5,31.4,standard,2026-07-22T18:49:58Z
194,14,6,31.4,standard,2026-07-22T18:49:58Z
194,14,7,31.4,standard,2026-07-22T18:49:58Z
194,14,8,31.4,standard,2026-07-22T18:49:58Z
194,14,9,31.4,standard,2026-07-22T18:49:58Z
194,15,10,31.4,standard,2026-07-22T18:49:58Z
194,15,11,31.4,standard,2026-07-22T18:49:58Z
194,15,12,31.4,standard,2026-07-22T18:49:58Z
194,15,13,31.4,standard,2026-07-22T18:49:58Z
194,15,14,31.4,standard,2026-07-22T18:49:58Z
194,15,15,31.4,standard,2026-07-22T18:49:58Z
194,15,16,31.4,standard,2026-07-22T18:49:58Z
194,15,17,31.4,standard,2026-07-22T18:49:58Z
194,15,18,31.4,standard,2026-07-22T18:49:58Z
194,15,19,31.4,standard,2026-07-22T18:49:58Z
194,15,20,31.4,standard,2026-07-22T18:49:58Z
194,15,21,31.4,standard,2026-07-22T18:49:58Z
194,15,22,31.4,standard,2026-07-22T18:49:58Z
194,15,23,31.4,standard,2026-07-22T18:49:58Z
194,15,24,31.4,standard,2026-07-22T18:49:58Z
194,15,3,31.4,standard,2026-07-22T18:49:58Z
194,15,4,31.4,standard,2026-07-22T18:49:58Z
194,15,5,31.4,standard,2026-07-22T18:49:58Z
194,15,6,31.4,standard,2026-07-22T18:49:58Z
194,15,7,31.4,standard,2026-07-22T18:49:58Z
194,15,8,31.4,standard,2026-07-22T18:49:58Z
194,15,9,31.4,standard,2026-07-22T18:49:58Z
194,16,10,31.4,standard,2026-07-22T18:49:58Z
194,16,11,31.4,standard,2026-07-22T18:49:58Z
194,16,12,31.4,standard,2026-07-22T18:49:58Z
194,16,13,31.4,standard,2026-07-22T18:49:58Z
194,16,14,31.4,standard,2026-07-22T18:49:58Z
194,16,15,31.4,standard,2026-07-22T18:49:58Z
194,16,16,31.4,standard,2026-07-22T18:49:58Z
194,16,17,31.4,standard,2026-07-22T18:49:58Z
194,16,18,31.4,standard,2026-07-22T18:49:58Z
194,16,19,31.4,standard,2026-07-22T18:49:58Z
194,16,20,31.4,standard,2026-07-22T18:49:58Z
194,16,21,31.4,standard,2026-07-22T18:49:58Z
194,16,22,31.4,standard,2026-07-22T18:49:58Z
194,16,23,31.4,standard,2026-07-22T18:49:58Z
194,16,4,31.4,standard,2026-07-22T18:49:58Z
194,16,5,31.4,standard,2026-07-22T18:49:58Z
194,16,6,31.4,standard,2026-07-22T18:49:58Z
194,16,7,31.4,standard,2026-07-22T18:49:58Z
194,16,8,31.4,standard,2026-07-22T18:49:58Z
194,16,9,31.4,standard,2026-07-22T18:49:58Z
194,4,4,31.4,standard,2026-07-22T18:49:58Z
194,4,5,31.4,standard,2026-07-22T18:49:58Z
194,4,6,31.4,standard,2026-07-22T18:49:58Z
194,4,7,31.4,standard,2026-07-22T18:49:58Z
194,4,8,31.4,standard,2026-07-22T18:49:58Z
194,4,9,31.4,standard,2026-07-22T18:49:58Z
194,4,1,31.4,standard,2026-07-22T18:49:58Z
194,4,10,31.4,standard,2026-07-22T18:49:58Z
194,4,11,31.4,standard,2026-07-22T18:49:58Z
194,4,12,31.4,standard,2026-07-22T18:49:58Z
194,4,13,31.4,standard,2026-07-22T18:49:58Z
194,4,14,31.4,standard,2026-07-22T18:49:58Z
194,4,15,31.4,standard,2026-07-22T18:49:58Z
194,4,16,31.4,standard,2026-07-22T18:49:58Z
194,4,17,31.4,standard,2026-07-22T18:49:58Z
194,4,18,31.4,standard,2026-07-22T18:49:58Z
194,4,2,31.4,standard,2026-07-22T18:49:58Z
194,4,3,31.4,standard,2026-07-22T18:49:58Z
194,5,4,31.4,standard,2026-07-22T18:49:58Z
194,5,5,31.4,standard,2026-07-22T18:49:58Z
194,5,6,31.4,standard,2026-07-22T18:49:58Z
194,5,7,31.4,standard,2026-07-22T18:49:58Z
194,5,8,31.4,standard,2026-07-22T18:49:58Z
194,5,9,31.4,standard,2026-07-22T18:49:58Z
194,5,1,31.4,standard,2026-07-22T18:49:58Z
194,5,10,31.4,standard,2026-07-22T18:49:58Z
194,5,11,31.4,standard,2026-07-22T18:49:58Z
194,5,12,31.4,standard,2026-07-22T18:49:58Z
194,5,13,31.4,standard,2026-07-22T18:49:58Z
194,5,14,31.4,standard,2026-07-22T18:49:58Z
194,5,15,31.4,standard,2026-07-22T18:49:58Z
194,5,16,31.4,standard,2026-07-22T18:49:58Z
194,5,17,31.4,standard,2026-07-22T18:49:58Z
194,5,18,31.4,standard,2026-07-22T18:49:58Z
194,5,2,31.4,standard,2026-07-22T18:49:58Z
194,5,3,31.4,standard,2026-07-22T18:49:58Z
194,6,4,31.4,standard,2026-07-22T18:49:58Z
194,6,5,31.4,standard,2026-07-22T18:49:58Z
194,6,6,31.4,standard,2026-07-22T18:49:58Z
194,6,7,31.4,standard,2026-07-22T18:49:58Z
194,6,8,31.4,standard,2026-07-22T18:49:58Z
194,6,9,31.4,standard,2026-07-22T18:49:58Z
194,6,10,31.4,standard,2026-07-22T18:49:58Z
194,6,11,31.4,standard,2026-07-22T18:49:58Z
194,6,12,31.4,standard,2026-07-22T18:49:58Z
194,6,13,31.4,standard,2026-07-22T18:49:58Z
194,6,14,31.4,standard,2026-07-22T18:49:58Z
194,6,15,31.4,standard,2026-07-22T18:49:58Z
194,6,16,31.4,standard,2026-07-22T18:49:58Z
194,6,17,31.4,standard,2026-07-22T18:49:58Z
194,6,18,31.4,standard,2026-07-22T18:49:58Z
194,6,19,31.4,standard,2026-07-22T18:49:58Z
194,6,3,31.4,standard,2026-07-22T18:49:58Z
194,7,4,31.4,standard,2026-07-22T18:49:58Z
194,7,5,31.4,standard,2026-07-22T18:49:58Z
194,7,6,31.4,standard,2026-07-22T18:49:58Z
194,7,7,31.4,standard,2026-07-22T18:49:58Z
194,7,8,31.4,standard,2026-07-22T18:49:58Z
194,7,9,31.4,standard,2026-07-22T18:49:58Z
194,7,10,31.4,standard,2026-07-22T18:49:58Z
194,7,11,31.4,standard,2026-07-22T18:49:58Z
194,7,12,31.4,standard,2026-07-22T18:49:58Z
194,7,13,31.4,standard,2026-07-22T18:49:58Z
194,7,14,31.4,standard,2026-07-22T18:49:58Z
194,7,15,31.4,standard,2026-07-22T18:49:58Z
194,7,16,31.4,standard,2026-07-22T18:49:58Z
194,7,17,31.4,standard,2026-07-22T18:49:58Z
194,7,18,31.4,standard,2026-07-22T18:49:58Z
194,7,19,31.4,standard,2026-07-22T18:49:58Z
194,7,20,31.4,standard,2026-07-22T18:49:58Z
194,7,21,31.4,standard,2026-07-22T18:49:58Z
194,7,3,31.4,standard,2026-07-22T18:49:58Z
194,8,4,31.4,standard,2026-07-22T18:49:58Z
194,8,5,31.4,standard,2026-07-22T18:49:58Z
194,8,6,31.4,standard,2026-07-22T18:49:58Z
194,8,7,31.4,standard,2026-07-22T18:49:58Z
194,8,8,31.4,standard,2026-07-22T18:49:58Z
194,8,9,31.4,standard,2026-07-22T18:49:58Z
194,8,10,31.4,standard,2026-07-22T18:49:58Z
194,8,11,31.4,standard,2026-07-22T18:49:58Z
194,8,12,31.4,standard,2026-07-22T18:49:58Z
194,8,13,31.4,standard,2026-07-22T18:49:58Z
194,8,14,31.4,standard,2026-07-22T18:49:58Z
194,8,15,31.4,standard,2026-07-22T18:49:58Z
194,8,16,31.4,standard,2026-07-22T18:49:58Z
194,8,17,31.4,standard,2026-07-22T18:49:58Z
194,8,18,31.4,standard,2026-07-22T18:49:58Z
194,8,19,31.4,standard,2026-07-22T18:49:58Z
194,8,20,31.4,standard,2026-07-22T18:49:58Z
194,8,21,31.4,standard,2026-07-22T18:49:58Z
194,8,3,31.4,standard,2026-07-22T18:49:58Z
194,9,4,31.4,standard,2026-07-22T18:49:58Z
194,9,5,31.4,standard,2026-07-22T18:49:58Z
194,9,6,31.4,standard,2026-07-22T18:49:58Z
194,9,7,31.4,standard,2026-07-22T18:49:58Z
194,9,8,31.4,standard,2026-07-22T18:49:58Z
194,9,9,31.4,standard,2026-07-22T18:49:58Z
194,9,10,31.4,standard,2026-07-22T18:49:58Z
194,9,11,31.4,standard,2026-07-22T18:49:58Z
194,9,12,31.4,standard,2026-07-22T18:49:58Z
194,9,13,31.4,standard,2026-07-22T18:49:58Z
194,9,14,31.4,standard,2026-07-22T18:49:58Z
194,9,15,31.4,standard,2026-07-22T18:49:58Z
194,9,16,31.4,standard,2026-07-22T18:49:58Z
194,9,17,31.4,standard,2026-07-22T18:49:58Z
194,9,18,31.4,standard,2026-07-22T18:49:58Z
194,9,19,31.4,standard,2026-07-22T18:49:58Z
194,9,20,31.4,standard,2026-07-22T18:49:58Z
194,9,21,31.4,standard,2026-07-22T18:49:58Z
194,9,3,31.4,standard,2026-07-22T18:49:58Z
195,10,10,31.4,standard,2026-07-22T18:49:58Z
195,10,11,31.4,standard,2026-07-22T18:49:58Z
195,10,3,31.4,standard,2026-07-22T18:49:58Z
195,10,4,31.4,standard,2026-07-22T18:49:58Z
195,10,5,31.4,standard,2026-07-22T18:49:58Z
195,10,6,31.4,standard,2026-07-22T18:49:58Z
195,10,7,31.4,standard,2026-07-22T18:49:58Z
195,10,8,31.4,standard,2026-07-22T18:49:58Z
195,10,9,31.4,standard,2026-07-22T18:49:58Z
195,11,10,31.4,standard,2026-07-22T18:49:58Z
195,11,11,31.4,standard,2026-07-22T18:49:58Z
195,11,3,31.4,standard,2026-07-22T18:49:58Z
195,11,4,31.4,standard,2026-07-22T18:49:58Z
195,11,5,31.4,standard,2026-07-22T18:49:58Z
195,11,6,31.4,standard,2026-07-22T18:49:58Z
195,11,7,31.4,standard,2026-07-22T18:49:58Z
195,11,8,31.4,standard,2026-07-22T18:49:58Z
195,11,9,31.4,standard,2026-07-22T18:49:58Z
195,12,10,31.4,standard,2026-07-22T18:49:58Z
195,12,11,31.4,standard,2026-07-22T18:49:58Z
195,12,2,31.4,standard,2026-07-22T18:49:58Z
195,12,3,31.4,standard,2026-07-22T18:49:58Z
195,12,4,31.4,standard,2026-07-22T18:49:58Z
195,12,5,31.4,standard,2026-07-22T18:49:58Z
195,12,6,31.4,standard,2026-07-22T18:49:58Z
195,12,7,31.4,standard,2026-07-22T18:49:58Z
195,12,8,31.4,standard,2026-07-22T18:49:58Z
195,12,9,31.4,standard,2026-07-22T18:49:58Z
195,13,10,31.4,standard,2026-07-22T18:49:58Z
195,13,11,31.4,standard,2026-07-22T18:49:58Z
195,13,9,31.4,standard,2026-07-22T18:49:58Z
195,14,10,31.4,standard,2026-07-22T18:49:58Z
195,14,11,31.4,standard,2026-07-22T18:49:58Z
195,14,5,31.4,standard,2026-07-22T18:49:58Z
195,14,6,31.4,standard,2026-07-22T18:49:58Z
195,14,7,31.4,standard,2026-07-22T18:49:58Z
195,14,8,31.4,standard,2026-07-22T18:49:58Z
195,14,9,31.4,standard,2026-07-22T18:49:58Z
195,15,10,31.4,standard,2026-07-22T18:49:58Z
195,15,11,31.4,standard,2026-07-22T18:49:58Z
195,15,5,31.4,standard,2026-07-22T18:49:58Z
195,15,6,31.4,standard,2026-07-22T18:49:58Z
195,15,7,31.4,standard,2026-07-22T18:49:58Z
195,15,8,31.4,standard,2026-07-22T18:49:58Z
195,15,9,31.4,standard,2026-07-22T18:49:58Z
195,16,10,31.4,standard,2026-07-22T18:49:58Z
195,16,11,31.4,standard,2026-07-22T18:49:58Z
195,16,2,31.4,standard,2026-07-22T18:49:58Z
195,16,3,31.4,standard,2026-07-22T18:49:58Z
195,16,4,31.4,standard,2026-07-22T18:49:58Z
195,16,5,31.4,standard,2026-07-22T18:49:58Z
195,16,6,31.4,standard,2026-07-22T18:49:58Z
195,16,7,31.4,standard,2026-07-22T18:49:58Z
195,16,8,31.4,standard,2026-07-22T18:49:58Z
195,16,9,31.4,standard,2026-07-22T18:49:58Z
195,3,10,31.4,standard,2026-07-22T18:49:58Z
195,3,11,31.4,standard,2026-07-22T18:49:58Z
195,4,9,31.4,standard,2026-07-22T18:49:58Z
195,4,10,31.4,standard,2026-07-22T18:49:58Z
195,4,11,31.4,standard,2026-07-22T18:49:58Z
195,5,4,31.4,standard,2026-07-22T18:49:58Z
195,5,5,31.4,standard,2026-07-22T18:49:58Z
195,5,6,31.4,standard,2026-07-22T18:49:58Z
195,5,7,31.4,standard,2026-07-22T18:49:58Z
195,5,8,31.4,standard,2026-07-22T18:49:58Z
195,5,9,31.4,standard,2026-07-22T18:49:58Z
195,5,10,31.4,standard,2026-07-22T18:49:58Z
195,5,11,31.4,standard,2026-07-22T18:49:58Z
195,5,2,31.4,standard,2026-07-22T18:49:58Z
195,5,3,31.4,standard,2026-07-22T18:49:58Z
195,6,5,31.4,standard,2026-07-22T18:49:58Z
195,6,6,31.4,standard,2026-07-22T18:49:58Z
195,6,7,31.4,standard,2026-07-22T18:49:58Z
195,6,8,31.4,standard,2026-07-22T18:49:58Z
195,6,9,31.4,standard,2026-07-22T18:49:58Z
195,6,10,31.4,standard,2026-07-22T18:49:58Z
195,6,11,31.4,standard,2026-07-22T18:49:58Z
195,7,4,31.4,standard,2026-07-22T18:49:58Z
195,7,5,31.4,standard,2026-07-22T18:49:58Z
195,7,6,31.4,standard,2026-07-22T18:49:58Z
195,7,7,31.4,standard,2026-07-22T18:49:58Z
195,7,8,31.4,standard,2026-07-22T18:49:58Z
195,7,9,31.4,standard,2026-07-22T18:49:58Z
195,7,10,31.4,standard,2026-07-22T18:49:58Z
195,7,11,31.4,standard,2026-07-22T18:49:58Z
195,7,3,31.4,standard,2026-07-22T18:49:58Z
195,8,4,31.4,standard,2026-07-22T18:49:58Z
195,8,5,31.4,standard,2026-07-22T18:49:58Z
195,8,6,31.4,standard,2026-07-22T18:49:58Z
195,8,7,31.4,standard,2026-07-22T18:49:58Z
195,8,8,31.4,standard,2026-07-22T18:49:58Z
195,8,9,31.4,standard,2026-07-22T18:49:58Z
195,8,10,31.4,standard,2026-07-22T18:49:58Z
195,8,11,31.4,standard,2026-07-22T18:49:58Z
195,8,3,31.4,standard,2026-07-22T18:49:58Z
195,9,4,31.4,standard,2026-07-22T18:49:58Z
195,9,5,31.4,standard,2026-07-22T18:49:58Z
195,9,6,31.4,standard,2026-07-22T18:49:58Z
195,9,7,31.4,standard,2026-07-22T18:49:58Z
195,9,8,31.4,standard,2026-07-22T18:49:58Z
195,9,9,31.4,standard,2026-07-22T18:49:58Z
195,9,10,31.4,standard,2026-07-22T18:49:58Z
195,9,11,31.4,standard,2026-07-22T18:49:58Z
195,9,3,31.4,standard,2026-07-22T18:49:58Z
215,1,6,,,2026-07-22T18:49:58Z
217,1,12,93.05,standard,2026-07-22T18:49:58Z
218,1,12,93.05,standard,2026-07-22T18:49:58Z
221,3,10,93.05,standard,2026-07-22T18:49:58Z
221TB2,TB2,9,221.0,standard,2026-07-22T18:49:58Z
221TB2,TB2,10,221.0,standard,2026-07-22T18:49:58Z
221TB2,TB2,11,221.0,standard,2026-07-22T18:49:58Z
221TB2,TB2,12,221.0,standard,2026-07-22T18:49:58Z
222TB4,TB4,9,221.0,standard,2026-07-22T18:49:58Z
222TB4,TB4,10,221.0,standard,2026-07-22T18:49:58Z
222TB4,TB4,11,221.0,standard,2026-07-22T18:49:58Z
222TB4,TB4,12,221.0,standard,2026-07-22T18:49:58Z
237,2,1,93.05,standard,2026-07-22T18:49:58Z
237,4,5,93.05,standard,2026-07-22T18:49:58Z
237,4,6,93.05,standard,2026-07-22T18:49:58Z
239,3,3,93.05,standard,2026-07-22T18:49:58Z
240,1,7,93.05,standard,2026-07-22T18:49:58Z
240,1,8,93.05,standard,2026-07-22T18:49:58Z
240,13,4,93.05,standard,2026-07-22T18:49:58Z
27,6,7,762.71,standard,2026-07-22T18:49:58Z
27,6,5,762.71,standard,2026-07-22T18:49:58Z
27,6,6,762.71,standard,2026-07-22T18:49:58Z
27,6,8,762.71,standard,2026-07-22T18:49:58Z
312,1,15,35.5,standard,2026-07-22T18:49:58Z
312,1,16,35.5,standard,2026-07-22T18:49:58Z
312,2,15,35.5,standard,2026-07-22T18:49:58Z
312,1,4,35.5,standard,2026-07-22T18:49:58Z
312,1,5,35.5,standard,2026-07-22T18:49:58Z
312,1,3,35.5,standard,2026-07-22T18:49:58Z
312,2,7,35.5,standard,2026-07-22T18:49:58Z
312,2,8,35.5,standard,2026-07-22T18:49:58Z
312,2,9,35.5,standard,2026-07-22T18:49:58Z
312,2,10,35.5,standard,2026-07-22T18:49:58Z
312,2,11,35.5,standard,2026-07-22T18:49:58Z
312,5,15,35.5,standard,2026-07-22T18:49:58Z
312,5,16,35.5,standard,2026-07-22T18:49:58Z
312,5,17,35.5,standard,2026-07-22T18:49:58Z
312,5,18,35.5,standard,2026-07-22T18:49:58Z
312,5,19,35.5,standard,2026-07-22T18:49:58Z
312,6,5,35.5,standard,2026-07-22T18:49:58Z
312,6,6,35.5,standard,2026-07-22T18:49:58Z
312,6,7,35.5,standard,2026-07-22T18:49:58Z
312,6,8,35.5,standard,2026-07-22T18:49:58Z
312,6,9,35.5,standard,2026-07-22T18:49:58Z
312,6,10,35.5,standard,2026-07-22T18:49:58Z
312,7,5,35.5,standard,2026-07-22T18:49:58Z
312,7,6,35.5,standard,2026-07-22T18:49:58Z
312,7,7,35.5,standard,2026-07-22T18:49:58Z
312,7,8,35.5,standard,2026-07-22T18:49:58Z
312,7,9,35.5,standard,2026-07-22T18:49:58Z
312,7,10,35.5,standard,2026-07-22T18:49:58Z
312,7,11,35.5,standard,2026-07-22T18:49:58Z
312,8,4,35.5,standard,2026-07-22T18:49:58Z
312,8,5,35.5,standard,2026-07-22T18:49:58Z
312,8,6,35.5,standard,2026-07-22T18:49:58Z
312,8,7,35.5,standard,2026-07-22T18:49:58Z
312,8,8,35.5,standard,2026-07-22T18:49:58Z
312,8,9,35.5,standard,2026-07-22T18:49:58Z
312,8,3,35.5,standard,2026-07-22T18:49:58Z
312,5,20,35.5,standard,2026-07-22T18:49:58Z
313,1,10,35.5,standard,2026-07-22T18:49:58Z
313,1,11,35.5,standard,2026-07-22T18:49:58Z
313,1,12,35.5,standard,2026-07-22T18:49:58Z
313,1,13,35.5,standard,2026-07-22T18:49:58Z
313,1,14,35.5,standard,2026-07-22T18:49:58Z
313,1,15,35.5,standard,2026-07-22T18:49:58Z
313,1,16,35.5,standard,2026-07-22T18:49:58Z
313,1,24,35.5,standard,2026-07-22T18:49:58Z
313,2,24,35.5,standard,2026-07-22T18:49:58Z
314,1,8,35.5,standard,2026-07-22T18:49:58Z
314,1,1,35.5,standard,2026-07-22T18:49:58Z
314,3,9,35.5,standard,2026-07-22T18:49:58Z
314,5,9,35.5,standard,2026-07-22T18:49:58Z
314,1,7,35.5,standard,2026-07-22T18:49:58Z
314,3,7,35.5,standard,2026-07-22T18:49:58Z
314,3,8,35.5,standard,2026-07-22T18:49:58Z
314,4,7,35.5,standard,2026-07-22T18:49:58Z
314,4,8,35.5,standard,2026-07-22T18:49:58Z
314,4,9,35.5,standard,2026-07-22T18:49:58Z
314,5,8,35.5,standard,2026-07-22T18:49:58Z
314,6,6,35.5,standard,2026-07-22T18:49:58Z
314,6,7,35.5,standard,2026-07-22T18:49:58Z
314,6,8,35.5,standard,2026-07-22T18:49:58Z
314,7,5,35.5,standard,2026-07-22T18:49:58Z
314,7,6,35.5,standard,2026-07-22T18:49:58Z
314,7,7,35.5,standard,2026-07-22T18:49:58Z
314,7,8,35.5,standard,2026-07-22T18:49:58Z
314,8,4,35.5,standard,2026-07-22T18:49:58Z
314,8,5,35.5,standard,2026-07-22T18:49:58Z
314,8,2,35.5,standard,2026-07-22T18:49:58Z
314,8,3,35.5,standard,2026-07-22T18:49:58Z
314,25,17,35.5,standard,2026-07-22T18:49:58Z
314,25,18,35.5,standard,2026-07-22T18:49:58Z
314,25,19,35.5,standard,2026-07-22T18:49:58Z
314,25,20,35.5,standard,2026-07-22T18:49:58Z
314,25,21,35.5,standard,2026-07-22T18:49:58Z
314,25,22,35.5,standard,2026-07-22T18:49:58Z
314,25,23,35.5,standard,2026-07-22T18:49:58Z
314,25,24,35.5,standard,2026-07-22T18:49:58Z
314,25,25,35.5,standard,2026-07-22T18:49:58Z
314,25,26,35.5,standard,2026-07-22T18:49:58Z
314,25,3,35.5,standard,2026-07-22T18:49:58Z
314,25,4,35.5,standard,2026-07-22T18:49:58Z
314,25,5,35.5,standard,2026-07-22T18:49:58Z
314,25,6,35.5,standard,2026-07-22T18:49:58Z
314,25,7,35.5,standard,2026-07-22T18:49:58Z
314,25,8,35.5,standard,2026-07-22T18:49:58Z
314,25,9,35.5,standard,2026-07-22T18:49:58Z
314,4,10,35.5,standard,2026-07-22T18:49:58Z
314,5,10,35.5,standard,2026-07-22T18:49:58Z
315,12,15,35.5,standard,2026-07-22T18:49:58Z
315,12,16,35.5,standard,2026-07-22T18:49:58Z
315,12,17,35.5,standard,2026-07-22T18:49:58Z
315,13,16,35.5,standard,2026-07-22T18:49:58Z
315,13,11,35.5,standard,2026-07-22T18:49:58Z
315,13,12,35.5,standard,2026-07-22T18:49:58Z
315,13,13,35.5,standard,2026-07-22T18:49:58Z
315,13,14,35.5,standard,2026-07-22T18:49:58Z
315,13,15,35.5,standard,2026-07-22T18:49:58Z
315,20,13,35.5,standard,2026-07-22T18:49:58Z
315,20,14,35.5,standard,2026-07-22T18:49:58Z
315,20,15,35.5,standard,2026-07-22T18:49:58Z
315,20,16,35.5,standard,2026-07-22T18:49:58Z
315,20,17,35.5,standard,2026-07-22T18:49:58Z
315,24,14,35.5,standard,2026-07-22T18:49:58Z
315,24,15,35.5,standard,2026-07-22T18:49:58Z
315,24,16,35.5,standard,2026-07-22T18:49:58Z
315,24,17,35.5,standard,2026-07-22T18:49:58Z
315,24,18,35.5,standard,2026-07-22T18:49:58Z
315,24,19,35.5,standard,2026-07-22T18:49:58Z
315,25,10,35.5,standard,2026-07-22T18:49:58Z
315,25,11,35.5,standard,2026-07-22T18:49:58Z
315,25,12,35.5,standard,2026-07-22T18:49:58Z
315,25,13,35.5,standard,2026-07-22T18:49:58Z
315,25,14,35.5,standard,2026-07-22T18:49:58Z
315,25,15,35.5,standard,2026-07-22T18:49:58Z
315,25,16,35.5,standard,2026-07-22T18:49:58Z
315,25,17,35.5,standard,2026-07-22T18:49:58Z
315,25,18,35.5,standard,2026-07-22T18:49:58Z
315,25,19,35.5,standard,2026-07-22T18:49:58Z
315,25,20,35.5,standard,2026-07-22T18:49:58Z
315,25,21,35.5,standard,2026-07-22T18:49:58Z
315,25,22,35.5,standard,2026-07-22T18:49:58Z
315,25,23,35.5,standard,2026-07-22T18:49:58Z
315,25,3,35.5,standard,2026-07-22T18:49:58Z
315,25,4,35.5,standard,2026-07-22T18:49:58Z
315,25,5,35.5,standard,2026-07-22T18:49:58Z
315,25,6,35.5,standard,2026-07-22T18:49:58Z
315,25,7,35.5,standard,2026-07-22T18:49:58Z
315,25,8,35.5,standard,2026-07-22T18:49:58Z
315,25,9,35.5,standard,2026-07-22T18:49:58Z
315,3,6,35.5,standard,2026-07-22T18:49:58Z
315,3,7,35.5,standard,2026-07-22T18:49:58Z
315,3,8,35.5,standard,2026-07-22T18:49:58Z
315,3,9,35.5,standard,2026-07-22T18:49:58Z
315,3,10,35.5,standard,2026-07-22T18:49:58Z
315,4,8,35.5,standard,2026-07-22T18:49:58Z
315,4,9,35.5,standard,2026-07-22T18:49:58Z
315,4,10,35.5,standard,2026-07-22T18:49:58Z
315,4,11,35.5,standard,2026-07-22T18:49:58Z
315,4,12,35.5,standard,2026-07-22T18:49:58Z
315,4,13,35.5,standard,2026-07-22T18:49:58Z
315,4,14,35.5,standard,2026-07-22T18:49:58Z
315,4,15,35.5,standard,2026-07-22T18:49:58Z
315,4,16,35.5,standard,2026-07-22T18:49:58Z
315,4,17,35.5,standard,2026-07-22T18:49:58Z
315,4,19,35.5,standard,2026-07-22T18:49:58Z
315,4,20,35.5,standard,2026-07-22T18:49:58Z
316,1,11,35.5,standard,2026-07-22T18:49:58Z
316,1,12,35.5,standard,2026-07-22T18:49:58Z
316,1,13,35.5,standard,2026-07-22T18:49:58Z
316,5,18,35.5,standard,2026-07-22T18:49:58Z
316,5,19,35.5,standard,2026-07-22T18:49:58Z
316,5,20,35.5,standard,2026-07-22T18:49:58Z
316,5,21,35.5,standard,2026-07-22T18:49:58Z
316,8,4,35.5,standard,2026-07-22T18:49:58Z
316,8,11,35.5,standard,2026-07-22T18:49:58Z
316,8,12,35.5,standard,2026-07-22T18:49:58Z
316,8,13,35.5,standard,2026-07-22T18:49:58Z
316,8,3,35.5,standard,2026-07-22T18:49:58Z
316,1,24,35.5,standard,2026-07-22T18:49:58Z
316,3,20,35.5,standard,2026-07-22T18:49:58Z
316,3,21,35.5,standard,2026-07-22T18:49:58Z
316,3,22,35.5,standard,2026-07-22T18:49:58Z
316,3,23,35.5,standard,2026-07-22T18:49:58Z
316,3,24,35.5,standard,2026-07-22T18:49:58Z
316,4,22,35.5,standard,2026-07-22T18:49:58Z
316,4,23,35.5,standard,2026-07-22T18:49:58Z
316,13,20,35.5,standard,2026-07-22T18:49:58Z
316,13,21,35.5,standard,2026-07-22T18:49:58Z
316,14,20,35.5,standard,2026-07-22T18:49:58Z
316,14,21,35.5,standard,2026-07-22T18:49:58Z
316,18,17,35.5,standard,2026-07-22T18:49:58Z
316,18,18,35.5,standard,2026-07-22T18:49:58Z
316,18,19,35.5,standard,2026-07-22T18:49:58Z
318,1,24,35.5,standard,2026-07-22T18:49:58Z
318,3,24,35.5,standard,2026-07-22T18:49:58Z
318,4,23,35.5,standard,2026-07-22T18:49:58Z
318,19,11,35.5,standard,2026-07-22T18:49:58Z
318,19,12,35.5,standard,2026-07-22T18:49:58Z
318,19,13,35.5,standard,2026-07-22T18:49:58Z
318,19,14,35.5,standard,2026-07-22T18:49:58Z
318,19,15,35.5,standard,2026-07-22T18:49:58Z
318,19,16,35.5,standard,2026-07-22T18:49:58Z
318,19,9,35.5,standard,2026-07-22T18:49:58Z
318,21,23,35.5,standard,2026-07-22T18:49:58Z
318,21,24,35.5,standard,2026-07-22T18:49:58Z
318,22,21,35.5,standard,2026-07-22T18:49:58Z
318,22,22,35.5,standard,2026-07-22T18:49:58Z
318,22,23,35.5,standard,2026-07-22T18:49:58Z
318,22,24,35.5,standard,2026-07-22T18:49:58Z
318,24,10,35.5,standard,2026-07-22T18:49:58Z
318,24,11,35.5,standard,2026-07-22T18:49:58Z
318,24,12,35.5,standard,2026-07-22T18:49:58Z
318,24,13,35.5,standard,2026-07-22T18:49:58Z
318,24,14,35.5,standard,2026-07-22T18:49:58Z
318,24,15,35.5,standard,2026-07-22T18:49:58Z
318,24,16,35.5,standard,2026-07-22T18:49:58Z
318,24,17,35.5,standard,2026-07-22T18:49:58Z
318,24,18,35.5,standard,2026-07-22T18:49:58Z
318,24,19,35.5,standard,2026-07-22T18:49:58Z
318,24,20,35.5,standard,2026-07-22T18:49:58Z
318,24,21,35.5,standard,2026-07-22T18:49:58Z
318,24,22,35.5,standard,2026-07-22T18:49:58Z
318,24,3,35.5,standard,2026-07-22T18:49:58Z
318,24,4,35.5,standard,2026-07-22T18:49:58Z
318,24,5,35.5,standard,2026-07-22T18:49:58Z
318,24,6,35.5,standard,2026-07-22T18:49:58Z
318,24,7,35.5,standard,2026-07-22T18:49:58Z
318,24,8,35.5,standard,2026-07-22T18:49:58Z
318,24,9,35.5,standard,2026-07-22T18:49:58Z
318,4,16,35.5,standard,2026-07-22T18:49:58Z
318,4,17,35.5,standard,2026-07-22T18:49:58Z
318,4,24,35.5,standard,2026-07-22T18:49:58Z
318,9,23,35.5,standard,2026-07-22T18:49:58Z
319,3,5,35.5,standard,2026-07-22T18:49:58Z
319,3,6,35.5,standard,2026-07-22T18:49:58Z
319,3,7,35.5,standard,2026-07-22T18:49:58Z
319,3,8,35.5,standard,2026-07-22T18:49:58Z
319,4,7,35.5,standard,2026-07-22T18:49:58Z
319,5,8,35.5,standard,2026-07-22T18:49:58Z
319,6,6,35.5,standard,2026-07-22T18:49:58Z
319,6,7,35.5,standard,2026-07-22T18:49:58Z
319,7,7,35.5,standard,2026-07-22T18:49:58Z
319,8,6,35.5,standard,2026-07-22T18:49:58Z
319,8,7,35.5,standard,2026-07-22T18:49:58Z
319,4,5,35.5,standard,2026-07-22T18:49:58Z
319,4,6,35.5,standard,2026-07-22T18:49:58Z
319,6,4,35.5,standard,2026-07-22T18:49:58Z
319,6,5,35.5,standard,2026-07-22T18:49:58Z
319,6,3,35.5,standard,2026-07-22T18:49:58Z
319,7,5,35.5,standard,2026-07-22T18:49:58Z
319,7,6,35.5,standard,2026-07-22T18:49:58Z
319,8,4,35.5,standard,2026-07-22T18:49:58Z
319,8,5,35.5,standard,2026-07-22T18:49:58Z
319,8,3,35.5,standard,2026-07-22T18:49:58Z
319,5,9,35.5,standard,2026-07-22T18:49:58Z
320,1,22,33.45,standard,2026-07-22T18:49:58Z
320,4,18,33.45,standard,2026-07-22T18:49:58Z
320,4,19,33.45,standard,2026-07-22T18:49:58Z
320,10,17,33.45,standard,2026-07-22T18:49:58Z
320,10,2,33.45,standard,2026-07-22T18:49:58Z
320,11,16,33.45,standard,2026-07-22T18:49:58Z
320,11,17,33.45,standard,2026-07-22T18:49:58Z
320,12,15,33.45,standard,2026-07-22T18:49:58Z
320,12,16,33.45,standard,2026-07-22T18:49:58Z
320,12,17,33.45,standard,2026-07-22T18:49:58Z
320,15,13,33.45,standard,2026-07-22T18:49:58Z
320,15,14,33.45,standard,2026-07-22T18:49:58Z
320,15,15,33.45,standard,2026-07-22T18:49:58Z
320,16,12,33.45,standard,2026-07-22T18:49:58Z
320,16,13,33.45,standard,2026-07-22T18:49:58Z
320,16,14,33.45,standard,2026-07-22T18:49:58Z
320,9,19,33.45,standard,2026-07-22T18:49:58Z
320,10,16,33.45,standard,2026-07-22T18:49:58Z
320,16,4,33.45,standard,2026-07-22T18:49:58Z
320,16,5,33.45,standard,2026-07-22T18:49:58Z
320,16,6,33.45,standard,2026-07-22T18:49:58Z
320,16,7,33.45,standard,2026-07-22T18:49:58Z
320,16,8,33.45,standard,2026-07-22T18:49:58Z
320,9,18,33.45,standard,2026-07-22T18:49:58Z
320,3,12,33.45,standard,2026-07-22T18:49:58Z
320,3,13,33.45,standard,2026-07-22T18:49:58Z
320,3,14,33.45,standard,2026-07-22T18:49:58Z
320,3,15,33.45,standard,2026-07-22T18:49:58Z
320,3,16,33.45,standard,2026-07-22T18:49:58Z
321,10,23,33.45,standard,2026-07-22T18:49:58Z
321,10,24,33.45,standard,2026-07-22T18:49:58Z
321,11,22,33.45,standard,2026-07-22T18:49:58Z
321,11,23,33.45,standard,2026-07-22T18:49:58Z
321,12,21,33.45,standard,2026-07-22T18:49:58Z
321,12,22,33.45,standard,2026-07-22T18:49:58Z
321,12,23,33.45,standard,2026-07-22T18:49:58Z
321,12,24,33.45,standard,2026-07-22T18:49:58Z
321,14,20,33.45,standard,2026-07-22T18:49:58Z
321,14,21,33.45,standard,2026-07-22T18:49:58Z
321,14,22,33.45,standard,2026-07-22T18:49:58Z
321,14,23,33.45,standard,2026-07-22T18:49:58Z
321,15,19,33.45,standard,2026-07-22T18:49:58Z
321,15,20,33.45,standard,2026-07-22T18:49:58Z
321,16,19,33.45,standard,2026-07-22T18:49:58Z
321,16,20,33.45,standard,2026-07-22T18:49:58Z
321,16,21,33.45,standard,2026-07-22T18:49:58Z
321,16,14,33.45,standard,2026-07-22T18:49:58Z
321,16,15,33.45,standard,2026-07-22T18:49:58Z
321,16,16,33.45,standard,2026-07-22T18:49:58Z
321,21,11,33.45,standard,2026-07-22T18:49:58Z
321,21,12,33.45,standard,2026-07-22T18:49:58Z
321,21,13,33.45,standard,2026-07-22T18:49:58Z
321,22,21,33.45,standard,2026-07-22T18:49:58Z
321,22,22,33.45,standard,2026-07-22T18:49:58Z
321,22,23,33.45,standard,2026-07-22T18:49:58Z
321,25,10,33.45,standard,2026-07-22T18:49:58Z
321,25,11,33.45,standard,2026-07-22T18:49:58Z
321,25,5,33.45,standard,2026-07-22T18:49:58Z
321,25,6,33.45,standard,2026-07-22T18:49:58Z
321,25,7,33.45,standard,2026-07-22T18:49:58Z
321,25,8,33.45,standard,2026-07-22T18:49:58Z
321,25,9,33.45,standard,2026-07-22T18:49:58Z
321,3,15,33.45,standard,2026-07-22T18:49:58Z
321,3,16,33.45,standard,2026-07-22T18:49:58Z
321,5,4,33.45,standard,2026-07-22T18:49:58Z
321,5,5,33.45,standard,2026-07-22T18:49:58Z
321,5,6,33.45,standard,2026-07-22T18:49:58Z
321,5,23,33.45,standard,2026-07-22T18:49:58Z
321,7,13,33.45,standard,2026-07-22T18:49:58Z
321,7,14,33.45,standard,2026-07-22T18:49:58Z
321,7,15,33.45,standard,2026-07-22T18:49:58Z
321,7,16,33.45,standard,2026-07-22T18:49:58Z
321,7,17,33.45,standard,2026-07-22T18:49:58Z
321,8,7,33.45,standard,2026-07-22T18:49:58Z
321,8,8,33.45,standard,2026-07-22T18:49:58Z
321,8,9,33.45,standard,2026-07-22T18:49:58Z
321,8,10,33.45,standard,2026-07-22T18:49:58Z
321,8,11,33.45,standard,2026-07-22T18:49:58Z
321,4,22,33.45,standard,2026-07-22T18:49:58Z
321,4,23,33.45,standard,2026-07-22T18:49:58Z
321,4,24,33.45,standard,2026-07-22T18:49:58Z
323,17,15,33.45,standard,2026-07-22T18:49:58Z
323,17,16,33.45,standard,2026-07-22T18:49:58Z
323,17,17,33.45,standard,2026-07-22T18:49:58Z
323,17,18,33.45,standard,2026-07-22T18:49:58Z
323,10,14,33.45,standard,2026-07-22T18:49:58Z
323,15,10,33.45,standard,2026-07-22T18:49:58Z
323,19,11,33.45,standard,2026-07-22T18:49:58Z
323,19,12,33.45,standard,2026-07-22T18:49:58Z
323,20,11,33.45,standard,2026-07-22T18:49:58Z
323,20,12,33.45,standard,2026-07-22T18:49:58Z
323,20,13,33.45,standard,2026-07-22T18:49:58Z
323,20,14,33.45,standard,2026-07-22T18:49:58Z
323,23,10,33.45,standard,2026-07-22T18:49:58Z
323,23,11,33.45,standard,2026-07-22T18:49:58Z
323,23,12,33.45,standard,2026-07-22T18:49:58Z
323,23,13,33.45,standard,2026-07-22T18:49:58Z
323,23,14,33.45,standard,2026-07-22T18:49:58Z
323,23,15,33.45,standard,2026-07-22T18:49:58Z
323,23,16,33.45,standard,2026-07-22T18:49:58Z
323,23,17,33.45,standard,2026-07-22T18:49:58Z
323,23,18,33.45,standard,2026-07-22T18:49:58Z
323,23,19,33.45,standard,2026-07-22T18:49:58Z
323,23,20,33.45,standard,2026-07-22T18:49:58Z
323,23,21,33.45,standard,2026-07-22T18:49:58Z
323,23,22,33.45,standard,2026-07-22T18:49:58Z
323,24,1,33.45,standard,2026-07-22T18:49:58Z
323,24,2,33.45,standard,2026-07-22T18:49:58Z
323,25,14,33.45,standard,2026-07-22T18:49:58Z
323,25,15,33.45,standard,2026-07-22T18:49:58Z
323,25,16,33.45,standard,2026-07-22T18:49:58Z
323,11,22,33.45,standard,2026-07-22T18:49:58Z
323,11,23,33.45,standard,2026-07-22T18:49:58Z
323,13,1,33.45,standard,2026-07-22T18:49:58Z
323,13,21,33.45,standard,2026-07-22T18:49:58Z
323,13,22,33.45,standard,2026-07-22T18:49:58Z
323,14,1,33.45,standard,2026-07-22T18:49:58Z
323,14,23,33.45,standard,2026-07-22T18:49:58Z
323,14,24,33.45,standard,2026-07-22T18:49:58Z
323,15,23,33.45,standard,2026-07-22T18:49:58Z
323,15,24,33.45,standard,2026-07-22T18:49:58Z
323,16,23,33.45,standard,2026-07-22T18:49:58Z
323,16,24,33.45,standard,2026-07-22T18:49:58Z
323,2,1,33.45,standard,2026-07-22T18:49:58Z
325,11,1,33.45,standard,2026-07-22T18:49:58Z
325,11,2,33.45,standard,2026-07-22T18:49:58Z
325,12,3,33.45,standard,2026-07-22T18:49:58Z
325,12,4,33.45,standard,2026-07-22T18:49:58Z
325,12,5,33.45,standard,2026-07-22T18:49:58Z
325,13,1,33.45,standard,2026-07-22T18:49:58Z
325,13,2,33.45,standard,2026-07-22T18:49:58Z
325,14,2,33.45,standard,2026-07-22T18:49:58Z
325,14,3,33.45,standard,2026-07-22T18:49:58Z
325,15,3,33.45,standard,2026-07-22T18:49:58Z
325,15,4,33.45,standard,2026-07-22T18:49:58Z
325,11,15,33.45,standard,2026-07-22T18:49:58Z
325,21,15,33.45,standard,2026-07-22T18:49:58Z
325,21,16,33.45,standard,2026-07-22T18:49:58Z
325,22,15,33.45,standard,2026-07-22T18:49:58Z
325,22,16,33.45,standard,2026-07-22T18:49:58Z
325,23,15,33.45,standard,2026-07-22T18:49:58Z
325,23,16,33.45,standard,2026-07-22T18:49:58Z
325,23,17,33.45,standard,2026-07-22T18:49:58Z
325,23,18,33.45,standard,2026-07-22T18:49:58Z
325,24,10,33.45,standard,2026-07-22T18:49:58Z
325,24,11,33.45,standard,2026-07-22T18:49:58Z
325,24,12,33.45,standard,2026-07-22T18:49:58Z
325,24,4,33.45,standard,2026-07-22T18:49:58Z
325,24,5,33.45,standard,2026-07-22T18:49:58Z
325,24,6,33.45,standard,2026-07-22T18:49:58Z
325,24,7,33.45,standard,2026-07-22T18:49:58Z
325,24,8,33.45,standard,2026-07-22T18:49:58Z
325,25,10,33.45,standard,2026-07-22T18:49:58Z
325,25,11,33.45,standard,2026-07-22T18:49:58Z
325,25,12,33.45,standard,2026-07-22T18:49:58Z
325,25,13,33.45,standard,2026-07-22T18:49:58Z
325,25,14,33.45,standard,2026-07-22T18:49:58Z
325,25,15,33.45,standard,2026-07-22T18:49:58Z
325,25,16,33.45,standard,2026-07-22T18:49:58Z
325,25,2,33.45,standard,2026-07-22T18:49:58Z
325,25,3,33.45,standard,2026-07-22T18:49:58Z
325,25,4,33.45,standard,2026-07-22T18:49:58Z
325,25,5,33.45,standard,2026-07-22T18:49:58Z
325,25,6,33.45,standard,2026-07-22T18:49:58Z
325,25,7,33.45,standard,2026-07-22T18:49:58Z
325,25,8,33.45,standard,2026-07-22T18:49:58Z
325,25,9,33.45,standard,2026-07-22T18:49:58Z
325,3,6,33.45,standard,2026-07-22T18:49:58Z
325,3,7,33.45,standard,2026-07-22T18:49:58Z
325,3,8,33.45,standard,2026-07-22T18:49:58Z
325,7,3,33.45,standard,2026-07-22T18:49:58Z
326,10,1,33.45,standard,2026-07-22T18:49:58Z
326,10,2,33.45,standard,2026-07-22T18:49:58Z
326,13,4,33.45,standard,2026-07-22T18:49:58Z
326,13,5,33.45,standard,2026-07-22T18:49:58Z
326,13,6,33.45,standard,2026-07-22T18:49:58Z
326,2,4,33.45,standard,2026-07-22T18:49:58Z
326,2,5,33.45,standard,2026-07-22T18:49:58Z
326,2,3,33.45,standard,2026-07-22T18:49:58Z
326,23,12,33.45,standard,2026-07-22T18:49:58Z
326,23,13,33.45,standard,2026-07-22T18:49:58Z
326,24,3,33.45,standard,2026-07-22T18:49:58Z
326,24,4,33.45,standard,2026-07-22T18:49:58Z
326,24,5,33.45,standard,2026-07-22T18:49:58Z
326,24,6,33.45,standard,2026-07-22T18:49:58Z
326,25,10,33.45,standard,2026-07-22T18:49:58Z
326,25,11,33.45,standard,2026-07-22T18:49:58Z
326,25,12,33.45,standard,2026-07-22T18:49:58Z
326,25,13,33.45,standard,2026-07-22T18:49:58Z
326,25,3,33.45,standard,2026-07-22T18:49:58Z
326,25,4,33.45,standard,2026-07-22T18:49:58Z
326,25,5,33.45,standard,2026-07-22T18:49:58Z
326,25,6,33.45,standard,2026-07-22T18:49:58Z
326,25,7,33.45,standard,2026-07-22T18:49:58Z
326,25,8,33.45,standard,2026-07-22T18:49:58Z
326,25,9,33.45,standard,2026-07-22T18:49:58Z
327,11,12,33.45,standard,2026-07-22T18:49:58Z
327,11,13,33.45,standard,2026-07-22T18:49:58Z
327,11,14,33.45,standard,2026-07-22T18:49:58Z
327,11,15,33.45,standard,2026-07-22T18:49:58Z
327,13,11,33.45,standard,2026-07-22T18:49:58Z
327,13,12,33.45,standard,2026-07-22T18:49:58Z
327,21,11,33.45,standard,2026-07-22T18:49:58Z
327,21,12,33.45,standard,2026-07-22T18:49:58Z
327,21,18,33.45,standard,2026-07-22T18:49:58Z
327,21,19,33.45,standard,2026-07-22T18:49:58Z
327,23,21,33.45,standard,2026-07-22T18:49:58Z
327,23,22,33.45,standard,2026-07-22T18:49:58Z
327,25,2,33.45,standard,2026-07-22T18:49:58Z
327,25,3,33.45,standard,2026-07-22T18:49:58Z
327,25,4,33.45,standard,2026-07-22T18:49:58Z
327,25,5,33.45,standard,2026-07-22T18:49:58Z
327,25,6,33.45,standard,2026-07-22T18:49:58Z
327,25,7,33.45,standard,2026-07-22T18:49:58Z
327,25,8,33.45,standard,2026-07-22T18:49:58Z
327,13,3,33.45,standard,2026-07-22T18:49:58Z
327,13,4,33.45,standard,2026-07-22T18:49:58Z
327,13,5,33.45,standard,2026-07-22T18:49:58Z
327,14,4,33.45,standard,2026-07-22T18:49:58Z
327,14,5,33.45,standard,2026-07-22T18:49:58Z
327,2,1,33.45,standard,2026-07-22T18:49:58Z
327,4,2,33.45,standard,2026-07-22T18:49:58Z
327,2,5,33.45,standard,2026-07-22T18:49:58Z
327,2,6,33.45,standard,2026-07-22T18:49:58Z
327,2,7,33.45,standard,2026-07-22T18:49:58Z
327,2,8,33.45,standard,2026-07-22T18:49:58Z
327,7,5,33.45,standard,2026-07-22T18:49:58Z
327,7,6,33.45,standard,2026-07-22T18:49:58Z
327,7,7,33.45,standard,2026-07-22T18:49:58Z
327,7,8,33.45,standard,2026-07-22T18:49:58Z
327,8,5,33.45,standard,2026-07-22T18:49:58Z
327,8,6,33.45,standard,2026-07-22T18:49:58Z
327,8,7,33.45,standard,2026-07-22T18:49:58Z
327,8,8,33.45,standard,2026-07-22T18:49:58Z
327,4,1,33.45,standard,2026-07-22T18:49:58Z
328,11,16,33.45,standard,2026-07-22T18:49:58Z
328,13,16,33.45,standard,2026-07-22T18:49:58Z
328,14,17,33.45,standard,2026-07-22T18:49:58Z
328,15,17,33.45,standard,2026-07-22T18:49:58Z
328,9,14,33.45,standard,2026-07-22T18:49:58Z
328,2,4,33.45,standard,2026-07-22T18:49:58Z
328,2,5,33.45,standard,2026-07-22T18:49:58Z
328,21,10,33.45,standard,2026-07-22T18:49:58Z
328,21,11,33.45,standard,2026-07-22T18:49:58Z
328,21,8,33.45,standard,2026-07-22T18:49:58Z
328,21,9,33.45,standard,2026-07-22T18:49:58Z
328,23,12,33.45,standard,2026-07-22T18:49:58Z
328,23,13,33.45,standard,2026-07-22T18:49:58Z
328,23,5,33.45,standard,2026-07-22T18:49:58Z
328,23,6,33.45,standard,2026-07-22T18:49:58Z
328,24,10,33.45,standard,2026-07-22T18:49:58Z
328,24,3,33.45,standard,2026-07-22T18:49:58Z
328,24,4,33.45,standard,2026-07-22T18:49:58Z
328,24,5,33.45,standard,2026-07-22T18:49:58Z
328,24,7,33.45,standard,2026-07-22T18:49:58Z
328,24,8,33.45,standard,2026-07-22T18:49:58Z
328,24,9,33.45,standard,2026-07-22T18:49:58Z
328,9,15,33.45,standard,2026-07-22T18:49:58Z
329,11,1,33.45,standard,2026-07-22T18:49:58Z
329,11,2,33.45,standard,2026-07-22T18:49:58Z
329,12,1,33.45,standard,2026-07-22T18:49:58Z
329,12,2,33.45,standard,2026-07-22T18:49:58Z
329,17,10,33.45,standard,2026-07-22T18:49:58Z
329,17,11,33.45,standard,2026-07-22T18:49:58Z
329,17,4,33.45,standard,2026-07-22T18:49:58Z
329,17,5,33.45,standard,2026-07-22T18:49:58Z
329,18,10,33.45,standard,2026-07-22T18:49:58Z
329,18,11,33.45,standard,2026-07-22T18:49:58Z
329,18,12,33.45,standard,2026-07-22T18:49:58Z
329,18,9,33.45,standard,2026-07-22T18:49:58Z
329,3,7,33.45,standard,2026-07-22T18:49:58Z
329,3,8,33.45,standard,2026-07-22T18:49:58Z
329,3,12,33.45,standard,2026-07-22T18:49:58Z
329,3,13,33.45,standard,2026-07-22T18:49:58Z
329,3,14,33.45,standard,2026-07-22T18:49:58Z
329,8,12,33.45,standard,2026-07-22T18:49:58Z
329,8,13,33.45,standard,2026-07-22T18:49:58Z
330,10,1,33.45,standard,2026-07-22T18:49:58Z
330,10,2,33.45,standard,2026-07-22T18:49:58Z
330,11,16,33.45,standard,2026-07-22T18:49:58Z
330,12,16,33.45,standard,2026-07-22T18:49:58Z
330,13,16,33.45,standard,2026-07-22T18:49:58Z
330,14,17,33.45,standard,2026-07-22T18:49:58Z
330,15,17,33.45,standard,2026-07-22T18:49:58Z
330,16,17,33.45,standard,2026-07-22T18:49:58Z
330,17,3,33.45,standard,2026-07-22T18:49:58Z
330,17,4,33.45,standard,2026-07-22T18:49:58Z
330,17,5,33.45,standard,2026-07-22T18:49:58Z
330,17,6,33.45,standard,2026-07-22T18:49:58Z
330,17,7,33.45,standard,2026-07-22T18:49:58Z
330,12,2,33.45,standard,2026-07-22T18:49:58Z
330,12,3,33.45,standard,2026-07-22T18:49:58Z
330,25,14,33.45,standard,2026-07-22T18:49:58Z
330,25,15,33.45,standard,2026-07-22T18:49:58Z
330,25,16,33.45,standard,2026-07-22T18:49:58Z
330,25,17,33.45,standard,2026-07-22T18:49:58Z
330,25,18,33.45,standard,2026-07-22T18:49:58Z
330,25,19,33.45,standard,2026-07-22T18:49:58Z
330,2,13,33.45,standard,2026-07-22T18:49:58Z
331,10,1,33.45,standard,2026-07-22T18:49:58Z
331,11,1,33.45,standard,2026-07-22T18:49:58Z
331,12,1,33.45,standard,2026-07-22T18:49:58Z
331,13,20,33.45,standard,2026-07-22T18:49:58Z
331,13,21,33.45,standard,2026-07-22T18:49:58Z
331,13,22,33.45,standard,2026-07-22T18:49:58Z
331,11,2,33.45,standard,2026-07-22T18:49:58Z
331,11,3,33.45,standard,2026-07-22T18:49:58Z
331,2,10,33.45,standard,2026-07-22T18:49:58Z
331,2,11,33.45,standard,2026-07-22T18:49:58Z
331,2,18,33.45,standard,2026-07-22T18:49:58Z
331,9,1,33.45,standard,2026-07-22T18:49:58Z
331,9,20,33.45,standard,2026-07-22T18:49:58Z
332,10,1,33.45,standard,2026-07-22T18:49:58Z
332,10,2,33.45,standard,2026-07-22T18:49:58Z
332,11,15,33.45,standard,2026-07-22T18:49:58Z
332,11,16,33.45,standard,2026-07-22T18:49:58Z
332,12,13,33.45,standard,2026-07-22T18:49:58Z
332,12,14,33.45,standard,2026-07-22T18:49:58Z
332,12,15,33.45,standard,2026-07-22T18:49:58Z
332,12,16,33.45,standard,2026-07-22T18:49:58Z
332,13,15,33.45,standard,2026-07-22T18:49:58Z
332,13,16,33.45,standard,2026-07-22T18:49:58Z
332,14,17,33.45,standard,2026-07-22T18:49:58Z
332,15,17,33.45,standard,2026-07-22T18:49:58Z
332,16,17,33.45,standard,2026-07-22T18:49:58Z
332,9,14,33.45,standard,2026-07-22T18:49:58Z
332,9,2,33.45,standard,2026-07-22T18:49:58Z
332,12,5,33.45,standard,2026-07-22T18:49:58Z
332,12,6,33.45,standard,2026-07-22T18:49:58Z
332,13,10,33.45,standard,2026-07-22T18:49:58Z
332,13,9,33.45,standard,2026-07-22T18:49:58Z
332,15,11,33.45,standard,2026-07-22T18:49:58Z
332,15,12,33.45,standard,2026-07-22T18:49:58Z
332,25,22,33.45,standard,2026-07-22T18:49:58Z
332,25,23,33.45,standard,2026-07-22T18:49:58Z
332,25,24,33.45,standard,2026-07-22T18:49:58Z
332,9,1,33.45,standard,2026-07-22T18:49:58Z
332,9,15,33.45,standard,2026-07-22T18:49:58Z
333,17,15,44.6,standard,2026-07-22T18:49:58Z
333,17,16,44.6,standard,2026-07-22T18:49:58Z
333,14,15,44.6,standard,2026-07-22T18:49:58Z
333,14,16,44.6,standard,2026-07-22T18:49:58Z
333,15,13,44.6,standard,2026-07-22T18:49:58Z
333,15,14,44.6,standard,2026-07-22T18:49:58Z
333,23,21,44.6,standard,2026-07-22T18:49:58Z
333,23,22,44.6,standard,2026-07-22T18:49:58Z
333,23,23,44.6,standard,2026-07-22T18:49:58Z
333,23,24,44.6,standard,2026-07-22T18:49:58Z
333,24,21,44.6,standard,2026-07-22T18:49:58Z
333,25,10,44.6,standard,2026-07-22T18:49:58Z
333,25,11,44.6,standard,2026-07-22T18:49:58Z
333,25,12,44.6,standard,2026-07-22T18:49:58Z
333,25,13,44.6,standard,2026-07-22T18:49:58Z
333,25,14,44.6,standard,2026-07-22T18:49:58Z
333,25,15,44.6,standard,2026-07-22T18:49:58Z
333,25,16,44.6,standard,2026-07-22T18:49:58Z
333,25,17,44.6,standard,2026-07-22T18:49:58Z
333,25,18,44.6,standard,2026-07-22T18:49:58Z
333,25,19,44.6,standard,2026-07-22T18:49:58Z
333,25,20,44.6,standard,2026-07-22T18:49:58Z
333,25,6,44.6,standard,2026-07-22T18:49:58Z
333,25,7,44.6,standard,2026-07-22T18:49:58Z
333,25,8,44.6,standard,2026-07-22T18:49:58Z
333,25,9,44.6,standard,2026-07-22T18:49:58Z
333,2,18,44.6,standard,2026-07-22T18:49:58Z
333,5,15,44.6,standard,2026-07-22T18:49:58Z
333,5,16,44.6,standard,2026-07-22T18:49:58Z
333,6,4,44.6,standard,2026-07-22T18:49:58Z
333,6,5,44.6,standard,2026-07-22T18:49:58Z
333,7,5,44.6,standard,2026-07-22T18:49:58Z
333,7,6,44.6,standard,2026-07-22T18:49:58Z
333,7,7,44.6,standard,2026-07-22T18:49:58Z
333,7,8,44.6,standard,2026-07-22T18:49:58Z
333,8,4,44.6,standard,2026-07-22T18:49:58Z
333,8,5,44.6,standard,2026-07-22T18:49:58Z
333,8,6,44.6,standard,2026-07-22T18:49:58Z
333,8,9,44.6,standard,2026-07-22T18:49:58Z
333,8,10,44.6,standard,2026-07-22T18:49:58Z
333,8,11,44.6,standard,2026-07-22T18:49:58Z
334,1,13,33.45,standard,2026-07-22T18:49:58Z
334,2,13,33.45,standard,2026-07-22T18:49:58Z
334,10,12,33.45,standard,2026-07-22T18:49:58Z
334,10,13,33.45,standard,2026-07-22T18:49:58Z
334,12,1,33.45,standard,2026-07-22T18:49:58Z
334,12,2,33.45,standard,2026-07-22T18:49:58Z
334,13,16,33.45,standard,2026-07-22T18:49:58Z
334,14,1,33.45,standard,2026-07-22T18:49:58Z
334,13,15,33.45,standard,2026-07-22T18:49:58Z
334,15,11,33.45,standard,2026-07-22T18:49:58Z
334,15,12,33.45,standard,2026-07-22T18:49:58Z
334,25,10,33.45,standard,2026-07-22T18:49:58Z
334,25,11,33.45,standard,2026-07-22T18:49:58Z
334,25,12,33.45,standard,2026-07-22T18:49:58Z
334,25,13,33.45,standard,2026-07-22T18:49:58Z
334,25,14,33.45,standard,2026-07-22T18:49:58Z
334,25,15,33.45,standard,2026-07-22T18:49:58Z
334,25,16,33.45,standard,2026-07-22T18:49:58Z
334,25,17,33.45,standard,2026-07-22T18:49:58Z
334,25,18,33.45,standard,2026-07-22T18:49:58Z
334,25,19,33.45,standard,2026-07-22T18:49:58Z
334,25,20,33.45,standard,2026-07-22T18:49:58Z
334,25,21,33.45,standard,2026-07-22T18:49:58Z
334,25,22,33.45,standard,2026-07-22T18:49:58Z
334,25,9,33.45,standard,2026-07-22T18:49:58Z
334,2,7,33.45,standard,2026-07-22T18:49:58Z
335,1,15,33.45,standard,2026-07-22T18:49:58Z
335,4,14,33.45,standard,2026-07-22T18:49:58Z
335,4,15,33.45,standard,2026-07-22T18:49:58Z
335,17,13,33.45,standard,2026-07-22T18:49:58Z
335,17,14,33.45,standard,2026-07-22T18:49:58Z
335,10,10,33.45,standard,2026-07-22T18:49:58Z
335,10,9,33.45,standard,2026-07-22T18:49:58Z
335,12,1,33.45,standard,2026-07-22T18:49:58Z
335,16,12,33.45,standard,2026-07-22T18:49:58Z
335,16,13,33.45,standard,2026-07-22T18:49:58Z
335,20,16,33.45,standard,2026-07-22T18:49:58Z
335,20,17,33.45,standard,2026-07-22T18:49:58Z
335,21,16,33.45,standard,2026-07-22T18:49:58Z
335,21,17,33.45,standard,2026-07-22T18:49:58Z
335,23,16,33.45,standard,2026-07-22T18:49:58Z
335,23,17,33.45,standard,2026-07-22T18:49:58Z
335,24,10,33.45,standard,2026-07-22T18:49:58Z
335,24,11,33.45,standard,2026-07-22T18:49:58Z
335,24,12,33.45,standard,2026-07-22T18:49:58Z
335,24,13,33.45,standard,2026-07-22T18:49:58Z
335,24,14,33.45,standard,2026-07-22T18:49:58Z
335,24,15,33.45,standard,2026-07-22T18:49:58Z
335,10,15,33.45,standard,2026-07-22T18:49:58Z
335,10,16,33.45,standard,2026-07-22T18:49:58Z
335,11,14,33.45,standard,2026-07-22T18:49:58Z
335,11,15,33.45,standard,2026-07-22T18:49:58Z
335,11,16,33.45,standard,2026-07-22T18:49:58Z
335,12,14,33.45,standard,2026-07-22T18:49:58Z
335,12,15,33.45,standard,2026-07-22T18:49:58Z
335,13,13,33.45,standard,2026-07-22T18:49:58Z
335,13,14,33.45,standard,2026-07-22T18:49:58Z
335,4,16,33.45,standard,2026-07-22T18:49:58Z
335,8,6,33.45,standard,2026-07-22T18:49:58Z
335,8,7,33.45,standard,2026-07-22T18:49:58Z
335,8,8,33.45,standard,2026-07-22T18:49:58Z
335,8,9,33.45,standard,2026-07-22T18:49:58Z
337,11,1,33.45,standard,2026-07-22T18:49:58Z
337,11,23,33.45,standard,2026-07-22T18:49:58Z
337,11,24,33.45,standard,2026-07-22T18:49:58Z
337,11,3,33.45,standard,2026-07-22T18:49:58Z
337,12,1,33.45,standard,2026-07-22T18:49:58Z
337,12,21,33.45,standard,2026-07-22T18:49:58Z
337,12,22,33.45,standard,2026-07-22T18:49:58Z
337,12,23,33.45,standard,2026-07-22T18:49:58Z
337,12,24,33.45,standard,2026-07-22T18:49:58Z
337,13,1,33.45,standard,2026-07-22T18:49:58Z
337,13,23,33.45,standard,2026-07-22T18:49:58Z
337,13,24,33.45,standard,2026-07-22T18:49:58Z
337,13,3,33.45,standard,2026-07-22T18:49:58Z
337,14,1,33.45,standard,2026-07-22T18:49:58Z
337,14,2,33.45,standard,2026-07-22T18:49:58Z
337,14,3,33.45,standard,2026-07-22T18:49:58Z
337,15,1,33.45,standard,2026-07-22T18:49:58Z
337,15,2,33.45,standard,2026-07-22T18:49:58Z
337,17,13,33.45,standard,2026-07-22T18:49:58Z
337,17,14,33.45,standard,2026-07-22T18:49:58Z
337,15,17,33.45,standard,2026-07-22T18:49:58Z
337,18,11,33.45,standard,2026-07-22T18:49:58Z
337,22,17,33.45,standard,2026-07-22T18:49:58Z
337,22,18,33.45,standard,2026-07-22T18:49:58Z
337,22,19,33.45,standard,2026-07-22T18:49:58Z
337,22,20,33.45,standard,2026-07-22T18:49:58Z
337,22,21,33.45,standard,2026-07-22T18:49:58Z
337,25,1,33.45,standard,2026-07-22T18:49:58Z
337,25,2,33.45,standard,2026-07-22T18:49:58Z
337,25,3,33.45,standard,2026-07-22T18:49:58Z
337,25,4,33.45,standard,2026-07-22T18:49:58Z
337,25,5,33.45,standard,2026-07-22T18:49:58Z
337,2,7,33.45,standard,2026-07-22T18:49:58Z
337,2,8,33.45,standard,2026-07-22T18:49:58Z
337,2,19,33.45,standard,2026-07-22T18:49:58Z
337,2,20,33.45,standard,2026-07-22T18:49:58Z
337,3,15,33.45,standard,2026-07-22T18:49:58Z
337,3,16,33.45,standard,2026-07-22T18:49:58Z
337,3,17,33.45,standard,2026-07-22T18:49:58Z
337,3,18,33.45,standard,2026-07-22T18:49:58Z
337,4,1,33.45,standard,2026-07-22T18:49:58Z
339,1,1,33.45,standard,2026-07-22T18:49:58Z
339,2,1,33.45,standard,2026-07-22T18:49:58Z
339,5,4,33.45,standard,2026-07-22T18:49:58Z
339,5,3,33.45,standard,2026-07-22T18:49:58Z
339,10,1,33.45,standard,2026-07-22T18:49:58Z
339,10,2,33.45,standard,2026-07-22T18:49:58Z
339,12,1,33.45,standard,2026-07-22T18:49:58Z
339,12,2,33.45,standard,2026-07-22T18:49:58Z
339,12,3,33.45,standard,2026-07-22T18:49:58Z
339,12,4,33.45,standard,2026-07-22T18:49:58Z
339,13,2,33.45,standard,2026-07-22T18:49:58Z
339,13,3,33.45,standard,2026-07-22T18:49:58Z
339,13,4,33.45,standard,2026-07-22T18:49:58Z
339,13,5,33.45,standard,2026-07-22T18:49:58Z
339,14,2,33.45,standard,2026-07-22T18:49:58Z
339,14,3,33.45,standard,2026-07-22T18:49:58Z
339,14,4,33.45,standard,2026-07-22T18:49:58Z
339,14,5,33.45,standard,2026-07-22T18:49:58Z
339,15,4,33.45,standard,2026-07-22T18:49:58Z
339,15,5,33.45,standard,2026-07-22T18:49:58Z
339,15,6,33.45,standard,2026-07-22T18:49:58Z
339,16,4,33.45,standard,2026-07-22T18:49:58Z
339,16,5,33.45,standard,2026-07-22T18:49:58Z
339,16,6,33.45,standard,2026-07-22T18:49:58Z
339,11,19,33.45,standard,2026-07-22T18:49:58Z
339,13,6,33.45,standard,2026-07-22T18:49:58Z
339,13,7,33.45,standard,2026-07-22T18:49:58Z
339,15,11,33.45,standard,2026-07-22T18:49:58Z
339,15,12,33.45,standard,2026-07-22T18:49:58Z
339,22,16,33.45,standard,2026-07-22T18:49:58Z
339,22,17,33.45,standard,2026-07-22T18:49:58Z
339,25,15,33.45,standard,2026-07-22T18:49:58Z
339,25,16,33.45,standard,2026-07-22T18:49:58Z
339,25,17,33.45,standard,2026-07-22T18:49:58Z
339,25,18,33.45,standard,2026-07-22T18:49:58Z
339,25,19,33.45,standard,2026-07-22T18:49:58Z
339,25,20,33.45,standard,2026-07-22T18:49:58Z
339,25,21,33.45,standard,2026-07-22T18:49:58Z
339,9,4,33.45,standard,2026-07-22T18:49:58Z
339,9,5,33.45,standard,2026-07-22T18:49:58Z
339,9,6,33.45,standard,2026-07-22T18:49:58Z
339,2,10,33.45,standard,2026-07-22T18:49:58Z
339,2,11,33.45,standard,2026-07-22T18:49:58Z
339,3,16,33.45,standard,2026-07-22T18:49:58Z
339,3,17,33.45,standard,2026-07-22T18:49:58Z
339,3,18,33.45,standard,2026-07-22T18:49:58Z
339,3,19,33.45,standard,2026-07-22T18:49:58Z
339,4,19,33.45,standard,2026-07-22T18:49:58Z
339,6,16,33.45,standard,2026-07-22T18:49:58Z
339,6,17,33.45,standard,2026-07-22T18:49:58Z
339,6,18,33.45,standard,2026-07-22T18:49:58Z
339,6,19,33.45,standard,2026-07-22T18:49:58Z
339,7,11,33.45,standard,2026-07-22T18:49:58Z
339,7,12,33.45,standard,2026-07-22T18:49:58Z
339,7,13,33.45,standard,2026-07-22T18:49:58Z
339,7,14,33.45,standard,2026-07-22T18:49:58Z
339,7,15,33.45,standard,2026-07-22T18:49:58Z
339,8,4,33.45,standard,2026-07-22T18:49:58Z
339,8,5,33.45,standard,2026-07-22T18:49:58Z
339,8,1,33.45,standard,2026-07-22T18:49:58Z
339,8,2,33.45,standard,2026-07-22T18:49:58Z
339,8,3,33.45,standard,2026-07-22T18:49:58Z
339,9,1,33.45,standard,2026-07-22T18:49:58Z
340,10,19,33.45,standard,2026-07-22T18:49:58Z
340,10,20,33.45,standard,2026-07-22T18:49:58Z
340,10,21,33.45,standard,2026-07-22T18:49:58Z
340,10,3,33.45,standard,2026-07-22T18:49:58Z
340,10,4,33.45,standard,2026-07-22T18:49:58Z
340,10,5,33.45,standard,2026-07-22T18:49:58Z
340,10,6,33.45,standard,2026-07-22T18:49:58Z
340,11,1,33.45,standard,2026-07-22T18:49:58Z
340,11,2,33.45,standard,2026-07-22T18:49:58Z
340,11,3,33.45,standard,2026-07-22T18:49:58Z
340,11,4,33.45,standard,2026-07-22T18:49:58Z
340,11,5,33.45,standard,2026-07-22T18:49:58Z
340,11,6,33.45,standard,2026-07-22T18:49:58Z
340,11,7,33.45,standard,2026-07-22T18:49:58Z
340,13,5,33.45,standard,2026-07-22T18:49:58Z
340,13,6,33.45,standard,2026-07-22T18:49:58Z
340,13,7,33.45,standard,2026-07-22T18:49:58Z
340,13,8,33.45,standard,2026-07-22T18:49:58Z
340,13,9,33.45,standard,2026-07-22T18:49:58Z
340,14,10,33.45,standard,2026-07-22T18:49:58Z
340,14,2,33.45,standard,2026-07-22T18:49:58Z
340,14,3,33.45,standard,2026-07-22T18:49:58Z
340,14,5,33.45,standard,2026-07-22T18:49:58Z
340,14,6,33.45,standard,2026-07-22T18:49:58Z
340,14,7,33.45,standard,2026-07-22T18:49:58Z
340,14,8,33.45,standard,2026-07-22T18:49:58Z
340,14,9,33.45,standard,2026-07-22T18:49:58Z
340,11,17,33.45,standard,2026-07-22T18:49:58Z
340,11,18,33.45,standard,2026-07-22T18:49:58Z
340,11,8,33.45,standard,2026-07-22T18:49:58Z
340,11,9,33.45,standard,2026-07-22T18:49:58Z
340,13,19,33.45,standard,2026-07-22T18:49:58Z
340,13,20,33.45,standard,2026-07-22T18:49:58Z
340,14,11,33.45,standard,2026-07-22T18:49:58Z
340,14,12,33.45,standard,2026-07-22T18:49:58Z
340,25,10,33.45,standard,2026-07-22T18:49:58Z
340,25,11,33.45,standard,2026-07-22T18:49:58Z
340,25,12,33.45,standard,2026-07-22T18:49:58Z
340,25,13,33.45,standard,2026-07-22T18:49:58Z
340,25,14,33.45,standard,2026-07-22T18:49:58Z
340,25,15,33.45,standard,2026-07-22T18:49:58Z
340,25,16,33.45,standard,2026-07-22T18:49:58Z
340,25,17,33.45,standard,2026-07-22T18:49:58Z
340,25,18,33.45,standard,2026-07-22T18:49:58Z
340,25,19,33.45,standard,2026-07-22T18:49:58Z
340,25,20,33.45,standard,2026-07-22T18:49:58Z
340,25,21,33.45,standard,2026-07-22T18:49:58Z
340,25,22,33.45,standard,2026-07-22T18:49:58Z
340,25,23,33.45,standard,2026-07-22T18:49:58Z
340,25,3,33.45,standard,2026-07-22T18:49:58Z
340,25,4,33.45,standard,2026-07-22T18:49:58Z
340,25,5,33.45,standard,2026-07-22T18:49:58Z
340,25,6,33.45,standard,2026-07-22T18:49:58Z
340,25,7,33.45,standard,2026-07-22T18:49:58Z
340,25,8,33.45,standard,2026-07-22T18:49:58Z
340,25,9,33.45,standard,2026-07-22T18:49:58Z
340,3,4,33.45,standard,2026-07-22T18:49:58Z
340,3,1,33.45,standard,2026-07-22T18:49:58Z
340,3,2,33.45,standard,2026-07-22T18:49:58Z
340,3,3,33.45,standard,2026-07-22T18:49:58Z
340,4,4,33.45,standard,2026-07-22T18:49:58Z
340,4,5,33.45,standard,2026-07-22T18:49:58Z
340,4,6,33.45,standard,2026-07-22T18:49:58Z
340,4,3,33.45,standard,2026-07-22T18:49:58Z
340,3,12,33.45,standard,2026-07-22T18:49:58Z
340,3,13,33.45,standard,2026-07-22T18:49:58Z
340,3,14,33.45,standard,2026-07-22T18:49:58Z
341,13,10,35.5,standard,2026-07-22T18:49:58Z
341,13,11,35.5,standard,2026-07-22T18:49:58Z
341,13,9,35.5,standard,2026-07-22T18:49:58Z
341,25,10,35.5,standard,2026-07-22T18:49:58Z
341,25,11,35.5,standard,2026-07-22T18:49:58Z
341,25,12,35.5,standard,2026-07-22T18:49:58Z
341,25,13,35.5,standard,2026-07-22T18:49:58Z
341,25,14,35.5,standard,2026-07-22T18:49:58Z
341,25,15,35.5,standard,2026-07-22T18:49:58Z
341,25,16,35.5,standard,2026-07-22T18:49:58Z
341,25,17,35.5,standard,2026-07-22T18:49:58Z
341,25,18,35.5,standard,2026-07-22T18:49:58Z
341,25,4,35.5,standard,2026-07-22T18:49:58Z
341,25,5,35.5,standard,2026-07-22T18:49:58Z
341,25,7,35.5,standard,2026-07-22T18:49:58Z
341,25,8,35.5,standard,2026-07-22T18:49:58Z
341,25,9,35.5,standard,2026-07-22T18:49:58Z
341,3,4,35.5,standard,2026-07-22T18:49:58Z
341,3,1,35.5,standard,2026-07-22T18:49:58Z
341,3,2,35.5,standard,2026-07-22T18:49:58Z
341,3,3,35.5,standard,2026-07-22T18:49:58Z
341,4,2,35.5,standard,2026-07-22T18:49:58Z
341,5,2,35.5,standard,2026-07-22T18:49:58Z
341,4,1,35.5,standard,2026-07-22T18:49:58Z
341,5,1,35.5,standard,2026-07-22T18:49:58Z
341,5,7,35.5,standard,2026-07-22T18:49:58Z
341,5,8,35.5,standard,2026-07-22T18:49:58Z
341,5,9,35.5,standard,2026-07-22T18:49:58Z
342,1,1,35.5,standard,2026-07-22T18:49:58Z
342,1,2,35.5,standard,2026-07-22T18:49:58Z
342,3,1,35.5,standard,2026-07-22T18:49:58Z
342,3,2,35.5,standard,2026-07-22T18:49:58Z
342,16,11,35.5,standard,2026-07-22T18:49:58Z
342,18,10,35.5,standard,2026-07-22T18:49:58Z
342,18,15,35.5,standard,2026-07-22T18:49:58Z
342,18,16,35.5,standard,2026-07-22T18:49:58Z
342,18,9,35.5,standard,2026-07-22T18:49:58Z
342,21,12,35.5,standard,2026-07-22T18:49:58Z
342,21,13,35.5,standard,2026-07-22T18:49:58Z
342,21,14,35.5,standard,2026-07-22T18:49:58Z
342,21,15,35.5,standard,2026-07-22T18:49:58Z
342,21,16,35.5,standard,2026-07-22T18:49:58Z
342,21,21,35.5,standard,2026-07-22T18:49:58Z
342,21,22,35.5,standard,2026-07-22T18:49:58Z
342,22,7,35.5,standard,2026-07-22T18:49:58Z
342,22,8,35.5,standard,2026-07-22T18:49:58Z
342,24,10,35.5,standard,2026-07-22T18:49:58Z
342,24,12,35.5,standard,2026-07-22T18:49:58Z
342,24,13,35.5,standard,2026-07-22T18:49:58Z
342,24,21,35.5,standard,2026-07-22T18:49:58Z
342,24,22,35.5,standard,2026-07-22T18:49:58Z
342,24,3,35.5,standard,2026-07-22T18:49:58Z
342,24,4,35.5,standard,2026-07-22T18:49:58Z
342,24,6,35.5,standard,2026-07-22T18:49:58Z
342,24,7,35.5,standard,2026-07-22T18:49:58Z
342,24,9,35.5,standard,2026-07-22T18:49:58Z
342,25,10,35.5,standard,2026-07-22T18:49:58Z
342,25,11,35.5,standard,2026-07-22T18:49:58Z
342,25,12,35.5,standard,2026-07-22T18:49:58Z
342,25,13,35.5,standard,2026-07-22T18:49:58Z
342,25,14,35.5,standard,2026-07-22T18:49:58Z
342,25,15,35.5,standard,2026-07-22T18:49:58Z
342,25,16,35.5,standard,2026-07-22T18:49:58Z
342,25,17,35.5,standard,2026-07-22T18:49:58Z
342,25,18,35.5,standard,2026-07-22T18:49:58Z
342,25,19,35.5,standard,2026-07-22T18:49:58Z
342,25,20,35.5,standard,2026-07-22T18:49:58Z
342,25,21,35.5,standard,2026-07-22T18:49:58Z
342,25,22,35.5,standard,2026-07-22T18:49:58Z
342,25,23,35.5,standard,2026-07-22T18:49:58Z
342,25,24,35.5,standard,2026-07-22T18:49:58Z
342,25,25,35.5,standard,2026-07-22T18:49:58Z
342,25,3,35.5,standard,2026-07-22T18:49:58Z
342,25,4,35.5,standard,2026-07-22T18:49:58Z
342,25,5,35.5,standard,2026-07-22T18:49:58Z
342,25,6,35.5,standard,2026-07-22T18:49:58Z
342,25,7,35.5,standard,2026-07-22T18:49:58Z
342,25,8,35.5,standard,2026-07-22T18:49:58Z
342,25,9,35.5,standard,2026-07-22T18:49:58Z
342,2,10,35.5,standard,2026-07-22T18:49:58Z
342,2,11,35.5,standard,2026-07-22T18:49:58Z
342,4,20,35.5,standard,2026-07-22T18:49:58Z
342,4,21,35.5,standard,2026-07-22T18:49:58Z
344,1,15,35.5,standard,2026-07-22T18:49:58Z
344,1,16,35.5,standard,2026-07-22T18:49:58Z
344,1,17,35.5,standard,2026-07-22T18:49:58Z
344,2,18,35.5,standard,2026-07-22T18:49:58Z
344,2,19,35.5,standard,2026-07-22T18:49:58Z
344,2,20,35.5,standard,2026-07-22T18:49:58Z
344,3,5,35.5,standard,2026-07-22T18:49:58Z
344,3,6,35.5,standard,2026-07-22T18:49:58Z
344,3,7,35.5,standard,2026-07-22T18:49:58Z
344,3,16,35.5,standard,2026-07-22T18:49:58Z
344,3,17,35.5,standard,2026-07-22T18:49:58Z
344,3,18,35.5,standard,2026-07-22T18:49:58Z
344,4,4,35.5,standard,2026-07-22T18:49:58Z
344,4,1,35.5,standard,2026-07-22T18:49:58Z
344,4,2,35.5,standard,2026-07-22T18:49:58Z
344,4,3,35.5,standard,2026-07-22T18:49:58Z
344,5,4,35.5,standard,2026-07-22T18:49:58Z
344,5,5,35.5,standard,2026-07-22T18:49:58Z
344,5,2,35.5,standard,2026-07-22T18:49:58Z
344,5,3,35.5,standard,2026-07-22T18:49:58Z
344,7,11,35.5,standard,2026-07-22T18:49:58Z
344,7,12,35.5,standard,2026-07-22T18:49:58Z
344,7,13,35.5,standard,2026-07-22T18:49:58Z
344,7,14,35.5,standard,2026-07-22T18:49:58Z
344,7,15,35.5,standard,2026-07-22T18:49:58Z
344,7,16,35.5,standard,2026-07-22T18:49:58Z
344,8,4,35.5,standard,2026-07-22T18:49:58Z
344,8,5,35.5,standard,2026-07-22T18:49:58Z
344,8,6,35.5,standard,2026-07-22T18:49:58Z
344,8,7,35.5,standard,2026-07-22T18:49:58Z
344,8,8,35.5,standard,2026-07-22T18:49:58Z
344,8,9,35.5,standard,2026-07-22T18:49:58Z
344,8,10,35.5,standard,2026-07-22T18:49:58Z
344,8,11,35.5,standard,2026-07-22T18:49:58Z
344,8,12,35.5,standard,2026-07-22T18:49:58Z
344,8,13,35.5,standard,2026-07-22T18:49:58Z
344,8,14,35.5,standard,2026-07-22T18:49:58Z
344,8,15,35.5,standard,2026-07-22T18:49:58Z
344,8,16,35.5,standard,2026-07-22T18:49:58Z
344,8,17,35.5,standard,2026-07-22T18:49:58Z
344,8,3,35.5,standard,2026-07-22T18:49:58Z
344,10,10,35.5,standard,2026-07-22T18:49:58Z
344,10,11,35.5,standard,2026-07-22T18:49:58Z
344,10,12,35.5,standard,2026-07-22T18:49:58Z
344,10,9,35.5,standard,2026-07-22T18:49:58Z
344,11,11,35.5,standard,2026-07-22T18:49:58Z
344,11,12,35.5,standard,2026-07-22T18:49:58Z
344,11,13,35.5,standard,2026-07-22T18:49:58Z
344,11,14,35.5,standard,2026-07-22T18:49:58Z
344,11,15,35.5,standard,2026-07-22T18:49:58Z
344,11,16,35.5,standard,2026-07-22T18:49:58Z
344,11,17,35.5,standard,2026-07-22T18:49:58Z
344,11,18,35.5,standard,2026-07-22T18:49:58Z
344,11,19,35.5,standard,2026-07-22T18:49:58Z
344,11,20,35.5,standard,2026-07-22T18:49:58Z
344,11,21,35.5,standard,2026-07-22T18:49:58Z
344,13,24,35.5,standard,2026-07-22T18:49:58Z
344,15,4,35.5,standard,2026-07-22T18:49:58Z
344,24,3,35.5,standard,2026-07-22T18:49:58Z
344,24,4,35.5,standard,2026-07-22T18:49:58Z
344,24,5,35.5,standard,2026-07-22T18:49:58Z
344,24,6,35.5,standard,2026-07-22T18:49:58Z
344,24,7,35.5,standard,2026-07-22T18:49:58Z
344,25,19,35.5,standard,2026-07-22T18:49:58Z
344,25,20,35.5,standard,2026-07-22T18:49:58Z
344,25,21,35.5,standard,2026-07-22T18:49:58Z
344,25,22,35.5,standard,2026-07-22T18:49:58Z
344,25,23,35.5,standard,2026-07-22T18:49:58Z
344,25,24,35.5,standard,2026-07-22T18:49:58Z
344,25,25,35.5,standard,2026-07-22T18:49:58Z
344,25,3,35.5,standard,2026-07-22T18:49:58Z
344,25,4,35.5,standard,2026-07-22T18:49:58Z
344,25,5,35.5,standard,2026-07-22T18:49:58Z
344,25,6,35.5,standard,2026-07-22T18:49:58Z
344,25,7,35.5,standard,2026-07-22T18:49:58Z
344,25,8,35.5,standard,2026-07-22T18:49:58Z
344,12,22,35.5,standard,2026-07-22T18:49:58Z
344,12,23,35.5,standard,2026-07-22T18:49:58Z
344,12,24,35.5,standard,2026-07-22T18:49:58Z
344,12,7,35.5,standard,2026-07-22T18:49:58Z
344,12,8,35.5,standard,2026-07-22T18:49:58Z
344,13,20,35.5,standard,2026-07-22T18:49:58Z
344,13,21,35.5,standard,2026-07-22T18:49:58Z
344,13,22,35.5,standard,2026-07-22T18:49:58Z
344,13,23,35.5,standard,2026-07-22T18:49:58Z
344,15,5,35.5,standard,2026-07-22T18:49:58Z
344,15,6,35.5,standard,2026-07-22T18:49:58Z
344,15,7,35.5,standard,2026-07-22T18:49:58Z
344,16,5,35.5,standard,2026-07-22T18:49:58Z
344,16,6,35.5,standard,2026-07-22T18:49:58Z
344,2,1,35.5,standard,2026-07-22T18:49:58Z
344,2,2,35.5,standard,2026-07-22T18:49:58Z
344,2,3,35.5,standard,2026-07-22T18:49:58Z
344,3,4,35.5,standard,2026-07-22T18:49:58Z
344,3,1,35.5,standard,2026-07-22T18:49:58Z
344,3,2,35.5,standard,2026-07-22T18:49:58Z
344,3,3,35.5,standard,2026-07-22T18:49:58Z
344,5,1,35.5,standard,2026-07-22T18:49:58Z
345,10,10,35.5,standard,2026-07-22T18:49:58Z
345,10,11,35.5,standard,2026-07-22T18:49:58Z
345,10,12,35.5,standard,2026-07-22T18:49:58Z
345,10,13,35.5,standard,2026-07-22T18:49:58Z
345,10,14,35.5,standard,2026-07-22T18:49:58Z
345,10,15,35.5,standard,2026-07-22T18:49:58Z
345,10,16,35.5,standard,2026-07-22T18:49:58Z
345,10,17,35.5,standard,2026-07-22T18:49:58Z
345,10,18,35.5,standard,2026-07-22T18:49:58Z
345,10,19,35.5,standard,2026-07-22T18:49:58Z
345,10,9,35.5,standard,2026-07-22T18:49:58Z
345,11,10,35.5,standard,2026-07-22T18:49:58Z
345,11,11,35.5,standard,2026-07-22T18:49:58Z
345,11,12,35.5,standard,2026-07-22T18:49:58Z
345,11,13,35.5,standard,2026-07-22T18:49:58Z
345,11,14,35.5,standard,2026-07-22T18:49:58Z
345,11,15,35.5,standard,2026-07-22T18:49:58Z
345,11,16,35.5,standard,2026-07-22T18:49:58Z
345,11,17,35.5,standard,2026-07-22T18:49:58Z
345,11,18,35.5,standard,2026-07-22T18:49:58Z
345,11,19,35.5,standard,2026-07-22T18:49:58Z
345,25,10,35.5,standard,2026-07-22T18:49:58Z
345,25,11,35.5,standard,2026-07-22T18:49:58Z
345,25,12,35.5,standard,2026-07-22T18:49:58Z
345,25,13,35.5,standard,2026-07-22T18:49:58Z
345,25,14,35.5,standard,2026-07-22T18:49:58Z
345,25,15,35.5,standard,2026-07-22T18:49:58Z
345,25,16,35.5,standard,2026-07-22T18:49:58Z
345,25,17,35.5,standard,2026-07-22T18:49:58Z
345,25,18,35.5,standard,2026-07-22T18:49:58Z
345,25,19,35.5,standard,2026-07-22T18:49:58Z
345,25,20,35.5,standard,2026-07-22T18:49:58Z
345,25,21,35.5,standard,2026-07-22T18:49:58Z
345,25,22,35.5,standard,2026-07-22T18:49:58Z
345,25,23,35.5,standard,2026-07-22T18:49:58Z
345,25,3,35.5,standard,2026-07-22T18:49:58Z
345,25,4,35.5,standard,2026-07-22T18:49:58Z
345,25,5,35.5,standard,2026-07-22T18:49:58Z
345,25,6,35.5,standard,2026-07-22T18:49:58Z
345,25,7,35.5,standard,2026-07-22T18:49:58Z
345,25,8,35.5,standard,2026-07-22T18:49:58Z
345,25,9,35.5,standard,2026-07-22T18:49:58Z
345,9,7,35.5,standard,2026-07-22T18:49:58Z
345,9,8,35.5,standard,2026-07-22T18:49:58Z
345,9,16,35.5,standard,2026-07-22T18:49:58Z
345,9,17,35.5,standard,2026-07-22T18:49:58Z
345,9,18,35.5,standard,2026-07-22T18:49:58Z
345,9,19,35.5,standard,2026-07-22T18:49:58Z
345,11,2,35.5,standard,2026-07-22T18:49:58Z
345,11,3,35.5,standard,2026-07-22T18:49:58Z
345,11,4,35.5,standard,2026-07-22T18:49:58Z
345,11,5,35.5,standard,2026-07-22T18:49:58Z
345,11,6,35.5,standard,2026-07-22T18:49:58Z
345,11,7,35.5,standard,2026-07-22T18:49:58Z
345,11,8,35.5,standard,2026-07-22T18:49:58Z
345,11,9,35.5,standard,2026-07-22T18:49:58Z
345,12,20,35.5,standard,2026-07-22T18:49:58Z
345,12,21,35.5,standard,2026-07-22T18:49:58Z
345,12,22,35.5,standard,2026-07-22T18:49:58Z
345,2,11,35.5,standard,2026-07-22T18:49:58Z
345,2,12,35.5,standard,2026-07-22T18:49:58Z
345,2,13,35.5,standard,2026-07-22T18:49:58Z
345,2,14,35.5,standard,2026-07-22T18:49:58Z
345,2,15,35.5,standard,2026-07-22T18:49:58Z
345,2,16,35.5,standard,2026-07-22T18:49:58Z
345,2,17,35.5,standard,2026-07-22T18:49:58Z
345,2,18,35.5,standard,2026-07-22T18:49:58Z
345,2,19,35.5,standard,2026-07-22T18:49:58Z
345,2,20,35.5,standard,2026-07-22T18:49:58Z
345,3,10,35.5,standard,2026-07-22T18:49:58Z
345,3,11,35.5,standard,2026-07-22T18:49:58Z
345,4,9,35.5,standard,2026-07-22T18:49:58Z
345,4,10,35.5,standard,2026-07-22T18:49:58Z
345,4,11,35.5,standard,2026-07-22T18:49:58Z
345,4,12,35.5,standard,2026-07-22T18:49:58Z
345,4,13,35.5,standard,2026-07-22T18:49:58Z
345,4,14,35.5,standard,2026-07-22T18:49:58Z
345,4,15,35.5,standard,2026-07-22T18:49:58Z
345,4,16,35.5,standard,2026-07-22T18:49:58Z
345,4,17,35.5,standard,2026-07-22T18:49:58Z
345,4,18,35.5,standard,2026-07-22T18:49:58Z
345,4,1,35.5,standard,2026-07-22T18:49:58Z
346,10,13,35.5,standard,2026-07-22T18:49:58Z
346,10,14,35.5,standard,2026-07-22T18:49:58Z
346,11,11,35.5,standard,2026-07-22T18:49:58Z
346,11,12,35.5,standard,2026-07-22T18:49:58Z
346,11,13,35.5,standard,2026-07-22T18:49:58Z
346,11,14,35.5,standard,2026-07-22T18:49:58Z
346,12,4,35.5,standard,2026-07-22T18:49:58Z
346,12,5,35.5,standard,2026-07-22T18:49:58Z
346,12,6,35.5,standard,2026-07-22T18:49:58Z
346,12,7,35.5,standard,2026-07-22T18:49:58Z
346,9,12,35.5,standard,2026-07-22T18:49:58Z
346,11,10,35.5,standard,2026-07-22T18:49:58Z
346,11,8,35.5,standard,2026-07-22T18:49:58Z
346,11,9,35.5,standard,2026-07-22T18:49:58Z
346,12,1,35.5,standard,2026-07-22T18:49:58Z
346,12,2,35.5,standard,2026-07-22T18:49:58Z
346,13,3,35.5,standard,2026-07-22T18:49:58Z
346,13,4,35.5,standard,2026-07-22T18:49:58Z
346,25,10,35.5,standard,2026-07-22T18:49:58Z
346,25,11,35.5,standard,2026-07-22T18:49:58Z
346,25,12,35.5,standard,2026-07-22T18:49:58Z
346,25,13,35.5,standard,2026-07-22T18:49:58Z
346,25,14,35.5,standard,2026-07-22T18:49:58Z
346,25,15,35.5,standard,2026-07-22T18:49:58Z
346,25,16,35.5,standard,2026-07-22T18:49:58Z
346,25,17,35.5,standard,2026-07-22T18:49:58Z
346,25,18,35.5,standard,2026-07-22T18:49:58Z
346,25,19,35.5,standard,2026-07-22T18:49:58Z
346,25,20,35.5,standard,2026-07-22T18:49:58Z
346,25,21,35.5,standard,2026-07-22T18:49:58Z
346,25,22,35.5,standard,2026-07-22T18:49:58Z
346,25,24,35.5,standard,2026-07-22T18:49:58Z
346,25,25,35.5,standard,2026-07-22T18:49:58Z
346,25,3,35.5,standard,2026-07-22T18:49:58Z
346,25,4,35.5,standard,2026-07-22T18:49:58Z
346,25,5,35.5,standard,2026-07-22T18:49:58Z
346,25,6,35.5,standard,2026-07-22T18:49:58Z
346,25,7,35.5,standard,2026-07-22T18:49:58Z
346,25,8,35.5,standard,2026-07-22T18:49:58Z
346,25,9,35.5,standard,2026-07-22T18:49:58Z
346,2,1,35.5,standard,2026-07-22T18:49:58Z
346,2,2,35.5,standard,2026-07-22T18:49:58Z
346,2,3,35.5,standard,2026-07-22T18:49:58Z
346,3,1,35.5,standard,2026-07-22T18:49:58Z
346,5,2,35.5,standard,2026-07-22T18:49:58Z
346,4,5,35.5,standard,2026-07-22T18:49:58Z
346,4,6,35.5,standard,2026-07-22T18:49:58Z
346,4,7,35.5,standard,2026-07-22T18:49:58Z
346,4,8,35.5,standard,2026-07-22T18:49:58Z
346,5,4,35.5,standard,2026-07-22T18:49:58Z
346,5,5,35.5,standard,2026-07-22T18:49:58Z
346,5,6,35.5,standard,2026-07-22T18:49:58Z
346,5,3,35.5,standard,2026-07-22T18:49:58Z
346,4,9,35.5,standard,2026-07-22T18:49:58Z
346,5,1,35.5,standard,2026-07-22T18:49:58Z
346,9,13,35.5,standard,2026-07-22T18:49:58Z
347,10,1,,,2026-07-22T18:49:58Z
347,10,2,,,2026-07-22T18:49:58Z
347,10,3,,,2026-07-22T18:49:58Z
347,9,2,,,2026-07-22T18:49:58Z
347,10,4,,,2026-07-22T18:49:58Z
347,10,5,,,2026-07-22T18:49:58Z
347,10,6,,,2026-07-22T18:49:58Z
347,10,7,,,2026-07-22T18:49:58Z
347,15,5,,,2026-07-22T18:49:58Z
347,15,6,,,2026-07-22T18:49:58Z
347,15,7,,,2026-07-22T18:49:58Z
347,15,8,,,2026-07-22T18:49:58Z
347,16,4,,,2026-07-22T18:49:58Z
347,16,5,,,2026-07-22T18:49:58Z
347,16,6,,,2026-07-22T18:49:58Z
347,16,7,,,2026-07-22T18:49:58Z
347,16,8,,,2026-07-22T18:49:58Z
347,25,1,,,2026-07-22T18:49:58Z
347,25,2,,,2026-07-22T18:49:58Z
347,25,3,,,2026-07-22T18:49:58Z
347,25,4,,,2026-07-22T18:49:58Z
347,25,5,,,2026-07-22T18:49:58Z
347,25,6,,,2026-07-22T18:49:58Z
347,25,7,,,2026-07-22T18:49:58Z
347,25,8,,,2026-07-22T18:49:58Z
347,9,7,,,2026-07-22T18:49:58Z
347,9,8,,,2026-07-22T18:49:58Z
347,9,1,,,2026-07-22T18:49:58Z
35,1A,5,762.71,standard,2026-07-22T18:49:58Z
35,1A,6,762.71,standard,2026-07-22T18:49:58Z
PL2,4,5,645.13,standard,2026-07-22T18:49:58Z
PL2,4,6,645.13,standard,2026-07-22T18:49:58Z
